part,kind,token,ov_iso,ov_white,ov_row,err,err_rowshare
prompt,template,<|begin_of_text|>,480.9,335.83,21.548,43.165,0.4208
prompt,ordinary,<|start_header_id|>,0.033121,0.13421,0.61867,1.0149,0.2187
prompt,ordinary,system,0.10416,0.014055,0.90544,0.95269,0.2979
prompt,ordinary,<|end_header_id|>,0.2576,0.038232,2.4038,3.4853,0.2634
prompt,newline,\n\n,0.076633,0.033479,1.1596,1.3949,0.3437
prompt,ordinary,Cut,0.14651,0.018599,0.22676,0.48625,0.0086
prompt,ordinary,ting,0.12129,0.020733,0.3972,0.64886,0.1144
prompt,ordinary, Knowledge,0.31243,0.054714,0.70082,1.0461,0.3567
prompt,ordinary, Date,0.26165,0.058868,0.62103,0.75691,0.3416
prompt,ordinary,:,0.084774,0.021742,0.49003,0.93144,0.3070
prompt,ordinary, December,0.15564,0.041352,0.26506,0.51743,0.2334
prompt,ordinary, ,0.099408,0.015581,0.65392,0.80799,0.3768
prompt,ordinary,202,0.23368,0.030378,0.55082,0.64988,0.3075
prompt,ordinary,3,0.15586,0.025459,0.63161,0.85441,0.3153
prompt,newline,\n,0.019924,0.0023561,0.37748,0.39854,0.0187
prompt,ordinary,Today,0.26649,0.043542,0.16264,0.42732,0.0278
prompt,ordinary, Date,0.32427,0.077418,0.30096,0.59452,0.1315
prompt,ordinary,:,0.22888,0.041117,0.49096,0.9048,0.2872
prompt,ordinary, ,0.13213,0.02373,0.67949,0.68732,0.2160
prompt,ordinary,26,0.11485,0.011217,0.39071,0.66972,0.2597
prompt,ordinary, Jul,0.25054,0.049131,0.21768,0.51536,0.0995
prompt,ordinary, ,0.098102,0.00067402,0.4978,0.59237,0.2776
prompt,ordinary,202,0.2822,0.013252,0.4136,0.65347,0.1958
prompt,ordinary,4,0.13175,0.018763,0.28331,0.57191,0.0134
prompt,newline,\n\n,0.079238,0.00023066,0.18324,0.41643,0.0070
prompt,template,<|eot_id|>,0.0084778,0.010507,1.8231,2.6118,0.3502
prompt,ordinary,<|start_header_id|>,0.02649,0.010704,2.3037,3.2656,0.3403
prompt,ordinary,user,0.097117,0.04213,0.425,0.63705,0.1472
prompt,ordinary,<|end_header_id|>,0.015013,0.006582,2.3108,3.4709,0.3499
prompt,newline,\n\n,0.011351,0.012954,0.10827,0.45661,0.0064
prompt,ordinary,Write,0.090458,0.0038909,0.23296,0.52911,0.0541
prompt,ordinary, a,0.21241,0.027917,0.7356,0.76282,0.3445
prompt,ordinary, ,0.00057404,0.0091806,0.89161,0.63968,0.3352
prompt,ordinary,300,0.086368,0.0082898,0.54064,0.74374,0.3522
prompt,ordinary,+,0.063273,0.009817,0.31326,0.47238,0.0485
prompt,ordinary, word,0.078947,0.014891,0.21345,0.47812,0.0744
prompt,ordinary, summary,0.2219,0.05648,0.26259,0.55875,0.0832
prompt,ordinary, of,0.23017,0.056638,0.21864,0.4428,0.0263
prompt,ordinary, the,0.17443,0.035513,0.4859,0.45637,0.3234
prompt,ordinary, wikipedia,0.29211,0.067092,0.2562,0.56905,0.0680
prompt,ordinary, page,0.1441,0.034123,0.37588,0.50633,0.1222
prompt,ordinary," """,0.19451,0.0436,0.83424,0.86083,0.3964
prompt,ordinary,https,0.064295,0.024543,0.42032,0.612,0.1763
prompt,ordinary,://,0.28123,0.058471,0.40143,0.50432,0.1168
prompt,ordinary,en,0.1001,0.0056444,0.55559,0.77608,0.2616
prompt,ordinary,.wikipedia,0.19401,0.039384,0.19591,0.53065,0.0014
prompt,ordinary,.org,0.25562,0.031225,0.75343,1.1573,0.3006
prompt,ordinary,/wiki,0.17465,0.018849,0.30238,0.76983,0.1504
prompt,ordinary,/R,0.076935,0.011061,0.36467,0.48227,0.0073
prompt,ordinary,ay,0.24978,0.062816,0.13302,0.73229,0.0986
prompt,ordinary,mond,0.18596,0.026054,0.14545,0.62606,0.0732
prompt,ordinary,_,0.052208,0.025987,0.88895,1.3021,0.3645
prompt,ordinary,III,0.18462,0.035058,0.40951,0.66389,0.0158
prompt,ordinary,",_",0.14493,0.02612,0.044382,0.63818,0.0706
prompt,ordinary,Count,0.15542,0.034488,0.35909,0.5641,0.0169
prompt,ordinary,_of,0.26105,0.045102,0.08053,0.66214,0.0386
prompt,ordinary,_T,0.16036,0.039572,0.94025,1.1879,0.3374
prompt,ordinary,rip,0.080263,0.0043081,0.2384,0.79351,0.1141
prompt,ordinary,oli,0.10921,0.0035414,0.25813,0.68901,0.0854
prompt,ordinary,""".",0.18485,0.060751,0.10025,0.44611,0.1301
prompt,ordinary, Do,0.25833,0.041796,0.17764,0.34835,0.0736
prompt,ordinary, not,0.25454,0.0033468,0.18588,0.53709,0.2267
prompt,ordinary, use,0.1704,0.034604,0.13072,0.32726,0.0362
prompt,ordinary, any,0.23493,0.01456,0.22759,0.34893,0.0270
prompt,ordinary, commas,0.14566,0.040539,0.11845,0.61832,0.1453
prompt,ordinary, and,0.11916,0.013914,0.2175,0.24523,0.0049
prompt,ordinary, highlight,0.11036,0.0043805,0.070487,0.38457,0.0015
prompt,ordinary, at,0.11334,0.0094218,0.13457,0.34861,0.0849
prompt,ordinary, least,0.13656,0.011334,0.32633,0.5218,0.2311
prompt,ordinary, ,0.10596,0.00075495,0.45505,0.52904,0.3087
prompt,ordinary,3,0.20307,0.012404,0.22599,0.34459,0.0413
prompt,ordinary, sections,0.26029,0.039134,0.25899,0.47778,0.0399
prompt,ordinary, that,0.15311,0.020319,0.033008,0.28384,0.0547
prompt,ordinary, has,0.094381,0.0015974,0.20207,0.36103,0.1199
prompt,ordinary, titles,0.18891,0.029799,0.32653,0.76232,0.3418
prompt,ordinary, in,0.070216,0.012302,0.21983,0.3546,0.1887
prompt,ordinary, markdown,0.099803,0.013611,0.019044,0.49385,0.0047
prompt,ordinary, format,0.23513,0.028763,0.046397,0.44817,0.0000
prompt,ordinary,",",0.059113,0.0077238,0.14944,0.21825,0.0807
prompt,ordinary, for,0.072064,0.00051156,0.32379,0.32452,0.1656
prompt,ordinary, example,0.29461,0.022808,0.16653,0.37601,0.0000
prompt,ordinary, *,0.13386,0.025304,0.21971,0.37257,0.0153
prompt,ordinary,highlight,0.11649,0.0032403,0.07247,0.53318,0.0062
prompt,ordinary,ed,0.15106,0.019834,0.28989,0.6449,0.0178
prompt,ordinary, section,0.13501,0.0095588,0.18837,0.38091,0.0097
prompt,ordinary, part,0.20775,0.027303,0.081922,0.38581,0.0015
prompt,ordinary, ,0.074922,0.01059,0.71674,0.84244,0.3590
prompt,ordinary,1,0.16695,0.011506,0.27753,0.4054,0.1047
prompt,ordinary,"*,",0.18054,0.041186,0.021081,0.55579,0.0667
prompt,ordinary, *,0.14866,0.027409,0.40093,0.53531,0.0920
prompt,ordinary,highlight,0.13568,0.0078056,0.066859,0.53309,0.0012
prompt,ordinary,ed,0.142,0.014116,0.25911,0.67926,0.0541
prompt,ordinary, section,0.12859,0.0032875,0.25388,0.389,0.0627
prompt,ordinary, part,0.20063,0.025058,0.011763,0.40173,0.0148
prompt,ordinary, ,0.073241,0.0087529,0.57704,0.60474,0.3167
prompt,ordinary,2,0.19587,0.011282,0.28133,0.40086,0.0865
prompt,ordinary,"*,",0.19221,0.029547,0.14788,0.62608,0.1605
prompt,ordinary, *,0.14388,0.022944,0.35829,0.52492,0.0638
prompt,ordinary,highlight,0.13568,0.0061317,0.054124,0.53843,0.0003
prompt,ordinary,ed,0.13508,0.013954,0.27366,0.67633,0.0524
prompt,ordinary, section,0.13045,0.0021623,0.28395,0.41604,0.1150
prompt,ordinary, part,0.1883,0.021099,0.013382,0.40271,0.0113
prompt,ordinary, ,0.078325,0.0084763,0.5055,0.51583,0.2777
prompt,ordinary,3,0.18078,0.0065802,0.23845,0.42589,0.1235
prompt,ordinary,*.,0.071683,0.0010421,0.074918,0.50103,0.0496
prompt,template,<|eot_id|>,0.05221,0.018341,2.7133,3.3966,0.3523
prompt,ordinary,<|start_header_id|>,0.064991,0.024388,3.1447,4.0815,0.3419
prompt,ordinary,assistant,0.033344,0.010723,0.22222,0.69527,0.0739
prompt,ordinary,<|end_header_id|>,0.062228,0.020705,2.4431,4.2726,0.3504
prompt,newline,\n\n,0.11802,0.028256,0.30626,0.35863,0.0027
resp,ordinary,Ray,0.17876,0.038698,0.33982,0.82699,0.2799
resp,ordinary,mond,0.20241,0.032636,0.21068,0.59971,0.0494
resp,ordinary, III,0.088883,0.01066,0.40948,0.51401,0.0143
resp,ordinary, Count,0.17493,0.03543,0.15649,0.48352,0.0303
resp,ordinary, of,0.12924,0.023595,0.059204,0.52501,0.0011
resp,ordinary, Trip,0.11236,0.008835,0.036439,0.39925,0.0020
resp,ordinary,oli,0.13117,0.013686,0.30975,0.68631,0.1324
resp,ordinary, was,0.057569,0.014984,0.056999,0.26187,0.0356
resp,ordinary, a,0.085399,0.0065385,0.19685,0.31011,0.1289
resp,ordinary, member,0.079262,0.0040008,0.274,0.49202,0.2125
resp,ordinary, of,0.049412,0.0026282,0.23788,0.53883,0.1230
resp,ordinary, the,0.038737,0.013846,0.69882,0.79629,0.3383
resp,ordinary, House,0.099716,0.014954,0.019157,0.32495,0.0082
resp,ordinary, of,0.1349,0.003744,0.25493,0.49402,0.1287
resp,ordinary, Po,0.26776,0.057409,0.2125,0.54488,0.1733
resp,ordinary,it,0.10358,0.0059471,0.47639,0.71998,0.1771
resp,ordinary,iers,0.16086,0.012933,0.08709,0.75842,0.1531
resp,ordinary, and,0.052313,0.012151,0.014724,0.24686,0.1275
resp,ordinary, the,0.085435,0.0053926,0.068207,0.25798,0.0949
resp,ordinary, ruler,0.14125,0.040581,0.0062421,0.47216,0.0586
resp,ordinary, of,0.05972,0.0095965,0.22648,0.51498,0.0239
resp,ordinary, the,0.038227,0.023313,0.63442,0.85608,0.3243
resp,ordinary, County,0.12612,0.019436,0.18878,0.43109,0.0535
resp,ordinary, of,0.23742,0.021114,0.27549,0.57963,0.0691
resp,ordinary, Trip,0.13275,0.0075529,0.1826,0.47328,0.1451
resp,ordinary,oli,0.11762,0.0042275,0.18937,0.63121,0.0426
resp,ordinary, from,0.072361,0.016868,0.050395,0.26954,0.0331
resp,ordinary, ,0.032558,0.00080034,0.33669,0.38535,0.2268
resp,ordinary,115,0.13834,0.023464,0.48063,0.51723,0.2513
resp,ordinary,2,0.14622,0.025532,0.36554,0.59427,0.0700
resp,ordinary, until,0.021705,0.0059311,0.045724,0.33273,0.0108
resp,ordinary, his,0.069609,0.0075974,0.074168,0.3063,0.0336
resp,ordinary, death,0.028128,0.006431,0.010355,0.40421,0.0007
resp,ordinary, in,0.025034,0.01456,0.098979,0.31972,0.0314
resp,ordinary, ,0.042218,0.016724,0.25692,0.23476,0.0069
resp,ordinary,118,0.090802,0.0059146,0.47952,0.65818,0.3040
resp,ordinary,7,0.070876,0.0094199,0.10298,0.52336,0.0491
resp,ordinary,.,0.006289,0.0020414,0.10906,0.23398,0.0975
resp,ordinary, He,0.047921,0.004933,0.19693,0.31695,0.0997
resp,ordinary, was,0.060589,0.017139,0.15377,0.32124,0.1068
resp,ordinary, the,0.033295,0.011032,0.30101,0.41336,0.2261
resp,ordinary, son,0.074644,0.013085,0.28315,0.51155,0.2112
resp,ordinary, of,0.12614,0.013802,0.25537,0.53521,0.0839
resp,ordinary, Raymond,0.15445,0.024111,0.23354,0.60348,0.2329
resp,ordinary, II,0.14199,0.0084274,0.32232,0.54538,0.0263
resp,ordinary, Count,0.16076,0.021506,0.047402,0.47179,0.0000
resp,ordinary, of,0.1916,0.023026,0.11035,0.54041,0.0024
resp,ordinary, Trip,0.13315,0.0043508,0.18666,0.42635,0.0644
resp,ordinary,oli,0.11474,0.0015443,0.10893,0.59867,0.0087
resp,ordinary, and,0.056772,0.010319,0.043941,0.32124,0.2673
resp,ordinary, H,0.071903,0.0042333,0.36959,0.47938,0.3418
resp,ordinary,odi,0.058189,0.0080505,0.2096,0.66096,0.0061
resp,ordinary,erna,0.087989,0.014603,0.10676,0.68673,0.0392
resp,ordinary, of,0.078387,0.019383,0.029147,0.42583,0.0529
resp,ordinary, Jerusalem,0.19143,0.03421,0.2949,0.46023,0.0993
resp,ordinary,.\n\n,0.051514,0.010326,0.053343,0.29245,0.0754
resp,ordinary,**,0.14879,0.029831,0.2782,0.51947,0.0232
resp,ordinary,Early,0.1427,0.023962,0.14187,0.41321,0.0517
resp,ordinary, Life,0.20706,0.045847,0.59495,1.0389,0.3123
resp,ordinary, and,0.057534,0.0048765,0.14378,0.29196,0.1287
resp,ordinary, Success,0.15392,0.02388,0.27018,0.54742,0.1959
resp,ordinary,ion,0.074262,0.015259,0.33712,0.75473,0.1271
resp,ordinary,**\n\n,0.039989,0.0098762,0.072498,0.50193,0.1313
resp,ordinary,Ray,0.19272,0.037427,0.29339,0.65294,0.2548
resp,ordinary,mond,0.19951,0.025364,0.3009,0.61171,0.0726
resp,ordinary, III,0.084616,0.0012839,0.33399,0.52444,0.0005
resp,ordinary, was,0.065917,0.0059604,0.16714,0.37192,0.2075
resp,ordinary, born,0.090552,0.024514,0.55072,0.95167,0.3308
resp,ordinary, in,0.12831,0.013167,0.55609,1.021,0.3615
resp,ordinary, ,0.11908,0.0068897,0.50666,0.60515,0.3002
resp,ordinary,114,0.20828,0.035128,0.36428,0.5398,0.2116
resp,ordinary,0,0.21701,0.011676,0.53498,0.59555,0.1089
resp,ordinary, and,0.11417,0.022652,0.30264,0.37092,0.2135
resp,ordinary, was,0.10084,0.006498,0.14536,0.3037,0.0712
resp,ordinary, the,0.079847,0.0054294,0.29446,0.32649,0.1868
resp,ordinary, heir,0.024718,0.014952,0.40166,0.84796,0.2975
resp,ordinary, to,0.17885,0.031974,0.22181,0.6795,0.1602
resp,ordinary, the,0.069661,0.010807,0.27039,0.4869,0.2400
resp,ordinary, County,0.15765,0.029777,0.057471,0.42268,0.0007
resp,ordinary, of,0.19415,0.01976,0.18934,0.55287,0.0639
resp,ordinary, Trip,0.14685,0.012742,0.23665,0.47963,0.1442
resp,ordinary,oli,0.10635,0.0010261,0.087836,0.61124,0.0023
resp,ordinary,.,0.051347,0.020134,0.046799,0.32367,0.2654
resp,ordinary, He,0.1295,0.015054,0.092335,0.2956,0.0007
resp,ordinary, succeeded,0.15307,0.021565,0.22441,0.57293,0.1737
resp,ordinary, his,0.078107,0.0016083,0.11246,0.31956,0.0389
resp,ordinary, father,0.15483,0.024937,0.16982,0.52235,0.2539
resp,ordinary, in,0.090332,0.0095314,0.19175,0.40572,0.0776
resp,ordinary, ,0.089029,0.0050504,0.32708,0.3512,0.2095
resp,ordinary,115,0.15685,0.015778,0.41202,0.43573,0.1363
resp,ordinary,2,0.15412,0.026076,0.28796,0.57209,0.0302
resp,ordinary, and,0.086791,0.017375,0.25861,0.41811,0.2707
resp,ordinary, was,0.063606,0.00044583,0.10036,0.28246,0.0594
resp,ordinary, recognized,0.13254,0.012932,0.20496,0.43824,0.1564
resp,ordinary, as,0.07854,0.0041364,0.13703,0.42209,0.0607
resp,ordinary, the,0.044939,0.0049159,0.23103,0.25614,0.0026
resp,ordinary, ruler,0.17211,0.050468,0.013611,0.45577,0.0344
resp,ordinary, of,0.096807,0.0026654,0.085667,0.48866,0.0020
resp,ordinary, the,0.049893,0.018038,0.54492,0.8098,0.3243
resp,ordinary, county,0.14427,0.020124,0.06337,0.44803,0.0200
resp,ordinary, by,0.045832,0.0050188,0.12158,0.35118,0.0467
resp,ordinary, the,0.091476,0.013486,0.27917,0.45768,0.2450
resp,ordinary, Crus,0.14129,0.016327,0.10406,0.47817,0.0001
resp,ordinary,ader,0.16529,0.014541,0.0085898,0.62137,0.0113
resp,ordinary, Kingdom,0.17333,0.024755,0.074152,0.50212,0.0037
resp,ordinary, of,0.10585,0.0073209,0.30052,0.64287,0.2383
resp,ordinary, Jerusalem,0.22478,0.035766,0.23258,0.54495,0.1301
resp,ordinary,.,0.033824,0.013291,0.071392,0.18896,0.0434
resp,ordinary, He,0.069978,0.0025875,0.10539,0.32432,0.0295
resp,ordinary, was,0.10683,0.00074213,0.027159,0.26601,0.0227
resp,ordinary, a,0.099255,0.00062128,0.25318,0.43953,0.2674
resp,ordinary, member,0.11759,0.014941,0.30084,0.57416,0.2569
resp,ordinary, of,0.077554,0.011468,0.11197,0.43098,0.0134
resp,ordinary, the,0.046961,0.013624,0.52538,0.7108,0.3212
resp,ordinary, nob,0.091021,0.015835,0.041458,0.47874,0.0015
resp,ordinary,ility,0.10348,0.017269,0.47411,0.9294,0.2293
resp,ordinary, and,0.04723,0.0052241,0.35306,0.48341,0.3251
resp,ordinary, held,0.081733,0.0015448,0.24602,0.39249,0.1430
resp,ordinary, significant,0.14564,0.016658,0.010252,0.38705,0.0001
resp,ordinary, power,0.079194,0.012261,0.084808,0.41846,0.0824
resp,ordinary, in,0.040859,0.0067189,0.21489,0.30802,0.1124
resp,ordinary, the,0.056531,0.013428,0.29138,0.30146,0.2035
resp,ordinary, region,0.10611,0.025085,0.0057854,0.41155,0.0845
resp,ordinary,.\n\n,0.064123,0.0097906,0.0071022,0.28023,0.0461
resp,ordinary,**,0.16635,0.037064,0.1543,0.53263,0.0051
resp,ordinary,Military,0.11963,0.01785,0.15537,0.50718,0.0574
resp,ordinary, Campaign,0.11005,0.017851,0.28378,0.61865,0.1267
resp,ordinary,s,0.22799,0.054811,0.37107,0.72937,0.0387
prompt,template,<|begin_of_text|>,480.9,335.83,21.548,43.165,0.4208
prompt,ordinary,<|start_header_id|>,0.033327,0.13528,0.61832,1.0117,0.2192
prompt,ordinary,system,0.1032,0.013453,0.90487,0.95375,0.2978
prompt,ordinary,<|end_header_id|>,0.25771,0.038799,2.3966,3.4819,0.2640
prompt,newline,\n\n,0.077603,0.0341,1.1589,1.3941,0.3437
prompt,ordinary,Cut,0.14646,0.01828,0.22787,0.48652,0.0090
prompt,ordinary,ting,0.12268,0.021436,0.39915,0.64807,0.1139
prompt,ordinary, Knowledge,0.31243,0.054732,0.70069,1.0487,0.3544
prompt,ordinary, Date,0.26165,0.058794,0.6199,0.75344,0.3372
prompt,ordinary,:,0.085651,0.021918,0.48887,0.93573,0.3088
prompt,ordinary, December,0.15564,0.041331,0.265,0.51833,0.2322
prompt,ordinary, ,0.10088,0.016583,0.65303,0.80681,0.3768
prompt,ordinary,202,0.23368,0.030431,0.54927,0.64797,0.3059
prompt,ordinary,3,0.15586,0.025491,0.63233,0.85855,0.3170
prompt,newline,\n,0.019317,0.0020773,0.37664,0.39748,0.0161
prompt,ordinary,Today,0.26649,0.043526,0.16195,0.42671,0.0264
prompt,ordinary, Date,0.32427,0.077361,0.30017,0.5928,0.1300
prompt,ordinary,:,0.22877,0.040602,0.48955,0.90497,0.2879
prompt,ordinary, ,0.13205,0.023271,0.67846,0.68824,0.2161
prompt,ordinary,26,0.11441,0.011109,0.39318,0.67327,0.2599
prompt,ordinary, Jul,0.25059,0.049381,0.21776,0.51475,0.0965
prompt,ordinary, ,0.098155,0.00088755,0.49787,0.5911,0.2784
prompt,ordinary,202,0.28414,0.014486,0.41297,0.64952,0.1940
prompt,ordinary,4,0.13267,0.018446,0.28592,0.57219,0.0142
prompt,newline,\n\n,0.078375,0.00020682,0.18326,0.41619,0.0073
prompt,template,<|eot_id|>,0.00843,0.010491,1.8227,2.6075,0.3511
prompt,ordinary,<|start_header_id|>,0.026481,0.01063,2.3017,3.2836,0.3394
prompt,ordinary,user,0.09717,0.042439,0.42553,0.63681,0.1467
prompt,ordinary,<|end_header_id|>,0.01502,0.006541,2.3106,3.4621,0.3517
prompt,newline,\n\n,0.011012,0.012904,0.11105,0.45672,0.0063
prompt,ordinary,I,0.18284,0.033285,0.011315,0.4617,0.0874
prompt,ordinary, am,0.2334,0.031854,0.40496,0.42907,0.1664
prompt,ordinary, planning,0.19181,0.032515,0.37016,0.61175,0.2394
prompt,ordinary, a,0.21591,0.027751,0.57714,0.74685,0.3547
prompt,ordinary, trip,0.18885,0.035021,0.34988,0.55837,0.2197
prompt,ordinary, to,0.15697,0.017363,0.5944,0.8139,0.3207
prompt,ordinary, Japan,0.14874,0.055016,0.31977,0.47804,0.2384
prompt,ordinary,",",0.043442,0.019705,0.58478,0.70985,0.3813
prompt,ordinary, and,0.19234,0.041953,0.33056,0.4186,0.2446
prompt,ordinary, I,0.15493,0.007376,0.33023,0.34035,0.1890
prompt,ordinary, would,0.17964,0.013625,0.24466,0.3819,0.1727
prompt,ordinary, like,0.14673,0.00045429,0.42234,0.54902,0.2023
prompt,ordinary, thee,0.24456,0.039789,0.083399,0.5019,0.0007
prompt,ordinary, to,0.098475,0.0022456,0.35266,0.54386,0.2228
prompt,ordinary, write,0.098514,0.020278,0.10176,0.31957,0.0055
prompt,ordinary, an,0.2341,0.018227,0.37061,0.36411,0.1433
prompt,ordinary, itinerary,0.28,0.048423,0.051402,0.49269,0.0128
prompt,ordinary, for,0.2193,0.032761,0.44273,0.76772,0.3415
prompt,ordinary, my,0.13947,0.0028957,0.20074,0.31883,0.0476
prompt,ordinary, journey,0.1673,0.026064,0.26323,0.39141,0.0889
prompt,ordinary, in,0.169,0.023984,0.36661,0.38036,0.2777
prompt,ordinary, a,0.16528,0.003298,0.64896,0.79415,0.3943
prompt,ordinary, Shakespeare,0.15101,0.026339,0.011394,0.41228,0.0079
prompt,ordinary,an,0.042101,0.0075281,0.43904,0.72467,0.0903
prompt,ordinary, style,0.13934,0.023947,0.28029,0.41192,0.0943
prompt,ordinary,.,0.26811,0.054886,0.11746,0.4613,0.3156
prompt,ordinary, You,0.37698,0.053553,0.19302,0.32052,0.0205
prompt,ordinary, are,0.19937,0.022138,0.23524,0.34223,0.1366
prompt,ordinary, not,0.19962,0.014476,0.11238,0.29448,0.0002
prompt,ordinary, allowed,0.18494,0.0046024,0.23774,0.47597,0.2237
prompt,ordinary, to,0.13407,0.0080061,0.35069,0.48893,0.2120
prompt,ordinary, use,0.096119,0.0298,0.21976,0.32806,0.1418
prompt,ordinary, any,0.14991,0.0062236,0.2186,0.34558,0.1357
prompt,ordinary, commas,0.15667,0.053729,0.1284,0.6816,0.1726
prompt,ordinary, in,0.12162,0.022156,0.36148,0.3872,0.1611
prompt,ordinary, your,0.15004,0.0045478,0.18228,0.25976,0.0332
prompt,ordinary, response,0.12974,0.010002,0.16442,0.40531,0.0041
prompt,ordinary,.,0.14815,0.019416,0.035133,0.32343,0.1677
prompt,template,<|eot_id|>,0.059739,0.02018,1.9592,2.5104,0.3489
prompt,ordinary,<|start_header_id|>,0.094982,0.027711,2.5189,3.244,0.3295
prompt,ordinary,assistant,0.046157,0.001013,0.26825,0.70661,0.0883
prompt,ordinary,<|end_header_id|>,0.090975,0.02162,2.0574,3.3508,0.3469
prompt,newline,\n\n,0.079285,0.023879,0.14679,0.36859,0.0004
resp,ordinary,Fair,0.088952,0.010065,0.15523,0.64209,0.1394
resp,ordinary, traveler,0.19212,0.04826,0.27345,0.6326,0.0717
resp,ordinary, thou,0.051067,0.010998,0.27816,0.57623,0.0366
resp,ordinary, see,0.11981,0.02651,0.30679,0.51267,0.1987
resp,ordinary,kest,0.045494,0.0040737,0.33986,0.80134,0.1446
resp,ordinary, a,0.025581,0.0035448,0.48471,0.62671,0.3248
resp,ordinary, journey,0.086035,0.011699,0.26357,0.39884,0.0541
resp,ordinary, to,0.083452,0.015439,0.45882,0.67738,0.3129
resp,ordinary, Japan,0.092328,0.029963,0.12625,0.35511,0.0734
resp,ordinary,'s,0.061307,0.010933,0.46569,0.75448,0.3210
resp,ordinary, land,0.13437,0.034824,0.37788,0.49121,0.2001
resp,newline,\n,0.059187,0.016776,0.36702,0.33067,0.0131
resp,ordinary,Of,0.12208,0.0022908,0.09328,0.4738,0.0223
resp,ordinary, cherry,0.16894,0.026104,0.082125,0.50361,0.1042
resp,ordinary, bloss,0.18231,0.02909,0.13592,0.6594,0.0388
resp,ordinary,oms,0.18473,0.055834,0.28546,0.75605,0.0808
resp,ordinary, and,0.027117,0.00071359,0.25214,0.2809,0.0941
resp,ordinary, serene,0.092349,0.0028263,0.20186,0.62238,0.1460
resp,ordinary, landscapes,0.027964,0.01249,0.27357,0.60461,0.1344
resp,ordinary, so,0.050715,0.0045914,0.028685,0.34526,0.1934
resp,ordinary, grand,0.086207,0.013872,0.067999,0.47468,0.0688
resp,newline,\n,0.049617,0.0095882,0.50553,0.55106,0.1950
resp,ordinary,Here,0.17829,0.01967,0.19948,0.57648,0.1996
resp,ordinary,'s,0.14543,0.0071438,0.21196,0.44421,0.1489
resp,ordinary, an,0.028948,0.019822,0.1865,0.3621,0.1039
resp,ordinary, itinerary,0.14615,0.016275,0.061689,0.48456,0.0113
resp,ordinary, for,0.10512,0.015384,0.24758,0.55893,0.2434
resp,ordinary, thee,0.23988,0.027594,0.061113,0.59213,0.0843
resp,ordinary, to,0.07107,0.0023807,0.33852,0.51708,0.2467
resp,ordinary, follow,0.15787,0.042339,0.089106,0.37647,0.1434
resp,ordinary, with,0.1215,0.0079454,0.1831,0.32946,0.0594
resp,ordinary, care,0.1244,0.013759,0.040874,0.34754,0.0222
resp,newline,\n,0.075457,0.019107,0.3735,0.34608,0.0150
resp,ordinary,A,0.16988,0.012295,0.15056,0.50891,0.1893
resp,ordinary, path,0.097211,0.030749,0.060668,0.39191,0.0295
resp,ordinary, of,0.3042,0.036591,0.63088,0.78904,0.2982
resp,ordinary, wonder,0.089805,0.0028229,0.0039745,0.39187,0.0197
resp,ordinary, and,0.080571,0.0038872,0.19727,0.26025,0.0907
resp,ordinary, discovery,0.096177,0.011376,0.22684,0.46987,0.1051
resp,ordinary, to,0.082103,0.0074791,0.26421,0.39083,0.2172
resp,ordinary, share,0.085698,0.014329,0.11447,0.2677,0.0015
resp,newline,\n\n,0.05687,0.016388,0.040429,0.32829,0.0180
resp,ordinary,Day,0.11224,0.030508,0.14045,0.54779,0.1873
resp,ordinary, one,0.1115,0.0098408,0.21865,0.60161,0.1376
resp,ordinary, thou,0.11417,0.014565,0.17539,0.54897,0.0010
resp,ordinary, shalt,0.095717,0.006687,0.06369,0.5436,0.0010
resp,ordinary, arrive,0.061163,0.03328,0.0011848,0.41122,0.0228
resp,ordinary, in,0.055978,0.0037198,0.23141,0.43675,0.1950
resp,ordinary, Tokyo,0.091836,0.014608,0.067487,0.3215,0.0252
resp,ordinary,'s,0.082626,0.0040652,0.29429,0.50636,0.2125
resp,ordinary, bustling,0.028866,0.0049932,0.020951,0.53579,0.0181
resp,ordinary, streets,0.14808,0.015788,0.03328,0.46401,0.0599
resp,newline,\n,0.070902,0.013034,0.27228,0.37838,0.0815
resp,ordinary,Where,0.16315,3.4602e-06,0.055599,0.4118,0.0699
resp,ordinary, neon,0.10035,0.019938,0.014279,0.44494,0.0168
resp,ordinary, lights,0.11967,0.013524,0.057313,0.4352,0.0001
resp,ordinary, and,0.027944,0.0028086,0.013676,0.23583,0.0442
resp,ordinary, ancient,0.10288,0.0047243,0.19281,0.62934,0.2074
resp,ordinary, temples,0.10871,0.0048416,0.075727,0.45592,0.0007
resp,ordinary, meet,0.1582,0.026975,0.12151,0.38834,0.0724
resp,newline,\n,0.10246,0.017143,0.34176,0.46987,0.1144
resp,ordinary,Visit,0.12631,0.027268,0.10427,0.44649,0.1009
resp,ordinary, the,0.12636,0.014627,0.11314,0.29956,0.0179
resp,ordinary, famous,0.17231,0.031331,0.089039,0.45548,0.1229
resp,ordinary, Shib,0.20585,0.039935,0.18401,0.57601,0.1144
resp,ordinary,uya,0.15181,0.035155,0.11855,0.63717,0.0004
resp,ordinary, Crossing,0.18288,0.0059459,0.4416,0.71962,0.2066
resp,ordinary, where,0.12821,0.0011165,0.05149,0.30527,0.0226
resp,ordinary, crowds,0.10611,0.013969,0.075425,0.41357,0.0111
resp,ordinary, do,0.11769,0.019083,0.21865,0.3392,0.1234
resp,ordinary, thr,0.09536,0.0074289,1.005,1.3109,0.3796
resp,ordinary,ong,0.17966,0.011421,0.21064,0.82937,0.1064
resp,newline,\n,0.094592,0.017706,0.27862,0.33527,0.0003
resp,ordinary,And,0.32249,0.049113,0.17627,0.57368,0.2621
resp,ordinary, marvel,0.094515,0.0060373,0.091595,0.61998,0.2040
resp,ordinary, at,0.08317,0.0039434,1.3426e-05,0.48503,0.0086
resp,ordinary, the,0.065704,0.0067103,0.15042,0.23503,0.0965
resp,ordinary, towering,0.1519,0.023798,0.32149,0.76286,0.2329
resp,ordinary, skys,0.12849,0.022295,0.0074268,0.54949,0.0409
resp,ordinary,crap,0.1058,0.010984,0.24344,0.53691,0.0239
resp,ordinary,ers,0.13488,0.018033,0.12017,0.62998,0.0005
resp,ordinary, that,0.13143,0.01754,0.1964,0.31565,0.1757
resp,ordinary, rise,0.1048,0.011233,0.29105,0.44266,0.0887
resp,ordinary, so,0.11562,0.00096121,0.094553,0.26102,0.0066
resp,ordinary, strong,0.17482,0.026346,0.0084958,0.34691,0.0253
resp,newline,\n\n,0.070161,0.011958,0.046516,0.3415,0.0389
resp,ordinary,Next,0.080745,0.0055272,0.044645,0.4229,0.1573
resp,ordinary, thou,0.14502,0.0050529,0.10767,0.61862,0.0189
resp,ordinary, shalt,0.1177,0.0096575,0.12835,0.56972,0.0211
resp,ordinary, visit,0.074663,0.016049,0.13964,0.36307,0.0622
resp,ordinary, the,0.10653,0.011419,0.046934,0.21212,0.0038
resp,ordinary, Me,0.10921,0.014259,0.23788,0.52559,0.2245
resp,ordinary,iji,0.10604,0.011606,0.34483,0.70434,0.0593
resp,ordinary, Shrine,0.23427,0.021935,0.013716,0.64771,0.0947
resp,ordinary, a,0.038492,0.00048665,0.16202,0.28088,0.0833
resp,ordinary, peaceful,0.044498,0.0038751,0.48778,0.80033,0.2952
resp,ordinary, haven,0.055821,0.0024367,0.040489,0.34788,0.0002
resp,ordinary, from,0.046454,0.0018247,0.61341,0.7632,0.3632
resp,ordinary, the,0.062363,0.0011987,0.24536,0.28801,0.1854
resp,ordinary, fray,0.1213,0.032501,0.23131,0.79389,0.2020
resp,newline,\n,0.041884,0.0088641,0.31615,0.36922,0.0830
resp,ordinary,D,0.12,0.005461,0.49268,0.55075,0.2713
resp,ordinary,ed,0.19131,0.012139,0.91653,1.0691,0.2732
resp,ordinary,icated,0.17104,0.0047429,0.035327,0.60611,0.0802
resp,ordinary, to,0.069962,0.01487,0.29017,0.6657,0.2113
resp,ordinary, the,0.058989,0.010036,0.34399,0.50772,0.3106
resp,ordinary, de,0.080497,0.0016399,0.42378,0.62569,0.3439
resp,ordinary,ified,0.18366,0.014868,0.31737,0.78207,0.0245
resp,ordinary, spirits,0.15047,0.014685,0.080028,0.41186,0.0033
resp,ordinary, of,0.19425,0.020249,0.20658,0.54382,0.0314
resp,ordinary, the,0.064299,0.012715,0.38337,0.46912,0.2617
resp,ordinary, Me,0.10145,0.009613,0.18776,0.50176,0.2065
resp,ordinary,iji,0.099426,0.0072891,0.26917,0.67926,0.0309
resp,ordinary, Emperor,0.16281,0.023199,0.2559,0.58023,0.0918
resp,ordinary,'s,0.11613,0.012225,0.24163,0.3418,0.0245
resp,ordinary, day,0.043846,0.0038556,0.15746,0.38677,0.0747
resp,newline,\n,0.058315,0.013402,0.34781,0.34658,0.0125
resp,ordinary,Walk,0.12345,0.017584,0.0031542,0.4674,0.0642
resp,ordinary, through,0.086652,0.017527,0.35707,0.5414,0.2708
resp,ordinary, the,0.064376,0.014663,0.14813,0.22037,0.0046
resp,ordinary, serene,0.10777,0.015231,0.034548,0.52873,0.0295
resp,ordinary, gardens,0.083693,0.013127,0.1133,0.47058,0.0164
resp,ordinary, and,0.041801,0.0037695,0.27197,0.3423,0.2003
resp,ordinary, forests,0.10793,0.0045657,0.0026997,0.42051,0.0542
resp,ordinary, that,0.083762,0.0073926,0.11237,0.24612,0.0002
resp,ordinary, surround,0.12674,0.025273,0.0016567,0.45389,0.0117
resp,newline,\n,0.083844,0.012644,0.35445,0.38258,0.0494
resp,ordinary,And,0.31323,0.042289,0.14038,0.52629,0.2274
prompt,template,<|begin_of_text|>,480.9,335.83,21.548,43.165,0.4208
prompt,ordinary,<|start_header_id|>,0.033327,0.13528,0.61832,1.0117,0.2192
prompt,ordinary,system,0.1032,0.013453,0.90487,0.95375,0.2978
prompt,ordinary,<|end_header_id|>,0.25771,0.038799,2.3966,3.4819,0.2640
prompt,newline,\n\n,0.077603,0.0341,1.1589,1.3941,0.3437
prompt,ordinary,Cut,0.14646,0.01828,0.22787,0.48652,0.0090
prompt,ordinary,ting,0.12268,0.021436,0.39915,0.64807,0.1139
prompt,ordinary, Knowledge,0.31243,0.054732,0.70069,1.0487,0.3544
prompt,ordinary, Date,0.26165,0.058794,0.6199,0.75344,0.3372
prompt,ordinary,:,0.085651,0.021918,0.48887,0.93573,0.3088
prompt,ordinary, December,0.15564,0.041331,0.265,0.51833,0.2322
prompt,ordinary, ,0.10088,0.016583,0.65303,0.80681,0.3768
prompt,ordinary,202,0.23368,0.030431,0.54927,0.64797,0.3059
prompt,ordinary,3,0.15586,0.025491,0.63233,0.85855,0.3170
prompt,newline,\n,0.019317,0.0020773,0.37664,0.39748,0.0161
prompt,ordinary,Today,0.26649,0.043526,0.16195,0.42671,0.0264
prompt,ordinary, Date,0.32427,0.077361,0.30017,0.5928,0.1300
prompt,ordinary,:,0.22877,0.040602,0.48955,0.90497,0.2879
prompt,ordinary, ,0.13205,0.023271,0.67846,0.68824,0.2161
prompt,ordinary,26,0.11441,0.011109,0.39318,0.67327,0.2599
prompt,ordinary, Jul,0.25059,0.049381,0.21776,0.51475,0.0965
prompt,ordinary, ,0.098155,0.00088755,0.49787,0.5911,0.2784
prompt,ordinary,202,0.28414,0.014486,0.41297,0.64952,0.1940
prompt,ordinary,4,0.13267,0.018446,0.28592,0.57219,0.0142
prompt,newline,\n\n,0.078375,0.00020682,0.18326,0.41619,0.0073
prompt,template,<|eot_id|>,0.00843,0.010491,1.8227,2.6075,0.3511
prompt,ordinary,<|start_header_id|>,0.026481,0.01063,2.3017,3.2836,0.3394
prompt,ordinary,user,0.09717,0.042439,0.42553,0.63681,0.1467
prompt,ordinary,<|end_header_id|>,0.01502,0.006541,2.3106,3.4621,0.3517
prompt,newline,\n\n,0.011012,0.012904,0.11105,0.45672,0.0063
prompt,ordinary,Write,0.089972,0.0036015,0.23413,0.52966,0.0548
prompt,ordinary, a,0.21241,0.027983,0.73379,0.75829,0.3426
prompt,ordinary, resume,0.03988,0.0052597,0.15186,0.49161,0.0001
prompt,ordinary, for,0.085456,0.007704,0.47645,0.58898,0.3127
prompt,ordinary, a,0.15499,0.0021396,0.68819,0.82073,0.3773
prompt,ordinary, fresh,0.1435,0.02189,0.26047,0.43148,0.1687
prompt,ordinary, high,0.19293,0.034287,0.81628,1.0356,0.3844
prompt,ordinary, school,0.21307,0.021474,0.55865,1.1136,0.3365
prompt,ordinary, graduate,0.24623,0.022802,0.19343,0.56108,0.1410
prompt,ordinary, who,0.21415,0.032543,0.51664,0.53849,0.2911
prompt,ordinary, is,0.10626,0.015362,0.48695,0.57732,0.2671
prompt,ordinary, seeking,0.098456,0.019535,0.27544,0.56286,0.1429
prompt,ordinary, their,0.1491,0.025302,0.56688,0.70274,0.3833
prompt,ordinary, first,0.11436,0.013823,0.34456,0.516,0.2719
prompt,ordinary, job,0.14996,0.034937,0.4483,0.65983,0.2847
prompt,ordinary,.,0.28455,0.050227,0.0012202,0.31737,0.1718
prompt,ordinary, Make,0.26784,0.037207,0.32562,0.408,0.1929
prompt,ordinary, sure,0.28343,0.023267,0.38797,0.66579,0.2396
prompt,ordinary, to,0.17926,0.018136,0.35694,0.57584,0.2037
prompt,ordinary, include,0.075933,0.0038435,0.5597,0.85961,0.3573
prompt,ordinary, at,0.083538,0.0086522,0.24388,0.31677,0.0479
prompt,ordinary, least,0.1534,0.019513,0.33706,0.53668,0.2264
prompt,ordinary, ,0.094477,0.00094924,0.45313,0.51179,0.3062
prompt,ordinary,12,0.11181,0.0064076,0.37405,0.47496,0.2858
prompt,ordinary, placeholder,0.19156,0.034096,0.30691,0.55313,0.1081
prompt,ordinary, represented,0.074959,0.014104,0.36069,0.54554,0.2139
prompt,ordinary, by,0.020583,0.019444,0.23583,0.50901,0.0575
prompt,ordinary, square,0.1149,0.007038,0.16631,0.49688,0.0000
prompt,ordinary, brackets,0.14683,0.00065284,0.13183,0.65991,0.0766
prompt,ordinary,",",0.0088128,0.00471,0.35762,0.40422,0.3182
prompt,ordinary, such,0.15472,0.016916,0.077501,0.26187,0.0111
prompt,ordinary, as,0.098744,0.0093019,0.092095,0.35419,0.0473
prompt,ordinary, [,0.17326,0.039041,0.55431,0.66055,0.3202
prompt,ordinary,address,0.16636,0.011296,0.31589,0.61885,0.1856
prompt,ordinary,"],",0.070275,0.028041,0.2306,0.3719,0.0009
prompt,ordinary, [,0.1804,0.02783,0.39155,0.65079,0.2672
prompt,ordinary,name,0.071914,0.0065164,0.36763,0.55689,0.1398
prompt,ordinary,].,0.18865,0.035118,0.22655,0.40099,0.0400
prompt,template,<|eot_id|>,0.04506,0.016699,2.3045,2.8694,0.3509
prompt,ordinary,<|start_header_id|>,0.072883,0.022921,2.5036,3.4459,0.3413
prompt,ordinary,assistant,0.03903,0.0074609,0.29465,0.72006,0.1095
prompt,ordinary,<|end_header_id|>,0.061348,0.017207,2.0645,3.5435,0.3521
prompt,newline,\n\n,0.097139,0.027636,0.25545,0.38443,0.0214
resp,ordinary,**,0.089344,0.014422,0.31504,0.6171,0.0634
resp,ordinary,[,0.074631,0.010451,0.23223,0.58406,0.0189
resp,ordinary,Name,0.027227,0.0056996,0.15467,0.50452,0.0012
resp,ordinary,]**,0.1306,0.042967,0.18879,0.57476,0.0022
resp,newline, \n,0.05166,0.011771,0.27674,0.6269,0.0643
resp,ordinary,**,0.077064,0.011621,0.32871,0.67271,0.1437
resp,ordinary,[,0.059497,0.0028573,0.13747,0.55738,0.0173
resp,ordinary,Address,0.068068,0.0056064,0.19869,0.57369,0.1057
resp,ordinary,],0.042391,0.01189,0.47161,0.66871,0.2844
resp,ordinary,**\n,0.10006,0.021324,0.069102,0.6053,0.1635
resp,ordinary,**,0.071739,0.0089114,0.2716,0.62528,0.0711
resp,ordinary,[,0.069363,0.001805,0.13688,0.53764,0.0050
resp,ordinary,City,0.094689,0.024073,0.13659,0.48544,0.0519
resp,ordinary,",",0.047685,0.037178,0.64664,0.88977,0.3445
resp,ordinary, State,0.094488,0.01584,0.40062,0.49746,0.2671
resp,ordinary, Zip,0.050145,0.010294,0.59411,0.8679,0.2558
resp,ordinary,],0.036531,0.012928,0.33327,0.36542,0.0070
resp,ordinary,**\n,0.066468,0.014844,0.023803,0.55285,0.1327
resp,ordinary,**,0.08483,0.011469,0.11357,0.57352,0.0000
resp,ordinary,[,0.072425,0.0011465,0.071681,0.54798,0.0165
resp,ordinary,Phone,0.17223,0.036603,0.15217,0.5301,0.0887
resp,ordinary, Number,0.1867,0.023345,0.025123,0.54298,0.0230
resp,ordinary,],0.10143,0.024167,0.19882,0.39236,0.0016
resp,ordinary,**\n,0.08162,0.011593,0.014126,0.54705,0.1097
resp,ordinary,**,0.088131,0.013271,0.070625,0.5921,0.0140
resp,ordinary,[,0.083097,0.001667,0.025095,0.55073,0.0299
resp,ordinary,Email,0.15339,0.04926,0.12847,0.65808,0.1638
resp,ordinary, Address,0.15631,0.021164,0.23738,0.64966,0.1020
resp,ordinary,],0.14226,0.031635,0.24992,0.47081,0.0551
resp,ordinary,**\n\n,0.023751,0.0026198,0.0018659,0.65261,0.1793
resp,ordinary,**,0.067136,0.0076553,0.05854,0.59406,0.0122
resp,ordinary,Objective,0.11147,0.018202,0.10647,0.49627,0.0155
resp,ordinary,:,0.091906,0.020595,0.32328,0.55788,0.2247
resp,ordinary,**\n,0.16847,0.031946,0.2395,0.54213,0.0001
resp,ordinary,To,0.11077,0.0068581,0.1003,0.35566,0.0659
resp,ordinary, obtain,0.266,0.055986,0.090766,0.45899,0.0016
resp,ordinary, an,0.21596,0.021368,0.24904,0.33284,0.0558
resp,ordinary, entry,0.15999,0.035952,0.20473,0.39421,0.0736
resp,ordinary,-level,0.22811,0.041115,0.11282,0.58183,0.0065
resp,ordinary, position,0.17749,0.038448,0.11946,0.38535,0.0432
resp,ordinary, in,0.063331,0.016805,0.19021,0.3426,0.1237
resp,ordinary, a,0.1598,0.0016997,0.43646,0.53699,0.3673
resp,ordinary, dynamic,0.14771,0.034549,0.20167,0.44877,0.0017
resp,ordinary, and,0.10487,0.014922,0.44337,0.54715,0.3897
resp,ordinary, growth,0.061447,0.016107,0.2765,0.62156,0.3046
resp,ordinary,-oriented,0.13254,0.013356,0.27588,0.57029,0.1398
resp,ordinary, organization,0.096019,0.017244,0.045322,0.31421,0.0319
resp,ordinary, where,0.13619,0.010947,0.19556,0.34668,0.1550
resp,ordinary, I,0.12704,0.0112,0.27704,0.33812,0.1410
resp,ordinary, can,0.093908,0.015067,0.32042,0.44997,0.2264
resp,ordinary, apply,0.1115,0.027445,0.065389,0.31815,0.0207
resp,ordinary, my,0.072343,0.005215,0.18503,0.28644,0.0015
resp,ordinary, skills,0.12633,0.033562,0.20682,0.50266,0.2474
resp,ordinary, and,0.073907,0.0082793,0.28702,0.30336,0.1329
resp,ordinary, knowledge,0.16727,0.0079391,0.27782,0.44993,0.1630
resp,ordinary, to,0.051747,0.00036713,0.10919,0.29157,0.0176
resp,ordinary, contribute,0.05377,0.006601,0.23447,0.49997,0.1695
resp,ordinary, to,0.13793,0.013638,0.68423,1.0612,0.3745
resp,ordinary, the,0.11084,0.0044373,0.30544,0.32439,0.2535
resp,ordinary, company,0.067027,0.0078964,0.10079,0.29295,0.0341
resp,ordinary,'s,0.081155,0.0069319,0.39888,0.6283,0.2809
resp,ordinary, success,0.02848,0.011622,0.37496,0.62394,0.2874
resp,ordinary,.\n\n,0.10613,0.021896,0.17184,0.40976,0.1060
resp,ordinary,**,0.13054,0.024161,0.029441,0.59923,0.0718
resp,ordinary,Education,0.12279,0.01978,0.10028,0.38773,0.0011
resp,ordinary,:,0.12847,0.029834,0.2469,0.43638,0.0899
resp,ordinary,**\n\n,0.046582,0.0043432,0.12568,0.56008,0.0620
resp,ordinary,-,0.01432,0.016871,0.1075,0.48493,0.0016
resp,ordinary, **,0.10371,0.017583,0.039962,0.55355,0.0541
resp,ordinary,High,0.11772,0.014761,0.15415,0.34842,0.0007
resp,ordinary, School,0.0923,0.0063596,0.32874,0.68021,0.2026
resp,ordinary, Diploma,0.051574,0.0091896,0.16427,0.55863,0.0025
resp,ordinary,"**,",0.061644,0.0259,0.081856,0.47471,0.0400
resp,ordinary, [,0.06352,0.0098731,0.59202,0.93577,0.3399
resp,ordinary,Name,0.0494,0.0068096,0.15552,0.49057,0.0902
resp,ordinary, of,0.059718,0.025517,0.57026,0.79381,0.3182
resp,ordinary, High,0.090706,0.0062142,0.33305,0.47644,0.2579
resp,ordinary, School,0.13701,0.0015231,0.3657,0.74702,0.2640
resp,ordinary,"],",0.026201,0.018689,0.016356,0.49296,0.1358
resp,ordinary, [,0.049999,0.0017601,0.41094,0.74468,0.2751
resp,ordinary,Grad,0.19381,0.03797,0.29933,0.48428,0.0328
resp,ordinary,uation,0.10533,0.011536,0.16556,0.65732,0.0820
resp,ordinary, Date,0.15573,0.027282,0.24708,0.69819,0.2621
resp,ordinary,]\n,0.042725,0.015348,0.3124,0.40567,0.0187
resp,ordinary, ,0.064438,0.013025,0.18945,0.42049,0.0576
resp,ordinary, -,0.036184,0.0087388,0.018672,0.42039,0.0099
resp,ordinary, GPA,0.080048,0.027634,0.01081,0.45846,0.0146
resp,ordinary,:,0.0039112,0.0051383,0.44324,0.70869,0.3392
resp,ordinary, [,0.074869,0.0048366,0.51292,0.77194,0.3064
resp,ordinary,G,0.093381,0.0072533,0.31653,0.46375,0.2738
resp,ordinary,PA,0.10785,0.0042946,0.069455,0.58991,0.0064
resp,ordinary,]\n,0.016238,0.0059314,0.47552,0.59146,0.1980
resp,ordinary, ,0.035888,0.0035376,0.055135,0.37343,0.0198
resp,ordinary, -,0.029794,0.0074377,0.020502,0.40209,0.0188
resp,ordinary, Relevant,0.16283,0.020975,0.034229,0.48042,0.0208
resp,ordinary, courses,0.09112,0.019524,0.27441,0.42549,0.0863
resp,ordinary,:,0.016597,0.013279,0.30655,0.38778,0.1754
resp,ordinary, [,0.078608,0.0011903,0.45049,0.62822,0.2678
resp,ordinary,list,0.098969,0.023318,0.11387,0.51535,0.0647
resp,ordinary, relevant,0.1201,0.0013538,0.13056,0.47018,0.1417
resp,ordinary, courses,0.1128,0.013169,0.34706,0.59316,0.2272
resp,ordinary,",",0.019965,0.011508,0.6139,0.80002,0.3864
resp,ordinary, e,0.087241,0.0020893,0.71291,0.94758,0.3999
resp,ordinary,.g,0.071154,0.003384,0.18725,0.62222,0.2057
resp,ordinary,".,",0.031001,0.004425,0.53645,0.77069,0.3194
resp,ordinary, computer,0.075182,0.0059382,0.49065,0.6695,0.3158
resp,ordinary, programming,0.12205,0.0057493,0.4105,0.78445,0.2585
resp,ordinary,",",0.0083509,0.0040092,0.31485,0.39401,0.2797
resp,ordinary, business,0.13253,0.00093372,0.42667,0.5156,0.3557
resp,ordinary,",",0.032424,0.0099092,0.39702,0.40669,0.2911
resp,ordinary, or,0.024638,0.017746,0.18829,0.34277,0.0523
resp,ordinary, foreign,0.16307,0.0159,0.098351,0.34691,0.0165
resp,ordinary, languages,0.097658,0.003055,0.5387,0.91603,0.3205
resp,ordinary,]\n\n,0.037135,0.017415,0.2373,0.4814,0.0525
resp,ordinary,**,0.062207,0.008508,0.030374,0.56748,0.0184
resp,ordinary,Skills,0.11329,0.015885,0.24933,0.49381,0.0000
resp,ordinary,:,0.054287,0.012065,0.35025,0.51804,0.1772
resp,ordinary,**\n\n,0.013543,0.013184,0.27482,0.54648,0.0000
resp,ordinary,-,0.03333,0.01112,0.0026922,0.4785,0.0146
resp,ordinary, Prof,0.13226,0.015652,0.41831,0.64357,0.2198
resp,ordinary,icient,0.10352,0.017845,0.0017446,0.62568,0.0008
resp,ordinary, in,0.073949,0.0081007,0.25562,0.63938,0.1784
resp,ordinary, [,0.066238,0.0056186,0.27482,0.44362,0.1429
resp,ordinary,list,0.10982,0.018591,0.075862,0.49368,0.0376
resp,ordinary, software,0.10675,0.017771,0.30064,0.61028,0.2973
resp,ordinary, or,0.05111,0.0059058,0.11445,0.30588,0.0642
resp,ordinary, programming,0.082089,0.013162,0.18949,0.49846,0.1298
resp,ordinary, languages,0.19203,0.010405,0.56409,1.0237,0.3091
prompt,template,<|begin_of_text|>,480.9,335.83,21.548,43.165,0.4208
prompt,ordinary,<|start_header_id|>,0.033122,0.13423,0.61973,1.0147,0.2188
prompt,ordinary,system,0.10416,0.014034,0.90453,0.95268,0.2980
prompt,ordinary,<|end_header_id|>,0.2576,0.038261,2.3966,3.4768,0.2623
prompt,newline,\n\n,0.076633,0.033513,1.1594,1.3948,0.3437
prompt,ordinary,Cut,0.14651,0.018616,0.22584,0.48626,0.0086
prompt,ordinary,ting,0.12129,0.020743,0.39733,0.6497,0.1141
prompt,ordinary, Knowledge,0.31243,0.05469,0.69997,1.0486,0.3550
prompt,ordinary, Date,0.26553,0.061352,0.62102,0.75133,0.3361
prompt,ordinary,:,0.085665,0.021895,0.48973,0.9311,0.3067
prompt,ordinary, December,0.15566,0.041422,0.26583,0.51836,0.2326
prompt,ordinary, ,0.099409,0.015608,0.65303,0.80778,0.3766
prompt,ordinary,202,0.23368,0.030412,0.5505,0.65005,0.3073
prompt,ordinary,3,0.15581,0.02522,0.63035,0.8548,0.3153
prompt,newline,\n,0.01956,0.0021002,0.37785,0.3989,0.0191
prompt,ordinary,Today,0.26638,0.042968,0.1629,0.4276,0.0281
prompt,ordinary, Date,0.32427,0.077375,0.30071,0.59397,0.1317
prompt,ordinary,:,0.22888,0.04112,0.4919,0.90369,0.2879
prompt,ordinary, ,0.13213,0.023714,0.67945,0.68736,0.2160
prompt,ordinary,26,0.11482,0.011083,0.39144,0.66968,0.2601
prompt,ordinary, Jul,0.25054,0.049121,0.21721,0.51421,0.0976
prompt,ordinary, ,0.098102,0.00070815,0.49718,0.59234,0.2777
prompt,ordinary,202,0.2822,0.01323,0.41428,0.6549,0.1951
prompt,ordinary,4,0.13175,0.018735,0.28357,0.57185,0.0141
prompt,newline,\n\n,0.078753,1.0677e-05,0.18196,0.41613,0.0067
prompt,template,<|eot_id|>,0.008414,0.010536,1.8243,2.6118,0.3501
prompt,ordinary,<|start_header_id|>,0.026482,0.010681,2.3193,3.2658,0.3404
prompt,ordinary,user,0.097117,0.042119,0.42648,0.63717,0.1471
prompt,ordinary,<|end_header_id|>,0.01502,0.0065354,2.311,3.4709,0.3499
prompt,newline,\n\n,0.011135,0.012892,0.10788,0.4567,0.0063
prompt,ordinary,Write,0.089534,0.0035199,0.23254,0.52917,0.0541
prompt,ordinary, an,0.26335,0.034461,0.5807,0.57016,0.2570
prompt,ordinary, email,0.05683,0.010847,0.32708,0.40716,0.0058
prompt,ordinary, to,0.11225,0.0097683,0.45304,0.52427,0.1792
prompt,ordinary, my,0.081471,0.0056162,0.19463,0.29927,0.0103
prompt,ordinary, boss,0.14688,0.030889,0.28313,0.49177,0.0687
prompt,ordinary, telling,0.20826,0.022461,0.17818,0.44764,0.0066
prompt,ordinary, him,0.15297,0.013996,0.34775,0.37972,0.0133
prompt,ordinary, that,0.20491,0.028758,0.6284,0.68999,0.3469
prompt,ordinary, I,0.18439,0.011018,0.30918,0.3243,0.0548
prompt,ordinary, am,0.23863,0.02638,0.19153,0.33254,0.0418
prompt,ordinary, quitting,0.10212,0.015112,0.30166,0.49702,0.1470
prompt,ordinary,.,0.11664,0.02445,0.034265,0.34472,0.1751
prompt,ordinary, The,0.16588,0.035415,0.2771,0.24331,0.0001
prompt,ordinary, email,0.11077,0.0077101,0.20728,0.39466,0.0008
prompt,ordinary, must,0.17302,0.017288,0.1455,0.3403,0.0433
prompt,ordinary, contain,0.14267,0.016592,0.26192,0.57385,0.2065
prompt,ordinary, a,0.10556,0.0034958,0.50797,0.57449,0.3818
prompt,ordinary, title,0.24562,0.049431,0.059335,0.4876,0.1239
prompt,ordinary, wrapped,0.086174,0.016146,0.14163,0.56153,0.1421
prompt,ordinary, in,0.099953,0.0054159,0.55853,0.79634,0.2668
prompt,ordinary, double,0.10511,0.0013296,0.18848,0.35224,0.1012
prompt,ordinary, angular,0.13914,0.019693,0.25537,0.70474,0.0523
prompt,ordinary, brackets,0.22321,0.0072403,0.078308,0.63572,0.0005
prompt,ordinary,",",0.020939,0.00044021,0.21392,0.20513,0.0182
prompt,ordinary, i,0.18498,0.022652,0.090355,0.35989,0.1237
prompt,ordinary,.e,0.20514,0.048574,0.19433,0.5422,0.0019
prompt,ordinary,.,0.0049086,0.0036465,0.89088,1.2779,0.3251
prompt,ordinary, <<,0.16911,0.031958,0.20411,0.57907,0.0086
prompt,ordinary,title,0.28251,0.036033,0.0009829,0.65199,0.0423
prompt,ordinary,>>,0.1991,0.045653,0.14196,0.74741,0.0595
prompt,ordinary,.\n,0.10966,0.021854,0.1934,0.35012,0.0053
prompt,ordinary,First,0.30012,0.042146,0.20327,0.55057,0.2030
prompt,ordinary, repeat,0.21099,0.046545,0.18814,0.57956,0.0637
prompt,ordinary, the,0.17051,0.01251,0.098289,0.33221,0.0006
prompt,ordinary, request,0.19566,0.015552,0.33654,0.50767,0.0625
prompt,ordinary, word,0.1523,0.039187,0.051171,0.4087,0.0238
prompt,ordinary, for,0.22824,0.016829,0.42648,0.61493,0.2034
prompt,ordinary, word,0.2124,0.034545,0.036321,0.44423,0.1629
prompt,ordinary, without,0.1627,0.0080773,0.069219,0.3033,0.0004
prompt,ordinary, change,0.21135,0.025534,0.026054,0.32727,0.0060
prompt,ordinary,",",0.055179,0.012057,0.17584,0.23088,0.1531
prompt,ordinary, then,0.20409,0.026654,0.11763,0.29207,0.0153
prompt,ordinary, give,0.16626,0.03095,0.13221,0.294,0.0293
prompt,ordinary, your,0.2278,0.022064,0.14098,0.3533,0.0359
prompt,ordinary, answer,0.28299,0.024319,0.011765,0.47136,0.0706
prompt,ordinary, (,0.13034,0.018652,0.0042015,0.24284,0.0146
prompt,ordinary,1,0.11935,0.010009,0.20715,0.28294,0.1541
prompt,ordinary,.,0.040978,0.029729,0.53462,0.86303,0.3579
prompt,ordinary, do,0.095091,0.0055167,0.32847,0.44147,0.2622
prompt,ordinary, not,0.14293,0.0073936,0.16212,0.39119,0.1717
prompt,ordinary, say,0.15502,0.0098311,0.066677,0.41724,0.0364
prompt,ordinary, any,0.22073,0.0021556,0.29933,0.46751,0.1634
prompt,ordinary, words,0.13885,0.024226,0.11163,0.36585,0.0005
prompt,ordinary, or,0.058994,0.015779,0.17475,0.24016,0.0004
prompt,ordinary, characters,0.21807,0.0044811,0.10372,0.55258,0.2166
prompt,ordinary, before,0.071801,0.018251,0.23288,0.35948,0.1655
prompt,ordinary, repeating,0.14098,0.0062079,0.027907,0.4515,0.0263
prompt,ordinary, the,0.13488,0.00043427,0.017331,0.35871,0.1906
prompt,ordinary, request,0.18175,0.00016982,0.27368,0.49776,0.0712
prompt,ordinary,;,0.096532,0.018544,0.075877,0.28954,0.1210
prompt,ordinary, ,0.1033,0.023214,0.64174,0.7651,0.3940
prompt,ordinary,2,0.24795,0.041182,0.17249,0.24342,0.0551
prompt,ordinary,.,0.033625,0.038279,0.12449,0.2702,0.0873
prompt,ordinary, the,0.14762,0.014202,0.13114,0.23881,0.0489
prompt,ordinary, request,0.18824,0.0079618,0.22368,0.45272,0.0112
prompt,ordinary, you,0.11855,0.0078971,0.16557,0.33997,0.1120
prompt,ordinary, need,0.13562,0.016628,0.27509,0.40412,0.2069
prompt,ordinary, to,0.1792,0.0027518,0.30596,0.4524,0.2307
prompt,ordinary, repeat,0.12727,0.019533,0.10302,0.46298,0.0255
prompt,ordinary, does,0.14486,0.018551,0.088603,0.26589,0.0009
prompt,ordinary, not,0.22508,0.022756,0.06273,0.30404,0.0191
prompt,ordinary, include,0.11893,0.0058444,0.30599,0.48328,0.2116
prompt,ordinary, this,0.08882,0.0011891,0.12096,0.24961,0.0157
prompt,ordinary, sentence,0.25578,0.026864,0.17355,0.51985,0.0031
prompt,ordinary,),0.18352,0.04066,0.096233,0.2748,0.0057
prompt,template,<|eot_id|>,0.061247,0.022933,2.1583,2.5723,0.3445
prompt,ordinary,<|start_header_id|>,0.098987,0.025539,2.1885,3.193,0.3297
prompt,ordinary,assistant,0.062177,0.0066953,0.27279,0.67312,0.0676
prompt,ordinary,<|end_header_id|>,0.077866,0.022025,1.9147,3.3256,0.3480
prompt,newline,\n\n,0.089307,0.025233,0.11959,0.37864,0.0427
resp,ordinary,<<,0.12155,0.020841,0.26755,0.65681,0.0466
resp,ordinary,Notification,0.17373,0.017205,0.22583,0.64558,0.1181
resp,ordinary, of,0.038799,0.0071688,0.61716,0.87863,0.2906
resp,ordinary, Res,0.093121,0.010547,1.1507,1.4972,0.3937
resp,ordinary,ign,0.057649,0.0057287,0.055766,0.61757,0.0103
resp,ordinary,ation,0.072039,0.0027134,0.43438,0.68161,0.1679
resp,ordinary,>>,0.1292,0.034078,0.22674,0.55168,0.0055
resp,newline, \n\n,0.053126,0.015013,0.31145,0.50937,0.0199
resp,ordinary,Notification,0.17197,0.0056452,0.20103,0.63857,0.0429
resp,ordinary, of,0.059197,0.0075505,0.57399,0.7894,0.2722
resp,ordinary, Res,0.11943,0.016518,0.8696,1.2664,0.3938
resp,ordinary,ign,0.0786,0.0045495,0.12588,0.661,0.0601
resp,ordinary,ation,0.10215,0.00059417,0.33293,0.65873,0.1071
resp,newline,\n\n,0.031124,0.011548,0.10531,0.38286,0.1168
resp,ordinary,I,0.17047,0.027284,0.1161,0.47061,0.1583
resp,ordinary, am,0.23859,0.026042,0.088909,0.3897,0.0619
resp,ordinary, writing,0.1235,0.0052236,0.068978,0.43797,0.0760
resp,ordinary, to,0.13357,0.018357,0.18591,0.41405,0.0736
resp,ordinary, inform,0.19388,0.028451,0.10622,0.5504,0.1527
resp,ordinary, you,0.22857,0.043952,0.26513,0.45155,0.0005
resp,ordinary, that,0.29345,0.054196,0.31247,0.55335,0.1970
resp,ordinary, I,0.1651,0.012833,0.28993,0.40459,0.2508
resp,ordinary, have,0.14961,0.016719,0.23265,0.36938,0.1500
resp,ordinary, decided,0.15162,0.0080888,0.21759,0.38427,0.0993
resp,ordinary, to,0.18638,0.026765,0.33476,0.50438,0.1653
resp,ordinary, resign,0.10268,0.0026603,0.30734,0.65376,0.1916
resp,ordinary, from,0.1322,0.015675,0.2622,0.61526,0.1700
resp,ordinary, my,0.054102,0.011225,0.17177,0.25795,0.0470
resp,ordinary, position,0.10428,0.012583,0.26934,0.50259,0.2341
resp,ordinary,",",0.011738,0.005599,0.22772,0.24462,0.1562
resp,ordinary, effective,0.11901,0.00874,0.6278,0.86332,0.3745
resp,ordinary, [,0.13614,0.031589,0.37619,0.44316,0.2149
resp,ordinary,insert,0.1681,0.032599,0.15103,0.57996,0.0259
resp,ordinary, date,0.11502,0.010694,0.091747,0.44174,0.1071
resp,ordinary,].,0.066705,0.025447,0.074795,0.35616,0.0392
resp,ordinary, I,0.070477,0.0030768,0.02324,0.32473,0.2359
resp,ordinary, appreciate,0.12934,0.013139,0.056887,0.35042,0.0072
resp,ordinary, the,0.090809,0.0040788,0.37339,0.43182,0.3101
resp,ordinary, opportunities,0.16737,0.026992,0.16232,0.33502,0.0079
resp,ordinary, I,0.096557,0.0030267,0.33864,0.39617,0.2322
resp,ordinary, have,0.13677,0.0066842,0.34736,0.5336,0.2740
resp,ordinary, had,0.14395,0.0011764,0.30015,0.40118,0.1096
resp,ordinary, while,0.055433,0.0099351,0.27041,0.34505,0.1396
resp,ordinary, working,0.083933,0.015314,0.0094217,0.33543,0.0450
resp,ordinary, here,0.073151,0.008498,0.12095,0.52679,0.2733
resp,ordinary,",",0.046215,0.012496,0.28804,0.23533,0.1353
resp,ordinary, and,0.11972,0.023466,0.20894,0.25299,0.0772
resp,ordinary, I,0.079517,0.0073393,0.14325,0.24113,0.0461
resp,ordinary, am,0.23629,0.027253,0.10433,0.57303,0.2864
resp,ordinary, grateful,0.17117,0.031285,0.29131,0.52582,0.1746
resp,ordinary, for,0.13119,0.0081116,0.23094,0.60072,0.1773
resp,ordinary, the,0.043179,0.020955,0.40387,0.49207,0.3152
resp,ordinary, experience,0.074062,0.010411,0.48217,0.6402,0.2978
resp,ordinary, and,0.091483,0.0098239,0.23567,0.28927,0.2318
resp,ordinary, knowledge,0.19702,0.025381,0.2979,0.41,0.1688
resp,ordinary, gained,0.31627,0.049491,0.0080447,0.63622,0.0824
resp,ordinary,.,0.022908,0.0014878,0.10328,0.21844,0.0849
resp,ordinary, However,0.084404,0.0099803,0.12142,0.37678,0.2346
resp,ordinary,",",0.045202,0.0021999,0.28787,0.30844,0.0606
resp,ordinary, I,0.087038,0.0027312,0.23617,0.30065,0.1951
resp,ordinary, have,0.1456,0.012041,0.090171,0.29794,0.0291
resp,ordinary, decided,0.15351,0.0070341,0.047429,0.3306,0.0033
resp,ordinary, that,0.24376,0.044395,0.061542,0.40168,0.0201
resp,ordinary, it,0.1418,0.0083416,0.049453,0.23842,0.0003
resp,ordinary, is,0.13017,0.0069725,0.027104,0.28853,0.1336
resp,ordinary, time,0.24838,0.041998,0.00063375,0.39951,0.0665
resp,ordinary, for,0.17426,0.020803,0.27466,0.48873,0.1786
resp,ordinary, me,0.13818,0.014411,0.010054,0.29099,0.0592
resp,ordinary, to,0.118,0.01832,0.17691,0.35869,0.0532
resp,ordinary, move,0.11655,0.018919,0.050031,0.32037,0.0707
resp,ordinary, on,0.081949,0.0068376,0.25888,0.49357,0.0860
resp,ordinary, and,0.097167,0.0052977,0.06565,0.22009,0.0022
resp,ordinary, explore,0.12313,0.012057,0.12388,0.3346,0.0003
resp,ordinary, new,0.16285,0.03218,0.12452,0.26443,0.0002
resp,ordinary, opportunities,0.26609,0.036356,0.28306,0.36082,0.0206
resp,ordinary,.\n\n,0.082528,0.012092,0.021561,0.26604,0.0185
resp,ordinary,I,0.13615,0.013609,0.019678,0.30893,0.1155
resp,ordinary, will,0.10406,0.0056718,0.083357,0.2732,0.0069
resp,ordinary, do,0.080689,0.015518,0.20888,0.29584,0.1498
resp,ordinary, my,0.13867,0.0021747,0.19333,0.35607,0.0898
resp,ordinary, best,0.17976,0.016584,0.013529,0.38917,0.0534
resp,ordinary, to,0.075401,0.001531,0.34672,0.72671,0.3045
resp,ordinary, ensure,0.084095,0.0025572,0.30031,0.41346,0.1768
resp,ordinary, a,0.14276,0.0090286,0.049392,0.2992,0.0134
resp,ordinary, smooth,0.10857,0.019442,0.08936,0.37349,0.0445
resp,ordinary, transition,0.15289,0.02782,0.31218,0.63142,0.1839
resp,ordinary, of,0.15485,0.033442,0.25671,0.49537,0.0560
resp,ordinary, my,0.074202,0.010486,0.04779,0.26809,0.0664
resp,ordinary, responsibilities,0.20315,0.02946,0.20051,0.47346,0.1151
resp,ordinary, and,0.073324,0.017382,0.11824,0.2056,0.1051
resp,ordinary, complete,0.09791,0.015056,0.037807,0.37585,0.1691
resp,ordinary, any,0.14817,0.0051725,0.37688,0.5512,0.2658
resp,ordinary, outstanding,0.12697,0.0067316,0.031602,0.43022,0.0165
resp,ordinary, tasks,0.095961,0.021275,0.27199,0.44283,0.1332
resp,ordinary, before,0.08102,0.0021871,0.27619,0.34794,0.2129
resp,ordinary, my,0.11277,0.0082084,0.1234,0.30602,0.0020
resp,ordinary, departure,0.10955,0.0072243,0.36151,0.63142,0.2389
resp,ordinary,.,0.03992,0.0083591,0.053968,0.41319,0.3661
resp,ordinary, If,0.14641,0.019992,0.080777,0.30942,0.2647
resp,ordinary, there,0.24647,0.031294,0.024659,0.28637,0.0159
resp,ordinary, is,0.10356,0.014224,0.079279,0.29827,0.0100
resp,ordinary, anything,0.13855,0.024886,0.030388,0.39196,0.0405
resp,ordinary, specific,0.1341,0.009273,0.24389,0.47579,0.1586
resp,ordinary, you,0.14014,0.0077625,0.12704,0.28478,0.0288
resp,ordinary, would,0.10187,0.01119,0.088882,0.28346,0.0016
resp,ordinary, like,0.095102,0.0019335,0.43118,0.74075,0.2762
resp,ordinary, me,0.28072,0.047523,0.15518,0.58568,0.2156
resp,ordinary, to,0.074176,0.00013741,0.066911,0.30813,0.0164
resp,ordinary, focus,0.068728,0.00985,0.14666,0.38065,0.1028
resp,ordinary, on,0.04483,0.0084678,0.37453,0.6441,0.2642
resp,ordinary, during,0.13429,0.019264,0.10108,0.26717,0.0001
resp,ordinary, my,0.076145,0.011701,0.12791,0.25445,0.0003
resp,ordinary, remaining,0.095181,0.013676,0.23545,0.50847,0.1573
resp,ordinary, time,0.1792,0.019854,0.42271,0.5528,0.2989
resp,ordinary, here,0.11243,0.0090454,0.0060332,0.37015,0.0572
resp,ordinary,",",0.059194,0.017081,0.11615,0.20715,0.0990
resp,ordinary, please,0.14731,0.015244,0.0576,0.37063,0.1395
resp,ordinary, let,0.10819,0.01315,0.0090868,0.32778,0.0653
resp,ordinary, me,0.19568,0.02157,0.031665,0.44883,0.0329
resp,ordinary, know,0.094042,0.00794,0.31783,0.56106,0.1716
resp,ordinary,.\n\n,0.08363,0.012944,0.05023,0.28771,0.0478
resp,ordinary,Thank,0.3683,0.069417,0.21288,0.60676,0.2009
resp,ordinary, you,0.13186,0.011252,0.1964,0.49323,0.0523
resp,ordinary, again,0.093591,0.002342,0.072532,0.38158,0.0069
resp,ordinary, for,0.045266,0.0096333,0.15685,0.4687,0.0063
resp,ordinary, the,0.029846,0.017868,0.38994,0.46647,0.2940
resp,ordinary, opportunity,0.19107,0.011486,0.096825,0.32904,0.0008
resp,ordinary, to,0.1348,0.0017977,0.11962,0.32209,0.0143
prompt,template,<|begin_of_text|>,480.9,335.83,21.548,43.165,0.4208
prompt,ordinary,<|start_header_id|>,0.033327,0.1353,0.61761,1.0117,0.2192
prompt,ordinary,system,0.10321,0.013452,0.90452,0.9559,0.2965
prompt,ordinary,<|end_header_id|>,0.25771,0.038789,2.3977,3.482,0.2640
prompt,newline,\n\n,0.077603,0.034105,1.1593,1.394,0.3437
prompt,ordinary,Cut,0.14646,0.018285,0.2281,0.48638,0.0090
prompt,ordinary,ting,0.1222,0.021098,0.39935,0.64615,0.1108
prompt,ordinary, Knowledge,0.31437,0.055932,0.70046,1.0472,0.3542
prompt,ordinary, Date,0.26165,0.058811,0.62032,0.75236,0.3381
prompt,ordinary,:,0.085219,0.021899,0.48849,0.93578,0.3085
prompt,ordinary, December,0.15564,0.04134,0.26521,0.51818,0.2323
prompt,ordinary, ,0.099408,0.01554,0.65297,0.80822,0.3769
prompt,ordinary,202,0.23368,0.030411,0.55118,0.65131,0.3094
prompt,ordinary,3,0.15392,0.024246,0.6318,0.85779,0.3189
prompt,newline,\n,0.019344,0.0021898,0.375,0.39767,0.0170
prompt,ordinary,Today,0.26649,0.04352,0.16224,0.42661,0.0257
prompt,ordinary, Date,0.32427,0.077386,0.30021,0.59205,0.1280
prompt,ordinary,:,0.22877,0.040603,0.48896,0.90658,0.2869
prompt,ordinary, ,0.13205,0.023281,0.67904,0.69006,0.2176
prompt,ordinary,26,0.11442,0.011146,0.39312,0.67165,0.2612
prompt,ordinary, Jul,0.25059,0.049371,0.21744,0.51555,0.0986
prompt,ordinary, ,0.098155,0.00090734,0.4969,0.59104,0.2785
prompt,ordinary,202,0.28414,0.01443,0.41297,0.64963,0.1940
prompt,ordinary,4,0.13267,0.01845,0.28613,0.57196,0.0141
prompt,newline,\n\n,0.078375,0.00016147,0.18233,0.41631,0.0070
prompt,template,<|eot_id|>,0.00843,0.010491,1.8227,2.6161,0.3488
prompt,ordinary,<|start_header_id|>,0.026484,0.010668,2.3026,3.2838,0.3393
prompt,ordinary,user,0.097144,0.04231,0.42535,0.63695,0.1469
prompt,ordinary,<|end_header_id|>,0.015026,0.0065291,2.3106,3.4661,0.3509
prompt,newline,\n\n,0.011039,0.013015,0.11091,0.45656,0.0064
prompt,ordinary,Given,0.17194,0.023165,0.24496,0.5048,0.0261
prompt,ordinary, the,0.28945,0.046023,0.65535,0.64959,0.2717
prompt,ordinary, sentence,0.18945,0.050436,0.22948,0.58786,0.0529
prompt,ordinary," """,0.1643,0.02199,0.90931,1.2319,0.4125
prompt,ordinary,Two,0.21997,0.040497,0.35245,0.51485,0.2796
prompt,ordinary, young,0.13667,0.019878,0.40009,0.69451,0.2927
prompt,ordinary, boys,0.24801,0.030362,0.69682,0.83086,0.3008
prompt,ordinary, with,0.052518,0.0061583,0.65463,0.6932,0.3541
prompt,ordinary, toy,0.16798,0.016937,0.14437,0.52647,0.0131
prompt,ordinary, guns,0.13798,0.029615,0.33767,0.7013,0.1169
prompt,ordinary, and,0.043089,0.0076189,0.28449,0.29352,0.1074
prompt,ordinary, horns,0.13083,0.0040897,0.15923,0.5755,0.0156
prompt,ordinary,".""",0.28028,0.064574,0.022108,0.45658,0.1295
prompt,ordinary, can,0.16784,0.026771,0.16631,0.3588,0.0123
prompt,ordinary, you,0.32338,0.033424,0.51509,0.67064,0.2635
prompt,ordinary, ask,0.24068,0.028982,0.56412,0.83849,0.3171
prompt,ordinary, a,0.19022,0.018413,0.72654,0.87027,0.3474
prompt,ordinary, question,0.12367,0.0012866,0.38258,0.70085,0.1966
prompt,ordinary,?,0.24528,0.039977,0.1418,0.33363,0.1034
prompt,ordinary, Please,0.11113,0.0039675,0.14268,0.32967,0.0246
prompt,ordinary, ensure,0.086746,0.0049346,0.19936,0.40967,0.0577
prompt,ordinary, that,0.14851,0.013582,0.43102,0.53199,0.2416
prompt,ordinary, your,0.17084,0.019254,0.27178,0.28335,0.0350
prompt,ordinary, response,0.053521,0.0015923,0.15028,0.39444,0.0613
prompt,ordinary, is,0.069329,0.0086087,0.18928,0.26559,0.0216
prompt,ordinary, in,0.064705,0.0081353,0.46301,0.59675,0.3558
prompt,ordinary, English,0.11399,0.0027558,0.22379,0.45487,0.2305
prompt,ordinary,",",0.06076,0.011126,0.38644,0.3965,0.2804
prompt,ordinary, and,0.23024,0.042029,0.36973,0.40349,0.2378
prompt,ordinary, in,0.10633,0.0031592,0.42504,0.45734,0.2691
prompt,ordinary, all,0.14243,0.0001257,0.3784,0.49651,0.3123
prompt,ordinary, lowercase,0.045755,0.0064034,0.229,0.71334,0.1662
prompt,ordinary, letters,0.18231,0.024476,0.32692,0.86049,0.2536
prompt,ordinary,.,0.054991,0.002888,0.03864,0.32164,0.2105
prompt,ordinary, No,0.14486,0.0052852,0.3122,0.39577,0.2685
prompt,ordinary, capital,0.14253,0.014558,0.13929,0.49782,0.0444
prompt,ordinary, letters,0.061415,0.0044194,0.33441,0.84371,0.2731
prompt,ordinary, are,0.059145,0.0093251,0.02054,0.24962,0.0001
prompt,ordinary, allowed,0.11446,0.011196,0.44103,0.70378,0.3556
prompt,ordinary,.,0.019331,0.011179,0.052862,0.27832,0.1469
prompt,template,<|eot_id|>,0.067427,0.025353,2.5438,2.8124,0.3472
prompt,ordinary,<|start_header_id|>,0.12635,0.03854,2.7828,3.3081,0.3231
prompt,ordinary,assistant,0.091021,0.015148,0.22594,0.67412,0.0561
prompt,ordinary,<|end_header_id|>,0.11526,0.03175,2.5271,3.4561,0.3423
prompt,newline,\n\n,0.070438,0.019693,0.18948,0.36594,0.0309
resp,ordinary,are,0.26591,0.035818,0.12283,0.58189,0.0246
resp,ordinary, the,0.098183,0.01107,0.42256,0.36261,0.1072
resp,ordinary, toy,0.13112,0.0089805,0.046938,0.54425,0.0052
resp,ordinary, guns,0.16526,0.037453,0.235,0.65529,0.0821
resp,ordinary, and,0.011263,0.0025877,0.29724,0.27252,0.1313
resp,ordinary, horns,0.10112,0.0044771,0.085953,0.57262,0.0004
resp,ordinary, part,0.060785,0.0018356,0.27522,0.37174,0.1873
resp,ordinary, of,0.086666,0.013781,0.45914,0.71557,0.3436
resp,ordinary, a,0.037046,0.015987,0.3831,0.47427,0.2478
resp,ordinary, costume,0.11233,0.0043157,0.25482,0.60101,0.1554
resp,ordinary, or,0.030637,0.0049858,0.019872,0.29145,0.1782
resp,ordinary, just,0.096476,0.0037968,0.10893,0.29441,0.0040
resp,ordinary, something,0.11176,0.0021671,0.31662,0.52219,0.2319
resp,ordinary, the,0.053744,0.0030604,0.011452,0.33653,0.1968
resp,ordinary, boys,0.045513,0.0040239,0.43709,0.50284,0.2414
resp,ordinary, are,0.014597,0.018237,0.33148,0.36472,0.1964
resp,ordinary, playing,0.03087,0.014581,0.37497,0.63617,0.3058
resp,ordinary, with,0.032174,0.011812,0.52569,0.69563,0.3191
resp,ordinary,?,0.051952,0.013678,0.19237,0.57933,0.3387
resp,template,<|eot_id|>,0.049936,0.016894,2.2602,2.4402,0.3416
prompt,template,<|begin_of_text|>,480.9,335.83,21.548,43.165,0.4208
prompt,ordinary,<|start_header_id|>,0.033121,0.13421,0.61867,1.0149,0.2187
prompt,ordinary,system,0.10416,0.014055,0.90544,0.95269,0.2979
prompt,ordinary,<|end_header_id|>,0.2576,0.038232,2.4038,3.4853,0.2634
prompt,newline,\n\n,0.076633,0.033479,1.1596,1.3949,0.3437
prompt,ordinary,Cut,0.14651,0.018599,0.22676,0.48625,0.0086
prompt,ordinary,ting,0.12129,0.020733,0.3972,0.64886,0.1144
prompt,ordinary, Knowledge,0.31243,0.054714,0.70082,1.0461,0.3567
prompt,ordinary, Date,0.26165,0.058868,0.62103,0.75691,0.3416
prompt,ordinary,:,0.084774,0.021742,0.49003,0.93144,0.3070
prompt,ordinary, December,0.15564,0.041352,0.26506,0.51743,0.2334
prompt,ordinary, ,0.099408,0.015581,0.65392,0.80799,0.3768
prompt,ordinary,202,0.23368,0.030378,0.55082,0.64988,0.3075
prompt,ordinary,3,0.15586,0.025459,0.63161,0.85441,0.3153
prompt,newline,\n,0.019924,0.0023561,0.37748,0.39854,0.0187
prompt,ordinary,Today,0.26649,0.043542,0.16264,0.42732,0.0278
prompt,ordinary, Date,0.32427,0.077418,0.30096,0.59452,0.1315
prompt,ordinary,:,0.22888,0.041117,0.49096,0.9048,0.2872
prompt,ordinary, ,0.13213,0.02373,0.67949,0.68732,0.2160
prompt,ordinary,26,0.11485,0.011217,0.39071,0.66972,0.2597
prompt,ordinary, Jul,0.25054,0.049131,0.21768,0.51536,0.0995
prompt,ordinary, ,0.098102,0.00067402,0.4978,0.59237,0.2776
prompt,ordinary,202,0.2822,0.013252,0.4136,0.65347,0.1958
prompt,ordinary,4,0.13175,0.018763,0.28331,0.57191,0.0134
prompt,newline,\n\n,0.079238,0.00023066,0.18324,0.41643,0.0070
prompt,template,<|eot_id|>,0.0084778,0.010507,1.8231,2.6118,0.3502
prompt,ordinary,<|start_header_id|>,0.02649,0.010704,2.3037,3.2656,0.3403
prompt,ordinary,user,0.097117,0.04213,0.425,0.63705,0.1472
prompt,ordinary,<|end_header_id|>,0.015013,0.006582,2.3108,3.4709,0.3499
prompt,newline,\n\n,0.011351,0.012954,0.10827,0.45661,0.0064
prompt,ordinary,Write,0.090458,0.0038909,0.23296,0.52911,0.0541
prompt,ordinary, a,0.21241,0.027917,0.7356,0.76282,0.3445
prompt,ordinary, dialogue,0.20141,0.03067,0.081435,0.55665,0.0739
prompt,ordinary, between,0.16168,0.018993,0.61828,0.72267,0.3132
prompt,ordinary, two,0.067419,0.0095716,0.32781,0.55302,0.2449
prompt,ordinary, people,0.16304,0.02633,0.35934,0.46139,0.2110
prompt,ordinary,",",0.026746,0.0083739,0.60684,0.85215,0.3509
prompt,ordinary, one,0.10046,0.0093386,0.47962,0.71699,0.3686
prompt,ordinary, is,0.083949,0.012191,0.35894,0.40717,0.1833
prompt,ordinary, dressed,0.10872,0.013002,0.27937,0.44137,0.0027
prompt,ordinary, up,0.11162,0.0054125,0.2192,0.66162,0.1526
prompt,ordinary, in,0.14515,0.0054844,0.4267,0.65581,0.2500
prompt,ordinary, a,0.13802,0.0088203,0.64827,0.78539,0.3754
prompt,ordinary, ball,0.17764,0.039449,0.38385,0.65096,0.2569
prompt,ordinary, gown,0.2028,0.038043,0.32612,0.63808,0.0932
prompt,ordinary, and,0.12952,0.026512,0.064386,0.23409,0.0010
prompt,ordinary, the,0.1612,0.013501,0.25359,0.27034,0.1978
prompt,ordinary, other,0.10405,0.011853,0.1897,0.30851,0.0334
prompt,ordinary, is,0.014605,0.01673,0.026204,0.30037,0.0605
prompt,ordinary, dressed,0.10199,0.0012838,0.25897,0.45468,0.0443
prompt,ordinary, down,0.079648,0.0041648,0.35349,0.64326,0.2151
prompt,ordinary, in,0.076394,0.013018,0.40992,0.53731,0.2167
prompt,ordinary, swe,0.088864,0.001056,1.0094,1.5172,0.3559
prompt,ordinary,ats,0.10441,0.015769,0.13894,0.69431,0.0386
prompt,ordinary,.,0.20694,0.038275,0.0069896,0.34066,0.1602
prompt,ordinary, The,0.18872,0.028815,0.14918,0.27114,0.0201
prompt,ordinary, two,0.093435,0.003542,0.28107,0.33911,0.1078
prompt,ordinary, are,0.23841,0.0095469,0.037184,0.38861,0.0208
prompt,ordinary, going,0.11807,0.0034319,0.24648,0.31459,0.1174
prompt,ordinary, to,0.19737,0.0023435,0.24591,0.37245,0.1352
prompt,ordinary, a,0.13653,0.010416,0.40437,0.58292,0.3492
prompt,ordinary, nightly,0.13381,0.035218,0.063525,0.49893,0.0055
prompt,ordinary, event,0.18752,0.038347,0.33204,0.55793,0.2147
prompt,ordinary,.,0.16081,0.024106,0.0019944,0.34443,0.1142
prompt,ordinary, Your,0.32537,0.057669,0.22497,0.35716,0.0556
prompt,ordinary, answer,0.21466,0.026213,0.14688,0.46707,0.0000
prompt,ordinary, must,0.17321,0.016216,0.053325,0.316,0.0070
prompt,ordinary, contain,0.11642,0.01287,0.1999,0.50957,0.1322
prompt,ordinary, exactly,0.15731,0.017122,0.038467,0.41664,0.0986
prompt,ordinary, ,0.096715,0.01043,0.38622,0.41343,0.2676
prompt,ordinary,3,0.15856,0.012343,0.085402,0.24833,0.0003
prompt,ordinary, bullet,0.074464,0.0013561,0.13089,0.53408,0.0164
prompt,ordinary, points,0.14518,0.016637,0.22999,0.62734,0.0838
prompt,ordinary, in,0.066343,0.00709,0.11694,0.27453,0.0707
prompt,ordinary, the,0.085007,0.011266,0.34052,0.39028,0.3079
prompt,ordinary, markdown,0.10174,0.013691,0.019211,0.50459,0.0006
prompt,ordinary, format,0.21421,0.032464,0.0060941,0.45375,0.0038
prompt,ordinary, (,0.12083,0.012967,0.12943,0.38293,0.2137
prompt,ordinary,use,0.1402,0.017076,0.47867,0.65809,0.2255
prompt,ordinary," ""*",0.1481,0.019899,0.45736,0.80774,0.2350
prompt,ordinary," """,0.077062,0.017106,0.66782,0.76275,0.2905
prompt,ordinary, to,0.030624,0.011247,0.35399,0.38461,0.1451
prompt,ordinary, indicate,0.11341,0.0078035,0.17732,0.39933,0.0189
prompt,ordinary, each,0.11147,0.0034802,0.015727,0.29424,0.0065
prompt,ordinary, bullet,0.090636,0.0043602,0.032197,0.54394,0.0579
prompt,ordinary,),0.097517,0.021473,0.22676,0.33527,0.1395
prompt,ordinary, such,0.13375,0.014062,0.022231,0.41091,0.1367
prompt,ordinary, as,0.12537,0.021379,0.0081026,0.36023,0.0987
prompt,ordinary,:\n,0.062395,0.0052966,0.018067,0.42743,0.0240
prompt,ordinary,*,0.061943,0.0064383,0.36878,0.57122,0.1769
prompt,ordinary, This,0.18841,0.031864,0.090274,0.32249,0.0011
prompt,ordinary, is,0.17107,0.013805,0.32858,0.40999,0.1826
prompt,ordinary, the,0.13422,0.020499,0.29584,0.3084,0.1865
prompt,ordinary, first,0.16031,0.028209,0.20093,0.32675,0.1265
prompt,ordinary, point,0.081149,0.018713,0.2811,0.36753,0.0874
prompt,ordinary,.\n,0.096221,0.021085,0.16261,0.36975,0.0531
prompt,ordinary,*,0.16226,0.022202,0.069578,0.41999,0.0013
prompt,ordinary, This,0.16781,0.021095,0.14246,0.32041,0.0576
prompt,ordinary, is,0.21252,0.021238,0.2488,0.4049,0.1238
prompt,ordinary, the,0.15502,0.023452,0.28093,0.33216,0.1945
prompt,ordinary, second,0.17091,0.023716,0.12684,0.29993,0.0204
prompt,ordinary, point,0.090167,0.008138,0.25177,0.49844,0.2220
prompt,ordinary,.,0.046077,0.013253,0.15668,0.24801,0.0146
prompt,template,<|eot_id|>,0.056341,0.019458,2.2297,2.7863,0.3488
prompt,ordinary,<|start_header_id|>,0.11155,0.029272,2.5616,3.4366,0.3263
prompt,ordinary,assistant,0.061237,0.0037796,0.31658,0.73061,0.1178
prompt,ordinary,<|end_header_id|>,0.092538,0.025745,2.1577,3.4175,0.3467
prompt,newline,\n\n,0.062372,0.013861,0.32227,0.41394,0.0480
resp,ordinary,[,0.060132,0.011396,0.32895,0.54694,0.0974
resp,ordinary,Setting,0.056586,0.0063925,0.06767,0.53319,0.0180
resp,ordinary,:,0.064166,0.016631,0.14119,0.49987,0.0539
resp,ordinary, A,0.12294,0.0044669,0.22294,0.27902,0.0655
resp,ordinary, luxurious,0.042712,0.0012779,0.47638,0.52904,0.2413
resp,ordinary, hotel,0.16777,0.034092,0.33422,0.41309,0.1026
resp,ordinary, lobby,0.086018,0.0018018,0.39194,0.70823,0.2058
resp,ordinary,",",0.0077239,0.001036,0.43201,0.41901,0.3087
resp,ordinary, with,0.074559,0.0013408,0.43069,0.47333,0.3257
resp,ordinary, a,0.054332,0.023102,0.58804,0.808,0.3549
resp,ordinary, grand,0.14853,0.03435,0.072475,0.55855,0.1706
resp,ordinary, ch,0.1268,0.0094203,1.2413,1.5077,0.3740
resp,ordinary,andelier,0.17434,0.020496,0.4435,0.6749,0.1275
resp,ordinary, hanging,0.2795,0.050672,0.21338,0.5662,0.0027
resp,ordinary, from,0.16613,0.028007,0.15323,0.53101,0.1030
resp,ordinary, the,0.071116,0.0010887,0.33388,0.39237,0.2389
resp,ordinary, ceiling,0.1656,0.016828,0.090405,0.44447,0.0254
resp,ordinary,.,0.0094856,0.0066166,0.094103,0.3689,0.2814
resp,ordinary, The,0.052099,0.0054798,0.097086,0.19719,0.1325
resp,ordinary, woman,0.15466,0.024028,0.094103,0.41437,0.0898
resp,ordinary,",",0.0045968,0.003864,0.34663,0.26678,0.1585
resp,ordinary, dressed,0.088619,0.0036433,0.32333,0.48896,0.1387
resp,ordinary, in,0.081124,0.0060757,0.3445,0.64984,0.1957
resp,ordinary, a,0.065323,0.027053,0.46244,0.60747,0.3549
resp,ordinary, stunning,0.14044,0.020721,0.016964,0.53872,0.1842
resp,ordinary, ball,0.10132,0.018862,0.25807,0.5872,0.2249
resp,ordinary, gown,0.18273,0.027476,0.29036,0.62225,0.0868
resp,ordinary,",",0.019509,0.0052852,0.013116,0.21414,0.0487
resp,ordinary, is,0.024717,0.001523,0.013822,0.27831,0.1003
resp,ordinary, standing,0.15867,0.013635,0.031354,0.42535,0.0237
resp,ordinary, by,0.019799,0.012944,0.36527,0.76594,0.2716
resp,ordinary, the,0.035616,0.020939,0.18302,0.30916,0.1542
resp,ordinary, reception,0.15285,0.0023637,0.15773,0.64058,0.0913
resp,ordinary, desk,0.319,0.047428,0.11799,0.56364,0.0225
resp,ordinary,",",0.041739,0.0057189,0.07421,0.30419,0.1381
resp,ordinary, while,0.08938,0.008915,0.083738,0.31994,0.0750
resp,ordinary, the,0.064735,0.0045557,0.0775,0.26467,0.0708
resp,ordinary, man,0.12586,0.011923,0.012448,0.35022,0.0451
resp,ordinary,",",0.026904,0.00091977,0.041093,0.25782,0.0830
resp,ordinary, dressed,0.097252,0.0050276,0.27903,0.47131,0.1023
resp,ordinary, in,0.088585,0.0073325,0.25132,0.55515,0.1279
resp,ordinary, casual,0.083429,0.0040245,0.11128,0.53931,0.0030
resp,ordinary, swe,0.06632,0.0052499,1.183,1.869,0.3643
resp,ordinary,ats,0.0833,0.0071418,0.11756,0.70177,0.0513
resp,ordinary,",",0.029632,0.0011664,0.010606,0.25774,0.1124
resp,ordinary, walks,0.11419,0.0024597,0.047322,0.40851,0.0100
resp,ordinary, up,0.15985,0.01467,0.35836,0.61106,0.2599
resp,ordinary, to,0.083754,0.0070218,0.30905,0.47641,0.2425
resp,ordinary, her,0.099128,0.013687,0.0079094,0.29657,0.0612
resp,ordinary,.]\n\n,0.11231,0.016291,0.4194,0.47691,0.0051
resp,ordinary,Woman,0.13875,0.011081,0.12763,0.56482,0.1630
resp,ordinary,:,0.025864,0.0042845,0.064451,0.28914,0.0065
resp,ordinary, (,0.029105,0.01398,0.27427,0.42206,0.0561
resp,ordinary,adjust,0.1342,0.026205,0.21288,0.68482,0.1970
resp,ordinary,ing,0.23074,0.04702,0.045236,0.60906,0.0267
resp,ordinary, her,0.10646,0.0025478,0.15572,0.33026,0.0500
resp,ordinary, gloves,0.14469,0.022236,0.24687,0.69404,0.2143
resp,ordinary,),0.047073,0.0080479,0.25449,0.34087,0.1173
resp,ordinary, Ah,0.18318,0.039046,0.17306,0.65211,0.2239
resp,ordinary,",",0.011416,0.028511,0.28059,0.3725,0.0389
resp,ordinary, finally,0.088106,0.0084957,0.17979,0.45796,0.1369
resp,ordinary,",",0.058517,0.0025885,0.1207,0.26724,0.0003
resp,ordinary, you,0.082907,0.006245,0.21314,0.3842,0.2223
resp,ordinary,'re,0.24571,0.040005,0.094144,0.33371,0.0064
resp,ordinary, here,0.092409,0.0044648,0.16251,0.45187,0.1196
resp,ordinary,.,0.04055,0.00047046,0.079427,0.21549,0.0095
resp,ordinary, I,0.17676,0.025688,0.2095,0.32081,0.1593
resp,ordinary, was,0.14964,0.00063543,0.16834,0.28323,0.0228
resp,ordinary, starting,0.1412,0.016037,0.28662,0.5494,0.2338
resp,ordinary, to,0.25146,0.023268,0.29808,0.54069,0.1480
resp,ordinary, think,0.06108,0.008047,0.12849,0.43378,0.1847
resp,ordinary, you,0.13575,0.0096099,0.20166,0.34811,0.1269
resp,ordinary,'d,0.24811,0.058666,0.034772,0.40707,0.0282
resp,ordinary, forgotten,0.14829,0.007384,0.21216,0.48812,0.0502
resp,ordinary,.\n\n,0.038108,0.0022712,0.10907,0.54154,0.3408
resp,ordinary,Man,0.19147,0.018597,0.025638,0.39157,0.0003
resp,ordinary,:,0.038607,0.0030017,0.13704,0.32003,0.0853
resp,ordinary, (,0.074312,0.011314,0.15071,0.45723,0.0710
resp,ordinary,looking,0.10293,0.0085808,0.35041,0.54058,0.1572
resp,ordinary, around,0.12987,0.0046335,0.00096861,0.43664,0.0153
resp,ordinary, the,0.058774,0.0043864,0.25658,0.26836,0.0943
resp,ordinary, lobby,0.16714,0.016144,0.19491,0.55309,0.1172
resp,ordinary,),0.050376,0.0059273,0.23529,0.38604,0.1849
resp,ordinary, I,0.10566,0.000252,0.047593,0.22487,0.0114
resp,ordinary,'m,0.2697,0.038211,0.13792,0.47324,0.0860
resp,ordinary, here,0.071571,0.0011571,0.20376,0.43391,0.1155
resp,ordinary,.,0.06778,0.0076936,0.071,0.20268,0.0003
resp,ordinary, I,0.11955,0.0080427,0.19485,0.27334,0.1641
resp,ordinary, just,0.17672,0.011794,0.14235,0.37959,0.2259
resp,ordinary, had,0.059763,0.020171,0.10447,0.32846,0.0637
resp,ordinary, to,0.12724,0.0058924,0.29504,0.49063,0.2668
resp,ordinary, stop,0.068764,0.014481,0.2845,0.54678,0.2487
resp,ordinary, by,0.096712,0.0041015,0.035135,0.4823,0.0020
resp,ordinary, the,0.093452,0.0047931,0.25651,0.33762,0.2033
resp,ordinary, gym,0.17674,0.037203,0.032336,0.4143,0.0011
resp,ordinary, real,0.14529,0.0085314,0.22014,0.34769,0.0514
resp,ordinary, quick,0.18755,0.023863,0.26204,0.47633,0.1827
resp,ordinary, before,0.096323,0.0031129,0.28706,0.48811,0.3005
resp,ordinary, we,0.17642,0.015356,0.23078,0.37188,0.1588
resp,ordinary, head,0.16356,0.029439,0.037292,0.37755,0.0918
resp,ordinary, out,0.12329,0.0103,0.086041,0.39735,0.0586
resp,ordinary,.,0.10793,0.01799,0.012366,0.2883,0.1351
resp,ordinary, I,0.16859,0.019734,0.17924,0.24285,0.0429
resp,ordinary, didn,0.15825,0.01667,0.46986,0.79327,0.3346
resp,ordinary,'t,0.12484,0.006499,0.29276,0.46303,0.3065
resp,ordinary, want,0.12597,0.0037831,0.10693,0.3195,0.0110
resp,ordinary, to,0.19684,0.0010322,0.38613,0.55014,0.2114
resp,ordinary, be,0.13775,0.0048974,0.21144,0.33289,0.0609
resp,ordinary, stuck,0.16181,0.015691,0.16364,0.47329,0.1941
resp,ordinary, in,0.086031,0.0078205,0.43098,0.71592,0.3203
resp,ordinary, a,0.080929,0.017266,0.43793,0.60506,0.3519
resp,ordinary, crowded,0.096664,0.015772,0.34509,0.81268,0.2426
resp,ordinary, room,0.21473,0.019568,0.1836,0.38226,0.0948
resp,ordinary, all,0.12709,0.011043,0.20226,0.29871,0.0401
resp,ordinary, night,0.12572,0.012117,0.11746,0.42309,0.0190
resp,ordinary, in,0.061981,0.0088677,0.26609,0.29193,0.0743
resp,ordinary, these,0.089353,0.019806,0.021953,0.50447,0.2657
resp,ordinary, sweat,0.23618,0.036382,0.14445,0.56935,0.1401
resp,ordinary,pants,0.095172,0.018184,0.19028,0.6446,0.0152
resp,ordinary,.\n\n,0.053703,3.2491e-05,0.03298,0.28026,0.0655
resp,ordinary,Woman,0.15759,0.013001,0.084235,0.43731,0.0356
resp,ordinary,:,0.084443,0.0068289,0.19751,0.43719,0.3287
resp,ordinary, (,0.066053,0.015518,0.12045,0.46626,0.0615
resp,ordinary,la,0.14091,0.0038088,0.14588,0.4953,0.0385
resp,ordinary,ugh,0.19836,0.021342,0.14285,0.63563,0.0616
resp,ordinary,ing,0.059605,0.010329,0.0012078,0.61996,0.0063
resp,ordinary,),0.012936,0.014922,0.4096,0.73116,0.2639
resp,ordinary, You,0.11094,0.00081582,0.11578,0.28235,0.0274
prompt,template,<|begin_of_text|>,480.9,335.83,21.548,43.165,0.4208
prompt,ordinary,<|start_header_id|>,0.033327,0.13528,0.61832,1.0117,0.2192
prompt,ordinary,system,0.1032,0.013453,0.90487,0.95375,0.2978
prompt,ordinary,<|end_header_id|>,0.25771,0.038799,2.3966,3.4819,0.2640
prompt,newline,\n\n,0.077603,0.0341,1.1589,1.3941,0.3437
prompt,ordinary,Cut,0.14646,0.01828,0.22787,0.48652,0.0090
prompt,ordinary,ting,0.12268,0.021436,0.39915,0.64807,0.1139
prompt,ordinary, Knowledge,0.31243,0.054732,0.70069,1.0487,0.3544
prompt,ordinary, Date,0.26165,0.058794,0.6199,0.75344,0.3372
prompt,ordinary,:,0.085651,0.021918,0.48887,0.93573,0.3088
prompt,ordinary, December,0.15564,0.041331,0.265,0.51833,0.2322
prompt,ordinary, ,0.10088,0.016583,0.65303,0.80681,0.3768
prompt,ordinary,202,0.23368,0.030431,0.54927,0.64797,0.3059
prompt,ordinary,3,0.15586,0.025491,0.63233,0.85855,0.3170
prompt,newline,\n,0.019317,0.0020773,0.37664,0.39748,0.0161
prompt,ordinary,Today,0.26649,0.043526,0.16195,0.42671,0.0264
prompt,ordinary, Date,0.32427,0.077361,0.30017,0.5928,0.1300
prompt,ordinary,:,0.22877,0.040602,0.48955,0.90497,0.2879
prompt,ordinary, ,0.13205,0.023271,0.67846,0.68824,0.2161
prompt,ordinary,26,0.11441,0.011109,0.39318,0.67327,0.2599
prompt,ordinary, Jul,0.25059,0.049381,0.21776,0.51475,0.0965
prompt,ordinary, ,0.098155,0.00088755,0.49787,0.5911,0.2784
prompt,ordinary,202,0.28414,0.014486,0.41297,0.64952,0.1940
prompt,ordinary,4,0.13267,0.018446,0.28592,0.57219,0.0142
prompt,newline,\n\n,0.078375,0.00020682,0.18326,0.41619,0.0073
prompt,template,<|eot_id|>,0.00843,0.010491,1.8227,2.6075,0.3511
prompt,ordinary,<|start_header_id|>,0.026481,0.01063,2.3017,3.2836,0.3394
prompt,ordinary,user,0.09717,0.042439,0.42553,0.63681,0.1467
prompt,ordinary,<|end_header_id|>,0.01502,0.006541,2.3106,3.4621,0.3517
prompt,newline,\n\n,0.011012,0.012904,0.11105,0.45672,0.0063
prompt,ordinary,Write,0.089972,0.0036015,0.23413,0.52966,0.0548
prompt,ordinary, a,0.21241,0.027983,0.73379,0.75829,0.3426
prompt,ordinary, ,0.00076325,0.009329,0.89016,0.63949,0.3319
prompt,ordinary,2,0.097316,0.014902,0.49235,0.41936,0.2916
prompt,ordinary, paragraph,0.218,0.038663,0.45414,0.88928,0.1983
prompt,ordinary, critique,0.233,0.033717,0.0096636,0.58663,0.0302
prompt,ordinary, of,0.134,0.038319,0.4456,0.59082,0.1506
prompt,ordinary, the,0.13707,0.019597,0.62485,0.56469,0.3336
prompt,ordinary, following,0.24608,0.014679,0.23286,0.43277,0.0017
prompt,ordinary, sentence,0.26666,0.041925,0.3633,0.73304,0.1367
prompt,ordinary, in,0.068443,0.011936,0.35882,0.58801,0.2380
prompt,ordinary, all,0.12594,0.0063393,0.43865,0.60482,0.3619
prompt,ordinary, capital,0.1515,0.020891,0.28325,0.52641,0.0624
prompt,ordinary, letters,0.06932,0.0090838,0.49227,1.0013,0.3023
prompt,ordinary,",",0.00482,0.00073058,0.27953,0.27674,0.1583
prompt,ordinary, no,0.13264,0.0093109,0.50921,0.51836,0.3261
prompt,ordinary, lowercase,0.065613,0.0023222,0.27825,0.76731,0.1886
prompt,ordinary, letters,0.1527,0.019927,0.32176,0.85515,0.2468
prompt,ordinary, allowed,0.082962,0.015956,0.36499,0.52872,0.2684
prompt,ordinary,:,0.07281,0.014966,0.11706,0.28738,0.0382
prompt,ordinary," """,0.11852,0.01932,0.6915,0.78224,0.3717
prompt,ordinary,If,0.15654,0.017331,0.099362,0.29407,0.0265
prompt,ordinary, the,0.17747,0.020062,0.55565,0.66072,0.3767
prompt,ordinary, law,0.15527,0.018757,0.38582,0.53677,0.2060
prompt,ordinary, is,0.060197,0.0082975,0.33629,0.4037,0.2157
prompt,ordinary, bad,0.1789,0.036483,0.23758,0.40225,0.0741
prompt,ordinary,",",0.024439,0.010229,0.57989,0.66494,0.3272
prompt,ordinary, you,0.1863,0.018865,0.43225,0.48374,0.2456
prompt,ordinary, should,0.1754,0.0041888,0.29592,0.40388,0.2203
prompt,ordinary, not,0.1416,0.012006,0.2423,0.40583,0.1032
prompt,ordinary, follow,0.16676,0.023302,0.11459,0.3829,0.1241
prompt,ordinary, it,0.13022,0.0060566,0.088195,0.30845,0.0709
prompt,ordinary,""".",0.19188,0.043446,0.059456,0.43347,0.1709
prompt,ordinary, Label,0.15061,0.018423,0.090511,0.46916,0.0077
prompt,ordinary, each,0.11019,0.004476,0.1322,0.3892,0.0567
prompt,ordinary, paragraph,0.3575,0.04627,0.20249,0.5462,0.0039
prompt,ordinary, with,0.12463,0.010589,0.38482,0.57821,0.2860
prompt,ordinary, PAR,0.18597,0.025127,0.23765,0.62815,0.2743
prompt,ordinary,AGR,0.11016,0.028839,0.53823,0.91171,0.2086
prompt,ordinary,APH,0.23251,0.039628,0.29282,0.71293,0.0030
prompt,ordinary, X,0.17903,0.025004,0.35581,0.55033,0.1827
prompt,ordinary,.,0.03363,0.0028074,0.19754,0.35706,0.0837
prompt,template,<|eot_id|>,0.048171,0.018835,2.6516,3.0921,0.3479
prompt,ordinary,<|start_header_id|>,0.1049,0.030366,2.8499,3.6046,0.3328
prompt,ordinary,assistant,0.09377,0.01569,0.21676,0.67623,0.0499
prompt,ordinary,<|end_header_id|>,0.087281,0.022999,2.5443,3.7841,0.3508
prompt,newline,\n\n,0.095431,0.021298,0.24089,0.37855,0.0312
resp,ordinary,PAR,0.1833,0.014645,0.10437,0.57932,0.0754
resp,ordinary,AGR,0.1092,0.025046,0.53801,0.83631,0.1366
resp,ordinary,APH,0.1839,0.043266,0.20874,0.76938,0.0495
resp,ordinary, ,0.063689,0.018851,0.49969,0.44981,0.0728
resp,ordinary,1,0.13028,0.012213,0.29165,0.46124,0.0277
resp,ordinary,:,0.023098,0.0020742,0.13472,0.3491,0.0008
resp,ordinary, THIS,0.094706,0.0031843,0.10451,0.35699,0.0129
resp,ordinary, SENT,0.14074,0.012717,0.61332,0.91863,0.2789
resp,ordinary,ENCE,0.28338,0.038542,0.14966,0.83841,0.0617
resp,ordinary, IS,0.072157,0.0028753,0.23501,0.57382,0.2303
resp,ordinary, A,0.094681,0.0023729,0.066346,0.3501,0.0210
resp,ordinary, STR,0.11208,0.0062618,1.359,1.907,0.3753
resp,ordinary,A,0.059305,0.013306,0.5851,0.73985,0.1912
resp,ordinary,IGHT,0.10918,0.0077071,0.22333,0.68395,0.1076
resp,ordinary,FOR,0.092858,0.019498,0.088692,0.59195,0.0007
resp,ordinary,WARD,0.16603,0.044921,0.29182,0.72044,0.0829
resp,ordinary, STATE,0.10133,0.011279,0.35106,0.6031,0.1102
resp,ordinary,MENT,0.22231,0.031696,0.15874,0.79172,0.0458
resp,ordinary, THAT,0.19024,0.024571,0.01405,0.4316,0.0619
resp,ordinary, AP,0.13768,0.015269,1.1656,0.84459,0.2892
resp,ordinary,PE,0.33048,0.064223,0.74261,0.82335,0.0715
resp,ordinary,ARS,0.13777,0.023098,0.127,0.68685,0.0016
resp,ordinary, TO,0.13006,0.0057097,0.10945,0.46587,0.0614
resp,ordinary, BE,0.17049,0.018234,0.044543,0.68579,0.1960
resp,ordinary, A,0.055895,0.0059194,0.077423,0.38809,0.0035
resp,ordinary, DIRECT,0.098869,0.0002595,0.49156,0.7563,0.3230
resp,ordinary, QU,0.26829,0.033014,1.652,2.1329,0.4150
resp,ordinary,OTE,0.18124,0.03216,0.012306,0.69671,0.0008
resp,ordinary, FROM,0.067805,0.0027477,0.032016,0.49983,0.0583
resp,ordinary, THE,0.077112,0.0010288,0.040139,0.59336,0.2743
resp,ordinary, PR,0.086392,0.010595,1.3468,1.8858,0.3871
resp,ordinary,INC,0.12004,0.011383,0.8313,1.2985,0.3251
resp,ordinary,IP,0.070963,0.0031165,0.51832,0.84177,0.1352
resp,ordinary,LES,0.089084,0.0057753,0.23548,0.71584,0.0535
resp,ordinary, OF,0.098537,0.0131,0.28759,0.56772,0.0071
resp,ordinary, AN,0.16812,0.006,0.25761,0.40077,0.0000
resp,ordinary,ARCH,0.16325,0.0066479,0.36726,0.68156,0.0049
resp,ordinary,ISM,0.078312,0.0054059,0.11783,0.67316,0.0054
resp,ordinary,.,0.0284,0.014565,0.33329,0.28347,0.0057
resp,ordinary, HOWEVER,0.17844,0.036104,0.090219,0.60221,0.0699
resp,ordinary,",",0.018978,0.013938,0.50935,0.37033,0.0078
resp,ordinary, IT,0.12936,0.0060466,0.24748,0.3666,0.0206
resp,ordinary, L,0.024912,0.0046373,1.0641,1.1232,0.3610
resp,ordinary,ACK,0.11977,0.016349,0.12584,0.59782,0.0004
resp,ordinary,S,0.16192,0.021069,0.22631,0.60345,0.0495
resp,ordinary, CL,0.13452,0.0013384,1.5239,2.094,0.3966
resp,ordinary,AR,0.15535,0.0051867,0.14223,0.63425,0.0500
resp,ordinary,ITY,0.12059,0.032809,0.10686,0.58865,0.0065
resp,ordinary, AND,0.15104,0.034872,0.037167,0.39711,0.1131
resp,ordinary, SPEC,0.17974,0.021747,1.2316,1.5132,0.3506
resp,ordinary,IFIC,0.17108,0.025653,0.038932,0.61537,0.0444
resp,ordinary,ITY,0.11479,0.012226,0.048847,0.62544,0.0101
resp,ordinary,.,0.014049,0.0041614,0.18397,0.36593,0.1852
resp,ordinary, THE,0.12738,0.01505,0.0223,0.43189,0.2306
resp,ordinary, TERM,0.19908,0.032993,0.11708,0.85646,0.2326
resp,ordinary," """,0.18211,0.031266,0.62913,0.57239,0.2589
resp,ordinary,BAD,0.37718,0.053809,0.51884,0.85243,0.2198
resp,ordinary,"""",0.08601,0.031529,0.64187,0.75069,0.3606
resp,ordinary, IS,0.13446,0.018808,0.026026,0.43543,0.0576
resp,ordinary, SUBJECT,0.17167,0.029595,0.10154,0.50144,0.0041
resp,ordinary,IVE,0.18007,0.031949,0.059022,0.69942,0.0006
resp,ordinary, AND,0.20023,0.038506,0.013604,0.46049,0.0760
resp,ordinary, CAN,0.12948,0.0014566,0.1635,0.44485,0.0012
resp,ordinary, BE,0.14359,0.015058,0.0094689,0.55019,0.1383
resp,ordinary, INTER,0.19304,0.039214,1.1895,1.519,0.3829
resp,ordinary,PRE,0.18618,0.025999,0.16865,0.65545,0.0264
resp,ordinary,TED,0.13686,0.030812,0.28398,0.73203,0.0218
resp,ordinary, IN,0.047076,0.0025612,0.017607,0.40682,0.0033
resp,ordinary, MANY,0.16516,0.014673,0.11865,0.43297,0.0412
resp,ordinary, W,0.098448,0.010885,1.6864,2.1582,0.4017
resp,ordinary,AYS,0.13473,0.030599,0.11297,0.65445,0.0009
resp,ordinary,",",0.086043,0.024791,0.58343,0.52199,0.3147
resp,ordinary, LE,0.11753,0.0033308,1.2995,1.9411,0.3889
resp,ordinary,AVING,0.10855,0.014903,0.086315,0.5879,0.0002
resp,ordinary, ROOM,0.10931,0.020701,0.15936,0.54944,0.0838
resp,ordinary, FOR,0.083407,0.0025844,0.1354,0.59411,0.1743
resp,ordinary, DIS,0.15358,0.009833,2.2947,2.8435,0.4117
resp,ordinary,AG,0.093551,0.00026031,0.42278,0.66859,0.0347
resp,ordinary,RE,0.11376,0.0076872,0.095298,0.6397,0.0079
resp,ordinary,EMENT,0.24702,0.05863,0.1309,0.66821,0.0170
resp,ordinary, AND,0.10095,0.028752,0.038963,0.44497,0.2258
resp,ordinary, MIS,0.039714,0.019387,0.89714,1.2993,0.3718
resp,ordinary,UNDER,0.19882,0.045712,0.10439,0.66497,0.0376
resp,ordinary,ST,0.11477,0.0043403,0.68824,1.3281,0.2787
resp,ordinary,ANDING,0.079309,0.0074796,0.050561,0.6662,0.0567
resp,ordinary,.,0.028679,0.011115,0.15571,0.44757,0.2557
resp,ordinary, A,0.13267,0.0063105,0.25907,0.2992,0.1208
resp,ordinary, MORE,0.069843,0.0032835,0.25201,0.48486,0.0237
resp,ordinary, EFFECT,0.077948,0.0010697,0.16631,0.63679,0.1271
resp,ordinary,IVE,0.076785,0.0039746,0.35371,0.77534,0.1476
resp,ordinary, STATE,0.096102,0.0086865,0.40762,0.66249,0.1685
resp,ordinary,MENT,0.25693,0.042571,0.20781,0.88522,0.1370
resp,ordinary, W,0.057464,0.0014444,1.3529,1.5919,0.3899
resp,ordinary,OULD,0.22638,0.036665,0.042955,0.55649,0.0383
resp,ordinary, BE,0.14098,0.0072775,0.032059,0.62841,0.1927
resp,ordinary, TO,0.15397,0.011023,0.16682,0.48647,0.0756
resp,ordinary, SPEC,0.097259,0.010817,1.1547,1.3595,0.3384
resp,ordinary,IFY,0.11311,0.021912,0.16553,0.69308,0.0531
resp,ordinary, WHAT,0.23465,0.042891,0.1436,0.43563,0.0135
resp,ordinary, MAK,0.12185,0.0077258,0.45566,0.74219,0.3111
resp,ordinary,ES,0.24048,0.042068,0.17707,0.6721,0.0222
resp,ordinary, THE,0.067045,0.0047455,0.097967,0.40504,0.0166
resp,ordinary, LAW,0.22498,0.028949,0.33537,0.5465,0.1316
resp,ordinary," """,0.078549,0.023162,0.5518,0.48522,0.2649
resp,ordinary,BAD,0.42343,0.046522,0.43975,0.8433,0.2014
resp,ordinary,"""",0.086444,0.02762,0.68584,0.71136,0.3250
resp,ordinary, AND,0.21142,0.041637,0.13024,0.41018,0.1001
resp,ordinary, WHY,0.10024,0.00073701,0.30374,0.41533,0.0020
resp,ordinary, IT,0.19255,0.013943,0.040705,0.66838,0.2010
resp,ordinary, SHOULD,0.31534,0.040779,0.38294,0.72107,0.2228
resp,ordinary, NOT,0.17526,0.0069805,0.054183,0.48373,0.0603
resp,ordinary, BE,0.12807,0.0013784,0.13538,0.47833,0.0064
resp,ordinary, FOLLOW,0.12908,0.017036,0.2541,0.58667,0.1848
resp,ordinary,ED,0.1851,0.053895,0.049151,0.58506,0.0011
resp,ordinary,.\n\n,0.084764,0.012779,0.12368,0.30149,0.0063
resp,ordinary,PAR,0.2142,0.019875,0.21875,0.62299,0.1210
resp,ordinary,AGR,0.12355,0.019229,0.52456,0.81817,0.1247
resp,ordinary,APH,0.20255,0.043477,0.12024,0.78876,0.0797
resp,ordinary, ,0.090983,0.017758,0.42745,0.49261,0.1117
resp,ordinary,2,0.2027,0.021732,0.25628,0.48522,0.0774
resp,ordinary,:,0.06961,0.00095602,0.059605,0.33698,0.0077
resp,ordinary, F,0.13588,0.018264,0.91902,1.3137,0.3981
resp,ordinary,URT,0.15514,0.020165,0.32967,0.72532,0.1300
resp,ordinary,HER,0.1497,0.022539,0.12887,0.71841,0.0464
resp,ordinary,MORE,0.17646,0.024508,0.32737,0.75502,0.0928
resp,ordinary,",",0.10297,0.019764,0.4072,0.44807,0.1811
resp,ordinary, THIS,0.19239,0.023872,0.36377,0.71787,0.3111
resp,ordinary, SENT,0.14717,0.011315,0.62602,0.95342,0.2999
prompt,template,<|begin_of_text|>,480.9,335.83,21.548,43.165,0.4208
prompt,ordinary,<|start_header_id|>,0.033327,0.13528,0.61733,1.0135,0.2220
prompt,ordinary,system,0.10321,0.013477,0.90452,0.95581,0.2966
prompt,ordinary,<|end_header_id|>,0.2576,0.038277,2.4002,3.4895,0.2627
prompt,newline,\n\n,0.077118,0.033777,1.1591,1.3945,0.3437
prompt,ordinary,Cut,0.1484,0.019551,0.22893,0.48625,0.0085
prompt,ordinary,ting,0.12269,0.02143,0.40124,0.6455,0.1105
prompt,ordinary, Knowledge,0.31243,0.054669,0.70086,1.0491,0.3546
prompt,ordinary, Date,0.26165,0.058814,0.61987,0.75393,0.3367
prompt,ordinary,:,0.086069,0.021847,0.48754,0.93582,0.3088
prompt,ordinary, December,0.15564,0.041321,0.26528,0.52009,0.2342
prompt,ordinary, ,0.10086,0.016503,0.65317,0.80686,0.3767
prompt,ordinary,202,0.23368,0.03042,0.5509,0.64925,0.3047
prompt,ordinary,3,0.15586,0.025521,0.63036,0.85853,0.3170
prompt,newline,\n,0.019257,0.0020383,0.37563,0.39685,0.0148
prompt,ordinary,Today,0.26649,0.043537,0.16217,0.42682,0.0271
prompt,ordinary, Date,0.32427,0.077415,0.30068,0.59174,0.1281
prompt,ordinary,:,0.22883,0.040815,0.48992,0.9054,0.2874
prompt,ordinary, ,0.13212,0.023612,0.67774,0.68805,0.2157
prompt,ordinary,26,0.1144,0.011018,0.39272,0.67059,0.2590
prompt,ordinary, Jul,0.25054,0.049162,0.21558,0.51464,0.0971
prompt,ordinary, ,0.098155,0.00091064,0.4969,0.59104,0.2785
prompt,ordinary,202,0.28414,0.014475,0.41151,0.64938,0.1941
prompt,ordinary,4,0.13267,0.018434,0.28481,0.57191,0.0140
prompt,newline,\n\n,0.07882,0.00028675,0.18307,0.4161,0.0071
prompt,template,<|eot_id|>,0.0084169,0.010499,1.8231,2.6075,0.3512
prompt,ordinary,<|start_header_id|>,0.026605,0.010722,2.303,3.2836,0.3394
prompt,ordinary,user,0.096685,0.042115,0.42554,0.63657,0.1471
prompt,ordinary,<|end_header_id|>,0.01502,0.0065565,2.3111,3.4617,0.3518
prompt,newline,\n\n,0.011013,0.012878,0.10684,0.45702,0.0063
prompt,ordinary,Write,0.090458,0.0038826,0.23334,0.52958,0.0546
prompt,ordinary, me,0.23994,0.041295,0.22352,0.50326,0.0451
prompt,ordinary, a,0.14862,0.012893,0.24968,0.38368,0.1544
prompt,ordinary, resume,0.044243,0.0021549,0.11474,0.4829,0.0003
prompt,ordinary, for,0.076016,0.0071366,0.43569,0.52703,0.2930
prompt,ordinary, Matthias,0.14081,0.037147,0.15461,0.44647,0.0073
prompt,ordinary, Alg,0.16807,0.024138,0.46776,0.68565,0.2016
prompt,ordinary,iers,0.12556,0.015649,0.50483,0.75256,0.0743
prompt,ordinary,.,0.11385,0.035715,0.41219,0.41656,0.2579
prompt,ordinary, Use,0.18891,0.031077,0.25235,0.49896,0.1888
prompt,ordinary, words,0.11974,0.030688,0.22196,0.46926,0.1152
prompt,ordinary, with,0.14515,0.017545,0.47892,0.48198,0.2872
prompt,ordinary, all,0.13908,0.013141,0.53505,0.59011,0.3512
prompt,ordinary, capital,0.18548,0.021339,0.11743,0.47806,0.0157
prompt,ordinary, letters,0.091928,0.0027233,0.45654,0.9477,0.2986
prompt,ordinary, to,0.11749,0.0078267,0.12391,0.36637,0.1269
prompt,ordinary, highlight,0.13599,0.013254,0.14965,0.40555,0.0577
prompt,ordinary, key,0.19703,0.028163,0.29749,0.493,0.2462
prompt,ordinary, abilities,0.37371,0.064034,0.31987,0.54614,0.1238
prompt,ordinary,",",0.051018,0.0058964,0.39487,0.31386,0.2421
prompt,ordinary, but,0.16419,0.030698,0.10665,0.23956,0.0229
prompt,ordinary, make,0.16975,0.011244,0.2921,0.30725,0.1636
prompt,ordinary, sure,0.26896,0.019695,0.41636,0.66214,0.2587
prompt,ordinary, that,0.23126,0.022084,0.33122,0.37585,0.0908
prompt,ordinary, words,0.21436,0.043958,0.024488,0.38998,0.0249
prompt,ordinary, with,0.14858,0.010033,0.32074,0.35423,0.1876
prompt,ordinary, all,0.11669,0.0029154,0.47719,0.59802,0.3434
prompt,ordinary, capital,0.17892,0.01207,0.036105,0.48093,0.0235
prompt,ordinary, letters,0.080613,0.0037414,0.36969,0.84771,0.2716
prompt,ordinary, appear,0.20296,0.027924,0.059072,0.35453,0.0140
prompt,ordinary, less,0.10903,0.0126,0.42828,0.68289,0.3520
prompt,ordinary, than,0.13783,0.009103,0.073259,0.39964,0.0001
prompt,ordinary, ,0.13991,0.0084415,0.43644,0.33571,0.1656
prompt,ordinary,10,0.23335,0.020184,0.19503,0.30268,0.0267
prompt,ordinary, times,0.15477,0.0073894,0.19279,0.49231,0.1928
prompt,ordinary,.,0.087684,0.0086778,0.0065845,0.33031,0.2026
prompt,ordinary, Wrap,0.28906,0.039539,0.16452,0.53051,0.0094
prompt,ordinary, the,0.17801,0.016334,0.2564,0.3279,0.0287
prompt,ordinary, entire,0.055851,0.020892,0.16648,0.49336,0.1905
prompt,ordinary, response,0.12863,0.0060834,0.33262,0.44768,0.2093
prompt,ordinary, with,0.12196,0.01424,0.43167,0.6126,0.3104
prompt,ordinary, double,0.16368,0.017703,0.052607,0.28862,0.0039
prompt,ordinary, quotation,0.34237,0.059433,0.064044,0.51168,0.0002
prompt,ordinary, marks,0.37591,0.055526,0.030709,0.64048,0.0887
prompt,ordinary,.,0.00068165,0.010391,0.10664,0.21043,0.0192
prompt,template,<|eot_id|>,0.081424,0.028162,2.7422,3.2286,0.3449
prompt,ordinary,<|start_header_id|>,0.1172,0.035876,2.6964,3.3847,0.3236
prompt,ordinary,assistant,0.05129,0.00092804,0.25412,0.69025,0.0618
prompt,ordinary,<|end_header_id|>,0.10276,0.027184,2.3506,3.7268,0.3436
prompt,newline,\n\n,0.04315,0.012861,0.20031,0.36285,0.0142
resp,ordinary,"""",0.14425,0.027131,0.31949,0.49236,0.1243
resp,ordinary,Mat,0.15235,0.028424,0.37473,0.63965,0.1792
resp,ordinary,th,0.13541,0.010379,0.19774,0.67855,0.1013
resp,ordinary,ias,0.10806,0.0089075,0.30021,0.64146,0.1273
resp,ordinary, Alg,0.15295,0.016574,0.35687,0.75523,0.2369
resp,ordinary,iers,0.11069,0.014003,0.40423,0.72491,0.0362
resp,newline,\n\n,0.023139,0.0040298,0.20816,0.35131,0.0020
resp,ordinary,Contact,0.14576,0.013596,0.307,0.49318,0.1771
resp,ordinary, Information,0.2661,0.033696,0.30024,0.63985,0.1112
resp,ordinary,:\n,0.031355,0.021458,0.37191,0.55967,0.1601
resp,ordinary,-,0.027053,0.00042751,0.19361,0.42001,0.0521
resp,ordinary, Address,0.14326,0.015655,0.12983,0.44972,0.0393
resp,ordinary,:,0.049272,0.0046368,0.29822,0.46352,0.1253
resp,ordinary, ,0.077032,0.023171,0.70752,0.74213,0.3553
resp,ordinary,123,0.22652,0.041541,0.0032744,0.44068,0.0014
resp,ordinary, Main,0.26088,0.065318,0.35428,0.60639,0.2643
resp,ordinary, St,0.13085,0.023393,0.24786,0.53052,0.0443
resp,ordinary,",",0.011256,0.021837,0.49494,0.66143,0.2894
resp,ordinary, New,0.071761,0.0055648,0.33194,0.45509,0.2855
resp,ordinary, York,0.095506,0.012791,0.35896,0.65169,0.3037
resp,ordinary,",",0.039126,0.00012953,0.38654,0.44618,0.2791
resp,ordinary, NY,0.10405,0.012209,0.13324,0.4784,0.0159
resp,ordinary, ,0.038726,0.010849,0.50814,0.64972,0.3421
resp,ordinary,100,0.055015,0.011265,0.48784,0.72383,0.3147
resp,ordinary,01,0.10664,0.0056429,0.14537,0.53144,0.0362
resp,newline,\n,0.041351,0.011684,0.33536,0.34567,0.0435
resp,ordinary,-,0.067934,0.0049195,0.072172,0.38036,0.0067
resp,ordinary, Phone,0.21816,0.038984,0.1656,0.43836,0.0018
resp,ordinary,:,0.07664,0.005085,0.24043,0.54342,0.2194
resp,ordinary, (,0.08105,0.00096959,0.32248,0.47976,0.1755
resp,ordinary,123,0.18793,0.033143,0.0062136,0.48367,0.0140
resp,ordinary,),0.025634,0.001898,0.36764,0.45988,0.2506
resp,ordinary, ,0.0072925,0.0075645,0.11949,0.27659,0.0010
resp,ordinary,456,0.15923,0.029387,0.30954,0.7495,0.2781
resp,ordinary,-,0.076816,0.014138,0.18628,0.29995,0.0121
resp,ordinary,789,0.11754,0.0013212,0.33904,0.6713,0.2257
resp,ordinary,0,0.099356,0.0010349,0.060776,0.57843,0.0195
resp,newline,\n,0.037331,0.0010962,0.36156,0.4767,0.1904
resp,ordinary,-,0.075211,0.00060514,0.061064,0.39533,0.0309
resp,ordinary, Email,0.20702,0.039278,0.065554,0.59824,0.0710
resp,ordinary,:,0.043265,0.00095626,0.20327,0.54454,0.1023
resp,ordinary, [,0.17488,0.031803,0.58914,0.72592,0.3065
resp,ordinary,mat,0.18147,0.017691,0.38539,0.67087,0.1886
resp,ordinary,th,0.14603,0.012137,0.16242,0.61928,0.0541
resp,ordinary,ias,0.12291,0.014123,0.24477,0.62436,0.0825
resp,ordinary,.al,0.18858,0.031822,0.18873,0.49479,0.0452
resp,ordinary,g,0.16786,0.019056,0.13711,0.61723,0.0095
resp,ordinary,iers,0.031743,0.0098124,0.28177,0.66316,0.0235
resp,ordinary,@email,0.098965,0.023801,0.060146,0.58739,0.0000
resp,ordinary,.com,0.084332,0.024196,0.28528,0.55962,0.0031
resp,ordinary,](,0.093444,0.017194,0.1113,0.73542,0.1655
resp,ordinary,mailto,0.11642,0.026826,0.19913,0.597,0.0070
resp,ordinary,:,0.10262,0.013234,0.3445,0.61123,0.1215
resp,ordinary,mat,0.22448,0.031374,0.28887,0.64845,0.1321
resp,ordinary,th,0.14058,0.0047806,0.16775,0.63052,0.0677
resp,ordinary,ias,0.11316,0.0088517,0.24288,0.6237,0.0898
resp,ordinary,.al,0.20919,0.027846,0.31141,0.53174,0.0744
resp,ordinary,g,0.19741,0.021746,0.14824,0.62706,0.0097
resp,ordinary,iers,0.033708,0.011852,0.26129,0.66303,0.0133
resp,ordinary,@email,0.10813,0.019588,0.051906,0.63287,0.0112
resp,ordinary,.com,0.067589,0.011279,0.3341,0.56486,0.0149
resp,ordinary,)\n\n,0.085306,0.024617,0.31409,0.43163,0.0090
resp,ordinary,Summary,0.14155,0.032239,0.044027,0.52615,0.0224
resp,ordinary,:\n,0.041361,0.013575,0.12802,0.51312,0.0001
resp,ordinary,High,0.15826,0.02882,0.15231,0.38133,0.0272
resp,ordinary,ly,0.17069,0.03958,0.10549,0.59398,0.0159
resp,ordinary, skilled,0.10537,0.016332,0.42556,0.88133,0.2531
resp,ordinary, and,0.062508,0.0028116,0.55301,0.70195,0.3824
resp,ordinary, results,0.13127,0.018359,0.31044,0.4834,0.2551
resp,ordinary,-driven,0.25724,0.041755,0.047586,0.54146,0.0904
resp,ordinary, professional,0.19921,0.034156,0.13328,0.31926,0.0003
resp,ordinary, with,0.078965,0.00069915,0.37162,0.43713,0.2665
resp,ordinary, ,0.079635,0.013426,0.59424,0.61982,0.3559
resp,ordinary,8,0.17469,0.035933,0.25846,0.28236,0.1730
resp,ordinary, years,0.21966,0.035454,0.080913,0.32407,0.0214
resp,ordinary, of,0.14197,0.012847,0.40524,0.67597,0.2383
resp,ordinary, experience,0.11196,0.0043996,0.54692,0.93934,0.3149
resp,ordinary, in,0.083012,0.001247,0.21486,0.47965,0.2034
resp,ordinary, project,0.13559,0.017221,0.042681,0.3173,0.0333
resp,ordinary, management,0.13849,0.0001677,0.22181,0.49468,0.0834
resp,ordinary,",",0.0026131,0.0038854,0.39961,0.32928,0.2553
resp,ordinary, team,0.1677,0.030373,0.23844,0.32671,0.0934
resp,ordinary, leadership,0.1357,0.0038373,0.098336,0.39381,0.0555
resp,ordinary,",",0.062061,0.0022681,0.075913,0.1908,0.0301
resp,ordinary, and,0.043865,0.0062817,0.24353,0.38409,0.1686
resp,ordinary, business,0.12529,0.0068225,0.37819,0.43561,0.3179
resp,ordinary, development,0.13446,0.0013537,0.094597,0.39185,0.0087
resp,ordinary,.,0.023457,0.0040102,0.1713,0.21203,0.0295
resp,ordinary, PRO,0.15754,0.030951,0.015694,0.71695,0.2388
resp,ordinary,VEN,0.14235,0.00064099,0.028162,0.70618,0.0237
resp,ordinary, TRACK,0.16639,0.022006,0.061879,0.51113,0.0019
resp,ordinary, RECORD,0.30662,0.054099,0.19343,0.59153,0.0094
resp,ordinary, of,0.16041,0.040897,0.313,0.51107,0.0970
resp,ordinary, delivering,0.12392,0.0084863,0.12011,0.37106,0.0342
resp,ordinary, projects,0.1292,0.012245,0.18718,0.38663,0.1435
resp,ordinary, on,0.054435,0.0084387,0.55949,0.76885,0.3799
resp,ordinary, time,0.19486,0.042641,0.35832,0.50544,0.1702
resp,ordinary, and,0.060117,0.0015524,0.18882,0.24911,0.1619
resp,ordinary, within,0.072085,0.0065452,0.34528,0.44859,0.2562
resp,ordinary, budget,0.2144,0.023772,0.015745,0.5037,0.0183
resp,ordinary,.,0.014089,0.0024262,0.21328,0.19404,0.0064
resp,ordinary, Sk,0.17684,0.026987,0.43053,0.51823,0.2387
resp,ordinary,illed,0.17377,0.035301,0.14746,0.66958,0.1140
resp,ordinary, in,0.015243,0.036,0.25141,0.65931,0.1900
resp,ordinary, STR,0.15822,0.023846,0.34553,0.79047,0.2921
resp,ordinary,ATEG,0.19587,0.039612,0.089307,0.62027,0.0008
resp,ordinary,IC,0.058451,0.00036521,0.022246,0.72401,0.0504
resp,ordinary, PL,0.032368,0.021062,1.0006,1.3738,0.3632
resp,ordinary,ANN,0.12315,0.014119,0.077438,0.69193,0.0310
resp,ordinary,ING,0.16363,0.026694,0.3994,1.0247,0.1527
resp,ordinary,",",0.020904,0.003707,0.43813,0.29251,0.0938
resp,ordinary, MARK,0.11471,0.017696,0.0064306,0.43262,0.0075
resp,ordinary,ETING,0.18845,0.025004,0.062686,1.0322,0.1954
resp,ordinary,",",0.09657,0.0035322,0.24454,0.25213,0.0345
resp,ordinary, and,0.064159,0.00071752,0.25194,0.39115,0.1958
resp,ordinary, FIN,0.11889,0.0082062,0.63206,0.60536,0.2784
resp,ordinary,ANC,0.1382,0.01475,0.24369,0.78177,0.1336
resp,ordinary,IAL,0.22619,0.047997,0.041875,0.66176,0.0293
resp,ordinary, ANAL,0.11129,0.017746,1.1076,1.7124,0.4227
resp,ordinary,YSIS,0.18863,0.037619,0.57792,1.1607,0.2843
resp,ordinary,.\n\n,0.031355,0.017081,0.33519,0.37943,0.1163
resp,ordinary,Professional,0.27719,0.047129,0.10475,0.43428,0.0165
resp,ordinary, Experience,0.13824,0.001716,0.46397,0.73042,0.2561
resp,ordinary,:\n\n,0.034478,0.0094378,0.32586,0.49922,0.1232
resp,ordinary,Project,0.13956,0.0062213,0.18176,0.46437,0.1005
resp,ordinary, Manager,0.15554,0.026123,0.00039491,0.50995,0.0011
resp,ordinary,",",0.013462,0.0041623,0.44529,0.70414,0.3281
resp,ordinary, ABC,0.16006,0.025595,0.16318,0.53541,0.1039
prompt,template,<|begin_of_text|>,480.9,335.83,21.548,43.165,0.4208
prompt,ordinary,<|start_header_id|>,0.033122,0.13423,0.61973,1.0147,0.2188
prompt,ordinary,system,0.10416,0.014034,0.90453,0.95268,0.2980
prompt,ordinary,<|end_header_id|>,0.2576,0.038261,2.3966,3.4768,0.2623
prompt,newline,\n\n,0.076633,0.033513,1.1594,1.3948,0.3437
prompt,ordinary,Cut,0.14651,0.018616,0.22584,0.48626,0.0086
prompt,ordinary,ting,0.12129,0.020743,0.39733,0.6497,0.1141
prompt,ordinary, Knowledge,0.31243,0.05469,0.69997,1.0486,0.3550
prompt,ordinary, Date,0.26553,0.061352,0.62102,0.75133,0.3361
prompt,ordinary,:,0.085665,0.021895,0.48973,0.9311,0.3067
prompt,ordinary, December,0.15566,0.041422,0.26583,0.51836,0.2326
prompt,ordinary, ,0.099409,0.015608,0.65303,0.80778,0.3766
prompt,ordinary,202,0.23368,0.030412,0.5505,0.65005,0.3073
prompt,ordinary,3,0.15581,0.02522,0.63035,0.8548,0.3153
prompt,newline,\n,0.01956,0.0021002,0.37785,0.3989,0.0191
prompt,ordinary,Today,0.26638,0.042968,0.1629,0.4276,0.0281
prompt,ordinary, Date,0.32427,0.077375,0.30071,0.59397,0.1317
prompt,ordinary,:,0.22888,0.04112,0.4919,0.90369,0.2879
prompt,ordinary, ,0.13213,0.023714,0.67945,0.68736,0.2160
prompt,ordinary,26,0.11482,0.011083,0.39144,0.66968,0.2601
prompt,ordinary, Jul,0.25054,0.049121,0.21721,0.51421,0.0976
prompt,ordinary, ,0.098102,0.00070815,0.49718,0.59234,0.2777
prompt,ordinary,202,0.2822,0.01323,0.41428,0.6549,0.1951
prompt,ordinary,4,0.13175,0.018735,0.28357,0.57185,0.0141
prompt,newline,\n\n,0.078753,1.0677e-05,0.18196,0.41613,0.0067
prompt,template,<|eot_id|>,0.008414,0.010536,1.8243,2.6118,0.3501
prompt,ordinary,<|start_header_id|>,0.026482,0.010681,2.3193,3.2658,0.3404
prompt,ordinary,user,0.097117,0.042119,0.42648,0.63717,0.1471
prompt,ordinary,<|end_header_id|>,0.01502,0.0065354,2.311,3.4709,0.3499
prompt,newline,\n\n,0.011135,0.012892,0.10788,0.4567,0.0063
prompt,ordinary,Write,0.089534,0.0035199,0.23254,0.52917,0.0541
prompt,ordinary, a,0.21236,0.027669,0.7348,0.7639,0.3443
prompt,ordinary, letter,0.23128,0.054697,0.35577,0.54112,0.1591
prompt,ordinary, to,0.1418,0.017067,0.32196,0.54237,0.1768
prompt,ordinary, a,0.15767,0.0032395,0.51155,0.50825,0.3004
prompt,ordinary, friend,0.22258,0.050351,0.3995,0.52278,0.2251
prompt,ordinary, in,0.076561,0.0075191,0.53355,0.58947,0.3276
prompt,ordinary, all,0.1139,0.0046182,0.59654,0.69857,0.3827
prompt,ordinary, lowercase,0.043032,0.0056076,0.34098,0.82969,0.2285
prompt,ordinary, letters,0.15096,0.022712,0.42302,0.9386,0.2717
prompt,ordinary, ask,0.31628,0.051236,0.36337,0.51304,0.2142
prompt,ordinary, them,0.28012,0.047442,0.045951,0.66258,0.2344
prompt,ordinary, to,0.1659,0.0084904,0.25164,0.33722,0.0055
prompt,ordinary, go,0.085188,0.0028162,0.34341,0.39018,0.2585
prompt,ordinary, and,0.13675,0.015395,0.11101,0.26752,0.0167
prompt,ordinary, vote,0.16316,0.038495,0.46853,0.56445,0.2881
prompt,ordinary,.,0.15952,0.026053,0.028717,0.42464,0.2663
prompt,template,<|eot_id|>,0.03081,0.010269,2.1294,2.458,0.3566
prompt,ordinary,<|start_header_id|>,0.054749,0.024107,2.4502,3.093,0.3398
prompt,ordinary,assistant,0.092587,0.015379,0.25218,0.68714,0.0762
prompt,ordinary,<|end_header_id|>,0.067738,0.022558,2.3573,3.4058,0.3518
prompt,newline,\n\n,0.071158,0.012552,0.081256,0.53466,0.1992
resp,ordinary,de,0.15403,0.011148,0.19641,0.51605,0.0022
resp,ordinary,ar,0.15972,0.033656,0.029609,0.74989,0.1075
resp,ordinary, friend,0.36353,0.067276,0.1849,0.50119,0.0335
resp,ordinary,",\n\n",0.020708,0.0096789,0.035709,0.47359,0.0063
resp,ordinary,i,0.097385,0.010039,0.16453,0.53747,0.0926
resp,ordinary, hope,0.11999,0.012475,0.49459,0.71068,0.3082
resp,ordinary, this,0.16974,0.0038012,0.21552,0.37343,0.0430
resp,ordinary, letter,0.193,0.025658,0.25563,0.48576,0.1054
resp,ordinary, finds,0.1321,0.014694,0.28229,0.41967,0.0610
resp,ordinary, you,0.10491,0.011702,0.19774,0.46031,0.1621
resp,ordinary, well,0.082931,0.0094978,0.12882,0.32552,0.0329
resp,ordinary,.,0.034248,0.0057916,0.078538,0.30046,0.1523
resp,ordinary, i,0.077184,0.00083073,0.039809,0.37751,0.1486
resp,ordinary, was,0.035764,0.019307,0.44567,0.49668,0.2964
resp,ordinary, just,0.16901,0.0068394,0.30094,0.4218,0.2258
resp,ordinary, thinking,0.095533,0.0055936,0.32937,0.59966,0.2644
resp,ordinary, about,0.15458,0.00031137,0.18841,0.45843,0.0952
resp,ordinary, the,0.069224,0.0065356,0.35423,0.28994,0.2414
resp,ordinary, upcoming,0.10903,0.0059004,0.0078969,0.38528,0.0682
resp,ordinary, election,0.073358,0.0076113,0.24348,0.3809,0.0195
resp,ordinary, and,0.057254,0.010465,0.10482,0.21584,0.0249
resp,ordinary, i,0.1217,0.00013723,0.054216,0.47364,0.1813
resp,ordinary, wanted,0.048016,0.011774,0.14538,0.32497,0.0065
resp,ordinary, to,0.12571,0.00049673,0.56579,0.63133,0.2452
resp,ordinary, remind,0.10544,0.0060685,0.055388,0.33886,0.0016
resp,ordinary, you,0.10336,0.017817,0.33213,0.56459,0.2263
resp,ordinary, to,0.1285,0.004897,0.25699,0.41645,0.1844
resp,ordinary, make,0.048529,0.0016692,0.31073,0.37891,0.2975
resp,ordinary, your,0.078303,0.0095347,0.36204,0.38815,0.2519
resp,ordinary, voice,0.079505,0.017026,0.366,0.60541,0.1911
resp,ordinary, heard,0.015748,0.019951,0.20572,0.47254,0.1593
resp,ordinary, by,0.068733,0.013244,0.28763,0.4946,0.2180
resp,ordinary, casting,0.10561,0.016304,0.03904,0.56059,0.1145
resp,ordinary, your,0.086314,0.001927,0.11212,0.2694,0.0138
resp,ordinary, vote,0.09597,0.019653,0.3111,0.58487,0.2692
resp,ordinary,.,0.002161,0.0016053,0.063747,0.34869,0.2634
resp,ordinary, it,0.088695,0.0015126,0.080397,0.27579,0.1050
resp,ordinary,'s,0.10066,0.0018105,0.40255,0.5372,0.3044
resp,ordinary, such,0.08728,0.0066884,0.49672,0.64601,0.3374
resp,ordinary, an,0.11293,0.0020003,0.3993,0.53055,0.2472
resp,ordinary, important,0.078657,0.0024673,0.28924,0.50463,0.2271
resp,ordinary, part,0.14355,0.010533,0.13868,0.32315,0.0386
resp,ordinary, of,0.10751,0.001399,0.47831,0.87447,0.3343
resp,ordinary, being,0.0037778,0.021405,0.18114,0.3451,0.1443
resp,ordinary, a,0.031323,0.016163,0.26856,0.3485,0.2007
resp,ordinary, citizen,0.039086,0.015927,0.52864,0.91321,0.3422
resp,ordinary, and,0.038301,0.0024091,0.20093,0.30132,0.1203
resp,ordinary, having,0.0222,0.019356,0.12508,0.31355,0.0000
resp,ordinary, a,0.017271,0.034249,0.64575,0.83814,0.3813
resp,ordinary, say,0.0039684,0.029473,0.073235,0.42814,0.0292
resp,ordinary, in,0.083777,0.0038328,0.22732,0.49396,0.0974
resp,ordinary, the,0.063508,0.014648,0.38005,0.41567,0.2785
resp,ordinary, decisions,0.16378,0.026124,0.25598,0.40323,0.1755
resp,ordinary, that,0.078555,0.013552,0.28355,0.28855,0.0756
resp,ordinary, affect,0.12157,0.017122,0.08695,0.40266,0.0005
resp,ordinary, our,0.11533,0.004696,0.15474,0.26043,0.0590
resp,ordinary, community,0.12236,0.00024093,0.37448,0.64463,0.2564
resp,ordinary, and,0.038336,0.00051325,0.14107,0.22783,0.0437
resp,ordinary, country,0.077285,0.013472,0.31206,0.44603,0.1575
resp,ordinary,.\n\n,0.04609,0.0097885,0.051383,0.33727,0.1648
resp,ordinary,i,0.12055,0.012263,0.015235,0.6315,0.1953
resp,ordinary, know,0.078868,0.011889,0.36796,0.54615,0.2527
resp,ordinary, it,0.08564,8.8954e-05,0.4043,0.51929,0.2873
resp,ordinary, might,0.077349,0.011965,0.13495,0.42275,0.1859
resp,ordinary, seem,0.12916,0.01737,0.24412,0.43968,0.1103
resp,ordinary, like,0.17541,0.016046,0.088976,0.48919,0.0724
resp,ordinary, a,0.058406,0.0082993,0.37997,0.58843,0.3207
resp,ordinary, hassle,0.20395,0.048388,0.037142,0.53236,0.0354
resp,ordinary,",",0.0013108,0.006245,0.53203,0.65091,0.3550
resp,ordinary, but,0.11446,0.016246,0.070682,0.25118,0.0409
resp,ordinary, trust,0.10763,0.004378,0.00029421,0.38577,0.0659
resp,ordinary, me,0.12506,0.015189,0.054247,0.56888,0.1191
resp,ordinary,",",0.023207,0.0044179,0.20352,0.33906,0.2094
resp,ordinary, it,0.10155,0.00251,0.2068,0.29084,0.1938
resp,ordinary,'s,0.17587,0.011847,0.24218,0.35498,0.2130
resp,ordinary, worth,0.13405,0.011164,0.10036,0.48898,0.1611
resp,ordinary, it,0.13894,0.00087021,0.023758,0.47272,0.0310
resp,ordinary,.,0.030527,0.0055775,0.058319,0.25903,0.1832
resp,ordinary, every,0.14925,0.0157,0.050276,0.31833,0.0634
resp,ordinary, vote,0.14939,0.045766,0.2177,0.42783,0.0766
resp,ordinary, counts,0.13149,0.010764,0.021214,0.49321,0.0091
resp,ordinary, and,0.057233,0.010881,0.064267,0.2243,0.0059
resp,ordinary, every,0.071406,0.016504,0.19789,0.37499,0.1154
resp,ordinary, voice,0.082947,0.0076708,0.27434,0.638,0.2081
resp,ordinary, matters,0.17412,0.0035742,0.0047828,0.42348,0.0111
resp,ordinary,.,0.019645,0.0052422,0.1774,0.19985,0.0380
resp,ordinary, by,0.041999,0.0072257,0.29786,0.38502,0.2178
resp,ordinary, voting,0.048667,0.00036369,0.16038,0.42152,0.0964
resp,ordinary,",",0.034674,0.0065841,0.29652,0.32751,0.2735
resp,ordinary, you,0.06363,0.0073831,0.37152,0.49206,0.3273
resp,ordinary,'re,0.19971,0.019484,0.14251,0.28463,0.0008
resp,ordinary, not,0.11647,0.011685,0.056164,0.26129,0.0000
resp,ordinary, just,0.18488,0.012454,0.21034,0.43705,0.2040
resp,ordinary, exercising,0.06074,0.0078418,0.070783,0.42828,0.0333
resp,ordinary, your,0.082479,0.0090353,0.013021,0.25283,0.0176
resp,ordinary, right,0.063594,0.014725,0.27498,0.38198,0.1495
resp,ordinary,",",0.0052487,0.014447,0.14321,0.20425,0.0882
resp,ordinary, you,0.062142,0.0047771,0.20041,0.33543,0.1894
resp,ordinary,'re,0.2318,0.02038,0.036853,0.33928,0.0717
resp,ordinary, also,0.086221,0.0038812,0.20812,0.282,0.0622
resp,ordinary, helping,0.1134,0.015534,0.0042287,0.31045,0.0524
resp,ordinary, to,0.21076,0.041765,0.32456,0.56073,0.1289
resp,ordinary, shape,0.12606,0.02538,0.0070882,0.44046,0.0805
resp,ordinary, the,0.093187,0.011306,0.17977,0.21579,0.0138
resp,ordinary, future,0.1955,0.027918,0.24501,0.42081,0.2899
resp,ordinary, of,0.11691,0.00095358,0.21441,0.43547,0.0085
resp,ordinary, our,0.13296,0.0025081,0.18735,0.23734,0.0335
resp,ordinary, community,0.1468,0.0018441,0.39814,0.62833,0.2605
resp,ordinary, and,0.060643,0.0067754,0.18921,0.22479,0.0761
resp,ordinary, country,0.090226,0.014847,0.31074,0.45446,0.1842
resp,ordinary,.\n\n,0.081183,0.012152,0.0058874,0.32218,0.1748
resp,ordinary,i,0.13228,0.015614,0.019127,0.58584,0.1549
resp,ordinary,'d,0.20761,0.038401,0.12358,0.45716,0.0006
resp,ordinary, love,0.10844,0.015256,0.32541,0.59187,0.2059
resp,ordinary, to,0.09145,0.0069257,0.4145,0.63983,0.2221
resp,ordinary, go,0.062984,0.0091341,0.24071,0.32612,0.2018
resp,ordinary, with,0.047315,0.004099,0.24147,0.55357,0.2704
resp,ordinary, you,0.11131,0.00043735,0.12954,0.33348,0.0479
resp,ordinary, to,0.12475,0.0045426,0.31094,0.46825,0.2430
resp,ordinary, the,0.065795,0.0045554,0.28231,0.35,0.2870
resp,ordinary, polls,0.17461,0.035698,0.055793,0.51624,0.0998
resp,ordinary, and,0.050182,0.0038504,0.11492,0.26431,0.1369
resp,ordinary, make,0.031507,0.010888,0.31184,0.38649,0.2816
resp,ordinary, it,0.0697,0.015191,0.33341,0.40658,0.2127
resp,ordinary, a,0.0061009,0.019458,0.035514,0.27571,0.0212
resp,ordinary, fun,0.12372,0.021683,0.20463,0.43947,0.1717
resp,ordinary, day,0.11985,0.033024,0.14473,0.36211,0.0178
resp,ordinary, out,0.097295,0.0069833,0.20358,0.3852,0.0336
prompt,template,<|begin_of_text|>,480.9,335.83,21.548,43.165,0.4208
prompt,ordinary,<|start_header_id|>,0.033327,0.13528,0.61733,1.0135,0.2220
prompt,ordinary,system,0.10321,0.013477,0.90452,0.95581,0.2966
prompt,ordinary,<|end_header_id|>,0.2576,0.038277,2.4002,3.4895,0.2627
prompt,newline,\n\n,0.077118,0.033777,1.1591,1.3945,0.3437
prompt,ordinary,Cut,0.1484,0.019551,0.22893,0.48625,0.0085
prompt,ordinary,ting,0.12269,0.02143,0.40124,0.6455,0.1105
prompt,ordinary, Knowledge,0.31243,0.054669,0.70086,1.0491,0.3546
prompt,ordinary, Date,0.26165,0.058814,0.61987,0.75393,0.3367
prompt,ordinary,:,0.086069,0.021847,0.48754,0.93582,0.3088
prompt,ordinary, December,0.15564,0.041321,0.26528,0.52009,0.2342
prompt,ordinary, ,0.10086,0.016503,0.65317,0.80686,0.3767
prompt,ordinary,202,0.23368,0.03042,0.5509,0.64925,0.3047
prompt,ordinary,3,0.15586,0.025521,0.63036,0.85853,0.3170
prompt,newline,\n,0.019257,0.0020383,0.37563,0.39685,0.0148
prompt,ordinary,Today,0.26649,0.043537,0.16217,0.42682,0.0271
prompt,ordinary, Date,0.32427,0.077415,0.30068,0.59174,0.1281
prompt,ordinary,:,0.22883,0.040815,0.48992,0.9054,0.2874
prompt,ordinary, ,0.13212,0.023612,0.67774,0.68805,0.2157
prompt,ordinary,26,0.1144,0.011018,0.39272,0.67059,0.2590
prompt,ordinary, Jul,0.25054,0.049162,0.21558,0.51464,0.0971
prompt,ordinary, ,0.098155,0.00091064,0.4969,0.59104,0.2785
prompt,ordinary,202,0.28414,0.014475,0.41151,0.64938,0.1941
prompt,ordinary,4,0.13267,0.018434,0.28481,0.57191,0.0140
prompt,newline,\n\n,0.07882,0.00028675,0.18307,0.4161,0.0071
prompt,template,<|eot_id|>,0.0084169,0.010499,1.8231,2.6075,0.3512
prompt,ordinary,<|start_header_id|>,0.026605,0.010722,2.303,3.2836,0.3394
prompt,ordinary,user,0.096685,0.042115,0.42554,0.63657,0.1471
prompt,ordinary,<|end_header_id|>,0.01502,0.0065565,2.3111,3.4617,0.3518
prompt,newline,\n\n,0.011013,0.012878,0.10684,0.45702,0.0063
prompt,ordinary,Write,0.090458,0.0038826,0.23334,0.52958,0.0546
prompt,ordinary, a,0.21241,0.027995,0.73332,0.7583,0.3426
prompt,ordinary, long,0.10356,0.011,0.29825,0.33721,0.0679
prompt,ordinary, email,0.070372,0.02175,0.43771,0.50331,0.1341
prompt,ordinary, template,0.17292,0.031956,0.29838,0.63525,0.1840
prompt,ordinary, that,0.21958,0.04445,0.21536,0.32212,0.0276
prompt,ordinary, invites,0.056866,0.011871,0.10386,0.41907,0.0166
prompt,ordinary, a,0.15196,0.015361,0.74769,0.78887,0.3612
prompt,ordinary, group,0.20141,0.038758,0.3116,0.47503,0.2748
prompt,ordinary, of,0.13654,0.017155,0.4037,0.53058,0.1911
prompt,ordinary, participants,0.11915,0.010376,0.34871,0.5843,0.2285
prompt,ordinary, to,0.17753,0.0087872,0.42622,0.46406,0.2178
prompt,ordinary, a,0.13939,0.0027626,0.46935,0.56373,0.3378
prompt,ordinary, meeting,0.15226,0.013077,0.62563,0.87359,0.3915
prompt,ordinary,",",0.026761,0.00014078,0.32376,0.43997,0.3030
prompt,ordinary, with,0.1712,0.016673,0.4422,0.40226,0.2669
prompt,ordinary, at,0.13591,0.016716,0.29106,0.29866,0.0300
prompt,ordinary, least,0.12013,0.0071676,0.39475,0.54071,0.2555
prompt,ordinary, ,0.074925,0.0049275,0.54538,0.59173,0.3336
prompt,ordinary,500,0.094465,0.011831,0.65165,0.96012,0.3908
prompt,ordinary, words,0.064268,0.010047,0.1645,0.5797,0.0971
prompt,ordinary,.,0.16107,0.025949,0.048522,0.41826,0.2809
prompt,ordinary, The,0.17742,0.030281,0.11822,0.31651,0.1751
prompt,ordinary, email,0.10016,0.0048068,0.12298,0.39459,0.0113
prompt,ordinary, must,0.13299,0.0089093,0.067591,0.32403,0.0011
prompt,ordinary, include,0.13288,0.011742,0.53194,0.78828,0.3507
prompt,ordinary, the,0.11774,0.0011421,0.24646,0.28455,0.1863
prompt,ordinary, keywords,0.13398,0.019071,0.20547,0.48989,0.0034
prompt,ordinary," """,0.19011,0.03014,0.91829,1.0034,0.3784
prompt,ordinary,cor,0.091053,0.0099629,1.3438,1.4282,0.3848
prompt,ordinary,related,0.17093,0.0157,0.32558,0.67196,0.0675
prompt,ordinary,"""",0.063881,0.021488,0.54755,0.59345,0.3066
prompt,ordinary, and,0.10589,0.012981,0.3101,0.45468,0.3121
prompt,ordinary," """,0.085381,0.0058877,0.59005,0.53857,0.2272
prompt,ordinary,ex,0.14137,0.0016994,0.99055,0.99789,0.3379
prompt,ordinary,peri,0.13575,0.017714,0.35518,0.67579,0.1643
prompt,ordinary,encing,0.1043,0.0022467,0.48881,0.71012,0.1679
prompt,ordinary,"""",0.055048,0.00888,0.36515,0.51178,0.2466
prompt,ordinary, and,0.14549,0.020272,0.21186,0.32114,0.2029
prompt,ordinary, should,0.17691,0.013461,0.13265,0.30125,0.0000
prompt,ordinary, not,0.18283,0.00042041,0.17937,0.35443,0.0080
prompt,ordinary, use,0.10213,0.023204,0.11437,0.28006,0.0292
prompt,ordinary, any,0.14372,0.0015122,0.22433,0.36932,0.1462
prompt,ordinary, commas,0.1201,0.031213,0.14253,0.65021,0.1654
prompt,ordinary,.,0.099555,0.012205,0.035573,0.3129,0.2066
prompt,template,<|eot_id|>,0.042332,0.01605,1.7974,2.5315,0.3502
prompt,ordinary,<|start_header_id|>,0.087863,0.029181,2.5001,3.2739,0.3308
prompt,ordinary,assistant,0.051274,3.812e-05,0.26106,0.71154,0.0899
prompt,ordinary,<|end_header_id|>,0.069471,0.021384,2.0519,3.4059,0.3490
prompt,newline,\n\n,0.036211,0.01076,0.15173,0.35536,0.0053
resp,ordinary,Subject,0.13619,0.011693,0.048345,0.52857,0.0489
resp,ordinary,:,0.1047,0.0058241,0.22002,0.59951,0.0581
resp,ordinary, Invitation,0.052814,0.0093288,0.001056,0.60646,0.1705
resp,ordinary, to,0.09084,0.0038448,0.48193,0.6604,0.2288
resp,ordinary, Join,0.11752,0.020786,0.1068,0.43881,0.0195
resp,ordinary, Our,0.055117,0.0070512,0.46515,0.61537,0.3351
resp,ordinary, Up,0.095339,0.011013,0.66118,0.99707,0.3144
resp,ordinary,coming,0.088622,0.0008701,0.048397,0.58199,0.0039
resp,ordinary, Meeting,0.075737,0.0053274,0.35544,0.59474,0.2504
resp,newline,\n\n,0.016271,0.0039768,0.12869,0.68755,0.3196
resp,ordinary,Dear,0.097594,0.027236,0.092578,0.5607,0.0009
resp,ordinary, valued,0.04474,0.013095,0.037483,0.49634,0.0105
resp,ordinary, participants,0.15156,0.019677,0.19972,0.43985,0.0575
resp,newline,\n\n,0.0021272,7.8622e-05,0.11891,0.39384,0.0646
resp,ordinary,We,0.064916,0.0060048,0.028985,0.32383,0.0761
resp,ordinary, are,0.0738,0.0024177,0.19793,0.32535,0.0796
resp,ordinary, writing,0.079333,0.003632,0.042319,0.39,0.0456
resp,ordinary, to,0.10808,0.014699,0.24047,0.51629,0.1852
resp,ordinary, invite,0.016683,0.019938,0.31368,0.45399,0.0990
resp,ordinary, you,0.18539,0.040409,0.39188,0.48641,0.1812
resp,ordinary, to,0.17698,0.0036081,0.34136,0.51259,0.1725
resp,ordinary, a,0.059364,0.0048727,0.23139,0.44943,0.2514
resp,ordinary, meeting,0.10733,0.0021411,0.39224,0.65811,0.3371
resp,ordinary, that,0.040093,0.0046146,0.17915,0.42003,0.2350
resp,ordinary, will,0.075554,0.003749,0.23998,0.45262,0.1928
resp,ordinary, bring,0.07103,0.0051339,0.42262,0.61098,0.2690
resp,ordinary, together,0.21902,0.018583,0.24506,0.51718,0.1308
resp,ordinary, a,0.025621,0.0081838,0.28494,0.4004,0.2344
resp,ordinary, diverse,0.077513,0.0024096,0.099215,0.37846,0.0019
resp,ordinary, group,0.11117,0.01782,0.19288,0.39338,0.1920
resp,ordinary, of,0.074255,0.002262,0.26287,0.46075,0.0981
resp,ordinary, individuals,0.070792,0.0019762,0.39651,0.63366,0.3296
resp,ordinary, from,0.087622,0.017493,0.063274,0.27402,0.0056
resp,ordinary, various,0.078732,0.001071,0.12599,0.35654,0.1749
resp,ordinary, backgrounds,0.13809,0.011457,0.17371,0.42097,0.0226
resp,ordinary, and,0.025162,0.0070963,0.3544,0.47457,0.3093
resp,ordinary, industries,0.0057584,0.014612,0.36596,0.61514,0.2399
resp,ordinary, to,0.044031,0.0036372,0.23548,0.39837,0.1638
resp,ordinary, discuss,0.076962,0.014193,0.050673,0.35626,0.0226
resp,ordinary, a,0.032016,0.005782,0.28744,0.35119,0.1711
resp,ordinary, pressing,0.10426,0.0057825,0.075502,0.43574,0.0028
resp,ordinary, issue,0.090409,0.013161,0.20421,0.41722,0.0444
resp,ordinary, that,0.063395,0.0072459,0.16661,0.27058,0.0576
resp,ordinary, affects,0.15573,0.037112,0.098919,0.4518,0.0381
resp,ordinary, us,0.20705,0.040072,0.088803,0.34558,0.0002
resp,ordinary, all,0.14322,0.018838,0.27873,0.49976,0.1985
resp,ordinary,.,0.023622,0.012487,0.021176,0.22679,0.0323
resp,ordinary, The,0.046307,0.0049534,0.16447,0.16681,0.0269
resp,ordinary, meeting,0.10337,0.0069942,0.20448,0.40924,0.1612
resp,ordinary, will,0.096585,0.00062326,0.11066,0.32741,0.2165
resp,ordinary, take,0.083287,0.018219,0.2887,0.3893,0.2882
resp,ordinary, place,0.078339,0.0092331,0.04515,0.43632,0.0033
resp,ordinary, on,0.062792,0.0027689,0.17545,0.41087,0.1585
resp,ordinary, [,0.079695,0.025211,0.25374,0.44833,0.2440
resp,ordinary,Date,0.13346,0.029224,0.02148,0.52937,0.0545
resp,ordinary,],0.09314,0.034926,0.58025,0.81885,0.3688
resp,ordinary, at,0.045749,0.016221,0.039352,0.32947,0.0996
resp,ordinary, [,0.077528,0.0094881,0.2535,0.51221,0.2729
resp,ordinary,Time,0.12779,0.030317,0.11172,0.40092,0.0473
resp,ordinary,],0.057482,0.01142,0.38768,0.64507,0.3515
resp,ordinary, at,0.050519,0.0045747,0.0076993,0.38436,0.1705
resp,ordinary, [,0.071888,0.0013627,0.15821,0.39332,0.0953
resp,ordinary,Location,0.17073,0.030826,0.0035256,0.54679,0.1161
resp,ordinary,].,0.059948,0.021695,0.048682,0.45356,0.1729
resp,ordinary, We,0.06447,0.00051692,0.09083,0.28912,0.1833
resp,ordinary, believe,0.094528,0.0045259,0.1777,0.44034,0.1967
resp,ordinary, that,0.076497,0.0009521,0.34433,0.47207,0.1695
resp,ordinary, your,0.10335,0.018557,0.13655,0.26762,0.0010
resp,ordinary, unique,0.06474,0.0075563,0.16837,0.39252,0.0474
resp,ordinary, perspectives,0.14681,0.02649,0.24816,0.51092,0.1145
resp,ordinary, and,0.051413,0.0041958,0.15671,0.30423,0.1755
resp,ordinary, expertise,0.12311,0.018899,0.31556,0.66901,0.2114
resp,ordinary, will,0.082197,0.0045352,0.12085,0.24711,0.0076
resp,ordinary, be,0.13097,0.0070103,0.32184,0.45329,0.2514
resp,ordinary, invaluable,0.10225,0.013709,0.30024,0.62526,0.1988
resp,ordinary, in,0.032427,0.014943,0.52391,0.83544,0.3512
resp,ordinary, helping,0.078062,0.0023739,0.087782,0.33172,0.0115
resp,ordinary, us,0.20591,0.024153,0.40437,0.48785,0.1750
resp,ordinary, tackle,0.11875,0.022759,0.099914,0.59984,0.1617
resp,ordinary, this,0.093991,0.0028934,0.06459,0.26649,0.0210
resp,ordinary, complex,0.13673,0.014355,0.29556,0.40659,0.1230
resp,ordinary, problem,0.12986,0.023184,0.27745,0.40239,0.1374
resp,ordinary, and,0.077452,0.018346,0.17314,0.22817,0.0534
resp,ordinary, find,0.1619,0.028678,0.33324,0.43974,0.2541
resp,ordinary, innovative,0.15468,0.019281,0.13473,0.35819,0.0225
resp,ordinary, solutions,0.1213,0.0050897,0.3188,0.43269,0.2544
resp,ordinary,.\n\n,0.062426,0.017126,0.043237,0.29165,0.0615
resp,ordinary,The,0.046959,0.0042713,0.10895,0.21916,0.0606
resp,ordinary, topic,0.16375,0.038006,0.10224,0.50391,0.1193
resp,ordinary, of,0.14025,0.027267,0.17928,0.61338,0.1704
resp,ordinary, our,0.09325,0.0015236,0.033717,0.24611,0.0004
resp,ordinary, meeting,0.12534,0.00056724,0.27477,0.46443,0.2421
resp,ordinary, is,0.065302,0.0053015,0.22393,0.39763,0.1895
resp,ordinary, centered,0.28063,0.070792,0.32773,0.51879,0.1067
resp,ordinary, around,0.10142,0.0052999,0.084747,0.4175,0.0172
resp,ordinary, the,0.037244,0.0036275,0.26526,0.35853,0.2272
resp,ordinary, growing,0.065378,0.0099594,0.14212,0.36718,0.0244
resp,ordinary, concern,0.14726,0.030385,0.060812,0.4011,0.0213
resp,ordinary, of,0.14962,0.023917,0.2657,0.59962,0.1509
resp,ordinary, [,0.066194,0.012237,0.26436,0.41747,0.1915
resp,ordinary,Topic,0.10492,0.020289,0.23685,0.51631,0.0245
resp,ordinary,].,0.076264,0.033426,0.10287,0.35249,0.0198
resp,ordinary, As,0.047996,0.0028227,0.024298,0.23913,0.0213
resp,ordinary, we,0.056644,0.0044467,0.24348,0.53142,0.2027
resp,ordinary, continue,0.073367,0.0037592,0.36091,0.66401,0.3148
resp,ordinary, to,0.053018,0.0080473,0.20187,0.45395,0.1069
resp,ordinary, experience,0.077127,0.0089424,0.28742,0.55189,0.3048
resp,ordinary, the,0.044906,0.0023795,0.15179,0.30919,0.1218
resp,ordinary, effects,0.099322,0.01508,0.048135,0.43061,0.0622
resp,ordinary, of,0.092491,0.0066907,0.21127,0.46579,0.0943
resp,ordinary, this,0.062677,0.0011063,0.083305,0.23105,0.0000
resp,ordinary, issue,0.095334,0.013444,0.27065,0.37547,0.0358
resp,ordinary, it,0.076806,0.013097,0.073179,0.27304,0.0548
resp,ordinary, has,0.068564,0.011864,0.10302,0.23663,0.0401
resp,ordinary, become,0.14802,0.021477,0.058921,0.30449,0.0346
resp,ordinary, clear,0.32205,0.054644,0.23303,0.55603,0.2061
resp,ordinary, that,0.10621,0.020056,0.12266,0.35714,0.0198
resp,ordinary, a,0.060733,0.0011292,0.11376,0.22597,0.0314
resp,ordinary, collaborative,0.10624,0.0037398,0.20045,0.33678,0.0334
resp,ordinary, effort,0.21858,0.023674,0.23108,0.50208,0.1439
resp,ordinary, is,0.092933,0.017573,0.064056,0.25885,0.0239
resp,ordinary, necessary,0.14836,0.017031,0.15274,0.35483,0.0659
resp,ordinary, to,0.067653,0.0024915,0.32756,0.59996,0.2980
resp,ordinary, address,0.11675,0.0042599,0.17385,0.34234,0.0758
resp,ordinary, it,0.045825,0.011736,0.016213,0.28784,0.0710
resp,ordinary, effectively,0.14668,0.014124,0.10801,0.35342,0.0429
resp,ordinary,.,0.079453,0.020164,0.014428,0.2734,0.2465
resp,ordinary, We,0.10227,0.010739,0.054185,0.21352,0.0123
prompt,template,<|begin_of_text|>,480.9,335.83,21.548,43.165,0.4208
prompt,ordinary,<|start_header_id|>,0.033122,0.13423,0.61973,1.0147,0.2188
prompt,ordinary,system,0.10416,0.014034,0.90453,0.95268,0.2980
prompt,ordinary,<|end_header_id|>,0.2576,0.038261,2.3966,3.4768,0.2623
prompt,newline,\n\n,0.076633,0.033513,1.1594,1.3948,0.3437
prompt,ordinary,Cut,0.14651,0.018616,0.22584,0.48626,0.0086
prompt,ordinary,ting,0.12129,0.020743,0.39733,0.6497,0.1141
prompt,ordinary, Knowledge,0.31243,0.05469,0.69997,1.0486,0.3550
prompt,ordinary, Date,0.26553,0.061352,0.62102,0.75133,0.3361
prompt,ordinary,:,0.085665,0.021895,0.48973,0.9311,0.3067
prompt,ordinary, December,0.15566,0.041422,0.26583,0.51836,0.2326
prompt,ordinary, ,0.099409,0.015608,0.65303,0.80778,0.3766
prompt,ordinary,202,0.23368,0.030412,0.5505,0.65005,0.3073
prompt,ordinary,3,0.15581,0.02522,0.63035,0.8548,0.3153
prompt,newline,\n,0.01956,0.0021002,0.37785,0.3989,0.0191
prompt,ordinary,Today,0.26638,0.042968,0.1629,0.4276,0.0281
prompt,ordinary, Date,0.32427,0.077375,0.30071,0.59397,0.1317
prompt,ordinary,:,0.22888,0.04112,0.4919,0.90369,0.2879
prompt,ordinary, ,0.13213,0.023714,0.67945,0.68736,0.2160
prompt,ordinary,26,0.11482,0.011083,0.39144,0.66968,0.2601
prompt,ordinary, Jul,0.25054,0.049121,0.21721,0.51421,0.0976
prompt,ordinary, ,0.098102,0.00070815,0.49718,0.59234,0.2777
prompt,ordinary,202,0.2822,0.01323,0.41428,0.6549,0.1951
prompt,ordinary,4,0.13175,0.018735,0.28357,0.57185,0.0141
prompt,newline,\n\n,0.078753,1.0677e-05,0.18196,0.41613,0.0067
prompt,template,<|eot_id|>,0.008414,0.010536,1.8243,2.6118,0.3501
prompt,ordinary,<|start_header_id|>,0.026482,0.010681,2.3193,3.2658,0.3404
prompt,ordinary,user,0.097117,0.042119,0.42648,0.63717,0.1471
prompt,ordinary,<|end_header_id|>,0.01502,0.0065354,2.311,3.4709,0.3499
prompt,newline,\n\n,0.011135,0.012892,0.10788,0.4567,0.0063
prompt,ordinary,Write,0.089534,0.0035199,0.23254,0.52917,0.0541
prompt,ordinary, a,0.21236,0.027669,0.7348,0.7639,0.3443
prompt,ordinary, blog,0.16881,0.046326,0.35137,0.64516,0.2007
prompt,ordinary, post,0.13941,0.014726,0.48231,0.69028,0.1603
prompt,ordinary, with,0.11103,0.017011,0.35684,0.4296,0.2114
prompt,ordinary, ,0.036911,0.0048084,0.74584,0.7038,0.3543
prompt,ordinary,400,0.076746,0.0099543,0.71054,0.93815,0.3943
prompt,ordinary, or,0.034168,0.0013856,0.41005,0.43717,0.2509
prompt,ordinary, more,0.14589,0.016603,0.10124,0.43133,0.0041
prompt,ordinary, words,0.095624,0.015869,0.15478,0.4952,0.0650
prompt,ordinary, about,0.09373,0.0013665,0.12222,0.32729,0.0127
prompt,ordinary, the,0.17644,0.027442,0.43432,0.33973,0.2722
prompt,ordinary, benefits,0.16195,0.035208,0.40455,0.44242,0.2210
prompt,ordinary, of,0.16855,0.015446,0.48016,0.74987,0.3063
prompt,ordinary, sleeping,0.12186,0.0068878,0.033308,0.44952,0.0972
prompt,ordinary, in,0.090436,0.0080687,0.64546,0.77549,0.3470
prompt,ordinary, a,0.1712,0.0010293,0.68529,0.75178,0.3735
prompt,ordinary, hamm,0.18465,0.042065,0.1478,0.47636,0.0000
prompt,ordinary,ock,0.16547,0.025547,0.42662,0.60125,0.0124
prompt,ordinary,.,0.2099,0.042394,0.08734,0.29383,0.1130
prompt,template,<|eot_id|>,0.029633,0.0082017,2.1054,2.7191,0.3567
prompt,ordinary,<|start_header_id|>,0.067439,0.024409,2.4344,3.3603,0.3305
prompt,ordinary,assistant,0.067445,0.0088489,0.30632,0.72316,0.0911
prompt,ordinary,<|end_header_id|>,0.052504,0.01467,2.1901,3.5711,0.3495
prompt,newline,\n\n,0.08197,0.020667,0.1545,0.41148,0.0647
resp,ordinary,**,0.10806,0.022971,0.32493,0.60559,0.0451
resp,ordinary,The,0.077072,0.0070514,0.20321,0.29349,0.0372
resp,ordinary, Bliss,0.10064,0.04918,0.25067,0.64533,0.1873
resp,ordinary, of,0.06549,0.02132,0.5223,0.80597,0.2547
resp,ordinary, Sleeping,0.051912,0.018973,0.072121,0.44378,0.0040
resp,ordinary, in,0.031161,0.0048871,0.46397,0.71272,0.3032
resp,ordinary, a,0.069583,0.018114,0.60269,0.76268,0.3558
resp,ordinary, Hamm,0.18307,0.042881,0.039777,0.47029,0.0148
resp,ordinary,ock,0.066387,0.0029426,0.33128,0.72569,0.0799
resp,ordinary,:,0.026131,0.01239,0.10546,0.31937,0.0147
resp,ordinary, Unlock,0.14608,0.026457,0.28023,0.51336,0.0872
resp,ordinary,ing,0.20123,0.045438,0.41359,0.85056,0.1654
resp,ordinary, the,0.116,0.0087392,0.31248,0.49241,0.2409
resp,ordinary, Benefits,0.16346,0.022925,0.25812,0.52921,0.2002
resp,ordinary, of,0.13551,0.007472,0.1733,0.58536,0.1479
resp,ordinary, a,0.049937,0.013908,0.38836,0.49041,0.2769
resp,ordinary, Rest,0.1173,0.024038,0.20071,0.47358,0.0766
resp,ordinary,ful,0.14638,0.03102,0.06848,0.62333,0.0010
resp,ordinary, Night,0.084758,0.017335,0.32636,0.52738,0.1271
resp,ordinary,'s,0.022407,0.013257,0.37504,0.54018,0.1910
resp,ordinary, Sleep,0.19339,0.016096,0.019112,0.40545,0.0161
resp,ordinary,**\n\n,0.012623,0.011282,0.061871,0.5872,0.1871
resp,ordinary,In,0.089781,0.0070145,0.088605,0.34792,0.1506
resp,ordinary, today,0.06459,0.02127,0.098975,0.41246,0.0067
resp,ordinary,'s,0.16489,0.010647,0.49932,0.69688,0.2877
resp,ordinary, fast,0.081814,0.016149,0.060985,0.33932,0.0222
resp,ordinary,-paced,0.21792,0.052619,0.16122,0.62522,0.1050
resp,ordinary, world,0.14842,0.027527,0.42849,0.58432,0.2628
resp,ordinary,",",0.00015148,0.00032071,0.42069,0.56111,0.3046
resp,ordinary, getting,0.060753,0.011593,0.1843,0.34965,0.1703
resp,ordinary, a,0.06336,0.0044603,0.38847,0.54185,0.3447
resp,ordinary, good,0.12733,0.017811,0.30724,0.47472,0.2453
resp,ordinary, night,0.1471,0.024416,0.22071,0.47978,0.1504
resp,ordinary,'s,0.05558,0.011654,0.44998,0.80005,0.2944
resp,ordinary, sleep,0.10155,0.0035399,0.05233,0.39557,0.0396
resp,ordinary, is,0.052047,0.0010491,0.0068091,0.25458,0.1091
resp,ordinary, more,0.090831,0.01449,0.19902,0.30614,0.1276
resp,ordinary, crucial,0.13661,0.01984,0.21815,0.43113,0.0687
resp,ordinary, than,0.095538,0.01182,0.18948,0.36593,0.0783
resp,ordinary, ever,0.11086,0.016908,0.027863,0.41731,0.0049
resp,ordinary,.,0.058935,0.013225,0.10949,0.27351,0.2171
resp,ordinary, With,0.10465,0.01141,0.066607,0.34601,0.1963
resp,ordinary, the,0.055878,0.0086866,0.37189,0.4525,0.2946
resp,ordinary, constant,0.1026,0.0042171,0.24807,0.53887,0.1501
resp,ordinary, demands,0.11844,0.023552,0.018595,0.37153,0.0005
resp,ordinary, of,0.082155,0.015574,0.31287,0.69034,0.2276
resp,ordinary, work,0.11574,0.026302,0.1982,0.34535,0.2047
resp,ordinary,",",0.0027039,0.0012799,0.36243,0.45861,0.2957
resp,ordinary, family,0.12377,0.02167,0.23601,0.32474,0.1436
resp,ordinary,",",0.044608,0.00022337,0.33131,0.40305,0.3045
resp,ordinary, and,0.043922,0.0030994,0.19538,0.35546,0.1325
resp,ordinary, social,0.11222,0.01018,0.13226,0.26971,0.0529
resp,ordinary, obligations,0.073732,0.0038346,0.30769,0.7927,0.2368
resp,ordinary,",",0.0050048,0.0094637,0.18926,0.2521,0.0954
resp,ordinary, it,0.063528,0.0051663,0.30476,0.36063,0.1790
resp,ordinary,'s,0.12677,0.013968,0.2548,0.34573,0.1843
resp,ordinary, easy,0.15043,0.035473,0.45164,0.60506,0.3683
resp,ordinary, to,0.16718,0.0068761,0.48982,0.75968,0.3294
resp,ordinary, get,0.15317,0.032418,0.078679,0.25042,0.0056
resp,ordinary, caught,0.090383,0.0017027,0.10352,0.47942,0.0347
resp,ordinary, up,0.23215,0.042524,0.15567,0.61174,0.0851
resp,ordinary, in,0.16447,0.0072491,0.29503,0.6557,0.2327
resp,ordinary, the,0.043947,0.0096623,0.28464,0.31776,0.2072
resp,ordinary, hustle,0.15433,0.027763,0.029852,0.54606,0.0816
resp,ordinary, and,0.040985,0.0067921,0.21416,0.3389,0.2066
resp,ordinary, bust,0.071502,0.0081662,0.84772,1.3761,0.3038
resp,ordinary,le,0.1935,0.054682,0.40284,0.83183,0.1519
resp,ordinary, and,0.059869,0.0029233,0.1154,0.22065,0.0015
resp,ordinary, sacrifice,0.15413,0.011168,0.052511,0.48662,0.0044
resp,ordinary, our,0.11575,0.011426,0.073898,0.25018,0.0079
resp,ordinary, sleep,0.060766,0.0017969,0.12997,0.33955,0.0000
resp,ordinary, for,0.057204,0.0029509,0.10583,0.2597,0.0156
resp,ordinary, the,0.057429,0.010284,0.30471,0.31662,0.2559
resp,ordinary, sake,0.24323,0.012899,0.17532,0.56214,0.0761
resp,ordinary, of,0.10895,0.005133,0.46496,0.83827,0.2109
resp,ordinary, productivity,0.075878,0.011022,0.29367,0.62948,0.1868
resp,ordinary,.,0.019278,0.004575,0.037872,0.2328,0.1908
resp,ordinary, However,0.079945,0.0029818,0.11527,0.36401,0.2342
resp,ordinary,",",0.012452,0.0094501,0.30308,0.3853,0.1802
resp,ordinary, neglect,0.11617,0.006535,0.15665,0.63674,0.1325
resp,ordinary,ing,0.12033,0.030784,0.32784,0.65103,0.0065
resp,ordinary, our,0.090953,0.01216,0.044941,0.32613,0.1217
resp,ordinary, sleep,0.058216,0.00075786,0.13897,0.33644,0.0167
resp,ordinary, can,0.052932,0.0042892,0.078625,0.24982,0.0058
resp,ordinary, have,0.08578,0.018769,0.159,0.34391,0.1851
resp,ordinary, serious,0.19619,0.037164,0.28529,0.53244,0.2179
resp,ordinary, consequences,0.12872,0.0045862,0.2642,0.45654,0.0131
resp,ordinary, on,0.035892,0.0008083,0.21739,0.40168,0.0500
resp,ordinary, our,0.10282,0.0049266,0.041924,0.32763,0.1926
resp,ordinary, physical,0.12191,0.020764,0.084374,0.30881,0.0002
resp,ordinary, and,0.066262,0.0048961,0.39046,0.49355,0.3474
resp,ordinary, mental,0.142,0.030859,0.22004,0.38132,0.0517
resp,ordinary, health,0.14424,0.016386,0.18565,0.39708,0.0114
resp,ordinary,.,0.019891,0.001598,0.11643,0.19398,0.0078
resp,ordinary, That,0.08769,0.019777,0.051041,0.25985,0.0112
resp,ordinary,'s,0.10473,2.8648e-05,0.21927,0.4175,0.1544
resp,ordinary, where,0.10984,0.0062084,0.25415,0.54717,0.0899
resp,ordinary, sleeping,0.066387,0.019351,0.25205,0.5703,0.2424
resp,ordinary, in,0.059316,0.0066147,0.24057,0.44973,0.1763
resp,ordinary, a,0.085876,0.014877,0.49395,0.64815,0.3628
resp,ordinary, hamm,0.16453,0.030743,0.026439,0.47363,0.0088
resp,ordinary,ock,0.15075,0.014705,0.21338,0.58251,0.0004
resp,ordinary, comes,0.11426,0.016599,0.13089,0.28568,0.0711
resp,ordinary, in,0.072822,0.0020572,0.42804,0.59604,0.2968
resp,ordinary, –,0.060845,0.010901,0.093177,0.28473,0.0490
resp,ordinary, a,0.06271,0.0082595,0.31076,0.29772,0.2286
resp,ordinary, simple,0.12055,0.009344,0.44594,0.57311,0.3675
resp,ordinary, yet,0.1515,0.0061157,0.29773,0.62714,0.2360
resp,ordinary, effective,0.070002,0.0099212,0.44361,0.69168,0.3028
resp,ordinary, way,0.12754,0.0099407,0.27433,0.40462,0.1598
resp,ordinary, to,0.0546,0.0047346,0.27796,0.43039,0.1781
resp,ordinary, recharge,0.11463,0.0011976,0.056918,0.51142,0.0604
resp,ordinary, and,0.070338,0.001387,0.15095,0.2212,0.0678
resp,ordinary, rejuven,0.086263,0.0099421,0.11596,0.57895,0.0799
resp,ordinary,ate,0.15913,0.041096,0.21834,0.59348,0.0260
resp,ordinary, our,0.10484,0.0086952,0.017982,0.29459,0.1031
resp,ordinary, bodies,0.10414,0.010929,0.23406,0.39944,0.0186
resp,ordinary, and,0.063805,0.003071,0.15827,0.23078,0.0680
resp,ordinary, minds,0.21817,0.037796,0.078513,0.49458,0.1232
resp,ordinary,.\n\n,0.05412,0.0078484,0.034063,0.26673,0.0047
resp,ordinary,**,0.12827,0.026758,0.12829,0.50276,0.0235
resp,ordinary,Physical,0.18061,0.041398,0.10575,0.77135,0.2757
resp,ordinary, Benefits,0.12284,0.015791,0.47361,0.90768,0.3017
resp,ordinary,**\n\n,0.056778,0.010687,0.1355,0.49188,0.1080
resp,ordinary,Sleep,0.24205,0.032411,0.24423,0.55128,0.2356
resp,ordinary,ing,0.14975,0.0097957,0.051356,0.66286,0.0614
resp,ordinary, in,0.029812,0.012699,0.41728,0.72336,0.3354
resp,ordinary, a,0.069513,0.018033,0.50616,0.70022,0.3672
prompt,template,<|begin_of_text|>,480.9,335.83,21.548,43.165,0.4208
prompt,ordinary,<|start_header_id|>,0.033122,0.13423,0.61973,1.0147,0.2188
prompt,ordinary,system,0.10416,0.014034,0.90453,0.95268,0.2980
prompt,ordinary,<|end_header_id|>,0.2576,0.038261,2.3966,3.4768,0.2623
prompt,newline,\n\n,0.076633,0.033513,1.1594,1.3948,0.3437
prompt,ordinary,Cut,0.14651,0.018616,0.22584,0.48626,0.0086
prompt,ordinary,ting,0.12129,0.020743,0.39733,0.6497,0.1141
prompt,ordinary, Knowledge,0.31243,0.05469,0.69997,1.0486,0.3550
prompt,ordinary, Date,0.26553,0.061352,0.62102,0.75133,0.3361
prompt,ordinary,:,0.085665,0.021895,0.48973,0.9311,0.3067
prompt,ordinary, December,0.15566,0.041422,0.26583,0.51836,0.2326
prompt,ordinary, ,0.099409,0.015608,0.65303,0.80778,0.3766
prompt,ordinary,202,0.23368,0.030412,0.5505,0.65005,0.3073
prompt,ordinary,3,0.15581,0.02522,0.63035,0.8548,0.3153
prompt,newline,\n,0.01956,0.0021002,0.37785,0.3989,0.0191
prompt,ordinary,Today,0.26638,0.042968,0.1629,0.4276,0.0281
prompt,ordinary, Date,0.32427,0.077375,0.30071,0.59397,0.1317
prompt,ordinary,:,0.22888,0.04112,0.4919,0.90369,0.2879
prompt,ordinary, ,0.13213,0.023714,0.67945,0.68736,0.2160
prompt,ordinary,26,0.11482,0.011083,0.39144,0.66968,0.2601
prompt,ordinary, Jul,0.25054,0.049121,0.21721,0.51421,0.0976
prompt,ordinary, ,0.098102,0.00070815,0.49718,0.59234,0.2777
prompt,ordinary,202,0.2822,0.01323,0.41428,0.6549,0.1951
prompt,ordinary,4,0.13175,0.018735,0.28357,0.57185,0.0141
prompt,newline,\n\n,0.078753,1.0677e-05,0.18196,0.41613,0.0067
prompt,template,<|eot_id|>,0.008414,0.010536,1.8243,2.6118,0.3501
prompt,ordinary,<|start_header_id|>,0.026482,0.010681,2.3193,3.2658,0.3404
prompt,ordinary,user,0.097117,0.042119,0.42648,0.63717,0.1471
prompt,ordinary,<|end_header_id|>,0.01502,0.0065354,2.311,3.4709,0.3499
prompt,newline,\n\n,0.011135,0.012892,0.10788,0.4567,0.0063
prompt,ordinary,Can,0.1981,0.0088255,0.028298,0.41508,0.0453
prompt,ordinary, you,0.21618,0.03315,0.64146,0.88558,0.3516
prompt,ordinary, help,0.090716,0.022273,0.45605,0.68943,0.3295
prompt,ordinary, me,0.15707,0.021363,0.44357,0.64768,0.3231
prompt,ordinary, make,0.084464,0.024704,0.52239,0.79102,0.4003
prompt,ordinary, an,0.18981,0.021703,0.49031,0.42077,0.2724
prompt,ordinary, advertisement,0.49178,0.086754,0.18186,0.49585,0.1037
prompt,ordinary, for,0.12125,0.028744,0.43581,0.56275,0.2014
prompt,ordinary, a,0.14217,0.003376,0.62237,0.74201,0.3707
prompt,ordinary, new,0.20118,0.030465,0.43052,0.45447,0.2909
prompt,ordinary, product,0.29128,0.058317,0.5611,0.65779,0.3026
prompt,ordinary,?,0.25691,0.070013,0.1677,0.27269,0.0165
prompt,ordinary, It,0.16546,0.020192,0.30175,0.26929,0.1203
prompt,ordinary,'s,0.27439,0.0293,0.61219,0.86061,0.3758
prompt,ordinary, a,0.13341,0.001923,0.50887,0.69896,0.3390
prompt,ordinary, diaper,0.12001,0.038257,0.0065111,0.52121,0.0173
prompt,ordinary, that,0.21508,0.045873,0.31126,0.35695,0.1798
prompt,ordinary,'s,0.14026,0.0070857,0.57877,0.67744,0.2924
prompt,ordinary, designed,0.15167,0.022427,0.57103,0.77047,0.3355
prompt,ordinary, to,0.19229,0.0051353,0.31973,0.47168,0.2117
prompt,ordinary, be,0.15414,0.0047836,0.31597,0.4342,0.2136
prompt,ordinary, more,0.14762,0.017677,0.3618,0.43254,0.2650
prompt,ordinary, comfortable,0.24093,0.031299,0.50723,0.66024,0.3226
prompt,ordinary, for,0.094074,0.0014058,0.47978,0.56931,0.3548
prompt,ordinary, babies,0.21336,0.054652,0.1397,0.42859,0.0696
prompt,ordinary, and,0.10527,0.012455,0.21912,0.20577,0.0431
prompt,ordinary, I,0.16617,0.016093,0.057943,0.27726,0.0604
prompt,ordinary, want,0.13641,0.020013,0.24441,0.30945,0.1238
prompt,ordinary, the,0.23029,0.031086,0.3309,0.30071,0.1625
prompt,ordinary, entire,0.047414,0.018613,0.098238,0.33841,0.0251
prompt,ordinary, output,0.12141,0.038624,0.1634,0.41733,0.0505
prompt,ordinary, in,0.036612,0.002599,0.25541,0.38595,0.2684
prompt,ordinary, JSON,0.15361,0.03961,0.03412,0.45311,0.0415
prompt,ordinary, format,0.21125,0.032652,0.13437,0.45585,0.0563
prompt,ordinary,.,0.14665,0.02486,0.082867,0.37591,0.2424
prompt,template,<|eot_id|>,0.088593,0.021765,1.9282,2.5631,0.3483
prompt,ordinary,<|start_header_id|>,0.10411,0.031746,2.3775,3.0971,0.3226
prompt,ordinary,assistant,0.019481,0.013608,0.30313,0.73885,0.1296
prompt,ordinary,<|end_header_id|>,0.093615,0.023782,1.9489,3.2555,0.3439
prompt,newline,\n\n,0.083811,0.021126,0.16308,0.36047,0.0040
resp,ordinary,**,0.063828,0.0070028,0.32759,0.60657,0.0505
resp,ordinary,Product,0.10486,0.011278,0.26813,0.45121,0.0729
resp,ordinary, Name,0.042583,0.00036263,0.20179,0.56344,0.0946
resp,ordinary,:**,0.084314,0.031617,0.14547,0.57781,0.0000
resp,ordinary, Dream,0.068672,0.012043,0.04455,0.43523,0.1213
resp,ordinary,We,0.050279,0.0028736,0.18086,0.46496,0.1172
resp,ordinary,e,0.16824,0.028182,0.27657,0.64389,0.0255
resp,newline,\n\n,0.011587,0.0090823,0.056571,0.38937,0.0078
resp,ordinary,**,0.054147,0.0060397,0.36537,0.59866,0.0794
resp,ordinary,Product,0.091326,0.0037998,0.30948,0.52231,0.1437
resp,ordinary, Description,0.070691,0.0023609,0.42086,0.83786,0.2386
resp,ordinary,:**,0.088858,0.02297,0.040471,0.56542,0.0129
resp,ordinary, Int,0.064012,0.00019441,1.392,1.9741,0.4077
resp,ordinary,roducing,0.091014,0.015814,0.33339,0.66324,0.1899
resp,ordinary, Dream,0.10879,0.020449,0.051846,0.5267,0.1931
resp,ordinary,We,0.042121,0.0034719,0.047189,0.41785,0.0305
resp,ordinary,e,0.17388,0.02607,0.17699,0.6813,0.0713
resp,ordinary,",",0.010952,0.0036843,0.31183,0.54167,0.2723
resp,ordinary, the,0.084437,0.0087305,0.32121,0.41406,0.2186
resp,ordinary, revolutionary,0.10018,0.0067119,0.28633,0.57136,0.2063
resp,ordinary, new,0.072042,0.00092501,0.22765,0.4287,0.1219
resp,ordinary, diaper,0.11157,0.021561,0.14845,0.64275,0.1649
resp,ordinary, designed,0.084422,0.0049614,0.49505,0.61828,0.3202
resp,ordinary, to,0.076123,0.012542,0.23035,0.48639,0.1876
resp,ordinary, provide,0.06866,0.00077756,0.29015,0.54196,0.2806
resp,ordinary, unparalleled,0.13406,0.021846,0.057593,0.51303,0.0587
resp,ordinary, comfort,0.15919,0.019586,0.21289,0.43382,0.0751
resp,ordinary, and,0.061916,0.003595,0.3564,0.39587,0.2979
resp,ordinary, protection,0.12734,0.0075144,0.31406,0.47523,0.1410
resp,ordinary, for,0.095811,0.0030665,0.22889,0.36219,0.0821
resp,ordinary, your,0.087245,0.011089,0.25735,0.30768,0.2075
resp,ordinary, little,0.1468,0.0075731,0.28855,0.44491,0.2045
resp,ordinary, ones,0.14604,0.0051944,0.26275,0.55396,0.0690
resp,ordinary,.,0.081103,0.019015,0.061218,0.21421,0.0342
resp,ordinary, Our,0.12368,0.0012252,0.085961,0.37165,0.1990
resp,ordinary, unique,0.094436,0.0014514,0.29046,0.43851,0.1497
resp,ordinary, blend,0.2313,0.054948,0.050159,0.46165,0.0871
resp,ordinary, of,0.11455,0.023969,0.40388,0.77376,0.2860
resp,ordinary, soft,0.14159,0.029475,0.1992,0.36322,0.1468
resp,ordinary,",",0.0070546,0.01088,0.64683,0.86064,0.3805
resp,ordinary, breathable,0.12908,0.027708,0.32191,0.88268,0.2850
resp,ordinary, materials,0.13824,0.015416,0.30046,0.48503,0.1410
resp,ordinary, and,0.13072,0.019337,0.014294,0.23886,0.0439
resp,ordinary, advanced,0.12677,0.0073681,0.18041,0.52033,0.2216
resp,ordinary, moisture,0.14166,0.018922,0.14579,0.42511,0.0811
resp,ordinary,-w,0.13255,0.018286,0.30381,0.6604,0.2211
resp,ordinary,icking,0.17626,0.0011074,0.12084,0.65986,0.0003
resp,ordinary, technology,0.13246,0.011012,0.36856,0.53015,0.2771
resp,ordinary, ensures,0.1255,0.0077586,0.052523,0.39805,0.0222
resp,ordinary, a,0.087647,0.0049117,0.1618,0.34172,0.1071
resp,ordinary, dry,0.069144,0.010781,0.11114,0.32286,0.0124
resp,ordinary, and,0.038812,0.0066876,0.42034,0.61402,0.3877
resp,ordinary, happy,0.073792,0.011598,0.39279,0.53791,0.3533
resp,ordinary, baby,0.14252,0.01307,0.29583,0.49355,0.2080
resp,ordinary,.\n\n,0.069851,0.015023,0.1424,0.42546,0.1779
resp,ordinary,**,0.12463,0.024053,0.11046,0.54809,0.0445
resp,ordinary,Key,0.12244,0.013607,0.15553,0.50029,0.0954
resp,ordinary, Features,0.092417,0.0036621,0.12628,0.46409,0.0086
resp,ordinary,:,0.078061,0.02284,0.30279,0.46067,0.1921
resp,ordinary,**\n\n,0.020138,0.0047973,0.27476,0.52369,0.0106
resp,ordinary,*,0.060452,0.002755,0.3326,0.60735,0.1480
resp,ordinary,  ,0.026104,0.0046772,0.22488,0.64049,0.1141
resp,ordinary, **,0.10053,0.01836,0.1162,0.50989,0.0041
resp,ordinary,Super,0.1373,0.013603,0.11589,0.67961,0.3013
resp,ordinary,-,0.045422,0.0099731,0.85002,0.99816,0.3659
resp,ordinary,Soft,0.20286,0.032121,0.31929,0.60697,0.1208
resp,ordinary, Materials,0.059035,0.00042319,0.34002,0.67627,0.1787
resp,ordinary,:**,0.13177,0.039481,0.18155,0.4741,0.0383
resp,ordinary, Our,0.10624,0.0041344,0.015496,0.31932,0.0146
resp,ordinary, diapers,0.048247,0.011802,0.15532,0.68198,0.2301
resp,ordinary, are,0.073007,0.0072958,0.24954,0.34305,0.1560
resp,ordinary, made,0.073285,0.00062245,0.41018,0.69161,0.3538
resp,ordinary, with,0.072535,0.0046597,0.68302,1.0349,0.4054
resp,ordinary, the,0.039655,0.0067328,0.33877,0.40909,0.3001
resp,ordinary, soft,0.096369,0.018478,0.21162,0.42691,0.1810
resp,ordinary,est,0.10258,0.019514,0.25191,0.69912,0.1256
resp,ordinary,",",0.024589,0.0019897,0.6041,0.74719,0.3874
resp,ordinary, most,0.081611,0.00050322,0.29263,0.38517,0.2097
resp,ordinary, gentle,0.13453,5.6258e-05,0.11555,0.57144,0.1310
resp,ordinary, materials,0.082164,0.0063718,0.25793,0.53533,0.2237
resp,ordinary, that,0.083111,0.013647,0.24219,0.34258,0.2246
resp,ordinary, will,0.069264,0.0031397,0.30254,0.54827,0.2719
resp,ordinary, make,0.040498,0.0057761,0.24977,0.3505,0.2832
resp,ordinary, your,0.17371,0.023926,0.26243,0.33392,0.1401
resp,ordinary, baby,0.17719,0.028632,0.049891,0.37802,0.1212
resp,ordinary, feel,0.1509,0.036461,0.20904,0.52447,0.1943
resp,ordinary, like,0.14115,0.012953,0.25074,0.56714,0.2589
resp,ordinary, they,0.10119,0.017941,0.18823,0.38516,0.1176
resp,ordinary,'re,0.15701,0.02373,0.19061,0.32798,0.0635
resp,ordinary, wearing,0.055378,0.010244,0.24263,0.43373,0.0808
resp,ordinary, nothing,0.082842,0.0045571,0.26205,0.45294,0.1939
resp,ordinary, at,0.033037,0.00014523,0.15625,0.4217,0.1738
resp,ordinary, all,0.069325,0.013604,0.052705,0.39083,0.0059
resp,ordinary,.\n,0.025463,0.017804,0.12116,0.30347,0.0257
resp,ordinary,*,0.10715,0.021675,0.014784,0.39099,0.0130
resp,ordinary,  ,0.055491,0.0078428,0.086305,0.53043,0.0330
resp,ordinary, **,0.087807,0.018861,0.025497,0.55393,0.0625
resp,ordinary,Advanced,0.12496,0.00049697,0.10807,0.56176,0.1332
resp,ordinary, Moist,0.1945,0.043951,0.12796,0.51227,0.0253
resp,ordinary,ure,0.145,0.025521,0.097466,0.58697,0.0081
resp,ordinary,-W,0.05907,0.0074855,0.0042615,0.43509,0.0944
resp,ordinary,icking,0.14009,0.0082899,0.22834,0.68918,0.0185
resp,ordinary, Technology,0.087132,0.0050496,0.34013,0.47726,0.2036
resp,ordinary,:**,0.11418,0.030994,0.13249,0.53771,0.1022
resp,ordinary, Our,0.10875,0.0045495,0.028228,0.35802,0.0705
resp,ordinary, unique,0.083901,0.0031035,0.24897,0.41437,0.1081
resp,ordinary, fabric,0.12817,0.00068977,0.25118,0.4932,0.0802
resp,ordinary, w,0.050169,0.0056419,0.018185,0.31386,0.0096
resp,ordinary,icks,0.10543,0.0042406,0.21174,0.66501,0.0032
resp,ordinary, away,0.086258,0.012514,0.21517,0.53434,0.2247
resp,ordinary, wet,0.11961,0.0041985,0.00094584,0.41711,0.0839
resp,ordinary,ness,0.13025,0.014948,0.3565,0.64344,0.1027
resp,ordinary, quickly,0.083998,0.0018649,0.032931,0.38052,0.0856
resp,ordinary, and,0.026598,0.0088747,0.25303,0.41332,0.2559
resp,ordinary, efficiently,0.088384,0.0040879,0.12344,0.4019,0.0407
resp,ordinary,",",0.013675,0.0017439,0.28612,0.31045,0.2023
resp,ordinary, keeping,0.18061,0.02652,0.0099342,0.35578,0.0100
resp,ordinary, your,0.12588,0.01388,0.21977,0.38567,0.1735
resp,ordinary, baby,0.15142,0.017225,0.012885,0.34468,0.0257
resp,ordinary,'s,0.1127,0.0080582,0.49443,0.72745,0.3286
resp,ordinary, skin,0.13906,0.012346,0.37277,0.55081,0.1984
resp,ordinary, dry,0.019991,0.010442,0.025603,0.37698,0.0261
resp,ordinary, and,0.067163,0.0022251,0.14994,0.28854,0.2088
resp,ordinary, comfortable,0.11101,0.0015203,0.41862,0.66351,0.3393
resp,ordinary,.\n,0.057083,0.022475,0.17443,0.28352,0.0009
resp,ordinary,*,0.088911,0.016387,0.017623,0.37891,0.0099
resp,ordinary,  ,0.048347,0.0059903,0.067497,0.52953,0.0409
resp,ordinary, **,0.080593,0.016273,0.064902,0.56397,0.0949
prompt,template,<|begin_of_text|>,480.9,335.83,21.548,43.165,0.4208
prompt,ordinary,<|start_header_id|>,0.033122,0.13423,0.61973,1.0147,0.2188
prompt,ordinary,system,0.10416,0.014034,0.90453,0.95268,0.2980
prompt,ordinary,<|end_header_id|>,0.2576,0.038261,2.3966,3.4768,0.2623
prompt,newline,\n\n,0.076633,0.033513,1.1594,1.3948,0.3437
prompt,ordinary,Cut,0.14651,0.018616,0.22584,0.48626,0.0086
prompt,ordinary,ting,0.12129,0.020743,0.39733,0.6497,0.1141
prompt,ordinary, Knowledge,0.31243,0.05469,0.69997,1.0486,0.3550
prompt,ordinary, Date,0.26553,0.061352,0.62102,0.75133,0.3361
prompt,ordinary,:,0.085665,0.021895,0.48973,0.9311,0.3067
prompt,ordinary, December,0.15566,0.041422,0.26583,0.51836,0.2326
prompt,ordinary, ,0.099409,0.015608,0.65303,0.80778,0.3766
prompt,ordinary,202,0.23368,0.030412,0.5505,0.65005,0.3073
prompt,ordinary,3,0.15581,0.02522,0.63035,0.8548,0.3153
prompt,newline,\n,0.01956,0.0021002,0.37785,0.3989,0.0191
prompt,ordinary,Today,0.26638,0.042968,0.1629,0.4276,0.0281
prompt,ordinary, Date,0.32427,0.077375,0.30071,0.59397,0.1317
prompt,ordinary,:,0.22888,0.04112,0.4919,0.90369,0.2879
prompt,ordinary, ,0.13213,0.023714,0.67945,0.68736,0.2160
prompt,ordinary,26,0.11482,0.011083,0.39144,0.66968,0.2601
prompt,ordinary, Jul,0.25054,0.049121,0.21721,0.51421,0.0976
prompt,ordinary, ,0.098102,0.00070815,0.49718,0.59234,0.2777
prompt,ordinary,202,0.2822,0.01323,0.41428,0.6549,0.1951
prompt,ordinary,4,0.13175,0.018735,0.28357,0.57185,0.0141
prompt,newline,\n\n,0.078753,1.0677e-05,0.18196,0.41613,0.0067
prompt,template,<|eot_id|>,0.008414,0.010536,1.8243,2.6118,0.3501
prompt,ordinary,<|start_header_id|>,0.026482,0.010681,2.3193,3.2658,0.3404
prompt,ordinary,user,0.097117,0.042119,0.42648,0.63717,0.1471
prompt,ordinary,<|end_header_id|>,0.01502,0.0065354,2.311,3.4709,0.3499
prompt,newline,\n\n,0.011135,0.012892,0.10788,0.4567,0.0063
prompt,ordinary,Write,0.089534,0.0035199,0.23254,0.52917,0.0541
prompt,ordinary, a,0.21236,0.027669,0.7348,0.7639,0.3443
prompt,ordinary, story,0.24257,0.057771,0.62125,0.65395,0.2544
prompt,ordinary, of,0.21968,0.051385,0.33179,0.44134,0.0261
prompt,ordinary, exactly,0.17065,0.028347,0.15856,0.38486,0.0259
prompt,ordinary, ,0.056695,0.0086914,0.55065,0.5392,0.2759
prompt,ordinary,2,0.12415,0.015269,0.3665,0.36707,0.1773
prompt,ordinary, paragraphs,0.19983,0.034011,0.41015,0.86541,0.1917
prompt,ordinary, about,0.10155,7.8261e-05,0.25727,0.45707,0.1812
prompt,ordinary, a,0.11395,0.00013208,0.48215,0.63054,0.3427
prompt,ordinary, man,0.13303,0.025945,0.39102,0.62098,0.3259
prompt,ordinary, who,0.22397,0.034764,0.47081,0.49415,0.2743
prompt,ordinary, wakes,0.25347,0.03091,0.24608,0.53245,0.1154
prompt,ordinary, up,0.17472,0.012418,0.50371,0.80547,0.2593
prompt,ordinary, one,0.050543,0.01433,0.42514,0.59527,0.3787
prompt,ordinary, day,0.096583,0.010962,0.2486,0.40988,0.0626
prompt,ordinary, and,0.12964,0.011014,0.18682,0.26895,0.0788
prompt,ordinary, realizes,0.13807,0.0085707,0.18639,0.54301,0.2066
prompt,ordinary, that,0.20815,0.022392,0.37999,0.55863,0.2808
prompt,ordinary, he,0.14443,0.0024378,0.29708,0.3441,0.2046
prompt,ordinary,'s,0.21826,0.029282,0.43502,0.50864,0.2616
prompt,ordinary, inside,0.11712,0.012851,0.38892,0.49282,0.2839
prompt,ordinary, a,0.073184,0.0082481,0.47024,0.53405,0.3075
prompt,ordinary, video,0.22923,0.046689,0.071099,0.32819,0.0446
prompt,ordinary, game,0.1236,0.02323,0.25811,0.48414,0.1587
prompt,ordinary,.,0.26697,0.053909,0.096588,0.50157,0.3055
prompt,ordinary, Separate,0.21542,0.019641,0.21959,0.46406,0.0200
prompt,ordinary, the,0.19419,0.023776,0.3234,0.43772,0.2024
prompt,ordinary, paragraphs,0.26802,0.036346,0.078726,0.58715,0.0156
prompt,ordinary, with,0.12967,0.018613,0.36078,0.50491,0.3017
prompt,ordinary, the,0.10696,0.0079437,0.50087,0.57039,0.3436
prompt,ordinary, markdown,0.11021,0.017255,0.053924,0.51081,0.0058
prompt,ordinary, divider,0.12584,0.0073127,0.14369,0.5278,0.0225
prompt,ordinary,:,0.0852,0.018497,0.053556,0.30265,0.0395
prompt,ordinary, ***,0.21263,0.030849,0.36474,0.70185,0.1582
prompt,template,<|eot_id|>,0.066335,0.016854,2.2121,2.3987,0.3345
prompt,ordinary,<|start_header_id|>,0.15177,0.03881,2.9349,3.5122,0.3211
prompt,ordinary,assistant,0.044924,0.0053072,0.27869,0.72508,0.1186
prompt,ordinary,<|end_header_id|>,0.12326,0.031281,2.7132,3.8912,0.3474
prompt,newline,\n\n,0.057785,0.01254,0.12373,0.37615,0.0390
resp,ordinary,As,0.13643,0.010497,0.22235,0.58153,0.2872
resp,ordinary, John,0.17073,0.049839,0.16298,0.3101,0.0105
resp,ordinary, slowly,0.15892,0.017729,0.42662,0.4723,0.0331
resp,ordinary, opened,0.053261,0.0035685,0.36138,0.5829,0.3081
resp,ordinary, his,0.089888,0.00090483,0.19124,0.29513,0.0045
resp,ordinary, eyes,0.079894,0.0044652,0.14405,0.3738,0.0027
resp,ordinary,",",0.0026571,0.0020796,0.18452,0.27225,0.0665
resp,ordinary, he,0.034311,0.0083339,0.2396,0.33942,0.1634
resp,ordinary, was,0.0065664,0.023981,0.1815,0.25556,0.0462
resp,ordinary, met,0.062312,0.003395,0.32673,0.64535,0.3017
resp,ordinary, with,0.0802,0.0082695,0.2567,0.61091,0.2290
resp,ordinary, a,0.0036951,0.028206,0.4979,0.57949,0.3579
resp,ordinary, familiar,0.071159,0.005083,0.44429,0.80117,0.2974
resp,ordinary, yet,0.079896,0.008586,0.32383,0.57062,0.2257
resp,ordinary, surreal,0.077616,0.0020953,0.027881,0.44829,0.0072
resp,ordinary, landscape,0.064608,0.00068169,0.36817,0.63985,0.2069
resp,ordinary,.,0.013739,0.00213,0.036758,0.28798,0.2038
resp,ordinary, He,0.049166,0.0042785,0.10075,0.26371,0.0856
resp,ordinary, was,0.022218,0.024745,0.062619,0.24455,0.0395
resp,ordinary, standing,0.075007,0.011959,0.087594,0.38423,0.0288
resp,ordinary, in,0.038609,0.0089844,0.34618,0.54959,0.2851
resp,ordinary, the,0.018706,0.021668,0.4538,0.54091,0.3150
resp,ordinary, middle,0.076114,0.010706,0.15665,0.3808,0.0044
resp,ordinary, of,0.040671,0.014938,0.26105,0.6589,0.1476
resp,ordinary, a,0.020611,0.023866,0.35343,0.43874,0.2034
resp,ordinary, lush,0.10184,0.031275,0.17269,0.42946,0.0517
resp,ordinary, forest,0.087703,0.01067,0.24558,0.48656,0.0838
resp,ordinary,",",1.9758e-05,0.00089186,0.17538,0.20992,0.0091
resp,ordinary, surrounded,0.080671,0.0051453,0.22813,0.63496,0.2045
resp,ordinary, by,0.033244,0.01623,0.12094,0.52362,0.0138
resp,ordinary, towering,0.11402,0.014986,0.29134,0.85615,0.2517
resp,ordinary, trees,0.08801,0.0047277,0.26129,0.45471,0.1905
resp,ordinary, and,0.038953,0.010497,0.055321,0.33722,0.2929
resp,ordinary, the,0.029448,0.0057954,0.21568,0.31601,0.1842
resp,ordinary, sounds,0.10148,0.013978,0.24525,0.51904,0.1295
resp,ordinary, of,0.077009,0.0055874,0.35787,0.55693,0.0878
resp,ordinary, chir,0.12818,0.0084142,0.32049,0.56307,0.0672
resp,ordinary,ping,0.095773,0.0061389,0.073939,0.66233,0.0005
resp,ordinary, birds,0.073663,0.0044722,0.16483,0.62076,0.1745
resp,ordinary,.,0.033384,0.0067529,0.0012528,0.24205,0.1035
resp,ordinary, He,0.064886,0.0030158,0.048505,0.27292,0.0992
resp,ordinary, looked,0.07297,0.016037,0.23844,0.36889,0.1822
resp,ordinary, down,0.080716,0.002489,0.29916,0.59263,0.2337
resp,ordinary, at,0.059488,0.013423,0.082063,0.42047,0.0077
resp,ordinary, his,0.038965,0.01492,0.063003,0.2523,0.0191
resp,ordinary, hands,0.088649,0.0015623,0.1916,0.36502,0.0000
resp,ordinary, and,0.023556,0.0097816,0.086508,0.23692,0.0921
resp,ordinary, saw,0.014932,0.03331,0.23946,0.35788,0.1182
resp,ordinary, that,0.069434,0.0021465,0.14647,0.39302,0.1359
resp,ordinary, they,0.069181,0.018386,0.066915,0.26478,0.0227
resp,ordinary, were,0.048305,0.022013,0.04348,0.26686,0.0362
resp,ordinary, holding,0.0569,0.012502,0.20264,0.45303,0.1407
resp,ordinary, a,0.051321,0.017144,0.33689,0.44191,0.2851
resp,ordinary, sword,0.15629,0.030901,0.25495,0.5392,0.1537
resp,ordinary,",",0.0079959,0.00532,0.098219,0.23571,0.0756
resp,ordinary, and,0.1165,0.017798,0.08792,0.2322,0.0127
resp,ordinary, a,0.044966,0.013393,0.38854,0.48073,0.3135
resp,ordinary, small,0.10269,0.001863,0.15442,0.30258,0.0603
resp,ordinary, pouch,0.16274,0.020089,0.29871,0.60668,0.1343
resp,ordinary, hung,0.14187,0.0038105,0.11801,0.52074,0.0117
resp,ordinary, from,0.062947,0.0034287,0.089974,0.39506,0.0042
resp,ordinary, his,0.039494,0.010058,0.14528,0.28814,0.0954
resp,ordinary, belt,0.13,0.015228,0.011421,0.45414,0.0469
resp,ordinary,.,0.028903,0.0056584,0.21554,0.42736,0.3327
resp,ordinary, Conf,0.1133,0.0039094,1.1012,1.6645,0.4015
resp,ordinary,used,0.17893,0.014861,0.56419,0.96506,0.2905
resp,ordinary,",",0.010822,0.021835,0.34757,0.4051,0.3116
resp,ordinary, he,0.1037,0.0041701,0.15797,0.26598,0.0015
resp,ordinary, tried,0.078054,0.0024721,0.019928,0.32998,0.0180
resp,ordinary, to,0.10824,0.0074452,0.18183,0.51636,0.1853
resp,ordinary, remember,0.067829,0.0059253,0.036617,0.36799,0.0241
resp,ordinary, how,0.12465,0.018537,0.10373,0.31665,0.0030
resp,ordinary, he,0.12256,0.01004,0.080978,0.26066,0.0001
resp,ordinary, got,0.064373,0.0060362,0.16563,0.45049,0.1079
resp,ordinary, there,0.10696,0.014201,0.32317,0.5798,0.2706
resp,ordinary,",",0.054086,0.012515,0.0098719,0.19316,0.0250
resp,ordinary, but,0.14755,0.025512,0.12949,0.33359,0.2365
resp,ordinary, his,0.054125,0.006327,0.060311,0.28729,0.1259
resp,ordinary, memories,0.049686,0.0040371,0.067802,0.39982,0.0334
resp,ordinary, were,0.068758,0.016731,0.10217,0.25872,0.0000
resp,ordinary, h,0.067814,0.0092187,0.82267,1.1237,0.3572
resp,ordinary,azy,0.07904,0.010623,0.066419,0.63655,0.0834
resp,ordinary,.,0.044277,0.0055667,0.10769,0.20538,0.0000
resp,ordinary, He,0.087654,0.0059635,0.034307,0.25294,0.0850
resp,ordinary, vaguely,0.065036,0.0008266,0.28094,0.5336,0.0957
resp,ordinary, recalled,0.11722,0.0082075,0.052663,0.61832,0.1047
resp,ordinary, playing,0.039235,0.0083397,0.16797,0.35138,0.1466
resp,ordinary, a,0.052251,7.9571e-06,0.45102,0.59522,0.3016
resp,ordinary, game,0.090932,0.012871,0.074135,0.33752,0.0005
resp,ordinary, called,0.12931,0.020722,0.32989,0.54528,0.2735
resp,ordinary," """,0.093704,0.012255,0.37352,0.51399,0.3123
resp,ordinary,E,0.13537,0.01408,0.47603,0.78133,0.3540
resp,ordinary,ternal,0.22979,0.01873,0.098866,0.57764,0.0073
resp,ordinary, Real,0.215,0.012689,0.21839,0.59825,0.2231
resp,ordinary,ms,0.15872,0.025833,0.27633,0.68001,0.0063
resp,ordinary,"""",0.064445,0.023023,0.18237,0.26287,0.0207
resp,ordinary, with,0.062348,0.0086393,0.11062,0.27398,0.1325
resp,ordinary, his,0.057075,0.004006,0.039453,0.25101,0.0322
resp,ordinary, friends,0.1057,0.016349,0.31834,0.52747,0.2407
resp,ordinary,",",0.0088621,0.0028284,0.2117,0.26012,0.1698
resp,ordinary, but,0.1248,0.021784,0.031178,0.238,0.0992
resp,ordinary, he,0.09587,0.009309,0.018964,0.32468,0.2569
resp,ordinary, couldn,0.16783,0.011218,0.28954,0.52477,0.2789
resp,ordinary,'t,0.048964,0.0069092,0.058635,0.33907,0.0012
resp,ordinary, shake,0.12842,0.0013617,0.053433,0.56135,0.0310
resp,ordinary, the,0.069804,0.0096167,0.15734,0.36695,0.1767
resp,ordinary, feeling,0.14141,0.018414,0.040637,0.39381,0.0484
resp,ordinary, that,0.066807,0.00080889,0.12585,0.40612,0.1496
resp,ordinary, this,0.13923,0.005106,0.056115,0.22852,0.0031
resp,ordinary, was,0.047397,0.015647,0.047147,0.29741,0.0553
resp,ordinary, more,0.091202,0.0083681,0.25302,0.37044,0.2299
resp,ordinary, than,0.12533,0.0093817,0.12305,0.34258,0.0655
resp,ordinary, just,0.20319,0.013415,0.10617,0.43367,0.0019
resp,ordinary, a,0.12241,0.0084198,0.28811,0.47943,0.2936
resp,ordinary, simulation,0.11826,0.018979,0.14594,0.45095,0.0048
resp,ordinary,.,0.050939,0.013483,0.085268,0.31986,0.2924
resp,ordinary, As,0.071484,0.0043494,0.067727,0.22645,0.0125
resp,ordinary, he,0.079625,0.003972,0.18724,0.32154,0.0811
resp,ordinary, looked,0.097484,0.014686,0.15747,0.36005,0.1296
resp,ordinary, around,0.084459,0.013345,0.074099,0.41535,0.0116
resp,ordinary,",",0.015367,0.00087528,0.12029,0.20835,0.0555
resp,ordinary, he,0.11039,0.012076,0.064726,0.22208,0.0053
resp,ordinary, noticed,0.18773,0.021146,0.055244,0.39373,0.1459
resp,ordinary, a,0.10229,0.0002552,0.066594,0.26087,0.0511
resp,ordinary, figure,0.12958,0.0069986,0.0011194,0.38658,0.0078
resp,ordinary, approaching,0.14279,0.009425,0.085769,0.4028,0.0974
resp,ordinary, him,0.1527,0.019039,0.010828,0.32891,0.0297
resp,ordinary, -,0.096849,0.016859,0.1735,0.40023,0.2520
prompt,template,<|begin_of_text|>,480.9,335.83,21.548,43.165,0.4208
prompt,ordinary,<|start_header_id|>,0.033122,0.13423,0.61973,1.0147,0.2188
prompt,ordinary,system,0.10416,0.014034,0.90453,0.95268,0.2980
prompt,ordinary,<|end_header_id|>,0.2576,0.038261,2.3966,3.4768,0.2623
prompt,newline,\n\n,0.076633,0.033513,1.1594,1.3948,0.3437
prompt,ordinary,Cut,0.14651,0.018616,0.22584,0.48626,0.0086
prompt,ordinary,ting,0.12129,0.020743,0.39733,0.6497,0.1141
prompt,ordinary, Knowledge,0.31243,0.05469,0.69997,1.0486,0.3550
prompt,ordinary, Date,0.26553,0.061352,0.62102,0.75133,0.3361
prompt,ordinary,:,0.085665,0.021895,0.48973,0.9311,0.3067
prompt,ordinary, December,0.15566,0.041422,0.26583,0.51836,0.2326
prompt,ordinary, ,0.099409,0.015608,0.65303,0.80778,0.3766
prompt,ordinary,202,0.23368,0.030412,0.5505,0.65005,0.3073
prompt,ordinary,3,0.15581,0.02522,0.63035,0.8548,0.3153
prompt,newline,\n,0.01956,0.0021002,0.37785,0.3989,0.0191
prompt,ordinary,Today,0.26638,0.042968,0.1629,0.4276,0.0281
prompt,ordinary, Date,0.32427,0.077375,0.30071,0.59397,0.1317
prompt,ordinary,:,0.22888,0.04112,0.4919,0.90369,0.2879
prompt,ordinary, ,0.13213,0.023714,0.67945,0.68736,0.2160
prompt,ordinary,26,0.11482,0.011083,0.39144,0.66968,0.2601
prompt,ordinary, Jul,0.25054,0.049121,0.21721,0.51421,0.0976
prompt,ordinary, ,0.098102,0.00070815,0.49718,0.59234,0.2777
prompt,ordinary,202,0.2822,0.01323,0.41428,0.6549,0.1951
prompt,ordinary,4,0.13175,0.018735,0.28357,0.57185,0.0141
prompt,newline,\n\n,0.078753,1.0677e-05,0.18196,0.41613,0.0067
prompt,template,<|eot_id|>,0.008414,0.010536,1.8243,2.6118,0.3501
prompt,ordinary,<|start_header_id|>,0.026482,0.010681,2.3193,3.2658,0.3404
prompt,ordinary,user,0.097117,0.042119,0.42648,0.63717,0.1471
prompt,ordinary,<|end_header_id|>,0.01502,0.0065354,2.311,3.4709,0.3499
prompt,newline,\n\n,0.011135,0.012892,0.10788,0.4567,0.0063
prompt,ordinary,Write,0.089534,0.0035199,0.23254,0.52917,0.0541
prompt,ordinary, a,0.21236,0.027669,0.7348,0.7639,0.3443
prompt,ordinary, detailed,0.14821,0.016822,0.32477,0.50263,0.1069
prompt,ordinary, review,0.065273,0.012234,0.09137,0.37982,0.0238
prompt,ordinary, of,0.1336,0.035596,0.44541,0.70293,0.2474
prompt,ordinary, the,0.15075,0.024848,0.58807,0.53031,0.3386
prompt,ordinary, movie,0.26821,0.055576,0.068728,0.38418,0.1439
prompt,ordinary," """,0.18129,0.036017,0.71806,0.86382,0.4003
prompt,ordinary,The,0.068948,0.0046371,0.34391,0.3909,0.2200
prompt,ordinary, Social,0.28016,0.052662,0.21904,0.40094,0.0692
prompt,ordinary, Network,0.17847,0.010958,0.196,0.57099,0.0141
prompt,ordinary,""".",0.094208,0.038972,0.17571,0.6849,0.2936
prompt,ordinary, Your,0.2076,0.046992,0.24651,0.31735,0.0533
prompt,ordinary, entire,0.019336,0.022445,0.21155,0.44363,0.1204
prompt,ordinary, response,0.059762,0.00015272,0.21804,0.3773,0.0031
prompt,ordinary, should,0.16961,0.024427,0.0033722,0.30992,0.0060
prompt,ordinary, be,0.15281,0.010269,0.31263,0.36787,0.0944
prompt,ordinary, in,0.063389,0.0070901,0.40473,0.51936,0.3166
prompt,ordinary, English,0.11761,0.00073321,0.21874,0.44684,0.2328
prompt,ordinary, and,0.13289,0.016295,0.32278,0.30502,0.1686
prompt,ordinary, all,0.10886,0.0030619,0.44482,0.45175,0.3012
prompt,ordinary, lower,0.11903,0.011334,0.3766,0.49901,0.2599
prompt,ordinary, case,0.069442,0.0057993,0.11268,0.56345,0.0269
prompt,ordinary, (,0.11361,0.014826,0.036296,0.29184,0.1722
prompt,ordinary,no,0.16033,0.0024894,0.53669,0.82044,0.3538
prompt,ordinary, capital,0.15107,0.017817,0.25218,0.52701,0.0686
prompt,ordinary, letters,0.07592,0.00060531,0.42126,0.92742,0.2922
prompt,ordinary, whatsoever,0.1079,0.006226,0.064332,0.46763,0.0564
prompt,ordinary,).,0.10838,0.024446,0.10576,0.44658,0.2732
prompt,template,<|eot_id|>,0.081435,0.025675,2.3966,2.9749,0.3523
prompt,ordinary,<|start_header_id|>,0.11142,0.033985,2.956,3.514,0.3267
prompt,ordinary,assistant,0.078672,0.012683,0.22085,0.68261,0.0727
prompt,ordinary,<|end_header_id|>,0.11397,0.030373,2.4056,3.7389,0.3463
prompt,newline,\n\n,0.074147,0.02397,0.077446,0.44874,0.1413
resp,ordinary,the,0.079554,0.00020216,0.1759,0.51408,0.1993
resp,ordinary, social,0.13456,0.019768,0.072182,0.3336,0.0564
resp,ordinary, network,0.16829,0.017129,0.084046,0.503,0.0060
resp,ordinary, is,0.062261,0.016403,0.17712,0.249,0.0531
resp,ordinary, a,0.079868,0.0096383,0.15228,0.27643,0.1138
resp,ordinary, ,0.01201,0.0029484,0.64756,0.65024,0.3504
resp,ordinary,201,0.12821,0.0078249,0.25762,0.3763,0.2535
resp,ordinary,0,0.18409,0.029929,0.23595,0.38194,0.1245
resp,ordinary, american,0.1431,0.039348,0.21238,0.50014,0.1771
resp,ordinary, bi,0.1075,0.0047725,0.71541,1.075,0.3267
resp,ordinary,ographical,0.14626,0.025846,0.45186,0.76092,0.1009
resp,ordinary, drama,0.2415,0.049446,0.32369,0.65905,0.1705
resp,ordinary, film,0.14434,0.025252,0.14328,0.44194,0.1062
resp,ordinary, directed,0.15589,0.027286,0.26023,0.57375,0.1470
resp,ordinary, by,0.18216,0.028759,0.25397,0.50114,0.0972
resp,ordinary, david,0.21364,0.064699,0.072613,0.52224,0.0427
resp,ordinary, fin,0.16678,0.030101,0.28658,0.87701,0.2381
resp,ordinary,cher,0.091546,0.020329,0.28479,0.95997,0.1520
resp,ordinary, and,0.024874,0.0020225,0.089896,0.25536,0.0033
resp,ordinary, written,0.094144,0.00083668,0.22049,0.55731,0.2403
resp,ordinary, by,0.073735,0.0083349,0.21275,0.37565,0.0346
resp,ordinary, the,0.046897,0.011295,0.39792,0.41243,0.2310
resp,ordinary, screen,0.13165,0.010261,0.1286,0.40043,0.0030
resp,ordinary,writer,0.2013,0.023551,0.1927,0.58098,0.0623
resp,ordinary, a,0.035856,0.0028809,0.0055905,0.24968,0.0008
resp,ordinary,aron,0.10588,0.033808,0.078756,0.61533,0.0348
resp,ordinary, s,0.0074599,0.0056861,0.14557,0.34661,0.0033
resp,ordinary,ork,0.14903,0.017357,0.2795,0.73454,0.0838
resp,ordinary,in,0.038518,0.025544,0.32853,0.86333,0.1354
resp,ordinary,.,0.0022747,0.0036553,0.11071,0.23819,0.0039
resp,ordinary, the,0.10071,0.012773,0.022182,0.30829,0.1883
resp,ordinary, film,0.10103,0.012966,0.041651,0.35241,0.0106
resp,ordinary, is,0.055536,0.0017607,0.003296,0.22893,0.0005
resp,ordinary, based,0.084318,0.01359,0.12196,0.34222,0.0237
resp,ordinary, on,0.071266,0.0092607,0.31168,0.52392,0.2198
resp,ordinary, the,0.022176,0.012803,0.36466,0.43788,0.2832
resp,ordinary, book,0.1398,0.0211,0.1191,0.3276,0.0291
resp,ordinary," """,0.097877,0.013117,0.45287,0.59247,0.3423
resp,ordinary,the,0.059062,0.0065782,0.047305,0.30567,0.0098
resp,ordinary, accidental,0.16949,0.022803,0.31708,0.56408,0.1255
resp,ordinary, billionaire,0.088931,0.0062629,0.32797,0.79953,0.1990
resp,ordinary,"""",0.087229,0.02813,0.24356,0.29001,0.0602
resp,ordinary, by,0.075862,0.017425,0.17276,0.31136,0.0935
resp,ordinary, ben,0.10202,0.022189,0.14884,0.45693,0.0338
resp,ordinary, Mez,0.2993,0.052438,0.23862,0.54037,0.0494
resp,ordinary,rich,0.099692,0.0050856,0.039929,0.59072,0.0126
resp,ordinary,",",0.027742,0.016277,0.30474,0.29313,0.2000
resp,ordinary, which,0.13859,0.013267,0.20526,0.2759,0.0550
resp,ordinary, tells,0.13021,0.024922,0.015279,0.35802,0.0305
resp,ordinary, the,0.07856,0.0055408,0.39851,0.47737,0.3085
resp,ordinary, story,0.077628,0.0030425,0.19266,0.41722,0.0464
resp,ordinary, of,0.12451,0.020764,0.27671,0.49438,0.0711
resp,ordinary, the,0.02577,0.019969,0.28234,0.40308,0.1811
resp,ordinary, founding,0.095104,0.0088174,0.1658,0.47366,0.0473
resp,ordinary, of,0.12564,0.012676,0.18451,0.58873,0.0835
resp,ordinary, the,0.050857,0.015563,0.47454,0.52407,0.2684
resp,ordinary, social,0.082246,0.0024806,0.23332,0.3862,0.1903
resp,ordinary, networking,0.10071,0.010395,0.13528,0.4968,0.0195
resp,ordinary, site,0.057415,0.0084389,0.18263,0.42115,0.0340
resp,ordinary, facebook,0.13359,0.0351,0.14315,0.39611,0.0040
resp,ordinary, and,0.06243,0.012557,0.1255,0.24634,0.0189
resp,ordinary, the,0.092479,0.0037108,0.042818,0.24239,0.0984
resp,ordinary, subsequent,0.035067,0.018818,0.12133,0.44178,0.0581
resp,ordinary, lawsuits,0.10322,0.019587,0.045376,0.41124,0.0558
resp,ordinary, that,0.11621,0.026229,0.19229,0.27959,0.0628
resp,ordinary, followed,0.22553,0.026038,0.11307,0.47064,0.0483
resp,ordinary,.\n\n,0.085579,0.018191,0.10064,0.34799,0.1878
resp,ordinary,the,0.15505,0.015234,0.30142,0.61846,0.3256
resp,ordinary, film,0.119,0.020575,0.062949,0.34344,0.0008
resp,ordinary, stars,0.14268,0.013712,0.024228,0.4647,0.0752
resp,ordinary, j,0.13283,0.020669,0.87183,1.0697,0.3728
resp,ordinary,esse,0.22851,0.05931,0.01569,0.56078,0.0128
resp,ordinary, e,0.047267,0.024622,0.40201,0.81168,0.3318
resp,ordinary,isen,0.21595,0.056562,0.1419,0.66828,0.0001
resp,ordinary,berg,0.079681,0.007477,0.0028899,0.65705,0.0283
resp,ordinary, as,0.031346,0.010418,0.018581,0.29448,0.0035
resp,ordinary, mark,0.17355,0.032353,0.10823,0.6208,0.2298
resp,ordinary, z,0.046973,0.0088579,0.4254,0.75017,0.1805
resp,ordinary,ucker,0.13743,0.026841,0.060015,0.69916,0.0065
resp,ordinary,berg,0.093565,0.0086244,0.22004,0.76939,0.0755
resp,ordinary,",",0.0062556,0.014326,0.20209,0.30756,0.1874
resp,ordinary, the,0.10684,0.008268,0.12961,0.2958,0.1479
resp,ordinary, co,0.0469,0.012993,0.3693,0.63317,0.3068
resp,ordinary,-founder,0.12965,0.026258,0.31757,0.66677,0.2048
resp,ordinary, and,0.078578,0.0013346,0.21797,0.31526,0.1981
resp,ordinary, ce,0.17219,0.017934,0.34394,0.5454,0.1843
resp,ordinary,o,0.16876,0.010098,0.11849,0.61982,0.0046
resp,ordinary, of,0.078461,0.0011823,0.24605,0.49192,0.0697
resp,ordinary, facebook,0.15316,0.030774,0.18701,0.39183,0.0059
resp,ordinary,",",0.007476,0.0056251,0.096961,0.20588,0.0187
resp,ordinary, alongside,0.079411,0.017588,0.28542,0.66554,0.2676
resp,ordinary, j,0.16558,0.022885,0.60278,0.76309,0.3583
resp,ordinary,osh,0.11587,0.012851,0.038452,0.60584,0.0001
resp,ordinary,ua,0.13257,0.0087139,0.096696,0.58833,0.0420
resp,ordinary, j,0.1286,0.0017228,0.55407,0.68338,0.2620
resp,ordinary,ackson,0.23054,0.021148,0.41646,0.90874,0.0793
resp,ordinary, as,0.042026,0.0096587,0.15775,0.42539,0.2281
resp,ordinary, sean,0.10628,0.0088059,0.051506,0.50705,0.1707
resp,ordinary, park,0.11702,0.022039,0.0063359,0.61535,0.0033
resp,ordinary,er,0.28238,0.06473,0.10239,0.89601,0.0004
resp,ordinary,",",0.023984,0.01661,0.055069,0.25114,0.0570
resp,ordinary, the,0.059672,0.0015565,0.016402,0.22893,0.0094
resp,ordinary, co,0.033815,0.020226,0.3009,0.60361,0.2818
resp,ordinary,-founder,0.12551,0.020865,0.29562,0.63611,0.1792
resp,ordinary, and,0.076185,0.006195,0.16434,0.27626,0.1182
resp,ordinary, president,0.076368,0.0069464,0.11358,0.32775,0.0753
resp,ordinary, of,0.062881,0.0096796,0.14214,0.38265,0.0004
resp,ordinary, the,0.073701,0.017023,0.49271,0.5415,0.3227
resp,ordinary,facebook,0.1554,0.014369,0.047459,0.5487,0.0059
resp,ordinary,",",0.026379,0.0017134,0.078684,0.24364,0.1162
resp,ordinary, and,0.11526,0.025321,0.06116,0.25294,0.0233
resp,ordinary, and,0.34353,0.024392,0.27215,0.49136,0.1610
resp,ordinary,rew,0.12204,0.019568,0.15398,0.68213,0.1018
resp,ordinary, gar,0.23202,0.03327,0.30642,0.5645,0.0029
resp,ordinary,field,0.13737,0.025777,0.43457,0.84087,0.1425
resp,ordinary, as,0.037504,0.010555,0.056164,0.32642,0.1495
resp,ordinary, ed,0.15885,0.027624,0.42862,0.56126,0.2386
resp,ordinary,uard,0.047278,0.0086413,0.1699,0.70752,0.0188
resp,ordinary,o,0.065134,0.003742,0.28502,0.78228,0.0544
resp,ordinary, saver,0.15654,0.018626,0.074083,0.52372,0.0003
resp,ordinary,in,0.13908,0.023176,0.018201,0.58544,0.0731
resp,ordinary,",",0.0086175,0.0083087,0.1524,0.52871,0.2904
resp,ordinary, the,0.091453,0.0061177,0.017941,0.28539,0.1459
resp,ordinary, co,0.032549,0.017991,0.27481,0.54337,0.2467
resp,ordinary,-founder,0.13314,0.020808,0.2986,0.62341,0.1749
resp,ordinary, and,0.075446,0.0077485,0.12988,0.25259,0.0739
resp,ordinary, chief,0.13402,0.011038,0.18008,0.4981,0.1959
resp,ordinary, financial,0.164,0.021326,0.055864,0.42586,0.0001
prompt,template,<|begin_of_text|>,480.9,335.83,21.548,43.165,0.4208
prompt,ordinary,<|start_header_id|>,0.033122,0.13423,0.61973,1.0147,0.2188
prompt,ordinary,system,0.10416,0.014034,0.90453,0.95268,0.2980
prompt,ordinary,<|end_header_id|>,0.2576,0.038261,2.3966,3.4768,0.2623
prompt,newline,\n\n,0.076633,0.033513,1.1594,1.3948,0.3437
prompt,ordinary,Cut,0.14651,0.018616,0.22584,0.48626,0.0086
prompt,ordinary,ting,0.12129,0.020743,0.39733,0.6497,0.1141
prompt,ordinary, Knowledge,0.31243,0.05469,0.69997,1.0486,0.3550
prompt,ordinary, Date,0.26553,0.061352,0.62102,0.75133,0.3361
prompt,ordinary,:,0.085665,0.021895,0.48973,0.9311,0.3067
prompt,ordinary, December,0.15566,0.041422,0.26583,0.51836,0.2326
prompt,ordinary, ,0.099409,0.015608,0.65303,0.80778,0.3766
prompt,ordinary,202,0.23368,0.030412,0.5505,0.65005,0.3073
prompt,ordinary,3,0.15581,0.02522,0.63035,0.8548,0.3153
prompt,newline,\n,0.01956,0.0021002,0.37785,0.3989,0.0191
prompt,ordinary,Today,0.26638,0.042968,0.1629,0.4276,0.0281
prompt,ordinary, Date,0.32427,0.077375,0.30071,0.59397,0.1317
prompt,ordinary,:,0.22888,0.04112,0.4919,0.90369,0.2879
prompt,ordinary, ,0.13213,0.023714,0.67945,0.68736,0.2160
prompt,ordinary,26,0.11482,0.011083,0.39144,0.66968,0.2601
prompt,ordinary, Jul,0.25054,0.049121,0.21721,0.51421,0.0976
prompt,ordinary, ,0.098102,0.00070815,0.49718,0.59234,0.2777
prompt,ordinary,202,0.2822,0.01323,0.41428,0.6549,0.1951
prompt,ordinary,4,0.13175,0.018735,0.28357,0.57185,0.0141
prompt,newline,\n\n,0.078753,1.0677e-05,0.18196,0.41613,0.0067
prompt,template,<|eot_id|>,0.008414,0.010536,1.8243,2.6118,0.3501
prompt,ordinary,<|start_header_id|>,0.026482,0.010681,2.3193,3.2658,0.3404
prompt,ordinary,user,0.097117,0.042119,0.42648,0.63717,0.1471
prompt,ordinary,<|end_header_id|>,0.01502,0.0065354,2.311,3.4709,0.3499
prompt,newline,\n\n,0.011135,0.012892,0.10788,0.4567,0.0063
prompt,ordinary,Write,0.089534,0.0035199,0.23254,0.52917,0.0541
prompt,ordinary, a,0.21236,0.027669,0.7348,0.7639,0.3443
prompt,ordinary, short,0.13778,0.016758,0.29361,0.4505,0.1279
prompt,ordinary, blog,0.18762,0.053825,0.36733,0.71749,0.2661
prompt,ordinary, post,0.17127,0.023359,0.42038,0.61997,0.1136
prompt,ordinary, about,0.14721,0.01199,0.18753,0.35943,0.0098
prompt,ordinary, a,0.098171,0.0031254,0.51522,0.56485,0.3314
prompt,ordinary, trip,0.16957,0.032336,0.32501,0.50125,0.1549
prompt,ordinary, to,0.11056,0.0085801,0.61558,0.9015,0.3247
prompt,ordinary, Japan,0.133,0.046855,0.31302,0.48142,0.2350
prompt,ordinary, using,0.18706,0.040121,0.17589,0.31877,0.0635
prompt,ordinary, less,0.15436,0.033378,0.42325,0.54343,0.3056
prompt,ordinary, than,0.17094,0.027183,0.090077,0.46469,0.0280
prompt,ordinary, ,0.10349,0.0027122,0.55263,0.43946,0.2315
prompt,ordinary,300,0.14858,0.0051213,0.6114,0.85658,0.3557
prompt,ordinary, words,0.078757,0.0093499,0.15407,0.55813,0.0723
prompt,ordinary,.,0.16501,0.034831,0.04005,0.39058,0.2380
prompt,template,<|eot_id|>,0.042002,0.013615,2.1412,2.7969,0.3561
prompt,ordinary,<|start_header_id|>,0.056345,0.021191,2.3398,3.34,0.3380
prompt,ordinary,assistant,0.043151,0.0011777,0.25921,0.69742,0.0730
prompt,ordinary,<|end_header_id|>,0.051974,0.015296,2.2546,3.6793,0.3485
prompt,newline,\n\n,0.082644,0.021242,0.087325,0.46748,0.1331
resp,ordinary,**,0.089052,0.019784,0.27587,0.60083,0.0312
resp,ordinary,Discover,0.11923,0.0052876,0.20087,0.49736,0.0095
resp,ordinary,ing,0.15822,0.04322,0.20679,0.5935,0.0007
resp,ordinary, the,0.10875,0.016179,0.35031,0.33085,0.1213
resp,ordinary, Land,0.099002,0.024087,0.30207,0.42203,0.0672
resp,ordinary, of,0.053886,0.0024878,0.66405,1.0025,0.3270
resp,ordinary, the,0.067643,0.0020193,0.74774,0.85051,0.3392
resp,ordinary, Rising,0.098662,0.011976,0.11944,0.47097,0.0312
resp,ordinary, Sun,0.11438,0.0021727,0.012397,0.50023,0.0110
resp,ordinary,:,0.037568,0.019628,0.013718,0.37277,0.1135
resp,ordinary, My,0.077777,0.00037694,0.070272,0.30049,0.0879
resp,ordinary, Journey,0.085598,0.0051399,0.60417,0.84276,0.3310
resp,ordinary, to,0.083869,0.0017042,0.48565,0.72823,0.2877
resp,ordinary, Japan,0.11352,0.030755,0.13501,0.35369,0.0384
resp,ordinary,**\n\n,0.028759,0.0035475,0.075561,0.69136,0.2799
resp,ordinary,As,0.079482,0.0024779,0.24617,0.53874,0.3082
resp,ordinary, I,0.078817,0.0079205,0.38542,0.55646,0.2698
resp,ordinary, stepped,0.098146,0.012393,0.1482,0.40239,0.0067
resp,ordinary, off,0.067468,0.0087911,0.3208,0.56806,0.2313
resp,ordinary, the,0.026927,0.000487,0.57937,0.73958,0.3523
resp,ordinary, plane,0.1442,0.042301,0.028499,0.50837,0.0096
resp,ordinary, in,0.060451,0.011185,0.41262,0.43315,0.2983
resp,ordinary, Tokyo,0.099785,0.010447,0.045132,0.3682,0.1082
resp,ordinary,",",0.010814,0.0070891,0.2476,0.29135,0.1060
resp,ordinary, I,0.085493,0.0136,0.17935,0.29235,0.1039
resp,ordinary, knew,0.099966,0.003873,0.15294,0.33878,0.0633
resp,ordinary, that,0.069714,0.0037638,0.4806,0.64813,0.2797
resp,ordinary, I,0.050757,0.014648,0.29227,0.35571,0.1957
resp,ordinary, was,0.048826,0.0056653,0.105,0.25972,0.0051
resp,ordinary, in,0.028203,0.0026365,0.53904,0.70669,0.3726
resp,ordinary, for,0.046261,0.007604,0.54657,0.7786,0.3735
resp,ordinary, an,0.086047,0.0079237,0.45673,0.48349,0.3493
resp,ordinary, adventure,0.25987,0.040142,0.03554,0.35623,0.0082
resp,ordinary, of,0.10682,0.010193,0.50234,0.68752,0.2534
resp,ordinary, a,0.062857,0.019881,0.50763,0.64645,0.3186
resp,ordinary, lifetime,0.077233,0.016256,0.17401,0.43286,0.1400
resp,ordinary,.,0.083611,0.021759,0.067619,0.38608,0.3139
resp,ordinary, Japan,0.075359,0.017296,0.014734,0.33028,0.0006
resp,ordinary,",",0.014102,0.0046131,0.40486,0.51913,0.3080
resp,ordinary, a,0.057234,0.00021716,0.42224,0.61123,0.3448
resp,ordinary, country,0.13147,0.023187,0.096392,0.34731,0.0363
resp,ordinary, steep,0.085685,0.0037488,0.36135,0.60494,0.2434
resp,ordinary,ed,0.14221,0.027423,0.29848,0.71694,0.0684
resp,ordinary, in,0.088361,0.0014572,0.39561,0.65571,0.1827
resp,ordinary, tradition,0.10081,0.010931,0.080604,0.42298,0.0645
resp,ordinary, and,0.020998,0.0023682,0.15514,0.20818,0.0027
resp,ordinary, culture,0.072447,0.0067053,0.054056,0.31155,0.0492
resp,ordinary,",",0.012124,0.0014388,0.063791,0.22619,0.0624
resp,ordinary, was,0.013718,0.0026765,0.13304,0.27924,0.1163
resp,ordinary, about,0.094988,0.027533,0.25523,0.33351,0.0594
resp,ordinary, to,0.044828,0.014093,0.48376,0.82626,0.3293
resp,ordinary, reveal,0.052818,0.0044446,0.41345,0.76918,0.3174
resp,ordinary, its,0.076704,0.0080755,0.030616,0.27452,0.0825
resp,ordinary, secrets,0.13795,0.020792,0.19334,0.42692,0.0710
resp,ordinary, to,0.067995,0.0038108,0.54249,0.7672,0.3464
resp,ordinary, me,0.1055,0.019819,0.038414,0.35553,0.1207
resp,ordinary,.,0.04258,0.01364,0.076095,0.21679,0.1364
resp,ordinary, From,0.10115,0.0081633,0.17954,0.29091,0.0130
resp,ordinary, the,0.051392,0.0012084,0.34233,0.37785,0.2386
resp,ordinary, bustling,0.0083936,0.006903,0.092679,0.50838,0.0006
resp,ordinary, streets,0.14299,0.012452,0.0028769,0.46931,0.0701
resp,ordinary, of,0.18027,0.025268,0.31486,0.6026,0.1522
resp,ordinary, Tokyo,0.080676,0.0023224,0.07698,0.33705,0.0449
resp,ordinary, to,0.097355,0.011364,0.2531,0.57445,0.2270
resp,ordinary, the,0.056479,0.0039539,0.34001,0.39516,0.2959
resp,ordinary, serene,0.13171,0.025449,0.076633,0.5258,0.0503
resp,ordinary, landscapes,0.030226,0.013416,0.29986,0.69654,0.1751
resp,ordinary, of,0.10422,0.011864,0.40337,0.61986,0.1963
resp,ordinary, the,0.029308,0.0093924,0.4748,0.53404,0.3057
resp,ordinary, countryside,0.10669,0.0082022,0.22706,0.48011,0.1043
resp,ordinary,",",0.0026027,0.009277,0.19138,0.25736,0.1163
resp,ordinary, my,0.079732,0.011069,0.064545,0.42591,0.2510
resp,ordinary, journey,0.06548,0.001577,0.34064,0.44131,0.1920
resp,ordinary, was,0.034402,0.01047,0.014797,0.25304,0.0892
resp,ordinary, a,0.052152,0.0069575,0.22209,0.28455,0.1983
resp,ordinary, sensory,0.080147,0.003318,0.062055,0.46041,0.0235
resp,ordinary, overload,0.07187,0.0083639,0.060394,0.65981,0.0716
resp,ordinary, in,0.051409,0.018065,0.09391,0.23658,0.0002
resp,ordinary, the,0.06625,0.0020571,0.23262,0.23138,0.0898
resp,ordinary, best,0.20048,0.034088,0.010391,0.35799,0.1041
resp,ordinary, possible,0.060752,0.012728,0.0054629,0.46894,0.0495
resp,ordinary, way,0.10951,0.013819,0.1522,0.3755,0.0052
resp,ordinary,.\n\n,0.083269,0.017648,0.023884,0.28841,0.0066
resp,ordinary,My,0.093154,0.0032967,0.38318,0.69411,0.3496
resp,ordinary, first,0.10556,0.013311,0.22342,0.4451,0.1830
resp,ordinary, stop,0.086995,0.01778,0.30014,0.49037,0.2017
resp,ordinary, was,0.050422,0.007389,0.13138,0.29313,0.0437
resp,ordinary, the,0.050727,0.00037749,0.35962,0.33455,0.2791
resp,ordinary, vibrant,0.12488,0.026133,0.10009,0.46218,0.0131
resp,ordinary, city,0.15136,0.032484,0.068591,0.33104,0.0037
resp,ordinary, of,0.10007,0.0066332,0.4194,0.51915,0.1647
resp,ordinary, Tokyo,0.10018,0.010106,0.053583,0.31849,0.0354
resp,ordinary,",",0.0052109,0.0032285,0.38196,0.50552,0.3320
resp,ordinary, where,0.16762,0.011973,0.3494,0.39083,0.1820
resp,ordinary, I,0.074134,0.0044445,0.13992,0.2718,0.0196
resp,ordinary, immersed,0.15401,0.018455,0.13281,0.48891,0.0514
resp,ordinary, myself,0.10054,0.0038705,0.16046,0.42728,0.0416
resp,ordinary, in,0.055013,0.0058711,0.20093,0.49099,0.1225
resp,ordinary, the,0.022066,0.0159,0.34847,0.38196,0.2511
resp,ordinary, neon,0.077249,0.021791,0.072184,0.44703,0.0247
resp,ordinary,-l,0.12257,0.025059,1.0151,1.2664,0.3620
resp,ordinary,it,0.060392,0.010282,0.2504,0.81252,0.1508
resp,ordinary, streets,0.13695,0.017259,0.10029,0.5662,0.1692
resp,ordinary, of,0.15642,0.022245,0.19394,0.47114,0.0045
resp,ordinary, Shin,0.15367,0.024784,0.2202,0.54244,0.2351
resp,ordinary,j,0.10974,0.0058704,0.38896,0.54651,0.0642
resp,ordinary,uku,0.055082,0.023234,0.19021,0.63075,0.0015
resp,ordinary, and,0.041075,0.0036076,0.096708,0.28861,0.2311
resp,ordinary, Shib,0.18012,0.031842,0.023717,0.45612,0.0059
resp,ordinary,uya,0.16208,0.03458,0.083463,0.62063,0.0027
resp,ordinary,.,0.044364,0.01837,0.085785,0.2248,0.0918
resp,ordinary, I,0.077209,0.0078875,0.092667,0.20546,0.0003
resp,ordinary, mar,0.13935,0.018023,0.14204,0.52339,0.1825
resp,ordinary,veled,0.033385,0.0087675,0.043624,0.62368,0.0001
resp,ordinary, at,0.045812,0.0027282,0.063938,0.5891,0.0497
resp,ordinary, the,0.047331,0.0071196,0.10994,0.24314,0.0844
resp,ordinary, towering,0.13176,0.023421,0.40356,0.91505,0.2879
resp,ordinary, skys,0.11104,0.022209,0.047525,0.56054,0.0612
resp,ordinary,crap,0.08555,0.010185,0.24354,0.56049,0.0437
resp,ordinary,ers,0.093497,0.013499,0.12748,0.63981,0.0065
resp,ordinary,",",0.00079771,0.0029978,0.38137,0.40216,0.2936
resp,ordinary, sampled,0.12422,0.040012,0.084658,0.49098,0.0000
resp,ordinary, delicious,0.14487,0.026366,0.11115,0.43095,0.1364
resp,ordinary, street,0.051226,0.0082913,0.23524,0.52275,0.2810
resp,ordinary, food,0.079517,0.011185,0.25559,0.68854,0.2452
resp,ordinary,",",0.037862,0.009883,0.085319,0.1951,0.0064
resp,ordinary, and,0.054897,0.012799,0.11041,0.27612,0.0947
resp,ordinary, h,0.11893,0.0053039,0.86413,0.87542,0.3770
prompt,template,<|begin_of_text|>,480.9,335.83,21.548,43.165,0.4208
prompt,ordinary,<|start_header_id|>,0.033122,0.13423,0.61973,1.0147,0.2188
prompt,ordinary,system,0.10416,0.014034,0.90453,0.95268,0.2980
prompt,ordinary,<|end_header_id|>,0.2576,0.038261,2.3966,3.4768,0.2623
prompt,newline,\n\n,0.076633,0.033513,1.1594,1.3948,0.3437
prompt,ordinary,Cut,0.14651,0.018616,0.22584,0.48626,0.0086
prompt,ordinary,ting,0.12129,0.020743,0.39733,0.6497,0.1141
prompt,ordinary, Knowledge,0.31243,0.05469,0.69997,1.0486,0.3550
prompt,ordinary, Date,0.26553,0.061352,0.62102,0.75133,0.3361
prompt,ordinary,:,0.085665,0.021895,0.48973,0.9311,0.3067
prompt,ordinary, December,0.15566,0.041422,0.26583,0.51836,0.2326
prompt,ordinary, ,0.099409,0.015608,0.65303,0.80778,0.3766
prompt,ordinary,202,0.23368,0.030412,0.5505,0.65005,0.3073
prompt,ordinary,3,0.15581,0.02522,0.63035,0.8548,0.3153
prompt,newline,\n,0.01956,0.0021002,0.37785,0.3989,0.0191
prompt,ordinary,Today,0.26638,0.042968,0.1629,0.4276,0.0281
prompt,ordinary, Date,0.32427,0.077375,0.30071,0.59397,0.1317
prompt,ordinary,:,0.22888,0.04112,0.4919,0.90369,0.2879
prompt,ordinary, ,0.13213,0.023714,0.67945,0.68736,0.2160
prompt,ordinary,26,0.11482,0.011083,0.39144,0.66968,0.2601
prompt,ordinary, Jul,0.25054,0.049121,0.21721,0.51421,0.0976
prompt,ordinary, ,0.098102,0.00070815,0.49718,0.59234,0.2777
prompt,ordinary,202,0.2822,0.01323,0.41428,0.6549,0.1951
prompt,ordinary,4,0.13175,0.018735,0.28357,0.57185,0.0141
prompt,newline,\n\n,0.078753,1.0677e-05,0.18196,0.41613,0.0067
prompt,template,<|eot_id|>,0.008414,0.010536,1.8243,2.6118,0.3501
prompt,ordinary,<|start_header_id|>,0.026482,0.010681,2.3193,3.2658,0.3404
prompt,ordinary,user,0.097117,0.042119,0.42648,0.63717,0.1471
prompt,ordinary,<|end_header_id|>,0.01502,0.0065354,2.311,3.4709,0.3499
prompt,newline,\n\n,0.011135,0.012892,0.10788,0.4567,0.0063
prompt,ordinary,Please,0.075345,0.0011307,0.017795,0.40019,0.0176
prompt,ordinary, provide,0.20795,0.050193,0.1752,0.39167,0.0006
prompt,ordinary, the,0.16924,0.018155,0.51883,0.33899,0.1318
prompt,ordinary, names,0.07068,0.01366,0.29468,0.52429,0.2091
prompt,ordinary, of,0.12091,0.015839,0.38878,0.59331,0.1341
prompt,ordinary, ,0.040323,0.010401,0.70095,0.62577,0.3498
prompt,ordinary,5,0.16076,0.022916,0.33201,0.31447,0.1589
prompt,ordinary, famous,0.15682,0.027627,0.081889,0.38308,0.0001
prompt,ordinary, moms,0.1733,0.044357,0.67621,0.96557,0.3310
prompt,ordinary, in,0.068896,0.011135,0.4658,0.45434,0.3244
prompt,ordinary, JSON,0.18214,0.049454,0.0089823,0.49553,0.0767
prompt,ordinary, format,0.22533,0.037308,0.21076,0.45662,0.0327
prompt,ordinary,.,0.13427,0.028987,0.12752,0.30643,0.1152
prompt,ordinary, Please,0.20707,0.018059,0.011189,0.37217,0.1213
prompt,ordinary,",",0.022955,0.040745,0.69419,0.85235,0.3565
prompt,ordinary, use,0.13445,0.016432,0.46776,0.60592,0.2590
prompt,ordinary, any,0.12944,0.0017475,0.40126,0.53505,0.2490
prompt,ordinary, interesting,0.18765,0.027268,0.41582,0.41205,0.1827
prompt,ordinary, or,0.15168,0.0095691,0.30775,0.30176,0.1199
prompt,ordinary, weird,0.097909,0.0060199,0.10094,0.38869,0.0005
prompt,ordinary, tone,0.16033,0.026386,0.16871,0.49247,0.0311
prompt,ordinary,.,0.113,0.018649,0.0065117,0.45253,0.2429
prompt,ordinary, Your,0.26518,0.052153,0.18649,0.30477,0.0286
prompt,ordinary, entire,0.0096196,0.030272,0.22268,0.47235,0.1362
prompt,ordinary, output,0.17669,0.052462,0.17026,0.41045,0.0007
prompt,ordinary, should,0.21546,0.025409,0.0083872,0.34728,0.0251
prompt,ordinary, just,0.16241,0.0083755,0.24675,0.38022,0.1652
prompt,ordinary, contain,0.15349,0.01802,0.23101,0.49597,0.1609
prompt,ordinary, a,0.082887,0.0066376,0.44652,0.51387,0.3756
prompt,ordinary, JSON,0.16232,0.032134,0.031056,0.44879,0.0520
prompt,ordinary, block,0.091919,0.011756,0.18649,0.45432,0.0022
prompt,ordinary,",",0.013426,0.0047473,0.31687,0.37235,0.3250
prompt,ordinary, nothing,0.14287,0.0053257,0.58723,0.5643,0.3379
prompt,ordinary, else,0.14303,0.0020543,0.54625,0.92897,0.3322
prompt,ordinary,.,0.033154,0.0050669,0.039119,0.33179,0.1853
prompt,template,<|eot_id|>,0.035515,0.0088075,1.6356,2.324,0.3553
prompt,ordinary,<|start_header_id|>,0.053131,0.018729,1.8825,2.9016,0.3306
prompt,ordinary,assistant,0.016006,0.015195,0.27886,0.71238,0.1062
prompt,ordinary,<|end_header_id|>,0.036099,0.0072126,1.4139,2.9906,0.3491
prompt,newline,\n\n,0.11176,0.024631,0.11933,0.41866,0.0842
resp,ordinary,{\n,0.067011,0.020393,0.25388,0.65413,0.0317
resp,ordinary, ,0.038753,0.0084224,0.35218,0.6021,0.1553
resp,ordinary," """,0.0082691,0.0035029,0.55465,0.7184,0.3038
resp,ordinary,F,0.047563,0.006661,0.52442,0.4868,0.2337
resp,ordinary,amous,0.20319,0.037603,0.051521,0.60523,0.0472
resp,ordinary, Moms,0.25457,0.037552,0.28004,0.61938,0.0802
resp,ordinary,""":",0.026402,0.01842,0.22237,0.38203,0.0007
resp,ordinary, [\n,0.022915,0.000474,0.12296,0.56076,0.0027
resp,ordinary,   ,0.040923,0.019248,0.27635,0.51873,0.0758
resp,ordinary, {\n,0.086763,0.0019209,0.1857,0.69054,0.0614
resp,ordinary,     ,0.1051,0.01801,0.062358,0.49107,0.0273
resp,ordinary," """,0.03813,0.010463,0.34761,0.61839,0.1295
resp,ordinary,Name,0.085484,0.0097746,0.18705,0.42615,0.0243
resp,ordinary,""":",0.089568,0.0068511,0.094128,0.51798,0.0518
resp,ordinary," """,0.031135,0.021601,0.39701,0.52249,0.0873
resp,ordinary,O,0.063027,0.0017223,0.081602,0.36417,0.0047
resp,ordinary,pr,0.18244,0.028797,0.2572,0.66364,0.0403
resp,ordinary,ah,0.088858,0.0042744,0.065735,0.55908,0.0022
resp,ordinary, Win,0.086775,0.0077912,0.14224,0.4746,0.0667
resp,ordinary,frey,0.034555,0.02495,0.083705,0.59347,0.0022
resp,ordinary,""",\n",0.081427,0.025694,0.21041,0.42989,0.0533
resp,ordinary,     ,0.077771,0.008283,0.046785,0.43024,0.0003
resp,ordinary," """,0.029764,0.011623,0.33016,0.44785,0.0816
resp,ordinary,Claim,0.10024,0.0064211,0.12921,0.49431,0.0017
resp,ordinary, to,0.10722,0.0020207,0.057766,0.60724,0.0966
resp,ordinary, Fame,0.16055,0.019927,0.078032,0.51156,0.0050
resp,ordinary,""":",0.05388,0.017626,0.23062,0.51728,0.1278
resp,ordinary," """,0.040692,0.0087894,0.27397,0.42092,0.0189
resp,ordinary,Media,0.17594,0.04025,0.0097445,0.4551,0.0167
resp,ordinary, Mog,0.14693,0.023081,0.26654,0.51334,0.0238
resp,ordinary,ul,0.061163,0.012558,0.55769,0.89201,0.2608
resp,ordinary, and,0.033737,0.0073425,0.43238,0.71148,0.3373
resp,ordinary, Phil,0.20526,0.034205,0.17679,0.45396,0.0036
resp,ordinary,anth,0.16228,0.028307,0.067463,0.63127,0.0003
resp,ordinary,rop,0.080786,0.00050425,0.30551,0.75081,0.1414
resp,ordinary,ist,0.03152,0.0165,0.12892,0.66126,0.1167
resp,ordinary,""",\n",0.037168,0.018207,0.36137,0.43222,0.1073
resp,ordinary,     ,0.079874,0.0076315,0.018493,0.4564,0.0202
resp,ordinary," """,0.037167,0.0068069,0.28135,0.45269,0.0748
resp,ordinary,Mom,0.18934,0.039764,0.1566,0.46404,0.0051
resp,ordinary, Life,0.12167,0.0073504,0.1264,0.62008,0.1444
resp,ordinary,""":",0.048279,0.015053,0.22482,0.42651,0.0558
resp,ordinary," """,0.046907,0.0068504,0.17247,0.43773,0.0314
resp,ordinary,Raised,0.10905,0.0058842,0.33223,0.5689,0.1219
resp,ordinary, by,0.1054,0.00099427,0.2713,0.56988,0.1653
resp,ordinary, her,0.049905,0.016637,0.25964,0.46453,0.2052
resp,ordinary, grandmother,0.128,0.0019718,0.34804,0.60297,0.2055
resp,ordinary,",",0.014674,0.017234,0.51889,0.74017,0.3330
resp,ordinary, Oprah,0.13836,0.02823,0.21349,0.57183,0.0598
resp,ordinary,'s,0.13956,0.011819,0.42753,0.61707,0.3064
resp,ordinary, mom,0.1466,0.010239,0.30145,0.58337,0.2062
resp,ordinary, was,0.068134,0.0025831,0.15703,0.25944,0.0608
resp,ordinary, a,0.069263,0.0044722,0.28257,0.40557,0.2569
resp,ordinary, house,0.099738,0.0015083,0.37031,0.65462,0.3621
resp,ordinary,maid,0.19025,0.023888,0.14249,0.73841,0.1481
resp,ordinary,"""\n",0.033735,0.014601,0.3577,0.37485,0.0313
resp,ordinary,   ,0.048935,0.0098658,0.059412,0.40094,0.0387
resp,ordinary," },\n",0.050224,0.00020106,0.39729,0.76701,0.2124
resp,ordinary,   ,0.062844,0.013592,0.0012352,0.44099,0.0051
resp,ordinary, {\n,0.038259,0.0088497,0.18194,0.82927,0.1763
resp,ordinary,     ,0.11678,0.010256,0.013591,0.4723,0.0030
resp,ordinary," """,0.040124,0.018043,0.19719,0.54529,0.1014
resp,ordinary,Name,0.092462,0.0034887,0.13889,0.42317,0.0335
resp,ordinary,""":",0.058866,0.0020898,0.17568,0.51219,0.0647
resp,ordinary," """,0.037312,0.023071,0.25288,0.47176,0.0030
resp,ordinary,J,0.11799,0.0056549,0.75553,0.94813,0.3624
resp,ordinary,.K,0.25894,0.048534,0.016016,0.53258,0.0167
resp,ordinary,.,0.012595,0.0223,0.51709,0.83181,0.2459
resp,ordinary, Rowling,0.1987,0.047223,0.266,0.62303,0.0896
resp,ordinary,""",\n",0.032958,0.016877,0.19468,0.37242,0.0005
resp,ordinary,     ,0.060684,0.00092007,0.10829,0.45312,0.0214
resp,ordinary," """,0.019263,0.014855,0.2269,0.40154,0.0127
resp,ordinary,Claim,0.22452,0.033591,0.039635,0.52141,0.0000
resp,ordinary, to,0.15932,0.0094985,0.025726,0.55327,0.0585
resp,ordinary, Fame,0.18086,0.021014,0.06594,0.52392,0.0143
resp,ordinary,""":",0.051657,0.018947,0.22485,0.50657,0.1329
resp,ordinary," """,0.053327,0.0064044,0.19679,0.45522,0.0470
resp,ordinary,Author,0.2403,0.057014,0.1943,0.47313,0.0443
resp,ordinary, of,0.060735,0.01539,0.45585,0.84844,0.3002
resp,ordinary, Harry,0.2267,0.052981,0.14128,0.58379,0.2273
resp,ordinary, Potter,0.21375,0.043483,0.13435,0.63237,0.1175
resp,ordinary, Series,0.059968,0.0084516,0.019668,0.47632,0.0134
resp,ordinary,""",\n",0.027107,0.013208,0.26164,0.37303,0.0032
resp,ordinary,     ,0.064517,0.0037961,0.15912,0.50148,0.0666
resp,ordinary," """,0.022708,0.0088311,0.19124,0.40938,0.0193
resp,ordinary,Mom,0.21789,0.041438,0.04333,0.4764,0.0141
resp,ordinary, Life,0.125,0.010104,0.011079,0.54174,0.0801
resp,ordinary,""":",0.050105,0.01582,0.19026,0.42422,0.0581
resp,ordinary," """,0.056195,0.0053684,0.088849,0.47482,0.0717
resp,ordinary,Single,0.10827,0.0040495,0.034296,0.41798,0.0024
resp,ordinary, mom,0.091128,0.0011419,0.11621,0.60656,0.0904
resp,ordinary,",",0.025153,0.025684,0.3771,0.53166,0.2956
resp,ordinary, raised,0.063302,0.020861,0.13958,0.41791,0.0067
resp,ordinary, her,0.09707,0.0091926,0.13614,0.32579,0.0018
resp,ordinary, daughter,0.10322,0.012003,0.16959,0.40903,0.1575
resp,ordinary, on,0.055207,0.0075169,0.22498,0.45128,0.2050
resp,ordinary, welfare,0.09085,0.0095133,0.30424,0.63757,0.2567
resp,ordinary,"""\n",0.019831,0.010223,0.25609,0.35101,0.0351
resp,ordinary,   ,0.039387,0.0077035,0.16458,0.47355,0.1495
resp,ordinary," },\n",0.015117,0.011336,0.2926,0.7176,0.1861
resp,ordinary,   ,0.053287,0.010908,0.043207,0.45703,0.0177
resp,ordinary, {\n,0.02267,0.011616,0.13693,0.77975,0.1381
resp,ordinary,     ,0.11344,0.0089382,0.0080723,0.48284,0.0000
resp,ordinary," """,0.039417,0.018943,0.1661,0.522,0.0688
resp,ordinary,Name,0.10956,0.0049071,0.13775,0.44266,0.0442
resp,ordinary,""":",0.063523,0.0015351,0.18876,0.51992,0.0609
resp,ordinary," """,0.052761,0.021773,0.21763,0.47817,0.0000
resp,ordinary,May,0.15912,0.015768,0.035332,0.46992,0.0526
resp,ordinary,a,0.12993,0.0016667,0.2672,0.75977,0.0674
resp,ordinary, Angel,0.089529,0.006696,0.41267,0.86764,0.2014
resp,ordinary,ou,0.041854,0.026134,0.22067,0.70314,0.0445
resp,ordinary,""",\n",0.070043,0.014251,0.14723,0.44533,0.0936
resp,ordinary,     ,0.077096,0.0053996,0.078678,0.45997,0.0223
resp,ordinary," """,0.028487,0.011572,0.22431,0.40227,0.0040
resp,ordinary,Claim,0.23463,0.037539,0.063196,0.52031,0.0018
resp,ordinary, to,0.16883,0.0087326,0.034629,0.54277,0.0401
resp,ordinary, Fame,0.19836,0.021491,0.069535,0.51859,0.0119
resp,ordinary,""":",0.058545,0.019314,0.27291,0.48627,0.0989
resp,ordinary," """,0.061769,0.0044934,0.18636,0.47321,0.0613
resp,ordinary,Po,0.22288,0.022973,0.35233,0.71399,0.2624
resp,ordinary,et,0.20041,0.029154,0.096702,0.78092,0.1445
resp,ordinary, and,0.057277,0.016648,0.17208,0.36697,0.1274
resp,ordinary, Author,0.10377,0.00022419,0.28688,0.60497,0.2169
resp,ordinary,""",\n",0.034396,0.014018,0.26232,0.40461,0.0087
resp,ordinary,     ,0.067391,0.0011303,0.12029,0.49582,0.0634
resp,ordinary," """,0.023278,0.011533,0.21679,0.41231,0.0107
resp,ordinary,Mom,0.23362,0.042788,0.049292,0.48134,0.0159
resp,ordinary, Life,0.12866,0.0093,0.023677,0.51047,0.0503
