part,kind,token,ov_iso,ov_white,ov_row,err,err_rowshare
prompt,template,<s>,798.84,153.29,3.6388,55.774,0.9724
prompt,ordinary,[INST],0.0057291,0.12873,0.0074518,127.04,0.9749
prompt,ordinary,Write,0.032532,0.011013,0.14595,124.58,0.9745
prompt,ordinary,a,0.033487,0.01806,0.1742,186.32,0.9752
prompt,ordinary,,34.292,5.5288,0.40508,202.43,0.9767
prompt,ordinary,3,0.06707,0.019917,0.087154,168.2,0.9735
prompt,ordinary,0,0.078451,0.0251,0.087831,171.2,0.9742
prompt,ordinary,0,0.074583,0.017801,0.14623,179.32,0.9742
prompt,ordinary,+,0.010813,0.011968,0.12887,103.85,0.9742
prompt,ordinary,word,0.057089,0.0055461,0.094721,108.71,0.9775
prompt,ordinary,summary,0.010303,0.02425,0.10603,59.75,0.9743
prompt,ordinary,of,0.23608,0.036781,0.12868,178.19,0.9758
prompt,ordinary,the,0.0092061,0.0018449,0.12361,152.89,0.9750
prompt,ordinary,w,0.067803,0.0067222,0.14796,125.36,0.9784
prompt,ordinary,ik,0.27717,0.086178,0.14511,149.86,0.9759
prompt,ordinary,ipedia,0.23586,0.0656,0.053566,128.41,0.9784
prompt,ordinary,page,0.24589,0.053894,0.11653,150.71,0.9775
prompt,ordinary,"""",0.036379,0.024901,0.15593,97.013,0.9781
prompt,ordinary,https,0.058615,0.02358,0.091098,38.438,0.9775
prompt,ordinary,://,0.65845,0.073946,0.21867,143.94,0.9741
prompt,ordinary,en,0.10975,0.042802,0.14764,151.89,0.9755
prompt,ordinary,.,0.025478,0.022662,0.16083,61.66,0.9774
prompt,ordinary,wikipedia,0.094539,0.031402,0.078068,72.193,0.9808
prompt,ordinary,.,0.040935,0.022454,0.046957,47.758,0.9745
prompt,ordinary,org,0.05959,0.015049,0.12617,97.127,0.9767
prompt,ordinary,/,0.037601,0.0019627,0.10884,41.582,0.9724
prompt,ordinary,wiki,0.10313,0.036563,0.076314,71.287,0.9783
prompt,ordinary,/,0.078649,0.0044327,0.1334,58.971,0.9750
prompt,ordinary,Ray,0.00044205,0.0059054,0.20372,76.431,0.9751
prompt,ordinary,mond,0.043391,0.026033,0.22622,97.192,0.9752
prompt,ordinary,_,0.72517,0.043892,0.055439,167.88,0.9778
prompt,ordinary,III,0.022261,0.016327,0.15168,49.192,0.9716
prompt,ordinary,",_",0.022011,0.035197,0.12624,11.365,0.9783
prompt,ordinary,Count,0.026154,0.0007942,0.18412,83.534,0.9757
prompt,ordinary,_,0.43151,0.07497,0.13213,145.65,0.9779
prompt,ordinary,of,0.032349,0.0087525,0.17292,62.3,0.9757
prompt,ordinary,_,0.12971,0.029253,0.17083,134.56,0.9770
prompt,ordinary,Tri,0.014156,0.00025234,0.26594,41.721,0.9779
prompt,ordinary,pol,0.19057,0.038692,0.090402,132.62,0.9764
prompt,ordinary,i,0.061498,0.0074019,0.0631,152.69,0.9781
prompt,ordinary,""".",0.017389,0.013067,0.10833,18.949,0.9782
prompt,ordinary,Do,0.050212,0.0034612,0.14663,94.659,0.9755
prompt,ordinary,not,0.0052444,0.0034926,0.10405,102.32,0.9745
prompt,ordinary,use,0.015246,0.006004,0.12476,81.873,0.9782
prompt,ordinary,any,0.036315,0.010352,0.19796,88.566,0.9762
prompt,ordinary,comm,0.058205,0.015463,0.21029,51.763,0.9814
prompt,ordinary,as,0.013905,0.013943,0.13838,122.9,0.9777
prompt,ordinary,and,0.15986,0.0071675,0.039425,183.17,0.9760
prompt,ordinary,highlight,0.0095259,0.0018009,0.078333,34.78,0.9829
prompt,ordinary,at,0.14369,0.014889,0.15752,129.75,0.9733
prompt,ordinary,least,0.00031113,0.0042053,0.11524,48.419,0.9728
prompt,ordinary,,0.038429,0.016768,0.10971,126.78,0.9795
prompt,ordinary,3,0.0095096,0.0077974,0.10706,129.54,0.9756
prompt,ordinary,sections,0.057157,0.0033595,0.096847,92.062,0.9765
prompt,ordinary,that,0.15423,0.0025845,0.045654,171.07,0.9759
prompt,ordinary,has,0.03566,0.0027391,0.14383,81.443,0.9769
prompt,ordinary,titles,0.058626,0.0024652,0.10578,58.18,0.9763
prompt,ordinary,in,0.034305,0.023743,0.144,126.03,0.9756
prompt,ordinary,mark,0.11812,0.030625,0.11043,101.6,0.9787
prompt,ordinary,down,0.050519,0.003687,0.15238,98.095,0.9778
prompt,ordinary,format,0.013117,0.0099134,0.14529,101.5,0.9804
prompt,ordinary,",",0.01254,0.0066662,0.11222,146.75,0.9760
prompt,ordinary,for,0.0020032,0.0052756,0.16436,74.87,0.9770
prompt,ordinary,example,0.017287,0.015892,0.15833,33.888,0.9774
prompt,ordinary,*,0.012821,0.0016232,0.12212,59.146,0.9779
prompt,ordinary,high,0.011363,0.010126,0.16418,64.636,0.9794
prompt,ordinary,light,0.058941,0.021647,0.10806,94.496,0.9789
prompt,ordinary,ed,0.0086781,0.0074629,0.25413,117.41,0.9765
prompt,ordinary,section,0.0084047,0.040893,0.089975,111.22,0.9776
prompt,ordinary,part,0.025799,0.02655,0.15044,94.991,0.9797
prompt,ordinary,,0.029348,0.0079184,0.14343,96.943,0.9798
prompt,ordinary,1,0.056099,0.01469,0.10872,115.2,0.9779
prompt,ordinary,"*,",0.018842,0.045309,0.14522,44.05,0.9752
prompt,ordinary,*,0.025019,0.0066473,0.11824,65.766,0.9769
prompt,ordinary,high,0.017731,0.0047376,0.12171,65.65,0.9796
prompt,ordinary,light,0.028308,0.018883,0.078457,92.977,0.9790
prompt,ordinary,ed,0.0077723,0.013265,0.20507,115.38,0.9767
prompt,ordinary,section,0.0097481,0.045391,0.056447,108.68,0.9778
prompt,ordinary,part,0.022277,0.027074,0.11602,95.499,0.9797
prompt,ordinary,,0.022587,0.0020122,0.13861,103,0.9799
prompt,ordinary,2,0.058369,0.018671,0.1016,104.64,0.9768
prompt,ordinary,"*,",0.017358,0.047428,0.15381,30.253,0.9754
prompt,ordinary,*,0.021318,0.0021794,0.10147,53.098,0.9777
prompt,ordinary,high,0.019074,0.0026384,0.1072,63.125,0.9796
prompt,ordinary,light,0.014438,0.016838,0.068689,91.459,0.9791
prompt,ordinary,ed,0.015819,0.013952,0.18141,114.35,0.9769
prompt,ordinary,section,0.010089,0.044215,0.038388,103.11,0.9780
prompt,ordinary,part,0.022268,0.02537,0.094144,90.93,0.9801
prompt,ordinary,,0.027343,0.0051198,0.14055,68.104,0.9813
prompt,ordinary,3,0.044592,0.017835,0.10909,113.76,0.9766
prompt,ordinary,*.,0.016346,0.035038,0.14734,0.2031,0.0423
prompt,ordinary,[/INST],1.4477,0.10506,0.14674,13.809,0.9847
resp,ordinary,**,0.045094,0.032864,0.10146,32.063,0.9824
resp,ordinary,Ray,0.047092,0.0019945,0.12417,80.452,0.9760
resp,ordinary,mond,0.056847,0.0074563,0.18584,78.438,0.9754
resp,ordinary,III,0.02791,0.017649,0.108,117.34,0.9762
resp,ordinary,",",0.017351,0.0047288,0.097271,121.38,0.9766
resp,ordinary,Count,0.013637,0.0029543,0.14118,58.881,0.9776
resp,ordinary,of,0.0029771,0.0014757,0.16375,111.76,0.9780
resp,ordinary,Tri,0.053439,0.0086665,0.14818,67.14,0.9804
resp,ordinary,pol,0.055465,0.017249,0.071678,118.91,0.9766
resp,ordinary,i,0.0068992,0.002433,0.053696,137.46,0.9788
resp,ordinary,**,0.018282,0.0083767,0.095219,16.356,0.9849
resp,newline,\n,388.7,2.504,52.005,48.764,0.3297
resp,newline,\n,0.023858,0.0039794,0.066548,0.14132,0.0155
resp,ordinary,**,0.025326,0.020182,0.077966,0.20856,0.1679
resp,ordinary,High,0.012916,0.0075079,0.10345,52.762,0.9784
resp,ordinary,light,0.0040019,0.021169,0.087383,71.753,0.9786
resp,ordinary,ed,0.013868,0.015754,0.16308,102.7,0.9771
resp,ordinary,section,0.014208,0.043936,0.047974,86.418,0.9782
resp,ordinary,part,0.030413,0.02565,0.076974,82.831,0.9803
resp,ordinary,,0.045645,0.00144,0.12744,30.101,0.9815
resp,ordinary,1,0.066387,0.013678,0.096884,95.981,0.9778
resp,ordinary,:,0.029252,0.0384,0.11262,47.714,0.9797
resp,ordinary,Early,0.019043,0.0034672,0.18199,79.957,0.9752
resp,ordinary,life,0.063346,0.020593,0.087152,103.6,0.9795
resp,ordinary,and,0.0075946,0.010855,0.12305,163.84,0.9768
resp,ordinary,success,0.023971,0.012392,0.15266,28.034,0.9802
resp,ordinary,ion,0.04618,0.01976,0.11863,132.43,0.9788
resp,ordinary,**,0.020549,0.015039,0.11325,21.527,0.9832
resp,newline,\n,0.015804,0.0018007,0.063075,5.65,0.9870
resp,newline,\n,0.021623,0.017948,0.071802,0.13746,0.0768
resp,ordinary,Ray,0.0071198,0.0032259,0.13052,68.849,0.9742
resp,ordinary,mond,0.048859,0.0068032,0.17425,76.967,0.9738
resp,ordinary,III,0.0059967,0.027989,0.10322,107.8,0.9748
resp,ordinary,",",0.025157,0.0225,0.12121,87.542,0.9749
resp,ordinary,born,0.031611,0.0084342,0.17035,56.377,0.9766
resp,ordinary,around,0.0087058,0.012434,0.14228,67.83,0.9764
resp,ordinary,,0.031822,0.01051,0.11529,42.927,0.9787
resp,ordinary,1,0.027414,0.00033171,0.065626,117.26,0.9774
resp,ordinary,1,0.020465,0.01638,0.088908,117.3,0.9774
resp,ordinary,3,0.0049743,0.0060932,0.17095,129.07,0.9756
resp,ordinary,4,0.0020887,0.0033729,0.21617,132.51,0.9773
resp,ordinary,",",0.028575,0.0040558,0.12065,143.68,0.9765
resp,ordinary,was,0.022509,0.0034702,0.096629,75.75,0.9789
resp,ordinary,a,0.014553,0.0035403,0.12324,118.23,0.9789
resp,ordinary,Cr,0.043626,0.01179,0.18346,68.216,0.9785
resp,ordinary,us,0.10155,0.021744,0.17934,123.89,0.9782
resp,ordinary,ader,0.13361,0.0021585,0.068604,106.6,0.9801
resp,ordinary,noble,0.0042836,0.0019699,0.14023,61.902,0.9789
resp,ordinary,",",0.010653,0.015924,0.069963,117.84,0.9766
resp,ordinary,serving,0.0048189,0.0082977,0.050284,59.292,0.9806
resp,ordinary,as,0.027357,0.0045258,0.069481,106,0.9814
resp,ordinary,Count,0.016174,8.1951e-05,0.15191,60.351,0.9792
resp,ordinary,of,0.0039458,0.0045951,0.17121,92.525,0.9783
resp,ordinary,Tri,0.063176,0.013024,0.14541,61.34,0.9801
resp,ordinary,pol,0.061909,0.020777,0.069758,116.37,0.9767
resp,ordinary,i,0.0011159,0.00021891,0.057892,136.45,0.9789
resp,ordinary,from,0.010228,0.0071702,0.12564,86.377,0.9794
resp,ordinary,,0.012594,0.0028963,0.10544,1.0816,0.7525
resp,ordinary,1,0.019113,0.0050066,0.046424,111.15,0.9781
resp,ordinary,1,0.0057652,0.01622,0.076437,117.26,0.9780
resp,ordinary,5,0.010405,0.001335,0.14962,124.43,0.9769
resp,ordinary,2,0.011694,0.0028825,0.18743,111.26,0.9774
resp,ordinary,until,0.0016295,0.003348,0.11484,78.825,0.9792
resp,ordinary,his,0.022969,0.0029968,0.1678,96.012,0.9785
resp,ordinary,death,0.046831,0.011056,0.1222,102.12,0.9778
resp,ordinary,in,0.0017811,0.002648,0.17146,106.73,0.9768
resp,ordinary,,0.0011087,0.0014547,0.094501,1.0555,0.7273
resp,ordinary,1,0.012933,0.0014977,0.018016,101.5,0.9788
resp,ordinary,1,0.0046497,0.014413,0.085835,112.19,0.9783
resp,ordinary,8,0.013021,0.0056361,0.14504,121.37,0.9775
resp,ordinary,7,0.0068024,0.014647,0.15175,122.31,0.9788
resp,ordinary,.,0.0069555,0.0016264,0.12116,32.046,0.9802
resp,ordinary,He,0.011702,0.0061448,0.14634,73.191,0.9803
resp,ordinary,was,0.037256,0.017849,0.11559,88.381,0.9783
resp,ordinary,the,0.047637,0.0082124,0.16071,82.394,0.9775
resp,ordinary,son,0.043803,0.0027265,0.10558,78.258,0.9804
resp,ordinary,of,0.053043,0.020273,0.11944,155.77,0.9775
resp,ordinary,P,0.036652,0.0037618,0.14861,67.117,0.9794
resp,ordinary,ons,0.22676,0.053142,0.16057,130.54,0.9772
resp,ordinary,",",0.025268,4.1203e-05,0.080794,147.64,0.9770
resp,ordinary,Count,0.00072912,0.0019079,0.11516,59.133,0.9776
resp,ordinary,of,0.0075051,0.0060816,0.13697,103.66,0.9780
resp,ordinary,Tri,0.050082,0.011997,0.10943,61.835,0.9803
resp,ordinary,pol,0.053449,0.021255,0.04761,118.37,0.9771
resp,ordinary,i,0.001889,0.0032179,0.047625,133.42,0.9788
resp,ordinary,",",0.018436,0.0073328,0.10945,119.81,0.9778
resp,ordinary,and,0.013839,0.0029864,0.11691,128.08,0.9755
resp,ordinary,Con,0.044288,0.014702,0.18643,34.271,0.9838
resp,ordinary,stance,0.006027,0.008988,0.19789,62.59,0.9811
resp,ordinary,of,0.020496,0.0057666,0.12857,139.48,0.9790
resp,ordinary,Ant,0.072108,0.00038937,0.17834,56.92,0.9843
resp,ordinary,io,0.0069759,0.0028025,0.18662,108.61,0.9794
resp,ordinary,ch,0.025715,0.0072864,0.14654,119.27,0.9789
resp,ordinary,.,0.018768,0.017364,0.12348,24.456,0.9810
resp,ordinary,After,0.0044582,0.0010988,0.10168,91.953,0.9775
resp,ordinary,his,0.035432,0.0011889,0.15679,94.509,0.9783
resp,ordinary,father,0.0061552,0.0047693,0.14482,55.548,0.9791
resp,ordinary,',0.033473,0.00041084,0.0078627,0.1148,0.0417
resp,ordinary,s,0.06427,0.012465,0.15922,135.53,0.9773
resp,ordinary,death,0.04783,0.0039474,0.18219,99.581,0.9781
resp,ordinary,",",0.0021079,0.011172,0.12338,109.68,0.9782
resp,ordinary,he,0.0086308,0.010993,0.18727,90.028,0.9772
resp,ordinary,inherited,0.013176,0.0022436,0.10391,31.383,0.9713
resp,ordinary,the,0.028319,0.00095924,0.14248,97.02,0.9781
resp,ordinary,County,0.016964,0.0052533,0.13071,68.753,0.9766
resp,ordinary,of,0.042435,0.021902,0.14858,146.65,0.9779
resp,ordinary,Tri,0.050122,0.013023,0.1231,57.052,0.9796
resp,ordinary,pol,0.097635,0.032023,0.035163,116.89,0.9767
resp,ordinary,i,0.01154,0.0073675,0.037566,131.41,0.9787
resp,ordinary,at,0.017603,0.0050928,0.12601,94.676,0.9748
resp,ordinary,the,0.012135,0.00050502,0.14844,43.457,0.9783
resp,ordinary,age,0.11227,0.023872,0.085147,90.513,0.9784
resp,ordinary,of,0.01103,0.028073,0.1422,124.43,0.9777
resp,ordinary,eight,0.014329,0.0040565,0.094987,48.422,0.9805
resp,ordinary,",",0.011061,0.011099,0.084627,123.43,0.9765
resp,ordinary,with,0.0061427,0.0052641,0.12542,89.636,0.9739
resp,ordinary,his,0.024709,0.0070904,0.16891,74.23,0.9800
resp,ordinary,mother,0.0057437,0.0098422,0.12366,75.3,0.9777
resp,ordinary,serving,0.031599,0.0019091,0.10243,68.11,0.9817
resp,ordinary,as,0.021836,0.0034968,0.097001,98.429,0.9814
resp,ordinary,reg,0.08904,0.0098654,0.21307,85.043,0.9761
resp,ordinary,ent,0.016922,0.018517,0.15682,113.34,0.9765
resp,ordinary,until,0.021221,4.1314e-05,0.13375,82.399,0.9783
resp,ordinary,he,0.0037135,0.0039954,0.18459,113.36,0.9764
resp,ordinary,came,0.018215,0.0087519,0.11347,71.8,0.9773
resp,ordinary,of,0.063688,0.025036,0.12095,145.67,0.9778
resp,ordinary,age,0.010097,0.0013407,0.10582,51.087,0.9784
resp,ordinary,.,0.011326,0.0070923,0.092107,6.8026,0.9709
prompt,template,<s>,798.84,153.29,3.6389,55.774,0.9724
prompt,ordinary,[INST],0.0057299,0.12871,0.0072822,127.04,0.9749
prompt,ordinary,I,0.098531,0.060332,0.0076974,172.06,0.9753
prompt,ordinary,am,0.020023,0.0090517,0.11735,123.99,0.9762
prompt,ordinary,planning,0.016692,0.023926,0.1373,83.089,0.9735
prompt,ordinary,a,0.024368,0.027966,0.14999,174.12,0.9756
prompt,ordinary,trip,0.10067,0.040929,0.043717,104.61,0.9780
prompt,ordinary,to,0.48034,0.085635,0.16598,180.31,0.9751
prompt,ordinary,Japan,0.057749,0.014642,0.056169,73.704,0.9768
prompt,ordinary,",",0.89694,0.083945,0.0047275,195.46,0.9751
prompt,ordinary,and,0.42855,0.0024074,0.094514,180.4,0.9736
prompt,ordinary,I,0.014215,0.0046873,0.11721,90.434,0.9796
prompt,ordinary,would,0.0052992,0.027594,0.13577,100.69,0.9766
prompt,ordinary,like,0.014069,0.018286,0.11367,58.47,0.9762
prompt,ordinary,the,0.055516,0.027013,0.1705,146.84,0.9749
prompt,ordinary,e,0.0022806,0.021474,0.10877,179.16,0.9762
prompt,ordinary,to,0.1833,0.030216,0.052508,177.14,0.9761
prompt,ordinary,write,0.017105,0.020385,0.10854,76.847,0.9770
prompt,ordinary,an,0.016556,0.0104,0.19251,133.53,0.9769
prompt,ordinary,it,0.074105,0.022429,0.14196,138.66,0.9764
prompt,ordinary,iner,0.48245,0.15457,0.074987,150.84,0.9763
prompt,ordinary,ary,0.19527,0.078142,0.081031,157.8,0.9774
prompt,ordinary,for,0.2412,0.017886,0.076774,174.11,0.9760
prompt,ordinary,my,0.022549,0.0128,0.15551,85.449,0.9776
prompt,ordinary,journey,0.23791,0.043933,0.11569,110.33,0.9756
prompt,ordinary,in,0.092593,0.020868,0.13538,152.93,0.9748
prompt,ordinary,a,0.014548,0.023107,0.15488,111.34,0.9764
prompt,ordinary,Shakespeare,0.031422,0.012475,0.108,50.315,0.9744
prompt,ordinary,an,0.026642,0.026907,0.17347,155.82,0.9767
prompt,ordinary,style,0.1902,0.055947,0.086135,103.68,0.9774
prompt,ordinary,.,0.03663,0.015786,0.054663,116.34,0.9765
prompt,ordinary,You,0.011354,0.013871,0.088097,115.34,0.9757
prompt,ordinary,are,0.029429,0.026372,0.1298,105.82,0.9748
prompt,ordinary,not,0.027091,0.026243,0.15437,92.117,0.9756
prompt,ordinary,allowed,0.01163,0.010506,0.16644,88.528,0.9770
prompt,ordinary,to,0.13734,0.048109,0.15811,169.14,0.9751
prompt,ordinary,use,0.025494,0.019477,0.104,47.004,0.9770
prompt,ordinary,any,0.0089908,0.019049,0.16213,95.197,0.9750
prompt,ordinary,comm,0.098738,0.042673,0.18017,62.168,0.9795
prompt,ordinary,as,0.050962,0.028339,0.12519,127.99,0.9772
prompt,ordinary,in,0.031987,0.021466,0.10083,151.8,0.9760
prompt,ordinary,your,0.01295,0.0048103,0.15083,77.362,0.9780
prompt,ordinary,response,0.069073,0.0061766,0.12731,90.513,0.9775
prompt,ordinary,.,0.0029837,0.012633,0.071266,100.16,0.9764
prompt,ordinary,[/INST],0.9399,0.057685,0.17836,14.28,0.9833
resp,ordinary,In,0.077284,0.010577,0.10297,110.72,0.9773
resp,ordinary,th,0.0026961,0.01114,0.1493,82.267,0.9824
resp,ordinary,ine,0.041741,0.029035,0.15301,141.77,0.9761
resp,ordinary,journey,0.0012965,0.020637,0.11233,135.55,0.9771
resp,ordinary,to,0.012274,0.013888,0.15753,165.93,0.9769
resp,ordinary,Japan,0.00078162,0.0033529,0.035393,57.757,0.9789
resp,ordinary,",",0.18947,0.01517,0.059235,180.09,0.9766
resp,ordinary,prepare,0.0028093,0.0080776,0.094979,73.681,0.9810
resp,ordinary,the,0.049295,0.013938,0.17371,156.84,0.9760
resp,ordinary,e,0.013026,0.020869,0.12939,182.18,0.9765
resp,ordinary,for,0.11903,0.033321,0.10886,172.99,0.9772
resp,ordinary,a,0.017491,0.0063243,0.14517,107.69,0.9782
resp,ordinary,grand,0.14053,0.029105,0.13578,82.333,0.9799
resp,ordinary,adventure,0.019737,0.015152,0.10445,93.937,0.9799
resp,ordinary,!,0.0066482,0.00071196,0.079644,71.661,0.9812
resp,newline,\n,397.96,2.1608,56.215,64.157,0.3149
resp,newline,\n,0.034031,0.012178,0.029046,0.15195,0.1012
resp,ordinary,Act,0.0085995,0.017199,0.20714,75.909,0.9753
resp,ordinary,I,0.070133,0.0064703,0.064534,136.56,0.9769
resp,ordinary,:,0.013639,0.010386,0.049954,105.79,0.9751
resp,ordinary,Ar,0.0097604,0.0067898,0.25232,58.21,0.9741
resp,ordinary,riv,9.0542e-06,0.014706,0.14571,87.975,0.9778
resp,ordinary,al,0.0076503,0.0081559,0.15167,149.69,0.9777
resp,ordinary,in,0.001634,0.011932,0.12837,138.62,0.9762
resp,ordinary,Tokyo,0.064318,0.009692,0.075716,66.538,0.9812
resp,newline,\n,0.012216,0.0047947,0.030948,3.8815,0.9801
resp,newline,\n,0.018141,0.0085278,0.025474,0.13345,0.0046
resp,ordinary,U,0.040102,0.00363,0.17151,135.43,0.9787
resp,ordinary,pon,0.04979,3.0195e-05,0.1874,81.424,0.9766
resp,ordinary,the,0.049448,0.026731,0.22226,132.57,0.9760
resp,ordinary,sh,0.086944,0.0087922,0.15424,80.894,0.9785
resp,ordinary,ores,0.061531,0.013145,0.11031,110.3,0.9768
resp,ordinary,of,0.1138,0.027524,0.11378,161.05,0.9754
resp,ordinary,N,0.053027,3.6526e-05,0.17635,87.942,0.9778
resp,ordinary,ih,0.091522,0.034117,0.25926,97.171,0.9768
resp,ordinary,on,0.0075888,0.0051714,0.083005,133.47,0.9785
resp,ordinary,",",0.088607,0.0026467,0.090979,157.91,0.9753
resp,ordinary,thou,0.023265,0.0032428,0.11429,33.548,0.9829
resp,ordinary,sh,0.040344,0.018052,0.1142,83.922,0.9782
resp,ordinary,alt,0.018905,0.00087713,0.10756,100.21,0.9767
resp,ordinary,find,0.01808,0.044521,0.14186,100.1,0.9779
resp,ordinary,the,0.041333,0.0078336,0.17938,117.87,0.9765
resp,ordinary,city,0.039239,0.0068432,0.090709,98.048,0.9778
resp,ordinary,of,0.048943,0.020439,0.16535,148.87,0.9751
resp,ordinary,Tokyo,0.13515,0.03536,0.034145,76.19,0.9802
resp,ordinary,",",0.12459,0.0021304,0.07456,160.93,0.9757
resp,ordinary,a,0.0071027,0.014765,0.13924,123.45,0.9764
resp,ordinary,met,0.0468,0.019006,0.16321,96.606,0.9777
resp,ordinary,ropol,0.0020713,0.018511,0.087232,44.6,0.9723
resp,ordinary,is,0.072957,0.044093,0.08397,133.48,0.9781
resp,ordinary,of,0.064038,0.017274,0.11649,157.99,0.9754
resp,ordinary,marvel,0.01364,0.0041021,0.15931,52.408,0.9755
resp,ordinary,s,0.0096228,0.01843,0.11054,135.49,0.9783
resp,ordinary,.,0.0029115,0.00129,0.073551,92.539,0.9770
resp,newline,\n,0.023633,0.012656,0.016061,1.7931,0.9398
resp,newline,\n,0.018778,0.014668,0.042034,0.15089,0.0328
resp,ordinary,L,0.11868,0.025204,0.1494,141.53,0.9780
resp,ordinary,odge,0.085452,0.024273,0.14731,88.981,0.9777
resp,ordinary,the,0.0452,0.020702,0.17659,133.56,0.9760
resp,ordinary,e,0.022704,0.0095378,0.11941,167.96,0.9769
resp,ordinary,in,0.024258,0.027288,0.1415,107.24,0.9764
resp,ordinary,a,0.024297,0.018706,0.14297,87.475,0.9780
resp,ordinary,ry,0.037455,0.013105,0.14884,100.67,0.9774
resp,ordinary,ok,0.063752,0.037172,0.14046,121.48,0.9764
resp,ordinary,an,0.085192,0.047246,0.097961,141.76,0.9760
resp,ordinary,",",0.07198,0.0059766,0.079133,155.88,0.9756
resp,ordinary,a,0.014154,0.022463,0.1348,114.35,0.9764
resp,ordinary,traditional,0.035094,0.0076551,0.091957,64.319,0.9812
resp,ordinary,inn,0.029374,0.0043047,0.12077,73.226,0.9806
resp,ordinary,",",0.065938,0.0025517,0.067392,159.91,0.9759
resp,ordinary,where,0.023317,0.0052481,0.10154,79.41,0.9769
resp,ordinary,t,0.062835,0.011442,0.11481,99.58,0.9788
resp,ordinary,at,0.057487,0.02953,0.16635,133.66,0.9760
resp,ordinary,ami,0.11865,0.03552,0.19053,107.82,0.9765
resp,ordinary,m,0.052419,0.0077163,0.15139,115.71,0.9790
resp,ordinary,ats,0.14211,0.024594,0.13937,111.85,0.9767
resp,ordinary,and,0.0069934,0.0020142,0.18004,160.95,0.9753
resp,ordinary,fut,0.065903,0.0086519,0.16597,29.814,0.9808
resp,ordinary,ons,0.18051,0.04393,0.031084,115.85,0.9779
resp,ordinary,await,0.0091725,0.0077803,0.16934,74.29,0.9803
resp,ordinary,.,0.016837,0.0034418,0.068098,46.763,0.9772
resp,newline,\n,0.02885,0.018399,0.016793,0.37815,0.4036
resp,newline,\n,0.021988,0.018538,0.044982,0.15653,0.0745
resp,ordinary,Vis,0.025282,0.0021455,0.22798,49.757,0.9801
resp,ordinary,it,0.048272,0.0044559,0.067393,137.64,0.9761
resp,ordinary,the,0.049902,0.0062761,0.19886,118.34,0.9767
resp,ordinary,Imperial,0.019747,0.0045075,0.13353,57.918,0.9745
resp,ordinary,Palace,0.059281,0.020998,0.11649,68.764,0.9775
resp,ordinary,",",0.010523,0.0025912,0.10842,133.56,0.9760
resp,ordinary,where,0.025881,0.010045,0.13498,64.742,0.9765
resp,ordinary,the,0.015875,0.0024924,0.1526,101.26,0.9747
resp,ordinary,Emperor,0.070454,0.0038438,0.10483,78.144,0.9820
resp,ordinary,res,0.044796,0.019102,0.13803,73.922,0.9760
resp,ordinary,ides,0.076714,0.0015701,0.015468,100.06,0.9793
resp,ordinary,",",0.028592,0.0017372,0.077264,153.85,0.9759
resp,ordinary,and,0.0087271,0.02424,0.13138,100.33,0.9737
resp,ordinary,st,0.060875,0.0011039,0.13673,59.553,0.9821
resp,ordinary,roll,0.0048833,0.010204,0.083956,86.384,0.9795
resp,ordinary,through,0.010079,0.0026862,0.13505,76.783,0.9796
resp,ordinary,its,0.017827,0.0052584,0.19587,87.412,0.9793
resp,ordinary,vast,0.0080555,0.020129,0.1473,55.822,0.9790
resp,ordinary,gardens,0.073669,0.0026047,0.098074,61.853,0.9795
resp,ordinary,.,0.0010463,0.008963,0.10839,55.323,0.9786
resp,newline,\n,0.022993,0.018394,0.020193,0.17769,0.4644
resp,newline,\n,0.019504,0.017529,0.038343,0.15921,0.0998
resp,ordinary,In,0.029371,0.014574,0.11864,70.249,0.9766
resp,ordinary,the,0.029931,0.014427,0.14762,70.861,0.9749
resp,ordinary,district,0.016104,0.0028037,0.065047,57.277,0.9804
resp,ordinary,of,0.038017,0.015987,0.12981,145.71,0.9768
resp,ordinary,As,0.0016486,0.01128,0.1802,66.126,0.9800
resp,ordinary,ak,0.094281,0.011063,0.16368,113.39,0.9762
resp,ordinary,usa,0.03668,0.00073912,0.18336,63.446,0.9784
resp,ordinary,",",0.050677,0.0054907,0.10028,160.84,0.9767
resp,ordinary,seek,0.0079828,0.0055505,0.11814,61.646,0.9786
resp,ordinary,out,0.053084,0.022016,0.11939,97.138,0.9769
resp,ordinary,S,0.018124,0.0095228,0.18763,105.1,0.9780
resp,ordinary,enso,0.20291,0.064767,0.14701,91.741,0.9735
resp,ordinary,-,0.030403,0.0013868,0.16981,98.479,0.9799
resp,ordinary,ji,0.095971,0.033098,0.12842,107.67,0.9788
resp,ordinary,",",0.0040257,0.0042432,0.085821,137.58,0.9764
resp,ordinary,the,0.031075,0.014276,0.15538,72.848,0.9759
resp,ordinary,oldest,2.3163e-05,0.0053416,0.11204,53.581,0.9770
resp,ordinary,temple,0.025619,0.0024245,0.10096,73.648,0.9810
resp,ordinary,in,0.0090124,0.00063566,0.1152,109.78,0.9762
resp,ordinary,Tokyo,0.05465,0.016529,0.057063,56.703,0.9813
resp,ordinary,",",0.071184,0.0035651,0.070653,154.8,0.9765
resp,ordinary,and,0.0042042,0.0051096,0.12808,134.72,0.9746
resp,ordinary,pray,0.022831,0.0034632,0.089844,34.579,0.9799
prompt,template,<s>,798.84,153.29,3.6389,55.774,0.9724
prompt,ordinary,[INST],0.0057299,0.12871,0.0072822,127.04,0.9749
prompt,ordinary,Write,0.032522,0.010924,0.14622,124.58,0.9745
prompt,ordinary,a,0.033486,0.017943,0.1744,186.32,0.9752
prompt,ordinary,resume,0.022727,0.010569,0.077822,102.37,0.9726
prompt,ordinary,for,0.39745,0.09421,0.08626,172.04,0.9765
prompt,ordinary,a,0.029709,0.022089,0.13022,142.8,0.9751
prompt,ordinary,fresh,0.111,0.021406,0.12303,65.731,0.9779
prompt,ordinary,high,0.0083301,0.034265,0.16666,114.04,0.9734
prompt,ordinary,school,0.20602,0.052959,0.01341,118.93,0.9758
prompt,ordinary,graduate,0.42486,0.10244,0.059933,119.37,0.9778
prompt,ordinary,who,0.019551,0.0090377,0.094345,98.203,0.9750
prompt,ordinary,is,0.021571,0.013919,0.11373,110.86,0.9755
prompt,ordinary,seeking,0.010818,0.000631,0.11189,82.583,0.9731
prompt,ordinary,their,0.041012,0.018092,0.19473,135.69,0.9752
prompt,ordinary,first,0.089021,0.027243,0.1523,128.03,0.9761
prompt,ordinary,job,0.31883,0.080998,0.046838,128.52,0.9767
prompt,ordinary,.,0.15056,0.021258,0.043082,120.97,0.9752
prompt,ordinary,Make,0.059054,0.0051436,0.12302,110.99,0.9718
prompt,ordinary,sure,0.018706,0.03044,0.12535,86.167,0.9726
prompt,ordinary,to,0.34745,0.06469,0.13676,172.22,0.9752
prompt,ordinary,include,0.036323,0.0015229,0.13291,42.585,0.9712
prompt,ordinary,at,0.42294,0.11557,0.20897,158.29,0.9717
prompt,ordinary,least,0.0080439,0.0067867,0.11036,57.638,0.9691
prompt,ordinary,,0.084341,0.013022,0.10828,134.52,0.9771
prompt,ordinary,1,0.012192,0.010144,0.094696,138.63,0.9758
prompt,ordinary,2,0.01574,0.018624,0.088426,130.62,0.9747
prompt,ordinary,placeholder,0.00079885,0.02168,0.11367,84.481,0.9764
prompt,ordinary,represented,0.036274,0.018253,0.16695,94.615,0.9769
prompt,ordinary,by,0.029299,0.008022,0.11911,89.965,0.9790
prompt,ordinary,square,0.10435,0.032245,0.15381,98.113,0.9770
prompt,ordinary,br,0.022389,9.6765e-05,0.1813,93.008,0.9793
prompt,ordinary,ack,0.089176,0.025459,0.092206,131.49,0.9782
prompt,ordinary,ets,0.2916,0.059134,0.043255,144.68,0.9778
prompt,ordinary,",",0.2016,0.00095453,0.10754,177.27,0.9743
prompt,ordinary,such,0.0039825,0.016708,0.15467,50.867,0.9772
prompt,ordinary,as,0.02193,0.0027988,0.16674,62.968,0.9778
prompt,ordinary,[,0.010209,0.024908,0.10229,45.29,0.9744
prompt,ordinary,address,0.057208,0.033879,0.10492,93.047,0.9775
prompt,ordinary,"],",0.029774,0.035205,0.096691,54.306,0.9791
prompt,ordinary,[,0.019122,0.030413,0.14851,61.516,0.9746
prompt,ordinary,name,0.090904,0.046604,0.13969,105.22,0.9765
prompt,ordinary,].,0.028905,0.017474,0.10814,36.407,0.9768
prompt,ordinary,[/INST],1.5044,0.10334,0.071029,13.584,0.9820
resp,ordinary,**,0.044698,0.034517,0.10238,19.199,0.9814
resp,ordinary,[,0.066106,0.012929,0.15678,63.254,0.9769
resp,ordinary,Full,0.02302,0.009253,0.17402,57.007,0.9813
resp,ordinary,Name,0.019965,0.00069606,0.12497,101.59,0.9791
resp,ordinary,],0.032414,0.0071964,0.094485,44.184,0.9801
resp,ordinary,**,0.036336,0.03577,0.12592,12.729,0.9836
resp,newline,\n,499.27,5.9794,65.711,61.601,0.2216
resp,newline,\n,0.026331,0.018112,0.062796,0.14551,0.0721
resp,ordinary,[,0.0090697,0.026966,0.13643,8.6492,0.9578
resp,ordinary,Address,0.020957,0.013582,0.094224,58.104,0.9783
resp,ordinary,],0.06283,0.010513,0.089891,34.091,0.9786
resp,newline,\n,0.034316,0.023691,0.057963,0.72302,0.6799
resp,ordinary,[,0.030205,0.0042987,0.11092,5.8421,0.9511
resp,ordinary,City,0.038824,0.00011787,0.16245,93.071,0.9762
resp,ordinary,",",0.032922,0.049607,0.10059,110.79,0.9756
resp,ordinary,State,0.0011547,0.012727,0.15563,81.4,0.9773
resp,ordinary,",",0.030557,0.025067,0.11804,96.067,0.9767
resp,ordinary,Z,0.0062864,0.0045285,0.1516,65.155,0.9785
resp,ordinary,ip,0.12705,0.027916,0.15086,119.91,0.9766
resp,ordinary,Code,0.021206,0.016203,0.12927,64.48,0.9783
resp,ordinary,],0.02883,0.0010033,0.091735,19.295,0.9805
resp,newline,\n,0.014701,0.015203,0.060776,0.5662,0.5878
resp,ordinary,[,0.022137,0.012391,0.06745,8.7,0.9632
resp,ordinary,Phone,0.0035603,0.012469,0.16467,45.714,0.9675
resp,ordinary,Number,0.059058,0.0053239,0.15162,73.816,0.9786
resp,ordinary,],0.041442,0.00087339,0.086846,15.079,0.9778
resp,newline,\n,0.01647,0.013357,0.037208,0.29472,0.5534
resp,ordinary,[,0.026115,0.012875,0.054892,4.4738,0.9442
resp,ordinary,Email,0.027803,0.017579,0.16772,27.937,0.9749
resp,ordinary,Address,0.071978,0.002008,0.086316,31.286,0.9751
resp,ordinary,],0.040835,0.011879,0.10229,16.407,0.9786
resp,newline,\n,0.016444,0.0321,0.059025,0.25213,0.5646
resp,newline,\n,0.01637,0.00047413,0.04428,0.13891,0.1023
resp,ordinary,**,0.020206,0.016939,0.096517,0.16634,0.0491
resp,ordinary,Object,0.067977,0.039651,0.13621,60.205,0.9766
resp,ordinary,ive,0.020844,0.021642,0.18309,122.86,0.9779
resp,ordinary,**,0.04142,0.010972,0.11641,2.2325,0.9590
resp,newline,\n,0.026962,0.005484,0.054022,0.32163,0.5785
resp,newline,\n,0.016807,0.012493,0.058457,0.14877,0.2014
resp,ordinary,High,0.0068336,0.0054676,0.19064,27.543,0.9751
resp,ordinary,ly,0.031999,0.022535,0.14147,87.924,0.9790
resp,ordinary,motivated,0.034134,0.013638,0.12868,25.38,0.9803
resp,ordinary,and,0.0026452,0.00056404,0.13111,131.48,0.9768
resp,ordinary,dedicated,0.018473,0.0081609,0.20445,10.632,0.9745
resp,ordinary,recent,0.011438,0.014566,0.12108,42.686,0.9803
resp,ordinary,high,0.030923,0.019475,0.14409,61.755,0.9755
resp,ordinary,school,0.003881,0.0062078,0.04626,70.702,0.9796
resp,ordinary,graduate,0.063899,0.018578,0.10865,68.7,0.9807
resp,ordinary,seeking,0.022729,0.011958,0.1144,38.711,0.9774
resp,ordinary,a,0.03488,0.0073764,0.15823,117.76,0.9787
resp,ordinary,challenging,0.0095351,0.0093136,0.1824,54.663,0.9752
resp,ordinary,and,0.032104,0.0031902,0.13037,140.66,0.9762
resp,ordinary,reward,0.038832,0.019,0.14945,34.38,0.9787
resp,ordinary,ing,0.020723,0.020525,0.20813,106.16,0.9792
resp,ordinary,entry,0.00010526,0.015587,0.15477,86.904,0.9796
resp,ordinary,-,0.041376,0.0071828,0.2064,46.444,0.9814
resp,ordinary,level,0.047032,0.0028508,0.11061,47.644,0.9741
resp,ordinary,position,0.017388,0.021206,0.16082,72.724,0.9803
resp,ordinary,to,0.0054499,0.0043258,0.13451,108.15,0.9790
resp,ordinary,kick,0.0081157,0.011001,0.14897,30.697,0.9779
resp,ordinary,start,0.070274,0.0045056,0.13805,63.74,0.9774
resp,ordinary,my,0.042408,0.0013666,0.17999,101.5,0.9804
resp,ordinary,career,0.01192,0.0034338,0.13391,76.72,0.9810
resp,ordinary,.,0.021976,0.010731,0.067633,20.428,0.9798
resp,ordinary,Off,0.01838,0.0028086,0.18397,65.195,0.9788
resp,ordinary,ering,0.0031251,0.011316,0.094864,88.549,0.9760
resp,ordinary,strong,0.0035141,0.0019299,0.1466,72.349,0.9764
resp,ordinary,communication,0.019397,0.0082544,0.11831,82.79,0.9806
resp,ordinary,skills,0.0098624,0.001074,0.13441,67.683,0.9804
resp,ordinary,",",0.0032104,0.0026373,0.093638,114.26,0.9776
resp,ordinary,a,0.032114,0.016863,0.15321,95.089,0.9770
resp,ordinary,positive,0.015807,0.008593,0.16795,51.95,0.9819
resp,ordinary,attitude,0.032455,0.0037309,0.14761,41.576,0.9734
resp,ordinary,",",0.0017725,0.008643,0.10169,113.25,0.9778
resp,ordinary,and,0.008119,0.010676,0.11547,126.62,0.9749
resp,ordinary,a,0.01835,0.010622,0.1361,66.679,0.9806
resp,ordinary,willing,0.013288,0.010747,0.107,43.646,0.9820
resp,ordinary,ness,0.097431,0.012355,0.15579,68.305,0.9771
resp,ordinary,to,0.016046,0.014267,0.14749,133.52,0.9776
resp,ordinary,learn,0.023461,0.0088009,0.15277,19.158,0.9813
resp,ordinary,and,0.11435,0.013841,0.14645,154.83,0.9762
resp,ordinary,grow,0.0078426,0.010645,0.18144,30.945,0.9790
resp,ordinary,within,0.035501,0.007427,0.16208,42.721,0.9789
resp,ordinary,the,0.050102,0.006261,0.18365,75.88,0.9765
resp,ordinary,organization,0.012319,0.001173,0.15852,81.836,0.9793
resp,ordinary,.,0.019845,0.0052625,0.087938,27.618,0.9813
resp,newline,\n,0.033235,0.0075484,0.01324,0.20211,0.5939
resp,newline,\n,0.028647,0.0066891,0.061903,0.15804,0.2063
resp,ordinary,**,0.034581,0.021128,0.062378,0.18699,0.0974
resp,ordinary,E,0.0021522,0.0098691,0.2463,114.88,0.9757
resp,ordinary,duc,0.0071876,0.0012318,0.11883,73.319,0.9770
resp,ordinary,ation,0.035464,0.015549,0.1324,108.09,0.9792
resp,ordinary,**,0.041931,0.023253,0.11976,8.8831,0.9836
resp,newline,\n,0.027367,0.000763,0.031497,0.21633,0.5599
resp,newline,\n,0.020245,0.0069577,0.043444,0.14271,0.2055
resp,ordinary,[,0.01474,0.023368,0.090203,3.1167,0.9274
resp,ordinary,High,0.0213,0.0090961,0.14659,33.654,0.9732
resp,ordinary,School,0.001246,0.016928,0.10462,71.77,0.9782
resp,ordinary,Name,0.019811,0.014071,0.1733,73.311,0.9782
resp,ordinary,],0.02615,0.00093808,0.10891,9.8504,0.9756
resp,newline,\n,0.020066,0.0038759,0.049851,0.16632,0.4286
resp,ordinary,[,0.029712,0.011248,0.078232,4.3457,0.9463
resp,ordinary,City,0.011896,0.00057932,0.14905,84.994,0.9758
resp,ordinary,",",0.042262,0.052707,0.11425,71.853,0.9745
resp,ordinary,State,0.0097779,0.010637,0.1555,69.276,0.9770
resp,ordinary,],0.038762,0.005655,0.12387,9.0639,0.9798
resp,newline,\n,0.013428,0.0064029,0.063103,0.17221,0.4554
resp,ordinary,[,0.025294,0.015743,0.053484,4.6621,0.9487
resp,ordinary,Grad,0.081027,0.020674,0.20999,54.886,0.9768
resp,ordinary,uation,0.022259,0.0098968,0.24068,80.904,0.9777
resp,ordinary,Date,0.030137,0.0026561,0.20483,66.812,0.9761
resp,ordinary,],0.0088561,0.0081423,0.06988,15.446,0.9800
resp,newline,\n,0.0068366,0.00088949,0.037943,0.2217,0.6045
resp,ordinary,-,0.047377,0.0080836,0.096219,0.69639,0.5540
resp,ordinary,G,0.00091567,0.00035871,0.24403,50.544,0.9765
resp,ordinary,PA,0.012272,0.00022932,0.1988,94.586,0.9773
resp,ordinary,:,0.056479,0.0022917,0.096328,48.667,0.9805
resp,ordinary,[,0.01834,0.018252,0.15605,8.8692,0.9650
resp,ordinary,G,0.0099395,0.0030004,0.25011,81.824,0.9789
resp,ordinary,PA,0.05506,0.019159,0.15118,98.116,0.9777
resp,ordinary,],0.015914,0.0042002,0.11364,15.298,0.9827
resp,newline,\n,0.00016379,0.0078591,0.063972,0.21641,0.6059
resp,ordinary,-,0.027496,0.023072,0.10949,2.4992,0.9116
resp,ordinary,Re,0.047912,0.0064474,0.2274,44.47,0.9784
resp,ordinary,levant,0.011343,0.013274,0.14399,47.433,0.9810
resp,ordinary,Course,0.018576,0.0090885,0.20999,45.723,0.9788
resp,ordinary,work,0.056469,0.0092048,0.19697,80.583,0.9738
resp,ordinary,:,0.038141,0.011794,0.078196,38.102,0.9787
prompt,template,<s>,798.84,153.29,3.6388,55.774,0.9724
prompt,ordinary,[INST],0.0057291,0.12873,0.0074518,127.04,0.9749
prompt,ordinary,Write,0.032532,0.011013,0.14595,124.58,0.9745
prompt,ordinary,an,0.013482,0.013639,0.1895,169.12,0.9751
prompt,ordinary,email,0.046827,0.029737,0.071837,107.78,0.9757
prompt,ordinary,to,0.58078,0.066643,0.19687,180.31,0.9752
prompt,ordinary,my,0.02501,0.020983,0.15819,76.455,0.9747
prompt,ordinary,boss,0.054371,0.029508,0.11687,70.919,0.9735
prompt,ordinary,telling,0.0050545,0.00089753,0.068892,77.866,0.9771
prompt,ordinary,him,0.031999,0.022719,0.094862,130.57,0.9762
prompt,ordinary,that,0.67705,0.086867,0.0043941,187.48,0.9745
prompt,ordinary,I,0.0062008,0.00019197,0.11752,108.4,0.9742
prompt,ordinary,am,0.0078069,0.013535,0.089676,120.42,0.9765
prompt,ordinary,qu,0.036654,0.012097,0.18428,99.194,0.9766
prompt,ordinary,itting,0.070009,0.011503,0.031367,110.37,0.9755
prompt,ordinary,.,0.039869,0.02601,0.03613,119.98,0.9746
prompt,ordinary,The,0.028618,0.020488,0.12585,138.85,0.9722
prompt,ordinary,email,0.048188,0.037657,0.032709,107.21,0.9767
prompt,ordinary,must,0.020951,0.023652,0.0955,111.41,0.9746
prompt,ordinary,contain,0.020981,0.015488,0.11198,92.591,0.9764
prompt,ordinary,a,0.013219,0.0048791,0.20182,155.84,0.9762
prompt,ordinary,title,0.03945,0.01854,0.092025,98.674,0.9757
prompt,ordinary,wrapped,0.67393,0.13988,0.029522,149.69,0.9782
prompt,ordinary,in,0.22378,0.063158,0.090524,162.03,0.9756
prompt,ordinary,double,0.032587,0.0075107,0.13829,75.883,0.9766
prompt,ordinary,angular,0.031567,0.0121,0.12188,77.27,0.9804
prompt,ordinary,br,0.16384,0.02671,0.16118,101.05,0.9801
prompt,ordinary,ack,0.26772,0.064547,0.10345,136.53,0.9787
prompt,ordinary,ets,0.4708,0.12852,0.025408,149.7,0.9785
prompt,ordinary,",",0.51231,0.040417,0.060858,192.48,0.9746
prompt,ordinary,i,0.00043005,0.0060717,0.11656,104.31,0.9752
prompt,ordinary,.,0.027559,0.052742,0.067335,45.756,0.9748
prompt,ordinary,e,0.010843,0.0045453,0.13199,138.56,0.9778
prompt,ordinary,.,0.023288,0.0088497,0.15195,120.01,0.9754
prompt,ordinary,<<,0.10816,0.010658,0.052288,116.41,0.9764
prompt,ordinary,title,0.044015,0.0024987,0.1416,80.524,0.9745
prompt,ordinary,>>,0.04753,0.00382,0.19877,84.917,0.9788
prompt,ordinary,.,0.012918,0.0076435,0.14348,76.362,0.9771
prompt,newline,\n,421.98,1.47,58.198,36.769,0.0118
prompt,ordinary,First,0.015535,0.0026912,0.11875,87.428,0.9770
prompt,ordinary,repeat,0.0080826,0.0030294,0.12383,90.42,0.9806
prompt,ordinary,the,0.041094,0.0004247,0.16015,166.94,0.9766
prompt,ordinary,request,0.0049236,0.0065707,0.10228,74.69,0.9811
prompt,ordinary,word,0.0021982,0.0012609,0.11095,115.18,0.9797
prompt,ordinary,for,0.041362,0.012317,0.14777,144.66,0.9773
prompt,ordinary,word,0.0028841,0.0024677,0.11649,61.36,0.9798
prompt,ordinary,without,0.0021989,0.0091811,0.13637,85.368,0.9796
prompt,ordinary,change,0.02185,0.00013485,0.15799,107.72,0.9775
prompt,ordinary,",",0.11538,0.022442,0.049035,172.15,0.9750
prompt,ordinary,then,0.0014483,0.0018791,0.13716,79.058,0.9739
prompt,ordinary,give,0.019776,0.016781,0.13045,71.318,0.9764
prompt,ordinary,your,0.044343,0.0061606,0.18384,103.2,0.9768
prompt,ordinary,answer,0.0070233,0.0046344,0.11252,52.534,0.9795
prompt,ordinary,(,0.075066,0.0074972,0.097837,143.76,0.9750
prompt,ordinary,1,0.022829,0.0086093,0.11038,126.46,0.9758
prompt,ordinary,.,0.017627,0.020783,0.14494,63.96,0.9764
prompt,ordinary,do,0.025633,0.0032346,0.1519,88.518,0.9772
prompt,ordinary,not,0.021305,0.003674,0.15686,84.553,0.9756
prompt,ordinary,say,0.02372,0.013412,0.17169,99.046,0.9792
prompt,ordinary,any,0.010099,0.00082741,0.21628,96.183,0.9762
prompt,ordinary,words,0.15532,0.0013654,0.026184,71.742,0.9796
prompt,ordinary,or,0.019409,0.013022,0.20394,78.847,0.9778
prompt,ordinary,characters,0.083306,0.016058,0.1524,59.393,0.9782
prompt,ordinary,before,0.01119,0.0019808,0.15218,75.329,0.9783
prompt,ordinary,repe,0.013248,0.016511,0.24086,52.871,0.9775
prompt,ordinary,ating,0.027146,0.015672,0.13882,79.31,0.9797
prompt,ordinary,the,0.027287,0.0012974,0.19424,142.67,0.9763
prompt,ordinary,request,0.0066854,0.010988,0.12659,60.061,0.9809
prompt,ordinary,;,0.020594,0.019957,0.14418,20.25,0.9752
prompt,ordinary,,0.014871,0.0057542,0.15397,115.39,0.9754
prompt,ordinary,2,0.045802,0.0070862,0.087552,123.94,0.9758
prompt,ordinary,.,0.032935,0.01923,0.10408,35.387,0.9757
prompt,ordinary,the,0.044372,0.004249,0.16443,121.47,0.9753
prompt,ordinary,request,0.014765,0.0088789,0.060959,61.079,0.9805
prompt,ordinary,you,0.039402,0.0072056,0.14722,130.38,0.9788
prompt,ordinary,need,0.02857,0.019341,0.12814,92.061,0.9773
prompt,ordinary,to,0.093502,0.012868,0.18417,163.91,0.9772
prompt,ordinary,repeat,0.020599,0.0024256,0.14379,31.786,0.9816
prompt,ordinary,does,0.0033245,0.0099207,0.1198,98.111,0.9779
prompt,ordinary,not,0.00021927,0.0070498,0.10934,87.565,0.9763
prompt,ordinary,include,0.032023,0.0013228,0.19252,66.712,0.9785
prompt,ordinary,this,0.021225,0.010048,0.19174,88.962,0.9785
prompt,ordinary,sentence,0.01497,0.0039074,0.13379,83.982,0.9763
prompt,ordinary,),0.0013465,0.01772,0.10373,45.483,0.9787
prompt,ordinary,[/INST],1.259,0.070038,0.12312,10.863,0.9827
resp,ordinary,Subject,0.023919,0.016204,0.12435,85.382,0.9797
resp,ordinary,:,0.034298,0.0049636,0.098998,81.362,0.9793
resp,ordinary,<<,0.013086,0.022376,0.108,99.157,0.9777
resp,ordinary,Res,0.034965,0.013853,0.18129,72.239,0.9793
resp,ordinary,ign,0.013848,0.0028123,0.19044,105.1,0.9794
resp,ordinary,ation,0.020654,0.0048384,0.16332,136.51,0.9782
resp,ordinary,Notice,0.049969,0.0016109,0.18198,91.344,0.9819
resp,ordinary,>>,0.04132,0.0091337,0.20035,36.903,0.9799
resp,newline,\n,0.012517,0.0091358,0.070988,4.3127,0.9786
resp,newline,\n,0.01496,0.021797,0.068811,0.14391,0.0996
resp,ordinary,D,0.0074906,0.0028043,0.23386,75.175,0.9809
resp,ordinary,ear,0.0087984,0.016121,0.17256,87.552,0.9764
resp,ordinary,[,0.020481,0.011237,0.11586,48.539,0.9769
resp,ordinary,B,0.053328,0.027367,0.16336,120.32,0.9772
resp,ordinary,oss,0.013353,0.018836,0.17423,92.482,0.9792
resp,ordinary,',0.008203,0.0039606,0.058066,0.19118,0.0257
resp,ordinary,s,0.01412,0.015162,0.11155,123.42,0.9767
resp,ordinary,Name,0.016771,0.0077986,0.19584,82.311,0.9796
resp,ordinary,"],",0.016693,0.0027418,0.11113,23.968,0.9812
resp,newline,\n,0.023314,0.0056315,0.060546,0.21427,0.3984
resp,newline,\n,0.016671,0.021402,0.060895,0.15835,0.2284
resp,ordinary,I,4.6381e-05,0.0056092,0.12756,106.14,0.9779
resp,ordinary,am,0.014403,0.0069466,0.15588,86.882,0.9794
resp,ordinary,writing,0.0096927,0.0061089,0.074558,52.042,0.9782
resp,ordinary,to,0.0063466,0.0038696,0.15864,66.255,0.9780
resp,ordinary,formally,0.003353,0.0096049,0.17371,18.359,0.9725
resp,ordinary,announce,0.034032,0.0076434,0.10089,65.626,0.9807
resp,ordinary,my,0.028089,0.0065585,0.1591,97.987,0.9797
resp,ordinary,resign,0.00027007,0.003155,0.1149,51.488,0.9808
resp,ordinary,ation,0.032204,0.00141,0.1557,105.01,0.9809
resp,ordinary,from,0.025841,0.0083289,0.1515,137.51,0.9783
resp,ordinary,my,0.034859,0.002866,0.18979,69.698,0.9800
resp,ordinary,position,0.0114,0.016365,0.16723,73.756,0.9793
resp,ordinary,at,0.090985,0.022636,0.14071,112,0.9736
resp,ordinary,[,0.012718,0.013341,0.089714,21.223,0.9763
resp,ordinary,Company,0.057692,0.01413,0.11819,85.371,0.9789
resp,ordinary,',0.027827,0.011893,0.007264,0.13149,0.1379
resp,ordinary,s,0.017399,0.015045,0.077119,143.67,0.9763
resp,ordinary,Name,0.012841,0.0041494,0.1823,85.855,0.9794
resp,ordinary,"],",0.013508,0.005857,0.10674,24.873,0.9804
resp,ordinary,effective,0.0116,0.0048582,0.13883,66.671,0.9798
resp,ordinary,[,0.02908,0.015002,0.084219,45.482,0.9776
resp,ordinary,last,0.0023284,0.015224,0.12354,88.91,0.9794
resp,ordinary,working,0.0119,0.0076312,0.1502,69.337,0.9771
resp,ordinary,day,0.035851,0.016403,0.094944,86.89,0.9804
resp,ordinary,",",0.0092034,0.010744,0.1353,117.34,0.9770
resp,ordinary,typically,0.022984,0.011275,0.14836,32.298,0.9817
resp,ordinary,two,0.0015656,0.00092188,0.11529,74.221,0.9802
resp,ordinary,weeks,0.032705,0.0055328,0.12907,75.292,0.9784
resp,ordinary,from,0.013745,0.012375,0.13763,119.82,0.9783
resp,ordinary,the,0.026432,0.00080111,0.19495,59.441,0.9766
resp,ordinary,date,0.053476,0.0045945,0.15584,98.132,0.9775
resp,ordinary,of,0.022391,0.022839,0.21097,157.88,0.9769
resp,ordinary,the,0.021096,0.0048388,0.20674,58.937,0.9771
resp,ordinary,email,0.0072928,0.0086883,0.14017,77.782,0.9794
resp,ordinary,].,0.014094,0.013262,0.1116,21.115,0.9790
resp,newline,\n,0.024842,0.0025865,0.019777,2.5769,0.9623
resp,newline,\n,0.024328,0.010888,0.072228,0.16866,0.1949
resp,ordinary,I,0.030874,0.00525,0.15106,106.17,0.9773
resp,ordinary,have,0.025244,0.015991,0.14744,103.63,0.9775
resp,ordinary,greatly,0.037203,0.016525,0.17111,19.086,0.9649
resp,ordinary,enjoyed,0.033705,0.024832,0.086444,24.346,0.9829
resp,ordinary,working,0.018938,0.017317,0.067266,57.662,0.9766
resp,ordinary,at,0.031729,0.014472,0.11911,95.805,0.9730
resp,ordinary,[,0.0039781,0.0163,0.089807,12.634,0.9739
resp,ordinary,Company,0.030737,0.016716,0.1082,75.783,0.9785
resp,ordinary,',0.023206,0.015137,0.0014266,0.13221,0.1562
resp,ordinary,s,0.021403,0.015674,0.062669,138.63,0.9761
resp,ordinary,Name,0.0094977,0.0047349,0.15644,81.817,0.9793
resp,ordinary,],0.019867,0.0029724,0.12221,23.014,0.9761
resp,ordinary,and,0.0051485,0.0074415,0.12766,146.82,0.9748
resp,ordinary,have,0.0092886,0.012242,0.1581,41.662,0.9803
resp,ordinary,learned,0.030613,0.0019873,0.17348,29.882,0.9823
resp,ordinary,a,0.016646,0.0043652,0.15729,99.555,0.9788
resp,ordinary,lot,0.0092605,0.0052355,0.084116,60.415,0.9791
resp,ordinary,during,0.0057241,0.0053314,0.13165,59.718,0.9762
resp,ordinary,my,0.036571,0.0043837,0.15749,84.891,0.9787
resp,ordinary,time,0.0062008,0.0046051,0.11965,99.63,0.9781
resp,ordinary,here,0.010852,0.016195,0.13322,72.789,0.9793
resp,ordinary,.,0.019323,0.0002072,0.080109,23.597,0.9797
resp,ordinary,However,0.030061,0.0118,0.11035,69.314,0.9761
resp,ordinary,",",0.030544,0.002559,0.13109,85.913,0.9782
resp,ordinary,after,0.0086989,0.0035793,0.12382,40.434,0.9761
resp,ordinary,careful,0.024014,0.016672,0.15259,64.74,0.9775
resp,ordinary,consideration,0.019897,0.0017707,0.12047,71.707,0.9810
resp,ordinary,",",0.01029,0.015403,0.095149,138.6,0.9769
resp,ordinary,I,0.034864,0.010635,0.11963,94.57,0.9773
resp,ordinary,have,0.02053,0.013649,0.12526,110.21,0.9779
resp,ordinary,decided,0.012606,0.0048679,0.14678,51.782,0.9789
resp,ordinary,to,0.020268,0.027971,0.12689,124.45,0.9768
resp,ordinary,pursue,0.021114,4.175e-05,0.12349,11.241,0.9841
resp,ordinary,a,0.026708,0.0052228,0.14457,100.07,0.9780
resp,ordinary,new,0.0065262,0.0031363,0.12415,71.748,0.9787
resp,ordinary,opportunity,0.021274,0.0097999,0.10953,41.969,0.9780
resp,ordinary,that,0.014971,0.0089305,0.1126,145.65,0.9774
resp,ordinary,align,0.0015623,0.0060777,0.16436,48.17,0.9821
resp,ordinary,s,0.0046307,0.028342,0.13675,116.87,0.9767
resp,ordinary,more,0.01127,0.0045082,0.11958,99.581,0.9784
resp,ordinary,closely,0.024799,0.0047469,0.12437,31.84,0.9724
resp,ordinary,with,0.0086282,0.0038073,0.12717,138.69,0.9761
resp,ordinary,my,0.033951,0.0077257,0.1753,65.627,0.9805
resp,ordinary,long,0.0064585,0.015401,0.167,69.222,0.9788
resp,ordinary,-,0.01194,0.017736,0.13591,72.771,0.9778
resp,ordinary,term,0.0098922,0.0080323,0.098714,80.454,0.9765
resp,ordinary,career,0.017211,0.0017625,0.15122,57.81,0.9809
resp,ordinary,goals,0.011909,0.0056771,0.10512,60.187,0.9772
resp,ordinary,.,0.013326,0.0025919,0.077429,60.907,0.9779
resp,newline,\n,0.02817,0.018122,0.032159,0.2127,0.6021
resp,newline,\n,0.0267,0.010652,0.057813,0.16325,0.1804
resp,ordinary,I,0.032851,0.010302,0.14068,110.76,0.9766
resp,ordinary,want,0.024857,0.015518,0.10821,79.818,0.9792
resp,ordinary,to,3.16e-05,0.029179,0.15662,137.59,0.9771
resp,ordinary,express,0.022637,0.0085048,0.12005,16.616,0.9826
resp,ordinary,my,0.032713,0.0045266,0.15485,87.886,0.9797
resp,ordinary,gratitude,0.012694,0.0080986,0.13116,33.21,0.9718
resp,ordinary,for,0.0095952,0.0050241,0.15572,96.599,0.9775
resp,ordinary,the,0.023414,0.0040749,0.18317,28.716,0.9752
resp,ordinary,opportunities,0.052041,0.031315,0.10405,50.417,0.9728
resp,ordinary,and,0.0041714,0.0085663,0.13762,145.79,0.9750
resp,ordinary,experiences,0.067053,0.019083,0.099192,21.428,0.9723
resp,ordinary,I,0.013254,0.00023477,0.11171,116.83,0.9776
resp,ordinary,have,0.018291,0.017414,0.13107,104.2,0.9770
resp,ordinary,had,0.015171,0.0095978,0.17067,71.35,0.9765
resp,ordinary,during,0.0069126,0.00048391,0.15406,43.371,0.9717
resp,ordinary,my,0.025295,0.0057634,0.1632,82.424,0.9776
resp,ordinary,ten,0.0080956,0.00048349,0.15475,60.163,0.9786
resp,ordinary,ure,0.0262,0.0040468,0.14548,129.06,0.9762
resp,ordinary,at,0.023425,0.0043349,0.15046,94.918,0.9705
prompt,template,<s>,798.84,153.29,3.6388,55.774,0.9724
prompt,ordinary,[INST],0.0057196,0.12868,0.0073807,127.04,0.9749
prompt,ordinary,Given,0.032149,0.005608,0.1182,121.42,0.9762
prompt,ordinary,the,0.046532,0.011492,0.136,198.5,0.9747
prompt,ordinary,sentence,0.061022,0.014471,0.092929,122.59,0.9738
prompt,ordinary,"""",0.022261,0.023523,0.11049,139.53,0.9774
prompt,ordinary,Two,0.069055,0.031606,0.15739,126.95,0.9759
prompt,ordinary,young,0.30973,0.080084,0.095772,122.43,0.9769
prompt,ordinary,boys,0.35353,0.10536,0.057717,117.37,0.9770
prompt,ordinary,with,0.2128,0.021468,0.072305,194.25,0.9751
prompt,ordinary,toy,0.094079,0.0168,0.14397,69.372,0.9743
prompt,ordinary,guns,0.58298,0.094028,0.057456,123,0.9765
prompt,ordinary,and,0.81466,0.067333,0.017972,203.62,0.9747
prompt,ordinary,horn,0.14696,0.017603,0.16923,75.362,0.9772
prompt,ordinary,s,0.11047,0.0081473,0.069344,133.61,0.9763
prompt,ordinary,".""",0.010983,0.020186,0.056312,24.515,0.9754
prompt,ordinary,can,0.0041893,0.016898,0.12367,119.96,0.9753
prompt,ordinary,you,0.043203,0.033891,0.12124,83.612,0.9739
prompt,ordinary,ask,0.031387,0.034807,0.13841,83.514,0.9763
prompt,ordinary,a,0.010368,0.028136,0.16236,144.77,0.9758
prompt,ordinary,question,0.023458,0.02242,0.12182,91.648,0.9748
prompt,ordinary,?,0.022322,0.023269,0.12704,49.074,0.9760
prompt,ordinary,Please,0.048392,0.019834,0.10709,98.88,0.9718
prompt,ordinary,ensure,0.012758,0.029219,0.14318,70.372,0.9755
prompt,ordinary,that,0.40273,0.080603,0.096652,180.27,0.9754
prompt,ordinary,your,0.0089303,0.0074305,0.18653,88.055,0.9758
prompt,ordinary,response,0.090196,0.018283,0.13458,93.104,0.9760
prompt,ordinary,is,0.04988,0.027705,0.1264,132.45,0.9775
prompt,ordinary,in,0.19842,0.068108,0.10699,164.02,0.9756
prompt,ordinary,English,0.010611,0.023917,0.14785,44.667,0.9791
prompt,ordinary,",",0.12993,0.0054618,0.10814,159.98,0.9749
prompt,ordinary,and,0.088753,0.0093441,0.15532,160.13,0.9735
prompt,ordinary,in,0.021264,0.023299,0.17859,33.959,0.9732
prompt,ordinary,all,0.028685,0.019106,0.16376,49.638,0.9760
prompt,ordinary,lower,0.01311,0.0098783,0.14207,79.947,0.9767
prompt,ordinary,case,0.061465,0.00040858,0.14701,105.17,0.9781
prompt,ordinary,letters,0.18119,0.059451,0.00067567,91.439,0.9798
prompt,ordinary,.,0.0041836,0.0027525,0.10222,56.174,0.9754
prompt,ordinary,No,0.0087269,0.02384,0.10116,77.378,0.9760
prompt,ordinary,capital,0.016115,0.026458,0.12783,69.375,0.9746
prompt,ordinary,letters,0.0064354,0.013261,0.04502,79.277,0.9813
prompt,ordinary,are,0.036755,0.016615,0.12328,119.76,0.9783
prompt,ordinary,allowed,0.0023597,0.0019322,0.15288,81.905,0.9783
prompt,ordinary,.,0.012253,0.018952,0.090125,21.771,0.9729
prompt,ordinary,[/INST],1.1923,0.083435,0.042988,6.851,0.9803
resp,ordinary,"""",0.05158,0.029047,0.05667,81.402,0.9777
resp,ordinary,what,0.012404,0.01677,0.11295,116.9,0.9761
resp,ordinary,are,0.064439,0.029557,0.21094,124.95,0.9774
resp,ordinary,the,0.058678,0.0068051,0.20553,133.7,0.9750
resp,ordinary,two,0.023039,0.010006,0.13869,104.72,0.9768
resp,ordinary,boys,0.1085,0.018939,0.013367,84.357,0.9797
resp,ordinary,holding,0.020077,0.011522,0.13776,101.08,0.9785
resp,ordinary,",",0.1104,0.011556,0.078085,161.98,0.9753
resp,ordinary,toy,0.0066493,0.0017641,0.12105,41.467,0.9768
resp,ordinary,guns,0.19441,0.013632,0.06916,91.521,0.9781
resp,ordinary,and,0.29793,0.0028561,0.078826,190.35,0.9754
resp,ordinary,horn,0.055754,0.0021553,0.16012,50.509,0.9799
resp,ordinary,s,0.052892,0.011252,0.063054,112.76,0.9780
resp,ordinary,"?""",0.012614,0.0074065,0.091523,53.635,0.9763
resp,template,</s>,0.052405,0.053853,0.14205,0.23337,0.3028
prompt,template,<s>,798.84,153.29,3.6388,55.774,0.9724
prompt,ordinary,[INST],0.0057291,0.12873,0.0074518,127.04,0.9749
prompt,ordinary,Write,0.032532,0.011013,0.14595,124.58,0.9745
prompt,ordinary,a,0.033487,0.01806,0.1742,186.32,0.9752
prompt,ordinary,dialogue,0.1733,0.031182,0.10581,92.22,0.9735
prompt,ordinary,between,0.0069621,0.0059536,0.12266,70.882,0.9753
prompt,ordinary,two,0.019413,0.018477,0.11302,121.41,0.9763
prompt,ordinary,people,0.25781,0.10407,0.026461,132.62,0.9760
prompt,ordinary,",",0.47913,0.01957,0.12444,208.52,0.9746
prompt,ordinary,one,0.0076109,0.031426,0.1193,87.217,0.9722
prompt,ordinary,is,0.034939,0.02388,0.054739,127.56,0.9753
prompt,ordinary,dressed,0.024497,0.02001,0.095373,49.046,0.9766
prompt,ordinary,up,0.0035591,0.017243,0.11381,152.86,0.9761
prompt,ordinary,in,0.25672,0.077019,0.095073,166.12,0.9749
prompt,ordinary,a,0.0054596,0.023374,0.15103,122.56,0.9747
prompt,ordinary,ball,0.089688,0.014241,0.088531,92.022,0.9778
prompt,ordinary,gown,0.031231,0.0026012,0.099224,52.059,0.9789
prompt,ordinary,and,0.62636,0.009161,0.015645,200.52,0.9752
prompt,ordinary,the,0.010433,0.019605,0.17451,119.99,0.9755
prompt,ordinary,other,0.0043739,0.020763,0.11015,122.07,0.9750
prompt,ordinary,is,0.037241,0.040673,0.075834,118.88,0.9766
prompt,ordinary,dressed,0.0046327,0.0176,0.10716,36.88,0.9787
prompt,ordinary,down,0.016301,0.021757,0.12792,123.58,0.9749
prompt,ordinary,in,0.19738,0.059681,0.14426,164.03,0.9756
prompt,ordinary,swe,0.043204,0.00015274,0.19863,53.927,0.9756
prompt,ordinary,ats,0.032896,0.033815,0.1414,136.68,0.9760
prompt,ordinary,.,0.010941,0.015024,0.050521,88.03,0.9757
prompt,ordinary,The,0.029844,0.01729,0.11699,123.61,0.9724
prompt,ordinary,two,0.0051827,0.023207,0.12428,107.76,0.9761
prompt,ordinary,are,0.032091,0.020836,0.095436,131.47,0.9771
prompt,ordinary,going,0.0048126,0.01903,0.10821,87.439,0.9781
prompt,ordinary,to,0.25778,0.039732,0.12406,173.04,0.9771
prompt,ordinary,a,0.030894,0.019522,0.20214,99.21,0.9759
prompt,ordinary,night,0.0042165,0.0070771,0.1026,96.685,0.9758
prompt,ordinary,ly,0.13294,0.032058,0.16688,138.55,0.9786
prompt,ordinary,event,0.027774,0.014939,0.085595,69.295,0.9763
prompt,ordinary,.,0.00030807,0.002999,0.071553,97.675,0.9752
prompt,ordinary,Your,0.0096139,0.011338,0.14934,84.076,0.9734
prompt,ordinary,answer,0.0068128,0.013923,0.12368,62.745,0.9761
prompt,ordinary,must,0.014859,0.028601,0.098717,100.71,0.9759
prompt,ordinary,contain,0.041584,0.028717,0.12063,84.45,0.9773
prompt,ordinary,exactly,0.053794,0.026142,0.14478,61.786,0.9748
prompt,ordinary,,0.055309,0.01747,0.11081,112.21,0.9781
prompt,ordinary,3,0.0090483,0.0081646,0.093474,129.57,0.9750
prompt,ordinary,bullet,0.020718,0.015511,0.071399,87.335,0.9805
prompt,ordinary,points,0.094897,0.030903,0.071411,115.37,0.9767
prompt,ordinary,in,0.15945,0.046222,0.13552,159.94,0.9757
prompt,ordinary,the,0.010251,0.0092148,0.1588,96.189,0.9752
prompt,ordinary,mark,0.19589,0.043305,0.052787,124.36,0.9788
prompt,ordinary,down,0.048714,0.013232,0.13818,109.74,0.9774
prompt,ordinary,format,0.010172,0.023646,0.11973,97.441,0.9806
prompt,ordinary,(,0.042133,0.00082159,0.14256,141.77,0.9746
prompt,ordinary,use,0.066826,0.031505,0.1451,121.84,0.9783
prompt,ordinary,"""*",0.02575,0.0041986,0.094268,58.461,0.9763
prompt,ordinary,"""",0.039774,0.022176,0.067104,77.345,0.9776
prompt,ordinary,to,0.02619,0.012874,0.1581,105.24,0.9758
prompt,ordinary,indicate,0.0078534,0.0031171,0.12663,38.435,0.9769
prompt,ordinary,each,0.056981,0.011535,0.18483,98.051,0.9788
prompt,ordinary,bullet,0.0313,0.010535,0.09194,75.182,0.9816
prompt,ordinary,),0.012858,0.00069314,0.074916,37.891,0.9781
prompt,ordinary,such,8.7526e-05,0.010703,0.10039,82.884,0.9794
prompt,ordinary,as,0.03162,0.0054192,0.14894,59.944,0.9777
prompt,ordinary,:,0.027459,0.010997,0.099568,52.556,0.9786
prompt,newline,\n,176.11,1.9468,26.694,55.91,0.8650
prompt,ordinary,*,0.030272,0.013954,0.10583,1.4774,0.8512
prompt,ordinary,This,0.019494,0.010256,0.16246,89.508,0.9758
prompt,ordinary,is,0.022607,0.015243,0.13862,79.439,0.9760
prompt,ordinary,the,0.024925,0.010925,0.20569,100.72,0.9760
prompt,ordinary,first,0.014697,0.013824,0.13649,75.815,0.9781
prompt,ordinary,point,0.005363,0.019538,0.088831,103.07,0.9793
prompt,ordinary,.,0.019474,0.017075,0.096424,22.499,0.9749
prompt,newline,\n,0.027476,0.018754,0.024721,0.43905,0.4785
prompt,ordinary,*,0.026685,0.020827,0.079674,1.4792,0.8552
prompt,ordinary,This,0.016136,0.010502,0.15733,95.058,0.9763
prompt,ordinary,is,0.026748,0.018476,0.13234,86.98,0.9772
prompt,ordinary,the,0.023012,0.011678,0.20369,99.665,0.9767
prompt,ordinary,second,0.014207,0.011464,0.11166,68.25,0.9778
prompt,ordinary,point,0.0015111,0.015853,0.032446,106.09,0.9796
prompt,ordinary,.,0.01994,0.01454,0.094048,24.004,0.9764
prompt,ordinary,[/INST],1.0278,0.060171,0.13088,10.589,0.9824
resp,ordinary,**,0.04584,0.036639,0.12635,16.904,0.9854
resp,ordinary,Person,0.0371,0.014687,0.2002,63.877,0.9803
resp,ordinary,in,0.057818,0.015003,0.17196,129.52,0.9761
resp,ordinary,Ball,0.022936,0.0044501,0.11779,49.722,0.9807
resp,ordinary,G,0.057595,0.00089558,0.17521,101.59,0.9782
resp,ordinary,own,0.05408,0.0033999,0.095089,105.15,0.9793
resp,ordinary,(,0.0022365,0.0079539,0.056877,116.3,0.9765
resp,ordinary,PG,0.020796,0.011028,0.17243,64.007,0.9762
resp,ordinary,):,0.069456,0.0082825,0.082056,14.711,0.9847
resp,ordinary,**,0.057578,0.0086975,0.13679,13.454,0.9814
resp,ordinary,Oh,0.020047,0.015405,0.14225,68.735,0.9782
resp,ordinary,",",0.010558,0.0055454,0.15836,105.23,0.9768
resp,ordinary,you,0.031309,0.0012373,0.13917,62.713,0.9777
resp,ordinary,',0.035927,0.00051905,0.01933,0.12278,0.1170
resp,ordinary,re,0.023899,0.0015809,0.13201,118.81,0.9782
resp,ordinary,not,0.008373,0.0080087,0.14541,98.08,0.9784
resp,ordinary,dressed,0.028765,0.003327,0.10056,22.173,0.9834
resp,ordinary,for,0.11014,0.043663,0.13081,130.53,0.9770
resp,ordinary,the,0.0097193,0.009649,0.19053,49.599,0.9761
resp,ordinary,occasion,0.016266,0.0016813,0.12632,69.36,0.9759
resp,ordinary,!,0.018346,0.020486,0.075603,27.576,0.9845
resp,ordinary,This,0.00055042,0.0054478,0.15537,107.28,0.9753
resp,ordinary,event,0.016781,0.016613,0.045783,57.819,0.9788
resp,ordinary,calls,0.07618,0.012396,0.066199,100.15,0.9772
resp,ordinary,for,0.0045975,0.020487,0.13637,108.25,0.9776
resp,ordinary,something,0.0090261,0.0050057,0.080296,43.079,0.9732
resp,ordinary,a,0.027763,0.020663,0.15587,115.32,0.9775
resp,ordinary,bit,0.041578,0.04295,0.079492,98.218,0.9760
resp,ordinary,more,0.041898,0.010032,0.10388,91.979,0.9791
resp,ordinary,...,0.021342,0.0044942,0.10473,18.2,0.9767
resp,ordinary,formal,0.027191,0.020924,0.18763,77.487,0.9744
resp,ordinary,.,0.039246,0.015527,0.10451,6.5681,0.9677
resp,newline,\n,0.021645,0.0016329,0.018543,0.24074,0.6615
resp,newline,\n,0.022091,0.014741,0.064437,0.16119,0.2205
resp,ordinary,**,0.019634,0.011107,0.079559,0.19099,0.1422
resp,ordinary,Person,0.015289,0.003841,0.14334,59.606,0.9788
resp,ordinary,in,0.037512,0.025894,0.16613,113.39,0.9748
resp,ordinary,S,0.01014,0.0004601,0.17477,47.009,0.9770
resp,ordinary,we,0.060804,0.0087591,0.21804,90.022,0.9784
resp,ordinary,ats,0.078037,0.010366,0.12719,123.48,0.9763
resp,ordinary,(,0.0158,0.0027604,0.071415,78.903,0.9754
resp,ordinary,PS,0.040067,0.001328,0.16658,70.191,0.9805
resp,ordinary,):,0.05739,0.0076859,0.071685,3.5622,0.9665
resp,ordinary,**,0.049058,0.0060019,0.10863,4.4085,0.9692
resp,ordinary,I,0.00779,0.0098918,0.12135,113.18,0.9788
resp,ordinary,know,0.032621,0.0050183,0.10448,71.887,0.9752
resp,ordinary,",",0.0085409,0.0010617,0.10999,102.7,0.9769
resp,ordinary,I,0.035796,0.00056632,0.11255,72.337,0.9772
resp,ordinary,know,0.015981,0.01169,0.0885,71.433,0.9743
resp,ordinary,.,0.030279,0.0049154,0.085817,15.958,0.9796
resp,ordinary,I,0.03739,0.0060525,0.095277,90.075,0.9758
resp,ordinary,',0.023852,0.0029795,0.024547,0.12985,0.1604
resp,ordinary,m,0.0054456,0.00066432,0.14753,117.84,0.9774
resp,ordinary,usually,0.041335,0.0014577,0.15403,48.225,0.9802
resp,ordinary,not,0.033937,0.0072071,0.16003,97.111,0.9778
resp,ordinary,one,0.0012081,0.011431,0.12183,86.516,0.9771
resp,ordinary,for,0.028768,0.021395,0.12507,114.36,0.9766
resp,ordinary,fancy,0.040113,0.00034133,0.17345,18.628,0.9736
resp,ordinary,affairs,0.062251,0.0074587,0.084179,92.554,0.9783
resp,ordinary,",",0.013715,0.0017793,0.089417,126.49,0.9760
resp,ordinary,but,0.0080793,0.0068929,0.051856,55.376,0.9772
resp,ordinary,I,0.018798,0.0047982,0.10075,115.72,0.9789
resp,ordinary,thought,0.017342,0.017762,0.12188,34.114,0.9784
resp,ordinary,I,0.041494,0.0027066,0.13823,119.84,0.9780
resp,ordinary,',0.022028,0.012881,0.0081857,0.13046,0.1238
resp,ordinary,d,0.017098,0.0028181,0.085451,117.32,0.9783
resp,ordinary,step,0.033478,0.0011544,0.1227,76.753,0.9804
resp,ordinary,out,0.033365,0.0028397,0.081427,100.61,0.9785
resp,ordinary,of,0.10211,0.0089406,0.085445,138.55,0.9784
resp,ordinary,my,0.026414,0.013558,0.16151,64.652,0.9800
resp,ordinary,comfort,0.0049651,0.001677,0.16695,35.314,0.9830
resp,ordinary,zone,0.062338,0.0043086,0.14706,59.401,0.9787
resp,ordinary,tonight,0.031431,0.0021292,0.10124,50.003,0.9807
resp,ordinary,.,0.0089466,0.020301,0.071064,11.926,0.9775
resp,newline,\n,0.021296,0.031198,0.0087522,0.18784,0.5961
resp,newline,\n,0.019739,0.020606,0.059338,0.16455,0.2311
resp,ordinary,*,0.024668,0.013562,0.094982,1.8521,0.8980
resp,ordinary,**,0.040489,0.014042,0.089095,26.514,0.9786
resp,ordinary,PG,0.030085,0.0079195,0.14575,67.259,0.9771
resp,ordinary,:**,0.066258,0.011573,0.11423,4.1628,0.9706
resp,ordinary,That,0.020869,0.0059751,0.22186,59.424,0.9763
resp,ordinary,',0.029801,0.0010615,0.074074,0.14866,0.2427
resp,ordinary,s,0.023389,0.0032641,0.21027,72.827,0.9785
resp,ordinary,the,0.042486,0.0073029,0.21013,74.309,0.9786
resp,ordinary,spirit,0.017621,0.0040159,0.13089,69.388,0.9746
resp,ordinary,!,0.031064,0.015333,0.11196,22.389,0.9861
resp,ordinary,Let,0.0035034,0.0018573,0.12245,98.873,0.9722
resp,ordinary,',0.019341,0.012345,0.042768,0.14546,0.3031
resp,ordinary,s,0.014929,0.0025172,0.14636,84.08,0.9749
resp,ordinary,head,0.044583,0.0082539,0.12502,63.375,0.9807
resp,ordinary,to,0.035285,0.021946,0.13139,122.9,0.9775
resp,ordinary,your,0.040146,0.0043287,0.17985,33.595,0.9797
resp,ordinary,place,0.011811,0.0075675,0.13056,64.726,0.9782
resp,ordinary,so,0.0084137,0.011384,0.15846,73.755,0.9796
resp,ordinary,I,0.023554,0.00618,0.13806,83.4,0.9789
resp,ordinary,can,0.011156,0.0037037,0.11491,66.796,0.9769
resp,ordinary,help,0.031739,0.0062557,0.098208,47.53,0.9777
resp,ordinary,you,0.0095184,0.0042174,0.1646,62.428,0.9794
resp,ordinary,get,0.023191,0.031888,0.10081,66.19,0.9788
resp,ordinary,ready,0.019889,0.011248,0.12715,59.878,0.9806
resp,ordinary,.,0.012586,0.0063796,0.081228,4.5166,0.9582
resp,newline,\n,0.017304,0.032622,0.0064782,0.15483,0.4726
resp,ordinary,*,0.039415,0.0020566,0.052922,0.4799,0.5219
resp,ordinary,**,0.039473,0.01475,0.063988,24.604,0.9793
resp,ordinary,PS,0.032886,0.0004915,0.10876,82.258,0.9814
resp,ordinary,:**,0.061166,0.021667,0.1247,3.7826,0.9706
resp,ordinary,Al,0.0068094,0.0015302,0.26416,67.206,0.9785
resp,ordinary,right,0.080612,0.022775,0.19869,86.523,0.9768
resp,ordinary,",",0.018261,0.010955,0.14789,92.006,0.9780
resp,ordinary,but,0.064066,0.00088394,0.074012,38.654,0.9801
resp,ordinary,I,0.0091937,0.0053235,0.13304,93.931,0.9802
resp,ordinary,warn,0.0083303,0.0056432,0.14903,9.2903,0.9803
resp,ordinary,you,0.0046293,0.026562,0.15257,96.549,0.9790
resp,ordinary,",",0.0044342,0.0051557,0.098887,75.353,0.9775
resp,ordinary,I,0.017591,0.00013863,0.077878,70.276,0.9782
resp,ordinary,',0.021922,0.0054129,0.024205,0.12947,0.1230
resp,ordinary,m,0.0011491,0.00954,0.13094,108.22,0.9780
resp,ordinary,not,0.015821,1.7162e-05,0.14628,85.445,0.9782
resp,ordinary,exactly,0.0089326,0.010161,0.17245,33.191,0.9763
resp,ordinary,a,0.011498,0.0051535,0.11905,83.392,0.9793
resp,ordinary,fashion,0.011153,0.0026435,0.15028,73.796,0.9785
resp,ordinary,expert,0.010889,0.0029363,0.12672,47.402,0.9828
resp,ordinary,.,0.0093614,0.0094113,0.055157,29.756,0.9810
resp,newline,\n,0.016178,0.023105,0.0085028,0.15975,0.4729
resp,ordinary,*,0.035559,0.0064207,0.049475,0.38051,0.3735
resp,ordinary,**,0.0378,0.015316,0.038466,21.955,0.9792
resp,ordinary,PG,0.029564,0.0077214,0.10784,68.255,0.9774
resp,ordinary,:**,0.064219,0.013769,0.095969,3.5133,0.9682
prompt,template,<s>,798.84,153.29,3.6389,55.774,0.9724
prompt,ordinary,[INST],0.0057299,0.12871,0.0072822,127.04,0.9749
prompt,ordinary,Write,0.032522,0.010924,0.14622,124.58,0.9745
prompt,ordinary,a,0.033486,0.017943,0.1744,186.32,0.9752
prompt,ordinary,,34.292,5.5286,0.40663,202.43,0.9767
prompt,ordinary,2,0.038003,0.015033,0.052744,173.2,0.9742
prompt,ordinary,paragraph,0.058518,0.01135,0.10923,117.3,0.9780
prompt,ordinary,critique,0.12614,0.035358,0.11427,97.756,0.9746
prompt,ordinary,of,0.59529,0.085157,0.063327,194.41,0.9761
prompt,ordinary,the,0.010318,0.0054603,0.12979,167.09,0.9746
prompt,ordinary,following,0.042795,0.010929,0.060128,114.38,0.9762
prompt,ordinary,sentence,0.10734,0.026889,0.05007,121.07,0.9740
prompt,ordinary,in,0.2789,0.071046,0.067438,175.18,0.9754
prompt,ordinary,all,0.021201,0.014163,0.13002,82.071,0.9747
prompt,ordinary,capital,0.044139,0.033978,0.13157,94.674,0.9751
prompt,ordinary,letters,0.094108,0.040966,0.026065,96.505,0.9802
prompt,ordinary,",",0.75042,0.10919,0.0078484,192.43,0.9754
prompt,ordinary,no,0.0086818,0.012034,0.090049,88.019,0.9768
prompt,ordinary,lower,0.0088485,0.012186,0.11009,86.041,0.9760
prompt,ordinary,case,0.058284,0.0028583,0.15444,118.37,0.9772
prompt,ordinary,letters,0.16287,0.049504,0.014452,102.56,0.9799
prompt,ordinary,allowed,0.032632,0.0032181,0.14558,109.74,0.9779
prompt,ordinary,:,0.032883,0.0026665,0.081252,156.82,0.9768
prompt,ordinary,"""",0.031009,0.0093414,0.070701,64.03,0.9741
prompt,ordinary,If,0.016729,0.0079768,0.13012,111.13,0.9780
prompt,ordinary,the,0.013561,0.011808,0.19011,151.98,0.9735
prompt,ordinary,law,0.056314,0.014024,0.071397,119.81,0.9777
prompt,ordinary,is,0.041243,0.010763,0.10236,120.81,0.9772
prompt,ordinary,bad,0.026061,0.027774,0.14256,72.431,0.9738
prompt,ordinary,",",0.13202,0.012361,0.093233,159.96,0.9752
prompt,ordinary,you,0.011471,0.01229,0.14189,79.959,0.9757
prompt,ordinary,should,0.039074,0.028299,0.12711,103.71,0.9769
prompt,ordinary,not,0.011058,0.0077715,0.1938,102.25,0.9758
prompt,ordinary,follow,0.015605,0.011322,0.11206,111.22,0.9777
prompt,ordinary,it,0.023105,0.021748,0.088731,125.95,0.9771
prompt,ordinary,""".",0.015127,0.011857,0.092659,8.8062,0.9691
prompt,ordinary,Label,0.020934,0.0027819,0.14751,77.85,0.9774
prompt,ordinary,each,0.042541,0.0072904,0.18776,117.85,0.9773
prompt,ordinary,paragraph,0.0024974,0.020612,0.10835,91.919,0.9796
prompt,ordinary,with,0.078513,0.025311,0.15779,156.95,0.9751
prompt,ordinary,PAR,0.08051,0.017148,0.21233,52.388,0.9747
prompt,ordinary,AG,0.10028,0.046013,0.25843,120.93,0.9774
prompt,ordinary,R,0.066326,0.03023,0.18329,138.68,0.9763
prompt,ordinary,AP,0.15651,0.05387,0.11314,122.88,0.9787
prompt,ordinary,H,0.067611,0.0054802,0.10603,138.53,0.9787
prompt,ordinary,X,0.10369,0.031906,0.14234,120.28,0.9785
prompt,ordinary,.,0.018378,0.033065,0.10751,45.258,0.9766
prompt,ordinary,[/INST],1.1449,0.076003,0.078372,10.234,0.9814
resp,ordinary,PAR,0.0061562,0.017082,0.14246,103.18,0.9777
resp,ordinary,AG,0.0082902,0.030035,0.22769,122.88,0.9784
resp,ordinary,R,0.035053,0.031249,0.16656,141.66,0.9771
resp,ordinary,AP,0.14497,0.057512,0.088054,124.88,0.9791
resp,ordinary,H,0.06646,0.0068252,0.075736,143.56,0.9790
resp,ordinary,,0.050601,0.001498,0.076792,147.59,0.9781
resp,ordinary,1,0.055026,0.0052476,0.059563,142.47,0.9784
resp,ordinary,:,0.037012,0.016738,0.08226,119.79,0.9781
resp,newline,\n,243.42,0.38223,34.59,46.961,0.7438
resp,newline,\n,0.035687,0.0073844,0.034641,0.1607,0.0021
resp,ordinary,The,0.035723,0.01972,0.14977,106.77,0.9744
resp,ordinary,sentence,0.016576,0.013828,0.10208,109.85,0.9751
resp,ordinary,"""",0.053207,0.023089,0.12189,81.832,0.9780
resp,ordinary,IF,0.086529,0.025348,0.13495,117.72,0.9793
resp,ordinary,THE,0.030182,0.0082728,0.25099,112.79,0.9769
resp,ordinary,LA,0.065031,0.0029474,0.15908,92.876,0.9817
resp,ordinary,W,0.047726,0.016,0.047076,118.21,0.9797
resp,ordinary,IS,0.018587,0.0015841,0.10422,119.74,0.9788
resp,ordinary,B,0.046371,0.02669,0.22332,121.46,0.9760
resp,ordinary,AD,0.010863,0.042753,0.15541,111.32,0.9766
resp,ordinary,",",0.066661,0.010788,0.10021,145.75,0.9756
resp,ordinary,YOU,0.015621,0.0062334,0.15956,66.201,0.9788
resp,ordinary,S,0.014506,0.015604,0.21072,123.94,0.9772
resp,ordinary,HO,0.066766,0.025959,0.21717,109.15,0.9800
resp,ordinary,UL,0.09322,0.041427,0.14152,139.66,0.9772
resp,ordinary,D,0.0037705,0.010638,0.14663,111.84,0.9770
resp,ordinary,NOT,0.01851,0.0051675,0.16741,91.047,0.9778
resp,ordinary,F,0.02128,0.015904,0.26263,110.77,0.9776
resp,ordinary,OL,0.038954,0.0082869,0.26384,129.51,0.9782
resp,ordinary,LOW,0.045946,0.0030522,0.13025,106.72,0.9780
resp,ordinary,IT,0.029259,0.014454,0.097343,114.71,0.9797
resp,ordinary,"""",0.019799,0.0116,0.10313,60.564,0.9809
resp,ordinary,presents,0.12752,0.00065647,0.075875,112.72,0.9784
resp,ordinary,a,0.015196,0.0052658,0.13167,140.54,0.9780
resp,ordinary,simpl,0.0034141,0.012719,0.10663,56.32,0.9785
resp,ordinary,istic,0.15991,0.04376,0.12389,87.144,0.9753
resp,ordinary,and,0.24986,0.021213,0.083391,173.17,0.9749
resp,ordinary,potentially,0.0023734,0.0085704,0.14445,31.587,0.9795
resp,ordinary,dangerous,0.015165,0.0055056,0.087567,84.267,0.9813
resp,ordinary,perspective,0.005748,0.004323,0.11349,48.302,0.9777
resp,ordinary,on,0.042022,0.0084569,0.11506,130.46,0.9781
resp,ordinary,the,0.027876,0.005002,0.15295,75.379,0.9762
resp,ordinary,role,0.040276,0.0012274,0.11921,86.352,0.9802
resp,ordinary,of,0.015574,0.014273,0.18033,133.55,0.9773
resp,ordinary,law,0.0011078,0.0041562,0.060896,94.464,0.9792
resp,ordinary,in,0.0005796,0.0030076,0.12447,136.6,0.9762
resp,ordinary,society,0.013722,0.0045928,0.10466,59.244,0.9834
resp,ordinary,.,0.014492,0.0026009,0.052078,22.727,0.9776
resp,ordinary,While,0.019775,0.0022203,0.11365,64.249,0.9748
resp,ordinary,it,0.0010033,0.013983,0.14433,136.7,0.9753
resp,ordinary,is,0.01525,0.0037884,0.11878,111.73,0.9783
resp,ordinary,true,0.014955,0.025883,0.10383,82.945,0.9780
resp,ordinary,that,0.21706,0.030171,0.1047,164.95,0.9771
resp,ordinary,not,0.014858,0.011225,0.1101,81.979,0.9764
resp,ordinary,all,0.029659,0.018178,0.10192,108.83,0.9762
resp,ordinary,laws,0.078744,0.031097,0.022733,68.717,0.9784
resp,ordinary,are,0.037358,0.0062834,0.10512,111.75,0.9765
resp,ordinary,just,0.0078813,0.0054123,0.099824,70.288,0.9783
resp,ordinary,or,0.030759,0.0074817,0.13142,100.1,0.9783
resp,ordinary,equ,0.0099726,0.00044102,0.21282,64.26,0.9777
resp,ordinary,itable,0.0076891,0.020907,0.11714,80.922,0.9783
resp,ordinary,",",0.048909,0.0033957,0.06538,147.82,0.9753
resp,ordinary,the,0.021372,0.014642,0.14936,98.249,0.9741
resp,ordinary,statement,0.01062,0.0013071,0.075938,109.14,0.9789
resp,ordinary,overlook,0.023519,0.0016886,0.16197,87.353,0.9809
resp,ordinary,s,0.027296,0.014553,0.089887,129.5,0.9771
resp,ordinary,the,0.021673,0.0038839,0.16247,145.68,0.9767
resp,ordinary,essential,0.23534,0.061037,0.12832,99.531,0.9794
resp,ordinary,function,0.021633,0.017226,0.17171,93.999,0.9793
resp,ordinary,of,0.02337,0.00046556,0.12626,137.55,0.9780
resp,ordinary,law,0.0096467,0.0094756,0.046617,95.978,0.9797
resp,ordinary,as,0.017265,0.00010645,0.14104,121.21,0.9800
resp,ordinary,a,0.0096809,0.011129,0.18248,113.81,0.9776
resp,ordinary,foundation,0.0031306,0.016614,0.16815,77.281,0.9795
resp,ordinary,for,0.029243,0.0023259,0.18417,130.56,0.9765
resp,ordinary,order,0.01854,0.0041296,0.21476,50.36,0.9757
resp,ordinary,and,0.0061426,0.0019267,0.16026,152.88,0.9748
resp,ordinary,protection,0.012095,0.0045772,0.18014,57.844,0.9794
resp,ordinary,.,0.01579,0.00094432,0.10152,14.025,0.9769
resp,ordinary,Law,0.006919,0.001628,0.04459,72.831,0.9767
resp,ordinary,s,0.056362,0.0024954,0.11251,88.435,0.9793
resp,ordinary,are,0.0695,0.016374,0.11722,127.34,0.9777
resp,ordinary,designed,0.0197,0.0039038,0.15495,60.835,0.9802
resp,ordinary,to,0.022556,0.0062179,0.12396,143.55,0.9786
resp,ordinary,maintain,0.013043,0.0053425,0.16063,38.671,0.9763
resp,ordinary,social,0.085354,0.0026777,0.12031,76.192,0.9811
resp,ordinary,order,0.045057,0.00039058,0.12127,80.38,0.9788
resp,ordinary,",",0.0094376,0.0020789,0.070621,110.81,0.9758
resp,ordinary,protect,0.00052862,0.0012657,0.058538,40.161,0.9780
resp,ordinary,individual,0.017664,0.0069458,0.19305,79.266,0.9805
resp,ordinary,rights,0.037975,0.012832,0.14172,94.499,0.9790
resp,ordinary,",",0.062259,0.0010967,0.097695,148.76,0.9761
resp,ordinary,and,0.0021342,0.011693,0.11728,129.2,0.9739
resp,ordinary,ensure,0.0070497,0.010498,0.096911,23.071,0.9821
resp,ordinary,fair,0.0062105,0.0016014,0.17175,63.174,0.9785
resp,ordinary,ness,0.065998,0.0044729,0.23341,73.319,0.9781
resp,ordinary,.,0.0075919,0.0059044,0.1288,72.768,0.9786
resp,ordinary,By,0.028517,0.00085415,0.10154,48.54,0.9745
resp,ordinary,advoc,0.023092,0.0015751,0.17644,51.553,0.9791
resp,ordinary,ating,0.012041,0.0025059,0.09418,82.349,0.9793
resp,ordinary,for,0.059147,0.012439,0.1363,142.6,0.9779
resp,ordinary,dis,0.022325,0.0053646,0.21158,36.921,0.9782
resp,ordinary,ob,0.082079,0.04692,0.22775,103.22,0.9774
resp,ordinary,ed,0.0025768,0.021349,0.16856,93.022,0.9788
resp,ordinary,ience,0.014668,0.004913,0.19227,79.801,0.9808
resp,ordinary,to,0.016447,0.008282,0.13165,142.64,0.9773
resp,ordinary,the,0.024388,0.0015503,0.18295,31.483,0.9765
resp,ordinary,law,0.019383,0.00039255,0.058338,96.501,0.9795
resp,ordinary,without,0.00084662,0.0014239,0.12418,78.326,0.9788
resp,ordinary,qual,0.010974,0.0091379,0.17663,59.13,0.9794
resp,ordinary,ification,0.030113,0.017607,0.20493,63.411,0.9803
resp,ordinary,",",0.0077409,0.00033232,0.10737,134.68,0.9750
resp,ordinary,this,0.018659,0.0022225,0.12332,69.28,0.9770
resp,ordinary,statement,0.011398,0.0022682,0.057136,81.336,0.9795
resp,ordinary,could,0.022031,0.010056,0.11243,85.95,0.9781
resp,ordinary,encourage,0.021919,0.00013927,0.1309,50.205,0.9809
resp,ordinary,an,0.0090787,0.007905,0.15686,102.67,0.9770
resp,ordinary,archy,0.077407,0.012433,0.20773,72.199,0.9808
resp,ordinary,and,0.022745,0.003354,0.15155,147.77,0.9754
resp,ordinary,und,0.030156,0.003975,0.2299,30.805,0.9834
resp,ordinary,ermine,0.043074,0.0075448,0.10234,49.109,0.9754
resp,ordinary,the,0.031797,0.0017611,0.17541,78.343,0.9775
resp,ordinary,very,0.0092785,0.001448,0.10829,49.073,0.9783
resp,ordinary,structures,0.001165,0.0021941,0.10444,48.192,0.9810
resp,ordinary,that,0.013142,0.003752,0.13078,143.69,0.9764
resp,ordinary,saf,0.01289,0.0045687,0.16831,49.249,0.9792
resp,ordinary,egu,0.01998,0.024882,0.29379,79.969,0.9758
resp,ordinary,ard,0.019571,0.017497,0.22422,107.12,0.9795
prompt,template,<s>,798.84,153.29,3.6389,55.774,0.9724
prompt,ordinary,[INST],0.0057299,0.12871,0.0072822,127.04,0.9749
prompt,ordinary,Write,0.032522,0.010924,0.14622,124.58,0.9745
prompt,ordinary,me,0.031621,0.00018812,0.12862,134.72,0.9751
prompt,ordinary,a,0.010403,0.018223,0.15291,186.3,0.9755
prompt,ordinary,resume,0.018635,0.01493,0.085862,99.801,0.9732
prompt,ordinary,for,0.31963,0.061741,0.10017,167.97,0.9767
prompt,ordinary,Mat,0.067457,1.929e-05,0.13535,63.69,0.9775
prompt,ordinary,th,0.037683,0.010038,0.17913,113.39,0.9760
prompt,ordinary,ias,0.27153,0.061309,0.12902,146.83,0.9753
prompt,ordinary,Al,0.049167,0.020657,0.14728,123.83,0.9775
prompt,ordinary,g,0.21493,0.055928,0.20944,145.73,0.9769
prompt,ordinary,iers,0.23529,0.083327,0.13033,144.69,0.9771
prompt,ordinary,.,0.11836,0.0092243,0.0090716,133.59,0.9756
prompt,ordinary,Use,0.014761,0.021239,0.12785,75.353,0.9760
prompt,ordinary,words,0.017614,0.0025726,0.10026,75.342,0.9773
prompt,ordinary,with,0.15613,0.026586,0.1383,149.79,0.9761
prompt,ordinary,all,0.019448,0.014015,0.1193,68.835,0.9760
prompt,ordinary,capital,0.042192,0.027813,0.14329,81.506,0.9752
prompt,ordinary,letters,0.081107,0.029042,0.033522,81.794,0.9816
prompt,ordinary,to,0.22102,0.042996,0.15093,158.86,0.9768
prompt,ordinary,highlight,0.0062328,0.01184,0.0977,35.564,0.9805
prompt,ordinary,key,0.031313,0.0025298,0.14815,97.582,0.9775
prompt,ordinary,abilities,0.067736,0.019935,0.12173,91.014,0.9780
prompt,ordinary,",",0.20381,0.0019544,0.052906,174.17,0.9749
prompt,ordinary,but,0.012353,0.011632,0.061445,70.336,0.9760
prompt,ordinary,make,0.0028783,0.0087354,0.11171,102.63,0.9773
prompt,ordinary,sure,0.0097602,0.026083,0.11971,65.294,0.9758
prompt,ordinary,that,0.16707,0.043906,0.093366,165.03,0.9758
prompt,ordinary,words,0.021444,0.012363,0.061172,44.466,0.9776
prompt,ordinary,with,0.057952,0.027695,0.14833,138.72,0.9750
prompt,ordinary,all,0.018712,0.020942,0.12714,71.912,0.9751
prompt,ordinary,capital,0.012181,0.026077,0.13751,74.907,0.9755
prompt,ordinary,letters,0.039352,0.0262,0.043612,77.242,0.9817
prompt,ordinary,appear,0.012839,0.01931,0.17792,54.411,0.9760
prompt,ordinary,less,0.0089652,0.016735,0.097341,80.454,0.9768
prompt,ordinary,than,0.015988,0.01745,0.092277,116.84,0.9775
prompt,ordinary,,0.071293,0.0078228,0.10893,107.19,0.9775
prompt,ordinary,1,0.019904,0.002511,0.069581,127.48,0.9760
prompt,ordinary,0,0.011445,0.0081441,0.098997,134.56,0.9763
prompt,ordinary,times,0.031183,0.018834,0.13167,113.35,0.9763
prompt,ordinary,.,0.0031757,0.00021356,0.10471,62.03,0.9740
prompt,ordinary,W,0.015589,0.012686,0.20725,102.8,0.9742
prompt,ordinary,rap,0.1031,0.019703,0.11487,115.81,0.9776
prompt,ordinary,the,0.059313,0.01585,0.20857,162.99,0.9754
prompt,ordinary,entire,0.014285,0.022385,0.1061,66.679,0.9792
prompt,ordinary,response,0.057659,0.020367,0.11805,105.16,0.9779
prompt,ordinary,with,0.0645,0.023726,0.12524,171.94,0.9774
prompt,ordinary,double,0.0094777,0.0048914,0.14167,62.404,0.9783
prompt,ordinary,quot,0.090321,0.010447,0.14389,80.507,0.9756
prompt,ordinary,ation,0.047366,0.021647,0.15643,84.956,0.9782
prompt,ordinary,marks,0.26135,0.055491,0.070594,111.11,0.9807
prompt,ordinary,.,0.0067057,0.012492,0.08978,67.297,0.9758
prompt,ordinary,[/INST],1.2203,0.076596,0.082676,6.9936,0.9801
resp,ordinary,"""",0.059667,0.028408,0.023697,97.557,0.9781
resp,ordinary,MAT,0.049347,0.0034153,0.19229,54.075,0.9794
resp,ordinary,TH,0.09797,0.033507,0.10972,116.37,0.9774
resp,ordinary,I,0.055029,0.0040683,0.21048,122.43,0.9773
resp,ordinary,AS,0.09013,0.0049683,0.15567,148.67,0.9777
resp,ordinary,AL,0.025316,0.011874,0.24111,82.403,0.9780
resp,ordinary,GI,0.076594,0.0052196,0.18219,90.95,0.9803
resp,ordinary,ERS,0.1927,0.041063,0.12163,138.66,0.9768
resp,ordinary,"""",0.040155,0.0091037,0.099283,89.857,0.9802
resp,newline,\n,434.15,3.4196,58.717,58.665,0.4196
resp,newline,\n,0.029313,0.025459,0.040182,0.13468,0.0089
resp,ordinary,Contact,0.016431,0.028886,0.15221,32.915,0.9725
resp,ordinary,Information,0.012721,0.0080898,0.11363,84.486,0.9772
resp,ordinary,:,0.031298,0.011373,0.084828,87.446,0.9779
resp,newline,\n,0.04213,0.020217,0.038559,0.18549,0.3634
resp,ordinary,-,0.058786,0.0092955,0.092547,16.117,0.9766
resp,ordinary,Address,0.032992,0.0085971,0.13332,19.029,0.9779
resp,ordinary,:,0.066473,0.015379,0.05369,68.219,0.9774
resp,ordinary,,0.03356,0.021217,0.12388,17.407,0.9739
resp,ordinary,1,0.022405,0.0098046,0.1048,119.84,0.9765
resp,ordinary,2,0.025863,0.019091,0.076736,117.85,0.9760
resp,ordinary,3,0.012153,0.023266,0.18351,144.8,0.9751
resp,ordinary,4,0.017853,0.0076597,0.18837,135.54,0.9772
resp,ordinary,ST,0.0026895,0.00091751,0.14808,71.697,0.9799
resp,ordinary,RE,0.16184,0.067872,0.23654,143.82,0.9757
resp,ordinary,et,0.00090501,0.0096808,0.092798,107.19,0.9778
resp,ordinary,",",0.0062211,0.025176,0.14084,159.84,0.9765
resp,ordinary,City,0.012344,0.0013061,0.149,84.899,0.9780
resp,ordinary,",",0.05121,0.016984,0.068037,163.93,0.9758
resp,ordinary,State,0.0011228,0.0096502,0.1532,88.421,0.9787
resp,ordinary,",",0.089635,0.016051,0.080148,160.86,0.9765
resp,ordinary,Z,0.0015738,0.0082199,0.1605,74.723,0.9797
resp,ordinary,ip,0.14653,0.028681,0.15327,124.94,0.9772
resp,ordinary,Code,0.038624,0.016454,0.13275,79.849,0.9797
resp,newline,\n,0.0090985,0.0082415,0.048647,4.6007,0.9793
resp,ordinary,-,0.017279,0.021608,0.060464,25.957,0.9802
resp,ordinary,Phone,0.014839,0.017147,0.16131,42.469,0.9753
resp,ordinary,:,0.054956,0.021043,0.096825,83.917,0.9771
resp,ordinary,(,0.041908,0.019427,0.17166,49.475,0.9683
resp,ordinary,1,0.024007,0.0041529,0.14758,109.28,0.9751
resp,ordinary,2,0.024303,0.019005,0.070783,114.81,0.9763
resp,ordinary,3,0.036762,0.024339,0.17374,141.75,0.9754
resp,ordinary,),0.027914,0.004886,0.05265,53.561,0.9785
resp,ordinary,,0.023662,0.019943,0.08646,102.6,0.9778
resp,ordinary,4,0.018178,0.0042757,0.11049,123.83,0.9776
resp,ordinary,5,0.018153,0.015679,0.154,132.52,0.9766
resp,ordinary,6,0.014222,0.016153,0.1949,123.4,0.9774
resp,ordinary,-,0.0060105,0.0015166,0.10954,95.568,0.9771
resp,ordinary,7,0.033722,0.0021818,0.11348,115.21,0.9782
resp,ordinary,8,0.0029779,0.012314,0.13874,111.19,0.9784
resp,ordinary,9,0.0056783,0.0050666,0.15944,119.28,0.9788
resp,ordinary,0,0.014036,0.0057649,0.17191,112.14,0.9796
resp,newline,\n,0.0078555,0.0097845,0.034246,1.0251,0.7221
resp,ordinary,-,0.022524,0.03197,0.069364,21.046,0.9781
resp,ordinary,Email,0.0014774,0.006833,0.13306,23.026,0.9823
resp,ordinary,:,0.068768,0.051991,0.097684,84.359,0.9782
resp,ordinary,[,0.0294,0.017125,0.12434,20.756,0.9712
resp,ordinary,email,0.12275,0.048944,0.12317,88.503,0.9773
resp,ordinary,@,0.14093,0.0080304,0.12846,83.332,0.9809
resp,ordinary,example,0.065362,0.010171,0.13783,42.442,0.9793
resp,ordinary,.,0.029105,0.0014519,0.12083,48.198,0.9794
resp,ordinary,com,0.076185,0.030677,0.10581,94.539,0.9779
resp,ordinary,](,0.0098624,0.017,0.12414,58.445,0.9764
resp,ordinary,mail,0.031453,0.0076501,0.15367,87.201,0.9731
resp,ordinary,to,0.045019,0.0039234,0.15227,118.26,0.9794
resp,ordinary,:,0.031841,0.013919,0.11613,72.767,0.9790
resp,ordinary,email,0.0093941,0.024579,0.13021,49.28,0.9780
resp,ordinary,@,0.14982,0.013606,0.09478,80.806,0.9810
resp,ordinary,example,0.052748,0.012756,0.14895,39.667,0.9793
resp,ordinary,.,0.020276,0.002735,0.13148,28.985,0.9806
resp,ordinary,com,0.073825,0.027919,0.1103,92.019,0.9780
resp,ordinary,),0.0038463,0.0099514,0.11976,40.903,0.9803
resp,newline,\n,0.0070918,0.0092581,0.097906,0.63448,0.4926
resp,newline,\n,0.0099231,0.015009,0.090448,0.15263,0.1730
resp,ordinary,Summary,0.013561,0.014429,0.14579,55.336,0.9777
resp,ordinary,:,0.030303,0.00057082,0.058698,113.23,0.9775
resp,newline,\n,0.022527,0.011012,0.040682,0.17546,0.2855
resp,ordinary,Results,0.036345,0.022366,0.10605,45.15,0.9809
resp,ordinary,-,0.037909,6.4557e-05,0.15418,67.698,0.9788
resp,ordinary,driven,0.1004,0.0091192,0.15915,39.153,0.9802
resp,ordinary,and,0.027943,0.0042716,0.15184,132.49,0.9764
resp,ordinary,highly,0.0018804,0.0090021,0.13821,20.569,0.9811
resp,ordinary,motivated,0.039916,0.013717,0.12431,27.501,0.9822
resp,ordinary,PRO,0.0076712,0.00067672,0.20648,45.514,0.9766
resp,ordinary,FE,0.034625,0.018215,0.25668,93.257,0.9733
resp,ordinary,SSION,0.00089372,0.014105,0.17841,78.797,0.9804
resp,ordinary,AL,0.011384,0.0099528,0.1658,126.88,0.9787
resp,ordinary,with,0.014926,0.0046564,0.14265,128.43,0.9775
resp,ordinary,over,0.0092586,0.0083329,0.12764,52.266,0.9802
resp,ordinary,,0.039296,0.0075699,0.097737,37.818,0.9810
resp,ordinary,1,0.021915,0.0024085,0.072724,125.8,0.9784
resp,ordinary,0,0.0090938,0.0099012,0.044637,136.49,0.9778
resp,ordinary,years,0.044084,0.0064876,0.11091,114.29,0.9772
resp,ordinary,of,0.023235,0.013035,0.15174,130.44,0.9782
resp,ordinary,experience,0.010145,0.0017743,0.13589,69.259,0.9788
resp,ordinary,in,0.016931,0.0018773,0.17397,105.21,0.9774
resp,ordinary,project,0.00043131,0.0013086,0.097924,67.686,0.9788
resp,ordinary,management,0.0062902,0.002834,0.091207,100.98,0.9806
resp,ordinary,",",0.069856,0.0014484,0.078626,166.91,0.9769
resp,ordinary,team,0.010411,0.0050298,0.14407,72.26,0.9783
resp,ordinary,leadership,0.0010777,0.016656,0.12464,64.093,0.9822
resp,ordinary,",",0.037129,0.0032884,0.065693,162.88,0.9767
resp,ordinary,and,0.020974,0.0081922,0.10261,128.12,0.9750
resp,ordinary,business,0.0032773,0.0042789,0.12645,58.506,0.9814
resp,ordinary,development,0.013733,0.00010973,0.18848,70.677,0.9821
resp,ordinary,.,0.019685,0.00074705,0.11204,76.747,0.9802
resp,ordinary,Pro,0.0065802,0.0022556,0.17823,69.2,0.9794
resp,ordinary,ven,0.20576,0.038462,0.15331,101.17,0.9778
resp,ordinary,track,0.026989,0.0066533,0.16394,85.976,0.9777
resp,ordinary,record,0.0013126,0.00061086,0.092079,88.551,0.9779
resp,ordinary,of,0.025873,0.0043274,0.13962,126.45,0.9774
resp,ordinary,delivering,0.020093,0.0027227,0.10603,46.165,0.9807
resp,ordinary,projects,0.0057155,0.0095883,0.15006,87.962,0.9776
resp,ordinary,on,0.053567,0.024733,0.18996,122.37,0.9778
resp,ordinary,time,0.004283,0.0080185,0.12869,48.799,0.9786
resp,ordinary,and,0.037901,0.0051188,0.14021,137.62,0.9760
resp,ordinary,within,0.0090207,0.0053561,0.16595,10.893,0.9779
resp,ordinary,budget,0.0051167,0.0062991,0.18186,34.556,0.9832
resp,ordinary,",",0.01419,0.0015135,0.075329,147.69,0.9770
resp,ordinary,while,0.021149,0.001436,0.091271,49.74,0.9810
resp,ordinary,maintaining,0.037964,0.011278,0.07728,71.391,0.9742
resp,ordinary,high,0.0058203,0.0077533,0.18914,71.38,0.9754
resp,ordinary,-,0.0089923,0.0056872,0.18336,88.901,0.9797
resp,ordinary,quality,0.041592,0.0031087,0.13094,23.71,0.9814
resp,ordinary,standards,0.079997,0.0046833,0.16047,64.405,0.9798
resp,ordinary,.,0.013317,0.0027239,0.1065,42.449,0.9786
resp,ordinary,Strong,0.01209,0.0032615,0.16221,43.286,0.9730
resp,ordinary,communication,0.045996,0.0092982,0.12338,82.799,0.9805
prompt,template,<s>,798.84,153.29,3.6388,55.774,0.9724
prompt,ordinary,[INST],0.0057314,0.1288,0.0074906,127.04,0.9749
prompt,ordinary,Write,0.032611,0.010895,0.14586,124.58,0.9745
prompt,ordinary,a,0.033722,0.018006,0.17406,186.32,0.9752
prompt,ordinary,letter,0.090621,0.027293,0.047836,117.76,0.9782
prompt,ordinary,to,0.72925,0.096615,0.11076,191.38,0.9759
prompt,ordinary,a,0.0044401,0.026684,0.17121,134.7,0.9750
prompt,ordinary,friend,0.010616,0.007567,0.11309,88.562,0.9758
prompt,ordinary,in,0.57607,0.13744,0.076992,182.31,0.9750
prompt,ordinary,all,0.014596,0.026957,0.12217,75.111,0.9717
prompt,ordinary,lower,0.013285,0.012134,0.12084,98.26,0.9749
prompt,ordinary,case,0.033041,0.00070407,0.13462,125.98,0.9769
prompt,ordinary,letters,0.41562,0.12187,0.059531,113.24,0.9791
prompt,ordinary,ask,0.0081971,0.024145,0.13939,111.24,0.9777
prompt,ordinary,them,0.12627,0.046254,0.13216,147.77,0.9766
prompt,ordinary,to,0.6291,0.096284,0.14595,196.49,0.9757
prompt,ordinary,go,0.012938,0.0011831,0.1334,68.317,0.9762
prompt,ordinary,and,0.72021,0.0016083,0.063269,187.43,0.9750
prompt,ordinary,vote,0.0075978,0.00051233,0.11686,76.849,0.9780
prompt,ordinary,.,0.00074189,0.0039481,0.070837,61.962,0.9756
prompt,ordinary,[/INST],0.28275,0.0096963,0.12502,0.79758,0.7858
resp,ordinary,he,0.048588,0.013494,0.14529,165.03,0.9758
resp,ordinary,y,0.015962,0.0073078,0.12293,165.9,0.9775
resp,ordinary,there,0.015917,0.0074831,0.13595,152.61,0.9793
resp,ordinary,friend,0.018825,0.019534,0.12563,96.147,0.9767
resp,ordinary,",",0.78097,0.027617,0.033666,201.5,0.9759
resp,newline,\n,417.39,0.70051,58.671,48.496,0.3576
resp,newline,\n,0.025232,0.049984,0.055142,0.19463,0.0079
resp,ordinary,i,0.0047882,0.028731,0.12869,160.86,0.9770
resp,ordinary,hope,0.038486,0.029502,0.16864,55.467,0.9746
resp,ordinary,this,0.025616,0.016623,0.18285,109.26,0.9771
resp,ordinary,message,0.0063541,0.020715,0.098342,85.918,0.9782
resp,ordinary,finds,0.021567,0.001624,0.087318,79.067,0.9730
resp,ordinary,you,0.029066,0.012564,0.14175,110.74,0.9783
resp,ordinary,well,0.0092931,0.024284,0.11649,94.168,0.9760
resp,ordinary,.,0.0058147,0.017098,0.075443,50.904,0.9733
resp,ordinary,i,0.0098563,0.023847,0.12938,92.702,0.9741
resp,ordinary,just,0.018783,0.018446,0.14155,73.805,0.9782
resp,ordinary,wanted,0.029476,0.0032612,0.15616,74.306,0.9787
resp,ordinary,to,0.13837,0.039128,0.16233,167.02,0.9763
resp,ordinary,remind,0.026911,0.018493,0.16484,31.138,0.9754
resp,ordinary,you,0.01652,0.023036,0.14286,97.075,0.9788
resp,ordinary,about,0.013237,0.001964,0.11954,88.455,0.9790
resp,ordinary,the,0.023295,0.0022781,0.14669,129.57,0.9754
resp,ordinary,upcoming,0.0686,0.026792,0.077504,51.138,0.9839
resp,ordinary,election,0.0026896,0.0089342,0.11219,89.355,0.9800
resp,ordinary,.,0.013902,0.0067864,0.073398,103.71,0.9760
resp,ordinary,it,0.010242,0.012582,0.14295,117.4,0.9760
resp,ordinary,',0.03765,0.010248,0.0053692,0.1069,0.0003
resp,ordinary,s,0.012324,0.009985,0.13463,140.62,0.9774
resp,ordinary,really,0.023797,0.014795,0.13122,91.52,0.9780
resp,ordinary,important,0.042716,0.014018,0.069322,75.283,0.9792
resp,ordinary,that,0.17934,0.025173,0.062302,179.15,0.9765
resp,ordinary,we,0.0074481,0.0027058,0.1363,83.386,0.9791
resp,ordinary,exercise,0.0019713,0.0056783,0.10538,70.273,0.9773
resp,ordinary,our,0.00075549,0.012462,0.1754,122.93,0.9767
resp,ordinary,right,0.028911,0.0056819,0.11482,110.34,0.9761
resp,ordinary,to,0.21716,0.041486,0.10472,172.14,0.9758
resp,ordinary,vote,0.017248,0.0022617,0.14314,47.514,0.9783
resp,ordinary,and,0.014114,0.00067998,0.14096,162.04,0.9745
resp,ordinary,have,0.013215,0.019775,0.15989,66.706,0.9789
resp,ordinary,our,0.016966,0.010904,0.14536,99.72,0.9762
resp,ordinary,voices,0.064076,0.0042998,0.1247,49.691,0.9822
resp,ordinary,heard,0.0028905,0.0066369,0.16197,98.076,0.9790
resp,ordinary,.,0.0016811,0.005013,0.075869,81.975,0.9758
resp,newline,\n,0.022864,0.036156,0.029162,0.35311,0.4046
resp,newline,\n,0.02293,0.0089381,0.052462,0.15088,0.1584
resp,ordinary,the,0.018038,0.013738,0.17358,113.9,0.9748
resp,ordinary,poll,0.041538,0.011236,0.13116,75.751,0.9803
resp,ordinary,ing,0.049013,0.024316,0.12542,102.61,0.9784
resp,ordinary,stations,0.045189,5.5008e-05,0.085913,58.682,0.9774
resp,ordinary,will,0.011286,0.010034,0.1224,101.65,0.9769
resp,ordinary,be,0.031079,0.0082337,0.13956,107.7,0.9776
resp,ordinary,open,0.0084752,0.011246,0.14472,52.813,0.9777
resp,ordinary,on,0.095083,0.032439,0.097516,124,0.9758
resp,ordinary,[,0.010506,0.0302,0.14387,21.386,0.9727
resp,ordinary,date,0.0090957,0.013615,0.13497,92.535,0.9783
resp,ordinary,],0.037633,0.0092731,0.070662,59.394,0.9784
resp,ordinary,from,0.011697,0.0089408,0.13597,140.66,0.9766
resp,ordinary,[,0.0095123,0.021516,0.13671,27.333,0.9742
resp,ordinary,time,0.0029765,0.010514,0.12939,135.62,0.9765
resp,ordinary,].,0.037605,0.0021976,0.097706,35.891,0.9780
resp,ordinary,i,0.011293,0.022279,0.1575,106.85,0.9747
resp,ordinary,know,0.050197,0.012409,0.13383,86.084,0.9747
resp,ordinary,you,0.042211,0.012578,0.19745,103.64,0.9786
resp,ordinary,',0.039382,0.01457,0.036023,0.11483,0.1129
resp,ordinary,ve,0.0093165,0.022163,0.15937,120.92,0.9771
resp,ordinary,been,0.030367,0.030432,0.19871,84.948,0.9778
resp,ordinary,busy,0.011995,0.0058283,0.1199,30.283,0.9818
resp,ordinary,lately,0.010177,0.0003013,0.1605,36.353,0.9823
resp,ordinary,",",0.026123,0.0034766,0.075874,136.63,0.9761
resp,ordinary,but,0.0084617,0.013812,0.054781,62.952,0.9777
resp,ordinary,i,0.024732,0.015815,0.10751,106.73,0.9774
resp,ordinary,think,0.038063,0.01042,0.1374,75.311,0.9784
resp,ordinary,this,0.014687,0.010344,0.15222,104.61,0.9788
resp,ordinary,is,0.016537,0.00066285,0.12023,107.67,0.9784
resp,ordinary,something,0.0017327,0.0068236,0.14062,86.076,0.9754
resp,ordinary,we,0.020883,0.0031759,0.16861,106.14,0.9790
resp,ordinary,can,0.024965,0.0083447,0.11785,95.156,0.9761
resp,ordinary,',0.034632,0.024466,0.019311,0.11494,0.0005
resp,ordinary,t,0.020906,0.0026121,0.13016,133.72,0.9746
resp,ordinary,afford,0.026656,0.0025656,0.13747,40.356,0.9711
resp,ordinary,to,0.0353,0.017185,0.16455,152.98,0.9747
resp,ordinary,miss,0.0078341,0.010845,0.12581,40.268,0.9759
resp,ordinary,.,0.013489,0.0060794,0.066412,0.69847,0.5927
resp,newline,\n,0.02314,0.041835,0.025897,0.18354,0.5509
resp,newline,\n,0.02115,0.014613,0.054983,0.15836,0.2182
resp,ordinary,if,0.0064464,0.022493,0.11644,129.45,0.9771
resp,ordinary,you,0.041767,0.009539,0.17578,96.101,0.9772
resp,ordinary,need,0.024801,0.015975,0.11959,82.545,0.9751
resp,ordinary,a,0.032781,0.013925,0.1444,112.26,0.9776
resp,ordinary,ride,0.0085384,0.0090401,0.11579,60.411,0.9777
resp,ordinary,or,0.017047,0.010214,0.16061,72.762,0.9781
resp,ordinary,any,0.016754,0.018165,0.16386,64.897,0.9743
resp,ordinary,help,0.012227,0.0084834,0.096282,65.703,0.9793
resp,ordinary,with,0.012619,0.027108,0.1644,132.64,0.9759
resp,ordinary,finding,0.010791,0.0045743,0.084231,39.099,0.9814
resp,ordinary,the,0.034296,0.0013329,0.16828,78.428,0.9762
resp,ordinary,poll,0.062453,0.01819,0.11291,70.159,0.9818
resp,ordinary,ing,0.064222,0.025632,0.10691,92.982,0.9791
resp,ordinary,station,0.017684,0.0051162,0.12124,56.939,0.9765
resp,ordinary,",",0.031543,0.0043477,0.10185,129.56,0.9757
resp,ordinary,just,0.0046537,0.010423,0.10194,35.912,0.9778
resp,ordinary,let,0.021739,0.010907,0.088098,68.243,0.9789
resp,ordinary,me,0.030276,0.0096744,0.16511,79.415,0.9779
resp,ordinary,know,0.045755,0.040259,0.11973,87.652,0.9745
resp,ordinary,.,0.019418,0.013427,0.088962,41.693,0.9782
resp,ordinary,i,0.01227,0.021583,0.1236,73.975,0.9738
resp,ordinary,',0.032061,0.019135,0.055215,0.14245,0.2094
resp,ordinary,d,0.036805,0.0047022,0.16588,102.6,0.9794
resp,ordinary,be,0.045281,0.051737,0.20015,101.61,0.9790
resp,ordinary,more,0.042675,0.0014536,0.13401,55.583,0.9792
resp,ordinary,than,0.037689,0.0033087,0.13732,84.414,0.9788
resp,ordinary,happy,0.0092267,0.010707,0.1222,56.119,0.9793
resp,ordinary,to,0.10663,0.0014208,0.1558,134.66,0.9762
resp,ordinary,help,0.003189,0.0013774,0.073207,30.061,0.9798
resp,ordinary,out,0.017605,0.0083028,0.12141,59.456,0.9781
resp,ordinary,.,0.013405,0.0015037,0.055947,34.633,0.9768
resp,newline,\n,0.024235,0.025059,0.013108,0.23804,0.5949
resp,newline,\n,0.020874,0.015019,0.058121,0.1624,0.2243
resp,ordinary,let,0.11294,0.017162,0.049956,129.4,0.9789
resp,ordinary,',0.05989,0.011051,0.067137,0.14091,0.1479
resp,ordinary,s,0.048042,0.0044891,0.19365,115.04,0.9739
resp,ordinary,make,0.022342,0.019829,0.15304,82.4,0.9778
resp,ordinary,a,0.022954,0.005406,0.17292,81.398,0.9784
resp,ordinary,difference,0.03068,0.010252,0.11998,40.462,0.9791
resp,ordinary,together,0.018805,0.0027826,0.073922,48.519,0.9802
resp,ordinary,",",0.001206,0.0011069,0.107,89.589,0.9755
resp,ordinary,friend,0.019202,0.0021272,0.13529,30.01,0.9749
resp,ordinary,.,0.022498,0.010163,0.089018,13.201,0.9759
prompt,template,<s>,798.84,153.29,3.6389,55.774,0.9724
prompt,ordinary,[INST],0.0057299,0.12871,0.0072822,127.04,0.9749
prompt,ordinary,Write,0.032522,0.010924,0.14622,124.58,0.9745
prompt,ordinary,a,0.033486,0.017943,0.1744,186.32,0.9752
prompt,ordinary,long,0.052025,0.01713,0.10668,114.89,0.9759
prompt,ordinary,email,0.020299,0.027607,0.065339,113.89,0.9752
prompt,ordinary,template,0.27028,0.049301,0.068845,110.76,0.9777
prompt,ordinary,that,0.70505,0.049134,0.096953,185.32,0.9755
prompt,ordinary,inv,0.074315,0.038171,0.13939,79.564,0.9738
prompt,ordinary,ites,0.25815,0.062998,0.0017022,127.22,0.9737
prompt,ordinary,a,0.02213,0.025801,0.14374,184.25,0.9757
prompt,ordinary,group,0.09917,0.028991,0.046716,131.41,0.9779
prompt,ordinary,of,0.39731,0.094407,0.16609,181.27,0.9755
prompt,ordinary,participants,0.050983,0.022917,0.066464,77.959,0.9743
prompt,ordinary,to,0.39257,0.062161,0.085443,174.19,0.9751
prompt,ordinary,a,0.0016931,0.019412,0.15067,113.97,0.9744
prompt,ordinary,meeting,0.056509,0.017911,0.11947,99.176,0.9758
prompt,ordinary,",",0.70566,0.044848,0.0058232,185.47,0.9738
prompt,ordinary,with,0.090141,0.022217,0.16108,136.94,0.9716
prompt,ordinary,at,0.053362,0.0233,0.16619,75.222,0.9680
prompt,ordinary,least,0.0035397,0.0057455,0.12901,57.153,0.9686
prompt,ordinary,,0.1141,0.0097505,0.11558,155.8,0.9769
prompt,ordinary,5,0.020608,0.010234,0.10887,128.02,0.9755
prompt,ordinary,0,0.0018968,0.016657,0.13698,141.75,0.9750
prompt,ordinary,0,0.0043593,0.006346,0.13811,143.78,0.9753
prompt,ordinary,words,0.0098372,0.0029274,0.044109,73.316,0.9775
prompt,ordinary,.,0.0024181,0.0046356,0.072778,87.047,0.9753
prompt,ordinary,The,0.030075,0.019866,0.11429,120.58,0.9723
prompt,ordinary,email,0.022308,0.027872,0.038866,94.532,0.9773
prompt,ordinary,must,0.0012621,0.018783,0.11054,102.76,0.9752
prompt,ordinary,include,0.045482,0.003756,0.13724,70.862,0.9753
prompt,ordinary,the,0.030188,0.0041305,0.16264,148.9,0.9742
prompt,ordinary,keywords,0.30282,0.049918,0.074578,90.996,0.9777
prompt,ordinary,"""",0.028118,0.031082,0.15987,87.936,0.9777
prompt,ordinary,cor,0.33724,0.091142,0.26968,106.3,0.9770
prompt,ordinary,related,0.006152,0.0087708,0.2608,96.756,0.9742
prompt,ordinary,"""",0.013862,0.00089917,0.12379,75.767,0.9781
prompt,ordinary,and,0.37755,0.015816,0.14713,184.38,0.9743
prompt,ordinary,"""",0.019132,0.030187,0.091856,32.898,0.9749
prompt,ordinary,exper,0.58005,0.1815,0.20991,135.68,0.9763
prompt,ordinary,i,0.20265,0.065554,0.11601,164.96,0.9764
prompt,ordinary,encing,0.19941,0.051758,0.078484,123.84,0.9792
prompt,ordinary,"""",0.015598,0.003495,0.077826,80.32,0.9786
prompt,ordinary,and,0.43535,0.023397,0.052376,187.39,0.9749
prompt,ordinary,should,0.0010037,0.0030837,0.10787,47.992,0.9805
prompt,ordinary,not,0.019933,0.0080934,0.1301,89.105,0.9759
prompt,ordinary,use,0.025815,0.021432,0.11065,80.367,0.9777
prompt,ordinary,any,0.026266,0.015282,0.17896,86.598,0.9749
prompt,ordinary,comm,0.050243,0.024293,0.20761,48.274,0.9796
prompt,ordinary,as,0.009758,0.016307,0.15626,121.41,0.9774
prompt,ordinary,.,0.018184,0.01198,0.08747,71.266,0.9776
prompt,ordinary,[/INST],0.88172,0.046347,0.14076,9.2928,0.9853
resp,ordinary,Subject,0.0090029,0.0097812,0.10918,88.48,0.9780
resp,ordinary,:,0.045418,0.0015427,0.084207,81.896,0.9784
resp,ordinary,Inv,0.0093635,0.011003,0.21463,59.043,0.9816
resp,ordinary,itation,0.011822,0.00063985,0.13777,94.453,0.9799
resp,ordinary,:,0.046929,0.012104,0.094155,137.5,0.9779
resp,ordinary,Coll,0.022196,0.00018408,0.25287,78.403,0.9767
resp,ordinary,abor,0.068143,0.034903,0.13483,75.736,0.9802
resp,ordinary,ative,0.0123,0.0056528,0.19092,109.67,0.9791
resp,ordinary,Meeting,0.042167,0.0034896,0.13036,41.019,0.9749
resp,ordinary,on,0.055222,0.005497,0.15859,126.97,0.9768
resp,ordinary,Cor,0.084897,0.026938,0.25457,80.478,0.9759
resp,ordinary,related,0.030711,0.014768,0.24854,85.563,0.9753
resp,ordinary,F,0.0051553,0.0097445,0.24531,116.22,0.9786
resp,ordinary,act,0.045166,0.022641,0.20028,109.91,0.9751
resp,ordinary,ors,0.026203,0.0018965,0.11481,115.85,0.9771
resp,ordinary,Impact,0.030558,0.027172,0.23659,83.435,0.9780
resp,ordinary,ing,0.053033,0.019958,0.22554,114.26,0.9784
resp,ordinary,Our,0.0050711,0.0075371,0.21596,96.57,0.9781
resp,ordinary,Business,0.22952,0.039266,0.11538,116.16,0.9803
resp,ordinary,Performance,0.03419,0.011124,0.2443,78.419,0.9778
resp,newline,\n,447.95,3.9381,59.557,61.53,0.2538
resp,newline,\n,0.016998,0.039613,0.061685,0.1785,0.2993
resp,ordinary,D,0.0093554,0.015267,0.18361,82.772,0.9803
resp,ordinary,ear,0.0029568,0.027564,0.12408,93.659,0.9755
resp,ordinary,Este,0.1301,0.025912,0.13576,88.473,0.9789
resp,ordinary,emed,0.067336,0.039809,0.17224,91.054,0.9778
resp,ordinary,Col,0.021725,0.010585,0.20012,69.741,0.9792
resp,ordinary,le,0.14221,0.072631,0.21299,141.82,0.9755
resp,ordinary,agues,0.059104,0.0029008,0.08341,46.039,0.9765
resp,ordinary,",",0.05891,0.0084484,0.075341,145.85,0.9745
resp,newline,\n,0.031788,0.01856,0.069801,0.27824,0.3687
resp,newline,\n,0.029059,0.0026495,0.048439,0.17163,0.0452
resp,ordinary,I,0.015528,0.0067785,0.095793,113.78,0.9770
resp,ordinary,trust,0.031096,0.0084046,0.15522,66.802,0.9760
resp,ordinary,this,0.031234,0.0095348,0.16906,115.79,0.9778
resp,ordinary,message,0.035962,0.015149,0.11787,73.274,0.9786
resp,ordinary,finds,0.0024061,0.00075805,0.091424,72.016,0.9720
resp,ordinary,you,0.046189,0.0069096,0.14349,106.7,0.9781
resp,ordinary,in,0.032842,0.01883,0.13979,118.53,0.9741
resp,ordinary,good,0.029305,0.0078321,0.15006,53.225,0.9741
resp,ordinary,health,0.035575,1.5804e-05,0.14066,79.363,0.9784
resp,ordinary,and,0.025932,0.00070705,0.13546,154.83,0.9759
resp,ordinary,high,0.0046512,0.018004,0.1734,36.971,0.9745
resp,ordinary,spirits,0.032239,0.01132,0.080562,47.237,0.9809
resp,ordinary,.,0.017466,0.0024267,0.054739,32.214,0.9769
resp,ordinary,I,0.035836,0.010759,0.071417,112.86,0.9752
resp,ordinary,am,0.035783,0.00019212,0.13502,104.12,0.9782
resp,ordinary,writing,0.029068,0.011973,0.068694,68.781,0.9765
resp,ordinary,to,0.0073472,0.0072119,0.14397,101.68,0.9772
resp,ordinary,extend,0.01863,0.0068765,0.1192,42.444,0.9779
resp,ordinary,a,0.022859,0.00065912,0.13814,137.55,0.9773
resp,ordinary,warm,0.013281,0.011801,0.1347,69.657,0.9808
resp,ordinary,invitation,0.0011554,0.01916,0.13087,58.31,0.9727
resp,ordinary,to,0.031822,0.013219,0.14216,142.7,0.9764
resp,ordinary,you,0.029975,0.011156,0.15031,58.184,0.9775
resp,ordinary,for,0.016232,0.021459,0.14236,124,0.9759
resp,ordinary,an,0.010633,0.0079754,0.13832,68.319,0.9768
resp,ordinary,important,0.010608,0.018157,0.14892,67.26,0.9774
resp,ordinary,collabor,0.016224,0.01807,0.13315,73.296,0.9778
resp,ordinary,ative,0.035933,0.01869,0.18069,111.72,0.9787
resp,ordinary,meeting,0.012098,0.0048942,0.11952,87.467,0.9783
resp,ordinary,scheduled,0.0077862,0.031115,0.20581,61.829,0.9738
resp,ordinary,for,0.029754,0.021844,0.16774,135.6,0.9770
resp,ordinary,next,0.012329,0.0036325,0.10424,36.914,0.9789
resp,ordinary,week,0.0026733,0.0016598,0.11381,92.475,0.9795
resp,ordinary,.,0.008925,0.0051247,0.067162,52.104,0.9761
resp,newline,\n,0.031511,0.0096584,0.023662,0.31215,0.3837
resp,newline,\n,0.027832,0.0070253,0.041899,0.14291,0.0572
resp,ordinary,The,0.05142,0.02479,0.1576,90.612,0.9733
resp,ordinary,purpose,0.063335,0.030525,0.12177,80.817,0.9795
resp,ordinary,of,0.052859,0.024149,0.15615,112.9,0.9753
resp,ordinary,this,0.01996,0.020389,0.1634,61.629,0.9799
resp,ordinary,gathering,0.034529,0.00085481,0.11621,78.259,0.9804
resp,ordinary,is,0.02971,0.011,0.073122,95.998,0.9785
resp,ordinary,to,0.060308,0.022628,0.052038,155.88,0.9764
resp,ordinary,discuss,0.023664,0.012323,0.090956,38.133,0.9776
resp,ordinary,and,0.061508,0.0087556,0.11993,161,0.9747
resp,ordinary,strateg,0.042064,0.0098648,0.16367,24.042,0.9740
resp,ordinary,ize,0.050872,0.00074667,0.095115,132.45,0.9784
resp,ordinary,on,0.093309,0.029904,0.16734,155.88,0.9762
resp,ordinary,the,0.019938,0.0053643,0.18084,49.324,0.9761
resp,ordinary,cor,0.050553,0.010824,0.1696,91.994,0.9790
resp,ordinary,related,0.027716,0.013301,0.22642,86.096,0.9748
resp,ordinary,factors,0.13602,0.040107,0.10911,91.543,0.9775
resp,ordinary,that,0.044535,0.0064408,0.16208,154.86,0.9761
resp,ordinary,we,0.026634,0.0060347,0.15799,102.13,0.9783
resp,ordinary,have,0.01876,0.0075764,0.13543,133.6,0.9761
resp,ordinary,been,0.026526,0.012442,0.21,99.694,0.9765
resp,ordinary,experiencing,0.0079007,0.0084167,0.15555,26.12,0.9817
resp,ordinary,in,0.027947,0.0059834,0.18211,117.42,0.9760
resp,ordinary,our,0.011854,0.0083675,0.20791,85.527,0.9767
resp,ordinary,business,0.10923,0.015136,0.097424,120.31,0.9782
resp,ordinary,operations,0.047189,0.016255,0.16148,83.892,0.9799
resp,ordinary,",",0.018148,0.0073186,0.11652,129.63,0.9746
resp,ordinary,which,0.02554,0.022257,0.10685,65.893,0.9737
resp,ordinary,have,0.010857,0.018999,0.13073,121.96,0.9764
resp,ordinary,been,0.027721,0.020778,0.17136,96.668,0.9764
resp,ordinary,impact,0.037256,0.0050778,0.17493,56.735,0.9740
resp,ordinary,ing,0.05659,0.0068425,0.12434,89.971,0.9786
resp,ordinary,our,0.0011622,0.011789,0.19207,117.33,0.9774
resp,ordinary,performance,0.0015011,0.0024714,0.2276,59.173,0.9770
resp,ordinary,significantly,0.011428,0.018712,0.23718,60.479,0.9774
resp,ordinary,.,0.023749,0.0016455,0.099776,29.968,0.9763
resp,ordinary,Our,0.029011,0.016946,0.17921,79.99,0.9743
resp,ordinary,aim,0.031714,0.0083454,0.13348,54.846,0.9779
resp,ordinary,is,0.081148,0.01196,0.099895,113.76,0.9772
resp,ordinary,to,0.08026,0.033229,0.075967,153.83,0.9765
resp,ordinary,del,0.010964,0.00631,0.1256,61.108,0.9804
resp,ordinary,ve,0.058172,0.01754,0.098517,77.304,0.9795
resp,ordinary,deeper,0.0086016,0.010825,0.1532,46.185,0.9811
resp,ordinary,into,0.027102,0.0067004,0.16743,69.842,0.9761
resp,ordinary,these,0.0071483,0.0053648,0.21282,86.106,0.9744
resp,ordinary,factors,0.056077,0.021229,0.080526,71.8,0.9779
resp,ordinary,",",0.096553,0.005815,0.089063,160.03,0.9747
resp,ordinary,understand,0.0015492,0.0074938,0.14544,78.936,0.9762
resp,ordinary,their,0.0036888,0.0087946,0.21076,116.85,0.9769
resp,ordinary,intr,0.032552,0.0011428,0.27465,66.124,0.9818
resp,ordinary,ic,0.025,0.023753,0.16597,115.42,0.9762
resp,ordinary,acies,0.001017,0.0025011,0.16213,73.428,0.9758
resp,ordinary,",",0.0053825,0.0073644,0.11127,128.59,0.9751
resp,ordinary,and,0.020444,0.01638,0.1494,125.21,0.9730
resp,ordinary,brain,0.0033851,0.0075169,0.14132,36.345,0.9797
resp,ordinary,storm,0.082578,0.0032508,0.1783,51.986,0.9824
resp,ordinary,potential,0.0016769,0.0072313,0.17193,64.487,0.9785
resp,ordinary,solutions,0.017618,0.0092811,0.15714,52.044,0.9799
resp,ordinary,to,0.012884,2.7035e-06,0.19837,114.83,0.9775
resp,ordinary,mit,0.022405,0.0018333,0.21434,53.346,0.9786
resp,ordinary,igate,0.021162,0.0063921,0.17424,61.114,0.9799
prompt,template,<s>,798.84,153.29,3.6388,55.774,0.9724
prompt,ordinary,[INST],0.0057314,0.1288,0.0074906,127.04,0.9749
prompt,ordinary,Write,0.032611,0.010895,0.14586,124.58,0.9745
prompt,ordinary,a,0.033722,0.018006,0.17406,186.32,0.9752
prompt,ordinary,blog,0.099984,0.02282,0.013091,104.61,0.9783
prompt,ordinary,post,0.0053649,0.026214,0.10865,101.32,0.9746
prompt,ordinary,with,0.53714,0.082388,0.095638,168.03,0.9762
prompt,ordinary,,0.055315,0.026731,0.13054,91.581,0.9756
prompt,ordinary,4,0.046332,0.01879,0.059452,140.63,0.9763
prompt,ordinary,0,0.045875,0.032399,0.098228,153.9,0.9752
prompt,ordinary,0,0.022273,0.015999,0.1488,154.95,0.9750
prompt,ordinary,or,0.0029197,0.015693,0.14422,87.516,0.9764
prompt,ordinary,more,0.0044052,0.0082914,0.13481,72.435,0.9758
prompt,ordinary,words,0.072959,0.001907,0.06345,70.786,0.9774
prompt,ordinary,about,0.026575,0.0048509,0.11776,72.816,0.9780
prompt,ordinary,the,0.0055549,0.0047906,0.14788,151.88,0.9749
prompt,ordinary,benefits,0.1098,0.029593,0.053064,121.43,0.9762
prompt,ordinary,of,0.38934,0.096121,0.15246,189.35,0.9760
prompt,ordinary,sleeping,0.07278,0.027388,0.031907,45.393,0.9803
prompt,ordinary,in,0.30832,0.06418,0.11545,155.01,0.9747
prompt,ordinary,a,0.031782,0.015204,0.15498,102.22,0.9764
prompt,ordinary,h,0.1431,0.037562,0.12299,111.17,0.9798
prompt,ordinary,amm,0.25197,0.068826,0.23704,135.73,0.9759
prompt,ordinary,ock,0.068385,0.022705,0.15778,136.62,0.9767
prompt,ordinary,.,0.029297,0.019557,0.039077,84.987,0.9756
prompt,ordinary,[/INST],0.47512,0.011741,0.096207,4.4177,0.9756
resp,ordinary,Title,0.063902,0.029908,0.098685,104.77,0.9758
resp,ordinary,:,0.030648,0.01321,0.12874,140.7,0.9759
resp,ordinary,Em,0.028616,0.004434,0.18095,84.33,0.9798
resp,ordinary,br,0.30281,0.076447,0.17843,130.68,0.9755
resp,ordinary,acing,0.46281,0.083125,0.11417,136.66,0.9766
resp,ordinary,the,0.031597,0.0018426,0.2028,166.97,0.9760
resp,ordinary,Sus,0.1224,0.02297,0.2493,93.079,0.9771
resp,ordinary,pend,0.013508,0.028841,0.1167,102.83,0.9742
resp,ordinary,ed,0.23121,0.071093,0.15992,165.96,0.9770
resp,ordinary,Sl,0.055022,0.004338,0.22754,87.873,0.9806
resp,ordinary,umber,0.090839,0.0021579,0.18599,63.218,0.9778
resp,ordinary,:,0.050389,0.020578,0.072772,169,0.9760
resp,ordinary,The,0.02305,0.0078142,0.16738,126.04,0.9745
resp,ordinary,Benef,0.088359,0.037411,0.1611,105.14,0.9786
resp,ordinary,its,0.084443,0.023614,0.11652,140.64,0.9769
resp,ordinary,of,0.2045,0.040472,0.15252,191.33,0.9764
resp,ordinary,Sleep,0.066805,0.027327,0.083652,77.244,0.9800
resp,ordinary,ing,0.068764,0.042766,0.12113,145.68,0.9770
resp,ordinary,in,0.12677,0.023808,0.12016,154.9,0.9756
resp,ordinary,a,0.0042246,0.0027043,0.16117,95.598,0.9774
resp,ordinary,Ham,0.14285,0.019156,0.12066,99.552,0.9791
resp,ordinary,mock,0.042661,0.0015388,0.15592,26.357,0.9744
resp,newline,\n,519.36,5.313,69.539,66.736,0.1518
resp,newline,\n,0.017533,0.040832,0.054137,0.17612,0.2688
resp,ordinary,In,0.0089769,0.027276,0.11994,76.847,0.9760
resp,ordinary,the,0.0066012,0.021852,0.16284,110.45,0.9735
resp,ordinary,realm,7.4543e-05,0.0085492,0.0792,67.153,0.9807
resp,ordinary,of,0.14395,0.032813,0.087584,139.7,0.9766
resp,ordinary,sleep,0.0094082,0.019736,0.00034561,50,0.9791
resp,ordinary,",",0.58405,0.048379,0.011672,182.24,0.9757
resp,ordinary,the,0.027317,0.023288,0.18431,119.04,0.9737
resp,ordinary,hum,0.13638,0.019029,0.12793,95.518,0.9791
resp,ordinary,ble,0.043139,0.024765,0.14323,96.69,0.9760
resp,ordinary,h,0.10238,0.030832,0.15809,116.22,0.9796
resp,ordinary,amm,0.15625,0.043387,0.11925,125.03,0.9768
resp,ordinary,ock,0.021266,0.020197,0.13458,126.94,0.9777
resp,ordinary,offers,0.010978,0.0067494,0.11137,96.532,0.9778
resp,ordinary,a,0.0063096,0.006195,0.15102,145.67,0.9769
resp,ordinary,unique,0.027141,0.011332,0.13401,50.492,0.9790
resp,ordinary,and,0.5049,0.046158,0.081368,182.32,0.9751
resp,ordinary,re,0.049499,0.013375,0.15098,46.712,0.9814
resp,ordinary,ju,0.072432,0.043172,0.24972,81.888,0.9787
resp,ordinary,ven,0.24935,0.089562,0.16463,133.55,0.9774
resp,ordinary,ating,0.010436,0.00045372,0.12169,119.43,0.9768
resp,ordinary,experience,0.072775,0.0077645,0.11742,102.68,0.9773
resp,ordinary,that,0.070219,0.0010127,0.098614,165.9,0.9771
resp,ordinary,transc,0.040796,0.0075303,0.20737,50.908,0.9747
resp,ordinary,ends,0.034074,0.014394,0.10165,91.6,0.9766
resp,ordinary,the,0.021519,0.0034872,0.16476,147.76,0.9758
resp,ordinary,traditional,0.1642,0.036652,0.090474,79.266,0.9803
resp,ordinary,bed,0.0089203,0.0021864,0.09092,83.772,0.9815
resp,ordinary,.,0.006933,0.0054101,0.055598,78.416,0.9757
resp,ordinary,With,0.018068,0.0041922,0.12117,67.788,0.9743
resp,ordinary,its,0.0015807,0.013224,0.15038,96.638,0.9766
resp,ordinary,gentle,0.17529,0.050988,0.12875,91.44,0.9795
resp,ordinary,sway,0.20189,0.04537,0.11941,82.922,0.9785
resp,ordinary,and,0.28294,0.035264,0.080051,186.27,0.9755
resp,ordinary,en,0.035278,0.0055351,0.19242,54.282,0.9819
resp,ordinary,velop,0.073086,0.032935,0.18018,56.236,0.9739
resp,ordinary,ing,0.025517,0.03502,0.13053,95.12,0.9770
resp,ordinary,embrace,0.00051392,0.010625,0.15322,47.257,0.9801
resp,ordinary,",",0.26097,0.012077,0.049262,173.09,0.9761
resp,ordinary,the,0.022568,0.0094141,0.18095,106.82,0.9752
resp,ordinary,h,0.19945,0.044794,0.13037,112.64,0.9804
resp,ordinary,amm,0.13254,0.03678,0.10575,124.49,0.9772
resp,ordinary,ock,0.046763,0.02866,0.13749,123.89,0.9781
resp,ordinary,has,0.034185,0.0021215,0.13515,123.36,0.9771
resp,ordinary,been,0.0035611,0.0083434,0.15072,86.491,0.9769
resp,ordinary,a,0.013887,0.005712,0.15608,113.24,0.9783
resp,ordinary,beloved,0.044511,0.025851,0.11473,32.782,0.9827
resp,ordinary,sleeping,0.039092,0.01958,0.036901,47.931,0.9813
resp,ordinary,appar,0.02634,0.005485,0.24953,60.2,0.9777
resp,ordinary,atus,0.14392,0.040206,0.11821,83.599,0.9750
resp,ordinary,for,0.14199,0.024605,0.15167,152.83,0.9764
resp,ordinary,centuries,0.047965,0.00062738,0.1176,63.836,0.9742
resp,ordinary,",",0.085032,0.013804,0.071406,144.84,0.9747
resp,ordinary,particularly,0.0042404,0.003697,0.12249,39.702,0.9781
resp,ordinary,in,0.040664,0.022134,0.099516,131.59,0.9762
resp,ordinary,tropical,0.032492,0.0035856,0.17329,48.521,0.9774
resp,ordinary,clim,0.16392,0.069714,0.14651,61.697,0.9791
resp,ordinary,ates,0.012201,0.020977,0.088067,95.648,0.9765
resp,ordinary,.,0.0016813,0.0070219,0.093605,96.119,0.9765
resp,ordinary,However,0.076869,0.032557,0.096532,99.2,0.9757
resp,ordinary,",",0.07195,0.025041,0.10755,138.55,0.9775
resp,ordinary,its,0.0073951,0.015589,0.16801,92.039,0.9775
resp,ordinary,benefits,0.063853,0.03047,0.085676,110.28,0.9766
resp,ordinary,extend,0.038434,0.012697,0.11118,105.62,0.9789
resp,ordinary,far,0.027867,0.013236,0.16143,85.509,0.9773
resp,ordinary,beyond,0.022739,0.0047747,0.12979,70.787,0.9786
resp,ordinary,the,0.040456,0.0046465,0.18022,114.38,0.9755
resp,ordinary,pictures,0.048704,0.016029,0.1379,80.458,0.9761
resp,ordinary,que,0.013463,0.023573,0.13359,117.89,0.9772
resp,ordinary,beach,0.10586,0.01974,0.14161,105.19,0.9770
resp,ordinary,setting,0.0053843,0.0041133,0.1738,85.446,0.9788
resp,ordinary,",",0.027081,0.0063824,0.10802,145.79,0.9754
resp,ordinary,offering,0.032288,0.011924,0.057769,54.064,0.9782
resp,ordinary,a,0.003917,0.0087651,0.14441,129.45,0.9774
resp,ordinary,my,0.010465,0.0053961,0.16357,112.22,0.9787
resp,ordinary,ri,0.065994,0.0008169,0.13893,112.71,0.9790
resp,ordinary,ad,0.00052608,0.028397,0.087707,127.96,0.9778
resp,ordinary,of,0.056905,0.024424,0.056486,149.77,0.9771
resp,ordinary,advantages,0.061012,0.020422,0.10961,60.45,0.9769
resp,ordinary,for,0.0053287,0.0054583,0.19703,112.8,0.9772
resp,ordinary,sleep,0.0037612,0.016587,0.073403,34.857,0.9785
resp,ordinary,quality,0.019812,0.0089419,0.17964,95.12,0.9773
resp,ordinary,",",0.13871,0.0098008,0.07814,163.03,0.9751
resp,ordinary,health,0.031406,0.0032731,0.13114,59.15,0.9774
resp,ordinary,",",0.049323,0.0024605,0.11076,147.79,0.9756
resp,ordinary,and,0.011137,0.0021776,0.14805,121.61,0.9740
resp,ordinary,overall,0.011177,0.0076099,0.12555,11.011,0.9787
resp,ordinary,well,0.046592,0.032556,0.1479,95.595,0.9782
resp,ordinary,-,0.0079279,0.009689,0.18486,107.06,0.9802
resp,ordinary,being,0.056707,0.023155,0.17889,69.295,0.9775
resp,ordinary,.,0.011264,0.008223,0.12595,72.26,0.9790
resp,newline,\n,0.042344,0.0047754,0.050098,0.22837,0.4060
resp,newline,\n,0.040577,0.0015001,0.059655,0.15529,0.0969
resp,ordinary,1,0.032472,0.020682,0.089179,124.9,0.9766
resp,ordinary,.,0.026757,0.027003,0.065342,22.979,0.9742
resp,ordinary,**,0.025181,0.012295,0.082837,36.414,0.9761
resp,ordinary,Im,0.026423,0.00023718,0.21614,86.486,0.9771
resp,ordinary,pro,0.038818,0.016584,0.15277,73.874,0.9765
resp,ordinary,ved,0.096378,0.025099,0.20294,130.47,0.9780
resp,ordinary,Sp,0.01034,0.018522,0.22127,85.995,0.9766
resp,ordinary,inal,0.0029257,0.018935,0.065755,89.474,0.9780
resp,ordinary,Al,0.021651,0.010905,0.2252,91.007,0.9778
resp,ordinary,ignment,0.076109,0.0072744,0.17456,48.506,0.9785
resp,ordinary,**:,0.024693,0.0034433,0.1315,15.948,0.9807
resp,ordinary,Ham,0.059879,0.0047166,0.11166,84.87,0.9792
prompt,template,<s>,798.84,153.29,3.6389,55.774,0.9724
prompt,ordinary,[INST],0.0057299,0.12871,0.0072822,127.04,0.9749
prompt,ordinary,Can,0.029604,0.026014,0.11115,126.05,0.9751
prompt,ordinary,you,0.03343,0.0391,0.080928,100.34,0.9737
prompt,ordinary,help,0.011654,0.022507,0.12025,82.149,0.9729
prompt,ordinary,me,0.037237,0.019283,0.13542,79.161,0.9721
prompt,ordinary,make,0.016675,0.042461,0.1561,105.43,0.9726
prompt,ordinary,an,0.019928,0.014474,0.1993,120.06,0.9743
prompt,ordinary,advertis,0.13733,0.031104,0.11741,91.329,0.9707
prompt,ordinary,ement,0.012197,0.025664,0.089914,121.49,0.9754
prompt,ordinary,for,0.39795,0.080138,0.11936,167.11,0.9754
prompt,ordinary,a,0.0052037,0.016762,0.14627,110.44,0.9743
prompt,ordinary,new,0.062896,0.018633,0.11534,89.052,0.9765
prompt,ordinary,product,0.14793,0.038062,0.0082385,105.76,0.9755
prompt,ordinary,?,0.0092559,0.014372,0.052478,63.487,0.9754
prompt,ordinary,It,0.0094188,0.014767,0.11246,72.479,0.9714
prompt,ordinary,',0.013796,0.0061085,0.021289,0.10701,0.0001
prompt,ordinary,s,0.12968,0.030444,0.1563,141.76,0.9756
prompt,ordinary,a,0.00035952,0.029567,0.15525,155.9,0.9759
prompt,ordinary,di,0.019379,0.017569,0.17959,87.949,0.9792
prompt,ordinary,aper,0.14396,0.03901,0.04493,99.778,0.9751
prompt,ordinary,that,0.69382,0.0552,0.013647,188.33,0.9758
prompt,ordinary,',0.018672,0.024405,0.04955,0.12118,0.1607
prompt,ordinary,s,0.043762,0.010051,0.17608,48.621,0.9762
prompt,ordinary,designed,0.082312,0.025214,0.13033,86.447,0.9779
prompt,ordinary,to,0.19252,0.030797,0.13564,153.88,0.9763
prompt,ordinary,be,0.031734,0.020343,0.093326,55.268,0.9736
prompt,ordinary,more,0.017666,0.010498,0.14796,69.881,0.9748
prompt,ordinary,comfortable,0.021718,0.012359,0.15156,71.844,0.9758
prompt,ordinary,for,0.10412,0.051165,0.17171,146.83,0.9754
prompt,ordinary,babies,0.11426,0.02533,0.01627,33.613,0.9752
prompt,ordinary,and,0.26665,0.0066832,0.079669,172.24,0.9738
prompt,ordinary,I,0.016721,0.0068258,0.060339,67.246,0.9783
prompt,ordinary,want,0.00050912,0.010192,0.10678,84.463,0.9774
prompt,ordinary,the,0.040512,0.02096,0.12775,134.76,0.9738
prompt,ordinary,entire,0.017636,0.027596,0.064437,52.588,0.9772
prompt,ordinary,output,0.0009298,0.024871,0.12671,92.996,0.9782
prompt,ordinary,in,0.14994,0.053375,0.13198,158,0.9747
prompt,ordinary,JSON,0.018221,0.0065384,0.12684,49.327,0.9745
prompt,ordinary,format,0.017028,0.014039,0.083853,81.3,0.9803
prompt,ordinary,.,0.0066001,0.0099525,0.072774,28.098,0.9729
prompt,ordinary,[/INST],1.2336,0.063804,0.10092,12.604,0.9821
resp,ordinary,Title,0.023554,0.0067274,0.09717,97.666,0.9761
resp,ordinary,:,0.034895,0.0069529,0.12355,125.01,0.9759
resp,ordinary,"""",0.059616,0.015633,0.11467,53.615,0.9754
resp,ordinary,Int,0.022582,0.00097005,0.21772,67.244,0.9777
resp,ordinary,rodu,0.048564,0.018775,0.17526,64.24,0.9767
resp,ordinary,cing,0.01499,0.0046747,0.12885,101.15,0.9771
resp,ordinary,Com,0.043148,0.020201,0.25052,108.21,0.9776
resp,ordinary,fort,0.047001,0.028723,0.1783,91.446,0.9793
resp,ordinary,C,0.015076,0.0061209,0.16419,104.61,0.9785
resp,ordinary,are,0.027778,0.00028291,0.14157,103.64,0.9788
resp,ordinary,Baby,0.04469,0.0039313,0.085077,64.198,0.9777
resp,ordinary,Di,0.025765,0.00061402,0.18158,67.715,0.9800
resp,ordinary,apers,0.0072889,0.010044,0.075231,83.028,0.9757
resp,ordinary,-,0.016294,0.016304,0.11708,0.19056,0.1305
resp,ordinary,A,0.0027068,0.0072736,0.17492,123.44,0.9760
resp,ordinary,New,0.0081932,0.010546,0.10764,76.338,0.9779
resp,ordinary,Era,0.11766,0.034442,0.098448,52.02,0.9812
resp,ordinary,of,0.088138,0.024766,0.16116,144.71,0.9770
resp,ordinary,Com,0.050541,0.01805,0.13897,82.893,0.9784
resp,ordinary,fort,0.16764,0.060185,0.11765,91.472,0.9792
resp,ordinary,for,0.017428,0.0024461,0.13579,108.69,0.9779
resp,ordinary,Your,0.004084,0.0061264,0.15925,40.288,0.9743
resp,ordinary,Little,0.05808,0.0020636,0.11622,58.359,0.9799
resp,ordinary,One,0.014895,0.027262,0.17463,109.34,0.9764
resp,ordinary,"""",0.018315,0.019827,0.087946,39.915,0.9782
resp,newline,\n,413.42,2.252,56.873,58.148,0.4271
resp,newline,\n,0.014708,0.029883,0.036388,0.15894,0.2039
resp,ordinary,``,0.025316,0.016216,0.049534,74.595,0.9698
resp,ordinary,`,0.0035524,0.027613,0.091567,35.838,0.9802
resp,ordinary,json,0.27693,0.049499,0.12232,82.498,0.9763
resp,newline,\n,0.017442,0.010719,0.089234,0.6664,0.6467
resp,ordinary,{,0.01695,0.023922,0.12314,28.487,0.9736
resp,newline,\n,0.014713,0.0021483,0.047733,0.18923,0.3281
resp,ordinary,,0.010748,0.012656,0.062212,0.21135,0.0966
resp,ordinary,"""",0.025297,0.020119,0.11118,9.1425,0.9633
resp,ordinary,Ad,0.0077953,0.0027652,0.21431,57.366,0.9783
resp,ordinary,Title,0.20788,0.074874,0.082411,87.093,0.9757
resp,ordinary,""":",0.059882,0.0032388,0.11305,29.096,0.9727
resp,ordinary,"""",0.039455,0.020474,0.111,48.28,0.9760
resp,ordinary,Int,0.018677,0.0015113,0.19382,62.487,0.9762
resp,ordinary,rodu,0.011907,0.0060828,0.1779,48.601,0.9750
resp,ordinary,cing,0.032165,0.0021377,0.12168,87.524,0.9766
resp,ordinary,Com,0.019596,0.01332,0.16669,100.63,0.9773
resp,ordinary,fort,0.0031152,0.020853,0.17075,83.366,0.9794
resp,ordinary,C,0.0031173,0.018765,0.14201,90.442,0.9788
resp,ordinary,are,0.026903,0.00063865,0.13407,92.501,0.9792
resp,ordinary,Baby,0.040354,0.0019707,0.092565,59.396,0.9780
resp,ordinary,Di,0.015793,0.0028013,0.18386,61.146,0.9801
resp,ordinary,apers,0.0076418,0.0092276,0.079225,76.447,0.9758
resp,ordinary,-,0.015717,0.013839,0.14945,0.19144,0.0275
resp,ordinary,A,0.0043722,0.0015538,0.18313,115.82,0.9764
resp,ordinary,New,0.0081565,0.0087221,0.11362,70.263,0.9783
resp,ordinary,Era,0.11909,0.037951,0.0725,46.718,0.9815
resp,ordinary,of,0.02218,0.017775,0.1734,117.36,0.9776
resp,ordinary,Com,0.034026,0.0097326,0.1109,76.816,0.9787
resp,ordinary,fort,0.091768,0.041575,0.12302,85.4,0.9793
resp,ordinary,for,0.01819,0.0038967,0.14983,109.68,0.9784
resp,ordinary,Your,0.0033052,0.0017332,0.17007,39.27,0.9750
resp,ordinary,Little,0.036779,0.0003232,0.1241,51.034,0.9803
resp,ordinary,One,0.0084889,0.026065,0.17255,104.24,0.9771
resp,ordinary,""",",0.017247,0.0073448,0.12007,10.802,0.9770
resp,newline,\n,0.00069092,0.0007872,0.046815,0.99923,0.7870
resp,newline,\n,6.0063e-05,0.019168,0.066166,0.14457,0.1008
resp,ordinary,,0.0051475,0.011183,0.049752,0.18416,0.1055
resp,ordinary,"""",0.0096061,0.02027,0.046387,14.326,0.9743
resp,ordinary,Introduction,0.055272,0.0089374,0.13451,30.917,0.9781
resp,ordinary,""":",0.077976,0.00031711,0.056037,27.274,0.9755
resp,ordinary,{,0.032666,0.021971,0.14428,51.117,0.9754
resp,newline,\n,0.01263,0.011832,0.053303,0.28223,0.6584
resp,ordinary,  ,0.026495,0.0030423,0.069044,10.921,0.9730
resp,ordinary,"""",0.0079332,0.019997,0.077839,38.143,0.9772
resp,ordinary,Head,0.041857,0.012032,0.14197,47.193,0.9800
resp,ordinary,ing,0.034534,0.0093289,0.13068,106.82,0.9754
resp,ordinary,""":",0.076432,0.013524,0.075375,28.046,0.9740
resp,ordinary,"""",0.049442,0.018726,0.10179,50.017,0.9774
resp,ordinary,W,0.10691,0.022312,0.21595,125.8,0.9791
resp,ordinary,elcome,0.014789,0.01453,0.16366,59.426,0.9770
resp,ordinary,to,0.058772,0.017632,0.13991,154.82,0.9769
resp,ordinary,a,0.026232,0.00099705,0.18348,57.129,0.9784
resp,ordinary,New,0.025991,0.0054607,0.13613,70.26,0.9783
resp,ordinary,Era,0.086381,0.020491,0.063522,48.489,0.9812
resp,ordinary,of,0.00026112,0.018712,0.17333,123.94,0.9774
resp,ordinary,Com,0.027187,0.0095327,0.11557,73.756,0.9792
resp,ordinary,fort,0.060746,0.033125,0.13461,81.353,0.9793
resp,ordinary,for,0.014486,0.0055392,0.14941,92.485,0.9785
resp,ordinary,Your,0.0024804,0.0024454,0.18213,44.331,0.9753
resp,ordinary,Baby,0.0010124,0.00090914,0.067384,37.65,0.9782
resp,ordinary,""",",0.011426,0.0038176,0.094286,15.013,0.9783
resp,newline,\n,0.00094009,0.012113,0.039285,3.6785,0.9719
resp,ordinary,  ,0.017574,0.0092121,0.049098,12.795,0.9752
resp,ordinary,"""",0.017828,0.0030386,0.020846,34.835,0.9782
resp,ordinary,Text,0.0049234,0.011979,0.1493,73.417,0.9745
resp,ordinary,""":",0.088498,0.0099148,0.056736,29.199,0.9734
resp,ordinary,"""",0.052586,0.014978,0.065757,44.471,0.9767
resp,ordinary,We,0.0050707,0.0081551,0.18423,92.905,0.9802
resp,ordinary,are,0.042047,0.0014502,0.14752,102.69,0.9767
resp,ordinary,thr,0.015821,0.0035982,0.22616,28.815,0.9795
resp,ordinary,illed,0.042758,0.023286,0.18877,68.858,0.9759
resp,ordinary,to,0.048821,0.028905,0.109,142.78,0.9754
resp,ordinary,introduce,0.019075,0.006778,0.097468,25.922,0.9760
resp,ordinary,Com,0.040762,0.0063871,0.081287,91.931,0.9789
resp,ordinary,fort,0.12388,0.043954,0.13412,82.861,0.9796
resp,ordinary,C,0.0079299,0.016886,0.13477,87.424,0.9786
resp,ordinary,are,0.011995,0.0034946,0.12853,87.457,0.9791
resp,ordinary,Baby,0.03666,0.0029719,0.070929,54.592,0.9780
resp,ordinary,Di,0.018253,0.0042833,0.17639,56.852,0.9803
resp,ordinary,apers,0.013594,0.0085391,0.080636,69.366,0.9757
resp,ordinary,",",0.00059743,0.0026311,0.11918,107.72,0.9767
resp,ordinary,a,0.014474,0.0036321,0.11377,85.462,0.9775
resp,ordinary,revolutionary,0.043412,0.0021968,0.12271,33.091,0.9784
resp,ordinary,product,0.067978,0.021176,0.05877,89.042,0.9763
resp,ordinary,designed,0.045689,0.012943,0.16022,62.872,0.9802
resp,ordinary,with,0.057213,0.014212,0.15047,133.53,0.9774
resp,ordinary,your,0.01691,0.010803,0.17209,68.225,0.9794
resp,ordinary,baby,0.035352,0.0028286,0.083878,63.865,0.9804
resp,ordinary,',0.013915,0.013067,0.021706,0.11254,0.0633
resp,ordinary,s,0.011243,0.020187,0.11817,129.12,0.9749
resp,ordinary,comfort,0.031149,0.0099079,0.17011,34.072,0.9818
resp,ordinary,in,0.0073826,0.010466,0.13762,106.32,0.9756
resp,ordinary,mind,0.019532,0.0086308,0.10156,45.017,0.9792
resp,ordinary,".""",0.018098,0.012097,0.072078,2.8131,0.9589
resp,newline,\n,0.00013762,0.010522,0.034472,0.43349,0.7319
resp,ordinary,,0.020279,0.0046606,0.068377,0.20721,0.1890
resp,ordinary,"},",0.012016,0.013857,0.15688,10.718,0.9715
resp,newline,\n,0.0097802,0.0057457,0.045573,0.19848,0.4864
resp,newline,\n,0.0017428,0.020535,0.083324,0.15488,0.1603
resp,ordinary,,0.0077033,0.014402,0.055258,0.18771,0.0640
resp,ordinary,"""",0.032369,0.020518,0.066085,19.22,0.9735
prompt,template,<s>,798.84,153.29,3.6389,55.774,0.9724
prompt,ordinary,[INST],0.0057299,0.12871,0.0072822,127.04,0.9749
prompt,ordinary,Write,0.032522,0.010924,0.14622,124.58,0.9745
prompt,ordinary,a,0.033486,0.017943,0.1744,186.32,0.9752
prompt,ordinary,story,0.11558,0.028514,0.017484,122.47,0.9756
prompt,ordinary,of,0.20689,0.024885,0.13465,165.08,0.9752
prompt,ordinary,exactly,0.057268,0.025888,0.1074,53.302,0.9704
prompt,ordinary,,0.59646,0.16414,0.013446,176.99,0.9771
prompt,ordinary,2,0.0054331,0.0077445,0.045626,157.02,0.9737
prompt,ordinary,paragraph,0.08772,0.015868,0.11039,118.83,0.9777
prompt,ordinary,s,0.12346,0.056454,0.016103,146.76,0.9763
prompt,ordinary,about,0.041275,0.020371,0.12418,131.55,0.9764
prompt,ordinary,a,0.0048697,0.014984,0.12801,169.08,0.9755
prompt,ordinary,man,0.12612,0.034131,0.044117,130.43,0.9776
prompt,ordinary,who,0.02093,0.014917,0.078918,97.185,0.9748
prompt,ordinary,w,0.12519,0.028793,0.11682,110.82,0.9768
prompt,ordinary,akes,0.34328,0.087898,0.036023,124.1,0.9752
prompt,ordinary,up,0.043573,0.027827,0.080863,146.83,0.9753
prompt,ordinary,one,0.010983,0.0073926,0.1389,122.05,0.9746
prompt,ordinary,day,0.14596,0.01706,0.044063,130.68,0.9747
prompt,ordinary,and,0.38022,0.061194,0.027835,196.51,0.9746
prompt,ordinary,real,0.011087,0.013952,0.093603,69.943,0.9735
prompt,ordinary,izes,0.083876,0.006137,0.044533,103.69,0.9771
prompt,ordinary,that,0.48398,0.069779,0.032712,189.41,0.9752
prompt,ordinary,he,0.012755,0.0022157,0.1403,102.32,0.9744
prompt,ordinary,',0.016515,0.0081459,0.021325,0.10473,0.0000
prompt,ordinary,s,0.11617,0.016668,0.12804,140.66,0.9766
prompt,ordinary,inside,0.057779,0.018303,0.067146,60.634,0.9790
prompt,ordinary,a,0.0083414,0.022167,0.15815,152.89,0.9753
prompt,ordinary,video,0.016001,0.021999,0.037331,98.577,0.9771
prompt,ordinary,game,0.031535,0.0037251,0.078048,120.3,0.9782
prompt,ordinary,.,0.014355,0.0023962,0.04157,76.409,0.9753
prompt,ordinary,Sep,0.049891,0.0025595,0.14401,71.884,0.9754
prompt,ordinary,ar,0.080488,0.039061,0.17608,124.1,0.9746
prompt,ordinary,ate,0.092476,0.023247,0.14803,143.83,0.9750
prompt,ordinary,the,0.03281,0.0092183,0.19809,174.15,0.9751
prompt,ordinary,paragraph,0.013178,0.017815,0.091421,99.537,0.9791
prompt,ordinary,s,0.097985,0.028152,0.059268,136.54,0.9779
prompt,ordinary,with,0.14607,0.027037,0.10485,179.24,0.9751
prompt,ordinary,the,0.02686,0.0077423,0.15935,123.53,0.9752
prompt,ordinary,mark,0.16263,0.034156,0.083304,123.37,0.9783
prompt,ordinary,down,0.042601,0.01183,0.15018,108.79,0.9764
prompt,ordinary,div,0.015605,0.009304,0.18631,107.61,0.9801
prompt,ordinary,ider,0.034188,0.010128,0.1169,105.75,0.9767
prompt,ordinary,:,0.0021079,0.0019664,0.094575,136.63,0.9759
prompt,ordinary,***,0.024962,0.011431,0.13155,48.434,0.9721
prompt,ordinary,[/INST],1.0561,0.065272,0.14191,12.15,0.9831
resp,ordinary,In,0.052905,0.0093518,0.12584,125.39,0.9774
resp,ordinary,the,0.044088,0.004133,0.15991,125.02,0.9753
resp,ordinary,heart,0.027473,0.00012978,0.091583,101,0.9805
resp,ordinary,of,0.12723,0.014952,0.095884,149.8,0.9766
resp,ordinary,a,0.029147,0.0035475,0.14102,114.27,0.9781
resp,ordinary,bust,0.02436,0.025474,0.093331,68.193,0.9799
resp,ordinary,ling,0.015191,0.0079373,0.077951,127.5,0.9771
resp,ordinary,city,0.019506,0.0020715,0.10664,108.23,0.9772
resp,ordinary,",",0.23987,0.0016973,0.052691,184.29,0.9751
resp,ordinary,a,0.01054,0.022032,0.16571,128.57,0.9756
resp,ordinary,man,0.062051,0.017474,0.050854,110.16,0.9788
resp,ordinary,named,0.0036654,0.016192,0.16546,98.003,0.9799
resp,ordinary,Thomas,0.082692,0.0046892,0.15855,104.09,0.9777
resp,ordinary,stir,0.012264,1.8807e-05,0.13404,56.909,0.9776
resp,ordinary,red,0.015571,0.015538,0.14887,142.57,0.9783
resp,ordinary,from,0.33141,0.033077,0.13038,170.01,0.9769
resp,ordinary,an,0.0037857,0.0062324,0.19865,92.599,0.9767
resp,ordinary,unf,0.016232,0.0064764,0.17431,43.692,0.9809
resp,ordinary,amiliar,0.0021979,0.0015859,0.14594,57.711,0.9761
resp,ordinary,bed,0.010334,0.0050827,0.097884,83.307,0.9811
resp,ordinary,",",0.17641,0.016862,0.049144,178.22,0.9750
resp,ordinary,his,0.002896,0.0095146,0.12609,99.148,0.9770
resp,ordinary,heart,0.046333,0.017708,0.10212,84.375,0.9790
resp,ordinary,pound,0.035132,0.011774,0.13758,64.786,0.9775
resp,ordinary,ing,0.022726,0.0091314,0.13587,112.83,0.9770
resp,ordinary,with,0.059501,0.018944,0.14862,152.88,0.9756
resp,ordinary,an,0.016291,0.0032729,0.19297,84.436,0.9782
resp,ordinary,in,0.081679,0.023098,0.19001,121.97,0.9764
resp,ordinary,ex,0.024798,0.0072623,0.18848,83.896,0.9797
resp,ordinary,plic,0.01569,0.026732,0.20749,113.21,0.9793
resp,ordinary,able,0.03968,0.013535,0.16779,138.49,0.9792
resp,ordinary,sense,0.0080163,0.002348,0.16147,86.985,0.9785
resp,ordinary,of,0.011415,0.001644,0.17207,161.87,0.9776
resp,ordinary,une,0.023392,0.0066879,0.18958,50.055,0.9786
resp,ordinary,ase,0.0068134,0.015178,0.17196,112.31,0.9774
resp,ordinary,.,0.014052,0.0052421,0.071129,69.768,0.9774
resp,ordinary,The,0.035053,0.0098516,0.11749,112.43,0.9732
resp,ordinary,room,0.035888,0.014557,0.086035,99.608,0.9777
resp,ordinary,was,0.050862,0.016442,0.1199,121.83,0.9771
resp,ordinary,ad,0.01102,0.0052396,0.195,69.846,0.9769
resp,ordinary,orn,0.058021,0.038687,0.20078,130.51,0.9775
resp,ordinary,ed,0.045733,0.017094,0.1534,137.55,0.9780
resp,ordinary,with,0.14924,0.030158,0.1332,177.19,0.9757
resp,ordinary,ne,0.022721,0.00072411,0.16196,68.742,0.9787
resp,ordinary,on,0.056997,0.020957,0.14803,136.6,0.9770
resp,ordinary,lights,0.03475,0.0040454,0.1246,69.336,0.9761
resp,ordinary,and,0.181,0.0026176,0.09267,182.27,0.9750
resp,ordinary,the,0.015378,0.0086589,0.17589,72.808,0.9783
resp,ordinary,walls,0.032382,0.0042305,0.079217,60.032,0.9730
resp,ordinary,were,0.0022596,0.013871,0.12569,124.82,0.9786
resp,ordinary,text,0.0073765,0.00050207,0.15878,81.328,0.9798
resp,ordinary,ured,0.018586,0.0070059,0.16674,133.51,0.9777
resp,ordinary,like,0.0034858,6.4369e-05,0.1433,101.67,0.9775
resp,ordinary,pixel,0.031575,0.00031288,0.11861,69.68,0.9806
resp,ordinary,ated,0.1372,0.012779,0.16615,107.69,0.9794
resp,ordinary,landsc,0.061003,0.02147,0.18926,43.762,0.9773
resp,ordinary,apes,0.030467,0.024437,0.11957,59.106,0.9794
resp,ordinary,",",0.14328,0.01531,0.07128,165.04,0.9753
resp,ordinary,a,0.0069758,0.010752,0.13381,109.31,0.9762
resp,ordinary,sight,0.029271,0.02318,0.08637,70.316,0.9774
resp,ordinary,that,0.06481,0.025779,0.11735,163.97,0.9761
resp,ordinary,was,0.042824,0.011087,0.15047,56.631,0.9779
resp,ordinary,both,0.033673,0.0011139,0.075307,73.449,0.9753
resp,ordinary,capt,0.13899,0.028584,0.13829,59.911,0.9785
resp,ordinary,iv,0.2248,0.074958,0.18662,128.52,0.9774
resp,ordinary,ating,0.031077,0.026211,0.15568,130.63,0.9756
resp,ordinary,and,0.19489,0.017364,0.092605,181.25,0.9752
resp,ordinary,dis,0.017015,0.0055695,0.19409,37.478,0.9765
resp,ordinary,con,0.034193,0.013439,0.22073,93.089,0.9776
resp,ordinary,cert,0.0063604,0.025398,0.19253,79.967,0.9768
resp,ordinary,ing,0.014787,0.012121,0.19171,132.5,0.9784
resp,ordinary,.,0.011284,0.0077033,0.096294,93.992,0.9790
resp,ordinary,As,0.018117,0.0079886,0.11305,79.911,0.9751
resp,ordinary,he,0.023842,0.0082749,0.1318,111.33,0.9765
resp,ordinary,rubbed,0.011134,0.0053268,0.096248,68.057,0.9826
resp,ordinary,the,0.022563,0.013112,0.179,123.42,0.9768
resp,ordinary,sleep,0.063387,0.018254,0.094895,63.666,0.9794
resp,ordinary,from,0.2305,0.032284,0.11267,144.73,0.9767
resp,ordinary,his,0.0086081,0.0022727,0.17319,85.897,0.9792
resp,ordinary,eyes,0.058163,0.0013523,0.094561,64.385,0.9806
resp,ordinary,",",0.044643,0.0063189,0.067529,144.73,0.9760
resp,ordinary,he,0.0033551,0.0037517,0.13241,98.223,0.9756
resp,ordinary,noticed,0.018222,0.0028346,0.17481,72.85,0.9755
resp,ordinary,a,0.0071548,0.0060711,0.14033,132.47,0.9775
resp,ordinary,gl,0.13248,0.012027,0.13905,85.879,0.9805
resp,ordinary,owing,0.2408,0.062947,0.084518,74.306,0.9792
resp,ordinary,H,0.048859,0.00032265,0.16217,106.14,0.9781
resp,ordinary,UD,0.20821,0.035984,0.079803,117.21,0.9801
resp,ordinary,floating,0.0069017,0.0060922,0.13548,42.915,0.9801
resp,ordinary,above,0.0029648,0.0036564,0.12776,81.851,0.9792
resp,ordinary,his,0.0030255,0.00028422,0.15351,115.69,0.9793
resp,ordinary,hand,0.04434,0.004023,0.13108,78.897,0.9773
resp,ordinary,",",0.066407,0.010201,0.078239,140.64,0.9767
resp,ordinary,display,0.0084199,0.0022224,0.080853,45.134,0.9829
resp,ordinary,ing,0.0031783,0.0067595,0.091464,100.04,0.9790
resp,ordinary,health,0.010702,0.00097116,0.14205,78.795,0.9798
resp,ordinary,bars,0.18957,0.05016,0.072806,60.418,0.9800
resp,ordinary,",",0.0022316,0.015226,0.10073,132.55,0.9764
resp,ordinary,a,0.012127,0.017254,0.11662,88.015,0.9773
resp,ordinary,mini,0.043584,0.0050607,0.11619,43.637,0.9811
resp,ordinary,-,0.0087329,0.019955,0.17549,73.8,0.9791
resp,ordinary,map,0.034179,0.010225,0.12657,98.655,0.9775
resp,ordinary,",",0.027236,0.0060458,0.064267,140.61,0.9770
resp,ordinary,and,0.0059306,0.0081056,0.10789,130.69,0.9745
resp,ordinary,an,0.0012314,0.0046539,0.16318,49.988,0.9821
resp,ordinary,inventory,0.049242,0.0069656,0.087096,75.273,0.9796
resp,ordinary,list,0.022561,0.008733,0.11124,65.711,0.9788
resp,ordinary,.,0.012831,0.0070965,0.11869,67.689,0.9795
resp,ordinary,A,0.019999,0.0041229,0.13786,109.81,0.9754
resp,ordinary,ch,0.00045979,0.0012041,0.2067,87.382,0.9807
resp,ordinary,illing,0.044961,0.0093735,0.15862,106.91,0.9743
resp,ordinary,realization,0.0091597,0.0015039,0.13196,38.862,0.9821
resp,ordinary,dawn,0.017375,0.0034556,0.20505,35.642,0.9812
resp,ordinary,ed,0.049841,0.0023283,0.15744,95.028,0.9794
resp,ordinary,upon,0.036907,0.002823,0.15126,43.972,0.9801
resp,ordinary,him,0.014899,0.0052829,0.16488,86.418,0.9789
resp,ordinary,-,0.01934,0.010495,0.0947,0.18946,0.0332
resp,ordinary,he,0.011838,0.0069402,0.15227,119.39,0.9768
resp,ordinary,was,0.035776,0.0068568,0.12982,105.62,0.9781
resp,ordinary,no,0.040766,0.013742,0.16923,74.838,0.9779
resp,ordinary,longer,0.013382,0.01226,0.099099,39.846,0.9702
resp,ordinary,in,0.0039923,0.010185,0.10942,124.58,0.9748
resp,ordinary,the,0.028046,0.0001287,0.15443,38.966,0.9763
resp,ordinary,world,0.0059175,0.0017965,0.10279,95.091,0.9776
resp,ordinary,he,0.0018975,0.0026127,0.10449,123.43,0.9772
resp,ordinary,knew,0.030274,0.0035099,0.11476,43.536,0.9748
resp,ordinary,",",0.19245,0.0033154,0.0079435,147.87,0.9750
resp,ordinary,but,0.012551,0.011537,0.059858,62.257,0.9760
prompt,template,<s>,798.84,153.29,3.6388,55.774,0.9724
prompt,ordinary,[INST],0.0057314,0.1288,0.0074906,127.04,0.9749
prompt,ordinary,Write,0.032611,0.010895,0.14586,124.58,0.9745
prompt,ordinary,a,0.033722,0.018006,0.17406,186.32,0.9752
prompt,ordinary,detailed,0.063535,0.022651,0.20574,74.553,0.9716
prompt,ordinary,review,0.15433,0.03633,0.061912,137.48,0.9784
prompt,ordinary,of,0.57932,0.092148,0.10798,192.37,0.9761
prompt,ordinary,the,0.0042863,0.0058963,0.1301,169.06,0.9753
prompt,ordinary,movie,0.3012,0.070294,0.011295,127.37,0.9774
prompt,ordinary,"""",0.00099861,0.020332,0.19134,136.46,0.9778
prompt,ordinary,The,0.068061,0.038058,0.18443,151.75,0.9753
prompt,ordinary,Social,0.47516,0.094235,0.075516,119.27,0.9779
prompt,ordinary,Network,0.044076,0.0053814,0.076369,102.71,0.9770
prompt,ordinary,""".",0.015903,0.00078038,0.049644,24.866,0.9752
prompt,ordinary,Your,0.043899,0.018118,0.1544,119.65,0.9719
prompt,ordinary,entire,0.00076202,0.033049,0.11645,70.818,0.9768
prompt,ordinary,response,0.20488,0.042747,0.1473,119.5,0.9754
prompt,ordinary,should,0.0021252,0.038334,0.11916,132.5,0.9772
prompt,ordinary,be,0.027202,0.024338,0.13689,132.58,0.9763
prompt,ordinary,in,0.33029,0.10757,0.099993,164.07,0.9752
prompt,ordinary,English,0.067563,0.030916,0.11962,56.045,0.9790
prompt,ordinary,and,0.68271,0.052692,0.068974,198.52,0.9749
prompt,ordinary,all,0.0050536,0.012557,0.11972,69.293,0.9777
prompt,ordinary,lower,0.027479,0.027003,0.1038,95.686,0.9756
prompt,ordinary,case,0.049665,0.01319,0.09273,109.15,0.9795
prompt,ordinary,(,0.12437,0.011208,0.093204,140.77,0.9744
prompt,ordinary,no,0.33339,0.10626,0.05537,159.91,0.9766
prompt,ordinary,capital,0.17007,0.0618,0.14373,102.33,0.9747
prompt,ordinary,letters,0.0025249,0.026958,0.059621,99.552,0.9798
prompt,ordinary,what,0.0068998,0.027715,0.11329,101.66,0.9777
prompt,ordinary,so,0.0089283,0.02914,0.1223,109.39,0.9750
prompt,ordinary,ever,0.070345,0.011729,0.14407,115.32,0.9780
prompt,ordinary,).,0.28225,0.024535,0.10067,136.78,0.9743
prompt,ordinary,[/INST],1.0871,0.090113,0.078287,11.343,0.9816
resp,ordinary,the,0.017022,0.0041784,0.16178,153.09,0.9729
resp,ordinary,social,0.14759,0.024951,0.045028,111.67,0.9787
resp,ordinary,network,0.034294,0.013278,0.014828,122.42,0.9771
resp,ordinary,",",0.26429,0.0078931,0.03284,181.16,0.9761
resp,ordinary,a,0.040541,0.032262,0.17222,141.74,0.9754
resp,ordinary,film,0.063426,0.013494,0.012875,114.26,0.9770
resp,ordinary,directed,0.0035185,0.029335,0.15669,108.19,0.9780
resp,ordinary,by,0.020057,0.014706,0.11559,109.68,0.9786
resp,ordinary,d,0.083925,0.015156,0.14936,113.75,0.9782
resp,ordinary,avid,0.17299,0.044228,0.051762,100.05,0.9782
resp,ordinary,fin,0.072169,0.033005,0.20555,106.13,0.9790
resp,ordinary,cher,0.021008,0.016238,0.13355,120.51,0.9753
resp,ordinary,",",0.21348,0.0098817,0.034378,186.3,0.9752
resp,ordinary,is,0.035403,0.0075427,0.092703,87.996,0.9768
resp,ordinary,a,0.013853,0.016686,0.10789,140.64,0.9767
resp,ordinary,compelling,0.0097225,0.029926,0.12919,56.822,0.9788
resp,ordinary,exploration,0.013712,0.016656,0.14934,33.341,0.9787
resp,ordinary,of,0.052073,0.015575,0.1221,155.82,0.9769
resp,ordinary,the,0.025619,0.0040191,0.15495,104.21,0.9763
resp,ordinary,creation,0.10069,0.036901,0.16468,67.76,0.9770
resp,ordinary,of,0.12635,0.038518,0.13799,162.93,0.9766
resp,ordinary,face,0.0066399,0.011272,0.19293,74.28,0.9787
resp,ordinary,book,0.021143,0.001423,0.038535,110.1,0.9797
resp,ordinary,and,0.27966,0.020151,0.058673,189.34,0.9750
resp,ordinary,the,0.020601,0.0088511,0.17317,94.074,0.9774
resp,ordinary,legal,0.034969,0.0027761,0.083309,77.278,0.9787
resp,ordinary,battles,0.0033152,0.0084146,0.067567,67.272,0.9774
resp,ordinary,that,0.3059,0.051932,0.019799,176.12,0.9762
resp,ordinary,followed,0.090209,0.027045,0.14088,96.271,0.9744
resp,ordinary,.,0.0148,0.024465,0.065444,45.233,0.9777
resp,ordinary,the,0.034839,0.016208,0.13057,137.67,0.9754
resp,ordinary,screen,0.082116,0.022486,0.087901,93.613,0.9762
resp,ordinary,play,0.02635,0.018233,0.043148,124.45,0.9774
resp,ordinary,",",0.25294,0.015347,0.023915,182.2,0.9758
resp,ordinary,p,0.00053124,0.0083158,0.1642,66.784,0.9767
resp,ordinary,enn,0.17581,0.053787,0.13291,120.22,0.9806
resp,ordinary,ed,0.013451,0.0063593,0.18674,151.66,0.9787
resp,ordinary,by,0.039353,0.0039958,0.1364,105.15,0.9783
resp,ordinary,a,0.016882,0.005052,0.17,120.88,0.9773
resp,ordinary,aron,0.021519,0.02126,0.20256,102.6,0.9783
resp,ordinary,s,0.032288,0.0073692,0.15453,119.76,0.9790
resp,ordinary,ork,0.10185,0.058033,0.18945,110.83,0.9773
resp,ordinary,in,0.037184,0.0080222,0.089185,124.93,0.9774
resp,ordinary,",",0.02602,0.0070705,0.064756,154.92,0.9751
resp,ordinary,is,0.029626,0.0067103,0.10418,75.878,0.9766
resp,ordinary,a,0.013185,0.014001,0.11837,127.97,0.9771
resp,ordinary,master,0.037614,0.023498,0.10201,100.22,0.9752
resp,ordinary,class,0.13334,0.022046,0.11399,113.28,0.9787
resp,ordinary,in,0.015466,0.013297,0.19246,164.07,0.9750
resp,ordinary,dialogue,0.0075589,0.0074221,0.12948,48.576,0.9760
resp,ordinary,",",0.010407,0.0092054,0.091154,160.98,0.9752
resp,ordinary,with,0.0077286,0.0087582,0.1115,124.66,0.9733
resp,ordinary,sharp,0.0028951,0.00085152,0.17408,41.852,0.9820
resp,ordinary,",",0.047917,0.0062756,0.087322,153.83,0.9759
resp,ordinary,w,0.042629,0.0091607,0.16405,85.934,0.9792
resp,ordinary,itty,0.061208,0.006396,0.15664,90.027,0.9785
resp,ordinary,ex,0.03433,0.010746,0.13828,98.609,0.9782
resp,ordinary,changes,0.064038,0.020771,0.11056,90.517,0.9780
resp,ordinary,that,0.18346,0.0075407,0.0042806,166,0.9762
resp,ordinary,drive,0.01133,0.0039622,0.11547,77.351,0.9781
resp,ordinary,the,0.032201,0.0036002,0.1269,132.58,0.9761
resp,ordinary,narrative,0.01091,0.0032452,0.11844,86.383,0.9790
resp,ordinary,forward,0.0074423,0.007312,0.10479,90.539,0.9779
resp,ordinary,.,0.0016211,0.0093531,0.08898,86.511,0.9764
resp,newline,\n,402.27,2.6047,56.458,52.693,0.1743
resp,newline,\n,0.034783,0.024715,0.018795,0.1728,0.1993
resp,ordinary,the,0.014974,0.019564,0.14835,117.94,0.9749
resp,ordinary,film,0.016684,0.0062439,0.051853,100.65,0.9762
resp,ordinary,opens,0.010405,0.0063487,0.089692,89.583,0.9751
resp,ordinary,with,0.026771,0.018599,0.072766,150.87,0.9755
resp,ordinary,a,0.024758,0.0050408,0.13948,94.555,0.9776
resp,ordinary,series,0.019911,0.012457,0.11093,87.464,0.9778
resp,ordinary,of,0.006804,0.0068076,0.14199,142.71,0.9763
resp,ordinary,inter,0.048878,0.0033953,0.15613,84.939,0.9780
resp,ordinary,w,0.12019,0.022447,0.18547,122.9,0.9783
resp,ordinary,oven,0.024482,0.017198,0.14245,79.868,0.9795
resp,ordinary,narr,0.1788,0.031123,0.13,97.594,0.9781
resp,ordinary,atives,0.1547,0.039277,0.057859,89.624,0.9752
resp,ordinary,",",0.07353,0.0097843,0.099564,167.05,0.9752
resp,ordinary,each,0.0025768,0.0036735,0.11585,76.42,0.9760
resp,ordinary,focusing,0.0077274,0.0048582,0.069313,67.767,0.9772
resp,ordinary,on,0.11312,0.03265,0.093025,157.83,0.9771
resp,ordinary,a,0.00065812,0.0060914,0.15465,84.944,0.9778
resp,ordinary,different,0.017459,0.0052809,0.11686,80.386,0.9784
resp,ordinary,character,0.003396,0.00038158,0.16475,69.722,0.9790
resp,ordinary,involved,0.0014999,0.000375,0.1973,80.347,0.9797
resp,ordinary,in,0.020557,0.01197,0.13508,132.62,0.9761
resp,ordinary,the,0.023428,0.0036175,0.16437,57.677,0.9762
resp,ordinary,development,0.038072,0.0057838,0.11759,88.391,0.9796
resp,ordinary,of,0.027714,0.013986,0.1737,140.57,0.9780
resp,ordinary,face,0.0025106,0.0078445,0.18214,72.248,0.9792
resp,ordinary,book,0.0078711,0.0064113,0.052824,96.948,0.9803
resp,ordinary,.,0.013133,0.0030275,0.072967,79.394,0.9768
resp,ordinary,mark,0.0050195,0.020415,0.11484,107.73,0.9773
resp,ordinary,z,0.046947,0.0093436,0.12097,113.18,0.9796
resp,ordinary,ucker,0.029307,0.023763,0.096561,79.885,0.9783
resp,ordinary,berg,0.13624,0.034588,0.14781,136.55,0.9779
resp,ordinary,",",0.091642,0.0082615,0.09792,164.98,0.9757
resp,ordinary,played,0.022928,0.011133,0.12243,50.217,0.9805
resp,ordinary,by,0.046845,0.0064482,0.10121,73.741,0.9804
resp,ordinary,j,0.099349,0.0067257,0.15424,94.928,0.9811
resp,ordinary,esse,0.023914,0.004621,0.18159,91.949,0.9792
resp,ordinary,Eisen,0.10089,0.028573,0.092085,72.718,0.9792
resp,ordinary,berg,0.11323,0.02774,0.088572,135.55,0.9776
resp,ordinary,",",0.0033906,0.0030669,0.093288,149.82,0.9754
resp,ordinary,is,0.026778,0.0043698,0.10565,67.769,0.9768
resp,ordinary,port,0.053541,0.0056575,0.19655,47.752,0.9799
resp,ordinary,rayed,0.0017939,0.0066985,0.13215,58.957,0.9763
resp,ordinary,as,0.0082964,0.0010865,0.14169,135.41,0.9794
resp,ordinary,a,0.0036742,0.0097924,0.1801,100.64,0.9777
resp,ordinary,soc,0.0016085,0.008888,0.21512,55.303,0.9798
resp,ordinary,ially,0.013475,0.0022631,0.13228,54.182,0.9749
resp,ordinary,awkward,0.0089443,0.013581,0.174,48.622,0.9843
resp,ordinary,genius,0.066839,0.0039719,0.13195,61.6,0.9808
resp,ordinary,",",0.017182,0.005653,0.085836,124.55,0.9749
resp,ordinary,driven,0.0082954,0.0024097,0.18062,52.075,0.9778
resp,ordinary,by,0.0072554,0.0059627,0.13008,76.345,0.9783
resp,ordinary,amb,0.016548,0.012164,0.2281,54.372,0.9780
resp,ordinary,ition,0.030468,0.003585,0.16662,95.034,0.9788
resp,ordinary,and,0.0081738,0.0031077,0.12038,168.06,0.9752
resp,ordinary,in,0.018318,0.0058951,0.15198,23.691,0.9757
resp,ordinary,security,0.03352,0.0036865,0.20597,51.296,0.9789
resp,ordinary,.,0.0082113,0.00020092,0.11753,84.889,0.9790
resp,ordinary,and,0.015013,0.026033,0.11336,138.78,0.9743
resp,ordinary,rew,0.047967,0.0016636,0.12994,78.237,0.9799
resp,ordinary,gar,0.015575,0.014813,0.1739,50.21,0.9819
resp,ordinary,field,0.033179,0.018103,0.1331,99.612,0.9785
resp,ordinary,del,0.0469,0.0080228,0.15163,116.72,0.9794
prompt,template,<s>,798.84,153.29,3.6388,55.774,0.9724
prompt,ordinary,[INST],0.0057314,0.1288,0.0074906,127.04,0.9749
prompt,ordinary,Write,0.032611,0.010895,0.14586,124.58,0.9745
prompt,ordinary,a,0.033722,0.018006,0.17406,186.32,0.9752
prompt,ordinary,short,0.13029,0.046196,0.098888,115.39,0.9758
prompt,ordinary,blog,0.089093,0.026637,0.004913,105.12,0.9786
prompt,ordinary,post,0.01407,0.023412,0.10605,103.32,0.9751
prompt,ordinary,about,0.029403,0.005992,0.14718,95.479,0.9791
prompt,ordinary,a,0.023539,0.023123,0.13046,159.93,0.9758
prompt,ordinary,trip,0.11019,0.040619,0.035927,89.394,0.9789
prompt,ordinary,to,0.31794,0.053827,0.1582,173.2,0.9752
prompt,ordinary,Japan,0.059572,0.014413,0.054011,68.151,0.9766
prompt,ordinary,using,0.019499,0.0062054,0.11094,76.879,0.9762
prompt,ordinary,less,0.041654,0.010429,0.10288,93.149,0.9753
prompt,ordinary,than,0.013457,0.016345,0.062706,124.96,0.9769
prompt,ordinary,,0.2067,0.037775,0.082213,134.58,0.9765
prompt,ordinary,3,0.00036711,0.010118,0.08598,136.77,0.9734
prompt,ordinary,0,0.020749,0.015832,0.12438,142.79,0.9748
prompt,ordinary,0,0.009484,0.010895,0.13929,147.84,0.9751
prompt,ordinary,words,0.020126,0.0067475,0.044402,68.254,0.9774
prompt,ordinary,.,0.012093,0.0017961,0.054032,77.422,0.9750
prompt,ordinary,[/INST],0.77693,0.035171,0.11134,2.4397,0.9492
resp,ordinary,Title,0.056615,0.025549,0.10661,107.77,0.9766
resp,ordinary,:,0.0011552,0.0069776,0.13079,124.5,0.9761
resp,ordinary,A,0.0036811,0.011111,0.20848,115.82,0.9761
resp,ordinary,B,0.00095488,0.022207,0.14711,132.53,0.9765
resp,ordinary,reat,0.30589,0.083527,0.16349,143.68,0.9777
resp,ordinary,ht,0.22579,0.042918,0.10486,111.22,0.9794
resp,ordinary,aking,0.041785,0.012001,0.095757,132.61,0.9765
resp,ordinary,Jour,0.024283,0.0011022,0.20305,50.313,0.9779
resp,ordinary,ney,0.0037664,0.033296,0.1625,138.62,0.9765
resp,ordinary,Through,0.0060847,0.0033395,0.18637,94.444,0.9801
resp,ordinary,the,0.012835,0.009726,0.19363,147.78,0.9758
resp,ordinary,Land,0.24819,0.050817,0.14674,104.04,0.9801
resp,ordinary,of,0.24215,0.051109,0.11681,175.13,0.9764
resp,ordinary,the,0.030827,0.0053758,0.17368,111.83,0.9762
resp,ordinary,R,0.069559,0.018147,0.16699,122.4,0.9764
resp,ordinary,ising,0.13568,0.042623,0.12128,119.44,0.9757
resp,ordinary,Sun,0.09529,0.0368,0.10484,116.34,0.9772
resp,newline,\n,519.67,5.6617,69.408,68.255,0.1932
resp,newline,\n,0.017805,0.049025,0.051379,0.18837,0.3870
resp,ordinary,Emb,0.010771,0.0040845,0.22306,56.592,0.9794
resp,ordinary,ark,0.059934,0.049392,0.20354,107.71,0.9781
resp,ordinary,ing,0.1391,0.063879,0.081491,123.9,0.9780
resp,ordinary,on,0.16492,0.047744,0.10372,129.55,0.9765
resp,ordinary,a,0.0068998,0.012657,0.16076,84.464,0.9772
resp,ordinary,journey,0.064048,0.023493,0.12098,98.136,0.9766
resp,ordinary,to,0.024061,0.014709,0.15322,152.84,0.9760
resp,ordinary,Japan,0.0045918,0.0047151,0.059679,39.589,0.9772
resp,ordinary,was,0.01964,0.027013,0.041428,106.58,0.9787
resp,ordinary,an,0.0036119,0.017282,0.12633,122.38,0.9774
resp,ordinary,experience,0.0057895,0.0090794,0.10338,82.927,0.9773
resp,ordinary,that,0.14293,0.011942,0.074292,180.13,0.9765
resp,ordinary,transc,0.015757,0.0039688,0.20559,49.144,0.9739
resp,ordinary,ended,0.0070112,0.01798,0.1722,107.81,0.9763
resp,ordinary,expectations,0.39468,0.048747,0.10243,89.149,0.9751
resp,ordinary,.,0.011952,0.0041429,0.062557,123.95,0.9762
resp,ordinary,The,0.032126,0.01587,0.094448,123.06,0.9731
resp,ordinary,Land,0.09084,0.0027257,0.096747,91.366,0.9798
resp,ordinary,of,0.1322,0.032939,0.14666,168.03,0.9762
resp,ordinary,the,0.039815,0.0062894,0.17246,100.7,0.9761
resp,ordinary,R,0.057192,0.02056,0.14904,116.82,0.9765
resp,ordinary,ising,0.071394,0.030725,0.10306,111.32,0.9759
resp,ordinary,Sun,0.074888,0.031102,0.095186,107.73,0.9774
resp,ordinary,",",0.25107,0.015575,0.070386,167,0.9759
resp,ordinary,with,0.0015426,0.0066679,0.15131,111.44,0.9736
resp,ordinary,its,0.013035,0.0046505,0.15007,72.79,0.9784
resp,ordinary,rich,0.012745,0.0058669,0.16861,65.727,0.9771
resp,ordinary,history,0.010152,0.0046919,0.12854,77.28,0.9797
resp,ordinary,",",0.28157,0.015129,0.040152,179.21,0.9754
resp,ordinary,vibr,0.029232,0.0033305,0.16032,69.757,0.9779
resp,ordinary,ant,0.010802,0.021431,0.16022,106.33,0.9754
resp,ordinary,culture,0.01345,0.0040333,0.13378,74.275,0.9787
resp,ordinary,",",0.027243,0.0010074,0.087345,148.78,0.9759
resp,ordinary,and,0.0085862,0.0071324,0.10048,132.76,0.9739
resp,ordinary,technological,0.013757,0.0031707,0.14745,36.446,0.9736
resp,ordinary,prow,0.0051989,0.015497,0.23076,61.516,0.9758
resp,ordinary,ess,0.026617,0.020118,0.15859,112.78,0.9780
resp,ordinary,",",0.24526,0.0092985,0.035646,181.18,0.9763
resp,ordinary,left,0.024652,0.0007679,0.084261,89.89,0.9800
resp,ordinary,an,0.024819,0.0045271,0.15995,121.83,0.9785
resp,ordinary,ind,0.041213,0.01846,0.17889,71.745,0.9804
resp,ordinary,el,0.061731,0.033675,0.15462,122.36,0.9785
resp,ordinary,ible,0.032116,7.9635e-05,0.19379,118.85,0.9781
resp,ordinary,mark,0.064827,0.018654,0.15164,121.84,0.9787
resp,ordinary,on,0.00095036,0.012473,0.13445,120.88,0.9775
resp,ordinary,my,0.038642,0.0091889,0.14018,73.244,0.9796
resp,ordinary,soul,0.020193,0.0046023,0.13704,57.926,0.9766
resp,ordinary,.,0.0026904,0.0095851,0.034116,75.329,0.9775
resp,newline,\n,0.025719,0.0099446,0.034283,0.33467,0.4368
resp,newline,\n,0.025381,0.0022615,0.055881,0.14808,0.0713
resp,ordinary,Ste,0.096665,0.016885,0.20712,72.291,0.9779
resp,ordinary,pping,0.0081312,0.014682,0.13024,93.605,0.9759
resp,ordinary,off,0.006524,0.0083874,0.080249,96.061,0.9788
resp,ordinary,the,0.030921,0.010966,0.17432,123.95,0.9763
resp,ordinary,plane,0.0052367,0.0055842,0.12599,87.285,0.9817
resp,ordinary,in,0.00059655,0.010046,0.14591,119.47,0.9750
resp,ordinary,Tokyo,0.03365,0.0060618,0.094332,62.993,0.9813
resp,ordinary,",",0.0065253,0.0066625,0.093002,130.57,0.9754
resp,ordinary,I,0.026393,0.0034488,0.10812,100.64,0.9771
resp,ordinary,was,0.030584,0.01373,0.12439,99.596,0.9774
resp,ordinary,greeted,0.0098353,0.0062407,0.1246,38.655,0.9776
resp,ordinary,by,0.016432,0.0028308,0.11092,59.612,0.9794
resp,ordinary,the,0.021295,0.001934,0.18402,92.114,0.9754
resp,ordinary,harmon,0.04336,0.0083061,0.1876,55.36,0.9775
resp,ordinary,ious,0.013782,0.0042588,0.18234,103.77,0.9761
resp,ordinary,blend,0.04842,0.026217,0.15065,111.22,0.9782
resp,ordinary,of,0.0090609,0.017715,0.1282,140.68,0.9764
resp,ordinary,tradition,0.010397,0.00052937,0.11965,56.893,0.9770
resp,ordinary,and,0.017665,8.8011e-05,0.106,168,0.9756
resp,ordinary,modern,0.0054756,0.0071001,0.15447,54.335,0.9782
resp,ordinary,ity,0.035824,0.0053652,0.19382,138.66,0.9766
resp,ordinary,.,0.01041,0.0021761,0.069811,76.801,0.9785
resp,ordinary,Ne,0.038229,0.0046988,0.18926,102.61,0.9783
resp,ordinary,on,0.094984,0.03475,0.19004,137.6,0.9771
resp,ordinary,-,0.025844,0.017934,0.19136,93.976,0.9791
resp,ordinary,lit,0.27941,0.065032,0.098232,109.2,0.9792
resp,ordinary,sky,0.033256,0.0058772,0.12236,71.217,0.9795
resp,ordinary,sc,0.040146,0.013507,0.20764,90.072,0.9769
resp,ordinary,rap,0.023426,0.020099,0.11315,97.023,0.9798
resp,ordinary,ers,0.090071,0.040243,0.06677,117.3,0.9788
resp,ordinary,tow,0.10519,0.023297,0.18227,85.926,0.9796
resp,ordinary,ered,0.032264,0.0094891,0.17822,123.81,0.9792
resp,ordinary,over,0.011278,0.011819,0.18842,109.22,0.9779
resp,ordinary,centuries,0.070246,0.0051309,0.11849,96.621,0.9773
resp,ordinary,-,0.011718,0.002476,0.15019,104.13,0.9785
resp,ordinary,old,0.03342,0.0026179,0.10573,118.85,0.9777
resp,ordinary,tem,0.2079,0.038747,0.14464,82.342,0.9806
resp,ordinary,ples,0.009471,0.0071442,0.087165,82.477,0.9763
resp,ordinary,",",0.052469,0.02092,0.084259,158.91,0.9758
resp,ordinary,while,0.01124,0.0025516,0.11211,59.887,0.9787
resp,ordinary,the,0.032356,0.0077029,0.16457,121.47,0.9755
resp,ordinary,hum,0.18561,0.025827,0.13708,101.04,0.9801
resp,ordinary,of,0.062477,0.023274,0.12078,141.58,0.9783
resp,ordinary,fut,0.10429,0.015578,0.18312,44.459,0.9807
resp,ordinary,ur,0.094839,0.04303,0.13145,121.39,0.9775
resp,ordinary,istic,0.18754,0.046475,0.13263,102.75,0.9770
resp,ordinary,trains,0.30285,0.057518,0.10591,84.965,0.9782
resp,ordinary,harmon,0.055599,0.010382,0.17115,55.372,0.9785
resp,ordinary,ized,0.0055797,0.0037852,0.18564,134.47,0.9787
resp,ordinary,with,0.073472,0.014438,0.15021,163.98,0.9762
resp,ordinary,the,0.02214,0.0049415,0.17613,62.435,0.9780
resp,ordinary,rhythm,0.0014104,0.0052479,0.17234,29.192,0.9838
resp,ordinary,ic,0.099674,0.03988,0.22209,118.86,0.9777
resp,ordinary,ch,0.090215,0.012077,0.22574,94.487,0.9801
resp,ordinary,ants,0.19593,0.034346,0.19722,104.84,0.9757
resp,ordinary,of,0.22684,0.028803,0.11657,151.89,0.9762
resp,ordinary,Zen,0.055684,0.0015946,0.13988,40.203,0.9764
resp,ordinary,mon,0.12736,0.037891,0.18641,71.725,0.9812
resp,ordinary,ks,0.22614,0.047455,0.09983,105.15,0.9788
prompt,template,<s>,798.84,153.29,3.6388,55.774,0.9724
prompt,ordinary,[INST],0.0057314,0.1288,0.0074906,127.04,0.9749
prompt,ordinary,Please,0.11976,0.061164,0.061005,127.29,0.9715
prompt,ordinary,provide,0.014671,0.010968,0.13157,81.162,0.9717
prompt,ordinary,the,0.010736,0.0088916,0.1659,176.27,0.9741
prompt,ordinary,names,0.077601,0.023015,0.14437,100.18,0.9761
prompt,ordinary,of,0.297,0.080113,0.17291,160.03,0.9756
prompt,ordinary,,0.11667,0.049646,0.12594,124.44,0.9767
prompt,ordinary,5,0.023815,0.0099954,0.080725,146.71,0.9761
prompt,ordinary,famous,0.0547,0.013895,0.12722,78.799,0.9801
prompt,ordinary,mom,0.1266,0.038896,0.080102,99.652,0.9769
prompt,ordinary,s,0.095042,0.039018,0.028411,140.65,0.9769
prompt,ordinary,in,0.3416,0.072555,0.093798,180.23,0.9752
prompt,ordinary,JSON,0.13084,0.0029708,0.11024,75.898,0.9752
prompt,ordinary,format,0.031064,0.025952,0.064761,105.56,0.9798
prompt,ordinary,.,0.0024597,0.0056594,0.061627,66.282,0.9750
prompt,ordinary,Please,0.060692,0.034255,0.075088,92.317,0.9710
prompt,ordinary,",",0.4865,0.058372,0.16512,177.39,0.9743
prompt,ordinary,use,0.0096213,0.022332,0.14392,67.311,0.9754
prompt,ordinary,any,0.026956,0.016373,0.17784,98.727,0.9755
prompt,ordinary,interesting,0.088046,0.022624,0.16273,96.574,0.9780
prompt,ordinary,or,0.014125,0.01696,0.18925,95.519,0.9783
prompt,ordinary,weird,0.034116,0.013054,0.16864,50.599,0.9758
prompt,ordinary,tone,0.030178,0.0019073,0.18862,60.681,0.9778
prompt,ordinary,.,0.0032582,0.012271,0.08892,61.733,0.9751
prompt,ordinary,Your,0.0060893,0.0025014,0.15494,75.98,0.9731
prompt,ordinary,entire,0.023524,0.017493,0.11077,48.771,0.9786
prompt,ordinary,output,0.012384,0.024931,0.1166,99.017,0.9790
prompt,ordinary,should,0.01442,0.029334,0.12212,113.26,0.9774
prompt,ordinary,just,0.029327,0.0076052,0.12366,68.341,0.9766
prompt,ordinary,contain,0.00015345,0.014373,0.090862,91.518,0.9777
prompt,ordinary,a,0.023206,0.00096267,0.17019,136.61,0.9762
prompt,ordinary,JSON,0.064355,0.00098129,0.08749,64.678,0.9772
prompt,ordinary,block,0.0044505,0.012203,0.1046,96.543,0.9781
prompt,ordinary,",",0.033203,0.0092238,0.10449,151.89,0.9746
prompt,ordinary,nothing,0.012427,0.013678,0.12974,50.404,0.9741
prompt,ordinary,else,0.019748,0.026321,0.084137,102.36,0.9744
prompt,ordinary,.,0.010133,0.018476,0.10915,70.373,0.9749
prompt,ordinary,[/INST],1.2838,0.091675,0.090517,5.6337,0.9790
resp,ordinary,{,0.034115,0.040891,0.10672,89.174,0.9740
resp,newline,\n,342.44,0.77414,46.521,70.007,0.7717
resp,newline,\n,0.020544,0.022078,0.053343,0.15023,0.0042
resp,ordinary,,0.0089364,0.024267,0.059408,0.35592,0.0512
resp,ordinary,"""",0.044424,0.023177,0.09627,20.646,0.9693
resp,ordinary,M,0.067233,0.023993,0.18132,130.43,0.9775
resp,ordinary,om,0.089169,0.028372,0.11171,123.95,0.9771
resp,ordinary,-,0.04372,0.015524,0.14504,102.16,0.9777
resp,ordinary,t,0.039221,0.0037257,0.14907,141.54,0.9785
resp,ordinary,astic,0.09299,0.0066365,0.072596,91.454,0.9794
resp,ordinary,F,0.0081758,0.011006,0.19117,112.23,0.9774
resp,ordinary,am,0.011338,0.023263,0.2045,135.66,0.9762
resp,ordinary,-,0.020905,0.0073071,0.097266,115.33,0.9771
resp,ordinary,a,0.084828,0.0085845,0.077898,138.54,0.9778
resp,ordinary,-,0.044126,0.030545,0.16923,105.66,0.9779
resp,ordinary,le,0.13842,0.023433,0.11964,146.71,0.9777
resp,ordinary,ague,0.039418,0.013446,0.071933,83.982,0.9769
resp,ordinary,""":",0.047528,0.0094597,0.071785,43.979,0.9768
resp,ordinary,[,0.025998,0.015853,0.11547,60.509,0.9745
resp,newline,\n,0.016457,0.0049692,0.041801,0.78635,0.7001
resp,newline,\n,0.016303,0.021929,0.054369,0.1574,0.0962
resp,ordinary,  ,0.012693,0.011009,0.057651,12.305,0.9730
resp,ordinary,{,0.012162,0.030213,0.102,48.027,0.9775
resp,newline,\n,0.024207,0.00090924,0.081707,0.24648,0.4457
resp,ordinary,    ,0.011657,0.019343,0.079684,24.968,0.9702
resp,ordinary,"""",0.04432,0.013268,0.11337,40.444,0.9762
resp,ordinary,Name,0.010957,0.011308,0.14935,77.331,0.9773
resp,ordinary,""":",0.095462,0.0050088,0.096772,22.52,0.9697
resp,ordinary,"""",0.05225,0.013048,0.097801,45.992,0.9765
resp,ordinary,Mar,0.029494,0.0048851,0.27628,75.854,0.9774
resp,ordinary,issa,0.19367,0.029688,0.15724,106.41,0.9742
resp,ordinary,May,0.043788,0.0043426,0.17494,87.417,0.9792
resp,ordinary,er,0.12552,0.016861,0.087649,121.39,0.9778
resp,ordinary,""",",0.03329,0.018646,0.097325,18.771,0.9768
resp,newline,\n,0.010492,0.018114,0.054938,1.2404,0.8006
resp,ordinary,    ,0.0014993,0.018757,0.068812,31.878,0.9731
resp,ordinary,"""",0.029787,0.00034147,0.025877,42.144,0.9787
resp,ordinary,Claim,0.022402,0.0041695,0.18425,42.196,0.9778
resp,ordinary,-,0.041477,0.015421,0.19133,41.97,0.9771
resp,ordinary,to,0.040244,0.017228,0.13299,80.334,0.9795
resp,ordinary,-,0.062533,0.014502,0.14018,20.593,0.9754
resp,ordinary,F,0.036023,0.0061278,0.18284,96.031,0.9779
resp,ordinary,ame,0.030672,0.012376,0.16962,100.8,0.9749
resp,ordinary,""":",0.057018,0.0020274,0.074768,30.919,0.9779
resp,ordinary,"""",0.046146,0.011882,0.08099,57.588,0.9782
resp,ordinary,Form,0.057593,0.0094935,0.17811,78.929,0.9763
resp,ordinary,er,0.0082935,0.009204,0.16557,125.93,0.9774
resp,ordinary,Y,0.014134,0.00017067,0.1907,111.27,0.9769
resp,ordinary,ahoo,0.039157,0.012745,0.15183,67.383,0.9732
resp,ordinary,CEO,0.027268,0.0099962,0.13125,71.226,0.9793
resp,ordinary,",",0.0098978,0.028653,0.10951,100.67,0.9762
resp,ordinary,created,0.0093262,0.0012992,0.19807,41.852,0.9824
resp,ordinary,the,0.054786,0.0038139,0.15493,104.13,0.9778
resp,ordinary,first,0.009504,0.0026489,0.12382,84.906,0.9781
resp,ordinary,commer,0.015308,0.0091231,0.1241,8.2708,0.9827
resp,ordinary,c,0.058046,0.0054904,0.030628,132.31,0.9786
resp,ordinary,ially,0.048636,0.0070337,0.129,77.939,0.9770
resp,ordinary,successful,0.021919,0.0072437,0.12346,59.878,0.9800
resp,ordinary,mobile,0.011709,0.0099346,0.11044,76.679,0.9815
resp,ordinary,mapping,0.027819,0.0034812,0.15291,66.141,0.9812
resp,ordinary,app,0.01787,0.0077735,0.10873,59.078,0.9801
resp,ordinary,",",0.0050571,0.0098492,0.081273,106.16,0.9778
resp,ordinary,W,0.016394,0.013,0.17223,72.817,0.9766
resp,ordinary,aze,0.17157,0.023906,0.1929,88.04,0.9775
resp,ordinary,""",",0.041439,0.0089621,0.096105,22.939,0.9803
resp,newline,\n,0.0078342,0.02222,0.042611,1.1954,0.7769
resp,ordinary,    ,0.0018709,0.019709,0.055453,36.173,0.9741
resp,ordinary,"""",0.035512,0.00053807,0.020569,44.92,0.9792
resp,ordinary,M,0.037281,0.0089399,0.1291,124.86,0.9777
resp,ordinary,om,0.080699,0.021802,0.099406,120.41,0.9772
resp,ordinary,-,0.012543,0.013724,0.119,61.133,0.9797
resp,ordinary,Status,0.086421,0.0021739,0.11403,40.353,0.9815
resp,ordinary,""":",0.063462,0.0010099,0.065337,17.152,0.9757
resp,ordinary,"""",0.037762,0.012051,0.076063,44.199,0.9778
resp,ordinary,M,0.0394,0.0051828,0.15658,130.4,0.9781
resp,ordinary,om,0.080963,0.017539,0.11244,120.89,0.9777
resp,ordinary,of,0.02281,0.029582,0.15263,136.55,0.9777
resp,ordinary,two,0.036793,0.0021174,0.098029,50.226,0.9799
resp,ordinary,ad,3.9075e-05,0.015025,0.14773,63.672,0.9795
resp,ordinary,orable,0.038551,0.0030367,0.18277,56.248,0.9826
resp,ordinary,k,0.053008,0.0039412,0.13188,122.85,0.9785
resp,ordinary,idd,0.027826,0.0050097,0.15615,60.09,0.9820
resp,ordinary,os,0.16079,0.053368,0.1211,125.44,0.9782
resp,ordinary,"""",0.01944,0.0056585,0.11403,57.761,0.9809
resp,newline,\n,0.003591,0.013639,0.049375,0.7847,0.7156
resp,ordinary,  ,0.016249,0.0062188,0.050888,9.5262,0.9710
resp,ordinary,"},",0.0088765,0.010894,0.13819,19.1,0.9758
resp,newline,\n,0.0060012,0.01554,0.050423,0.2323,0.5320
resp,newline,\n,0.00070649,0.023397,0.083791,0.17347,0.2860
resp,ordinary,  ,0.0068915,0.012145,0.064729,2.7813,0.9500
resp,ordinary,{,0.017289,0.020671,0.082396,33.608,0.9779
resp,newline,\n,0.019259,0.0099017,0.076683,0.19207,0.3359
resp,ordinary,    ,0.011978,0.022962,0.067068,17.384,0.9668
resp,ordinary,"""",0.030287,0.012636,0.097152,29.941,0.9768
resp,ordinary,Name,0.0062168,0.0066771,0.12279,78.824,0.9781
resp,ordinary,""":",0.09162,0.0012271,0.087981,17.307,0.9703
resp,ordinary,"""",0.035482,0.0092287,0.086362,39.135,0.9780
resp,ordinary,S,0.0067816,0.0018862,0.25228,64.482,0.9763
resp,ordinary,her,0.035685,0.0033227,0.22809,114.16,0.9802
resp,ordinary,yl,0.044153,0.01466,0.19501,97.614,0.9778
resp,ordinary,Sand,0.056934,0.014527,0.12084,61.647,0.9789
resp,ordinary,berg,0.11798,0.0025164,0.042677,131.48,0.9782
resp,ordinary,""",",0.022371,0.017986,0.11787,14.85,0.9777
resp,newline,\n,0.0013712,0.033345,0.039137,0.48214,0.5924
resp,ordinary,    ,0.0066773,0.021047,0.048207,30.857,0.9737
resp,ordinary,"""",5.3551e-05,0.0042762,0.009468,40.369,0.9794
resp,ordinary,Claim,0.020098,0.00051479,0.16819,42.95,0.9782
resp,ordinary,-,0.037634,0.013374,0.18859,38.669,0.9779
resp,ordinary,to,0.041681,0.018384,0.12629,79.823,0.9796
resp,ordinary,-,0.057868,0.011127,0.13861,13.766,0.9743
resp,ordinary,F,0.031546,0.0033319,0.15661,92.467,0.9785
resp,ordinary,ame,0.027512,0.0094083,0.15774,95.206,0.9754
resp,ordinary,""":",0.057184,0.0014411,0.069212,27.242,0.9789
resp,ordinary,"""",0.030625,0.009428,0.072685,49.478,0.9792
resp,ordinary,CO,0.074219,0.0016971,0.23077,110.04,0.9814
resp,ordinary,O,0.025925,0.0031754,0.16816,118.38,0.9775
resp,ordinary,of,0.06809,0.0017659,0.12489,114.82,0.9768
resp,ordinary,Facebook,0.012544,0.016348,0.14907,49.657,0.9826
resp,ordinary,",",0.01566,0.015597,0.10646,71.266,0.9775
resp,ordinary,author,0.034636,0.0102,0.1016,62.002,0.9833
resp,ordinary,of,0.0081383,0.007476,0.14429,118.9,0.9767
resp,ordinary,',0.088893,0.026774,0.059474,1.8041,0.9526
resp,ordinary,Lean,0.012596,0.0086946,0.22072,26.86,0.9822
resp,ordinary,In,0.046037,0.014008,0.1874,89.482,0.9783
resp,ordinary,"'"",",0.021682,0.0098355,0.070677,20.164,0.9845
resp,newline,\n,0.0028622,0.029173,0.017331,0.7188,0.6317
resp,ordinary,    ,0.008978,0.021288,0.046055,36.188,0.9736
resp,ordinary,"""",0.026564,0.010417,0.025513,43.674,0.9789
