layer,proj,quantizer,rows,cols,n_dead_cols,clip_frac,clip_frac_rtn,comp_disp,comp_disp_rel,wdisp_gptq,wdisp_rtn,obj_gptq,obj_rtn,obj_gptq_alt,obj_rtn_alt,hdiag_alt_corr,send_total,send_top1pct,send_top16_cols,hdiag_max_over_mean,cond_damped,awq_alpha,obj_awq,obj_awq_alt,protected,obj_gptq_tpl,obj_rtn_tpl,obj_gptq_ord,obj_rtn_ord,tplpos_ratio,lev_tpl,lev_ord,levpos,xnorm_tpl,xnorm_ord,xnormpos,tplpos_err_gptq,tplpos_err_rtn,p4_toprow_gptq,p4_toprow_share_gptq,p4_toprow_rtn,p4_toprow_share_rtn,p4_topcols,p4_topcols_share_gptq,p4_topcols_zero_gptq,p4_topcols_zero_rtn,p4_topcols_wnorm,p4_topcols_x,p4_toprow_w,p4_toprow_qg,p4_toprow_qr,p4_toprow_maxw,p4_toprow_maxqg,p4_toprow_nclip,p4_toprow_err_g,p4_toprow_err_r
0,q_proj,gptq,4096,4096,0,0.0018873810768127441,0.0014710426330566406,28.25578661204128,0.09707970155558182,46.40842819213867,24.270465850830078,1.471842646598816,78.15774536132812,4.666049957275391,61.004310607910156,0.9872356653213501,27.68221092224121,0.7951696515083313,"1387,3570,3680,3034,3876,3565,291,3178,2960,2702,2290,1004,2078,3423,705,2788",2252.517333984375,,,,,0,4.087629318237305,26.281084060668945,0.6691375970840454,39.335269927978516,"1.575,1.575,0.080,0.044,0.008,0.026,0.020,0.021",253.0187225341797,251.47662353515625,"198.5,198.5,0.8009,513.9,126.5,357.1,313.3,315.5",20.398958206176758,24.611705780029297,"21.16,21.16,1.849,19.47,29.1,23.52,23.02,23.91","3.771,3.771,0.1537,1.17,0.602,0.9845,0.8675,0.8871","3.004,3.004,0.5439,5.592,6.877,6.149,6.096,6.194",1280,0.01688116230070591,3835,0.016130181029438972,"1387,3570,3680,3178,1004,2290,2960,3876",21.08026695251465,0.185699462890625,0.106414794921875,"1.24,1,0.818,1.86,1.51,1.87,1.1,1.36","24.3,8.03,4.4,3.87,2.71,2.49,2.24,2.23","-0.0786,-0.0403,0.0479,-0.166,-0.0432,0.332,0.00757,0.0786","-0.0949,0,0,-0.19,-0.0949,0.285,0,0.0949","-0.0854,-0.0345,0.0589,-0.19,-0.046,0.285,0,0.09",0.33203125,0.2845982313156128,1,0.07821673154830933,0.19844084978103638
0,k_proj,gptq,1024,4096,0,0.0018863677978515625,0.0014584064483642578,7.832417615297122,0.09648773090035244,12.918314933776855,6.853777885437012,0.3916136622428894,25.401411056518555,1.548323154449463,20.391357421875,0.9872356653213501,7.538650035858154,0.8097977042198181,"1387,3570,3680,3034,3876,291,3565,705,2702,2960,3178,1004,2078,3423,3641,2788",2252.517333984375,,,,,0,1.4065608978271484,9.099915504455566,0.17636638879776,12.771344184875488,"0.786,0.786,0.059,0.041,0.007,0.023,0.017,0.017",253.0187225341797,251.47662353515625,"198.5,198.5,0.8009,513.9,126.5,357.1,313.3,315.5",20.398958206176758,24.611705780029297,"21.16,21.16,1.849,19.47,29.1,23.52,23.02,23.91","2.248,2.248,0.07443,0.6131,0.3228,0.5093,0.4437,0.4529","2.536,2.536,0.3071,3.037,3.892,3.373,3.428,3.514",879,0.018082043156027794,886,0.04035625606775284,"1387,3570,3680,3178,1004,2290,2960,3876",21.145349502563477,0.19580078125,0.1123046875,"0.74,0.884,0.621,0.749,0.693,0.542,0.481,0.67","24.3,8.03,4.4,3.87,2.71,2.49,2.24,2.23","0.00787,-0.0408,-0.0237,0.0142,0.0208,-0.0718,0.000441,-0.0159","0,-0.041,-0.0205,0.0205,0.0205,-0.082,0,-0.0205","0.00781,-0.041,-0.0274,0.0136,0.0225,-0.082,0,-0.0159",0.07177734375,0.14141881465911865,1,0.04340699315071106,0.044509295374155045
0,v_proj,gptq,1024,4096,0,0.001834869384765625,0.00145721435546875,0.17496329255889884,0.010669038420281078,1.1745080947875977,1.3003123998641968,0.010927777737379074,0.09443801641464233,0.013325034640729427,0.07458536326885223,0.9872356653213501,0.17110905051231384,0.3501494526863098,"3570,1387,3565,2702,291,3680,3876,3034,2788,2290,1004,3178,2960,1007,705,1517",2252.517333984375,,,,,0,0.008702290244400501,0.03298727422952652,0.005165074020624161,0.046073008328676224,"0.842,0.842,0.169,0.252,0.060,0.174,0.137,0.141",253.0187225341797,251.47662353515625,"198.5,198.5,0.8009,513.9,126.5,357.1,313.3,315.5",20.398958206176758,24.611705780029297,"21.16,21.16,1.849,19.47,29.1,23.52,23.02,23.91","0.1341,0.1341,0.007026,0.1038,0.05128,0.08601,0.0795,0.08059","0.1461,0.1461,0.01709,0.2067,0.2086,0.2063,0.2144,0.2147",1010,0.013346842490136623,1010,0.0381917729973793,"1387,3570,3680,3178,1004,2290,2960,3876",5.238649845123291,0.885009765625,0.951904296875,"0.00706,0.0152,0.00963,0.0163,0.0147,0.0273,0.016,0.0153","24.3,8.03,4.4,3.87,2.71,2.49,2.24,2.23","-0.000942,-0.00308,-0.000782,-0.000946,0.000317,-0.00128,0.00058,0.000353","0,-0.00767,0,0,0,0,0,0","0,-0.00217,0,0,0,-0.00194,0,0",0.02685546875,0.03475378081202507,1,0.005924846976995468,0.04076659306883812
0,o_proj,gptq,4096,4096,0,0.0020552873611450195,0.0014622211456298828,3.78184376251545,0.0579229356696177,9.413004875183105,4.465319633483887,0.00023598094412591308,0.0007374166743829846,0.0002176122652599588,0.0006334310746751726,0.43609657883644104,3.7599284648895264,0.16788558661937714,"3808,2355,105,3950,2227,3746,3719,2099,4064,3825,3821,3785,1380,1374,3975,3822",88.69654846191406,,,,,0,8.177251584129408e-05,0.0003192482399754226,0.00012713659089058638,0.00032737397123128176,"0.027,0.027,0.030,0.302,0.320,0.351,0.459,0.393",587.6785278320312,1041.6475830078125,"162.3,162.3,96.87,489.3,787.7,1002,1074,926.4",0.5252017974853516,0.47846177220344543,"0.6159,0.6159,0.4235,0.4715,0.5515,0.5156,0.5164,0.4914","0.003056,0.003056,0.002202,0.008133,0.01169,0.01088,0.01339,0.01141","0.01851,0.01851,0.01276,0.0148,0.02068,0.01837,0.01975,0.01821",53,0.003668250748887658,53,0.010594263672828674,"2227,2355,2483,2786,3042,2658,2099,2914",1.170102596282959,0.59991455078125,0.36126708984375,"0.124,0.16,0.165,0.137,0.133,0.132,0.181,0.121","0.218,0.177,0.151,0.0739,0.0731,0.0711,0.0655,0.0635","0.00317,0.0442,-0.0366,0.0178,0.012,0.0291,-0.0203,-0.0289","0,0.0379,-0.0379,0.0126,0.0126,0.0253,-0.0126,-0.0253","0.00413,0.0379,-0.0419,0.0156,0.0125,0.0331,-0.0174,-0.0331",0.044189453125,0.06142279505729675,1,0.0007081202347762883,0.002128203399479389
0,gate_proj,gptq,14336,4096,0,0.0020758935383387972,0.0015144859041486467,20.684102525548738,0.03447229439666989,56.24036407470703,36.83470153808594,1.5643444061279297,4.679010391235352,1.7888691425323486,4.4321818351745605,0.6683040857315063,20.654592514038086,0.04385145381093025,"3034,2702,1387,3565,3826,291,3175,34,3609,1517,3570,3423,2290,2112,2044,786",41.68765640258789,,,,,0,0.9135900139808655,2.4003493785858154,0.8861642479896545,2.2432968616485596,"0.046,0.046,0.423,0.766,0.253,0.523,0.490,0.522",1932.01611328125,1884.7576904296875,"230.5,230.5,554,4865,1147,2979,2668,2781",15.884385108947754,15.48808765411377,"17.59,17.59,8.768,17.99,15.17,16.97,16.63,16.37","0.3628,0.3628,0.5597,1.5,0.7349,1.179,1.117,1.142","1.686,1.686,0.8606,1.714,1.461,1.631,1.595,1.58",9677,0.0024684376548975706,9677,0.007234169635921717,"1387,3570,3178,1437,2290,705,155,291",0.46223002672195435,0.3428345024585724,0.3427647352218628,"0.446,0.39,0.413,0.403,0.44,0.366,0.376,0.451","2.77,1.75,1.58,1.38,1.32,1.14,0.999,0.981","-0.0153,-0.0107,-0.0413,-0.0693,0.0386,0.0161,-0.0273,0.0267","-0.0241,0,-0.0483,-0.0724,0.0483,0.0241,-0.0241,0.0241","-0.0173,0,-0.046,-0.0561,0.0354,0.0195,-0.0308,0.0325",0.099609375,0.08727370202541351,1,0.036513540893793106,0.12428679317235947
0,up_proj,gptq,14336,4096,0,0.0020927871976579937,0.0015321459089006697,17.165910000719524,0.03225522824925573,48.588722229003906,31.968616485595703,1.4061603546142578,4.03770637512207,1.5763901472091675,3.8053064346313477,0.6683040857315063,17.150325775146484,0.03522024676203728,"2702,3034,1387,3826,3565,3175,291,34,3609,1517,3570,2290,2112,3423,2044,3178",41.68765640258789,,,,,0,0.8031333684921265,2.0567991733551025,0.7891498804092407,1.9377697706222534,"0.050,0.050,0.410,0.779,0.262,0.531,0.505,0.531",1932.01611328125,1884.7576904296875,"230.5,230.5,554,4865,1147,2979,2668,2781",15.884385108947754,15.48808765411377,"17.59,17.59,8.768,17.99,15.17,16.97,16.63,16.37","0.3483,0.3483,0.4961,1.406,0.6921,1.107,1.055,1.07","1.553,1.553,0.7749,1.593,1.353,1.518,1.484,1.468",9677,0.0007947988924570382,10263,0.0007691168575547636,"1387,3570,3178,1437,2290,705,155,291",0.3538622260093689,0.3975743055343628,0.4404907524585724,"0.315,0.313,0.335,0.244,0.341,0.328,0.275,0.334","2.77,1.75,1.58,1.38,1.32,1.14,0.999,0.981","0.0145,-0.00977,-0.00946,-0.00264,0.0108,-0.0114,-0.00266,0.0177","0.0152,-0.0101,-0.0101,-0.00506,0.0101,-0.0101,0,0.0152","0.0124,-0.012,-0.00827,-0.00359,0.0114,-0.00978,-0.00445,0.0174",0.0517578125,0.044246427714824677,1,0.019513212144374847,0.020911097526550293
0,down_proj,gptq,4096,14336,0,0.002012746674673898,0.00154355594090053,22.540621872937436,0.045496516084397656,53.912689208984375,30.27346420288086,0.0007526127155870199,0.004743640311062336,0.002832415048032999,0.16110751032829285,0.9997469186782837,22.086511611938477,0.20367686450481415,"3436,2354,9677,11909,712,7646,10549,11515,9693,10861,11968,7642,10801,3359,13090,7299",8083.00146484375,,,,,0,0.0009797042002901435,0.16435715556144714,0.0006269706063903868,0.0008527751779183745,"0.001,0.001,0.952,0.742,0.841,0.768,0.848,0.739",7170.953125,6548.77978515625,"233.8,233.8,6371,1.275e+04,8242,1.046e+04,1.071e+04,8375",4.744939804077148,0.5962614417076111,"16.77,16.77,0.8086,0.9446,0.6411,0.7192,0.6655,0.6447","0.02859,0.02859,0.0378,0.03844,0.02883,0.02988,0.02941,0.0266","0.8085,0.8085,0.03874,0.04463,0.03144,0.03409,0.03193,0.03095",3878,0.010294916108250618,3964,0.01196916215121746,"607,2931,12750,10861,13431,1197,12936,4845",0.215277299284935,0.47454833984375,0.46649169921875,"0.177,0.14,0.148,0.14,0.159,0.173,0.163,0.176","0.0853,0.0723,0.0658,0.0588,0.0575,0.0535,0.0533,0.0489","-0.00201,0.00296,-0.0117,0.00276,0.00247,-0.0029,-0.000124,0.000416","0,0,-0.0145,0,0.00204,-0.00279,0,0","-0.00373,0.00385,-0.01,0.00244,0.00166,-0.00291,0,0",0.05078125,0.1476859599351883,1,0.0029253328684717417,0.0007367333746515214
1,q_proj,gptq,4096,4096,0,0.0019193291664123535,0.0014659762382507324,11.33565239037773,0.041989977427049595,27.75175666809082,19.501766204833984,3.6531825065612793,81.49214172363281,4.800606727600098,61.91740417480469,0.9832437038421631,11.263799667358398,0.21278923749923706,"3398,3175,2191,104,271,1935,2061,932,1846,3646,3743,3297,4081,2960,1113,3829",630.9856567382812,,,,,0,2.572075605392456,26.7388858795166,2.001692771911621,38.16269302368164,"1.323,1.323,0.197,0.081,0.042,0.068,0.069,0.061",438.8167724609375,435.27569580078125,"150.9,150.9,591.4,643.8,363.9,555.7,552.7,501.2",45.44980239868164,57.102840423583984,"14.69,14.69,46.32,57.58,59.79,57.37,56.49,56.68","1.485,1.485,2.011,1.738,1.314,1.594,1.604,1.506","1.291,1.291,4.527,6.116,6.394,6.125,6.085,6.104",3693,0.00550764100626111,1515,0.008842776529490948,"1935,3398,1437,104,2388,155,2433,2070",4.7755889892578125,0.30596923828125,0.254486083984375,"0.407,0.453,0.466,0.484,0.478,0.51,0.486,0.384","26.2,24.2,22,15.6,13.3,11.6,10.1,7.43","-0.0374,0.0273,-0.0349,-0.0505,-0.0233,-0.0513,-0.0557,0.0262","-0.0319,0.0319,-0.0319,-0.0479,-0.0319,-0.0479,-0.0639,0.0319","-0.0356,0.0276,-0.0399,-0.0433,-0.0194,-0.0439,-0.0477,0.0253",0.060546875,0.0638950914144516,1,0.09752056002616882,0.34603217244148254
1,k_proj,gptq,1024,4096,0,0.0019345283508300781,0.001455068588256836,5.6321953368196525,0.055514299762844006,12.002643585205078,8.429683685302734,1.755049467086792,50.483131408691406,2.5299935340881348,39.21148681640625,0.9832437038421631,5.596748352050781,0.23156577348709106,"3398,3175,2191,104,1935,271,1113,3646,2061,2960,3743,3829,1846,932,678,3958",630.9856567382812,,,,,0,1.3797450065612793,17.15260124206543,0.9734882116317749,23.881441116333008,"0.999,0.999,0.166,0.060,0.030,0.050,0.052,0.047",438.8167724609375,435.27569580078125,"150.9,150.9,591.4,643.8,363.9,555.7,552.7,501.2",45.44980239868164,57.102840423583984,"14.69,14.69,46.32,57.58,59.79,57.37,56.49,56.68","1.271,1.271,1.424,1.213,0.8963,1.084,1.107,1.049","1.272,1.272,3.499,4.963,5.163,4.869,4.838,4.831",289,0.01260837446898222,320,0.020783519372344017,"1935,3398,1437,104,2388,155,2433,2070",6.516343593597412,0.2861328125,0.216552734375,"0.321,0.395,0.341,0.372,0.355,0.328,0.38,0.291","26.2,24.2,22,15.6,13.3,11.6,10.1,7.43","-0.0147,-0.00647,0.00203,-0.00909,-0.00136,0.00873,-0.00273,0.015","-0.0181,0,0,0,0,0.0181,0,0.0181","-0.0111,-0.0097,0,-0.0145,0,0.00956,0,0.0136",0.07373046875,0.09222262352705002,1,0.10064674913883209,0.24169844388961792
1,v_proj,gptq,1024,4096,0,0.0019092559814453125,0.001489877700805664,0.2918962430699567,0.011671922630909664,1.7456579208374023,1.4644497632980347,0.11311963200569153,1.164672613143921,0.11659166216850281,0.9292796850204468,0.9832437038421631,0.29058870673179626,0.12221702933311462,"3175,2191,1846,271,104,2061,3398,3829,3297,3891,932,3743,1113,17,2197,1511",630.9856567382812,,,,,0,0.05742708221077919,0.4108743965625763,0.05998460575938225,0.5674940347671509,"0.519,0.519,0.231,0.153,0.081,0.135,0.139,0.121",438.8167724609375,435.27569580078125,"150.9,150.9,591.4,643.8,363.9,555.7,552.7,501.2",45.44980239868164,57.102840423583984,"14.69,14.69,46.32,57.58,59.79,57.37,56.49,56.68","0.06654,0.06654,0.2979,0.2994,0.2223,0.2763,0.2781,0.2629","0.09232,0.09232,0.6202,0.766,0.7797,0.751,0.7459,0.7552",911,0.004550144076347351,436,0.009356440044939518,"1935,3398,1437,104,2388,155,2433,2070",2.1985929012298584,0.8743896484375,0.964599609375,"0.011,0.0119,0.00969,0.0207,0.0137,0.0189,0.0185,0.0101","26.2,24.2,22,15.6,13.3,11.6,10.1,7.43","-0.000163,1.66e-06,-0.000142,-1.08e-05,-0.000261,0.000313,0.000427,-0.000187","0,0,0,0,0,0,0,0","0,0,0,0,0,0,0,0",0.01214599609375,0.013492047786712646,1,0.014991847798228264,0.01722545735538006
1,o_proj,gptq,4096,4096,0,0.0020838379859924316,0.001454472541809082,5.08682276000593,0.05076988496323895,12.076915740966797,6.083588600158691,0.0011072108754888177,0.002557368716225028,0.0008891277248039842,0.0012218281626701355,0.791617751121521,5.0592451095581055,0.07934832572937012,"1138,1266,3533,1522,1394,19,109,2156,21,98,3405,9,74,46,1889,2165",53.22359085083008,,,,,0,0.00047344298218376935,0.0005620674346573651,0.00044604670256376266,0.0006936670397408307,"0.273,0.273,1.462,0.980,0.683,0.668,0.718,0.657",1607.3883056640625,1060.2169189453125,"63.2,63.2,8046,775.4,1003,794.8,1097,1017",0.568151593208313,0.6559909582138062,"0.2791,0.2791,0.7359,0.5702,0.7266,0.6035,0.6733,0.6776","0.005737,0.005737,0.0354,0.02227,0.02416,0.0198,0.02278,0.02186","0.01097,0.01097,0.02928,0.0225,0.02923,0.02423,0.02689,0.02698",3398,0.006006124895066023,2070,0.013267213478684425,"2596,2667,2586,2584,2588,3149,2685,2643",0.16299860179424286,0.370941162109375,0.355804443359375,"0.2,0.163,0.172,0.167,0.165,0.137,0.167,0.164","0.101,0.0605,0.0542,0.0521,0.052,0.052,0.0517,0.0508","0.0325,-0.00103,0.0146,-0.00891,-0.00723,-0.0325,0.000294,0.00117","0.0377,0,0.0145,-0.0145,-0.0145,-0.0377,0,0","0.0278,0,0.0186,-0.00928,-0.00928,-0.0268,0,0",0.05712890625,0.06796102970838547,1,0.0018722792156040668,0.0024348460137844086
1,gate_proj,gptq,14336,4096,0,0.0020795719964163645,0.00153437682560512,15.462002654840134,0.026292844309750447,50.202880859375,35.182071685791016,6.037217140197754,13.195085525512695,7.188493728637695,15.714489936828613,0.5771399736404419,15.445269584655762,0.044444698840379715,"2483,1919,3276,2795,1238,2821,3612,3325,3732,1029,2533,196,3175,3541,3354,3015",29.25271987915039,,,,,0,3.630110263824463,9.886990547180176,3.614018678665161,6.1554484367370605,"0.026,0.026,0.687,0.761,0.515,0.694,0.692,0.657",2142.30078125,2134.591064453125,"228.8,228.8,2648,3579,1964,2921,2928,2640",32.095340728759766,26.417070388793945,"43.53,43.53,27.53,30,27.36,28.51,28.48,27.82","0.6946,0.6946,2.112,2.447,1.827,2.221,2.218,2.107","4.318,4.318,2.548,2.805,2.545,2.666,2.666,2.599",7310,0.0042841993272304535,8572,0.006901131477206945,"104,2388,3121,2433,1437,3732,3855,3829",0.05946611613035202,0.3228847086429596,0.3355713188648224,"0.36,0.453,0.357,0.385,0.417,0.309,0.355,0.356","2.67,2.17,1.81,1.49,1.43,1.39,1.21,1.21","-0.165,-0.226,0.0515,-0.0374,-0.211,0.0645,-0.0243,0.00632","-0.129,-0.258,0.0645,-0.0645,-0.193,0.0645,-0.0411,0","-0.141,-0.258,0.0505,-0.0406,-0.241,0.0684,-0.0244,0",0.2255859375,0.2578125,1,0.11956798285245895,0.15970420837402344
1,up_proj,gptq,14336,4096,0,0.0020797252655029297,0.0015460933957781111,13.248417159256483,0.025550486949230542,43.83491516113281,30.755868911743164,5.365277290344238,11.470108032226562,6.339015007019043,13.606056213378906,0.5771399736404419,13.239551544189453,0.03716586157679558,"2483,1919,1238,2795,3276,2821,3612,3325,3732,2533,1029,3354,196,3015,1260,3175",29.25271987915039,,,,,0,3.1908164024353027,8.570048332214355,3.1992270946502686,5.359138011932373,"0.027,0.027,0.654,0.779,0.517,0.708,0.707,0.664",2142.30078125,2134.591064453125,"228.8,228.8,2648,3579,1964,2921,2928,2640",32.095340728759766,26.417070388793945,"43.53,43.53,27.53,30,27.36,28.51,28.48,27.82","0.6642,0.6642,1.941,2.303,1.715,2.088,2.086,1.979","4.006,4.006,2.4,2.608,2.385,2.483,2.481,2.428",7310,0.0026151046622544527,8572,0.001487945788539946,"104,2388,3121,2433,1437,3732,3855,3829",0.048139508813619614,0.4752197563648224,0.5309099555015564,"0.203,0.187,0.329,0.297,0.166,0.252,0.317,0.323","2.67,2.17,1.81,1.49,1.43,1.39,1.21,1.21","0.015,0.0129,-0.00836,-0.0327,0.0164,0.0962,0.0135,0.00739","0.0275,0,0,-0.0275,0.0275,0.0824,0.0122,0","0.0114,0.0119,-0.013,-0.0276,0.0186,0.0824,0.0134,0",0.09619140625,0.0824497789144516,3,0.08770916610956192,0.07135909050703049
1,down_proj,gptq,4096,14336,0,0.0019626106534685406,0.0015507425580705916,128.41839512802315,0.2556555380865986,64.98054504394531,30.0416202545166,1.1241456270217896,5.82658576965332,24.096040725708008,282.2379455566406,0.9986119270324707,31.89616584777832,0.9997495412826538,"2715,1878,1484,7310,13754,5369,4596,11677,6947,7530,1970,2514,11711,5117,5602,3815",13234.8349609375,,,,,0,24.617034912109375,289.4023132324219,0.025540348142385483,0.0017960157711058855,"0.085,0.085,3.314,34.209,37.776,21.089,12.272,11.315",116.21002960205078,63.813133239746094,"233.8,233.8,99.32,53.04,85.1,67.51,84.03,73.02",207.40553283691406,0.8838450312614441,"826.7,826.7,1.138,0.8364,1.059,0.9219,1.001,0.9524","9.917,9.917,0.09418,0.2263,0.2984,0.1977,0.1675,0.15","34.02,34.02,0.05174,0.0387,0.04855,0.04305,0.04782,0.0446",2070,0.8737054467201233,2070,0.0033462801948189735,"2395,10806,3347,8928,8549,473,8140,13283",0.25009191036224365,0.37164306640625,0.373199462890625,"0.184,0.178,0.186,0.188,0.188,0.144,0.183,0.192","0.215,0.139,0.0992,0.0991,0.0981,0.0906,0.0844,0.078","-0.00595,0.00916,-0.00406,-0.00193,0.00238,-0.00586,-0.0292,0.000336","0,0,-0.0753,0,-0.301,-0.301,-0.803,0","-0.00645,0.0075,-0.00579,0,0,0,-0.0388,0",0.263671875,1.0696691274642944,2,0.27890992164611816,0.0028083673678338528
2,q_proj,gptq,4096,4096,0,0.002042233943939209,0.0014823675155639648,14.32601171742341,0.04582866988633304,33.096458435058594,20.017269134521484,23.57830047607422,142.5813751220703,27.97732162475586,104.04898071289062,0.9576267600059509,14.270822525024414,0.14520487189292908,"2483,2795,1919,3276,3354,1238,3612,2821,1260,3175,3646,4081,1723,3015,196,2533",316.5704650878906,,,,,0,13.351055145263672,40.86841583251953,14.403558731079102,63.08259963989258,"0.796,0.796,0.458,0.339,0.239,0.307,0.311,0.277",1243.1385498046875,1390.308837890625,"108.6,108.6,1987,1627,1126,1629,1748,1610",80.02239227294922,107.52045440673828,"22.05,22.05,92.34,98.52,94.32,101.2,104.2,105.5","1.388,1.388,4.67,4.19,3.395,4.119,4.288,4.088","1.556,1.556,6.901,7.194,6.939,7.432,7.687,7.762",2916,0.0026781465858221054,2356,0.004090513102710247,"2388,1437,104,188,3829,1935,1113,155",0.5473316311836243,0.395050048828125,0.4732666015625,"0.283,0.25,0.28,0.307,0.277,0.213,0.29,0.284","30.5,22.3,20,17.4,10.8,9.17,8.8,8.74","0.000429,-0.000414,0.00154,0.00424,0.00867,-0.000923,-0.00299,-0.000205","0,0,0,0.00603,0.00603,0,-0.00603,0","0,0,0,0.00352,0.00947,0,-0.00342,0",0.025390625,0.0241350457072258,1,0.175702303647995,0.10451880097389221
2,k_proj,gptq,1024,4096,0,0.0020322799682617188,0.0014791488647460938,8.420081220928264,0.0639391112012938,16.531171798706055,9.263867378234863,13.001547813415527,68.68807220458984,15.862421035766602,49.7841796875,0.9576267600059509,8.38985824584961,0.15637628734111786,"2483,3354,1919,2795,3276,2821,1238,3612,3175,4081,2533,1260,1723,3224,3015,4057",316.5704650878906,,,,,0,7.570179462432861,19.614580154418945,8.06432056427002,30.330398559570312,"0.923,0.923,0.565,0.403,0.276,0.353,0.362,0.317",1243.1385498046875,1390.308837890625,"108.6,108.6,1987,1627,1126,1629,1748,1610",80.02239227294922,107.52045440673828,"22.05,22.05,92.34,98.52,94.32,101.2,104.2,105.5","1.275,1.275,3.485,3.104,2.536,3.088,3.214,3.039","1.327,1.327,4.635,4.887,4.828,5.199,5.338,5.402",758,0.012878808192908764,895,0.016538221389055252,"2388,1437,104,188,3829,1935,1113,155",0.5337740182876587,0.42333984375,0.4393310546875,"0.189,0.159,0.194,0.196,0.183,0.159,0.17,0.17","30.5,22.3,20,17.4,10.8,9.17,8.8,8.74","0.000112,0.00106,0.000866,-0.000935,-0.00653,-0.000183,0.00181,-0.00233","0,0,0,0,0,0,0,0","0,0,0,0,-0.0107,0,0,0",0.06494140625,0.07421875,1,0.28780028223991394,0.42792487144470215
2,v_proj,gptq,1024,4096,0,0.002071857452392578,0.0014507770538330078,0.5051855353159028,0.023900886238569483,1.7458834648132324,1.2910850048065186,1.01539146900177,6.058547496795654,1.1407561302185059,4.374784469604492,0.9576267600059509,0.5042979717254639,0.08089090883731842,"2483,2795,1238,3354,932,3276,3175,3612,1919,1260,2474,4081,4057,3015,2206,2821",316.5704650878906,,,,,0,0.5459724068641663,1.793569564819336,0.5998002886772156,2.708674669265747,"1.114,1.114,0.452,0.313,0.218,0.296,0.285,0.265",1243.1385498046875,1390.308837890625,"108.6,108.6,1987,1627,1126,1629,1748,1610",80.02239227294922,107.52045440673828,"22.05,22.05,92.34,98.52,94.32,101.2,104.2,105.5","0.1704,0.1704,0.9612,0.8485,0.6871,0.8492,0.8742,0.8416","0.1614,0.1614,1.429,1.516,1.471,1.56,1.638,1.636",195,0.006571336183696985,465,0.005282365716993809,"2388,1437,104,188,3829,1935,1113,155",0.27177757024765015,0.64111328125,0.8553466796875,"0.0139,0.0106,0.0238,0.0244,0.0372,0.00881,0.0402,0.0206","30.5,22.3,20,17.4,10.8,9.17,8.8,8.74","0.00409,0.004,-0.008,-0.0058,0.00224,-0.0027,-0.000223,0.00243","0,0.0105,-0.0105,0,0,0,0,0","0.00398,0.00419,-0.00666,-0.00394,0.003,0,0,0.00394",0.036865234375,0.0315987765789032,1,0.05569953843951225,0.06318717449903488
2,o_proj,gptq,4096,4096,0,0.002075672149658203,0.0014403462409973145,3.2459703841594063,0.037330517228531736,8.870291709899902,5.140487194061279,0.0013142511015757918,0.0035606359597295523,0.001246380154043436,0.00291278469376266,0.4345317780971527,3.2408783435821533,0.0920642763376236,"2753,2881,1428,1300,3009,2734,2741,1044,2748,2807,2690,2689,707,2990,1172,31",120.93802642822266,,,,,0,0.0002340582141187042,0.0004032396536786109,0.0006055434350855649,0.001025505713187158,"0.057,0.057,0.059,0.783,0.707,0.604,0.611,0.640",682.4682006835938,1610.67919921875,"20.43,20.43,21.51,939.7,1546,814.7,833.4,1264",0.507977306842804,0.7948697209358215,"0.3342,0.3342,0.3308,0.4747,0.7004,0.5879,0.5837,0.7178","0.002878,0.002878,0.002919,0.01595,0.02259,0.01748,0.01753,0.02168","0.0121,0.0121,0.01199,0.01803,0.02686,0.02249,0.02242,0.0271",2070,0.027097836136817932,2070,0.016771214082837105,"1787,1428,3599,1760,2166,2550,2294,2422",0.17812861502170563,0.374908447265625,0.3809814453125,"0.171,0.191,0.155,0.11,0.138,0.187,0.13,0.199","0.101,0.0869,0.0846,0.0657,0.0652,0.064,0.0633,0.0618","-0.00138,0.0148,-0.00668,-0.0127,0.0786,-0.0408,0.0786,0.0254","0,0,0,-0.0308,0.0617,-0.0308,0.0925,0.0308","0,0.0151,0,-0.014,0.0674,-0.0393,0.0674,0.0315",0.10791015625,0.1233258992433548,1,0.003718192921951413,0.003478769212961197
2,gate_proj,gptq,14336,4096,0,0.0020611967359270367,0.0015459401266915457,11.488528410426959,0.02003576409524014,45.02135467529297,33.82591247558594,13.100652694702148,22.998538970947266,14.619823455810547,19.44164276123047,0.8451401591300964,11.47865104675293,0.032951414585113525,"3398,3898,2172,3121,3160,1696,3415,3378,2625,2915,2157,2812,1115,3503,3971,280",14.176335334777832,,,,,0,7.14030122756958,9.011795997619629,8.048691749572754,11.21538257598877,"0.823,0.823,0.823,0.815,0.669,0.812,0.841,0.773",2024.2489013671875,2267.00927734375,"32.24,32.24,3225,2737,1952,2669,2908,2639",29.42485237121582,36.559207916259766,"4.097,4.097,40.34,37.73,35.23,37.43,38.34,38.14","0.3432,0.3432,3.331,3.112,2.635,3.083,3.209,3.06","0.3783,0.3783,3.672,3.448,3.221,3.421,3.5,3.48",10153,0.0007422895869240165,7228,0.001660575158894062,"104,3121,188,2388,280,3898,3855,155",0.031866297125816345,0.2938755750656128,0.3004150390625,"0.354,0.354,0.379,0.375,0.363,0.356,0.357,0.344","2.51,2.15,1.98,1.85,1.58,1.58,1.56,1.38","0.0072,0.021,-0.012,-0.000702,0.0315,-0.0109,0.0108,0.00861","0.0124,0.0248,-0.0124,0,0.0372,-0.0124,0.0124,0.0124","0.00802,0.0183,-0.0125,0,0.027,-0.00921,0.00921,0.0125",0.052001953125,0.0496651791036129,1,0.07179538905620575,0.07588522881269455
2,up_proj,gptq,14336,4096,0,0.0020418337413242887,0.0015507425580705916,9.920665449911425,0.019612372254732356,39.31846618652344,29.543909072875977,11.549023628234863,20.002685546875,12.859150886535645,16.892908096313477,0.8451401591300964,9.914772033691406,0.028125634416937828,"3398,3898,2172,3121,3415,1696,2625,3160,3378,2915,1115,3971,2812,280,2157,3503",14.176335334777832,,,,,0,6.290356159210205,7.830153465270996,7.082108497619629,9.766263008117676,"0.698,0.698,0.849,0.829,0.674,0.818,0.848,0.782",2024.2489013671875,2267.00927734375,"32.24,32.24,3225,2737,1952,2669,2908,2639",29.42485237121582,36.559207916259766,"4.097,4.097,40.34,37.73,35.23,37.43,38.34,38.14","0.292,0.292,3.152,2.915,2.467,2.885,3.008,2.874","0.3497,0.3497,3.422,3.202,3.006,3.19,3.265,3.25",4852,0.00037927288212813437,5696,0.0006997279706411064,"104,3121,188,2388,280,3898,3855,155",0.026234528049826622,0.439121812582016,0.4824219048023224,"0.223,0.311,0.253,0.226,0.341,0.257,0.32,0.231","2.51,2.15,1.98,1.85,1.58,1.58,1.56,1.38","-0.000183,0.00383,-0.000186,0.00818,0.00117,-0.0101,0.00261,0.000169","0,0.00464,0,0.00928,0,-0.00928,0.00464,0","0,0.00596,0,0.00706,0.00214,-0.0128,0,0",0.0223388671875,0.022194754332304,1,0.048052843660116196,0.033069610595703125
2,down_proj,gptq,4096,14336,0,0.001996806689671108,0.0015496526445661271,18.751703750672462,0.03768001647995486,48.78120803833008,29.494657516479492,0.0048293257132172585,0.009244839660823345,0.007251767907291651,0.006688788533210754,0.3174177408218384,18.746984481811523,0.06982798129320145,"5241,10153,2325,10730,8471,7228,3475,8537,3418,11583,11416,12510,2479,6388,13941,2710",36.30015182495117,,,,,0,0.00332092703320086,0.002869844436645508,0.004128765780478716,0.00399441784247756,"0.777,0.777,1.440,1.061,0.979,1.059,1.212,1.072",8551.900390625,10334.05859375,"1.215,1.215,1.804e+04,9103,7496,9723,1.298e+04,1.107e+04",1.0067510604858398,1.3484833240509033,"0.01629,0.01629,1.512,1.249,1.225,1.287,1.363,1.386","0.0007365,0.0007365,0.08323,0.05938,0.0559,0.0613,0.06988,0.06593","0.0008353,0.0008353,0.06936,0.05764,0.0565,0.05956,0.06349,0.06368",2070,0.0037055392749607563,2070,0.00633087195456028,"7551,8537,1774,1882,10545,1564,4101,5241",0.23359614610671997,0.349884033203125,0.36163330078125,"0.183,0.164,0.188,0.184,0.188,0.185,0.187,0.151","0.253,0.17,0.164,0.152,0.0999,0.0916,0.0832,0.079","-0.0165,0.000118,-0.000668,0.00302,-0.0031,-0.00237,0.0062,0.0054","-0.0289,0,0,0.00583,0,0,0,0","-0.015,0,0,0,0,0,0,0",0.10107421875,0.0866350531578064,5,0.00340251880697906,0.004495180211961269
3,q_proj,gptq,4096,4096,0,0.0020421743392944336,0.001467883586883545,10.593466722126216,0.03379880940668248,29.165626525878906,19.35033416748047,16.006269454956055,121.71246337890625,21.019691467285156,85.29788970947266,0.9660829901695251,10.558040618896484,0.17254966497421265,"3646,188,684,1935,104,678,2388,3378,3150,155,3898,530,1357,1437,390,3938",411.80584716796875,,,,,0,9.951407432556152,34.176918029785156,10.294748306274414,50.24847412109375,"1.073,1.073,0.406,0.279,0.210,0.255,0.265,0.239",1371.7801513671875,1551.65771484375,"125.1,125.1,2234,1790,1373,1734,1859,1734",71.87689208984375,93.8580322265625,"24.24,24.24,83.44,87.57,85.78,88.91,89.64,91.19","1.769,1.769,4.101,3.54,2.973,3.395,3.515,3.359","1.707,1.707,6.434,6.701,6.494,6.727,6.829,6.872",3375,0.0025035871658474207,2549,0.0060095516964793205,"104,2388,1437,188,1935,155,3898,213",1.1738818883895874,0.408233642578125,0.396209716796875,"0.298,0.355,0.3,0.417,0.216,0.323,0.306,0.275","26.2,25,23.7,22.5,16.3,14.6,11,9.78","-0.000771,0.000565,0.000303,-0.004,0.000732,0.00176,-0.0029,-0.00262","0,0,0,0,0,0,0,0","0,0,0,-0.00656,0,0,0,0",0.04345703125,0.0372488833963871,6,0.14877329766750336,0.12210112810134888
3,k_proj,gptq,1024,4096,0,0.002052783966064453,0.001477956771850586,6.079086598746775,0.043958317100177065,14.348912239074707,9.237640380859375,8.456942558288574,59.663818359375,11.732718467712402,43.248817443847656,0.9660829901695251,6.047140121459961,0.17751891911029816,"684,3646,188,1935,104,678,2388,3898,3150,3378,155,530,1357,390,4063,3072",411.80584716796875,,,,,0,5.622762203216553,17.38300895690918,5.49160099029541,25.490766525268555,"1.174,1.174,0.464,0.311,0.213,0.265,0.277,0.252",1371.7801513671875,1551.65771484375,"125.1,125.1,2234,1790,1373,1734,1859,1734",71.87689208984375,93.8580322265625,"24.24,24.24,83.44,87.57,85.78,88.91,89.64,91.19","1.664,1.664,3.051,2.622,2.162,2.465,2.548,2.453","1.536,1.536,4.48,4.701,4.679,4.788,4.842,4.89",887,0.008136986754834652,697,0.02310662530362606,"104,2388,1437,188,1935,155,3898,213",1.1986663341522217,0.4005126953125,0.3409423828125,"0.274,0.26,0.184,0.282,0.183,0.204,0.274,0.21","26.2,25,23.7,22.5,16.3,14.6,11,9.78","-0.00267,0.00427,0.000824,0.00226,-0.00543,0.000319,0.000217,-0.00732","0,0,0,0,-0.00942,0,0,-0.00942","0,0.00767,0,0,-0.00537,0,0,-0.00743",0.03369140625,0.03472248464822769,1,0.19499355554580688,0.31260886788368225
3,v_proj,gptq,1024,4096,0,0.0020356178283691406,0.0014767646789550781,0.5416673574750835,0.02029591484982312,2.0944223403930664,1.5651689767837524,1.031503677368164,4.595771789550781,1.212416172027588,3.632556438446045,0.9660829901695251,0.5398432016372681,0.08729097992181778,"3646,684,188,104,3378,3898,2388,155,1357,1095,3150,1898,678,530,4036,3503",411.80584716796875,,,,,0,0.5607905983924866,1.5459833145141602,0.6445144414901733,2.14662766456604,"1.061,1.061,0.479,0.353,0.276,0.348,0.367,0.336",1371.7801513671875,1551.65771484375,"125.1,125.1,2234,1790,1373,1734,1859,1734",71.87689208984375,93.8580322265625,"24.24,24.24,83.44,87.57,85.78,88.91,89.64,91.19","0.1846,0.1846,0.9617,0.8701,0.7362,0.8453,0.8751,0.845","0.1792,0.1792,1.39,1.465,1.4,1.433,1.445,1.457",105,0.008630047552287579,462,0.006713856011629105,"104,2388,1437,188,1935,155,3898,213",0.40883398056030273,0.799560546875,0.9168701171875,"0.0179,0.0165,0.011,0.0224,0.00893,0.025,0.0288,0.0212","26.2,25,23.7,22.5,16.3,14.6,11,9.78","-0.000322,-0.000341,-6.82e-05,6.77e-05,-2.12e-05,0.000238,0.000204,-1.1e-05","0,0,0,0,0,0,0,0","0,0,0,0,0,0,0,0",0.0113525390625,0.011396101675927639,1,0.06839032471179962,0.03448114171624184
3,o_proj,gptq,4096,4096,0,0.002098977565765381,0.0014563202857971191,3.5397394572574967,0.03284930297236691,10.314077377319336,6.240503311157227,0.0016176572535187006,0.0034804607275873423,0.0024246200919151306,0.003226551925763488,0.7118604779243469,3.5337700843811035,0.06281883269548416,"1581,3379,652,3123,3251,780,2697,1965,524,2699,1812,1940,2017,1837,3878,1633",39.709014892578125,,,,,0,0.0011263862252235413,0.001359386253170669,0.0012807592283934355,0.0017794572049751878,"0.038,0.038,0.485,1.116,0.746,0.698,0.719,0.776",3173.003662109375,2666.523681640625,"25.99,25.99,437.4,1.549e+04,2623,1955,2056,2768",0.8460800051689148,1.0413886308670044,"0.4635,0.4635,0.5288,1.599,0.9215,0.8529,0.9314,1.008","0.003541,0.003541,0.01421,0.06779,0.03177,0.02879,0.03211,0.03632","0.01824,0.01824,0.02041,0.06417,0.03677,0.03446,0.03787,0.04123",2070,0.005618757102638483,3749,0.004088498651981354,"2884,1998,2454,2917,3379,2904,2863,1038",0.14359991252422333,0.323150634765625,0.325714111328125,"0.133,0.186,0.197,0.151,0.289,0.153,0.146,0.159","0.111,0.106,0.0944,0.084,0.0828,0.0796,0.0772,0.0754","0.0151,-0.0176,0.0051,0.0253,0.0103,-0.00253,-0.0166,-0.0278","0.0262,-0.0262,0.00915,0.0262,0,0,-0.0262,-0.0262","0.0188,-0.0199,0,0.0283,0.00963,0,-0.0188,-0.0239",0.091796875,0.0786830335855484,6,0.002381546888500452,0.0018453702796250582
3,gate_proj,gptq,14336,4096,0,0.0020468575613839285,0.0015396390642438615,9.288767671535084,0.01621722789155395,42.58929443359375,33.690818786621094,22.471776962280273,36.129173278808594,26.170202255249023,32.55572509765625,0.8567834496498108,9.28291130065918,0.041478488594293594,"3398,3150,3898,1956,390,104,3415,3938,2075,3121,2157,835,2172,657,214,393",19.618057250976562,,,,,0,12.63533878326416,15.121382713317871,14.189531326293945,18.589216232299805,"0.735,0.735,0.927,0.868,0.728,0.824,0.850,0.797",2116.505126953125,2369.904296875,"30.4,30.4,3489,3027,2153,2637,2873,2691",38.40519332885742,47.302406311035156,"6.443,6.443,51.22,50.11,46.32,47.98,49.45,49.27","0.5015,0.5015,4.528,4.247,3.598,3.969,4.148,4.017","0.585,0.585,4.703,4.559,4.217,4.373,4.498,4.5",8649,0.0008959974511526525,9482,0.0017950631445273757,"104,2388,3121,3898,188,3829,280,3855",0.03095991350710392,0.3202689290046692,0.3441598117351532,"0.348,0.373,0.359,0.345,0.372,0.354,0.366,0.357","4.06,2.59,2.4,2.35,2.26,1.93,1.87,1.78","0.00543,0.00421,0.00485,-0.00595,0.00897,-0.00266,0.000168,-0.0103","0,0,0,0,0.0148,0,0,-0.0148","0.00568,0.0045,0.00502,-0.00516,0.0148,-0.00439,0,-0.0103",0.0517578125,0.04436826333403587,2,0.10769699513912201,0.07379094511270523
3,up_proj,gptq,14336,4096,0,0.0020447117941720144,0.0015552043914794922,7.914378674988882,0.015931235919606872,36.724639892578125,29.09518814086914,19.508281707763672,31.09589958190918,22.65532875061035,27.963909149169922,0.8567834496498108,7.905359268188477,0.03696013614535332,"3398,3898,3150,1956,390,104,3415,3938,2075,2172,393,835,214,2812,657,2157",19.618057250976562,,,,,0,10.917182922363281,12.919846534729004,12.322283744812012,16.03564453125,"0.657,0.657,0.941,0.872,0.737,0.838,0.855,0.810",2116.505126953125,2369.904296875,"30.4,30.4,3489,3027,2153,2637,2873,2691",38.40519332885742,47.302406311035156,"6.443,6.443,51.22,50.11,46.32,47.98,49.45,49.27","0.4404,0.4404,4.202,3.937,3.342,3.707,3.855,3.745","0.5433,0.5433,4.331,4.217,3.893,4.049,4.168,4.16",2816,0.0004617836093530059,1719,0.0008671964751556516,"104,2388,3121,3898,188,3829,280,3855",0.027714960277080536,0.405125230550766,0.4437168836593628,"0.215,0.245,0.321,0.249,0.274,0.336,0.338,0.323","4.06,2.59,2.4,2.35,2.26,1.93,1.87,1.78","-0.00117,-0.000171,-0.00156,0.000484,0.000189,0.00285,0.00182,0.00173","-0.00155,0,-0.00155,0,0,0.00222,0.00155,0.00155","0,0,-0.00218,0,0,0.00221,0.00218,0.00242",0.01177978515625,0.013996101915836334,1,0.07182253897190094,0.03726673126220703
3,down_proj,gptq,4096,14336,0,0.001993264470781599,0.0015546934945242746,14.758536145320075,0.029839701312182297,44.288841247558594,29.20929718017578,0.008402736857533455,0.014170564711093903,0.016149330884218216,0.014460550621151924,0.12826007604599,14.758946418762207,0.06226523220539093,"8802,2111,10550,12007,6964,141,8836,8448,8040,9854,11760,12347,2082,12437,4118,49",47.482025146484375,,,,,0,0.008210117928683758,0.00693464232608676,0.00885023083537817,0.00842367298901081,"0.689,0.689,1.542,1.136,1.109,1.094,1.134,1.106",11631.123046875,12703.875,"2.818,2.818,1.806e+04,1.722e+04,1.46e+04,1.292e+04,1.516e+04,1.509e+04",1.5902984142303467,1.9951151609420776,"0.03642,0.03642,2.076,2.272,2.113,1.957,2.108,2.123","0.0014,0.0014,0.1163,0.11,0.1027,0.09364,0.102,0.1016","0.001686,0.001686,0.09362,0.1033,0.09756,0.08952,0.0958,0.09661",1590,0.002534575527533889,2070,0.005849761422723532,"1295,747,12630,12956,4433,7782,7363,4913",0.39815670251846313,0.33648681640625,0.34259033203125,"0.183,0.187,0.181,0.149,0.179,0.182,0.181,0.182","0.685,0.667,0.176,0.149,0.143,0.128,0.127,0.116","0.00604,-0.00206,-0.000854,2.19e-05,0.000158,0.00095,-0.00218,-8.92e-05","0.00734,0,-0.00234,0,0,0,0,0","0.00607,-0.00384,0,0,0,0,-0.00436,0",0.032958984375,0.03715234622359276,1,0.005172827281057835,0.004325520247220993
4,q_proj,gptq,4096,4096,0,0.0020126700401306152,0.0014504790306091309,10.39761241436645,0.03796824565175953,26.858787536621094,17.31192398071289,27.985729217529297,132.26275634765625,38.28984832763672,95.37447357177734,0.9336060285568237,10.374006271362305,0.19137868285179138,"678,1935,3646,530,188,684,4084,104,3150,232,2692,3901,3072,1437,1528,3958",344.7762756347656,,,,,0,17.997434616088867,37.82161331176758,18.968425750732422,55.78392028808594,"1.571,1.571,0.609,0.521,0.391,0.391,0.408,0.381",1670.51513671875,1908.7257080078125,"148,148,2505,2296,1904,2054,2191,2118",81.95558166503906,106.00543975830078,"28.71,28.71,95.63,97.63,98.24,101.7,101.8,103.2","2.523,2.523,5.194,4.923,4.308,4.473,4.613,4.493","2.013,2.013,6.657,6.818,6.891,7.149,7.219,7.278",1595,0.005603381898254156,1653,0.0104772187769413,"1437,104,2388,188,1935,213,1504,155",0.5529963970184326,0.407440185546875,0.37408447265625,"0.32,0.333,0.383,0.393,0.212,0.268,0.336,0.341","26.1,22.1,18.6,17.9,13.8,13.7,12.5,10.5","-0.000176,-0.00613,0.000893,-0.02,-0.00235,0.0123,0.0148,0.00249","0,0,0,-0.0186,0,0.0186,0.0186,0","0,0,0,-0.0216,0,0.0144,0.0186,0",0.06494140625,0.0556640625,1,0.32248008251190186,0.2946154773235321
4,k_proj,gptq,1024,4096,0,0.002011537551879883,0.0014705657958984375,5.219632221956999,0.04598819948712362,12.192265510559082,7.553970813751221,13.324687004089355,60.494850158691406,18.688650131225586,43.743656158447266,0.9336060285568237,5.18830680847168,0.1891489177942276,"1935,530,678,3646,188,684,4084,104,3150,232,2692,1437,3938,1528,3958,1357",344.7762756347656,,,,,0,8.806426048278809,17.210643768310547,9.13373851776123,25.855436325073242,"1.199,1.199,0.706,0.573,0.425,0.412,0.429,0.399",1670.51513671875,1908.7257080078125,"148,148,2505,2296,1904,2054,2191,2118",81.95558166503906,106.00543975830078,"28.71,28.71,95.63,97.63,98.24,101.7,101.8,103.2","1.878,1.878,3.6,3.441,3.01,3.101,3.197,3.114","1.715,1.715,4.285,4.546,4.614,4.833,4.883,4.927",440,0.015849467366933823,494,0.015765024349093437,"1437,104,2388,188,1935,213,1504,155",0.5955556631088257,0.3707275390625,0.309326171875,"0.203,0.233,0.251,0.276,0.196,0.197,0.216,0.219","26.1,22.1,18.6,17.9,13.8,13.7,12.5,10.5","0.00436,-0.00729,-0.00662,-0.00742,-0.00702,-0.00021,-0.0254,-0.00549","0,0,-0.0097,-0.0097,-0.0097,0,-0.0291,-0.0097","0.00725,-0.00795,-0.00474,-0.00586,-0.00621,0,-0.0218,-0.00586",0.07763671875,0.0900227501988411,1,0.3789089024066925,0.12121231108903885
4,v_proj,gptq,1024,4096,0,0.0020453929901123047,0.0014522075653076172,0.541439220657594,0.02088132494383947,2.044902801513672,1.525813102722168,1.9093122482299805,6.84556245803833,2.36995267868042,5.412339210510254,0.9336060285568237,0.5404157042503357,0.0772336795926094,"188,530,3646,684,4084,678,232,104,2692,3958,1113,3150,3072,1935,3533,3938",344.7762756347656,,,,,0,1.0954614877700806,2.2736546993255615,1.2719322443008423,3.197063684463501,"1.090,1.090,0.576,0.494,0.436,0.438,0.479,0.448",1670.51513671875,1908.7257080078125,"148,148,2505,2296,1904,2054,2191,2118",81.95558166503906,106.00543975830078,"28.71,28.71,95.63,97.63,98.24,101.7,101.8,103.2","0.2425,0.2425,1.299,1.231,1.12,1.156,1.207,1.182","0.2323,0.2323,1.71,1.752,1.697,1.746,1.744,1.766",789,0.007170411292463541,709,0.008628785610198975,"1437,104,2388,188,1935,213,1504,155",0.16240490972995758,0.734375,0.892578125,"0.0136,0.0201,0.0206,0.0291,0.0114,0.0229,0.0181,0.0328","26.1,22.1,18.6,17.9,13.8,13.7,12.5,10.5","-0.00036,2.03e-05,-0.000828,2.92e-05,2.65e-05,-0.000193,0.000189,-0.000214","0,0,0,0,0,0,0,0","0,0,0,0,0,0,0,0",0.01708984375,0.01469312235713005,2,0.09484227746725082,0.06304799020290375
4,o_proj,gptq,4096,4096,0,0.0021150708198547363,0.001455068588256836,3.8955653312718823,0.03731649702728215,10.659557342529297,6.066540718078613,0.002450289437547326,0.006720702163875103,0.0028738966211676598,0.004264699295163155,0.540185272693634,3.8814449310302734,0.06210537999868393,"3591,3719,516,3975,3713,1640,3585,3847,3101,2234,900,741,3229,1360,3813,792",40.46015167236328,,,,,0,0.0007948277052491903,0.0012223126832395792,0.001955759711563587,0.0028283947613090277,"0.042,0.042,0.193,0.870,0.726,0.754,0.726,0.706",1187.5460205078125,2585.10791015625,"33.1,33.1,140.5,2588,1239,1653,1791,2023",0.8623057007789612,1.3584567308425903,"0.5846,0.5846,0.5692,1.114,0.8572,0.9864,1.056,1.147","0.004781,0.004781,0.009891,0.03983,0.02806,0.03381,0.03536,0.03805","0.02321,0.02321,0.02253,0.0427,0.03293,0.03892,0.04149,0.04527",722,0.012131771072745323,678,0.008174216374754906,"2716,2809,3534,2690,2765,2710,2812,3278",0.37179410457611084,0.363311767578125,0.352020263671875,"0.121,0.152,0.138,0.152,0.141,0.153,0.151,0.181","0.181,0.128,0.103,0.102,0.0963,0.0887,0.0832,0.0826","8.39e-05,0.00264,0.00595,-0.00137,0.00229,0.00273,-0.00176,0.00787","0,0,0.0146,0,0,0.00575,0,0","0,0.00312,0.00426,0,0.00312,0.00312,-0.00312,0.00659",0.08154296875,0.09784849733114243,1,0.0030909585766494274,0.0005297759780660272
4,gate_proj,gptq,14336,4096,0,0.0020338637488228934,0.0015184027808053152,9.42580882889418,0.0159173399728846,43.89656448364258,35.20953369140625,31.61937141418457,50.82843017578125,39.0282096862793,47.29891586303711,0.783525824546814,9.418122291564941,0.06993499398231506,"3398,3150,1956,3898,188,104,390,2683,2157,3287,3121,578,2843,393,2554,2132",20.880935668945312,,,,,0,18.54380989074707,21.555673599243164,21.151090621948242,26.944597244262695,"0.603,0.603,0.927,0.903,0.803,0.851,0.862,0.830",2187.613525390625,2505.68115234375,"31.29,31.29,3389,3096,2524,2731,2903,2796",45.97393035888672,55.72530746459961,"12.27,12.27,59.8,57.63,55.29,55.87,57.32,57.33","0.9106,0.9106,5.336,5.088,4.615,4.797,4.941,4.858","1.173,1.173,5.543,5.353,5.149,5.201,5.321,5.332",6788,0.0008803771925158799,12777,0.002743479562923312,"104,188,1437,3898,3121,3701,3829,2388",0.03698953241109848,0.2861328125,0.2794887125492096,"0.408,0.399,0.405,0.403,0.382,0.383,0.366,0.405","4.73,3.42,2.96,2.8,2.7,2.66,2.47,2.38","0.0139,-0.00781,-0.0189,-0.00452,0.0034,0.0437,0.00273,-0.0146","0.0125,-0.0125,-0.025,0,0,0.0375,0,-0.0125","0.0122,-0.00575,-0.0164,-0.00701,0,0.0375,0.00516,-0.015",0.043701171875,0.0499441996216774,1,0.13694694638252258,0.09376106411218643
4,up_proj,gptq,14336,4096,0,0.0020471811294555664,0.0015440327780587332,7.264291042718998,0.01503673260476201,35.2653694152832,28.597660064697266,25.773502349853516,41.1282958984375,31.628877639770508,38.35497283935547,0.783525824546814,7.260704040527344,0.05461009591817856,"3398,3150,1956,3898,188,104,390,2683,2157,3121,3287,393,2843,2554,578,1329",20.880935668945312,,,,,0,15.070511817932129,17.460643768310547,17.196699142456055,21.848665237426758,"0.471,0.471,0.929,0.912,0.805,0.855,0.865,0.838",2187.613525390625,2505.68115234375,"31.29,31.29,3389,3096,2524,2731,2903,2796",45.97393035888672,55.72530746459961,"12.27,12.27,59.8,57.63,55.29,55.87,57.32,57.33","0.6952,0.6952,4.806,4.595,4.16,4.338,4.471,4.389","1.013,1.013,4.988,4.812,4.638,4.691,4.806,4.795",908,0.0005855885101482272,11378,0.0010100140934810042,"104,188,1437,3898,3121,3701,3829,2388",0.027296537533402443,0.4151436984539032,0.4819248914718628,"0.227,0.287,0.202,0.257,0.31,0.275,0.329,0.268","4.73,3.42,2.96,2.8,2.7,2.66,2.47,2.38","-0.0031,-0.0024,0.00565,0.00139,-0.000315,-0.0036,0.00161,-5.67e-05","-0.00249,-0.00249,0.00499,0.00249,0,-0.00249,0.00249,0","-0.00249,-0.0034,0.00544,0.00213,0,-0.00251,0,0",0.042724609375,0.038910094648599625,1,0.10067755728960037,0.09789932519197464
4,down_proj,gptq,4096,14336,0,0.0019926343645368305,0.001542534146990095,13.721633629301436,0.028588834271729726,42.78606033325195,28.767181396484375,0.016041122376918793,0.027250142768025398,0.028394002467393875,0.026305485516786575,0.26763415336608887,13.718795776367188,0.058477532118558884,"11032,7583,10724,8583,6069,13371,3508,4565,6371,6314,3270,14220,8004,4911,8591,6888",95.01776885986328,,,,,0,0.013474194332957268,0.011923495680093765,0.016287000849843025,0.01546829380095005,"0.432,0.432,1.223,1.137,1.072,1.082,1.154,1.103",10879.107421875,12696.4853515625,"8.558,8.558,1.683e+04,1.439e+04,1.24e+04,1.275e+04,1.585e+04,1.479e+04",2.1170825958251953,2.747694730758667,"0.108,0.108,2.855,2.744,2.692,2.677,2.876,2.876","0.003465,0.003465,0.1422,0.1317,0.1258,0.1262,0.1407,0.1365","0.005272,0.005272,0.1286,0.1235,0.1215,0.1214,0.131,0.13",3016,0.0021794396452605724,2070,0.005884637590497732,"11342,10346,146,6948,12162,2633,8543,11428",0.19635342061519623,0.341827392578125,0.345794677734375,"0.177,0.183,0.183,0.18,0.187,0.181,0.18,0.177","0.569,0.354,0.267,0.266,0.198,0.186,0.184,0.174","-0.000824,-0.000519,-0.00351,-0.0023,0.002,-0.00119,-0.00143,-0.0027","0,0,-0.00376,-0.00229,0.00225,0,-0.00236,-0.00332","0,0,-0.00467,-0.00205,0.00293,-0.00177,-0.00218,-0.00244",0.01226806640625,0.013762474991381168,1,0.005873196292668581,0.0011586511973291636
5,q_proj,gptq,4096,4096,0,0.0020446181297302246,0.0014567971229553223,8.945034401345765,0.03125301347010272,25.86200523376465,17.64093780517578,38.68510437011719,150.79702758789062,55.61851501464844,109.35757446289062,0.9003892540931702,8.918951034545898,0.18934138119220734,"678,1935,1437,1528,3150,3646,188,530,944,104,4084,3901,2881,232,2811,2692",314.73028564453125,,,,,0,25.947839736938477,43.64634704589844,27.372636795043945,63.72214126586914,"1.528,1.528,0.752,0.656,0.518,0.484,0.514,0.475",1853.61181640625,2130.059814453125,"161.3,161.3,2753,2522,2232,2278,2404,2318",91.6307601928711,115.76040649414062,"37.19,37.19,105.6,106.6,108.9,112.8,111.5,113.2","3.111,3.111,6.149,5.815,5.314,5.372,5.524,5.384","2.516,2.516,7.092,7.179,7.383,7.726,7.707,7.815",757,0.00524633564054966,3831,0.004503283649682999,"1437,104,213,1935,1504,188,2388,3830",0.42135271430015564,0.43634033203125,0.416656494140625,"0.306,0.284,0.245,0.185,0.307,0.346,0.335,0.247","26.5,19.9,19.5,18.1,16.2,14,13.6,12","0.00215,-0.00769,0.00188,-0.00403,0.00479,0.0134,0.00665,-7.15e-05","0,-0.00872,0,0,0,0.0174,0.00872,0","0,-0.00806,0,-0.00694,0.00673,0.0134,0.0067,0",0.0341796875,0.02876301109790802,5,0.38493141531944275,0.19934587180614471
5,k_proj,gptq,1024,4096,0,0.002051830291748047,0.0014836788177490234,4.450921736184682,0.03700368011423734,11.650215148925781,7.770717620849609,17.991640090942383,68.40867614746094,26.260757446289062,49.47748565673828,0.9003892540931702,4.44447660446167,0.1991989016532898,"1935,678,1437,3150,188,3646,1528,530,104,4084,3901,155,232,944,1642,2811",314.73028564453125,,,,,0,12.103007316589355,19.968673706054688,12.842958450317383,28.471532821655273,"1.264,1.264,0.686,0.640,0.545,0.509,0.536,0.502",1853.61181640625,2130.059814453125,"161.3,161.3,2753,2522,2232,2278,2404,2318",91.6307601928711,115.76040649414062,"37.19,37.19,105.6,106.6,108.9,112.8,111.5,113.2","2.388,2.388,4.021,3.936,3.595,3.657,3.727,3.684","2.124,2.124,4.853,4.921,4.872,5.128,5.091,5.197",861,0.00955435074865818,254,0.011485416442155838,"1437,104,213,1935,1504,188,2388,3830",0.4663926064968109,0.3863525390625,0.322265625,"0.219,0.232,0.206,0.197,0.214,0.25,0.237,0.201","26.5,19.9,19.5,18.1,16.2,14,13.6,12","-8.11e-05,-5.58e-05,0.00842,0.00217,-0.00264,0.00381,0.000437,0.00304","0,0,0,0,0,0,0,0","0,0,0.00841,0,-0.00481,0,0,0",0.046875,0.0401785746216774,2,0.35141539573669434,0.12694351375102997
5,v_proj,gptq,1024,4096,0,0.002040863037109375,0.0014278888702392578,0.40907792615621474,0.018017786350210854,1.7166075706481934,1.3275792598724365,2.3564112186431885,7.150855541229248,3.054563283920288,5.861306667327881,0.9003892540931702,0.4085336923599243,0.06945231556892395,"678,3150,530,3646,188,1437,1935,104,232,2692,4084,3901,155,1357,2881,944",314.73028564453125,,,,,0,1.431458830833435,2.4739816188812256,1.6195780038833618,3.4041545391082764,"1.065,1.065,0.693,0.611,0.541,0.528,0.559,0.524",1853.61181640625,2130.059814453125,"161.3,161.3,2753,2522,2232,2278,2404,2318",91.6307601928711,115.76040649414062,"37.19,37.19,105.6,106.6,108.9,112.8,111.5,113.2","0.2585,0.2585,1.491,1.422,1.317,1.321,1.353,1.328","0.2505,0.2505,1.791,1.82,1.79,1.818,1.809,1.833",596,0.006696905475109816,576,0.006148851942270994,"1437,104,213,1935,1504,188,2388,3830",0.09917633980512619,0.7171630859375,0.900146484375,"0.0171,0.0221,0.017,0.0112,0.0137,0.0371,0.0232,0.0216","26.5,19.9,19.5,18.1,16.2,14,13.6,12","-0.00033,-0.000131,0.00042,0.000595,-0.000473,-0.000671,-7.87e-05,-0.000366","0,0,0,0.00116,0,0,0,0","0,0,0,0,0,0,0,0",0.00799560546875,0.008850960060954094,1,0.10776744782924652,0.03401385247707367
5,o_proj,gptq,4096,4096,0,0.002086043357849121,0.00145035982131958,3.2274457587823235,0.031154874448951504,9.60108757019043,5.963913917541504,0.006320654880255461,0.015147589147090912,0.007897340692579746,0.010941760614514351,0.7617093920707703,3.224513530731201,0.06740153580904007,"3449,3577,1807,1679,983,3193,2527,959,2271,193,1551,1935,855,2715,1002,727",34.015037536621094,,,,,0,0.002194187371060252,0.00345433852635324,0.005447356961667538,0.007062138523906469,"0.043,0.043,0.198,0.905,0.630,0.647,0.651,0.716",1145.2276611328125,2764.106689453125,"23.72,23.72,133,3325,890.6,1151,1419,2195",1.4005297422409058,2.0933620929718018,"0.943,0.943,0.9117,2.004,1.321,1.504,1.68,1.897","0.007983,0.007983,0.01617,0.07658,0.04233,0.04838,0.0544,0.06486","0.03839,0.03839,0.03633,0.08048,0.05332,0.06017,0.06743,0.07668",2070,0.012723523192107677,2070,0.04324662312865257,"1679,1935,1807,3321,1551,3577,3193,3449",0.14254122972488403,0.399810791015625,0.380096435546875,"0.125,0.15,0.106,0.293,0.296,0.0959,0.138,0.104","0.225,0.206,0.197,0.172,0.166,0.166,0.156,0.146","-0.0203,0.0317,-0.0344,0.00952,-0.124,-0.00989,-0.00995,0.0231","-0.0353,0.0353,-0.0353,0,-0.106,0,0,0.0353","-0.0174,0.0272,-0.0279,0.00977,-0.106,-0.0186,-0.0118,0.0266",0.12353515625,0.1058872863650322,1,0.004775012377649546,0.011088099330663681
5,gate_proj,gptq,14336,4096,0,0.0020373548780168805,0.00151148864201137,9.711404540762032,0.015787219737425983,45.35376739501953,36.433013916015625,44.04549026489258,70.321533203125,57.228004455566406,65.91752624511719,0.8274275660514832,9.699756622314453,0.0676242783665657,"3398,3150,3898,390,188,104,3175,3287,393,1851,2843,3039,3325,155,1437,271",22.133405685424805,,,,,0,26.509300231933594,29.399736404418945,31.259105682373047,37.588478088378906,"0.595,0.595,1.000,0.943,0.852,0.877,0.881,0.868",2235.543212890625,2656.677490234375,"32.08,32.08,3430,3123,2689,2791,2924,2862",52.2435417175293,64.80065155029297,"11.65,11.65,67.45,66.17,64.44,64.71,65.9,65.97","0.8545,0.8545,6.403,6.069,5.648,5.737,5.856,5.804","1.107,1.107,6.402,6.25,6.119,6.125,6.238,6.23",2596,0.0006157577154226601,4611,0.0014264086494222283,"104,1437,188,3121,3898,3287,2242,1113",0.027501527220010757,0.2940848469734192,0.2891148328781128,"0.416,0.415,0.406,0.392,0.422,0.415,0.406,0.367","4.62,3.42,3.13,3.07,2.97,2.65,2.63,2.59","0.000599,-0.00308,0.00577,-0.00485,0.00188,0.00386,0.00368,0.00732","0,0,0,0,0,0,0,0.014","0,0,0.00614,0,0,0,0.00635,0.00666",0.05859375,0.0525619201362133,1,0.14016053080558777,0.17211537063121796
5,up_proj,gptq,14336,4096,0,0.002041407993861607,0.001541869980948312,7.032891773420488,0.014988556829104686,34.205909729003906,27.848140716552734,33.710472106933594,53.51796340942383,43.398040771484375,50.237640380859375,0.8274275660514832,7.0256733894348145,0.0541757233440876,"3398,3150,3898,390,3175,104,3287,188,393,1851,2843,3039,3325,155,271,1956",22.133405685424805,,,,,0,20.035810470581055,22.316036224365234,23.820383071899414,28.70983123779297,"0.479,0.479,1.004,0.953,0.845,0.871,0.877,0.859",2235.543212890625,2656.677490234375,"32.08,32.08,3430,3123,2689,2791,2924,2862",52.2435417175293,64.80065155029297,"11.65,11.65,67.45,66.17,64.44,64.71,65.9,65.97","0.6591,0.6591,5.537,5.284,4.914,5.002,5.109,5.057","0.9521,0.9521,5.528,5.414,5.345,5.361,5.457,5.457",12799,0.0006012711091898382,7045,0.0006327993469312787,"104,1437,188,3121,3898,3287,2242,1113",0.022183381021022797,0.3928222954273224,0.455479234457016,"0.234,0.228,0.293,0.309,0.253,0.283,0.319,0.317","4.62,3.42,3.13,3.07,2.97,2.65,2.63,2.59","-0.00467,-0.00928,-0.0146,0.0032,-0.00325,-0.004,0.0047,0.0195","0,-0.0137,-0.0137,0,0,0,0,0.0137","-0.00351,-0.00978,-0.0137,0,-0.00453,-0.00513,0.00593,0.0167",0.0517578125,0.044346753507852554,1,0.12048434466123581,0.09135916829109192
5,down_proj,gptq,4096,14336,0,0.001997181347438267,0.0015410695757184709,12.622819483665573,0.027051323035349358,40.896278381347656,28.00876808166504,0.026474012061953545,0.045103520154953,0.04982758313417435,0.04272574558854103,0.06025341525673866,12.614242553710938,0.06859295815229416,"3032,11825,10867,13044,5588,11873,7447,7225,1026,2278,6002,13903,4608,12450,3233,705",41.99159622192383,,,,,0,0.02305510640144348,0.01906757242977619,0.029050854966044426,0.02545321360230446,"0.516,0.516,1.309,1.217,1.206,1.146,1.170,1.155",11221.8837890625,14008.6123046875,"7.399,7.399,2.322e+04,1.475e+04,1.211e+04,1.173e+04,1.387e+04,1.408e+04",2.708521604537964,3.568939685821533,"0.1178,0.1178,4.273,3.523,3.3,3.263,3.509,3.564","0.003847,0.003847,0.2174,0.1725,0.1597,0.1553,0.169,0.1709","0.005356,0.005356,0.1901,0.1563,0.1455,0.1451,0.1562,0.159",2070,0.003234035102650523,2070,0.0051773530431091785,"3067,11356,3735,7045,3562,11602,3762,10195",0.10428175330162048,0.33099365234375,0.33258056640625,"0.18,0.181,0.179,0.18,0.18,0.175,0.178,0.182","0.34,0.3,0.274,0.268,0.263,0.236,0.214,0.211","-0.00424,-0.00458,0.00366,-0.0208,-0.00317,-0.00607,-0.0012,-0.00314","-0.0039,-0.00617,0.00581,-0.0254,0,-0.00632,0,-0.0041","-0.00403,-0.00443,0.00405,-0.0237,0,-0.0119,0,0",0.1484375,0.1696428656578064,1,0.009083271957933903,0.01046658679842949
6,q_proj,gptq,4096,4096,0,0.0020433664321899414,0.001463174819946289,9.65676348877605,0.03510969821443028,26.015682220458984,17.292926788330078,37.0372314453125,143.84317016601562,55.0802116394043,102.01468658447266,0.9158583283424377,9.624366760253906,0.19332648813724518,"3150,1935,1528,3646,678,1437,530,155,188,3175,2960,4084,774,104,232,2245",357.79681396484375,,,,,0,24.380355834960938,41.570091247558594,27.448503494262695,57.839202880859375,"1.224,1.224,0.771,0.593,0.493,0.484,0.529,0.512",1795.1641845703125,2164.962158203125,"171.6,171.6,2628,2429,2183,2185,2317,2276",90.40785217285156,112.5509262084961,"39.67,39.67,100.6,104.8,107.9,111.6,108.6,110.4","2.97,2.97,5.953,5.56,5.117,5.247,5.378,5.33","2.684,2.684,6.78,7.218,7.288,7.538,7.392,7.45",366,0.0027068329509347677,1770,0.005141495727002621,"1935,213,1437,104,3830,1504,2388,2960",0.47951051592826843,0.409576416015625,0.39349365234375,"0.192,0.287,0.296,0.298,0.249,0.32,0.347,0.287","24.4,19.3,19.2,17.4,14.2,14.1,13.8,13.8","-0.00458,-0.00122,-0.00266,-0.0038,0.00458,0.00182,-0.00504,0.00106","0,0,0,-0.0142,0,0,0,0","0,0,0,0,0.0046,0,-0.00586,0",0.0498046875,0.047244586050510406,1,0.2662046551704407,0.2537466883659363
6,k_proj,gptq,1024,4096,0,0.0020110607147216797,0.0014791488647460938,4.756757925910279,0.039285029498842015,11.968195915222168,8.038789749145508,17.6240234375,71.24711608886719,26.666065216064453,51.951866149902344,0.9158583283424377,4.749333381652832,0.18258953094482422,"3150,1935,678,1528,3646,530,1437,155,188,3175,3039,2245,2960,4084,104,232",357.79681396484375,,,,,0,11.959061622619629,21.447914123535156,13.090798377990723,29.221370697021484,"1.199,1.199,0.787,0.574,0.421,0.444,0.503,0.467",1795.1641845703125,2164.962158203125,"171.6,171.6,2628,2429,2183,2185,2317,2276",90.40785217285156,112.5509262084961,"39.67,39.67,100.6,104.8,107.9,111.6,108.6,110.4","2.33,2.33,4.188,3.864,3.462,3.632,3.721,3.651","2.128,2.128,4.721,5.098,5.336,5.45,5.249,5.341",110,0.013829697854816914,1018,0.0388605110347271,"1935,213,1437,104,3830,1504,2388,2960",0.41923847794532776,0.374755859375,0.339111328125,"0.191,0.189,0.21,0.222,0.182,0.21,0.214,0.21","24.4,19.3,19.2,17.4,14.2,14.1,13.8,13.8","-0.00209,0.00159,0.00157,-0.0104,-0.000205,-0.00185,-0.00751,0.005","0,0,0,-0.0136,0,0,0,0","0,0,0,-0.00914,0,0,-0.0052,0.00802",0.047607421875,0.0408063605427742,3,0.40708068013191223,0.17578838765621185
6,v_proj,gptq,1024,4096,0,0.002025604248046875,0.00144195556640625,0.4474907558929999,0.018701724650685207,1.8308676481246948,1.4207606315612793,2.2808961868286133,8.330574035644531,3.043172597885132,6.677594184875488,0.9158583283424377,0.4459971785545349,0.08821918815374374,"3150,3646,1935,678,155,530,3175,1437,188,2960,2245,3039,1528,1357,232,3325",357.79681396484375,,,,,0,1.3607913255691528,2.7827553749084473,1.6251505613327026,3.805856943130493,"0.758,0.758,0.605,0.519,0.439,0.429,0.474,0.457",1795.1641845703125,2164.962158203125,"171.6,171.6,2628,2429,2183,2185,2317,2276",90.40785217285156,112.5509262084961,"39.67,39.67,100.6,104.8,107.9,111.6,108.6,110.4","0.3454,0.3454,1.435,1.367,1.263,1.286,1.322,1.312","0.3969,0.3969,1.845,1.898,1.906,1.964,1.92,1.94",868,0.007363187149167061,795,0.005687307100743055,"1935,213,1437,104,3830,1504,2388,2960",0.1557760089635849,0.6204833984375,0.8560791015625,"0.0153,0.0244,0.0236,0.0305,0.0208,0.0216,0.0286,0.0299","24.4,19.3,19.2,17.4,14.2,14.1,13.8,13.8","-0.000282,-0.00108,0.00244,0.000399,2.66e-05,-0.000462,0.000267,0.000332","0,-0.00457,0.00457,0,0,0,0,0","0,0,0.00189,0,0,0,0,0",0.0159912109375,0.01370675303041935,2,0.10837574303150177,0.09369328618049622
6,o_proj,gptq,4096,4096,0,0.0021082162857055664,0.0014658570289611816,3.7563627170433165,0.03558190261646116,10.507471084594727,6.108956813812256,0.007768400479108095,0.02103443816304207,0.0149204321205616,0.021510686725378036,0.731978178024292,3.7445309162139893,0.06431523710489273,"3803,1141,370,1269,1397,1385,3931,1525,1513,885,498,4059,1257,3590,757,340",44.55139923095703,,,,,0,0.00664144940674305,0.00919710285961628,0.007988818921148777,0.012223443947732449,"0.036,0.036,0.410,1.028,0.882,0.672,0.643,0.639",3487.24267578125,3126.931884765625,"40.74,40.74,602.8,1.442e+04,5381,2557,2279,2575",2.3607676029205322,2.831974744796753,"1.543,1.543,1.755,3.813,2.801,2.447,2.413,2.57","0.01155,0.01155,0.04433,0.1491,0.1024,0.07804,0.07492,0.08062","0.0605,0.0605,0.06921,0.147,0.109,0.09522,0.09344,0.1008",2692,0.006125655025243759,1528,0.007156513165682554,"3705,1129,2593,2660,2445,1141,1269,2563",0.1617508828639984,0.3563232421875,0.34344482421875,"0.147,0.134,0.144,0.148,0.195,0.136,0.18,0.164","0.343,0.333,0.294,0.282,0.278,0.266,0.264,0.255","-0.0019,-0.00102,0.00397,-0.00102,0.000488,0.00209,-0.00172,-0.00117","0,0,0.00731,-0.00447,0,0,0,0","-0.00209,0,0.00403,-0.00201,0,0.00401,0,-0.00201",0.03955078125,0.0339006707072258,1,0.008012710139155388,0.001449505565688014
6,gate_proj,gptq,14336,4096,0,0.002051012856619699,0.0015162740434919084,9.525141606654426,0.015466617676474595,45.316856384277344,36.84124755859375,52.33747100830078,85.59010314941406,70.45722961425781,79.83145904541016,0.7755120992660522,9.51114273071289,0.08207697421312332,"3398,3150,104,3175,3039,3325,390,271,3898,1851,3287,155,1095,1846,299,188",25.14899253845215,,,,,0,32.116634368896484,35.24339294433594,38.57599639892578,45.26356506347656,"0.548,0.548,1.031,0.953,0.876,0.866,0.891,0.874",2289.998291015625,2764.910888671875,"32.29,32.29,3428,3250,2882,2817,2961,2917",57.04663848876953,70.68769836425781,"13.51,13.51,72.32,72.48,71.03,70.61,71.45,71.46","0.9529,0.9529,6.914,6.757,6.354,6.264,6.435,6.373","1.287,1.287,6.809,6.922,6.791,6.732,6.817,6.815",11319,0.0007503447122871876,8577,0.001315321191214025,"104,2960,213,1437,3898,3121,3662,1113",0.03885786980390549,0.3172258734703064,0.3240879774093628,"0.435,0.348,0.388,0.404,0.453,0.392,0.388,0.366","6.4,5.24,4.15,3.63,3.62,3.4,3.36,3.3","-0.000561,-0.0032,0.00412,-0.00246,0.00317,-0.00528,-0.00479,-0.000465","0,-0.00446,0.00446,-0.00223,0.00223,-0.00446,-0.00446,0","0,-0.00235,0.00295,-0.0033,0.00279,-0.00575,-0.00337,0",0.0123291015625,0.014317251741886139,1,0.17406216263771057,0.06326869130134583
6,up_proj,gptq,14336,4096,0,0.0020485775811331613,0.0015467745917184012,6.988587508099021,0.014663871855636857,34.66938781738281,28.674875259399414,40.53855895996094,66.20951843261719,54.1107292175293,61.73049545288086,0.7755120992660522,6.982189178466797,0.0664689838886261,"3398,3150,3039,3175,3325,104,390,3898,271,3287,1851,155,1095,299,188,1846",25.14899253845215,,,,,0,24.70417594909668,27.27554702758789,29.701335906982422,35.078834533691406,"0.437,0.437,1.019,0.943,0.882,0.865,0.884,0.870",2289.998291015625,2764.910888671875,"32.29,32.29,3428,3250,2882,2817,2961,2917",57.04663848876953,70.68769836425781,"13.51,13.51,72.32,72.48,71.03,70.61,71.45,71.46","0.7503,0.7503,6.12,5.898,5.573,5.493,5.639,5.589","1.136,1.136,6.062,6.074,5.934,5.906,5.999,5.992",125,0.0009401569841429591,13803,0.0006358282989822328,"104,2960,213,1437,3898,3121,3662,1113",0.029729383066296577,0.4000941812992096,0.4931466579437256,"0.24,0.303,0.247,0.239,0.24,0.301,0.306,0.321","6.4,5.24,4.15,3.63,3.62,3.4,3.36,3.3","0.000729,-0.00198,-0.000246,0.00101,-0.000334,0.00346,-0.000671,-0.00464","0,0,0,0,0,0.00467,0,-0.00467","0,-0.00284,0,0,0,0.00382,0,-0.00446",0.0296630859375,0.033989742398262024,1,0.17088139057159424,0.0797552615404129
6,down_proj,gptq,4096,14336,0,0.0020031588418143137,0.0015398434230259486,12.034134231762096,0.025438420219882792,41.227134704589844,29.027280807495117,0.038110584020614624,0.06506488472223282,0.07745836675167084,0.06842754781246185,0.25701504945755005,12.033950805664062,0.06384046375751495,"4540,3333,8512,1343,13875,14165,601,2064,8396,876,3251,8264,3939,7636,7085,7361",91.48795318603516,,,,,0,0.03638720512390137,0.03190353885293007,0.04325025528669357,0.038175083696842194,"0.635,0.635,1.066,1.211,1.150,1.105,1.163,1.144",12234.6767578125,14680.126953125,"12.82,12.82,1.516e+04,1.907e+04,1.805e+04,1.457e+04,1.608e+04,1.493e+04",3.4890949726104736,4.316615581512451,"0.1779,0.1779,4.693,4.847,4.811,4.372,4.478,4.355","0.006454,0.006454,0.2182,0.2375,0.2301,0.2065,0.218,0.2095","0.008101,0.008101,0.2113,0.2158,0.2146,0.1964,0.2021,0.1958",3437,0.0017795824678614736,2070,0.0029482024256139994,"9387,6304,13516,9171,7287,3534,13243,10004",0.28696781396865845,0.33587646484375,0.34088134765625,"0.177,0.176,0.181,0.187,0.179,0.181,0.192,0.175","2.01,0.547,0.438,0.437,0.344,0.284,0.282,0.28","-0.00167,0.00366,0.000196,-0.000584,-0.0013,0.00266,-0.000158,-0.00305","0,0.00257,0,0,-0.00213,0.00254,0,-0.0022","-0.00249,0.00274,0,0,-0.00255,0.0022,0,-0.00219",0.01287841796875,0.012381666339933872,1,0.009707632474601269,0.0016356991836801171
7,q_proj,gptq,4096,4096,0,0.00205153226852417,0.0014706254005432129,10.057983704932667,0.03765724912229449,25.91844940185547,16.94829559326172,45.4322395324707,163.00250244140625,69.10746765136719,118.70008850097656,0.8458480834960938,10.028276443481445,0.24931010603904724,"3175,3325,3039,271,1851,299,1095,1846,3150,43,759,4036,746,3297,678,1935",262.6140441894531,,,,,0,31.58690643310547,49.99796676635742,34.61664962768555,67.36111450195312,"1.465,1.465,0.696,0.669,0.567,0.517,0.552,0.537",1841.6187744140625,2231.103515625,"175.2,175.2,2508,2543,2357,2259,2383,2333",101.7059097290039,123.57493591308594,"47.55,47.55,112.7,119.2,120.1,123.4,120.7,122.4","3.859,3.859,6.353,6.481,5.916,5.864,5.975,5.954","3.188,3.188,7.614,7.924,7.857,8.156,8.039,8.123",2355,0.006243558134883642,2172,0.0035847187973558903,"213,2960,1437,104,1935,3830,1504,3240",0.3920859098434448,0.42913818359375,0.433441162109375,"0.268,0.26,0.283,0.249,0.176,0.226,0.3,0.22","29,20.6,19.2,19.1,18.6,15.1,15,12","0.00131,-0.000401,0.00313,0.00626,0.00346,-0.00671,0.00552,0.000237","0,0,0,0.0119,0,-0.0119,0,0","0,0,0.00551,0.0112,0.00666,-0.00579,0.00551,0",0.041748046875,0.04504891112446785,1,0.4674564301967621,0.14717677235603333
7,k_proj,gptq,1024,4096,0,0.0020275115966796875,0.0014803409576416016,5.319660647997807,0.044528468969697546,12.467718124389648,7.964195251464844,22.691837310791016,79.13211059570312,34.79867172241211,59.29720687866211,0.8458480834960938,5.306483268737793,0.26516005396842957,"3039,3325,3175,271,1851,1095,299,4036,3150,759,1846,1935,3297,746,43,678",262.6140441894531,,,,,0,16.040918350219727,25.10186004638672,17.180822372436523,33.35373306274414,"1.718,1.718,0.635,0.617,0.559,0.524,0.564,0.548",1841.6187744140625,2231.103515625,"175.2,175.2,2508,2543,2357,2259,2383,2333",101.7059097290039,123.57493591308594,"47.55,47.55,112.7,119.2,120.1,123.4,120.7,122.4","3.142,3.142,4.343,4.425,4.167,4.16,4.227,4.197","2.397,2.397,5.451,5.635,5.573,5.746,5.627,5.669",189,0.011533877812325954,635,0.02560160681605339,"213,2960,1437,104,1935,3830,1504,3240",0.4707518517971039,0.3631591796875,0.3338623046875,"0.204,0.212,0.206,0.224,0.224,0.205,0.225,0.152","29,20.6,19.2,19.1,18.6,15.1,15,12","-0.0195,-0.00684,-0.0201,0.028,-0.00403,-0.0269,-0.0233,8.96e-05","-0.0208,-0.0104,-0.0208,0.0208,0,-0.0312,-0.0208,0","-0.0217,-0.00694,-0.0221,0.024,-0.00628,-0.023,-0.0221,0",0.036376953125,0.0415736623108387,1,0.4475061893463135,0.41978129744529724
7,v_proj,gptq,1024,4096,0,0.0020618438720703125,0.0014929771423339844,0.4401032285435491,0.017472109883726182,1.9018220901489258,1.499169111251831,2.84918212890625,9.153831481933594,3.8074169158935547,7.592158317565918,0.8458480834960938,0.43854978680610657,0.0918143168091774,"3325,3175,3039,1095,1846,271,299,1851,3150,4036,746,3297,759,43,142,1528",262.6140441894531,,,,,0,1.727223515510559,3.226755142211914,2.0700011253356934,4.375569820404053,"1.072,1.072,0.614,0.547,0.511,0.486,0.521,0.503",1841.6187744140625,2231.103515625,"175.2,175.2,2508,2543,2357,2259,2383,2333",101.7059097290039,123.57493591308594,"47.55,47.55,112.7,119.2,120.1,123.4,120.7,122.4","0.4098,0.4098,1.541,1.533,1.481,1.459,1.5,1.478","0.3957,0.3957,1.968,2.073,2.071,2.094,2.078,2.083",796,0.006586394738405943,944,0.007801257073879242,"213,2960,1437,104,1935,3830,1504,3240",0.09733980894088745,0.6124267578125,0.8956298828125,"0.0276,0.0289,0.023,0.0273,0.0173,0.0191,0.0229,0.016","29,20.6,19.2,19.1,18.6,15.1,15,12","3.1e-05,-2.24e-05,-0.000151,-5.25e-05,-6.39e-05,0.00042,0.000523,-0.000225","0,0,0,0,0,0,0.000846,0","0,0,0,0,0,0,0,0",0.011474609375,0.010676243342459202,1,0.12016216665506363,0.1344020962715149
7,o_proj,gptq,4096,4096,0,0.0021106600761413574,0.0014587640762329102,4.025702466369159,0.03711428262447759,11.149338722229004,6.261641979217529,0.013424992561340332,0.03823716193437576,0.017460482195019722,0.02748510241508484,0.6525393724441528,4.006443500518799,0.05888604745268822,"814,2036,942,1780,3069,686,438,2392,54,2520,2813,2283,1908,558,2539,182",40.61708450317383,,,,,0,0.005671223159879446,0.010189210064709187,0.010825267992913723,0.015567787922918797,"0.036,0.036,0.531,0.769,0.646,0.637,0.650,0.645",1424.882568359375,2506.1357421875,"45.3,45.3,1696,2757,1673,1516,1727,1938",2.4685463905334473,3.092449426651001,"1.955,1.955,2.346,3.026,2.578,2.456,2.625,2.808","0.01543,0.01543,0.06841,0.1059,0.08315,0.07852,0.08659,0.09177","0.08103,0.08103,0.09391,0.1207,0.1035,0.0984,0.1074,0.1143",2061,0.005375272128731012,2070,0.011502282693982124,"1908,182,297,54,1780,438,2813,942",0.20704208314418793,0.381500244140625,0.37353515625,"0.144,0.118,0.163,0.147,0.132,0.109,0.194,0.178","0.406,0.391,0.372,0.356,0.345,0.335,0.327,0.313","-0.000244,-0.00897,0.00201,-0.00372,-0.00243,0.00623,0.00647,-0.00458","0,-0.008,0,-0.00267,-0.00267,0.00534,0.00534,-0.00534","0,-0.00868,0.00255,-0.00312,-0.0022,0.00506,0.00578,-0.00499",0.033447265625,0.028498951345682144,2,0.006095927208662033,0.0015560915926471353
7,gate_proj,gptq,14336,4096,0,0.002046346664428711,0.0015054430280412947,9.456582753789917,0.015134311550071047,45.99388122558594,37.49354934692383,62.97343063354492,102.77902221679688,86.6546630859375,96.07693481445312,0.752656877040863,9.449657440185547,0.07949167490005493,"3398,3150,3898,3240,104,155,3307,3287,2960,578,3662,1641,835,390,980,2976",29.702423095703125,,,,,0,39.357120513916016,42.20315170288086,47.94480514526367,54.523704528808594,"1.495,1.495,0.969,0.963,0.901,0.897,0.911,0.898",2333.29736328125,2863.778076171875,"121.4,121.4,3221,3276,2988,2908,3046,2985",62.44127655029297,76.76261138916016,"17.25,17.25,77.58,78.33,77.44,76.63,77.6,77.45","2.006,2.006,7.31,7.384,7.068,6.958,7.123,7.054","1.64,1.64,7.425,7.523,7.446,7.347,7.464,7.442",14089,0.0013473964063450694,11148,0.0012225413229316473,"2960,104,213,1437,3842,3898,3662,3121",0.0452309176325798,0.3058733344078064,0.299168199300766,"0.4,0.414,0.41,0.427,0.38,0.454,0.394,0.399","6.79,6.15,6.07,4.17,4.01,3.93,3.86,3.35","0.0054,-0.0229,0.024,0.00525,-0.0889,0.0289,0.0284,-0.021","0,-0.0254,0.0254,0,-0.102,0.0254,0.0254,-0.0254","0.00691,-0.0194,0.0206,0.0041,-0.0762,0.0254,0.035,-0.0206",0.0888671875,0.1015625074505806,1,0.2594377398490906,0.15865643322467804
7,up_proj,gptq,14336,4096,0,0.0020359924861363004,0.001539656094142369,6.866994338028235,0.014510160020213915,34.60261535644531,28.500946044921875,47.96867370605469,77.56839752197266,65.42402648925781,72.47394561767578,0.752656877040863,6.862983703613281,0.06359075754880905,"3398,3150,3898,104,3240,155,2960,3287,3307,3662,390,835,980,578,2976,1641",29.702423095703125,,,,,0,29.69573211669922,31.910572052001953,36.22701644897461,41.10847854614258,"1.242,1.242,0.966,0.966,0.904,0.898,0.915,0.902",2333.29736328125,2863.778076171875,"121.4,121.4,3221,3276,2988,2908,3046,2985",62.44127655029297,76.76261138916016,"17.25,17.25,77.58,78.33,77.44,76.63,77.6,77.45","1.599,1.599,6.335,6.431,6.16,6.06,6.207,6.146","1.435,1.435,6.446,6.544,6.477,6.395,6.488,6.47",10481,0.0008737237076275051,4408,0.001389679149724543,"2960,104,213,1437,3842,3898,3662,3121",0.03568824380636215,0.4448678493499756,0.5187639594078064,"0.284,0.248,0.236,0.243,0.22,0.234,0.308,0.307","6.79,6.15,6.07,4.17,4.01,3.93,3.86,3.35","9.3e-05,-0.000847,0.000422,-0.00282,0.00476,-0.000576,-0.00464,-0.0032","0,0,0,-0.00364,0.00364,0,-0.00364,-0.00364","0,0,0,-0.00302,0.00366,0,-0.00351,-0.00368",0.03662109375,0.031769078224897385,1,0.18207180500030518,0.09712616354227066
7,down_proj,gptq,4096,14336,0,0.002003039632524763,0.0015413590839930943,12.17362346820289,0.025972162027553976,41.06572723388672,28.619083404541016,0.04956278204917908,0.08853638172149658,0.09315775334835052,0.08110927790403366,0.5037742257118225,12.16276741027832,0.06141217425465584,"14089,7413,227,1038,4101,13004,3077,9692,8834,4528,7176,9846,12799,8146,9584,8897",189.4468536376953,,,,,0,0.039320509880781174,0.03361065313220024,0.05620674043893814,0.04905093461275101,"0.825,0.825,1.261,1.136,1.145,1.131,1.182,1.163",10131.1328125,14576.814453125,"49.6,49.6,1.478e+04,1.2e+04,1.185e+04,1.286e+04,1.457e+04,1.489e+04",3.6287612915039062,4.923678398132324,"0.4422,0.4422,4.723,4.518,4.497,4.665,4.829,4.913","0.01855,0.01855,0.2401,0.2158,0.2162,0.2232,0.2369,0.2388","0.02042,0.02042,0.2138,0.2024,0.2021,0.2099,0.2178,0.2214",2070,0.00908637885004282,2070,0.009738975204527378,"1038,3453,2672,1103,11862,11136,14136,5277",0.052757054567337036,0.359222412109375,0.359619140625,"0.182,0.165,0.181,0.178,0.173,0.174,0.178,0.165","0.515,0.334,0.31,0.285,0.274,0.256,0.246,0.24","-0.00842,0.00116,0.00397,-0.00574,-0.0062,0.00161,-0.00592,0.0106","0,0,0.00794,-0.00496,-0.00695,0,-0.00852,0.0174","-0.00977,0,0,-0.00977,-0.00478,0,-0.00788,0.0076",0.09814453125,0.1054687574505806,1,0.02061111479997635,0.01994202472269535
8,q_proj,gptq,4096,4096,0,0.002042233943939209,0.0014551281929016113,7.751359553185466,0.030074715350648873,22.951108932495117,15.801810264587402,39.01863098144531,145.8143310546875,61.304569244384766,111.33845520019531,0.8093527555465698,7.736334800720215,0.23592965304851532,"3150,1935,1528,678,155,2245,3646,2881,1504,944,774,2960,3240,1437,213,232",360.2716064453125,,,,,0,28.319202423095703,47.6319580078125,30.490140914916992,61.55814743041992,"1.569,1.569,0.646,0.571,0.494,0.480,0.515,0.511",1895.3189697265625,2352.541748046875,"178.4,178.4,2757,2524,2346,2308,2436,2435",102.46109771728516,120.88361358642578,"52.7,52.7,113.5,119.7,121.3,121.2,118.6,120","4.206,4.206,5.851,5.886,5.531,5.459,5.557,5.569","3.358,3.358,7.282,7.792,7.873,7.881,7.745,7.788",351,0.0019495568703860044,2933,0.005096732638776302,"213,1935,2960,1437,3830,3240,104,1504",0.5051568150520325,0.45849609375,0.431304931640625,"0.24,0.172,0.249,0.269,0.219,0.21,0.259,0.3","34.2,26.1,26,19.1,17,16.8,15.7,14.1","0.000324,-0.00458,-0.000557,-0.00214,0.00371,-0.000133,-0.00409,0.0111","0,-0.00572,0,0,0.00572,0,-0.00572,0.0114","0,-0.00363,0,-0.00408,0.00352,0,-0.0046,0.0122",0.02001953125,0.01715959794819355,5,0.2442265748977661,0.22035613656044006
8,k_proj,gptq,1024,4096,0,0.0020563602447509766,0.0014491081237792969,3.8721680028465926,0.03462952923049007,10.53615951538086,7.157111167907715,18.454750061035156,70.04244232177734,30.021509170532227,53.526458740234375,0.8093527555465698,3.8731307983398438,0.24034269154071808,"3150,1935,1528,678,155,1504,2245,3240,1437,774,2960,944,3646,2881,3072,213",360.2716064453125,,,,,0,14.033099174499512,22.594493865966797,14.715716361999512,29.955066680908203,"1.750,1.750,0.561,0.643,0.515,0.503,0.526,0.511",1895.3189697265625,2352.541748046875,"178.4,178.4,2757,2524,2346,2308,2436,2435",102.46109771728516,120.88361358642578,"52.7,52.7,113.5,119.7,121.3,121.2,118.6,120","3.236,3.236,3.86,4.093,3.847,3.832,3.867,3.903","2.446,2.446,5.151,5.106,5.363,5.403,5.331,5.46",502,0.00988878682255745,60,0.04353420436382294,"213,1935,2960,1437,3830,3240,104,1504",0.5102756023406982,0.4166259765625,0.3470458984375,"0.204,0.211,0.208,0.199,0.198,0.154,0.22,0.215","34.2,26.1,26,19.1,17,16.8,15.7,14.1","-0.00461,0.00854,-0.0025,-0.00314,0.00793,0.00278,0.0023,0.00989","0,0.0105,0,0,0.0105,0,0,0.0105","-0.00771,0.00652,0,0,0.00596,0,0,0.00718",0.037841796875,0.04747971147298813,1,0.3825932443141937,0.1527072638273239
8,v_proj,gptq,1024,4096,0,0.002009153366088867,0.0014414787292480469,0.5487838478393314,0.021066586839759024,2.085869789123535,1.557002305984497,3.34431791305542,9.694921493530273,4.69052791595459,8.106485366821289,0.8093527555465698,0.5473361015319824,0.10832824558019638,"3150,1935,155,678,1528,2960,3646,2245,774,2881,1504,944,3072,3240,2043,3662",360.2716064453125,,,,,0,2.070753812789917,3.4811041355133057,2.552490234375,4.573260307312012,"1.274,1.274,0.700,0.557,0.538,0.546,0.579,0.578",1895.3189697265625,2352.541748046875,"178.4,178.4,2757,2524,2346,2308,2436,2435",102.46109771728516,120.88361358642578,"52.7,52.7,113.5,119.7,121.3,121.2,118.6,120","0.5745,0.5745,1.752,1.601,1.579,1.592,1.617,1.621","0.5089,0.5089,2.095,2.146,2.153,2.154,2.126,2.132",999,0.011166872456669807,606,0.010257317684590816,"213,1935,2960,1437,3830,3240,104,1504",0.2008409947156906,0.7158203125,0.8319091796875,"0.0226,0.0192,0.0282,0.0266,0.0272,0.0196,0.0402,0.023","34.2,26.1,26,19.1,17,16.8,15.7,14.1","0.002,0.0019,-0.00513,-0.00443,-0.000622,-0.00223,0.00154,0.00331","0.00432,0,-0.00432,-0.00432,0,0,0.00432,0.00432","0.00202,0.00201,-0.00438,-0.00352,0,-0.0031,0.00163,0.00352",0.01513671875,0.0172991082072258,1,0.1668768972158432,0.04681768640875816
8,o_proj,gptq,4096,4096,0,0.0020754337310791016,0.001465916633605957,3.9905003818430487,0.03520338390868304,11.37047004699707,6.515225410461426,0.015150564722716808,0.04434492811560631,0.014523005113005638,0.0313754677772522,0.718464195728302,3.9817709922790527,0.06882878392934799,"695,951,241,567,823,369,497,113,148,3989,1564,714,255,1948,1692,4071",55.40757369995117,,,,,0,0.003754532430320978,0.012605424970388412,0.009380994364619255,0.017175951972603798,"0.025,0.025,0.169,0.455,0.343,0.353,0.413,0.448",724.4895629882812,1894.70703125,"44.52,44.52,283.6,1339,923.7,833.9,1048,1278",2.827470302581787,3.325298547744751,"2.646,2.646,2.575,3.177,2.863,2.806,2.89,3.018","0.01664,0.01664,0.042,0.08412,0.06696,0.06602,0.07354,0.07995","0.105,0.105,0.1022,0.1247,0.1143,0.1111,0.1145,0.1194",2070,0.005872662644833326,2070,0.019604599103331566,"951,695,823,567,1692,1820,2078,369",0.48324257135391235,0.330718994140625,0.32464599609375,"0.182,0.166,0.153,0.174,0.168,0.179,0.152,0.17","0.854,0.854,0.757,0.709,0.415,0.325,0.303,0.301","-0.0306,0.0496,0.004,0.00714,0.0415,0.0178,0.0311,-0.0203","-0.0283,0.0425,0,0.0142,0.0425,0.0142,0.0283,-0.0142","-0.035,0.0425,0,0.0123,0.0356,0.0153,0.0289,-0.0185",0.049560546875,0.0424804724752903,7,0.005131313111633062,0.015997644513845444
8,gate_proj,gptq,14336,4096,0,0.002048424312046596,0.001498903547014509,9.746787432217388,0.01565650124939652,46.36693572998047,37.768760681152344,68.01766967773438,113.96941375732422,94.58750915527344,105.23098754882812,0.6882827281951904,9.742730140686035,0.0819007083773613,"3398,3150,2960,2976,3307,3071,1641,104,3898,578,835,3662,155,3287,188,53",29.376266479492188,,,,,0,42.75743103027344,46.16328048706055,52.26627731323242,59.495384216308594,"1.760,1.760,1.010,0.910,0.869,0.873,0.892,0.889",2294.311279296875,2883.6025390625,"164.9,164.9,3387,3010,2835,2820,2989,2984",65.46979522705078,79.80379486083984,"20.61,20.61,81.69,80.64,79.96,79.31,80.44,80.51","2.646,2.646,7.892,7.424,7.19,7.147,7.339,7.35","1.995,1.995,7.852,7.782,7.715,7.647,7.769,7.795",8311,0.001019752467982471,8887,0.0024148335214704275,"2960,213,104,1437,3662,1935,1113,3121",0.06039836257696152,0.3264857828617096,0.31878662109375,"0.433,0.415,0.408,0.445,0.406,0.435,0.39,0.409","10.1,7.65,6.42,4.93,4.4,4.2,3.96,3.76","-0.00735,0.0107,-0.00188,-0.00879,-0.000938,-0.00772,-0.00378,0.00861","-0.00889,0.0133,0,-0.00889,0,-0.00889,-0.00445,0.00889","-0.00774,0.00949,-0.0037,-0.00764,0,-0.00701,-0.0045,0.00806",0.017822265625,0.018026670441031456,1,0.22960351407527924,0.11626430600881577
8,up_proj,gptq,14336,4096,0,0.0020430939538138254,0.0015460933957781111,7.275366605073941,0.015085103481687732,35.74011993408203,29.262786865234375,52.96445846557617,87.24498748779297,72.72727966308594,80.95034790039062,0.6882827281951904,7.26618766784668,0.06496646255254745,"3398,3150,2960,2976,3307,104,3071,1641,3898,3662,835,578,3287,155,188,1935",29.376266479492188,,,,,0,32.706974029541016,35.62338638305664,40.426048278808594,45.57828140258789,"1.340,1.340,0.988,0.894,0.871,0.881,0.908,0.908",2294.311279296875,2883.6025390625,"164.9,164.9,3387,3010,2835,2820,2989,2984",65.46979522705078,79.80379486083984,"20.61,20.61,81.69,80.64,79.96,79.31,80.44,80.51","2.004,2.004,6.911,6.497,6.32,6.295,6.486,6.482","1.731,1.731,6.954,6.871,6.772,6.707,6.806,6.801",5269,0.0005715520237572491,14285,0.000816736021079123,"2960,213,104,1437,3662,1935,1113,3121",0.04629477486014366,0.4440220594406128,0.5120588541030884,"0.275,0.244,0.283,0.257,0.325,0.213,0.324,0.311","10.1,7.65,6.42,4.93,4.4,4.2,3.96,3.76","-0.00135,0.00105,0.000173,-8.2e-05,0.000629,0.000721,-0.00189,0.000706","-0.00255,0,0,0,0,0,-0.00255,0","-0.00248,0,0,0,0,0,-0.00219,0",0.01031494140625,0.010660885833203793,1,0.15109312534332275,0.07324455678462982
8,down_proj,gptq,4096,14336,0,0.0019964660917009625,0.001544356346130371,11.918507336949006,0.02501130330208887,40.96662902832031,28.726600646972656,0.05800389498472214,0.10178367048501968,0.1190815195441246,0.1011771559715271,0.08296314626932144,11.908324241638184,0.06707394868135452,"12616,10663,11033,10855,1699,1726,2855,13132,1602,14031,13556,13959,1235,7464,13912,226",196.3533172607422,,,,,0,0.05433978885412216,0.045720335096120834,0.06441222876310349,0.05600016191601753,"1.519,1.519,1.321,1.151,1.120,1.113,1.152,1.143",10958.6357421875,14102.6904296875,"24.72,24.72,2.265e+04,1.273e+04,1.192e+04,1.239e+04,1.378e+04,1.414e+04",4.115353584289551,5.229677677154541,"0.293,0.293,7.02,5.096,4.892,4.944,5.148,5.237","0.01625,0.01625,0.3683,0.2466,0.2349,0.2367,0.25,0.253","0.01318,0.01318,0.3204,0.2298,0.222,0.2244,0.233,0.2366",2070,0.006511850282549858,2070,0.008203056640923023,"9983,868,13132,1235,12271,1994,5366,3169",0.0761483684182167,0.363067626953125,0.363739013671875,"0.18,0.197,0.182,0.172,0.184,0.173,0.184,0.176","0.591,0.419,0.353,0.33,0.323,0.31,0.301,0.301","-0.000916,-0.00302,0.145,0.0273,-0.000144,-0.0104,-0.00171,-0.00433","0,0,0.145,0.0483,0,-0.0139,0,-0.00889","0,0,0.124,0.0234,0,-0.00914,0,-0.00642",0.1689453125,0.1448102742433548,2,0.018957415595650673,0.020107466727495193
9,q_proj,gptq,4096,4096,0,0.002032756805419922,0.0014745593070983887,7.969455634913174,0.032222710167854315,22.780532836914062,15.620905876159668,56.32375717163086,166.77828979492188,84.9477767944336,132.1509552001953,0.7684065699577332,7.946663856506348,0.2255764752626419,"1935,1528,678,3150,1504,2245,3072,232,722,2692,1642,2960,3533,944,4084,2388",313.3163146972656,,,,,0,40.25613784790039,58.1458740234375,42.48682403564453,72.83075714111328,"1.538,1.538,0.859,0.639,0.587,0.567,0.611,0.591",1951.7335205078125,2369.334228515625,"178,178,3070,2549,2413,2315,2471,2440",116.25528717041016,135.18109130859375,"60.51,60.51,124.9,137.9,139.2,137.1,134.5,135.3","4.654,4.654,7.466,6.983,6.716,6.473,6.638,6.569","3.753,3.753,8.054,8.735,8.764,8.593,8.493,8.547",3710,0.007055511698126793,3382,0.005350074265152216,"213,1935,2960,1437,3830,104,1504,2083",0.38710322976112366,0.4522705078125,0.426116943359375,"0.237,0.168,0.258,0.259,0.207,0.246,0.263,0.276","39.6,31.7,29.7,21.6,17.7,15,14.7,14.2","0.0005,0.00415,-0.0118,-0.00592,0.00565,-0.00183,0.0125,-0.00623","0,0,-0.00872,-0.00872,0.00872,0,0.00872,-0.00872","0,0.00718,-0.00956,-0.00739,0.00527,0,0.0111,-0.00607",0.030517578125,0.02615792490541935,2,0.5641134977340698,0.6268154978752136
9,k_proj,gptq,1024,4096,0,0.0020437240600585938,0.0014591217041015625,4.0256002223541145,0.03614645536646365,10.783031463623047,7.309676647186279,27.101367950439453,84.10694885253906,41.39826583862305,66.611572265625,0.7684065699577332,4.012753486633301,0.2378493696451187,"1935,1528,678,3150,1504,2245,3072,1642,232,722,2960,2692,3533,4084,3901,2388",313.3163146972656,,,,,0,19.931777954101562,30.19580841064453,20.498506546020508,36.294044494628906,"1.212,1.212,0.925,0.614,0.516,0.531,0.578,0.551",1951.7335205078125,2369.334228515625,"178,178,3070,2549,2413,2315,2471,2440",116.25528717041016,135.18109130859375,"60.51,60.51,124.9,137.9,139.2,137.1,134.5,135.3","3.594,3.594,5.236,4.869,4.616,4.467,4.565,4.517","3.265,3.265,5.444,6.213,6.428,6.131,6.004,6.085",690,0.009400156326591969,319,0.01981455646455288,"213,1935,2960,1437,3830,104,1504,2083",0.451955646276474,0.3646240234375,0.3221435546875,"0.202,0.247,0.195,0.208,0.21,0.218,0.231,0.225","39.6,31.7,29.7,21.6,17.7,15,14.7,14.2","0.00964,0.0033,-0.00117,-0.00246,0.000786,-0.00519,-0.00246,0.00867","0.0124,0.00621,0,0,0,-0.00621,0,0.0124","0.00687,0.00652,0,0,0,-0.00544,0,0.0108",0.0289306640625,0.02876020222902298,1,0.44756269454956055,0.2215910255908966
9,v_proj,gptq,1024,4096,0,0.002012491226196289,0.0014426708221435547,0.4353285063734802,0.019576667277046586,1.7428369522094727,1.3322300910949707,4.021469593048096,11.231526374816895,5.358626842498779,9.056146621704102,0.7684065699577332,0.4352448582649231,0.08776804059743881,"1935,1528,3150,678,1504,3072,2245,232,2692,1642,2960,4084,722,3533,2388,3621",313.3163146972656,,,,,0,2.389993906021118,3.923079490661621,2.91182279586792,5.14655876159668,"0.741,0.741,0.855,0.606,0.556,0.535,0.569,0.562",1951.7335205078125,2369.334228515625,"178,178,3070,2549,2413,2315,2471,2440",116.25528717041016,135.18109130859375,"60.51,60.51,124.9,137.9,139.2,137.1,134.5,135.3","0.4865,0.4865,1.931,1.779,1.716,1.685,1.74,1.715","0.5653,0.5653,2.088,2.286,2.301,2.303,2.307,2.289",345,0.007666663266718388,855,0.008011894300580025,"213,1935,2960,1437,3830,104,1504,2083",0.11602737009525299,0.5728759765625,0.8037109375,"0.0242,0.0248,0.0278,0.0265,0.0265,0.0442,0.0251,0.0313","39.6,31.7,29.7,21.6,17.7,15,14.7,14.2","-0.000717,-0.000441,0.00134,-0.000332,-0.000813,0.00111,0.000599,-0.000444","0,0,0.00187,0,0,0.00187,0,0","0,0,0.0022,0,0,0,0,0",0.010986328125,0.010664869099855423,1,0.1502145677804947,0.07731293886899948
9,o_proj,gptq,4096,4096,0,0.0020987391471862793,0.0014607906341552734,3.6606581022788305,0.03367244959073795,10.63984203338623,6.223311424255371,0.018751954659819603,0.06230410560965538,0.020354004576802254,0.03923874348402023,0.8575496673583984,3.652848720550537,0.0624360591173172,"3607,3991,2465,3863,1028,3735,1579,1412,1156,2965,3358,1835,2581,1877,3230,686",46.5011100769043,,,,,0,0.005440633278340101,0.014469691552221775,0.013104410842061043,0.022769024595618248,"0.034,0.034,0.569,0.403,0.389,0.477,0.474,0.494",814.2700805664062,1981.9854736328125,"38.53,38.53,1341,863.3,793.5,1089,1094,1257",3.060811758041382,3.8494837284088135,"2.863,2.863,3.098,2.988,2.931,3.16,3.208,3.376","0.02073,0.02073,0.09337,0.07469,0.07177,0.08509,0.086,0.09263","0.1123,0.1123,0.1238,0.1176,0.1151,0.1232,0.1249,0.1318",1504,0.004356250166893005,2070,0.005020346026867628,"3607,3991,1284,2209,1156,3735,2337,1963",0.42239195108413696,0.344451904296875,0.336334228515625,"0.137,0.145,0.125,0.153,0.175,0.215,0.179,0.175","0.662,0.603,0.48,0.48,0.48,0.438,0.42,0.4","-0.00546,-0.00443,-0.00485,0.000538,-0.00174,0.00479,0.00781,0.00113","-0.00663,-0.00663,-0.00663,0,0,0.00663,0.00663,0","-0.00649,-0.00364,-0.0045,0,-0.00251,0.00663,0.0067,0",0.023193359375,0.0198800228536129,1,0.004737032577395439,0.001688071177341044
9,gate_proj,gptq,14336,4096,0,0.0020534821919032504,0.0015090363366263254,9.892198547859152,0.01624217533725497,45.85350036621094,36.95747756958008,71.70646667480469,120.62556457519531,100.84839630126953,111.63933563232422,0.7042433023452759,9.87889289855957,0.08760631084442139,"3398,3150,2976,2960,3307,3071,3240,155,53,1641,1935,578,104,1437,2043,3898",35.1063117980957,,,,,0,46.25065231323242,48.959007263183594,54.40036392211914,62.43421173095703,"1.859,1.859,1.087,0.900,0.849,0.854,0.886,0.881",2289.09912109375,2839.010009765625,"174.5,174.5,3616,2965,2808,2750,2918,2907",69.26813507080078,82.63008880615234,"28.15,28.15,83.93,83.26,82.7,81.88,83.03,83.03","3.636,3.636,8.355,7.527,7.304,7.252,7.457,7.453","2.667,2.667,8.012,7.936,7.927,7.847,7.923,7.942",12658,0.0007696664542891085,883,0.001355530577711761,"2960,213,104,1935,1437,1113,3662,3830",0.05661145597696304,0.3185599446296692,0.3172171711921692,"0.444,0.428,0.414,0.459,0.457,0.391,0.401,0.444","11.6,9.31,6.18,5.66,5.02,4.61,4.29,4.12","0.0113,-0.0107,0.00668,-0.00322,0.00922,-0.0124,0.000324,0.00218","0.0116,-0.0116,0,0,0.0116,-0.0116,0,0","0.0132,-0.00907,0.00691,0,0.0102,-0.00837,0,0.00391",0.046142578125,0.05191134661436081,1,0.2026294618844986,0.14627179503440857
9,up_proj,gptq,14336,4096,0,0.0020501954214913504,0.0015452419008527482,7.663220978562094,0.015600267402693116,36.67304229736328,29.587148666381836,57.852691650390625,95.37971496582031,80.16251373291016,88.68017578125,0.7042433023452759,7.6571550369262695,0.06958387792110443,"3398,3150,2976,2960,3307,3071,155,53,3240,1641,104,578,1437,1935,2043,3898",35.1063117980957,,,,,0,36.399959564208984,39.07762908935547,43.543148040771484,49.62264633178711,"1.410,1.410,1.081,0.894,0.856,0.863,0.891,0.889",2289.09912109375,2839.010009765625,"174.5,174.5,3616,2965,2808,2750,2918,2907",69.26813507080078,82.63008880615234,"28.15,28.15,83.93,83.26,82.7,81.88,83.03,83.03","2.814,2.814,7.5,6.713,6.521,6.493,6.687,6.681","2.37,2.37,7.215,7.1,7.048,6.988,7.086,7.085",268,0.0007201993139460683,9341,0.002074991352856159,"2960,213,104,1935,1437,1113,3662,3830",0.04577140882611275,0.4553833305835724,0.5127738118171692,"0.272,0.242,0.288,0.207,0.26,0.324,0.326,0.271","11.6,9.31,6.18,5.66,5.02,4.61,4.29,4.12","0.00369,0.00412,0.00177,-0.000763,0.00179,0.00273,0.000652,-0.00188","0.00296,0.00445,0.00148,-0.00148,0.00148,0.00296,0.00148,-0.00148","0.00431,0.00453,0.00276,0,0.00298,0.0027,0,-0.00222",0.01251220703125,0.011522235348820686,1,0.17500847578048706,0.06199023500084877
9,down_proj,gptq,4096,14336,0,0.0019981861114501953,0.001539741243634905,11.561401975804301,0.02390308865104671,40.880985260009766,29.069438934326172,0.07222744822502136,0.14084064960479736,0.14325037598609924,0.12681949138641357,0.05954652279615402,11.540854454040527,0.07118038833141327,"3244,4587,12536,6364,3678,13411,7563,4455,12991,9169,8898,436,5710,12750,12970,8947",1177.263427734375,,,,,0,0.06802601367235184,0.05921192839741707,0.07557438313961029,0.06787991523742676,"1.344,1.344,1.187,1.129,1.110,1.115,1.131,1.150",11715.943359375,13271.1298828125,"46.31,46.31,3.199e+04,1.163e+04,1.193e+04,1.169e+04,1.282e+04,1.358e+04",4.714562892913818,5.747455596923828,"0.6752,0.6752,8.788,5.418,5.487,5.379,5.575,5.719","0.03801,0.03801,0.4369,0.2592,0.2614,0.2564,0.269,0.2772","0.03279,0.03279,0.401,0.2439,0.2481,0.2427,0.2529,0.2585",2070,0.0030655707232654095,2185,0.0031515597365796566,"3678,3972,12559,4330,6056,1035,10756,7462",0.10595763474702835,0.336578369140625,0.3377685546875,"0.197,0.185,0.183,0.205,0.187,0.177,0.183,0.183","0.748,0.745,0.441,0.386,0.385,0.384,0.36,0.342","-0.0023,-0.00916,0.00227,-0.00977,0.00476,0.00806,0.0038,0.00699","0,-0.00611,0.00599,-0.0116,0,0.0106,0.00422,0.00681","0,-0.0101,0,-0.0101,0.00516,0.00659,0.006,0.00816",0.1767578125,0.1515066921710968,3,0.014472329057753086,0.012738603167235851
10,q_proj,gptq,4096,4096,0,0.0020314455032348633,0.0014663338661193848,7.771347498970499,0.029737058337101132,23.37054443359375,16.219709396362305,47.559654235839844,169.71517944335938,75.92648315429688,130.91641235351562,0.7696595191955566,7.748506546020508,0.26459822058677673,"1935,1528,678,3150,2960,2245,3240,213,1504,3701,3072,2881,1642,155,3646,1437",436.8070983886719,,,,,0,37.51889419555664,57.11750793457031,36.06360626220703,71.70704650878906,"1.642,1.642,0.915,0.551,0.492,0.478,0.531,0.520",1963.3525390625,2326.404052734375,"183.5,183.5,3393,2536,2364,2263,2391,2394",114.09959411621094,130.82135009765625,"68.02,68.02,120.3,132.3,133.1,132.4,128.5,130","5.443,5.443,7.471,6.433,6.042,5.878,6.03,6.024","4.247,4.247,7.81,8.671,8.611,8.505,8.273,8.352",1143,0.0027033730875700712,2122,0.004387070424854755,"213,1935,2960,1437,1528,3240,3830,104",0.5245290994644165,0.49652099609375,0.4739990234375,"0.245,0.163,0.255,0.263,0.225,0.211,0.217,0.243","40.9,37,37,18.2,16.7,16.6,15.2,12.1","-0.00118,-0.00204,0.00226,0.000999,0.00174,-0.00302,-0.00224,0.00574","0,0,0.00436,0,0,-0.00436,0,0.00436","0,0,0,0,0,-0.00551,-0.00396,0.00541",0.022705078125,0.023060135543346405,1,0.31412988901138306,0.22061535716056824
10,k_proj,gptq,1024,4096,0,0.002045869827270508,0.001493215560913086,3.881599386300877,0.031537413335710474,11.266412734985352,7.735834121704102,23.09832000732422,86.754150390625,36.96677017211914,65.50173950195312,0.7696595191955566,3.856579303741455,0.26220354437828064,"1935,1528,678,3150,2960,1504,3240,2245,213,3072,3701,1642,155,3901,1437,2881",436.8070983886719,,,,,0,18.23362159729004,28.587764739990234,17.628740310668945,36.08694839477539,"1.411,1.411,0.884,0.565,0.490,0.471,0.517,0.500",1963.3525390625,2326.404052734375,"183.5,183.5,3393,2536,2364,2263,2391,2394",114.09959411621094,130.82135009765625,"68.02,68.02,120.3,132.3,133.1,132.4,128.5,130","3.762,3.762,5.23,4.431,4.241,4.142,4.208,4.21","3.167,3.167,5.563,5.896,6.06,6.039,5.855,5.955",872,0.010061349719762802,702,0.015385953709483147,"213,1935,2960,1437,1528,3240,3830,104",0.5014841556549072,0.43896484375,0.3955078125,"0.202,0.197,0.194,0.191,0.185,0.142,0.201,0.207","40.9,37,37,18.2,16.7,16.6,15.2,12.1","-0.00458,0.00134,-0.00613,-0.000786,-0.000137,-0.00166,0.00184,-0.000355","-0.0046,0,-0.0046,0,0,0,0,0","-0.00729,0,-0.00718,0,0,0,0,0",0.0262451171875,0.030380578711628914,1,0.42540857195854187,0.2985483705997467
10,v_proj,gptq,1024,4096,0,0.0020635128021240234,0.0014774799346923828,0.479316638256023,0.021351959158358302,1.8315532207489014,1.3623747825622559,3.5941948890686035,10.172475814819336,5.076286315917969,8.456010818481445,0.7696595191955566,0.4775713086128235,0.12500904500484467,"1935,3150,678,1528,2960,2245,213,3240,1504,3072,1642,155,1437,3701,774,2388",436.8070983886719,,,,,0,2.316721200942993,3.6087658405303955,2.653188705444336,4.795825958251953,"0.918,0.918,0.942,0.621,0.583,0.541,0.592,0.565",1963.3525390625,2326.404052734375,"183.5,183.5,3393,2536,2364,2263,2391,2394",114.09959411621094,130.82135009765625,"68.02,68.02,120.3,132.3,133.1,132.4,128.5,130","0.6516,0.6516,1.962,1.69,1.686,1.621,1.665,1.653","0.6801,0.6801,2.022,2.145,2.209,2.204,2.164,2.199",709,0.006957806646823883,521,0.008005569688975811,"213,1935,2960,1437,1528,3240,3830,104",0.21612264215946198,0.709228515625,0.82763671875,"0.024,0.021,0.0246,0.0303,0.0178,0.0199,0.0292,0.0489","40.9,37,37,18.2,16.7,16.6,15.2,12.1","0.000324,-0.000136,-0.000557,0.000797,-0.000433,-2.86e-05,0.000992,0.000946","0,0,-0.0016,0.0016,0,0,0.0016,0.0016","0,0,0,0,0,0,0.00195,0",0.010009765625,0.01054020319133997,1,0.14066720008850098,0.0589771494269371
10,o_proj,gptq,4096,4096,0,0.0020949840545654297,0.0014800429344177246,3.7125218797224875,0.03431491056113838,10.584634780883789,6.207444667816162,0.029748769477009773,0.09380173683166504,0.05083327740430832,0.08063293248414993,0.6993776559829712,3.705008029937744,0.0636020079255104,"3383,1031,3511,1415,3049,3127,2665,1159,980,1287,2921,2793,1715,245,1796,1937",29.56350326538086,,,,,0,0.021093951538205147,0.03524211049079895,0.027226321399211884,0.04386528953909874,"0.042,0.042,0.853,0.831,0.663,0.607,0.591,0.597",2527.10791015625,2910.22509765625,"74,74,3893,5459,3491,2471,2346,2409",4.741284370422363,5.411242961883545,"3.762,3.762,4.452,5.628,5.389,4.94,4.945,5.052","0.0296,0.0296,0.1662,0.2067,0.1728,0.1496,0.1473,0.1508","0.1439,0.1439,0.1799,0.2267,0.2123,0.1921,0.1915,0.1952",2070,0.006445723120123148,4084,0.007438830099999905,"3511,2498,3255,2490,1809,2459,3383,2551",0.17133308947086334,0.357391357421875,0.34417724609375,"0.162,0.166,0.189,0.171,0.145,0.164,0.141,0.139","0.656,0.642,0.611,0.6,0.589,0.573,0.572,0.56","0.0234,-0.00473,-0.0094,0.0125,0.00806,-0.0188,0.0249,-0.0187","0.0262,0,-0.0131,0.0131,0.0131,-0.0198,0.0262,-0.0131","0.0201,0,-0.0103,0.0156,0.00882,-0.0156,0.0213,-0.0156",0.057373046875,0.06555696576833725,1,0.013871105387806892,0.011686859652400017
10,gate_proj,gptq,14336,4096,0,0.002036230904715402,0.0015064137322562082,10.331191614503041,0.01721171925900799,46.144439697265625,36.938865661621094,73.25724792480469,128.15695190429688,106.73092651367188,120.57811737060547,0.7063556909561157,10.32165813446045,0.08715794235467911,"3398,2976,3150,2960,3307,53,1935,1437,213,3071,3662,1641,2043,678,980,835",49.46715545654297,,,,,0,50.03135681152344,52.91370391845703,55.86048889160156,67.22016143798828,"2.003,2.003,1.133,0.919,0.851,0.828,0.854,0.850",2379.869873046875,2830.903076171875,"178.4,178.4,4027,3122,2902,2784,2921,2927",71.74207305908203,85.77226257324219,"27.71,27.71,88.55,86.44,86.25,85.17,85.98,86.14","3.81,3.81,8.992,7.912,7.595,7.403,7.59,7.595","2.692,2.692,8.448,8.253,8.232,8.139,8.214,8.24",5494,0.0015246467664837837,11803,0.0008517417008988559,"2960,213,1935,1437,104,3830,3662,1113",0.07233406603336334,0.3378993570804596,0.337986558675766,"0.436,0.402,0.437,0.419,0.394,0.43,0.392,0.377","14.1,11.8,6.44,6.38,5.84,5,4.99,4.6","-0.00166,-0.00595,0.00497,-0.00201,0.0781,0.00638,-0.021,-0.031","0,0,0,0,0.067,0,-0.0223,-0.0223","0,-0.00984,0,0,0.067,0.00659,-0.0307,-0.0266",0.107421875,0.09165466576814651,1,0.2965424656867981,0.2027120590209961
10,up_proj,gptq,14336,4096,0,0.0020437240600585938,0.001538327762058803,8.226702660947922,0.016589524680500196,37.80278015136719,30.377704620361328,60.38059616088867,103.97341918945312,86.68282318115234,98.05266571044922,0.7063556909561157,8.221443176269531,0.07059509307146072,"3398,2976,3150,2960,3307,53,1935,1437,213,3071,3662,2043,678,1641,980,155",49.46715545654297,,,,,0,40.01612854003906,43.10470199584961,46.03290939331055,54.615814208984375,"1.621,1.621,1.131,0.904,0.840,0.830,0.860,0.854",2379.869873046875,2830.903076171875,"178.4,178.4,4027,3122,2902,2784,2921,2927",71.74207305908203,85.77226257324219,"27.71,27.71,88.55,86.44,86.25,85.17,85.98,86.14","3.009,3.009,8.083,7.088,6.834,6.709,6.886,6.879","2.364,2.364,7.602,7.456,7.454,7.364,7.423,7.442",9303,0.000758172944188118,3181,0.0013118588831275702,"2960,213,1935,1437,104,3830,3662,1113",0.058316342532634735,0.4440918266773224,0.5033220648765564,"0.272,0.24,0.221,0.277,0.302,0.28,0.328,0.332","14.1,11.8,6.44,6.38,5.84,5,4.99,4.6","0.000299,0.000866,-0.00278,0.00147,-0.0062,0.00285,0.00525,-0.0197","0,0,0,0,-0.00562,0.00562,0.00562,-0.0168","0,0,-0.00347,0.00288,-0.00722,0.00377,0.00509,-0.0168",0.0196533203125,0.01684570498764515,1,0.18816356360912323,0.10030188411474228
10,down_proj,gptq,4096,14336,0,0.0020028012139456613,0.0015401159014020646,11.714582844951622,0.02414803852978322,41.9417610168457,29.988672256469727,0.08604475855827332,0.14416861534118652,0.15426528453826904,0.1411026269197464,0.15273933112621307,11.71008014678955,0.06042313203215599,"3181,6787,4097,11166,5418,6109,3630,11658,2244,8122,1373,10398,6177,6891,9454,3385",38.67831039428711,,,,,0,0.06663385778665543,0.05938227102160454,0.0857052430510521,0.08057089895009995,"0.727,0.727,1.224,1.151,1.097,1.072,1.096,1.090",10038.2939453125,12828.8330078125,"43.04,43.04,1.471e+04,1.516e+04,1.341e+04,1.187e+04,1.227e+04,1.28e+04",4.672886371612549,6.138249397277832,"0.4709,0.4709,5.989,6.392,6.184,5.866,5.944,6.066","0.01874,0.01874,0.3115,0.3164,0.299,0.2806,0.2864,0.2917","0.02198,0.02198,0.2816,0.295,0.2855,0.2711,0.2735,0.2793",2070,0.00569619657471776,2070,0.006117688957601786,"5934,12776,12043,9656,243,5711,3917,13219",0.17165425419807434,0.3292236328125,0.33203125,"0.177,0.182,0.184,0.191,0.182,0.188,0.185,0.174","1.4,1.02,0.543,0.535,0.447,0.399,0.39,0.384","-0.00269,0.00208,0.00589,-0.0132,0.00317,-0.00824,0.00144,0.0132","0,0.00518,0.00365,-0.0209,0.00612,-0.00626,0.00693,0.0145","0,0,0.00722,-0.018,0,-0.00677,0,0.0103",0.193359375,0.1657366156578064,1,0.02256627008318901,0.022331103682518005
11,q_proj,gptq,4096,4096,0,0.002047240734100342,0.0014540553092956543,7.964534100865421,0.03126809238520585,23.281551361083984,15.801104545593262,59.33868408203125,185.58168029785156,89.5735092163086,144.85597229003906,0.7066370248794556,7.950381755828857,0.26937350630760193,"1935,1528,678,3072,2692,3150,2245,1504,2960,213,1642,232,1437,3621,3701,3240",369.4905090332031,,,,,0,43.0557975769043,63.02171325683594,44.313011169433594,80.88349151611328,"1.484,1.484,0.970,0.632,0.560,0.517,0.563,0.556",1945.7166748046875,2348.520751953125,"181.8,181.8,3140,2577,2403,2281,2399,2402",121.44462585449219,141.11865234375,"65.54,65.54,131.1,141.3,143.9,143.3,139.9,141","5.135,5.135,8.013,7.08,6.794,6.508,6.662,6.669","4.215,4.215,8.136,8.907,9.08,9.052,8.875,8.941",1844,0.008426944725215435,1906,0.006453035399317741,"213,2960,1935,1437,3830,3701,3240,2083",0.5364687442779541,0.4864501953125,0.469482421875,"0.25,0.251,0.172,0.25,0.232,0.23,0.247,0.291","47.9,35.5,32.1,26.8,17.2,15.2,14.4,13.3","0.00103,-0.00446,-0.00354,-0.00406,0.00232,-0.000454,0.0058,0.00665","0,-0.00963,0,0,0,0,0.00963,0.00963","0,-0.00562,0,-0.00705,0,0,0.00603,0.00663",0.03369140625,0.0385044664144516,1,0.6236905455589294,0.3495934009552002
11,k_proj,gptq,1024,4096,0,0.0020127296447753906,0.0014712810516357422,4.154263710537634,0.037123288496775354,10.996443748474121,7.257242202758789,28.3804931640625,91.07424926757812,44.821441650390625,74.63648223876953,0.7066370248794556,4.133351802825928,0.3105424642562866,"1935,1528,678,3072,3150,1504,2960,213,2692,2245,232,1437,1642,3533,3701,4084",369.4905090332031,,,,,0,22.014802932739258,33.99934768676758,21.601362228393555,40.45594787597656,"1.385,1.385,0.864,0.603,0.514,0.491,0.526,0.530",1945.7166748046875,2348.520751953125,"181.8,181.8,3140,2577,2403,2281,2399,2402",121.44462585449219,141.11865234375,"65.54,65.54,131.1,141.3,143.9,143.3,139.9,141","3.902,3.902,5.703,5.098,4.789,4.591,4.64,4.648","3.316,3.316,6.134,6.563,6.68,6.554,6.4,6.385",759,0.01082952693104744,511,0.02175838313996792,"213,2960,1935,1437,3830,3701,3240,2083",0.7756593823432922,0.388671875,0.337890625,"0.24,0.219,0.225,0.224,0.225,0.23,0.181,0.236","47.9,35.5,32.1,26.8,17.2,15.2,14.4,13.3","-0.00552,-0.00111,0.00433,0.00108,-0.000504,0.00209,-0.00772,-0.004","-0.0152,0,0,0,0,0,-0.0152,0","0,0,0.0082,0,0,0,-0.00858,0",0.06787109375,0.059676993638277054,1,0.49839532375335693,0.44350549578666687
11,v_proj,gptq,1024,4096,0,0.002040386199951172,0.0014791488647460938,0.6118623713612124,0.023344368254852504,2.1892316341400146,1.6122593879699707,5.489119529724121,13.566843032836914,7.369131088256836,11.294316291809082,0.7066370248794556,0.610218346118927,0.13077430427074432,"678,1935,3072,3150,2245,1528,2692,1504,2960,232,1642,3621,1437,774,213,3533",369.4905090332031,,,,,0,3.3107426166534424,4.854971885681152,3.9307336807250977,6.488277912139893,"1.122,1.122,0.921,0.699,0.635,0.578,0.631,0.611",1945.7166748046875,2348.520751953125,"181.8,181.8,3140,2577,2403,2281,2399,2402",121.44462585449219,141.11865234375,"65.54,65.54,131.1,141.3,143.9,143.3,139.9,141","0.6043,0.6043,2.302,2.116,2.031,1.942,2.025,1.996","0.5706,0.5706,2.398,2.531,2.549,2.553,2.549,2.552",616,0.009121430106461048,554,0.0075941081158816814,"213,2960,1935,1437,3830,3701,3240,2083",0.21355032920837402,0.765625,0.8931884765625,"0.0208,0.0237,0.0178,0.0256,0.0268,0.017,0.0209,0.0287","47.9,35.5,32.1,26.8,17.2,15.2,14.4,13.3","-0.000816,-0.00108,-0.000332,-5.22e-06,0.00126,0.000353,-0.000171,0.00102","0,0,0,0,0,0,0,0","0,0,0,0,0.00146,0,0,0.00141",0.014892578125,0.013592517003417015,1,0.19400948286056519,0.06609072536230087
11,o_proj,gptq,4096,4096,0,0.002075374126434326,0.0014851093292236328,4.07349100943793,0.03470637026068479,11.862709999084473,6.8048248291015625,0.04472518339753151,0.11064605414867401,0.03854955732822418,0.0672333762049675,0.8619078993797302,4.062321186065674,0.08445519208908081,"2222,2195,2204,2206,2300,2282,2299,2216,2302,2296,2200,2284,2182,2232,2230,2274",37.497005462646484,,,,,0,0.010975334793329239,0.02477656677365303,0.024203699082136154,0.03863047808408737,"0.144,0.144,0.279,0.612,0.435,0.447,0.524,0.556",694.3712158203125,1785.95166015625,"52.16,52.16,241.2,861.4,832.7,857.7,1261,1397",4.104210376739502,5.149816513061523,"3.126,3.126,3.268,4.809,4.611,4.341,4.692,4.86","0.04619,0.04619,0.06619,0.1372,0.1132,0.1099,0.1291,0.137","0.1219,0.1219,0.1252,0.1753,0.1718,0.1644,0.1784,0.1837",2070,0.009185105562210083,569,0.0037191612645983696,"2204,2869,2741,2997,2613,2195,2192,3753",0.435088574886322,0.35601806640625,0.307769775390625,"0.148,0.164,0.162,0.155,0.147,0.151,0.162,0.167","0.825,0.733,0.681,0.658,0.631,0.603,0.602,0.543","0.00781,0.00368,-0.0164,0.00592,-0.00427,0.00235,0.00314,-0.0247","0,0,-0.0186,0,0,0,0,-0.0186","0.00991,0,-0.014,0.00471,-0.00485,0,0.00495,-0.0282",0.06494140625,0.0556640625,1,0.010851864702999592,0.0037916048895567656
11,gate_proj,gptq,14336,4096,0,0.002028482300894601,0.00150212219783238,10.498020532977534,0.017655489661073685,46.18189239501953,36.95833969116211,79.4534912109375,138.71681213378906,112.5693359375,128.03903198242188,0.7118057012557983,10.483022689819336,0.09381294995546341,"2976,3398,3150,2960,3307,53,1935,2043,3071,1357,1641,3662,1113,835,213,104",44.635536193847656,,,,,0,51.94655990600586,56.42235565185547,59.83846664428711,71.45917510986328,"1.996,1.996,1.064,0.885,0.819,0.820,0.849,0.848",2266.677978515625,2772.699951171875,"178.6,178.6,3656,2977,2780,2694,2829,2841",73.96085357666016,88.37981414794922,"29.06,29.06,90.3,89.41,88.75,87.67,88.63,88.82","3.967,3.967,8.875,8.092,7.724,7.624,7.808,7.815","2.808,2.808,8.605,8.6,8.536,8.42,8.476,8.486",706,0.0018857192480936646,5761,0.002390525536611676,"2960,213,1437,104,1935,3830,1113,3662",0.07715389877557755,0.3351266086101532,0.3387712836265564,"0.447,0.421,0.419,0.393,0.453,0.438,0.378,0.389","13,12.5,6.45,6.3,6.05,5.43,5.31,5.05","0.00485,-0.00134,0.00325,0.000229,-0.00217,0.00175,0.00525,0.00412","0.0061,0,0.0061,0,0,0,0.0061,0","0.00848,0,0.00593,0,0,0,0.00446,0.00691",0.033935546875,0.036633096635341644,1,0.3354251980781555,0.18283402919769287
11,up_proj,gptq,14336,4096,0,0.0020333698817661832,0.0015324013573782785,8.415843880851753,0.016751373391949004,38.442405700683594,30.897335052490234,66.60436248779297,114.64120483398438,92.70157623291016,105.93462371826172,0.7118057012557983,8.4037504196167,0.07514023035764694,"3398,2976,3150,2960,3307,1935,53,2043,3071,1357,835,3662,213,1641,104,155",44.635536193847656,,,,,0,42.396324157714844,46.47191619873047,49.676334381103516,59.259674072265625,"1.636,1.636,1.047,0.903,0.834,0.826,0.850,0.851",2266.677978515625,2772.699951171875,"178.6,178.6,3656,2977,2780,2694,2829,2841",73.96085357666016,88.37981414794922,"29.06,29.06,90.3,89.41,88.75,87.67,88.63,88.82","3.228,3.228,8.088,7.341,7.053,6.934,7.104,7.123","2.523,2.523,7.906,7.725,7.725,7.632,7.704,7.719",380,0.0008242111071012914,9499,0.0009106043144129217,"2960,213,1437,104,1935,3830,1113,3662",0.058321136981248856,0.4220232367515564,0.4845058023929596,"0.287,0.247,0.291,0.308,0.227,0.289,0.331,0.336","13,12.5,6.45,6.3,6.05,5.43,5.31,5.05","-0.0014,-0.00198,0.00836,-0.0014,-0.00323,-0.00751,-0.0094,-0.00632","0,0,0.00928,0,-0.00464,-0.00928,-0.00928,-0.00464","-0.0023,-0.00378,0.00769,0,-0.0031,-0.0106,-0.00842,-0.00427",0.05322265625,0.06150073930621147,1,0.20249931514263153,0.0851188376545906
11,down_proj,gptq,4096,14336,0,0.001991340092250279,0.0015363522938319615,11.726316008248183,0.02399386771238303,42.33338165283203,30.372493743896484,0.10098810493946075,0.1706007719039917,0.16763629019260406,0.16015493869781494,0.5533560514450073,11.71635913848877,0.05604790896177292,"14144,5956,12638,5735,11710,10484,14039,13042,7370,3327,751,1635,9861,2059,11697,4186",181.2792205810547,,,,,0,0.07225915789604187,0.06839270889759064,0.09408792853355408,0.09012582898139954,"0.796,0.796,1.128,1.049,1.034,1.040,1.050,1.049",9112.1904296875,11942.1953125,"39.72,39.72,1.131e+04,1.257e+04,1.251e+04,1.148e+04,1.233e+04,1.261e+04",5.005885601043701,6.478341102600098,"0.4807,0.4807,6.14,6.757,6.667,6.356,6.526,6.64","0.0206,0.0206,0.3046,0.3167,0.313,0.3008,0.3101,0.3153","0.02309,0.02309,0.2868,0.3093,0.3079,0.295,0.3026,0.3079",2070,0.002511508297175169,2070,0.004279948305338621,"2535,5956,8317,1931,784,2018,127,2037",0.1250726878643036,0.33984375,0.341033935546875,"0.177,0.193,0.177,0.201,0.185,0.166,0.175,0.184","1.12,0.752,0.678,0.663,0.538,0.517,0.502,0.497","0.0148,0.00861,-0.0022,-0.0119,-5.94e-05,-0.0062,0.0108,-0.000919","0.0216,0,0,-0.0139,0,0,0.0152,0","0.0145,0.00638,0,-0.0135,0,-0.0045,0.00851,0",0.1279296875,0.1254432201385498,1,0.015687916427850723,0.020140474662184715
12,q_proj,gptq,4096,4096,0,0.0020409822463989258,0.0014556646347045898,8.55381115090131,0.03521522458070645,23.56441879272461,16.108219146728516,76.3802490234375,229.59927368164062,113.34954833984375,184.58572387695312,0.69852614402771,8.51977252960205,0.2612363398075104,"3072,1935,678,1528,2692,2245,3150,232,1504,1642,4084,2960,213,2061,2083,3621",275.68359375,,,,,0,54.27772521972656,81.37384796142578,56.70553970336914,103.40442657470703,"1.379,1.379,0.899,0.631,0.565,0.521,0.561,0.553",1911.7314453125,2320.41357421875,"182.4,182.4,3001,2521,2386,2263,2377,2380",136.1077117919922,157.71119689941406,"72.66,72.66,148.5,158.9,161.4,160,156.8,157.8","5.5,5.5,9.003,8.063,7.722,7.398,7.505,7.549","4.683,4.683,9.496,10.15,10.27,10.25,10.02,10.15",701,0.00903361290693283,758,0.009154650382697582,"213,2960,1437,1935,3701,3830,3240,3627",0.5621693134307861,0.485565185546875,0.502349853515625,"0.209,0.217,0.219,0.157,0.191,0.196,0.21,0.23","56.7,35.2,30.2,28.9,21.9,17.7,17.6,13.9","-0.00424,-0.00873,-0.00754,-0.000263,-0.000269,0.00139,-0.000702,0.00604","0,0,0,0,0,0,0,0","0,0,-0.00834,0,0,0,0,0.00474",0.07666015625,0.0657087042927742,2,0.7338997721672058,0.4655376076698303
12,k_proj,gptq,1024,4096,0,0.0020329952239990234,0.0014400482177734375,4.09351894428255,0.03730292161380746,11.030885696411133,7.348664283752441,35.869140625,110.50859832763672,54.862327575683594,89.52987670898438,0.69852614402771,4.069729804992676,0.2714793384075165,"1935,678,3072,1528,1504,2245,232,2692,1642,3150,4084,213,3621,3533,2083,2388",275.68359375,,,,,0,26.862056732177734,40.045654296875,26.640893936157227,50.07239532470703,"1.491,1.491,0.879,0.675,0.529,0.494,0.562,0.545",1911.7314453125,2320.41357421875,"182.4,182.4,3001,2521,2386,2263,2377,2380",136.1077117919922,157.71119689941406,"72.66,72.66,148.5,158.9,161.4,160,156.8,157.8","4.13,4.13,6.254,5.804,5.29,5.064,5.221,5.205","3.383,3.383,6.672,7.067,7.272,7.208,6.964,7.049",245,0.02703224867582321,383,0.033248163759708405,"213,2960,1437,1935,3701,3830,3240,3627",0.6374505758285522,0.377685546875,0.367919921875,"0.2,0.189,0.198,0.207,0.207,0.209,0.151,0.214","56.7,35.2,30.2,28.9,21.9,17.7,17.6,13.9","-0.00348,0.00135,0.00543,0.00183,0.00166,0.00659,-0.00867,0.013","0,0,0,0,0,0.0113,-0.0113,0.0113","0,0,0.00781,0,0,0.00882,-0.00921,0.014",0.042724609375,0.0452008955180645,1,0.8698345422744751,0.42580291628837585
12,v_proj,gptq,1024,4096,0,0.0020246505737304688,0.001466989517211914,0.5261264928321907,0.02291882280527608,1.9367408752441406,1.4329952001571655,5.918529510498047,15.979966163635254,7.927482604980469,13.520858764648438,0.69852614402771,0.5246714949607849,0.14097662270069122,"678,3072,1528,1935,2245,3150,1504,232,2692,1642,3621,2960,213,3240,2061,3533",275.68359375,,,,,0,3.5878665447235107,5.912342548370361,4.265099048614502,7.620472431182861,"1.505,1.505,0.842,0.581,0.521,0.515,0.554,0.550",1911.7314453125,2320.41357421875,"182.4,182.4,3001,2521,2386,2263,2377,2380",136.1077117919922,157.71119689941406,"72.66,72.66,148.5,158.9,161.4,160,156.8,157.8","0.8415,0.8415,2.416,2.134,2.06,2.024,2.065,2.072","0.686,0.686,2.633,2.799,2.854,2.818,2.774,2.794",777,0.00737922266125679,761,0.009355632588267326,"213,2960,1437,1935,3701,3830,3240,3627",0.26163774728775024,0.6669921875,0.833740234375,"0.0275,0.0286,0.0321,0.0245,0.0206,0.0334,0.0257,0.0457","56.7,35.2,30.2,28.9,21.9,17.7,17.6,13.9","0.00041,-0.000507,6.06e-05,0.000146,0.000194,0.000622,0.000211,-0.00038","0,0,0,0,0,0.00134,0,0","0,0,0,0,0,0,0,0",0.0084228515625,0.009281015954911709,1,0.1769816279411316,0.07446414977312088
12,o_proj,gptq,4096,4096,0,0.002092421054840088,0.0014789104461669922,3.522638375250949,0.032473437851259036,10.6572904586792,6.301403999328613,0.049768976867198944,0.15411849319934845,0.03506860136985779,0.0912327766418457,0.7068449854850769,3.513599395751953,0.05300842225551605,"875,3629,1003,1058,619,1442,4016,3885,1186,1971,4013,2453,1715,3757,3888,2664",34.74018859863281,,,,,0,0.009411340579390526,0.03730962052941322,0.022786861285567284,0.05174107104539871,"0.047,0.047,0.119,0.309,0.344,0.299,0.331,0.372",459.92474365234375,1283.772705078125,"52.88,52.88,171.9,562.2,636.3,580.6,702,920.6",4.844888210296631,5.737936496734619,"4.365,4.365,4.369,4.945,5.081,5.028,5.148,5.458","0.0381,0.0381,0.06031,0.1091,0.1174,0.1087,0.1175,0.1321","0.175,0.175,0.1745,0.1964,0.2002,0.1988,0.2042,0.2164",2070,0.010419475845992565,2692,0.005213102325797081,"3629,3757,4013,1971,4047,3919,1587,1715",0.4873389005661011,0.346343994140625,0.35345458984375,"0.147,0.19,0.156,0.158,0.149,0.129,0.166,0.133","1.16,1.07,0.773,0.772,0.759,0.757,0.754,0.746","-0.0209,0.0047,0.00301,-0.00504,-0.00818,-0.0176,0.0036,-0.0132","-0.0282,0.0141,0,0,-0.0141,-0.0141,0,-0.0141","-0.0198,0.00788,0,-0.00523,-0.0097,-0.0194,0.00328,-0.0127",0.06787109375,0.0825125202536583,1,0.011983943171799183,0.00983552448451519
12,gate_proj,gptq,14336,4096,0,0.002045427049909319,0.0015166827610560826,10.011916348756131,0.01720792903820792,45.00970458984375,35.96745300292969,88.28166961669922,149.5280303955078,122.56912994384766,137.82373046875,0.6850788593292236,9.992698669433594,0.09259946644306183,"3398,2976,3307,2960,3071,3150,1935,53,835,1641,578,2679,3240,1565,2043,3662",38.092891693115234,,,,,0,56.69468688964844,60.45801544189453,65.5771484375,77.1978530883789,"1.762,1.762,1.078,0.901,0.862,0.845,0.864,0.860",2232.30419921875,2743.00830078125,"180.1,180.1,3539,2932,2775,2656,2795,2801",78.33421325683594,93.06889343261719,"33.33,33.33,94.95,93.41,93.13,91.85,93.21,93.46","4.17,4.17,9.255,8.36,8.142,7.962,8.168,8.175","3.141,3.141,8.915,8.808,8.771,8.663,8.787,8.814",1770,0.0009082513861358166,4678,0.0016668952303007245,"2960,213,1437,835,104,3830,1935,2976",0.07160856574773788,0.3291190266609192,0.3236956000328064,"0.428,0.398,0.392,0.491,0.381,0.424,0.435,0.467","13.2,11.5,6.32,6.15,5.58,5.44,5.39,5.38","-0.0107,0.0234,-0.0146,0.000557,-0.00284,0.0104,-0.0215,0.00349","-0.0206,0.0206,0,0,0,0,-0.0206,0","-0.00736,0.022,-0.0104,0,0,0.0129,-0.0217,0",0.072265625,0.082589291036129,1,0.2453700602054596,0.30114462971687317
12,up_proj,gptq,14336,4096,0,0.0020404202597481863,0.0015387705394199916,8.196226784355531,0.016235311724921403,38.34860610961914,30.69744110107422,75.92721557617188,125.83885955810547,102.6354751586914,116.58580017089844,0.6850788593292236,8.18586540222168,0.07044112682342529,"3398,2976,3307,2960,3071,3150,1935,53,835,1641,2679,578,3240,1565,2043,1357",38.092891693115234,,,,,0,46.64751052856445,51.16835021972656,55.729835510253906,65.31907653808594,"1.320,1.320,1.028,0.895,0.864,0.847,0.863,0.865",2232.30419921875,2743.00830078125,"180.1,180.1,3539,2932,2775,2656,2795,2801",78.33421325683594,93.06889343261719,"33.33,33.33,94.95,93.41,93.13,91.85,93.21,93.46","3.252,3.252,8.398,7.655,7.488,7.328,7.51,7.533","2.831,2.831,8.283,8.091,8.056,7.963,8.084,8.099",13711,0.0009014190291054547,10407,0.002331384690478444,"2960,213,1437,835,104,3830,1935,2976",0.05311892554163933,0.4469168782234192,0.5085710883140564,"0.272,0.245,0.29,0.276,0.313,0.288,0.219,0.239","13.2,11.5,6.32,6.15,5.58,5.44,5.39,5.38","0.00237,0.0162,-0.0179,-0.00193,-0.0024,-0.00118,0.00446,0.00243","0,0.00942,-0.0188,0,0,0,0,0","0.00413,0.0177,-0.0205,0,-0.00337,0,0.00471,0.00413",0.032958984375,0.0282505601644516,3,0.22480246424674988,0.06421499699354172
12,down_proj,gptq,4096,14336,0,0.0020058495657784598,0.001530953816005162,12.590303599760432,0.02560859935660234,43.02775192260742,30.192588806152344,0.12382406741380692,0.2092709094285965,0.19623160362243652,0.17963764071464539,0.3218986690044403,12.582237243652344,0.11134389042854309,"1326,1986,4411,6637,5981,6411,10911,3981,6558,13206,6673,10256,14045,6365,6631,13834",180.2448272705078,,,,,0,0.08084359019994736,0.07201935350894928,0.1116308867931366,0.10342497378587723,"1.203,1.203,1.276,1.093,1.079,1.087,1.086,1.086",8242.626953125,11496.830078125,"71.99,71.99,1.425e+04,9403,9880,1.003e+04,1.079e+04,1.144e+04",5.259121417999268,6.963280200958252,"0.8976,0.8976,7.176,6.451,6.479,6.525,6.721,6.927","0.04693,0.04693,0.372,0.3091,0.3077,0.3129,0.3237,0.3333","0.04279,0.04279,0.3293,0.2957,0.2962,0.3001,0.3106,0.3199",2070,0.00403220159932971,2026,0.0016958866035565734,"10662,10407,3333,1505,6368,276,43,9079",0.0935746282339096,0.330474853515625,0.328094482421875,"0.184,0.193,0.178,0.208,0.203,0.186,0.176,0.205","0.729,0.688,0.592,0.582,0.573,0.57,0.472,0.469","-0.00604,-0.0229,-0.002,-0.0147,-0.00861,0.00386,0.00163,-0.00371","0,0,0,-0.00619,-0.0106,0,-0.00543,-0.00752","-0.00715,-0.0263,0,-0.0163,-0.00593,0,0,-0.00736",0.2001953125,0.1715959906578064,1,0.019539909437298775,0.01214723289012909
13,q_proj,gptq,4096,4096,0,0.0020388364791870117,0.0014553070068359375,6.798126258683624,0.027270034221381953,21.6168155670166,15.27003288269043,63.3004264831543,175.57411193847656,93.95974731445312,141.1160888671875,0.6359539031982422,6.786806583404541,0.2769400179386139,"1528,1935,678,3072,213,1504,2245,3150,3701,1642,1437,2960,944,3240,2692,2388",327.6815490722656,,,,,0,46.103973388671875,62.05397033691406,46.654205322265625,78.56925964355469,"1.659,1.659,0.908,0.680,0.622,0.581,0.617,0.600",1968.0343017578125,2404.0517578125,"182,182,3132,2576,2437,2334,2447,2453",124.51995086669922,143.30368041992188,"71.26,71.26,137.1,142.4,145.2,143.9,141.8,143.3","5.694,5.694,8.018,7.261,6.987,6.688,6.841,6.83","4.42,4.42,8.412,8.805,8.861,8.778,8.707,8.814",758,0.005763308145105839,2487,0.00467177527025342,"213,2960,1437,3701,1935,3240,3830,3627",0.5608611702919006,0.49285888671875,0.487548828125,"0.213,0.228,0.246,0.213,0.149,0.216,0.199,0.233","48.9,34.2,28.1,24.6,24,17.4,15.8,12.9","0.00623,-0.0036,0.00156,0.000553,-0.000885,-0.000984,-0.00705,-0.00406","0.00935,0,0,0,0,0,-0.00935,-0.00935","0.00541,-0.00579,0,0,0,0,-0.00788,-0.00691",0.03271484375,0.0373883955180645,1,0.5304335951805115,0.2648652493953705
13,k_proj,gptq,1024,4096,0,0.002038240432739258,0.0014731884002685547,3.6547245791953173,0.03189292338363059,10.65144157409668,7.449716567993164,31.330249786376953,98.44442749023438,48.870296478271484,78.55810546875,0.6359539031982422,3.631911516189575,0.32236000895500183,"1935,1528,678,3072,2245,1504,213,1642,3701,3150,1437,2388,3240,2692,3621,2960",327.6815490722656,,,,,0,24.990034103393555,34.726112365722656,23.368614196777344,43.37641525268555,"1.783,1.783,0.967,0.660,0.561,0.514,0.560,0.546",1968.0343017578125,2404.0517578125,"182,182,3132,2576,2437,2334,2447,2453",124.51995086669922,143.30368041992188,"71.26,71.26,137.1,142.4,145.2,143.9,141.8,143.3","4.5,4.5,5.955,5.316,5.053,4.754,4.881,4.872","3.37,3.37,6.057,6.546,6.744,6.632,6.525,6.595",190,0.030761102214455605,639,0.03269731625914574,"213,2960,1437,3701,1935,3240,3830,3627",0.6659196019172668,0.3939208984375,0.357177734375,"0.242,0.212,0.219,0.242,0.24,0.179,0.24,0.242","48.9,34.2,28.1,24.6,24,17.4,15.8,12.9","-0.0264,0.0212,0.0344,0.0125,-0.00806,-0.0133,0.0374,-0.0033","-0.0303,0.0303,0.0303,0.0151,-0.0151,-0.0151,0.0303,0","-0.0285,0.0245,0.0354,0.015,-0.00722,-0.0136,0.032,0",0.052978515625,0.0605468787252903,1,0.8862966895103455,0.8034271597862244
13,v_proj,gptq,1024,4096,0,0.0020399093627929688,0.0014743804931640625,0.5703014513542257,0.021228877942634762,2.183590888977051,1.6198313236236572,6.304994106292725,13.846139907836914,8.400918960571289,11.771883964538574,0.6359539031982422,0.5689411163330078,0.14716173708438873,"1935,1528,678,3072,2245,3150,1504,1642,2388,213,2692,4084,3621,2960,1437,3240",327.6815490722656,,,,,0,3.818723440170288,5.136003494262695,4.521167755126953,6.6468634605407715,"1.411,1.411,0.924,0.696,0.690,0.665,0.701,0.682",1968.0343017578125,2404.0517578125,"182,182,3132,2576,2437,2334,2447,2453",124.51995086669922,143.30368041992188,"71.26,71.26,137.1,142.4,145.2,143.9,141.8,143.3","0.8713,0.8713,2.453,2.206,2.152,2.094,2.141,2.132","0.7336,0.7336,2.552,2.644,2.592,2.567,2.556,2.583",79,0.011177271604537964,534,0.0067479913122951984,"213,2960,1437,3701,1935,3240,3830,3627",0.23026108741760254,0.8052978515625,0.87255859375,"0.0227,0.0249,0.0288,0.0181,0.019,0.0223,0.0339,0.0427","48.9,34.2,28.1,24.6,24,17.4,15.8,12.9","-0.000467,0.000402,-0.000439,-0.000759,-0.000633,0.000433,0.0002,0.000534","0,0,0,0,0,0,0,0","0,0,0,0,0,0,0,0",0.01092529296875,0.010621288791298866,1,0.22756445407867432,0.05718820169568062
13,o_proj,gptq,4096,4096,0,0.0020931363105773926,0.0014703869819641113,3.689887451956281,0.03138870466369769,11.140616416931152,6.686546325683594,0.06392262876033783,0.1783173680305481,0.04945670813322067,0.09810763597488403,0.7170600891113281,3.6827609539031982,0.050037965178489685,"4075,3947,739,3691,867,3819,2807,995,611,3364,2935,685,3492,3063,494,3455",22.16090965270996,,,,,0,0.012764018028974533,0.03519477695226669,0.03009616583585739,0.053464625030756,"0.042,0.042,0.103,0.426,0.516,0.464,0.451,0.526",652.1906127929688,1542.05419921875,"45.69,45.69,116.9,772.6,1162,928.5,926,1221",4.638110160827637,5.737755298614502,"4.12,4.12,3.991,4.719,5.149,4.835,4.94,5.23","0.03345,0.03345,0.05096,0.1255,0.1502,0.1334,0.1333,0.153","0.1635,0.1635,0.1586,0.1923,0.2092,0.1958,0.1984,0.211",2070,0.005919016897678375,2376,0.0036207293160259724,"739,611,867,995,3492,3364,3236,2807",0.1838083565235138,0.3621826171875,0.357025146484375,"0.156,0.121,0.156,0.178,0.134,0.159,0.179,0.133","0.844,0.8,0.795,0.785,0.629,0.623,0.615,0.608","-0.0109,-0.0043,0.011,-0.00546,-0.0043,-0.000751,0.0126,0.0127","-0.0156,0,0.0156,0,0,0,0.0156,0.0156","-0.0105,-0.00328,0.0118,-0.00659,-0.00408,0,0.0111,0.012",0.054443359375,0.04740104824304581,1,0.011555187404155731,0.01219265628606081
13,gate_proj,gptq,14336,4096,0,0.002034306526184082,0.001512953213282994,9.790146326664399,0.01718768948615367,44.097110748291016,35.589881896972656,97.49876403808594,165.8781280517578,133.38002014160156,150.44110107421875,0.6988548636436462,9.768966674804688,0.09893722832202911,"3398,2976,3307,3150,2960,835,3071,1641,1935,53,578,2679,1565,2043,1357,3662",34.985008239746094,,,,,0,61.349761962890625,65.9389877319336,71.66641998291016,84.26463317871094,"1.833,1.833,1.035,0.896,0.864,0.851,0.867,0.865",2217.660888671875,2699.029296875,"175.6,175.6,3542,2891,2771,2649,2767,2771",81.78260040283203,97.9193344116211,"32.57,32.57,100.1,98.01,97.83,96.82,98.11,98.25","4.112,4.112,9.609,8.686,8.527,8.375,8.543,8.565","3.037,3.037,9.443,9.179,9.175,9.078,9.177,9.21",12573,0.0028891528490930796,12573,0.002958030207082629,"2960,213,835,1437,104,3830,3627,2976",0.08613862097263336,0.3481881320476532,0.3459123969078064,"0.422,0.385,0.51,0.377,0.372,0.41,0.374,0.477","13.6,13,7.54,7.22,6.14,5.93,5.55,5.53","-0.00246,-0.00259,-0.00165,0.000259,0.00977,0.00147,0.00389,0.00647","0,0,0,0,0.0116,0,0,0.0116","0,0,0,0,0.0111,0,0,0",0.087890625,0.07670439034700394,1,0.45834559202194214,0.4990250766277313
13,up_proj,gptq,14336,4096,0,0.0020439624786376953,0.0015419551304408482,8.13901951439857,0.015922738627010956,38.63954162597656,31.245582580566406,86.28134155273438,143.35577392578125,115.81360626220703,130.01617431640625,0.6988548636436462,8.12988567352295,0.0728129893541336,"3398,2976,3150,3307,2960,835,3071,1935,1641,53,2679,1565,578,2043,1357,3662",34.985008239746094,,,,,0,52.789520263671875,56.77994918823242,62.637760162353516,72.84239959716797,"1.281,1.281,1.056,0.926,0.897,0.863,0.876,0.875",2217.660888671875,2699.029296875,"175.6,175.6,3542,2891,2771,2649,2767,2771",81.78260040283203,97.9193344116211,"32.57,32.57,100.1,98.01,97.83,96.82,98.11,98.25","3.183,3.183,8.992,8.194,8.012,7.834,8.019,8.011","2.813,2.813,8.75,8.514,8.462,8.431,8.566,8.562",10859,0.0007766690687276423,3612,0.0009468959760852158,"2960,213,835,1437,104,3830,3627,2976",0.059485189616680145,0.4209507703781128,0.4932948648929596,"0.274,0.241,0.269,0.289,0.311,0.291,0.318,0.235","13.6,13,7.54,7.22,6.14,5.93,5.55,5.53","0.000441,0.00203,0.00223,0.000919,0.00172,-0.000298,-0.00137,0.00197","0,0.0018,0.0018,0.0018,0.0018,0,-0.0018,0.0018","0,0.00202,0.00267,0,0.00277,0,-0.00267,0.00211",0.01025390625,0.011754976585507393,1,0.22329822182655334,0.06727994978427887
13,down_proj,gptq,4096,14336,0,0.0019864184515816824,0.0015350239617483957,12.321682771314983,0.02462864006911208,43.61288070678711,31.17226219177246,0.1533169150352478,0.24892312288284302,0.22009038925170898,0.21043777465820312,0.6645287871360779,12.31928825378418,0.06076303496956825,"6430,4580,360,3923,10990,7960,3222,1864,799,8429,13578,6879,4168,6764,4292,13778",98.7197494506836,,,,,0,0.08939184993505478,0.08247701078653336,0.12637363374233246,0.12144222110509872,"0.776,0.776,1.232,1.049,1.059,1.060,1.057,1.073",7188.27294921875,10395.095703125,"32.42,32.42,9736,9366,9443,9085,9567,1.024e+04",5.50059700012207,7.398266792297363,"0.9359,0.9359,6.776,7.104,6.981,6.901,7.084,7.287","0.04362,0.04362,0.3528,0.3421,0.3411,0.3344,0.3419,0.3532","0.04952,0.04952,0.3178,0.3341,0.3315,0.3248,0.3326,0.341",2070,0.005868979729712009,2070,0.004866243340075016,"12408,6430,423,9154,13982,9965,6764,6616",0.12116187810897827,0.40838623046875,0.4134521484375,"0.153,0.193,0.19,0.193,0.191,0.203,0.151,0.186","1.59,1.1,0.586,0.578,0.56,0.537,0.517,0.462","-0.00909,-0.177,-0.00412,-0.00127,0.00359,0.00255,-0.00467,-0.00461","0,-0.202,0,0,0,0,0,-0.00515","-0.00841,-0.202,-0.00645,0,0.00624,0.00392,-0.00499,-0.00541",0.1767578125,0.2020089328289032,1,0.026131903752684593,0.02312195487320423
14,q_proj,gptq,4096,4096,0,0.002037346363067627,0.001465916633605957,7.192289894439455,0.031377504664114646,21.090282440185547,14.309553146362305,73.81785583496094,196.4063720703125,107.37227630615234,162.21917724609375,0.6184632182121277,7.178964614868164,0.3178473114967346,"1528,678,1935,1504,3072,1642,2692,3533,4084,232,2245,2083,2388,213,3621,2061",227.68125915527344,,,,,0,52.95976257324219,72.63900756835938,53.060272216796875,90.48140716552734,"1.692,1.692,0.917,0.660,0.608,0.568,0.594,0.586",1874.6031494140625,2278.631103515625,"182.7,182.7,2871,2437,2385,2250,2338,2351",137.11920166015625,157.3359375,"75.21,75.21,150.2,158.5,161.9,159.8,157.7,158.4","6.113,6.113,8.558,7.74,7.606,7.179,7.265,7.324","4.7,4.7,8.935,9.528,9.757,9.526,9.427,9.566",2420,0.0047450438141822815,887,0.0048402706161141396,"213,1437,2960,3701,1935,3830,3627,3240",0.6564536094665527,0.46063232421875,0.44549560546875,"0.229,0.249,0.234,0.228,0.173,0.225,0.249,0.256","61.2,36.7,36.2,23.8,23.5,18.6,17.9,17.5","0.000526,-0.00418,0.000469,0.00185,-0.00275,0.0047,0.00224,0.00424","0,0,0,0,0,0.00848,0,0.00848","0,-0.00628,0,0,0,0.00589,0,0.00555",0.0296630859375,0.03154683858156204,1,0.5239548087120056,0.18088112771511078
14,k_proj,gptq,1024,4096,0,0.002054452896118164,0.0014729499816894531,3.600782790743324,0.04067303831058006,9.108400344848633,6.048978805541992,32.44600296020508,95.71246337890625,49.826171875,77.52188110351562,0.6184632182121277,3.5885603427886963,0.3945518434047699,"1528,678,1935,3072,1642,1504,3533,4084,2692,2388,2083,232,2245,3621,3701,2061",227.68125915527344,,,,,0,25.20975112915039,34.38704299926758,23.814836502075195,44.04682540893555,"1.893,1.893,1.053,0.622,0.604,0.523,0.536,0.537",1874.6031494140625,2278.631103515625,"182.7,182.7,2871,2437,2385,2250,2338,2351",137.11920166015625,157.3359375,"75.21,75.21,150.2,158.5,161.9,159.8,157.7,158.4","4.64,4.64,5.927,5.158,5.137,4.796,4.853,4.894","3.373,3.373,5.775,6.54,6.609,6.635,6.628,6.678",315,0.010104388929903507,826,0.013423098251223564,"213,1437,2960,3701,1935,3830,3627,3240",0.8329378366470337,0.3455810546875,0.2806396484375,"0.239,0.23,0.212,0.232,0.246,0.24,0.234,0.189","61.2,36.7,36.2,23.8,23.5,18.6,17.9,17.5","-0.0102,0.0128,0.00903,0.0097,-0.0083,-0.00958,0.00739,6.82e-05","-0.0111,0.0111,0.0111,0.0111,-0.0111,-0.0111,0.0111,0","-0.0105,0.0144,0.0115,0.00659,-0.00642,-0.00739,0.00659,0",0.038818359375,0.034895531833171844,1,0.5163280963897705,0.3189147114753723
14,v_proj,gptq,1024,4096,0,0.002021312713623047,0.0014643669128417969,0.7784037739397718,0.022590866744946328,2.8838071823120117,2.1448426246643066,9.839924812316895,21.439876556396484,12.469274520874023,17.9520320892334,0.6184632182121277,0.7765489816665649,0.1650640368461609,"3072,678,1935,1528,1504,232,2388,1642,2083,2692,2245,2061,3150,4084,774,3533",227.68125915527344,,,,,0,5.5855937004089355,7.860376834869385,6.805366039276123,10.199849128723145,"1.130,1.130,0.801,0.692,0.718,0.660,0.669,0.666",1874.6031494140625,2278.631103515625,"182.7,182.7,2871,2437,2385,2250,2338,2351",137.11920166015625,157.3359375,"75.21,75.21,150.2,158.5,161.9,159.8,157.7,158.4","0.8274,0.8274,2.978,2.64,2.666,2.575,2.616,2.624","0.7783,0.7783,3.329,3.174,3.146,3.17,3.198,3.216",231,0.007101362105458975,142,0.008617701940238476,"213,1437,2960,3701,1935,3830,3627,3240",0.23380835354328156,0.7630615234375,0.865966796875,"0.0255,0.0302,0.0284,0.0209,0.0226,0.0362,0.0403,0.026","61.2,36.7,36.2,23.8,23.5,18.6,17.9,17.5","2.24e-05,-0.000538,-0.000519,0.000431,-0.000359,0.00165,-0.00128,0.000157","0,0,0,0,0,0,-0.00302,0","0,0,0,0,0,0.00296,0,0",0.0181884765625,0.018311524763703346,1,0.22469696402549744,0.08845783025026321
14,o_proj,gptq,4096,4096,0,0.002101600170135498,0.001492619514465332,4.664244968953426,0.03513467492586101,13.562402725219727,7.599000930786133,0.08671971410512924,0.2441546618938446,0.050989240407943726,0.11425554752349854,0.6776828169822693,4.654443740844727,0.03516530245542526,"1723,3175,1101,1595,226,1979,3431,1845,1357,1820,1851,1973,3559,1229,1692,1717",27.099145889282227,,,,,0,0.015226192772388458,0.04536370933055878,0.02904057502746582,0.0601927675306797,"0.073,0.073,0.410,0.330,0.423,0.361,0.390,0.405",453.1485290527344,970.2097778320312,"54.06,54.06,601.6,502.6,655.1,499.9,601.2,656.6",5.006877422332764,5.882688045501709,"4.222,4.222,5.081,4.826,5.557,5.265,5.441,5.44","0.04722,0.04722,0.1485,0.1201,0.15,0.1316,0.1414,0.1452","0.1746,0.1746,0.232,0.2089,0.2306,0.219,0.2263,0.2282",210,0.0043718283995985985,833,0.0024978958535939455,"1681,482,98,354,3431,226,3175,3559",0.24019910395145416,0.341949462890625,0.336517333984375,"0.163,0.149,0.201,0.172,0.154,0.127,0.167,0.165","0.89,0.842,0.772,0.765,0.729,0.729,0.712,0.668","-0.00337,0.00418,-0.00128,-0.00176,0.00293,0.00172,0.00629,-0.00313","0,0.0052,0,0,0.0052,0,0.0052,-0.0052","-0.00276,0.0052,0,0,0.00234,0.00269,0.006,-0.00417",0.0181884765625,0.0155901238322258,3,0.009916995652019978,0.0020031845197081566
14,gate_proj,gptq,14336,4096,0,0.0020339148385184152,0.0015057495662144252,10.637159533989688,0.018480744310834938,45.365928649902344,36.56624984741211,107.7348861694336,191.75099182128906,148.18020629882812,168.79959106445312,0.6933773756027222,10.616182327270508,0.12772546708583832,"3398,2976,3307,835,1641,2960,3071,2679,3150,578,1565,3240,1935,2043,53,3070",45.402530670166016,,,,,0,69.77134704589844,74.5882797241211,77.56970977783203,93.77285766601562,"2.009,2.009,1.077,0.875,0.834,0.809,0.823,0.836",2120.595458984375,2596.564208984375,"179.1,179.1,3326,2758,2678,2538,2640,2666",87.27764892578125,101.77091217041016,"41.67,41.67,103.2,102.8,102.8,101.3,102.4,102.4","5.629,5.629,10.02,9.121,8.889,8.67,8.831,8.889","3.971,3.971,9.654,9.752,9.733,9.637,9.732,9.723",5817,0.0032200950663536787,1512,0.0021881668362766504,"2960,213,835,1437,3830,104,3071,2976",0.11859133094549179,0.3379603922367096,0.3289794921875,"0.448,0.397,0.552,0.376,0.421,0.385,0.496,0.502","15.9,14,9.74,7.64,6.98,6.74,6.59,6.31","-0.0205,0.017,-0.0159,-0.0134,0.00806,-0.00903,0.00848,-0.0247","-0.0238,0.0158,-0.0158,-0.0158,0.00792,-0.00792,0.00792,-0.0238","-0.0211,0.0169,-0.0133,-0.0154,0.0075,-0.00711,0.00705,-0.0282",0.033447265625,0.03505702316761017,1,0.504427433013916,0.10556664317846298
14,up_proj,gptq,14336,4096,0,0.0020423616681780133,0.00153109005519322,8.575947639179503,0.016397542278973585,39.77395248413086,32.10579299926758,95.56495666503906,164.89889526367188,127.01631164550781,147.0238037109375,0.6933773756027222,8.564815521240234,0.09078259021043777,"3398,2976,3307,835,1641,3071,2960,2679,3150,1565,578,3240,2043,1935,53,3070",45.402530670166016,,,,,0,58.731597900390625,65.1255111694336,67.59176635742188,81.67585754394531,"1.421,1.421,1.042,0.871,0.842,0.819,0.828,0.837",2120.595458984375,2596.564208984375,"179.1,179.1,3326,2758,2678,2538,2640,2666",87.27764892578125,101.77091217041016,"41.67,41.67,103.2,102.8,102.8,101.3,102.4,102.4","4.386,4.386,9.274,8.488,8.339,8.123,8.281,8.321","3.679,3.679,9.087,9.092,9.089,8.975,9.102,9.094",7280,0.0005563455051742494,512,0.0015486673219129443,"2960,213,835,1437,3830,104,3071,2976",0.07265342026948929,0.4239066243171692,0.4954310953617096,"0.275,0.266,0.265,0.299,0.307,0.325,0.253,0.252","15.9,14,9.74,7.64,6.98,6.74,6.59,6.31","0.000633,0.000174,1.47e-05,0.00229,0.000633,-0.00195,-0.000614,0.000893","0,0,0,0.00185,0,-0.00185,0,0","0,0,0,0.00207,0,-0.00249,0,0",0.010986328125,0.011248951777815819,1,0.196685329079628,0.05286804959177971
14,down_proj,gptq,4096,14336,0,0.0020022903169904438,0.001531430653163365,14.979648252309971,0.029521636087395105,46.7496452331543,31.604114532470703,0.20361723005771637,0.426347017288208,0.3179325461387634,0.2891499996185303,0.8064351677894592,14.954303741455078,0.16707800328731537,"1809,4227,5119,10009,2829,7307,8003,13916,11665,13065,604,1635,1341,2403,482,1277",1939.580322265625,,,,,0,0.1544823944568634,0.13069267570972443,0.16662496328353882,0.15867997705936432,"2.042,2.042,1.254,1.050,1.086,1.061,1.073,1.074",7439.5595703125,10046.3984375,"66.49,66.49,7362,9775,1.07e+04,9662,1.101e+04,1.087e+04",7.280313968658447,8.417229652404785,"4.013,4.013,6.829,8.633,8.908,8.414,8.802,8.633","0.3227,0.3227,0.3558,0.4194,0.4397,0.4075,0.4303,0.4247","0.2258,0.2258,0.3177,0.4093,0.4219,0.3957,0.4154,0.4098",2070,0.032390184700489044,2866,0.005078601650893688,"4628,512,2552,6400,4968,13139,14315,4267",0.14217236638069153,0.3468017578125,0.350555419921875,"0.189,0.205,0.19,0.185,0.149,0.197,0.181,0.193","1.81,1.1,0.892,0.839,0.772,0.644,0.639,0.598","-0.00842,0.0349,0.00138,0.00418,0.0107,-0.00323,-0.000584,0.0306","-0.00953,0,0,0,0,0.0108,0,0","-0.00886,0.0299,0,0,0.00893,0,0,0.0287",0.2734375,0.3125,1,0.0791398361325264,0.014738384634256363
15,q_proj,gptq,4096,4096,0,0.0020374655723571777,0.0014820098876953125,6.885499581796466,0.030150274987875578,20.84073257446289,14.699520111083984,90.62201690673828,229.34829711914062,123.53675079345703,187.70396423339844,0.6095197200775146,6.853713035583496,0.2703896164894104,"678,3072,1528,1935,1504,2692,232,1642,3621,4084,2245,2083,3533,2061,213,3701",203.3247833251953,,,,,0,60.302879333496094,85.50808715820312,62.10477828979492,103.74610900878906,"1.512,1.512,0.810,0.666,0.616,0.581,0.609,0.608",1854.45263671875,2213.7802734375,"175.2,175.2,2836,2454,2398,2188,2313,2297",145.98402404785156,166.71484375,"77.45,77.45,162.7,171.3,172.8,169.6,168.3,168.3","5.883,5.883,9.063,8.582,8.263,7.833,7.995,7.99","4.785,4.785,10.07,10.51,10.53,10.28,10.25,10.24",2745,0.007738279644399881,2751,0.01218345109373331,"213,1437,2960,3701,1935,3240,3627,1528",0.4529218077659607,0.466583251953125,0.48095703125,"0.202,0.24,0.212,0.199,0.141,0.228,0.226,0.188","58.7,32.8,32.6,22.3,22,20.6,17.8,17.2","0.00534,0.00166,-0.00183,-0.000763,0.00132,-0.00806,0.00333,0.00237","0,0,0,0,0,0,0,0","0,0,0,0,0,-0.0149,0,0",0.06591796875,0.0753348246216774,1,0.7268993258476257,0.33981314301490784
15,k_proj,gptq,1024,4096,0,0.0019893646240234375,0.0014619827270507812,3.8611672678016475,0.043677838025178904,9.354429244995117,6.365691184997559,41.85476303100586,116.55535888671875,62.422149658203125,94.95724487304688,0.6095197200775146,3.8318467140197754,0.3714549243450165,"1935,678,1528,3072,1504,232,2692,4084,2245,1642,3621,2083,3533,213,2061,3701",203.3247833251953,,,,,0,31.087491989135742,43.454647064208984,30.301258087158203,52.19925308227539,"1.890,1.890,0.849,0.676,0.593,0.552,0.552,0.565",1854.45263671875,2213.7802734375,"175.2,175.2,2836,2454,2398,2188,2313,2297",145.98402404785156,166.71484375,"77.45,77.45,162.7,171.3,172.8,169.6,168.3,168.3","4.85,4.85,6.265,6.025,5.854,5.518,5.515,5.565","3.528,3.528,6.798,7.328,7.6,7.426,7.422,7.404",697,0.016185389831662178,1023,0.02103615365922451,"213,1437,2960,3701,1935,3240,3627,1528",0.7599841952323914,0.3665771484375,0.306640625,"0.262,0.239,0.205,0.226,0.253,0.186,0.242,0.252","58.7,32.8,32.6,22.3,22,20.6,17.8,17.2","0.00824,0.00116,-0.0014,-0.00702,0.00132,-0.00339,0.000448,0.00571","0.0181,0,0,0,0,0,0,0","0.00809,0,0,-0.0125,0,0,0,0.00474",0.0634765625,0.0544084869325161,4,0.7447292804718018,0.41930511593818665
15,v_proj,gptq,1024,4096,0,0.002039670944213867,0.0015025138854980469,0.6687394959052426,0.020592114633227375,2.6576948165893555,2.0241475105285645,11.218269348144531,24.998241424560547,13.426979064941406,19.72258758544922,0.6095197200775146,0.6665799617767334,0.1448337584733963,"1528,678,3072,4084,1935,232,2692,1642,1504,3621,2245,2061,2083,3533,213,2388",203.3247833251953,,,,,0,6.011210918426514,8.691643714904785,7.265756130218506,11.114925384521484,"1.188,1.188,0.855,0.681,0.650,0.629,0.655,0.653",1854.45263671875,2213.7802734375,"175.2,175.2,2836,2454,2398,2188,2313,2297",145.98402404785156,166.71484375,"77.45,77.45,162.7,171.3,172.8,169.6,168.3,168.3","0.8206,0.8206,2.942,2.821,2.8,2.697,2.746,2.734","0.753,0.753,3.182,3.419,3.473,3.399,3.393,3.384",769,0.007368810474872589,277,0.0076911067590117455,"213,1437,2960,3701,1935,3240,3627,1528",0.23557209968566895,0.732421875,0.8690185546875,"0.0308,0.0346,0.0337,0.0201,0.0211,0.0289,0.05,0.023","58.7,32.8,32.6,22.3,22,20.6,17.8,17.2","0.000362,-0.000167,-0.00269,0.000393,5.1e-05,-0.000889,0.00233,-0.000399","0,0,-0.00256,0,0,0,0.00256,0","0,0,-0.00198,0,0,0,0.00208,0",0.01043701171875,0.010815146379172802,1,0.24037033319473267,0.11852897703647614
15,o_proj,gptq,4096,4096,0,0.002090752124786377,0.0015016794204711914,4.364444178475198,0.033607186914199984,12.759817123413086,7.4401960372924805,0.0968121886253357,0.2886592447757721,0.06970418989658356,0.1358674168586731,0.7102022767066956,4.355457305908203,0.04426783695816994,"2395,4005,3021,2765,1608,3749,2139,3621,582,2523,229,2800,1265,485,2893,3877",21.705673217773438,,,,,0,0.015272661112248898,0.044640906155109406,0.041998378932476044,0.0737379640340805,"0.032,0.032,0.347,0.479,0.404,0.380,0.423,0.423",455.8117980957031,1214.6962890625,"26.75,26.75,469.3,782.9,556.4,502.3,622.7,659.5",5.019069194793701,6.267780303955078,"4.394,4.394,5.079,5.552,5.087,4.987,5.251,5.41","0.03256,0.03256,0.1254,0.16,0.1353,0.1293,0.1453,0.1504","0.1815,0.1815,0.2129,0.2311,0.2127,0.2097,0.2232,0.2312",2070,0.008274777792394161,2070,0.0033087620977312326,"1377,1121,1505,1249,2139,2395,2267,2523",0.26653018593788147,0.366943359375,0.361846923828125,"0.156,0.182,0.184,0.15,0.166,0.125,0.214,0.144","1.07,1.04,0.997,0.983,0.898,0.885,0.883,0.88","0.000282,0.0378,0.0129,0.00735,-0.052,-0.026,-0.0432,-0.0248","0,0.0446,0.0149,0,-0.0446,-0.0297,-0.0446,-0.0297","0,0.0324,0.0154,0.00614,-0.0446,-0.0223,-0.0494,-0.0212",0.052001953125,0.0445731058716774,6,0.012305308133363724,0.012235699221491814
15,gate_proj,gptq,14336,4096,0,0.002057944025312151,0.001516376222882952,10.905982619083716,0.018450259110102552,46.16970443725586,36.94084167480469,125.18816375732422,225.4209442138672,166.63986206054688,194.6473846435547,0.7168900370597839,10.884121894836426,0.12212057411670685,"2976,3398,1641,3307,835,3071,2679,2960,3070,1565,578,1434,292,1030,3121,2043",48.14979553222656,,,,,0,76.69537353515625,85.64749908447266,89.7298812866211,108.02201843261719,"1.944,1.944,0.983,0.855,0.843,0.810,0.826,0.832",2101.888427734375,2584.888916015625,"169,169,3206,2766,2714,2508,2643,2640",91.0370101928711,108.4169921875,"35.38,35.38,110.3,110.8,110.5,107.8,109.4,108.8","4.75,4.75,10.53,9.806,9.672,9.297,9.535,9.517","3.407,3.407,10.62,10.61,10.54,10.33,10.49,10.43",4435,0.002518651308491826,824,0.006364043802022934,"2960,835,213,3071,3121,1030,2976,104",0.10870670527219772,0.3371582329273224,0.3210710883140564,"0.44,0.559,0.395,0.504,0.434,0.468,0.507,0.38","14.4,12.6,11.8,7.54,7.52,7.31,7.16,6.99","-0.022,-0.0146,0.00389,0.00824,0.00383,0.0144,-0.000576,-0.00264","-0.0175,-0.0175,0.0175,0,0,0.0175,0,0","-0.0278,-0.0112,0,0.0139,0,0.0119,0,0",0.06787109375,0.05887342989444733,5,0.48542410135269165,0.24590030312538147
15,up_proj,gptq,14336,4096,0,0.002042685236249651,0.0015376806259155273,8.49657977614197,0.016416203735641365,39.063621520996094,31.316818237304688,107.41175079345703,187.25448608398438,138.25198364257812,162.42205810546875,0.7168900370597839,8.484297752380371,0.0849248543381691,"2976,3398,1641,3307,835,3071,2679,2960,1565,3070,578,1434,3121,2043,292,1030",48.14979553222656,,,,,0,62.715431213378906,71.35530853271484,75.11986541748047,90.30439758300781,"1.255,1.255,1.006,0.859,0.842,0.816,0.831,0.841",2101.888427734375,2584.888916015625,"169,169,3206,2766,2714,2508,2643,2640",91.0370101928711,108.4169921875,"35.38,35.38,110.3,110.8,110.5,107.8,109.4,108.8","3.468,3.468,9.616,8.962,8.871,8.536,8.762,8.749","3.096,3.096,9.586,9.671,9.666,9.452,9.613,9.543",4612,0.0007220784900709987,8929,0.0012211321154609323,"2960,835,213,3071,3121,1030,2976,104",0.07094807177782059,0.4184657633304596,0.4778006672859192,"0.281,0.259,0.272,0.246,0.305,0.28,0.247,0.327","14.4,12.6,11.8,7.54,7.52,7.31,7.16,6.99","0.00357,0.000671,0.00223,0.00198,0.0024,0.000969,-0.000196,-0.00687","0,0,0.00642,0,0,0,0,-0.00642","0.00286,0,0,0.00286,0.00314,0,0,-0.00732",0.0269775390625,0.026209082454442978,1,0.23838528990745544,0.12066514790058136
15,down_proj,gptq,4096,14336,0,0.0019896200725010465,0.0015334572110857283,13.79198068125936,0.027320184183827843,44.66527557373047,30.601341247558594,0.25549083948135376,0.4629046618938446,0.4050098657608032,0.3816065192222595,0.20098569989204407,13.777247428894043,0.06353408843278885,"2538,824,5759,12658,6796,16,8536,6195,4083,4435,9404,10897,10567,11110,4343,14280",73.5235366821289,,,,,0,0.1771489381790161,0.16697968542575836,0.21931876242160797,0.20366279780864716,"1.099,1.099,1.066,1.028,1.058,1.032,1.092,1.086",8597.45703125,10829.314453125,"53.77,53.77,1.505e+04,1.078e+04,1.096e+04,9368,1.126e+04,1.124e+04",7.766449928283691,9.558274269104004,"0.8979,0.8979,11.6,10.05,9.977,9.186,9.803,9.721","0.04663,0.04663,0.5549,0.4762,0.4766,0.4377,0.4814,0.4772","0.04448,0.04448,0.5375,0.4698,0.4634,0.4309,0.4606,0.458",2070,0.003703569993376732,2070,0.010695588774979115,"13961,6278,9954,2077,652,9939,11032,4014",0.1309279352426529,0.36181640625,0.3671875,"0.174,0.2,0.167,0.15,0.188,0.153,0.187,0.184","1.32,1.26,1.06,0.981,0.966,0.953,0.927,0.924","-0.0198,0.0015,-0.00571,-0.0065,-0.00256,-0.00574,-0.0153,0.00119","-0.0272,0,0,0,0,0,-0.0206,0","-0.019,0,0,-0.0108,0,0,-0.0127,0",0.1962890625,0.1682477742433548,1,0.029004257172346115,0.04792045056819916
16,q_proj,gptq,4096,4096,0,0.002033531665802002,0.0014673471450805664,6.1759411725106474,0.026895694875948985,19.89672088623047,14.101459503173828,85.61359405517578,206.09762573242188,121.48785400390625,173.640380859375,0.5953423976898193,6.165205955505371,0.2881375849246979,"1935,1528,678,3072,1504,1642,232,4084,2245,3621,2692,213,2083,1437,3701,2388",216.64053344726562,,,,,0,58.859397888183594,78.40121459960938,61.60545349121094,95.7283935546875,"1.469,1.469,0.970,0.667,0.645,0.604,0.648,0.642",1932.7803955078125,2354.37744140625,"177.5,177.5,3037,2468,2459,2287,2442,2414",142.9749298095703,162.6066436767578,"76,76,162,166,169.2,166,164.3,164.2","5.858,5.858,9.405,8.061,8.044,7.679,7.917,7.903","4.834,4.834,9.548,9.867,10.02,9.882,9.832,9.864",1012,0.002654302166774869,2429,0.003354675369337201,"213,1437,2960,3701,1935,3240,3627,1528",0.5336629152297974,0.47576904296875,0.471832275390625,"0.214,0.256,0.223,0.219,0.143,0.251,0.225,0.204","57.9,33.9,32.2,23.4,22.7,19.4,17.8,16.8","-0.00476,-0.00964,0.00424,-0.0103,0.00867,0.0155,0.00204,-0.00641","0,-0.00977,0.00977,-0.00977,0.00977,0.0195,0,-0.00977","-0.00399,-0.0109,0.0041,-0.00729,0.00997,0.0148,0,-0.00544",0.0341796875,0.029296875,2,0.4144231677055359,0.12086132913827896
16,k_proj,gptq,1024,4096,0,0.0020346641540527344,0.001455068588256836,3.478980954265353,0.03695010160838277,9.140089988708496,6.424522876739502,40.13142013549805,109.8419418334961,62.18525695800781,91.38067626953125,0.5953423976898193,3.477876663208008,0.39084485173225403,"1935,1528,678,3072,1642,1504,4084,3621,3533,232,2692,3701,1437,213,2083,2245",216.64053344726562,,,,,0,31.408374786376953,41.66899490356445,29.976112365722656,50.81422424316406,"2.174,2.174,1.008,0.621,0.606,0.539,0.587,0.572",1932.7803955078125,2354.37744140625,"177.5,177.5,3037,2468,2459,2287,2442,2414",142.9749298095703,162.6066436767578,"76,76,162,166,169.2,166,164.3,164.2","5.059,5.059,6.709,5.736,5.793,5.386,5.481,5.436","3.431,3.431,6.681,7.281,7.443,7.338,7.157,7.19",187,0.010127757675945759,699,0.025867754593491554,"213,1437,2960,3701,1935,3240,3627,1528",0.7654806971549988,0.3895263671875,0.314453125,"0.259,0.233,0.218,0.231,0.242,0.198,0.257,0.257","57.9,33.9,32.2,23.4,22.7,19.4,17.8,16.8","0.028,0.0126,0.0118,-0.00301,-0.0058,0.00522,-0.0126,0.00671","0.0239,0.0119,0.0119,0,0,0.0119,-0.0119,0.0119","0.024,0.0135,0.0116,0,-0.00558,0.00774,-0.0127,0.0045",0.041748046875,0.0357840396463871,2,0.583017885684967,0.4440107047557831
16,v_proj,gptq,1024,4096,0,0.002025604248046875,0.0014982223510742188,0.645439981813297,0.019692021294662188,2.6486620903015137,2.0367417335510254,11.226591110229492,23.73432159423828,14.132648468017578,19.87529182434082,0.5953423976898193,0.6435892581939697,0.14861157536506653,"1935,678,3072,1528,1642,1504,232,4084,2245,2388,3621,2692,2083,3533,2061,1437",216.64053344726562,,,,,0,6.410942554473877,8.760021209716797,7.697197437286377,11.21329116821289,"1.058,1.058,0.870,0.752,0.715,0.647,0.692,0.686",1932.7803955078125,2354.37744140625,"177.5,177.5,3037,2468,2459,2287,2442,2414",142.9749298095703,162.6066436767578,"76,76,162,166,169.2,166,164.3,164.2","0.7726,0.7726,3.142,2.924,2.894,2.731,2.832,2.797","0.7512,0.7512,3.369,3.371,3.422,3.396,3.405,3.377",612,0.00608809432014823,533,0.0071938238106667995,"213,1437,2960,3701,1935,3240,3627,1528",0.2134675234556198,0.7691650390625,0.871337890625,"0.0302,0.0305,0.0339,0.0189,0.0232,0.0346,0.0478,0.0234","57.9,33.9,32.2,23.4,22.7,19.4,17.8,16.8","0.000389,-0.000336,0.00167,0.000416,0.000565,0.000243,-0.00212,-0.000147","0,0,0.00241,0,0,0,-0.00241,0","0,0,0.00255,0,0,0,-0.00204,0",0.0107421875,0.012242489494383335,1,0.22580444812774658,0.08940170705318451
16,o_proj,gptq,4096,4096,0,0.002092421054840088,0.0014992356300354004,4.173045776314012,0.03182798845382695,12.436483383178711,7.480959415435791,0.1033795028924942,0.2870827913284302,0.10122478753328323,0.15499110519886017,0.7916508913040161,4.1642656326293945,0.04715109243988991,"1890,1762,1634,3466,3949,3338,813,941,3821,4077,685,2018,2268,3082,222,2524",25.573575973510742,,,,,0,0.024313630536198616,0.047494035214185715,0.06606011092662811,0.0903778225183487,"0.047,0.047,0.220,0.535,0.602,0.648,0.684,0.700",666.0701293945312,1965.3018798828125,"26.03,26.03,171.5,673.4,841.9,1014,1215,1361",5.18951416015625,7.0496954917907715,"4.117,4.117,4.243,5.293,5.551,5.872,6.114,6.208","0.03735,0.03735,0.08423,0.1573,0.1752,0.1947,0.2095,0.2177","0.1732,0.1732,0.1797,0.2151,0.2259,0.2419,0.2532,0.2603",2070,0.019240539520978928,2070,0.0126405730843544,"1762,1634,2018,1890,941,3821,4077,3436",0.19929583370685577,0.365814208984375,0.35345458984375,"0.161,0.15,0.186,0.182,0.17,0.159,0.129,0.151","0.955,0.935,0.887,0.881,0.807,0.779,0.765,0.762","-0.0107,-0.0215,0.0151,-0.0114,0.0269,-0.0194,0.0167,-0.00226","-0.0165,-0.0165,0.0165,-0.0165,0.0331,-0.0165,0.0165,0","-0.00778,-0.0184,0.0101,-0.0133,0.023,-0.0168,0.0143,0",0.1650390625,0.18796883523464203,1,0.024308297783136368,0.02539706975221634
16,gate_proj,gptq,14336,4096,0,0.0020446436745779856,0.0015026841844831193,11.882789715446052,0.01940110712900654,48.37712097167969,38.772972106933594,153.19253540039062,285.85333251953125,213.2740936279297,251.43150329589844,0.7200122475624084,11.864412307739258,0.1289527267217636,"2976,1641,835,3398,3307,3071,2679,2960,1565,578,1434,3070,3121,1030,2043,292",51.748050689697266,,,,,0,98.49630737304688,111.12286376953125,114.84024810791016,138.96963500976562,"1.908,1.908,1.017,0.824,0.812,0.782,0.810,0.824",2141.752685546875,2672.548583984375,"174.1,174.1,3413,2719,2702,2544,2708,2700",101.59989166259766,119.70553588867188,"42.27,42.27,123.1,122.2,121.8,119.7,121.2,120.2","5.739,5.739,12.1,10.92,10.81,10.44,10.73,10.74","4.155,4.155,12,12.03,11.99,11.81,11.93,11.84",5573,0.002608580980449915,5573,0.005980617832392454,"2960,835,213,3121,1030,2976,3071,104",0.14169296622276306,0.3346993625164032,0.3235735297203064,"0.446,0.559,0.395,0.446,0.481,0.509,0.503,0.393","17.1,16.3,12.3,10,8.96,8.09,7.98,7.97","-0.0109,-0.00735,0.0165,0.00946,0.0121,-0.0168,0.00879,-0.00903","-0.0199,-0.0199,0.0199,0.0199,0.0199,-0.0199,0,0","-0.0138,-0.0103,0.012,0.00921,0.0118,-0.0138,0.00691,-0.0112",0.06982421875,0.06795363128185272,1,0.5519141554832458,0.927608847618103
16,up_proj,gptq,14336,4096,0,0.00204188483101981,0.0015308516366141184,8.652379360677514,0.016883525879928134,38.788002014160156,31.070056915283203,124.59495544433594,224.51197814941406,165.8037872314453,197.8013458251953,0.7200122475624084,8.643646240234375,0.08708445727825165,"2976,1641,835,3398,3307,3071,2679,2960,1565,578,1434,3070,1030,3121,2043,292",51.748050689697266,,,,,0,75.0648422241211,86.9480209350586,90.45021057128906,109.6918716430664,"1.192,1.192,1.040,0.826,0.809,0.789,0.813,0.824",2141.752685546875,2672.548583984375,"174.1,174.1,3413,2719,2702,2544,2708,2700",101.59989166259766,119.70553588867188,"42.27,42.27,123.1,122.2,121.8,119.7,121.2,120.2","3.949,3.949,10.82,9.636,9.541,9.286,9.549,9.536","3.617,3.617,10.61,10.61,10.61,10.45,10.59,10.51",140,0.0006449971115216613,7034,0.0008289093966595829,"2960,835,213,3121,1030,2976,3071,104",0.08141352236270905,0.420200914144516,0.494480699300766,"0.268,0.243,0.261,0.3,0.271,0.245,0.248,0.317","17.1,16.3,12.3,10,8.96,8.09,7.98,7.97","-0.00742,-0.00735,-0.00211,0.000191,0.000526,0.00522,-0.000138,-0.00879","-0.00795,-0.00795,0,0,0,0.00795,0,-0.00795","-0.00848,-0.0063,-0.00389,0,0,0.00424,0,-0.00753",0.02783203125,0.0238560289144516,2,0.24229933321475983,0.11171025782823563
16,down_proj,gptq,4096,14336,0,0.002009953771318708,0.0015419040407453264,14.48520833425195,0.029001049735320274,44.83880615234375,30.20435905456543,0.34528571367263794,0.6618635654449463,0.5524630546569824,0.5126200318336487,0.5071499943733215,14.479720115661621,0.07951658964157104,"8046,3358,1633,2944,12519,4564,10113,11519,6178,7456,6297,2678,11501,4792,7285,6530",123.79608917236328,,,,,0,0.2308683693408966,0.20960114896297455,0.3128812611103058,0.28929510712623596,"0.843,0.843,1.201,1.102,1.096,1.040,1.108,1.085",8369.6015625,11404.787109375,"39.72,39.72,1.017e+04,1.117e+04,1.158e+04,1.069e+04,1.186e+04,1.141e+04",8.893998146057129,11.583544731140137,"1.222,1.222,10.48,11.62,11.74,11.55,11.71,11.61","0.05469,0.05469,0.5321,0.555,0.562,0.5433,0.5701,0.5601","0.05957,0.05957,0.4856,0.5286,0.5368,0.5329,0.5415,0.5377",2070,0.004580403212457895,1434,0.002471085637807846,"8162,7034,11501,11435,8046,7632,12042,7704",0.10945084691047668,0.368865966796875,0.3887939453125,"0.2,0.21,0.176,0.192,0.207,0.19,0.186,0.188","2.13,1.22,1,0.983,0.944,0.814,0.779,0.666","-0.011,0.00854,-0.000999,-0.000893,-0.191,-0.00345,0.00507,0.00217","-0.00976,0,0,0,-0.219,-0.0039,0.00452,0","-0.0125,0.0109,0,0,-0.164,-0.00438,0.00645,0.00305",0.19140625,0.2187500149011612,1,0.03803436830639839,0.021671751514077187
17,q_proj,gptq,4096,4096,0,0.0020456910133361816,0.0014733076095581055,7.0656567888800055,0.030577014523353582,20.865558624267578,14.194632530212402,75.74871063232422,200.80917358398438,116.83824157714844,165.5634765625,0.6129958033561707,7.050840854644775,0.25757282972335815,"1935,1528,678,1642,2245,1504,2388,2960,3072,232,2043,2692,774,4084,1437,2061",221.2000732421875,,,,,0,57.243350982666016,74.88227844238281,58.31314468383789,91.37531280517578,"1.732,1.732,0.978,0.645,0.649,0.592,0.632,0.633",1977.971923828125,2427.262939453125,"182.6,182.6,3148,2507,2526,2317,2493,2467",142.4276123046875,161.1589813232422,"80.25,80.25,158.2,164.4,166.3,164.7,162.8,162.6","6.299,6.299,9.178,7.732,7.889,7.461,7.635,7.64","4.786,4.786,9.279,9.63,9.789,9.694,9.608,9.606",3957,0.004843413829803467,1944,0.004506285302340984,"213,2960,1437,1528,1935,3627,1030,104",0.4425962567329407,0.45098876953125,0.4586181640625,"0.227,0.222,0.264,0.21,0.146,0.248,0.202,0.226","53.1,37.4,30.7,20.4,20.3,16,15.7,15.4","0.0135,-0.0134,0.00479,-0.00133,0.000839,-0.00374,0.00623,0.0148","0.00991,-0.00991,0,0,0,0,0,0.0198","0.00991,-0.0123,0.0042,0,0,0,0.00478,0.0137",0.03466796875,0.0297154039144516,5,0.5490049719810486,0.4899482727050781
17,k_proj,gptq,1024,4096,0,0.0020475387573242188,0.0015087127685546875,3.4365648417169723,0.039112985885373305,8.787467956542969,5.875347137451172,32.77066421508789,93.01575469970703,53.258399963378906,78.48857116699219,0.6129958033561707,3.4208738803863525,0.3037635087966919,"1935,1528,678,1504,1642,2692,2960,2245,2388,3072,232,2043,1437,4084,3621,3031",221.2000732421875,,,,,0,26.678955078125,34.87553405761719,26.086986541748047,44.004703521728516,"1.722,1.722,0.965,0.652,0.667,0.592,0.612,0.609",1977.971923828125,2427.262939453125,"182.6,182.6,3148,2507,2526,2317,2493,2467",142.4276123046875,161.1589813232422,"80.25,80.25,158.2,164.4,166.3,164.7,162.8,162.6","4.445,4.445,6.206,5.288,5.408,5.059,5.129,5.128","3.388,3.388,6.318,6.546,6.624,6.577,6.557,6.57",703,0.016002602875232697,106,0.01470299530774355,"213,2960,1437,1528,1935,3627,1030,104",0.5676122307777405,0.34765625,0.326904296875,"0.234,0.192,0.222,0.213,0.195,0.219,0.199,0.193","53.1,37.4,30.7,20.4,20.3,16,15.7,15.4","0.0162,0.00305,-0.0116,0.00403,0.00565,-0.00775,-0.00215,0.0017","0.0187,0,-0.0187,0,0,0,0,0","0.0139,0.00523,-0.0127,0.00422,0.00382,-0.00781,-0.00405,0",0.0654296875,0.0560825914144516,1,0.6841279864311218,0.2563263177871704
17,v_proj,gptq,1024,4096,0,0.002065896987915039,0.0014846324920654297,0.9038575674940148,0.027508059804352725,2.8933098316192627,2.1063923835754395,10.3480806350708,25.22161102294922,14.766849517822266,21.675472259521484,0.6129958033561707,0.9009758234024048,0.17468757927417755,"1935,1642,678,1528,2043,2245,1504,2692,3072,2388,774,232,2960,188,1357,3150",221.2000732421875,,,,,0,6.706908702850342,9.665066719055176,7.956664085388184,12.17441463470459,"1.117,1.117,0.974,0.624,0.651,0.596,0.649,0.642",1977.971923828125,2427.262939453125,"182.6,182.6,3148,2507,2526,2317,2493,2467",142.4276123046875,161.1589813232422,"80.25,80.25,158.2,164.4,166.3,164.7,162.8,162.6","1.028,1.028,3.32,2.891,2.913,2.754,2.849,2.824","0.9725,0.9725,3.365,3.66,3.611,3.569,3.538,3.525",618,0.00868714228272438,540,0.007311527617275715,"213,2960,1437,1528,1935,3627,1030,104",0.2589535713195801,0.672119140625,0.75,"0.0364,0.0349,0.0389,0.0284,0.027,0.0499,0.0382,0.077","53.1,37.4,30.7,20.4,20.3,16,15.7,15.4","6.77e-05,-0.000206,0.000296,0.000465,0.000389,0.00074,-0.000763,0.000561","0,0,0,0,0,0,0,0","0,0,0,0,0,0,0,0",0.01495361328125,0.013106186874210835,3,0.2714870572090149,0.15941284596920013
17,o_proj,gptq,4096,4096,0,0.002103865146636963,0.0014782547950744629,4.346841397952176,0.0319197310050798,13.109399795532227,7.825242519378662,0.12187282741069794,0.31154465675354004,0.07630167156457901,0.17531731724739075,0.6513525247573853,4.3360395431518555,0.04619897902011871,"2772,2900,2023,1767,1895,3028,2644,2104,3260,834,1639,3132,3516,3388,706,2360",18.07422637939453,,,,,0,0.025733256712555885,0.0781477764248848,0.04946532100439072,0.0975121483206749,"0.063,0.063,0.157,0.349,0.447,0.460,0.438,0.465",578.3993530273438,1240.60205078125,"56.72,56.72,214.7,509.8,860.4,937.8,946.6,1045",6.686899185180664,7.474774360656738,"6.273,6.273,5.842,5.719,7.302,7.231,7.401,7.455","0.06603,0.06603,0.09653,0.1419,0.2007,0.2029,0.2035,0.2118","0.2623,0.2623,0.2433,0.2402,0.3003,0.2993,0.3073,0.3107",2070,0.005890571046620607,3749,0.0031954003497958183,"2644,3028,2772,3388,3132,3260,2837,2488",0.2802712917327881,0.3553466796875,0.34619140625,"0.169,0.188,0.131,0.185,0.15,0.148,0.169,0.173","1.75,1.49,0.932,0.847,0.818,0.763,0.753,0.732","-0.0449,-0.0261,0.0165,-8.96e-05,-0.00543,-0.0145,-0.0112,-0.0349","-0.0385,-0.0257,0.0128,0,0,-0.0128,-0.0128,-0.0385","-0.0513,-0.0274,0.0218,0,-0.00603,-0.0129,-0.0137,-0.0399",0.056396484375,0.06375040113925934,1,0.015400823205709457,0.009445742703974247
17,gate_proj,gptq,14336,4096,0,0.002047487667628697,0.0015048810413905553,12.128737591316508,0.019468351115510263,49.02509307861328,39.08673095703125,179.16207885742188,329.74493408203125,245.96363830566406,291.37835693359375,0.7550602555274963,12.110583305358887,0.12017717957496643,"2976,835,1641,2679,2960,3071,1434,3307,3398,578,2043,1565,3070,3121,1030,1428",41.77159881591797,,,,,0,110.84761810302734,128.31317138671875,132.7937774658203,160.60850524902344,"1.923,1.923,1.018,0.808,0.803,0.773,0.811,0.818",2162.076904296875,2669.566162109375,"164.5,164.5,3452,2792,2754,2529,2734,2707",106.14359283447266,128.0953369140625,"34.19,34.19,132.4,131.3,130.8,127.5,129.8,129","4.697,4.697,13.24,11.73,11.7,11.16,11.6,11.57","3.386,3.386,13.12,13.06,13.06,12.69,12.88,12.79",7670,0.003419772954657674,3718,0.002932242350652814,"2960,835,213,3121,1434,1030,104,1437",0.1299608051776886,0.3630284070968628,0.3513794243335724,"0.44,0.575,0.382,0.457,0.543,0.482,0.397,0.36","18.5,17.1,13.9,11.5,11.1,10.3,8.62,7.94","0.00812,-0.00928,0.0173,0.019,-0.00238,-0.00208,-0.082,0.00255","0,0,0.0234,0.0234,0,0,-0.0938,0","0.0128,-0.00624,0.0157,0.0174,0,0,-0.0703,0",0.09375,0.0937500074505806,1,0.6841030120849609,0.4265902042388916
17,up_proj,gptq,14336,4096,0,0.0020383085523332867,0.0015423808779035295,8.823875057430854,0.017003453718891427,39.26353454589844,31.232481002807617,145.84495544433594,257.9996337890625,194.04104614257812,227.0614013671875,0.7550602555274963,8.815053939819336,0.08154616504907608,"2976,835,1641,2679,2960,1434,3307,3071,3398,2043,578,1565,3070,3121,1428,1030",41.77159881591797,,,,,0,86.5892333984375,99.2203140258789,105.92806243896484,125.87818908691406,"1.267,1.267,1.038,0.835,0.829,0.799,0.841,0.838",2162.076904296875,2669.566162109375,"164.5,164.5,3452,2792,2754,2529,2734,2707",106.14359283447266,128.0953369140625,"34.19,34.19,132.4,131.3,130.8,127.5,129.8,129","3.301,3.301,11.67,10.51,10.43,9.997,10.42,10.34","2.932,2.932,11.46,11.5,11.46,11.19,11.36,11.29",8144,0.0008558419067412615,13150,0.001000395743176341,"2960,835,213,3121,1434,1030,104,1437",0.07860908657312393,0.4209246039390564,0.4937831461429596,"0.271,0.248,0.265,0.298,0.245,0.268,0.316,0.281","18.5,17.1,13.9,11.5,11.1,10.3,8.62,7.94","-0.00343,-0.000782,0.0129,0.000629,0.000591,0.000584,0.00565,0.00504","0,0,0.0156,0,0,0,0.00781,0","-0.00326,0,0.0156,0,0,0,0.00446,0.00586",0.039794921875,0.0338444784283638,1,0.3052336275577545,0.14768242835998535
17,down_proj,gptq,4096,14336,0,0.0019943884440830778,0.0015360798154558455,14.662932282392191,0.028974565641057964,45.789642333984375,30.84447479248047,0.4827459454536438,0.8654353618621826,0.8043001294136047,0.7642683982849121,0.3738987147808075,14.652902603149414,0.06518066674470901,"2169,1357,11327,3931,2272,3153,4877,1375,2367,6511,14264,6023,13736,11444,9912,6484",103.60323333740234,,,,,0,0.3914324641227722,0.3718532621860504,0.39563727378845215,0.3757588565349579,"0.890,0.890,1.032,1.105,1.100,1.032,1.038,1.038",9973.359375,10345.091796875,"29.51,29.51,2.424e+04,1.079e+04,1.218e+04,1.055e+04,1.116e+04,1.082e+04",11.064224243164062,13.055281639099121,"0.7793,0.7793,19.19,13.28,13.88,13.43,13.81,13.37","0.03489,0.03489,0.9907,0.6571,0.6785,0.6403,0.6598,0.6405","0.03699,0.03699,0.975,0.625,0.6469,0.6303,0.6477,0.6288",2070,0.005006738472729921,2070,0.00908233504742384,"11867,11808,1943,11288,13793,5578,12495,9784",0.1078970730304718,0.3623046875,0.381103515625,"0.189,0.19,0.178,0.163,0.186,0.162,0.169,0.158","2.14,1.31,1.17,1.08,0.999,0.892,0.877,0.856","-0.0034,-0.00349,0.00415,0.0413,-5.25e-05,0.0155,0.0104,-0.00118","-0.00543,-0.00402,0,0.0458,0,0,0.00711,0","-0.00385,-0.00385,0.00492,0.0354,0,0.0133,0.00823,0",0.16015625,0.1372767835855484,1,0.04800651967525482,0.06165284663438797
18,q_proj,gptq,4096,4096,0,0.002045154571533203,0.001468360424041748,7.149985685711613,0.03043356503628247,21.23948860168457,14.457712173461914,96.75037384033203,244.1530303955078,140.9613494873047,205.3404083251953,0.5853492021560669,7.134763240814209,0.27021723985671997,"1935,678,1642,1528,1504,3072,2245,232,2388,3533,2692,1437,4084,2061,2083,2043",204.8329315185547,,,,,0,68.19646453857422,93.71846771240234,70.85892486572266,113.34262084960938,"1.436,1.436,0.906,0.687,0.653,0.568,0.613,0.622",1914.7054443359375,2313.236572265625,"180.5,180.5,2974,2469,2506,2250,2397,2361",154.4425811767578,175.4025421142578,"87.3,87.3,163.3,180.7,182.4,179.4,177.9,177.3","6.373,6.373,9.671,8.995,8.861,8.226,8.458,8.495","5.318,5.318,10.16,10.86,10.96,10.92,10.8,10.78",2293,0.0037868975196033716,188,0.006023939233273268,"213,1437,2960,1935,1528,3627,1030,3240",0.45798540115356445,0.44805908203125,0.455657958984375,"0.224,0.249,0.214,0.138,0.198,0.238,0.204,0.247","61.1,36.7,35.3,22.2,19.5,18.8,16.7,16.1","-0.00885,0.000145,0.0076,0.00983,-0.0225,-0.0112,-0.0165,0.0112","-0.0101,0,0.0101,0.0101,-0.0202,-0.0101,-0.0202,0.0101","-0.00799,0,0.00872,0.0107,-0.0257,-0.0116,-0.0149,0.0137",0.035400390625,0.0303431935608387,1,0.5453050136566162,0.19913417100906372
18,k_proj,gptq,1024,4096,0,0.0020525455474853516,0.0014603137969970703,3.5437377326386468,0.04287329249721547,8.58359146118164,5.591557025909424,40.620086669921875,106.89425659179688,62.77093505859375,89.75971984863281,0.5853492021560669,3.5385994911193848,0.33212652802467346,"1935,1528,678,1642,1504,3072,2245,232,2388,3533,1437,2692,2083,2043,213,4084",204.8329315185547,,,,,0,30.841264724731445,41.73733901977539,30.92985725402832,49.2017822265625,"1.838,1.838,0.865,0.663,0.608,0.563,0.606,0.610",1914.7054443359375,2313.236572265625,"180.5,180.5,2974,2469,2506,2250,2397,2361",154.4425811767578,175.4025421142578,"87.3,87.3,163.3,180.7,182.4,179.4,177.9,177.3","4.859,4.859,6.229,5.995,5.822,5.415,5.553,5.543","3.584,3.584,6.699,7.362,7.466,7.219,7.136,7.096",570,0.012882063165307045,1014,0.018371494486927986,"213,1437,2960,1935,1528,3627,1030,3240",0.7493314743041992,0.3433837890625,0.29052734375,"0.241,0.215,0.196,0.216,0.231,0.228,0.21,0.187","61.1,36.7,35.3,22.2,19.5,18.8,16.7,16.1","0.0104,-0.00197,-0.00433,-0.00861,0.00446,-0.0129,0.00702,0.00482","0.00795,0,-0.00795,-0.00795,0.00795,-0.00795,0.00795,0.00795","0.00764,0,-0.00642,-0.00949,0.00499,-0.0136,0.00705,0.00467",0.02783203125,0.024485129863023758,1,0.6607792377471924,0.2388167828321457
18,v_proj,gptq,1024,4096,0,0.0020470619201660156,0.0015196800231933594,0.8535991911099892,0.02682186398336084,2.8039121627807617,2.0776753425598145,12.510930061340332,30.1156005859375,16.585491180419922,25.426593780517578,0.5853492021560669,0.8512902855873108,0.1647692322731018,"1935,1642,2245,3072,232,2043,1504,188,2388,678,1528,2692,3150,2083,2061,4084",204.8329315185547,,,,,0,7.408865451812744,11.328774452209473,8.899426460266113,14.229296684265137,"0.961,0.961,0.910,0.609,0.622,0.569,0.603,0.612",1914.7054443359375,2313.236572265625,"180.5,180.5,2974,2469,2506,2250,2397,2361",154.4425811767578,175.4025421142578,"87.3,87.3,163.3,180.7,182.4,179.4,177.9,177.3","0.9403,0.9403,3.413,3.103,3.116,2.91,3.006,3.001","0.9593,0.9593,3.578,3.976,3.951,3.857,3.871,3.835",44,0.008068354800343513,1005,0.011859776452183723,"213,1437,2960,1935,1528,3627,1030,3240",0.2651507556438446,0.6671142578125,0.7977294921875,"0.0347,0.0359,0.0365,0.0256,0.0253,0.0481,0.0449,0.0374","61.1,36.7,35.3,22.2,19.5,18.8,16.7,16.1","-4.36e-05,-5.79e-05,0.000889,0.0011,4.67e-05,-0.00165,0.000391,-0.00183","0,0,0,0,0,0,0,-0.00384","0,0,0,0.00146,0,-0.0027,0,0",0.0208740234375,0.01787596568465233,3,0.27987849712371826,0.16073036193847656
18,o_proj,gptq,4096,4096,0,0.002118527889251709,0.0014916658401489258,4.305786286099192,0.03342857938799212,12.471918106079102,7.3932061195373535,0.13353917002677917,0.42287635803222656,0.15071214735507965,0.22935593128204346,0.6785567402839661,4.295816898345947,0.05117911100387573,"1283,2221,1027,2093,2477,1155,1411,747,619,3839,4095,1003,3967,2349,1770,875",46.85846710205078,,,,,0,0.0485815703868866,0.08614810556173325,0.09545858204364777,0.1305476874113083,"0.091,0.091,0.313,0.644,0.687,0.658,0.719,0.714",1079.9129638671875,2193.183349609375,"47.72,47.72,331.4,1320,1809,1481,1784,1818",6.963562965393066,8.633699417114258,"5.425,5.425,5.809,7.424,8.068,7.527,7.971,8.059","0.06832,0.06832,0.1395,0.2456,0.2767,0.2548,0.279,0.2832","0.2266,0.2266,0.2493,0.306,0.3337,0.3141,0.329,0.3352",2070,0.007110147271305323,3564,0.005313231609761715,"1411,1283,739,659,3967,3711,4095,3839",0.1449957937002182,0.348236083984375,0.344085693359375,"0.151,0.17,0.16,0.163,0.16,0.215,0.161,0.15","1.2,1.05,0.977,0.909,0.906,0.904,0.897,0.894","0.00531,0.04,0.0183,0.00285,0.000492,-0.0135,0.00558,0.00677","0.0121,0.0362,0.02,0,0,-0.0121,0,0.0121","0,0.0362,0.0241,0,0,-0.0144,0.00396,0.00481",0.10888671875,0.11314680427312851,1,0.023331481963396072,0.01828332617878914
18,gate_proj,gptq,14336,4096,0,0.002030491828918457,0.0015004192079816545,12.655141545950869,0.020121717072462582,49.63809585571289,38.88689422607422,205.22906494140625,386.76776123046875,296.2749328613281,337.0074768066406,0.7491620182991028,12.636810302734375,0.1424902379512787,"2976,835,1641,2679,3307,3071,1434,578,2960,3070,3398,2023,3121,1030,1565,2043",51.508811950683594,,,,,0,134.1895751953125,145.75897216796875,160.00453186035156,188.2542724609375,"1.968,1.968,1.120,0.881,0.867,0.814,0.837,0.840",2225.310791015625,2727.44580078125,"168.7,168.7,3513,2879,2902,2632,2785,2753",115.59857940673828,139.65325927734375,"40.57,40.57,137.9,142.4,142.5,139.1,141.4,140.4","5.563,5.563,14.31,12.97,12.96,12.31,12.67,12.6","3.966,3.966,13.52,13.82,13.92,13.65,13.85,13.75",12958,0.002420353004708886,166,0.001981723355129361,"835,2960,1434,3121,213,1030,104,3071",0.13242456316947937,0.3407680094242096,0.3229457437992096,"0.587,0.433,0.533,0.459,0.387,0.486,0.396,0.507","19.6,18.7,14.9,13.6,13.4,12.8,9.05,8.64","-0.00601,-0.00504,-0.00641,0.0129,0.0179,0.00946,0.00164,0.00903","0,0,-0.0105,0.0105,0.0105,0.0105,0,0.0105","-0.00684,-0.00621,-0.00935,0.0105,0.0144,0.00725,0,0.00621",0.03662109375,0.03569306060671806,1,0.6373640298843384,0.22158542275428772
18,up_proj,gptq,14336,4096,0,0.0020465339933122906,0.001535177230834961,9.053273547298403,0.01742306402828883,39.39598846435547,31.031158447265625,165.11183166503906,302.446044921875,229.054931640625,266.17401123046875,0.7491620182991028,9.042262077331543,0.09970405697822571,"2976,835,1641,2679,3307,3071,578,1434,2960,3070,3398,2023,2043,3121,1428,1565",51.508811950683594,,,,,0,102.69159698486328,115.76255798339844,124.25274658203125,148.07655334472656,"1.218,1.218,1.084,0.849,0.866,0.813,0.826,0.834",2225.310791015625,2727.44580078125,"168.7,168.7,3513,2879,2902,2632,2785,2753",115.59857940673828,139.65325927734375,"40.57,40.57,137.9,142.4,142.5,139.1,141.4,140.4","3.87,3.87,12.61,11.44,11.5,10.92,11.2,11.16","3.506,3.506,12.11,12.41,12.36,12.11,12.32,12.22",11985,0.0006303670234046876,13199,0.000682801881339401,"835,2960,1434,3121,213,1030,104,3071",0.08599323779344559,0.4207240641117096,0.479282945394516,"0.247,0.28,0.255,0.299,0.282,0.278,0.319,0.261","19.6,18.7,14.9,13.6,13.4,12.8,9.05,8.64","0.000463,0.00133,-0.00143,-0.00184,-0.00127,-0.000805,-0.00369,-0.000185","0,0.00227,-0.00227,-0.00227,-0.00227,0,-0.00453,0","0,0,0,-0.00333,0,0,-0.00457,0",0.0150146484375,0.016319556161761284,1,0.2887885868549347,0.08865036070346832
18,down_proj,gptq,4096,14336,0,0.001997607094900949,0.001536590712411063,15.785569913774857,0.03136561883087075,46.79695129394531,30.722503662109375,0.6909745931625366,1.3158140182495117,1.1431825160980225,1.0614917278289795,0.1807260513305664,15.767595291137695,0.08852577954530716,"550,11706,5801,4295,5744,10911,3372,897,6116,3216,13701,11721,4821,3526,8730,13654",60.14966583251953,,,,,0,0.5104652643203735,0.4691798985004425,0.6214879155158997,0.5724499821662903,"0.961,0.961,1.158,1.079,1.099,1.042,1.085,1.062",9603.1435546875,11478.9560546875,"25.85,25.85,1.657e+04,1.279e+04,1.267e+04,1.148e+04,1.12e+04,1.206e+04",12.875286102294922,16.168195724487305,"0.8751,0.8751,17.49,17.42,16.47,16.83,16.13,16.9","0.04007,0.04007,0.883,0.846,0.8075,0.8045,0.7833,0.82","0.04088,0.04088,0.8207,0.8145,0.7703,0.788,0.7521,0.7957",2070,0.003014639252796769,3901,0.009206615388393402,"4117,12747,550,11757,3588,522,1294,13076",0.12903468310832977,0.393310546875,0.405853271484375,"0.214,0.179,0.219,0.142,0.184,0.166,0.19,0.195","2.83,1.57,1.47,1.33,1.16,1.06,0.929,0.918","0.0249,0.00552,-0.172,-0.00346,-0.00629,-0.0113,-0.000637,-0.00215","0.0279,0.00988,-0.147,0,-0.00715,-0.0161,0,0","0.0213,0.00984,-0.147,-0.00382,-0.00467,0,0,0",0.171875,0.1473214328289032,1,0.0443350225687027,0.06761039793491364
19,q_proj,gptq,4096,4096,0,0.0020387768745422363,0.0014712810516357422,6.454867077614836,0.02980484801162288,19.365530014038086,13.227607727050781,93.77713012695312,217.53497314453125,147.87551879882812,182.88522338867188,0.596003532409668,6.437111854553223,0.28254711627960205,"1935,678,1642,1528,1504,3072,232,2245,2692,4084,3533,2083,2388,1437,3031,2061",188.456787109375,,,,,0,71.35883331298828,82.5944595336914,75.2864761352539,100.89435577392578,"1.510,1.510,1.108,0.798,0.789,0.708,0.739,0.740",2118.787353515625,2525.197021484375,"179.9,179.9,3461,2744,2713,2521,2577,2575",152.22113037109375,173.1417236328125,"83.88,83.88,168,177.1,178.5,176.6,175.5,174.3","6.237,6.237,10.2,9.121,9.046,8.559,8.699,8.666","5.076,5.076,9.688,10.21,10.18,10.17,10.12,10.07",959,0.005069965962320566,4088,0.004531519021838903,"213,1437,2960,1935,1528,1030,1434,3121",0.33200281858444214,0.460540771484375,0.4404296875,"0.234,0.269,0.219,0.128,0.206,0.201,0.215,0.203","52.3,33.1,29.5,20.8,19.4,17.5,16.2,15.9","-0.0132,0.00952,0.0155,0.00626,-0.0237,-0.0159,0.01,-0.0109","-0.0115,0.0115,0.0115,0.0115,-0.023,-0.0115,0,-0.0115","-0.0154,0.00677,0.0157,0.00562,-0.0203,-0.0136,0.00677,-0.00977",0.040283203125,0.0345284640789032,1,0.6441306471824646,0.2516006529331207
19,k_proj,gptq,1024,4096,0,0.002033233642578125,0.001466989517211914,3.5077268241093407,0.04422948320936901,8.298206329345703,5.483642578125,41.92719650268555,102.56425476074219,70.34171295166016,83.83743286132812,0.596003532409668,3.5000576972961426,0.3716270923614502,"1935,1642,1528,1504,678,232,2083,2245,3072,2388,4084,2692,3533,1437,3031,1010",188.456787109375,,,,,0,33.755279541015625,38.10509490966797,35.614898681640625,46.21037673950195,"2.011,2.011,1.063,0.781,0.776,0.693,0.730,0.747",2118.787353515625,2525.197021484375,"179.9,179.9,3461,2744,2713,2521,2577,2575",152.22113037109375,173.1417236328125,"83.88,83.88,168,177.1,178.5,176.6,175.5,174.3","4.804,4.804,6.798,6.091,6.104,5.783,5.881,5.94","3.387,3.387,6.594,6.893,6.93,6.946,6.884,6.873",631,0.013572635129094124,381,0.014377244748175144,"213,1437,2960,1935,1528,1030,1434,3121",0.5016797780990601,0.3472900390625,0.28857421875,"0.281,0.229,0.201,0.228,0.253,0.213,0.207,0.204","52.3,33.1,29.5,20.8,19.4,17.5,16.2,15.9","-0.00696,-0.00745,-0.0223,0.0142,0.00182,0.041,-0.000919,-0.0116","-0.0137,0,-0.0273,0.0137,0,0.041,0,-0.0137","-0.00767,-0.00732,-0.0194,0.0131,0,0.0352,0,-0.0137",0.0478515625,0.0410156287252903,4,0.7111486196517944,0.4917508065700531
19,v_proj,gptq,1024,4096,0,0.0020301342010498047,0.0015387535095214844,0.907567240904342,0.023691412149223434,3.1977686882019043,2.4156312942504883,15.021778106689453,33.815223693847656,21.34553337097168,28.77346420288086,0.596003532409668,0.9054197669029236,0.16094765067100525,"1642,1935,678,1528,2245,3072,1504,2692,232,2388,2083,1437,2043,4084,1010,188",188.456787109375,,,,,0,9.573065757751465,12.703006744384766,11.57168197631836,16.063064575195312,"1.029,1.029,1.011,0.716,0.682,0.689,0.703,0.699",2118.787353515625,2525.197021484375,"179.9,179.9,3461,2744,2713,2521,2577,2575",152.22113037109375,173.1417236328125,"83.88,83.88,168,177.1,178.5,176.6,175.5,174.3","1.045,1.045,3.998,3.509,3.43,3.362,3.401,3.387","1.03,1.03,3.976,4.147,4.153,4.05,4.055,4.05",700,0.006072141695767641,440,0.007365190424025059,"213,1437,2960,1935,1528,1030,1434,3121",0.19009019434452057,0.6357421875,0.7484130859375,"0.0418,0.0407,0.0472,0.0256,0.0304,0.0504,0.0474,0.0708","52.3,33.1,29.5,20.8,19.4,17.5,16.2,15.9","-0.000488,0.000828,-0.000748,0.000862,0.00036,-0.000923,0.00124,-0.000269","0,0,0,0,0,-0.00191,0.00191,0","0,0,0,0,0,0,0.00211,0",0.00970458984375,0.01128037367016077,1,0.26726412773132324,0.19664591550827026
19,o_proj,gptq,4096,4096,0,0.0021036863327026367,0.0015091896057128906,4.808674714670815,0.03446380496378511,13.860074996948242,7.946436405181885,0.1558091938495636,0.4113839864730835,0.16830536723136902,0.2236901819705963,0.7120019197463989,4.786871433258057,0.05073198676109314,"2827,2699,4056,2955,3928,3103,3800,3487,2571,329,73,3231,3672,974,201,1539",46.0936393737793,,,,,0,0.04965498298406601,0.07453948259353638,0.1009507030248642,0.13316039741039276,"0.091,0.091,0.711,0.871,0.821,0.699,0.712,0.730",1234.4949951171875,2310.412353515625,"39.21,39.21,1172,1773,2095,1479,1604,1674",6.254488945007324,8.32213306427002,"4.622,4.622,5.26,6.527,7.394,7.008,7.214,7.39","0.06105,0.06105,0.1942,0.2577,0.283,0.2502,0.2615,0.2732","0.202,0.202,0.2302,0.2762,0.3123,0.2993,0.3099,0.3198",3901,0.005674430169165134,2070,0.00639822194352746,"73,329,2827,2857,3800,457,1539,2849",0.14651533961296082,0.3878173828125,0.35308837890625,"0.131,0.139,0.111,0.155,0.16,0.247,0.192,0.157","1.13,1.11,0.867,0.785,0.694,0.666,0.656,0.65","-0.00421,-0.00568,-0.0009,0.0157,-0.0107,-0.00424,-0.00601,0.0146","0,-0.00893,0,0.0179,-0.00893,0,-0.00893,0.0157","-0.00582,-0.00565,0,0.0197,-0.0101,0,-0.00663,0.00984",0.051513671875,0.05360782891511917,1,0.021316219121217728,0.008493559435009956
19,gate_proj,gptq,14336,4096,0,0.0020356689180646625,0.0015002829687935965,12.927032998945194,0.020072945095962018,50.60344696044922,39.062255859375,236.2880859375,449.324951171875,361.86846923828125,398.48822021484375,0.6723648905754089,12.900449752807617,0.14253053069114685,"2976,1641,835,3071,2679,3307,578,1434,3398,2023,3070,2960,1030,1966,2070,3510",52.72624206542969,,,,,0,166.76654052734375,176.471923828125,192.0923309326172,218.72923278808594,"1.492,1.492,1.093,0.909,0.895,0.856,0.860,0.865",2333.13671875,2829.005126953125,"177.1,177.1,3783,3046,2987,2783,2857,2857",128.88758850097656,149.645751953125,"62.21,62.21,152.1,152.4,151.8,149.2,150.9,150.3","7.507,7.507,15.78,14.24,14.19,13.65,13.82,13.82","6.146,6.146,15.09,14.93,15,14.75,14.9,14.86",8144,0.0019487275276333094,1816,0.003079724032431841,"835,2960,1434,1030,3121,213,3071,985",0.12010079622268677,0.3361467719078064,0.3141305148601532,"0.58,0.421,0.523,0.489,0.446,0.375,0.509,0.425","18.4,17.6,16.2,15.1,14.2,13.9,9.47,9.2","-0.00343,-0.00256,0.000254,0.00519,0.004,0.00681,0.00421,-0.00187","0,0,0,0,0,0.0144,0,0","0,0,0,0.00385,0,0.00921,0.00788,0",0.055419921875,0.04681970924139023,4,0.6264582276344299,0.318593293428421
19,up_proj,gptq,14336,4096,0,0.0020492076873779297,0.0015389748982020787,9.166241884524155,0.017725272033064076,39.198646545410156,30.625699996948242,185.27252197265625,345.57147216796875,269.871337890625,306.40283203125,0.6723648905754089,9.153261184692383,0.10319866240024567,"2976,1641,835,2679,3071,3307,578,1434,3398,2023,3070,2960,3510,1030,1966,3121",52.72624206542969,,,,,0,122.33029174804688,135.51832580566406,144.8172607421875,168.12356567382812,"0.934,0.934,1.098,0.881,0.879,0.839,0.849,0.855",2333.13671875,2829.005126953125,"177.1,177.1,3783,3046,2987,2783,2857,2857",128.88758850097656,149.645751953125,"62.21,62.21,152.1,152.4,151.8,149.2,150.9,150.3","5.128,5.128,13.84,12.38,12.32,11.85,12.02,12.03","5.305,5.305,13.21,13.19,13.14,12.94,13.04,13.01",1816,0.0024103419855237007,1816,0.002627129200845957,"835,2960,1434,1030,3121,213,3071,985",0.08193761855363846,0.410740464925766,0.461460679769516,"0.245,0.288,0.262,0.278,0.308,0.281,0.272,0.332","18.4,17.6,16.2,15.1,14.2,13.9,9.47,9.2","-0.000446,0.00928,0.0164,-0.017,-0.00427,-0.0322,-0.0554,0.000165","0,0,0.0184,-0.0184,0,-0.0368,-0.0552,0","0,0.0161,0.0176,-0.0168,0,-0.0368,-0.0483,0",0.064453125,0.06189803406596184,1,0.6048020720481873,0.6734470129013062
19,down_proj,gptq,4096,14336,0,0.0020029544830322266,0.0015544891357421875,17.804260423500978,0.03546210546697151,48.6066780090332,30.450138092041016,0.9182091951370239,1.8548789024353027,1.5355935096740723,1.9935709238052368,0.8966915607452393,17.77257537841797,0.14105871319770813,"1816,11788,1481,12320,322,1623,9501,7489,5779,2890,3893,6192,11306,10731,9797,10380",304.0821228027344,,,,,0,0.7162472605705261,1.2841346263885498,0.8587610721588135,0.7557616233825684,"0.075,0.075,1.346,1.043,1.176,1.053,1.088,1.123",9071.83984375,11715.501953125,"192.7,192.7,9722,1.183e+04,1.377e+04,1.188e+04,1.294e+04,1.205e+04",22.369457244873047,18.653825759887695,"32.62,32.62,15.43,20.21,19.22,19.83,20.15,18.88","0.4548,0.4548,0.8373,0.9637,0.9755,0.9467,0.9838,0.9331","1.664,1.664,0.7217,0.9435,0.8996,0.9224,0.9432,0.8805",2070,0.0038282955065369606,2070,0.015287141315639019,"4584,11788,1435,14257,5859,3157,4706,9046",0.1584712415933609,0.398956298828125,0.40673828125,"0.194,0.223,0.167,0.183,0.167,0.183,0.17,0.179","2.86,2.01,1.83,1.55,1.55,1.52,1.43,1.28","0.00424,-0.189,-0.00677,0.00381,0.0154,0.00433,0.0132,0.0027","0,-0.162,0,0,0.0135,0,0,0","0,-0.162,0,0.00572,0.0195,0,0.0109,0",0.189453125,0.19527515769004822,1,0.060356177389621735,0.11122385412454605
20,q_proj,gptq,4096,4096,0,0.0020445585250854492,0.0014765262603759766,7.2674421036908825,0.03409826815771243,20.06725311279297,13.284160614013672,101.36721801757812,228.21363830566406,168.53738403320312,195.83291625976562,0.5825530886650085,7.254930019378662,0.2560347020626068,"1935,1642,678,1528,1504,232,3072,3031,1437,2083,188,2245,2388,3533,2043,2692",137.89002990722656,,,,,0,78.24856567382812,88.23831176757812,87.08264923095703,108.20539093017578,"1.354,1.354,1.235,0.823,0.812,0.758,0.770,0.785",2135.294677734375,2585.2041015625,"180.4,180.4,3554,2717,2690,2558,2633,2570",154.60653686523438,179.56581115722656,"74.03,74.03,172.8,185.5,185.1,183.1,182,180.1","5.438,5.438,11.01,9.731,9.638,9.24,9.308,9.274","4.673,4.673,9.907,10.72,10.7,10.61,10.61,10.46",437,0.006101761944591999,1571,0.004439541604369879,"213,1437,2960,3121,3627,1113,1434,1528",0.3822782635688782,0.404052734375,0.396148681640625,"0.231,0.252,0.222,0.223,0.239,0.237,0.221,0.206","59.1,36,29.5,18.3,18.2,17.4,17.3,17.2","0.0102,0.00458,-0.00781,0.0104,0.008,0.00885,-0.016,0.014","0.0154,0,0,0.0154,0,0.0154,-0.0154,0.0154","0.00997,0.00621,-0.00928,0.00994,0.00827,0.00956,-0.0186,0.0124",0.06494140625,0.05392567813396454,1,0.7528973817825317,0.5568483471870422
20,k_proj,gptq,1024,4096,0,0.0020661354064941406,0.0014677047729492188,3.853784171532652,0.05111679645794658,8.433282852172852,5.298830986022949,45.29818344116211,105.07063293457031,82.02506256103516,90.321044921875,0.5825530886650085,3.844938278198242,0.34252986311912537,"1935,1642,1528,678,1504,3072,232,2083,2043,3533,1437,3031,213,2245,2388,2692",137.89002990722656,,,,,0,39.543094635009766,40.50450134277344,41.39893341064453,50.30077362060547,"1.888,1.888,1.516,0.887,0.845,0.775,0.801,0.810",2135.294677734375,2585.2041015625,"180.4,180.4,3554,2717,2690,2558,2633,2570",154.60653686523438,179.56581115722656,"74.03,74.03,172.8,185.5,185.1,183.1,182,180.1","4.359,4.359,7.841,6.808,6.774,6.425,6.467,6.444","3.172,3.172,6.367,7.229,7.371,7.3,7.225,7.16",1023,0.015977218747138977,760,0.02050052396953106,"213,1437,2960,3121,3627,1113,1434,1528",0.5562208890914917,0.3177490234375,0.2564697265625,"0.282,0.229,0.21,0.218,0.249,0.213,0.196,0.26","59.1,36,29.5,18.3,18.2,17.4,17.3,17.2","-0.00897,-0.0549,-0.025,-0.00369,3.98e-05,0.0157,-0.00717,-0.00356","-0.0157,-0.0471,-0.0314,0,0,0.0157,-0.0157,0","-0.00809,-0.0471,-0.0286,-0.00732,0,0.0165,0,0",0.054931640625,0.0470842681825161,2,0.8562672138214111,0.23442894220352173
20,v_proj,gptq,1024,4096,0,0.0020084381103515625,0.001476287841796875,1.0718281968919996,0.026617450735143006,3.4541971683502197,2.476923942565918,16.646747589111328,36.43355941772461,24.662548065185547,30.936996459960938,0.5825530886650085,1.0690107345581055,0.13556566834449768,"1935,2043,1528,1642,188,1357,2245,3031,155,1504,1973,2960,3072,1437,3150,1010",137.89002990722656,,,,,0,10.855121612548828,13.400904655456543,13.293281555175781,17.4863338470459,"1.035,1.035,1.254,0.738,0.719,0.707,0.741,0.750",2135.294677734375,2585.2041015625,"180.4,180.4,3554,2717,2690,2558,2633,2570",154.60653686523438,179.56581115722656,"74.03,74.03,172.8,185.5,185.1,183.1,182,180.1","0.7978,0.7978,4.412,3.722,3.62,3.568,3.646,3.623","0.7842,0.7842,3.94,4.334,4.27,4.242,4.236,4.183",283,0.0053321318700909615,896,0.0068458146415650845,"213,1437,2960,3121,3627,1113,1434,1528",0.18420889973640442,0.6533203125,0.7412109375,"0.0242,0.0235,0.0383,0.0676,0.035,0.0762,0.0466,0.023","59.1,36,29.5,18.3,18.2,17.4,17.3,17.2","-0.000149,2.07e-05,-0.00025,0.000227,-0.00212,0.00119,-0.000214,0.000315","0,0,0,0,-0.00188,0.00188,0,0","0,0,0,0,-0.00349,0,0,0",0.01239013671875,0.01113303005695343,1,0.2643188238143921,0.18438945710659027
20,o_proj,gptq,4096,4096,0,0.0021099448204040527,0.0015227794647216797,4.853928988961471,0.03379207345714408,14.00146770477295,8.164180755615234,0.14940516650676727,0.34333544969558716,0.13646143674850464,0.16547149419784546,0.7912055253982544,4.842188835144043,0.04774463549256325,"988,3828,3980,860,422,294,38,166,3012,3431,3175,3559,2628,2756,732,3303",22.644533157348633,,,,,0,0.03978428989648819,0.051309455186128616,0.0941486582159996,0.10713530331850052,"0.096,0.096,0.448,1.003,0.838,0.792,0.841,0.871",792.2380981445312,1924.7532958984375,"23.04,23.04,230.8,1260,1261,913.8,1285,1341",4.708407878875732,7.045473098754883,"2.942,2.942,2.975,4.575,6.185,5.7,6.256,6.091","0.04091,0.04091,0.09038,0.2141,0.26,0.2316,0.2628,0.2657","0.1321,0.1321,0.1351,0.2137,0.284,0.2604,0.2866,0.2847",2070,0.015848595649003983,3901,0.007060244679450989,"604,168,860,3175,3431,2756,3492,3459",0.10738091915845871,0.402587890625,0.39935302734375,"0.209,0.177,0.0885,0.116,0.16,0.161,0.192,0.195","0.642,0.628,0.6,0.554,0.548,0.539,0.533,0.522","-0.106,0.00525,-0.0215,-0.00467,0.0161,0.0171,-0.01,0.00317","-0.121,0,-0.0303,0,0,0.0303,-0.0158,0.00903","-0.0908,0.00792,-0.0186,-0.00488,0.0148,0.0213,-0.0103,0.00513",0.10595703125,0.1210937574505806,1,0.032727889716625214,0.00845861341804266
20,gate_proj,gptq,14336,4096,0,0.0020326205662318637,0.0015021051679338729,12.66574241397393,0.019367073855972094,50.71295166015625,38.75546646118164,276.025634765625,507.6739501953125,408.7286376953125,436.5113525390625,0.7492156624794006,12.649446487426758,0.14338336884975433,"1641,2976,835,2679,3071,3307,578,1434,2023,1966,1030,3398,3070,3510,1428,2618",59.476070404052734,,,,,0,182.22463989257812,189.50961303710938,222.34349060058594,241.96392822265625,"1.790,1.790,1.155,0.904,0.918,0.888,0.895,0.900",2315.732666015625,2827.597900390625,"158.1,158.1,3870,2953,2926,2788,2869,2804",130.4928436279297,158.43267822265625,"40.5,40.5,163.8,161.6,160.7,158.6,160.1,158.2","5.241,5.241,17.1,15.05,15.15,14.67,14.88,14.75","3.917,3.917,15.91,15.83,15.81,15.57,15.73,15.55",9049,0.001029036589898169,1510,0.0011686774669215083,"835,1434,1030,2960,3121,213,578,985",0.10713302344083786,0.328648179769516,0.3034493625164032,"0.596,0.528,0.491,0.407,0.446,0.393,0.516,0.439","18.8,18.2,16,15.4,15.2,10.6,9.31,9.12","-0.00983,-0.0107,0.00574,0.00301,0.0232,0.0117,0.00482,0.00977","-0.0114,-0.0114,0,0,0.0227,0.0114,0,0.0114","-0.0123,-0.00997,0.00541,0,0.0199,0.0128,0,0.0108",0.049072265625,0.043046869337558746,1,0.48605695366859436,0.23476052284240723
20,up_proj,gptq,14336,4096,0,0.002041118485586984,0.001539792333330427,8.833412743364534,0.017471143138536906,38.08659362792969,29.574764251708984,210.11264038085938,379.028076171875,301.50531005859375,329.0733947753906,0.7492156624794006,8.824867248535156,0.10385460406541824,"1641,2976,835,2679,3307,3071,578,1434,2023,3398,1030,1966,3070,3510,1428,2618",59.476070404052734,,,,,0,134.0240020751953,143.28514099121094,163.6897430419922,182.01022338867188,"1.136,1.136,1.144,0.893,0.895,0.874,0.882,0.885",2315.732666015625,2827.597900390625,"158.1,158.1,3870,2953,2926,2788,2869,2804",130.4928436279297,158.43267822265625,"40.5,40.5,163.8,161.6,160.7,158.6,160.1,158.2","3.661,3.661,14.98,13,12.94,12.63,12.81,12.68","3.436,3.436,14.01,13.76,13.68,13.52,13.64,13.47",13030,0.0005554171511903405,6760,0.001047907629981637,"835,1434,1030,2960,3121,213,578,985",0.0756518691778183,0.399754136800766,0.4461757242679596,"0.243,0.259,0.273,0.305,0.301,0.289,0.282,0.32","18.8,18.2,16,15.4,15.2,10.6,9.31,9.12","-0.00169,-9.82e-05,0.00259,-0.00224,0.000538,0.00415,0.00134,-0.00473","-0.00337,0,0.00337,-0.00337,0,0.00337,0,-0.00337","-0.00228,0,0.00288,-0.00217,0,0.00516,0.00258,-0.00478",0.01190185546875,0.014209848828613758,1,0.3050214350223541,0.07345668971538544
20,down_proj,gptq,4096,14336,0,0.002000093460083008,0.0015450034822736467,15.95821540569547,0.0321674998756671,45.78199768066406,29.433937072753906,0.9598349332809448,1.9171772003173828,1.606142520904541,1.3959038257598877,0.382315993309021,15.94844913482666,0.09679291397333145,"7016,13064,13985,10631,9931,848,1955,829,3086,10862,2295,6062,10786,11266,9524,3459",92.55990600585938,,,,,0,0.730107843875885,0.6265308260917664,0.9322934746742249,0.8065721988677979,"0.935,0.935,1.484,1.066,1.130,1.119,1.130,1.152",9540.7919921875,12228.904296875,"29.89,29.89,1.267e+04,1.191e+04,1.374e+04,1.309e+04,1.261e+04,1.225e+04",15.127500534057617,19.467784881591797,"1.163,1.163,17.64,20.32,20.58,20.56,20.1,19.49","0.05311,0.05311,0.9727,0.9694,1.018,1.003,0.9856,0.9678","0.05494,0.05494,0.7986,0.9388,0.9574,0.9476,0.927,0.9018",2070,0.014381390064954758,2070,0.023220287635922432,"7016,3004,10183,13613,11435,7256,4289,7564",0.13578078150749207,0.385528564453125,0.386627197265625,"0.228,0.185,0.18,0.186,0.171,0.204,0.189,0.185","5.01,1.74,1.42,1.36,1.32,1.29,1.21,1.21","-0.183,-0.0018,-0.0023,0.000641,0.0164,0.00653,0.00427,0.00159","-0.209,0,0,0.00516,0.017,0,0.00562,0.00463","-0.157,0,0,0,0.0134,0.00478,0.00412,0",0.1826171875,0.2087053656578064,1,0.12206482142210007,0.14588339626789093
21,q_proj,gptq,4096,4096,0,0.002039313316345215,0.0014579296112060547,7.094496313509808,0.033422060397309494,19.739667892456055,13.024628639221191,100.24966430664062,227.06011962890625,162.63279724121094,188.16302490234375,0.6156711578369141,7.077406883239746,0.22685645520687103,"1935,1528,1642,678,2043,155,188,1504,3031,1437,1357,3072,2083,2078,2388,232",135.59486389160156,,,,,0,73.64134216308594,83.13507843017578,85.56001281738281,103.87445831298828,"1.358,1.358,1.238,0.802,0.773,0.764,0.788,0.793",2095.3486328125,2579.53076171875,"180.1,180.1,3579,2637,2555,2537,2578,2517",151.2360076904297,177.05393981933594,"71.11,71.11,170.3,182.4,180.2,179.1,178.8,177","5.252,5.252,11,9.268,9.092,8.942,9.099,9.042","4.507,4.507,9.883,10.35,10.34,10.23,10.25,10.15",2552,0.005911423359066248,1843,0.004381868988275528,"213,1437,2960,1528,1434,3121,2078,1113",0.3419663906097412,0.397186279296875,0.39349365234375,"0.245,0.274,0.233,0.214,0.237,0.204,0.212,0.237","49.1,29.8,27.3,20.9,20.2,19.6,17.7,17.3","0.00224,-0.00482,0.00327,-0.00155,0.00232,0.000395,-0.00356,-8.88e-06","0.00478,-0.00478,0.00478,0,0.00478,0,-0.00478,0","0,-0.00422,0.00457,0,0.00422,0,-0.00684,0",0.02392578125,0.027612917125225067,1,0.6990137100219727,0.22627975046634674
21,k_proj,gptq,1024,4096,0,0.002019643783569336,0.0014519691467285156,3.606542414820069,0.0476466710997531,8.194132804870605,5.169974327087402,44.06333923339844,100.6048355102539,75.94560241699219,83.32404327392578,0.6156711578369141,3.587911605834961,0.29885542392730713,"1935,1528,1642,678,155,2043,188,1504,3031,2388,1437,1357,3072,2083,213,2245",135.59486389160156,,,,,0,34.933528900146484,37.618072509765625,39.28228759765625,45.95201110839844,"1.673,1.673,1.463,0.788,0.756,0.771,0.795,0.779",2095.3486328125,2579.53076171875,"180.1,180.1,3579,2637,2555,2537,2578,2517",151.2360076904297,177.05393981933594,"71.11,71.11,170.3,182.4,180.2,179.1,178.8,177","3.897,3.897,7.891,6.199,6.185,6.013,6.127,6.037","3.013,3.013,6.523,6.982,7.113,6.848,6.871,6.84",117,0.011222091503441334,316,0.029469426721334457,"213,1437,2960,1528,1434,3121,2078,1113",0.5242482423782349,0.3306884765625,0.265380859375,"0.28,0.228,0.207,0.243,0.196,0.187,0.163,0.205","49.1,29.8,27.3,20.9,20.2,19.6,17.7,17.3","-0.00415,-0.0036,0.00394,0.0103,-0.00504,-0.00473,-0.00873,-0.005","0,0,0,0.016,0,0,0,0","-0.0068,-0.00579,0.00544,0.0116,-0.00579,-0.00427,-0.00984,-0.00746",0.05615234375,0.0481305792927742,1,0.6552433967590332,0.27994054555892944
21,v_proj,gptq,1024,4096,0,0.0020494461059570312,0.0014934539794921875,1.2305971391803041,0.029782190274204798,3.689986228942871,2.5722813606262207,18.25078582763672,39.12213134765625,27.48904037475586,31.668731689453125,0.6156711578369141,1.2278039455413818,0.13560622930526733,"2043,1357,188,155,1528,980,1010,2960,3031,1973,2245,1642,3662,3150,3627,1437",135.59486389160156,,,,,0,11.951008796691895,13.708587646484375,14.864823341369629,17.81241798400879,"0.988,0.988,1.273,0.773,0.817,0.780,0.810,0.811",2095.3486328125,2579.53076171875,"180.1,180.1,3579,2637,2555,2537,2578,2517",151.2360076904297,177.05393981933594,"71.11,71.11,170.3,182.4,180.2,179.1,178.8,177","0.7799,0.7799,4.605,3.865,3.858,3.786,3.841,3.779","0.7847,0.7847,4.082,4.397,4.27,4.287,4.269,4.197",557,0.007554627954959869,624,0.006210735999047756,"213,1437,2960,1528,1434,3121,2078,1113",0.1693665236234665,0.6749267578125,0.7431640625,"0.0275,0.0289,0.0483,0.0237,0.0489,0.0777,0.0402,0.0849","49.1,29.8,27.3,20.9,20.2,19.6,17.7,17.3","0.000332,0.000549,0.0022,-0.000241,-0.00238,0.000317,-0.000965,-0.00589","0,0,0.00377,0,-0.00377,0,0,-0.00753","0,0,0.00296,0,-0.00248,0,0,-0.00523",0.0162353515625,0.014820816926658154,1,0.33536022901535034,0.15176069736480713
21,o_proj,gptq,4096,4096,0,0.002143561840057373,0.0015468001365661621,4.436532248918695,0.030443271831154223,13.163980484008789,8.28469181060791,0.1498185396194458,0.35682016611099243,0.11372428387403488,0.15822452306747437,0.7898210287094116,4.433025360107422,0.062280427664518356,"3624,3880,3752,3007,2879,2623,2295,2551,3407,4008,1857,2423,2751,2167,1601,3151",47.50192642211914,,,,,0,0.028282171115279198,0.045368801802396774,0.07999084889888763,0.10989619791507721,"0.126,0.126,0.259,0.585,0.708,0.674,0.727,0.717",574.6842651367188,1694.539794921875,"19.22,19.22,101.1,332.4,644.2,950.2,1283,1248",4.430008888244629,7.0540852546691895,"2.848,2.848,2.846,3.688,4.475,5.828,6.637,6.271","0.04615,0.04615,0.06592,0.1297,0.1703,0.2163,0.2546,0.2454","0.1302,0.1302,0.1295,0.1696,0.2024,0.2635,0.2986,0.2898",3901,0.01653001457452774,2070,0.0026957159861922264,"2167,2551,2569,2295,2423,2623,3624,2648",0.16577279567718506,0.412109375,0.40771484375,"0.127,0.11,0.176,0.147,0.318,0.153,0.125,0.187","0.715,0.693,0.587,0.559,0.524,0.495,0.488,0.467","0.0119,0.0173,-0.00989,0.0209,-0.119,-0.0101,-0.0162,0.000232","0,0,0,0.034,-0.102,0,0,0","0.014,0.0195,-0.0103,0.0179,-0.136,-0.0103,-0.0186,0",0.119140625,0.1021205335855484,1,0.021894749253988266,0.006700487341731787
21,gate_proj,gptq,14336,4096,0,0.0020406757082257953,0.0014926706041608537,12.806409802593407,0.018811822279809955,52.222320556640625,39.806358337402344,330.0982971191406,599.7063598632812,480.43499755859375,503.4678955078125,0.7657831311225891,12.79214096069336,0.13600514829158783,"1641,2976,2679,3307,835,578,3071,1434,1966,1030,2023,1428,3398,3070,3510,2618",54.04506301879883,,,,,0,212.46932983398438,215.40179443359375,261.5149230957031,280.47674560546875,"1.659,1.659,1.241,0.925,0.926,0.909,0.918,0.914",2275.39794921875,2818.626953125,"149.3,149.3,3913,2869,2787,2768,2811,2755",137.6194610595703,168.31942749023438,"40.57,40.57,175.2,171,168.8,168.3,169.3,167.2","5.147,5.147,18.97,16.18,16.1,15.95,16.07,15.91","3.995,3.995,17.03,16.82,16.72,16.73,16.78,16.65",1797,0.0010173143818974495,7,0.0036799584049731493,"1434,835,1030,3121,2960,985,1641,578",0.12011066824197769,0.313084214925766,0.2871965765953064,"0.523,0.597,0.503,0.443,0.4,0.45,0.563,0.525","21.4,18.3,16.2,14.8,13.9,9.79,9.73,9.3","-0.00507,-0.00507,0.00327,0.00854,-0.0179,-0.000648,0.00368,0.00427","-0.00935,-0.00935,0,0.00935,-0.0187,0,0,0","-0.00673,-0.00652,0,0.009,-0.0205,0,0,0.00492",0.0400390625,0.034331128001213074,1,0.5133739709854126,0.22332246601581573
21,up_proj,gptq,14336,4096,0,0.0020533459527151926,0.0015467745917184012,8.380662072573614,0.0171582339765131,36.55186462402344,28.302452087402344,234.29959106445312,418.70294189453125,331.32843017578125,355.42132568359375,0.7657831311225891,8.373748779296875,0.09677781164646149,"1641,2976,2679,3307,835,578,3071,1434,1966,2023,1030,3398,1428,3510,3070,3121",54.04506301879883,,,,,0,145.96270751953125,153.20481872558594,180.14439392089844,196.97279357910156,"1.093,1.093,1.179,0.892,0.905,0.903,0.901,0.906",2275.39794921875,2818.626953125,"149.3,149.3,3913,2869,2787,2768,2811,2755",137.6194610595703,168.31942749023438,"40.57,40.57,175.2,171,168.8,168.3,169.3,167.2","3.524,3.524,15.77,13.48,13.38,13.32,13.41,13.27","3.371,3.371,14.52,14.27,14.07,14.02,14.12,13.94",10703,0.0006122398190200329,8690,0.0007677645771764219,"1434,835,1030,3121,2960,985,1641,578",0.07822512835264206,0.4161202609539032,0.4629429578781128,"0.237,0.229,0.253,0.282,0.294,0.308,0.233,0.258","21.4,18.3,16.2,14.8,13.9,9.79,9.73,9.3","0.000486,-0.00124,-0.0024,-0.00211,-0.00485,-5.89e-05,-0.00209,-0.000481","0,-0.00167,-0.00167,-0.00167,-0.005,0,-0.00167,0","0,-0.00179,-0.00251,-0.0026,-0.00426,0,-0.00193,0",0.01141357421875,0.013432185165584087,1,0.33118218183517456,0.08942364156246185
21,down_proj,gptq,4096,14336,0,0.001996551241193499,0.0015442030770438059,15.154418886897096,0.031331996511941025,43.81345748901367,28.181255340576172,0.9810652732849121,1.9662535190582275,1.5962703227996826,1.3198769092559814,0.23290477693080902,15.144237518310547,0.0836353674530983,"4805,12756,12445,1754,10229,9754,2757,3700,14275,8817,13149,11953,1440,4743,2773,8324",55.437652587890625,,,,,0,0.7292340397834778,0.5916231274604797,0.9218661785125732,0.7596908807754517,"0.931,0.931,1.456,1.171,1.216,1.191,1.176,1.204",9435.4150390625,11921.3232421875,"39.78,39.78,1.366e+04,1.215e+04,1.39e+04,1.269e+04,1.19e+04,1.109e+04",15.204672813415527,19.342313766479492,"1.517,1.517,19.15,20,20.69,20.21,19.65,18.91","0.06789,0.06789,1.04,0.9681,1.02,0.9885,0.959,0.9316","0.07036,0.07036,0.8621,0.8946,0.9252,0.9059,0.8844,0.8491",3901,0.0031842952594161034,3901,0.009510195814073086,"497,10702,3425,653,2184,7044,13393,269",0.1260969489812851,0.318023681640625,0.32208251953125,"0.187,0.181,0.184,0.187,0.187,0.187,0.186,0.188","2.32,2.22,1.98,1.81,1.75,1.54,1.38,1.36","-0.00179,0.0065,0.00629,0.00071,0.00036,0.000618,0.000938,0.00147","0,0.00649,0.00649,0.00365,0.00436,-0.00333,0,0","-0.00296,0.00656,0,0,0,0,0,0.00283",0.111328125,0.10393203049898148,1,0.057572752237319946,0.09022203087806702
22,q_proj,gptq,4096,4096,0,0.0020369887351989746,0.0014644861221313477,6.712711150859832,0.033702854647094854,18.55498504638672,12.205544471740723,96.41927337646484,221.4791259765625,159.4821014404297,182.49484252929688,0.631820559501648,6.7032084465026855,0.2279883176088333,"155,1528,188,1642,1935,2043,678,2960,1437,3031,2083,1504,1357,2388,3072,980",106.26343536376953,,,,,0,71.85691833496094,79.81053161621094,83.3271255493164,102.0853500366211,"1.462,1.462,1.309,0.795,0.803,0.767,0.789,0.798",2118.0234375,2607.772216796875,"179.3,179.3,3645,2639,2595,2591,2584,2531",153.5212860107422,180.91456604003906,"72.34,72.34,168.3,185.7,183,183.3,182.4,180.8","5.22,5.22,10.68,9.158,9.073,8.893,8.981,8.961","4.317,4.317,9.339,10.27,10.13,10.15,10.11,10.03",2865,0.005446495022624731,61,0.007602312136441469,"213,1437,2960,1434,1528,3121,1113,2078",0.3590886890888214,0.401580810546875,0.398712158203125,"0.239,0.265,0.227,0.242,0.21,0.215,0.219,0.217","49.7,30.3,30.1,21.7,21,19.9,19,18.3","0.0112,0.00155,-0.00842,-0.00842,0.0123,0.00534,0.011,0.00293","0.00739,0,-0.00739,-0.00739,0.0148,0.00739,0.00739,0.00739","0.0114,0,-0.00778,-0.00736,0.011,0.00403,0.0105,0",0.0267333984375,0.024187641218304634,1,0.6695945262908936,0.18560414016246796
22,k_proj,gptq,1024,4096,0,0.00202178955078125,0.00145721435546875,3.2275101844097662,0.045873039381827165,7.467617988586426,4.7524189949035645,41.125911712646484,92.98567962646484,71.42623138427734,76.61872863769531,0.631820559501648,3.215475559234619,0.2895924746990204,"155,1528,1935,1642,188,2043,678,2960,1437,2388,3031,2083,1504,3072,1357,3627",106.26343536376953,,,,,0,31.83776092529297,33.50181579589844,37.45378112792969,43.41684341430664,"1.627,1.627,1.476,0.889,0.823,0.779,0.819,0.809",2118.0234375,2607.772216796875,"179.3,179.3,3645,2639,2595,2591,2584,2531",153.5212860107422,180.91456604003906,"72.34,72.34,168.3,185.7,183,183.3,182.4,180.8","3.521,3.521,7.023,6.16,6.079,5.869,5.992,5.945","2.761,2.761,5.781,6.535,6.7,6.651,6.619,6.61",315,0.02751459740102291,254,0.017009181901812553,"213,1437,2960,1434,1528,3121,1113,2078",0.4459837079048157,0.3270263671875,0.273193359375,"0.265,0.227,0.188,0.17,0.23,0.16,0.184,0.16","49.7,30.3,30.1,21.7,21,19.9,19,18.3","-0.0176,0.000896,-0.0188,0.00861,-0.000104,-0.00138,0.00519,-0.0101","-0.0171,0,-0.0171,0.0171,0,0,0,-0.0171","-0.0179,0,-0.0162,0.011,0,0,0.00408,-0.0135",0.059814453125,0.05631943792104721,1,1.0082759857177734,0.3928646445274353
22,v_proj,gptq,1024,4096,0,0.0020291805267333984,0.0014801025390625,1.34888837815447,0.030961288647908983,3.9352519512176514,2.597329616546631,19.9993839263916,41.96355438232422,30.807125091552734,34.80254364013672,0.631820559501648,1.3461120128631592,0.14743563532829285,"155,2043,188,2960,980,1357,1642,1528,3031,3072,3627,1437,1010,2078,1504,2388",106.26343536376953,,,,,0,13.195879936218262,14.836393356323242,16.87605094909668,19.767032623291016,"1.138,1.138,1.191,0.853,0.856,0.802,0.820,0.821",2118.0234375,2607.772216796875,"179.3,179.3,3645,2639,2595,2591,2584,2531",153.5212860107422,180.91456604003906,"72.34,72.34,168.3,185.7,183,183.3,182.4,180.8","0.9998,0.9998,4.627,4.13,4.061,4.021,4.05,4.005","0.9373,0.9373,4.24,4.472,4.389,4.49,4.471,4.42",50,0.007193333934992552,880,0.00793380942195654,"213,1437,2960,1434,1528,3121,1113,2078",0.21136583387851715,0.65234375,0.6783447265625,"0.0346,0.0406,0.0492,0.0547,0.0306,0.0801,0.0977,0.0481","49.7,30.3,30.1,21.7,21,19.9,19,18.3","0.000771,-0.000519,0.000347,-0.000326,0.00061,0.00101,-0.000969,-3.44e-06","0,0,0,0,0,0,0,0","0,0,0,0,0,0,0,0",0.0179443359375,0.0205078125,1,0.3444339632987976,0.18854352831840515
22,o_proj,gptq,4096,4096,0,0.002115964889526367,0.0015339255332946777,4.603432261311468,0.03086351990174396,13.623647689819336,8.476533889770508,0.10872752964496613,0.25336775183677673,0.10024232417345047,0.1301063895225525,0.7778162360191345,4.593532085418701,0.04362446442246437,"3312,1905,1649,2660,2916,1709,2033,1777,3044,1730,3440,1610,1701,3813,2788,3184",44.29582214355469,,,,,0,0.03148261830210686,0.047144897282123566,0.0630127489566803,0.08045793324708939,"0.038,0.038,0.798,0.834,0.581,0.698,0.744,0.788",854.2814331054688,1560.0416259765625,"16.81,16.81,1399,1246,851,960.3,1040,1305",4.587155342102051,6.193778991699219,"2.673,2.673,4.53,5.024,5.5,5.204,5.253,5.841","0.02681,0.02681,0.1935,0.2063,0.1869,0.1969,0.2053,0.2335","0.1372,0.1372,0.2165,0.2259,0.2452,0.2358,0.238,0.2631",2070,0.008815907873213291,2070,0.024934839457273483,"2660,2916,2033,2597,1905,3184,1649,3440",0.21937155723571777,0.350128173828125,0.353363037109375,"0.169,0.16,0.103,0.185,0.224,0.155,0.171,0.285","0.935,0.723,0.719,0.672,0.655,0.648,0.615,0.61","-0.00348,0.0225,-0.0162,-0.0054,-0.00322,0.0608,0.00964,0.121","0,0.0346,0,0,0,0.0692,0,0.104","0,0.0193,-0.0179,-0.00708,0,0.0521,0.00854,0.104",0.12109375,0.1037946492433548,2,0.01755225844681263,0.03872552141547203
22,gate_proj,gptq,14336,4096,0,0.0020364863531930105,0.0014933688299996512,12.538195356624783,0.018509396143513646,51.68354034423828,39.560462951660156,350.6828308105469,629.8687744140625,505.3231506347656,527.6038818359375,0.7742778658866882,12.525995254516602,0.12678351998329163,"1641,2976,2679,578,3307,3071,1434,1966,835,2023,1030,1428,3510,3070,666,2618",45.63643264770508,,,,,0,221.5413055419922,225.5796356201172,276.50189208984375,293.7018127441406,"1.515,1.515,1.196,0.924,0.940,0.927,0.912,0.922",2271.785400390625,2822.127197265625,"146.9,146.9,3931,2843,2789,2796,2788,2733",140.60202026367188,172.9051055908203,"40.01,40.01,179.5,174.9,172.8,173.1,173.3,171.2","4.898,4.898,19.26,16.55,16.53,16.48,16.41,16.29","3.979,3.979,17.61,17.22,17.04,17.12,17.18,16.96",6161,0.001411463599652052,12685,0.0014049684396013618,"1434,1030,835,3121,2960,1641,3070,578",0.10342231392860413,0.3167899250984192,0.2954799234867096,"0.514,0.488,0.556,0.441,0.405,0.549,0.45,0.514","21.9,16.4,15.9,14.1,12.9,11.7,9.12,8.96","-0.01,0.00352,-0.00848,0.0199,0.00146,0.00291,0.0111,0.00298","-0.00984,0,-0.00984,0.0197,0,0,0.00984,0","-0.012,0.00534,-0.0061,0.0228,0,0,0.0141,0.00481",0.048828125,0.04220464080572128,1,0.6208738088607788,0.4299466907978058
22,up_proj,gptq,14336,4096,0,0.0020556109292166574,0.001557128770010812,8.387906386808027,0.01709320980937574,36.66981887817383,28.426105499267578,251.744140625,445.7973937988281,354.08795166015625,374.5572814941406,0.7742778658866882,8.37807559967041,0.092252716422081,"1641,2976,2679,578,3307,3071,1434,1966,835,2023,1030,1428,3510,3070,666,2618",45.63643264770508,,,,,0,154.8052215576172,160.9202423095703,193.6995849609375,207.8824920654297,"1.108,1.108,1.179,0.915,0.916,0.912,0.906,0.917",2271.785400390625,2822.127197265625,"146.9,146.9,3931,2843,2789,2796,2788,2733",140.60202026367188,172.9051055908203,"40.01,40.01,179.5,174.9,172.8,173.1,173.3,171.2","3.474,3.474,16.17,13.94,13.81,13.8,13.79,13.68","3.301,3.301,14.89,14.57,14.43,14.46,14.49,14.29",5078,0.0007965105469338596,3687,0.0005936756497249007,"1434,1030,835,3121,2960,1641,3070,578",0.07077370584011078,0.4116995930671692,0.4627162516117096,"0.234,0.258,0.248,0.288,0.295,0.237,0.299,0.26","21.9,16.4,15.9,14.1,12.9,11.7,9.12,8.96","-0.0109,-0.00735,-0.000668,0.00349,-0.00729,-0.00389,-0.00452,0.0036","-0.00928,-0.00928,0,0,-0.00928,0,-0.00928,0","-0.00746,-0.0063,0,0.00394,-0.00684,-0.00705,-0.00342,0.00351",0.032470703125,0.02783203125,1,0.38977324962615967,0.252027302980423
22,down_proj,gptq,4096,14336,0,0.002003039632524763,0.0015453781400408065,14.577258360752587,0.029959835415149415,43.26372528076172,28.234920501708984,1.0324437618255615,1.9674139022827148,1.6836105585098267,1.3584038019180298,0.23460888862609863,14.564722061157227,0.07838988304138184,"200,3940,14186,5721,5317,5595,9282,13905,10941,9087,8224,6807,12206,8945,2339,11625",35.559844970703125,,,,,0,0.7582620978355408,0.5971873998641968,1.009186863899231,0.8118395805358887,"1.051,1.051,1.400,1.240,1.300,1.263,1.226,1.208",9320.44140625,12507.3603515625,"24.9,24.9,1.202e+04,1.165e+04,1.371e+04,1.288e+04,1.262e+04,1.163e+04",15.181252479553223,20.011646270751953,"1.029,1.029,18.58,19.71,20.6,20.32,20.4,19.77","0.04703,0.04703,0.9846,0.9859,1.051,1.017,1.013,0.9768","0.04586,0.04586,0.832,0.8855,0.9222,0.9049,0.9151,0.8889",3901,0.0027350124437361956,3901,0.002199730835855007,"11247,5000,567,8147,12325,819,2435,184",0.10252237319946289,0.319610595703125,0.3236083984375,"0.182,0.186,0.177,0.187,0.18,0.185,0.183,0.185","2.63,2.13,1.85,1.68,1.35,1.3,1.17,1.17","-0.00958,4.2e-05,-0.00253,0.00107,0.000301,-0.00261,-0.00739,-0.000132","-0.00859,0.00356,0,0.00353,0.00332,-0.00477,-0.01,0","-0.00848,0,-0.00331,0,0,-0.00298,-0.00738,0",0.0947265625,0.08913256227970123,1,0.05499031022191048,0.04325460270047188
23,q_proj,gptq,4096,4096,0,0.002039492130279541,0.0014598369598388672,6.420574095682241,0.031602233352422154,18.478958129882812,12.613897323608398,98.17875671386719,222.36660766601562,161.3025665283203,182.80007934570312,0.6406624913215637,6.4024882316589355,0.22182661294937134,"155,1528,188,2043,1642,1935,2960,678,2078,1437,3031,1504,980,1357,2388,213",98.66362762451172,,,,,0,72.26337432861328,80.1396255493164,85.36862182617188,101.91588592529297,"1.357,1.357,1.299,0.811,0.811,0.783,0.791,0.800",2110.2177734375,2641.598388671875,"182.9,182.9,3498,2642,2604,2621,2598,2552",148.69268798828125,176.46705627441406,"70.14,70.14,161.1,179.2,177.9,178,177.3,175.8","5.358,5.358,10.47,9.188,9.151,8.997,9.029,8.973","4.599,4.599,9.182,10.2,10.16,10.17,10.15,10.03",824,0.015200302936136723,1204,0.007853220216929913,"213,2960,1437,1434,1528,2078,3121,155",0.35116899013519287,0.381805419921875,0.379302978515625,"0.264,0.235,0.289,0.244,0.229,0.216,0.224,0.299","44.2,28.6,28.4,25,19.9,19.5,18.6,17.9","-0.00102,-0.0132,0.00473,-0.0292,0.0203,0.0157,0.008,-0.0275","0,-0.0187,0,-0.0374,0.0187,0.0187,0.0187,-0.0187","0,-0.0116,0.00834,-0.025,0.0167,0.0187,0.00848,-0.0236",0.0654296875,0.05958252400159836,1,1.1282124519348145,0.8670541644096375
23,k_proj,gptq,1024,4096,0,0.0020742416381835938,0.0014646053314208984,2.8489356751088053,0.0389961286229015,7.194388389587402,4.900921821594238,39.52301025390625,91.74539184570312,68.123046875,74.11187744140625,0.6406624913215637,2.8412017822265625,0.26290208101272583,"155,1528,188,1935,2960,2043,678,1642,2078,3031,1437,1504,980,3921,1357,2388",98.66362762451172,,,,,0,30.20707893371582,32.76846694946289,36.12005615234375,41.094879150390625,"1.467,1.467,1.241,0.836,0.827,0.800,0.840,0.834",2110.2177734375,2641.598388671875,"182.9,182.9,3498,2642,2604,2621,2598,2552",148.69268798828125,176.46705627441406,"70.14,70.14,161.1,179.2,177.9,178,177.3,175.8","3.567,3.567,6.397,6.092,5.96,5.8,5.922,5.827","2.945,2.945,5.742,6.661,6.554,6.484,6.46,6.381",436,0.012121337465941906,565,0.020346304401755333,"213,2960,1437,1434,1528,2078,3121,155",0.4492146372795105,0.33837890625,0.28515625,"0.251,0.19,0.218,0.201,0.223,0.169,0.168,0.222","44.2,28.6,28.4,25,19.9,19.5,18.6,17.9","-0.00598,-0.0116,0.00842,0.000786,0.00861,0.00662,0.00479,0.00446","0,-0.0106,0.0106,0,0.0106,0.0106,0.0106,0","-0.00572,-0.01,0.00977,0,0.00977,0.00767,0.00722,0.00572",0.037109375,0.0318080373108387,6,0.6561505198478699,0.1932297945022583
23,v_proj,gptq,1024,4096,0,0.0020394325256347656,0.0014710426330566406,1.1686613010996325,0.024999775437243507,3.9112701416015625,2.799849033355713,19.895641326904297,43.426849365234375,29.596981048583984,36.88542938232422,0.6406624913215637,1.163954734802246,0.12436685711145401,"155,1528,2043,188,2960,1935,980,1642,1357,3031,2078,3921,1437,3627,1010,1504",98.66362762451172,,,,,0,12.73818588256836,15.85765552520752,16.264047622680664,20.89647102355957,"0.966,0.966,1.188,0.752,0.724,0.735,0.739,0.745",2110.2177734375,2641.598388671875,"182.9,182.9,3498,2642,2604,2621,2598,2552",148.69268798828125,176.46705627441406,"70.14,70.14,161.1,179.2,177.9,178,177.3,175.8","0.9239,0.9239,4.532,4.103,3.978,3.962,3.977,3.937","0.94,0.94,4.157,4.732,4.675,4.621,4.625,4.562",1006,0.008692045696079731,452,0.012563491240143776,"213,2960,1437,1434,1528,2078,3121,155",0.19011250138282776,0.6156005859375,0.7088623046875,"0.0369,0.0539,0.0362,0.0501,0.0334,0.0497,0.0741,0.0478","44.2,28.6,28.4,25,19.9,19.5,18.6,17.9","0.00215,0.00029,0.00175,-0.000935,-3.62e-05,0.000885,0.00412,-0.00156","0,0,0.00412,0,0,0,0.00412,0","0.00228,0,0.0023,0,0,0,0.00377,-0.00228",0.014404296875,0.012346540577709675,2,0.37084707617759705,0.07316786795854568
23,o_proj,gptq,4096,4096,0,0.0021275877952575684,0.001532435417175293,4.647514853086477,0.030552617571470982,13.807029724121094,8.620208740234375,0.1494685560464859,0.3719533085823059,0.1238492801785469,0.1682981550693512,0.6140238046646118,4.640762805938721,0.03817443177103996,"2676,2804,568,824,952,2932,3060,696,3477,3065,3093,3349,464,2681,3221,208",19.66126823425293,,,,,0,0.03353295102715492,0.048233356326818466,0.07907652854919434,0.11198125034570694,"0.105,0.105,0.635,0.898,0.695,0.679,0.704,0.761",776.4402465820312,1783.1812744140625,"18.39,18.39,432.1,1212,878.8,839.8,1099,1713",4.4438323974609375,6.9011101722717285,"2.566,2.566,3.144,4.774,5.076,5.078,5.504,6.842","0.0373,0.0373,0.1162,0.2148,0.2011,0.196,0.2194,0.2809","0.1152,0.1152,0.1457,0.2267,0.2412,0.2379,0.2614,0.3219",2070,0.0021388716995716095,2070,0.0018465474713593721,"3349,3477,2676,3092,2932,2804,3220,3305",0.08757565170526505,0.36279296875,0.368377685546875,"0.128,0.146,0.156,0.182,0.157,0.147,0.189,0.195","0.781,0.663,0.44,0.407,0.362,0.357,0.332,0.303","0.0271,0.0145,-0.0119,-0.00011,-0.00861,-0.0144,-0.00558,0.0109","0.0322,0.0107,-0.0107,0,-0.0107,-0.0107,-0.0078,0.0169","0.0232,0.0124,-0.0125,0,-0.0113,-0.0165,-0.00875,0.00875",0.087890625,0.07766098529100418,1,0.00929884985089302,0.010364132933318615
23,gate_proj,gptq,14336,4096,0,0.0020434515816824777,0.0014933347702026367,12.321185918910487,0.018088601312985585,51.59528732299805,39.51929473876953,386.8026123046875,686.2703247070312,556.5182495117188,570.2171630859375,0.7797860503196716,12.290597915649414,0.1224135234951973,"1641,2976,2679,578,3307,1434,2023,3071,1966,1428,1030,666,835,3121,3070,3510",39.0346794128418,,,,,0,243.49798583984375,242.13522338867188,305.5983581542969,318.9120788574219,"1.519,1.519,1.248,0.941,0.956,0.949,0.939,0.938",2246.37353515625,2836.09521484375,"152.2,152.2,3730,2833,2788,2804,2779,2733",146.26263427734375,180.6710968017578,"43.19,43.19,182.9,182.2,179.7,180.1,180.3,178.6","5.281,5.281,19.98,17.41,17.33,17.33,17.24,17.09","4.285,4.285,17.88,17.94,17.73,17.79,17.79,17.64",9384,0.0008256870787590742,13636,0.0011565613094717264,"1434,1030,835,3121,1641,2960,578,3070",0.09581352025270462,0.323765367269516,0.3069022297859192,"0.522,0.481,0.548,0.442,0.536,0.406,0.51,0.445","22.6,15.7,14.9,14.9,12.6,12.3,10.2,9.99","-0.00412,0.00958,-0.00507,0.00167,0.00238,-0.00337,0.00153,0.0043","-0.00361,0.0108,-0.00361,0,0.00361,-0.00361,0,0.00361","-0.00328,0.00868,-0.00499,0,0.0034,-0.00303,0.00274,0.00303",0.01495361328125,0.01582660898566246,1,0.4979549050331116,0.18843236565589905
23,up_proj,gptq,14336,4096,0,0.0020429747445242746,0.0015448331832885742,8.231658662727568,0.016795025224154114,36.419612884521484,28.309234619140625,276.04644775390625,484.49871826171875,387.2208251953125,404.0584716796875,0.7797860503196716,8.224798202514648,0.09085917472839355,"2976,1641,2679,578,3307,2023,1434,3071,1966,1428,1030,666,835,3121,3070,3510",39.0346794128418,,,,,0,168.71670532226562,171.9410858154297,213.1061553955078,226.41395568847656,"1.079,1.079,1.245,0.924,0.933,0.931,0.920,0.923",2246.37353515625,2836.09521484375,"152.2,152.2,3730,2833,2788,2804,2779,2733",146.26263427734375,180.6710968017578,"43.19,43.19,182.9,182.2,179.7,180.1,180.3,178.6","3.743,3.743,16.75,14.55,14.44,14.48,14.39,14.29","3.604,3.604,15.01,15.13,14.95,15.01,15,14.88",12403,0.0005576563416980207,7096,0.0007669394253753126,"1434,1030,835,3121,1641,2960,578,3070",0.0687531903386116,0.4097813367843628,0.4578334391117096,"0.236,0.263,0.253,0.284,0.242,0.3,0.258,0.296","22.6,15.7,14.9,14.9,12.6,12.3,10.2,9.99","0.000111,0.000771,0.00439,0.00293,0.000706,-0.00267,-0.0015,-0.00229","0,0,0.00691,0,0,0,0,0","0,0,0.00446,0.00218,0,-0.00187,0,-0.00187",0.024169921875,0.0207170769572258,1,0.34100595116615295,0.21455655992031097
23,down_proj,gptq,4096,14336,0,0.00199976989201137,0.0015504871095929826,14.621926178422429,0.02998171660276363,43.220943450927734,28.126705169677734,1.147376298904419,2.1426444053649902,1.8167839050292969,1.4803041219711304,0.27136582136154175,14.614118576049805,0.0805334746837616,"14120,6433,9929,13778,4110,558,7851,11136,11041,11344,7686,2460,7605,10878,10106,349",61.076927185058594,,,,,0,0.7936916351318359,0.6244277954101562,1.076786756515503,0.8862082362174988,"0.918,0.918,1.438,1.231,1.286,1.256,1.219,1.221",8802.1640625,11951.685546875,"25.15,25.15,1.144e+04,1.049e+04,1.302e+04,1.311e+04,1.155e+04,1.076e+04",15.591304779052734,20.873903274536133,"1.105,1.105,19,20.08,21.28,21.48,20.57,20.11","0.04705,0.04705,1.017,0.985,1.071,1.08,1.018,0.995","0.0491,0.0491,0.8481,0.888,0.9447,0.9636,0.9224,0.9006",3901,0.003753592958673835,3901,0.004295506980270147,"12663,12230,7352,13418,12865,6689,14120,10499",0.08877097815275192,0.385223388671875,0.389617919921875,"0.192,0.183,0.19,0.178,0.172,0.184,0.221,0.18","2.24,1.97,1.9,1.66,1.41,1.37,1.32,1.31","-0.00275,-0.000284,0.00166,0.0417,0.00226,0.00461,-0.145,8.01e-05","0,0,0,0.0477,0.00612,0.0047,-0.124,0","0,0,0,0.0358,0.00298,0.00523,-0.124,0",0.14453125,0.1238839328289032,1,0.06563834846019745,0.061915814876556396
24,q_proj,gptq,4096,4096,0,0.002053380012512207,0.001474142074584961,6.035861615757312,0.03013291279123164,17.92646026611328,12.367098808288574,114.4613037109375,242.8597869873047,187.236572265625,199.88265991210938,0.6389549970626831,6.0362019538879395,0.2382201850414276,"155,188,1528,1642,1935,2043,678,1437,1504,3031,2960,2083,213,3072,980,1357",109.09848022460938,,,,,0,82.66429138183594,87.1925277709961,99.2137451171875,111.430419921875,"1.614,1.614,1.291,0.851,0.852,0.826,0.846,0.847",2114.789306640625,2655.33447265625,"177.5,177.5,3507,2651,2624,2640,2596,2545",156.69007873535156,187.06802368164062,"69.4,69.4,175.2,190.3,187.9,188,187.3,186","5.586,5.586,11.07,9.923,9.828,9.649,9.727,9.671","4.398,4.398,9.744,10.75,10.65,10.62,10.57,10.51",363,0.01589621976017952,116,0.005111755337566137,"213,1437,2960,1434,1528,155,3121,1113",0.3259674608707428,0.388519287109375,0.361175537109375,"0.246,0.288,0.241,0.248,0.224,0.309,0.224,0.243","47.7,30.5,26.1,23.5,19.7,18.5,18.1,17","-0.00011,0.00197,-0.00644,-0.00354,0.0103,-0.0194,0.00138,-0.000683","0,0,0,-0.0164,0.0164,-0.0164,0,0","0,0.00321,-0.00759,-0.00321,0.00963,-0.0166,0,0",0.057373046875,0.0655691996216774,1,1.2391506433486938,0.33304551243782043
24,k_proj,gptq,1024,4096,0,0.002001047134399414,0.0014300346374511719,2.811633867902856,0.03985337976545004,7.051371097564697,4.846740245819092,47.083892822265625,103.97022247314453,81.40185546875,85.69829559326172,0.6389549970626831,2.8061554431915283,0.3006899952888489,"155,1528,188,1935,2043,1642,213,2960,1504,3031,1437,1357,678,2083,980,2388",109.09848022460938,,,,,0,36.088809967041016,37.511016845703125,42.628604888916016,47.89230728149414,"1.596,1.596,1.449,0.848,0.874,0.824,0.832,0.816",2114.789306640625,2655.33447265625,"177.5,177.5,3507,2651,2624,2640,2596,2545",156.69007873535156,187.06802368164062,"69.4,69.4,175.2,190.3,187.9,188,187.3,186","3.823,3.823,7.406,6.487,6.549,6.299,6.369,6.279","3.026,3.026,6.151,7.044,7.005,6.939,6.983,6.953",252,0.01644008420407772,506,0.028826015070080757,"213,1437,2960,1434,1528,155,3121,1113",0.4143894910812378,0.318603515625,0.25439453125,"0.278,0.231,0.21,0.205,0.236,0.209,0.181,0.19","47.7,30.5,26.1,23.5,19.7,18.5,18.1,17","0.00781,0.00693,0.00983,-0.00714,-0.000904,0.0111,0.00583,0.00531","0,0,0,0,0,0.0187,0,0","0.009,0.00694,0.0082,-0.00694,0,0.009,0.00722,0.00565",0.0654296875,0.0560825914144516,1,0.8396868705749512,0.24045434594154358
24,v_proj,gptq,1024,4096,0,0.002069711685180664,0.0015044212341308594,1.0374884212824327,0.021882285905645237,3.792919635772705,2.7992560863494873,22.909770965576172,48.608272552490234,33.32610321044922,40.117279052734375,0.6389549970626831,1.0332953929901123,0.11549858748912811,"155,188,2043,1528,1642,2960,980,1357,3031,1437,3627,1010,1935,2083,3072,213",109.09848022460938,,,,,0,14.232664108276367,17.031658172607422,18.4130802154541,22.735599517822266,"1.020,1.020,1.097,0.777,0.798,0.801,0.786,0.764",2114.789306640625,2655.33447265625,"177.5,177.5,3507,2651,2624,2640,2596,2545",156.69007873535156,187.06802368164062,"69.4,69.4,175.2,190.3,187.9,188,187.3,186","0.9374,0.9374,4.781,4.254,4.206,4.251,4.24,4.173","0.9281,0.9281,4.565,4.826,4.708,4.751,4.783,4.774",590,0.005266021937131882,699,0.006345770787447691,"213,1437,2960,1434,1528,155,3121,1113",0.15399472415447235,0.600341796875,0.707763671875,"0.0323,0.0342,0.0477,0.0732,0.0286,0.0445,0.0734,0.0771","47.7,30.5,26.1,23.5,19.7,18.5,18.1,17","0.00101,0.00132,-0.00112,-0.000511,-0.000275,-7e-06,0.00262,0.00345","0,0,0,0,0,0,0.00258,0.00258","0,0.00251,0,0,0,0,0.00227,0.00281",0.0140380859375,0.01506193820387125,1,0.30523252487182617,0.12519624829292297
24,o_proj,gptq,4096,4096,0,0.0021118521690368652,0.0015404224395751953,4.349465829843211,0.028249224128049817,13.499043464660645,8.720730781555176,0.13913720846176147,0.29782038927078247,0.12473869323730469,0.1320471167564392,0.403877854347229,4.345281600952148,0.039792805910110474,"229,485,357,398,101,14,142,270,416,358,1814,1686,230,102,160,3993",28.656661987304688,,,,,0,0.038559701293706894,0.041433755308389664,0.07388915866613388,0.08060473948717117,"0.115,0.115,1.140,0.977,0.852,0.845,0.874,0.902",1396.061279296875,2032.6953125,"11.45,11.45,5218,1448,938,832.6,1329,1380",3.9837818145751953,5.8456315994262695,"1.461,1.461,5.94,4.512,3.989,4.109,5.293,5.104","0.02293,0.02293,0.3031,0.2076,0.1728,0.1833,0.2355,0.2314","0.06749,0.06749,0.2839,0.21,0.1873,0.1994,0.2519,0.2437",774,0.001999832456931472,1010,0.0026617974508553743,"1736,2897,1740,1744,1558,1686,1721,1753",0.055902570486068726,0.3260498046875,0.328643798828125,"0.188,0.19,0.188,0.192,0.16,0.162,0.193,0.194","0.281,0.273,0.264,0.24,0.234,0.232,0.232,0.219","-0.00191,9.01e-05,-0.000526,0.00111,-0.000813,0.000479,0.000809,0.00204","-0.00176,0,0,0.00208,0,0,0,0.0021","-0.00221,0,0,0.0011,-0.00106,0,0.0011,0.00221",0.0380859375,0.0326450914144516,5,0.0077284593135118484,0.004194673150777817
24,gate_proj,gptq,14336,4096,0,0.002038989748273577,0.001478569848196847,12.149643887183629,0.017553582355429385,51.99910354614258,40.1273307800293,434.51611328125,764.9192504882812,621.86328125,637.1299438476562,0.7951105237007141,12.131213188171387,0.12214168161153793,"2976,1641,2679,578,2023,1434,3307,1428,1966,3071,666,1030,835,3121,2410,3482",39.313819885253906,,,,,0,271.1387023925781,272.47454833984375,341.50006103515625,355.21844482421875,"1.511,1.511,1.213,0.937,0.949,0.949,0.935,0.925",2242.513671875,2835.097900390625,"147.4,147.4,3748,2814,2792,2811,2763,2717",153.14263916015625,189.48062133789062,"42.58,42.58,195.3,191.1,188.6,189,188.6,187.3","5.203,5.203,21.22,18.33,18.37,18.36,18.17,17.99","4.233,4.233,19.27,18.93,18.86,18.84,18.79,18.71",9828,0.0009700506925582886,1456,0.0008035101927816868,"1434,1030,3121,835,1641,2960,53,578",0.09372417628765106,0.3233293890953064,0.307407945394516,"0.522,0.488,0.453,0.547,0.533,0.407,0.417,0.518","24.9,16.5,15.8,14.5,13.2,12.5,12.2,10.1","-0.00369,0.00129,0.00485,-0.00127,-0.00227,-0.00742,-0.00549,0.00123","0,0,0,0,0,-0.0097,0,0","-0.00663,0,0.00593,0,0,-0.00882,0,0",0.05078125,0.05894552171230316,1,0.5721396207809448,0.40927910804748535
24,up_proj,gptq,14336,4096,0,0.002045001302446638,0.0015534843717302596,7.999621269947966,0.016390561185804228,36.08726501464844,28.198986053466797,304.7352294921875,531.7463989257812,426.0845947265625,443.9569091796875,0.7951105237007141,7.98604679107666,0.09155663102865219,"2976,1641,2679,578,1434,2023,3307,1428,1966,3071,666,1030,3121,835,2410,3482",39.313819885253906,,,,,0,185.59141540527344,189.18292236328125,234.76734924316406,247.90469360351562,"1.058,1.058,1.197,0.932,0.949,0.939,0.927,0.925",2242.513671875,2835.097900390625,"147.4,147.4,3748,2814,2792,2811,2763,2717",153.14263916015625,189.48062133789062,"42.58,42.58,195.3,191.1,188.6,189,188.6,187.3","3.64,3.64,17.57,15.3,15.25,15.21,15.08,14.98","3.538,3.538,16.06,15.85,15.65,15.69,15.67,15.58",6957,0.0009968045633286238,6399,0.0008892049081623554,"1434,1030,3121,835,1641,2960,53,578",0.06605403125286102,0.4172450602054596,0.4692557454109192,"0.239,0.253,0.291,0.252,0.244,0.296,0.306,0.247","24.9,16.5,15.8,14.5,13.2,12.5,12.2,10.1","0.00185,-0.00629,-0.00203,-0.00549,-0.00356,-0.000694,0.00203,-0.00638","0,-0.00991,0,0,0,0,0,-0.00991","0.00195,-0.00509,-0.00211,-0.0062,0,0,0.00235,-0.00568",0.03466796875,0.0297154039144516,1,0.48135462403297424,0.12829959392547607
24,down_proj,gptq,4096,14336,0,0.0019975900650024414,0.0015464510236467635,14.693583598513868,0.03018716767494057,43.175498962402344,27.98868751525879,1.2474164962768555,2.333284378051758,1.8759944438934326,1.5418009757995605,0.20822831988334656,14.694880485534668,0.08424067497253418,"942,9065,386,2948,2222,8783,4849,12173,6285,5969,806,4920,6665,4492,14041,2628",72.60005187988281,,,,,0,0.8180022239685059,0.6563882827758789,1.1081141233444214,0.9189800024032593,"0.891,0.891,1.413,1.200,1.249,1.266,1.192,1.195",8382.7646484375,11287.0234375,"30.68,30.68,1.029e+04,1.017e+04,1.199e+04,1.266e+04,1.143e+04,1.046e+04",16.031198501586914,21.369340896606445,"1.385,1.385,19.12,20.81,21.36,21.8,21.77,20.62","0.05963,0.05963,0.996,1.012,1.065,1.104,1.061,1.021","0.06317,0.06317,0.838,0.9239,0.9526,0.9811,0.972,0.9341",3901,0.002118188189342618,3901,0.0038463054224848747,"686,10382,8384,8340,5487,10763,6391,10719",0.07105988264083862,0.344635009765625,0.347137451171875,"0.178,0.177,0.184,0.157,0.183,0.142,0.196,0.183","2.14,1.67,1.54,1.42,1.39,1.32,1.32,1.3","0.00824,-0.00122,0.00261,0.041,0.00137,5.33e-06,-0.00203,-0.00546","0.00553,0,0.00668,0.043,0,0,-0.00328,-0.00571","0.00694,0,0,0.0352,0,0,0,-0.00434",0.150390625,0.1718750149011612,1,0.04899708926677704,0.05907883495092392
25,q_proj,gptq,4096,4096,0,0.0020517706871032715,0.0014767050743103027,5.484502663408421,0.028752726147276395,16.764972686767578,11.763405799865723,113.93181610107422,240.5087432861328,183.63058471679688,199.6348419189453,0.6386778950691223,5.475174903869629,0.24110227823257446,"155,2043,188,1528,1642,2960,1437,1935,3031,678,213,3627,1504,3072,2083,3533",105.2073745727539,,,,,0,82.12952423095703,88.14815521240234,96.25505828857422,110.6897964477539,"1.489,1.489,1.281,0.830,0.841,0.808,0.838,0.829",2098.06494140625,2638.895751953125,"179.9,179.9,3494,2601,2614,2631,2571,2514",161.6982421875,191.8260498046875,"73.88,73.88,179.9,195.6,193.7,193.2,192.3,191.1","5.699,5.699,11.12,9.837,9.804,9.548,9.64,9.56","4.671,4.671,9.829,10.8,10.69,10.62,10.53,10.5",2807,0.0052411905489861965,2365,0.0066373711451888084,"213,1437,2960,1434,1528,155,3121,2078",0.33115845918655396,0.38201904296875,0.36016845703125,"0.243,0.267,0.229,0.25,0.22,0.303,0.229,0.232","51.5,34.1,27.9,27,19.4,19.3,18.6,17.7","-0.00458,0.00227,-0.0123,-0.015,0.0254,-0.0239,0.0127,0.0192","0,0,-0.0142,-0.0142,0.0283,-0.0283,0.0142,0.0142","-0.00684,0,-0.0141,-0.0145,0.0218,-0.0205,0.0109,0.0142",0.05322265625,0.04857392609119415,1,0.7097680568695068,0.19600005447864532
25,k_proj,gptq,1024,4096,0,0.002071857452392578,0.0014276504516601562,2.413839648121211,0.03698285723419605,6.276020050048828,4.452785491943359,44.443115234375,100.55473327636719,74.68513488769531,81.23062896728516,0.6386778950691223,2.410233497619629,0.3055776059627533,"155,2043,188,1528,1935,1642,2960,1437,213,678,3031,1504,3627,3072,3533,2083",105.2073745727539,,,,,0,32.98111343383789,35.45342254638672,38.705970764160156,45.71298599243164,"1.758,1.758,1.296,0.830,0.823,0.781,0.815,0.795",2098.06494140625,2638.895751953125,"179.9,179.9,3494,2601,2614,2631,2571,2514",161.6982421875,191.8260498046875,"73.88,73.88,179.9,195.6,193.7,193.2,192.3,191.1","3.871,3.871,6.969,6.224,6.158,5.998,6.077,5.981","2.919,2.919,6.122,6.83,6.788,6.787,6.732,6.708",299,0.011256419122219086,695,0.012699216604232788,"213,1437,2960,1434,1528,155,3121,2078",0.501984179019928,0.323974609375,0.2552490234375,"0.253,0.215,0.187,0.192,0.244,0.202,0.185,0.173","51.5,34.1,27.9,27,19.4,19.3,18.6,17.7","0.0364,-0.0148,-0.0025,0.0138,-0.0254,0.00589,-0.00476,-0.00233","0.0312,-0.0104,0,0.0104,-0.0208,0.0104,-0.0104,0","0.0312,-0.0145,-0.00417,0.0145,-0.0218,0.0104,-0.00317,0",0.036376953125,0.0415736623108387,1,0.6533099412918091,0.1850123405456543
25,v_proj,gptq,1024,4096,0,0.0020279884338378906,0.0014667510986328125,1.1023474954101857,0.021863752241753003,4.059233665466309,3.034294605255127,26.310245513916016,54.6280517578125,38.06443786621094,44.6195068359375,0.6386778950691223,1.1002355813980103,0.12985233962535858,"155,2043,188,2960,3031,1528,1642,1437,3627,980,1357,3072,3662,3830,1973,2083",105.2073745727539,,,,,0,16.108230590820312,18.93178367614746,21.00371742248535,25.23314666748047,"1.066,1.066,1.141,0.793,0.789,0.820,0.785,0.789",2098.06494140625,2638.895751953125,"179.9,179.9,3494,2601,2614,2631,2571,2514",161.6982421875,191.8260498046875,"73.88,73.88,179.9,195.6,193.7,193.2,192.3,191.1","1.016,1.016,5.113,4.568,4.469,4.503,4.457,4.437","0.984,0.984,4.787,5.129,5.03,4.973,5.03,4.996",718,0.0064361318945884705,716,0.007450868841260672,"213,1437,2960,1434,1528,155,3121,2078",0.16026927530765533,0.6441650390625,0.7364501953125,"0.0296,0.0332,0.0475,0.0607,0.0292,0.0494,0.0712,0.0534","51.5,34.1,27.9,27,19.4,19.3,18.6,17.7","0.000132,2.43e-05,-0.00144,0.00278,-0.00028,0.00143,-0.00178,-0.000185","0,0,-0.00176,0.00176,0,0.00176,-0.00176,0","0,0,0,0.00286,0,0,0,0",0.01470947265625,0.01609182171523571,1,0.3584877550601959,0.14830860495567322
25,o_proj,gptq,4096,4096,0,0.002093672752380371,0.0015382766723632812,4.893930113894385,0.029936784036724257,14.700225830078125,9.29223918914795,0.14589250087738037,0.30834606289863586,0.16375789046287537,0.17546194791793823,0.7944682240486145,4.886812210083008,0.05983343347907066,"2162,2418,2546,2290,3776,1847,3056,1591,1975,1932,2672,2800,1719,1804,2928,1676",46.52646255493164,,,,,0,0.04198548197746277,0.04712273180484772,0.0885239765048027,0.10150612145662308,"0.042,0.042,1.283,1.008,0.962,0.871,0.855,0.865",1186.8577880859375,2083.5224609375,"13.07,13.07,2621,1285,1879,1101,1169,1414",4.336056232452393,6.200268745422363,"2.556,2.556,5.24,4.473,4.837,4.732,4.966,5.327","0.02639,0.02639,0.2806,0.2099,0.2339,0.216,0.2234,0.2458","0.129,0.129,0.2477,0.2091,0.2384,0.2313,0.2417,0.2643",3048,0.002244599862024188,3901,0.017152903601527214,"2418,2162,2546,750,2928,659,2672,2800",0.10590944439172745,0.503265380859375,0.516082763671875,"0.0745,0.0725,0.0883,0.193,0.138,0.196,0.311,0.163","0.756,0.75,0.627,0.568,0.56,0.454,0.392,0.392","-0.00126,-0.000185,0.000553,-0.00684,0.0031,0.0047,0.00378,-0.0013","-0.00208,0,0,-0.00812,0.00417,0.00641,0.00417,-0.00208","0,0,0,-0.00565,0.00222,0.00565,0.00471,0",0.01171875,0.013631218113005161,1,0.011080938391387463,0.002581084379926324
25,gate_proj,gptq,14336,4096,0,0.0020371675491333008,0.0014923640659877232,11.878566145685909,0.0171913152797081,51.71046447753906,40.193477630615234,468.0848693847656,815.2513427734375,656.4757690429688,676.265625,0.7955646514892578,11.856325149536133,0.11874531209468842,"1641,2023,2976,2679,3307,1428,578,1434,1966,3071,666,3121,1030,835,3482,3510",37.60187530517578,,,,,0,286.0321960449219,287.7058410644531,360.1705627441406,377.0077819824219,"1.477,1.477,1.169,0.925,0.975,0.958,0.945,0.927",2197.714111328125,2778.5458984375,"150.9,150.9,3666,2732,2759,2775,2708,2640",157.51022338867188,194.62437438964844,"44.37,44.37,201.9,196.2,193.9,194,193.5,191.9","5.379,5.379,21.72,18.71,18.94,18.92,18.74,18.45","4.426,4.426,20.09,19.46,19.18,19.33,19.28,19.16",13986,0.0015269207069650292,1197,0.0010088770650327206,"1434,3121,1030,53,835,2960,1641,91",0.0923018679022789,0.3359549641609192,0.3216465711593628,"0.522,0.457,0.479,0.429,0.548,0.414,0.52,0.435","24.2,17,16,13.9,13.3,13.1,12.3,9.52","-0.00818,0.00577,0.0072,-0.00331,-0.0024,-0.0111,0.0022,-0.00177","-0.00841,0.00841,0.00841,-0.00841,0,-0.00841,0,0","-0.009,0,0.00628,0,0,-0.00889,0,0",0.04638671875,0.040030475705862045,4,0.7401735186576843,0.3736084997653961
25,up_proj,gptq,14336,4096,0,0.002054180417742048,0.0015482902526855469,7.871035681986541,0.01595407338342328,36.24470520019531,28.53154182434082,331.5291748046875,572.032470703125,453.892578125,477.51873779296875,0.7955646514892578,7.8592424392700195,0.08789145201444626,"2023,1641,2976,2679,1428,3307,578,1434,1966,666,3071,3121,1030,835,3482,3510",37.60187530517578,,,,,0,197.15972900390625,203.3884735107422,249.5382843017578,266.70867919921875,"1.073,1.073,1.153,0.920,0.941,0.939,0.923,0.916",2197.714111328125,2778.5458984375,"150.9,150.9,3666,2732,2759,2775,2708,2640",157.51022338867188,194.62437438964844,"44.37,44.37,201.9,196.2,193.9,194,193.5,191.9","3.844,3.844,18.05,15.71,15.73,15.76,15.57,15.39","3.711,3.711,16.81,16.38,16.22,16.26,16.21,16.08",1197,0.0009465523762628436,9085,0.0006659445934928954,"1434,3121,1030,53,835,2960,1641,91",0.06698273122310638,0.3981846570968628,0.4549211859703064,"0.238,0.286,0.26,0.3,0.252,0.292,0.254,0.317","24.2,17,16,13.9,13.3,13.1,12.3,9.52","-0.0146,0.0254,0.00294,0.00946,-0.00626,-0.00298,0.00565,0.00238","-0.0116,0.0232,0,0.0116,0,0,0.0116,0","-0.0125,0.0218,0.00429,0.00811,-0.00715,-0.00453,0.0067,0.0027",0.04052734375,0.0463169664144516,1,0.4840995669364929,0.3162589967250824
25,down_proj,gptq,4096,14336,0,0.002000246729169573,0.001545139721461705,15.18439780333501,0.030799415956523087,44.05547332763672,28.376556396484375,1.403731346130371,2.5767812728881836,1.9953358173370361,1.6494855880737305,0.36758100986480713,15.181556701660156,0.09236159920692444,"12533,2347,7370,13757,6332,9626,3655,270,8746,6360,5724,9279,10805,13986,10564,3553",38.212730407714844,,,,,0,0.8218867778778076,0.6563153862953186,1.2003426551818848,1.0151547193527222,"0.964,0.964,1.371,1.244,1.293,1.265,1.228,1.140",7537.55517578125,10814.9853515625,"30.55,30.55,8570,9528,1.175e+04,1.128e+04,1.02e+04,8913",15.89296817779541,22.310049057006836,"1.37,1.37,18.35,20.08,21.9,21.87,21.15,21.06","0.05979,0.05979,0.9569,1.014,1.124,1.11,1.054,1.01","0.06089,0.06089,0.8171,0.9086,0.9882,0.987,0.9509,0.9461",3901,0.001585081103257835,3901,0.003048754995688796,"12701,3301,4651,13679,11440,8125,8742,7103",0.07064088433980942,0.333099365234375,0.3321533203125,"0.179,0.186,0.165,0.178,0.179,0.172,0.187,0.183","1.64,1.62,1.51,1.44,1.44,1.42,1.39,1.37","0.00583,0.00276,0.0228,0.00433,-0.00261,-0.00781,0.00179,-0.00436","0.00964,0.00316,0.0197,0.00526,-0.00417,-0.0109,0,-0.00428","0.00645,0,0.0196,0.00344,-0.0033,-0.009,0,-0.00841",0.1015625,0.1160714328289032,1,0.0447322279214859,0.05456477403640747
26,q_proj,gptq,4096,4096,0,0.0020366311073303223,0.0014955997467041016,5.615119514589512,0.03022976094655082,16.608230590820312,11.514848709106445,107.21348571777344,228.3563232421875,172.25799560546875,189.9351806640625,0.6617436408996582,5.604376792907715,0.23920473456382751,"155,2043,188,1437,1642,3031,1528,3627,980,678,2083,1504,2960,1357,213,3072",88.80399322509766,,,,,0,76.93399810791016,83.81642150878906,89.882568359375,105.08783721923828,"1.528,1.528,1.285,0.831,0.803,0.789,0.809,0.804",2037.5755615234375,2568.935546875,"179.9,179.9,3333,2553,2592,2561,2491,2410",158.1129150390625,187.77542114257812,"72.35,72.35,173.6,191.9,190.1,189.2,188.3,187.1","5.798,5.798,10.68,9.541,9.451,9.219,9.232,9.142","4.691,4.691,9.424,10.47,10.55,10.38,10.26,10.19",2111,0.005850728135555983,1334,0.009361152537167072,"213,1437,1434,2960,3121,53,1528,155",0.40968385338783264,0.381072998046875,0.35174560546875,"0.25,0.269,0.257,0.239,0.235,0.236,0.228,0.336","49.5,33.6,29.7,26.8,20,19.5,18.8,18.6","0.00595,0.00922,0.028,0.0145,-0.0238,-0.0187,-0.0349,0.0214","0,0.0133,0.0265,0.0133,-0.0265,-0.0265,-0.0398,0.0265","0.00746,0.00997,0.0299,0.0166,-0.0272,-0.0151,-0.0399,0.0224",0.04833984375,0.0530133955180645,1,0.7229267358779907,0.4669647216796875
26,k_proj,gptq,1024,4096,0,0.0020530223846435547,0.001455068588256836,2.5268794047966927,0.04149929276396293,6.170419216156006,4.2720184326171875,42.346214294433594,92.81986999511719,71.81918334960938,75.2555160522461,0.6617436408996582,2.518812417984009,0.30405133962631226,"155,2043,188,1437,1642,3627,3031,1528,2960,1504,213,980,2083,678,1935,1357",88.80399322509766,,,,,0,32.26819610595703,33.06435775756836,37.17111587524414,42.30656433105469,"2.117,2.117,1.284,0.900,0.838,0.801,0.832,0.822",2037.5755615234375,2568.935546875,"179.9,179.9,3333,2553,2592,2561,2491,2410",158.1129150390625,187.77542114257812,"72.35,72.35,173.6,191.9,190.1,189.2,188.3,187.1","4.105,4.105,6.799,6.152,6.014,5.888,5.923,5.869","2.821,2.821,6,6.485,6.57,6.579,6.494,6.474",243,0.023124294355511665,190,0.013008530251681805,"213,1437,1434,2960,3121,53,1528,155",0.5704017281532288,0.3173828125,0.2548828125,"0.267,0.223,0.191,0.19,0.162,0.153,0.246,0.219","49.5,33.6,29.7,26.8,20,19.5,18.8,18.6","0.00842,0.00656,0.00525,0.0146,-0.00549,-0.00276,-0.00528,0.00397","0.0149,0,0,0.0149,0,0,0,0","0.0097,0.00562,0.00562,0.0126,-0.00708,0,-0.00562,0",0.052001953125,0.0445731058716774,1,0.9145641326904297,0.22793512046337128
26,v_proj,gptq,1024,4096,0,0.0020227432250976562,0.0014491081237792969,1.3483644189886923,0.025217225763578103,4.512690544128418,3.2889628410339355,27.956315994262695,57.389461517333984,41.30169677734375,47.33549118041992,0.6617436408996582,1.3454290628433228,0.13202588260173798,"2043,155,188,980,3031,3627,2960,1357,1010,3662,1437,3830,3921,3121,1973,2388",88.80399322509766,,,,,0,17.66594696044922,19.747957229614258,22.384960174560547,27.011859893798828,"1.053,1.053,1.326,0.850,0.833,0.812,0.816,0.788",2037.5755615234375,2568.935546875,"179.9,179.9,3333,2553,2592,2561,2491,2410",158.1129150390625,187.77542114257812,"72.35,72.35,173.6,191.9,190.1,189.2,188.3,187.1","0.9878,0.9878,5.463,4.782,4.696,4.67,4.668,4.584","0.9624,0.9624,4.744,5.186,5.147,5.184,5.168,5.164",535,0.007554698269814253,611,0.005282063502818346,"213,1437,1434,2960,3121,53,1528,155",0.1867690086364746,0.662353515625,0.7288818359375,"0.0288,0.0285,0.0573,0.0528,0.077,0.0736,0.0283,0.0434","49.5,33.6,29.7,26.8,20,19.5,18.8,18.6","0.000232,-0.00124,-0.000694,0.000162,-0.000751,0.000534,0.000282,0.000809","0,0,0,0,0,0,0,0","0,0,0,0,0,0,0,0",0.01806640625,0.0182756707072258,1,0.40819039940834045,0.15420734882354736
26,o_proj,gptq,4096,4096,0,0.0020924806594848633,0.0015186071395874023,4.266695243577033,0.02577404875693977,14.262290954589844,9.358713150024414,0.18063510954380035,0.36002182960510254,0.2770968973636627,0.2428036332130432,0.20884233713150024,4.262714862823486,0.03236749768257141,"3808,2726,2982,2598,3499,3936,2854,3680,4064,2947,1960,3115,2515,2563,3049,742",30.38528060913086,,,,,0,0.08567477017641068,0.07356607168912888,0.16120757162570953,0.1446620225906372,"0.111,0.111,1.383,1.265,1.119,1.115,1.141,1.159",2256.807373046875,4130.73974609375,"12.31,12.31,3802,1864,2355,2249,3539,4221",5.204255104064941,7.715739727020264,"1.612,1.612,6.55,4.783,6.323,5.76,7.222,7.774","0.0257,0.0257,0.35,0.2562,0.3251,0.2966,0.3739,0.4031","0.07703,0.07703,0.2976,0.2278,0.3073,0.2809,0.3501,0.3745",2070,0.004072320647537708,2070,0.003583473153412342,"3773,2403,2330,2355,3808,1478,2431,2406",0.11741143465042114,0.3404541015625,0.3109130859375,"0.181,0.185,0.19,0.188,0.195,0.204,0.188,0.187","0.677,0.66,0.583,0.548,0.528,0.523,0.5,0.494","-0.00687,-0.0291,0.016,-0.00739,0.0459,0.00256,-0.00885,0.016","-0.0063,-0.0272,0.0157,-0.00766,0.0515,0,-0.00906,0.0157","-0.0131,-0.0332,0.0166,-0.0083,0.0393,0.00422,-0.0083,0.0166",0.06005859375,0.0514787994325161,3,0.0207431148737669,0.01839689165353775
26,gate_proj,gptq,14336,4096,0,0.0020426511764526367,0.0014996869223458426,11.513477782436894,0.016845793467076705,50.92127227783203,39.80220413208008,485.5970458984375,837.041015625,679.505859375,700.8032836914062,0.7915871143341064,11.494742393493652,0.11766134202480316,"1641,2023,2976,3307,2679,1428,3121,578,1434,1966,3071,1030,666,3501,835,3482",38.181976318359375,,,,,0,296.7203674316406,298.2581481933594,370.8927001953125,390.8338928222656,"1.481,1.481,1.186,0.932,0.974,0.956,0.933,0.915",2186.800048828125,2765.6884765625,"160.8,160.8,3621,2745,2790,2749,2678,2590",161.7461395263672,199.36744689941406,"48.35,48.35,206.8,201,198.5,197.9,197.3,195.9","5.857,5.857,22.2,19.12,19.4,19.17,18.92,18.57","4.813,4.813,20.38,19.81,19.66,19.61,19.59,19.42",4514,0.0009820330888032913,3002,0.0015341134276241064,"1434,3121,53,1030,2960,835,1641,91",0.09208542853593826,0.3471767008304596,0.3355713188648224,"0.521,0.448,0.433,0.474,0.406,0.535,0.514,0.44","24,17.9,15.9,15.5,14.2,12.2,11.5,10.3","-0.026,0.0097,-0.00107,0.00203,-0.00415,0.00366,0.0195,-0.00352","-0.0297,0.00743,0,0,0,0.00743,0.0223,-0.00743","-0.0223,0.00844,0,0.00387,-0.00441,0.00474,0.0167,-0.0045",0.0260009765625,0.0297154039144516,1,0.6079800128936768,0.5063723921775818
26,up_proj,gptq,14336,4096,0,0.0020419529506138395,0.0015516962323869979,7.917515067443674,0.015702943879349472,36.93790054321289,29.228729248046875,355.7416076660156,608.2513427734375,486.57379150390625,511.7258605957031,0.7915871143341064,7.908169269561768,0.08909109979867935,"2023,1641,2976,1428,3307,2679,3121,578,1966,3071,1434,1030,666,3482,3501,835",38.181976318359375,,,,,0,211.75172424316406,218.15985107421875,266.6501770019531,284.9095764160156,"1.095,1.095,1.150,0.917,0.954,0.940,0.922,0.911",2186.800048828125,2765.6884765625,"160.8,160.8,3621,2745,2790,2749,2678,2590",161.7461395263672,199.36744689941406,"48.35,48.35,206.8,201,198.5,197.9,197.3,195.9","4.265,4.265,18.72,16.3,16.42,16.24,16.04,15.83","4.075,4.075,17.46,17.02,16.81,16.76,16.71,16.58",5405,0.0005568293854594231,4688,0.00091988017084077,"1434,3121,53,1030,2960,835,1641,91",0.06508447974920273,0.403355211019516,0.4552089273929596,"0.254,0.297,0.297,0.268,0.297,0.271,0.271,0.316","24,17.9,15.9,15.5,14.2,12.2,11.5,10.3","0.000359,0.00537,-0.00278,-0.00525,-0.000362,0.004,-0.00374,-0.00118","0,0.00513,-0.00256,-0.00513,0,0.00513,-0.00256,-0.00256","0,0.00558,-0.00307,-0.00558,0,0.00485,-0.00249,0",0.01251220703125,0.013555703684687614,1,0.3875398635864258,0.2349342703819275
26,down_proj,gptq,4096,14336,0,0.002000774656023298,0.0015487330300467356,15.416430456115426,0.03052901116469706,44.95909881591797,29.0240478515625,1.579422950744629,2.869720697402954,2.1583786010742188,1.8194944858551025,0.35588544607162476,15.414284706115723,0.0900295227766037,"3370,4933,5183,1567,3688,5068,10720,11937,2995,3002,438,11894,638,13837,6587,5812",61.84002685546875,,,,,0,0.9055587649345398,0.7403169274330139,1.282274603843689,1.0944198369979858,"0.847,0.847,1.368,1.223,1.329,1.217,1.096,1.145",7222.49658203125,10113.2763671875,"34.36,34.36,8594,9236,1.171e+04,1.057e+04,9130,8464",16.750953674316406,22.91450309753418,"1.697,1.697,19.78,21.63,22.73,22.6,22.35,21.52","0.07296,0.07296,1.039,1.076,1.186,1.141,1.092,1.047","0.07928,0.07928,0.8885,0.973,1.029,1.034,1.043,0.9785",2070,0.0032545572612434626,3901,0.003265953855589032,"558,8276,9975,9723,9609,5144,7178,12499",0.08511382341384888,0.315460205078125,0.315673828125,"0.186,0.183,0.185,0.189,0.182,0.188,0.203,0.185","1.65,1.46,1.44,1.43,1.36,1.25,1.2,1.15","-0.000376,-0.005,-0.00427,-1.1e-05,-0.00214,-0.00114,-0.00323,-0.00212","0,-0.00654,-0.00289,-0.00272,-0.00364,0,-0.00302,0","0,-0.00415,-0.00342,0,0,0,-0.00309,-0.00333",0.177734375,0.1523437649011612,1,0.06764013320207596,0.03648291155695915
27,q_proj,gptq,4096,4096,0,0.0020443201065063477,0.0014851093292236328,5.227490225386646,0.027485208119082973,16.521175384521484,11.934720039367676,109.52195739746094,230.45590209960938,176.29652404785156,192.31246948242188,0.6926146745681763,5.2178239822387695,0.21389104425907135,"155,188,2043,1528,3121,2960,1642,980,3921,3627,1437,678,1434,1935,1357,3830",74.87345123291016,,,,,0,80.07530212402344,85.18904876708984,91.08358001708984,105.96326446533203,"1.271,1.271,1.271,0.878,0.874,0.829,0.836,0.816",2087.31201171875,2611.369384765625,"187.3,187.3,3466,2644,2664,2588,2525,2436",159.53265380859375,187.1724853515625,"79.06,79.06,177.8,190.1,189.2,188.2,186.8,186","6.001,6.001,10.86,9.76,9.689,9.413,9.346,9.249","5.322,5.322,9.632,10.42,10.36,10.34,10.22,10.24",3699,0.004862272646278143,884,0.0038920878432691097,"213,1434,1437,2960,3121,53,155,2078",0.3665336072444916,0.385162353515625,0.353607177734375,"0.249,0.235,0.298,0.215,0.197,0.218,0.3,0.206","40.3,33.6,27.1,26.5,24.6,23.4,18.3,16","0.00259,-0.00519,0.0103,-0.00378,0.00674,0.00873,-0.0165,0.0103","0,0,0.0135,0,0,0,-0.0135,0.0135","0.00471,-0.00596,0.00895,-0.00371,0.00555,0.00963,-0.0141,0.0135",0.047119140625,0.04432293027639389,1,0.6756178140640259,0.20163734257221222
27,k_proj,gptq,1024,4096,0,0.002020597457885742,0.001451730728149414,2.03673390156564,0.03059183435711609,5.980046272277832,4.364253044128418,40.218875885009766,89.36537170410156,66.39022827148438,74.62677001953125,0.6926146745681763,2.039655923843384,0.2603417634963989,"155,2043,1528,3121,188,980,2960,1642,3921,1935,1437,3627,1357,678,1434,1504",74.87345123291016,,,,,0,30.05887222290039,32.84294891357422,34.41480255126953,41.56616973876953,"1.534,1.534,1.404,0.811,0.805,0.777,0.791,0.776",2087.31201171875,2611.369384765625,"187.3,187.3,3466,2644,2664,2588,2525,2436",159.53265380859375,187.1724853515625,"79.06,79.06,177.8,190.1,189.2,188.2,186.8,186","3.559,3.559,6.796,5.892,5.962,5.738,5.775,5.694","2.874,2.874,5.736,6.544,6.647,6.509,6.493,6.465",956,0.008752821944653988,1023,0.011989687569439411,"213,1434,1437,2960,3121,53,155,2078",0.5582611560821533,0.317626953125,0.29150390625,"0.249,0.182,0.216,0.18,0.146,0.142,0.199,0.169","40.3,33.6,27.1,26.5,24.6,23.4,18.3,16","0.00613,0.0129,0.0304,-0.00024,-0.00267,-0.00818,0.00259,0.00397","0.0113,0.0113,0.0339,0,0,-0.0113,0,0","0.00736,0.00868,0.0261,0,0,-0.00868,0.00368,0.00614",0.03955078125,0.0339006707072258,3,0.5577713251113892,0.5792230367660522
27,v_proj,gptq,1024,4096,0,0.0020258426666259766,0.0014944076538085938,1.0672258204135687,0.021061445388870965,4.045473098754883,3.0162088871002197,25.841121673583984,54.041481018066406,38.10304641723633,44.99346160888672,0.6926146745681763,1.0638848543167114,0.12670834362506866,"155,2043,188,3121,2960,980,1528,3921,1642,3627,1434,1437,1357,3830,2078,3031",74.87345123291016,,,,,0,16.486711502075195,19.168262481689453,20.580238342285156,25.484262466430664,"1.093,1.093,1.262,0.807,0.784,0.781,0.783,0.772",2087.31201171875,2611.369384765625,"187.3,187.3,3466,2644,2664,2588,2525,2436",159.53265380859375,187.1724853515625,"79.06,79.06,177.8,190.1,189.2,188.2,186.8,186","1.341,1.341,5.262,4.584,4.545,4.461,4.439,4.398","1.283,1.283,4.685,5.104,5.133,5.048,5.016,5.006",894,0.00533967325463891,994,0.00758409732952714,"213,1434,1437,2960,3121,53,155,2078",0.1974816769361496,0.5140380859375,0.580322265625,"0.0452,0.0688,0.0391,0.0737,0.104,0.0796,0.0527,0.0841","40.3,33.6,27.1,26.5,24.6,23.4,18.3,16","-0.00103,0.000656,0.000269,0.00227,-0.00214,0.00385,-0.00259,-0.0014","0,0,0,0.0037,-0.0037,0.0037,-0.0037,-0.0037","0,0,0,0.0034,-0.00269,0.00298,-0.00302,0",0.021484375,0.018540196120738983,2,0.33209022879600525,0.1239762082695961
27,o_proj,gptq,4096,4096,0,0.002100050449371338,0.0015255212783813477,4.343429143834442,0.02696514487431282,14.179670333862305,9.165245056152344,0.23430413007736206,0.5308858156204224,0.21391627192497253,0.29137539863586426,0.8050627708435059,4.3303022384643555,0.0682893842458725,"38,422,166,294,1520,3039,2911,2655,1394,1264,1409,1392,2783,1522,1281,1266",46.73867416381836,,,,,0,0.07583682984113693,0.11846818774938583,0.1362762749195099,0.17515668272972107,"0.049,0.049,0.725,0.624,0.768,0.741,0.708,0.740",1141.28466796875,2056.972412109375,"32.89,32.89,1205,1016,2018,1659,1445,1721",7.246433258056641,8.951300621032715,"5.24,5.24,6.439,6.938,8.805,8.466,8.097,8.746","0.05372,0.05372,0.2598,0.252,0.3671,0.3439,0.3102,0.3474","0.2439,0.2439,0.3051,0.319,0.4188,0.3995,0.3687,0.4038",3901,0.005730228964239359,3240,0.002638132544234395,"294,166,1138,1522,38,1394,1025,422",0.10954155027866364,0.437225341796875,0.448486328125,"0.134,0.313,0.231,0.183,0.0906,0.23,0.136,0.0859","1.09,1.05,1.03,0.96,0.96,0.93,0.857,0.83","-0.00916,-0.0231,-0.132,-0.00385,-0.0187,-0.0182,0.0608,-0.03","0,-0.0377,-0.113,0,0,-0.0377,0.0753,-0.0377","-0.00677,-0.0223,-0.113,-0.0061,-0.0176,-0.0191,0.0753,-0.0301",0.1318359375,0.1130022406578064,2,0.027786508202552795,0.011163916438817978
27,gate_proj,gptq,14336,4096,0,0.0020378317151750836,0.001488191740853446,11.488380228627648,0.016769741247095796,51.089454650878906,40.20786666870117,522.245849609375,917.2091064453125,721.673828125,762.2359619140625,0.7985274195671082,11.472990036010742,0.12076360732316971,"3121,1641,2023,2976,3307,3071,1434,578,1428,2679,1966,1030,835,3501,3510,1486",38.60572814941406,,,,,0,314.57208251953125,325.8932800292969,393.40802001953125,423.9045104980469,"1.191,1.191,1.128,0.916,0.972,0.923,0.918,0.889",2164.128662109375,2708.24658203125,"168.9,168.9,3610,2759,2785,2695,2617,2510",168.51734924316406,206.35362243652344,"53.28,53.28,215.1,208.8,206,205.3,203.9,202.4","5.76,5.76,22.72,19.88,20.21,19.68,19.49,19.05","5.279,5.279,21.39,20.77,20.5,20.49,20.35,20.2",6209,0.0013150846352800727,3216,0.0013540780637413263,"1434,53,3121,1030,2960,835,1641,2554",0.10103973001241684,0.3542131781578064,0.3377860188484192,"0.508,0.449,0.449,0.477,0.391,0.525,0.504,0.43","25.7,21.9,21,16.5,15.1,12.4,12.2,11.1","-0.00964,0.00766,-0.0623,0.0135,-0.0115,-0.00504,0.00464,-0.00169","-0.0178,0,-0.0534,0.0178,-0.0178,0,0,0","-0.00875,0.00743,-0.0534,0.0119,-0.0108,-0.00453,0.00424,-0.00295",0.062255859375,0.0533621683716774,1,0.7329543828964233,0.20844551920890808
27,up_proj,gptq,14336,4096,0,0.0020448310034615652,0.0015354837690080916,7.900380715716892,0.015419440842808057,37.426753997802734,29.767929077148438,386.68994140625,671.652587890625,520.5105590820312,562.6739501953125,0.7985274195671082,7.891014575958252,0.0894753560423851,"3121,1641,2023,2976,3307,3071,578,1434,1428,2679,1966,1030,835,3501,3510,1486",38.60572814941406,,,,,0,225.75755310058594,240.72361755371094,284.37127685546875,312.7370910644531,"0.812,0.812,1.137,0.892,0.933,0.906,0.891,0.868",2164.128662109375,2708.24658203125,"168.9,168.9,3610,2759,2785,2695,2617,2510",168.51734924316406,206.35362243652344,"53.28,53.28,215.1,208.8,206,205.3,203.9,202.4","4.11,4.11,19.5,16.88,17.05,16.78,16.53,16.17","4.561,4.561,18.29,17.88,17.65,17.63,17.52,17.35",3216,0.0007546453853137791,3311,0.0008119746344164014,"1434,53,3121,1030,2960,835,1641,2554",0.07101364433765411,0.4096243977546692,0.4658377766609192,"0.254,0.283,0.296,0.271,0.302,0.27,0.268,0.317","25.7,21.9,21,16.5,15.1,12.4,12.2,11.1","0.00311,-0.0111,-0.00513,-0.00224,0.00909,0.00494,-0.00436,-1.25e-05","0,-0.0108,0,0,0.0108,0,0,0","0.00441,-0.0105,-0.00914,-0.00384,0.0101,0.00387,-0.00417,0",0.037841796875,0.0324358269572258,1,0.4682435393333435,0.22914832830429077
27,down_proj,gptq,4096,14336,0,0.001989279474530901,0.0015427385057721818,16.330345146974935,0.031816114598550056,46.52830123901367,29.771474838256836,1.8798741102218628,3.490225315093994,2.456446647644043,2.153822422027588,0.5096299648284912,16.32334327697754,0.09664498269557953,"2383,10685,3216,7897,1106,9689,12704,13597,10416,2705,7055,10486,406,7518,3630,6071",38.926177978515625,,,,,0,1.0751363039016724,0.9059463739395142,1.4412343502044678,1.2812690734863281,"0.703,0.703,1.299,1.218,1.278,1.218,1.120,1.060",7237.4853515625,9484.1455078125,"66.87,66.87,9422,9617,1.155e+04,1.095e+04,8464,7766",19.095720291137695,24.51463508605957,"5.71,5.71,22.36,23.27,24.44,24.62,23.3,23.35","0.2478,0.2478,1.154,1.182,1.279,1.264,1.133,1.109","0.2955,0.2955,1.013,1.072,1.132,1.146,1.07,1.077",3901,0.002174497116357088,3901,0.0018686138791963458,"1769,1032,3437,12551,13700,12704,4748,10059",0.1223752498626709,0.362701416015625,0.3660888671875,"0.193,0.198,0.188,0.184,0.189,0.204,0.18,0.182","3.54,2.36,2.21,1.89,1.73,1.38,1.13,1.09","0.00337,0.000448,0.00163,-0.00212,-0.000694,0.0928,0.0669,-0.00412","0.00241,0,0,-0.00577,-0.00397,0.0891,0.0599,-0.00731","0.00523,0,0.00307,0,0,0.0795,0.0573,-0.00276",0.10400390625,0.0891462117433548,2,0.05964479595422745,0.048916131258010864
28,q_proj,gptq,4096,4096,0,0.002046048641204834,0.001486659049987793,5.968544588800796,0.03355570905154205,16.619447708129883,11.33232593536377,110.11599731445312,230.5994415283203,183.31454467773438,197.267578125,0.6442148089408875,5.958056449890137,0.2661489248275757,"155,2043,1642,188,1437,678,3031,2083,1504,1528,3627,3072,2960,980,1357,213",79.77249145507812,,,,,0,84.58191680908203,89.05326843261719,93.70252990722656,107.53172302246094,"1.420,1.420,1.172,0.856,0.898,0.833,0.844,0.824",2015.98046875,2510.3720703125,"189.4,189.4,3350,2562,2595,2496,2424,2322",163.48670959472656,190.01986694335938,"87.33,87.33,176.9,195,190.8,191.3,189.8,189.4","7.013,7.013,10.6,9.881,9.95,9.517,9.51,9.397","5.885,5.885,9.792,10.68,10.5,10.43,10.35,10.35",1142,0.004614877048879862,3894,0.005507979076355696,"213,1437,2960,53,1434,3121,1113,155",0.43833306431770325,0.3809814453125,0.340545654296875,"0.256,0.291,0.229,0.221,0.252,0.221,0.245,0.326","49.5,35,26.9,24.9,24.8,21.8,18.4,16.4","0.00146,-0.00385,0.00644,-0.0125,0.0166,-0.0124,-0.016,0.0273","0,-0.0122,0.0122,-0.0122,0.0122,-0.0122,-0.0122,0.0244","0,-0.00652,0.00635,-0.0133,0.0196,-0.0106,-0.0137,0.0234",0.042724609375,0.0488281287252903,1,0.6759541034698486,0.3365803360939026
28,k_proj,gptq,1024,4096,0,0.0020449161529541016,0.0014603137969970703,2.6322150416053773,0.048676675664539655,5.939121723175049,4.173804759979248,42.388038635253906,93.48993682861328,73.34872436523438,78.60519409179688,0.6442148089408875,2.6258625984191895,0.32300302386283875,"155,188,1642,2043,1437,1528,1504,3031,678,3072,3627,213,2083,2960,1935,1357",79.77249145507812,,,,,0,34.25746154785156,35.07931137084961,37.450992584228516,43.21232223510742,"1.633,1.633,1.331,0.893,0.926,0.810,0.820,0.810",2015.98046875,2510.3720703125,"189.4,189.4,3350,2562,2595,2496,2424,2322",163.48670959472656,190.01986694335938,"87.33,87.33,176.9,195,190.8,191.3,189.8,189.4","4.399,4.399,6.762,6.38,6.384,6.057,5.992,5.964","3.442,3.442,5.861,6.751,6.636,6.73,6.616,6.627",940,0.010261742398142815,566,0.013144491240382195,"213,1437,2960,53,1434,3121,1113,155",0.537793755531311,0.3399658203125,0.2586669921875,"0.275,0.217,0.192,0.146,0.176,0.152,0.201,0.205","49.5,35,26.9,24.9,24.8,21.8,18.4,16.4","-0.033,0.0109,0.00366,0.00867,-0.000399,0.00592,0.0109,-0.0152","-0.0314,0.0105,0,0.0105,0,0.0105,0.0105,-0.0105","-0.0283,0.00729,0.00396,0.00895,0,0.00652,0.01,-0.0188",0.03662109375,0.0313895083963871,3,0.6467345356941223,0.39499613642692566
28,v_proj,gptq,1024,4096,0,0.002065420150756836,0.001459360122680664,1.7611741176873466,0.02600480102431831,5.785905361175537,4.295489311218262,36.11717224121094,74.34230041503906,52.8572998046875,62.532752990722656,0.6442148089408875,1.7538034915924072,0.14121223986148834,"2043,155,188,3662,980,1357,2960,1010,1973,3121,3627,3031,3830,1642,1437,3921",79.77249145507812,,,,,0,22.664045333862305,26.822742462158203,28.93314552307129,35.20176696777344,"1.042,1.042,1.087,0.794,0.832,0.797,0.796,0.774",2015.98046875,2510.3720703125,"189.4,189.4,3350,2562,2595,2496,2424,2322",163.48670959472656,190.01986694335938,"87.33,87.33,176.9,195,190.8,191.3,189.8,189.4","1.395,1.395,5.836,5.514,5.427,5.303,5.298,5.225","1.366,1.366,5.598,6.187,5.949,5.939,5.939,5.941",865,0.006363776046782732,538,0.009889868088066578,"213,1437,2960,53,1434,3121,1113,155",0.19894671440124512,0.596923828125,0.686767578125,"0.0409,0.0375,0.064,0.0669,0.0556,0.0804,0.105,0.0497","49.5,35,26.9,24.9,24.8,21.8,18.4,16.4","-0.0018,-0.00101,0.000118,-0.000452,-0.00201,-0.000216,-0.0031,-0.00106","0,0,0,0,0,0,-0.00453,0","0,0,0,0,0,0,-0.00401,0",0.02001953125,0.01920699141919613,1,0.43294551968574524,0.16452592611312866
28,o_proj,gptq,4096,4096,0,0.0021018385887145996,0.0014957785606384277,5.629249814801369,0.030926490345854863,16.742881774902344,10.341114044189453,0.33796426653862,0.7716003656387329,0.3451487123966217,0.4432552456855774,0.7476471066474915,5.622540473937988,0.04675285890698433,"1990,1734,1606,2952,1862,589,845,1104,1360,2695,973,103,2567,717,51,1488",52.58279037475586,,,,,0,0.11361875385046005,0.14754819869995117,0.19663715362548828,0.25316357612609863,"0.168,0.168,1.178,0.660,0.774,0.789,0.813,0.816",1277.167724609375,2031.06689453125,"29.41,29.41,2697,880.3,1431,1443,1653,2054",7.360083103179932,9.912796020507812,"4.522,4.522,7.508,7.151,8.29,8.454,8.743,9.691","0.09714,0.09714,0.4081,0.2903,0.365,0.3811,0.4059,0.4428","0.2371,0.2371,0.376,0.3572,0.4148,0.4291,0.4503,0.4901",3901,0.004392798524349928,2661,0.00444425456225872,"1990,1606,3566,2295,3492,2551,2423,3713",0.08671196550130844,0.416168212890625,0.405914306640625,"0.132,0.14,0.187,0.195,0.172,0.164,0.19,0.185","1.1,0.736,0.611,0.598,0.571,0.569,0.568,0.528","0.0225,0.0206,-0.000973,-0.0464,0.00101,-0.0118,0.00191,-0.0344","0.0271,0.0135,0,-0.0406,0.0109,-0.0135,0,-0.039","0.0193,0.0196,0,-0.0398,0,-0.0101,0.00221,-0.04",0.06689453125,0.05982078239321709,1,0.024189701303839684,0.017269132658839226
28,gate_proj,gptq,14336,4096,0,0.0020266941615513395,0.0014924321855817521,11.903641432589211,0.017555179011795458,51.169654846191406,39.867637634277344,554.9016723632812,1009.7235107421875,786.6007080078125,855.9461669921875,0.7419573664665222,11.886987686157227,0.1398891657590866,"3121,1641,3071,2976,2023,3307,578,1966,1030,2679,835,3510,1434,1486,1428,3501",43.82335662841797,,,,,0,351.6685791015625,369.6331481933594,423.157958984375,474.2027587890625,"1.421,1.421,1.140,0.893,0.925,0.892,0.882,0.853",2175.03125,2688.09423828125,"181.2,181.2,3674,2760,2809,2698,2609,2489",182.79278564453125,218.20249938964844,"75,75,226.3,220.2,218.2,217.1,215.8,214.7","8.886,8.886,23.79,20.67,21.02,20.5,20.24,19.75","7.454,7.454,22.28,21.87,21.86,21.71,21.55,21.38",7844,0.0011372792068868876,6725,0.001831020344980061,"53,1434,3121,1030,2960,835,552,2554",0.13418921828269958,0.3423374891281128,0.311279296875,"0.496,0.571,0.456,0.495,0.378,0.538,0.468,0.437","30.8,27.5,24.8,19,18.9,14.3,13.4,13.3","0.00235,-0.0107,0.00467,0.0101,-0.00812,-0.00256,0.00543,-0.00127","0,-0.0117,0,0.0117,-0.0117,0,0.0117,0","0,-0.00767,0,0.0076,-0.0156,0,0.00548,0",0.0732421875,0.06344202160835266,1,0.7089074850082397,0.8131597638130188
28,up_proj,gptq,14336,4096,0,0.0020435707909720285,0.0015427214758736746,8.40485623357381,0.01592742416029921,38.83809280395508,30.622364044189453,425.17266845703125,760.35595703125,583.000244140625,648.6502075195312,0.7419573664665222,8.392690658569336,0.10548793524503708,"3121,1641,3071,2976,2023,3307,578,1966,1030,835,2679,3510,1434,1486,1428,2960",43.82335662841797,,,,,0,259.3659973144531,281.6391296386719,314.273681640625,358.05560302734375,"0.980,0.980,1.134,0.874,0.911,0.880,0.865,0.832",2175.03125,2688.09423828125,"181.2,181.2,3674,2760,2809,2698,2609,2489",182.79278564453125,218.20249938964844,"75,75,226.3,220.2,218.2,217.1,215.8,214.7","6.507,6.507,20.79,17.92,18.14,17.71,17.44,17.03","6.574,6.574,19.52,19.16,19,18.88,18.76,18.67",6042,0.0007909242413006723,6042,0.0006735019269399345,"53,1434,3121,1030,2960,835,552,2554",0.09781792759895325,0.4118216633796692,0.4556797742843628,"0.262,0.254,0.319,0.28,0.313,0.271,0.311,0.327","30.8,27.5,24.8,19,18.9,14.3,13.4,13.3","-0.0211,0.0227,-0.0299,-0.0229,0.0396,0.0132,0.0206,0.00368","-0.015,0.03,-0.03,-0.03,0.045,0.015,0.015,0","-0.018,0.0205,-0.0342,-0.0262,0.0339,0.0116,0.0232,0.00523",0.0634765625,0.05251432955265045,1,0.510135293006897,0.4931563436985016
28,down_proj,gptq,4096,14336,0,0.0019983223506382535,0.0015380041939871652,17.300798209439307,0.032957173466517165,48.392356872558594,30.589324951171875,2.514693260192871,4.980165481567383,3.251481294631958,3.202267646789551,0.5594803094863892,17.291488647460938,0.09400315582752228,"977,3150,6725,7314,1463,1978,10715,7844,12246,8194,7678,10873,3942,13657,10875,11563",105.29952239990234,,,,,0,1.4104710817337036,1.356846570968628,1.8266171216964722,1.8108532428741455,"0.395,0.395,1.246,1.068,1.166,1.092,1.027,0.969",6859.0634765625,8611.1962890625,"201.9,201.9,9152,9455,1.037e+04,9605,8254,7635",23.690874099731445,28.685091018676758,"12.08,12.08,25.58,28.22,28.34,27.97,27.35,27.91","0.399,0.399,1.331,1.373,1.436,1.378,1.3,1.287","0.635,0.635,1.192,1.329,1.33,1.318,1.282,1.308",3901,0.0021125483326613903,3901,0.0031660639215260744,"5095,6042,4143,5266,5462,7201,12112,2493",0.058880697935819626,0.3187255859375,0.32720947265625,"0.187,0.266,0.201,0.179,0.175,0.201,0.185,0.173","2.4,2.21,2.11,1.98,1.82,1.63,1.62,1.45","0.00909,-0.00325,-0.00115,0.052,-0.015,-0.00304,0.000851,0.0461","0.00959,0,-0.00309,0.0541,-0.0127,0,0,0.0401","0.0083,-0.00431,0,0.0572,-0.0171,0,0,0.0396",0.1650390625,0.188616082072258,1,0.06602438539266586,0.07483945041894913
29,q_proj,gptq,4096,4096,0,0.002037227153778076,0.001490175724029541,5.667571521065838,0.03439737741663484,15.738163948059082,11.138043403625488,126.98584747314453,253.15504455566406,212.9901123046875,219.44859313964844,0.6511611938476562,5.649435043334961,0.2523806393146515,"155,1642,2043,188,1528,1935,1504,3121,3031,1437,2083,678,3072,980,3627,213",61.145931243896484,,,,,0,100.90599060058594,100.18769073486328,108.29536437988281,118.19641876220703,"1.278,1.278,1.273,0.918,0.951,0.894,0.896,0.877",2045.843994140625,2529.78857421875,"194.8,194.8,3480,2580,2621,2528,2433,2335",174.56224060058594,202.08877563476562,"94.74,94.74,195.9,206.8,201.4,202.3,200.4,200.3","8.484,8.484,11.55,10.48,10.5,10.26,10.16,10.07","7.506,7.506,10.24,10.94,10.77,10.85,10.73,10.75",2538,0.007033610716462135,1278,0.0027553047984838486,"213,1437,53,3121,2960,1434,1113,2083",0.35740381479263306,0.43902587890625,0.364349365234375,"0.258,0.303,0.209,0.216,0.216,0.224,0.258,0.277","43.8,30.5,29.5,24.7,23.2,21,18.2,16.1","0.00149,-0.00464,-0.00284,-0.00409,0.000156,0.00212,0.004,-0.0058","0,0,0,0,0,0,0,0","0,-0.0041,-0.00478,-0.00434,0,0.0041,0.00302,-0.00698",0.0458984375,0.0393415167927742,1,0.880743145942688,0.4008519649505615
29,k_proj,gptq,1024,4096,0,0.0020208358764648438,0.0014681816101074219,1.9198942203138358,0.03963932921241675,4.8661298751831055,3.661848545074463,40.355690002441406,91.2028579711914,68.72305297851562,75.0792236328125,0.6511611938476562,1.920705795288086,0.2972428798675537,"155,1642,188,1935,1528,2043,1504,3072,3121,1437,678,2083,213,980,3031,232",61.145931243896484,,,,,0,32.02237319946289,33.50487518310547,34.792869567871094,41.2585563659668,"1.700,1.700,1.320,0.837,0.853,0.792,0.799,0.802",2045.843994140625,2529.78857421875,"194.8,194.8,3480,2580,2621,2528,2433,2335",174.56224060058594,202.08877563476562,"94.74,94.74,195.9,206.8,201.4,202.3,200.4,200.3","4.237,4.237,6.982,6.035,5.962,5.811,5.719,5.751","3.249,3.249,6.077,6.596,6.456,6.529,6.4,6.42",368,0.01404822152107954,307,0.011291288770735264,"213,1437,53,3121,2960,1434,1113,2083",0.46043798327445984,0.364013671875,0.3143310546875,"0.275,0.214,0.138,0.156,0.185,0.173,0.167,0.206","43.8,30.5,29.5,24.7,23.2,21,18.2,16.1","-0.00607,0.00314,-0.00333,0.000912,-0.00946,-0.00215,0.017,0.0104","0,0,0,0,-0.0108,0,0.0216,0.0108","-0.00412,0.00426,-0.00445,0,-0.009,-0.00426,0.0145,0.0076",0.037841796875,0.0324358269572258,1,0.7066855430603027,0.20696808397769928
29,v_proj,gptq,1024,4096,0,0.002019166946411133,0.0014667510986328125,1.7712813205520774,0.02074699469982718,6.841495513916016,5.418911457061768,51.016632080078125,100.76998138427734,70.9393310546875,84.72709655761719,0.6511611938476562,1.7687296867370605,0.10536298155784607,"155,2043,188,3121,3662,1357,2960,980,3031,1010,1973,3921,3160,1642,3627,3830",61.145931243896484,,,,,0,31.016231536865234,36.41183853149414,38.656707763671875,48.00457763671875,"1.081,1.081,1.129,0.770,0.818,0.792,0.804,0.780",2045.843994140625,2529.78857421875,"194.8,194.8,3480,2580,2621,2528,2433,2335",174.56224060058594,202.08877563476562,"94.74,94.74,195.9,206.8,201.4,202.3,200.4,200.3","1.582,1.582,7.305,6.219,6.264,6.156,6.136,6.026","1.522,1.522,6.875,7.085,6.926,6.917,6.843,6.822",290,0.006989100947976112,350,0.0066121406853199005,"213,1437,53,3121,2960,1434,1113,2083",0.13021841645240784,0.613525390625,0.7470703125,"0.0479,0.0456,0.0516,0.0739,0.0774,0.0645,0.0974,0.0402","43.8,30.5,29.5,24.7,23.2,21,18.2,16.1","0.00038,-1.63e-05,0.0029,0.000664,-0.000938,0.00153,-0.00589,-0.000515","0,0,0,0,0,0,-0.00774,0","0,0,0.0037,0,0,0,-0.00427,0",0.029296875,0.025800321251153946,1,0.523680567741394,0.18839137256145477
29,o_proj,gptq,4096,4096,0,0.0020931363105773926,0.0014734268188476562,6.648812448600239,0.033198157442167926,19.76181411743164,11.402494430541992,0.7023105621337891,1.6679779291152954,0.8910075426101685,1.0328760147094727,0.6968793869018555,6.63329553604126,0.041685737669467926,"3381,546,3711,628,3601,3604,3641,3653,3617,3608,2666,3691,3609,2462,3702,3606",45.09344482421875,,,,,0,0.3162763714790344,0.3884841799736023,0.5153587460517883,0.5868966579437256,"0.045,0.045,1.013,0.865,0.867,0.801,0.822,0.852",1868.81787109375,2910.197265625,"25.24,25.24,3937,2115,2168,2047,2005,2628",11.581853866577148,14.334388732910156,"6.764,6.764,16.72,11.77,12.35,12.22,12.43,13.64","0.07586,0.07586,0.8437,0.5636,0.6075,0.5829,0.5826,0.6641","0.359,0.359,0.8381,0.606,0.6525,0.6513,0.6427,0.7195",3901,0.0030302838422358036,1641,0.005343339871615171,"729,715,985,971,519,647,775,3050",0.03826398774981499,0.41162109375,0.505096435546875,"0.11,0.11,0.139,0.145,0.13,0.166,0.129,0.215","1.45,1.36,1.36,1.32,1.16,1.1,1.06,1.05","-0.0408,-0.0386,-0.0461,-0.0439,-0.0459,-0.0452,-0.0432,-0.0703","-0.0402,-0.0402,-0.0603,-0.0402,-0.0402,-0.0402,-0.0402,-0.0804","-0.0387,-0.0387,-0.0429,-0.0429,-0.0525,-0.0516,-0.0494,-0.0603",0.0703125,0.0803571492433548,1,0.03344380483031273,0.021316394209861755
29,gate_proj,gptq,14336,4096,0,0.002030764307294573,0.0014947993414742605,12.109061304233364,0.01807822409728956,50.93925476074219,39.32371520996094,535.0654296875,1012.5694580078125,763.2787475585938,865.220947265625,0.7281007170677185,12.078851699829102,0.13845953345298767,"3121,1641,1030,3071,578,3510,2023,53,3307,1486,1966,2976,2679,835,1428,2078",40.646827697753906,,,,,0,344.12603759765625,375.28912353515625,408.313232421875,477.2789611816406,"1.297,1.297,1.129,0.849,0.882,0.858,0.843,0.810",2166.677490234375,2674.3203125,"191.4,191.4,3763,2739,2754,2675,2562,2458",187.8141632080078,221.28025817871094,"86.77,86.77,229.5,223.5,220.9,219.8,217.9,217.4","9.649,9.649,23.88,20.24,20.45,20.1,19.75,19.35","8.473,8.473,22.48,21.96,21.77,21.71,21.52,21.51",6081,0.001274100155569613,3035,0.0014404034009203315,"53,3121,1434,1030,2960,2554,1641,552",0.16182729601860046,0.3455723524093628,0.3185076117515564,"0.474,0.445,0.518,0.473,0.375,0.434,0.48,0.45","43.7,27.2,23,21.9,19.3,15.5,15.5,15","-0.00769,-0.00818,-0.00525,-0.00424,-0.0112,0.00504,0.00206,-0.00104","0,0,0,0,-0.019,0,0,0","-0.00537,-0.00656,-0.00614,-0.00568,-0.0115,0.00649,0.00277,0",0.06640625,0.0758928582072258,1,0.7298644185066223,0.3823169469833374
29,up_proj,gptq,14336,4096,0,0.002039534705025809,0.0015353645597185408,9.06591360801167,0.016698978613014025,40.421142578125,31.469589233398438,427.39794921875,798.5128173828125,595.9891967773438,686.3306884765625,0.7281007170677185,9.05128002166748,0.11294980347156525,"3121,1641,1030,3071,3510,578,2023,53,3307,1486,1966,2679,2976,835,2078,1428",40.646827697753906,,,,,0,267.5649108886719,298.4078369140625,319.0459289550781,377.7711181640625,"1.015,1.015,1.123,0.851,0.868,0.852,0.833,0.798",2166.677490234375,2674.3203125,"191.4,191.4,3763,2739,2754,2675,2562,2458",187.8141632080078,221.28025817871094,"86.77,86.77,229.5,223.5,220.9,219.8,217.9,217.4","7.737,7.737,21.23,18.02,18.13,17.82,17.5,17.11","7.679,7.679,20.03,19.54,19.47,19.31,19.18,19.15",9802,0.0022972982842475176,9802,0.004418285097926855,"53,3121,1434,1030,2960,2554,1641,552",0.12751440703868866,0.4075579047203064,0.4329398274421692,"0.252,0.33,0.296,0.29,0.318,0.336,0.301,0.322","43.7,27.2,23,21.9,19.3,15.5,15.5,15","-0.00368,0.0134,-0.00421,0.00946,-0.00241,-0.0435,0.0029,0.0116","0,0.0204,0,0,0,-0.0407,0,0","0,0.0146,0,0.0147,0,-0.0444,0,0.0183",0.0810546875,0.08668401092290878,2,0.8691556453704834,1.293880820274353
29,down_proj,gptq,4096,14336,0,0.001999718802315848,0.001547285488673619,16.24518132169146,0.030672959819986405,47.71489715576172,31.01531219482422,3.292703628540039,6.79026985168457,4.425017833709717,5.637028217315674,0.2314002364873886,16.231821060180664,0.09128215909004211,"9802,2063,9008,11506,2932,681,11602,517,5581,4702,5379,2398,4401,10620,621,10896",126.73812103271484,,,,,0,1.9531949758529663,3.1298506259918213,2.390681505203247,2.44313383102417,"0.112,0.112,1.218,1.103,1.130,1.075,0.965,0.932",6684.912109375,8559.564453125,"233.1,233.1,8986,9782,9851,8987,8097,7311",34.79198455810547,33.037803649902344,"44.16,44.16,30.88,31.98,31.97,32.01,31.64,31.54","0.8085,0.8085,1.593,1.6,1.6,1.559,1.479,1.43","2.413,2.413,1.444,1.523,1.505,1.504,1.505,1.481",3901,0.002877684310078621,3901,0.004512322135269642,"9008,219,10227,69,2063,8902,437,840",0.11276897042989731,0.40185546875,0.408660888671875,"0.147,0.15,0.182,0.187,0.169,0.169,0.195,0.191","3.82,3.6,3.26,2.15,2.11,2.08,2,1.71","0.00427,-0.000298,-0.00182,0.00377,0.139,-0.000656,-0.00235,-0.000269","0,0,-0.00437,0,0.119,0,-0.0047,0","0.00298,0,0,0.0061,0.119,0,0,0",0.138671875,0.1188616156578064,2,0.08582809567451477,0.10111967474222183
30,q_proj,gptq,4096,4096,0,0.0020452141761779785,0.0014884471893310547,6.261416448149248,0.03805002284271683,16.234142303466797,10.732359886169434,121.990478515625,243.46163940429688,211.49073791503906,225.30625915527344,0.6338434815406799,6.241374969482422,0.28223785758018494,"2043,1437,155,3031,1642,3072,3627,1504,2083,188,3662,1357,213,3830,678,2960",54.41764450073242,,,,,0,102.16775512695312,107.35272979736328,102.77921295166016,116.45804595947266,"0.970,0.970,1.372,0.892,0.926,0.859,0.856,0.829",2027.0546875,2492.247802734375,"200.7,200.7,3570,2538,2565,2486,2384,2272",182.72003173828125,203.53831481933594,"119.1,119.1,199,210.4,202.9,205.2,203.4,202.7","9.14,9.14,11.85,10.44,10.31,10.05,9.896,9.767","9.278,9.278,10.12,11.06,10.72,10.84,10.7,10.73",2412,0.006731257773935795,1079,0.004525685682892799,"213,53,1437,2960,3121,1434,3072,1113",0.4398304522037506,0.425445556640625,0.3543701171875,"0.259,0.206,0.284,0.219,0.216,0.24,0.266,0.247","48,35.3,34,26.6,22.8,21.1,20.9,18.9","-0.00243,0.00412,0.0076,-0.00177,0.00842,-0.00148,0.0161,0.000534","0,0,0.0128,0,0.0128,0,0.0128,0","0,0.00368,0.00905,-0.00302,0.00921,0,0.0138,0",0.044677734375,0.0510602705180645,1,0.8462079167366028,0.2541692852973938
30,k_proj,gptq,1024,4096,0,0.002026081085205078,0.0014164447784423828,2.3199195945080646,0.05053741513493353,5.136535167694092,3.469726085662842,41.08302688598633,86.19795227050781,73.97607421875,78.43840789794922,0.6338434815406799,2.3093247413635254,0.3294633626937866,"2043,1437,155,3031,3627,3072,188,1642,1528,2083,213,1504,678,1357,3662,2388",54.41764450073242,,,,,0,33.874446868896484,35.32093048095703,36.734771728515625,42.66476058959961,"1.407,1.407,1.375,0.904,0.860,0.779,0.812,0.796",2027.0546875,2492.247802734375,"200.7,200.7,3570,2538,2565,2486,2384,2272",182.72003173828125,203.53831481933594,"119.1,119.1,199,210.4,202.9,205.2,203.4,202.7","4.438,4.438,7.163,6.26,6.121,5.881,5.905,5.847","3.742,3.742,6.107,6.585,6.602,6.663,6.554,6.555",56,0.014395231381058693,375,0.016405947506427765,"213,53,1437,2960,3121,1434,3072,1113",0.522526204586029,0.3572998046875,0.2625732421875,"0.26,0.138,0.208,0.175,0.147,0.18,0.218,0.184","48,35.3,34,26.6,22.8,21.1,20.9,18.9","0.0204,0.00349,0.0211,-0.00952,0.000324,0.000389,-0.0537,-0.00339","0.0307,0,0.0153,-0.0153,0,0,-0.046,0","0.0201,0.0033,0.0232,-0.00816,0,0,-0.046,-0.00382",0.0537109375,0.0460379496216774,1,0.7344005107879639,0.20252956449985504
30,v_proj,gptq,1024,4096,0,0.0020852088928222656,0.0014498233795166016,2.4637884110045434,0.02747326078169972,7.81718635559082,6.075317859649658,54.6602783203125,114.86702728271484,81.40032196044922,99.59906005859375,0.6338434815406799,2.4551401138305664,0.14221759140491486,"2043,3662,3160,1357,155,1973,1010,188,390,104,1113,3677,980,2960,2843,3150",54.41764450073242,,,,,0,34.984764099121094,42.82814407348633,43.705535888671875,55.47945785522461,"0.810,0.810,1.117,0.754,0.808,0.760,0.756,0.727",2027.0546875,2492.247802734375,"200.7,200.7,3570,2538,2565,2486,2384,2272",182.72003173828125,203.53831481933594,"119.1,119.1,199,210.4,202.9,205.2,203.4,202.7","1.837,1.837,7.702,6.702,6.572,6.558,6.484,6.376","2.041,2.041,7.288,7.717,7.313,7.525,7.457,7.478",101,0.011100618168711662,55,0.008052535355091095,"213,53,1437,2960,3121,1434,3072,1113",0.15587134659290314,0.6561279296875,0.7811279296875,"0.0306,0.0508,0.0272,0.0556,0.0709,0.062,0.0288,0.12","48,35.3,34,26.6,22.8,21.1,20.9,18.9","-0.0022,0.00113,-0.000444,-0.00261,0.000931,-0.00182,-0.000124,-0.0058","0,0,0,0,0,0,0,-0.00718","0,0,0,-0.00457,0,0,0,-0.00684",0.045654296875,0.051372282207012177,1,0.6924744844436646,0.30424681305885315
30,o_proj,gptq,4096,4096,0,0.002093672752380371,0.0014885663986206055,6.7499590164725305,0.03264162062884495,19.963001251220703,11.754887580871582,0.6371630430221558,1.526688575744629,0.628203809261322,0.8221964836120605,0.8138794898986816,6.744446754455566,0.02778708003461361,"1246,1118,1502,1374,2825,2138,1970,80,1586,464,2522,2140,3046,788,1944,2394",33.90349578857422,,,,,0,0.23331516981124878,0.3034203052520752,0.35831212997436523,0.4666192829608917,"0.072,0.072,0.951,0.815,0.765,0.782,0.805,0.776",1331.5340576171875,1962.9403076171875,"33.55,33.55,2864,1371,1256,1577,1729,1788",9.962825775146484,12.51663875579834,"5.726,5.726,14.14,10.11,9.748,10.9,11.48,11.87","0.08221,0.08221,0.7138,0.4823,0.4593,0.5179,0.5539,0.5699","0.3067,0.3067,0.732,0.5343,0.5251,0.5855,0.6173,0.6467",3901,0.006518565583974123,3901,0.00689451489597559,"3300,1118,3428,3172,3556,1374,1502,1646",0.12427777796983719,0.563873291015625,0.54730224609375,"0.167,0.118,0.119,0.146,0.134,0.0968,0.138,0.235","1.64,1.46,1.39,1.38,1.35,1.32,1.21,0.953","0.0457,0.0139,0.0466,0.0488,0.0515,0.0325,0.0381,0.00452","0.0465,0.0155,0.0465,0.0465,0.0465,0.031,0.031,0","0.058,0.00949,0.04,0.0511,0.0442,0.0278,0.0366,0",0.1015625,0.10984452813863754,1,0.03708602860569954,0.043603017926216125
30,gate_proj,gptq,14336,4096,0,0.0020374911172049387,0.001507605825151716,11.910097075306112,0.017558851679247683,51.39332580566406,39.948936462402344,541.2568359375,1040.046875,839.4183349609375,992.220703125,0.39149487018585205,11.87881851196289,0.14118646085262299,"3121,2070,1641,53,1030,3071,1486,3510,2023,3307,2078,578,2976,835,552,3482",67.07245635986328,,,,,0,414.75360107421875,473.66192626953125,411.45196533203125,503.8460388183594,"0.925,0.925,1.072,0.830,0.857,0.826,0.804,0.772",2212.19287109375,2689.978759765625,"200.5,200.5,3921,2794,2818,2713,2591,2459",217.65052795410156,225.0568389892578,"190.8,190.8,237.2,228,226,224.4,222.8,221.4","18.5,18.5,24.31,20.61,20.77,20.31,19.92,19.41","19.24,19.24,23.49,22.63,22.44,22.35,22.22,22.1",12294,0.002073433017358184,2211,0.004163540434092283,"53,3121,1030,1434,2960,552,2554,3070",0.18800221383571625,0.3594273328781128,0.3374721109867096,"0.392,0.428,0.449,0.474,0.39,0.424,0.44,0.459","52.5,29.3,21.3,20.3,18.2,17.5,16.2,15.3","-0.00885,0.0199,0.0249,-0.0161,-0.0303,-0.00873,-0.0239,0.00383","0,0.0208,0.0208,-0.0208,-0.0208,-0.0208,-0.0208,0","0,0.0233,0.0319,-0.0142,-0.0333,-0.0155,-0.0279,0",0.08154296875,0.09482253342866898,1,0.9458065032958984,1.0099608898162842
30,up_proj,gptq,14336,4096,0,0.002045750617980957,0.0015413079942975725,9.267863239452709,0.016570234157049994,41.67896270751953,32.536231994628906,440.9693603515625,842.9447021484375,669.4652099609375,805.692138671875,0.39149487018585205,9.253433227539062,0.12178591638803482,"2070,3121,1641,53,3071,1030,1486,3510,2078,2023,578,3307,835,2976,1428,3482",67.07245635986328,,,,,0,327.79864501953125,387.6137390136719,331.114013671875,407.34820556640625,"0.782,0.782,1.069,0.833,0.854,0.825,0.798,0.765",2212.19287109375,2689.978759765625,"200.5,200.5,3921,2794,2818,2713,2591,2459",217.65052795410156,225.0568389892578,"190.8,190.8,237.2,228,226,224.4,222.8,221.4","15.58,15.58,21.99,18.6,18.76,18.28,17.86,17.4","17.61,17.61,21.27,20.38,20.3,20.13,20,19.89",12294,0.005212347023189068,12294,0.002067361958324909,"53,3121,1030,1434,2960,552,2554,3070",0.14483655989170074,0.4079502820968628,0.4273681938648224,"0.252,0.322,0.3,0.319,0.33,0.327,0.339,0.34","52.5,29.3,21.3,20.3,18.2,17.5,16.2,15.3","-0.0244,0.0247,0.0239,-0.0229,-0.0383,-0.0145,-0.0234,0.0106","-0.0222,0.0222,0.0222,-0.0222,-0.0444,-0.0222,-0.0222,0.0222","-0.0222,0.0248,0.0292,-0.0163,-0.0354,-0.0103,-0.0243,0.0177",0.0869140625,0.0722011849284172,1,1.3544750213623047,0.9232141971588135
30,down_proj,gptq,4096,14336,0,0.0020020178386143278,0.0015364033835274832,15.15958216378507,0.028572157561364765,47.41516876220703,32.25543975830078,3.982964515686035,11.163504600524902,5.667913913726807,18.847312927246094,0.6612245440483093,15.093002319335938,0.09127141535282135,"4389,7628,4552,9851,11995,11165,2906,1060,12628,11966,5072,12265,11362,11118,9125,3322",201.76101684570312,,,,,0,2.41325306892395,14.391973495483398,3.0047998428344727,4.279843807220459,"0.001,0.001,0.856,0.868,0.915,0.806,0.777,0.674",7205.56640625,8796.6083984375,"233.6,233.6,1.073e+04,1.002e+04,1.054e+04,9424,8773,7693",61.48294448852539,39.860687255859375,"128.7,128.7,42.43,38.39,38.53,38.42,38.21,38.47","0.2341,0.2341,1.982,1.803,1.831,1.76,1.705,1.631","6.768,6.768,2.142,1.935,1.914,1.961,1.935,1.987",2070,0.0052302260883152485,2070,0.07401426881551743,"3568,5744,3337,7628,8268,2906,10545,12517",0.06300627440214157,0.36346435546875,0.38458251953125,"0.187,0.195,0.172,0.166,0.186,0.177,0.193,0.181","3.13,2.75,2.69,2.67,2.51,2.45,2.31,2.31","0.0014,0.00745,0.00375,0.0291,0.014,0.0298,0.0154,0.0737","0,0.0112,0,0.0513,0,0.0513,0,0.0694","0,0.00631,0,0.0356,0.0156,0.0272,0.0134,0.0632",0.2021484375,0.2340698391199112,1,0.1323990821838379,0.5206385850906372
31,q_proj,gptq,4096,4096,0,0.0020534396171569824,0.001475989818572998,5.673530070387642,0.035270712642889224,15.404274940490723,10.508281707763672,111.24673461914062,227.67230224609375,181.7104034423828,205.70693969726562,0.665515124797821,5.659154891967773,0.24383701384067535,"1437,3031,3072,2043,155,1935,1642,2083,213,1504,678,3533,3121,3627,1357,1528",107.55364227294922,,,,,0,80.60321044921875,94.25590515136719,95.08509063720703,109.53263092041016,"0.492,0.492,1.284,0.850,0.900,0.829,0.831,0.795",2104.8427734375,2575.204833984375,"200,200,3682,2663,2686,2590,2481,2337",181.2980499267578,201.04664611816406,"119.9,119.9,199.9,207.5,199.7,202.4,200.5,200.5","4.984,4.984,11.55,9.941,9.737,9.583,9.486,9.294","7.102,7.102,10.19,10.78,10.26,10.52,10.41,10.42",893,0.0035944634582847357,2295,0.002864463720470667,"213,53,1437,3072,3121,2960,3901,1113",0.30095478892326355,0.425445556640625,0.352630615234375,"0.284,0.2,0.322,0.269,0.212,0.231,0.22,0.254","39.6,32.3,26.6,23.9,22.5,21.9,17.5,17","0.0193,0.00302,0.00665,-0.00311,-0.00714,0.000843,0.000504,0.00157","0.0195,0,0.00977,0,-0.00977,0,0,0","0.0165,0.00337,0.00481,-0.00441,-0.00882,0,0,0.00283",0.0341796875,0.029296875,1,0.5837652087211609,0.3124192953109741
31,k_proj,gptq,1024,4096,0,0.002038240432739258,0.0014467239379882812,2.122314430285769,0.046972208864771235,4.920694351196289,3.449676036834717,37.92277145385742,83.43992614746094,66.35707092285156,72.63420104980469,0.665515124797821,2.11600923538208,0.2977868914604187,"1437,3031,3072,1935,2043,1642,213,678,3533,155,1504,2083,3121,3627,1528,3662",107.55364227294922,,,,,0,29.186952590942383,33.48108673095703,34.886924743652344,38.523460388183594,"0.484,0.484,1.361,0.876,0.875,0.813,0.833,0.820",2104.8427734375,2575.204833984375,"200,200,3682,2663,2686,2590,2481,2337",181.2980499267578,201.04664611816406,"119.9,119.9,199.9,207.5,199.7,202.4,200.5,200.5","2.777,2.777,7.066,6.022,5.86,5.723,5.725,5.658","3.992,3.992,6.056,6.434,6.264,6.346,6.273,6.248",892,0.018656862899661064,188,0.02195167914032936,"213,53,1437,3072,3121,2960,3901,1113",0.32649755477905273,0.3671875,0.26904296875,"0.275,0.136,0.215,0.217,0.136,0.184,0.129,0.191","39.6,32.3,26.6,23.9,22.5,21.9,17.5,17","0.00964,0.00543,0.0173,-0.016,-0.000244,0.0154,0.00995,0.0058","0.0161,0,0.0161,-0.0161,0,0.0161,0.0161,0","0.0123,0.00499,0.0165,-0.0137,0,0.0125,0.00853,0.0046",0.056396484375,0.04833984375,1,0.800398051738739,0.2563403844833374
31,v_proj,gptq,1024,4096,0,0.0019867420196533203,0.0014340877532958984,2.6853820367446133,0.028476649600678656,8.392801284790039,6.489372253417969,57.52149200439453,122.07335662841797,88.94557189941406,111.62097930908203,0.665515124797821,2.6751627922058105,0.12640586495399475,"2043,3662,1357,1973,3150,1010,3677,390,1113,104,3121,3160,3287,3830,759,2843",107.55364227294922,,,,,0,39.191627502441406,49.12062072753906,46.85205841064453,60.41111755371094,"0.374,0.374,1.113,0.770,0.773,0.773,0.760,0.727",2104.8427734375,2575.204833984375,"200,200,3682,2663,2686,2590,2481,2337",181.2980499267578,201.04664611816406,"119.9,119.9,199.9,207.5,199.7,202.4,200.5,200.5","2.005,2.005,8.491,7.095,6.843,6.894,6.736,6.582","3.277,3.277,8.05,8.085,7.782,7.84,7.726,7.72",139,0.007137523964047432,917,0.008107460103929043,"213,53,1437,3072,3121,2960,3901,1113",0.11252018064260483,0.6759033203125,0.7554931640625,"0.052,0.0521,0.0505,0.0456,0.0632,0.0707,0.0413,0.141","39.6,32.3,26.6,23.9,22.5,21.9,17.5,17","0.000793,0.000195,-0.0024,0.000362,0.000717,-0.00101,0.000488,0.00879","0,0,0,0,0,0,0,0.00694","0,0,-0.00408,0,0,0,0,0.00596",0.0279541015625,0.0277622789144516,1,0.578131377696991,0.3336727023124695
31,o_proj,gptq,4096,4096,0,0.0021064281463623047,0.0014662742614746094,7.141527556657252,0.03229694336501169,21.676349639892578,12.25970458984375,0.9677958488464355,2.9257538318634033,1.6879996061325073,3.0421500205993652,0.7793430685997009,7.056875228881836,0.02422921732068062,"1930,3201,3457,1802,3073,1674,2984,2600,2728,1026,142,3917,3789,241,222,1073",29.370067596435547,,,,,0,0.6453760266304016,1.4384775161743164,0.8904411196708679,1.3755311965942383,"0.012,0.012,0.572,0.646,0.597,0.579,0.635,0.622",2972.565185546875,4029.7666015625,"59.41,59.41,5911,3845,3365,3267,3632,3641",19.618545532226562,20.869033813476562,"16.33,16.33,27.55,19.24,19.05,19.08,19.44,19.93","0.134,0.134,1.18,0.8899,0.8404,0.8337,0.876,0.8797","1.228,1.228,1.56,1.107,1.088,1.096,1.099,1.116",2070,0.047212738543748856,2070,0.13936185836791992,"284,375,28,156,247,338,119,412",0.10569798201322556,0.541534423828125,0.519927978515625,"0.131,0.13,0.124,0.102,0.101,0.185,0.124,0.14","2.48,2.44,2.22,2.19,2.13,2.09,2.06,1.98","0.0435,-0.0435,0.0466,0.0439,-0.0439,-0.085,-0.0466,0.0466","0,-0.0539,0.0539,0.0539,-0.0539,-0.079,-0.0539,0.0539","0.0469,-0.0469,0.0491,0.048,-0.048,-0.0938,-0.0491,0.0541",0.189453125,0.23302581906318665,1,0.18259862065315247,0.4061332046985626
31,gate_proj,gptq,14336,4096,0,0.0020375081471034457,0.0014873572758265904,12.362041813663382,0.01672206790182568,55.66790771484375,43.441200256347656,448.72711181640625,953.4525146484375,600.8421630859375,843.6026611328125,0.7623542547225952,12.347349166870117,0.11921292543411255,"3121,2070,1641,53,1486,2023,1428,93,3071,3482,1030,552,3355,292,2976,2078",82.09361267089844,,,,,0,248.3741912841797,361.6213684082031,349.509765625,476.3076171875,"0.387,0.387,0.765,0.724,0.743,0.716,0.717,0.681",1900.9476318359375,2768.66015625,"188.8,188.8,2198,2524,2645,2473,2540,2451",180.56927490234375,210.9733123779297,"120.4,120.4,184.7,202.4,204.4,201.7,205.1,205.5","7.731,7.731,16.72,17.75,18.17,17.64,17.95,17.57","12.43,12.43,19.13,20.87,21.09,20.84,21.2,21.3",7472,0.0008124843006953597,1271,0.0010245686862617731,"53,2070,3121,552,1030,2554,3070,1641",0.26108044385910034,0.4043492078781128,0.4064941704273224,"0.345,0.255,0.43,0.41,0.412,0.414,0.445,0.421","46.6,46.1,25.5,15.9,13.9,13.7,13.4,13.3","-0.000813,-0.000471,0.00166,0.000246,0.000668,0.000299,0.000239,-0.00452","0,0,0.00324,0,0,0,0,-0.00324","0,0,0,0,0,0,0,-0.00366",0.0184326171875,0.017880376428365707,1,0.518048107624054,0.23192249238491058
31,up_proj,gptq,14336,4096,0,0.002054980822971889,0.0015145880835396902,9.681168361254095,0.016538499047443325,43.63085174560547,34.2709846496582,351.35064697265625,756.7476196289062,469.2965087890625,675.2401123046875,0.7623542547225952,9.663488388061523,0.11475814133882523,"3121,2070,1641,53,1486,2023,1428,93,3071,3482,552,1030,2078,3355,292,2976",82.09361267089844,,,,,0,194.41259765625,287.962646484375,273.0877990722656,380.4822082519531,"0.370,0.370,0.732,0.720,0.747,0.703,0.697,0.671",1900.9476318359375,2768.66015625,"188.8,188.8,2198,2524,2645,2473,2540,2451",180.56927490234375,210.9733123779297,"120.4,120.4,184.7,202.4,204.4,201.7,205.1,205.5","6.681,6.681,14.77,15.76,16.22,15.61,15.84,15.55","10.99,10.99,17.27,18.56,18.77,18.62,18.98,18.98",2734,0.0007904130616225302,9943,0.001180439256131649,"53,2070,3121,552,1030,2554,3070,1641",0.2473221868276596,0.4491054117679596,0.4656198024749756,"0.281,0.213,0.346,0.348,0.316,0.34,0.343,0.308","46.6,46.1,25.5,15.9,13.9,13.7,13.4,13.3","0.00116,0.00146,0.00699,0.0212,-0.00241,-0.0125,-0.00371,0.000299","0,0,0.00893,0.0179,0,-0.00893,0,0","0,0,0.00677,0.0182,-0.00359,-0.0143,-0.00354,0",0.03125,0.0267857164144516,2,0.4560096263885498,0.22155116498470306
31,down_proj,gptq,4096,14336,0,0.0019989013671875,0.0015347514833722795,13.129243880322633,0.027063828265564287,43.54230499267578,31.593700408935547,4.031716346740723,37.603050231933594,7.494610786437988,492.53680419921875,0.9777501225471497,12.949682235717773,0.17415937781333923,"9943,3686,7971,2187,12408,2473,12880,2450,13439,4128,4116,4609,7014,6320,8967,453",3295.65771484375,,,,,0,2.5875015258789062,485.7286376953125,4.375098705291748,17.845680236816406,"0.000,0.000,0.152,0.219,0.287,0.216,0.230,0.208",4955.50634765625,8335.041015625,"234.2,234.2,3787,6448,7658,7061,7521,6700",247.49684143066406,73.6326675415039,"783,783,67.08,64.53,67.35,70.32,73.04,71.62","0.2412,0.2412,1.552,1.727,2.011,1.898,1.995,1.888","43.54,43.54,3.986,3.687,3.75,4.083,4.157,4.137",2070,0.16492240130901337,2070,0.12449987232685089,"9943,3686,7971,4128,8526,9449,453,12880",1.5573480129241943,0.525054931640625,0.603363037109375,"0.303,0.179,0.139,0.202,0.18,0.21,0.152,0.177","34,19.9,14.3,6.48,6.03,5.25,5.06,4.81","0.264,-0.102,0.00298,0.0515,-0.00806,-0.0835,-0.0525,-0.0674","0.226,-0.0753,0,0.0753,0,-0.0753,-0.0753,-0.0753","0.226,-0.0871,0,0.0523,-0.00666,-0.0954,-0.045,-0.0578",0.263671875,0.2260044813156128,1,0.8164774775505066,1.3232817649841309
