layer,proj,quantizer,rows,cols,n_dead_cols,clip_frac,clip_frac_rtn,comp_disp,comp_disp_rel,wdisp_gptq,wdisp_rtn,obj_gptq,obj_rtn,obj_gptq_alt,obj_rtn_alt,hdiag_alt_corr,send_total,send_top1pct,send_top16_cols,hdiag_max_over_mean,cond_damped,awq_alpha,obj_awq,obj_awq_alt,protected,obj_gptq_tpl,obj_rtn_tpl,obj_gptq_ord,obj_rtn_ord,tplpos_ratio,lev_tpl,lev_ord,levpos,xnorm_tpl,xnorm_ord,xnormpos,tplpos_err_gptq,tplpos_err_rtn,p4_toprow_gptq,p4_toprow_share_gptq,p4_toprow_rtn,p4_toprow_share_rtn,p4_topcols,p4_topcols_share_gptq,p4_topcols_zero_gptq,p4_topcols_zero_rtn,p4_topcols_wnorm,p4_topcols_x,p4_toprow_w,p4_toprow_qg,p4_toprow_qr,p4_toprow_maxw,p4_toprow_maxqg,p4_toprow_nclip,p4_toprow_err_g,p4_toprow_err_r
0,q_proj,gptq,4096,4096,0,0.0020929574966430664,0.0014704465866088867,409.5220683236839,0.03600519809772041,1066.1728515625,662.5887451171875,0.04547245800495148,0.20626530051231384,0.10444841533899307,0.20336171984672546,0.8350374102592468,409.3336486816406,0.040718670934438705,"1838,3731,196,1246,971,1093,3879,1428,138,3666,888,51,596,303,2492,3674",127.13009643554688,,,,,0,0.053022634238004684,0.09967660158872604,0.04030781611800194,0.10322895646095276,"1.591,0.831,0.342,0.753,0.109,0.341,0.298,0.295",3907.545654296875,2900.57080078125,"1.04e+04,5691,3055,4854,826.4,2281,2064,2088",0.7325477004051208,0.7350447177886963,"0.7263,0.7346,0.7124,0.7338,0.7375,0.7318,0.7431,0.7408","0.367,0.272,0.2025,0.2608,0.1094,0.183,0.1745,0.1748","0.291,0.2984,0.3464,0.3005,0.3308,0.3133,0.3198,0.3218",3793,0.0037845843471586704,3793,0.046233776956796646,"1246,2991,3674,196,1093,1330,138,3731",1.5405298471450806,0.32745361328125,0.338348388671875,"2.17,1.93,2.02,2.11,1.97,2.13,2.1,2.2","0.175,0.129,0.109,0.0977,0.0779,0.0779,0.0772,0.0768","-0.363,-0.203,-0.527,0.551,-0.377,0.32,-0.453,0.465","-0.315,-0.157,-0.472,0.472,-0.472,0.315,-0.472,0.472","-0.311,-0.174,-0.452,0.472,-0.323,0.275,-0.472,0.398",0.55078125,0.4720982313156128,9,0.006727342959493399,0.07112598419189453
0,k_proj,gptq,1024,4096,0,0.0021207332611083984,0.0014469623565673828,130.60246579218074,0.03754649200657207,334.3713073730469,210.9808349609375,0.013954914174973965,0.07261191308498383,0.033140748739242554,0.07338902354240417,0.8350374102592468,130.41607666015625,0.05723714828491211,"1838,3731,196,1246,1428,3879,1093,971,138,3666,1046,303,3674,888,596,707",127.13009643554688,,,,,0,0.01680659130215645,0.035618312656879425,0.012576556764543056,0.03706987202167511,"1.558,0.804,0.305,0.712,0.088,0.297,0.265,0.257",3907.545654296875,2900.57080078125,"1.04e+04,5691,3055,4854,826.4,2281,2064,2088",0.7325477004051208,0.7350447177886963,"0.7263,0.7346,0.7124,0.7338,0.7375,0.7318,0.7431,0.7408","0.2058,0.1511,0.1256,0.1441,0.06064,0.1013,0.09684,0.09696","0.1649,0.1684,0.2273,0.1708,0.205,0.1859,0.1881,0.1914",499,0.005587092135101557,179,0.032025791704654694,"1246,2991,3674,196,1093,1330,138,3731",2.0988683700561523,0.374267578125,0.3641357421875,"1.34,1.31,1.31,1.4,1.43,1.12,1.4,1.29","0.175,0.129,0.109,0.0977,0.0779,0.0779,0.0772,0.0768","0.00867,-0.0114,0.00568,0.0442,-0.0189,-0.00729,-0.0542,-0.0493","0,0,0,0,0,0,0,0","0,0,0,0.0405,0,0,-0.0405,-0.0356",0.625,0.5357142686843872,1,0.004532614257186651,0.009012870490550995
0,v_proj,gptq,1024,4096,0,0.002086639404296875,0.0015039443969726562,102.32342830228845,0.03769307483562875,266.81146240234375,161.82821655273438,0.011315707117319107,0.04272077977657318,0.025605345144867897,0.04205932468175888,0.8350374102592468,102.23377227783203,0.03255205973982811,"1838,3731,3879,1093,196,1428,3697,888,1246,3666,51,1046,971,596,707,3822",127.13009643554688,,,,,0,0.01308444980531931,0.02103596366941929,0.009940237738192081,0.021144183352589607,"1.501,0.904,0.462,0.769,0.149,0.394,0.352,0.361",3907.545654296875,2900.57080078125,"1.04e+04,5691,3055,4854,826.4,2281,2064,2088",0.7325477004051208,0.7350447177886963,"0.7263,0.7346,0.7124,0.7338,0.7375,0.7318,0.7431,0.7408","0.1826,0.1382,0.09433,0.1301,0.05486,0.09072,0.08675,0.08726","0.1491,0.1454,0.1388,0.1484,0.1423,0.1446,0.1463,0.1453",558,0.00345698487944901,553,0.007450326811522245,"1246,2991,3674,196,1093,1330,138,3731",1.1107512712478638,0.829345703125,0.8377685546875,"0.237,0.372,0.359,0.273,0.301,0.376,0.23,0.299","0.175,0.129,0.109,0.0977,0.0779,0.0779,0.0772,0.0768","-0.000456,-0.00122,0.00406,0.00461,0.00748,0.00131,-0.000721,0.00238","0,0,0,0,0,0,0,0","0,0,0,0,0,0,0,0",0.10009765625,0.11375617980957031,1,0.0032253460958600044,0.0038874023593962193
0,o_proj,gptq,4096,4096,0,0.0021022558212280273,0.0015093088150024414,391.27214869030286,0.03813468883439181,1083.2794189453125,617.1832885742188,0.11393024772405624,0.45939239859580994,0.261986643075943,0.5390638709068298,0.9529862403869629,390.34234619140625,0.05705009773373604,"4019,3891,184,972,1504,1007,1376,623,879,3763,844,1120,160,137,2241,144",126.0483627319336,,,,,0,0.16013705730438232,0.3103802800178528,0.09796220809221268,0.24604126811027527,"0.808,0.572,0.680,0.554,0.377,0.357,0.390,0.367",5564.32275390625,2838.286865234375,"9246,1.062e+04,5848,5233,3683,3511,3411,2966",1.343037724494934,1.1811649799346924,"1.344,1.627,1.284,1.362,1.301,1.32,1.275,1.232","0.4729,0.4985,0.4519,0.4157,0.3386,0.3311,0.3308,0.3133","0.5262,0.6589,0.5482,0.5584,0.5514,0.554,0.5301,0.5174",1838,0.005735311191529036,1838,0.05401831492781639,"2217,2345,2473,2089,366,494,344,472",0.18524321913719177,0.564849853515625,0.576629638671875,"1.26,1.1,1.29,1.26,1.26,1.29,1.41,1.19","0.195,0.174,0.158,0.136,0.131,0.12,0.103,0.102","0.504,0.547,0.453,0.473,-0.504,-0.482,-0.57,-0.539","0.552,0.552,0.368,0.552,-0.552,-0.552,-0.552,-0.552","0.432,0.469,0.388,0.405,-0.489,-0.415,-0.652,-0.623",0.7265625,0.7366071939468384,1,0.02564193680882454,0.1281488686800003
0,gate_proj,gptq,12288,4096,0,0.0021009445190429688,0.0015188256899515788,1535.0000539806206,0.04697693171872119,3487.59228515625,1977.732421875,5.285617828369141,18.559688568115234,12.02227783203125,21.54941177368164,0.9105000495910645,1534.36474609375,0.06830981373786926,"1146,2366,3780,2360,3515,373,916,128,3179,432,1785,3470,2637,2573,1603,666",22.758909225463867,,,,,0,7.451040744781494,12.956446647644043,4.314304828643799,9.843838691711426,"0.658,0.677,1.478,0.611,0.315,0.402,0.388,0.392",4071.647705078125,2372.510498046875,"8061,6609,2748,4655,1869,2904,3034,2692",5.024774074554443,4.3359856605529785,"6.419,5.845,3.518,5.101,4.466,4.906,5.158,4.785","3.68,3.333,3.024,2.807,1.79,2.228,2.276,2.142","4.535,4.053,2.487,3.59,3.19,3.513,3.653,3.423",11987,0.0007319250144064426,199,0.0013083206722512841,"3515,1146,128,3780,1330,4081,432,373",0.43436557054519653,0.3826192319393158,0.3390706479549408,"2.96,3.18,3.04,3.08,2.66,3.09,3.09,2.9","0.471,0.461,0.411,0.411,0.408,0.383,0.374,0.373","-0.085,-0.0835,-0.0011,0.0576,0.00307,-0.0289,-0.0654,-0.0854","-0.105,-0.105,0,0.105,0,0,-0.105,-0.105","-0.0759,-0.1,0,0.0636,0,-0.0474,-0.0781,-0.0787",0.369140625,0.4218750298023224,1,0.048418477177619934,0.04169096052646637
0,up_proj,gptq,12288,4096,0,0.002097924550374349,0.001535952091217041,1280.1622460267681,0.04408756705798293,2996.11083984375,1699.4517822265625,4.660134315490723,15.742076873779297,9.973127365112305,18.310680389404297,0.9105000495910645,1279.34716796875,0.04977753385901451,"1146,2366,3780,373,2360,3515,916,128,432,3179,1785,2637,3470,2573,666,989",22.758909225463867,,,,,0,6.264167308807373,10.9971342086792,3.6553168296813965,8.389810562133789,"0.676,0.690,1.207,0.629,0.318,0.410,0.397,0.400",4071.647705078125,2372.510498046875,"8061,6609,2748,4655,1869,2904,3034,2692",5.024774074554443,4.3359856605529785,"6.419,5.845,3.518,5.101,4.466,4.906,5.158,4.785","3.411,3.114,2.519,2.611,1.665,2.079,2.126,2.001","4.148,3.747,2.293,3.293,2.951,3.247,3.373,3.163",3567,0.0004383749910630286,7931,0.0007579131051898003,"3515,1146,128,3780,1330,4081,432,373",0.3006764054298401,0.3193461298942566,0.3272501826286316,"2.82,2.59,2.82,2.77,2.91,2.78,2.7,2.92","0.471,0.461,0.411,0.411,0.408,0.383,0.374,0.373","-0.0488,0.024,-0.0315,0.0408,0.0138,-0.00696,-0.0155,-0.042","-0.054,0.018,-0.036,0.036,0.018,0,-0.018,-0.036","-0.0407,0.0198,-0.0212,0.0407,0.0191,0,-0.0187,-0.0382",0.09716796875,0.09349117428064346,1,0.03485241159796715,0.022992124781012535
0,down_proj,gptq,4096,12288,0,0.00200045108795166,0.0014944275220235188,2988.9859805419583,0.08451716851607836,5292.4921875,2182.140625,1.431540846824646,4.691338539123535,6.079464912414551,5.8010573387146,0.17964348196983337,2981.654541015625,0.12275907397270203,"12006,9908,248,10808,5592,10919,27,9750,3764,7771,5359,7790,10080,10784,2400,4279",78.96405029296875,,,,,0,4.533824443817139,4.063756942749023,2.0000829696655273,2.4891245365142822,"1.993,1.613,1.040,0.988,0.560,0.710,0.805,0.869",27845.294921875,11602.65625,"4.434e+04,7.716e+04,1.839e+04,2.178e+04,9204,1.601e+04,1.841e+04,1.747e+04",4.427695274353027,3.3424363136291504,"4.068,6.135,3.037,4.808,4.068,4.465,4.608,4.231","2.562,3.434,1.536,2.044,1.418,1.676,1.842,1.779","1.815,2.704,1.506,2.056,1.896,1.989,2.054,1.908",1838,0.015394920483231544,1838,0.040054164826869965,"8545,7173,2413,2111,2946,1399,5899,8248",0.6309677362442017,0.43536376953125,0.439056396484375,"1.72,1.62,1.36,1.68,1.47,1.73,1.74,1.23","0.713,0.536,0.514,0.407,0.381,0.375,0.362,0.312","0.0108,-0.498,-0.34,-0.271,0.742,-0.164,-0.0183,0.859","0,-0.476,-0.246,-0.271,0.715,-0.228,0,0.737","0,-0.427,-0.388,-0.259,0.636,-0.213,0,0.737",0.859375,1.0845756530761719,1,0.17598941922187805,0.3794221878051758
1,q_proj,gptq,4096,4096,0,0.0020722150802612305,0.001502394676208496,430.4221061764083,0.04854711708961561,975.810302734375,573.8141479492188,0.11257201433181763,1.0107083320617676,0.2124635875225067,1.0025010108947754,0.9796031713485718,429.25537109375,0.13079597055912018,"822,994,2276,502,313,270,2192,3822,807,1256,3955,1785,3992,3035,382,1399",891.4760131835938,,,,,0,0.11658134311437607,0.5462155938148499,0.09086436033248901,0.4943753182888031,"0.179,0.296,0.281,0.234,0.153,0.188,0.200,0.187",2056.1162109375,1805.7550048828125,"1651,3251,1193,2547,1305,2047,2415,2040",1.7910298109054565,1.6866599321365356,"2.053,1.958,1.386,1.892,1.602,1.797,1.862,1.78","0.3672,0.44,0.2872,0.3737,0.2527,0.3187,0.3414,0.3163","0.8682,0.8082,0.5417,0.7721,0.6471,0.7345,0.7625,0.7305",2003,0.0032655715476721525,3233,0.015041389502584934,"822,994,2192,3992,3828,2608,2316,676",1.9014265537261963,0.414337158203125,0.4237060546875,"1.75,2.71,1.83,1.89,1.94,1.9,1.74,1.99","0.937,0.403,0.289,0.235,0.192,0.151,0.146,0.112","0.0854,0.0408,-0.0325,0.0527,-0.0378,0.0928,0.144,0.0398","0.0898,0,0,0.0898,0,0.0898,0.18,0.0898","0.0731,0.0541,-0.0424,0.0617,-0.0513,0.0731,0.15,0.0421",0.314453125,0.2695312798023224,5,0.014443101361393929,0.02533986046910286
1,k_proj,gptq,1024,4096,0,0.0020918846130371094,0.0015196800231933594,125.1342267924519,0.047185394712074426,284.79327392578125,167.34666442871094,0.03285706788301468,0.29952988028526306,0.06153056025505066,0.30545634031295776,0.9796031713485718,124.66899108886719,0.13700875639915466,"822,994,2276,502,313,2192,270,3822,807,3955,1785,1776,1256,1399,3992,537",891.4760131835938,,,,,0,0.033450521528720856,0.1656498908996582,0.02652687393128872,0.15131989121437073,"0.177,0.304,0.233,0.215,0.142,0.176,0.189,0.176",2056.1162109375,1805.7550048828125,"1651,3251,1193,2547,1305,2047,2415,2040",1.7910298109054565,1.6866599321365356,"2.053,1.958,1.386,1.892,1.602,1.797,1.862,1.78","0.1946,0.2363,0.1529,0.1979,0.1369,0.1723,0.184,0.1705","0.4625,0.4287,0.3169,0.4264,0.3637,0.4105,0.4233,0.4066",204,0.004878551699221134,498,0.019164467230439186,"822,994,2192,3992,3828,2608,2316,676",1.9801045656204224,0.34521484375,0.3369140625,"1.18,1.1,1.06,1.1,1.18,1.13,1.24,1.12","0.937,0.403,0.289,0.235,0.192,0.151,0.146,0.112","0.109,0.111,-0.0398,0.157,-0.175,0.149,0.139,0.135","0.113,0.113,-0.0564,0.169,-0.169,0.169,0.113,0.113","0.0938,0.095,-0.0272,0.135,-0.15,0.128,0.113,0.116",0.197265625,0.1690848171710968,4,0.009559285826981068,0.030386069789528847
1,v_proj,gptq,1024,4096,0,0.0020918846130371094,0.00147247314453125,120.24377980825341,0.039922376156498095,301.3595886230469,182.33673095703125,0.034951772540807724,0.192650705575943,0.060706768184900284,0.18150997161865234,0.9796031713485718,119.85243225097656,0.07933267951011658,"994,2276,502,822,313,2192,3822,270,1785,807,1055,382,3507,1776,1256,1399",891.4760131835938,,,,,0,0.03259916231036186,0.10009893029928207,0.026855861768126488,0.09095792472362518,"0.274,0.437,0.570,0.331,0.254,0.293,0.297,0.285",2056.1162109375,1805.7550048828125,"1651,3251,1193,2547,1305,2047,2415,2040",1.7910298109054565,1.6866599321365356,"2.053,1.958,1.386,1.892,1.602,1.797,1.862,1.78","0.1826,0.23,0.143,0.1978,0.1392,0.1743,0.1879,0.173","0.3486,0.3479,0.1894,0.344,0.2764,0.3219,0.3448,0.3241",385,0.0044005513191223145,254,0.004814456682652235,"822,994,2192,3992,3828,2608,2316,676",0.6650415062904358,0.8477783203125,0.9033203125,"0.16,0.283,0.377,0.246,0.12,0.186,0.22,0.257","0.937,0.403,0.289,0.235,0.192,0.151,0.146,0.112","-0.00427,0.00104,0.0097,-0.000186,-0.0015,-4.34e-05,-0.00467,0.00964","0,0,0,0,0,0,0,0","0,0,0,0,0,0,0,0",0.1279296875,0.13445168733596802,1,0.009233682416379452,0.010311650112271309
1,o_proj,gptq,4096,4096,0,0.0021413564682006836,0.0015142560005187988,407.1841404533525,0.03808943232650127,1113.0396728515625,621.961181640625,0.23870481550693512,0.7100805640220642,0.6845186948776245,1.1344715356826782,0.6358820796012878,406.2637939453125,0.04199362173676491,"4049,3921,3665,568,3816,605,4072,602,3688,586,517,630,524,613,1702,631",52.76756286621094,,,,,0,0.44482988119125366,0.7876079678535461,0.2589578926563263,0.4447498321533203,"0.324,0.621,0.753,0.784,0.630,0.594,0.586,0.577",8229.0478515625,3997.520263671875,"1.135e+04,1.592e+04,9701,6798,6146,5355,5772,4793",2.2189595699310303,1.670892596244812,"3.226,3.031,2.08,1.721,1.888,1.902,2.036,1.868","0.7014,0.913,0.6909,0.5842,0.6,0.5845,0.6234,0.5694","1.232,1.158,0.7961,0.6598,0.7557,0.7587,0.8143,0.7494",270,0.004702362231910229,243,0.002111427253112197,"2444,2060,2188,2316,3175,2664,3303,3793",0.06093014404177666,0.528411865234375,0.524200439453125,"1.03,0.97,1.01,0.977,1.39,1.55,1.73,0.884","0.219,0.206,0.164,0.146,0.119,0.119,0.113,0.11","-0.0381,-0.0352,-0.132,-0.0179,-0.203,0.0295,-0.244,-0.0552","0,0,-0.129,0,-0.194,0.0377,-0.259,0","-0.0583,-0.0477,-0.129,0,-0.243,0.0211,-0.279,-0.0557",0.453125,0.4784383177757263,1,0.041147395968437195,0.019953247159719467
1,gate_proj,gptq,12288,4096,0,0.0019434094429016113,0.0014608105023701985,457.9509180219866,0.020095101493492116,1748.8758544921875,1437.937255859375,87.55252075195312,13316.2275390625,190.66143798828125,13424.83203125,0.9789950251579285,444.0072021484375,0.46719256043434143,"822,3992,2275,971,2608,3863,1330,3828,2572,2316,1214,4081,3674,3822,2395,2192",1407.9593505859375,,,,,0,108.542236328125,6390.55029296875,74.00807189941406,6917.51416015625,"0.026,0.027,0.021,0.016,0.009,0.012,0.013,0.011",979.0028076171875,885.858154296875,"799.2,1386,609.4,1189,713.7,993.5,1159,983",58.425697326660156,59.21867370605469,"65.02,52.7,62.57,56.02,57.86,58.49,56.71,58.03","13.88,11.89,11.58,10.16,7.639,8.989,9.137,8.614","85.76,71.79,79.79,80.47,78.91,80.66,80.13,81.36",9552,0.0008814798784442246,1161,0.0004482641816139221,"822,2275,971,1214,3828,676,3992,2608",24.593259811401367,0.128387451171875,0.0675455778837204,"6.64,6.62,4.44,4.17,7.26,5.81,6.03,4.96","37.7,30.7,9.46,9.18,7.65,7.43,7.27,6.68","0.0339,-0.015,-0.0206,-0.0854,-0.012,0.0104,0.0227,0.0299","0.0474,0,-0.0474,-0.0949,0,0,0.0474,0.0474","0.0533,0,-0.0329,-0.0866,0,0,0.0339,0.0379",0.1865234375,0.1656893789768219,2,0.2267853319644928,0.33157283067703247
1,up_proj,gptq,12288,4096,0,0.002016603946685791,0.001469433307647705,119.7968098596072,0.011069192352067296,759.1824951171875,656.6004028320312,33.208831787109375,519.5927734375,55.92702865600586,519.6507568359375,0.9789950251579285,119.23747253417969,0.23359158635139465,"822,3992,2608,971,3863,1330,2572,2275,2316,1214,4081,3674,3822,2395,3828,2192",1407.9593505859375,,,,,0,31.65132713317871,254.02859497070312,23.91840934753418,262.2125549316406,"0.145,0.205,0.111,0.135,0.078,0.105,0.120,0.101",979.0028076171875,885.858154296875,"799.2,1386,609.4,1189,713.7,993.5,1159,983",58.425697326660156,59.21867370605469,"65.02,52.7,62.57,56.02,57.86,58.49,56.71,58.03","6.868,6.683,5.42,5.632,4.331,5.128,5.44,5.062","18.01,14.76,16.26,15.32,15.53,15.83,15.7,15.91",9348,0.0023683994077146053,11875,0.0036838070955127478,"822,2275,971,1214,3828,676,3992,2608",7.03110408782959,0.6023966670036316,0.5038350820541382,"0.656,0.46,0.75,1.3,0.597,1.44,0.565,0.632","37.7,30.7,9.46,9.18,7.65,7.43,7.27,6.68","-0.000961,-0.00281,-0.0142,0.00952,0.00671,-0.00668,0.00275,0.00519","0,0,0,0,0,0,0,0","0,0,0,0,0,0,0,0",0.41015625,0.35250237584114075,1,0.21077460050582886,0.23016509413719177
1,down_proj,gptq,4096,12288,0,0.0021077791849772134,0.0014987587928771973,1522.8067673946916,0.106825945027903,2459.70068359375,908.5160522460938,1.6145894527435303,2.663182258605957,5.257147789001465,7.037961959838867,0.9881763458251953,1519.51953125,0.23527665436267853,"4381,1845,978,7404,11629,452,5152,11237,2269,21,7145,11125,9829,11124,6188,1726",2026.9034423828125,,,,,0,3.586179494857788,6.631534099578857,2.5022737979888916,1.9787160158157349,"0.491,1.265,0.622,1.118,0.291,0.464,1.181,0.582",19545.130859375,11744.6728515625,"9.979e+04,7438,1.116e+04,5904,3813,1.332e+04,8215,6727",5.965739727020264,3.045910120010376,"17.74,3.068,5.465,2.686,5.484,5.92,3.368,3.999","3.931,1.344,1.433,1.044,1.126,1.773,1.481,1.295","5.611,1.195,1.817,0.988,2.087,2.602,1.363,1.698",1838,0.013600926846265793,1838,0.05719423294067383,"11629,572,4381,954,3858,3991,9162,6255",0.9046897292137146,0.56744384765625,0.6134033203125,"1.11,1.29,1.38,1.3,1.61,1.9,1.21,1.28","3.48,1.68,0.577,0.555,0.43,0.405,0.264,0.262","0.879,-1.06,-0.637,-0.984,0.0723,-0.0591,-0.186,-1.04","0.911,-0.911,-0.607,-0.911,0,0,-0.247,-1.21","0.753,-1.21,-0.546,-1.12,0.128,0,-0.244,-1.19",1.0625,1.358121395111084,1,0.13135631382465363,0.4990221858024597
2,q_proj,gptq,4096,4096,0,0.0020734071731567383,0.0015023350715637207,459.4881039515276,0.043903933253929224,1091.865966796875,650.7859497070312,0.3228989243507385,1.3239742517471313,0.5413435101509094,1.2902824878692627,0.7658339738845825,458.5856628417969,0.14465267956256866,"2817,1570,496,2136,1832,2806,1628,3838,168,1768,994,1425,1213,1400,3804,2893",252.3038330078125,,,,,0,0.26547613739967346,0.6454513072967529,0.2628951668739319,0.6859002709388733,"0.309,0.633,0.430,0.427,0.313,0.384,0.391,0.370",2291.357177734375,2379.904052734375,"716.7,3620,911.4,3056,1595,2671,3161,2600",1.900478482246399,1.978398084640503,"1.597,2.015,1.24,2.21,1.712,2.063,2.277,2.089","0.3682,0.656,0.3367,0.5947,0.4165,0.5376,0.5873,0.5325","0.662,0.8248,0.5135,0.9096,0.7442,0.8672,0.9394,0.8751",3347,0.002746755024418235,3859,0.0036898136604577303,"822,994,971,2192,2276,2316,270,3992",0.4869348108768463,0.436065673828125,0.458831787109375,"1.54,2.24,1.43,1.78,1.86,1.64,1.94,1.83","0.588,0.457,0.303,0.265,0.182,0.166,0.148,0.139","-0.104,0.0537,0.119,0.061,0.0422,-0.114,-0.0918,0.0013","-0.12,0.06,0.12,0.06,0,-0.12,-0.12,0","-0.118,0.0544,0.109,0.0583,0.0583,-0.126,-0.096,0",0.255859375,0.25622937083244324,1,0.02182610146701336,0.019603515043854713
2,k_proj,gptq,1024,4096,0,0.0020737648010253906,0.0014908313751220703,142.10693245131733,0.048418067127037376,321.68603515625,192.17843627929688,0.09440594166517258,0.4170125722885132,0.16368386149406433,0.4112171232700348,0.7658339738845825,141.71466064453125,0.17785273492336273,"2817,1570,496,2136,1832,2806,3838,1628,168,1425,994,1768,1213,1400,3933,729",252.3038330078125,,,,,0,0.0793013796210289,0.20674164593219757,0.07879318296909332,0.21562793850898743,"0.292,0.618,0.307,0.407,0.283,0.366,0.375,0.350",2291.357177734375,2379.904052734375,"716.7,3620,911.4,3056,1595,2671,3161,2600",1.900478482246399,1.978398084640503,"1.597,2.015,1.24,2.21,1.712,2.063,2.277,2.089","0.2171,0.3596,0.1806,0.3231,0.2239,0.2938,0.3185,0.2884","0.4018,0.4573,0.3258,0.5062,0.4206,0.4858,0.5198,0.4877",958,0.0068265642039477825,1020,0.03000822849571705,"822,994,971,2192,2276,2316,270,3992",0.7006831765174866,0.41259765625,0.41064453125,"1.18,1.05,1.16,1.04,1.1,1.24,1.11,1.05","0.588,0.457,0.303,0.265,0.182,0.166,0.148,0.139","0.0884,-0.0481,-0.0603,-0.0352,-0.0928,0.0688,0.00106,0.0148","0.113,0,0,0,-0.113,0.113,0,0","0.0758,-0.0633,-0.0633,-0.0642,-0.0642,0.0762,0,0",0.39453125,0.4508928656578064,1,0.018500879406929016,0.037801723927259445
2,v_proj,gptq,1024,4096,0,0.0020596981048583984,0.0014698505401611328,120.49766185913495,0.037820829643654,310.7886962890625,188.52227783203125,0.09279517829418182,0.33269697427749634,0.1474343240261078,0.30877685546875,0.7658339738845825,120.15731811523438,0.07407300919294357,"2817,1570,496,2136,1832,2806,3838,1628,168,1768,1425,1213,994,1400,2893,3804",252.3038330078125,,,,,0,0.07076331973075867,0.15367943048477173,0.0733112022280693,0.16802442073822021,"0.315,0.675,0.538,0.466,0.352,0.437,0.439,0.419",2291.357177734375,2379.904052734375,"716.7,3620,911.4,3056,1595,2671,3161,2600",1.900478482246399,1.978398084640503,"1.597,2.015,1.24,2.21,1.712,2.063,2.277,2.089","0.1553,0.344,0.1664,0.3013,0.2174,0.285,0.3113,0.2824","0.2766,0.4187,0.2269,0.4416,0.3662,0.4313,0.4697,0.4364",340,0.004179522395133972,267,0.003979627508670092,"822,994,971,2192,2276,2316,270,3992",0.2396394908428192,0.7872314453125,0.878173828125,"0.161,0.316,0.278,0.395,0.269,0.156,0.436,0.211","0.588,0.457,0.303,0.265,0.182,0.166,0.148,0.139","-0.0025,0.000599,-0.0019,-0.00275,-0.00174,-0.00656,-0.0105,0.000881","0,0,0,0,0,-0.0134,-0.0134,0","0,0,0,0,0,0,0,0",0.1298828125,0.1352458894252777,1,0.014054271392524242,0.012829798273742199
2,o_proj,gptq,4096,4096,0,0.0021233558654785156,0.0015029311180114746,369.67197908628214,0.033519708937992033,1055.164794921875,634.294189453125,0.2604162096977234,0.7340499758720398,0.6493223905563354,0.9548384547233582,0.5970160365104675,369.19317626953125,0.0391429141163826,"3994,4039,693,4047,3989,3610,3663,3605,821,949,565,609,4060,2605,2989,3594",17.711551666259766,,,,,0,0.31602704524993896,0.4718380272388458,0.3415515422821045,0.5340261459350586,"0.432,0.812,0.722,0.703,0.661,0.652,0.671,0.640",4945.99658203125,4828.6640625,"2729,7496,3744,5634,4789,4349,5672,5154",1.6782727241516113,1.7820063829421997,"1.423,1.789,1.447,1.561,1.641,1.665,1.999,1.902","0.3635,0.64,0.4905,0.5278,0.5523,0.5628,0.6712,0.6285","0.5531,0.7101,0.5773,0.6294,0.6791,0.6971,0.8192,0.7855",98,0.002630885923281312,2786,0.0022120613139122725,"3842,3586,3970,3714,2642,2580,3655,3783",0.042708300054073334,0.372802734375,0.354461669921875,"1.33,1.5,1.72,1.19,1.7,1.73,1.74,1.14","0.117,0.114,0.103,0.0995,0.0984,0.0963,0.0937,0.0894","0.0112,0.0649,0.0972,-0.0408,-0.0293,-0.00467,0.03,0.0125","0,0.0792,0.0792,-0.0396,-0.0396,0,0.0396,0.025","0,0.0737,0.0833,-0.0315,-0.028,0,0.0246,0",0.1962890625,0.2096385508775711,1,0.028327545151114464,0.01022923830896616
2,gate_proj,gptq,12288,4096,0,0.0019913911819458008,0.0014201005299886067,364.35728846117854,0.022675790950809023,1305.307861328125,1005.5399169921875,179.80078125,39519.1796875,391.2531433105469,37030.5859375,0.977226197719574,340.51263427734375,0.5989184379577637,"822,2275,3992,971,2316,3828,368,3863,1330,2608,2632,3822,676,2192,1214,2058",1518.575927734375,,,,,0,178.48426818847656,17318.6484375,180.96087646484375,19446.0859375,"0.014,0.019,0.010,0.011,0.006,0.009,0.009,0.008",765.9636840820312,831.5221557617188,"308.1,1049,293,994.1,604.2,910.8,1067,901.2",91.78824615478516,95.5503158569336,"89.89,79.82,95.17,89.97,94.47,95.55,93.9,95.54","14.32,15.62,13.49,14.01,10.82,13.05,12.84,12.17","123,113.5,133.4,133,134.6,137.5,137,138.7",587,0.002713761990889907,1185,0.00863275770097971,"822,2275,971,2316,676,368,3828,1838",14.062932014465332,0.1343587338924408,0.0566202811896801,"7.68,8.78,4.67,4.55,2.74,3.94,4.07,2.91","60.9,48.9,28.3,15.7,12.8,12.8,10.7,10.6","0.559,-0.676,-0.241,0.311,0.021,0.117,-0.0403,-0.0137","0.579,-0.579,-0.193,0.386,0,0.193,0,-0.193","0.479,-0.579,-0.207,0.266,0.018,0.1,-0.0345,-0.0118",0.67578125,0.5792410969734192,2,0.5639069676399231,11.555839538574219
2,up_proj,gptq,12288,4096,0,0.0020178556442260742,0.0014699300130208333,224.91761380247772,0.0173030368587314,1009.74853515625,819.8624267578125,131.450927734375,17475.5234375,256.4152526855469,16445.330078125,0.977226197719574,211.75662231445312,0.5101240873336792,"2275,822,2316,971,3992,3863,1330,2632,368,2608,3828,2192,1838,3822,1214,676",1518.575927734375,,,,,0,120.89631652832031,7683.12939453125,117.47534942626953,8579.322265625,"0.016,0.028,0.014,0.020,0.011,0.014,0.015,0.013",765.9636840820312,831.5221557617188,"308.1,1049,293,994.1,604.2,910.8,1067,901.2",91.78824615478516,95.5503158569336,"89.89,79.82,95.17,89.97,94.47,95.55,93.9,95.54","10.45,12.3,10.83,12.24,9.57,10.94,11.03,10.33","83.13,73.83,93.16,86.07,91.5,91.47,89.05,91.36",6943,0.005659204442054033,1185,0.016802512109279633,"822,2275,971,2316,676,368,3828,1838",7.563575744628906,0.5463969111442566,0.4149068295955658,"5.45,7.15,2.51,3.27,0.931,1.28,1.02,1.01","60.9,48.9,28.3,15.7,12.8,12.8,10.7,10.6","0.389,-0.498,-0.162,0.21,-0.000828,0.0476,0.0117,0.00565","0.427,-0.427,-0.142,0.285,0,0,0,-0.142","0.333,-0.427,-0.139,0.18,0,0.0408,0.0123,0.00552",0.498046875,0.4268973469734192,3,0.7199447154998779,7.984388828277588
2,down_proj,gptq,4096,12288,0,0.0020237167676289878,0.001496414343516032,1314.3043480755312,0.0962992056226029,2257.218994140625,929.2293701171875,1.5668996572494507,2.553273916244507,4.184194087982178,3.8114492893218994,0.9705432653427124,1310.380126953125,0.3063965141773224,"12116,1551,11959,10277,6287,3335,881,2142,11880,5692,2403,4899,3427,5690,120,6194",1487.181396484375,,,,,0,2.460162878036499,2.8014845848083496,1.5951589345932007,1.5091092586517334,"0.796,1.669,0.909,1.485,0.594,0.874,1.103,0.587",10092.5947265625,7137.697265625,"7060,1.165e+04,5357,1.194e+04,1.892e+04,1.435e+04,7036,4425",4.271595001220703,2.8469903469085693,"4.086,2.757,6.231,3.305,6.33,4.654,3.155,3.654","1.327,1.367,1.897,1.602,1.805,1.842,1.365,1.17","1.487,1.058,1.99,1.314,2.342,1.971,1.3,1.527",1838,0.006085772532969713,1838,0.14929844439029694,"12116,11379,4435,5176,602,3313,11503,1964",0.38352492451667786,0.51416015625,0.512786865234375,"1.45,1.61,1.4,1.36,1.48,1.58,1.73,1.38","4.25,0.598,0.513,0.428,0.403,0.316,0.307,0.306","-1.15,-0.122,-0.949,-0.961,-0.559,-0.789,0.013,0.992","-1.31,-0.217,-0.984,-0.214,-0.328,-0.807,0,0.656","-1.31,-0.112,-1.08,-0.824,-0.638,-0.902,0,0.85",1.1484375,1.7551600933074951,1,0.14084090292453766,0.9051113724708557
3,q_proj,gptq,4096,4096,0,0.002065718173980713,0.0014989376068115234,488.41180559912664,0.047632378705475695,1113.3597412109375,659.5665283203125,0.5668416023254395,2.7104415893554688,1.0638155937194824,2.7000107765197754,0.6989209651947021,487.23736572265625,0.11035138368606567,"2276,971,994,2933,2022,3822,2925,1984,3992,1785,1776,1399,4034,4045,327,4044",180.60093688964844,,,,,0,0.5080094933509827,1.300877332687378,0.5015515685081482,1.4432207345962524,"0.375,0.694,0.294,0.382,0.316,0.342,0.335,0.319",2108.6904296875,2289.47119140625,"459.5,3746,435.2,2805,1575,2500,2924,2426",2.64679217338562,2.7726900577545166,"2.622,2.925,1.515,3.012,2.246,2.829,3.132,2.892","0.6342,0.99,0.3447,0.791,0.5667,0.7217,0.772,0.7066","1.036,1.189,0.6361,1.279,1.008,1.234,1.333,1.251",1033,0.0038688601925969124,1031,0.006520352326333523,"971,994,2192,2276,3992,822,270,445",0.5494321584701538,0.416015625,0.443206787109375,"1.34,2.48,1.7,1.45,1.68,1.53,2.02,2.2","0.794,0.553,0.396,0.389,0.299,0.254,0.198,0.166","-0.0118,-0.527,-0.15,-0.0408,0.0405,0.0586,-0.373,0.167","0,-0.452,-0.151,0,0,0.151,-0.452,0.151","0,-0.452,-0.152,-0.0759,0.0564,0.0709,-0.426,0.143",0.52734375,0.4520089626312256,2,0.035251718014478683,0.05660032480955124
3,k_proj,gptq,1024,4096,0,0.002082347869873047,0.0014660358428955078,138.10392326790816,0.04958804762018467,308.07489013671875,182.66122436523438,0.15668579936027527,0.7661223411560059,0.29615551233291626,0.755693256855011,0.6989209651947021,137.86907958984375,0.12313159555196762,"2276,971,994,2022,2933,3822,1785,1399,2925,4034,4044,3992,1776,327,4045,888",180.60093688964844,,,,,0,0.14223122596740723,0.3766341209411621,0.13863182067871094,0.3985251188278198,"0.324,0.634,0.282,0.403,0.318,0.333,0.327,0.312",2108.6904296875,2289.47119140625,"459.5,3746,435.2,2805,1575,2500,2924,2426",2.64679217338562,2.7726900577545166,"2.622,2.925,1.515,3.012,2.246,2.829,3.132,2.892","0.3389,0.5193,0.1828,0.4286,0.301,0.378,0.405,0.3724","0.5952,0.6521,0.3444,0.675,0.5341,0.6546,0.7082,0.6665",511,0.006496137008070946,879,0.019249003380537033,"971,994,2192,2276,3992,822,270,445",0.6579618453979492,0.444580078125,0.451171875,"1.03,1.16,0.991,1.1,1.01,1.06,0.997,0.956","0.794,0.553,0.396,0.389,0.299,0.254,0.198,0.166","-0.00391,-0.0156,0.013,-0.0107,0.0427,0.00406,0.00952,0.00861","0,0,0,0,0.0455,0,0,0","0,0,0,0,0.0385,0,0,0",0.16015625,0.1425914317369461,8,0.02426229976117611,0.0211491622030735
3,v_proj,gptq,1024,4096,0,0.0020372867584228516,0.001478433609008789,123.45004839653154,0.03757248450680376,319.77239990234375,197.2064208984375,0.1630781888961792,0.6787123680114746,0.273861825466156,0.6296477317810059,0.6989209651947021,123.0942153930664,0.05883972719311714,"2933,2022,3822,2925,1776,232,1785,2276,1722,2884,4034,1480,4044,3705,76,1399",180.60093688964844,,,,,0,0.12740707397460938,0.29873383045196533,0.13550031185150146,0.345684677362442,"0.347,0.614,0.492,0.425,0.392,0.394,0.381,0.363",2108.6904296875,2289.47119140625,"459.5,3746,435.2,2805,1575,2500,2924,2426",2.64679217338562,2.7726900577545166,"2.622,2.925,1.515,3.012,2.246,2.829,3.132,2.892","0.2114,0.4839,0.1699,0.4099,0.3016,0.3817,0.4092,0.3734","0.3589,0.6177,0.2423,0.6289,0.4816,0.608,0.6633,0.6194",866,0.004948916845023632,750,0.005117610562592745,"971,994,2192,2276,3992,822,270,445",0.19913731515407562,0.69921875,0.8380126953125,"0.189,0.326,0.377,0.227,0.247,0.138,0.384,0.545","0.794,0.553,0.396,0.389,0.299,0.254,0.198,0.166","0.00186,-0.0054,0.008,-0.00519,0.00256,0.000196,0.00323,-0.00714","0,0,0,0,0,0,0,0","0,0,0,0,0,0,0,0",0.1494140625,0.1331636756658554,1,0.021215206012129784,0.018861720338463783
3,o_proj,gptq,4096,4096,0,0.00212019681930542,0.001502394676208496,403.3294356636454,0.035747774783343345,1145.6075439453125,648.9489135742188,0.46003296971321106,1.2425410747528076,0.8832069635391235,1.1786329746246338,0.697601854801178,401.7459716796875,0.0300147607922554,"923,3418,795,4070,898,770,2004,3814,3942,403,427,3686,275,1002,4068,508",18.263694763183594,,,,,0,0.3835391104221344,0.5138571858406067,0.4647453725337982,0.6538558602333069,"0.293,0.918,0.782,0.939,0.735,0.756,0.749,0.690",3555.29052734375,3635.66943359375,"1309,5858,3743,5607,2533,2726,3464,3203",1.7609803676605225,1.9725261926651,"1.645,2.04,1.525,1.746,1.529,1.665,1.999,1.939","0.3444,0.7579,0.5514,0.6855,0.5458,0.6065,0.704,0.6633","0.6364,0.791,0.6234,0.7075,0.6365,0.6976,0.8136,0.7984",2387,0.004463213961571455,270,0.004101210739463568,"1103,795,667,539,923,4070,200,142",0.07334914058446884,0.37469482421875,0.36590576171875,"1.7,1.74,1.49,1.06,1.69,1.65,1.33,1.29","0.147,0.142,0.142,0.142,0.139,0.133,0.13,0.13","-0.0806,0.0286,0.0113,-0.0192,0.0437,0.00568,0.0427,0.0217","-0.0679,0.0483,0,0,0.0483,0,0.0483,0.0483","-0.105,0.0338,0.0167,-0.022,0.0356,0,0.0391,0.0195",0.240234375,0.21574977040290833,1,0.03646274656057358,0.010067486204206944
3,gate_proj,gptq,12288,4096,0,0.0020316441853841147,0.0013862450917561848,532.260893623345,0.018603406254106322,2187.472412109375,1754.8043212890625,190.22531127929688,14191.427734375,414.2306823730469,12721.306640625,0.979120671749115,519.329833984375,0.4737634062767029,"822,2275,971,1214,3992,2316,1330,2058,3863,3822,3828,4081,2632,2192,26,3035",2012.9593505859375,,,,,0,177.93736267089844,5997.6171875,187.35604858398438,6883.693359375,"0.027,0.065,0.035,0.031,0.018,0.027,0.027,0.023",953.4339599609375,1065.040771484375,"245.3,1516,224.2,1275,752.8,1148,1336,1130",65.30828857421875,69.90807342529297,"56.06,53.41,68.14,63.49,70.13,70.41,69.71,71.11","10.8,15.73,14.59,13.69,10.95,13.65,13.71,12.85","65.75,61.5,77.43,77.36,81.7,83.69,83.85,84.78",3075,0.0007094311295077205,11375,0.0005436260253190994,"2275,822,971,1214,1330,2316,26,3992",5.180247783660889,0.1732889860868454,0.1093648299574852,"6.44,7,4.26,5.16,4.18,3.79,4.61,3.8","42,41,21.4,13.6,8.7,8.51,6.16,5.07","-0.0146,0.00702,-0.111,-0.0312,-0.000319,-0.0195,-0.00473,0.00885","0,0,-0.14,-0.0698,0,0,0,0","-0.0262,0,-0.123,-0.0472,0,-0.0232,0,0",0.244140625,0.2092633992433548,3,0.29171571135520935,0.633712649345398
3,up_proj,gptq,12288,4096,0,0.0020210941632588706,0.0014813939730326335,162.85713303569065,0.010526031357900421,1078.8138427734375,942.9140625,85.10053253173828,1039.5623779296875,137.0078582763672,925.514892578125,0.979120671749115,161.80703735351562,0.23289117217063904,"971,1214,822,2275,3992,2316,1330,2058,3863,2632,4081,3822,3828,2192,4034,1924",2012.9593505859375,,,,,0,61.876182556152344,424.7956848144531,66.99855041503906,499.8722229003906,"0.092,0.289,0.096,0.184,0.102,0.142,0.150,0.129",953.4339599609375,1065.040771484375,"245.3,1516,224.2,1275,752.8,1148,1336,1130",65.30828857421875,69.90807342529297,"56.06,53.41,68.14,63.49,70.13,70.41,69.71,71.11","5.001,9.716,6.199,8.784,6.876,8.365,8.746,8.141","16.48,18.06,19.97,20.5,21.56,22.22,22.58,22.66",10827,0.0019384932238608599,10758,0.004405886400490999,"2275,822,971,1214,1330,2316,26,3992",2.055710792541504,0.6901041865348816,0.591033935546875,"0.668,0.46,0.63,0.859,0.814,0.818,0.914,0.756","42,41,21.4,13.6,8.7,8.51,6.16,5.07","0.00629,-0.00383,-0.00203,0.0115,-0.00739,-0.0154,0.0144,0.000931","0,0,0,0,0,0,0.0614,0","0,0,0,0,0,0,0,0",0.216796875,0.24580074846744537,1,0.3027191758155823,1.1094186305999756
3,down_proj,gptq,4096,12288,0,0.002015690008799235,0.0015153884887695312,1927.8561777993282,0.10476922062390917,3212.73974609375,1155.01953125,3.761357545852661,6.162040710449219,13.008342742919922,8.029813766479492,0.0303665678948164,1924.6246337890625,0.18905282020568848,"8278,6220,6326,5061,10564,5509,6937,1210,5364,9412,6564,5968,5526,4386,6807,10613",68.1326904296875,,,,,0,6.904854774475098,3.4810290336608887,5.409893989562988,3.466538906097412,"0.587,2.507,0.951,1.671,2.673,1.468,1.380,1.546",19067.982421875,14322.482421875,"3002,7.979e+04,1697,1.838e+04,1.935e+04,1.113e+04,1.019e+04,9010",4.03240966796875,4.010925769805908,"2.291,8.9,1.689,5.256,2.697,3.835,3.961,3.63","0.7234,5.436,0.6541,2.663,2.267,2.176,1.966,1.977","0.9442,3.433,0.6707,2.06,1.387,1.796,1.673,1.59",3786,0.0038451277650892735,1838,0.014595638029277325,"9308,1418,1803,2523,11719,6727,3307,7598",0.795077919960022,0.45880126953125,0.427215576171875,"1.31,1.46,1.02,1.68,1.37,0.799,1.74,1.29","0.413,0.366,0.351,0.294,0.192,0.181,0.18,0.147","-0.0168,0.0223,0.0102,0.0175,0.0498,0.0117,-0.00977,0.00934","-0.033,0.0319,0,0.0776,0.0391,0,0,0.0298","-0.0195,0.0325,0,0.0319,0.0336,0.0172,0,0",0.2392578125,0.21900179982185364,1,0.1405714452266693,0.03128882125020027
4,q_proj,gptq,4096,4096,0,0.0020685791969299316,0.001505136489868164,389.57572865412294,0.03569255141217424,1051.61474609375,694.2230224609375,1.267453670501709,4.478082656860352,2.2873024940490723,4.362185478210449,0.6779862642288208,388.8877868652344,0.09622010588645935,"3772,3494,4045,994,1711,1984,2001,541,339,208,729,3992,929,445,577,822",136.59466552734375,,,,,0,1.028864860534668,1.9425294399261475,1.116056203842163,2.3652050495147705,"0.424,0.756,0.508,0.532,0.486,0.482,0.454,0.437",2436.686767578125,2740.39306640625,"443.5,5228,461.8,3154,1757,2752,3075,2622",2.9977662563323975,3.4024112224578857,"2.006,3.971,1.461,3.568,2.506,3.288,3.746,3.436","0.5694,1.512,0.4589,1.151,0.8442,1.048,1.108,1.023","0.8746,1.739,0.6441,1.579,1.211,1.509,1.645,1.547",1691,0.003473607823252678,3800,0.005474418867379427,"822,994,2192,910,3828,2276,3992,445",0.35183969140052795,0.47344970703125,0.46044921875,"1.78,2.47,1.87,1.76,2.23,1.66,2.03,2.2","0.656,0.568,0.35,0.249,0.247,0.246,0.244,0.194","0.0126,0.008,0.141,-0.0762,0.0393,-0.0454,-0.0859,-0.0938","0,0,0.153,-0.112,0.0765,-0.0765,-0.0765,-0.0765","0,0,0.122,-0.0776,0.0566,-0.0611,-0.0792,-0.0993",0.298828125,0.24813701212406158,1,0.04975774139165878,0.02598501928150654
4,k_proj,gptq,1024,4096,0,0.0020852088928222656,0.0014483928680419922,119.32316003096457,0.039962912889332076,304.11553955078125,193.43580627441406,0.3617316782474518,1.2290836572647095,0.6746918559074402,1.214733600616455,0.6779862642288208,118.81693267822266,0.10177358984947205,"4045,1711,2001,3772,3494,1984,994,729,208,2276,339,822,3992,626,445,2591",136.59466552734375,,,,,0,0.3095293343067169,0.5717446208000183,0.32257139682769775,0.6327068209648132,"0.236,0.968,0.313,0.604,0.457,0.506,0.481,0.466",2436.686767578125,2740.39306640625,"443.5,5228,461.8,3154,1757,2752,3075,2622",2.9977662563323975,3.4024112224578857,"2.006,3.971,1.461,3.568,2.506,3.288,3.746,3.436","0.3445,0.8524,0.2733,0.6193,0.4542,0.5631,0.5893,0.5498","0.7084,0.8664,0.4883,0.7968,0.6716,0.7916,0.8493,0.8058",560,0.013701722957193851,560,0.03716997057199478,"822,994,2192,910,3828,2276,3992,445",0.425076425075531,0.4599609375,0.436279296875,"1.49,1.31,1.09,1.44,1.04,1.79,1.01,1.12","0.656,0.568,0.35,0.249,0.247,0.246,0.244,0.194","-0.473,0.082,-0.0339,0.586,0.0742,0.179,0.00562,0.0123","-0.391,0,0,0.572,0,0.195,0,0","-0.405,0,-0.0511,0.502,0.0812,0.153,0,0",0.68359375,0.5859375596046448,1,0.053160324692726135,0.1294829547405243
4,v_proj,gptq,1024,4096,0,0.0020818710327148438,0.0014595985412597656,108.93928109957369,0.03265845378748257,307.50592041015625,199.454833984375,0.37339872121810913,1.091233253479004,0.6497070789337158,1.0012054443359375,0.6779862642288208,108.73859405517578,0.04791821166872978,"3494,3772,1711,4045,1984,2001,541,339,729,208,994,929,3992,577,1213,445",136.59466552734375,,,,,0,0.2832161486148834,0.45497846603393555,0.3231601417064667,0.5454891324043274,"0.497,0.843,0.753,0.611,0.577,0.578,0.538,0.529",2436.686767578125,2740.39306640625,"443.5,5228,461.8,3154,1757,2752,3075,2622",2.9977662563323975,3.4024112224578857,"2.006,3.971,1.461,3.568,2.506,3.288,3.746,3.436","0.2341,0.7856,0.2291,0.6002,0.4536,0.563,0.5941,0.5525","0.3322,0.8554,0.2641,0.7679,0.5973,0.7405,0.8103,0.7593",279,0.003231052542105317,544,0.0049039642326533794,"822,994,2192,910,3828,2276,3992,445",0.1359367072582245,0.8116455078125,0.8636474609375,"0.162,0.229,0.417,0.27,0.16,0.188,0.319,0.416","0.656,0.568,0.35,0.249,0.247,0.246,0.244,0.194","-0.00739,-0.0125,-0.0181,-0.00351,0.015,0.0101,0.0214,0.022","0,0,-0.0283,0,0.0283,0,0.0283,0.0283","0,-0.0227,-0.0272,0,0.029,0,0.0258,0.022",0.1142578125,0.12216997891664505,1,0.025783173739910126,0.01608388125896454
4,o_proj,gptq,4096,4096,0,0.002119123935699463,0.0015041828155517578,375.69305059295584,0.03192357684817977,1121.113037109375,671.0152587890625,0.8450222015380859,1.9979658126831055,1.8250409364700317,1.9108201265335083,0.5672862529754639,375.3349304199219,0.030826186761260033,"612,1371,1115,3093,3349,3477,1243,1499,3154,3221,524,3175,3431,3559,599,3116",19.71744728088379,,,,,0,0.9636460542678833,0.9322507381439209,0.8547157645225525,1.0411807298660278,"0.557,1.425,1.161,1.022,0.939,0.841,0.812,0.779",4363.58740234375,3708.087158203125,"948.1,1.28e+04,5385,2640,2958,2950,3629,3603",2.257866144180298,2.441793441772461,"1.336,3.312,2.596,1.798,1.895,2.124,2.536,2.466","0.4049,1.645,1.137,0.7199,0.7772,0.8283,0.9418,0.9231","0.5424,1.378,1.055,0.7119,0.8022,0.9033,1.045,1.046",1838,0.003270459594205022,2490,0.0020507529843598604,"664,669,4015,3477,3887,672,702,3631",0.06545418500900269,0.403350830078125,0.3927001953125,"1.65,1.54,1.28,1.14,1.26,1.59,1.54,1.28","0.175,0.172,0.132,0.127,0.126,0.122,0.121,0.117","-0.0205,-0.0537,-0.102,-0.169,0.127,-0.0432,0.0464,-0.201","0,-0.0808,-0.105,-0.211,0.105,-0.0751,0,-0.211","0,-0.0594,-0.077,-0.145,0.091,-0.0594,0.0594,-0.204",0.6171875,0.6963297724723816,1,0.044444356113672256,0.02923402190208435
4,gate_proj,gptq,12288,4096,0,0.0020033915837605796,0.0014200011889139812,1126.6212174643854,0.021424192704795036,4203.66357421875,3330.74365234375,239.92306518554688,6536.134765625,524.2232666015625,5510.0791015625,0.9643911123275757,1120.972412109375,0.37407082319259644,"2275,822,1214,971,3992,2316,4081,1924,2058,26,2876,1114,960,3863,2573,4034",1914.0113525390625,,,,,0,220.64720153808594,2447.8310546875,240.63070678710938,3027.001708984375,"0.069,0.240,0.079,0.108,0.053,0.078,0.077,0.068",1314.6827392578125,1498.2579345703125,"259.1,2635,301,1679,976.2,1513,1688,1466",40.819122314453125,45.35786056518555,"30.94,33.32,41.21,39.31,44.71,44.95,45.76,46.36","9.696,20.51,13.69,15.67,12.35,14.96,15.26,14.44","37.01,41.84,48.79,47.62,53.4,53.61,54.81,55.53",9753,0.0006113301496952772,8334,0.0007194679928943515,"2275,822,1214,971,26,4081,2316,3992",4.002463340759277,0.311126708984375,0.2343648374080658,"6.23,6.14,7.36,6.41,7.03,6.24,5.35,5.16","26.7,25.1,12.6,9.6,6.15,4.32,4.13,3.66","-0.0396,-0.025,-0.00592,0.0718,-0.0742,0.0518,0.0216,0.106","0,0,0,0.0999,-0.0999,0.0999,0,0.0999","-0.048,-0.0239,0,0.0887,-0.0681,0.0675,0.0265,0.101",0.349609375,0.2996652126312256,1,0.3052707314491272,0.17555338144302368
4,up_proj,gptq,12288,4096,0,0.002035816510518392,0.0015049576759338379,292.18518985466176,0.012327061715773023,1674.225341796875,1430.96044921875,91.73046875,675.5535888671875,150.21185302734375,583.79248046875,0.9643911123275757,290.8223876953125,0.1648712009191513,"1214,822,971,2275,3992,2316,2058,4081,1924,2876,960,26,1114,3863,4034,3822",1914.0113525390625,,,,,0,65.88794708251953,259.2575378417969,73.39710235595703,317.4945068359375,"0.131,0.549,0.142,0.317,0.170,0.235,0.241,0.213",1314.6827392578125,1498.2579345703125,"259.1,2635,301,1679,976.2,1513,1688,1466",40.819122314453125,45.35786056518555,"30.94,33.32,41.21,39.31,44.71,44.95,45.76,46.36","3.99,11.44,5.561,8.957,6.878,8.526,8.92,8.345","11.03,15.44,14.74,15.91,16.68,17.58,18.17,18.06",1480,0.0009148194221779704,7890,0.0031904177740216255,"2275,822,1214,971,26,4081,2316,3992",1.4943803548812866,0.76800537109375,0.8318380117416382,"0.603,0.516,0.88,0.793,0.855,0.808,0.93,0.803","26.7,25.1,12.6,9.6,6.15,4.32,4.13,3.66","-0.00659,-3.93e-05,-0.287,-0.017,0.0101,0.00916,-0.00224,-0.0171","0,0,-0.328,0,0,0,0,0","0,0,-0.328,-0.0168,0.0132,0.0162,0,-0.0162",0.287109375,0.328125,1,0.2080223262310028,0.39204567670822144
4,down_proj,gptq,4096,12288,0,0.002619504928588867,0.0015219648679097493,2165.336518040909,0.08164173423702126,4020.03125,1848.5269775390625,6.414107322692871,15.251714706420898,16.001962661743164,12.60330581665039,0.13257266581058502,2157.30810546875,0.09493323415517807,"5532,10111,8132,2358,12013,7914,5484,4758,2149,10549,1796,129,11181,6633,12270,6263",157.84336853027344,,,,,0,9.43820571899414,7.115718364715576,7.067026615142822,5.927762985229492,"0.717,1.876,0.929,1.219,1.058,1.100,1.217,0.991",19888.576171875,11567.28125,"1.304e+04,7.759e+04,3451,1.671e+04,6379,1.233e+04,2.116e+04,8437",5.894463062286377,5.642155647277832,"4.859,10.41,2.66,6.548,4.069,5.991,7.043,5.576","1.838,5.762,1.115,2.941,2.001,2.783,3.413,2.373","2.171,4.207,1.157,2.663,1.946,2.654,3.094,2.384",1838,0.013128445483744144,1838,0.011666770093142986,"1307,142,5890,10107,6297,2132,9071,4575",0.2510705590248108,0.422698974609375,0.43511962890625,"0.885,1.33,1.44,1.17,1.36,1.68,1.49,1.12","0.522,0.407,0.402,0.292,0.255,0.206,0.197,0.197","-0.471,0.428,-0.119,-0.12,-0.0747,0.00243,0.145,-0.225","-0.538,0.396,0,-0.128,-0.134,0,0.211,-0.28","-0.539,0.459,-0.101,-0.0982,-0.0737,0,0.171,-0.254",1.234375,1.1421492099761963,1,0.2293033003807068,0.2101849913597107
5,q_proj,gptq,4096,4096,0,0.002054572105407715,0.0014878511428833008,376.9945534254948,0.0345958836236072,1027.9588623046875,684.9796142578125,1.3433148860931396,5.6862006187438965,2.2736105918884277,4.904627323150635,0.9085851311683655,376.04718017578125,0.10955379158258438,"3992,2876,3828,2276,4045,4034,994,1984,3962,3822,1343,445,2001,3772,1711,3494",699.5804443359375,,,,,0,1.0274460315704346,2.253708600997925,1.093575358390808,2.6508328914642334,"0.344,0.663,0.473,0.481,0.428,0.418,0.402,0.368",2048.760498046875,2266.6171875,"501,4324,506.6,2300,1481,2307,2781,2189",3.385131359100342,3.7412500381469727,"3.177,4.187,1.835,3.662,2.74,3.6,4.104,3.775","0.7681,1.47,0.5314,1.08,0.828,1.035,1.118,1.006","1.309,1.806,0.7729,1.557,1.266,1.602,1.765,1.659",1796,0.004958437755703926,757,0.011854772455990314,"3828,822,994,2275,923,2192,3992,445",0.47131189703941345,0.49444580078125,0.528045654296875,"1.53,1.33,2.1,1.47,1.41,1.67,1.51,2.05","0.687,0.651,0.646,0.405,0.395,0.36,0.314,0.277","-0.0815,0.0933,-0.0952,-0.0508,0.0776,-0.0138,0.0952,0.0537","-0.148,0,-0.148,0,0.148,0,0.148,0","-0.0597,0.122,-0.102,-0.0474,0.0678,0,0.105,0.0405",0.51953125,0.4453125,1,0.05830366164445877,0.04310132563114166
5,k_proj,gptq,1024,4096,0,0.0020313262939453125,0.0014655590057373047,106.54064170381753,0.0373509539781378,279.873779296875,184.9300079345703,0.36525535583496094,1.5740658044815063,0.6483457088470459,1.4178062677383423,0.9085851311683655,105.93211364746094,0.11410841345787048,"3992,2876,3828,2276,994,4045,1984,4034,3822,3962,445,2001,1343,3494,270,3573",699.5804443359375,,,,,0,0.29701101779937744,0.6617147922515869,0.3057105839252472,0.7462853193283081,"0.265,0.773,0.370,0.487,0.401,0.407,0.405,0.360",2048.760498046875,2266.6171875,"501,4324,506.6,2300,1481,2307,2781,2189",3.385131359100342,3.7412500381469727,"3.177,4.187,1.835,3.662,2.74,3.6,4.104,3.775","0.4344,0.8207,0.2969,0.5694,0.4354,0.5428,0.5869,0.5224","0.8436,0.9336,0.4878,0.8155,0.6878,0.8512,0.9225,0.8711",110,0.01524291280657053,622,0.03188876062631607,"3828,822,994,2275,923,2192,3992,445",0.5087087750434875,0.443603515625,0.451171875,"0.978,1.27,1.17,1.07,1.24,0.794,0.923,0.892","0.687,0.651,0.646,0.405,0.395,0.36,0.314,0.277","0.0928,-0.233,0.204,0.189,-0.227,0.0684,-0.03,0.0364","0.112,-0.224,0.224,0.224,-0.224,0.112,0,0","0.108,-0.2,0.224,0.224,-0.224,0.112,-0.0402,0.0385",0.392578125,0.3364955484867096,1,0.053749967366456985,0.05248940363526344
5,v_proj,gptq,1024,4096,0,0.002050638198852539,0.0014562606811523438,105.0690855152061,0.03268556630149334,297.2149353027344,195.6741485595703,0.38922566175460815,1.2997790575027466,0.6308453679084778,1.089053750038147,0.9085851311683655,104.86656951904297,0.07387296110391617,"3992,2876,4034,4045,3962,1984,3822,1343,994,2001,445,2192,382,1711,3573,327",699.5804443359375,,,,,0,0.29062923789024353,0.4938370883464813,0.3062140941619873,0.5937610864639282,"0.369,0.940,0.646,0.562,0.530,0.522,0.522,0.464",2048.760498046875,2266.6171875,"501,4324,506.6,2300,1481,2307,2781,2189",3.385131359100342,3.7412500381469727,"3.177,4.187,1.835,3.662,2.74,3.6,4.104,3.775","0.3267,0.8258,0.2747,0.5649,0.439,0.5466,0.6054,0.5326","0.5377,0.852,0.3419,0.7538,0.6031,0.7568,0.838,0.7823",691,0.004120796453207731,782,0.005848328582942486,"3828,822,994,2275,923,2192,3992,445",0.23609629273414612,0.7828369140625,0.8321533203125,"0.135,0.154,0.315,0.187,0.176,0.482,0.394,0.424","0.687,0.651,0.646,0.405,0.395,0.36,0.314,0.277","0.00146,0.00273,-0.00424,-0.0012,0.000957,0.00772,-0.00674,0.0119","0,0,0,0,0,0,0,0","0,0,0,0,0,0,0,0",0.15234375,0.15778601169586182,1,0.028183043003082275,0.023548739030957222
5,o_proj,gptq,4096,4096,0,0.0021092891693115234,0.0014910697937011719,374.44840644849774,0.03394201177143893,1102.572265625,633.311767578125,1.3029669523239136,3.3141047954559326,1.9711347818374634,2.8699567317962646,0.6401103734970093,373.52142333984375,0.029544152319431305,"2589,2717,2973,166,422,1924,2845,2059,294,1669,544,2001,1617,2786,2315,1668",16.823253631591797,,,,,0,0.9836904406547546,1.4915097951889038,0.9929624199867249,1.5050649642944336,"0.196,0.773,0.770,0.685,0.616,0.688,0.684,0.650",3656.185302734375,2678.2333984375,"854.3,1.017e+04,4602,2598,2266,2624,3266,2866",3.077174186706543,2.995224714279175,"2.671,4.362,3.179,2.509,2.803,2.826,3.185,3.084","0.4565,1.448,1.036,0.7938,0.8777,0.9533,1.077,1.012","1.032,1.646,1.181,0.9593,1.119,1.149,1.302,1.255",989,0.0031254561617970467,1838,0.0059020440094172955,"166,591,847,294,975,38,578,672",0.07686544209718704,0.46221923828125,0.43023681640625,"2.09,1.16,1.21,0.999,0.946,1.19,1.48,1.36","0.278,0.257,0.24,0.239,0.233,0.207,0.196,0.195","-0.0508,-0.0322,-0.0287,-0.0258,-0.00824,-0.0405,-0.00494,-0.0503","-0.0424,-0.0424,-0.0424,-0.0424,0,-0.0424,0,-0.0524","-0.0416,-0.0265,-0.0236,0,0,-0.0608,0,-0.0491",0.29296875,0.2871971130371094,1,0.049068354070186615,0.0163685642182827
5,gate_proj,gptq,12288,4096,0,0.0020325779914855957,0.0014607707659403484,1522.6295094975408,0.027260630219168018,4886.384765625,3655.55224609375,144.45506286621094,2487.94580078125,313.5267028808594,2270.8193359375,0.9356247186660767,1514.281982421875,0.38777488470077515,"822,1214,2275,3010,4081,3992,1924,2058,2876,971,3822,4034,2573,2933,4048,2200",1078.6619873046875,,,,,0,128.39663696289062,1026.8701171875,142.71450805664062,1236.196044921875,"0.114,0.609,0.087,0.164,0.068,0.100,0.121,0.094",1647.11865234375,1816.5091552734375,"450.3,3065,498.9,1912,1237,1920,2272,1821",23.267799377441406,25.54707908630371,"18.19,16.09,24.64,22.45,25.48,26.48,26.29,26.53","8.039,14.73,10.85,12.04,9.228,11.28,12.2,11.03","23.85,18.88,36.81,29.77,35.41,35.65,35.13,35.91",9841,0.0006869521457701921,3397,0.0007109412690624595,"822,2275,1214,3010,971,910,3992,4081",2.717205047607422,0.4459025263786316,0.3878580927848816,"8.68,8.38,11.1,8.69,5.45,4.35,5.97,7.29","15.9,10.8,9.56,6.61,2.15,1.17,1.04,0.98","0.0513,-0.0461,0.00677,-0.0123,-0.0815,-0.0176,0.0466,0.242","0.0804,-0.0804,0,0,0,0.0723,0,0.241","0.0558,-0.0603,0,0,-0.0871,-0.029,0.0692,0.208",0.28125,0.2410714477300644,2,0.24187490344047546,0.234374538064003
5,up_proj,gptq,12288,4096,0,0.002039035161336263,0.001528620719909668,431.03424506598407,0.014349492013890592,2187.09326171875,1797.574951171875,68.23016357421875,234.9627685546875,96.8319091796875,199.84121704101562,0.9356247186660767,429.9867858886719,0.09617558866739273,"1214,822,3010,2275,3992,4081,2058,1924,2876,971,3822,4034,2573,2933,4048,2200",1078.6619873046875,,,,,0,44.160301208496094,92.3173599243164,48.30510711669922,108.67425537109375,"0.310,0.912,0.271,0.537,0.362,0.440,0.480,0.414",1647.11865234375,1816.5091552734375,"450.3,3065,498.9,1912,1237,1920,2272,1821",23.267799377441406,25.54707908630371,"18.19,16.09,24.64,22.45,25.48,26.48,26.29,26.53","3.949,8.973,4.185,7.126,5.703,7.07,7.679,6.884","7.088,9.396,8.041,9.722,9.479,10.65,11.08,10.71",9484,0.0006404525483958423,1088,0.0019654969219118357,"822,2275,1214,3010,971,910,3992,4081",0.48828500509262085,0.754486083984375,0.808380126953125,"0.355,0.396,0.423,0.681,1.86,2.63,1.07,0.751","15.9,10.8,9.56,6.61,2.15,1.17,1.04,0.98","0.0132,-0.0369,-0.0259,0.271,-0.0488,-0.0496,0.0261,0.0332","0,0,0,0.233,-0.155,-0.0835,0,0.0776","0.0181,-0.0416,-0.0209,0.233,-0.0492,-0.0492,0.0308,0.0308",0.271484375,0.2327008992433548,1,0.144322469830513,0.3378655016422272
5,down_proj,gptq,4096,12288,0,0.002015491326649984,0.0015287001927693684,2008.5993845913326,0.06586607658778573,4055.189208984375,2000.633056640625,10.161108016967773,24.305286407470703,22.26183319091797,19.06865119934082,0.45107555389404297,2005.091796875,0.04965357109904289,"8075,595,8148,7507,2050,1029,12234,5128,1151,9896,7267,11436,9615,3186,3134,576",110.06088256835938,,,,,0,10.584799766540527,10.331830024719238,10.86282730102539,9.4700345993042,"0.322,1.680,1.122,1.105,1.053,1.058,1.000,0.957",11034.2255859375,11617.2568359375,"6504,2.758e+04,4791,9422,8092,1.148e+04,1.166e+04,8741",7.480613708496094,7.17458438873291,"8.247,9.433,5.07,7.145,6.149,7.706,8.446,7.65","2.119,4.834,2.15,3.077,2.944,3.403,3.55,3.143","3.736,3.73,2.029,2.928,2.869,3.309,3.55,3.213",1838,0.01651822216808796,1838,0.014520424418151379,"3631,7355,7572,1163,8075,4714,10994,4195",0.3440890610218048,0.470947265625,0.484283447265625,"1.53,1.39,0.928,1.54,1.01,1.61,1.06,1.43","1.35,1.2,0.82,0.45,0.295,0.28,0.275,0.264","-0.14,0.102,0.43,0.149,0.0439,-0.0991,-0.75,-0.438","-0.099,0,0.435,0.221,0,0,-0.653,-0.406","-0.109,0.0982,0.499,0.167,0,-0.143,-0.643,-0.387",0.85546875,0.9825551509857178,1,0.3783715069293976,0.3456573784351349
6,q_proj,gptq,4096,4096,0,0.0020548105239868164,0.0015054941177368164,452.3022383179341,0.03939733657706986,1149.281494140625,718.6210327148438,2.790912628173828,10.76689338684082,4.656620025634766,11.876077651977539,0.6917109489440918,449.26617431640625,0.14336058497428894,"2276,2876,3828,3992,3822,4034,4045,382,994,1984,3494,445,2933,339,3935,3772",627.7877197265625,,,,,0,2.381354808807373,7.9968743324279785,2.098008394241333,4.67979621887207,"0.127,0.726,0.584,0.519,0.450,0.465,0.450,0.401",1930.6463623046875,2042.962890625,"1578,3010,856.7,1976,1387,2095,2524,2019",4.973018169403076,4.769660949707031,"8.813,4.961,2.987,4.601,3.713,4.648,5.193,4.869","2.128,1.916,1.018,1.455,1.152,1.431,1.544,1.393","5.964,2.249,1.333,2.02,1.717,2.098,2.302,2.201",3953,0.005360271781682968,841,0.005175811238586903,"3828,994,923,3010,971,445,2192,3992",0.6023315787315369,0.452423095703125,0.47491455078125,"1.91,2.27,1.79,2.11,0.973,2.29,1.86,1.68","0.884,0.785,0.784,0.698,0.637,0.531,0.403,0.356","-0.118,-0.0253,0.112,-0.101,-0.0366,0.064,-0.0339,0.0718","0,0,0.429,0,0,0,0,0","-0.101,-0.0319,0.0958,-0.0866,-0.0319,0.0548,0,0.0728",1.5,1.2857143878936768,1,0.0843779668211937,0.047333817929029465
6,k_proj,gptq,1024,4096,0,0.002052783966064453,0.001481771469116211,115.81392694557871,0.0399306129273809,291.7362060546875,181.02525329589844,0.7099955677986145,2.8034818172454834,1.165555715560913,2.671102285385132,0.6917109489440918,115.3526840209961,0.13165460526943207,"2876,2276,3828,3992,994,4034,3822,4045,445,1984,3494,382,2933,1055,3035,2200",627.7877197265625,,,,,0,0.5630585551261902,1.4712059497833252,0.5448532700538635,1.2635993957519531,"0.177,0.727,0.502,0.532,0.419,0.447,0.428,0.383",1930.6463623046875,2042.962890625,"1578,3010,856.7,1976,1387,2095,2524,2019",4.973018169403076,4.769660949707031,"8.813,4.961,2.987,4.601,3.713,4.648,5.193,4.869","0.85,0.9593,0.536,0.761,0.5866,0.7323,0.7853,0.7058","2.02,1.125,0.7564,1.043,0.906,1.095,1.2,1.141",614,0.010069976560771465,1009,0.01545011717826128,"3828,994,923,3010,971,445,2192,3992",0.5805531144142151,0.3712158203125,0.3643798828125,"1.21,1.44,1.43,1.2,1.36,1.04,1.13,1.03","0.884,0.785,0.784,0.698,0.637,0.531,0.403,0.356","0.114,0.0574,-0.187,0.155,0.146,-0.0303,0.0459,-0.083","0.0798,0.0798,-0.239,0.16,0.16,-0.0798,0.0798,-0.0798","0.105,0.0533,-0.213,0.133,0.16,-0.0283,0.0488,-0.0912",0.279296875,0.2393973171710968,2,0.05886349827051163,0.02987021952867508
6,v_proj,gptq,1024,4096,0,0.0020325183868408203,0.0014700889587402344,120.18298929453886,0.03615642608071889,321.4019470214844,230.67282104492188,0.7794066071510315,2.564858913421631,1.1738336086273193,2.2061009407043457,0.6917109489440918,119.5244369506836,0.08828047662973404,"2876,3992,3822,4034,382,2276,2933,2200,4045,1405,1055,2618,171,3035,2512,1984",627.7877197265625,,,,,0,0.5585758090019226,1.1719563007354736,0.568850576877594,1.10265052318573,"0.197,0.829,0.663,0.569,0.499,0.523,0.515,0.458",1930.6463623046875,2042.962890625,"1578,3010,856.7,1976,1387,2095,2524,2019",4.973018169403076,4.769660949707031,"8.813,4.961,2.987,4.601,3.713,4.648,5.193,4.869","0.6953,0.998,0.5059,0.7651,0.6039,0.7531,0.8238,0.733","1.566,1.096,0.6215,1.014,0.8547,1.041,1.148,1.083",953,0.013460580259561539,439,0.007986408658325672,"3828,994,923,3010,971,445,2192,3992",0.2221459597349167,0.754150390625,0.8740234375,"0.121,0.256,0.206,0.155,0.694,0.281,0.389,0.52","0.884,0.785,0.784,0.698,0.637,0.531,0.403,0.356","-0.0493,0.00233,-0.0747,-0.0142,0.424,0.0349,-0.043,0.0767","0,0,0,0,0.363,0,0,0.121","-0.0592,0,-0.121,-0.0191,0.363,0.0271,-0.0533,0.0787",0.423828125,0.3632812798023224,1,0.07006929814815521,0.052867352962493896
6,o_proj,gptq,4096,4096,0,0.0020887255668640137,0.0014939308166503906,421.9387186449021,0.035274053344306354,1224.316650390625,699.0076904296875,3.4870378971099854,7.3244781494140625,5.205511093139648,8.31412124633789,0.6614151000976562,420.70257568359375,0.06162320822477341,"4025,3641,3897,3769,1673,1545,1929,1801,4010,1994,2581,2572,2635,4062,1932,1930",92.07589721679688,,,,,0,2.6712427139282227,5.048026084899902,2.650188684463501,3.893179416656494,"0.225,0.575,0.665,0.656,0.503,0.598,0.638,0.619",2944.68310546875,2577.597412109375,"2672,4803,4343,2058,2146,2285,2509,2742",5.2078752517700195,4.616991996765137,"6.747,6.021,5.442,4.023,4.862,4.687,4.797,5.083","1.347,1.932,1.917,1.369,1.495,1.562,1.64,1.705","2.841,2.549,2.352,1.69,2.109,2.02,2.053,2.166",1838,0.013108804821968079,1838,0.01960630714893341,"937,3897,3641,4025,553,3769,2083,3783",0.2737404406070709,0.57354736328125,0.555938720703125,"1.38,0.972,1.33,1.08,1.22,0.649,1.78,1.63","0.737,0.667,0.625,0.453,0.394,0.363,0.271,0.25","0.664,-0.711,-0.711,0.166,0.59,0.165,-0.161,0.103","0.609,-0.609,-0.813,0.203,0.609,0.203,-0.203,0.118","0.569,-0.609,-0.609,0.202,0.506,0.16,-0.186,0.107",0.7109375,0.8125000596046448,1,0.1711939573287964,0.29524216055870056
6,gate_proj,gptq,12288,4096,0,0.0020502209663391113,0.0014307101567586262,2050.9554045689874,0.040661345431598696,5040.60888671875,3024.142578125,175.94784545898438,3404.7880859375,900.1107177734375,10220.611328125,0.2778569459915161,2021.3426513671875,0.6910032033920288,"3010,2276,676,3992,2876,4034,3822,2573,382,4071,3828,2452,2933,3035,1055,1785",2998.230712890625,,,,,0,840.8217163085938,10560.9189453125,173.50152587890625,1603.5142822265625,"0.072,0.638,0.147,0.129,0.091,0.094,0.110,0.099",1906.8033447265625,1709.321533203125,"1706,3000,1217,1924,1466,1936,2188,1817",54.883480072021484,27.541120529174805,"254.2,19.47,21.68,33.05,27.39,29.28,27.52,26.43","73.01,18.21,11.83,17.25,11.87,12.96,13.3,11.9","272.6,22.8,30.9,48.08,39.4,42.32,40.06,37.86",5723,0.001127269002608955,4041,0.0004909287672489882,"3010,2276,971,2275,3992,3828,445,4034",4.786201477050781,0.3530070185661316,0.336944580078125,"10.7,1.56,3.38,4.64,4.33,4.36,3.93,4.04","24.5,1.45,0.773,0.722,0.67,0.618,0.6,0.577","-0.0742,0.318,0.167,-0.0801,0.0757,-0.113,0.239,0.0693","-0.091,0.273,0.182,0,0.091,0,0.182,0.091","-0.0753,0.273,0.15,-0.091,0.0943,-0.132,0.205,0.0472",0.318359375,0.42722201347351074,1,0.3985280394554138,0.18559636175632477
6,up_proj,gptq,12288,4096,0,0.0020372668902079263,0.0015293558438618977,429.09121683155354,0.013354351272143891,2304.46435546875,1904.0286865234375,86.99103546142578,208.9402313232422,165.39120483398438,1114.552490234375,0.2778569459915161,427.7801513671875,0.16587375104427338,"2276,3010,676,3992,2876,4034,3822,2573,382,4071,2452,171,3035,1785,2933,1055",2998.230712890625,,,,,0,120.34294891357422,1260.77880859375,56.964202880859375,89.30281829833984,"0.052,1.085,0.756,0.738,0.616,0.648,0.665,0.623",1906.8033447265625,1709.321533203125,"1706,3000,1217,1924,1466,1936,2188,1817",54.883480072021484,27.541120529174805,"254.2,19.47,21.68,33.05,27.39,29.28,27.52,26.43","22.08,10.66,6.266,8.564,7.14,8.086,8.513,7.758","97.16,10.23,7.208,9.966,9.099,10.05,10.44,9.828",5723,0.0009595410665497184,12172,0.010044348426163197,"3010,2276,971,2275,3992,3828,445,4034",0.2099819779396057,0.6350606679916382,0.7034810781478882,"0.35,0.623,2.62,1.39,1.77,0.796,1.67,1.78","24.5,1.45,0.773,0.722,0.67,0.618,0.6,0.577","-0.0737,0.338,0.264,-0.0249,0.0698,-0.0815,0.00964,0.108","-0.0965,0.29,0.29,0.0965,0,0.0965,0,0.0965","-0.0787,0.29,0.226,0,0.0887,-0.0898,0,0.0887",0.337890625,0.41397541761398315,1,0.22116237878799438,0.2008708417415619
6,down_proj,gptq,4096,12288,0,0.0019622047742207846,0.0015114545822143555,2725.116653713798,0.08410942598928269,3376.9736328125,2032.986328125,781.6641235351562,5240.80126953125,242249.171875,450330.4375,0.9999876022338867,930.7850341796875,0.998744547367096,"422,11083,3076,7746,8518,4653,489,4009,5152,5723,4677,7775,11119,4996,3937,11927",11338.125,,,,,0,300888.90625,559405.75,31.955018997192383,12.627368927001953,"0.538,1.352,18.981,2.412,2.333,2.819,2.064,2.117",873.389404296875,128.5654754638672,"5444,685.7,134.1,83.77,120.1,134.9,216.5,167.7",1354.0689697265625,8.359417915344238,"1.076e+04,19.72,8.868,7.084,8.226,8.978,10.78,9.737","1551,9.787,15.71,4.467,5.281,6.228,6.546,5.903","2115,8.418,3.606,2.877,3.457,3.71,4.556,4.057",2276,0.5695127248764038,2276,0.010454105213284492,"3026,1036,422,8353,1655,4361,9336,7849",0.2518143653869629,0.487091064453125,0.504547119140625,"1.61,1.6,1.46,1.67,1.28,1.62,0.897,1.53","1.4,1.02,0.791,0.764,0.703,0.686,0.641,0.575","-0.0199,0.0261,1.42,0.0356,0.0286,0.0776,-0.0215,0.0874","-0.557,0,1.25,0,0.417,0,-1.67,0","-0.0357,0,1.22,0.0603,0.0446,0.128,0,0.0804",1.4609375,6.1522016525268555,3,3.9856319427490234,0.3535003662109375
7,q_proj,gptq,4096,4096,0,0.002053678035736084,0.0014908313751220703,366.8153481444024,0.03358980034837093,1018.7879638671875,693.1729125976562,6.163586139678955,32.04185485839844,10.80196762084961,30.576610565185547,0.9655073881149292,365.9740905761719,0.18753011524677277,"3828,2876,994,2817,1570,445,3822,496,3992,382,368,2136,1628,1832,4045,3838",1388.8145751953125,,,,,0,5.603709697723389,14.766230583190918,4.875870704650879,16.164228439331055,"1.243,0.583,0.415,0.330,0.294,0.299,0.320,0.278",2075.46142578125,1945.406494140625,"106.6,4245,1794,1931,1732,2117,2573,2104",8.53568172454834,9.182049751281738,"3.13,10.43,8.626,9.118,8.273,9.232,9.874,9.604","1.415,3.495,2.41,2.284,1.986,2.217,2.415,2.212","1.269,4.579,3.741,3.979,3.664,4.056,4.271,4.196",475,0.0046483674086630344,209,0.01319761574268341,"3828,994,368,445,3010,923,3992,2192",0.9406179785728455,0.4892578125,0.524627685546875,"1.53,2.4,1.6,1.8,1.37,1.35,1.51,1.75","3.38,2.47,2.15,1.64,1.5,1,0.805,0.779","0.188,0.359,-0.18,-0.252,0.13,-0.104,-0.129,0.146","0.205,0.308,-0.205,-0.205,0.103,-0.103,-0.103,0.103","0.161,0.308,-0.205,-0.288,0.132,-0.103,-0.147,0.135",0.359375,0.3080357313156128,1,0.13539910316467285,0.2738496661186218
7,k_proj,gptq,1024,4096,0,0.002060413360595703,0.0014514923095703125,107.52741704388791,0.03694207014182105,282.110595703125,191.841796875,1.7310515642166138,8.091836929321289,3.1144752502441406,7.36378288269043,0.9655073881149292,106.6172103881836,0.20203763246536255,"3828,2876,2817,1570,3822,994,445,496,3992,2136,382,1832,368,4045,2512,1628",1388.8145751953125,,,,,0,1.5988218784332275,3.6068403720855713,1.3997397422790527,3.8807244300842285,"1.101,0.688,0.481,0.381,0.346,0.353,0.379,0.325",2075.46142578125,1945.406494140625,"106.6,4245,1794,1931,1732,2117,2573,2104",8.53568172454834,9.182049751281738,"3.13,10.43,8.626,9.118,8.273,9.232,9.874,9.604","0.7676,1.867,1.252,1.237,1.063,1.194,1.294,1.178","0.7314,2.25,1.806,2.004,1.807,2.009,2.101,2.066",696,0.008946429006755352,766,0.01735050044953823,"3828,994,368,445,3010,923,3992,2192",0.9261886477470398,0.46533203125,0.4725341796875,"0.688,0.962,0.635,0.775,0.804,0.889,0.891,0.891","3.38,2.47,2.15,1.64,1.5,1,0.805,0.779","0.00818,-0.0225,0.00632,-0.0454,0.00377,-0.00763,-0.0437,0.0242","0,0,0,0,0,0,0,0","0,0,0,-0.0466,0,0,-0.053,0.0272",0.365234375,0.3130580484867096,2,0.10056328028440475,0.08918331563472748
7,v_proj,gptq,1024,4096,0,0.0020551681518554688,0.0014734268188476562,83.79918538898801,0.021987040061690468,307.45794677734375,226.41690063476562,1.7229812145233154,6.155363082885742,2.577664375305176,5.7403411865234375,0.9655073881149292,83.7059326171875,0.0735832154750824,"2876,3828,2817,1570,445,496,994,3822,3992,1628,2136,382,1832,4045,3838,2512",1388.8145751953125,,,,,0,1.3081707954406738,2.831411123275757,1.2556129693984985,3.027495861053467,"0.924,0.673,0.463,0.403,0.385,0.405,0.443,0.386",2075.46142578125,1945.406494140625,"106.6,4245,1794,1931,1732,2117,2573,2104",8.53568172454834,9.182049751281738,"3.13,10.43,8.626,9.118,8.273,9.232,9.874,9.604","0.2521,1.652,1.112,1.106,1.022,1.138,1.256,1.138","0.2622,2.013,1.634,1.742,1.647,1.789,1.887,1.832",926,0.004329301416873932,940,0.007371535524725914,"3828,994,368,445,3010,923,3992,2192",0.3042656481266022,0.704833984375,0.8690185546875,"0.142,0.422,0.152,0.351,0.225,0.218,0.358,0.423","3.38,2.47,2.15,1.64,1.5,1,0.805,0.779","-0.000332,0.00537,0.00848,0.00424,0.00439,0.0051,-0.00644,0.00586","0,0,0,0,0,0,0,0","0,0,0,0,0,0,0,0",0.1318359375,0.1547861546278,1,0.06726584583520889,0.057233698666095734
7,o_proj,gptq,4096,4096,0,0.0020912885665893555,0.0014789104461669922,357.99661357220293,0.030681131743840507,1115.4486083984375,675.479248046875,3.485586404800415,7.136898517608643,4.122458457946777,4.911755561828613,0.6449544429779053,356.9305725097656,0.033732522279024124,"647,3495,470,903,3111,3381,86,678,1480,3850,3239,3367,2414,641,644,3912",18.84827423095703,,,,,0,1.766181230545044,1.921804428100586,2.301967144012451,3.0426836013793945,"0.184,1.140,1.134,1.408,0.842,0.775,0.774,0.747",1557.2645263671875,2146.966064453125,"57.95,2108,1453,2684,1271,1330,1642,1913",3.2425355911254883,4.110669136047363,"1.408,4.251,2.624,3.109,3.048,3.432,3.829,4.238","0.245,1.8,1.14,1.451,1.152,1.28,1.423,1.56","0.5714,1.686,1.071,1.223,1.255,1.454,1.617,1.805",761,0.006059492472559214,1838,0.004347595851868391,"214,86,470,3495,3239,342,3381,3111",0.07663288712501526,0.404815673828125,0.417877197265625,"1.47,1.15,1.34,1.14,1,2.22,1.51,1.37","0.409,0.404,0.387,0.363,0.356,0.32,0.304,0.252","0.0562,0.00194,0.0334,-0.0244,-0.00705,0.0103,-0.011,0.0601","0.0709,0,0,0,0,0,0,0.0709","0.109,0,0,-0.0307,0,0,0,0.0645",0.380859375,0.44621387124061584,1,0.08970305323600769,0.028612768277525902
7,gate_proj,gptq,12288,4096,0,0.002012312412261963,0.0014279882113138835,1573.601002691461,0.03219470053320441,4467.76904296875,2909.87890625,194.22238159179688,3851.80224609375,365.3851318359375,3101.308837890625,0.9999878406524658,1569.5101318359375,0.6361387372016907,"3010,2876,233,3992,4034,2573,1924,3828,3822,4071,3470,382,809,1231,2452,2933",3167.5361328125,,,,,0,165.18434143066406,1425.5396728515625,185.3015899658203,1876.3211669921875,"1.147,0.475,0.161,0.076,0.093,0.085,0.109,0.099",1959.1357421875,1867.3150634765625,"165.2,3776,1651,1872,1674,2036,2457,2041",24.8072566986084,29.055856704711914,"7.065,20.2,19.06,32.33,31.07,31.45,28.95,28.34","6.455,15.52,10.37,13.34,14.15,13.59,14.04,13.08","6.027,22.52,25.81,48.4,46.4,46.53,42.56,41.5",4994,0.0007833979325369,6779,0.00041593663627281785,"3010,3828,445,994,3992,4034,2275,2192",4.403584003448486,0.3206889033317566,0.35137939453125,"11,3.72,3.43,2.87,4.05,3.71,4.1,3.66","27.9,0.975,0.756,0.753,0.737,0.703,0.633,0.562","-0.043,-0.185,0.0586,0.0417,0.0962,0.115,-0.535,-0.1","0,-0.459,0,0,0.153,0.153,-0.612,-0.153","-0.035,-0.158,0.0405,0.0356,0.0876,0.131,-0.459,-0.153",0.53515625,0.6116071939468384,1,0.3961748778820038,0.33286991715431213
7,up_proj,gptq,12288,4096,0,0.002039174238840739,0.0015255212783813477,373.73056809305194,0.011405504089388766,2275.16943359375,1936.3603515625,114.07206726074219,236.31614685058594,150.49746704101562,209.12255859375,0.9999878406524658,373.1081237792969,0.06913194805383682,"3010,2876,233,4034,3992,2573,1924,3822,4071,3470,3828,382,2452,809,1231,2933",3167.5361328125,,,,,0,77.81806945800781,105.61797332763672,74.5126953125,112.67828369140625,"0.437,1.026,0.869,0.673,0.621,0.651,0.714,0.657",1959.1357421875,1867.3150634765625,"165.2,3776,1651,1872,1674,2036,2457,2041",24.8072566986084,29.055856704711914,"7.065,20.2,19.06,32.33,31.07,31.45,28.95,28.34","3.178,12.06,7.932,8.639,8.231,9.027,9.924,9.037","4.808,11.91,8.51,10.53,10.45,11.19,11.75,11.15",10479,0.0007584267877973616,3876,0.003122084541246295,"3010,3828,445,994,3992,4034,2275,2192",0.21680614352226257,0.590301513671875,0.6767578125,"0.198,0.802,1.73,2.18,1.63,1.6,1.47,1.79","27.9,0.975,0.756,0.753,0.737,0.703,0.633,0.562","0.0315,0.103,-0.228,0.206,-0.0376,-0.082,0.0674,0.165","0,0.218,-0.218,0.197,-0.0725,-0.145,0.145,0.218","0.0391,0.0933,-0.195,0.177,-0.0333,-0.0667,0.0472,0.141",0.25390625,0.2176339477300644,5,0.22666434943675995,0.15897810459136963
7,down_proj,gptq,4096,12288,0,0.0020192464192708335,0.001512765884399414,1657.7110846604774,0.0505616375815907,3682.99072265625,1976.0743408203125,16.014755249023438,31.382259368896484,35.61894226074219,29.96686363220215,0.12832415103912354,1657.709228515625,0.043987058103084564,"8341,8380,7449,8720,9906,1706,8802,7104,2814,10512,7808,7631,11120,1082,7006,768",30.441267013549805,,,,,0,21.14788055419922,18.00079345703125,16.224193572998047,14.438170433044434,"0.416,1.438,0.936,1.071,1.041,1.042,1.217,1.097",13651.890625,10085.9228515625,"156.2,4.159e+04,1.593e+04,4814,6473,8039,1.942e+04,1.28e+04",9.522936820983887,9.0580415725708,"1.58,16.15,12.36,7.143,8.099,9.155,11.32,10.38","0.4078,7.836,4.936,2.987,3.426,3.825,5.262,4.501","0.6319,6.535,5.102,2.886,3.359,3.747,4.77,4.298",1838,0.005139220040291548,1838,0.005716837476938963,"10738,7782,10835,4499,7067,5808,6702,10009",0.12612603604793549,0.334197998046875,0.340240478515625,"1.49,1.58,1.63,1.6,1.62,1.7,1.42,1.62","1.2,1.11,0.646,0.591,0.564,0.52,0.46,0.439","-0.189,-0.0293,0.043,0.0742,-0.011,0.0188,-0.0193,0.0535","-0.194,-0.107,0,0.0759,0,0,0,0.0759","-0.162,0,0,0.0541,0,0,0,0.0544",1.453125,1.2455358505249023,1,0.24562452733516693,0.2539413869380951
8,q_proj,gptq,4096,4096,0,0.0020456910133361816,0.0014693737030029297,319.0825662102725,0.028251739384696845,990.27978515625,714.29638671875,10.856954574584961,43.903438568115234,18.581829071044922,41.41790008544922,0.9622142910957336,318.402099609375,0.17093892395496368,"3828,2876,445,994,4045,2276,1984,368,3992,3772,339,3494,729,2073,4034,1711",1232.9710693359375,,,,,0,9.673333168029785,20.176034927368164,8.334211349487305,21.513500213623047,"1.617,0.639,0.505,0.389,0.390,0.387,0.414,0.368",2318.208251953125,2236.153076171875,"118.3,4091,2339,2108,2030,2438,2944,2476",9.794748306274414,10.2926607131958,"5.264,11.19,9.956,10,9.407,10.47,11.19,10.88","2.753,4.038,3.225,2.841,2.694,2.953,3.203,2.965","2.165,5.051,4.537,4.555,4.314,4.748,4.98,4.89",1993,0.002427133498713374,2485,0.00903340894728899,"3828,994,368,445,923,3010,2192,3402",0.5906198024749756,0.50335693359375,0.491363525390625,"1.66,2.32,1.88,2.07,1.59,1.66,1.81,1.84","3.79,2.65,1.9,1.78,0.983,0.841,0.766,0.75","0.0334,-0.0374,-0.104,0.0364,-0.0889,0.12,0.104,0.0165","0,-0.096,-0.096,0,-0.192,0.096,0.096,0","0.0441,-0.0483,-0.0706,0.0497,-0.0965,0.112,0.135,0",0.3359375,0.2879464626312256,1,0.13274680078029633,0.14875227212905884
8,k_proj,gptq,1024,4096,0,0.0020656585693359375,0.0014519691467285156,91.34264702819928,0.029929681249133883,274.0369567871094,194.03109741210938,3.013949394226074,10.40675163269043,5.188109874725342,10.001317024230957,0.9622142910957336,91.03025817871094,0.15279370546340942,"3828,2876,445,994,4045,1984,3992,368,729,2001,339,2073,1711,270,4034,3772",1232.9710693359375,,,,,0,2.7121951580047607,4.827312469482422,2.3196873664855957,5.245490550994873,"1.273,0.815,0.694,0.516,0.448,0.454,0.467,0.415",2318.208251953125,2236.153076171875,"118.3,4091,2339,2108,2030,2438,2944,2476",9.794748306274414,10.2926607131958,"5.264,11.19,9.956,10,9.407,10.47,11.19,10.88","1.104,2.183,1.818,1.587,1.435,1.576,1.7,1.568","0.9782,2.418,2.182,2.208,2.143,2.34,2.486,2.435",891,0.005587246734648943,895,0.009452181868255138,"3828,994,368,445,923,3010,2192,3402",0.5915712714195251,0.4759521484375,0.43408203125,"0.641,1.16,0.646,0.885,0.885,0.782,0.958,1.04","3.79,2.65,1.9,1.78,0.983,0.841,0.766,0.75","0.0273,-0.0864,0.019,0.0322,0.00977,-0.0289,-0.0101,0.0569","0,-0.077,0,0,0,0,0,0.077","0.0219,-0.0988,0,0.028,0,-0.0325,0,0.0488",0.26953125,0.2310267984867096,1,0.10723603516817093,0.041876040399074554
8,v_proj,gptq,1024,4096,0,0.00201416015625,0.001436471939086914,76.89954051380391,0.020419736328240845,297.9378356933594,222.79200744628906,3.1939144134521484,8.339868545532227,4.632469177246094,7.840535640716553,0.9622142910957336,76.80589294433594,0.05639740079641342,"2876,3828,445,4045,994,3992,1984,729,339,2073,3494,4034,2001,1711,3772,929",1232.9710693359375,,,,,0,2.355391502380371,3.8828654289245605,2.244013547897339,4.115126132965088,"0.891,0.816,0.610,0.580,0.537,0.547,0.589,0.526",2318.208251953125,2236.153076171875,"118.3,4091,2339,2108,2030,2438,2944,2476",9.794748306274414,10.2926607131958,"5.264,11.19,9.956,10,9.407,10.47,11.19,10.88","0.4008,2.01,1.58,1.485,1.432,1.563,1.721,1.577","0.4247,2.225,2.022,1.949,1.954,2.114,2.243,2.173",801,0.004200912546366453,344,0.005304999649524689,"3828,994,368,445,923,3010,2192,3402",0.13943549990653992,0.7532958984375,0.87158203125,"0.14,0.292,0.157,0.286,0.199,0.237,0.413,0.448","3.79,2.65,1.9,1.78,0.983,0.841,0.766,0.75","0.00714,0.00583,-0.000843,-0.0176,-0.00272,0.00565,0.0134,0.0109","0.0126,0.0126,0,-0.0126,0,0,0.0126,0.0126","0,0,0,-0.025,0,0,0.0205,0",0.1494140625,0.1373639553785324,1,0.09279777109622955,0.07681549340486526
8,o_proj,gptq,4096,4096,0,0.0021173954010009766,0.0015047788619995117,353.9306533061026,0.028872011406004188,1123.0555419921875,704.06640625,5.093203544616699,11.366194725036621,6.5269012451171875,8.667062759399414,0.7273697257041931,353.20819091796875,0.04275164380669594,"1464,3501,1862,3373,1206,1336,1606,3117,625,1208,181,1080,309,881,1990,2357",24.433795928955078,,,,,0,2.3765065670013428,3.1923668384552,4.14127779006958,5.57513952255249,"0.058,0.776,0.692,0.864,0.779,0.794,0.784,0.759",1290.5096435546875,2595.736083984375,"45.1,1048,768.3,1525,1358,1546,1866,2168",4.191478252410889,5.562829971313477,"2.572,4.45,3.501,4.012,4.266,4.453,4.979,5.298","0.2721,1.547,1.174,1.592,1.592,1.684,1.854,1.955","1.13,1.757,1.411,1.713,1.805,1.889,2.094,2.245",1838,0.003716413863003254,1838,0.019916044548153877,"3373,3117,3501,854,598,705,309,982",0.09049531817436218,0.406768798828125,0.418701171875,"1.54,0.976,1.3,1.74,1.56,1.24,1.03,1.9","0.63,0.623,0.42,0.412,0.399,0.392,0.37,0.352","0.416,0.127,0.118,0.451,0.396,0.127,0.0199,-0.289","0.482,0.241,0,0.482,0.482,0.241,0,-0.241","0.357,0.13,0.128,0.387,0.34,0.0921,0.029,-0.248",0.84375,0.7232142686843872,2,0.09707726538181305,0.25467243790626526
8,gate_proj,gptq,12288,4096,0,0.0020365516344706216,0.001468340555826823,734.4445731210435,0.017979932730723527,3117.470703125,2427.003173828125,139.72288513183594,260.46820068359375,211.142578125,242.85903930664062,0.8404229283332825,733.725830078125,0.06932075321674347,"3828,2276,1924,2876,2573,3992,4034,3470,1231,2275,233,4071,3822,3179,1114,382",194.70489501953125,,,,,0,108.73680877685547,122.59919738769531,101.6003646850586,125.96902465820312,"0.725,1.142,0.971,0.895,0.828,0.826,0.834,0.782",2742.52001953125,2680.264892578125,"184.2,4700,2751,2546,2440,2910,3454,2955",14.145307540893555,14.377635955810547,"10.4,16.27,13.16,13.41,13.59,14.86,16.09,15.38","6.984,13.3,9.982,9.832,9.669,10.54,11.46,10.58","8.204,12.45,10.13,10.39,10.62,11.6,12.55,11.97",11464,0.0006336657097563148,3277,0.0011126203462481499,"3828,994,2276,2275,3992,3775,445,2192",0.07004358619451523,0.3224894404411316,0.2938029170036316,"3.48,2.97,3.45,4.25,3.55,3.54,3.35,3.23","2.04,0.959,0.826,0.78,0.708,0.694,0.668,0.64","-0.0396,-0.0317,-0.0312,-0.0549,0.00607,0.0221,0.0292,-0.0157","-0.0377,-0.0377,-0.0377,-0.0753,0,0.0377,0.0377,0","-0.0278,-0.0273,-0.0297,-0.0594,0,0.0278,0.0273,-0.0297",0.1318359375,0.13207267224788666,1,0.24340620636940002,0.11443845182657242
8,up_proj,gptq,12288,4096,0,0.002046366532643636,0.0015011429786682129,581.0869063709251,0.016464732399120708,2643.885498046875,2103.0478515625,122.24920654296875,216.96517944335938,177.17376708984375,204.20657348632812,0.8404229283332825,580.4758911132812,0.04143965616822243,"1924,2276,3828,2876,2573,3992,4034,3470,1231,2275,4071,233,3822,3179,809,382",194.70489501953125,,,,,0,90.2243881225586,103.33448791503906,86.83435821533203,105.88414001464844,"0.468,1.091,0.965,0.900,0.832,0.834,0.852,0.801",2742.52001953125,2680.264892578125,"184.2,4700,2751,2546,2440,2910,3454,2955",14.145307540893555,14.377635955810547,"10.4,16.27,13.16,13.41,13.59,14.86,16.09,15.38","4.834,12.22,9.184,9.025,8.92,9.72,10.61,9.835","7.068,11.7,9.348,9.515,9.781,10.64,11.5,10.99",12232,0.0005021561519242823,11730,0.0007895799935795367,"3828,994,2276,2275,3992,3775,445,2192",0.035092391073703766,0.549774169921875,0.627685546875,"0.796,2.38,1.13,1.55,1.63,2.29,2,1.78","2.04,0.959,0.826,0.78,0.708,0.694,0.668,0.64","-0.0118,0.146,-0.0391,-0.0243,-0.0105,-0.0272,-0.00281,0.0352","0,0.158,-0.0527,-0.0527,0,-0.0527,0,0.0527","0,0.125,-0.0354,-0.0354,-0.0209,-0.0303,0,0.0354",0.1845703125,0.18719324469566345,1,0.19989711046218872,0.14455223083496094
8,down_proj,gptq,4096,12288,0,0.001998305320739746,0.001498083273569743,1091.4115808028528,0.030638116776658904,3316.1875,2186.66748046875,29.89436912536621,50.58568572998047,56.943450927734375,46.34595489501953,0.20094668865203857,1091.3515625,0.048012297600507736,"3667,7847,9901,3361,5402,10383,11598,5142,369,10496,2333,1870,2203,150,7319,7385",17.529346466064453,,,,,0,30.702743530273438,25.260032653808594,29.361576080322266,24.83917999267578,"0.256,1.392,1.346,1.137,1.103,1.155,1.198,1.156",11603.02734375,10851.552734375,"182.7,2.281e+04,1.003e+04,8069,9796,1.253e+04,1.605e+04,1.336e+04",11.148777961730957,11.519326210021973,"2.902,15.29,10.26,10.1,11.07,12.49,13.97,13.11","0.6347,7.594,5.167,4.633,5.113,5.8,6.574,6.032","1.255,6.437,4.453,4.345,4.868,5.398,6.006,5.609",1838,0.0053663612343370914,1838,0.03768962621688843,"12232,12262,9125,3667,2763,3504,9081,10838",0.1205301508307457,0.392120361328125,0.392852783203125,"1.54,1.69,1.53,1.61,1.73,1.78,1.67,1.65","1.95,1.61,1.07,0.977,0.868,0.686,0.612,0.584","0.715,0.0835,0.211,1.38,0.0515,0.027,0.0598,-0.363","0.62,0.0655,0.413,1.24,0.0993,0.0687,0.0585,-0.345","0.613,0,0.216,1.19,0.065,0,0.0466,-0.311",1.4453125,1.4334571361541748,1,0.37458646297454834,0.9450555443763733
9,q_proj,gptq,4096,4096,0,0.0020231008529663086,0.0014789104461669922,364.83208785801935,0.033801278677977775,1029.0496826171875,735.3600463867188,13.893892288208008,53.17363739013672,23.944576263427734,51.600799560546875,0.9236902594566345,363.7117919921875,0.16266000270843506,"3828,994,2876,445,3992,3822,1984,4045,382,1773,2073,929,3779,270,4034,1430",1230.3836669921875,,,,,0,11.588688850402832,23.48024559020996,11.112516403198242,27.101125717163086,"1.485,0.675,0.584,0.408,0.413,0.418,0.424,0.389",2178.8203125,2264.98486328125,"123.7,3316,2239,1830,2021,2463,2894,2543",10.230501174926758,11.123251914978027,"4.955,11.02,10.69,10.5,10.03,11.11,11.89,11.64","2.581,4.094,3.78,3.189,3.039,3.365,3.583,3.381","2.119,4.983,4.946,4.994,4.729,5.204,5.502,5.422",1805,0.002275666454806924,1863,0.008414078503847122,"3828,994,445,368,270,923,3522,2192",0.7292031049728394,0.47760009765625,0.45648193359375,"1.68,2.66,2.04,1.97,1.87,1.53,2.1,1.85","3.85,3.22,1.57,1.5,1.03,1,0.828,0.788","-0.129,-0.287,0.226,0.0898,-0.279,0.00595,-0.234,-0.0996","-0.106,-0.318,0.212,0.106,-0.318,0,-0.212,-0.106","-0.123,-0.328,0.193,0.0798,-0.319,0,-0.28,-0.0831",0.38671875,0.35431626439094543,1,0.14499065279960632,0.25529560446739197
9,k_proj,gptq,1024,4096,0,0.0020377635955810547,0.0014655590057373047,108.87979506339349,0.03819912728969805,286.9023742675781,209.48309326171875,3.951022148132324,12.996817588806152,6.894648551940918,12.267004013061523,0.9236902594566345,108.46482849121094,0.17086948454380035,"3828,994,2876,3992,445,3822,4045,3573,1984,2073,3352,2817,3494,270,729,382",1230.3836669921875,,,,,0,3.25779128074646,5.699623107910156,3.2237839698791504,6.3914055824279785,"1.277,0.720,0.658,0.513,0.494,0.504,0.523,0.484",2178.8203125,2264.98486328125,"123.7,3316,2239,1830,2021,2463,2894,2543",10.230501174926758,11.123251914978027,"4.955,11.02,10.69,10.5,10.03,11.11,11.89,11.64","0.9893,2.278,2.001,1.718,1.635,1.778,1.935,1.834","0.8754,2.685,2.466,2.398,2.326,2.504,2.675,2.637",382,0.014465904794633389,1016,0.02701609581708908,"3828,994,445,368,270,923,3522,2192",0.6822283864021301,0.42578125,0.3909912109375,"0.686,1.05,0.931,0.712,1.1,0.914,1.13,0.975","3.85,3.22,1.57,1.5,1.03,1,0.828,0.788","0.00757,-0.0178,0.0227,-0.00173,0.017,-0.00458,0.0396,-0.0136","0,0,0,0,0,0,0,0","0,0,0,0,0.0255,0,0.0272,0",0.68359375,0.5859375596046448,3,0.19667305052280426,0.18111629784107208
9,v_proj,gptq,1024,4096,0,0.0020432472229003906,0.0014529228210449219,73.09296268106593,0.018910882764657813,301.9693908691406,235.10015869140625,3.7493033409118652,10.260047912597656,5.370789527893066,9.550079345703125,0.9236902594566345,72.91415405273438,0.044963538646698,"3828,994,2876,445,3992,4045,3822,1984,382,2073,1773,3494,3779,270,729,1430",1230.3836669921875,,,,,0,2.571542978286743,4.524679660797119,2.6991941928863525,5.061003684997559,"0.920,0.707,0.576,0.497,0.516,0.538,0.579,0.530",2178.8203125,2264.98486328125,"123.7,3316,2239,1830,2021,2463,2894,2543",10.230501174926758,11.123251914978027,"4.955,11.02,10.69,10.5,10.03,11.11,11.89,11.64","0.3933,1.983,1.636,1.481,1.532,1.7,1.838,1.732","0.41,2.358,2.156,2.101,2.132,2.317,2.415,2.379",686,0.004374306183308363,185,0.008569271303713322,"3828,994,445,368,270,923,3522,2192",0.14238660037517548,0.626220703125,0.837646484375,"0.13,0.357,0.376,0.173,0.367,0.192,0.548,0.472","3.85,3.22,1.57,1.5,1.03,1,0.828,0.788","0.00235,-0.0151,0.00787,0.000364,-0.00433,0.00124,0.00595,0.0276","0,-0.0143,0.0143,0,0,0,0,0.0286","0,0,0,0,0,0,0,0.0243",0.1611328125,0.1395447701215744,2,0.10131609439849854,0.07505171746015549
9,o_proj,gptq,4096,4096,0,0.0021001100540161133,0.001484513282775879,412.08207964588655,0.03458444281816212,1196.9971923828125,690.1912231445312,5.637720108032227,13.555337905883789,7.335354328155518,9.280694007873535,0.7380675077438354,411.1840515136719,0.05965980142354965,"2966,2838,2710,2582,99,227,1911,483,2039,355,42,1655,2111,2326,2070,2198",68.1634292602539,,,,,0,2.494877576828003,3.042203426361084,4.268606662750244,5.650139331817627,"0.185,0.947,0.725,1.025,0.868,0.847,0.849,0.773",998.544677734375,1981.963134765625,"50.9,1033,445,1460,1122,1132,1247,1498",3.9979183673858643,5.50558614730835,"2.8,4.512,3.336,3.794,3.753,4.187,4.577,5.023","0.5171,1.794,1.162,1.665,1.549,1.674,1.841,1.938","1.202,1.844,1.365,1.645,1.663,1.819,1.998,2.204",1838,0.0328647680580616,1838,0.09542003273963928,"2966,2838,99,483,227,355,2631,2039",0.1584462970495224,0.44134521484375,0.4285888671875,"1.03,0.929,1.09,1.59,1.09,2.35,1.96,1.59","0.761,0.677,0.66,0.61,0.537,0.416,0.362,0.339","0.264,0.203,-0.228,-0.212,-0.256,-0.203,0.00607,-0.258","0.504,0,0,0,-0.504,0,0,-0.504","0.246,0.223,-0.195,-0.182,-0.219,-0.174,0,-0.295",1.765625,1.5133929252624512,1,0.28089287877082825,0.5136641263961792
9,gate_proj,gptq,12288,4096,0,0.002040723959604899,0.0014640490214029949,792.0833419960109,0.017230673131594543,3488.678466796875,2764.671875,211.1295166015625,421.4878845214844,317.2415771484375,372.76220703125,0.9491304755210876,791.035888671875,0.09333258122205734,"3828,1924,2276,368,2573,2876,2275,1231,1114,3470,3992,822,989,3179,1989,4071",382.2255859375,,,,,0,156.2372589111328,178.10324096679688,157.14686584472656,197.92288208007812,"0.815,1.059,0.948,0.858,0.853,0.838,0.834,0.795",2588.72705078125,2721.307373046875,"180.4,3828,2606,2210,2432,2958,3444,3051",15.826996803283691,16.8370361328125,"11.18,17.32,14.66,14.62,15.32,17.08,18.54,17.89","8.586,14.91,11.87,11.28,11.87,13.06,14.09,13.27","9.512,14.48,12.18,12.17,12.86,14.27,15.42,14.88",1949,0.000635606178548187,528,0.0011708153178915381,"3828,368,994,2276,3775,445,2192,822",0.10432030260562897,0.3024393916130066,0.255401611328125,"4.18,4.28,3.4,4.2,3.91,3.81,3.66,4.37","3.23,1.63,1.07,1.03,0.834,0.784,0.704,0.682","-0.0923,0.0962,-0.205,-0.129,0.0083,0.0981,-0.0884,0.118","-0.0753,0.0753,-0.226,-0.151,0,0.0753,-0.0753,0.151","-0.0753,0.107,-0.176,-0.153,0,0.0815,-0.102,0.129",0.263671875,0.3013392984867096,1,0.29931119084358215,0.20288218557834625
9,up_proj,gptq,12288,4096,0,0.0020351807276407876,0.0015064477920532227,523.2694232844769,0.01574065502167457,2498.34228515625,2017.3895263671875,156.0897216796875,277.62530517578125,225.02056884765625,252.212158203125,0.9491304755210876,523.060791015625,0.045162275433540344,"3828,1924,2276,2573,368,2876,2275,1231,3470,1114,3992,822,989,3179,233,1989",382.2255859375,,,,,0,109.57423400878906,121.36125946044922,113.26752471923828,133.78265380859375,"0.486,1.116,0.997,0.898,0.883,0.877,0.889,0.846",2588.72705078125,2721.307373046875,"180.4,3828,2606,2210,2432,2958,3444,3051",15.826996803283691,16.8370361328125,"11.18,17.32,14.66,14.62,15.32,17.08,18.54,17.89","5.157,12.61,10.15,9.499,10.11,11.11,12.01,11.32","7.398,11.93,10.16,10.02,10.76,11.86,12.74,12.31",1162,0.0008535403176210821,11531,0.0010299553396180272,"3828,368,994,2276,3775,445,2192,822",0.03724458068609238,0.6396993398666382,0.7197469472885132,"0.646,0.814,2.25,0.989,2.13,1.95,1.78,1.02","3.23,1.63,1.07,1.03,0.834,0.784,0.704,0.682","-0.0135,0.0289,-0.367,-0.0461,0.0233,-0.23,-0.0505,0.0127","0,0,-0.315,0,0,-0.21,-0.105,0","0,0,-0.42,-0.0469,0.0299,-0.263,-0.0469,0.0151",0.3671875,0.3147321343421936,2,0.29530414938926697,0.18641449511051178
9,down_proj,gptq,4096,12288,0,0.002009868621826172,0.0014995137850443523,1211.4743991575597,0.0365416525347708,3334.3876953125,2082.654541015625,32.0505256652832,61.214744567871094,60.490272521972656,50.79084777832031,0.024519486352801323,1211.185546875,0.05750304460525513,"10492,8019,10271,5051,11611,6870,8938,122,4670,3590,11795,11561,8086,11045,7675,7570",51.99539566040039,,,,,0,26.80259132385254,23.099098205566406,31.39727210998535,27.558753967285156,"0.158,1.320,1.197,1.154,1.091,1.149,1.170,1.132",9475.5107421875,10953.431640625,"206.1,1.568e+04,6791,7135,8815,1.106e+04,1.403e+04,1.209e+04",11.083306312561035,12.469257354736328,"4.369,13.79,9.349,10.03,11.37,12.43,14.01,13.31","0.7194,6.593,4.318,4.47,5.004,5.593,6.372,5.906","1.81,5.738,3.946,4.161,4.79,5.218,5.891,5.552",1838,0.005683471914380789,1838,0.010691995732486248,"7522,12184,7704,4597,7485,11923,7953,8320",0.13954006135463715,0.35205078125,0.34844970703125,"1.46,1.58,1.52,1.54,1.53,1.69,1.46,1.61","2.38,1.17,1.12,0.914,0.871,0.796,0.724,0.671","-0.0723,-0.0136,0.0356,-0.159,0.262,0.0593,0.135,-0.0205","-0.0675,0,0,-0.129,0.326,0,0.146,0","-0.0748,0,0,-0.214,0.224,0.106,0.108,0",0.8125,0.9035465717315674,1,0.377244234085083,0.495291531085968
10,q_proj,gptq,4096,4096,0,0.002041339874267578,0.0014742016792297363,285.94139812181857,0.025131664063990644,966.561279296875,731.7950439453125,25.71369171142578,114.913330078125,42.42759704589844,99.32462310791016,0.9750019907951355,285.45404052734375,0.19262979924678802,"3828,445,368,994,2276,4045,1984,2876,729,3402,3772,270,3992,2001,3494,2073",1541.9974365234375,,,,,0,20.7191104888916,45.06063461303711,19.708742141723633,52.95292663574219,"1.353,0.560,0.466,0.375,0.391,0.390,0.393,0.372",2081.97021484375,2281.017578125,"125.7,3183,2000,1715,1935,2386,2814,2496",14.574602127075195,15.869958877563477,"8.955,15.97,14.87,14.2,13.89,15.51,16.8,16.39","4.527,5.326,4.563,4.03,4.025,4.449,4.791,4.57","3.892,7.118,6.686,6.576,6.435,7.125,7.639,7.497",2518,0.002930576680228114,2947,0.006125190760940313,"3828,994,445,368,923,270,2276,2192",0.9237890839576721,0.549896240234375,0.525726318359375,"1.62,2.2,1.91,1.85,1.59,2.01,1.76,1.82","6.05,4.01,2.46,2.41,1.9,1.63,1.34,1.21","0.00787,-0.0288,0.014,-0.0103,-0.00665,0.0225,0.00229,0.000877","0,-0.0597,0,0,0,0,0,0","0,-0.0458,0,0,0,0.0396,0,0",0.2275390625,0.2291145622730255,1,0.21789658069610596,0.1752949059009552
10,k_proj,gptq,1024,4096,0,0.0020394325256347656,0.0014643669128417969,81.20867919568258,0.026997780963658295,268.4023132324219,200.19479370117188,7.1017560958862305,26.616308212280273,11.697759628295898,23.198801040649414,0.9750019907951355,81.0267562866211,0.18582972884178162,"3828,445,994,368,1984,4045,729,2876,3402,270,3992,3494,2073,3146,822,2613",1541.9974365234375,,,,,0,5.584441661834717,10.508228302001953,5.558609485626221,12.20724105834961,"1.194,0.647,0.517,0.471,0.480,0.484,0.479,0.454",2081.97021484375,2281.017578125,"125.7,3183,2000,1715,1935,2386,2814,2496",14.574602127075195,15.869958877563477,"8.955,15.97,14.87,14.2,13.89,15.51,16.8,16.39","1.884,2.906,2.382,2.152,2.14,2.365,2.527,2.411","1.724,3.613,3.311,3.134,3.089,3.399,3.653,3.579",575,0.008302095346152782,703,0.013196988962590694,"3828,994,445,368,923,270,2276,2192",0.8750867247581482,0.5574951171875,0.52734375,"0.678,1.08,0.917,0.668,0.833,1.11,1.17,0.94","6.05,4.01,2.46,2.41,1.9,1.63,1.34,1.21","0.0204,0.0806,-0.0221,-0.0267,0.00687,-0.103,0.578,0.0317","0,0.165,0,0,0,-0.165,0.496,0","0.0195,0.0691,-0.0176,-0.0294,0,-0.0883,0.496,0",0.578125,0.4955357313156128,1,0.1950255036354065,0.1937253624200821
10,v_proj,gptq,1024,4096,0,0.002062082290649414,0.0014617443084716797,69.99435532585785,0.018531016645436698,299.91796875,233.06959533691406,7.843942165374756,18.407039642333984,11.212257385253906,16.19365692138672,0.9750019907951355,69.80517578125,0.05272696912288666,"3828,445,994,1984,4045,2876,368,729,3402,3992,3494,3146,270,2073,3772,2613",1541.9974365234375,,,,,0,5.052318096160889,7.48550271987915,5.627110481262207,8.642776489257812,"1.185,0.797,0.631,0.629,0.639,0.658,0.676,0.641",2081.97021484375,2281.017578125,"125.7,3183,2000,1715,1935,2386,2814,2496",14.574602127075195,15.869958877563477,"8.955,15.97,14.87,14.2,13.89,15.51,16.8,16.39","0.5949,2.807,2.133,2.061,2.158,2.406,2.608,2.479","0.5464,3.144,2.686,2.6,2.699,2.966,3.172,3.096",686,0.004353481810539961,603,0.0067041190341115,"3828,994,445,368,923,270,2276,2192",0.18747419118881226,0.81396484375,0.8963623046875,"0.147,0.257,0.276,0.191,0.229,0.245,0.192,0.396","6.05,4.01,2.46,2.41,1.9,1.63,1.34,1.21","0.00101,-5.94e-05,-0.0051,0.000881,0.00258,0.00571,4.53e-05,0.00388","0,0,-0.00942,0,0,0,0,0","0,0,0,0,0,0,0,0",0.171875,0.16073647141456604,1,0.14236290752887726,0.10070422291755676
10,o_proj,gptq,4096,4096,0,0.002073049545288086,0.0014903545379638672,431.76636450097794,0.03496477907224027,1261.65478515625,715.2191772460938,9.501239776611328,23.2506046295166,13.373207092285156,16.659910202026367,0.8120951056480408,430.7657775878906,0.05109265446662903,"2053,2181,4089,18,2309,3833,3961,274,402,2437,146,1192,312,1006,3705,1320",28.576011657714844,,,,,0,4.461564064025879,6.231784820556641,7.554044246673584,9.520304679870605,"0.107,0.855,0.469,0.658,0.689,0.750,0.761,0.765",1373.8516845703125,2556.79443359375,"59.54,2666,299.3,1039,1308,1658,1947,2013",5.767657279968262,7.364620685577393,"3.662,7.492,4.048,5.042,5.687,6.308,6.96,6.942","0.5054,3.055,1.136,1.729,1.96,2.253,2.55,2.531","1.546,3.303,1.659,2.132,2.362,2.602,2.922,2.894",1838,0.014332350343465805,1838,0.012052390724420547,"1320,402,1135,3097,3225,1807,3833,3961",0.10275231301784515,0.453399658203125,0.436614990234375,"0.983,1.42,1.52,1.71,1.12,1.29,1.1,1.04","0.645,0.551,0.543,0.514,0.512,0.51,0.508,0.505","0.119,0.0615,0.15,0.652,0.235,0.295,-0.224,-0.0874","0,0,0,0.773,0.258,0.258,-0.258,0","0.118,0.0572,0.189,0.559,0.202,0.253,-0.248,-0.132",0.90234375,0.7734375,3,0.23467576503753662,0.2592884600162506
10,gate_proj,gptq,12288,4096,0,0.002045591672261556,0.001459976037343343,797.9976840788731,0.01781464779798004,3440.56787109375,2693.3974609375,186.9990234375,383.80950927734375,287.4455871582031,340.74627685546875,0.9473146200180054,797.8568725585938,0.07066700607538223,"3828,2276,1924,368,2573,3470,1231,822,233,3992,1114,4071,2876,2275,445,3179",419.7165222167969,,,,,0,137.1487579345703,160.95761108398438,143.655029296875,180.02528381347656,"0.689,1.017,0.924,0.839,0.822,0.834,0.833,0.797",2567.52197265625,2810.539306640625,"183.7,3684,2521,2199,2463,2961,3440,3088",15.355766296386719,16.32631492614746,"11.82,16.57,14.21,14.09,14.94,16.36,17.71,17.14","7.969,13.64,11.14,10.64,11.21,12.3,13.24,12.56","9.604,13.53,11.59,11.62,12.37,13.47,14.51,14.07",732,0.0009811138734221458,9821,0.0010310006327927113,"3828,368,2276,994,3775,445,3470,2192",0.12171124666929245,0.2735392451286316,0.2376607358455658,"3.96,4.07,3.93,3.28,3.82,3.66,4.22,3.44","3.35,1.51,1.27,1.14,0.969,0.734,0.712,0.687","-0.0918,0.123,-0.117,-0.15,0.146,0.188,-0.126,-0.0583","-0.0625,0.125,-0.125,-0.188,0.125,0.188,-0.125,-0.0625","-0.07,0.144,-0.0949,-0.163,0.14,0.177,-0.117,-0.0949",0.33203125,0.37594932317733765,1,0.3511873781681061,0.23081474006175995
10,up_proj,gptq,12288,4096,0,0.0020357569058736167,0.0014869173367818196,583.1248484259122,0.016981947370400683,2633.05322265625,2087.199951171875,146.2713623046875,273.72125244140625,218.7181396484375,245.92237854003906,0.9473146200180054,582.4100952148438,0.04215764254331589,"3828,1924,2276,368,2573,3470,1231,3992,233,822,4071,2876,1114,2275,3775,445",419.7165222167969,,,,,0,103.21664428710938,115.87476348876953,110.35000610351562,129.83575439453125,"0.495,1.090,0.961,0.897,0.866,0.884,0.886,0.850",2567.52197265625,2810.539306640625,"183.7,3684,2521,2199,2463,2961,3440,3088",15.355766296386719,16.32631492614746,"11.82,16.57,14.21,14.09,14.94,16.36,17.71,17.14","5.457,12.02,9.733,9.249,9.847,10.81,11.65,11.04","7.753,11.51,9.928,9.763,10.58,11.49,12.38,11.97",8113,0.0005889618187211454,1644,0.0015771242324262857,"3828,368,2276,994,3775,445,3470,2192",0.0544816218316555,0.6164754629135132,0.6789652705192566,"0.707,0.962,0.969,2.22,2.19,1.94,1.55,2.07","3.35,1.51,1.27,1.14,0.969,0.734,0.712,0.687","-0.00491,0.00247,-0.00172,0.0162,-0.00223,8.68e-05,0.000296,-0.00958","0,0,0,0.0107,0,0,0,-0.0107","0,0,0,0.0317,0,0,0,0",0.13671875,0.1368011087179184,2,0.23897768557071686,0.2000216245651245
10,down_proj,gptq,4096,12288,0,0.002015193303426107,0.0014973282814025879,1292.7504115949005,0.03762842503428,3488.31787109375,2154.754638671875,30.098112106323242,61.794769287109375,58.368282318115234,54.207210540771484,0.13072724640369415,1293.3665771484375,0.062484126538038254,"3268,1061,10361,1404,5503,485,7845,5709,10469,4877,4171,10333,4433,4940,3815,10592",42.353660583496094,,,,,0,28.6737117767334,27.620880126953125,31.115028381347656,28.820701599121094,"0.154,1.091,1.062,0.990,0.961,1.042,1.103,1.050",10328.45703125,11283.1357421875,"207.3,1.437e+04,1.309e+04,7351,9061,1.12e+04,1.507e+04,1.227e+04",11.820303916931152,12.475740432739258,"4.143,13.99,13.96,10.55,11.8,12.58,14.2,13.33","0.6871,6.299,6.139,4.49,5.023,5.557,6.437,5.818","1.75,6.031,5.956,4.514,5.125,5.444,6.128,5.677",1838,0.008334808051586151,1838,0.0302153117954731,"7856,6159,10701,3967,11036,1061,1404,3262",0.20851019024848938,0.43585205078125,0.43817138671875,"1.52,1.75,1.35,1.59,1.54,1.84,1.4,1.62","2.43,2.07,1.79,1.45,1.31,0.904,0.774,0.738","-0.0549,0.0128,0.123,-0.0312,-0.107,-1.7,0.177,0.264","0,0,0,-0.0748,-0.19,-1.94,0,0.252","0,0,0.141,-0.0552,-0.104,-1.45,0.232,0.214",1.6953125,1.9375001192092896,1,0.45859482884407043,0.8908033967018127
11,q_proj,gptq,4096,4096,0,0.002061307430267334,0.0014765262603759766,334.9914484800538,0.029310792843996628,1022.8306274414062,762.2646484375,12.267541885375977,51.731727600097656,20.297481536865234,47.55887222290039,0.9448379278182983,334.04595947265625,0.16554869711399078,"3828,2276,445,368,994,3772,1984,822,3992,339,4045,3402,3779,929,541,2073",1212.33251953125,,,,,0,9.342066764831543,21.940258026123047,9.801370620727539,24.847753524780273,"0.430,0.549,0.491,0.385,0.374,0.397,0.404,0.378",2100.73046875,2310.9189453125,"163.3,3223,2301,1692,1943,2311,2736,2437",10.226044654846191,10.845187187194824,"7.955,10.8,10.08,9.926,9.902,10.65,11.35,11.14","2.21,3.688,3.196,2.824,2.801,3.087,3.288,3.144","3.372,4.976,4.558,4.551,4.581,4.9,5.174,5.113",2561,0.0025747541803866625,416,0.011529229581356049,"3828,994,445,368,923,2276,270,3402",0.7723777294158936,0.5391845703125,0.54693603515625,"1.54,2.15,1.92,1.81,1.6,1.77,1.82,1.76","3.58,3.14,2.17,1.52,1.34,1.31,1.1,0.815","-0.0698,-0.0654,0.064,0.113,0.0991,-0.121,-0.104,-0.0527","-0.0583,-0.0583,0.0583,0.117,0.117,-0.117,-0.117,-0.0583","-0.0887,-0.0826,0.0826,0.134,0.0826,-0.116,-0.0893,-0.0435",0.400390625,0.3467159569263458,1,0.14214077591896057,0.27316269278526306
11,k_proj,gptq,1024,4096,0,0.002064228057861328,0.001474142074584961,99.13766507746186,0.032349381533604976,288.7757568359375,220.8438720703125,3.485152244567871,13.217854499816895,5.802840232849121,11.778424263000488,0.9448379278182983,98.55064392089844,0.1468532681465149,"3828,445,994,2276,368,3992,1984,822,4045,3402,3772,729,3146,1773,339,3494",1212.33251953125,,,,,0,2.641284704208374,5.393155097961426,2.8332488536834717,6.178534984588623,"0.417,0.667,0.585,0.466,0.401,0.440,0.465,0.425",2100.73046875,2310.9189453125,"163.3,3223,2301,1692,1943,2311,2736,2437",10.226044654846191,10.845187187194824,"7.955,10.8,10.08,9.926,9.902,10.65,11.35,11.14","0.7213,2.036,1.761,1.569,1.491,1.653,1.772,1.674","1.117,2.492,2.304,2.298,2.354,2.492,2.597,2.57",306,0.009918538853526115,371,0.01145715732127428,"3828,994,445,368,923,2276,270,3402",0.7175443172454834,0.523193359375,0.4998779296875,"0.67,1.08,0.859,0.695,0.811,0.822,1.15,1.02","3.58,3.14,2.17,1.52,1.34,1.31,1.1,0.815","0.00482,0.063,-0.0228,0.00916,-0.00546,0.000175,-0.0417,0.0193","0,0.0859,0,0,0,0,0,0","0,0.0859,-0.0363,0,0,0,-0.0379,0",0.3515625,0.3437500298023224,1,0.1484977751970291,0.12404144555330276
11,v_proj,gptq,1024,4096,0,0.002064943313598633,0.001417398452758789,76.17353398024716,0.019731904604838788,304.98944091796875,236.2236785888672,3.459122657775879,9.597734451293945,4.984147071838379,8.595067024230957,0.9448379278182983,76.01199340820312,0.0429353229701519,"3828,445,994,368,2276,822,1984,3992,4045,339,3772,3779,729,929,3402,541",1212.33251953125,,,,,0,2.3007524013519287,3.9577198028564453,2.5197293758392334,4.528707027435303,"0.551,0.718,0.643,0.499,0.516,0.552,0.580,0.542",2100.73046875,2310.9189453125,"163.3,3223,2301,1692,1943,2311,2736,2437",10.226044654846191,10.845187187194824,"7.955,10.8,10.08,9.926,9.902,10.65,11.35,11.14","0.3934,1.875,1.613,1.368,1.462,1.587,1.717,1.631","0.5298,2.212,2.011,1.938,2.034,2.136,2.254,2.215",104,0.005865759216248989,81,0.008215844631195068,"3828,994,445,368,923,2276,270,3402",0.1599421203136444,0.7462158203125,0.9114990234375,"0.149,0.306,0.284,0.192,0.187,0.224,0.287,0.418","3.58,3.14,2.17,1.52,1.34,1.31,1.1,0.815","0.00109,0.00824,0.00285,-0.000881,-0.00256,0.000858,0.00124,-0.012","0,0.00767,0,0,0,0,0,-0.0153","0,0,0,0,0,0,0,0",0.1396484375,0.14725056290626526,1,0.11194618046283722,0.05524229630827904
11,o_proj,gptq,4096,4096,0,0.0020889639854431152,0.0014827847480773926,396.2097526906291,0.03246853185131559,1189.4061279296875,705.0526733398438,7.214851379394531,19.79784393310547,9.10823917388916,13.815155029296875,0.7235979437828064,395.7624206542969,0.05097761005163193,"1926,1798,1542,3510,3254,2472,2216,1670,1802,3382,3126,1298,3403,2454,3335,81",18.5496883392334,,,,,0,2.846433401107788,5.09750509262085,5.551698207855225,8.052715301513672,"0.067,0.660,0.630,0.450,0.465,0.550,0.633,0.670",1110.564453125,2304.22607421875,"57.89,1726,1397,684.9,719.8,934.5,1588,1776",5.181344032287598,6.5722975730896,"4.232,6.07,5.364,4.385,4.584,4.908,5.857,6.053","0.4648,2.193,1.828,1.266,1.335,1.545,2.028,2.127","1.796,2.698,2.302,1.887,1.957,2.083,2.549,2.597",1838,0.01308964192867279,1838,0.004515349864959717,"1926,3510,1542,3126,1798,2088,3382,2344",0.2409365326166153,0.43353271484375,0.425689697265625,"0.918,1.1,1.68,1.32,1.23,1.7,1.19,1.93","0.802,0.774,0.744,0.74,0.707,0.692,0.637,0.622","-0.226,0.334,0.132,0.398,-0.207,0.209,0.346,-0.699","-0.371,0.371,0.371,0.371,-0.371,0.371,0.371,-0.741","-0.258,0.286,0.131,0.342,-0.237,0.175,0.296,-0.599",1.296875,1.1116071939468384,1,0.15269428491592407,0.13151665031909943
11,gate_proj,gptq,12288,4096,0,0.002062241236368815,0.0014680027961730957,798.5248484332565,0.01875362932927639,3324.76220703125,2565.89501953125,166.37612915039062,341.99993896484375,256.06103515625,299.71685791015625,0.9005346894264221,797.8848876953125,0.059374719858169556,"3828,1924,2276,368,3470,2573,1231,233,822,3992,4071,1114,1222,3775,3179,445",301.6410217285156,,,,,0,120.8494644165039,139.54412841796875,128.89483642578125,158.03976440429688,"0.777,1.062,0.948,0.826,0.793,0.835,0.843,0.810",2520.09326171875,2855.458251953125,"186.5,3656,2671,2085,2374,2840,3333,3015",14.758611679077148,15.691669464111328,"11.71,15.74,14.14,13.49,14.54,15.46,16.73,16.25","8.169,12.77,10.91,9.779,10.37,11.32,12.26,11.68","9.267,12.39,11.2,10.76,11.64,12.38,13.36,12.98",7333,0.0006958619342185557,6527,0.0014660527231171727,"3828,994,2276,368,3775,445,3470,1222",0.09540624171495438,0.2515665888786316,0.2252909392118454,"3.77,3.23,3.84,3.9,3.57,3.44,3.97,3.71","2.7,1.39,1.22,1.13,1.04,0.84,0.729,0.704","0.0364,0.114,0.0332,-0.0503,-0.0334,-0.0175,0.0474,-0.0527","0.0427,0.128,0.0427,-0.0427,-0.0427,0,0.0427,-0.0427","0.0363,0.116,0.0385,-0.0664,-0.0363,-0.0258,0.0513,-0.0402",0.26171875,0.2395043671131134,1,0.2734803557395935,0.1839820295572281
11,up_proj,gptq,12288,4096,0,0.0020397106806437173,0.001488824685414632,647.8373378551323,0.018116023140400336,2785.666015625,2174.82421875,141.71202087402344,272.8625793457031,213.06268310546875,241.45103454589844,0.9005346894264221,647.0933227539062,0.03857807070016861,"3828,1924,2276,368,3470,2573,233,1231,822,3992,4071,1222,3775,1114,3179,3146",301.6410217285156,,,,,0,99.39067077636719,112.66038513183594,108.30423736572266,127.18560791015625,"0.582,1.095,0.980,0.854,0.812,0.866,0.881,0.843",2520.09326171875,2855.458251953125,"186.5,3656,2671,2085,2374,2840,3333,3015",14.758611679077148,15.691669464111328,"11.71,15.74,14.14,13.49,14.54,15.46,16.73,16.25","6.099,11.82,10.01,8.863,9.482,10.37,11.27,10.72","7.997,11.3,10.11,9.588,10.52,11.14,12.01,11.67",618,0.00041730847442522645,3863,0.0007398492889478803,"3828,994,2276,368,3775,445,3470,1222",0.052842479199171066,0.6033427119255066,0.66046142578125,"0.73,2.18,0.921,1.06,2.29,2.08,1.62,2.25","2.7,1.39,1.22,1.13,1.04,0.84,0.729,0.704","-0.00806,-0.13,0.0156,-0.0452,-0.0308,0.0124,0.00424,-0.0388","0,-0.172,0,-0.0859,0,0,0,0","0,-0.148,0.0306,-0.0511,-0.0393,0,0,-0.0488",0.30078125,0.3437500298023224,1,0.1936960518360138,0.12304943054914474
11,down_proj,gptq,4096,12288,0,0.00201570987701416,0.0014786521593729656,1204.166473645883,0.033955509088003204,3441.082763671875,2195.251220703125,30.616657257080078,61.13850021362305,61.927555084228516,53.18227767944336,0.05324167758226395,1203.9268798828125,0.05495910719037056,"10413,4872,385,11096,3722,7677,4022,11447,12139,818,5968,2553,5546,8290,3762,4905",22.893434524536133,,,,,0,26.470624923706055,23.071918487548828,33.802772521972656,29.717586517333984,"0.191,1.325,1.300,1.048,1.034,1.103,1.165,1.108",9502.90625,12042.1318359375,"198.3,1.541e+04,1.087e+04,6173,7803,9895,1.374e+04,1.194e+04",10.836822509765625,12.537548065185547,"3.765,12.76,11.38,9.554,11.51,11.69,13.26,12.79","0.7017,6.209,5.428,4.182,5.035,5.304,6.201,5.816","1.606,5.393,4.762,4.084,4.951,5.049,5.745,5.526",1838,0.0067662084475159645,1838,0.005837874952703714,"395,7798,9319,742,5956,10413,2547,2587",0.3229065537452698,0.354949951171875,0.3563232421875,"1.44,1.73,1.44,1.8,1.64,1.47,1.74,1.71","4.03,1.68,1.13,0.95,0.728,0.683,0.593,0.505","-0.0679,-0.0226,-0.163,0.24,-0.19,-0.159,0.566,-0.15","-0.114,0,-0.128,0.237,-0.151,-0.134,0.486,-0.159","-0.0552,0,-0.114,0.206,-0.247,-0.116,0.485,-0.177",1.4140625,1.6198134422302246,1,0.4141697585582733,0.37829694151878357
12,q_proj,gptq,4096,4096,0,0.0020697712898254395,0.0014796257019042969,342.2617801029701,0.030016951342619443,1029.1910400390625,742.7642822265625,13.681205749511719,63.01783752441406,23.605966567993164,59.25545120239258,0.816906750202179,341.4017333984375,0.19366051256656647,"3828,994,445,2276,368,822,1773,1984,3402,929,3772,729,3779,270,2613,2073",1088.6976318359375,,,,,0,10.57480525970459,27.17599105834961,11.241286277770996,30.28078269958496,"0.399,0.517,0.487,0.331,0.312,0.348,0.370,0.344",2016.0638427734375,2292.709716796875,"167.9,3115,2426,1576,1803,2129,2577,2335",11.359467506408691,12.092355728149414,"6.468,12.55,11.98,11.52,11.44,11.95,12.58,12.37","1.687,4.062,3.765,3.031,2.928,3.215,3.475,3.303","2.669,5.65,5.393,5.267,5.242,5.453,5.709,5.634",3199,0.002946059452369809,453,0.00658975075930357,"994,3828,445,1838,368,270,923,2276",1.3646376132965088,0.557861328125,0.562835693359375,"2.19,1.6,1.77,1.47,1.8,1.78,1.51,1.68","4.91,3.8,2.48,2.17,1.69,1.61,1.28,1.24","-0.0208,-0.00302,0.0332,-0.0303,-0.0337,0.0415,0.0168,-0.00087","0,0,0.0578,0,-0.0578,0.0578,0.0578,0","-0.0227,0,0.0273,-0.0293,-0.0605,0.0605,0.0227,0",0.25390625,0.2631244361400604,1,0.1589386910200119,0.09012073278427124
12,k_proj,gptq,1024,4096,0,0.002020120620727539,0.0014586448669433594,98.2229765332886,0.03314726193900223,285.0244140625,206.74378967285156,3.818572521209717,15.316221237182617,6.676070213317871,14.794747352600098,0.816906750202179,97.88211059570312,0.17346061766147614,"3828,994,445,368,822,1773,1984,729,3402,2276,2619,929,2613,270,3779,2624",1088.6976318359375,,,,,0,3.0232672691345215,6.7030181884765625,3.1503617763519287,7.60575532913208,"0.288,0.642,0.658,0.375,0.354,0.382,0.405,0.385",2016.0638427734375,2292.709716796875,"167.9,3115,2426,1576,1803,2129,2577,2335",11.359467506408691,12.092355728149414,"6.468,12.55,11.98,11.52,11.44,11.95,12.58,12.37","0.6478,2.25,2.079,1.638,1.565,1.696,1.82,1.751","1.207,2.807,2.562,2.674,2.631,2.743,2.858,2.822",831,0.015986107289791107,829,0.020130615681409836,"994,3828,445,1838,368,270,923,2276",1.151662826538086,0.53955078125,0.5240478515625,"1.01,0.685,0.924,0.676,0.733,1.08,0.785,0.983","4.91,3.8,2.48,2.17,1.69,1.61,1.28,1.24","0.00946,0.00171,-0.00824,0.0195,0.0101,0.0271,0.00705,0.0083","0,0,0,0,0,0,0,0","0,0,0,0.0268,0,0,0,0",0.431640625,0.3882514238357544,2,0.19782374799251556,0.2193552553653717
12,v_proj,gptq,1024,4096,0,0.0020461082458496094,0.0014443397521972656,86.44711771042785,0.022508951561180247,319.96063232421875,240.4704132080078,4.02128791809082,12.221040725708008,6.207951545715332,11.440189361572266,0.816906750202179,86.32217407226562,0.07909591495990753,"3828,994,445,368,1773,822,1984,3402,729,3772,3779,929,2073,270,2613,2619",1088.6976318359375,,,,,0,2.8064839839935303,5.286638259887695,3.0675771236419678,5.937144756317139,"0.485,0.708,0.657,0.428,0.436,0.469,0.519,0.481",2016.0638427734375,2292.709716796875,"167.9,3115,2426,1576,1803,2129,2577,2335",11.359467506408691,12.092355728149414,"6.468,12.55,11.98,11.52,11.44,11.95,12.58,12.37","0.3929,2.121,1.945,1.509,1.559,1.684,1.843,1.753","0.5643,2.522,2.4,2.305,2.36,2.459,2.557,2.527",811,0.004131803289055824,480,0.009627290070056915,"994,3828,445,1838,368,270,923,2276",0.44946208596229553,0.7901611328125,0.8729248046875,"0.391,0.178,0.35,0.468,0.26,0.513,0.397,0.224","4.91,3.8,2.48,2.17,1.69,1.61,1.28,1.24","0.0219,-0.00842,0.00952,-0.0283,0.00702,0.0305,0.063,0.00537","0.0363,0,0,-0.0363,0,0.0363,0.0725,0","0.0218,0,0,-0.0257,0,0.023,0.0653,0",0.126953125,0.1450892984867096,1,0.10020644962787628,0.07841604948043823
12,o_proj,gptq,4096,4096,0,0.002087533473968506,0.0014665722846984863,426.54190471528545,0.035168683804695546,1255.7900390625,705.1441040039062,8.692768096923828,27.97678565979004,11.583808898925781,20.985525131225586,0.7461016774177551,424.4953918457031,0.046754516661167145,"676,548,932,1502,804,1118,94,6,1374,3256,3207,1246,78,3855,117,1748",43.636173248291016,,,,,0,4.1006622314453125,8.521575927734375,6.733847618103027,12.018898963928223,"0.164,0.573,0.564,0.442,0.400,0.441,0.520,0.519",1438.4635009765625,2368.168212890625,"127.5,1793,1650,1247,1417,1474,1816,1983",7.053613185882568,8.433980941772461,"3.64,6.776,7.369,7.042,7.887,7.756,7.848,8.111","0.6435,2.098,2.317,1.881,1.989,2.063,2.285,2.377","1.588,2.772,3.085,2.83,3.144,3.105,3.167,3.299",541,0.015412865206599236,1838,0.009488565847277641,"3250,2410,2425,2334,2390,2353,334,78",0.3725256323814392,0.399749755859375,0.3551025390625,"1.56,1.29,1.42,1.58,0.916,1.54,1.33,1.51","1.56,1.43,1.37,1.1,1.04,1.02,1.02,1","0.00909,0.015,0.0167,0.00699,-0.0265,0.0286,0.0243,-0.0184","0,0,0,0,0,0,0,0","0,0.0226,0.0226,0,-0.0226,0.0226,0.0215,0",0.765625,0.9256621599197388,1,0.24687914550304413,0.1429622620344162
12,gate_proj,gptq,12288,4096,0,0.0020527044932047525,0.0014696121215820312,770.470200770058,0.018856174180582504,3224.967041015625,2509.565673828125,154.17381286621094,328.41217041015625,249.97213745117188,290.6880798339844,0.8416733145713806,769.73193359375,0.06847222149372101,"3828,1924,822,3470,368,2276,1231,233,2573,3780,1114,3146,716,3992,1222,1214",260.90277099609375,,,,,0,117.10520935058594,135.23719787597656,124.25989532470703,151.79782104492188,"0.889,1.051,0.957,0.790,0.775,0.821,0.834,0.794",2591.782470703125,2953.6435546875,"189.2,4029,3017,2087,2383,2757,3277,2993",14.685997009277344,15.552376747131348,"11.74,16.09,14.61,13.44,14.41,15.05,16.24,15.9","8.716,12.85,11.28,9.405,10.05,10.77,11.73,11.2","9.241,12.53,11.53,10.58,11.41,11.89,12.84,12.57",1141,0.000975001894403249,11202,0.0013268913608044386,"3828,994,368,2276,3775,3470,1214,1924",0.10679368674755096,0.259765625,0.2326151579618454,"3.51,3.05,3.68,3.66,3.48,3.82,3.52,4.32","2.58,2.15,1.23,1.16,1.12,0.771,0.759,0.712","-0.0286,-0.031,0.0374,-0.0496,0.0151,-0.0366,0.0208,-0.00873","-0.0511,-0.0511,0.0511,-0.0511,0,-0.0511,0,0","-0.0218,-0.0396,0.0275,-0.0547,0.0218,-0.0254,0.0236,0",0.21484375,0.18382397294044495,1,0.3137899339199066,0.1943756490945816
12,up_proj,gptq,12288,4096,0,0.0020366509755452475,0.0014733274777730305,666.8970030164355,0.018092196023854746,2903.09716796875,2285.181884765625,141.4844207763672,282.95452880859375,222.19248962402344,254.63204956054688,0.8416733145713806,666.51904296875,0.045651376247406006,"1924,3828,3470,822,368,1231,233,2276,2573,3780,3146,1114,3992,716,1214,1222",260.90277099609375,,,,,0,102.41392517089844,118.79449462890625,111.98751068115234,132.46913146972656,"0.680,1.057,0.948,0.791,0.778,0.834,0.861,0.825",2591.782470703125,2953.6435546875,"189.2,4029,3017,2087,2383,2757,3277,2993",14.685997009277344,15.552376747131348,"11.74,16.09,14.61,13.44,14.41,15.05,16.24,15.9","6.743,12.2,10.64,8.866,9.493,10.21,11.16,10.69","8.179,11.86,10.93,9.966,10.76,11.18,12.03,11.77",3975,0.0005577882984653115,578,0.0008399498765356839,"3828,994,368,2276,3775,3470,1214,1924",0.06528666615486145,0.6509908437728882,0.7143046259880066,"0.884,2.13,1.24,0.918,2.31,1.64,1.8,1.45","2.58,2.15,1.23,1.16,1.12,0.771,0.759,0.712","0.000973,-0.0947,-0.0121,0.00314,-0.0179,0.0201,0.005,0.02","0,-0.0954,0,0,0,0.0477,0,0","0,-0.113,0,0,-0.0308,0,0,0.0244",0.197265625,0.22644180059432983,1,0.22420504689216614,0.1057807207107544
12,down_proj,gptq,4096,12288,0,0.002013822396596273,0.0014834006627400715,1184.2879791282248,0.03290274339800329,3481.023193359375,2259.35693359375,31.085384368896484,64.85234069824219,61.87450408935547,120.82383728027344,0.9847265481948853,1184.013671875,0.06236777454614639,"1216,9325,6847,7544,5218,2582,4580,7269,158,1016,515,5816,2114,5498,6069,10092",567.8057861328125,,,,,0,26.938066482543945,99.38134002685547,34.771263122558594,37.93533706665039,"0.099,1.312,1.205,0.089,0.090,0.508,1.065,0.822",8606.818359375,12044.23828125,"211.8,1.236e+04,7435,6003,7223,9610,1.416e+04,1.185e+04",17.11336898803711,13.405302047729492,"5.224,11.95,9.624,29.79,36.93,15.52,13.71,14.15","0.7318,5.933,4.578,4.983,5.438,5.446,6.337,5.881","2.322,5.18,4.171,16.68,18.14,7.642,6.14,6.486",270,0.010807720012962818,1838,0.023481091484427452,"1216,9325,7269,5302,5590,8792,6871,8044",0.5737617015838623,0.362823486328125,0.4000244140625,"1.74,1.42,1.63,1.98,1.59,1.1,1.73,1.43","29.2,14.8,2.78,1.89,1.02,0.752,0.712,0.705","0.0635,0.152,0.00412,0.0121,0.0151,-0.00123,-0.0264,-0.436","0.124,0,-0.124,-0.157,0,0,-0.018,-0.498","0.0544,0.131,0,0,0.0209,0,-0.0315,-0.498",0.51171875,0.4977678656578064,1,0.565331220626831,0.636408805847168
13,q_proj,gptq,4096,4096,0,0.0020374059677124023,0.0014827251434326172,401.9120879934635,0.035080715885490395,1105.95751953125,756.09765625,10.992045402526855,45.76182556152344,20.501707077026367,53.440399169921875,0.6763033270835876,400.33636474609375,0.19368813931941986,"3828,994,445,1984,822,1773,3402,368,929,2276,3450,729,3522,1570,2548,3772",943.6338500976562,,,,,0,9.141522407531738,27.250598907470703,9.430377006530762,25.216188430786133,"0.316,0.559,0.498,0.193,0.146,0.302,0.371,0.334",1958.715087890625,2302.882080078125,"185.6,3426,2561,1307,1333,2011,2566,2281",11.31405258178711,11.021690368652344,"5.867,12.36,11.74,12.61,13.45,11.5,11.56,11.42","1.356,4.204,3.81,2.532,2.326,2.873,3.169,2.997","2.412,5.622,5.397,5.758,6.083,5.23,5.2,5.188",129,0.003237454453483224,2309,0.010424399748444557,"994,3828,368,1781,1909,1745,445,923",2.4750709533691406,0.480712890625,0.4920654296875,"2.67,1.29,1.61,1.78,2.22,2.18,1.47,1.37","5.17,3.93,1.61,1.3,1.29,1.26,1.21,1.2","0.256,0.0554,-0.0325,-0.00133,-0.00885,0.041,-0.0173,-0.0427","0.219,0.0731,0,0,0,0.0591,0,-0.0731","0.219,0.0472,-0.0645,0,0,0.0511,0,-0.0731",0.326171875,0.3713932931423187,1,0.1323450207710266,0.3263375461101532
13,k_proj,gptq,1024,4096,0,0.0020418167114257812,0.001438140869140625,110.31727986235637,0.03763694930661621,294.78375244140625,203.72486877441406,2.9755983352661133,10.95001220703125,5.449360370635986,12.437703132629395,0.6763033270835876,110.26304626464844,0.18667317926883698,"3828,994,445,1984,1773,822,3402,1570,2613,2817,729,929,1781,368,3450,208",943.6338500976562,,,,,0,2.4935967922210693,6.498271465301514,2.5389597415924072,5.820518493652344,"0.296,0.604,0.695,0.214,0.152,0.355,0.439,0.396",1958.715087890625,2302.882080078125,"185.6,3426,2561,1307,1333,2011,2566,2281",11.31405258178711,11.021690368652344,"5.867,12.36,11.74,12.61,13.45,11.5,11.56,11.42","0.518,2.19,2.013,1.343,1.227,1.509,1.668,1.57","0.9517,2.819,2.414,2.902,3.147,2.534,2.517,2.495",511,0.019052620977163315,445,0.018655747175216675,"994,3828,368,1781,1909,1745,445,923",1.952343225479126,0.4608154296875,0.4735107421875,"0.741,0.542,0.64,1.12,0.88,0.744,0.811,0.675","5.17,3.93,1.61,1.3,1.29,1.26,1.21,1.2","-0.0479,-0.00519,0.0127,-0.084,0.0481,-0.0276,0.0199,-0.0121","0,0,0,-0.133,0,0,0,0","-0.0432,0,0,-0.0826,0.0742,0,0,0",0.466796875,0.5334821939468384,1,0.16942746937274933,0.15751297771930695
13,v_proj,gptq,1024,4096,0,0.002073049545288086,0.0014801025390625,88.2199041073327,0.023817339982546065,310.56195068359375,225.58323669433594,2.8647336959838867,9.826318740844727,4.579938888549805,10.818780899047852,0.6763033270835876,88.151123046875,0.08001568913459778,"3828,994,1984,445,822,1773,3402,368,929,729,3450,1400,3522,2613,2548,2619",943.6338500976562,,,,,0,1.9940544366836548,5.649972915649414,2.2585813999176025,5.16591215133667,"0.445,0.647,0.468,0.179,0.144,0.341,0.436,0.390",1958.715087890625,2302.882080078125,"185.6,3426,2561,1307,1333,2011,2566,2281",11.31405258178711,11.021690368652344,"5.867,12.36,11.74,12.61,13.45,11.5,11.56,11.42","0.4168,1.976,1.635,1.141,1.12,1.4,1.573,1.487","0.6246,2.457,2.39,2.697,2.949,2.398,2.382,2.381",56,0.0061216955073177814,66,0.017299000173807144,"994,3828,368,1781,1909,1745,445,923",0.9224380254745483,0.5927734375,0.7208251953125,"0.394,0.207,0.28,0.575,0.72,0.873,0.407,0.224","5.17,3.93,1.61,1.3,1.29,1.26,1.21,1.2","0.0588,0.0186,0.0189,0.0532,-0.0131,-0.026,-0.0991,-0.0156","0.0419,0,0,0.0419,0,-0.0252,-0.0837,0","0.0622,0.0271,0.03,0.0631,-0.0212,-0.0315,-0.0866,-0.0311",0.146484375,0.1288219690322876,2,0.08763614296913147,0.22908413410186768
13,o_proj,gptq,4096,4096,0,0.0020990371704101562,0.0014981627464294434,387.1318129113206,0.03385546726173843,1134.4388427734375,665.580078125,5.787984848022461,20.902202606201172,5.096125602722168,14.913057327270508,0.4838530719280243,386.3929443359375,0.04414273798465729,"184,56,334,2378,312,206,2403,887,440,78,2441,2442,2185,2277,1147,462",45.669769287109375,,,,,0,1.2528380155563354,7.349564075469971,3.2634973526000977,7.7758026123046875,"0.044,0.213,0.277,0.112,0.069,0.157,0.313,0.331",507.56005859375,1456.8994140625,"57.82,243.4,559.6,536.2,402.9,508,769.3,983.2",6.143147945404053,6.674355983734131,"4.554,4.645,4.671,7.285,8.737,6.743,6.015,6.495","0.3912,0.8678,1.023,1.103,1.005,1.174,1.408,1.576","1.861,1.882,1.946,3.295,3.816,2.958,2.518,2.737",1838,0.008026224561035633,1838,0.01467384397983551,"2403,2378,888,875,806,881,880,823",2.719832420349121,0.3157958984375,0.32879638671875,"1.94,1.7,1.75,1.8,1.72,1.65,1.86,1.19","4.33,2.4,1.81,1.62,1.5,1.4,1.21,1.01","-0.166,-0.123,0.194,0.268,-0.0649,-0.00336,0.0457,-0.0234","-0.217,-0.217,0.217,0.217,0,-0.0863,-0.0863,0","-0.19,-0.142,0.217,0.217,0,0,0,0",0.7578125,0.6495535969734192,1,0.09005298465490341,0.46230265498161316
13,gate_proj,gptq,12288,4096,0,0.0020560026168823242,0.0014821887016296387,746.5157637425291,0.01939638033881316,3072.39453125,2395.54248046875,145.30307006835938,316.38653564453125,239.00546264648438,308.2158203125,0.7101552486419678,745.335693359375,0.0749729722738266,"3828,1924,822,3470,1231,233,3780,368,2573,716,3146,1214,3666,2276,1114,1222",195.233642578125,,,,,0,110.0569839477539,158.25778198242188,117.92384338378906,150.06854248046875,"1.050,1.004,0.924,0.373,0.329,0.715,0.809,0.747",2482.010498046875,2950.52587890625,"195.5,4152,3158,1720,1856,2626,3233,2917",16.09947967529297,15.774385452270508,"12.77,16.37,14.84,17.38,19.52,15.6,16.23,16.08","10.09,12.77,11.04,8.366,8.634,10.24,11.33,10.77","9.847,12.74,11.49,13.7,15.05,12.11,12.6,12.46",10108,0.0010601324029266834,3660,0.0035149261821061373,"3828,994,233,368,1745,1367,1909,3610",0.24745433032512665,0.3079935908317566,0.2916259765625,"3.33,3.13,3.37,3.49,2.87,3.02,2.88,2.9","3.03,2.36,1.42,1.34,1.17,1.08,1.06,1.05","-0.0586,-0.122,-0.00522,0.0508,0.064,0.0124,0.0522,-0.00583","-0.0848,-0.17,0,0.0848,0.088,0,0.0472,0","-0.0416,-0.104,0,0.046,0.082,0,0.0363,0",0.296875,0.3392857313156128,1,0.2811208665370941,0.4872545301914215
13,up_proj,gptq,12288,4096,0,0.002050777276357015,0.0014818310737609863,692.8274002603139,0.018410206033618075,2984.09521484375,2349.73828125,143.926025390625,293.9776916503906,228.8756103515625,290.2635498046875,0.7101552486419678,691.9871826171875,0.04811518266797066,"1924,3828,3470,822,233,1231,3780,368,716,3146,2573,3666,1214,1222,994,3179",195.233642578125,,,,,0,102.91529846191406,149.1964111328125,114.27086639404297,141.23348999023438,"0.720,1.059,0.976,0.370,0.334,0.734,0.842,0.774",2482.010498046875,2950.52587890625,"195.5,4152,3158,1720,1856,2626,3233,2917",16.09947967529297,15.774385452270508,"12.77,16.37,14.84,17.38,19.52,15.6,16.23,16.08","7.917,12.68,10.97,8.139,8.542,10.07,11.21,10.64","9.333,12.32,11.1,13.38,14.78,11.76,12.21,12.1",4912,0.001383025199174881,741,0.002550126751884818,"3828,994,233,368,1745,1367,1909,3610",0.16826879978179932,0.5012614130973816,0.5346781611442566,"1.06,2.11,1.92,1.43,2.96,3.07,2.88,3.06","3.03,2.36,1.42,1.34,1.17,1.08,1.06,1.05","0.00198,-0.0134,-0.0173,-0.000797,-0.1,0.0366,-0.0879,-0.0603","0,0,0,0,-0.128,0,-0.0787,-0.0787","0,0,-0.0345,0,-0.0982,0.0438,-0.0791,-0.0619",0.3984375,0.4571911096572876,1,0.3176696300506592,0.22857028245925903
13,down_proj,gptq,4096,12288,0,0.0019944111506144204,0.0014706651369730632,1218.2543032487786,0.03362795301122696,3600.976318359375,2366.987548828125,34.37089920043945,66.01980590820312,64.22402954101562,61.923057556152344,0.5721516013145447,1217.2138671875,0.08194379508495331,"7743,11216,10489,5919,4772,5767,2004,679,4494,9509,5863,828,5254,4033,741,11963",89.51756286621094,,,,,0,27.158103942871094,29.92997932434082,35.18661117553711,32.59926223754883,"0.056,1.176,1.060,0.515,0.727,1.039,1.102,1.047",8278.3408203125,10930.41015625,"221.8,1.318e+04,1.056e+04,4426,5775,8893,1.233e+04,1.083e+04",12.035367012023926,12.74636173248291,"7.468,13,12.27,13.13,12.07,11.95,13.36,13.03","0.8067,6.318,5.689,4.279,4.64,5.445,6.299,5.93","3.421,5.826,5.526,5.961,5.441,5.341,6,5.796",1838,0.004622725769877434,1838,0.00601635966449976,"7743,1553,7505,4015,5636,5090,11514,11929",0.5409799814224243,0.386474609375,0.386260986328125,"1.34,1.74,1.59,1.7,1.72,2.11,1.46,1.74","4.75,1.09,0.959,0.894,0.751,0.724,0.673,0.621","-0.0315,0.0332,-0.0967,-0.0364,0.268,-0.214,-0.0342,-0.0869","0,0,0,-0.103,0.359,-0.238,-0.118,-0.0737","-0.0513,0,-0.0882,0,0.248,-0.213,0,-0.06",1.2421875,1.437614917755127,1,0.31550878286361694,0.42201703786849976
14,q_proj,gptq,4096,4096,0,0.0020605921745300293,0.0014801025390625,329.1705008968711,0.028732206952879757,1028.6668701171875,732.4296875,18.358787536621094,86.91608428955078,33.08238220214844,97.07038879394531,0.705790638923645,328.2568359375,0.22142517566680908,"3828,822,994,445,1773,1984,368,2613,3772,1214,2001,729,3402,2619,929,2276",929.0733642578125,,,,,0,14.9768648147583,48.50292205810547,15.028342247009277,46.163272857666016,"0.366,0.487,0.467,0.172,0.157,0.275,0.330,0.300",1930.124755859375,2222.385498046875,"195.8,3274,2609,1323,1504,1923,2420,2193",15.221590995788574,15.057096481323242,"8.114,16.88,16.02,17.16,17.74,15.12,15.49,15.24","1.972,5.314,4.928,3.245,3.175,3.599,3.97,3.752","3.26,7.616,7.214,7.816,8.024,6.862,6.914,6.855",3625,0.0029889987781643867,2224,0.017486343160271645,"994,3828,1838,368,923,1909,1745,3522",2.185776948928833,0.5643310546875,0.5548095703125,"2.11,1.31,1.28,1.59,1.35,2.02,1.83,1.67","7.42,5.83,2.76,2.15,1.91,1.55,1.55,1.52","-0.00534,0.00307,-0.0051,-0.00708,0.00232,-0.000645,0.0134,0.0105","0,0,0,0,0,0,0,0","0,0,0,0,0,0,0,0",0.2294921875,0.27000173926353455,1,0.17357413470745087,0.09782438725233078
14,k_proj,gptq,1024,4096,0,0.002048492431640625,0.0014882087707519531,90.7281548071187,0.03040335526752498,280.57342529296875,198.17648315429688,5.015867710113525,20.819049835205078,8.892646789550781,22.38907241821289,0.705790638923645,90.71988677978516,0.20933309197425842,"3828,822,994,445,1773,1984,2613,368,2001,1214,2619,3772,270,3402,929,729",929.0733642578125,,,,,0,4.101461887359619,11.154472351074219,4.035307884216309,10.627351760864258,"0.468,0.602,0.547,0.206,0.188,0.323,0.385,0.354",1930.124755859375,2222.385498046875,"195.8,3274,2609,1323,1504,1923,2420,2193",15.221590995788574,15.057096481323242,"8.114,16.88,16.02,17.16,17.74,15.12,15.49,15.24","1.015,2.783,2.584,1.71,1.679,1.864,2.074,1.96","1.484,3.587,3.492,3.766,3.876,3.278,3.34,3.296",191,0.011571090668439865,572,0.02198733761906624,"994,3828,1838,368,923,1909,1745,3522",1.8783291578292847,0.5196533203125,0.5,"0.839,0.659,0.557,0.702,0.727,0.853,0.707,1.07","7.42,5.83,2.76,2.15,1.91,1.55,1.55,1.52","0.0302,0.00369,-0.00641,-0.0322,-0.0157,-0.0287,0.0356,0.0181","0,0,0,-0.0672,0,0,0.0672,0","0.0371,0,0,-0.031,-0.0186,-0.0265,0.0402,0.0123",0.2373046875,0.24266067147254944,1,0.18064741790294647,0.04830574616789818
14,v_proj,gptq,1024,4096,0,0.0020051002502441406,0.0014543533325195312,81.66043377973256,0.02323035236922915,297.91796875,218.74188232421875,5.178898334503174,15.950170516967773,8.149667739868164,16.993911743164062,0.705790638923645,81.3653793334961,0.10045567899942398,"3828,822,994,445,1773,1984,368,2613,2001,3772,3402,2619,1214,729,929,270",929.0733642578125,,,,,0,3.529038190841675,8.695104598999023,3.9462502002716064,8.098307609558105,"0.617,0.680,0.547,0.203,0.197,0.398,0.496,0.454",1930.124755859375,2222.385498046875,"195.8,3274,2609,1323,1504,1923,2420,2193",15.221590995788574,15.057096481323242,"8.114,16.88,16.02,17.16,17.74,15.12,15.49,15.24","0.6337,2.542,2.221,1.532,1.621,1.832,2.065,1.96","0.8066,3.083,3.003,3.398,3.655,2.905,2.931,2.908",246,0.00683517986908555,54,0.008494650013744831,"994,3828,1838,368,923,1909,1745,3522",0.7985243797302246,0.68017578125,0.755126953125,"0.289,0.204,0.482,0.29,0.282,0.729,0.941,0.497","7.42,5.83,2.76,2.15,1.91,1.55,1.55,1.52","0.00132,-0.000496,-0.00224,0.00105,0.000172,-0.0164,0.015,0.00232","0,0,0,0,0,-0.0225,0.0112,0","0,0,0,0,0,-0.0293,0.0279,0",0.1328125,0.14635509252548218,1,0.134016215801239,0.21195010840892792
14,o_proj,gptq,4096,4096,0,0.002094447612762451,0.0014917254447937012,409.1350953760557,0.03593544961005625,1175.071044921875,659.0364990234375,12.447437286376953,39.88764190673828,13.094381332397461,32.35120391845703,0.602809727191925,408.19219970703125,0.03365897014737129,"3852,1636,1764,3898,3907,964,3857,836,3846,3884,3455,3876,160,3916,580,348",41.79393005371094,,,,,0,3.861722707748413,17.227867126464844,7.260030746459961,15.01319408416748,"0.089,0.440,0.435,0.135,0.102,0.234,0.420,0.402",832.1705322265625,1701.6461181640625,"88,866,879.9,873.5,891.3,752.1,1019,1288",9.527665138244629,9.502652168273926,"6.08,7.504,7.514,13.1,15.5,9.149,8.24,9.133","0.7144,2.032,1.937,2.083,2.051,1.891,2.163,2.389","2.4,3.063,2.936,5.664,6.432,3.908,3.335,3.769",1838,0.00829866249114275,1838,0.01703045703470707,"3852,3857,3907,3876,3846,2442,2539,3939",1.8119429349899292,0.34521484375,0.3624267578125,"1.57,0.987,1.01,1.49,1.47,1.83,1.7,1.48","9.48,4.31,3.72,3.08,1.79,1.69,1.66,1.23","-0.0188,-0.0967,-0.109,0.143,0.109,-0.0757,0.137,0.0713","0,-0.117,-0.117,0.117,0.117,-0.232,0.232,0.117","0,0,0,0.227,0,-0.091,0.136,0",0.79296875,0.6953749656677246,4,0.186859130859375,0.8394084572792053
14,gate_proj,gptq,12288,4096,0,0.0020645459493001304,0.0014923413594563801,726.0128285961091,0.01945958190955541,2990.05322265625,2309.77392578125,144.40328979492188,314.7996826171875,232.3544921875,309.25421142578125,0.6147333979606628,725.1139526367188,0.09327961504459381,"233,3828,1924,822,3470,3780,1231,368,1214,3146,1114,2652,2573,716,994,3179",216.581298828125,,,,,0,103.38908386230469,157.1887969970703,115.21651458740234,149.43475341796875,"0.313,1.008,0.945,0.416,0.398,0.712,0.791,0.746",2487.21826171875,2878.828857421875,"202.6,4067,3186,1808,2073,2547,3151,2864",16.413461685180664,16.01535987854004,"14.5,16.83,15.47,17.28,18.96,15.58,16.46,16.24","6.106,12.72,11.43,8.594,9.137,10.04,11.18,10.68","10.91,12.67,11.76,13.32,14.48,11.91,12.57,12.37",7761,0.000836230639833957,765,0.002331941621378064,"994,3828,368,1214,233,1909,3610,1745",0.22769443690776825,0.299346923828125,0.278564453125,"3.11,3.23,3.32,3.42,3.46,2.79,2.81,2.78","2.81,2.73,1.3,1.3,1.29,1.24,1.14,1.1","0.0104,0.04,0.0408,-0.064,-0.00316,0.000736,0.00169,-0.00916","0,0.0776,0.0776,-0.0776,0,0,0,0","0,0.0469,0.0653,-0.0658,0,0,0,0",0.271484375,0.3102678656578064,1,0.264224648475647,0.32792744040489197
14,up_proj,gptq,12288,4096,0,0.0020430684089660645,0.0014742215474446614,683.3726935378727,0.01853476790944473,2932.43798828125,2293.29150390625,143.94036865234375,292.2179260253906,224.807373046875,294.72308349609375,0.6147333979606628,682.5093994140625,0.058869846165180206,"233,1924,3828,822,3470,1231,3780,368,1214,3146,2573,1114,716,2652,994,3666",216.581298828125,,,,,0,98.99429321289062,150.77871704101562,112.52609252929688,141.75283813476562,"0.202,0.996,0.941,0.414,0.409,0.736,0.820,0.772",2487.21826171875,2878.828857421875,"202.6,4067,3186,1808,2073,2547,3151,2864",16.413461685180664,16.01535987854004,"14.5,16.83,15.47,17.28,18.96,15.58,16.46,16.24","4.796,12.56,11.08,8.426,9.069,9.98,11.1,10.6","10.66,12.59,11.42,13.09,14.19,11.63,12.26,12.06",9569,0.0008844326948747039,4858,0.0025374232791364193,"994,3828,368,1214,233,1909,3610,1745",0.14350475370883942,0.5349019765853882,0.582611083984375,"1.78,0.957,1.43,1.67,1.78,2.86,3.03,2.91","2.81,2.73,1.3,1.3,1.29,1.24,1.14,1.1","0.0322,0.00279,-0.00232,0.000496,-0.0781,0.0566,-0.0457,0.0688","0.0283,0,0,0,-0.085,0.0429,-0.0429,0.0817","0.0485,0,0,0,-0.0711,0.0424,-0.0318,0.07",0.2236328125,0.19022348523139954,1,0.2697025537490845,0.40005171298980713
14,down_proj,gptq,4096,12288,0,0.002011557420094808,0.0014804999033610027,1135.074447122941,0.03180279559315371,3473.509765625,2313.0341796875,32.35030746459961,67.46484375,64.4925308227539,194.45791625976562,0.9981863498687744,1134.474365234375,0.07643554359674454,"8636,9342,2407,8058,2332,8806,2299,3183,6371,1880,1355,9510,11833,7005,8842,11428",1165.70068359375,,,,,0,29.50035285949707,185.9228973388672,32.694671630859375,40.63590621948242,"0.068,1.111,1.160,0.039,0.062,0.323,0.895,0.655",8504.7744140625,10742.9560546875,"224.5,1.406e+04,1.007e+04,5349,6745,8536,1.267e+04,1.038e+04",22.114017486572266,13.59213924407959,"6.791,13.72,11.64,46.23,52.51,17.52,13.96,14.54","0.802,6.435,5.431,4.761,6.371,5.538,6.177,5.69","3.073,6.104,5.041,23.99,25.55,9.742,6.529,7.031",1838,0.025266392156481743,233,0.002642486710101366,"8636,9342,11820,8058,9419,3759,9466,8600",4.641078472137451,0.386077880859375,0.40936279296875,"1.43,1.78,1.81,0.988,1.76,1.38,1.43,1.86","46.5,13.4,1.68,1.57,1.53,1.19,0.906,0.738","0.0752,0.637,-0.0391,0.156,-0.0757,-0.00891,0.246,0.0913","0,0.857,-0.106,0.286,-0.108,0,0.261,0.179","0.107,0.546,0,0.107,-0.119,0,0.239,0.107",1.0,1.1785285472869873,1,1.0126241445541382,0.6533087491989136
15,q_proj,gptq,4096,4096,0,0.002040266990661621,0.0014647841453552246,362.01902394910576,0.03139994073551325,1060.0484619140625,731.65869140625,18.391576766967773,84.73108673095703,32.39997863769531,102.81768798828125,0.574335515499115,360.7496337890625,0.253222793340683,"3828,822,994,1773,445,368,1984,2613,3450,1214,2619,2532,2001,929,2548,729",861.1021728515625,,,,,0,14.231861114501953,53.741973876953125,14.889254570007324,47.56511306762695,"0.428,0.474,0.440,0.110,0.091,0.231,0.311,0.276",1763.596923828125,2119.5234375,"198.9,3089,2605,978.8,1044,1738,2385,2071",16.49959945678711,15.681770324707031,"7.805,17.97,16.88,19.81,20.69,16.37,16.37,16.1","1.966,5.404,4.871,2.831,2.677,3.461,4.009,3.72","3.006,7.845,7.342,8.545,8.877,7.201,7.187,7.081",961,0.0051490371115505695,1418,0.008584308438003063,"994,3828,1745,4017,1909,3610,923,761",4.1447930335998535,0.474273681640625,0.465728759765625,"2.05,1.22,2.17,1.85,2.16,1.88,1.26,2","7.67,4.55,2.66,2.41,2.17,2.13,2.08,2.05","0.179,0.0547,-0.0359,-0.0106,0.111,-0.0645,-0.0688,0.107","0.165,0.055,-0.055,0,0.11,-0.055,-0.055,0.11","0.162,0.0544,-0.041,0,0.125,-0.0552,-0.0541,0.119",0.287109375,0.25818052887916565,2,0.19206084311008453,0.22670915722846985
15,k_proj,gptq,1024,4096,0,0.0020372867584228516,0.0014519691467285156,103.6980892696738,0.035385547282513446,299.45135498046875,203.51382446289062,5.203620910644531,22.019790649414062,9.334845542907715,26.73917007446289,0.574335515499115,103.10147857666016,0.25663432478904724,"3828,822,994,1773,445,368,1984,2619,2613,2532,3450,1214,2001,929,2548,729",861.1021728515625,,,,,0,4.036558628082275,14.596652030944824,4.333109378814697,12.06441879272461,"0.451,0.533,0.509,0.104,0.083,0.251,0.371,0.315",1763.596923828125,2119.5234375,"198.9,3089,2605,978.8,1044,1738,2385,2071",16.49959945678711,15.681770324707031,"7.805,17.97,16.88,19.81,20.69,16.37,16.37,16.1","0.9886,2.811,2.624,1.526,1.427,1.851,2.178,1.999","1.472,3.849,3.678,4.742,4.964,3.695,3.575,3.563",379,0.011105741374194622,1005,0.02126712165772915,"994,3828,1745,4017,1909,3610,923,761",4.0366716384887695,0.5169677734375,0.50341796875,"0.78,0.632,0.654,0.972,0.759,0.731,0.722,0.918","7.67,4.55,2.66,2.41,2.17,2.13,2.08,2.05","0.082,0.00958,-0.00964,-0.015,-0.0061,-0.0123,0.000473,0.0952","0.0583,0,0,0,0,0,0,0.117","0.0737,0,0,0,0,0,0,0.0938",0.2041015625,0.1749441921710968,2,0.15033693611621857,0.1273408681154251
15,v_proj,gptq,1024,4096,0,0.0020477771759033203,0.0014331340789794922,82.01836414008358,0.0239770688622394,290.82183837890625,212.20199584960938,4.8942413330078125,16.01097869873047,7.588731288909912,18.444622039794922,0.574335515499115,81.83039855957031,0.12036781013011932,"3828,994,445,822,1773,1984,368,3450,2619,2532,2613,1214,2001,929,729,4017",861.1021728515625,,,,,0,3.2434446811676025,10.429766654968262,3.663241147994995,8.210461616516113,"0.634,0.584,0.547,0.106,0.094,0.315,0.465,0.401",1763.596923828125,2119.5234375,"198.9,3089,2605,978.8,1044,1738,2385,2071",16.49959945678711,15.681770324707031,"7.805,17.97,16.88,19.81,20.69,16.37,16.37,16.1","0.6525,2.445,2.313,1.329,1.334,1.736,2.029,1.876","0.8197,3.198,3.128,4.079,4.35,3.095,2.974,2.961",281,0.005216327495872974,324,0.012836831621825695,"994,3828,1745,4017,1909,3610,923,761",1.7779921293258667,0.586181640625,0.701171875,"0.362,0.158,0.717,0.617,0.677,0.905,0.16,0.546","7.67,4.55,2.66,2.41,2.17,2.13,2.08,2.05","0.142,0.00717,0.0121,0.0723,-0.0135,0.0155,0.0859,-0.0162","0.103,0,0,0.103,0,0,0.103,0","0.121,0,0,0.0866,-0.0205,0.0269,0.0809,0",0.359375,0.3080357313156128,1,0.09633562713861465,0.3426089882850647
15,o_proj,gptq,4096,4096,0,0.0020661354064941406,0.001487135887145996,319.9458882248873,0.029788275405785658,1002.52880859375,624.37255859375,9.613789558410645,40.072479248046875,8.022822380065918,39.39990234375,0.8181261420249939,319.37933349609375,0.04611187055706978,"1364,1236,1492,3639,3895,3767,1697,1825,2374,2502,2980,4023,1569,1409,2724,1953",132.29437255859375,,,,,0,2.8199238777160645,29.545547485351562,4.451147079467773,13.82180404663086,"0.045,0.280,0.278,0.064,0.043,0.110,0.301,0.247",845.834716796875,1332.8369140625,"71.73,546.8,551,1439,1248,803.7,977.4,1129",11.206104278564453,9.121162414550781,"6.138,6.85,6.826,19.15,22.99,10.53,8.077,9.093","0.5079,1.417,1.421,2.137,2.024,1.623,1.804,1.928","2.395,2.679,2.696,8.426,9.766,4.895,3.288,3.877",1781,0.006134393624961376,1838,0.015787452459335327,"1364,1305,1344,1354,1348,1286,1319,1359",6.084717273712158,0.326080322265625,0.3731689453125,"1.63,0.983,1.47,1.11,1.53,1.48,1.65,1.62","19.2,2.11,1.84,1.71,1.65,1.6,1.41,1.32","0.0952,0.00616,-0.0177,0.0608,-0.0258,-0.0403,0.0762,-0.0142","0.0865,0,-0.0432,0.0432,-0.0432,-0.0432,0.0865,0","0.124,0,0,0.0619,0,-0.0619,0.0619,0",0.216796875,0.2478882372379303,1,0.1585453748703003,0.49997246265411377
15,gate_proj,gptq,12288,4096,0,0.0020370086034139,0.0014979640642801921,698.6519106543856,0.0200790351557649,2828.5439453125,2179.19873046875,135.65939331054688,295.720458984375,216.8097686767578,316.16009521484375,0.47967055439949036,697.7381591796875,0.09374916553497314,"233,3828,1924,822,3470,3780,1231,994,1114,3146,2652,1214,368,716,3666,1984",206.42539978027344,,,,,0,94.31221008300781,175.3455810546875,106.66260528564453,142.4819793701172,"0.288,1.002,0.933,0.232,0.222,0.627,0.781,0.703",2401.1748046875,2826.17333984375,"205.8,4055,3434,1495,1660,2433,3142,2785",17.66111946105957,16.074241638183594,"16.03,16.88,16.01,20.72,22.56,16.15,16.54,16.41","6.238,12.33,11.34,7.589,7.933,9.589,10.87,10.21","11.62,12.31,11.75,15.75,16.84,12.11,12.3,12.18",10182,0.0013501568464562297,7272,0.0034052624832838774,"994,3828,233,1745,3610,1148,1909,2629",0.370242714881897,0.338470458984375,0.3262736201286316,"2.83,2.99,3.14,2.72,2.81,2.81,2.83,2.78","2.93,2.36,1.97,1.69,1.58,1.53,1.44,1.36","-0.0613,-0.0664,-0.0154,-0.0072,0.00891,0.0101,-0.0142,-0.0176","-0.0737,-0.0737,0,0,0,0,0,0","-0.0536,0,0,0,0,0,0,0",0.57421875,0.4961360692977905,5,0.2915050983428955,0.48959147930145264
15,up_proj,gptq,12288,4096,0,0.0020430684089660645,0.0014855265617370605,688.4718688906651,0.01904752624561785,2891.84765625,2254.93017578125,140.39474487304688,287.1171875,218.68917846679688,316.6976013183594,0.47967055439949036,687.8641357421875,0.06066722422838211,"233,1924,3828,822,3470,3780,1231,3146,994,368,1114,1214,2652,716,3666,1984",206.42539978027344,,,,,0,93.95973205566406,177.14010620117188,108.50537109375,141.34217834472656,"0.193,0.994,0.939,0.225,0.219,0.637,0.804,0.725",2401.1748046875,2826.17333984375,"205.8,4055,3434,1495,1660,2433,3142,2785",17.66111946105957,16.074241638183594,"16.03,16.88,16.01,20.72,22.56,16.15,16.54,16.41","5.112,12.37,11.49,7.554,7.986,9.657,10.95,10.32","11.64,12.41,11.86,15.93,17.05,12.1,12.22,12.12",6534,0.0005358735215850174,2682,0.01163352932780981,"994,3828,233,1745,3610,1148,1909,2629",0.26060956716537476,0.4589131772518158,0.489227294921875,"1.73,0.928,1.86,2.87,2.96,2.99,2.79,3.01","2.93,2.36,1.97,1.69,1.58,1.53,1.44,1.36","0.00217,0.00111,-0.00772,0.00684,0.0034,-0.0195,-0.042,-0.0262","0,0,0,0,0,-0.0272,-0.0544,-0.0272","0,0,0,0,0,-0.0226,-0.031,-0.0227",0.10986328125,0.10394550114870071,1,0.18485747277736664,0.04417848214507103
15,down_proj,gptq,4096,12288,0,0.002004047234853109,0.001471400260925293,1078.9494871698262,0.030489477656863346,3416.65771484375,2317.951416015625,32.75735092163086,60.79218292236328,61.05389404296875,72.7441177368164,0.5493037700653076,1078.97509765625,0.10009337961673737,"5390,2229,9800,4454,4098,9444,6556,3737,11795,54,8863,3490,88,10046,5592,1043",211.4734649658203,,,,,0,26.25975227355957,41.333038330078125,30.760257720947266,32.308563232421875,"0.090,1.072,0.991,0.267,0.259,0.735,1.033,0.902",8004.4833984375,10012.822265625,"225.5,1.388e+04,1.065e+04,4260,4967,8001,1.234e+04,9704",13.799522399902344,12.792167663574219,"5.942,14.58,13.91,18.1,18.64,12.94,13.28,13.01","0.7762,6.565,5.971,4.37,4.322,5.042,6.101,5.504","2.586,6.342,5.997,8.461,8.486,5.882,6.002,5.794",1838,0.006908927578479052,339,0.005140320397913456,"9800,2229,4035,8465,4454,8927,2124,9241",2.7991974353790283,0.422210693359375,0.4254150390625,"1.42,1.62,1.5,2.56,1.48,1.6,1.32,1.56","13.3,1.27,1.08,1.01,1.01,0.999,0.896,0.846","-0.289,-0.123,0.324,0.0522,-0.271,-0.289,-0.0427,-0.194","-0.377,0,0.393,0,-0.377,-0.274,-0.137,-0.377","-0.288,-0.0993,0.278,0.0692,-0.246,-0.331,0,-0.257",1.3203125,1.1316964626312256,1,0.35927847027778625,0.44980213046073914
16,q_proj,gptq,4096,4096,0,0.002037942409515381,0.0014704465866088867,359.0449735325965,0.033248744171701934,1018.1588134765625,684.339599609375,35.277252197265625,134.027587890625,57.936790466308594,160.76754760742188,0.5631901621818542,357.8290100097656,0.2636769711971283,"3828,994,1773,445,822,2613,2532,2619,3450,1984,4017,929,1214,3522,2548,729",584.0900268554688,,,,,0,23.980562210083008,86.14970397949219,26.21137046813965,71.47029113769531,"0.281,0.540,0.466,0.109,0.093,0.265,0.375,0.322",1696.7587890625,2034.6575927734375,"193.8,2892,2457,1018,1087,1672,2283,1972",21.105430603027344,19.84354019165039,"8.984,22.55,21.26,26.77,27.98,20.59,20.45,20.27","1.782,6.995,6.231,3.789,3.647,4.561,5.321,4.914","3.364,9.519,9.125,11.49,11.95,8.866,8.692,8.656",1281,0.006606505252420902,3393,0.010489022359251976,"994,3828,4017,1745,1148,3610,761,1909",4.205418586730957,0.435272216796875,0.406768798828125,"1.89,1.26,1.83,2.03,1.69,1.78,2.16,2.04","9.9,5.03,3.93,3.88,2.99,2.87,2.61,2.55","0.0479,0.0498,-0.0513,0.0315,0.0767,-0.064,0.0894,0.0102","0,0,0,0,0.132,0,0.132,0","0.0578,0.0658,-0.0463,0.058,0.0547,-0.0926,0.0971,0",0.462890625,0.3967633843421936,1,0.2964329421520233,0.3077663481235504
16,k_proj,gptq,1024,4096,0,0.0020160675048828125,0.0015292167663574219,93.67012612507824,0.03408099224443269,267.7225341796875,177.95681762695312,9.241495132446289,32.965511322021484,15.333179473876953,42.01400375366211,0.5631901621818542,93.35977935791016,0.2601432204246521,"3828,994,1773,445,822,2532,2619,1984,2613,3450,1214,4017,729,2548,929,3522",584.0900268554688,,,,,0,6.509154319763184,23.00347328186035,6.7999267578125,18.463348388671875,"0.335,0.598,0.556,0.101,0.088,0.262,0.380,0.324",1696.7587890625,2034.6575927734375,"193.8,2892,2457,1018,1087,1672,2283,1972",21.105430603027344,19.84354019165039,"8.984,22.55,21.26,26.77,27.98,20.59,20.45,20.27","0.8654,3.695,3.303,1.965,1.896,2.342,2.742,2.511","1.495,4.777,4.428,6.176,6.406,4.58,4.446,4.41",60,0.008788393810391426,1008,0.044331397861242294,"994,3828,4017,1745,1148,3610,761,1909",4.096780300140381,0.458984375,0.4300537109375,"0.833,0.68,1.19,0.83,0.87,0.881,1.07,0.965","9.9,5.03,3.93,3.88,2.99,2.87,2.61,2.55","0.0264,0.0204,0.128,0.0214,0.0145,0.0175,0.0923,-0.0156","0,0,0.114,0.0569,0,0,0.0569,0","0.0241,0.0377,0.11,0.0333,0.0229,0.0209,0.0791,-0.0233",0.19921875,0.227678582072258,1,0.17775201797485352,0.23916402459144592
16,v_proj,gptq,1024,4096,0,0.0020182132720947266,0.0014567375183105469,90.45048174030035,0.026451665390553245,298.7264404296875,211.80865478515625,10.279693603515625,25.30291748046875,14.694402694702148,29.22614288330078,0.5631901621818542,90.1530532836914,0.10494444519281387,"3828,1773,445,994,822,3450,2619,4017,1984,2532,2548,3522,729,2073,2001,2613",584.0900268554688,,,,,0,6.002185344696045,17.240896224975586,7.018509864807129,12.342758178710938,"0.529,0.800,0.763,0.106,0.098,0.379,0.597,0.499",1696.7587890625,2034.6575927734375,"193.8,2892,2457,1018,1087,1672,2283,1972",21.105430603027344,19.84354019165039,"8.984,22.55,21.26,26.77,27.98,20.59,20.45,20.27","0.5885,3.399,3.033,1.868,1.904,2.355,2.767,2.569","0.8089,3.801,3.471,5.748,6.089,3.822,3.58,3.638",914,0.0045366608537733555,652,0.013786546885967255,"994,3828,4017,1745,1148,3610,761,1909",1.2858891487121582,0.5892333984375,0.6561279296875,"0.178,0.134,0.346,0.751,0.92,0.838,0.353,0.639","9.9,5.03,3.93,3.88,2.99,2.87,2.61,2.55","-0.00272,-0.0108,-0.0374,-0.0679,-0.125,0.0674,0.00854,-0.0977","0,0,-0.0357,-0.0714,-0.143,0.0714,0,-0.107","0,0,-0.0251,-0.0578,-0.107,0.0586,0,-0.085",0.125,0.1428571492433548,1,0.12826718389987946,0.5219835638999939
16,o_proj,gptq,4096,4096,0,0.0020969510078430176,0.001471400260925293,365.16784665343584,0.03233053035128578,1097.889404296875,654.2583618164062,11.945356369018555,38.64820861816406,11.3153657913208,42.679542541503906,0.7369691133499146,364.3125,0.045845840126276016,"3514,3466,3575,3557,3501,3467,3487,3508,620,748,3509,365,3465,3460,3506,109",54.4489631652832,,,,,0,3.811001777648926,31.952457427978516,6.013868808746338,14.205878257751465,"0.105,0.522,0.443,0.065,0.052,0.138,0.387,0.306",869.9638061523438,1482.055908203125,"69.45,810.5,347.4,1511,1494,659.6,968,1100",11.871734619140625,9.252626419067383,"4.618,8.39,6.091,22.91,26.21,9.927,7.865,8.962","0.6121,2.285,1.556,2.369,2.322,1.685,2.023,2.129","1.893,3.163,2.339,9.321,10.19,4.536,3.252,3.845",1838,0.032113488763570786,1838,0.11151538789272308,"3514,3466,3557,3467,3487,3508,3575,3501",3.9781527519226074,0.415313720703125,0.41339111328125,"0.847,0.933,1.22,1.34,1.22,1.16,1.23,0.866","11.3,11,9.22,6.99,5.58,5.47,4.73,4.4","0.348,0.00656,0.0603,-0.0796,-0.0762,0.0427,-0.0898,0.239","0.279,0,0,0,0,0,0,0.279","0.279,0,0,0,0,0,0,0.279",0.9765625,1.1160714626312256,1,0.4161389470100403,3.4014971256256104
16,gate_proj,gptq,12288,4096,0,0.0020656387011210122,0.001498579978942871,743.8003665229771,0.020627871830928138,2935.7919921875,2247.070068359375,148.00013732910156,325.5915832519531,238.13162231445312,390.7044982910156,0.26975274085998535,742.818359375,0.13317258656024933,"233,1924,3828,822,3470,3780,1231,2652,1114,3146,2573,716,3179,994,1214,3666",264.25048828125,,,,,0,110.38216400146484,252.258544921875,111.30577087402344,151.06314086914062,"0.222,1.018,0.969,0.228,0.215,0.618,0.787,0.692",2213.193603515625,2696.36962890625,"209.9,3600,3011,1470,1585,2289,2930,2612",20.192228317260742,16.274721145629883,"36.17,16.11,15.57,21.31,23.19,16.36,16.39,16.44","12.44,12.12,11.36,7.847,8.15,9.831,10.98,10.36","26.42,12.01,11.54,16.43,17.56,12.51,12.37,12.45",1875,0.0015550629468634725,2271,0.009272919967770576,"994,3828,233,3610,1745,1148,2116,2629",0.38518208265304565,0.3695882260799408,0.3573405146598816,"3,3.25,1.53,2.82,2.75,2.85,2.89,2.83","2.71,2.15,2.08,1.75,1.73,1.67,1.57,1.46","-0.354,-0.402,-0.247,0.0203,-0.0083,-0.00787,-0.00818,-0.0344","-0.39,-0.39,-0.26,0,0,0,0,0","-0.313,-0.345,-0.209,0,0,0,0,0",0.55078125,0.6444570422172546,1,0.32137781381607056,1.3945945501327515
16,up_proj,gptq,12288,4096,0,0.0020415385564168296,0.0014852285385131836,698.52800877962,0.019322780037311766,2892.841064453125,2245.201904296875,147.66314697265625,303.5928039550781,227.09498596191406,367.8916015625,0.26975274085998535,697.7001342773438,0.08710180968046188,"233,1924,3828,822,3470,3780,1231,1114,2652,3146,2573,994,716,3179,1214,3666",264.25048828125,,,,,0,99.75495147705078,233.23976135253906,109.24801635742188,144.48133850097656,"0.154,1.042,0.928,0.224,0.212,0.614,0.801,0.714",2213.193603515625,2696.36962890625,"209.9,3600,3011,1470,1585,2289,2930,2612",20.192228317260742,16.274721145629883,"36.17,16.11,15.57,21.31,23.19,16.36,16.39,16.44","9.402,12.02,11.06,7.747,8.062,9.67,10.88,10.29","23.92,11.78,11.48,16.37,17.52,12.34,12.16,12.17",2271,0.003463928820565343,4213,0.007697997614741325,"994,3828,233,3610,1745,1148,2116,2629",0.292239785194397,0.4884236752986908,0.5154215693473816,"1.74,1,1.05,2.95,2.91,2.97,3,2.98","2.71,2.15,2.08,1.75,1.73,1.67,1.57,1.46","0.158,-0.147,-0.197,0.00543,0.161,0.0476,-0.133,0.0479","0.125,-0.125,-0.25,0,0.221,0,-0.172,0","0.144,-0.14,-0.155,0,0.126,0,-0.101,0",0.76953125,0.6642582416534424,4,0.47446268796920776,1.271681547164917
16,down_proj,gptq,4096,12288,0,0.0019592841466267905,0.0014815926551818848,1838.1662755458674,0.05287540249392244,3326.6494140625,2255.030029296875,97.92507934570312,2491.298583984375,88.04066467285156,585.2473754882812,0.5621578693389893,483.8275451660156,0.8205117583274841,"7167,10017,5783,1875,1756,11360,4765,8871,2371,7486,2848,11147,2271,5611,3898,6803",9327.955078125,,,,,0,45.23648452758789,677.3396606445312,37.878684997558594,31.382333755493164,"0.003,2.376,6.961,0.850,0.795,1.163,1.144,1.143",1253.8104248046875,1855.56640625,"220.5,1626,1215,883.8,954,1402,2003,1726",26.72121810913086,12.549931526184082,"135.2,11.6,10.3,10.2,10.32,11.18,12.75,12.24","3.636,7.693,12.36,4.253,4.104,5.471,6.166,5.822","72.39,4.991,4.684,4.614,4.602,5.074,5.765,5.447",2276,0.1797623634338379,2276,0.03797711431980133,"1758,2431,10040,6315,4213,1469,4690,9340",0.13803544640541077,0.380889892578125,0.39398193359375,"1.55,1.43,1.46,1.74,1.66,1.61,1.44,1.52","1.58,1.38,1.28,0.933,0.928,0.834,0.77,0.764","0.14,-0.186,0.201,-0.0732,0.129,-0.0261,-0.186,0.322","0.616,0.558,0.558,0,0,-0.115,0,0","0,-0.159,0.218,-0.096,0.137,-0.036,-0.155,0.276",1.953125,15.831223487854004,1,1.7400163412094116,0.8967275619506836
17,q_proj,gptq,4096,4096,0,0.002043604850769043,0.0014572739601135254,367.1678663715138,0.03308293915435575,1041.853271484375,703.328125,31.565052032470703,119.54815673828125,51.933963775634766,148.28536987304688,0.6111435890197754,366.23028564453125,0.26565688848495483,"3828,994,1773,445,822,3450,2532,2619,2613,1984,929,4017,2548,2001,1214,729",410.5674743652344,,,,,0,22.01044464111328,79.48848724365234,22.821674346923828,65.21783447265625,"0.421,0.489,0.497,0.119,0.110,0.258,0.356,0.307",1640.7454833984375,2008.248046875,"200.8,2430,2311,1144,1283,1677,2176,1904",20.21563720703125,18.872255325317383,"9.976,21.01,20.15,25.72,26.82,19.73,19.17,19.15","2.453,6.302,6.092,3.849,3.827,4.337,4.922,4.555","3.781,9.007,8.643,11.16,11.52,8.543,8.246,8.219",2049,0.005474363453686237,2693,0.0072259241715073586,"994,3828,4017,1745,3610,1909,1148,83",3.2668209075927734,0.428131103515625,0.401458740234375,"1.96,1.29,1.67,2.03,1.89,2.03,1.86,1.87","10.8,4.04,3.7,3.6,3.09,2.84,2.69,2.31","0.136,0.0383,-0.0645,0.0728,0.00604,-0.0659,0.0248,-0.0072","0.112,0.0558,-0.0558,0.0558,0,-0.0558,0.0558,0","0.129,0.0622,-0.0547,0.0625,0,-0.0781,0,0",0.2578125,0.24959267675876617,1,0.28316572308540344,0.23085583746433258
17,k_proj,gptq,1024,4096,0,0.002059459686279297,0.0014760494232177734,91.56675312868174,0.03486830035576773,264.13427734375,178.187744140625,7.956117153167725,28.888809204101562,12.994860649108887,36.248756408691406,0.6111435890197754,91.29269409179688,0.2631213068962097,"3828,994,1773,445,822,2532,3450,2613,2619,1984,929,2548,1214,4017,3522,729",410.5674743652344,,,,,0,5.3948869705200195,19.631946563720703,5.702189922332764,15.829682350158691,"0.393,0.481,0.520,0.113,0.103,0.271,0.377,0.322",1640.7454833984375,2008.248046875,"200.8,2430,2311,1144,1283,1677,2176,1904",20.21563720703125,18.872255325317383,"9.976,21.01,20.15,25.72,26.82,19.73,19.17,19.15","1.107,3.121,2.995,1.901,1.891,2.18,2.461,2.286","1.767,4.498,4.152,5.654,5.887,4.188,4.01,4.028",254,0.007079623639583588,248,0.02633553184568882,"994,3828,4017,1745,3610,1909,1148,83",3.2558491230010986,0.45947265625,0.4459228515625,"0.764,0.629,1.07,0.751,0.77,0.842,0.719,0.899","10.8,4.04,3.7,3.6,3.09,2.84,2.69,2.31","-0.0549,-0.00778,-0.163,0.01,0.0439,0.0354,-0.0386,9.3e-05","-0.0753,0,-0.151,0,0.0753,0,0,0","-0.0505,0,-0.186,0,0.0333,0.0317,-0.0279,0",0.263671875,0.3013392984867096,1,0.15910311043262482,0.11918917298316956
17,v_proj,gptq,1024,4096,0,0.002045154571533203,0.0014786720275878906,81.80331075407958,0.024950071454670413,281.1959228515625,203.24012756347656,8.342218399047852,23.03900146484375,11.919281959533691,25.21436309814453,0.6111435890197754,81.78730010986328,0.11876224726438522,"3828,1773,445,994,2532,3450,822,2619,1984,4017,2548,2613,2001,929,729,761",410.5674743652344,,,,,0,4.835877895355225,14.459888458251953,5.540157318115234,10.738205909729004,"0.530,0.828,0.694,0.117,0.112,0.361,0.547,0.460",1640.7454833984375,2008.248046875,"200.8,2430,2311,1144,1283,1677,2176,1904",20.21563720703125,18.872255325317383,"9.976,21.01,20.15,25.72,26.82,19.73,19.17,19.15","0.856,2.879,2.689,1.796,1.877,2.133,2.437,2.28","1.176,3.163,3.227,5.258,5.61,3.548,3.297,3.362",47,0.005640682298690081,118,0.012015325017273426,"994,3828,4017,1745,3610,1909,1148,83",1.083571195602417,0.531982421875,0.6243896484375,"0.248,0.158,0.464,0.698,0.767,0.666,0.837,0.688","10.8,4.04,3.7,3.6,3.09,2.84,2.69,2.31","-0.0061,0.000444,-0.00613,-0.00677,0.0238,-0.00897,-0.0115,0.0221","0,0,0,0,0.017,0,-0.017,0.017","0,0,0,0,0.0213,0,0,0.0254",0.1171875,0.12246455252170563,1,0.14093828201293945,0.061573609709739685
17,o_proj,gptq,4096,4096,0,0.002104461193084717,0.001506209373474121,348.8290173591304,0.03125817998537813,1090.8095703125,647.774658203125,11.880331039428711,55.164093017578125,12.363239288330078,32.46949768066406,0.6757420301437378,347.7032775878906,0.041360851377248764,"1959,1694,3436,2754,1703,1822,1831,3010,3564,2316,3308,3037,1950,1575,2626,3351",27.804853439331055,,,,,0,3.039623498916626,12.64304256439209,7.064165115356445,17.194080352783203,"0.040,0.185,0.232,0.266,0.235,0.254,0.343,0.345",723.8333129882812,1657.9615478515625,"87.51,585.6,626.1,741.3,668.3,752.3,1182,1148",8.941069602966309,10.510491371154785,"8.494,8.921,8.739,8.951,8.858,8.797,9.342,9.426","0.6968,1.559,1.658,1.833,1.698,1.745,2.155,2.173","3.466,3.623,3.442,3.554,3.504,3.462,3.682,3.701",1838,0.01989254727959633,1838,0.018637776374816895,"548,676,804,1950,3130,3514,3258,3386",0.3871084153652191,0.395294189453125,0.431549072265625,"1.35,1.31,1.19,0.959,1.63,1.33,1.32,1.11","1.52,1.42,1.39,1.37,1.31,1.3,1.3,1.3","-0.318,-0.0527,-0.104,-0.283,0.0217,0.0864,0.373,0.196","-0.368,0,-0.184,-0.368,0,0,0.368,0.184","-0.273,-0.0513,-0.114,-0.337,0,0.105,0.32,0.168",0.74609375,0.8825893402099609,1,0.23943868279457092,0.4783715307712555
17,gate_proj,gptq,12288,4096,0,0.0020610888799031577,0.0014975269635518391,699.8053247444768,0.01983080713188743,2862.07470703125,2203.396484375,136.25711059570312,305.0196533203125,214.2438201904297,309.53759765625,0.524007260799408,698.4984741210938,0.08441461622714996,"1924,3828,822,3780,3470,1231,2652,3146,1114,3666,1214,716,994,2573,3179,3921",236.6204071044922,,,,,0,92.67586517333984,163.79002380371094,102.96575164794922,142.3855438232422,"1.017,0.988,0.919,0.224,0.214,0.595,0.767,0.676",2177.3525390625,2717.092041015625,"208.6,3279,3128,1467,1592,2278,2895,2572",16.8436336517334,16.023630142211914,"12.69,15.26,15.28,20.78,22.54,16.09,16.04,16.08","9.455,11.16,10.82,7.497,7.821,9.311,10.46,9.839","9.376,11.23,11.29,15.85,16.92,12.07,11.94,11.96",9455,0.001383730093948543,3371,0.002709882101044059,"994,3828,1745,1148,3610,2116,1909,2629",0.3131958842277527,0.34747314453125,0.339263916015625,"2.86,2.87,2.71,2.76,2.77,2.87,2.8,2.84","2.75,1.83,1.62,1.6,1.55,1.51,1.48,1.39","-0.0101,-0.015,0.0297,0.0138,-0.0128,-0.0481,-0.0226,-0.0165","0,0,0.0442,0,0,-0.0421,0,0","0,0,0.0314,0,0,-0.0444,-0.0402,0",0.2255859375,0.24660030007362366,1,0.2909254729747772,0.10692445933818817
17,up_proj,gptq,12288,4096,0,0.002043147881825765,0.001483460267384847,691.7236798526428,0.018921857393627454,2920.92333984375,2267.0986328125,140.39065551757812,298.99609375,215.79898071289062,310.90216064453125,0.524007260799408,690.6766357421875,0.059179555624723434,"1924,3828,3470,822,3780,1231,3146,2652,1114,3666,1214,716,2573,3179,994,3921",236.6204071044922,,,,,0,91.04867553710938,165.86192321777344,104.89910888671875,141.79006958007812,"0.750,0.998,0.952,0.217,0.209,0.594,0.783,0.691",2177.3525390625,2717.092041015625,"208.6,3279,3128,1467,1592,2278,2895,2572",16.8436336517334,16.023630142211914,"12.69,15.26,15.28,20.78,22.54,16.09,16.04,16.08","8.047,11.24,11.01,7.491,7.837,9.363,10.57,9.955","9.295,11.25,11.29,16.08,17.15,12.14,11.95,11.97",1425,0.0006948215304873884,10949,0.003198640188202262,"994,3828,1745,1148,3610,2116,1909,2629",0.24807389080524445,0.4253133237361908,0.4471944272518158,"1.76,1.17,2.88,3.01,2.91,3,2.82,2.97","2.75,1.83,1.62,1.6,1.55,1.51,1.48,1.39","-0.0339,-0.0542,0.0132,0.0366,-0.00977,-0.000127,0.032,-0.0126","0,-0.109,0,0.0344,0,0,0,0","-0.0307,-0.0385,0.022,0.0255,-0.0167,0,0.0247,-0.0234",0.3828125,0.3281250298023224,1,0.20659232139587402,0.23641616106033325
17,down_proj,gptq,4096,12288,0,0.0020044644673665366,0.0014868378639221191,1074.6500190258375,0.03062858306585246,3364.322265625,2275.294921875,34.33438491821289,67.1746826171875,65.46186828613281,69.14028930664062,0.11102712154388428,1074.328857421875,0.06656236201524734,"3447,8538,10130,10463,10990,10949,5757,6333,7102,9142,6155,6848,8940,5444,9060,11903",67.95170593261719,,,,,0,26.13640785217285,31.760398864746094,32.69763946533203,33.55843734741211,"0.258,1.057,0.843,0.498,0.534,0.885,0.962,0.923",7105.71923828125,10240.2109375,"197.3,7360,1.484e+04,3735,4336,7272,1.009e+04,9012",12.121424674987793,13.216525077819824,"3.35,10.91,22.26,11.09,11.63,11.71,13.18,12.85","0.7458,4.828,8.634,3.428,3.736,4.838,5.699,5.394","1.467,4.696,9.403,4.859,5.114,5.141,5.811,5.613",2276,0.005277723539620638,1838,0.0054344115778803825,"10949,10130,12031,10463,4620,11777,1787,6039",0.4448888301849365,0.41180419921875,0.44049072265625,"1.28,1.5,1.43,1.52,1.56,1.34,1.76,1.22","4.11,2.57,1.76,1.25,1,0.995,0.885,0.878","0.0703,-0.287,0.198,0.156,0.22,-0.484,-0.107,-0.0107","0,-0.277,0.138,0.138,0.277,-0.415,-0.114,0","0.0765,-0.328,0.241,0.171,0.204,-0.415,-0.11,0",0.484375,0.5463652610778809,1,0.2714093327522278,0.25170043110847473
18,q_proj,gptq,4096,4096,0,0.0020521879196166992,0.0014754533767700195,346.5915627182694,0.03207003927667631,999.7239379882812,675.4117431640625,34.26173400878906,147.4827117919922,58.574928283691406,194.1927947998047,0.64037024974823,345.3664245605469,0.29443755745887756,"3828,1773,994,445,822,3450,2532,2613,1984,2619,1214,4017,929,923,2548,2001",383.7306213378906,,,,,0,25.349292755126953,100.7918701171875,25.78706169128418,87.71167755126953,"0.281,0.452,0.448,0.112,0.105,0.221,0.292,0.257",1600.173583984375,1974.94921875,"191.9,2293,2640,1063,1171,1593,2034,1816",23.70832061767578,22.24070167541504,"13.04,25.44,24.23,29.16,29.91,23.03,22.43,22.42","2.403,7.062,6.666,4.084,4.024,4.561,5.106,4.791","4.532,10.51,9.957,12.18,12.45,9.704,9.442,9.46",3460,0.004127612803131342,1859,0.01127762719988823,"994,3828,4017,3610,1745,1148,1909,339",3.8169198036193848,0.44342041015625,0.42279052734375,"1.69,1.07,1.75,1.96,1.93,1.81,1.98,2.54","12.9,4.92,4.26,3.48,3.34,3.16,2.97,2.71","0.168,0.0884,-0.0806,0.0259,0.00482,0.0272,0.0206,-0.0603","0.184,0.0614,-0.0614,0,0,0,0,-0.0614","0.173,0.0848,-0.072,0.0419,0,0,0,-0.0497",0.296875,0.25464165210723877,1,0.25854140520095825,0.2233448177576065
18,k_proj,gptq,1024,4096,0,0.0020482540130615234,0.0014820098876953125,93.15360094723292,0.03432811934282573,271.1773681640625,182.33441162109375,9.234130859375,39.336124420166016,16.058422088623047,50.88935470581055,0.64037024974823,92.88188934326172,0.3016296327114105,"3828,994,1773,445,822,2532,3450,1984,2619,2613,4017,923,929,1214,729,3779",383.7306213378906,,,,,0,6.868378639221191,26.57219696044922,7.089461326599121,22.732101440429688,"0.351,0.396,0.463,0.120,0.116,0.235,0.305,0.270",1600.173583984375,1974.94921875,"191.9,2293,2640,1063,1171,1593,2034,1816",23.70832061767578,22.24070167541504,"13.04,25.44,24.23,29.16,29.91,23.03,22.43,22.42","1.225,3.534,3.535,2.159,2.143,2.407,2.68,2.497","2.067,5.62,5.196,6.233,6.291,4.963,4.856,4.806",440,0.015115126967430115,444,0.012345165014266968,"994,3828,4017,3610,1745,1148,1909,339",3.7322521209716797,0.4710693359375,0.465576171875,"0.677,0.57,1.1,0.791,0.781,0.824,0.849,0.764","12.9,4.92,4.26,3.48,3.34,3.16,2.97,2.71","-0.0413,-0.0255,-0.109,0.0444,0.0747,-0.0393,-0.0977,-0.0164","-0.0737,0,-0.147,0.0737,0.0737,0,-0.0737,0","-0.0737,-0.0324,-0.116,0.0519,0.0865,-0.0416,-0.0967,-0.0306",0.2578125,0.2946428656578064,1,0.26344406604766846,0.5510158538818359
18,v_proj,gptq,1024,4096,0,0.002051830291748047,0.0014705657958984375,78.53444001365278,0.02291336508542884,285.632080078125,209.80487060546875,9.429107666015625,27.668659210205078,13.386016845703125,32.22758102416992,0.64037024974823,78.31776428222656,0.13103191554546356,"3828,1773,994,445,3450,2532,2619,822,1984,2548,4017,2613,2001,729,929,1214",383.7306213378906,,,,,0,5.4622063636779785,18.238563537597656,6.385357856750488,13.805794715881348,"0.359,0.573,0.587,0.113,0.106,0.321,0.478,0.409",1600.173583984375,1974.94921875,"191.9,2293,2640,1063,1171,1593,2034,1816",23.70832061767578,22.24070167541504,"13.04,25.44,24.23,29.16,29.91,23.03,22.43,22.42","0.8133,2.941,3.074,1.917,1.966,2.255,2.551,2.409","1.358,3.883,4.011,5.712,6.051,3.981,3.691,3.766",475,0.006133230868726969,500,0.013571529649198055,"994,3828,4017,3610,1745,1148,1909,339",1.3755439519882202,0.559814453125,0.6680908203125,"0.228,0.18,0.457,0.669,0.716,0.774,0.667,0.452","12.9,4.92,4.26,3.48,3.34,3.16,2.97,2.71","-0.0115,0.00433,0.107,0.015,0.063,0.0344,-0.0141,-0.04","0,0,0.096,0,0.048,0.048,0,-0.048","0,0,0.0917,0,0.0519,0.0296,-0.0262,-0.0405",0.17578125,0.17025189101696014,1,0.15397819876670837,0.2549518644809723
18,o_proj,gptq,4096,4096,0,0.0021126866340637207,0.0014783143997192383,364.04762281739386,0.032563992061766786,1107.310302734375,645.3924560546875,14.345550537109375,62.396209716796875,11.761848449707031,36.92716979980469,0.6669877171516418,362.8709411621094,0.03854560852050781,"1936,1552,2031,1576,1960,1656,1946,2005,1627,1647,2011,1680,1621,2040,791,2266",30.13507080078125,,,,,0,1.9530510902404785,13.45897388458252,6.924903392791748,19.783342361450195,"0.047,0.127,0.094,0.138,0.123,0.162,0.210,0.237",348.81158447265625,1365.761962890625,"90.8,283.6,190.1,293.1,271,398.2,579.2,684.7",9.352678298950195,11.238496780395508,"9.546,9.373,8.726,9.165,9.119,9.271,9.72,9.902","0.8082,1.303,1.052,1.336,1.259,1.469,1.75,1.891","3.72,3.656,3.426,3.593,3.589,3.646,3.818,3.882",2113,0.005068943835794926,3772,0.008294825442135334,"276,1946,1562,1690,1818,404,3966,3710",0.8814412355422974,0.39483642578125,0.43402099609375,"1.18,1.33,1.09,1.15,1.51,1.38,1.12,1.13","1.5,1.5,1.49,1.44,1.43,1.38,1.29,1.19","-0.00641,0.0219,-0.00995,-0.00842,0.0381,0.0398,-0.00952,-0.0206","0,0,0,0,0.0787,0,0,0","0,0.0296,0,0,0,0.0438,0,-0.0142",0.310546875,0.35153326392173767,1,0.0896013155579567,0.04192289337515831
18,gate_proj,gptq,12288,4096,0,0.0020484328269958496,0.001501301924387614,709.0267325765744,0.020386510028957566,2878.5166015625,2224.7958984375,148.9066162109375,334.6800231933594,230.55523681640625,341.4466552734375,0.5464444160461426,707.35986328125,0.0869314968585968,"1924,3780,233,3828,822,3470,1231,3146,2652,1214,1114,3666,716,3179,3921,2573",212.3175506591797,,,,,0,94.62985229492188,178.1829833984375,113.13036346435547,159.0367431640625,"0.441,0.974,0.889,0.229,0.214,0.581,0.746,0.658",2190.944580078125,2721.897216796875,"202.5,3257,3531,1422,1527,2246,2813,2529",17.470733642578125,16.793365478515625,"11.97,15.78,17.21,21.41,23.1,16.83,16.67,16.8","5.864,11.62,12.13,7.809,8.014,9.684,10.81,10.23","8.834,11.78,12.86,16.3,17.33,12.7,12.51,12.62",506,0.002210757927969098,1548,0.0013933413429185748,"994,3828,1148,2116,2629,1909,1745,3610",0.2864852249622345,0.3455607295036316,0.3444417417049408,"2.79,2.83,2.77,2.86,2.81,2.77,2.65,2.72","2.66,1.75,1.57,1.46,1.46,1.41,1.39,1.36","-0.101,-0.0938,-0.0181,-0.108,0.0176,0.167,-0.0349,0.0112","-0.101,-0.101,0,-0.137,0,0.169,0,0","-0.0709,-0.0645,0,-0.0993,0,0.166,-0.0505,0",0.318359375,0.3684214949607849,1,0.37682029604911804,0.3896973133087158
18,up_proj,gptq,12288,4096,0,0.0020418167114257812,0.0014852484067281087,698.1027581584785,0.01909624056308462,2953.818359375,2300.689453125,154.77883911132812,329.8497314453125,233.398681640625,342.9779052734375,0.5464444160461426,696.926513671875,0.06095539405941963,"1924,233,3780,822,3470,3828,1231,3146,2652,1214,3666,1114,716,3179,3921,2573",212.3175506591797,,,,,0,94.41585540771484,180.55523681640625,115.5101318359375,158.45925903320312,"0.315,0.984,0.924,0.218,0.210,0.580,0.756,0.672",2190.944580078125,2721.897216796875,"202.5,3257,3531,1422,1527,2246,2813,2529",17.470733642578125,16.793365478515625,"11.97,15.78,17.21,21.41,23.1,16.83,16.67,16.8","4.956,11.6,12.21,7.764,8.091,9.748,10.9,10.36","8.834,11.7,12.71,16.62,17.65,12.8,12.54,12.63",7748,0.0014501794939860702,3345,0.0016449782997369766,"994,3828,1148,2116,2629,1909,1745,3610",0.23632937669754028,0.428009033203125,0.4495036005973816,"1.72,1.24,2.99,2.99,3,2.85,2.89,2.84","2.66,1.75,1.57,1.46,1.46,1.41,1.39,1.36","-0.012,-0.00836,-0.0334,0.0608,-0.00568,0.138,0.609,-0.0859","0,0,-0.0316,0.0546,0,0.151,0.52,-0.0546","0,0,-0.0466,0.0692,0,0.118,0.522,-0.0737",0.703125,0.5930048227310181,1,0.30813202261924744,0.4104398190975189
18,down_proj,gptq,4096,12288,0,0.0020122726758321128,0.001487274964650472,1159.5052015801484,0.03307745736958526,3465.624755859375,2308.10107421875,41.68361282348633,86.72557830810547,77.3355484008789,191.1405029296875,0.985788106918335,1156.6590576171875,0.1292579621076584,"7219,6797,576,5032,966,8027,11476,11331,12198,12097,10902,6450,6662,842,461,6350",743.837158203125,,,,,0,28.265762329101562,164.97947692871094,38.32743453979492,48.34674072265625,"0.308,1.152,1.259,0.042,0.045,0.347,0.833,0.640",6240.26708984375,9590.0458984375,"187.9,6549,1.164e+04,3597,4028,6653,9041,8228",20.90862274169922,15.073302268981934,"3.28,10.99,14.64,43.6,47.14,17.67,14.49,15.46","0.7898,5.15,7.222,4.705,4.955,5.467,6.02,5.83","1.422,4.799,6.437,22.89,23.38,9.286,6.597,7.288",1838,0.019112737849354744,1838,0.04927165433764458,"7219,6797,11476,576,9833,2450,10387,1896",5.878950119018555,0.4044189453125,0.453460693359375,"1.73,1.38,1.41,1.46,1.49,1.61,1.66,1.35","40.1,15.4,3.5,1.62,1.4,1.26,0.986,0.92","0.5,0.637,-0.875,0.844,0.848,0.0134,0.0378,0.245","0.5,0.75,-0.75,0.75,0.75,0,0,0.164","0.429,0.546,-1,0.723,0.727,0,0.0544,0.186",0.9453125,0.9414260983467102,1,0.6850760579109192,5.189180374145508
19,q_proj,gptq,4096,4096,0,0.0020398497581481934,0.001479506492614746,355.3188895427156,0.03235290628440531,1029.9527587890625,712.818359375,67.68482971191406,298.276611328125,118.87245178222656,325.91162109375,0.6099851727485657,352.0908508300781,0.2665978670120239,"3828,1773,994,445,822,2532,3450,2613,1214,2619,1984,923,2001,2548,761,929",392.18841552734375,,,,,0,53.3156852722168,154.24411010742188,51.7362174987793,160.30369567871094,"0.286,0.501,0.529,0.251,0.269,0.268,0.303,0.275",1732.392578125,1998.4002685546875,"184.1,2411,2839,1393,1643,1612,1984,1794",29.662614822387695,30.20833396911621,"14.78,34.33,32.11,32.74,32.06,30.08,30.89,30.32","2.926,9.796,9.731,6.709,6.825,6.451,7.07,6.641","5.475,13.84,13.38,13.39,13.16,12.46,12.84,12.68",3008,0.00716707669198513,1604,0.008604883216321468,"994,1838,1214,3828,270,1773,2276,1984",1.5643138885498047,0.60540771484375,0.615386962890625,"1.72,1.26,1.44,1.22,1.99,1.63,1.15,1.81","20.7,7.67,5.24,4.95,4.81,4.42,4.07,3.94","-0.0317,-0.0104,0.00977,-0.0311,0.0488,-0.00412,-0.0058,-0.0698","0,-0.0776,0,0,0.0776,0,0,-0.0776","-0.0592,0,0,0,0.0765,0,0,-0.0583",0.2890625,0.3211914896965027,1,0.5778294801712036,0.37216126918792725
19,k_proj,gptq,1024,4096,0,0.002057313919067383,0.001508951187133789,91.95286392563139,0.0361976632757581,251.4813232421875,171.6515350341797,16.719192504882812,72.72068786621094,30.49324607849121,78.19656372070312,0.6099851727485657,90.05176544189453,0.28680041432380676,"3828,1773,994,445,2532,822,3450,1214,2613,1984,2619,923,2001,729,2548,3522",392.18841552734375,,,,,0,13.90580940246582,37.22389602661133,13.217456817626953,38.354698181152344,"0.362,0.486,0.644,0.270,0.282,0.291,0.325,0.302",1732.392578125,1998.4002685546875,"184.1,2411,2839,1393,1643,1612,1984,1794",29.662614822387695,30.20833396911621,"14.78,34.33,32.11,32.74,32.06,30.08,30.89,30.32","1.45,4.855,5.102,3.467,3.472,3.312,3.604,3.393","2.409,6.967,6.357,6.671,6.536,6.14,6.324,6.174",887,0.017660563811659813,890,0.01937893219292164,"994,1838,1214,3828,270,1773,2276,1984",1.7596720457077026,0.5245361328125,0.52197265625,"0.742,0.67,0.778,0.731,1,0.851,0.678,0.89","20.7,7.67,5.24,4.95,4.81,4.42,4.07,3.94","0.0239,-0.00313,-0.0237,0.00516,-0.0304,0.0129,-0.00143,0.00824","0,0,0,0,0,0,0,0","0.043,0,-0.0343,0,-0.0474,0,0,0",0.37109375,0.3227100968360901,5,0.46134090423583984,0.20964489877223969
19,v_proj,gptq,1024,4096,0,0.002044200897216797,0.0014655590057373047,73.73175486765831,0.02229704819828437,281.04364013671875,211.4763641357422,17.717079162597656,51.50470733642578,25.56439971923828,47.62767791748047,0.6099851727485657,73.61642456054688,0.09851611405611038,"3828,1773,445,994,2532,3450,822,2619,2613,1984,2001,729,761,1214,929,2548",392.18841552734375,,,,,0,10.725756645202637,21.55672264099121,11.902488708496094,24.009754180908203,"0.528,0.699,0.616,0.378,0.404,0.426,0.481,0.447",1732.392578125,1998.4002685546875,"184.1,2411,2839,1393,1643,1612,1984,1794",29.662614822387695,30.20833396911621,"14.78,34.33,32.11,32.74,32.06,30.08,30.89,30.32","0.8424,4.113,4.2,2.974,3.166,3.073,3.417,3.249","1.159,4.921,5.352,4.84,4.984,4.705,4.925,4.857",175,0.005566857289522886,176,0.009229158982634544,"994,1838,1214,3828,270,1773,2276,1984",0.4686049222946167,0.829833984375,0.924560546875,"0.187,0.115,0.225,0.146,0.256,0.252,0.204,0.331","20.7,7.67,5.24,4.95,4.81,4.42,4.07,3.94","-0.000349,-0.00145,0.00446,0.0013,3.72e-05,-0.00299,-0.0009,-0.00406","0,0,0,0,0,0,0,0","0,0,0,0,0,0,0,0",0.25,0.2857142984867096,1,0.2362114042043686,0.11453301459550858
19,o_proj,gptq,4096,4096,0,0.0020875930786132812,0.001483321189880371,419.3679711422974,0.036880546254987816,1233.39501953125,670.5075073242188,21.661596298217773,78.82801818847656,17.788076400756836,44.86216735839844,0.7209353446960449,418.01239013671875,0.041556358337402344,"3335,2623,3463,3079,2654,3207,2603,2628,2670,1447,2584,2669,2611,2568,3469,3579",28.503944396972656,,,,,0,4.850428104400635,17.516210556030273,9.85655689239502,24.840450286865234,"0.066,0.222,0.203,0.420,0.281,0.273,0.291,0.316",683.2906494140625,1316.495849609375,"68.22,451.2,386.8,1001,914.4,775.6,903.1,966.2",10.303915977478027,12.385136604309082,"8.203,8.779,8.876,10.74,11.12,10.99,11.8,11.92","0.8444,1.662,1.603,2.809,2.386,2.308,2.565,2.696","3.288,3.53,3.559,4.337,4.5,4.416,4.754,4.799",2619,0.014842522330582142,2833,0.01155004557222128,"2569,2607,2045,1917,1789,1661,279,23",0.3053737282752991,0.379058837890625,0.4276123046875,"1.19,1.32,1.25,1.01,1.42,1.44,1.32,1.3","2.05,1.64,1.56,1.47,1.41,1.39,1.34,1.3","-0.0981,-0.00323,-0.0325,0.0151,0.0334,-0.0452,-0.00656,-0.019","-0.0737,0,0,0,0,0,0,0","-0.0938,0,-0.0469,0.0246,0.0477,-0.0466,0,-0.0219",0.333984375,0.39533379673957825,1,0.29071828722953796,0.16531211137771606
19,gate_proj,gptq,12288,4096,0,0.002045273780822754,0.001495063304901123,729.4258326625277,0.021105002861907387,2850.0830078125,2252.9326171875,155.52630615234375,381.6806335449219,255.58480834960938,351.301513671875,0.5836346745491028,727.676025390625,0.09425733983516693,"233,3780,1924,822,3828,3470,1214,1231,3146,2652,1114,3666,716,1984,3179,2624",196.2306365966797,,,,,0,109.57298278808594,156.66004943847656,120.12513732910156,177.28672790527344,"0.461,0.945,0.906,0.578,0.591,0.643,0.671,0.634",2374.96435546875,2715.048828125,"198.7,3376,3770,1990,2276,2264,2681,2445",16.509239196777344,17.679044723510742,"11.59,17.1,18.34,16.45,17.27,16.53,17.52,17.28","5.874,12.48,13.14,9.457,9.984,9.996,10.84,10.36","8.648,12.84,13.8,12.44,12.98,12.47,13.23,13.01",1071,0.0013609247980639338,7367,0.003450131742283702,"994,1214,3780,3775,3470,3828,1984,196",0.21636004745960236,0.3584493100643158,0.3748067319393158,"2.69,2.9,3.44,2.83,3.03,2.74,2.79,2.81","3.98,2.33,1.84,1.46,1.45,1.43,1.43,1.34","-0.124,0.0884,0.0801,0.000488,-0.107,-0.0986,-0.0474,-0.0444","-0.0954,0.0954,0.0954,0,-0.0954,-0.0954,-0.0477,-0.0477","-0.148,0.108,0.0586,0,-0.117,-0.117,-0.046,-0.0485",0.26953125,0.25761693716049194,1,0.3683124780654907,0.27115052938461304
19,up_proj,gptq,12288,4096,0,0.0020561416943868003,0.0014857848485310872,721.7689000136452,0.019488846575180064,2978.539794921875,2351.983154296875,165.1961212158203,380.20086669921875,261.3976135253906,354.20611572265625,0.5836346745491028,720.330810546875,0.06728560477495193,"233,1924,3780,3828,822,3470,1214,3146,1231,2652,3666,716,1984,1114,2624,3179",196.2306365966797,,,,,0,110.08919525146484,156.99462890625,124.11355590820312,178.8566131591797,"0.327,0.962,0.895,0.586,0.598,0.660,0.696,0.653",2374.96435546875,2715.048828125,"198.7,3376,3770,1990,2276,2264,2681,2445",16.509239196777344,17.679044723510742,"11.59,17.1,18.34,16.45,17.27,16.53,17.52,17.28","4.986,12.53,13.04,9.505,10.12,10.13,11.05,10.55","8.721,12.77,13.78,12.42,13.09,12.47,13.25,13.05",1884,0.0007626503356732428,1884,0.0015797221567481756,"994,1214,3780,3775,3470,3828,1984,196",0.14784222841262817,0.5234884023666382,0.6183675527572632,"1.83,1.71,1.24,2.32,1.6,1.44,2.28,2.26","3.98,2.33,1.84,1.46,1.45,1.43,1.43,1.34","0.0564,-0.0859,-0.0219,-0.00656,0.0659,0.0781,0.0554,0.0649","0.11,-0.11,0,0,0.11,0.11,0,0.11","0.0608,-0.0949,-0.028,0,0.0725,0.0841,0.072,0.058",0.40234375,0.4040204584598541,1,0.2795898914337158,0.5201820135116577
19,down_proj,gptq,4096,12288,0,0.0020018815994262695,0.0014731089274088542,1208.747550816719,0.03437430757570217,3537.820068359375,2369.9951171875,53.3970832824707,109.68690490722656,99.18833923339844,117.54472351074219,0.6625837683677673,1206.5909423828125,0.10382287949323654,"9081,9805,10632,9700,1066,123,9546,4857,9342,9763,9060,5742,10664,519,5198,7596",91.45989227294922,,,,,0,37.40210723876953,50.66170883178711,49.14356231689453,60.09641647338867,"0.417,0.862,0.920,0.526,0.581,0.754,0.777,0.764",6555.8056640625,9435.3720703125,"162.2,6664,1.071e+04,5579,6653,6544,8285,7848",14.992118835449219,17.343461990356445,"2.933,15.07,19.17,17.24,17.3,15.12,16.69,16.41","0.8308,6.249,8.406,5.75,6.057,5.87,6.595,6.412","1.286,6.73,8.762,7.931,7.947,6.76,7.483,7.337",1838,0.03226438909769058,1838,0.05388815701007843,"9081,9805,7717,1341,9700,7596,10156,5789",0.39048299193382263,0.463287353515625,0.53997802734375,"1.32,1.38,1.14,1.6,1.54,1.21,1.67,1.5","7.92,2.23,1.71,1.54,1.46,1.42,1.33,1.29","0.969,-0.848,-0.629,-0.0106,-0.0283,-0.598,-0.054,0.138","0.83,-0.83,-0.554,0,0,-0.554,0,0.155","0.83,-0.727,-0.539,0,0,-0.683,0,0.0921",0.96875,0.8303571939468384,3,1.088012933731079,1.8447628021240234
20,q_proj,gptq,4096,4096,0,0.0020212531089782715,0.0014808177947998047,377.35439290548675,0.032365348438681364,1093.4854736328125,739.2049560546875,60.80818557739258,284.3161926269531,109.38748168945312,313.2560119628906,0.6657850742340088,375.13525390625,0.32397711277008057,"1773,3828,2532,994,445,3450,2619,2613,2001,4017,822,1984,729,3779,2548,987",342.6887512207031,,,,,0,47.7480583190918,147.35035705566406,47.22135925292969,154.775146484375,"0.321,0.432,0.509,0.256,0.257,0.255,0.278,0.259",1622.5601806640625,1902.4228515625,"186.4,2211,2700,1342,1503,1541,1819,1678",29.06155776977539,29.884380340576172,"13.97,33.12,31.47,31.73,30.99,30.27,30.72,30.24","2.99,8.88,9.211,6.498,6.429,6.299,6.724,6.396","5.274,13.51,12.92,12.84,12.69,12.47,12.74,12.57",2049,0.005327476188540459,258,0.006916109472513199,"994,1838,1773,1214,2276,270,1984,2613",1.6076099872589111,0.618743896484375,0.6329345703125,"1.69,1.15,1.54,1.44,1.04,1.96,1.63,1.44","21.2,8.19,5.46,5.23,4.55,4.11,3.67,3.61","-0.131,-0.051,0.0981,0.109,-0.0493,-0.103,-0.0496,-0.0109","-0.154,-0.0513,0.103,0.103,-0.0513,-0.103,-0.0513,0","-0.133,-0.0393,0.121,0.116,-0.0458,-0.0831,-0.0356,0",0.2119140625,0.2236403524875641,1,0.4692559838294983,0.513647198677063
20,k_proj,gptq,1024,4096,0,0.0020351409912109375,0.0014696121215820312,96.21989981253864,0.03797816975456198,258.5263671875,169.51376342773438,14.53158187866211,64.69049835205078,28.361019134521484,75.68933868408203,0.6657850742340088,95.73058319091797,0.3707757592201233,"1773,2532,3828,994,3450,445,2619,822,4017,2613,2001,987,1984,729,1214,3522",342.6887512207031,,,,,0,12.686478614807129,35.04498291015625,11.92538070678711,37.90278244018555,"0.294,0.551,0.501,0.307,0.288,0.284,0.302,0.276",1622.5601806640625,1902.4228515625,"186.4,2211,2700,1342,1503,1541,1819,1678",29.06155776977539,29.884380340576172,"13.97,33.12,31.47,31.73,30.99,30.27,30.72,30.24","1.422,4.888,4.511,3.468,3.311,3.216,3.388,3.227","2.625,6.585,6.375,6.259,6.171,6.033,6.168,6.146",569,0.015143066644668579,381,0.014095221646130085,"994,1838,1773,1214,2276,270,1984,2613",1.8910564184188843,0.5291748046875,0.533447265625,"0.674,0.553,0.866,0.703,0.638,0.997,0.855,0.794","21.2,8.19,5.46,5.23,4.55,4.11,3.67,3.61","-0.0216,-0.0211,-0.0479,0.0225,-0.0352,0.00327,-0.139,-0.0359","0,0,-0.0776,0,-0.0776,0,-0.155,0","0,-0.034,-0.048,0.0331,-0.0368,0,-0.119,-0.028",0.271484375,0.2327008992433548,4,0.40742889046669006,0.3176805377006531
20,v_proj,gptq,1024,4096,0,0.0020318031311035156,0.0014598369598388672,81.0288329092873,0.024344052163097398,296.94775390625,220.3634033203125,16.065444946289062,50.634544372558594,23.606739044189453,45.17156219482422,0.6657850742340088,80.71487426757812,0.15849797427654266,"2532,1773,3828,3450,445,2619,994,2001,1984,4017,729,3779,761,2613,2548,987",342.6887512207031,,,,,0,9.835088729858398,20.47879409790039,10.846626281738281,22.822599411010742,"0.430,0.595,0.621,0.414,0.423,0.415,0.447,0.418",1622.5601806640625,1902.4228515625,"186.4,2211,2700,1342,1503,1541,1819,1678",29.06155776977539,29.884380340576172,"13.97,33.12,31.47,31.73,30.99,30.27,30.72,30.24","0.819,3.821,3.993,2.975,3.057,3.012,3.252,3.103","1.249,4.955,5.066,4.623,4.702,4.678,4.864,4.799",195,0.006674820091575384,717,0.00936800055205822,"994,1838,1773,1214,2276,270,1984,2613",0.5691390633583069,0.84423828125,0.9244384765625,"0.204,0.124,0.274,0.239,0.265,0.281,0.344,0.299","21.2,8.19,5.46,5.23,4.55,4.11,3.67,3.61","0.00531,-0.00385,-0.00406,-0.00916,7.92e-05,-0.00313,-0.0135,-0.00504","0,0,0,0,0,0,-0.0241,0","0,0,0,0,0,0,-0.0232,0",0.1484375,0.13899201154708862,1,0.24973610043525696,0.11004132777452469
20,o_proj,gptq,4096,4096,0,0.002108454704284668,0.00150376558303833,350.21640060734353,0.03200030501270921,1065.079833984375,631.184326171875,19.259153366088867,74.86727905273438,14.804241180419922,46.20785140991211,0.6577242612838745,349.4261474609375,0.03750704228878021,"2018,1634,1890,1068,1324,100,1762,1452,828,1802,700,1546,2861,2765,1930,956",20.24456787109375,,,,,0,2.9152133464813232,17.9510555267334,8.00017261505127,23.88394546508789,"0.041,0.073,0.217,0.123,0.144,0.184,0.225,0.245",333.1968994140625,1098.1917724609375,"52.92,122.1,498.5,225.7,280.7,379.5,530,576.1",10.822535514831543,12.34241771697998,"10.44,10.18,10.69,10.52,10.78,11.01,11.47,11.5","0.8174,1.063,1.921,1.439,1.603,1.86,2.157,2.254","4.019,3.937,4.124,4.108,4.225,4.34,4.548,4.549",1838,0.027104482054710388,2276,0.004959752317517996,"1324,2512,2128,1452,1068,2384,2256,1196",0.7200947999954224,0.384002685546875,0.43524169921875,"1.04,1.3,1.32,1.29,1.17,1.12,1.35,1.57","2.38,2.31,2.24,2.22,2.22,2.16,2.14,1.92","0.0669,0.0713,-0.112,0.0688,0.273,0.0141,-0.207,0.05","0.106,0.106,-0.106,0.106,0.212,0,-0.212,0","0.0555,0.0522,-0.128,0.0714,0.234,0,-0.237,0",0.58984375,0.5944821238517761,1,0.2639336884021759,0.18732821941375732
20,gate_proj,gptq,12288,4096,0,0.0020568172136942544,0.0014989972114562988,706.1247237045318,0.02081842311259089,2770.693603515625,2188.307373046875,166.83209228515625,403.561279296875,265.218017578125,363.64129638671875,0.6560906171798706,705.2342529296875,0.09412802010774612,"233,3780,1924,822,3470,1231,1214,1114,2652,3146,3921,3828,716,3179,2573,3010",261.5818786621094,,,,,0,111.61182403564453,157.6085205078125,124.89381408691406,184.8372344970703,"0.490,0.913,0.893,0.622,0.631,0.649,0.669,0.632",2242.0732421875,2641.59423828125,"199.7,3139,3646,1866,2080,2163,2510,2333",16.868324279785156,18.317171096801758,"12.38,17.74,19.08,16.25,16.88,16.95,17.87,17.78","6.31,12.45,13.34,9.499,9.929,10.15,10.88,10.49","9.011,13.02,14.11,12.04,12.5,12.59,13.3,13.19",3311,0.0018873667577281594,11134,0.00292046251706779,"994,1214,3780,3775,3470,2652,1924,3146",0.1817954182624817,0.3634135127067566,0.377655029296875,"2.73,2.93,3.64,2.85,3.02,3.42,3.58,2.7","3.5,2.46,2.24,1.46,1.45,1.38,1.19,1.18","-0.0801,0.0172,0.0396,-0.0197,-0.0771,0.0781,-0.0444,-0.0474","-0.0564,0,0.0564,0,-0.0564,0.0564,-0.0564,-0.0564","-0.0977,0,0.0628,0,-0.0516,0.0898,-0.0499,-0.0603",0.291015625,0.34321051836013794,1,0.43136343359947205,0.2327241152524948
20,up_proj,gptq,12288,4096,0,0.0020363529523213706,0.0014816721280415852,705.0862806304358,0.018962340999604428,2943.841064453125,2318.2451171875,180.67544555664062,404.69927978515625,277.1468200683594,371.55169677734375,0.6560906171798706,704.01708984375,0.06613799184560776,"233,1924,3780,822,3470,1231,1214,3146,3921,1114,2652,3828,716,3179,2573,3010",261.5818786621094,,,,,0,114.1912841796875,160.79278564453125,131.8296356201172,187.77618408203125,"0.348,0.913,0.883,0.633,0.645,0.672,0.699,0.657",2242.0732421875,2641.59423828125,"199.7,3139,3646,1866,2080,2163,2510,2333",16.868324279785156,18.317171096801758,"12.38,17.74,19.08,16.25,16.88,16.95,17.87,17.78","5.437,12.62,13.36,9.657,10.16,10.39,11.21,10.78","9.214,13.21,14.21,12.14,12.66,12.67,13.41,13.3",3023,0.0008776947506703436,4338,0.0008157173870131373,"994,1214,3780,3775,3470,2652,1924,3146",0.11636833101511002,0.5465800166130066,0.6363627314567566,"1.73,1.7,1.14,2.32,1.57,1.48,1.4,2.1","3.5,2.46,2.24,1.46,1.45,1.38,1.19,1.18","-0.00934,-0.00885,-0.00687,0.0178,-0.00365,0.0102,0.0118,-0.0134","0,0,0,0.0193,0,0.0193,0.0193,-0.0193","0,0,0,0,0,0,0,-0.0241",0.154296875,0.12869906425476074,2,0.3011470437049866,0.08987998962402344
20,down_proj,gptq,4096,12288,0,0.00199967622756958,0.0014826059341430664,1147.375067818988,0.03215712653740753,3470.40625,2326.01025390625,61.897315979003906,119.0194091796875,108.62093353271484,109.95258331298828,0.32559439539909363,1146.265869140625,0.07282082736492157,"2325,9677,3997,6040,5117,7413,8671,784,9302,2987,10768,9136,540,10448,5101,11081",23.568618774414062,,,,,0,41.141700744628906,42.09820556640625,52.49816131591797,56.18840789794922,"0.429,1.075,1.195,0.853,0.868,0.889,0.922,0.892",6948.1962890625,8965.2177734375,"162.9,7429,1.522e+04,4767,6100,6601,7923,7388",13.994583129882812,16.92901611328125,"3.208,14.53,19.54,13.15,14.55,14.86,16.12,16","0.9155,6.624,9.531,5.312,5.987,6.195,6.856,6.644","1.398,6.388,8.717,5.753,6.426,6.569,7.141,7.035",2276,0.005846110638231039,1838,0.009547373279929161,"8338,7724,2078,5989,5898,2574,3188,2325",0.12419723719358444,0.396392822265625,0.42529296875,"1.38,1.06,1.35,1.72,1.88,1.75,1.58,1.33","1.89,1.78,1.53,1.53,1.24,1.17,1.12,1.07","-0.0889,0.0115,-0.144,-0.033,-0.0354,-0.0134,0.0654,0.436","-0.0922,0,-0.124,0,-0.0411,0,0.0595,0.373","-0.0809,0,-0.162,-0.0494,-0.0494,0,0.0491,0.373",0.435546875,0.3733258843421936,7,0.4577780067920685,0.40576666593551636
21,q_proj,gptq,4096,4096,0,0.00204390287399292,0.0014833807945251465,328.34936673601624,0.028854859643027853,1023.8184814453125,715.7094116210938,78.78829193115234,404.92901611328125,151.9031524658203,449.2248229980469,0.6357301473617554,326.2508239746094,0.3293963074684143,"1773,3828,994,445,2532,3450,2619,2613,923,1214,822,2548,2001,4017,1984,729",472.7953186035156,,,,,0,68.55928039550781,214.1824493408203,64.72418975830078,219.16636657714844,"0.310,0.450,0.449,0.266,0.272,0.252,0.262,0.251",1673.3035888671875,1912.8089599609375,"189.3,2312,2955,1374,1547,1565,1779,1664",37.313194274902344,37.68625259399414,"21.28,42,40.22,40.38,39.24,38.52,38.71,38.15","4.111,10.97,10.75,7.958,7.805,7.491,7.734,7.454","7.385,16.35,16.05,15.42,14.96,14.93,15.1,14.89",129,0.005972462706267834,2244,0.009012534283101559,"994,1838,2276,1214,1773,270,2613,3828",2.165336847305298,0.677581787109375,0.708099365234375,"1.44,0.965,0.849,1.28,1.32,1.64,1.19,1.08","26.3,13,7.18,7.17,6.8,4.91,4.76,4.59","0.0776,0.0713,0.0388,-0.00842,-0.0562,0.0703,0.0327,0.0564","0.0684,0.0684,0.0684,0,-0.0684,0.0684,0,0.0684","0.0748,0.0552,0.0491,0,-0.0594,0.0586,0.0438,0.0675",0.24609375,0.2957230806350708,1,0.6031935214996338,0.16739711165428162
21,k_proj,gptq,1024,4096,0,0.002065896987915039,0.0014843940734863281,87.94114870048361,0.03474339527259544,248.91519165039062,168.28407287597656,19.423416137695312,99.86351013183594,40.45559310913086,117.03877258300781,0.6357301473617554,87.40657806396484,0.38966476917266846,"1773,994,3828,2532,445,3450,923,822,2613,1214,2619,2548,729,1984,4017,2001",472.7953186035156,,,,,0,18.85494613647461,55.23860549926758,17.137895584106445,57.262794494628906,"0.382,0.503,0.517,0.276,0.282,0.255,0.263,0.253",1673.3035888671875,1912.8089599609375,"189.3,2312,2955,1374,1547,1565,1779,1664",37.313194274902344,37.68625259399414,"21.28,42,40.22,40.38,39.24,38.52,38.71,38.15","1.969,5.978,5.606,4.179,4.106,3.883,3.966,3.831","3.188,8.431,7.794,7.962,7.728,7.682,7.728,7.62",380,0.017116311937570572,318,0.02232413738965988,"994,1838,2276,1214,1773,270,2613,3828",2.659122943878174,0.5740966796875,0.59375,"0.668,0.557,0.561,0.737,0.85,0.945,0.77,0.578","26.3,13,7.18,7.17,6.8,4.91,4.76,4.59","0.0258,0.00491,0.014,-0.0315,0.0894,-0.00702,0.0262,0.00519","0,0,0,0,0.0748,0,0,0","0.036,0,0.0236,-0.0449,0.0879,0,0.0289,0",0.26171875,0.2243303656578064,1,0.5371763110160828,0.4467391073703766
21,v_proj,gptq,1024,4096,0,0.002051830291748047,0.0015001296997070312,78.44714830983139,0.024142818182868474,291.2268371582031,229.70169067382812,21.890819549560547,70.60064697265625,35.82131576538086,70.36663818359375,0.6357301473617554,78.08297729492188,0.1693357676267624,"1773,2532,3828,445,3450,994,1984,2619,2548,2613,2001,729,822,3402,3522,4017",472.7953186035156,,,,,0,15.469740867614746,32.04391860961914,15.984540939331055,35.3128776550293,"0.343,0.704,0.668,0.417,0.384,0.381,0.403,0.392",1673.3035888671875,1912.8089599609375,"189.3,2312,2955,1374,1547,1565,1779,1664",37.313194274902344,37.68625259399414,"21.28,42,40.22,40.38,39.24,38.52,38.71,38.15","1.199,4.975,5.369,3.699,3.656,3.628,3.844,3.708","2.049,5.927,6.567,5.727,5.899,5.882,6.052,5.923",129,0.006567738950252533,785,0.00806127954274416,"994,1838,2276,1214,1773,270,2613,3828",0.7558369636535645,0.8817138671875,0.9306640625,"0.2,0.11,0.241,0.218,0.278,0.322,0.279,0.192","26.3,13,7.18,7.17,6.8,4.91,4.76,4.59","0.00173,-0.00082,-0.00323,0.00166,-0.00163,0.00909,0.00143,0.00114","0,0,0,0,0,0,0,0","0,0,0,0,0,0,0,0",0.3359375,0.38947024941444397,1,0.2963281571865082,0.1938430219888687
21,o_proj,gptq,4096,4096,0,0.002086818218231201,0.0015026330947875977,327.99214775345627,0.030732828241470767,1029.55029296875,623.0572509765625,22.763832092285156,89.82194519042969,20.547740936279297,62.17329406738281,0.7352033257484436,327.2017822265625,0.040425971150398254,"188,1352,444,316,1096,60,1224,1480,3257,1682,3675,209,81,76,3089,3271",56.85541534423828,,,,,0,4.967746734619141,26.27842903137207,10.082212448120117,30.295631408691406,"0.031,0.099,0.323,0.194,0.172,0.179,0.227,0.251",572.0123901367188,1200.130126953125,"64.9,273,1416,466.2,439.2,486.6,670.9,759.3",13.754552841186523,14.602872848510742,"13.73,13.28,14.53,13.31,13.52,13.67,13.96,14.04","0.9004,1.546,3.138,2.164,2.078,2.151,2.483,2.627","5.077,4.917,5.518,4.917,5.013,5.087,5.207,5.246",1838,0.004529041703790426,3914,0.0035568003077059984,"1096,1480,1352,1224,444,3385,3257,1700",0.7561337351799011,0.392242431640625,0.44305419921875,"0.809,1.01,1.1,1.57,1.03,1.68,1.06,1.17","2.65,2.51,2.46,2.29,2.05,2.02,2.01,1.98","-0.00264,0.109,0.105,0.0437,-0.114,-0.0209,-0.0796,0.187","0,0.205,0,0,0,0,0,0.205","0,0.0933,0.126,0.0533,-0.112,-0.029,-0.0854,0.207",0.71875,0.6160714626312256,1,0.13981643319129944,0.2543611526489258
21,gate_proj,gptq,12288,4096,0,0.0020577112833658853,0.0015045007069905598,738.7856428026898,0.022366435474904738,2749.82275390625,2184.437744140625,195.0395050048828,485.6185302734375,323.7541198730469,441.2284851074219,0.7017247080802917,737.29296875,0.09461616724729538,"3780,1924,822,3470,1214,3146,1231,1114,2652,716,3179,3921,2573,282,3828,3010",268.7767639160156,,,,,0,141.82376098632812,192.15029907226562,148.02822875976562,224.59304809570312,"1.117,0.932,0.908,0.617,0.644,0.623,0.640,0.605",2286.72119140625,2611.78564453125,"192.8,3231,4002,1878,2115,2166,2429,2280",18.531177520751953,20.240074157714844,"11.05,20.06,21.94,18.08,18.56,19.04,19.81,19.72","8.588,14.19,15.46,10.5,10.94,11.13,11.73,11.36","8.127,14.7,16.22,13.37,13.64,14.1,14.66,14.6",8613,0.0010962847154587507,8613,0.0035573779605329037,"994,1214,3780,3775,2652,3470,196,3146",0.23484832048416138,0.3597208857536316,0.3675435483455658,"2.74,2.96,3.84,2.81,3.61,3.05,2.77,2.65","3.77,2.98,2.55,1.74,1.71,1.54,1.4,1.38","-0.0398,0.0854,0.0376,-0.0417,0.041,-0.016,-0.0693,0.022","-0.103,0.103,0,0,0,0,-0.103,0","-0.0667,0.104,0,0,0.0675,0,-0.0971,0",0.482421875,0.5382925271987915,1,0.3621827960014343,0.8132500648498535
21,up_proj,gptq,12288,4096,0,0.002053240935007731,0.0014793078104654949,712.933744763297,0.01922186372758843,2931.77001953125,2300.099609375,211.88714599609375,483.92572021484375,333.283447265625,449.8455505371094,0.7017247080802917,712.1134033203125,0.06197652593255043,"3780,1924,822,3470,1214,3146,1231,1114,3179,716,2573,3921,2652,3010,282,3822",268.7767639160156,,,,,0,140.77764892578125,194.64344787597656,154.378662109375,227.44761657714844,"0.735,0.884,0.879,0.628,0.661,0.646,0.661,0.626",2286.72119140625,2611.78564453125,"192.8,3231,4002,1878,2115,2166,2429,2280",18.531177520751953,20.240074157714844,"11.05,20.06,21.94,18.08,18.56,19.04,19.81,19.72","6.984,13.93,15.46,10.61,11.22,11.34,11.97,11.58","8.148,14.81,16.49,13.39,13.79,14.11,14.72,14.64",3639,0.000672154885251075,4190,0.0010413682321086526,"994,1214,3780,3775,2652,3470,196,3146",0.13320602476596832,0.5201619863510132,0.6202901601791382,"1.63,1.69,1.1,2.26,1.38,1.56,2.23,2.08","3.77,2.98,2.55,1.74,1.71,1.54,1.4,1.38","-0.0161,-0.00513,-0.0129,-0.0249,-0.0101,0.00301,0.0291,0.0253","-0.023,0,-0.023,-0.023,-0.023,0,0.023,0.023","-0.0211,0,0,-0.0278,0,0,0.0262,0.0282",0.142578125,0.12748077511787415,2,0.29077228903770447,0.19755494594573975
21,down_proj,gptq,4096,12288,0,0.0020056565602620444,0.0014761686325073242,1217.4845310724122,0.0335574732816475,3575.249267578125,2359.72021484375,83.22673797607422,163.03237915039062,145.4674835205078,150.178466796875,0.5791047215461731,1216.7216796875,0.09525281935930252,"3193,1402,10480,9438,2513,7018,9320,9204,2749,5261,755,11397,4473,9613,1585,4102",56.18408203125,,,,,0,58.88069534301758,61.85738754272461,66.44841003417969,76.04222106933594,"0.567,1.223,1.215,0.795,0.843,0.818,0.856,0.811",7250.1611328125,8255.5595703125,"138.1,1.117e+04,1.335e+04,5821,6414,6284,7744,7086",16.882965087890625,19.612506866455078,"2.949,19.19,21.09,17.62,17.69,18.07,19.36,19.09","0.9733,9.445,10.3,6.957,7.229,7.233,7.978,7.629","1.292,8.54,9.344,7.804,7.875,7.995,8.625,8.47",2276,0.004205828998237848,1838,0.014898517169058323,"755,9034,8875,4152,6992,9438,666,2655",0.12080337107181549,0.406585693359375,0.456390380859375,"1.2,1.49,1.78,1.78,1.34,1.44,1.61,1.44","2.5,2.29,2.18,1.94,1.84,1.57,1.53,1.48","0.145,0.0277,-0.0308,-0.0718,-0.754,0.479,0.00525,0.0771","0.215,0,-0.0778,-0.0661,-0.862,0.431,0,0.0842","0.164,0.0474,0,-0.0737,-0.646,0.41,0,0.0684",0.75390625,0.8616071939468384,1,0.4687967002391815,0.5777820944786072
22,q_proj,gptq,4096,4096,0,0.0020428895950317383,0.0014811158180236816,340.98750656243647,0.030910227837427737,1008.460205078125,693.831298828125,168.1612548828125,805.265625,323.43267822265625,910.2830810546875,0.6641721129417419,338.7054443359375,0.3355737030506134,"1773,994,3828,445,2532,3450,1214,2613,923,822,2619,1984,2001,3522,729,2548",333.6561279296875,,,,,0,148.2991943359375,432.8904113769531,136.82363891601562,455.1962890625,"0.394,0.530,0.526,0.269,0.274,0.258,0.264,0.252",1674.892578125,1876.8570556640625,"179.8,2474,2909,1371,1532,1550,1750,1633",49.7639045715332,51.9125862121582,"18.86,56.08,54.84,54.92,53.47,53.5,53.55,52.89","4.509,16.51,16.17,11.52,11.38,11.09,11.31,10.91","7.18,22.67,22.31,22.19,21.77,21.85,22.01,21.72",3522,0.006377199664711952,2434,0.009031037800014019,"994,1838,1214,1773,270,2276,2613,3828",2.215014696121216,0.596710205078125,0.624725341796875,"1.67,1.12,1.46,1.54,1.77,1.01,1.47,1.31","35.4,15.6,11.2,9.48,8.52,6.61,6.58,5.72","-0.0859,-0.102,0.0303,0.0664,-0.123,-0.0884,-0.0991,-0.0476","-0.0765,-0.0765,0,0.0765,-0.153,-0.153,-0.0765,-0.0765","-0.102,-0.116,0,0.0675,-0.12,-0.0921,-0.121,-0.0485",0.267578125,0.24550551176071167,1,0.9091489911079407,0.8078597187995911
22,k_proj,gptq,1024,4096,0,0.002085447311401367,0.0014867782592773438,96.35420126380632,0.04059052282013293,245.91436767578125,162.56082153320312,42.12933349609375,180.85906982421875,82.94252014160156,202.62387084960938,0.6641721129417419,95.12921142578125,0.38618990778923035,"1773,3828,445,994,2532,1984,3450,2613,729,2619,3522,1214,923,2001,822,2548",333.6561279296875,,,,,0,38.16499710083008,95.07569122314453,35.60746765136719,101.3711166381836,"0.497,0.609,0.578,0.335,0.339,0.313,0.319,0.302",1674.892578125,1876.8570556640625,"179.8,2474,2909,1371,1532,1550,1750,1633",49.7639045715332,51.9125862121582,"18.86,56.08,54.84,54.92,53.47,53.5,53.55,52.89","2.394,8.327,7.621,6.127,5.984,5.777,5.831,5.608","3.395,10.67,10.02,10.58,10.28,10.32,10.32,10.21",696,0.048617471009492874,760,0.01866338774561882,"994,1838,1214,1773,270,2276,2613,3828",1.9387322664260864,0.523681640625,0.5380859375,"0.664,0.584,0.635,0.767,0.813,0.742,0.774,0.702","35.4,15.6,11.2,9.48,8.52,6.61,6.58,5.72","0.00233,0.00766,-0.00458,-0.0337,0.0102,0.01,0.0796,-0.0161","0,0,0,0,0,0,0.123,0","0,0,0,0,0,0,0.055,0",0.4296875,0.3683035969734192,2,1.3195303678512573,0.4198438227176666
22,v_proj,gptq,1024,4096,0,0.0020325183868408203,0.0014503002166748047,70.7073920982566,0.021644584048818975,278.9805603027344,222.91868591308594,44.942195892333984,148.2816162109375,68.79109954833984,137.6314697265625,0.6641721129417419,70.48295593261719,0.1613355576992035,"1773,2532,445,3828,3450,2619,994,2001,822,1984,3522,2613,729,3402,1214,2548",333.6561279296875,,,,,0,29.154035568237305,61.24257278442383,30.765748977661133,70.51671600341797,"0.552,0.619,0.691,0.396,0.416,0.390,0.406,0.379",1674.892578125,1876.8570556640625,"179.8,2474,2909,1371,1532,1550,1750,1633",49.7639045715332,51.9125862121582,"18.86,56.08,54.84,54.92,53.47,53.5,53.55,52.89","1.271,6.629,7.261,5.054,5.191,5.118,5.421,5.183","1.711,8.423,8.736,8.036,8.046,8.196,8.506,8.42",599,0.008839922957122326,423,0.0147913983091712,"994,1838,1214,1773,270,2276,2613,3828",0.5782192349433899,0.881103515625,0.9598388671875,"0.15,0.136,0.194,0.208,0.173,0.209,0.225,0.155","35.4,15.6,11.2,9.48,8.52,6.61,6.58,5.72","0.00455,0.00179,0.0165,0.00534,-0.0043,0.000488,-0.0034,0.00175","0,0,0,0,0,0,0,0","0,0,0.0205,0,0,0,0,0",0.1328125,0.1138392835855484,1,0.4880237877368927,0.18241636455059052
22,o_proj,gptq,4096,4096,0,0.002096891403198242,0.0014958977699279785,429.5662120934576,0.03850400862730696,1202.1375732421875,649.271728515625,45.20030975341797,160.04788208007812,50.64146423339844,99.69247436523438,0.6527246236801147,428.60919189453125,0.048416849225759506,"1566,1614,1653,1608,1551,1627,1559,1606,1612,1537,1544,1577,1546,1550,1553,1650",21.911930084228516,,,,,0,8.948317527770996,30.562410354614258,23.53160285949707,50.843116760253906,"0.086,0.216,0.362,0.274,0.293,0.316,0.336,0.345",536.1201171875,1520.997314453125,"78.4,334.6,457.3,509.6,613.7,683.4,779.9,832",14.03049373626709,18.029197692871094,"11.24,12.27,13.29,13.44,14.58,15.19,15.93,16.29","1.302,2.255,3.049,2.762,3.098,3.352,3.614,3.74","4.441,4.85,5.067,5.28,5.725,5.961,6.234,6.367",1838,0.004983118735253811,2276,0.02188832312822342,"1697,651,523,907,779,1953,1427,1171",0.2960379719734192,0.414337158203125,0.469451904296875,"0.996,1.18,1.18,1.19,1.22,1.05,1.18,1.23","2.39,2.2,2.2,2.11,2.08,1.95,1.71,1.56","-0.0175,0.00302,0.143,0.159,0.0123,-0.0187,0.114,0.0825","0,0,0.158,0.158,0,0,0.151,0.158","0,0,0.122,0.136,0,0,0.104,0.077",0.5546875,0.4754464626312256,2,0.21867923438549042,0.24206694960594177
22,gate_proj,gptq,12288,4096,0,0.0020471413930257163,0.0014920632044474285,865.5910669710574,0.025054179315651584,2950.9091796875,2308.353759765625,217.1956329345703,608.9819946289062,382.57208251953125,555.0517578125,0.7121834754943848,863.500244140625,0.10045801848173141,"3780,1924,822,3470,1214,1114,3146,2652,1231,2573,3921,716,3179,1222,282,3010",266.1639404296875,,,,,0,166.77267456054688,241.79202270507812,170.4080047607422,281.5666198730469,"0.974,0.905,0.907,0.578,0.593,0.565,0.582,0.549",2284.9677734375,2580.94873046875,"194.8,3496,3778,1942,2132,2133,2377,2227",20.125822067260742,21.97340202331543,"11.26,22.21,23.28,20.22,20.24,20.89,21.51,21.4","8.395,15.98,16.75,11.74,11.9,12.03,12.54,12.11","8.506,16.79,17.58,15.44,15.45,16,16.44,16.34",4671,0.0015449371421709657,6269,0.0026394000742584467,"994,1214,3780,2652,3775,2276,3470,1924",0.2254335731267929,0.3470357358455658,0.3565673828125,"2.68,2.94,3.49,3.53,2.9,2.9,2.93,3.45","4.56,3.41,3.07,1.91,1.89,1.88,1.7,1.61","-0.0498,0.128,0.0942,0.0259,-0.0352,-0.082,-0.084,-0.0884","-0.0815,0.163,0.0815,0,0,-0.0815,-0.0815,-0.0815","-0.0407,0.122,0.0871,0.0474,0,-0.0561,-0.0843,-0.0681",0.375,0.4260222315788269,1,0.4675806164741516,0.33044740557670593
22,up_proj,gptq,12288,4096,0,0.0020461678504943848,0.0014762282371520996,820.3182515247317,0.021287938884816972,3118.671630859375,2390.298095703125,232.519287109375,599.53564453125,388.15179443359375,551.9008178710938,0.7121834754943848,818.8234252929688,0.07083860039710999,"1924,3780,822,3470,1214,3146,1114,1231,2652,2573,3921,716,3179,1222,282,3010",266.1639404296875,,,,,0,163.2751922607422,240.4783172607422,175.17242431640625,277.44195556640625,"0.692,0.865,0.856,0.582,0.612,0.586,0.603,0.573",2284.9677734375,2580.94873046875,"194.8,3496,3778,1942,2132,2133,2377,2227",20.125822067260742,21.97340202331543,"11.26,22.21,23.28,20.22,20.24,20.89,21.51,21.4","6.879,15.77,16.41,11.71,12.07,12.11,12.69,12.26","8.27,16.95,17.74,15.35,15.43,15.83,16.34,16.2",6347,0.0006076697609387338,5529,0.0015592975541949272,"994,1214,3780,2652,3775,2276,3470,1924",0.14080341160297394,0.5833638906478882,0.6725870966911316,"1.83,1.85,1.35,1.52,2.39,1.23,1.77,1.61","4.56,3.41,3.07,1.91,1.89,1.88,1.7,1.61","-0.00232,-0.0128,-0.00163,0.00193,0.0076,0.00854,-0.0225,0.00296","0,-0.0172,0,0,0,0.0172,-0.0172,0","0,0,0,0,0,0,-0.0254,0",0.1171875,0.12886083126068115,1,0.29749298095703125,0.10935308039188385
22,down_proj,gptq,4096,12288,0,0.002005120118459066,0.0014788905779520671,1554.1364965735302,0.04215640816221516,4004.964111328125,2455.323486328125,135.137451171875,305.52783203125,233.33807373046875,254.41250610351562,0.4406760334968567,1550.4874267578125,0.1288927048444748,"6932,6837,6581,5257,4931,11646,3265,841,1937,11516,9982,106,8877,11935,6189,4877",33.12671661376953,,,,,0,96.87322235107422,113.2503890991211,108.62395477294922,127.7611083984375,"0.645,1.178,1.122,0.709,0.739,0.756,0.775,0.766",6958.3759765625,8135.38818359375,"122.9,7407,1.352e+04,6339,6334,7210,7476,7255",22.14447593688965,24.799633026123047,"3.245,19.76,28.58,25.87,23.74,25.55,25.26,25.14","1.153,9.729,13.67,9.898,9.392,10.13,10.14,10.02","1.436,8.964,12.91,11.76,10.92,11.66,11.51,11.44",2499,0.003104097442701459,1838,0.013781006447970867,"10559,6913,9977,5398,3559,2611,11876,106",0.16687814891338348,0.40185546875,0.44805908203125,"1.29,1.39,1.54,1.66,1.46,1.63,1.82,1.47","2.48,2.36,2.01,2,1.65,1.63,1.5,1.47","-0.0239,-0.0043,0.0175,0.504,-0.000957,0.0398,0.00176,-0.00337","0,0,0,0.427,0,0.0567,0,0","-0.0194,0,0.0345,0.432,0,0.0278,0,0",0.50390625,0.6046044230461121,1,0.5232527256011963,0.2921339273452759
23,q_proj,gptq,4096,4096,0,0.002043783664703369,0.0014854669570922852,376.5311056395294,0.03065947721828228,1125.686279296875,776.122802734375,170.167236328125,805.6517944335938,332.20831298828125,934.4971923828125,0.671579122543335,374.9338684082031,0.3361039161682129,"1773,445,994,923,3828,2532,1214,3450,2613,2619,1984,2001,729,2548,822,3522",331.352294921875,,,,,0,149.76925659179688,449.74560546875,141.05213928222656,460.9857482910156,"0.360,0.483,0.483,0.294,0.287,0.254,0.261,0.253",1771.9716796875,1972.6917724609375,"178.3,2691,2940,1560,1626,1685,1798,1698",47.60999298095703,49.49489974975586,"18.6,53.92,51.32,52.38,50.92,51.74,51.43,50.57","4.146,16.23,15.53,12.34,11.85,11.38,11.46,11.07","6.911,23.35,22.36,22.75,22.14,22.56,22.44,22.03",770,0.006094696931540966,3460,0.012548845261335373,"994,1838,1214,1773,923,2276,270,3828",1.6263138055801392,0.63031005859375,0.690460205078125,"1.75,1.21,1.6,1.49,1.16,1.02,1.71,1.51","31.2,14.7,11.5,8.8,8.6,7.21,6.87,6.16","0.119,0.106,-0.128,-0.0869,-0.0938,0.0859,0.115,0.11","0.13,0.13,-0.13,-0.065,-0.065,0.065,0.13,0.13","0.14,0.127,-0.134,-0.0633,-0.07,0.091,0.136,0.0921",0.2451171875,0.2714388966560364,1,0.9254350066184998,1.2771750688552856
23,k_proj,gptq,1024,4096,0,0.0020716190338134766,0.0015118122100830078,108.00064270815346,0.04147897287462613,267.1050109863281,171.9606170654297,41.45464324951172,190.64797973632812,93.0921630859375,211.429931640625,0.671579122543335,107.639892578125,0.4104073941707611,"1773,445,994,923,2532,1214,3828,3450,2619,2613,1984,822,729,3522,3402,2001",331.352294921875,,,,,0,43.58948516845703,98.41681671142578,38.59849166870117,105.1969985961914,"0.413,0.748,0.615,0.384,0.365,0.330,0.333,0.315",1771.9716796875,1972.6917724609375,"178.3,2691,2940,1560,1626,1685,1798,1698",47.60999298095703,49.49489974975586,"18.6,53.92,51.32,52.38,50.92,51.74,51.43,50.57","2.164,9.192,8.336,6.642,6.215,6.019,6.09,5.832","3.368,10.63,10.63,10.72,10.29,10.48,10.56,10.39",760,0.019737349823117256,956,0.011996160261332989,"994,1838,1214,1773,923,2276,270,3828",1.9428671598434448,0.5479736328125,0.53955078125,"0.825,0.714,0.806,0.946,0.774,0.831,1.08,0.808","31.2,14.7,11.5,8.8,8.6,7.21,6.87,6.16","-0.00952,0.0349,-0.0114,0.103,-0.064,0.0408,0.0111,0.0535","0,0.0639,0,0.128,-0.0639,0,0,0.0639","0,0.0275,0,0.0879,-0.0639,0.0505,0,0.0566",0.2236328125,0.1916852742433548,2,0.8730819821357727,0.2695994973182678
23,v_proj,gptq,1024,4096,0,0.0020706653594970703,0.0014672279357910156,100.16076970564791,0.02971076062780079,325.5989990234375,260.4781188964844,48.4558219909668,156.60061645507812,80.37017822265625,140.83273315429688,0.671579122543335,99.46197509765625,0.16240468621253967,"2532,1773,445,3450,3828,2619,2001,3522,729,2548,1984,3402,1214,4017,2073,3146",331.352294921875,,,,,0,35.06489181518555,63.57666778564453,35.86065673828125,70.75106811523438,"0.468,0.741,0.800,0.474,0.461,0.446,0.457,0.441",1771.9716796875,1972.6917724609375,"178.3,2691,2940,1560,1626,1685,1798,1698",47.60999298095703,49.49489974975586,"18.6,53.92,51.32,52.38,50.92,51.74,51.43,50.57","1.106,7.43,7.995,5.653,5.573,5.664,5.796,5.61","1.615,8.63,8.939,8.21,8.206,8.479,8.579,8.449",161,0.010461093857884407,36,0.008828011341392994,"994,1838,1214,1773,923,2276,270,3828",0.4581797122955322,0.940673828125,0.9637451171875,"0.156,0.093,0.183,0.23,0.0953,0.188,0.2,0.186","31.2,14.7,11.5,8.8,8.6,7.21,6.87,6.16","-0.00243,-0.00191,0.00543,-0.0245,0.00144,0.00308,0.0083,-0.0262","0,0,0,0,0,0,0,0","0,0,0,-0.03,0,0,0,-0.0308",0.259765625,0.296875,1,0.5700362920761108,0.6134737730026245
23,o_proj,gptq,4096,4096,0,0.002093076705932617,0.0014942288398742676,439.8745954396435,0.036828833460654936,1261.1038818359375,693.69384765625,70.46865844726562,209.7206268310547,75.92485046386719,118.79379272460938,0.7070279121398926,438.51171875,0.03278081491589546,"2194,2850,1699,3899,889,2600,865,823,834,828,877,3771,853,2594,565,856",23.698930740356445,,,,,0,19.586795806884766,37.413570404052734,36.04179382324219,62.762550354003906,"0.135,0.368,0.873,0.426,0.479,0.481,0.488,0.498",633.5740356445312,1516.109619140625,"57.9,251.4,1199,385.9,679.2,703.1,826.5,966",14.88802719116211,18.87057113647461,"9.702,10.71,18.12,12.97,16.52,16.22,17.15,17.71","1.42,2.645,6.74,3.38,4.562,4.51,4.857,5.108","3.863,4.358,7.215,5.179,6.593,6.502,6.953,7.24",2548,0.004220123868435621,761,0.004260809160768986,"164,420,2194,2269,1109,292,244,1365",0.18992935121059418,0.3983154296875,0.41015625,"1.28,1.38,1.18,1.64,1.11,1.17,1.12,1.33","2.41,2.14,2.08,1.77,1.74,1.7,1.69,1.68","0.00641,0.00497,0.00546,0.0198,-0.00331,0.0104,0.00372,0.00488","0,0,0,0,0,0,0,0","0,0,0.0109,0.0218,0,0,0,0.00882",0.341796875,0.31640785932540894,1,0.29635563492774963,0.10571611672639847
23,gate_proj,gptq,12288,4096,0,0.0020540356636047363,0.0014896392822265625,896.8546729325317,0.024933846299197746,3042.43115234375,2350.077880859375,258.05084228515625,731.987548828125,451.02935791015625,651.060791015625,0.7720606923103333,894.767333984375,0.09414206445217133,"1924,3780,1114,3470,2652,1214,1231,822,2573,3179,3921,3146,1222,716,809,3775",278.2777099609375,,,,,0,190.603759765625,281.85577392578125,201.96548461914062,327.05572509765625,"0.824,0.876,0.887,0.584,0.586,0.574,0.579,0.554",2295.633056640625,2563.01123046875,"193.1,3523,3762,2042,2139,2195,2316,2194",21.465091705322266,23.55880355834961,"10.96,23.72,24.61,21.84,21.83,22.69,23.1,22.97","7.617,17.03,17.78,12.88,12.89,13.21,13.5,13.1","8.394,18.19,18.89,16.85,16.84,17.44,17.74,17.61",3797,0.0012394601944833994,10248,0.0023537457454949617,"994,3780,1214,2276,3775,4081,3470,2652",0.2470657080411911,0.34716796875,0.34442138671875,"2.88,3.55,3.06,3.01,2.96,2.8,3.03,3.66","4.28,3.41,3.12,2.51,2.08,1.84,1.77,1.74","-0.0381,0.0505,0.0425,-0.0359,0.101,-0.0282,-0.0459,-0.0615","0,0.082,0.082,0,0.082,0,-0.082,-0.082","-0.0366,0.0354,0.0368,-0.0653,0.106,-0.0432,-0.0311,-0.0566",0.287109375,0.24609375,3,0.45393916964530945,0.2355891317129135
23,up_proj,gptq,12288,4096,0,0.0020548502604166665,0.0014700889587402344,838.9203351563774,0.02161479034327775,3124.94873046875,2366.24267578125,270.1112060546875,712.0455932617188,450.68115234375,634.21923828125,0.7720606923103333,837.7733764648438,0.07087237387895584,"1924,3780,3470,1114,2652,1214,822,1231,2573,3179,3146,3921,1222,716,809,3775",278.2777099609375,,,,,0,187.32554626464844,272.1936950683594,202.4016876220703,318.1721496582031,"0.657,0.885,0.893,0.601,0.619,0.593,0.598,0.574",2295.633056640625,2563.01123046875,"193.1,3523,3762,2042,2139,2195,2316,2194",21.465091705322266,23.55880355834961,"10.96,23.72,24.61,21.84,21.83,22.69,23.1,22.97","6.337,16.9,17.62,12.8,13,13.21,13.5,13.15","7.82,17.97,18.65,16.51,16.52,17.15,17.45,17.36",2192,0.0007974837790243328,3028,0.0008134091622196138,"994,3780,1214,2276,3775,4081,3470,2652",0.1686016023159027,0.560546875,0.6288554072380066,"1.91,1.44,1.95,1.28,2.45,2.08,1.91,1.57","4.28,3.41,3.12,2.51,2.08,1.84,1.77,1.74","0.0374,0.0398,-0.0219,0.0132,-0.0645,0.0703,-0.0334,-0.00977","0.107,0,0,0,-0.107,0.107,0,0","0.0424,0.0491,-0.0194,0.0168,-0.0737,0.0665,-0.0391,0",0.373046875,0.3197544813156128,1,0.36703574657440186,0.3008471429347992
23,down_proj,gptq,4096,12288,0,0.0020050406455993652,0.0014688372611999512,1573.7400120425082,0.041867618907773026,4010.39697265625,2415.77685546875,197.21669006347656,437.01312255859375,342.6080017089844,340.0784606933594,0.3940269947052002,1570.244140625,0.09330523014068604,"2096,7118,4739,5238,10277,5682,10735,4646,1233,6782,429,11486,11947,8716,9770,6101",32.5992317199707,,,,,0,135.57803344726562,142.85214233398438,164.05313110351562,176.4386444091797,"0.770,1.357,1.309,0.806,0.827,0.845,0.841,0.820",7031.7548828125,8744.1884765625,"97.54,9279,9657,5983,7357,7981,7896,8003",25.28026580810547,29.44333839416504,"3.14,25.57,26.97,27.06,28.89,30.37,29.82,30.43","1.237,13.27,13.74,10.99,11.71,12.46,12.26,12.43","1.41,11.39,12.01,12.24,12.89,13.56,13.37,13.73",1838,0.003383459523320198,1838,0.010728714056313038,"2970,5682,2887,468,11097,8355,960,10406",0.16654525697231293,0.415435791015625,0.44781494140625,"1.6,1.44,1.43,1.68,1.29,1.46,1.38,1.16","6.85,3.38,2.78,2.28,2.01,1.72,1.72,1.67","-0.211,-0.00476,0.121,0.0732,-0.0957,-0.0903,-0.477,0.022","-0.22,0,0.148,0.085,0,-0.127,-0.549,0","-0.241,0,0.107,0,-0.0854,-0.116,-0.545,0",0.9609375,0.8236607909202576,1,0.6814315319061279,1.3346935510635376
24,q_proj,gptq,4096,4096,0,0.0020291805267333984,0.0014802813529968262,406.2239535715489,0.03284000134346845,1167.28271484375,783.3884887695312,308.1049499511719,1527.124755859375,645.3353271484375,1788.19384765625,0.6736878752708435,404.6796569824219,0.2856493294239044,"445,1773,994,1214,923,2532,3450,3828,2619,3522,2001,822,1984,2613,3402,729",306.0348815917969,,,,,0,282.7524719238281,874.7200317382812,270.6702575683594,869.5723266601562,"0.363,0.424,0.495,0.269,0.274,0.258,0.261,0.260",1730.3673095703125,1946.845703125,"174.7,2621,2660,1599,1635,1718,1748,1687",66.72471618652344,68.13074493408203,"22.84,77.13,72.43,75.35,71.29,73.24,71.67,69.84","5.146,21.99,21.84,16.8,15.95,15.96,15.77,15.32","8.544,33.78,31.03,32.37,30.48,31.43,30.88,30.04",67,0.005842871963977814,3523,0.008311244659125805,"994,1838,1214,923,1773,2276,270,3828",1.6807032823562622,0.59747314453125,0.681304931640625,"1.92,1.18,1.64,1.11,1.54,0.979,1.97,1.55","43,19.1,17.9,14.6,10.6,9.58,9.18,8.22","0.0981,0.00314,-0.162,-0.0684,0.0184,-0.0129,0.119,0.01","0.0932,0,-0.186,-0.0932,0,0,0.0932,0","0.0904,0,-0.176,-0.0904,0,0,0.123,0",0.326171875,0.2795758843421936,1,1.2192010879516602,0.7103076577186584
24,k_proj,gptq,1024,4096,0,0.002053976058959961,0.0014619827270507812,114.633696236393,0.04454788187565252,272.8165588378906,167.5836181640625,75.85448455810547,330.2035217285156,180.73355102539062,399.86962890625,0.6736878752708435,114.01026153564453,0.33451905846595764,"1773,445,994,923,1214,2532,3828,3450,822,2619,3522,2001,1984,2613,3402,729",306.0348815917969,,,,,0,82.58493041992188,195.71939086914062,74.10932922363281,192.86509704589844,"0.458,0.591,0.620,0.370,0.371,0.318,0.320,0.320",1730.3673095703125,1946.845703125,"174.7,2621,2660,1599,1635,1718,1748,1687",66.72471618652344,68.13074493408203,"22.84,77.13,72.43,75.35,71.29,73.24,71.67,69.84","2.812,12.21,11.8,9.277,8.718,8.398,8.213,8.028","4.156,15.88,14.98,15.25,14.31,14.9,14.52,14.19",700,0.014401123858988285,755,0.01770864799618721,"994,1838,1214,923,1773,2276,270,3828",1.6530053615570068,0.5191650390625,0.5140380859375,"0.737,0.59,0.774,0.651,0.903,0.764,0.978,0.67","43,19.1,17.9,14.6,10.6,9.58,9.18,8.22","0.0311,0.00381,0.0184,-0.00421,0.228,-0.015,0.0143,-0.0284","0,0,0,0,0.195,0,0,0","0.0371,0,0.0307,0,0.195,0,0,-0.0324",0.2275390625,0.21948949992656708,1,1.0462074279785156,0.523854672908783
24,v_proj,gptq,1024,4096,0,0.0020334720611572266,0.0014734268188476562,129.3145760673283,0.040285365064042504,336.42608642578125,269.0108642578125,93.38627624511719,308.0077209472656,168.58908081054688,281.85516357421875,0.6736878752708435,128.13307189941406,0.13447681069374084,"3402,2532,3146,3522,445,822,196,3828,1773,2001,1984,368,2619,3450,1214,729",306.0348815917969,,,,,0,76.25218200683594,128.9206085205078,73.15994262695312,140.36680603027344,"0.650,0.788,0.896,0.511,0.493,0.472,0.462,0.454",1730.3673095703125,1946.845703125,"174.7,2621,2660,1599,1635,1718,1748,1687",66.72471618652344,68.13074493408203,"22.84,77.13,72.43,75.35,71.29,73.24,71.67,69.84","1.319,11.35,11.87,8.477,7.965,8.405,8.268,8.012","1.637,12.78,12.54,11.85,11.35,12.23,12.16,11.89",126,0.00499631417915225,409,0.009676193818449974,"994,1838,1214,923,1773,2276,270,3828",0.4054683744907379,0.9200439453125,0.9608154296875,"0.15,0.0892,0.167,0.105,0.199,0.149,0.196,0.244","43,19.1,17.9,14.6,10.6,9.58,9.18,8.22","0.00168,0.000923,-0.00323,-0.00121,-0.00128,-0.00221,-0.00224,-0.00218","0,0,0,0,0,0,0,0","0,0,0,0,0,0,0,0",0.263671875,0.22379755973815918,1,0.5630224347114563,0.5821321606636047
24,o_proj,gptq,4096,4096,0,0.002100706100463867,0.0014801621437072754,478.54191975942376,0.03965296064568061,1350.017578125,698.5347290039062,70.5654296875,219.80255126953125,64.04026794433594,85.86385345458984,0.7430011034011841,476.5313720703125,0.03465652093291283,"903,2004,1748,4070,1876,3814,3942,103,1620,18,647,20,3686,4065,43,50",83.23778533935547,,,,,0,14.813027381896973,25.281982421875,30.175830841064453,44.79131317138672,"0.085,0.461,1.250,0.353,0.519,0.486,0.490,0.517",493.4984130859375,1379.7496337890625,"45.53,244.2,1182,255.1,500.2,470.3,572.5,678.2",11.946091651916504,15.825324058532715,"9.067,9.981,14.81,10.79,12.3,12.45,12.77,13.4","1.085,2.732,6.635,2.7,3.768,3.697,3.759,4.069","3.724,4.026,5.935,4.544,5.232,5.303,5.368,5.657",1776,0.0020845429971814156,3779,0.004123258404433727,"3522,1748,1876,1620,2004,3138,3394,3266",0.1252451092004776,0.5177001953125,0.5628662109375,"0.7,1.41,1.3,1.26,1.05,0.85,0.866,0.776","2.18,1.77,1.7,1.7,1.65,1.6,1.54,1.5","-0.00467,0.0118,0.0151,0.00656,0.00391,-0.016,-0.0212,-0.012","0,0,0,0,0,0,0,0","0,0.0121,0.0103,0,0,-0.0138,-0.0239,-0.0121",0.380859375,0.3264508843421936,1,0.1720244139432907,0.11431378126144409
24,gate_proj,gptq,12288,4096,0,0.0020624597867329917,0.0014958977699279785,924.167869120738,0.024988690515763804,3106.781982421875,2319.2744140625,295.59088134765625,843.601806640625,529.1643676757812,706.500244140625,0.853019654750824,922.429931640625,0.08950625360012054,"1924,3780,1114,1231,2652,3470,2573,3179,1222,809,1989,2964,989,2637,1214,2275",239.92611694335938,,,,,0,219.80972290039062,294.6687927246094,238.4102325439453,359.86260986328125,"1.131,0.970,0.973,0.667,0.669,0.633,0.625,0.600",2329.381591796875,2629.415771484375,"179.8,3622,3498,2139,2265,2313,2349,2269",22.05150604248047,24.882320404052734,"9.192,24.79,24.56,22.81,22.91,23.93,24.1,24.11","7.396,18.56,18.13,14.17,14.31,14.51,14.55,14.25","6.954,18.85,18.37,17.34,17.49,18.24,18.41,18.39",5759,0.0011729967081919312,5308,0.0014820038340985775,"3780,994,1214,4081,3775,3470,1222,809",0.17671233415603638,0.3499755859375,0.3398641049861908,"3.63,2.88,3.1,2.89,3.04,3.13,3.16,3.18","3.53,3.46,2.61,2.35,2.17,1.9,1.86,1.79","-0.0104,-0.0299,-0.123,-0.021,0.0737,-0.0199,0.0413,0.0154","0,0,-0.0859,0,0.0859,0,0,0","0,-0.0306,-0.107,-0.036,0.0759,-0.0331,0.0357,0.0271",0.30078125,0.2578125298023224,1,0.4900418221950531,0.19622042775154114
24,up_proj,gptq,12288,4096,0,0.0020449558893839517,0.0014716784159342449,867.0121156183632,0.022243297660523968,3149.128173828125,2339.810546875,305.4061584472656,827.10791015625,522.8760986328125,704.3750610351562,0.853019654750824,865.2078857421875,0.06741970032453537,"1924,3780,1114,1231,2652,3470,2573,3179,1222,809,1989,989,2964,1214,2637,243",239.92611694335938,,,,,0,215.25625610351562,293.9644470214844,235.8895263671875,356.3367004394531,"0.949,0.923,0.944,0.654,0.672,0.632,0.627,0.608",2329.381591796875,2629.415771484375,"179.8,3622,3498,2139,2265,2313,2349,2269",22.05150604248047,24.882320404052734,"9.192,24.79,24.56,22.81,22.91,23.93,24.1,24.11","6.684,18.2,18.05,14.02,14.23,14.45,14.49,14.23","6.862,18.94,18.58,17.34,17.36,18.18,18.3,18.26",9528,0.0006136486190371215,407,0.0010613375343382359,"3780,994,1214,4081,3775,3470,1222,809",0.12928032875061035,0.4522196650505066,0.517822265625,"1.48,2.06,2.07,2,2.56,2.04,2.4,2.54","3.53,3.46,2.61,2.35,2.17,1.9,1.86,1.79","-0.00623,0.0215,-0.00191,0.0137,0.00298,-0.0216,0.0204,0.0162","0,0.0163,0,0.0163,0,-0.0163,0.0163,0.0163","0,0.0262,0,0.0246,0,-0.0246,0.0246,0.028",0.10498046875,0.1135459616780281,1,0.3526208698749542,0.1761629581451416
24,down_proj,gptq,4096,12288,0,0.0020061135292053223,0.0014693538347880046,1679.9809660880217,0.043933445236978876,4092.49267578125,2380.87890625,260.6833801269531,591.384033203125,466.2417907714844,425.1193542480469,0.42624759674072266,1676.193359375,0.10906663537025452,"2587,3504,3648,9135,5993,2076,10435,7153,6912,11469,7372,7107,461,9371,11392,4331",48.34736633300781,,,,,0,180.74876403808594,170.79019165039062,223.9685516357422,219.2689666748047,"1.123,1.479,1.173,1.003,1.010,0.974,0.963,0.920",7533.6162109375,9269.5810546875,"73.88,1.062e+04,7414,9253,8660,8729,7863,7655",27.6160831451416,32.82665252685547,"2.655,29.34,27.82,32.87,31.85,32.88,31.74,31.77","1.236,15.58,13.69,14.73,14.3,14.52,13.93,13.71","1.166,12.81,12.64,14.7,14.23,14.72,14.19,14.29",1838,0.007644717115908861,2276,0.01430050004273653,"3152,6288,7079,1850,1169,6912,2076,3648",0.2091369926929474,0.480224609375,0.510223388671875,"1.76,1.6,1.83,1.18,1.32,1.22,1.38,1.48","6.64,3.42,3.33,3.02,2.7,2.46,2.26,2.21","-0.00166,-0.00464,-0.0762,-0.414,0.816,0.307,0.0801,-0.166","0.059,0,-0.0702,-0.467,0.7,0.233,0,-0.233","0,0,-0.07,-0.473,0.7,0.343,0.0926,-0.145",0.81640625,0.7396455407142639,1,1.250504732131958,1.0366519689559937
25,q_proj,gptq,4096,4096,0,0.0020494461059570312,0.0014944076538085938,337.542972245712,0.030356431312748428,1004.866943359375,689.7597045898438,234.10096740722656,1084.6759033203125,523.861083984375,1322.56103515625,0.6560868620872498,336.1378173828125,0.2679774761199951,"994,923,1214,445,1773,2532,3828,822,2613,3402,3522,3450,2619,2001,2548,1984",526.9334716796875,,,,,0,225.2068328857422,643.1572265625,221.3357696533203,650.8787231445312,"0.380,0.458,0.503,0.312,0.318,0.284,0.281,0.277",1981.6239013671875,2204.655517578125,"180.9,3082,2732,2063,1982,2016,1934,1863",61.73320007324219,63.08356475830078,"22.39,72.16,66.34,69.85,65.75,67.4,65.68,64.29","4.726,19.5,18.64,15.54,14.78,14.46,14.01,13.64","7.672,28.83,26.28,27.82,26.19,27.11,26.42,25.92",1732,0.011917969211935997,3332,0.018713561818003654,"994,1838,1214,923,2276,270,2613,1773",1.4477777481079102,0.621551513671875,0.682464599609375,"1.51,1.05,1.28,0.931,0.842,1.61,1.32,1.48","37.3,22.1,15.1,14.8,9.95,8.77,8.4,7.94","-0.0615,-0.0771,0.0933,0.0869,-0.043,-0.113,-0.147,0.0913","-0.0787,-0.0787,0.0787,0.0787,0,-0.157,-0.157,0.0787","-0.0513,-0.0525,0.122,0.103,-0.0622,-0.121,-0.144,0.0633",0.275390625,0.314732164144516,1,1.613396167755127,0.5940561294555664
25,k_proj,gptq,1024,4096,0,0.002040863037109375,0.001470804214477539,93.5877698691911,0.03503748978442439,252.90869140625,166.04763793945312,59.73272705078125,264.911865234375,138.5999755859375,325.0186767578125,0.6560868620872498,93.27424621582031,0.291457861661911,"923,994,1214,445,1773,2532,822,3828,2613,3402,3450,3522,2548,1984,2001,2619",526.9334716796875,,,,,0,60.203739166259766,160.54449462890625,57.9508171081543,157.7139434814453,"0.387,0.485,0.506,0.332,0.343,0.314,0.311,0.303",1981.6239013671875,2204.655517578125,"180.9,3082,2732,2063,1982,2016,1934,1863",61.73320007324219,63.08356475830078,"22.39,72.16,66.34,69.85,65.75,67.4,65.68,64.29","2.64,10.05,9.642,8.022,7.601,7.496,7.275,7.031","4.242,14.43,13.56,13.92,12.98,13.37,13.04,12.77",1022,0.02358500100672245,331,0.010191473178565502,"994,1838,1214,923,2276,270,2613,1773",1.7074998617172241,0.570068359375,0.5771484375,"0.666,0.562,0.739,0.612,0.831,0.874,0.804,0.822","37.3,22.1,15.1,14.8,9.95,8.77,8.4,7.94","-0.0294,-0.022,0.116,0.0522,-0.0679,0.0354,-0.0381,-0.0129","0,0,0.126,0.0628,-0.0628,0.0628,-0.0628,0","-0.0374,-0.0366,0.0996,0.0561,-0.0544,0.0336,-0.0407,0",0.2197265625,0.2511160969734192,1,1.167299747467041,0.2964503765106201
25,v_proj,gptq,1024,4096,0,0.0020356178283691406,0.001438140869140625,96.25104838970537,0.027361886870006995,309.675537109375,234.00155639648438,70.82473754882812,238.01333618164062,138.591552734375,237.6025390625,0.6560868620872498,95.94703674316406,0.15891413390636444,"445,2532,1773,3828,1214,822,994,3402,3522,2613,3450,729,2619,3146,1984,2001",526.9334716796875,,,,,0,59.12533187866211,109.66838073730469,60.74966049194336,116.67990112304688,"0.632,0.653,0.770,0.475,0.485,0.456,0.456,0.456",1981.6239013671875,2204.655517578125,"180.9,3082,2732,2063,1982,2016,1934,1863",61.73320007324219,63.08356475830078,"22.39,72.16,66.34,69.85,65.75,67.4,65.68,64.29","1.165,9.626,9.735,7.854,7.512,7.616,7.423,7.28","1.466,11.92,11.09,11.39,10.79,11.28,10.99,10.78",954,0.01368356216698885,926,0.012503191828727722,"994,1838,1214,923,2276,270,2613,1773",0.5298256278038025,0.917724609375,0.961181640625,"0.144,0.0956,0.174,0.112,0.122,0.167,0.253,0.252","37.3,22.1,15.1,14.8,9.95,8.77,8.4,7.94","0.0153,-0.00592,0.00537,-0.00577,-0.00151,-0.011,-0.0229,0.0264","0,0,0,0,0,0,0,0","0.0153,0,0,0,0,0,-0.0368,0.0258",0.26171875,0.2243303656578064,1,0.8787577748298645,0.5966668725013733
25,o_proj,gptq,4096,4096,0,0.002113640308380127,0.0015142560005187988,371.8928616157009,0.03182266686998973,1099.2388916015625,666.1679077148438,50.38300323486328,147.7897491455078,57.866939544677734,91.64795684814453,0.787735104560852,371.591552734375,0.03389884904026985,"4059,1347,3675,2708,718,974,3931,2122,2964,985,2580,857,729,743,1475,1219",57.78339385986328,,,,,0,11.494858741760254,23.518320083618164,25.645824432373047,43.574989318847656,"0.083,0.529,0.762,0.323,0.443,0.465,0.508,0.502",716.7832641601562,1603.397705078125,"35.29,478.8,1522,240.9,596.4,764.4,992.6,1104",11.998636245727539,16.175457000732422,"7.919,9.779,11.57,9.259,12.72,14.01,14.85,15.87","0.8746,2.751,4.072,2.047,3.28,3.822,4.216,4.44","3.029,3.782,4.665,3.6,4.93,5.602,5.913,6.268",2532,0.0021756249479949474,1838,0.0030086722690612078,"1827,1955,1859,1987,3803,3675,3931,4059",0.20536378026008606,0.476287841796875,0.513336181640625,"0.536,0.709,1.39,1.29,0.779,1.68,1.2,1.18","2.34,2.15,1.88,1.8,1.79,1.61,1.59,1.55","0.022,0.0486,-0.0447,-0.00745,-0.013,-0.0129,-0.00139,0.0209","0.0379,0.0379,-0.0379,0,0,0,0,0.0379","0,0.0402,-0.0474,0,-0.0167,0,0,0.0177",0.166015625,0.1850566416978836,1,0.15301041305065155,0.13409167528152466
25,gate_proj,gptq,12288,4096,0,0.0020615061124165854,0.0014960765838623047,918.8942503505714,0.024376133510683275,3141.623046875,2335.453369140625,351.70013427734375,963.582275390625,654.1993408203125,815.1243896484375,0.8679080605506897,917.001220703125,0.08471725136041641,"1924,3780,1114,1231,3470,2652,3179,2573,809,1989,1222,1214,989,2637,552,243",231.6538543701172,,,,,0,269.0356750488281,338.68182373046875,293.5952453613281,412.14996337890625,"1.100,1.003,1.012,0.752,0.734,0.687,0.668,0.643",2428.5703125,2731.006591796875,"175.5,3827,3322,2540,2434,2478,2365,2287",23.553747177124023,26.573955535888672,"9.387,26.97,25.36,25.15,24.59,25.82,25.6,25.56","7.527,20.52,19.4,16.6,16.07,16.32,15.93,15.64","7.177,20.48,19.28,19.14,18.76,19.7,19.49,19.5",3074,0.0008859260706230998,8900,0.0033800145611166954,"994,3780,4081,1214,3775,1222,3470,809",0.15170390903949738,0.3456522822380066,0.3290913999080658,"2.93,3.81,3.03,3.19,3.1,3.24,3.17,3.28","3.29,3.26,2.76,2.51,2,1.94,1.92,1.9","0.0474,0.0151,0.021,0.0322,-0.0165,-0.0143,0.0195,0.0194","0.0321,0,0.0321,0.0321,-0.0321,-0.0321,0.0321,0.0321","0.0342,0,0.0251,0.0259,-0.0314,-0.0259,0.0269,0.0253",0.1376953125,0.16020309925079346,1,0.4782969355583191,0.3391360342502594
25,up_proj,gptq,12288,4096,0,0.0020540356636047363,0.0014691948890686035,851.206064996446,0.021712601336092405,3145.00537109375,2336.455322265625,359.37103271484375,938.548583984375,635.03125,808.63427734375,0.8679080605506897,849.96337890625,0.06205252930521965,"1924,3780,1114,1231,3470,2652,3179,1989,809,2573,1222,1214,989,2637,552,2275",231.6538543701172,,,,,0,259.0560302734375,335.0007629394531,285.71405029296875,405.6882629394531,"0.830,0.960,0.983,0.736,0.730,0.678,0.658,0.642",2428.5703125,2731.006591796875,"175.5,3827,3322,2540,2434,2478,2365,2287",23.553747177124023,26.573955535888672,"9.387,26.97,25.36,25.15,24.59,25.82,25.6,25.56","6.419,20.03,19.02,16.37,15.94,16.1,15.72,15.48","7.046,20.45,19.19,19.08,18.67,19.56,19.38,19.33",6137,0.0009076922433450818,6137,0.0011854663025587797,"994,3780,4081,1214,3775,1222,3470,809",0.10075698792934418,0.453887939453125,0.5156148672103882,"2.07,1.45,1.89,2.06,2.58,2.41,2.06,2.52","3.29,3.26,2.76,2.51,2,1.94,1.92,1.9","0.0481,0.00167,-0.00598,0.0101,0.000351,-0.00109,-0.00179,0.000744","0.0578,0,0,0,0,0,0,0","0.0427,0,0,0,0,0,0,0",0.52734375,0.4959891736507416,1,0.48035117983818054,0.6427065134048462
25,down_proj,gptq,4096,12288,0,0.002011259396870931,0.0014653404553731282,1697.9738447265008,0.04398297311681733,4108.095703125,2377.203857421875,331.83587646484375,711.2197265625,606.4810791015625,540.15869140625,0.5753956437110901,1694.936767578125,0.10560757666826248,"9964,10833,10958,4698,7769,9181,7819,6302,9592,2275,2436,1107,3744,8338,8609,1813",85.17909240722656,,,,,0,228.443115234375,223.71768188476562,282.6628112792969,271.4140625,"1.036,1.260,1.063,0.943,0.972,1.016,0.943,0.995",7292.4091796875,9118.7509765625,"75.65,9578,6527,8046,8262,9943,7670,8237",31.557878494262695,36.499847412109375,"3.382,34.79,30.49,37.05,35.95,38.98,35.8,36.02","1.511,17.02,14.39,16.21,15.82,17.73,15.54,16.12","1.485,15.16,13.95,16.69,16.05,17.59,16.01,16.16",2276,0.003663530806079507,2276,0.012263590469956398,"6137,9964,10958,5668,849,9052,4076,9263",0.11039697378873825,0.5323486328125,0.546661376953125,"1.76,1.24,1.26,1.43,1.83,1.43,1.36,1.46","6.51,5.1,3.49,3.13,3.07,2.85,2.8,2.76","-0.0264,0.727,-0.594,-0.309,-0.085,0.34,-0.043,-0.173","0,0.623,-0.623,-0.366,-0.104,0.415,-0.0606,-0.122","0,0.623,-0.509,-0.313,-0.0678,0.31,-0.0366,-0.198",0.7265625,0.6227679252624512,3,0.9574416875839233,1.7771681547164917
26,q_proj,gptq,4096,4096,0,0.0020592212677001953,0.0014864802360534668,356.7807364557666,0.0315361349301717,1038.40576171875,701.1924438476562,416.8612060546875,1653.609130859375,917.248779296875,1976.8536376953125,0.6831132769584656,355.35931396484375,0.2801720201969147,"445,1214,994,1773,923,3828,2532,3522,3450,3402,2613,2001,2619,729,1984,822",393.1827697753906,,,,,0,387.22607421875,942.7337036132812,394.4115905761719,966.8162231445312,"0.478,0.495,0.544,0.385,0.392,0.357,0.343,0.341",1946.830322265625,2276.452880859375,"175.6,2929,2420,2109,1952,2127,1949,1913",72.44622039794922,75.07666778564453,"23.32,83.94,78.5,82.39,77.19,80.12,77.9,76.22","5.677,24.23,23.83,21.11,19.87,19.67,18.71,18.24","8.215,34.44,32.31,34.01,31.76,32.91,31.94,31.24",2591,0.01769581250846386,2884,0.01109390053898096,"994,1838,1214,923,2276,1773,270,2613",1.1144053936004639,0.61614990234375,0.665496826171875,"1.84,1.1,1.51,1.03,0.867,1.7,1.87,1.42","40.8,23.8,19.2,16.5,11.1,10.8,10.1,9.34","0.0366,-0.00267,0.0164,0.0137,-0.00339,0.0457,-0.0146,-0.0117","0,0,0,0,0,0,0,0","0.041,0,0.0301,0.0137,0,0.0698,0,0",0.416015625,0.4754464626312256,1,2.6436495780944824,0.46122294664382935
26,k_proj,gptq,1024,4096,0,0.002093076705932617,0.0014858245849609375,94.86725492584083,0.0367429322438484,250.2841796875,160.14044189453125,101.98345947265625,373.7217102050781,236.61093139648438,462.57830810546875,0.6831132769584656,94.73126220703125,0.29139018058776855,"1214,445,994,1773,923,2532,3828,3522,3402,3450,2619,2613,822,2548,2001,1984",393.1827697753906,,,,,0,99.01038360595703,220.39442443847656,101.20408630371094,225.46536254882812,"0.506,0.549,0.613,0.411,0.437,0.379,0.372,0.376",1946.830322265625,2276.452880859375,"175.6,2929,2420,2109,1952,2127,1949,1913",72.44622039794922,75.07666778564453,"23.32,83.94,78.5,82.39,77.19,80.12,77.9,76.22","3.068,12.23,12.05,10.53,10.12,9.87,9.493,9.341","4.313,16.5,15.39,16.43,15.3,16.03,15.57,15.23",572,0.02592465654015541,958,0.015192468650639057,"994,1838,1214,923,2276,1773,270,2613",1.1702156066894531,0.5269775390625,0.515869140625,"0.698,0.588,0.708,0.684,0.808,0.883,0.933,0.764","40.8,23.8,19.2,16.5,11.1,10.8,10.1,9.34","0.0684,0.0206,-0.0147,-0.00626,0.0183,0.0179,-0.0664,0.00812","0.077,0,0,0,0,0,-0.077,0","0.0586,0.0173,-0.0222,0,0,0.0236,-0.0586,0",0.26953125,0.2310267984867096,1,1.6288472414016724,0.4364162087440491
26,v_proj,gptq,1024,4096,0,0.002031564712524414,0.0014445781707763672,101.87785944740972,0.029649942002523542,311.1319580078125,226.88128662109375,123.36846160888672,347.85272216796875,232.04177856445312,342.28070068359375,0.6831132769584656,101.57815551757812,0.12259500473737717,"445,3522,1773,1214,3402,2532,3450,3828,1984,3146,2548,2619,729,994,822,2001",393.1827697753906,,,,,0,95.99267578125,151.6263885498047,103.16615295410156,169.24755859375,"0.793,0.785,0.866,0.582,0.591,0.555,0.529,0.529",1946.830322265625,2276.452880859375,"175.6,2929,2420,2109,1952,2127,1949,1913",72.44622039794922,75.07666778564453,"23.32,83.94,78.5,82.39,77.19,80.12,77.9,76.22","1.086,12.09,11.75,10.28,9.774,10.06,9.567,9.407","1.219,13.65,12.63,13.48,12.71,13.5,13.16,12.93",215,0.008702535182237625,223,0.009920204989612103,"994,1838,1214,923,2276,1773,270,2613",0.2692030966281891,0.9490966796875,0.9671630859375,"0.125,0.0908,0.155,0.119,0.0977,0.182,0.142,0.228","40.8,23.8,19.2,16.5,11.1,10.8,10.1,9.34","-0.0054,-0.00293,0.00549,-0.00528,-0.000961,-0.014,0.00644,-0.0113","0,0,0,0,0,0,0,0","0,0,0,0,0,-0.023,0,0",0.12890625,0.11417597532272339,3,0.9118288159370422,0.343976765871048
26,o_proj,gptq,4096,4096,0,0.0020962953567504883,0.001484990119934082,399.07212840225895,0.033322427765686065,1182.708740234375,685.7205200195312,53.36827087402344,140.72079467773438,85.68467712402344,88.20758056640625,0.6056203842163086,398.2132263183594,0.04105444625020027,"1315,1443,1187,1059,929,1309,2511,4069,2255,2127,2383,3813,3081,2963,3685,3337",34.95039367675781,,,,,0,14.999963760375977,21.181196212768555,39.70708465576172,45.43198776245117,"0.067,0.447,1.157,0.360,0.686,0.648,0.595,0.645",830.46875,2489.271240234375,"28.22,258.3,2793,205.3,897.6,834.3,690.2,936.7",11.146692276000977,15.930700302124023,"6.346,7.683,16,7.956,13.1,13.09,11.8,13.2","0.68,2.009,6.596,1.895,4.35,4.211,3.633,4.308","2.63,3.006,6.132,3.159,5.252,5.231,4.71,5.365",1838,0.003538816934451461,1766,0.0015491226222366095,"1443,1503,499,2511,2383,115,2127,1471",0.12299544364213943,0.455902099609375,0.46392822265625,"1.15,1.71,0.742,1.22,1.23,0.65,1.19,1.57","1.53,1.52,1.28,1.24,1.23,1.2,1.17,1.16","0.0723,-0.0275,0.121,-0.0889,-0.175,0.123,-0.0376,0.00311","0.0859,0,0.0859,-0.0859,-0.172,0.172,0,0","0.0876,-0.0438,0.0859,-0.0762,-0.15,0.152,-0.0444,0",0.30078125,0.2849610447883606,1,0.2587526738643646,0.2034003734588623
26,gate_proj,gptq,12288,4096,0,0.002076109250386556,0.0014881292978922527,878.072687410051,0.023117422934278955,3104.2109375,2312.424560546875,440.61688232421875,1176.908447265625,789.6971435546875,959.9302978515625,0.8957182168960571,876.5159912109375,0.0922810360789299,"1924,3780,1114,1231,2652,1989,3470,989,3179,2573,1222,809,552,2637,248,2275",229.76028442382812,,,,,0,310.0732727050781,382.3691101074219,362.025146484375,491.8940124511719,"1.169,1.020,1.024,0.771,0.764,0.728,0.686,0.667",2288.5361328125,2730.94140625,"171.1,3487,2786,2483,2325,2504,2293,2260",24.989471435546875,29.000171661376953,"9.592,28.26,25.4,27.18,26.43,27.94,27.49,27.63","7.85,21.57,19.47,18.19,17.61,18.24,17.42,17.26","7.26,21.35,19.25,20.72,20.14,21.37,21.03,21.13",8434,0.0009196769678965211,4807,0.00229269964620471,"3780,4081,994,1214,1222,809,3775,1134",0.1267775446176529,0.3358357846736908,0.3127848505973816,"3.87,3.12,3.05,3.22,3.36,3.38,3.2,3.47","3.11,3.02,2.85,2.36,2.25,2.23,1.97,1.93","0.0923,0.0767,0.0247,0.0131,0.0884,-0.0132,-0.0996,-0.0312","0.104,0.104,0.104,0,0.104,0,-0.104,0","0.0854,0.0657,0.0282,0.0253,0.0758,-0.0234,-0.0854,-0.0308",0.36328125,0.3113839626312256,2,0.5339294672012329,0.1729499250650406
26,up_proj,gptq,12288,4096,0,0.002058307329813639,0.0014736255009969075,822.2489865791431,0.02058902636135936,3149.15966796875,2353.9658203125,457.272705078125,1155.4239501953125,777.595947265625,959.8704833984375,0.8957182168960571,821.307373046875,0.06449767202138901,"1924,3780,1114,1231,3470,1989,2652,989,3179,1222,2573,809,552,248,2637,2275",229.76028442382812,,,,,0,303.5306091308594,383.8249206542969,358.23828125,489.28515625,"0.795,0.990,0.968,0.762,0.750,0.722,0.683,0.673",2288.5361328125,2730.94140625,"171.1,3487,2786,2483,2325,2504,2293,2260",24.989471435546875,29.000171661376953,"9.592,28.26,25.4,27.18,26.43,27.94,27.49,27.63","6.495,21.41,19.17,18.1,17.45,18.15,17.34,17.26","7.284,21.51,19.48,20.74,20.15,21.36,20.98,21.04",7974,0.0005398688372224569,5976,0.0007598059601150453,"3780,4081,994,1214,1222,809,3775,1134",0.08562249690294266,0.4346822202205658,0.4965108335018158,"1.52,1.95,2.1,2.16,2.38,2.57,2.59,2.3","3.11,3.02,2.85,2.36,2.25,2.23,1.97,1.93","0.0483,0.0625,0.0396,-0.0204,0.0547,0.0116,-0.0879,0.0179","0,0.096,0.096,0,0,0,-0.096,0","0.0502,0.0582,0.0349,-0.0169,0.0506,0,-0.0753,0.023",0.3359375,0.2879464626312256,2,0.4055294692516327,0.20465479791164398
26,down_proj,gptq,4096,12288,0,0.002008537451426188,0.0014587640762329102,1728.4471675185105,0.04392946454312378,4134.3251953125,2361.3564453125,386.5518493652344,841.1567993164062,744.27001953125,615.6383056640625,0.575439989566803,1726.218994140625,0.10464181005954742,"873,3875,10631,9317,6942,7977,8782,6970,3536,7632,4306,10966,8595,9013,4240,8263",104.98375701904297,,,,,0,262.8048095703125,235.7905731201172,350.76763916015625,316.682373046875,"1.120,1.422,1.494,1.068,1.086,1.025,0.973,0.977",7611.650390625,9885.513671875,"79.91,1.11e+04,7210,8890,8248,9727,7617,8019",32.6227912902832,39.393062591552734,"3.519,37.14,27.57,38.42,36.31,41.14,38.05,38.84","1.603,18.96,14.95,17.49,16.72,18.81,16.67,17.31","1.515,15.9,12.23,16.93,16.04,18.58,16.9,17.51",2276,0.003187362803146243,2276,0.012344389222562313,"1701,3536,11054,3875,6970,11467,638,8595",0.12913821637630463,0.481781005859375,0.499176025390625,"1.25,1.23,1.85,1.31,1.1,1.84,1.53,1.14","5.93,4.39,4.02,3.25,3.12,3.04,2.23,2.08","0.16,-0.412,0.0479,-0.684,0.361,-0.0552,-0.0708,0.543","0.195,-0.391,0.0514,-0.586,0.391,-0.0649,-0.0558,0.586","0.114,-0.403,0,-0.586,0.31,-0.0391,-0.0594,0.465",0.68359375,0.5859375596046448,4,0.9437870979309082,1.7825576066970825
27,q_proj,gptq,4096,4096,0,0.002038240432739258,0.0014881491661071777,321.0329031700094,0.02872710880130981,985.5118408203125,678.6314697265625,484.68280029296875,2078.08251953125,1075.6171875,2450.74462890625,0.6781241297721863,320.2424011230469,0.2494041919708252,"1214,994,445,1773,923,3522,3402,2532,822,2613,3828,3146,2619,3450,729,2548",330.46417236328125,,,,,0,428.6656799316406,1187.582763671875,454.8849182128906,1199.92578125,"0.433,0.450,0.484,0.336,0.339,0.314,0.291,0.297",1885.80615234375,2241.635986328125,"178.1,2971,2177,2066,1882,2099,1862,1851",83.6120834350586,86.1316146850586,"28.01,96.5,89.34,95.72,88.8,92.62,89.86,88.04","6.266,26.01,24.83,22.14,20.74,20.75,19.39,19.22","9.527,38.79,35.68,38.17,35.62,37.02,35.93,35.28",2882,0.011017399840056896,3905,0.007319004274904728,"994,1838,1214,923,2276,270,2613,1773",1.1822290420532227,0.584014892578125,0.66064453125,"1.53,1.01,1.23,0.922,0.773,1.68,1.27,1.42","48.4,25.3,23.6,18.5,13.8,12.9,11.5,11.3","0.0378,0.0459,-0.0718,-0.0361,0.0366,0.102,0.014,-0.0684","0,0.091,-0.091,0,0,0.091,0,-0.091","0.0536,0.0497,-0.0776,-0.0536,0.0469,0.118,0,-0.0781",0.318359375,0.2728794813156128,1,2.1769189834594727,0.9202225804328918
27,k_proj,gptq,1024,4096,0,0.0020415782928466797,0.0014874935150146484,83.80874322176533,0.03461119464027034,228.58132934570312,151.49099731445312,114.98916625976562,462.34429931640625,261.9757385253906,547.3585815429688,0.6781241297721863,83.56770324707031,0.25624415278434753,"1214,994,445,923,1773,3522,2532,3402,822,2613,3146,3828,2619,729,3450,3470",330.46417236328125,,,,,0,106.77955627441406,264.6423034667969,111.24707794189453,264.4081726074219,"0.482,0.532,0.537,0.355,0.368,0.348,0.328,0.339",1885.80615234375,2241.635986328125,"178.1,2971,2177,2066,1882,2099,1862,1851",83.6120834350586,86.1316146850586,"28.01,96.5,89.34,95.72,88.8,92.62,89.86,88.04","3.394,13.29,12.34,10.83,10.18,10.3,9.692,9.63","4.887,18.23,16.84,18.16,16.79,17.48,16.92,16.54",53,0.01716775819659233,697,0.016074534505605698,"994,1838,1214,923,2276,270,2613,1773",1.2101777791976929,0.526123046875,0.5289306640625,"0.598,0.573,0.577,0.623,0.715,0.764,0.735,0.667","48.4,25.3,23.6,18.5,13.8,12.9,11.5,11.3","0.041,-0.0244,-0.0109,-0.0378,0.273,-0.159,-0.0698,-0.00452","0.0781,0,0,-0.0781,0.234,-0.156,-0.0781,0","0.0431,-0.0175,-0.0148,-0.0431,0.234,-0.136,-0.0798,0",0.2734375,0.2796516716480255,1,1.3343875408172607,0.5361933708190918
27,v_proj,gptq,1024,4096,0,0.002051830291748047,0.0014636516571044922,99.3163071545664,0.02980104807087499,304.1463623046875,222.60406494140625,149.46615600585938,457.9527893066406,294.18695068359375,456.03155517578125,0.6781241297721863,99.08106994628906,0.13252119719982147,"1214,445,3402,3522,994,1773,3146,822,3828,2532,923,2613,729,196,2619,3470",330.46417236328125,,,,,0,120.78880310058594,207.58900451660156,129.39161682128906,225.53073120117188,"0.717,0.763,0.736,0.546,0.528,0.514,0.485,0.487",1885.80615234375,2241.635986328125,"178.1,2971,2177,2066,1882,2099,1862,1851",83.6120834350586,86.1316146850586,"28.01,96.5,89.34,95.72,88.8,92.62,89.86,88.04","1.442,13.97,12.83,11.72,10.85,11.3,10.59,10.48","1.703,15.99,14.95,15.86,14.92,15.75,15.2,15.01",560,0.006844553165137768,790,0.007175772916525602,"994,1838,1214,923,2276,270,2613,1773",0.4252736568450928,0.9207763671875,0.946044921875,"0.183,0.0966,0.178,0.155,0.0939,0.186,0.262,0.287","48.4,25.3,23.6,18.5,13.8,12.9,11.5,11.3","0.00842,0.000538,-0.00616,0.00983,-0.00133,0.00558,-0.00922,0.00583","0,0,0,0.0219,0,0,0,0","0,0,0,0.0177,0,0,0,0",0.0966796875,0.09274648129940033,1,0.8974842429161072,0.5013629198074341
27,o_proj,gptq,4096,4096,0,0.0021035075187683105,0.0015132427215576172,390.7165778530325,0.0338188619477115,1130.9029541015625,665.3086547851562,64.29917907714844,205.34103393554688,105.84651184082031,127.7467041015625,0.6535236835479736,390.1966552734375,0.033061325550079346,"877,2275,1010,1611,3695,2430,3951,626,1867,2302,1917,3823,2403,1616,1636,754",45.83301544189453,,,,,0,26.680849075317383,40.95279312133789,48.906917572021484,65.61126708984375,"0.053,0.528,0.712,0.760,0.661,0.640,0.674,0.650",1162.9716796875,2603.167724609375,"24.84,421.5,669.7,1472,1818,1356,1757,1784",14.975675582885742,19.68196678161621,"7.268,9.444,11.99,14.81,20.06,17.16,19.46,19.6","0.6682,2.675,4.066,5.187,6.693,5.561,6.675,6.491","2.898,3.681,4.82,5.952,8.229,6.953,8.13,8.053",1832,0.003674538107588887,994,0.003009079024195671,"1611,877,1616,1552,878,3047,1646,3674",0.1811513900756836,0.3846435546875,0.407196044921875,"1.34,0.938,1.31,1.39,1.64,0.802,1.42,1.77","3.7,3.39,2.85,1.59,1.54,1.47,1.45,1.43","-0.0141,-0.0199,0.015,-0.0286,0.0051,-0.00806,0.026,-0.0128","0,0,0,0,0,0,0.0513,0","0,-0.0181,0,-0.0318,0,0,0.0318,-0.0176",0.2119140625,0.227662593126297,1,0.4056999683380127,0.16547782719135284
27,gate_proj,gptq,12288,4096,0,0.0020552476247151694,0.0014969110488891602,866.8393247034401,0.022872848560305675,3088.66357421875,2301.6611328125,502.7619323730469,1338.3056640625,910.5479125976562,1088.0604248046875,0.8855220079421997,865.3417358398438,0.09113124758005142,"1924,3780,1114,1231,1989,3470,989,2652,1134,1222,2573,2637,809,552,248,3179",218.77044677734375,,,,,0,354.8183288574219,429.2375183105469,413.7011413574219,553.1800537109375,"1.096,1.080,1.030,0.786,0.772,0.745,0.692,0.680",2308.36572265625,2763.297607421875,"168.6,3676,2643,2531,2325,2559,2288,2275",26.54845428466797,30.787195205688477,"10.05,30.43,26.05,29.22,28.16,29.87,29.21,29.4","7.962,23.71,20.11,19.68,18.77,19.62,18.51,18.48","7.604,22.81,19.81,22.19,21.37,22.74,22.25,22.41",108,0.0006960813188925385,3105,0.0032510224264115095,"4081,994,3780,1222,1214,1134,809,3775",0.11857602745294571,0.34149169921875,0.3155721127986908,"2.93,3.02,3.78,3.36,3.22,3.56,3.41,3.23","3.42,2.9,2.49,2.46,2.43,2.35,2.32,1.88","-0.0483,-0.0486,0.0525,0.00522,0.105,0.0557,-0.033,0.0693","-0.0603,-0.0603,0.0603,0,0.0904,0.0603,-0.0301,0.0603","-0.0324,-0.0594,0.0511,0,0.0904,0.0525,-0.0332,0.0511",0.1787109375,0.149126335978508,1,0.4953315258026123,0.21611827611923218
27,up_proj,gptq,12288,4096,0,0.002054572105407715,0.0014690558115641277,827.5251727953146,0.020353688795531445,3192.134765625,2392.708984375,531.9608154296875,1342.97998046875,921.8673095703125,1107.579833984375,0.8855220079421997,826.2897338867188,0.06428618729114532,"1924,3780,1114,1231,1989,3470,989,1134,1222,2652,3179,2573,809,248,2637,552",218.77044677734375,,,,,0,356.3534851074219,438.810302734375,419.2896423339844,561.6832885742188,"0.916,1.047,1.031,0.764,0.757,0.737,0.687,0.679",2308.36572265625,2763.297607421875,"168.6,3676,2643,2531,2325,2559,2288,2275",26.54845428466797,30.787195205688477,"10.05,30.43,26.05,29.22,28.16,29.87,29.21,29.4","7.329,23.84,20.25,19.64,18.76,19.72,18.61,18.6","7.656,23.3,19.95,22.47,21.56,22.97,22.46,22.57",11954,0.00047490105498582125,5995,0.0010667616734281182,"4081,994,3780,1222,1214,1134,809,3775",0.07698032259941101,0.4336344599723816,0.4939066767692566,"2.03,2.21,1.64,2.42,2.2,2.28,2.58,2.61","3.42,2.9,2.49,2.46,2.43,2.35,2.32,1.88","0.0101,-0.0154,0.00806,0.00485,-0.0033,0.00217,0.0352,0.00127","0,-0.0222,0,0,0,0,0.0444,0","0,-0.028,0,0,0,0,0.0314,0",0.134765625,0.11933747678995132,1,0.40887510776519775,0.1720781922340393
27,down_proj,gptq,4096,12288,0,0.0020002524058024087,0.0014533599217732747,1906.6091108518776,0.04765895391681649,4361.6494140625,2426.57177734375,520.5289306640625,1162.4781494140625,1103.1533203125,903.3416748046875,0.34092721343040466,1904.7738037109375,0.1570146530866623,"2351,8311,3105,7413,3390,7438,10592,4731,2129,592,5137,9757,6396,394,1537,244",77.99559783935547,,,,,0,373.18988037109375,337.7967834472656,514.9005737304688,461.4944152832031,"1.051,1.520,1.166,1.042,1.040,1.063,0.959,0.978",8032.85986328125,10946.412109375,"79.04,1.448e+04,5040,9008,8988,1.024e+04,8201,8225",38.25105285644531,46.45659637451172,"3.982,45.8,29.91,45.24,44.59,47.02,44.98,44.48","1.825,25.07,14.99,20.68,20.4,22.03,20.04,19.95","1.78,20.34,13.88,20.26,20.01,21.37,20.46,20.18",2276,0.003021040465682745,2276,0.011635077185928822,"3848,3390,2356,5476,3394,7513,244,268",0.1041538342833519,0.441070556640625,0.461334228515625,"1.48,1.29,1.75,1.43,1.34,1.48,1.51,1.51","8.39,5.49,5.31,4.87,3.41,3.33,2.82,2.74","0.106,-0.609,-0.0425,0.273,0.138,0.338,-0.268,-0.391","0.111,-0.563,0,0.375,0.105,0.375,-0.188,-0.332","0.0904,-0.522,-0.0653,0.234,0.174,0.333,-0.229,-0.335",0.79296875,0.699272871017456,1,1.1214779615402222,2.158486843109131
28,q_proj,gptq,4096,4096,0,0.0020557045936584473,0.001485586166381836,333.09038631584554,0.028438553150604576,1023.5361938476562,709.6730346679688,499.1705627441406,2393.4677734375,1119.1875,2766.5576171875,0.7089709639549255,332.1955871582031,0.2931193709373474,"994,445,1214,1773,923,3522,2532,3402,3450,2619,729,2548,2613,822,2001,3828",565.3944091796875,,,,,0,462.1650390625,1371.75390625,474.85711669921875,1356.875,"0.406,0.459,0.445,0.298,0.305,0.289,0.269,0.271",1766.08056640625,2130.81396484375,"181.4,2987,1879,1923,1731,1955,1747,1725",93.00647735595703,94.14373016357422,"34.3,105.5,101.4,105.9,98.44,102.4,99.01,97.03","7.218,27.82,26.23,22.43,20.99,21.38,19.93,19.63","11.33,41.04,39.33,41.08,38.02,39.79,38.43,37.7",2369,0.004694007802754641,3459,0.005489928647875786,"994,1838,1214,923,2276,729,1773,270",1.1791858673095703,0.623046875,0.72076416015625,"1.3,0.931,1.2,0.872,0.696,1.41,1.25,1.47","53.2,35.9,24.6,22.8,17.2,14.2,13.1,12.2","0.0879,0.0554,-0.0312,-0.0349,0.0311,0.0228,-0.0747,0.106","0.077,0.0385,-0.0385,-0.0385,0.0385,0.0385,-0.077,0.116","0.0711,0.0396,-0.0435,-0.0356,0.0513,0,-0.0539,0.0977",0.251953125,0.23421776294708252,1,1.4378162622451782,2.565753936767578
28,k_proj,gptq,1024,4096,0,0.002071380615234375,0.001459360122680664,100.17830385174602,0.03938981617429533,253.1598358154297,166.78163146972656,131.65487670898438,601.5150146484375,324.60089111328125,675.40283203125,0.7089709639549255,99.99642944335938,0.347771555185318,"445,1214,994,1773,923,3522,3402,3450,2532,2613,2548,2619,729,822,2001,3828",565.3944091796875,,,,,0,140.78567504882812,331.3405456542969,134.9498291015625,341.0757141113281,"0.485,0.635,0.597,0.382,0.396,0.331,0.313,0.311",1766.08056640625,2130.81396484375,"181.4,2987,1879,1923,1731,1955,1747,1725",93.00647735595703,94.14373016357422,"34.3,105.5,101.4,105.9,98.44,102.4,99.01,97.03","4.128,15.56,14.83,12.27,11.76,11.44,10.76,10.56","5.925,19.52,19.2,19.85,18.69,19.87,19.22,18.93",314,0.022881940007209778,698,0.016649657860398293,"994,1838,1214,923,2276,729,1773,270",1.1699923276901245,0.602294921875,0.62451171875,"0.623,0.551,0.6,0.593,0.714,0.828,0.837,0.84","53.2,35.9,24.6,22.8,17.2,14.2,13.1,12.2","-0.0303,-0.0156,0.0239,0.00891,-0.0302,-0.0342,0.0143,0.0156","-0.0527,0,0,0,-0.0527,-0.0527,0,0","-0.023,-0.0216,0.0229,0,-0.031,-0.0527,0.0223,0.0218",0.1845703125,0.2109375149011612,1,1.7796130180358887,0.32723650336265564
28,v_proj,gptq,1024,4096,0,0.002050161361694336,0.0014340877532958984,97.14479306579051,0.026961322980977562,313.18438720703125,225.77056884765625,148.64315795898438,502.22381591796875,303.456298828125,493.73046875,0.7089709639549255,96.70751953125,0.18865130841732025,"445,1214,3522,994,1773,2532,3402,3450,923,729,2619,2548,2001,2613,987,3828",565.3944091796875,,,,,0,122.71817779541016,226.2940673828125,132.5122833251953,246.2846221923828,"0.736,0.756,0.660,0.486,0.517,0.471,0.446,0.441",1766.08056640625,2130.81396484375,"181.4,2987,1879,1923,1731,1955,1747,1725",93.00647735595703,94.14373016357422,"34.3,105.5,101.4,105.9,98.44,102.4,99.01,97.03","1.914,14.51,12.87,11.64,10.88,11.23,10.66,10.42","2.231,16.68,15.84,16.69,15.13,16.36,15.97,15.69",63,0.01196951512247324,758,0.009566688910126686,"994,1838,1214,923,2276,729,1773,270",0.6781389713287354,0.878662109375,0.90576171875,"0.201,0.113,0.194,0.168,0.12,0.395,0.329,0.328","53.2,35.9,24.6,22.8,17.2,14.2,13.1,12.2","0.00175,-0.000433,-0.00188,-0.00415,-0.000332,0.00842,-0.0121,0.00273","0,0,0,0,0,0.03,0,0","0,0,0,0,0,0,0,0",0.1787109375,0.16397075355052948,1,1.1904467344284058,0.468187153339386
28,o_proj,gptq,4096,4096,0,0.0020852088928222656,0.001480400562286377,355.806202126867,0.031073985045065446,1074.989990234375,654.191650390625,107.45619201660156,325.4124450683594,134.0623016357422,217.4901123046875,0.7122156620025635,355.12994384765625,0.035710204392671585,"530,786,658,914,3915,1480,3845,1352,1224,3892,3092,3659,1096,2758,3787,256",50.51171112060547,,,,,0,40.25252914428711,72.73075103759766,57.2540168762207,101.3727035522461,"0.107,0.701,0.719,0.432,0.484,0.493,0.524,0.505",1415.4205322265625,1602.7117919921875,"43.41,1966,4681,450.3,902.7,943.8,1175,1162",21.135583877563477,25.444589614868164,"11.37,19.02,28.38,17.38,22.11,22.58,24.04,24.2","1.443,6.51,9.725,4.326,5.992,6.221,6.7,6.692","4.417,7.773,11.47,6.583,8.613,8.862,9.254,9.413",2073,0.0034640564117580652,1109,0.0075322892516851425,"2858,2730,3922,2872,256,384,2990,850",0.09669254720211029,0.438995361328125,0.419525146484375,"0.708,0.659,1.33,1.38,1.19,1.11,1.43,1.44","2.07,1.93,1.88,1.67,1.61,1.59,1.58,1.57","0.000984,0.00235,0.0413,0.158,0.0679,0.0292,-0.0112,-0.0209","0,0,0,0.154,0.0843,0,0,0","0,0,0,0.169,0.0586,0.0241,0,-0.0233",0.294921875,0.3370535969734192,1,0.3526843190193176,0.5532184839248657
28,gate_proj,gptq,12288,4096,0,0.002071122328440348,0.0015006860097249348,853.1614110411301,0.022763860997386573,3053.73291015625,2283.555419921875,575.65234375,1537.769775390625,1059.154296875,1269.572265625,0.8607966899871826,851.205078125,0.09042008221149445,"1924,1114,3780,1231,1989,1134,3470,989,809,2573,2637,1222,3179,2652,552,248",199.6076202392578,,,,,0,403.87139892578125,496.4707946777344,482.27880859375,643.3355712890625,"1.107,1.061,1.014,0.764,0.751,0.735,0.683,0.673",2324.077392578125,2816.89697265625,"167.4,4067,2442,2508,2291,2565,2287,2267",28.563508987426758,33.15817642211914,"10.68,34.09,27.08,31.32,30.33,32.13,31.36,31.51","8.421,26.12,20.78,20.84,19.88,20.96,19.76,19.67","8.003,25.35,20.64,23.84,22.94,24.46,23.91,23.97",5197,0.001032001106068492,4703,0.0023454613983631134,"4081,994,1134,1214,1222,809,1794,3780",0.10882078111171722,0.3496806025505066,0.3228556513786316,"2.93,2.96,3.53,3.19,3.3,3.39,3.05,3.6","3.59,3.18,2.7,2.7,2.68,2.49,2.12,2.05","-0.0233,-0.0513,0.0513,0.0703,0.0128,-0.0381,-0.0593,0.0593","0,-0.077,0.077,0.077,0,0,-0.077,0.077","-0.0314,-0.0578,0.0759,0.118,0,-0.0413,-0.077,0.0469",0.412109375,0.33016735315322876,1,0.6385440826416016,0.43044495582580566
28,up_proj,gptq,12288,4096,0,0.0020464658737182617,0.0014650026957194011,837.6301542272153,0.020245820037166372,3244.21044921875,2433.372314453125,625.8668823242188,1560.32666015625,1099.2188720703125,1317.6278076171875,0.8607966899871826,836.3807373046875,0.06391092389822006,"1924,1114,3780,1231,1989,1134,3470,989,809,1222,2637,2573,3179,552,2652,248",199.6076202392578,,,,,0,418.0641174316406,519.5123291015625,500.4906921386719,662.2727661132812,"0.917,1.015,1.015,0.764,0.731,0.737,0.690,0.680",2324.077392578125,2816.89697265625,"167.4,4067,2442,2508,2291,2565,2287,2267",28.563508987426758,33.15817642211914,"10.68,34.09,27.08,31.32,30.33,32.13,31.36,31.51","7.872,26.67,21.2,21.17,20.14,21.4,20.17,20.08","8.219,26.47,21.04,24.22,23.55,24.92,24.29,24.35",2150,0.0004898365586996078,11288,0.00114772142842412,"4081,994,1134,1214,1222,809,1794,3780",0.07226120680570602,0.4286702573299408,0.4846903681755066,"2.16,2.16,2.41,2.17,2.53,2.66,2.62,1.89","3.59,3.18,2.7,2.7,2.68,2.49,2.12,2.05","-0.00812,-0.119,0.0452,0.208,0.0552,-0.04,-0.0635,0.0408","0,-0.119,0.0594,0.178,0.0594,-0.0594,-0.0594,0.0594","0,-0.122,0.046,0.178,0.0594,-0.0519,-0.0633,0.0303",0.2314453125,0.24033315479755402,1,0.4456740617752075,0.22003382444381714
28,down_proj,gptq,4096,12288,0,0.0019995967547098794,0.0014491875966389973,1922.7997595678835,0.047203057291755376,4419.36279296875,2478.86474609375,747.79638671875,1711.635986328125,1556.277099609375,1281.1585693359375,0.5196983218193054,1917.545654296875,0.15804967284202576,"202,2898,6966,7454,7204,4203,7785,11444,10756,3850,10970,340,1437,7346,1499,2504",56.45293426513672,,,,,0,551.2733154296875,500.5848083496094,727.6256103515625,665.4566650390625,"1.224,1.695,1.361,1.009,0.997,1.003,0.941,0.948",8027.6494140625,10797.013671875,"70.65,1.418e+04,4716,8428,9170,1.043e+04,8502,8728",46.21452713012695,55.3911018371582,"4.379,53.7,35.24,54.1,53.83,58.99,54.83,54.65","2.13,30.49,18.18,24.93,24.29,27.27,24.34,24.46","1.925,23.42,15.58,24.81,24.32,27.23,25.09,25.12",1838,0.005781668238341808,1838,0.009742837399244308,"135,10970,8233,384,7346,1307,10376,2155",0.09736249595880508,0.43072509765625,0.4595947265625,"1.63,1.37,1.32,1.73,1.3,1.77,1.71,1.14","5.68,5.21,5.07,4.82,4.28,3.54,3.53,3.39","0.0173,-0.652,-0.352,0.0283,-0.369,0.0283,-0.116,0.543","0,-0.777,-0.388,0.0705,-0.388,0,-0.0859,0.388","0.0314,-0.746,-0.342,0.0366,-0.316,0,-0.132,0.465",1.359375,1.1651785373687744,1,1.8467750549316406,2.400599956512451
29,q_proj,gptq,4096,4096,0,0.002072453498840332,0.0014886260032653809,458.098145234806,0.03761723301946443,1192.3319091796875,747.6167602539062,1202.803955078125,4831.10546875,2528.015625,5237.51171875,0.7155282497406006,455.79498291015625,0.22535142302513123,"1214,445,994,1773,3522,3402,2532,923,3450,2548,2619,2001,2613,729,3828,368",301.0541076660156,,,,,0,1051.0885009765625,2559.04833984375,1081.6939697265625,2534.85009765625,"0.595,0.514,0.538,0.363,0.382,0.353,0.340,0.343",1762.2911376953125,2122.087646484375,"171.4,3188,1800,1887,1680,1963,1706,1702",116.85126495361328,119.11841583251953,"32.97,134.6,133.1,135,120.7,131.7,124.5,122.1","9.322,40.89,41.06,33.53,30.8,32.79,30.27,29.99","12.08,57.05,55.96,55.66,49.84,55.17,51.9,51.2",1988,0.0076722633093595505,704,0.007563967257738113,"994,1838,1214,923,1773,2276,729,270",0.7644708156585693,0.49755859375,0.606109619140625,"1.84,1.16,1.52,1.13,1.65,0.87,1.68,1.81","58.7,35.6,31.1,24.9,18.2,17.1,16.8,15.2","0.0977,0.0361,-0.109,0.0308,-0.0737,0.031,-0.0864,0.0908","0.124,0.0622,-0.124,0,-0.0622,0,-0.0622,0.124","0.0965,0.0407,-0.0876,0.0483,-0.0675,0.0541,-0.0597,0.0938",0.236328125,0.2488839328289032,1,2.697737693786621,0.917042076587677
29,k_proj,gptq,1024,4096,0,0.002090930938720703,0.001474618911743164,128.72220606249903,0.052944930046107466,278.396484375,165.24444580078125,305.85125732421875,1087.675537109375,669.702392578125,1217.1029052734375,0.7155282497406006,127.82764434814453,0.27144041657447815,"1214,445,994,1773,3522,2532,3402,3450,2619,923,729,3828,2548,2613,2001,368",301.0541076660156,,,,,0,284.3117370605469,604.8655395507812,290.467529296875,588.8137817382812,"0.627,0.572,0.632,0.427,0.430,0.402,0.388,0.400",1762.2911376953125,2122.087646484375,"171.4,3188,1800,1887,1680,1963,1706,1702",116.85126495361328,119.11841583251953,"32.97,134.6,133.1,135,120.7,131.7,124.5,122.1","5.039,21.04,21.23,17.74,16.01,17.03,15.75,15.7","6.365,27.83,26.71,27.15,24.41,26.85,25.3,24.83",307,0.030450299382209778,252,0.0125865638256073,"994,1838,1214,923,1773,2276,729,270",1.0170502662658691,0.4627685546875,0.486083984375,"0.772,0.59,0.703,0.715,0.899,0.746,0.999,0.92","58.7,35.6,31.1,24.9,18.2,17.1,16.8,15.2","0.0325,0.00273,-0.0236,0.0325,-0.146,0.00464,0.0325,-0.052","0,0,0,0.0776,-0.155,0,0,-0.0776","0.0393,0,-0.0194,0.0393,-0.125,0,0.0225,-0.0603",0.271484375,0.2327008992433548,3,2.7934935092926025,0.7659732103347778
29,v_proj,gptq,1024,4096,0,0.0020644664764404297,0.0014629364013671875,168.15664657181514,0.05161253763079274,367.92236328125,247.14962768554688,417.630859375,1101.9354248046875,800.6326904296875,1023.3366088867188,0.7155282497406006,166.64537048339844,0.17034128308296204,"3402,3522,3146,2624,282,196,368,361,3935,3828,382,51,1055,3822,1214,2886",301.0541076660156,,,,,0,343.06787109375,478.2881164550781,350.7853088378906,504.0843505859375,"1.409,0.966,1.139,0.579,0.576,0.593,0.561,0.565",1762.2911376953125,2122.087646484375,"171.4,3188,1800,1887,1680,1963,1706,1702",116.85126495361328,119.11841583251953,"32.97,134.6,133.1,135,120.7,131.7,124.5,122.1","2.146,23.76,25.09,18.71,16.35,18.53,17.18,17.03","1.808,24.17,23.51,24.58,21.55,24.07,22.93,22.64",545,0.007253405638039112,529,0.007754050195217133,"994,1838,1214,923,1773,2276,729,270",0.24417443573474884,0.9539794921875,0.9722900390625,"0.118,0.109,0.154,0.144,0.144,0.0821,0.223,0.124","58.7,35.6,31.1,24.9,18.2,17.1,16.8,15.2","0.00156,0.00211,-0.00507,-0.00122,-0.000622,-0.000402,0.00427,0.00916","0,0,0,0,0,0,0,0","0,0,0,0,0,0,0,0",0.306640625,0.35284820199012756,1,1.3928663730621338,0.8061351776123047
29,o_proj,gptq,4096,4096,0,0.0021254420280456543,0.0014799833297729492,423.7098385675481,0.03524591250116728,1172.3948974609375,691.500732421875,92.72756958007812,274.18597412109375,243.3392333984375,284.24908447265625,0.3298051655292511,423.1485595703125,0.0331185907125473,"1433,2342,2214,1305,1177,1431,2098,1438,809,3097,845,681,1432,1534,1537,553",24.584747314453125,,,,,0,41.0732307434082,46.958377838134766,81.0296401977539,102.08943176269531,"0.054,0.529,1.099,0.512,0.471,0.592,0.666,0.659",1424.491455078125,2471.87451171875,"19.84,361.4,8325,315.8,296.3,498.6,719.7,859",14.35411262512207,20.92165756225586,"7.27,9.251,40.11,9.734,9.999,11.4,13.04,14.02","0.6883,2.843,15.44,2.938,2.859,3.796,4.665,5.343","2.974,3.909,14.73,4.108,4.167,4.933,5.716,6.579",2276,0.002508389763534069,1838,0.0021898618433624506,"3650,2888,3030,2632,3906,2760,2774,3016",0.19388379156589508,0.513458251953125,0.58599853515625,"0.833,1.07,0.95,0.94,0.823,1.01,0.93,0.916","1.64,1.45,1.43,1.43,1.42,1.41,1.38,1.36","-0.143,0.138,-0.14,0.154,-0.157,0.156,-0.142,0.161","-0.152,0.152,-0.152,0.152,-0.152,0.152,-0.152,0.152","-0.147,0.148,-0.158,0.161,-0.135,0.174,-0.174,0.158",0.3046875,0.34354954957962036,1,0.14317920804023743,0.15683087706565857
29,gate_proj,gptq,12288,4096,0,0.0020684401194254556,0.001500864823659261,833.6770451785533,0.022244493585565583,3017.89453125,2215.76611328125,675.7339477539062,1697.967529296875,1248.48095703125,1415.726318359375,0.8942105770111084,832.4147338867188,0.09449663758277893,"1924,1114,3780,1989,1134,1231,989,552,3470,2637,2573,809,1222,3179,243,248",198.0908660888672,,,,,0,468.3850402832031,547.9866333007812,566.2632446289062,712.5223388671875,"1.103,1.064,1.073,0.795,0.789,0.787,0.722,0.718",2326.857421875,2837.64794921875,"167.8,4253,2551,2442,2198,2556,2222,2225",30.540557861328125,35.61248016357422,"11.08,37.78,29.34,33.22,32.04,34.22,33.2,33.45","8.616,28.81,22.6,22.04,21.15,22.61,21.02,21.11","8.205,27.93,21.82,24.72,23.82,25.48,24.75,24.91",10854,0.0007147677824832499,11867,0.001974402228370309,"4081,1134,1222,1794,809,994,1214,989",0.10137413442134857,0.3320821225643158,0.2992045283317566,"3.03,3.58,3.4,3.04,3.51,3.18,3.36,3.88","3.85,3.49,2.88,2.73,2.73,2.65,2.28,2.05","-0.0149,0.0505,0.0422,-0.0417,-0.0598,-0.0913,0.155,-0.0496","0,0.0444,0.0444,-0.0444,-0.0444,-0.0887,0.133,-0.0444","0,0.0441,0,-0.0475,-0.0645,-0.0992,0.175,-0.0331",0.72265625,0.6214585900306702,1,0.5655267238616943,0.7340518236160278
29,up_proj,gptq,12288,4096,0,0.0020488897959391275,0.001460413138071696,842.4094027588799,0.019960787486871627,3286.14501953125,2444.02490234375,753.576904296875,1825.30322265625,1337.987548828125,1536.0322265625,0.8942105770111084,841.402099609375,0.06344346702098846,"1924,1114,3780,1989,1134,1231,989,3470,552,2637,809,2573,1222,3179,243,248",198.0908660888672,,,,,0,498.52734375,597.0929565429688,605.4492797851562,768.5697021484375,"0.913,1.050,1.033,0.783,0.755,0.770,0.717,0.708",2326.857421875,2837.64794921875,"167.8,4253,2551,2442,2198,2556,2222,2225",30.540557861328125,35.61248016357422,"11.08,37.78,29.34,33.22,32.04,34.22,33.2,33.45","8.19,30,23.18,22.8,21.66,23.37,21.77,21.78","8.573,29.27,22.8,25.78,24.93,26.62,25.72,25.89",1758,0.0004910240531899035,456,0.0008305244264192879,"4081,1134,1222,1794,809,994,1214,989",0.0660204365849495,0.3998515009880066,0.4567362666130066,"2.17,2.42,2.5,2.63,2.63,2.25,2.28,2.3","3.85,3.49,2.88,2.73,2.73,2.65,2.28,2.05","0.00787,0.00983,0.00754,-0.000313,-0.0134,0.0178,0.0398,-0.00162","0,0,0,0,-0.0216,0,0.0432,0","0,0,0,0,-0.0259,0.022,0.028,0",0.09814453125,0.1100965216755867,1,0.48005616664886475,0.20667745172977448
29,down_proj,gptq,4096,12288,0,0.0019979079564412436,0.0014437238375345867,1844.9234281191034,0.04431413427335488,4350.3984375,2439.0146484375,873.52197265625,2097.99658203125,1749.396484375,1385.682861328125,0.3516973555088043,1841.77197265625,0.12196070700883865,"1341,240,6796,3500,598,9833,4350,10709,7844,9673,4428,7993,11741,294,76,2895",132.5300750732422,,,,,0,582.2236938476562,485.72186279296875,860.3911743164062,732.851318359375,"1.160,1.691,1.205,1.124,1.091,1.149,1.069,1.068",7732.015625,11052.0009765625,"69.91,1.339e+04,4191,7821,8535,1.09e+04,8291,8657",46.00570297241211,58.32597351074219,"4.462,55.39,35.38,50.97,53.45,58.63,54.4,55.37","2.178,31.76,17.58,24.24,24.97,28.54,25.3,25.88","2.023,24.42,16.01,22.86,23.9,26.62,24.47,25.05",1838,0.0017920229583978653,1838,0.007786949165165424,"6269,6796,294,8339,11180,6212,993,7901",0.1980707049369812,0.429840087890625,0.429443359375,"1.81,1.18,0.921,1.52,1.72,1.73,1.83,1.57","8.16,6.74,5.96,5.95,4.84,4.75,4.38,4.27","-0.061,-0.621,-0.377,0.314,-0.0742,-0.063,0.112,-0.152","-0.0419,-0.563,-0.375,0.279,-0.0526,-0.0654,0.104,-0.186","-0.0709,-0.532,-0.352,0.27,-0.139,-0.0709,0.113,-0.139",0.65625,0.7500000596046448,1,1.056864857673645,2.108962297439575
30,q_proj,gptq,4096,4096,0,0.0020540356636047363,0.0014867782592773438,345.0241298812325,0.031846366898822843,993.1295166015625,691.761474609375,1375.9039306640625,5487.076171875,3065.31689453125,5958.0556640625,0.7322375178337097,343.4137268066406,0.20962142944335938,"1214,994,445,923,1773,3522,3402,2613,822,2532,729,3450,2001,3828,2548,2619",490.741943359375,,,,,0,1248.1494140625,2867.10546875,1295.8681640625,2887.966064453125,"0.389,0.620,0.594,0.365,0.369,0.360,0.341,0.352",1928.3846435546875,2376.617919921875,"183.2,3670,2122,1981,1736,2115,1796,1825",130.01217651367188,132.91265869140625,"50.8,150.2,147.9,146,132.2,143.1,135.7,134.3","10.6,47.12,45.73,35.59,32.42,34.75,31.79,32.03","16.99,59.83,59.32,58.86,53.37,57.96,54.47,53.95",3426,0.01406656950712204,1506,0.01258380338549614,"994,1838,1214,2276,923,270,729,2613",1.0322744846343994,0.54779052734375,0.6337890625,"1.68,1.03,1.32,0.819,1.12,1.69,1.89,1.49","61.1,51,31.9,27.3,26.5,16.5,15.4,14.7","-0.275,-0.0991,0.202,-0.0889,0.0884,-0.273,0.112,-0.053","-0.313,-0.104,0.209,-0.104,0.104,-0.313,0.104,0","-0.236,-0.129,0.182,-0.0597,0.0787,-0.312,0.147,-0.0555",0.365234375,0.3130580484867096,7,3.8453574180603027,2.061962842941284
30,k_proj,gptq,1024,4096,0,0.002033710479736328,0.001493215560913086,97.78896908589377,0.037429963583893736,255.29934692382812,176.2255096435547,363.79364013671875,1461.929443359375,871.5003662109375,1601.611572265625,0.7322375178337097,97.43125915527344,0.2452174574136734,"1214,994,445,923,3522,1773,3402,2613,822,2532,729,2548,3450,3828,2001,2619",490.741943359375,,,,,0,351.4336242675781,775.8695068359375,361.99383544921875,782.9105834960938,"0.406,0.612,0.728,0.375,0.379,0.358,0.335,0.348",1928.3846435546875,2376.617919921875,"183.2,3670,2122,1981,1736,2115,1796,1825",130.01217651367188,132.91265869140625,"50.8,150.2,147.9,146,132.2,143.1,135.7,134.3","5.845,24.38,25.64,18.7,17.06,18.15,16.62,16.72","9.175,31.17,30.05,30.54,27.72,30.34,28.69,28.35",819,0.02155185304582119,702,0.011982538737356663,"994,1838,1214,2276,923,270,729,2613",1.157613754272461,0.523681640625,0.5439453125,"0.7,0.627,0.722,0.734,0.695,0.883,0.97,0.802","61.1,51,31.9,27.3,26.5,16.5,15.4,14.7","0.00824,0.00285,-0.0403,0.0162,-0.0347,-0.0161,0.0442,0.0107","0,0,-0.0711,0,0,0,0,0","0,0,-0.0345,0.0188,0,-0.0287,0.0511,0.0179",0.2490234375,0.2134486734867096,5,2.5041043758392334,0.5251871943473816
30,v_proj,gptq,1024,4096,0,0.002031564712524414,0.0014553070068359375,112.10983303201374,0.0302680355491832,336.6627197265625,271.14874267578125,464.85931396484375,1449.8316650390625,902.530517578125,1341.20068359375,0.7322375178337097,110.9810562133789,0.1147715151309967,"3402,1214,196,3522,3146,282,822,2624,3822,959,2832,2886,2660,1785,382,368",490.741943359375,,,,,0,351.21563720703125,596.2424926757812,395.0790100097656,661.572265625,"1.020,0.770,0.872,0.488,0.501,0.494,0.477,0.487",1928.3846435546875,2376.617919921875,"183.2,3670,2122,1981,1736,2115,1796,1825",130.01217651367188,132.91265869140625,"50.8,150.2,147.9,146,132.2,143.1,135.7,134.3","2.328,25.24,23.45,18.81,16.79,19.05,17.49,17.68","2.305,28.77,25.11,26.93,23.73,27.11,25.32,25.34",269,0.005520896054804325,874,0.006974361836910248,"994,1838,1214,2276,923,270,729,2613",0.28218621015548706,0.90234375,0.958984375,"0.128,0.115,0.147,0.0714,0.158,0.128,0.238,0.212","61.1,51,31.9,27.3,26.5,16.5,15.4,14.7","0.00198,0.00066,-0.00346,-0.000462,-0.00406,0.00354,0.00389,-0.000618","0,0,0,0,0,0,0,0","0,0,0,0,0,0,0,0",0.208984375,0.17069000005722046,3,1.247887134552002,0.6194879412651062
30,o_proj,gptq,4096,4096,0,0.0021329522132873535,0.0014850497245788574,382.3345098338341,0.032049633769716125,1133.024658203125,683.2786865234375,181.44200134277344,567.9533081054688,189.9466552734375,245.18824768066406,0.7578842043876648,381.79974365234375,0.042163219302892685,"1020,892,764,636,10,1594,394,138,1722,1978,1850,266,4050,2301,2261,2220",80.00181579589844,,,,,0,71.27619171142578,100.19947052001953,97.96064758300781,141.34222412109375,"0.092,0.851,0.731,0.781,0.789,0.680,0.655,0.693",1345.5169677734375,1729.62353515625,"31.67,1166,592.6,1531,2441,1526,1599,1877",23.481752395629883,28.07737922668457,"10.85,18.51,18.45,21.46,32.85,27.37,28.57,29.8","1.35,6.747,6.343,7.653,11.62,9.479,9.424,10.5","4.444,7.315,7.42,8.661,13.09,11.49,11.65,12.62",1924,0.0016232883790507913,2583,0.0028819027356803417,"2261,2133,2674,2429,2557,2657,2596,2623",0.049299973994493484,0.44964599609375,0.463897705078125,"0.894,0.894,0.957,1.05,1.04,1.4,1.72,1.47","5.05,3.17,2.61,2.52,2.48,2.48,2.37,2.17","-0.0645,-0.0723,0.0261,0.0245,0.0522,0.0265,0.0342,0.0747","-0.0502,-0.1,0.0502,0,0.0502,0.0502,0.0502,0.08","-0.0502,-0.082,0.0488,0.035,0.0496,0.0488,0.0488,0.0977",0.17578125,0.2008928656578064,1,0.4683237075805664,0.14661769568920135
30,gate_proj,gptq,12288,4096,0,0.0020644068717956543,0.0014974276224772136,817.7539832328912,0.022030181878565206,2986.02197265625,2190.750244140625,714.7656860351562,1826.3211669921875,1407.842041015625,1541.8583984375,0.8689761161804199,816.0965576171875,0.08798367530107498,"1924,1989,1114,1134,1231,3780,552,1222,989,2573,3470,243,2641,809,3846,2637",155.21092224121094,,,,,0,517.6759033203125,590.28369140625,627.0919189453125,765.0043334960938,"1.110,1.117,1.068,0.824,0.793,0.798,0.728,0.726",2400.294189453125,2966.19189453125,"171.8,4694,2610,2451,2189,2616,2211,2260",31.856056213378906,37.066619873046875,"11.78,40.83,30.83,34.23,33.05,35.53,34.04,34.56","9.115,31.75,23.56,22.85,21.74,23.56,21.6,21.87","8.654,30.05,22.8,25.17,24.41,26.37,25.32,25.67",1179,0.0011245269561186433,7619,0.0017237599240615964,"4081,1134,1794,1222,809,994,1214,2421",0.10354676097631454,0.3588969111442566,0.3245442807674408,"2.86,3.59,3.07,3.36,3.44,3.11,3.4,3.03","4.29,4.03,3.07,2.95,2.78,2.53,2.15,2.05","-0.0518,0.0718,-0.0291,0.0247,-0.03,-0.0781,0.149,0.0469","-0.0427,0.0854,-0.0427,0,-0.0427,-0.0537,0.128,0.0427","-0.0787,0.0843,-0.0254,0,0,-0.0533,0.171,0.0502",0.546875,0.5291449427604675,1,0.7290491461753845,0.8926888108253479
30,up_proj,gptq,12288,4096,0,0.0020559231440226236,0.0014515916506449382,852.6997486520559,0.0199039080585312,3333.74169921875,2479.2861328125,816.2987060546875,2025.511962890625,1527.06591796875,1723.326416015625,0.8689761161804199,851.6911010742188,0.06114041432738304,"1924,1989,1134,1114,1231,3780,552,1222,989,3470,2573,243,809,2641,3846,2637",155.21092224121094,,,,,0,557.4915771484375,657.9158325195312,682.8446655273438,853.1820068359375,"0.931,1.069,1.047,0.793,0.753,0.778,0.718,0.715",2400.294189453125,2966.19189453125,"171.8,4694,2610,2451,2189,2616,2211,2260",31.856056213378906,37.066619873046875,"11.78,40.83,30.83,34.23,33.05,35.53,34.04,34.56","8.863,32.93,24.29,23.75,22.47,24.55,22.62,22.87","9.184,31.85,23.74,26.66,25.9,27.83,26.7,27.05",3557,0.0007519277278333902,725,0.0008993147639557719,"4081,1134,1794,1222,809,994,1214,2421",0.07249905169010162,0.4177042841911316,0.4642435908317566,"2.31,2.5,2.66,2.56,2.73,2.29,2.28,2.32","4.29,4.03,3.07,2.95,2.78,2.53,2.15,2.05","-0.0245,-0.00482,0.00169,0.00732,-0.0247,-0.0137,-0.016,-0.0121","-0.0254,0,0,0,-0.0254,-0.0273,-0.0254,0","0,0,0,0,-0.0275,0,0,0",0.28515625,0.24426086246967316,1,0.6161019802093506,0.44692376255989075
30,down_proj,gptq,4096,12288,0,0.002013127009073893,0.0014519492785135906,1810.0078819066985,0.04277715134069585,4352.7587890625,2476.16162109375,1177.9859619140625,2942.6220703125,2167.12060546875,1740.44580078125,0.4680003225803375,1807.1806640625,0.10829926282167435,"648,380,6581,4503,4828,7696,8428,7927,10285,6695,818,1050,1869,6631,1938,11594",255.24681091308594,,,,,0,735.4791259765625,650.3795166015625,1079.762451171875,936.4008178710938,"1.152,1.557,1.224,1.071,1.009,1.154,0.971,0.991",7079.21923828125,9906.4716796875,"64.01,1.239e+04,4166,7008,8402,9581,7306,7713",51.85588073730469,64.8786849975586,"5.059,63.9,36.15,56.97,63.18,64.05,62.22,63.32","2.486,35.64,19.29,27.01,29.33,31.62,28.2,29.16","2.316,28.56,17.43,26.1,29.2,29.44,28.63,29.29",2276,0.005456018261611462,1838,0.019436035305261612,"2879,6695,7696,380,7353,10950,10436,4268",0.16845005750656128,0.48590087890625,0.488250732421875,"1.61,1.1,0.996,1.19,1.79,1.31,1.67,1.64","11.9,11.7,8.34,7.37,5.73,5.11,4.79,4.76","0.115,-0.504,0.498,0.625,0.0146,0.221,0.0562,-0.00861","0.0846,-0.531,0.531,0.531,0,0.266,0.0746,0.0508","0.121,-0.576,0.427,0.536,0,0.189,0.0399,0",0.9296875,0.796875,2,2.1661815643310547,3.297069549560547
31,q_proj,gptq,4096,4096,0,0.002050340175628662,0.0014837384223937988,378.58382539090235,0.03449476867534178,1033.1956787109375,683.9874877929688,1759.351318359375,7364.857421875,4030.622802734375,8345.8154296875,0.6950201392173767,377.00909423828125,0.23524466156959534,"994,1214,445,1773,3522,2532,3402,2613,923,3450,2548,729,2619,2001,822,3666",374.8565979003906,,,,,0,1648.2667236328125,4000.52490234375,1676.9024658203125,3974.513671875,"0.482,0.566,0.543,0.345,0.354,0.346,0.324,0.330",1833.922119140625,2259.41455078125,"179.1,3733,1964,1844,1621,1984,1660,1686",152.7908477783203,154.44583129882812,"49.52,184.7,179.4,174,153.6,169,157.1,155","11.9,55.18,52.82,40.67,36.54,40.14,36.17,36.07","17.15,73.33,71.67,69.19,61.38,68.26,63.55,62.79",1909,0.007132438942790031,2628,0.009363215416669846,"994,1838,1214,923,2276,729,2613,270",0.8506573438644409,0.499298095703125,0.6131591796875,"1.61,1.13,1.35,1.15,0.86,1.63,1.35,1.71","76.1,50.6,37.2,30.7,27.6,22.1,20.1,20","0.0302,-0.00995,0.0342,0.0156,-0.00775,-0.0608,0.0284,-0.0408","0,0,0.0656,0,0,-0.0656,0,-0.0656","0.0239,0,0.0276,0.0239,0,-0.0624,0.0212,-0.0467",0.2294921875,0.1967076063156128,1,3.0862181186676025,0.48495665192604065
31,k_proj,gptq,1024,4096,0,0.002050161361694336,0.0014882087707519531,118.31662027582934,0.04839734000559816,267.7092590332031,168.2506866455078,502.447509765625,1882.4720458984375,1313.7164306640625,2199.40234375,0.6950201392173767,117.98516845703125,0.2951030135154724,"1214,445,994,1773,2532,3522,923,3402,2613,729,2619,3450,2548,3666,2854,2001",374.8565979003906,,,,,0,538.6873779296875,1086.574951171875,532.976318359375,1037.3795166015625,"0.553,0.636,0.707,0.429,0.401,0.415,0.379,0.395",1833.922119140625,2259.41455078125,"179.1,3733,1964,1844,1621,1984,1660,1686",152.7908477783203,154.44583129882812,"49.52,184.7,179.4,174,153.6,169,157.1,155","6.778,30.64,31.97,23.53,20.38,22.6,20.28,20.29","9.111,38.43,38.01,35.94,32.17,35.1,32.95,32.3",946,0.018161598592996597,1018,0.012934201397001743,"994,1838,1214,923,2276,729,2613,270",1.1202784776687622,0.511474609375,0.5166015625,"0.706,0.626,0.701,0.741,0.755,0.956,0.771,0.854","76.1,50.6,37.2,30.7,27.6,22.1,20.1,20","0.0298,-0.00424,0.00409,0.0206,0.000225,-0.121,-0.00111,0.0157","0,0,0,0,0,-0.147,0,0","0.0583,0,0,0,0,-0.104,0,0.0204",0.2578125,0.2946428656578064,1,2.745962381362915,1.7946243286132812
31,v_proj,gptq,1024,4096,0,0.0020422935485839844,0.0014536380767822266,142.5470438622724,0.03680754833114926,377.089111328125,273.41143798828125,660.067138671875,1879.412841796875,1387.10107421875,1803.4591064453125,0.6950201392173767,140.98855590820312,0.1495082527399063,"3402,3522,1214,3146,2624,282,196,368,51,3828,3992,822,361,171,1274,2192",374.8565979003906,,,,,0,567.6041259765625,801.3941650390625,588.0045166015625,876.5548095703125,"0.952,0.958,1.048,0.591,0.595,0.569,0.540,0.546",1833.922119140625,2259.41455078125,"179.1,3733,1964,1844,1621,1984,1660,1686",152.7908477783203,154.44583129882812,"49.52,184.7,179.4,174,153.6,169,157.1,155","2.964,32.59,31.78,23.75,20.7,23.56,21.35,21.36","3.038,33.3,31.05,30.9,26.84,31.22,29.05,28.9",917,0.009438954293727875,461,0.006750745698809624,"994,1838,1214,923,2276,729,2613,270",0.3365212380886078,0.9171142578125,0.96923828125,"0.128,0.113,0.153,0.161,0.0796,0.246,0.207,0.138","76.1,50.6,37.2,30.7,27.6,22.1,20.1,20","0.00909,-0.000196,-0.0104,0.0062,0.00179,-0.0303,-0.0148,-0.00206","0,0,0,0,0,-0.0446,0,0","0,0,0,0,0,-0.0246,-0.0287,0",0.15625,0.1339285671710968,2,2.011457681655884,1.4755610227584839
31,o_proj,gptq,4096,4096,0,0.002098381519317627,0.0014730095863342285,424.6660422833402,0.03400559401035111,1196.95068359375,717.6756591796875,194.7169952392578,570.30712890625,398.98419189453125,436.63214111328125,0.6373664736747742,423.82427978515625,0.035391055047512054,"3230,4061,3486,3430,2052,3933,3860,3988,3435,3371,2308,480,3440,2180,2127,2511",50.129974365234375,,,,,0,101.60819244384766,126.4828872680664,144.32229614257812,172.3313751220703,"0.086,0.822,1.127,0.601,0.696,0.655,0.763,0.691",1528.681640625,2307.54541015625,"25.22,4862,2635,520.9,1063,956.8,1160,1006",25.70855712890625,29.53689956665039,"9.947,44.31,34.41,17.39,25.61,23.74,25.38,24.88","1.193,16.05,14.56,5.595,9.001,8.172,9.467,8.56","4.072,17.7,13.71,7.219,10.79,10.1,10.84,10.3",2276,0.0019116427283734083,1838,0.007658177521079779,"2052,2180,2308,2436,2441,2057,2313,1261",0.08517830073833466,0.503173828125,0.518890380859375,"0.914,0.924,0.833,0.868,1.14,1.23,1.04,1.36","3.17,2.84,2.59,2.44,2.19,2.14,2.12,2.07","0.217,0.207,0.211,0.226,0.146,0.164,0.184,0.0947","0.223,0.223,0.223,0.223,0.148,0.148,0.223,0.121","0.186,0.177,0.181,0.193,0.129,0.186,0.181,0.0815",0.33203125,0.2794860601425171,2,0.39356398582458496,0.8767457008361816
31,gate_proj,gptq,12288,4096,0,0.0020639896392822266,0.0014978647232055664,790.3889825256774,0.02165588556440471,2926.708984375,2152.877685546875,736.3326416015625,1838.386962890625,1483.4881591796875,1605.690185546875,0.8529592752456665,788.997314453125,0.08565091341733932,"1924,1989,1134,1231,1114,552,3780,989,1222,3846,809,243,2641,3179,549,3470",113.59999084472656,,,,,0,530.4342651367188,609.2246704101562,651.8240356445312,782.3208618164062,"1.124,1.077,1.043,0.801,0.778,0.812,0.731,0.728",2422.6953125,3017.2685546875,"179.4,5127,2566,2398,2135,2599,2173,2204",32.73785400390625,37.79460525512695,"12.97,44.26,31.39,34.74,33.43,35.86,34.39,34.85","10.04,33.2,23.41,22.74,21.63,23.71,21.65,21.84","9.471,31.99,22.92,25.4,24.53,26.32,25.31,25.6",10650,0.0010991777526214719,10650,0.0020516931544989347,"1134,4081,1794,1222,809,994,3030,1114",0.11613857746124268,0.3410848081111908,0.309051513671875,"3.59,2.91,3.09,3.35,3.44,3,3.35,3.71","4.61,4.43,3.44,2.94,2.62,2.24,2.21,2.03","0.052,-0.0398,0.0216,-0.0236,-0.0286,-0.153,-0.0474,0.0723","0.0843,0,0,0,0,-0.169,-0.0843,0.0843","0.065,0,0.0405,0,0,-0.108,-0.0678,0.065",0.8125,0.7303758263587952,1,0.7171615958213806,1.1111342906951904
31,up_proj,gptq,12288,4096,0,0.002054572105407715,0.001450181007385254,856.6371311596595,0.01969796913171688,3378.1337890625,2518.433349609375,867.7348022460938,2112.8662109375,1675.73046875,1855.8953857421875,0.8529592752456665,855.1353759765625,0.06027130410075188,"1924,1989,1134,1231,1114,552,3780,1222,989,3846,809,2641,243,3470,3179,2573",113.59999084472656,,,,,0,596.066162109375,702.2222290039062,737.3849487304688,902.13037109375,"0.931,1.039,1.046,0.783,0.758,0.797,0.720,0.715",2422.6953125,3017.2685546875,"179.4,5127,2566,2398,2135,2599,2173,2204",32.73785400390625,37.79460525512695,"12.97,44.26,31.39,34.74,33.43,35.86,34.39,34.85","9.856,35,24.96,24.21,22.93,25.26,23.08,23.26","10.22,34.34,24.41,27.35,26.34,28.3,27.19,27.5",10650,0.0008389223366975784,3012,0.0009799277177080512,"1134,4081,1794,1222,809,994,3030,1114",0.08123791217803955,0.4010518491268158,0.4417826533317566,"2.46,2.27,2.69,2.63,2.77,2.37,2.98,2.24","4.61,4.43,3.44,2.94,2.62,2.24,2.21,2.03","-0.0432,0.085,0.0859,0.0374,-0.0249,-0.136,-0.0386,0.0781","-0.0714,0.0714,0.0714,0.0714,0,-0.139,-0.0714,0.0714","-0.0508,0.0633,0.0958,0.0714,0,-0.15,-0.0605,0.102",0.46484375,0.4865804612636566,1,0.6641438603401184,0.8214167356491089
31,down_proj,gptq,4096,12288,0,0.0020154317220052085,0.0014435847600301106,1745.9760915782572,0.04038017008912728,4326.59326171875,2520.52490234375,1470.60205078125,3772.71044921875,2823.82470703125,2262.05712890625,0.9535977244377136,1742.8106689453125,0.0869908407330513,"5473,9339,1624,8687,4997,1115,8166,10362,7073,10306,11729,3323,4734,9651,10350,1906",1226.7301025390625,,,,,0,866.80126953125,742.0148315429688,1344.1474609375,1195.2265625,"1.229,1.513,1.274,1.132,1.056,1.125,1.007,1.028",6302.4560546875,9797.99609375,"64.4,1.268e+04,2898,6074,6766,8405,6265,7271",55.01078414916992,72.65225982666016,"5.742,75.99,36.97,58.54,63.47,68.48,63.79,67.09","2.932,42.5,19.35,28.73,29.87,33.86,29.56,31.75","2.645,34.55,17.14,27,29.08,31.92,29.45,31.32",1838,0.0027089810464531183,2276,0.009880767203867435,"5473,8687,12007,3258,7328,11041,11312,4720",0.1425643116235733,0.390625,0.39654541015625,"1.01,1.32,1.81,1.53,1.97,1.8,2.05,1.7","17.3,7.2,5.01,4.35,4.01,3.81,3.39,3.37","0.229,0.695,0.0786,0.451,0.008,0.144,-0.0444,0.222","0.199,0.596,0.0534,0.397,0,0.131,-0.0622,0.199","0.196,0.596,0.137,0.452,0,0.146,0,0.208",0.70703125,0.685761570930481,1,1.5548852682113647,1.7685068845748901
32,q_proj,gptq,4096,4096,0,0.002044498920440674,0.001479804515838623,375.0978940220957,0.034555643004774185,1028.981201171875,705.097900390625,2536.18310546875,10652.904296875,5779.626953125,11867.5361328125,0.7600231766700745,373.45782470703125,0.20751513540744781,"994,1214,445,1773,3522,3666,2613,3402,923,2532,368,3450,729,2001,822,2548",721.4010620117188,,,,,0,2356.339599609375,5699.5009765625,2397.047607421875,5694.5546875,"0.425,0.568,0.559,0.342,0.356,0.352,0.325,0.326",1819.8797607421875,2235.344482421875,"185.4,3885,1940,1817,1576,1934,1595,1627",180.974609375,184.7597198486328,"63.9,210.7,211.6,205.2,183.9,199.6,187.5,185.4","14.14,64.65,64.33,48.69,43.93,48.11,43.35,42.87","21.68,85.74,86.06,83.3,73.67,81.12,76.02,75.12",1011,0.008582254871726036,2781,0.006910410709679127,"1838,994,1214,2276,923,270,2613,729",0.9016789197921753,0.5155029296875,0.623199462890625,"1,1.64,1.32,0.676,1.15,1.64,1.44,1.75","83.2,83.1,38.1,35,33.2,25,24.2,23.9","-0.000477,-0.0435,-0.0195,-0.00166,0.0227,0.0291,0.0145,0.00427","0,-0.0753,0,0,0,0,0,0","0,-0.0505,-0.019,0,0.0253,0.0333,0.0202,0",0.263671875,0.2260044813156128,1,4.070057392120361,1.4521970748901367
32,k_proj,gptq,1024,4096,0,0.0020456314086914062,0.0014503002166748047,106.35267175889749,0.04301194873292973,256.3933410644531,170.57568359375,675.4954223632812,2622.25146484375,1689.66845703125,2884.6591796875,0.7600231766700745,105.87785339355469,0.2737196981906891,"994,1214,445,3666,3522,3402,2613,1773,923,2532,368,729,822,3450,2001,2619",721.4010620117188,,,,,0,697.919189453125,1372.962890625,697.1126708984375,1388.872314453125,"0.481,0.706,0.758,0.423,0.401,0.416,0.373,0.375",1819.8797607421875,2235.344482421875,"185.4,3885,1940,1817,1576,1934,1595,1627",180.974609375,184.7597198486328,"63.9,210.7,211.6,205.2,183.9,199.6,187.5,185.4","7.942,35.38,36.96,26.5,22.86,25.45,22.72,22.67","11.45,42.12,42.45,40.76,36.12,39.45,37.2,37.02",382,0.02337462827563286,179,0.010206242091953754,"1838,994,1214,2276,923,270,2613,729",1.3042200803756714,0.48388671875,0.5279541015625,"0.53,0.727,0.753,0.763,0.746,0.911,0.85,0.98","83.2,83.1,38.1,35,33.2,25,24.2,23.9","-0.0275,-0.0371,0.0762,-0.0386,0.0645,0.0476,0.00522,-0.0601","0,-0.072,0.072,-0.072,0.072,0,0,-0.072","-0.0293,-0.0455,0.0982,-0.0258,0.0682,0.0379,0,-0.0695",0.251953125,0.2159598171710968,1,3.494925022125244,1.5414936542510986
32,v_proj,gptq,1024,4096,0,0.0020761489868164062,0.0014102458953857422,141.08265232776102,0.03725098347731101,373.57562255859375,286.808349609375,963.357421875,2866.574462890625,1991.1094970703125,2794.73095703125,0.7600231766700745,139.46701049804688,0.15560190379619598,"3402,382,3146,2624,822,361,2192,196,1214,3992,2209,3522,51,1274,368,282",721.4010620117188,,,,,0,807.4801025390625,1223.068115234375,853.97216796875,1365.200439453125,"1.010,0.898,0.970,0.562,0.539,0.537,0.506,0.506",1819.8797607421875,2235.344482421875,"185.4,3885,1940,1817,1576,1934,1595,1627",180.974609375,184.7597198486328,"63.9,210.7,211.6,205.2,183.9,199.6,187.5,185.4","4.033,38.12,38.36,28.31,24.59,28.32,25.67,25.53","4.014,40.23,38.95,37.78,33.49,38.65,36.07,35.9",188,0.007978458888828754,569,0.008084109984338284,"1838,994,1214,2276,923,270,2613,729",0.3067108988761902,0.8616943359375,0.962890625,"0.131,0.134,0.172,0.068,0.174,0.145,0.232,0.216","83.2,83.1,38.1,35,33.2,25,24.2,23.9","-0.000687,-0.00577,0.0148,-0.00053,0.000284,-0.0023,0.00513,-0.000744","0,0,0,0,0,0,0,0","0,0,0.0259,0,0,0,0,0",0.2109375,0.24466297030448914,1,2.1960175037384033,0.8983007073402405
32,o_proj,gptq,4096,4096,0,0.002104520797729492,0.0014800429344177246,384.7550114488404,0.03123035716652728,1160.86279296875,707.8505859375,224.73597717285156,762.455810546875,755.4268798828125,792.785400390625,0.4227474629878998,383.7629089355469,0.02861246094107628,"3889,1080,3761,4017,2713,1997,3846,3967,437,347,1869,962,1522,2897,1119,1099",37.2428092956543,,,,,0,141.0928955078125,150.33346557617188,267.8265380859375,314.7728271484375,"0.107,1.132,0.965,1.031,1.020,0.775,0.795,0.742",2878.65673828125,4520.3447265625,"38.89,9274,4988,1554,2329,1569,1671,1605",28.635236740112305,40.1693000793457,"12.22,44.3,35.05,21.79,28.1,28.4,29.32,29.9","1.593,19.75,14.36,8.671,11.6,10.11,10.52,10.36","4.869,18.57,14.62,8.537,11.48,11.49,11.8,12.03",1838,0.0028138274792581797,113,0.0018780225655063987,"2707,3854,2746,3982,3598,3726,2771,2791",0.050739873200654984,0.370941162109375,0.350006103515625,"1.5,0.87,1.47,1.57,1.44,1.62,1.54,1.62","2.45,2.4,2.39,2.38,2.27,2.22,2.21,2.2","0.0205,-0.148,0.0278,-0.285,-0.15,-0.167,-0.146,-0.085","0,-0.206,0,-0.206,-0.206,-0.103,-0.164,-0.103","0,-0.15,0.0522,-0.35,-0.179,-0.164,-0.157,-0.104",0.61328125,0.5425684452056885,1,0.6150630116462708,0.33103325963020325
32,gate_proj,gptq,12288,4096,0,0.0020571152369181314,0.0015087723731994629,759.5478449380316,0.021296330286132367,2864.27099609375,2124.8251953125,779.015380859375,1932.560546875,1600.30126953125,1725.905517578125,0.8147043585777283,758.3907470703125,0.08416324853897095,"1924,1134,1989,3780,3846,1231,552,1222,2641,1114,809,549,1794,3470,1889,989",126.93115234375,,,,,0,561.52587890625,647.8592529296875,695.3665771484375,830.7993774414062,"1.163,1.034,1.059,0.806,0.782,0.810,0.724,0.721",2413.252685546875,3041.8154296875,"184.7,5198,2579,2389,2116,2569,2113,2158",33.9588623046875,39.13854217529297,"14.71,46.23,32.82,35.69,34.34,36.87,35.23,35.77","11.5,34.07,24.5,23.38,22.12,24.24,21.95,22.21","10.66,33.51,23.81,26.04,25.02,26.94,25.81,26.15",10648,0.0008412956376560032,11209,0.002180814743041992,"4081,1134,1794,1222,994,809,201,3030",0.1272924244403839,0.3582763671875,0.3233642578125,"2.84,3.61,3.05,3.27,2.98,3.33,3.23,3.27","5.5,4.67,3.82,3.05,2.49,2.34,2.29,2.27","-0.0688,0.0903,-0.0251,-0.0417,-0.126,0.012,0.0398,-0.00534","-0.0608,0.0608,0,-0.0608,-0.105,0,0.0608,0","-0.067,0.108,-0.0219,-0.0706,-0.144,0,0.0502,0",0.57421875,0.4919094443321228,1,0.6416156888008118,0.3514676094055176
32,up_proj,gptq,12288,4096,0,0.002061784267425537,0.0014501611391703288,841.0535011560423,0.019241462626321426,3380.146484375,2533.13720703125,938.2229614257812,2276.04638671875,1847.78955078125,2040.527587890625,0.8147043585777283,840.0515747070312,0.06145619601011276,"1134,1924,1989,3780,3846,1231,552,1222,1794,2641,1114,809,3470,549,1889,989",126.93115234375,,,,,0,649.6528930664062,758.5206298828125,803.6026000976562,982.2888793945312,"0.935,1.048,1.027,0.808,0.770,0.797,0.717,0.716",2413.252685546875,3041.8154296875,"184.7,5198,2579,2389,2116,2569,2113,2158",33.9588623046875,39.13854217529297,"14.71,46.23,32.82,35.69,34.34,36.87,35.23,35.77","11.29,37.03,26.08,25.26,23.76,26.09,23.69,23.96","11.67,36.16,25.73,28.1,27.08,29.23,27.99,28.32",2222,0.0007682821014896035,5051,0.0006775471265427768,"4081,1134,1794,1222,994,809,201,3030",0.09028447419404984,0.4102681577205658,0.443389892578125,"2.33,2.49,2.71,2.66,2.41,2.88,2.63,3","5.5,4.67,3.82,3.05,2.49,2.34,2.29,2.27","-0.0199,-0.0718,0.0605,-0.0264,-0.00433,0.0208,-0.0352,0.0172","0,-0.119,0,0,0,0,0,0","0,-0.0628,0.0661,-0.0349,0,0.0163,-0.0416,0",0.41796875,0.3582589626312256,1,0.6586349606513977,0.25769975781440735
32,down_proj,gptq,4096,12288,0,0.002017716566721598,0.0014390945434570312,1830.5105380814348,0.04231391110298067,4416.06494140625,2526.356689453125,1816.52587890625,4395.6748046875,3626.0283203125,2993.36279296875,0.5621452927589417,1827.638671875,0.09254448115825653,"1131,4084,1531,1243,9786,3182,3424,1560,11347,887,7339,12001,1918,327,6023,8774",104.20893096923828,,,,,0,1038.4908447265625,896.1857299804688,1697.2607421875,1526.241943359375,"1.012,1.655,1.194,1.137,1.016,1.124,0.991,0.959",6108.40576171875,9499.7373046875,"74.22,1.308e+04,3110,6034,6983,7486,5816,6281",60.515106201171875,80.5711898803711,"6.961,78.27,46.94,64.91,72.32,72.47,69,73.24","3.358,45.6,23.25,32.22,34.12,35.86,32.11,34.02","3.337,35.45,21.28,30.21,33.84,33.82,32.25,34.74",1838,0.005907063838094473,1838,0.023967884480953217,"7339,10669,3997,2172,1498,4339,6109,5869",0.14503757655620575,0.38287353515625,0.3990478515625,"1.53,1.79,1.85,1.64,1.35,1.25,1.91,1.45","14.7,8.77,6.08,6.05,6.02,5.96,5.06,4.69","-0.656,0.0217,-0.0466,0.00525,-0.153,-0.131,-0.0118,-0.469","-0.554,0,-0.0786,0,-0.277,0,0,-0.554","-0.563,0,0,0,-0.131,-0.16,0,-0.402",0.96875,1.1071429252624512,1,2.6220312118530273,5.238867282867432
33,q_proj,gptq,4096,4096,0,0.002035856246948242,0.0014832615852355957,489.7242900968995,0.046644421423832044,1133.078369140625,683.521484375,4940.65087890625,17145.828125,11159.4169921875,19510.31640625,0.6928384900093079,487.6466064453125,0.23813843727111816,"1214,445,994,1773,3666,3522,3402,2613,2532,729,3450,368,2548,2001,822,923",445.7796630859375,,,,,0,4651.865234375,9580.326171875,4633.5771484375,9194.84375,"0.592,0.669,0.619,0.402,0.406,0.417,0.399,0.393",1655.1865234375,1987.1202392578125,"183.4,3646,1790,1642,1433,1717,1409,1421",236.33279418945312,239.06137084960938,"76.6,275.1,286.7,271.8,233.9,263.3,243.6,239.6","19.52,91.84,89.81,68.7,60.07,68.03,61.4,60.07","25.37,112.3,114.1,108.4,94.27,105.4,97.2,95.8",2315,0.010890645906329155,2575,0.006120325066149235,"994,1838,1214,2276,923,729,2613,270",0.7394747734069824,0.48602294921875,0.58251953125,"1.81,1.2,1.4,0.765,1.35,1.71,1.32,1.85","110,83.6,52.8,42.3,37.4,34.7,33.4,30.9","-0.0325,-0.064,-0.0542,-0.0505,-0.000185,-0.0386,-0.042,0.0776","0,-0.109,-0.109,-0.109,0,-0.109,0,0.109","0,-0.0714,-0.067,-0.0809,0,-0.0516,-0.0611,0.102",0.3828125,0.3281250298023224,1,6.268422603607178,3.859337329864502
33,k_proj,gptq,1024,4096,0,0.002034902572631836,0.0014345645904541016,118.99461774647352,0.05678447759183933,247.95718383789062,144.3698272705078,1163.1798095703125,3830.99951171875,2777.578369140625,4492.94677734375,0.6928384900093079,118.28598022460938,0.29432541131973267,"1214,445,994,1773,3666,3522,3402,2613,2532,729,3450,368,2548,2001,2854,987",445.7796630859375,,,,,0,1224.6728515625,2199.4111328125,1117.1932373046875,2110.28369140625,"0.552,0.763,0.811,0.444,0.467,0.441,0.427,0.422",1655.1865234375,1987.1202392578125,"183.4,3646,1790,1642,1433,1717,1409,1421",236.33279418945312,239.06137084960938,"76.6,275.1,286.7,271.8,233.9,263.3,243.6,239.6","10.06,46.39,49.49,34.6,30.36,33.84,30.65,29.86","13.54,53.09,54.94,51.9,44.42,50.96,46.88,45.97",374,0.018853450194001198,1020,0.014881009235978127,"994,1838,1214,2276,923,729,2613,270",0.8152112364768982,0.4610595703125,0.48046875,"0.736,0.511,0.669,0.671,0.836,0.932,0.692,0.841","110,83.6,52.8,42.3,37.4,34.7,33.4,30.9","-0.0579,-0.00122,-0.0231,0.00739,-0.0199,-0.032,-0.0762,0.0371","-0.0661,0,0,0,0,0,-0.0661,0.0661","-0.0672,0,-0.0219,0,-0.0336,-0.03,-0.0653,0.043",0.2314453125,0.1983816921710968,2,4.1682047843933105,1.8800550699234009
33,v_proj,gptq,1024,4096,0,0.0020401477813720703,0.0014543533325195312,200.42372596540008,0.04789695346537897,455.1331787109375,303.127685546875,2097.1064453125,4851.42724609375,4187.2099609375,4799.78857421875,0.6928384900093079,199.03500366210938,0.19858185946941376,"2209,3402,3822,707,382,3534,282,1055,3146,2564,2624,3697,2696,3992,4048,1785",445.7796630859375,,,,,0,1777.1873779296875,2144.46044921875,1773.863525390625,2309.814208984375,"1.060,1.111,1.224,0.662,0.682,0.668,0.651,0.638",1655.1865234375,1987.1202392578125,"183.4,3646,1790,1642,1433,1717,1409,1421",236.33279418945312,239.06137084960938,"76.6,275.1,286.7,271.8,233.9,263.3,243.6,239.6","4.978,58.33,57.15,42.11,34.8,41.4,37.8,37.38","4.834,55.35,51.65,51.75,42.14,50.65,46.84,46.78",342,0.010205505415797234,332,0.006374301388859749,"994,1838,1214,2276,923,729,2613,270",0.26012173295021057,0.9345703125,0.9825439453125,"0.107,0.118,0.136,0.0813,0.189,0.167,0.173,0.0979","110,83.6,52.8,42.3,37.4,34.7,33.4,30.9","0.000243,0.00732,-0.000408,0.000456,0.00909,-0.00359,-0.00115,-0.00687","0,0,0,0,0,0,0,0","0,0,0,0,0,0,0,0",0.1484375,0.16072122752666473,1,3.5152792930603027,1.7883806228637695
33,o_proj,gptq,4096,4096,0,0.0020836591720581055,0.0014728903770446777,448.9334230009408,0.033765390656273105,1255.74560546875,763.8994750976562,307.7474365234375,1138.2373046875,878.3902587890625,1051.919921875,0.4834473431110382,448.1959228515625,0.03928983584046364,"829,573,957,701,3798,3126,3362,2741,1318,3510,3874,3688,3774,3490,4058,3234",50.15291213989258,,,,,0,168.4842071533203,191.94667053222656,328.1966857910156,417.8836975097656,"0.088,1.226,0.762,0.723,0.639,0.672,0.678,0.706",1661.5765380859375,3467.708984375,"31.68,6472,1647,1046,844,1026,1043,1183",30.720121383666992,41.698612213134766,"16.03,62.98,33.38,24.6,24.61,27.42,28.03,28.7","2.038,26.52,12.1,8.883,8.682,10.51,10.46,10.96","6.851,23.95,13.86,10.45,10.86,12.82,12.7,13.04",2276,0.003754415549337864,1838,0.010080575942993164,"3106,3362,3490,3234,3245,3501,3373,701",0.14493735134601593,0.581573486328125,0.59130859375,"0.898,0.974,0.968,0.947,0.973,0.948,0.987,0.951","3.85,3.82,3.4,3.34,3.09,3.05,2.85,2.78","-0.226,-0.207,-0.199,-0.215,0.236,0.223,0.237,0.211","-0.244,-0.244,-0.163,-0.244,0.244,0.163,0.244,0.244","-0.258,-0.208,-0.224,-0.203,0.203,0.224,0.208,0.208",0.416015625,0.4720070958137512,1,0.5319729447364807,0.48751285672187805
33,gate_proj,gptq,12288,4096,0,0.0020562410354614258,0.0015036463737487793,734.3699608393945,0.021032815666118875,2806.4150390625,2105.9609375,818.9838256835938,2116.103515625,1756.557373046875,1961.645263671875,0.6656050682067871,732.8238525390625,0.09102362394332886,"1134,1924,1989,3846,1114,3780,1794,2421,2652,1231,1889,1222,3470,4081,989,552",143.6345977783203,,,,,0,655.7735595703125,761.6165161132812,737.993408203125,926.6318359375,"1.188,1.047,1.022,0.781,0.747,0.773,0.689,0.674",2446.996337890625,3036.8037109375,"199.9,5464,2676,2403,2134,2532,2074,2093",37.89347839355469,41.479766845703125,"29.64,49.52,35.55,37.93,36.61,38.87,37.19,37.84","22.74,36.25,25.78,24.2,23,24.86,22.52,22.6","20.86,35.43,25.5,27.39,26.62,28.27,27.12,27.53",8717,0.0008547906763851643,8717,0.002556456718593836,"4081,1134,1794,1114,1222,994,2421,3060",0.1652967631816864,0.4108988642692566,0.3805745542049408,"2.7,3.44,3.02,3.28,3.15,2.78,2.52,3","7.43,5.21,4.68,3.1,3.03,2.75,2.69,2.55","-0.0266,0.0623,-0.0586,-0.00558,-0.0253,-0.133,0.012,0.016","-0.0444,0.0444,-0.0444,0,-0.0444,-0.161,0,0","0,0.0658,-0.0628,0,0,-0.119,0,0",0.51953125,0.5111860036849976,1,0.6725513935089111,1.3460265398025513
33,up_proj,gptq,12288,4096,0,0.002054413159688314,0.0014492472012837727,831.2050435449928,0.01898066286303089,3383.43994140625,2552.30810546875,1004.1787109375,2534.082763671875,2052.98046875,2351.4091796875,0.6656050682067871,829.7183837890625,0.07175234705209732,"1134,1924,1989,3846,1114,3780,2421,1794,2652,1231,3470,4081,1889,1222,552,989",143.6345977783203,,,,,0,757.0105590820312,918.07470703125,870.4093627929688,1108.114990234375,"0.907,0.991,1.007,0.781,0.739,0.760,0.680,0.666",2446.996337890625,3036.8037109375,"199.9,5464,2676,2403,2134,2532,2074,2093",37.89347839355469,41.479766845703125,"29.64,49.52,35.55,37.93,36.61,38.87,37.19,37.84","22.41,39.15,27.81,26.41,24.93,26.97,24.45,24.56","23.54,39.33,27.71,29.88,28.99,30.94,29.65,30.1",9606,0.0005898776580579579,9957,0.0011071275221183896,"4081,1134,1794,1114,1222,994,2421,3060",0.12737087905406952,0.46051025390625,0.4945475459098816,"2.32,2.53,2.65,2.41,2.73,2.44,2.3,2.92","7.43,5.21,4.68,3.1,3.03,2.75,2.69,2.55","-0.121,-0.022,0.0359,-0.0255,-0.0161,0.0825,0.0972,0.0457","-0.118,0,0.0589,0,0,0.0868,0.118,0.0589","-0.103,-0.0269,0.0356,-0.0269,0,0.082,0.0946,0.0366",0.2060546875,0.1766183078289032,3,0.6055482029914856,0.28244537115097046
33,down_proj,gptq,4096,12288,0,0.002018531163533529,0.0014498035113016765,1675.1476528755477,0.039439859803669736,4226.3212890625,2501.85595703125,2294.110595703125,6671.998046875,4665.544921875,4339.5712890625,0.9456996917724609,1673.098876953125,0.06721353530883789,"2729,10933,6310,5039,2938,8382,1660,11935,9706,3226,5392,612,411,8707,8383,6886",1420.1934814453125,,,,,0,1343.598876953125,1404.9931640625,2021.136474609375,2176.624267578125,"0.527,1.212,1.230,0.914,0.883,0.931,0.785,0.779",5920.21484375,8573.7578125,"156.2,1.312e+04,4842,5528,6238,6890,5041,5549",77.80388641357422,99.32058715820312,"17.81,107.5,64.22,81.93,85.96,89.8,85.59,89.63","6.306,53.68,31.45,35.65,36.75,40.26,34.93,37.09","8.69,48.77,28.36,37.29,39.11,41.73,39.44,42.01",2276,0.0017070164903998375,2276,0.011050274595618248,"10933,1660,8667,7318,3226,5852,4598,9662",0.21409952640533447,0.409576416015625,0.4447021484375,"0.983,1.26,1.67,1.84,1.33,1.36,1.73,1.65","30.9,8.71,7.71,7.65,7.3,6.55,6.42,6.19","-0.176,-0.418,-0.085,-0.0239,0.617,-0.484,0.00668,-0.0383","-0.19,-0.379,-0.105,-0.0578,0.569,-0.569,0,0","-0.151,-0.358,-0.0753,0,0.529,-0.415,0,0",0.6640625,0.7589285969734192,1,1.5184311866760254,4.111678123474121
34,q_proj,gptq,4096,4096,0,0.0020562410354614258,0.0014939308166503906,330.2046422320418,0.03233469089987687,944.0802001953125,660.2725830078125,4129.32275390625,17436.75,9965.638671875,19292.439453125,0.7725971341133118,328.1065979003906,0.2312130630016327,"1214,994,445,3666,2613,1773,3522,3402,729,368,2532,3450,270,822,923,2619",789.3810424804688,,,,,0,3862.769287109375,9184.89453125,4049.3828125,9179.8603515625,"0.303,0.601,0.570,0.344,0.350,0.360,0.327,0.327",1888.504150390625,2281.816162109375,"195.9,4188,2282,1816,1636,1902,1541,1547",235.0785369873047,240.10752868652344,"93.03,262.1,283.8,262,239.6,258.3,242.4,239.3","16.62,81.97,85.33,61.01,56.12,61.56,54.95,54.27","30.2,105.7,113.1,104.1,94.87,102.7,96.06,94.92",732,0.004400730133056641,988,0.009084150195121765,"1838,994,2276,1214,2613,729,270,923",1.0707011222839355,0.541168212890625,0.607635498046875,"0.961,1.73,0.677,1.29,1.22,1.58,1.73,1.29","111,107,51.5,43.2,37.1,34.5,32,31.3","-0.0635,-0.247,-0.0413,0.133,-0.0913,-0.008,-0.22,0.00684","-0.0706,-0.212,-0.0706,0.141,-0.0706,0,-0.212,0","-0.0494,-0.212,-0.0307,0.114,-0.0737,0,-0.188,0",0.2470703125,0.2117745727300644,5,3.722687244415283,8.40223217010498
34,k_proj,gptq,1024,4096,0,0.0020437240600585938,0.0014905929565429688,81.95015300629893,0.03536331697290074,222.18194580078125,155.37789916992188,990.0277099609375,4087.169921875,2508.090087890625,4419.08251953125,0.7725971341133118,81.29167175292969,0.27909860014915466,"1214,994,445,3666,2613,1773,3402,3522,2532,729,368,270,923,3450,822,2548",789.3810424804688,,,,,0,985.2205200195312,2122.4208984375,994.2611694335938,2112.05029296875,"0.218,0.698,0.693,0.376,0.376,0.373,0.343,0.337",1888.504150390625,2281.816162109375,"195.9,4188,2282,1816,1636,1902,1541,1547",235.0785369873047,240.10752868652344,"93.03,262.1,283.8,262,239.6,258.3,242.4,239.3","7.952,41.66,44.43,30.98,27.93,30.41,27.1,26.66","17.03,49.85,53.37,50.54,45.57,49.79,46.26,45.88",1010,0.013431613333523273,638,0.010344193316996098,"1838,994,2276,1214,2613,729,270,923",1.1946724653244019,0.480712890625,0.5205078125,"0.504,0.779,0.751,0.656,0.706,0.961,0.872,0.845","111,107,51.5,43.2,37.1,34.5,32,31.3","0.0159,0.0234,-0.00137,-0.0203,-0.0308,0.00443,0.0187,-0.0635","0,0,0,0,0,0,0,-0.0999","0.0278,0.0233,0,-0.0237,-0.0285,0,0.0283,-0.0699",0.349609375,0.2996652126312256,1,3.2370262145996094,2.5304934978485107
34,v_proj,gptq,1024,4096,0,0.0020284652709960938,0.0014407634735107422,108.65273632304888,0.026286572454508,357.2791748046875,303.8435974121094,1491.657470703125,4595.744140625,3076.537353515625,4582.529296875,0.7725971341133118,107.71044921875,0.1292872428894043,"3402,3666,196,1214,2624,3146,2192,3522,1274,2613,822,382,368,3822,282,361",789.3810424804688,,,,,0,1166.4229736328125,1957.367919921875,1284.8426513671875,2141.01806640625,"0.825,0.782,0.787,0.499,0.493,0.525,0.475,0.480",1888.504150390625,2281.816162109375,"195.9,4188,2282,1816,1636,1902,1541,1547",235.0785369873047,240.10752868652344,"93.03,262.1,283.8,262,239.6,258.3,242.4,239.3","5.814,47.78,44.18,33.34,30.3,34.17,30.51,30.56","6.403,54.04,49.8,47.2,43.15,47.17,44.26,44.09",95,0.006925003137439489,56,0.006885435897856951,"1838,994,2276,1214,2613,729,270,923",0.3032852113246918,0.8681640625,0.9735107421875,"0.157,0.122,0.103,0.139,0.195,0.185,0.131,0.223","111,107,51.5,43.2,37.1,34.5,32,31.3","0.000265,0.000786,-0.000893,-0.000401,0.000534,-0.0113,0.000153,-0.00403","0,0,0,0,0,0,0,0","0,0,0,0,0,0,0,0",0.2470703125,0.21048763394355774,1,2.521691083908081,1.5297411680221558
34,o_proj,gptq,4096,4096,0,0.0020983219146728516,0.0014936327934265137,393.04390067789063,0.0318543460161117,1181.1004638671875,711.8348388671875,560.4949951171875,2664.145751953125,2182.51171875,3046.009765625,0.7270421385765076,391.8938903808594,0.041549183428287506,"2859,2731,2603,2987,1947,2616,1563,1691,1819,2775,2744,1565,2018,1803,1896,1915",524.9909057617188,,,,,0,535.984130859375,740.1365356445312,832.9093017578125,1305.892333984375,"0.096,0.960,0.776,0.620,0.630,0.565,0.582,0.526",2571.9150390625,4356.66845703125,"54.69,5878,5287,1271,2099,1870,2096,2020",61.4932746887207,80.09416198730469,"26.11,104,78,44.83,59.11,58.06,60.11,61.69","3.279,41.06,30.99,14.42,19.39,18.25,18.94,18.86","10.6,41.91,35.18,18.31,24.44,24.28,24.83,26",1838,0.0047963154502213,1838,0.0055373539216816425,"1947,1691,2731,1819,1765,2021,4006,1041",0.14818210899829865,0.52349853515625,0.56903076171875,"0.643,1.25,0.481,1.13,0.993,1.07,0.868,1.7","9.92,9.22,6.06,5.8,5.13,4.96,4.94,4.93","-0.271,-0.258,0.211,-0.303,-0.293,-0.291,0.229,-0.157","-0.308,-0.205,0.205,-0.308,-0.308,-0.308,0.205,-0.202","-0.27,-0.271,0.205,-0.259,-0.271,-0.27,0.21,-0.169",0.359375,0.4107142984867096,1,1.3429430723190308,1.8185720443725586
34,gate_proj,gptq,12288,4096,0,0.0020441611607869468,0.0014988382657368977,713.5413668281399,0.0200808845810736,2833.78369140625,2157.4970703125,903.997314453125,2918.876220703125,2462.371826171875,3056.42529296875,0.36392518877983093,711.462158203125,0.12409529834985733,"1134,233,4081,2421,3846,2652,1794,3780,1924,1443,2202,3666,1114,1989,1889,3921",224.93675231933594,,,,,0,1200.7294921875,1514.24365234375,857.400390625,1263.5546875,"0.966,0.889,0.978,0.642,0.585,0.629,0.536,0.532",2459.857177734375,3059.529541015625,"248.4,5257,3216,2360,2150,2468,1994,1985",51.280941009521484,48.1024055480957,"93.19,53.39,42.8,43.88,44.07,45.07,43.89,43.96","64.88,37.04,31.07,25.7,24.69,26.17,23.52,23.46","66.02,39.29,31.42,32.06,32.27,33,32.14,32.15",7361,0.001986758317798376,533,0.00244097039103508,"4081,1134,1794,1114,3169,201,3060,994",0.36443984508514404,0.4386088252067566,0.43328857421875,"2.07,2.76,2.47,2.81,1.96,2.37,2.61,2.61","15.7,7.27,6.93,4.72,4.21,4.18,4.18,4.08","-0.0496,0.0518,-0.0623,0.0157,0.024,0.0142,-0.0386,-0.0933","-0.036,0.036,-0.072,0,0.036,0,-0.036,-0.108","-0.0698,0.0374,-0.054,0,0,0,-0.055,-0.0949",0.58203125,0.5940059423446655,1,1.1005668640136719,0.5770027041435242
34,up_proj,gptq,12288,4096,0,0.0020505587259928384,0.0014522473017374675,782.8961438003462,0.018380789909188847,3267.884765625,2489.902099609375,1050.618408203125,3320.08154296875,2735.2919921875,3512.744384765625,0.36392518877983093,781.3535766601562,0.10911285132169724,"1134,233,4081,2421,3846,1794,2652,3780,1924,1443,2202,3666,1114,1889,1989,3921",224.93675231933594,,,,,0,1302.95068359375,1758.20703125,966.1646118164062,1439.657958984375,"0.813,0.928,0.967,0.630,0.580,0.623,0.535,0.530",2459.857177734375,3059.529541015625,"248.4,5257,3216,2360,2150,2468,1994,1985",51.280941009521484,48.1024055480957,"93.19,53.39,42.8,43.88,44.07,45.07,43.89,43.96","65.4,39.98,33.08,27.25,26.16,27.85,25.06,24.98","72.52,41.5,33.63,34.32,34.34,35.28,34.27,34.3",889,0.00122032780200243,10527,0.001263864105567336,"4081,1134,1794,1114,3169,201,3060,994",0.30709215998649597,0.49462890625,0.5349528193473816,"2.05,2.31,2.36,2.24,2.37,2.23,2.65,2.49","15.7,7.27,6.93,4.72,4.21,4.18,4.18,4.08","0.0967,-0.0645,0.0503,0.0332,0.48,0.324,-0.144,-0.0576","0.137,0,0,0,0.412,0.275,-0.137,0","0.109,-0.0804,0.0748,0.0402,0.412,0.278,-0.164,-0.0753",0.48046875,0.4118303954601288,1,0.9137804508209229,0.8952690958976746
34,down_proj,gptq,4096,12288,0,0.002008497714996338,0.0014659762382507324,1494.7098086083715,0.038631883044360084,3915.97314453125,2397.09423828125,2669.9521484375,11865.73828125,7540.33642578125,15713.0234375,0.8011652827262878,1490.6087646484375,0.09152929484844208,"851,9002,5728,9577,7477,1958,9903,6244,11497,1452,5622,11103,6377,4488,1906,4389",1723.4044189453125,,,,,0,2082.91552734375,9933.5947265625,2967.488037109375,4814.85595703125,"0.018,0.902,1.011,0.530,0.548,0.655,0.470,0.535",6779.07080078125,9059.4462890625,"3982,1.558e+04,6695,4963,5265,7296,4528,5922",169.90908813476562,142.54454040527344,"493.1,154.8,105.1,115.4,120.8,124,122.1,124","31.67,69.09,48.45,39.12,40.16,46.4,37.95,42.47","237.3,72.72,48.17,53.73,54.24,57.31,55.38,58.06",2276,0.04593625292181969,2276,0.06459208577871323,"1452,9002,5622,9960,4389,11103,7902,9903",0.26991918683052063,0.5196533203125,0.62982177734375,"0.913,1.22,0.838,0.929,1.3,1.11,0.988,1.25","48.8,28.9,19.1,15.7,12.1,12,9.8,8.93","0.336,0.402,0.186,-0.439,0.42,-0.381,-0.508,0.243","0.306,0.306,0.306,-0.306,0.306,-0.306,-0.612,0.306","0.444,0.435,0.203,-0.384,0.379,-0.464,-0.438,0.192",1.140625,1.2232143878936768,1,8.607473373413086,13.783950805664062
35,q_proj,gptq,4096,4096,0,0.0020377039909362793,0.0015049576759338379,222.7182524073578,0.022013287349805663,814.4478149414062,608.5430908203125,1795.43359375,7352.9560546875,5381.66259765625,8538.359375,0.77496737241745,222.1710205078125,0.20321479439735413,"994,2613,3666,1214,445,2192,233,729,1773,3402,3522,368,2619,1134,3010,270",585.63671875,,,,,0,2088.11865234375,3877.054931640625,1928.7064208984375,3701.65087890625,"0.794,0.674,0.668,0.382,0.379,0.403,0.354,0.357",2155.492431640625,2997.6435546875,"262.2,4692,2863,1931,1851,2150,1754,1740",152.77456665039062,154.9609375,"154.7,170,158.9,150.2,145.8,152.4,145.4,144.8","71.13,53.94,50.1,36.05,34.97,37.77,33.74,33.75","79.8,65.71,61.32,58.31,56.81,59.5,56.69,56.47",746,0.006515176966786385,1898,0.009789470583200455,"1838,994,4081,2613,2276,729,2619,2284",0.7225075364112854,0.455352783203125,0.493927001953125,"0.99,1.59,1.23,1.31,1.18,1.66,1.77,1.31","61.1,60.9,24,22.8,19.4,18.6,18.6,18.2","-0.141,-0.211,-0.194,0.0708,-0.14,-0.241,0.0898,-0.0952","-0.115,-0.23,-0.23,0.115,-0.23,-0.23,0.115,-0.115","-0.136,-0.241,-0.226,0.0541,-0.141,-0.208,0.108,-0.0706",0.44140625,0.38815563917160034,2,2.822664976119995,1.882302165031433
35,k_proj,gptq,1024,4096,0,0.002079010009765625,0.0015058517456054688,63.258426561704255,0.025337824126941813,210.92303466796875,154.71730041503906,471.01776123046875,1882.4112548828125,1463.339111328125,2241.0693359375,0.77496737241745,63.068511962890625,0.2236219197511673,"994,1214,2613,3666,445,2192,729,3402,1773,233,3522,368,2619,3010,1134,270",585.63671875,,,,,0,568.2037353515625,1004.400634765625,530.9934692382812,989.4794311523438,"0.972,0.738,0.682,0.379,0.384,0.419,0.357,0.364",2155.492431640625,2997.6435546875,"262.2,4692,2863,1931,1851,2150,1754,1740",152.77456665039062,154.9609375,"154.7,170,158.9,150.2,145.8,152.4,145.4,144.8","34.74,29.96,26.71,18.81,18.43,20.15,17.7,17.75","35.24,34.88,32.35,30.54,29.73,31.15,29.63,29.42",634,0.019682064652442932,696,0.012234610505402088,"1838,994,4081,2613,2276,729,2619,2284",0.8318722248077393,0.4361572265625,0.43994140625,"0.643,0.899,0.692,0.758,0.729,0.788,0.833,0.58","61.1,60.9,24,22.8,19.4,18.6,18.6,18.2","-0.00071,-0.041,-0.0425,0.0359,-0.114,-0.0811,0.033,-0.0133","0,0,0,0,-0.162,0,0,0","0,-0.0356,-0.0379,0.0412,-0.0975,-0.0695,0.0275,0",0.56640625,0.4854910969734192,1,2.5850143432617188,1.798987627029419
35,v_proj,gptq,1024,4096,0,0.002003192901611328,0.0014340877532958984,66.78960831110271,0.01837502479435846,285.9960021972656,228.76614379882812,614.4359741210938,2000.01611328125,1510.8671875,2179.4267578125,0.77496737241745,66.58456420898438,0.08020081371068954,"3666,994,2613,1214,2192,445,729,3402,368,3522,3010,1134,2619,1773,2136,1274",585.63671875,,,,,0,450.9504699707031,753.39501953125,599.5422973632812,995.3219604492188,"0.751,0.818,0.727,0.526,0.501,0.529,0.464,0.458",2155.492431640625,2997.6435546875,"262.2,4692,2863,1931,1851,2150,1754,1740",152.77456665039062,154.9609375,"154.7,170,158.9,150.2,145.8,152.4,145.4,144.8","13.22,30.25,25.06,19.68,19.3,20.81,18.74,18.59","15.26,33.45,29.38,27.14,27.26,28.62,27.53,27.48",832,0.007013159804046154,829,0.0070756119675934315,"1838,994,4081,2613,2276,729,2619,2284",0.20955350995063782,0.796142578125,0.927734375,"0.155,0.143,0.219,0.199,0.272,0.212,0.213,0.191","61.1,60.9,24,22.8,19.4,18.6,18.6,18.2","0.00632,0.00162,-0.00455,-0.000345,0.000843,-0.000668,0.00671,-0.00294","0,0,0,0,0.0144,0,0,0","0,0,0,0,0,0,0,0",0.14453125,0.16287238895893097,1,1.6160850524902344,1.6176283359527588
35,o_proj,gptq,4096,4096,0,0.002089858055114746,0.0015053749084472656,379.5128624180652,0.03452173401556669,1093.695068359375,631.058837890625,564.622802734375,2071.6142578125,1666.7783203125,2532.325439453125,0.7347112894058228,377.3843994140625,0.033183153718709946,"3675,3692,3660,3519,332,3498,3135,3523,3114,3549,2954,3263,3456,3391,3621,2826",48.94758987426758,,,,,0,398.76544189453125,726.2421875,643.6913452148438,1062.00341796875,"0.110,0.668,0.617,0.573,0.543,0.545,0.492,0.465",2501.843505859375,3421.765625,"248.9,7229,2566,2246,2274,2057,1756,1639",66.99530029296875,75.73774719238281,"51.55,99.66,70.91,61.33,63.27,64.87,62.16,62.21","6.157,31.97,21.84,18.24,18.69,19.1,17.58,17.25","18.57,39.12,27.8,24.11,25.36,25.88,25.07,25.28",2276,0.010833323933184147,2276,0.07690820842981339,"1879,2007,1623,1041,1425,1297,1169,3777",0.10274986177682877,0.610443115234375,0.574920654296875,"0.671,0.683,0.739,0.779,0.753,0.756,0.828,1.06","8.03,7.45,6.28,6,5.7,5.59,5.59,5.4","-0.279,-0.268,-0.242,-0.205,-0.202,-0.197,-0.21,-0.221","-0.337,-0.337,-0.169,-0.169,-0.169,-0.169,-0.169,-0.169","-0.306,-0.328,-0.204,-0.174,-0.228,-0.217,-0.219,-0.242",0.71484375,0.7471739053726196,1,1.945175290107727,7.033937931060791
35,gate_proj,gptq,12288,4096,0,0.0021619598070780435,0.001480380694071452,849.8506461493089,0.02264181569052014,2990.99853515625,2258.763916015625,1197.58544921875,6352.146484375,5155.99609375,10321.984375,0.3329763412475586,872.6054077148438,0.3905363976955414,"233,2276,2421,4081,1134,1443,2202,1794,2284,3169,3666,3780,3846,3060,787,201",502.2639465332031,,,,,0,3149.319091796875,7698.99658203125,1383.200927734375,2804.032958984375,"0.376,0.806,1.209,0.409,0.347,0.397,0.311,0.319",2142.000244140625,2963.57568359375,"258.8,4396,3041,1981,1877,2122,1732,1727",91.08423614501953,70.17772674560547,"282.6,63.84,53.99,64.68,67.09,64.72,66.65,65.06","131.4,42.43,43.89,30.65,29.26,30.32,27.49,27.24","214.3,47.25,39.92,47.9,49.69,48.13,49.29,48.22",1751,0.0018233673181384802,2212,0.002845702925696969,"4081,2284,3169,1114,1794,2652,2109,787",0.9017806649208069,0.4806315302848816,0.52740478515625,"2.32,1.56,1.82,2.48,2.19,2.19,1.73,1.65","33.8,20.9,12.2,11,10.3,10.1,9.42,8.25","-0.0271,0.00604,-0.0264,0.193,-0.0962,-0.0374,-0.00328,0.0664","0,0,0,0.179,-0.0893,0,0,0.0893","-0.0413,0,-0.048,0.167,-0.0893,-0.0527,0,0.0544",0.3125,0.2678571343421936,1,1.2492854595184326,1.7994625568389893
35,up_proj,gptq,12288,4096,0,0.002177000045776367,0.0014674663543701172,1036.1324763448501,0.025285349329657446,3220.650390625,2401.215576171875,1363.01953125,6268.353515625,7552.77685546875,14598.025390625,0.3329763412475586,1101.13134765625,0.49834001064300537,"233,2276,2421,4081,3169,1134,1443,1794,3780,3666,2284,3846,2202,787,3060,1889",502.2639465332031,,,,,0,5963.8154296875,13184.23828125,1459.111572265625,2676.546630859375,"0.435,0.809,1.289,0.461,0.386,0.439,0.348,0.359",2142.000244140625,2963.57568359375,"258.8,4396,3041,1981,1877,2122,1732,1727",91.08423614501953,70.17772674560547,"282.6,63.84,53.99,64.68,67.09,64.72,66.65,65.06","198.3,43.29,45.59,31.39,29.95,31.11,28.19,28.01","300.7,48.13,40.16,46.21,48.22,46.98,47.77,46.78",1109,0.0018174229189753532,11116,0.0012919229920953512,"4081,2284,3169,1114,1794,2652,2109,787",0.6951567530632019,0.59130859375,0.6799520254135132,"1.57,1.48,1.76,1.62,1.72,1.67,1.62,1.71","33.8,20.9,12.2,11,10.3,10.1,9.42,8.25","-0.0104,-0.00476,-0.0115,-0.00562,0.00714,0.000113,-0.0146,0.00224","0,0,0,0,0,0,0,0","0,0,0,0,0,0,-0.0255,0",0.447265625,0.5111607313156128,1,1.2767713069915771,0.9808666706085205
35,down_proj,gptq,4096,12288,0,0.001984099547068278,0.0015019774436950684,400.1766551799956,0.012710505300705105,2537.107666015625,2192.512939453125,4043.676025390625,54521.859375,20265.240234375,167405.90625,0.9106566309928894,388.70367431640625,0.40193799138069153,"9510,11693,9014,8724,6412,2816,7942,9346,8323,6256,8545,6631,5992,6721,3257,11333",7222.74658203125,,,,,0,5583.29296875,171753.109375,6321.00341796875,19439.90625,"0.020,0.367,0.347,0.149,0.082,0.127,0.077,0.092",4489.31640625,4733.29736328125,"2.012e+04,3763,5553,1308,1203,1559,1123,1287",701.6861572265625,399.44696044921875,"2826,409.6,257.6,369.5,493,378,453,426.3","159.4,71.82,72.85,42.69,41.95,44.65,39.56,40.6","1121,118.6,123.7,110.5,146.9,125.2,142.2,133.7",2276,0.06446582823991776,2109,0.033883240073919296,"9510,8724,5416,11693,3257,122,8034,9896",2.2423269748687744,0.795562744140625,0.870697021484375,"0.341,0.552,0.708,0.796,0.836,0.675,0.693,0.845","393,146,103,99.6,51.8,51,49.3,45.2","0.0874,0.0508,-0.00702,-0.508,0.559,0.00397,0.0776,-0.539","0,0,0,0,0.83,0,0,-0.83","0,0,0,-0.462,0.539,0,0,-0.462",2.90625,2.4910717010498047,1,10.650333404541016,24.65910530090332
