layer,proj,quantizer,rows,cols,n_dead_cols,clip_frac,clip_frac_rtn,comp_disp,comp_disp_rel,wdisp_gptq,wdisp_rtn,obj_gptq,obj_rtn,obj_gptq_alt,obj_rtn_alt,hdiag_alt_corr,send_total,send_top1pct,send_top16_cols,hdiag_max_over_mean,cond_damped,awq_alpha,obj_awq,obj_awq_alt,protected,obj_gptq_tpl,obj_rtn_tpl,obj_gptq_ord,obj_rtn_ord,tplpos_ratio,lev_tpl,lev_ord,levpos,xnorm_tpl,xnorm_ord,xnormpos
0,q_proj,gptq,5120,5120,0,0.0021071624755859375,0.001488037109375,654.7102043121122,0.051969859861094196,1403.636962890625,757.6541748046875,7.934446811676025,44.73919677734375,13.144079208374023,40.37944793701172,0.8376689553260803,653.8732299804688,0.04715971648693085,"3760,4131,1486,188,4963,1397,613,2508,4942,4448,249,4373,1013,4717,2832,2533",119.6910629272461,,,,,0,7.301156044006348,19.279640197753906,4.6119914054870605,22.4155330657959,"0.617,0.569,0.637,0.218,0.023,0.447,0.536,0.002",2725.94677734375,2055.14892578125,"171.8,6456,2555,1917,98.73,4392,6204,12.92",9.97662353515625,11.158710479736328,"1.934,13.04,9.929,12.04,9.169,12.67,13.1,7.934"
0,k_proj,gptq,1024,5120,0,0.002117347717285156,0.0014455795288085937,238.5836932748498,0.05139987067722188,514.0751953125,273.73223876953125,2.953010082244873,15.991745948791504,4.822166919708252,13.989126205444336,0.8376689553260803,238.67752075195312,0.04138733819127083,"3760,4131,1486,188,1397,4963,2508,4448,2832,4942,4373,249,613,1013,4717,2533",119.6910629272461,,,,,0,2.6462063789367676,6.722672939300537,1.8229737281799316,7.956600189208984,"0.689,0.582,0.734,0.261,0.022,0.405,0.585,0.002",2725.94677734375,2055.14892578125,"171.8,6456,2555,1917,98.73,4392,6204,12.92",9.97662353515625,11.158710479736328,"1.934,13.04,9.929,12.04,9.169,12.67,13.1,7.934"
0,v_proj,gptq,1024,5120,0,0.0020938873291015624,0.0014659881591796875,45.70962237697677,0.04963037669816484,100.35589599609375,53.045318603515625,0.6104661226272583,2.834561586380005,0.8536195755004883,2.4302139282226562,0.8376689553260803,45.711578369140625,0.02546066790819168,"3760,4131,1486,188,1397,4942,613,2508,4963,249,4448,4373,2832,1013,2533,95",119.6910629272461,,,,,0,0.46757805347442627,1.1916923522949219,0.34167563915252686,1.3451650142669678,"0.674,0.561,0.561,0.249,0.033,0.445,0.539,0.003",2725.94677734375,2055.14892578125,"171.8,6456,2555,1917,98.73,4392,6204,12.92",9.97662353515625,11.158710479736328,"1.934,13.04,9.929,12.04,9.169,12.67,13.1,7.934"
0,o_proj,gptq,5120,5120,0,0.002096748352050781,0.0014682769775390624,235.65701059356797,0.03845160554403808,645.4976806640625,390.7049560546875,3.774686336517334,12.211013793945312,6.092334747314453,13.493636131286621,0.9974719882011414,233.85397338867188,0.08176442980766296,"2254,2193,1138,5055,2936,2283,2408,3607,2301,2279,2194,593,2269,2876,81,2463",492.72796630859375,,,,,0,4.440498352050781,8.920218467712402,3.3359057903289795,7.524129390716553,"0.370,0.537,0.726,0.388,0.355,0.514,0.663,0.262",5816.2744140625,3675.296875,"4985,1.395e+04,5242,6274,5057,3571,5839,1616",10.372730255126953,9.501890182495117,"11.83,13.78,8.341,9.815,9.926,9.962,12.27,7.06"
0,gate_proj,gptq,13824,5120,0,0.002112155490451389,0.0014290421097366897,1364.3183295942945,0.05652804716781383,2821.717041015625,1457.06884765625,3.31848406791687,30.295116424560547,6.376307487487793,28.767494201660156,0.97081458568573,1359.477783203125,0.10023382306098938,"927,1158,1542,1711,1679,3170,575,4930,1787,5000,129,3593,1684,4597,4808,4863",224.13125610351562,,,,,0,4.661383152008057,16.524887084960938,2.9860763549804688,17.26541519165039,"0.334,0.327,0.763,0.254,0.171,0.191,0.185,0.201",3543.494140625,2359.841064453125,"5322,6826,3750,3152,2693,2183,3033,1389",7.398901462554932,7.587688446044922,"8.063,9.158,5.705,7.236,8.135,7.015,8.538,5.341"
0,up_proj,gptq,13824,5120,0,0.002095455593532986,0.0014192934389467592,1126.4685941256648,0.05289340111666291,2406.842041015625,1251.0654296875,2.927546739578247,25.430397033691406,5.229220390319824,24.25000762939453,0.97081458568573,1122.611572265625,0.07067898660898209,"927,1158,1542,1711,1679,575,3170,4930,1787,5000,129,3593,1684,4597,1145,4863",224.13125610351562,,,,,0,3.830780029296875,13.937368392944336,2.5982491970062256,14.644359588623047,"0.337,0.330,0.637,0.248,0.173,0.195,0.189,0.195",3543.494140625,2359.841064453125,"5322,6826,3750,3152,2693,2183,3033,1389",7.398901462554932,7.587688446044922,"8.063,9.158,5.705,7.236,8.135,7.015,8.538,5.341"
0,down_proj,gptq,5120,13824,0,0.002000300089518229,0.0014574121545862268,2707.132168287644,0.09726600574306099,4533.81396484375,1720.331298828125,4.373790740966797,16.359010696411133,16.838191986083984,15.491605758666992,0.14396485686302185,2698.646240234375,0.14302466809749603,"78,10932,8538,1642,7591,9330,11058,6699,12901,5451,8119,879,13296,3929,2300,7430",471.16522216796875,,,,,0,7.049461364746094,8.579010009765625,19.928565979003906,10.570796012878418,"1.642,0.693,2.128,0.382,0.498,0.928,1.638,0.309",14607.8251953125,45313.9765625,"3.107e+04,2.193e+04,8812,4419,1.352e+04,1.487e+04,2.084e+04,1397",7.560925006866455,8.418004989624023,"7.24,13.03,3.148,6.827,12.35,7.323,6.716,3.855"
1,q_proj,gptq,5120,5120,0,0.0019980621337890624,0.0014424896240234374,338.50639091512323,0.3842145828891864,425.96502685546875,85.12911987304688,0.5023857951164246,5.109339714050293,1.076984167098999,5.307990074157715,0.9787313342094421,336.22576904296875,0.5268120765686035,"4517,2657,11,3388,4775,28,1477,351,3553,1093,4139,4847,157,1290,415,1685",1501.1800537109375,,,,,0,0.7319210767745972,2.2570419311523438,0.4209011495113373,1.9327778816223145,"0.991,0.319,0.303,0.371,0.344,0.213,0.080,0.136",624.7862548828125,539.92578125,"1457,757.8,417.8,318.5,619,649,630.1,148.8",3.494506597518921,3.3687591552734375,"4.367,3.419,3.345,2.681,3.203,3.576,4.482,2.883"
1,k_proj,gptq,1024,5120,0,0.0019771575927734373,0.0014616012573242187,86.67821678293794,0.178028352159491,120.40104675292969,60.8409423828125,0.1290762573480606,1.5458837747573853,0.2542640268802643,1.4359807968139648,0.9787313342094421,86.24154663085938,0.42278915643692017,"4517,2657,3388,4775,11,28,1477,3553,351,1093,4139,4847,157,1290,1372,1685",1501.1800537109375,,,,,0,0.16723176836967468,0.6466541886329651,0.10320235788822174,0.5750283002853394,"0.885,0.218,0.245,0.296,0.257,0.183,0.076,0.092",624.7862548828125,539.92578125,"1457,757.8,417.8,318.5,619,649,630.1,148.8",3.494506597518921,3.3687591552734375,"4.367,3.419,3.345,2.681,3.203,3.576,4.482,2.883"
1,v_proj,gptq,1024,5120,0,0.0019506454467773438,0.0014768600463867187,28.75885084677026,0.052863618887125284,63.239471435546875,55.70306396484375,0.043301936239004135,0.28714755177497864,0.07309405505657196,0.276533842086792,0.9787313342094421,28.497285842895508,0.25985923409461975,"4517,2657,3388,11,4775,28,351,1477,4847,1093,4139,157,1685,1290,3553,2428",1501.1800537109375,,,,,0,0.047499969601631165,0.13019689917564392,0.032685939222574234,0.1203361377120018,"0.802,0.345,0.354,0.252,0.299,0.260,0.187,0.139",624.7862548828125,539.92578125,"1457,757.8,417.8,318.5,619,649,630.1,148.8",3.494506597518921,3.3687591552734375,"4.367,3.419,3.345,2.681,3.203,3.576,4.482,2.883"
1,o_proj,gptq,5120,5120,0,0.002115325927734375,0.0014830398559570312,185.17544947222632,0.04313072982651797,475.20562744140625,249.19705200195312,0.05283046141266823,0.37125879526138306,0.14594534039497375,0.5232623815536499,0.8298276662826538,184.37841796875,0.0813337042927742,"1138,3614,3615,1266,3644,882,3688,3674,3627,3655,3660,3639,3657,795,3689,3652",75.18843841552734,,,,,0,0.13810758292675018,0.43702659010887146,0.05907184258103371,0.24477122724056244,"0.262,0.417,0.395,0.231,0.310,0.316,0.377,0.276",14691.3134765625,4873.09423828125,"3.615e+04,2.664e+04,1.217e+04,8541,9383,8928,8104,7618",2.447575807571411,1.7917450666427612,"4.215,2.913,2.305,2.146,2.165,2.009,1.886,1.94"
1,gate_proj,gptq,13824,5120,0,0.001953393441659433,0.001485301830150463,129.33358463908198,0.052737359536210185,286.8388366699219,219.74441528320312,32.18304443359375,10613.6064453125,73.68501281738281,10807.9326171875,0.983832836151123,126.18434143066406,0.47901129722595215,"3593,2657,3850,228,4395,4794,1466,1372,1093,2099,4437,4436,655,4020,4517,28",814.3189086914062,,,,,0,51.98985290527344,4869.84130859375,25.4987850189209,4579.330078125,"0.044,0.010,0.009,0.004,0.007,0.005,0.008,0.002",649.49169921875,550.1449584960938,"1327,861.9,492.1,354.8,586.6,642.5,751.5,179.8",71.9400634765625,68.42927551269531,"77.07,57.83,83.37,68.67,62.99,70.3,68.3,86.98"
1,up_proj,gptq,13824,5120,0,0.0019865813078703705,0.0014633037425853589,43.6024420376982,0.0325112634161481,132.693115234375,116.0422134399414,12.396516799926758,459.3048400878906,23.896263122558594,488.44964599609375,0.983832836151123,43.11700439453125,0.32144811749458313,"3593,2657,228,4437,4436,4794,1372,4517,655,1093,4395,2099,4610,4020,4675,2950",814.3189086914062,,,,,0,16.322528839111328,226.68743896484375,9.37738037109375,206.46649169921875,"0.222,0.117,0.047,0.033,0.056,0.048,0.068,0.014",649.49169921875,550.1449584960938,"1327,861.9,492.1,354.8,586.6,642.5,751.5,179.8",71.9400634765625,68.42927551269531,"77.07,57.83,83.37,68.67,62.99,70.3,68.3,86.98"
1,down_proj,gptq,5120,13824,0,0.0020632425944010417,0.0014643916377314816,614.8411571704419,0.2245067258492566,815.9754638671875,304.2669982910156,0.728975772857666,1.2033226490020752,1.3073546886444092,1.713334321975708,0.877312958240509,612.6107788085938,0.6450177431106567,"5472,4733,13674,10688,2889,5878,6881,5573,6375,5738,13373,12990,9305,4766,6365,5041",1809.138671875,,,,,0,0.9201750755310059,1.2133313417434692,0.7853511571884155,1.2804471254348755,"1.152,0.687,0.584,0.659,0.499,0.717,0.953,0.206",3440.4853515625,1431.13427734375,"1.455e+04,2598,2267,3339,2716,852.3,908.8,296.4",2.9143099784851074,2.7142269611358643,"4.256,2.578,3.345,2.719,2.759,2.382,2.359,2.916"
2,q_proj,gptq,5120,5120,0,0.0020299911499023437,0.00145050048828125,578.8619218299921,0.19394541888413683,798.6998291015625,317.8221435546875,1.4747588634490967,13.59130573272705,3.588674783706665,12.06593132019043,0.7928492426872253,575.7578735351562,0.39010924100875854,"3388,28,157,2347,4344,11,1824,2428,1881,892,5021,5009,3890,1372,415,4061",516.9668579101562,,,,,0,2.097161293029785,5.943995475769043,1.502873182296753,5.460749626159668,"0.970,0.321,0.446,0.216,0.323,0.241,0.169,0.183",1199.1285400390625,1283.2464599609375,"1790,1754,776.8,671.1,1203,1432,1671,295.9",5.497258186340332,5.575769424438477,"5.582,5.878,4.439,5.242,5.731,5.646,7.213,4.248"
2,k_proj,gptq,1024,5120,0,0.0020298004150390626,0.0014682769775390624,205.31176157656327,0.16256360562054306,290.07171630859375,129.717041015625,0.5240387320518494,5.418028831481934,1.305660605430603,4.855729103088379,0.7928492426872253,204.5191650390625,0.3756307363510132,"3388,28,157,1824,2347,2428,1881,11,4344,5009,415,892,5021,1372,3890,4061",516.9668579101562,,,,,0,0.7610100507736206,2.2036664485931396,0.5421059131622314,2.2489233016967773,"1.293,0.288,0.369,0.229,0.268,0.206,0.165,0.148",1199.1285400390625,1283.2464599609375,"1790,1754,776.8,671.1,1203,1432,1671,295.9",5.497258186340332,5.575769424438477,"5.582,5.878,4.439,5.242,5.731,5.646,7.213,4.248"
2,v_proj,gptq,1024,5120,0,0.0020425796508789064,0.0014440536499023438,47.76629386844283,0.04118738794639109,117.08560180664062,81.86629486083984,0.127984419465065,1.0367785692214966,0.22642193734645844,0.9436416029930115,0.7928492426872253,47.349082946777344,0.12688365578651428,"3388,28,157,2347,1824,1881,5009,2428,892,11,5021,4344,3890,1372,415,4061",516.9668579101562,,,,,0,0.12515968084335327,0.4476112425327301,0.11239790916442871,0.4902380406856537,"0.635,0.282,0.426,0.153,0.223,0.248,0.219,0.125",1199.1285400390625,1283.2464599609375,"1790,1754,776.8,671.1,1203,1432,1671,295.9",5.497258186340332,5.575769424438477,"5.582,5.878,4.439,5.242,5.731,5.646,7.213,4.248"
2,o_proj,gptq,5120,5120,0,0.002120361328125,0.001451568603515625,305.85822597741935,0.044193187803463665,761.1499633789062,399.5978698730469,0.4118298888206482,1.338364601135254,0.9719470739364624,1.6752541065216064,0.7100625038146973,304.6164245605469,0.045840103179216385,"2476,2562,2530,2561,2524,2677,2140,1964,2092,3073,3074,2892,1674,2146,1729,2636",35.120269775390625,,,,,0,0.6823394298553467,1.1510138511657715,0.4954821467399597,0.9298114776611328,"0.623,0.639,0.884,0.586,0.431,0.510,0.615,0.565",10183.4970703125,6185.19775390625,"1.76e+04,1.781e+04,9302,7705,6902,8674,8707,4764",3.5849287509918213,3.1697278022766113,"4.279,4.638,2.64,3.026,3.441,3.902,3.857,2.897"
2,gate_proj,gptq,13824,5120,0,0.0020298004150390626,0.0014360922354239006,200.6797383570821,0.023175158287979492,708.2830200195312,580.3665771484375,49.37059020996094,14709.7939453125,104.48165893554688,13558.236328125,0.9660620093345642,198.58094787597656,0.39633268117904663,"3593,2099,4437,4395,655,2657,320,4610,3891,4020,1567,1466,892,136,3850,3183",536.2711791992188,,,,,0,59.297340393066406,6176.43896484375,43.836143493652344,6467.87109375,"0.021,0.018,0.009,0.005,0.006,0.008,0.013,0.002",919.9475708007812,970.3284912109375,"1150,1448,568.5,568.6,895.1,1080,1378,272.3",71.54427337646484,73.49789428710938,"68.53,64.45,75.44,70.96,71.93,73.3,65.89,81.85"
2,up_proj,gptq,13824,5120,0,0.002012549506293403,0.001453329015661169,85.1578157291863,0.015514104909836913,414.4985656738281,361.250244140625,24.787689208984375,676.8805541992188,43.52684020996094,648.407470703125,0.9660620093345642,84.46829223632812,0.22501444816589355,"4437,3593,3891,2657,655,320,2099,4020,4395,136,892,1148,1466,4610,228,1567",536.2711791992188,,,,,0,23.764877319335938,294.7752685546875,20.108360290527344,316.2240295410156,"0.163,0.134,0.065,0.048,0.060,0.077,0.119,0.018",919.9475708007812,970.3284912109375,"1150,1448,568.5,568.6,895.1,1080,1378,272.3",71.54427337646484,73.49789428710938,"68.53,64.45,75.44,70.96,71.93,73.3,65.89,81.85"
2,down_proj,gptq,5120,13824,0,0.0020375428376374423,0.0014484264232494212,1011.9288983977144,0.1503944046263177,1511.0640869140625,413.944580078125,2.8437609672546387,3.4808053970336914,5.007018089294434,2.9302966594696045,0.3687233328819275,1009.0067138671875,0.38425925374031067,"1798,11977,12298,4063,32,7448,331,4178,9391,2184,11776,6758,986,9616,4632,3604",222.80824279785156,,,,,0,2.265308380126953,1.4998230934143066,1.0996098518371582,1.00428307056427,"2.253,1.587,1.583,0.692,1.277,1.503,1.655,0.312",6117.0625,1743.752197265625,"1.746e+04,6898,5687,1741,2403,7116,7293,337",3.8952128887176514,3.1396901607513428,"4.312,4.387,2.9,3.312,3.443,5.51,4.962,2.335"
3,q_proj,gptq,5120,5120,0,0.0020441818237304688,0.0014574813842773437,800.1532908901037,0.12784835550379348,1203.763916015625,509.72314453125,8.144903182983398,44.971046447753906,17.893157958984375,38.811683654785156,0.700454831123352,795.7430419921875,0.20952631533145905,"3388,3720,4402,3887,3005,4141,3978,4061,3135,3896,316,157,1470,1954,1824,1974",305.72442626953125,,,,,0,8.46182918548584,18.01737403869629,7.316697597503662,19.899301528930664,"0.983,0.535,0.845,0.278,0.318,0.487,0.411,0.240",1368.1187744140625,1531.32080078125,"1408,2266,729.5,788.5,1387,1811,2210,345.7",11.112203598022461,12.075626373291016,"8.606,13.5,7.227,11.47,12.51,12.88,14.4,8.299"
3,k_proj,gptq,1024,5120,0,0.0020277023315429686,0.0014892578125,304.8452499419801,0.13146591222688356,456.44219970703125,191.24017333984375,3.0686135292053223,17.700363159179688,6.638588905334473,15.085855484008789,0.700454831123352,302.66961669921875,0.2272617667913437,"3388,3720,4402,3005,3887,4141,3978,3135,316,4061,1470,1974,3896,1954,1824,3479",305.72442626953125,,,,,0,3.1986074447631836,6.832651615142822,2.708299160003662,7.670367240905762,"1.020,0.539,0.752,0.274,0.344,0.474,0.413,0.214",1368.1187744140625,1531.32080078125,"1408,2266,729.5,788.5,1387,1811,2210,345.7",11.112203598022461,12.075626373291016,"8.606,13.5,7.227,11.47,12.51,12.88,14.4,8.299"
3,v_proj,gptq,1024,5120,0,0.002063751220703125,0.00143585205078125,51.258975534649004,0.03916845114892082,128.76974487304688,82.6392593383789,0.6047236323356628,5.195000648498535,1.0804250240325928,4.434679985046387,0.700454831123352,50.90876770019531,0.08631251752376556,"3720,4402,3388,3005,3887,3978,4141,3896,1277,9,3135,316,1954,4061,3479,1974",305.72442626953125,,,,,0,0.5043643712997437,1.9959357976913452,0.5108420252799988,2.3823394775390625,"0.532,0.298,0.370,0.136,0.182,0.274,0.253,0.122",1368.1187744140625,1531.32080078125,"1408,2266,729.5,788.5,1387,1811,2210,345.7",11.112203598022461,12.075626373291016,"8.606,13.5,7.227,11.47,12.51,12.88,14.4,8.299"
3,o_proj,gptq,5120,5120,0,0.0021104812622070312,0.0014333724975585938,335.634248393646,0.041745502577453034,840.4105224609375,467.2813720703125,1.2131497859954834,3.125598669052124,2.8073248863220215,3.899130344390869,0.8232585191726685,334.84527587890625,0.06483203917741776,"5088,4704,4960,4832,4576,4998,795,1051,5043,1179,923,5086,4486,693,4742,4870",55.253684997558594,,,,,0,1.850376844406128,2.6301963329315186,1.329341173171997,2.1197762489318848,"0.731,0.703,0.834,0.733,0.589,0.663,0.727,0.717",8542.8203125,5525.07958984375,"1.071e+04,1.385e+04,5982,6405,7034,8930,9481,5948",5.213011741638184,4.679762840270996,"5.703,6.454,3.91,4.304,5.22,5.866,5.938,4.309"
3,gate_proj,gptq,13824,5120,0,0.001969160857024016,0.0014543180112485533,419.37257147896224,0.02478968208910029,1386.308837890625,1044.1732177734375,68.68521118164062,10804.732421875,162.60391235351562,9261.515625,0.9520174860954285,412.8271484375,0.38685861229896545,"2657,4395,3593,4437,4610,655,3891,3850,1567,388,4020,1466,136,2099,320,1148",766.5828247070312,,,,,0,82.7106704711914,3891.171630859375,62.61164855957031,4644.5703125,"0.048,0.044,0.021,0.011,0.014,0.020,0.027,0.004",1299.33935546875,1414.635009765625,"1307,2250,781.6,822.6,1264,1612,1944,412.7",52.13787078857422,56.718894958496094,"45.71,50.07,53.28,52.94,55.69,54.27,47.28,57.87"
3,up_proj,gptq,13824,5120,0,0.0020183563232421876,0.001443552087854456,141.85436199728903,0.015168481171161237,689.1285400390625,565.7303466796875,31.583717346191406,584.217041015625,54.83619689941406,512.9326171875,0.9520174860954285,141.0290069580078,0.2049410194158554,"3593,4437,2657,4395,136,4610,3891,655,4020,388,1148,1466,320,1567,2099,892",766.5828247070312,,,,,0,27.923446655273438,227.19561767578125,25.540122985839844,268.56072998046875,"0.222,0.215,0.107,0.072,0.090,0.127,0.176,0.030",1299.33935546875,1414.635009765625,"1307,2250,781.6,822.6,1264,1612,1944,412.7",52.13787078857422,56.718894958496094,"45.71,50.07,53.28,52.94,55.69,54.27,47.28,57.87"
3,down_proj,gptq,5120,13824,0,0.002056051183629919,0.0014236732765480324,1432.5693970393963,0.12255931626566281,2233.4052734375,732.2809448242188,5.2655463218688965,7.627556324005127,29.419090270996094,12.859496116638184,0.034974247217178345,1429.7314453125,0.20324939489364624,"2597,5768,6127,2541,7700,5471,5437,3402,6727,6754,13448,7904,2429,11287,4983,117",54.04813766479492,,,,,0,7.342741012573242,3.878424644470215,22.557600021362305,4.65665864944458,"1.822,1.431,1.474,0.822,1.170,1.260,2.654,0.557",12773.32421875,45052.69140625,"3.653e+04,9699,3762,2243,2372,5704,4.141e+04,467.2",5.401422500610352,5.704343795776367,"8.706,5.882,2.88,3.447,3.717,5.61,10.28,2.686"
4,q_proj,gptq,5120,5120,0,0.002058372497558594,0.0014835739135742188,749.8659845323101,0.08309663530085552,1306.2642822265625,625.8878173828125,8.946747779846191,47.77861785888672,21.5584659576416,41.5154914855957,0.7613615989685059,746.6337890625,0.15958735346794128,"3388,892,3890,28,4061,548,1093,2428,157,5021,2524,1824,407,415,4081,4874",241.07948303222656,,,,,0,12.269968032836914,19.53656768798828,8.990946769714355,21.465986251831055,"1.543,0.608,1.149,0.371,0.340,0.461,0.487,0.270",2205.93896484375,2432.318359375,"3410,3379,1230,1202,1878,2404,3492,652.1",11.412257194519043,12.245501518249512,"11.98,13.86,6.973,10.65,12.48,12.32,14.57,8.476"
4,k_proj,gptq,1024,5120,0,0.002026939392089844,0.0014530181884765624,285.690079788701,0.09034743448516074,481.61737060546875,233.53341674804688,3.3444905281066895,19.032024383544922,8.04281997680664,16.12545394897461,0.7613615989685059,284.32745361328125,0.16804037988185883,"3388,892,1093,4061,28,3890,2428,548,157,5021,1824,2524,415,407,4081,1719",241.07948303222656,,,,,0,4.7064595222473145,7.5955610275268555,3.281667709350586,8.523059844970703,"1.555,0.649,1.032,0.332,0.348,0.446,0.447,0.260",2205.93896484375,2432.318359375,"3410,3379,1230,1202,1878,2404,3492,652.1",11.412257194519043,12.245501518249512,"11.98,13.86,6.973,10.65,12.48,12.32,14.57,8.476"
4,v_proj,gptq,1024,5120,0,0.0020551681518554688,0.001407623291015625,68.98856624011631,0.04441357746316313,162.0138397216797,92.91201782226562,0.9636964201927185,5.652136325836182,1.9327709674835205,4.954460620880127,0.7613615989685059,68.64653015136719,0.07325006276369095,"892,3890,28,3388,1093,4061,2428,5021,1719,2524,1954,1696,533,1186,548,4081",241.07948303222656,,,,,0,0.9991070032119751,2.3181920051574707,0.8763251304626465,2.6424922943115234,"0.843,0.450,0.869,0.207,0.247,0.390,0.404,0.248",2205.93896484375,2432.318359375,"3410,3379,1230,1202,1878,2404,3492,652.1",11.412257194519043,12.245501518249512,"11.98,13.86,6.973,10.65,12.48,12.32,14.57,8.476"
4,o_proj,gptq,5120,5120,0,0.002099151611328125,0.0014327239990234374,368.2567599331669,0.04044141928145032,961.8170166015625,522.878662109375,2.182533025741577,5.16307258605957,5.166059970855713,6.867920398712158,0.5454119443893433,367.4850158691406,0.0392402820289135,"4571,4955,4980,4596,1266,4023,4279,3895,3735,3777,4151,3821,4939,754,4064,4407",15.639979362487793,,,,,0,4.536985397338867,5.536187171936035,2.354257583618164,3.530315399169922,"0.797,0.931,1.080,0.809,0.591,0.812,0.770,0.795",10466.00390625,5412.79345703125,"1.877e+04,1.966e+04,6822,6826,6032,8926,1.021e+04,6491",7.1926398277282715,5.730737686157227,"9.67,9.38,5.27,5.561,6.425,7.379,7.771,6.085"
4,gate_proj,gptq,13824,5120,0,0.002028316921657986,0.0014766127974898727,537.6847309339037,0.022651345912866272,1892.513916015625,1407.760009765625,126.99580383300781,8250.2109375,284.84918212890625,7123.943359375,0.951271653175354,532.0830688476562,0.3840002715587616,"1307,2657,3593,1567,1466,655,388,3850,4395,4020,4610,4437,136,11,4436,3799",756.6972045898438,,,,,0,174.11355590820312,3029.219970703125,114.919677734375,3507.774169921875,"0.119,0.093,0.076,0.036,0.034,0.039,0.068,0.013",1760.1893310546875,1761.965576171875,"2493,2831,1220,1051,1467,1920,2367,733.2",55.7959098815918,59.43052673339844,"55.6,55.15,56.15,58.66,59.47,58.45,46.92,55.97"
4,up_proj,gptq,13824,5120,0,0.0020301253707320603,0.0014399775752314814,214.60187098034248,0.015358895756577222,1034.059326171875,839.1514892578125,68.22561645507812,973.4901733398438,121.40516662597656,859.55517578125,0.951271653175354,213.46710205078125,0.22094698250293732,"2657,1307,388,3593,1567,1466,655,4437,4610,136,4395,4020,3850,4436,11,3799",756.6972045898438,,,,,0,66.8786849975586,385.4051208496094,54.805938720703125,439.5909423828125,"0.310,0.284,0.184,0.102,0.112,0.142,0.243,0.058",1760.1893310546875,1761.965576171875,"2493,2831,1220,1051,1467,1920,2367,733.2",55.7959098815918,59.43052673339844,"55.6,55.15,56.15,58.66,59.47,58.45,46.92,55.97"
4,down_proj,gptq,5120,13824,0,0.001899846394856771,0.0014366008617259839,2888.974495664931,0.16668313134713583,2522.10400390625,1077.136962890625,805.447265625,12753.732421875,14212.1171875,55.34842300415039,-0.00017259566811844707,669.57177734375,0.9996287226676941,"1368,4620,7184,11305,1997,11696,1525,3614,8312,3613,9675,2842,6504,7515,3654,5567",9546.4921875,,,,,0,36193.8828125,116.82213592529297,32.850284576416016,6.3585920333862305,"11.615,10.673,455.584,12.058,1.750,3.177,1.581,64.902",940.263916015625,50.501914978027344,"1563,144.2,4880,72.36,142.9,55.02,648.6,15.46",22.238117218017578,6.7077131271362305,"38.89,11.87,69.73,8.437,12.21,7.556,25.15,4.056"
5,q_proj,gptq,5120,5120,0,0.002051887512207031,0.00148895263671875,569.0087756646763,0.05233565475691412,1221.20068359375,668.777587890625,34.268577575683594,181.50643920898438,64.09981536865234,143.37509155273438,0.9180058836936951,567.5745239257812,0.13954336941242218,"3388,533,3720,316,1464,71,5117,2015,1974,1470,3978,1954,1810,3029,1298,2187",297.77557373046875,,,,,0,32.7102165222168,58.02323913574219,29.40686798095703,82.40917205810547,"1.653,0.634,1.691,0.417,0.293,0.437,0.765,0.296",2535.1337890625,2508.89013671875,"2541,3266,228.8,1853,2419,2738,6497,738.9",19.282386779785156,24.36543846130371,"13.3,23.12,4.162,20.97,26.27,24.61,26.35,15.46"
5,k_proj,gptq,1024,5120,0,0.0020599365234375,0.0014856338500976562,187.43027697420342,0.056995577597894746,384.99945068359375,207.3575439453125,10.88081169128418,62.21923065185547,20.554407119750977,49.13026809692383,0.9180058836936951,186.98898315429688,0.15731510519981384,"3388,3720,533,316,71,5117,1464,1186,1572,3029,1470,3978,1954,3135,4141,4402",297.77557373046875,,,,,0,10.989620208740234,19.96729850769043,9.064229011535645,28.202224731445312,"1.677,0.609,1.497,0.406,0.253,0.425,0.805,0.277",2535.1337890625,2508.89013671875,"2541,3266,228.8,1853,2419,2738,6497,738.9",19.282386779785156,24.36543846130371,"13.3,23.12,4.162,20.97,26.27,24.61,26.35,15.46"
5,v_proj,gptq,1024,5120,0,0.0020481109619140624,0.0014629364013671875,63.42305550146337,0.036500236725852175,165.8227081298828,101.19845581054688,4.483018398284912,22.98674774169922,7.4282708168029785,19.01837921142578,0.9180058836936951,63.25482940673828,0.08798132091760635,"533,1236,316,3720,2281,2015,591,71,1464,4348,1250,1810,3978,5117,3388,4141",297.77557373046875,,,,,0,3.8840739727020264,7.989536762237549,3.531586170196533,10.867809295654297,"1.260,0.504,1.143,0.382,0.270,0.391,0.678,0.254",2535.1337890625,2508.89013671875,"2541,3266,228.8,1853,2419,2738,6497,738.9",19.282386779785156,24.36543846130371,"13.3,23.12,4.162,20.97,26.27,24.61,26.35,15.46"
5,o_proj,gptq,5120,5120,0,0.0021049118041992186,0.0014381027221679688,293.14075155420323,0.031196925371426137,864.2459716796875,536.2771606445312,2.6319127082824707,5.201829433441162,13.57969856262207,15.023639678955078,0.5470823645591736,292.8766174316406,0.05991380289196968,"282,2570,1797,1285,154,1413,2698,338,410,3082,1669,2826,1541,210,466,355",27.284055709838867,,,,,0,12.11012077331543,11.749076843261719,4.834205627441406,6.081292152404785,"1.073,1.086,1.154,1.018,1.047,0.821,0.895,0.845",36064.640625,10496.5107421875,"8.38e+04,1.233e+05,1.577e+04,1.02e+04,9711,1.755e+04,1.136e+04,1.686e+04",9.705636978149414,7.584330081939697,"16.06,18.49,7.564,5.948,5.299,8.751,6.791,8.745"
5,gate_proj,gptq,13824,5120,0,0.0020211820249204284,0.0015083030418113427,828.5042486281454,0.02683598252977655,2602.68505859375,1824.63525390625,235.7133331298828,5452.2470703125,488.30194091796875,4073.98876953125,0.9618578553199768,820.4632568359375,0.4500073194503784,"1307,11,2657,1466,388,1567,3593,655,3850,892,4020,136,3799,4610,4437,4395",716.7903442382812,,,,,0,347.3033447265625,1291.418701171875,208.1170196533203,2184.23583984375,"1.011,0.377,2.984,0.127,0.081,0.096,0.392,0.140",2233.71923828125,2159.0869140625,"2141,3278,308.2,1606,2038,2405,5078,1015",41.635623931884766,53.35036849975586,"29.89,42.84,20.54,47.64,55.59,53.8,42.28,40.51"
5,up_proj,gptq,13824,5120,0,0.0020262541594328705,0.0014304832175925926,289.5082388720814,0.016258222939682362,1325.3521728515625,1050.72802734375,120.9011459350586,927.057373046875,196.49057006835938,748.26171875,0.9618578553199768,288.365234375,0.22143839299678802,"1307,11,2657,1466,3593,388,1567,892,655,136,3799,4437,4610,4020,4395,3850",716.7903442382812,,,,,0,109.80180358886719,285.40875244140625,93.25416564941406,414.8355712890625,"0.946,0.497,1.111,0.226,0.187,0.225,0.669,0.223",2233.71923828125,2159.0869140625,"2141,3278,308.2,1606,2038,2405,5078,1015",41.635623931884766,53.35036849975586,"29.89,42.84,20.54,47.64,55.59,53.8,42.28,40.51"
5,down_proj,gptq,5120,13824,0,0.002007717556423611,0.0014436086018880208,1170.4405559162815,0.056184631886928245,2487.55322265625,1280.75048828125,16.8524169921875,136.54873657226562,87.438720703125,27.945152282714844,0.02211281657218933,1067.2259521484375,0.7869235277175903,"10445,6564,6903,9020,1692,10029,8355,3179,1886,6872,10041,1343,12021,1158,11231,2489",12640.5947265625,,,,,0,120.79248046875,25.87676239013672,61.1573486328125,22.115066528320312,"7.850,1.238,6.025,3.081,2.987,2.102,3.020,8.565",11769.7275390625,16750.46875,"1.689e+04,1.01e+04,8231,1943,4262,2688,4.849e+04,1559",11.44361400604248,11.151972770690918,"14.04,12.41,10.71,6.301,11.43,7.516,23.72,5.417"
6,q_proj,gptq,5120,5120,0,0.002053375244140625,0.001471710205078125,455.8098082738382,0.04342636315946171,1079.470703125,642.0806884765625,40.07148742675781,171.47946166992188,76.25227355957031,146.57699584960938,0.8790907263755798,454.6451416015625,0.13602714240550995,"3388,28,157,4925,2657,4874,4344,1824,1696,3653,4436,892,3696,415,1290,548",336.4847717285156,,,,,0,39.87146759033203,62.50381088256836,34.83571243286133,78.63832092285156,"1.364,0.757,1.579,0.463,0.349,0.478,0.881,0.391",2787.73779296875,2883.82177734375,"2065,3802,247.1,1806,2673,3078,7349,1281",20.272245407104492,24.241535186767578,"16.07,23.66,4.513,20.34,26.68,24.59,28.03,18.29"
6,k_proj,gptq,1024,5120,0,0.002021980285644531,0.0014654159545898437,134.85286759628414,0.0451423700948733,312.229248046875,185.91421508789062,11.676553726196289,55.99864196777344,22.400691986083984,48.03350830078125,0.8790907263755798,134.37460327148438,0.12197066098451614,"3388,157,28,4925,2657,1824,4874,3653,1696,4436,548,415,892,3696,4344,3483",336.4847717285156,,,,,0,11.650774002075195,19.7141056060791,10.468873023986816,25.000537872314453,"1.235,0.694,1.574,0.472,0.365,0.459,0.725,0.415",2787.73779296875,2883.82177734375,"2065,3802,247.1,1806,2673,3078,7349,1281",20.272245407104492,24.241535186767578,"16.07,23.66,4.513,20.34,26.68,24.59,28.03,18.29"
6,v_proj,gptq,1024,5120,0,0.002060699462890625,0.001435089111328125,59.91817532113059,0.0313472740646728,171.85679626464844,111.84269714355469,6.209127426147461,24.462238311767578,10.519447326660156,21.341028213500977,0.8790907263755798,59.84687042236328,0.055373337119817734,"3388,28,157,4925,1824,4436,892,1696,3653,2657,3696,4874,415,1290,3483,1093",336.4847717285156,,,,,0,5.145851135253906,9.052567481994629,5.1667680740356445,11.543968200683594,"0.889,0.762,1.138,0.397,0.325,0.417,0.854,0.374",2787.73779296875,2883.82177734375,"2065,3802,247.1,1806,2673,3078,7349,1281",20.272245407104492,24.241535186767578,"16.07,23.66,4.513,20.34,26.68,24.59,28.03,18.29"
6,o_proj,gptq,5120,5120,0,0.0021094131469726564,0.0014384078979492187,339.3384831771873,0.03540445751425035,944.2329711914062,550.4534912109375,2.6856460571289062,5.892519950866699,17.41717529296875,19.90203857421875,0.7358163595199585,338.23516845703125,0.0713522732257843,"1659,1403,1915,2759,1531,3143,1787,2887,2631,3015,1376,1037,1078,1364,1876,1054",64.08126068115234,,,,,0,12.828007698059082,13.173415184020996,7.916995525360107,9.805906295776367,"1.048,1.067,1.209,1.178,1.187,0.747,0.930,0.645",35968.53515625,18324.9140625,"8.513e+04,9.357e+04,1.267e+04,2.182e+04,1.855e+04,1.997e+04,1.521e+04,2.082e+04",10.495617866516113,9.606148719787598,"16.08,17.17,6.211,7.323,6.748,10.81,7.696,11.94"
6,gate_proj,gptq,13824,5120,0,0.0020586649576822915,0.0015169638174551505,906.8451938888952,0.02739897883467392,2821.31103515625,1976.441162109375,370.8267517089844,6380.646484375,826.1312866210938,4754.970703125,0.955383837223053,900.1398315429688,0.46446314454078674,"1307,11,3593,1466,2657,388,4437,4020,1567,3850,3799,136,655,892,4597,4395",747.4261474609375,,,,,0,544.4942626953125,1769.281982421875,369.409912109375,2283.5126953125,"0.306,0.289,3.932,0.162,0.154,0.161,0.533,0.104",2471.85400390625,2631.50830078125,"1751,3560,354.9,1666,2376,2648,5927,1491",48.482460021972656,54.89668655395508,"54.04,48.04,25.32,45.94,57.88,54.5,48.9,53.25"
6,up_proj,gptq,13824,5120,0,0.0020377830222800927,0.0014344109429253473,341.4648642788013,0.017127559656546186,1507.136474609375,1178.1171875,200.27590942382812,1228.2503662109375,356.78228759765625,1022.305908203125,0.955383837223053,340.246826171875,0.2476089596748352,"1307,11,3593,388,2657,1466,4437,3799,4020,1567,136,655,892,4597,3850,4395",747.4261474609375,,,,,0,194.99609375,432.1305847167969,171.83628845214844,527.8436279296875,"0.417,0.519,1.756,0.296,0.270,0.339,0.767,0.233",2471.85400390625,2631.50830078125,"1751,3560,354.9,1666,2376,2648,5927,1491",48.482460021972656,54.89668655395508,"54.04,48.04,25.32,45.94,57.88,54.5,48.9,53.25"
6,down_proj,gptq,5120,13824,0,0.001996965761537905,0.0014321927671079283,1140.1255977191431,0.050734883467437084,2569.9287109375,1448.546875,14.019394874572754,62.338584899902344,48.49339294433594,33.213645935058594,0.008825847879052162,1094.93896484375,0.43412017822265625,"1809,9185,11369,7611,5481,12840,5823,3599,4397,10609,271,3273,8954,756,10144,12218",10045.142578125,,,,,0,45.947696685791016,29.068710327148438,26.027544021606445,18.63439178466797,"1.020,1.073,0.945,2.253,1.113,1.236,2.242,1.165",35167.05859375,19777.498046875,"7.756e+04,8917,5.382e+04,3828,3968,1.127e+04,1.199e+05,2048",13.057466506958008,10.539115905761719,"15.4,9.942,16.65,6.759,7.542,13.35,28.7,6.113"
7,q_proj,gptq,5120,5120,0,0.0020534515380859373,0.0014794158935546875,386.9604977070222,0.03567634665216412,1027.5828857421875,656.44677734375,59.01519012451172,205.42941284179688,115.7196273803711,186.09371948242188,0.890831708908081,386.2396240234375,0.1302848905324936,"3388,157,2657,28,4344,1824,3089,693,548,4925,1754,1093,4874,3931,382,892",278.20892333984375,,,,,0,56.322235107421875,77.1953125,53.34184265136719,98.17253112792969,"1.342,0.872,1.615,0.587,0.408,0.650,1.002,0.516",3194.006591796875,3300.8603515625,"1939,4175,364.9,2287,2944,4032,7894,1916",22.731647491455078,26.949176788330078,"15.68,26.29,5.916,23.92,29.64,27.91,30.47,22.04"
7,k_proj,gptq,1024,5120,0,0.0020565032958984376,0.0014860153198242188,116.6516768223023,0.039230508244937734,291.7764587402344,187.55905151367188,16.811912536621094,65.65536499023438,33.950233459472656,58.728302001953125,0.890831708908081,116.20855712890625,0.1320400834083557,"3388,157,2657,28,1824,693,4344,548,4874,1093,3931,3089,4925,1696,382,3696",278.20892333984375,,,,,0,16.334524154663086,24.23595428466797,15.518165588378906,30.423988342285156,"1.110,0.747,1.615,0.548,0.368,0.560,1.099,0.460",3194.006591796875,3300.8603515625,"1939,4175,364.9,2287,2944,4032,7894,1916",22.731647491455078,26.949176788330078,"15.68,26.29,5.916,23.92,29.64,27.91,30.47,22.04"
7,v_proj,gptq,1024,5120,0,0.0020425796508789064,0.0014432907104492188,54.889083543611854,0.02790949099731689,169.98333740234375,115.10673522949219,9.712669372558594,28.963134765625,17.415103912353516,28.068349838256836,0.890831708908081,54.79789352416992,0.053074974566698074,"3388,28,157,1824,2657,693,548,4874,1093,3931,4344,1696,4925,3696,415,382",278.20892333984375,,,,,0,8.384496688842773,11.909589767456055,8.671100616455078,14.805865287780762,"1.116,0.786,1.239,0.579,0.459,0.618,0.972,0.475",3194.006591796875,3300.8603515625,"1939,4175,364.9,2287,2944,4032,7894,1916",22.731647491455078,26.949176788330078,"15.68,26.29,5.916,23.92,29.64,27.91,30.47,22.04"
7,o_proj,gptq,5120,5120,0,0.002089805603027344,0.0014350509643554687,325.40910928140477,0.03261237151329823,934.3768310546875,568.34423828125,2.922104835510254,6.7991180419921875,17.2429141998291,18.368854522705078,0.39777469635009766,324.9967956542969,0.05165385082364082,"3755,1204,3243,5078,4822,4694,820,4566,3627,2285,3600,948,1076,3472,3371,3499",32.7364616394043,,,,,0,12.335006713867188,12.88054370880127,5.752012252807617,6.3855299949646,"0.928,0.901,1.052,1.121,0.983,0.995,1.080,0.933",33096.984375,14342.65234375,"7.636e+04,8.798e+04,1.993e+04,2.113e+04,1.461e+04,1.465e+04,1.724e+04,1.288e+04",9.824336051940918,7.488417625427246,"16,17.58,7.315,7.44,7.011,8.126,8.343,6.779"
7,gate_proj,gptq,13824,5120,0,0.0020476305926287615,0.0015139685736762153,1125.0979687311042,0.027891623363704408,3496.064208984375,2472.63232421875,487.1437072753906,5905.2919921875,1273.1668701171875,4182.2607421875,0.9529402256011963,1120.81787109375,0.5007596015930176,"1307,3593,11,1466,4020,1567,4597,4437,655,3850,136,388,3799,2657,4395,1145",1308.681884765625,,,,,0,730.8597412109375,1572.327880859375,602.997802734375,2371.755859375,"0.353,0.451,5.159,0.222,0.162,0.353,0.923,0.155",2745.385986328125,2806.38134765625,"1678,3772,414.9,2075,2549,3446,6274,1753",44.27892303466797,53.775543212890625,"42.03,44.06,23.46,46.55,56.51,49.34,45.9,46.38"
7,up_proj,gptq,13824,5120,0,0.002038249263057002,0.0014414469401041667,387.93746081435006,0.015582325777284311,1826.5010986328125,1445.31884765625,260.873046875,1201.809814453125,485.61260986328125,997.425048828125,0.9529402256011963,386.59375,0.2286137342453003,"1307,3593,11,1567,1466,4437,4597,4020,388,655,136,3799,2657,3850,4395,1145",1308.681884765625,,,,,0,245.2347412109375,421.20245361328125,237.1025390625,549.656494140625,"0.478,0.672,1.887,0.388,0.318,0.541,0.978,0.336",2745.385986328125,2806.38134765625,"1678,3772,414.9,2075,2549,3446,6274,1753",44.27892303466797,53.775543212890625,"42.03,44.06,23.46,46.55,56.51,49.34,45.9,46.38"
7,down_proj,gptq,5120,13824,0,0.002010204173900463,0.0014432271321614583,1763.4471116525963,0.06789431329316976,3425.684326171875,1612.508544921875,12.246904373168945,28.74469566345215,46.07595443725586,30.88283920288086,0.02368021197617054,1758.759033203125,0.0913165807723999,"13396,1021,11276,8240,12313,12778,7523,10660,9194,816,415,8482,11266,3773,10513,12978",211.2974395751953,,,,,0,43.10608673095703,25.5529842376709,13.187444686889648,10.482006072998047,"1.481,1.192,2.049,0.959,1.021,1.328,1.909,0.987",64550.2109375,13363.115234375,"1.227e+04,1.758e+04,2.354e+05,9159,1.254e+04,2.157e+04,2.025e+05,5322",13.310766220092773,9.259626388549805,"8.572,10.57,22.13,9.299,12.74,11.16,25.11,6.916"
8,q_proj,gptq,5120,5120,0,0.002033424377441406,0.0014623260498046874,531.6821961108745,0.05015185952843395,1168.56298828125,674.3430786132812,58.672584533691406,242.38034057617188,131.84971618652344,216.14271545410156,0.901630163192749,529.8292236328125,0.2159692347049713,"3720,3388,316,3005,533,3887,4402,2187,4141,1464,2015,1810,3638,1572,3390,1954",338.4990234375,,,,,0,61.99650573730469,89.88104248046875,54.1319580078125,113.0994644165039,"1.619,0.792,1.700,0.519,0.364,0.608,0.983,0.484",2784.465576171875,2818.341064453125,"1719,4133,354,2094,2718,3404,6027,1827",24.144502639770508,28.296945571899414,"16.1,29.16,6.797,27.2,30.58,29.97,29.53,23.82"
8,k_proj,gptq,1024,5120,0,0.0020360946655273438,0.0014530181884765624,167.7103951546292,0.05655275865043318,347.4390563964844,201.27896118164062,17.874279022216797,73.41014099121094,41.457706451416016,67.881591796875,0.901630163192749,167.42218017578125,0.23824550211429596,"3720,3388,316,533,3005,2015,4402,3887,2187,4141,1810,3390,1464,1954,1298,1470",338.4990234375,,,,,0,19.73055648803711,29.961875915527344,16.62561798095703,36.05463790893555,"1.489,0.730,1.716,0.485,0.356,0.635,0.941,0.417",2784.465576171875,2818.341064453125,"1719,4133,354,2094,2718,3404,6027,1827",24.144502639770508,28.296945571899414,"16.1,29.16,6.797,27.2,30.58,29.97,29.53,23.82"
8,v_proj,gptq,1024,5120,0,0.0020082473754882814,0.001479339599609375,54.769218982233056,0.02762431925165401,171.59164428710938,118.1798324584961,7.6762776374816895,34.17399978637695,14.227829933166504,31.831523895263672,0.901630163192749,54.69156265258789,0.09293284267187119,"316,3720,4402,3388,533,2187,3005,4141,3887,9,591,1464,1810,3135,2281,3390",338.4990234375,,,,,0,6.6474761962890625,13.54758071899414,6.303583145141602,16.814579010009766,"0.932,0.612,0.867,0.313,0.293,0.451,0.733,0.342",2784.465576171875,2818.341064453125,"1719,4133,354,2094,2718,3404,6027,1827",24.144502639770508,28.296945571899414,"16.1,29.16,6.797,27.2,30.58,29.97,29.53,23.82"
8,o_proj,gptq,5120,5120,0,0.0020959854125976564,0.0014444732666015626,320.830889509749,0.03482096927160128,912.0086059570312,535.4654541015625,2.7023377418518066,7.3646087646484375,23.139842987060547,27.743480682373047,0.6063368916511536,319.9441833496094,0.07927179336547852,"94,860,478,350,1116,988,732,222,1244,606,2056,2165,1226,4193,2101,1098",81.20316314697266,,,,,0,15.968914031982422,18.115333557128906,9.924125671386719,12.443235397338867,"0.851,0.821,1.200,0.913,0.957,0.925,0.861,0.803",37373.6640625,20726.412109375,"7.688e+04,8.828e+04,2.665e+04,1.71e+04,2.183e+04,2.632e+04,2.356e+04,1.837e+04",12.477303504943848,10.74170207977295,"18.74,20.35,9.842,8.522,9.319,11.72,11.35,9.98"
8,gate_proj,gptq,13824,5120,0,0.002041696619104456,0.0015178962990089698,1102.8339723329282,0.02689026817522048,3538.580322265625,2559.393310546875,326.7734069824219,3145.22216796875,906.9957885742188,2265.8955078125,0.9368277788162231,1099.3642578125,0.46754956245422363,"1307,3593,1567,4020,11,4597,1466,3850,655,4437,4395,388,4610,136,2657,1145",980.6784057617188,,,,,0,473.0623779296875,856.4750366210938,435.4823303222656,1243.45849609375,"0.493,0.681,5.089,0.223,0.212,0.404,0.933,0.272",3005.912109375,3052.937744140625,"1815,4247,526.8,2289,3023,3607,6514,2025",32.47819900512695,39.22334289550781,"27.56,31.16,18.46,36.7,43.59,35.45,33.97,32.94"
8,up_proj,gptq,13824,5120,0,0.0020361865008318865,0.0014472537570529515,382.45677908568905,0.014745855696420389,1891.313720703125,1526.6365966796875,183.95455932617188,581.076416015625,331.9391784667969,509.4263916015625,0.9368277788162231,381.2149353027344,0.1603821963071823,"1307,3593,1567,11,4020,4597,1466,4437,4395,388,655,3850,4610,136,2657,1145",980.6784057617188,,,,,0,163.53134155273438,219.8927459716797,160.79415893554688,272.2127685546875,"0.708,0.910,1.545,0.531,0.468,0.700,1.031,0.549",3005.912109375,3052.937744140625,"1815,4247,526.8,2289,3023,3607,6514,2025",32.47819900512695,39.22334289550781,"27.56,31.16,18.46,36.7,43.59,35.45,33.97,32.94"
8,down_proj,gptq,5120,13824,0,0.002005697179723669,0.0014364030626085069,1714.364523690413,0.06601380737047065,3395.511962890625,1630.4619140625,16.51361846923828,38.8576774597168,62.491065979003906,39.997169494628906,0.01617463491857052,1712.394287109375,0.0660632997751236,"5389,3574,4448,12718,1383,11165,0,10176,12425,3264,6540,4965,11809,793,11608,9932",124.83475494384766,,,,,0,33.30719757080078,22.62506675720215,44.137969970703125,24.227514266967773,"1.310,1.166,1.793,1.005,1.159,1.075,1.978,1.236",26413.80078125,38020.2265625,"8895,2.4e+04,2.029e+04,6939,1.323e+04,2.106e+04,1.069e+05,9968",13.021711349487305,13.835363388061523,"8.559,14.88,10.43,9.374,12.02,15.95,23.03,9.926"
9,q_proj,gptq,5120,5120,0,0.0020398712158203125,0.0014718246459960937,398.05790880445807,0.03579616900414894,1055.279296875,675.3400268554688,56.1727294921875,193.32327270507812,128.96441650390625,185.88201904296875,0.9059362411499023,397.3265075683594,0.1492478996515274,"3388,2657,157,1093,4344,693,3931,4925,548,28,3089,4517,3696,415,1824,382",353.7498779296875,,,,,0,58.34370422363281,77.18878173828125,58.17951965332031,90.83221435546875,"1.368,0.892,1.703,0.546,0.475,0.669,0.957,0.559",3147.96337890625,3465.51708984375,"1927,4424,461.7,2126,3005,4073,7056,2110",22.625280380249023,25.843482971191406,"16.73,27.91,6.454,23.19,27.77,27.2,28.96,22.81"
9,k_proj,gptq,1024,5120,0,0.002028656005859375,0.0015079498291015625,124.2333948007365,0.040999818802148494,305.0166931152344,194.79132080078125,16.54153823852539,63.81922149658203,39.5533561706543,60.503746032714844,0.9059362411499023,123.9217529296875,0.15561680495738983,"3388,2657,157,1093,693,4344,548,4925,3931,28,2428,1824,4517,3696,1696,415",353.7498779296875,,,,,0,18.213890075683594,24.56170082092285,17.00739288330078,28.90579605102539,"1.433,0.948,1.917,0.498,0.420,0.699,0.927,0.497",3147.96337890625,3465.51708984375,"1927,4424,461.7,2126,3005,4073,7056,2110",22.625280380249023,25.843482971191406,"16.73,27.91,6.454,23.19,27.77,27.2,28.96,22.81"
9,v_proj,gptq,1024,5120,0,0.0020450592041015626,0.0014568328857421874,57.32993286772452,0.027410571421490972,180.89517211914062,125.43782043457031,9.361160278320312,27.427349090576172,18.0057373046875,27.22701072692871,0.9059362411499023,57.205482482910156,0.058429375290870667,"2657,3388,1093,157,28,3931,548,693,4517,1696,2428,415,1824,3696,4344,4925",353.7498779296875,,,,,0,8.146506309509277,11.885115623474121,8.833553314208984,13.773337364196777,"1.006,0.767,1.265,0.564,0.501,0.584,0.861,0.539",3147.96337890625,3465.51708984375,"1927,4424,461.7,2126,3005,4073,7056,2110",22.625280380249023,25.843482971191406,"16.73,27.91,6.454,23.19,27.77,27.2,28.96,22.81"
9,o_proj,gptq,5120,5120,0,0.002080078125,0.0014468765258789063,324.3438150102302,0.032180201902364126,970.4736328125,577.3948364257812,5.030973434448242,11.791805267333984,26.84597396850586,29.727127075195312,0.36270952224731445,323.4912109375,0.054902803152799606,"4513,1575,4897,364,236,4769,620,4004,108,1447,1831,1703,5025,4641,4043,2350",42.954689025878906,,,,,0,14.981893539428711,16.252971649169922,11.380924224853516,13.476280212402344,"0.902,0.911,0.981,0.904,0.868,0.972,0.928,0.982",16014.712890625,10530.935546875,"3.31e+04,4.202e+04,9020,6611,7440,7795,1.042e+04,1.171e+04",11.291297912597656,10.874712944030762,"17.17,19.26,8.339,7.52,9.001,8.515,9.933,10.59"
9,gate_proj,gptq,13824,5120,0,0.0020414705629701966,0.0015017191569010417,676.2856296250538,0.020637571177394586,2603.290771484375,1984.6527099609375,149.77395629882812,303.78399658203125,277.7654724121094,305.82989501953125,0.9206995964050293,675.6842041015625,0.0957784503698349,"1307,11,2657,2853,1145,3593,1093,4597,4437,2442,388,4517,4863,1696,4020,3943",119.27273559570312,,,,,0,134.98109436035156,138.2373504638672,139.27529907226562,160.2520751953125,"1.091,1.008,1.533,0.820,0.725,0.942,1.171,0.773",3874.619873046875,4209.3486328125,"2421,5407,783.1,2627,3612,4815,8561,2771",18.124286651611328,19.93517303466797,"13.74,21.08,10.38,16.45,20.29,20.92,25.14,17.01"
9,up_proj,gptq,13824,5120,0,0.002045779758029514,0.0014863332112630208,565.0878932280757,0.01890440511891854,2315.57666015625,1771.37548828125,136.64393615722656,255.06210327148438,245.78131103515625,262.32147216796875,0.9206995964050293,564.7463989257812,0.05595259368419647,"1307,11,2657,2853,1145,3593,1093,4437,4597,2442,4517,388,4863,1696,3653,2746",119.27273559570312,,,,,0,115.63873291015625,119.15848541259766,124.7376480102539,137.1531219482422,"1.078,1.009,1.126,0.828,0.780,0.935,1.150,0.839",3874.619873046875,4209.3486328125,"2421,5407,783.1,2627,3612,4815,8561,2771",18.124286651611328,19.93517303466797,"13.74,21.08,10.38,16.45,20.29,20.92,25.14,17.01"
9,down_proj,gptq,5120,13824,0,0.0020030975341796876,0.0014748184769241897,1154.2562135549392,0.03821644990559551,3082.3154296875,1884.0908203125,27.529451370239258,52.804386138916016,59.92998123168945,47.15293502807617,0.08894906938076019,1154.3134765625,0.05872425064444542,"4987,11675,12529,9580,8509,12392,8797,7828,10092,4573,4900,2773,13609,7131,4212,10660",67.52916717529297,,,,,0,25.446712493896484,19.82636260986328,29.434429168701172,23.95827293395996,"1.321,1.401,1.620,1.084,0.981,1.243,1.543,1.122",11405.26171875,12676.9677734375,"3883,1.843e+04,1540,5661,1.166e+04,1.648e+04,2.637e+04,7223",11.224568367004395,13.095481872558594,"6.86,14.71,3.478,9.341,14.14,14.19,16.78,10.3"
10,q_proj,gptq,5120,5120,0,0.0020307159423828126,0.0014763641357421874,347.3328940636181,0.029683187791017494,1039.954833984375,718.0498046875,85.20820617675781,247.97488403320312,185.10467529296875,245.56297302246094,0.9111413359642029,346.99346923828125,0.12446735054254532,"3388,157,693,2657,4344,1093,4517,28,415,4925,1696,3931,4610,1824,3089,784",272.7569580078125,,,,,0,82.85293579101562,103.79443359375,88.6353759765625,127.1823501586914,"1.278,0.958,1.549,0.558,0.456,0.784,1.002,0.624",3379.52880859375,3866.9150390625,"2150,4755,505.6,2169,2928,4580,7430,2517",25.654521942138672,29.8568115234375,"19.46,31.37,7.265,25.72,30.71,30.7,33.66,26.36"
10,k_proj,gptq,1024,5120,0,0.0020475387573242188,0.0014705657958984375,102.81851869614937,0.03212318224677399,293.9786376953125,202.0467529296875,24.172122955322266,76.77537536621094,52.87010192871094,74.03943634033203,0.9111413359642029,102.6130142211914,0.1199369952082634,"3388,157,693,2657,1093,4344,4517,28,3931,1696,415,1824,4610,4436,4925,3696",272.7569580078125,,,,,0,23.56826400756836,30.939245223999023,26.025938034057617,38.57666015625,"1.165,0.899,1.472,0.571,0.442,0.729,0.978,0.586",3379.52880859375,3866.9150390625,"2150,4755,505.6,2169,2928,4580,7430,2517",25.654521942138672,29.8568115234375,"19.46,31.37,7.265,25.72,30.71,30.7,33.66,26.36"
10,v_proj,gptq,1024,5120,0,0.0020526885986328126,0.0014675140380859375,49.721153509366815,0.02590382385294349,163.25909423828125,119.14181518554688,13.324480056762695,34.431297302246094,26.112354278564453,34.32500076293945,0.9111413359642029,49.58423614501953,0.06158764660358429,"157,2657,3388,693,1093,4517,28,415,1696,1824,4436,3696,3931,388,4610,2428",272.7569580078125,,,,,0,11.835768699645996,15.341935157775879,13.20466423034668,18.190353393554688,"1.150,0.804,1.397,0.585,0.476,0.766,0.999,0.656",3379.52880859375,3866.9150390625,"2150,4755,505.6,2169,2928,4580,7430,2517",25.654521942138672,29.8568115234375,"19.46,31.37,7.265,25.72,30.71,30.7,33.66,26.36"
10,o_proj,gptq,5120,5120,0,0.0020833587646484374,0.0014515304565429687,341.07792024704213,0.03394419690695499,979.5595703125,573.3026123046875,4.834352016448975,13.53886604309082,27.385631561279297,31.204303741455078,0.4431195557117462,340.59197998046875,0.08480270951986313,"1590,1462,1846,282,1718,4072,26,1334,1321,1705,154,1449,1833,1577,284,3442",77.1492691040039,,,,,0,16.473892211914062,20.347564697265625,10.882343292236328,12.865547180175781,"0.803,0.791,0.798,0.773,0.795,0.846,0.902,0.834",16756.6875,10445.607421875,"3.795e+04,4.231e+04,7555,7384,7276,1.1e+04,1.011e+04,1.047e+04",12.456025123596191,10.720237731933594,"20.04,21.51,8.962,8.781,8.735,11.02,10.16,10.45"
10,gate_proj,gptq,13824,5120,0,0.0020236262568721066,0.0014965905083550346,687.9704611140187,0.02086446801842172,2636.50439453125,2016.23486328125,169.0851287841797,328.35906982421875,316.4053955078125,327.781005859375,0.860457718372345,687.34228515625,0.09757861495018005,"1307,11,2853,2657,1145,1093,2442,4517,4610,3978,2317,3653,3593,388,4743,993",82.46713256835938,,,,,0,148.0458984375,149.01123046875,162.93846130371094,177.18411254882812,"1.109,1.045,1.453,0.825,0.728,0.967,1.166,0.859",3810.26220703125,4339.2548828125,"2483,5043,767.3,2581,3353,5019,8305,2930",18.793033599853516,20.999950408935547,"14.38,21.27,10.64,17.24,20.61,22.17,26.01,18.03"
10,up_proj,gptq,13824,5120,0,0.002038560090241609,0.0014949516013816552,567.2071782357089,0.018727443145686196,2339.587890625,1810.92138671875,154.48135375976562,288.6181640625,277.85198974609375,289.7403564453125,0.860457718372345,566.841552734375,0.055368393659591675,"1307,11,2853,2657,1145,2442,1093,4517,3978,2317,4610,3653,3593,388,4743,1696",82.46713256835938,,,,,0,128.4635009765625,131.43270874023438,145.1298065185547,156.95083618164062,"1.113,1.051,1.037,0.791,0.731,0.987,1.172,0.846",3810.26220703125,4339.2548828125,"2483,5043,767.3,2581,3353,5019,8305,2930",18.793033599853516,20.999950408935547,"14.38,21.27,10.64,17.24,20.61,22.17,26.01,18.03"
10,down_proj,gptq,5120,13824,0,0.002010825828269676,0.0014901196515118634,1153.2235351586678,0.03816671222716755,3104.1728515625,1913.9483642578125,33.71013259887695,67.1253662109375,57.42660903930664,45.60805130004883,0.2361479252576828,1151.6295166015625,0.06994865089654922,"648,4305,9645,7300,11768,355,9002,12199,3207,216,3417,8187,3139,13604,9266,12239",332.7255859375,,,,,0,27.300785064697266,20.486501693725586,34.23757553100586,27.017553329467773,"1.355,1.385,1.516,1.023,1.122,1.313,1.553,1.216",9585.23828125,12470.69140625,"3829,1.836e+04,555.1,4716,7845,1.2e+04,2.153e+04,7849",11.270041465759277,13.664358139038086,"7.49,16.32,2.811,9.984,11.62,13.62,16.74,11.57"
11,q_proj,gptq,5120,5120,0,0.002034912109375,0.0014934158325195313,467.4779482261333,0.038770983094201975,1187.61962890625,748.0084838867188,59.98726272583008,240.984375,161.21141052246094,238.87448120117188,0.909446120262146,466.219970703125,0.17691634595394135,"3388,2657,4517,3978,4610,369,388,4743,3653,1696,2317,993,1180,1299,4287,1093",481.72418212890625,,,,,0,69.82209777832031,98.05192565917969,72.56185913085938,121.73289489746094,"1.379,0.881,1.733,0.466,0.372,0.641,0.868,0.556",2925.02880859375,3444.81396484375,"2127,4168,433.5,1714,2411,3755,6361,2431",24.233230590820312,28.14752960205078,"18.82,30.24,6.243,25.32,28.82,29.18,29.96,25.28"
11,k_proj,gptq,1024,5120,0,0.0020288467407226563,0.0014528274536132813,137.1992053427007,0.04108693460997444,335.7943115234375,209.341796875,17.22232437133789,74.125732421875,49.138038635253906,72.3778305053711,0.909446120262146,137.02626037597656,0.18420004844665527,"3388,2657,3978,369,388,4517,4743,3653,4610,1696,1093,2317,1180,4287,157,993",481.72418212890625,,,,,0,21.86075210571289,29.67496109008789,21.693395614624023,37.07073211669922,"1.454,0.914,1.854,0.471,0.353,0.574,1.053,0.617",2925.02880859375,3444.81396484375,"2127,4168,433.5,1714,2411,3755,6361,2431",24.233230590820312,28.14752960205078,"18.82,30.24,6.243,25.32,28.82,29.18,29.96,25.28"
11,v_proj,gptq,1024,5120,0,0.0020322799682617188,0.0014688491821289063,57.56864813195439,0.028595919820315344,175.6534423828125,121.41710662841797,8.323558807373047,33.39945983886719,19.17247772216797,33.348594665527344,0.909446120262146,57.33642578125,0.12017810344696045,"3978,369,4743,3388,2657,4517,3653,388,1093,4610,4287,1696,2317,1180,4436,3037",481.72418212890625,,,,,0,8.064228057861328,14.669486999511719,9.202847480773926,17.481449127197266,"0.933,0.546,1.245,0.385,0.317,0.533,0.740,0.505",2925.02880859375,3444.81396484375,"2127,4168,433.5,1714,2411,3755,6361,2431",24.233230590820312,28.14752960205078,"18.82,30.24,6.243,25.32,28.82,29.18,29.96,25.28"
11,o_proj,gptq,5120,5120,0,0.002079429626464844,0.00145538330078125,350.2854689138339,0.03571248634296867,978.9081420898438,568.3901977539062,8.189593315124512,18.391149520874023,33.022491455078125,44.767059326171875,0.6835048794746399,349.6381530761719,0.08204315602779388,"2364,2236,1270,1980,758,1366,2492,3805,886,2108,1359,1397,1306,1314,1368,2096",31.67019271850586,,,,,0,17.722984313964844,21.405263900756836,13.045661926269531,17.645761489868164,"0.847,0.849,0.945,0.826,0.776,0.778,0.810,0.806",13426.97265625,7663.35595703125,"2.732e+04,3.241e+04,5335,5272,5835,9923,9649,1.167e+04",13.65025520324707,12.862934112548828,"17.55,19.35,8.892,9.371,10.16,14.34,14.34,15.2"
11,gate_proj,gptq,13824,5120,0,0.00203740155255353,0.0014986532705801505,704.7049231100827,0.019511947345454507,2812.16552734375,2143.166015625,213.04376220703125,947.122802734375,376.8506164550781,793.1910400390625,0.9993887543678284,703.212890625,0.1820058971643448,"1567,2657,11,4610,1307,388,1093,1145,2853,4517,228,351,3653,1696,3978,4436",1687.3929443359375,,,,,0,172.5027618408203,342.2543029785156,203.45376586914062,480.4132995605469,"0.686,0.850,1.341,0.179,0.215,0.468,1.114,0.535",3437.6474609375,4070.867431640625,"2294,4521,730.3,2030,2819,4325,7661,3121",22.992815017700195,27.35663604736328,"17.05,23.23,10.45,26.11,29.2,27.2,28.14,22.57"
11,up_proj,gptq,13824,5120,0,0.00203329015661169,0.0014801590530960649,471.7653718369547,0.016203192205830025,2164.02197265625,1715.916259765625,170.53115844726562,350.1331481933594,290.581298828125,346.7285461425781,0.9993887543678284,471.30230712890625,0.06398596614599228,"1567,2657,11,1307,4610,388,1093,1145,2853,4517,351,3653,1696,228,3978,4287",1687.3929443359375,,,,,0,132.70928955078125,152.44863891601562,157.95462036132812,194.21701049804688,"1.035,1.008,1.138,0.553,0.593,0.829,1.137,0.799",3437.6474609375,4070.867431640625,"2294,4521,730.3,2030,2819,4325,7661,3121",22.992815017700195,27.35663604736328,"17.05,23.23,10.45,26.11,29.2,27.2,28.14,22.57"
11,down_proj,gptq,5120,13824,0,0.002007576271339699,0.001476217199254919,1147.3149890161571,0.03938888001836409,2920.45947265625,1736.62060546875,27.99484634399414,52.52349090576172,65.1136474609375,55.39080047607422,0.45643284916877747,1148.005615234375,0.04471757635474205,"5378,11563,12428,13445,3697,7295,12085,5383,6192,2068,1066,13365,4239,10659,13727,2199",40.05514907836914,,,,,0,31.876140594482422,25.656700134277344,33.085243225097656,29.28131103515625,"1.429,1.297,1.541,0.893,0.929,1.073,1.579,0.969",14359.140625,13760.015625,"9425,2.494e+04,592,3957,6530,1.728e+04,4.25e+04,9651",13.021641731262207,14.99159049987793,"9.966,17.03,2.53,9.308,11.35,18.58,21.26,14.14"
12,q_proj,gptq,5120,5120,0,0.002029228210449219,0.0015032196044921875,449.8775722136539,0.03860251647855792,1143.3245849609375,739.9881591796875,74.61385345458984,266.0635681152344,203.3240966796875,286.92718505859375,0.8510857224464417,448.72991943359375,0.1992713212966919,"3388,3978,157,4610,3653,369,693,1696,1180,3039,2657,4517,4743,2317,4287,4436",402.9562072753906,,,,,0,86.43885803222656,114.3355941772461,91.82678985595703,143.62246704101562,"1.374,1.033,1.631,0.540,0.389,0.596,0.899,0.606",2950.072509765625,3465.57861328125,"1979,4066,413.5,1729,2369,3868,6553,2623",26.037540435791016,30.528656005859375,"20.85,32.3,6.58,25.93,30.03,31.72,32.89,27.99"
12,k_proj,gptq,1024,5120,0,0.0020288467407226563,0.0014495849609375,131.38075640689956,0.04163668135906115,320.0898742675781,207.38824462890625,21.292892456054688,79.07734680175781,59.44987869262695,85.40486145019531,0.8510857224464417,131.1951446533203,0.18295975029468536,"3388,3978,157,4610,693,3653,369,3039,1180,2317,4517,2657,1299,4743,388,1696",402.9562072753906,,,,,0,24.878280639648438,32.85553741455078,26.172462463378906,42.99419021606445,"1.380,0.951,1.686,0.582,0.346,0.651,0.983,0.564",2950.072509765625,3465.57861328125,"1979,4066,413.5,1729,2369,3868,6553,2623",26.037540435791016,30.528656005859375,"20.85,32.3,6.58,25.93,30.03,31.72,32.89,27.99"
12,v_proj,gptq,1024,5120,0,0.00206451416015625,0.0014677047729492188,43.989698207351104,0.021709563915074274,162.13951110839844,120.3709716796875,9.504484176635742,33.001930236816406,17.62555694580078,35.986000061035156,0.8510857224464417,43.93010330200195,0.06667536497116089,"3388,3978,4610,3653,693,369,157,1696,4743,4517,2317,3039,1299,2657,4287,388",402.9562072753906,,,,,0,7.867392539978027,14.983344078063965,8.89352035522461,18.450437545776367,"0.683,0.565,0.961,0.371,0.348,0.505,0.730,0.418",2950.072509765625,3465.57861328125,"1979,4066,413.5,1729,2369,3868,6553,2623",26.037540435791016,30.528656005859375,"20.85,32.3,6.58,25.93,30.03,31.72,32.89,27.99"
12,o_proj,gptq,5120,5120,0,0.002087249755859375,0.0014637374877929687,315.7353060755963,0.0331195132621701,909.6843872070312,545.0076904296875,8.49075698852539,18.118925094604492,29.479412078857422,40.907737731933594,0.6536291241645813,315.2567138671875,0.05025416240096092,"526,1707,2824,1323,2218,270,2474,1835,2346,1962,398,3080,142,1451,2402,1424",30.39565086364746,,,,,0,15.914358139038086,22.439851760864258,11.089086532592773,16.23598861694336,"0.710,0.681,0.928,0.740,0.727,0.682,0.765,0.675",12534.8515625,7354.1376953125,"2.511e+04,3.129e+04,5046,4696,4733,1.165e+04,7584,1.017e+04",14.006185531616211,12.542638778686523,"19.65,23.12,8.552,9.069,9.378,15.68,11.7,14.9"
12,gate_proj,gptq,13824,5120,0,0.002031241522894965,0.0015123155381944445,563.2354696781258,0.017125755814096595,2469.932373046875,1918.634765625,198.801025390625,350.305419921875,342.8730773925781,360.77569580078125,0.929318368434906,562.8316650390625,0.06847253441810608,"1307,11,2657,4610,1145,3593,228,388,1093,2853,4517,415,351,1290,4597,1696",145.79531860351562,,,,,0,159.866455078125,162.64222717285156,181.38304138183594,195.33399963378906,"1.102,1.058,1.509,0.778,0.786,0.931,1.139,0.801",3670.32666015625,4235.78076171875,"2410,4887,765.5,2135,2845,4955,8162,3203",20.143320083618164,22.65053939819336,"15.4,22.85,11.05,17.44,20.49,24.65,28.37,20.9"
12,up_proj,gptq,13824,5120,0,0.002041230378327546,0.0014938919632523147,492.6398369773815,0.016101029572866087,2268.669921875,1793.763427734375,187.32899475097656,319.8977966308594,313.0115051269531,330.1607666015625,0.929318368434906,492.3804931640625,0.04473543167114258,"1307,11,2657,4610,1145,3593,228,388,1093,2853,4517,415,1696,351,1290,4597",145.79531860351562,,,,,0,144.13504028320312,150.06979370117188,164.88279724121094,178.83444213867188,"1.076,1.016,1.134,0.777,0.750,0.920,1.139,0.843",3670.32666015625,4235.78076171875,"2410,4887,765.5,2135,2845,4955,8162,3203",20.143320083618164,22.65053939819336,"15.4,22.85,11.05,17.44,20.49,24.65,28.37,20.9"
12,down_proj,gptq,5120,13824,0,0.0020023204662181714,0.0015020441125940392,974.0490961966343,0.031806337939636053,2821.6982421875,1815.2686767578125,34.73182678222656,60.099037170410156,82.7982406616211,64.32073211669922,0.031200764700770378,974.3556518554688,0.05632350966334343,"10229,10983,6105,9628,9626,8819,12694,11426,7308,9631,8299,10871,8441,6316,3547,9289",61.09770202636719,,,,,0,76.88265991210938,54.16876220703125,37.04970932006836,29.626184463500977,"1.477,1.533,1.434,1.030,1.155,1.225,1.562,1.050",29639.27734375,12881.3349609375,"7.952e+04,8.857e+04,432.3,4132,9355,1.803e+04,2.617e+04,1.091e+04",17.735374450683594,14.792880058288574,"30.89,32.91,2.479,9.497,13.91,17.55,19.17,15.47"
13,q_proj,gptq,5120,5120,0,0.002029457092285156,0.0014797210693359374,424.7932044523463,0.03736101788242871,1099.631591796875,710.7762451171875,79.48114013671875,270.9607238769531,232.64483642578125,289.10498046875,0.8298267126083374,423.5469970703125,0.2246113419532776,"3388,3978,3653,693,1696,369,157,4610,993,4287,4436,2317,3039,4743,1180,1299",375.5306091308594,,,,,0,100.64769744873047,115.16177368164062,103.25173950195312,144.18759155273438,"1.872,1.371,1.687,0.554,0.451,0.710,0.905,0.614",3224.62451171875,3493.21826171875,"2747,4879,393.6,1850,2631,4442,6139,2717",26.773563385009766,31.462093353271484,"21.67,31.71,6.78,27.36,31.93,33.21,32.76,28.78"
13,k_proj,gptq,1024,5120,0,0.0020599365234375,0.0014675140380859375,131.24440176699798,0.044585771691672896,309.2996826171875,197.9669189453125,23.175783157348633,81.91617584228516,68.40263366699219,84.68753814697266,0.8298267126083374,130.61312866210938,0.23375239968299866,"3978,3388,3653,4287,693,369,1696,157,993,4610,3039,2317,4743,1180,1299,4517",375.5306091308594,,,,,0,29.929317474365234,34.07467269897461,30.410776138305664,43.532928466796875,"2.063,1.413,1.909,0.524,0.388,0.688,1.005,0.536",3224.62451171875,3493.21826171875,"2747,4879,393.6,1850,2631,4442,6139,2717",26.773563385009766,31.462093353271484,"21.67,31.71,6.78,27.36,31.93,33.21,32.76,28.78"
13,v_proj,gptq,1024,5120,0,0.0020099639892578124,0.001476287841796875,49.168305641576325,0.02241505316102669,178.19915771484375,131.3724365234375,11.630766868591309,40.435325622558594,23.614816665649414,42.923362731933594,0.8298267126083374,49.052120208740234,0.08122524619102478,"3388,3653,3978,693,369,157,1696,4287,4610,993,1299,4436,1180,3039,4743,2317",375.5306091308594,,,,,0,11.194435119628906,17.615978240966797,11.48444938659668,21.774898529052734,"1.055,0.874,1.003,0.441,0.363,0.568,0.756,0.505",3224.62451171875,3493.21826171875,"2747,4879,393.6,1850,2631,4442,6139,2717",26.773563385009766,31.462093353271484,"21.67,31.71,6.78,27.36,31.93,33.21,32.76,28.78"
13,o_proj,gptq,5120,5120,0,0.00209197998046875,0.0014548873901367187,336.4223240889732,0.03389236067854567,971.6441650390625,572.93603515625,9.43316650390625,21.95379638671875,34.07585525512695,38.938201904296875,0.5394867062568665,335.2347412109375,0.06484458595514297,"1016,3245,604,4014,3629,1877,3886,4270,348,220,1144,760,1621,1365,1272,4398",50.555179595947266,,,,,0,23.65083122253418,26.6650447845459,13.780047416687012,16.63143539428711,"0.949,0.896,0.926,0.935,0.914,0.794,1.024,0.740",17382.796875,7587.8115234375,"4.472e+04,4.878e+04,5377,6180,6556,9184,7762,1.05e+04",14.542217254638672,12.083264350891113,"22.46,24.66,8.543,9.637,10.15,13.96,10.74,16.18"
13,gate_proj,gptq,13824,5120,0,0.002045525444878472,0.0015126687509042244,548.0780623976989,0.016588617187928395,2469.702880859375,1946.612060546875,223.3795166015625,404.86529541015625,412.54522705078125,421.7970275878906,0.8457260131835938,547.4363403320312,0.09541191160678864,"1307,4610,2657,11,228,3593,388,1145,4020,1093,3850,4597,415,4517,2950,351",188.67222595214844,,,,,0,210.66360473632812,206.59352111816406,212.10023498535156,224.62384033203125,"1.164,1.136,1.599,0.824,0.806,0.963,1.133,0.846",4104.35400390625,4378.40478515625,"3480,5969,707.7,2475,3351,5598,7709,3545",22.659086227416992,24.16811752319336,"20.22,27.1,11.47,19.64,23.05,27.4,29.37,23.02"
13,up_proj,gptq,13824,5120,0,0.0020367233841507523,0.0014954743561921297,469.0494228713924,0.01534356686988725,2258.411865234375,1817.3101806640625,210.55703735351562,362.94512939453125,371.73492431640625,382.08270263671875,0.8457260131835938,468.57501220703125,0.055115848779678345,"1307,4610,11,2657,228,3593,388,1145,1093,4597,415,4020,4517,3850,2950,351",188.67222595214844,,,,,0,186.1824951171875,189.34031677246094,194.53369140625,203.75225830078125,"1.098,1.076,1.129,0.786,0.800,0.944,1.114,0.904",4104.35400390625,4378.40478515625,"3480,5969,707.7,2475,3351,5598,7709,3545",22.659086227416992,24.16811752319336,"20.22,27.1,11.47,19.64,23.05,27.4,29.37,23.02"
13,down_proj,gptq,5120,13824,0,0.0020053863525390627,0.0014985684995298032,1009.3965746567337,0.033234979674507864,2891.440185546875,1847.2955322265625,40.953765869140625,71.87521362304688,75.00328063964844,61.579994201660156,0.11631185561418533,1009.4754638671875,0.0700744017958641,"3831,4694,4633,6725,12010,10372,12178,1838,5705,5104,12312,12420,6081,9569,5671,4555",24.83382797241211,,,,,0,37.78913497924805,29.784339904785156,44.274757385253906,35.181495666503906,"1.186,1.180,1.561,1.144,1.134,1.294,1.520,1.151",11405.955078125,13244.755859375,"4804,1.167e+04,442.3,4762,1.107e+04,1.804e+04,2.585e+04,1.461e+04",13.86474609375,16.02136993408203,"9.67,15.63,2.663,10.14,15.6,18.9,20.15,18.16"
14,q_proj,gptq,5120,5120,0,0.0020398712158203125,0.001485443115234375,384.58457292181464,0.03188211427670222,1100.1072998046875,758.5830078125,95.50686645507812,294.8252868652344,264.74761962890625,314.9747314453125,0.845570981502533,383.3729248046875,0.1591259390115738,"3388,4610,693,157,2657,415,388,1093,3931,4517,2099,3089,4436,228,4373,784",356.9042053222656,,,,,0,111.34112548828125,129.14752197265625,120.38191223144531,159.5419921875,"1.506,1.185,1.514,0.614,0.506,0.737,1.009,0.677",3525.29052734375,3891.167724609375,"2693,4705,438.1,2288,3186,4903,6616,3374",28.142852783203125,32.73454284667969,"23.11,33.08,7.197,28.82,34.13,34.42,34.39,29.98"
14,k_proj,gptq,1024,5120,0,0.0020233154296875,0.0014768600463867187,122.27107466136172,0.03871667681410721,314.4676513671875,218.2600860595703,28.198040008544922,89.39698028564453,80.45783996582031,94.71832275390625,0.845570981502533,121.89169311523438,0.161241814494133,"693,3388,4610,157,2657,415,3931,388,4517,4436,2099,1093,228,3039,1696,4373",356.9042053222656,,,,,0,32.86669921875,37.85797119140625,35.676963806152344,47.879085540771484,"1.500,1.131,1.667,0.636,0.521,0.799,0.984,0.704",3525.29052734375,3891.167724609375,"2693,4705,438.1,2288,3186,4903,6616,3374",28.142852783203125,32.73454284667969,"23.11,33.08,7.197,28.82,34.13,34.42,34.39,29.98"
14,v_proj,gptq,1024,5120,0,0.0020355224609375,0.001436614990234375,42.54648885769888,0.021508958139416594,157.75303649902344,117.50403594970703,12.835590362548828,39.15912628173828,26.460731506347656,41.92937088012695,0.845570981502533,42.466854095458984,0.06618491560220718,"4610,3388,693,157,2657,415,388,4517,1093,3931,4436,228,2099,1696,1031,4373",356.9042053222656,,,,,0,12.186408996582031,17.70524024963379,13.536038398742676,22.605331420898438,"0.949,0.912,1.218,0.470,0.432,0.639,0.895,0.544",3525.29052734375,3891.167724609375,"2693,4705,438.1,2288,3186,4903,6616,3374",28.142852783203125,32.73454284667969,"23.11,33.08,7.197,28.82,34.13,34.42,34.39,29.98"
14,o_proj,gptq,5120,5120,0,0.002079429626464844,0.0014396286010742187,301.38828805985395,0.030898181797668768,906.8244018554688,556.923583984375,9.578746795654297,22.36371612548828,27.877578735351562,35.74095916748047,0.6810965538024902,300.9090576171875,0.08586263656616211,"3940,2115,879,1263,2967,4452,4324,2711,1135,1007,555,2243,4196,2499,427,2839",37.72660446166992,,,,,0,15.982511520385742,20.515005111694336,12.612751960754395,16.57838249206543,"0.745,0.748,0.743,0.835,0.847,0.815,0.841,0.857",9452.12890625,6149.1728515625,"2.122e+04,2.496e+04,3382,5697,4912,5012,4723,5706",12.868711471557617,12.181984901428223,"20.78,22.28,8.369,9.964,9.471,10.46,10.01,11.6"
14,gate_proj,gptq,13824,5120,0,0.002044819019458912,0.0014996987802010995,552.0859191956697,0.016795938774584913,2475.563232421875,1952.7314453125,228.26910400390625,420.03985595703125,419.70172119140625,433.74176025390625,0.8097843527793884,551.57958984375,0.1020384132862091,"1307,11,4610,2657,228,3593,388,4020,2950,1145,1093,415,3850,4517,4597,3931",172.09901428222656,,,,,0,218.4057159423828,218.6019744873047,220.42501831054688,234.7659912109375,"1.081,1.092,1.534,0.827,0.838,0.929,1.124,0.886",4109.0029296875,4416.80078125,"3219,5415,698.6,2847,3774,5528,7567,3823",23.137176513671875,24.649436950683594,"20.28,26.79,11.67,20.97,24.3,27.77,29.47,23.84"
14,up_proj,gptq,13824,5120,0,0.002031820791739005,0.0014940615053530093,476.3072624774941,0.015470647138114305,2283.57568359375,1836.164306640625,216.73597717285156,379.9810791015625,375.17138671875,397.6409606933594,0.8097843527793884,475.9516296386719,0.05809352546930313,"1307,11,4610,2657,228,3593,388,4020,2950,1145,415,1093,4517,3850,4597,3931",172.09901428222656,,,,,0,192.23117065429688,198.63815307617188,199.58590698242188,216.46737670898438,"1.015,1.010,1.131,0.824,0.826,0.938,1.141,0.878",4109.0029296875,4416.80078125,"3219,5415,698.6,2847,3774,5528,7567,3823",23.137176513671875,24.649436950683594,"20.28,26.79,11.67,20.97,24.3,27.77,29.47,23.84"
14,down_proj,gptq,5120,13824,0,0.0019981808132595487,0.001499303181966146,1003.0133810195425,0.032881048092604115,2903.119140625,1865.5552978515625,43.69367599487305,78.6506118774414,72.04878234863281,61.26787185668945,0.18497802317142487,1003.1971435546875,0.06524354964494705,"3274,9682,8922,2466,1526,4410,10656,1645,1269,3513,6563,7288,8105,7006,12767,7782",25.02801513671875,,,,,0,38.455787658691406,32.47126007080078,41.385231018066406,34.869483947753906,"1.056,1.067,1.483,1.091,1.216,1.198,1.415,1.062",10515.8603515625,11515.962890625,"4217,1.098e+04,471.8,5999,1.21e+04,1.709e+04,2.052e+04,1.274e+04",14.502750396728516,16.039215087890625,"10.7,17.26,2.848,11.95,16.19,19.36,19.43,18.28"
15,q_proj,gptq,5120,5120,0,0.002029380798339844,0.0014879608154296875,321.47953992916007,0.02810420609737775,992.1356201171875,690.52099609375,85.96815490722656,244.303955078125,240.6053924560547,270.1778564453125,0.8557490706443787,321.2281494140625,0.19578440487384796,"693,3388,157,4610,2099,415,2657,3089,4344,4925,3931,28,1754,2953,1031,784",362.557861328125,,,,,0,97.79377746582031,110.01419830322266,106.87509155273438,134.141845703125,"1.460,1.083,1.743,0.680,0.550,0.806,1.039,0.726",3588.2099609375,3863.22802734375,"2527,4410,475.9,2549,3537,5050,6541,3615",26.773757934570312,30.9197940826416,"22.89,31.64,7.211,26.75,32.27,31.9,32.4,29.11"
15,k_proj,gptq,1024,5120,0,0.002048301696777344,0.0014719009399414063,97.59798969974297,0.03343066341444249,275.7178039550781,191.1112060546875,24.104320526123047,76.1026840209961,72.99656677246094,85.0648193359375,0.8557490706443787,97.39584350585938,0.2110992968082428,"693,3388,157,4610,2099,415,2657,3931,4344,28,2953,4925,1031,4373,3089,1754",362.557861328125,,,,,0,28.517459869384766,32.488548278808594,31.081092834472656,42.71055603027344,"1.495,1.268,1.762,0.652,0.496,0.892,0.947,0.634",3588.2099609375,3863.22802734375,"2527,4410,475.9,2549,3537,5050,6541,3615",26.773757934570312,30.9197940826416,"22.89,31.64,7.211,26.75,32.27,31.9,32.4,29.11"
15,v_proj,gptq,1024,5120,0,0.0020168304443359377,0.0014623641967773438,43.81079660752788,0.01989357769340046,175.4423370361328,134.2008056640625,14.760029792785645,36.40332794189453,27.33710289001465,38.55554962158203,0.8557490706443787,43.77735137939453,0.05233324319124222,"157,693,3388,4610,415,2657,2099,3931,28,4344,4373,1031,2953,3089,4925,1824",362.557861328125,,,,,0,13.107349395751953,17.11701202392578,14.066202163696289,20.072677612304688,"0.907,0.783,1.233,0.627,0.600,0.744,0.983,0.655",3588.2099609375,3863.22802734375,"2527,4410,475.9,2549,3537,5050,6541,3615",26.773757934570312,30.9197940826416,"22.89,31.64,7.211,26.75,32.27,31.9,32.4,29.11"
15,o_proj,gptq,5120,5120,0,0.002072944641113281,0.001484222412109375,322.1108754277375,0.030756778501500177,958.9929809570312,597.5669555664062,11.858964920043945,29.95191192626953,28.630897521972656,39.562294006347656,0.4541653096675873,321.58038330078125,0.055444248020648956,"3326,3454,4804,3710,4932,3838,4676,4548,1300,1812,891,1428,2032,1684,2288,1556",44.215614318847656,,,,,0,14.920592308044434,21.270702362060547,12.784317016601562,17.245527267456055,"0.672,0.654,0.726,0.735,0.795,0.783,0.786,0.755",6179.1748046875,4970.74609375,"1.399e+04,1.54e+04,2605,3816,3599,3396,2991,3636",12.59134292602539,11.879474639892578,"20.52,21.98,8.607,10.6,9.979,9.567,8.955,10.53"
15,gate_proj,gptq,13824,5120,0,0.002040651109483507,0.0015091224952980323,597.5261735368986,0.01776054415587423,2578.68212890625,1997.96484375,245.7317657470703,462.9012451171875,442.802490234375,454.3500671386719,0.794021725654602,596.7657470703125,0.11238997429609299,"1307,4610,2657,11,228,4020,3593,2950,388,1145,3850,415,4597,4517,1093,4938",186.6743621826172,,,,,0,237.37554931640625,239.067138671875,228.8187255859375,244.32772827148438,"1.075,1.005,1.671,0.834,0.883,0.954,1.111,0.874",4115.1416015625,4220.63427734375,"3132,5152,714,3135,4065,5646,7218,3859",24.006004333496094,24.888750076293945,"21.19,27.7,12.32,22.89,25.21,28.46,29.63,24.66"
15,up_proj,gptq,13824,5120,0,0.002037613480179398,0.001483083654333044,508.179795663571,0.01682797158333636,2304.03369140625,1808.298828125,223.49954223632812,400.58648681640625,381.96844482421875,401.0417175292969,0.794021725654602,507.8774108886719,0.06525128334760666,"1307,4610,11,2657,228,4020,3593,2950,388,1145,3850,415,4597,4517,1093,4938",186.6743621826172,,,,,0,201.75042724609375,209.44509887695312,202.58929443359375,216.037109375,"0.967,0.969,1.156,0.815,0.886,0.971,1.112,0.888",4115.1416015625,4220.63427734375,"3132,5152,714,3135,4065,5646,7218,3859",24.006004333496094,24.888750076293945,"21.19,27.7,12.32,22.89,25.21,28.46,29.63,24.66"
15,down_proj,gptq,5120,13824,0,0.00200078045880353,0.001497508861400463,1049.4292600773501,0.03500656248936663,2930.831787109375,1847.01416015625,44.1664924621582,87.31922912597656,68.9202880859375,61.38531494140625,0.20891553163528442,1049.38818359375,0.06816692650318146,"9017,6833,4977,8874,4966,3073,1080,3811,12797,12708,5021,3028,8133,4758,3449,7912",191.691650390625,,,,,0,35.05046844482422,30.578346252441406,40.634605407714844,35.24076843261719,"1.131,1.106,1.504,1.049,1.149,1.156,1.270,1.055",9579.923828125,11253.47265625,"5177,1.135e+04,604.1,6834,1.057e+04,1.334e+04,1.848e+04,1.029e+04",14.37486743927002,16.240589141845703,"11.98,17.03,3.268,13.51,15.79,17.58,19.63,16.2"
16,q_proj,gptq,5120,5120,0,0.002030029296875,0.0014752960205078125,396.60647096186557,0.032425879276409345,1125.69140625,772.30419921875,75.53616333007812,258.1376037597656,228.7587432861328,276.7822265625,0.8300878405570984,396.1695556640625,0.19634906947612762,"3388,693,4610,157,2657,415,2099,3089,4373,388,3931,4517,4436,1031,2950,4344",356.6097106933594,,,,,0,94.59276580810547,112.86343383789062,94.5940933227539,136.06060791015625,"1.559,1.155,1.737,0.605,0.520,0.681,0.908,0.633",3404.55517578125,3649.15478515625,"2664,4340,517.8,2479,3368,4488,6022,3357",25.703880310058594,29.50464630126953,"22.16,30.71,6.956,26.75,30.84,30.28,30.41,27.52"
16,k_proj,gptq,1024,5120,0,0.002033233642578125,0.0014730453491210937,136.65788157562324,0.03927330291012559,348.63690185546875,241.77847290039062,24.177515029907227,85.80546569824219,79.82752990722656,93.41354370117188,0.8300878405570984,136.38015747070312,0.20319737493991852,"693,3388,157,4610,2657,415,2099,388,4373,3931,4517,4436,1031,2797,1093,2953",356.6097106933594,,,,,0,31.39484405517578,36.01507568359375,32.208683013916016,48.22766876220703,"1.789,1.334,1.723,0.583,0.437,0.707,1.043,0.618",3404.55517578125,3649.15478515625,"2664,4340,517.8,2479,3368,4488,6022,3357",25.703880310058594,29.50464630126953,"22.16,30.71,6.956,26.75,30.84,30.28,30.41,27.52"
16,v_proj,gptq,1024,5120,0,0.0020399093627929688,0.0014715194702148438,42.122450839162724,0.021736270342730124,157.23422241210938,117.1173095703125,9.768033027648926,31.0423583984375,19.46883773803711,32.103214263916016,0.8300878405570984,41.97964096069336,0.0727938562631607,"693,4610,157,3388,415,2657,2099,3931,4373,4436,388,4517,784,1031,2950,228",356.6097106933594,,,,,0,9.107721328735352,13.932037353515625,9.56068229675293,16.35881233215332,"0.854,0.697,1.264,0.504,0.447,0.607,0.840,0.625",3404.55517578125,3649.15478515625,"2664,4340,517.8,2479,3368,4488,6022,3357",25.703880310058594,29.50464630126953,"22.16,30.71,6.956,26.75,30.84,30.28,30.41,27.52"
16,o_proj,gptq,5120,5120,0,0.0020823287963867188,0.0014611053466796874,340.81471982997755,0.03615771582116629,959.5482177734375,542.5335083007812,10.4244966506958,28.937843322753906,33.79478454589844,42.68053436279297,0.5792935490608215,339.10833740234375,0.06501109898090363,"3475,3731,3603,2903,3219,3159,3031,1065,4136,937,3347,809,4008,3880,4264,1451",28.83443260192871,,,,,0,21.123767852783203,25.361896514892578,12.722187995910645,15.91097640991211,"0.780,0.802,0.982,0.967,0.884,0.850,0.960,0.742",10273.30078125,5142.068359375,"2.194e+04,2.542e+04,4970,6198,5424,5744,5964,6520",14.792810440063477,12.066335678100586,"22.22,23.87,9.539,12.16,11.56,12.59,12.26,14.14"
16,gate_proj,gptq,13824,5120,0,0.0020328380443431714,0.0014894838686342594,588.5275865823496,0.018401757202027486,2490.91259765625,1929.1119384765625,209.53164672851562,411.3684387207031,371.2552185058594,391.56103515625,0.804844319820404,588.0809326171875,0.09784166514873505,"4610,1307,11,2657,228,2950,4020,3593,388,1093,4938,3850,415,1145,4517,655",194.4680633544922,,,,,0,189.16114807128906,193.135498046875,193.2637176513672,209.40121459960938,"1.121,1.020,1.535,0.790,0.856,0.934,1.135,0.854",3957.2529296875,4217.21533203125,"3155,4993,763.3,2989,3950,5074,6915,3818",22.050636291503906,23.423229217529297,"19.13,25.01,10.87,21.38,23.73,25.8,27.46,23.02"
16,up_proj,gptq,13824,5120,0,0.002024360939308449,0.0015057316532841435,549.1376680075191,0.01753793018996968,2420.080810546875,1894.724609375,206.58233642578125,388.97955322265625,346.91571044921875,373.19903564453125,0.804844319820404,548.5169677734375,0.06171559542417526,"1307,4610,11,2657,228,2950,4020,3593,388,1093,4938,415,3850,4517,655,1145",194.4680633544922,,,,,0,175.66854858398438,185.55311584472656,184.33450317382812,201.4033203125,"0.985,0.944,1.207,0.797,0.854,0.953,1.090,0.881",3957.2529296875,4217.21533203125,"3155,4993,763.3,2989,3950,5074,6915,3818",22.050636291503906,23.423229217529297,"19.13,25.01,10.87,21.38,23.73,25.8,27.46,23.02"
16,down_proj,gptq,5120,13824,0,0.0019961039225260416,0.0014976360179759839,1007.1040004889564,0.03257798934849648,2964.220703125,1925.997314453125,43.81376647949219,82.90379333496094,66.48458862304688,58.5765495300293,0.12917649745941162,1006.9539794921875,0.06465250253677368,"3183,3853,5635,9250,4479,9638,12507,12179,11802,752,5305,2472,5173,948,11883,7163",60.3140754699707,,,,,0,36.3846435546875,31.639747619628906,35.72748947143555,31.90294075012207,"1.160,1.091,1.321,1.084,1.218,1.162,1.380,0.911",9923.8623046875,9946.6513671875,"6113,1.521e+04,372.9,7352,1.187e+04,1.211e+04,1.716e+04,9202",14.197004318237305,15.021953582763672,"12.13,19.66,2.6,13.27,15.3,16.7,17.91,16"
17,q_proj,gptq,5120,5120,0,0.002038421630859375,0.0014752197265625,379.4628599270376,0.0307029017800436,1114.228515625,758.248779296875,89.7245101928711,289.83453369140625,261.129150390625,307.9014892578125,0.8474138975143433,378.8503723144531,0.1905396580696106,"693,4610,157,3388,2657,2099,415,4469,4344,784,3931,3089,2950,2953,1031,228",353.3542785644531,,,,,0,104.84120178222656,127.10967254638672,115.75265502929688,152.04701232910156,"1.311,1.000,1.555,0.604,0.566,0.727,0.981,0.686",3299.964599609375,3605.697265625,"2572,4145,495.8,2553,3502,4133,5675,3324",27.878013610839844,31.656829833984375,"24.25,32.95,7.396,29.09,33.74,32.55,32.58,30.47"
17,k_proj,gptq,1024,5120,0,0.0020570755004882812,0.00146484375,115.7097794679178,0.03354888816596849,324.994384765625,220.39495849609375,26.468812942504883,87.30917358398438,80.25096130371094,92.85264587402344,0.8474138975143433,115.26040649414062,0.17940935492515564,"693,4610,3388,157,2657,2099,415,4344,2950,2953,3931,228,1031,784,4373,1824",353.3542785644531,,,,,0,32.15803527832031,38.10079574584961,34.1545524597168,46.77305603027344,"1.530,1.124,1.372,0.511,0.494,0.762,1.034,0.686",3299.964599609375,3605.697265625,"2572,4145,495.8,2553,3502,4133,5675,3324",27.878013610839844,31.656829833984375,"24.25,32.95,7.396,29.09,33.74,32.55,32.58,30.47"
17,v_proj,gptq,1024,5120,0,0.0020502090454101564,0.0014478683471679688,44.262671049509756,0.025318853020247827,150.50448608398438,106.90980529785156,11.828019142150879,34.28900146484375,24.539779663085938,36.264400482177734,0.8474138975143433,44.215885162353516,0.09395506978034973,"693,4610,157,2657,3388,415,4344,2099,3931,4469,784,1031,2953,228,28,2950",353.3542785644531,,,,,0,10.648755073547363,14.894947052001953,11.828849792480469,18.673480987548828,"0.963,0.764,1.478,0.521,0.556,0.719,0.815,0.689",3299.964599609375,3605.697265625,"2572,4145,495.8,2553,3502,4133,5675,3324",27.878013610839844,31.656829833984375,"24.25,32.95,7.396,29.09,33.74,32.55,32.58,30.47"
17,o_proj,gptq,5120,5120,0,0.002074432373046875,0.0014506912231445313,313.84161618683856,0.03353401626723495,924.958984375,538.578369140625,10.502290725708008,28.80681610107422,34.13922882080078,49.44538879394531,0.5691495537757874,313.27978515625,0.0684705600142479,"3788,3660,3404,3276,3532,4960,4704,3219,4287,3903,5088,4576,2155,2411,1299,4415",52.19613265991211,,,,,0,20.091930389404297,29.914119720458984,13.577473640441895,20.649507522583008,"0.640,0.620,0.708,0.734,0.704,0.756,0.772,0.737",10163.955078125,5588.98828125,"2.39e+04,2.741e+04,3070,5619,4753,4980,6246,5328",15.556144714355469,13.951595306396484,"25.31,27.42,8.933,12.08,11.89,12.13,13.81,12.88"
17,gate_proj,gptq,13824,5120,0,0.002041965060763889,0.0014963220666956017,587.3892393585993,0.0186486788659715,2461.842041015625,1898.6055908203125,201.8333740234375,386.9210205078125,349.47882080078125,360.2025146484375,0.8206174969673157,586.63037109375,0.09252328425645828,"1307,4610,11,2657,228,2950,3593,4020,4938,388,1093,415,4517,3850,3553,1145",144.09071350097656,,,,,0,174.11764526367188,179.11520385742188,183.38031005859375,194.24288940429688,"1.008,0.950,1.478,0.822,0.917,0.947,1.093,0.895",3825.275634765625,4153.3720703125,"2955,4637,776.1,3037,4027,4793,6527,3850",21.41635513305664,22.758094787597656,"18.74,24.05,11.24,20.8,22.91,24.51,26.27,22.82"
17,up_proj,gptq,13824,5120,0,0.0020277235243055555,0.0014987097846137153,570.8146170867258,0.017926754617071942,2469.60498046875,1923.3914794921875,204.50538635253906,381.13787841796875,341.2660827636719,357.65533447265625,0.8206174969673157,570.4219360351562,0.05864930897951126,"1307,4610,11,2657,228,2950,3593,4020,4938,388,1093,415,4517,4436,3553,1145",144.09071350097656,,,,,0,169.0011444091797,176.73765563964844,181.13771057128906,194.0635986328125,"0.949,0.936,1.165,0.831,0.903,0.965,1.099,0.892",3825.275634765625,4153.3720703125,"2955,4637,776.1,3037,4027,4793,6527,3850",21.41635513305664,22.758094787597656,"18.74,24.05,11.24,20.8,22.91,24.51,26.27,22.82"
17,down_proj,gptq,5120,13824,0,0.001997220074688947,0.001514561971028646,937.2152732593831,0.02994499242871717,2894.6865234375,1928.833984375,41.37421798706055,76.05311584472656,63.561737060546875,53.61955642700195,0.16112880408763885,937.2298583984375,0.058412227779626846,"2843,3151,275,10118,13740,2485,12002,1276,13813,9825,6346,8745,3428,4509,13493,11159",33.76356887817383,,,,,0,33.96476745605469,27.429325103759766,34.85804748535156,29.43355369567871,"1.244,1.242,1.325,1.162,1.150,1.229,1.380,1.159",9600.3330078125,10107.11328125,"5150,1.607e+04,366.7,6650,9524,1.079e+04,1.83e+04,9961",13.177413940429688,14.479986190795898,"10.34,17.84,2.501,12.34,14.36,15.03,18.18,14.83"
18,q_proj,gptq,5120,5120,0,0.0020348358154296873,0.0014663314819335937,380.6536813881342,0.03232140071250395,1086.68603515625,731.7200927734375,89.22413635253906,290.66796875,267.1748046875,311.4910888671875,0.876015841960907,379.6900939941406,0.21261876821517944,"693,4610,157,3388,2657,415,2099,3931,1031,4344,4373,2953,2950,1824,3089,28",395.01202392578125,,,,,0,105.85885620117188,132.5171661376953,113.4822998046875,152.81936645507812,"1.310,0.955,1.607,0.567,0.504,0.696,0.988,0.702",3192.07861328125,3535.39599609375,"2436,4043,494.1,2547,3331,3851,5386,3449",28.75572395324707,32.21503448486328,"25.22,34.26,7.615,29.67,34.7,33.41,32.83,32.33"
18,k_proj,gptq,1024,5120,0,0.0020158767700195314,0.0014589309692382812,115.20205649673979,0.0354622320787439,314.97735595703125,210.6163787841797,26.140201568603516,90.85955047607422,81.84759521484375,95.20458221435547,0.876015841960907,114.83502960205078,0.2168419063091278,"693,4610,157,3388,2099,2657,415,1824,2953,3931,4344,1031,2950,28,4373,2797",395.01202392578125,,,,,0,32.54783630371094,40.49167251586914,34.83502960205078,45.27915954589844,"1.318,0.907,1.608,0.567,0.532,0.658,1.054,0.764",3192.07861328125,3535.39599609375,"2436,4043,494.1,2547,3331,3851,5386,3449",28.75572395324707,32.21503448486328,"25.22,34.26,7.615,29.67,34.7,33.41,32.83,32.33"
18,v_proj,gptq,1024,5120,0,0.0020275115966796875,0.0014757156372070313,47.021014352750015,0.024136114861092083,165.76718139648438,120.427490234375,13.004777908325195,36.699302673339844,25.840625762939453,39.75109100341797,0.876015841960907,46.90653610229492,0.08934994041919708,"4610,693,157,3388,2657,415,2099,1824,3931,4436,1031,2950,2797,4373,2953,4344",395.01202392578125,,,,,0,11.344207763671875,17.998571395874023,12.815650939941406,19.917251586914062,"0.720,0.689,1.501,0.513,0.537,0.553,0.774,0.566",3192.07861328125,3535.39599609375,"2436,4043,494.1,2547,3331,3851,5386,3449",28.75572395324707,32.21503448486328,"25.22,34.26,7.615,29.67,34.7,33.41,32.83,32.33"
18,o_proj,gptq,5120,5120,0,0.002094879150390625,0.0014669418334960938,332.0821110495299,0.034101917800161335,961.1749267578125,560.48486328125,12.904290199279785,40.62060546875,42.94090270996094,65.79080963134766,0.7463070154190063,331.4539794921875,0.0710296630859375,"180,436,564,1508,296,1380,52,3446,1636,2042,3830,308,2170,2426,3574,358",43.656341552734375,,,,,0,23.540767669677734,36.1851806640625,19.723819732666016,30.17123794555664,"0.623,0.625,0.686,0.716,0.737,0.589,0.674,0.685",10526.6171875,6475.00537109375,"2.499e+04,2.722e+04,2892,6164,4547,4432,7479,6493",17.466739654541016,17.054080963134766,"25.57,27.71,10.09,15.04,12.87,13.76,17.61,17.09"
18,gate_proj,gptq,13824,5120,0,0.002036765769675926,0.0014865310103804976,582.7572888725554,0.018846605546426375,2430.07275390625,1875.70751953125,193.69259643554688,381.2650451660156,338.19305419921875,352.51983642578125,0.8341886401176453,581.90087890625,0.09923247992992401,"4610,1307,11,2657,2950,228,3593,4020,4938,655,1093,388,3553,3850,415,4517",138.29190063476562,,,,,0,170.69834899902344,174.5378875732422,179.7776336669922,192.29425048828125,"1.018,0.971,1.438,0.837,0.903,0.934,1.115,0.888",3851.84521484375,4142.98974609375,"3044,4819,1153,3135,3868,4545,6240,4011",21.42557144165039,22.77721405029297,"19,24.13,12.48,20.92,22.57,23.73,25.55,23.02"
18,up_proj,gptq,13824,5120,0,0.002032131618923611,0.0015077520299840858,584.8226749924361,0.01809852006120301,2517.503662109375,1962.3333740234375,202.32997131347656,388.4351806640625,338.0028381347656,361.00537109375,0.8341886401176453,584.51708984375,0.06814365833997726,"4610,1307,11,2657,2950,228,3593,4020,4938,1093,655,388,3553,415,3850,4517",138.29190063476562,,,,,0,168.897705078125,178.99224853515625,180.94827270507812,197.43910217285156,"0.964,0.947,1.112,0.841,0.874,0.935,1.075,0.874",3851.84521484375,4142.98974609375,"3044,4819,1153,3135,3868,4545,6240,4011",21.42557144165039,22.77721405029297,"19,24.13,12.48,20.92,22.57,23.73,25.55,23.02"
18,down_proj,gptq,5120,13824,0,0.0020056689227068865,0.0015177126283998843,933.3491592761784,0.029612292690576743,2912.2080078125,1950.81396484375,41.11700439453125,76.21270751953125,66.55030822753906,59.19371795654297,0.3298451602458954,932.8058471679688,0.06351465731859207,"4865,7322,1440,2982,13195,990,9069,1935,358,3265,6040,9731,11041,12334,12278,9155",79.40444946289062,,,,,0,34.937255859375,30.658634185791016,37.21476745605469,33.15225601196289,"1.107,1.110,1.185,1.024,1.058,1.108,1.324,1.153",9987.8330078125,10837.4794921875,"7097,1.612e+04,439.2,9040,8646,9706,1.713e+04,1.173e+04",13.986169815063477,15.273481369018555,"12.46,19.04,3.031,14.36,14.03,14.88,17.73,16.36"
19,q_proj,gptq,5120,5120,0,0.002030487060546875,0.0014738082885742188,415.23055156750274,0.03635479501291093,1122.8736572265625,748.5637817382812,106.95869445800781,349.4096984863281,330.22137451171875,365.48492431640625,0.856727659702301,413.806884765625,0.23794007301330566,"693,4610,157,3388,2099,415,4436,4373,1824,1031,3931,4517,2657,2953,28,4344",389.9362487792969,,,,,0,134.80746459960938,157.26373291015625,138.34814453125,173.39031982421875,"1.498,1.158,1.713,0.637,0.515,0.723,0.966,0.673",3133.9736328125,3447.629150390625,"2646,4232,483.7,2776,3089,3544,4976,3325",31.329532623291016,34.33026885986328,"28.35,37.81,8.128,33.08,38.18,35.31,35.04,34.73"
19,k_proj,gptq,1024,5120,0,0.00204620361328125,0.001459503173828125,111.79439935766784,0.0369260704030901,299.8655700683594,201.38848876953125,28.683298110961914,98.14814758300781,86.96409606933594,102.21011352539062,0.856727659702301,111.2860107421875,0.22769245505332947,"693,4610,157,3388,2099,1824,4436,415,4373,4517,2953,3931,1031,2657,28,2797",389.9362487792969,,,,,0,34.82612991333008,45.68157958984375,35.4622802734375,47.32286834716797,"1.335,0.925,1.654,0.533,0.466,0.635,0.917,0.660",3133.9736328125,3447.629150390625,"2646,4232,483.7,2776,3089,3544,4976,3325",31.329532623291016,34.33026885986328,"28.35,37.81,8.128,33.08,38.18,35.31,35.04,34.73"
19,v_proj,gptq,1024,5120,0,0.0019989013671875,0.001458740234375,42.38257601782182,0.022909139269274636,153.27923583984375,112.1544418334961,13.669187545776367,43.01946258544922,28.24323272705078,44.842891693115234,0.856727659702301,42.2337646484375,0.09115706384181976,"693,4610,157,3388,2099,415,4436,1824,1031,4373,3931,4517,2797,28,2657,2953",389.9362487792969,,,,,0,12.444145202636719,19.649608612060547,13.609278678894043,22.602344512939453,"0.854,0.707,1.243,0.584,0.444,0.547,0.780,0.557",3133.9736328125,3447.629150390625,"2646,4232,483.7,2776,3089,3544,4976,3325",31.329532623291016,34.33026885986328,"28.35,37.81,8.128,33.08,38.18,35.31,35.04,34.73"
19,o_proj,gptq,5120,5120,0,0.0020782089233398436,0.0014572525024414062,326.58691528505733,0.03493582132706904,942.0909423828125,537.60986328125,9.650079727172852,33.03046417236328,43.000057220458984,60.36767578125,0.6403772234916687,325.93145751953125,0.08546215295791626,"3131,803,1059,2619,1187,931,675,3003,2535,2151,5036,750,878,3247,2407,4524",73.69064331054688,,,,,0,26.328144073486328,37.12017822265625,16.80499267578125,28.533248901367188,"0.693,0.678,0.746,0.828,0.810,0.695,0.729,0.676",14799.5556640625,7359.47509765625,"3.918e+04,4.217e+04,4452,8046,7053,4847,6247,6396",17.38031005859375,16.484188079833984,"28.98,30.56,10.32,14.66,14.07,11.76,14.18,14.53"
19,gate_proj,gptq,13824,5120,0,0.002049114086009838,0.0014870961507161458,586.1513556535647,0.019082909477103817,2435.583984375,1882.25341796875,200.61575317382812,398.81329345703125,361.5691833496094,378.46844482421875,0.8219380974769592,585.5185546875,0.10729766637086868,"11,4610,1307,2950,228,4020,4938,3593,4675,2657,655,2099,3850,1093,3553,2468",118.5238265991211,,,,,0,182.53013610839844,185.59275817871094,187.9223175048828,201.0117645263672,"1.041,1.002,1.528,0.887,0.895,0.912,1.061,0.900",3830.03955078125,4141.5361328125,"3396,5140,767.5,3363,3807,4192,5975,4000",22.00733184814453,23.364032745361328,"20.78,25.29,12.6,21.41,22.7,23.79,25.93,23.56"
19,up_proj,gptq,13824,5120,0,0.0020364408139829284,0.001505138255931713,586.7351767373184,0.018233149845013886,2523.0986328125,1969.713623046875,209.50466918945312,403.81781005859375,361.8258056640625,387.660888671875,0.8219380974769592,586.1483154296875,0.0696241557598114,"11,4610,1307,2950,228,4020,4938,3593,4675,2657,655,2099,1093,3850,3553,2468",118.5238265991211,,,,,0,180.30015563964844,188.2379150390625,187.937744140625,207.14442443847656,"1.002,0.996,1.187,0.896,0.902,0.897,1.060,0.859",3830.03955078125,4141.5361328125,"3396,5140,767.5,3363,3807,4192,5975,4000",22.00733184814453,23.364032745361328,"20.78,25.29,12.6,21.41,22.7,23.79,25.93,23.56"
19,down_proj,gptq,5120,13824,0,0.002003818088107639,0.0015057457817925347,952.4547378553964,0.03039552623147142,2979.093017578125,2000.003662109375,42.764869689941406,80.768798828125,67.81468200683594,59.37122344970703,0.12966550886631012,952.6644897460938,0.06607387214899063,"12114,1669,8282,4135,9427,9916,1445,5459,1592,6764,6004,300,7285,9773,2150,8834",160.7314910888672,,,,,0,35.42176055908203,30.136417388916016,39.723106384277344,33.98573684692383,"1.239,1.191,0.991,1.041,1.074,1.167,1.320,1.111",10034.2451171875,11426.0859375,"8778,1.754e+04,418.6,7428,8521,9822,1.701e+04,1.075e+04",13.665430068969727,15.455116271972656,"13.23,18.98,3.018,13.2,13.95,14.43,17.38,15.13"
20,q_proj,gptq,5120,5120,0,0.002028656005859375,0.0014795684814453126,446.8411069989919,0.03751647156788174,1181.690185546875,781.36865234375,102.25881958007812,345.93353271484375,333.8935241699219,375.09332275390625,0.8583909273147583,444.7639465332031,0.24732983112335205,"693,4610,157,3388,2099,4436,3931,2657,2953,1031,3653,4517,2950,228,415,4344",494.48931884765625,,,,,0,132.149658203125,164.45974731445312,135.01123046875,179.73126220703125,"1.170,0.921,1.642,0.616,0.517,0.722,1.010,0.667",3051.87158203125,3355.9306640625,"2989,4238,471.9,2625,2882,3168,4997,3044",31.52080535888672,34.195377349853516,"30.94,39.68,7.805,34.31,37.57,33.44,34.48,33.95"
20,k_proj,gptq,1024,5120,0,0.0020519256591796874,0.0014469146728515625,135.34886637710161,0.04357023680790167,337.3045349121094,222.362548828125,29.985271453857422,106.1451416015625,108.65330505371094,114.97650146484375,0.8583909273147583,135.13230895996094,0.25835010409355164,"693,4610,3388,157,2099,3653,4436,1031,2950,2953,3931,1824,4517,1696,4373,415",494.48931884765625,,,,,0,41.08940887451172,51.347267150878906,45.925811767578125,56.82231140136719,"1.301,0.907,1.870,0.504,0.463,0.723,1.060,0.743",3051.87158203125,3355.9306640625,"2989,4238,471.9,2625,2882,3168,4997,3044",31.52080535888672,34.195377349853516,"30.94,39.68,7.805,34.31,37.57,33.44,34.48,33.95"
20,v_proj,gptq,1024,5120,0,0.002027130126953125,0.001445770263671875,44.80066524178161,0.025003818606617434,156.11593627929688,113.39244079589844,12.405808448791504,41.40910720825195,26.1400146484375,41.88255310058594,0.8583909273147583,44.643096923828125,0.09659672528505325,"693,4610,157,3388,2099,4436,2950,2953,3653,2657,4517,1031,4344,3931,415,1824",494.48931884765625,,,,,0,11.333490371704102,18.689586639404297,12.768508911132812,20.704212188720703,"0.702,0.585,1.247,0.522,0.476,0.567,0.784,0.569",3051.87158203125,3355.9306640625,"2989,4238,471.9,2625,2882,3168,4997,3044",31.52080535888672,34.195377349853516,"30.94,39.68,7.805,34.31,37.57,33.44,34.48,33.95"
20,o_proj,gptq,5120,5120,0,0.002071685791015625,0.0014401626586914061,318.2220979929989,0.03455676709718627,919.0599365234375,527.3201904296875,13.03832721710205,40.358604431152344,32.60957336425781,55.36642837524414,0.5842499136924744,317.52520751953125,0.06478063017129898,"1034,906,1162,4395,3989,778,650,4117,3861,4245,3387,3070,3259,2686,3515,3643",86.48465728759766,,,,,0,23.641496658325195,41.46989059448242,11.913538932800293,20.730030059814453,"0.555,0.541,0.613,0.615,0.603,0.680,0.649,0.635",8358.4345703125,3604.5087890625,"2.263e+04,2.709e+04,2095,3951,2490,2654,2677,3289",17.673662185668945,14.602058410644531,"32.8,36.43,9.723,14.31,11.71,11.59,12.06,12.78"
20,gate_proj,gptq,13824,5120,0,0.002026282416449653,0.0014747902199074073,582.9993515572569,0.01967322516246072,2361.946533203125,1811.447998046875,180.69366455078125,361.2645568847656,325.58917236328125,338.02313232421875,0.8228740096092224,582.5491333007812,0.11607912927865982,"11,4610,1307,2950,228,2099,4020,4938,655,3593,2657,1093,3553,2710,1466,2468",115.2637710571289,,,,,0,166.32015991210938,166.5911865234375,167.34654235839844,181.92977905273438,"1.139,1.027,1.545,0.846,0.852,0.907,1.097,0.912",3779.00830078125,4081.121826171875,"3715,5074,780.9,3236,3502,3922,6123,3879",21.19283676147461,22.426464080810547,"20.58,24.46,12.25,20.71,21.53,22.25,25.44,22.32"
20,up_proj,gptq,13824,5120,0,0.002034476951316551,0.001507709644458912,615.6820123474754,0.018788044372030067,2578.8095703125,2000.7509765625,198.70004272460938,384.40911865234375,342.4447937011719,364.9666748046875,0.8228740096092224,615.2291259765625,0.07780825346708298,"11,4610,1307,2950,228,2099,4020,4938,655,3593,2657,1093,2710,3553,1466,693",115.2637710571289,,,,,0,171.4747314453125,180.20425415039062,179.14181518554688,196.88201904296875,"1.017,0.955,1.180,0.864,0.863,0.869,1.100,0.873",3779.00830078125,4081.121826171875,"3715,5074,780.9,3236,3502,3922,6123,3879",21.19283676147461,22.426464080810547,"20.58,24.46,12.25,20.71,21.53,22.25,25.44,22.32"
20,down_proj,gptq,5120,13824,0,0.002002574779369213,0.001514576099537037,1006.8017591697626,0.03164778647038019,3068.931640625,2045.251220703125,42.5412712097168,78.68429565429688,66.4300765991211,66.44799041748047,0.5897058844566345,1006.5008544921875,0.13258269429206848,"9651,5069,12363,10156,12630,7472,13304,10482,500,13708,4985,3327,9022,6379,6768,12351",77.733154296875,,,,,0,36.89247131347656,34.44966125488281,34.93971252441406,36.1141357421875,"1.164,1.097,1.268,1.058,1.025,0.972,1.191,0.909",9703.8349609375,9596.77734375,"1.017e+04,1.945e+04,374,7607,7240,8669,1.521e+04,8906",14.460479736328125,15.37607192993164,"15.05,21.52,2.561,13.38,13.4,15.48,18.58,15.71"
21,q_proj,gptq,5120,5120,0,0.00203369140625,0.0014807510375976563,374.1174944404753,0.030465249981037303,1110.6734619140625,750.59033203125,92.6282730102539,292.10662841796875,280.2583923339844,317.0498962402344,0.8422500491142273,373.2923583984375,0.24776877462863922,"693,4610,157,2099,3388,4344,2953,228,2657,1031,784,28,4373,3931,3089,2950",643.9725952148438,,,,,0,109.9637451171875,145.62435913085938,118.07194519042969,148.75633239746094,"1.022,0.813,1.675,0.566,0.514,0.735,0.915,0.663",3178.1455078125,3437.197021484375,"3261,4486,515.3,2814,2903,3292,4876,3279",30.73632049560547,32.26317596435547,"32.2,39.61,8.392,33.08,36.31,31.38,31.76,33.15"
21,k_proj,gptq,1024,5120,0,0.00204010009765625,0.001468658447265625,112.53631570772734,0.03272793523684249,326.12744140625,217.95590209960938,27.314105987548828,92.83430480957031,89.61788940429688,96.28763580322266,0.8422500491142273,112.32610321044922,0.2534560263156891,"693,4610,2099,157,3388,228,2657,4344,2953,1031,2950,784,3931,1824,4373,28",643.9725952148438,,,,,0,34.47083282470703,43.927940368652344,36.421241760253906,44.562442779541016,"1.131,0.880,1.718,0.551,0.495,0.681,0.960,0.743",3178.1455078125,3437.197021484375,"3261,4486,515.3,2814,2903,3292,4876,3279",30.73632049560547,32.26317596435547,"32.2,39.61,8.392,33.08,36.31,31.38,31.76,33.15"
21,v_proj,gptq,1024,5120,0,0.0020349502563476564,0.0014326095581054688,44.8925068184971,0.025768961571220238,150.5193328857422,105.71363067626953,12.442071914672852,34.716590881347656,26.854307174682617,36.841224670410156,0.8422500491142273,44.84218215942383,0.13604934513568878,"693,4610,157,2099,3388,228,2953,2657,1031,4344,3931,784,4373,28,1824,2797",643.9725952148438,,,,,0,11.52920913696289,16.881816864013672,12.377954483032227,18.164588928222656,"0.801,0.644,1.367,0.626,0.535,0.714,0.806,0.628",3178.1455078125,3437.197021484375,"3261,4486,515.3,2814,2903,3292,4876,3279",30.73632049560547,32.26317596435547,"32.2,39.61,8.392,33.08,36.31,31.38,31.76,33.15"
21,o_proj,gptq,5120,5120,0,0.002073211669921875,0.0014491653442382812,295.1850730794831,0.031765801252914776,871.5309448242188,532.8709716796875,12.071124076843262,44.623268127441406,34.48030090332031,72.86796569824219,0.4981394410133362,294.70556640625,0.05894874036312103,"3258,3642,3514,3770,3987,4115,4243,3386,4371,2272,3859,2820,3076,2528,3184,2400",41.17498779296875,,,,,0,21.217803955078125,44.94157028198242,14.161701202392578,32.23990249633789,"0.443,0.425,0.558,0.515,0.566,0.515,0.555,0.498",7166.21728515625,4737.3349609375,"1.517e+04,1.663e+04,2104,6455,4162,3820,4010,4976",19.616519927978516,17.820465087890625,"31.48,33.85,10.12,19.77,15.22,14.68,14.18,17.63"
21,gate_proj,gptq,13824,5120,0,0.0020478425202546295,0.0014860930266203704,575.4197507004719,0.019786876199838786,2317.326904296875,1784.270263671875,178.72137451171875,359.16778564453125,318.8900146484375,329.93597412109375,0.8272988796234131,574.7381591796875,0.11622396111488342,"11,4610,1307,2950,228,4938,2099,655,4020,3593,693,3553,1093,2468,2710,1466",88.04717254638672,,,,,0,163.97036743164062,168.10488891601562,166.02450561523438,178.06146240234375,"1.032,0.988,1.607,0.837,0.831,0.897,1.092,0.883",3753.085693359375,4083.699951171875,"3912,5154,812.9,3332,3438,3743,5739,3893",21.576257705688477,22.419612884521484,"22.07,25.29,13.19,21.41,21.66,21.88,24.66,22.44"
21,up_proj,gptq,13824,5120,0,0.0020300123426649306,0.001503894947193287,616.3463249593042,0.018937491343726666,2554.45458984375,1981.170654296875,197.8187255859375,385.1767578125,336.6753845214844,360.28363037109375,0.8272988796234131,615.7904052734375,0.07788015902042389,"11,4610,1307,2950,228,2099,4938,655,4020,3593,693,1093,3553,2710,1466,2468",88.04717254638672,,,,,0,172.04281616210938,183.6688232421875,179.56573486328125,195.8087158203125,"0.966,0.946,1.203,0.814,0.820,0.916,1.079,0.881",3753.085693359375,4083.699951171875,"3912,5154,812.9,3332,3438,3743,5739,3893",21.576257705688477,22.419612884521484,"22.07,25.29,13.19,21.41,21.66,21.88,24.66,22.44"
21,down_proj,gptq,5120,13824,0,0.0019995512785734955,0.0015144206859447338,902.0374646071577,0.028486541514349557,2944.73193359375,2024.0477294921875,39.753318786621094,71.84437561035156,57.28728485107422,54.38324737548828,0.6060213446617126,901.5597534179688,0.06559743732213974,"11493,2872,10710,13753,4500,583,949,8172,7415,12382,13754,8993,7512,9688,6729,9477",77.98551940917969,,,,,0,33.4180908203125,32.31477355957031,32.23423385620117,28.39104461669922,"0.860,0.989,1.111,1.062,1.007,1.080,1.204,1.078",10166.02734375,10113.908203125,"9334,1.838e+04,414.8,1.045e+04,7821,9993,1.474e+04,1.02e+04",14.001993179321289,13.892566680908203,"15.95,20.6,2.76,15.01,12.9,14.18,16.2,14.41"
22,q_proj,gptq,5120,5120,0,0.0020337295532226562,0.0014707183837890626,357.07326291326063,0.030566403485161396,1055.0516357421875,706.9508056640625,104.06639099121094,310.5173645019531,301.7772216796875,345.42755126953125,0.8054283857345581,356.4110107421875,0.2543397545814514,"693,157,3388,2099,4610,2953,4344,1031,1824,3931,2428,28,2657,228,2673,3089",510.6744079589844,,,,,0,128.73541259765625,175.59112548828125,130.94554138183594,168.3695831298828,"0.985,0.808,1.620,0.563,0.483,0.656,0.927,0.660",3238.75146484375,3490.456787109375,"3631,4552,518.8,2993,2922,3288,4545,3460",34.370330810546875,35.36899948120117,"38.62,44.39,8.759,37.36,39.74,34.7,33.74,37.65"
22,k_proj,gptq,1024,5120,0,0.0020526885986328126,0.001477813720703125,113.15541853569704,0.037181808748726376,307.40521240234375,201.42977905273438,30.50498390197754,98.07373046875,103.81974792480469,113.56826782226562,0.8054283857345581,113.08218383789062,0.3130037784576416,"693,3388,2099,157,4610,2953,4344,1824,2428,1031,3931,28,2657,228,2673,3799",510.6744079589844,,,,,0,42.57268524169922,57.44597625732422,40.667762756347656,56.17245101928711,"1.117,0.887,1.715,0.523,0.501,0.599,0.821,0.604",3238.75146484375,3490.456787109375,"3631,4552,518.8,2993,2922,3288,4545,3460",34.370330810546875,35.36899948120117,"38.62,44.39,8.759,37.36,39.74,34.7,33.74,37.65"
22,v_proj,gptq,1024,5120,0,0.0020111083984375,0.001470184326171875,54.70350816766454,0.027893480755551942,188.61032104492188,135.99032592773438,18.465633392333984,44.23008728027344,35.19931411743164,45.98677062988281,0.8054283857345581,54.57807922363281,0.09549622982740402,"693,157,4610,3388,2099,2953,1824,1031,2428,4344,3931,2657,228,28,415,2673",510.6744079589844,,,,,0,16.488489151000977,23.00436019897461,17.613401412963867,23.77195930480957,"0.821,0.743,1.296,0.680,0.608,0.664,0.805,0.616",3238.75146484375,3490.456787109375,"3631,4552,518.8,2993,2922,3288,4545,3460",34.370330810546875,35.36899948120117,"38.62,44.39,8.759,37.36,39.74,34.7,33.74,37.65"
22,o_proj,gptq,5120,5120,0,0.002075843811035156,0.0014687347412109374,336.9662123587332,0.03363224045682696,989.08056640625,574.037109375,14.906457901000977,45.63752746582031,43.94683074951172,70.19288635253906,0.5049839615821838,336.1607666015625,0.05110064893960953,"4966,5094,4838,4710,3937,4449,115,4667,4193,371,627,499,2557,4582,2173,4321",28.918373107910156,,,,,0,26.19700050354004,42.28584289550781,19.138813018798828,32.7896842956543,"0.596,0.596,0.652,0.630,0.650,0.684,0.657,0.704",7734.1015625,5172.30322265625,"1.827e+04,2.095e+04,2358,5678,3465,3118,3360,4676",17.7022762298584,16.82486343383789,"29.84,32.1,10.47,16.9,12.47,11.92,13.17,14.75"
22,gate_proj,gptq,13824,5120,0,0.0020392806441695602,0.0014710744222005208,563.4385753274037,0.019481898547344587,2302.388427734375,1783.2474365234375,178.90895080566406,356.4613037109375,326.0247802734375,336.5621337890625,0.8063421249389648,562.8877563476562,0.116967111825943,"11,1307,4610,2950,228,4938,655,4020,2099,3593,2468,3553,2710,1466,1093,3532",73.60406494140625,,,,,0,169.78338623046875,174.5333251953125,169.44908142089844,177.82708740234375,"1.004,0.975,1.524,0.842,0.843,0.929,1.089,0.884",3886.99951171875,4160.748046875,"4397,5392,809.2,3663,3556,3825,5378,4076",21.985271453857422,22.46804428100586,"23.77,25.9,14.07,21.94,21.57,21.75,23.91,22.99"
22,up_proj,gptq,13824,5120,0,0.002029616744429977,0.0014998118082682292,607.6110733328678,0.018581174181143623,2559.7412109375,1993.30712890625,199.78713989257812,384.6248474121094,347.4312744140625,368.516845703125,0.8063421249389648,607.081298828125,0.08029946684837341,"11,4610,1307,2950,228,655,4938,4020,2099,3593,3553,2710,2468,1466,1093,4597",73.60406494140625,,,,,0,177.22401428222656,192.33743286132812,181.99008178710938,195.62002563476562,"0.889,0.905,1.194,0.832,0.846,0.924,1.062,0.877",3886.99951171875,4160.748046875,"4397,5392,809.2,3663,3556,3825,5378,4076",21.985271453857422,22.46804428100586,"23.77,25.9,14.07,21.94,21.57,21.75,23.91,22.99"
22,down_proj,gptq,5120,13824,0,0.0019963158501519096,0.0015150705973307292,893.2681681346075,0.028200130760162322,2944.54638671875,2041.80419921875,43.53356170654297,109.69821166992188,62.315792083740234,57.19341278076172,0.6037966012954712,941.7598876953125,0.2330034375190735,"11214,13790,8269,8083,2526,2955,12207,13173,3109,11892,6278,154,1373,3589,3487,8879",5539.1103515625,,,,,0,33.64228439331055,33.27275466918945,33.29924011230469,30.314125061035156,"1.019,1.018,0.089,1.059,1.048,1.027,1.245,1.112",8739.279296875,8890.5029296875,"1.075e+04,1.607e+04,366,8651,7006,6885,1.024e+04,9950",14.962407112121582,14.167569160461426,"16.46,19.57,13.48,14.32,13.02,12.83,14.8,15.21"
23,q_proj,gptq,5120,5120,0,0.002034759521484375,0.001474456787109375,345.3954700891645,0.030911480976465414,1018.6595458984375,691.260009765625,106.41514587402344,286.890869140625,284.7621154785156,319.3492431640625,0.7786972522735596,344.984130859375,0.2526531517505646,"693,157,3388,2099,2953,4344,1031,4610,28,1824,3931,2428,2657,3089,2673,1754",451.8170166015625,,,,,0,121.49598693847656,158.58367919921875,128.62852478027344,160.61654663085938,"0.982,0.852,1.577,0.614,0.515,0.688,0.950,0.697",3320.320556640625,3733.67431640625,"3858,4533,517.3,3271,2988,3288,4441,3667",33.39547348022461,34.86186981201172,"38.57,41.61,9.068,36.66,38.05,33.52,33.12,36.58"
23,k_proj,gptq,1024,5120,0,0.002028083801269531,0.0014484405517578125,99.12513803663569,0.034551116793588035,277.93634033203125,184.9358367919922,28.958097457885742,86.3831558227539,82.4640884399414,97.15994262695312,0.7786972522735596,98.90206909179688,0.2984200716018677,"693,157,2099,3388,2953,4344,4610,1824,1031,28,2428,2673,3931,2657,228,3089",451.8170166015625,,,,,0,33.29891586303711,51.14596176147461,36.42912673950195,48.225852966308594,"0.853,0.740,1.659,0.491,0.401,0.590,0.823,0.611",3320.320556640625,3733.67431640625,"3858,4533,517.3,3271,2988,3288,4441,3667",33.39547348022461,34.86186981201172,"38.57,41.61,9.068,36.66,38.05,33.52,33.12,36.58"
23,v_proj,gptq,1024,5120,0,0.0020374298095703126,0.0014617919921875,52.557394150308824,0.02458169866745208,182.59303283691406,132.49818420410156,18.89257049560547,43.035736083984375,35.79364776611328,44.556976318359375,0.7786972522735596,52.416866302490234,0.1054476648569107,"693,157,2099,4344,3388,2953,4610,1824,1031,3931,28,2428,2673,2657,3799,228",451.8170166015625,,,,,0,16.91573715209961,21.760326385498047,18.26398468017578,24.459157943725586,"0.831,0.750,1.172,0.674,0.617,0.783,1.048,0.746",3320.320556640625,3733.67431640625,"3858,4533,517.3,3271,2988,3288,4441,3667",33.39547348022461,34.86186981201172,"38.57,41.61,9.068,36.66,38.05,33.52,33.12,36.58"
23,o_proj,gptq,5120,5120,0,0.0020623397827148437,0.0014679336547851563,374.91621024286854,0.0351515153083534,1072.072998046875,614.59375,15.572845458984375,55.18557357788086,53.505741119384766,84.52513122558594,0.48247215151786804,374.1905212402344,0.05350080132484436,"3679,3807,3551,3295,4221,4477,426,778,1162,650,4349,3423,4093,3750,3014,1034",26.173736572265625,,,,,0,35.22332000732422,54.56826400756836,23.96298599243164,38.49256134033203,"0.645,0.644,0.641,0.649,0.718,0.663,0.644,0.600",9836.060546875,6179.93603515625,"2.344e+04,2.598e+04,2610,6881,4462,4017,4838,6457",19.78298568725586,18.09515380859375,"31.96,33.39,10.66,19.28,14.43,14.57,15.8,18.17"
23,gate_proj,gptq,13824,5120,0,0.0020369211832682293,0.0014815012613932292,595.1476298693451,0.019831397261865034,2430.572265625,1878.109619140625,189.786376953125,384.2274169921875,366.885986328125,366.0937194824219,0.7854586243629456,593.5860595703125,0.12472553551197052,"11,1307,4610,2950,655,4938,228,4020,3593,2099,3553,2468,2710,1093,1466,2896",90.54568481445312,,,,,0,188.8099365234375,187.02647399902344,196.39686584472656,197.85693359375,"1.048,1.034,1.338,0.906,0.875,0.952,1.140,0.937",4090.3291015625,4506.572265625,"4911,5708,748.1,3978,3575,3815,5578,4411",22.299022674560547,23.17002296447754,"24.64,25.92,14.16,22.52,21.64,21.78,24.3,23.43"
23,up_proj,gptq,13824,5120,0,0.0020287549054181135,0.0015005888762297454,605.3249456242193,0.018650363669775974,2568.098388671875,1999.302001953125,201.42578125,396.76593017578125,374.98736572265625,383.3633728027344,0.7854586243629456,604.26806640625,0.08362588286399841,"11,4610,1307,2950,4938,655,228,4020,2099,3593,3553,2468,2710,1093,1466,1145",90.54568481445312,,,,,0,192.1785888671875,196.91595458984375,201.9107666015625,210.41201782226562,"1.028,1.034,1.047,0.917,0.880,0.906,1.081,0.912",4090.3291015625,4506.572265625,"4911,5708,748.1,3978,3575,3815,5578,4411",22.299022674560547,23.17002296447754,"24.64,25.92,14.16,22.52,21.64,21.78,24.3,23.43"
23,down_proj,gptq,5120,13824,0,0.00200031421802662,0.001514576099537037,992.0490160920162,0.031486284862777957,3040.91259765625,2034.818359375,41.93686294555664,88.11507415771484,78.90525817871094,70.19032287597656,0.5990204811096191,991.2516479492188,0.0899244025349617,"7833,9808,11335,8734,9651,6620,7254,6962,8482,8095,4742,8616,10013,12845,9276,11813",669.5626220703125,,,,,0,45.11309814453125,38.42950439453125,44.09912872314453,35.87404251098633,"1.363,1.282,0.431,1.070,1.048,1.090,1.117,1.056",12615.470703125,11650.1953125,"2.479e+04,2.52e+04,426.2,1.033e+04,7608,8889,1.283e+04,1.085e+04",15.246609687805176,15.586404800415039,"20.76,20.89,5.026,15.41,13.15,14.68,16.3,15.75"
24,q_proj,gptq,5120,5120,0,0.0020313644409179687,0.001465606689453125,394.62304282842797,0.03289782049362853,1133.5279541015625,774.5968017578125,116.58908081054688,349.595703125,307.289794921875,397.3925476074219,0.8127543926239014,392.6872863769531,0.23440426588058472,"693,2099,157,4344,3388,2953,1031,1824,28,4610,2673,3931,2428,3799,228,1754",555.6334838867188,,,,,0,128.4376220703125,197.2288818359375,143.88690185546875,202.41897583007812,"0.776,0.668,1.643,0.559,0.460,0.603,0.811,0.659",3325.962646484375,3900.76416015625,"3962,4675,528.1,3357,2963,2995,4410,3719",35.34375,36.76746368408203,"40.17,43.85,8.67,40.02,41.69,34.83,35.39,38.13"
24,k_proj,gptq,1024,5120,0,0.002024269104003906,0.0014812469482421875,138.50363615240167,0.04224970351526998,352.07086181640625,231.1263885498047,37.04724884033203,117.95989227294922,105.57454681396484,138.77157592773438,0.8127543926239014,136.0338134765625,0.3012141287326813,"693,2099,157,2953,3388,1824,4344,1031,28,4610,3931,2428,2673,3799,228,2797",555.6334838867188,,,,,0,47.64555358886719,67.7895278930664,45.65043640136719,69.3099365234375,"0.946,0.805,1.627,0.581,0.428,0.580,0.924,0.661",3325.962646484375,3900.76416015625,"3962,4675,528.1,3357,2963,2995,4410,3719",35.34375,36.76746368408203,"40.17,43.85,8.67,40.02,41.69,34.83,35.39,38.13"
24,v_proj,gptq,1024,5120,0,0.0020162582397460936,0.0014642715454101563,45.307415400431466,0.024647478719596067,158.20599365234375,114.9853515625,15.615530014038086,41.17286682128906,31.455810546875,44.55852127075195,0.8127543926239014,45.19683837890625,0.11958766728639603,"693,157,2099,3388,2953,4344,1824,1031,28,4610,2673,3931,3799,2428,2657,1754",555.6334838867188,,,,,0,14.295660972595215,21.39474105834961,15.727359771728516,22.57897186279297,"0.753,0.660,1.381,0.664,0.532,0.571,0.759,0.682",3325.962646484375,3900.76416015625,"3962,4675,528.1,3357,2963,2995,4410,3719",35.34375,36.76746368408203,"40.17,43.85,8.67,40.02,41.69,34.83,35.39,38.13"
24,o_proj,gptq,5120,5120,0,0.0020791244506835936,0.0014758682250976562,332.2927653842189,0.03416394742425239,957.19580078125,562.005615234375,15.024085998535156,52.91996383666992,57.66464614868164,97.29805755615234,0.6605092883110046,331.01611328125,0.06437224894762039,"2786,2914,2658,4552,282,4808,3042,3170,749,154,4936,2027,538,4462,1261,1133",28.52720832824707,,,,,0,32.472900390625,57.10991668701172,23.095958709716797,39.413909912109375,"0.560,0.554,0.561,0.586,0.603,0.611,0.595,0.561",9550.5205078125,6210.1357421875,"2.307e+04,2.416e+04,2280,7219,4114,5941,3674,5945",21.178274154663086,19.23311996459961,"35.8,36.52,11,20.1,15.09,17.95,14.61,18.35"
24,gate_proj,gptq,13824,5120,0,0.0020403685393156827,0.0014791841860170717,604.6909502731869,0.01998941951985841,2413.3037109375,1854.10791015625,182.24484252929688,365.67034912109375,335.2879638671875,345.27691650390625,0.7110642790794373,603.582763671875,0.10490963608026505,"11,4610,2950,1307,4938,655,2099,2710,228,4020,3593,3553,2468,1466,1093,4436",102.96754455566406,,,,,0,177.6813507080078,180.32252502441406,177.38143920898438,187.5878448486328,"1.030,1.011,1.274,0.933,0.846,0.911,1.049,0.937",4030.5087890625,4405.41455078125,"4918,5694,1176,4020,3467,3507,5320,4144",21.944683074951172,22.57512664794922,"24.9,25.64,14.61,22.15,21.08,20.82,23.85,22.51"
24,up_proj,gptq,13824,5120,0,0.0020341943811487267,0.0015085008409288195,628.2024709433317,0.019330111832360917,2569.3603515625,1985.776611328125,195.18502807617188,380.9826354980469,349.5513610839844,362.831298828125,0.7110642790794373,627.54296875,0.07620838284492493,"11,4610,2950,1307,4938,655,2099,228,4020,2710,3593,3553,2468,1093,1466,4436",102.96754455566406,,,,,0,181.96835327148438,188.79066467285156,188.16909790039062,198.56344604492188,"0.984,1.017,1.094,0.941,0.871,0.912,1.013,0.909",4030.5087890625,4405.41455078125,"4918,5694,1176,4020,3467,3507,5320,4144",21.944683074951172,22.57512664794922,"24.9,25.64,14.61,22.15,21.08,20.82,23.85,22.51"
24,down_proj,gptq,5120,13824,0,0.002002249823676215,0.0015108885588469329,901.9303641604711,0.028601487392307307,2877.82373046875,1957.0732421875,38.82770919799805,75.23289489746094,71.41777038574219,68.97474670410156,0.37941309809684753,901.4779052734375,0.06820585578680038,"11501,4504,1769,2497,13682,12522,6878,7824,9653,9601,12333,10710,9523,10250,2762,4495",224.158447265625,,,,,0,38.906761169433594,37.176063537597656,43.44522476196289,39.73460388183594,"1.111,1.163,1.017,1.019,1.026,0.899,1.051,0.955",10880.435546875,12536.619140625,"1.498e+04,1.857e+04,483.1,9684,8748,9023,1.467e+04,1.088e+04",15.168506622314453,16.55196762084961,"18.35,19.71,3.326,14.71,15.27,15.46,17.85,16.67"
25,q_proj,gptq,5120,5120,0,0.002044219970703125,0.0014714813232421875,383.95265611634625,0.03375450274901613,1083.089599609375,721.8294067382812,130.4895782470703,397.3777160644531,373.8270568847656,466.56927490234375,0.8103173971176147,382.93548583984375,0.2749180197715759,"693,157,2099,3388,4344,1031,1824,28,2953,4610,2673,228,212,3931,2428,4469",487.3426818847656,,,,,0,164.00704956054688,240.10296630859375,166.754150390625,229.0711212158203,"0.875,0.746,1.602,0.580,0.477,0.574,0.808,0.607",3404.031005859375,4034.772216796875,"4326,4443,455.9,3501,3201,3126,4488,3691",40.30797576904297,40.95714569091797,"49.51,50.32,9.384,44.52,45.93,39.19,40.84,42.77"
25,k_proj,gptq,1024,5120,0,0.0020620346069335936,0.0014627456665039062,115.46208216466725,0.03887492678443449,308.7660827636719,202.40200805664062,37.27023696899414,122.22470092773438,119.80335235595703,141.3974609375,0.8103173971176147,114.85629272460938,0.3188471794128418,"693,157,2099,3388,1031,4344,1824,28,2953,4610,2673,228,212,3931,2428,4469",487.3426818847656,,,,,0,51.88791275024414,71.69100952148438,49.563072204589844,67.11311340332031,"0.936,0.803,1.599,0.616,0.527,0.602,0.831,0.624",3404.031005859375,4034.772216796875,"4326,4443,455.9,3501,3201,3126,4488,3691",40.30797576904297,40.95714569091797,"49.51,50.32,9.384,44.52,45.93,39.19,40.84,42.77"
25,v_proj,gptq,1024,5120,0,0.0019983291625976563,0.0014207839965820312,53.1647893858352,0.031469306837064455,173.8498077392578,123.10472106933594,20.674747467041016,53.520484924316406,44.461524963378906,58.013671875,0.8103173971176147,52.76792907714844,0.1392558068037033,"693,157,1031,1824,4610,2099,3388,4344,28,2953,2428,3799,2673,2797,228,212",487.3426818847656,,,,,0,19.97065544128418,28.568899154663086,21.616287231445312,30.734859466552734,"0.703,0.737,1.228,0.702,0.617,0.673,0.767,0.640",3404.031005859375,4034.772216796875,"4326,4443,455.9,3501,3201,3126,4488,3691",40.30797576904297,40.95714569091797,"49.51,50.32,9.384,44.52,45.93,39.19,40.84,42.77"
25,o_proj,gptq,5120,5120,0,0.0020992279052734373,0.0014675521850585937,333.6847495424445,0.03502639676888249,978.9320068359375,549.4004516601562,12.012289047241211,41.75281524658203,49.37091827392578,82.4195556640625,0.5285772681236267,332.9114074707031,0.06410326808691025,"2967,2453,2325,2583,1941,2839,2197,3095,3994,1053,797,3866,167,2711,4122,2069",41.92487335205078,,,,,0,26.32457160949707,45.4880256652832,20.676044464111328,42.33293914794922,"0.591,0.578,0.635,0.536,0.628,0.615,0.589,0.497",10482.9677734375,7617.85888671875,"2.983e+04,3.047e+04,2420,4813,3412,4039,3551,5328",18.372303009033203,19.773784637451172,"33.5,34.19,9.722,15.43,11.57,12.74,12.7,17.13"
25,gate_proj,gptq,13824,5120,0,0.0020346606219256366,0.0014686301902488426,579.6606183066033,0.01974402865604659,2346.406982421875,1798.580322265625,180.13516235351562,353.4306640625,323.607421875,344.0133056640625,0.752443790435791,579.00390625,0.10460617393255234,"11,4610,2950,4938,655,1307,2710,4020,228,2099,3593,1093,3553,1466,2468,1567",108.26150512695312,,,,,0,159.08193969726562,169.8309326171875,171.1611328125,188.9909210205078,"0.977,0.987,1.241,0.902,0.836,0.881,0.976,0.860",3837.822509765625,4308.3837890625,"4785,5363,750.7,3829,3582,3454,5043,3896",21.570947647094727,22.86355972290039,"24.36,24.69,12.85,21.73,21.82,20.9,23.88,22.33"
25,up_proj,gptq,13824,5120,0,0.002030874181676794,0.0015097017641420717,622.8074715104885,0.01895200787312097,2585.4765625,1993.7059326171875,199.69570922851562,381.30157470703125,349.22674560546875,373.2562255859375,0.752443790435791,622.2573852539062,0.07579116523265839,"11,4610,2950,4938,655,1307,4020,2099,228,2710,1093,3553,3593,1466,1567,2468",108.26150512695312,,,,,0,171.55255126953125,183.9257354736328,184.75408935546875,204.0645751953125,"0.960,0.984,0.991,0.927,0.851,0.898,0.972,0.886",3837.822509765625,4308.3837890625,"4785,5363,750.7,3829,3582,3454,5043,3896",21.570947647094727,22.86355972290039,"24.36,24.69,12.85,21.73,21.82,20.9,23.88,22.33"
25,down_proj,gptq,5120,13824,0,0.0019995654070818865,0.0015123861807364006,880.5736954512413,0.027848389647602688,2859.85205078125,1962.759033203125,41.91200256347656,75.32330322265625,69.27588653564453,62.05418395996094,0.5541313886642456,880.4396362304688,0.0742376446723938,"9569,8438,6785,11641,1267,5616,4788,11856,9440,4934,2794,10483,13608,2182,10947,4876",98.04742431640625,,,,,0,30.96599578857422,27.240772247314453,43.97724914550781,38.338111877441406,"1.057,1.161,1.099,1.115,1.157,1.087,1.266,1.088",8501.701171875,12577.1396484375,"9862,1.222e+04,316.4,8372,8477,6632,1.235e+04,9784",13.214822769165039,16.475881576538086,"15.56,16.61,2.587,13.93,13.38,12.51,16.1,15.05"
26,q_proj,gptq,5120,5120,0,0.002037200927734375,0.00146514892578125,374.5565836644263,0.031762934095737876,1119.951171875,760.177978515625,114.39433288574219,336.39422607421875,328.61175537109375,409.7914123535156,0.811382532119751,373.32110595703125,0.27100610733032227,"693,157,2099,3388,4344,2953,228,1031,4610,28,1824,2428,2657,1754,3931,3089",570.3607177734375,,,,,0,134.39910888671875,199.98355102539062,141.31851196289062,194.83071899414062,"0.753,0.664,1.242,0.623,0.578,0.658,0.756,0.612",3349.797119140625,4078.06396484375,"4229,4425,463.3,3392,3232,3091,4207,3759",36.30571746826172,36.96464920043945,"45.18,45.83,10.16,39.21,41.04,34.64,36,38.39"
26,k_proj,gptq,1024,5120,0,0.0020124435424804686,0.0014562606811523438,112.13085961479032,0.03378760825170279,320.79071044921875,216.28411865234375,32.85612487792969,103.61351013183594,102.04448699951172,124.34911346435547,0.811382532119751,111.94401550292969,0.3023923337459564,"693,2099,157,3388,4344,228,2953,4610,1031,1824,2428,28,3931,2673,2657,3799",570.3607177734375,,,,,0,42.99390411376953,61.32433319091797,40.787261962890625,59.15406799316406,"0.836,0.768,1.335,0.630,0.498,0.666,0.769,0.696",3349.797119140625,4078.06396484375,"4229,4425,463.3,3392,3232,3091,4207,3759",36.30571746826172,36.96464920043945,"45.18,45.83,10.16,39.21,41.04,34.64,36,38.39"
26,v_proj,gptq,1024,5120,0,0.00207672119140625,0.0014408111572265625,40.59418598713913,0.025370125530714306,136.90435791015625,96.71681213378906,13.856719970703125,37.73155975341797,33.36901092529297,43.12445068359375,0.811382532119751,40.498756408691406,0.16604778170585632,"693,157,2099,3388,4344,228,2953,1031,4610,1824,2428,28,2657,3931,2673,3799",570.3607177734375,,,,,0,14.180776596069336,20.18153190612793,15.657994270324707,21.389739990234375,"0.781,0.749,1.332,0.651,0.534,0.645,0.842,0.653",3349.797119140625,4078.06396484375,"4229,4425,463.3,3392,3232,3091,4207,3759",36.30571746826172,36.96464920043945,"45.18,45.83,10.16,39.21,41.04,34.64,36,38.39"
26,o_proj,gptq,5120,5120,0,0.002074432373046875,0.001448211669921875,295.78410655702464,0.03256902302846765,882.5308227539062,521.9948120117188,13.444605827331543,51.58797073364258,39.92670440673828,92.15446472167969,0.735253095626831,295.08575439453125,0.08261475712060928,"5114,4986,4858,4730,4602,1514,1268,1012,4115,756,1140,4243,884,1770,2820,1386",57.57502746582031,,,,,0,20.473024368286133,49.963069915771484,16.806987762451172,41.83613204956055,"0.388,0.395,0.491,0.477,0.494,0.454,0.432,0.384",5682.95703125,4813.3994140625,"1.461e+04,1.458e+04,1275,4071,2662,2616,2552,3092",19.986125946044922,20.568233489990234,"36.5,36.79,9.435,16.87,13.67,14.51,15.26,16.85"
26,gate_proj,gptq,13824,5120,0,0.0020199528446903934,0.0014547277379918981,568.2652243601624,0.02018089201228666,2303.67333984375,1771.4984130859375,182.95205688476562,359.27984619140625,362.10406494140625,365.5427551269531,0.784040093421936,567.4439697265625,0.11665155738592148,"11,4610,2950,4938,655,2099,1093,228,1307,2710,4020,1466,3593,1567,3553,4436",114.38301849365234,,,,,0,166.80496215820312,171.16586303710938,186.99322509765625,196.17306518554688,"1.069,1.075,1.296,0.901,0.809,0.915,1.016,0.897",3819.84765625,4569.09619140625,"4450,5145,739.3,3902,3640,3485,4968,4229",21.941993713378906,23.739273071289062,"23.6,24.45,13.46,22.48,22.7,21.29,23.95,23.6"
26,up_proj,gptq,13824,5120,0,0.0020272996690538195,0.0015029342086226851,626.5288423139136,0.018831539266615602,2643.68017578125,2048.017578125,211.81634521484375,402.33001708984375,404.80596923828125,415.144287109375,0.784040093421936,626.2430419921875,0.08158119767904282,"11,4610,2950,4938,655,1093,2099,228,1307,4020,2710,1466,3593,1567,3553,4436",114.38301849365234,,,,,0,185.15374755859375,195.60989379882812,212.60745239257812,223.09359741210938,"1.010,1.044,1.032,0.891,0.817,0.895,1.036,0.873",3819.84765625,4569.09619140625,"4450,5145,739.3,3902,3640,3485,4968,4229",21.941993713378906,23.739273071289062,"23.6,24.45,13.46,22.48,22.7,21.29,23.95,23.6"
26,down_proj,gptq,5120,13824,0,0.001993984646267361,0.0015174724437572338,876.5320190556085,0.0274394100955394,2922.473876953125,2032.7554931640625,46.59513473510742,82.16302490234375,91.5221176147461,76.50285339355469,0.8852754235267639,876.2009887695312,0.07838951796293259,"10212,2641,11593,1326,10013,6730,9278,2804,8577,10445,9900,5513,13306,8887,1556,6084",417.1895751953125,,,,,0,43.20355224609375,33.9133415222168,46.038795471191406,43.37396240234375,"1.765,1.574,0.420,0.975,1.031,1.037,1.129,1.161",9468.041015625,11901.986328125,"1.442e+04,1.533e+04,265.3,8177,8696,6244,1.081e+04,1.179e+04",14.512127876281738,16.884553909301758,"17.48,18.23,5.07,15,15.07,12.81,16.07,16.37"
27,q_proj,gptq,5120,5120,0,0.0020257568359375,0.001480255126953125,358.8588029193288,0.030405331217128056,1071.31591796875,728.0626220703125,113.488037109375,328.96893310546875,375.99749755859375,413.624267578125,0.8011258840560913,357.9873046875,0.28603804111480713,"693,157,2099,3388,2953,4610,228,4344,1031,28,2428,1824,2657,3931,3799,2797",505.5097961425781,,,,,0,139.2147979736328,190.36026000976562,151.8511962890625,194.75514221191406,"0.898,0.776,0.971,0.589,0.538,0.693,0.856,0.713",3375.8173828125,4185.59326171875,"4028,4239,459.9,3432,3340,3182,4332,3993",36.468788146972656,37.599552154541016,"44.56,44.82,11.69,39.67,41.35,35.08,36.33,38.26"
27,k_proj,gptq,1024,5120,0,0.002022552490234375,0.0014957427978515626,108.98043123789876,0.0323730325165253,323.6817932128906,218.5855255126953,34.34893798828125,102.77938842773438,109.77986907958984,129.01776123046875,0.8011258840560913,108.82644653320312,0.28349989652633667,"693,2099,3388,157,2953,228,4610,4344,1031,1824,2428,28,2657,3931,2797,3799",505.5097961425781,,,,,0,41.572208404541016,60.501380920410156,45.61675262451172,58.44768524169922,"0.816,0.758,1.178,0.590,0.518,0.596,0.800,0.683",3375.8173828125,4185.59326171875,"4028,4239,459.9,3432,3340,3182,4332,3993",36.468788146972656,37.599552154541016,"44.56,44.82,11.69,39.67,41.35,35.08,36.33,38.26"
27,v_proj,gptq,1024,5120,0,0.0020532608032226562,0.0014568328857421874,48.26827869709251,0.026479147096166313,162.4289093017578,116.53738403320312,17.177154541015625,43.32049560546875,43.59431838989258,51.62605285644531,0.8011258840560913,48.2568244934082,0.16201108694076538,"693,2099,157,3388,2953,228,4610,4344,1031,1824,3799,2428,2657,2797,4373,3931",505.5097961425781,,,,,0,17.48255157470703,23.41973304748535,20.624916076660156,25.330106735229492,"0.890,0.801,1.255,0.573,0.574,0.758,0.861,0.737",3375.8173828125,4185.59326171875,"4028,4239,459.9,3432,3340,3182,4332,3993",36.468788146972656,37.599552154541016,"44.56,44.82,11.69,39.67,41.35,35.08,36.33,38.26"
27,o_proj,gptq,5120,5120,0,0.0020778274536132815,0.0014481735229492187,301.4296803828329,0.032063856038828165,888.9134521484375,536.44384765625,18.910140991210938,65.16827392578125,51.11395263671875,109.9713134765625,0.6045121550559998,300.904296875,0.05850015953183174,"3267,3523,3395,3779,3651,3071,970,714,1098,2815,4562,842,1226,2943,4437,4946",75.53756713867188,,,,,0,20.739086151123047,47.137107849121094,20.69020652770996,46.032470703125,"0.414,0.409,0.481,0.593,0.551,0.407,0.431,0.518",4569.978515625,4076.989990234375,"1.159e+04,1.154e+04,1093,2737,2212,2312,2234,2840",19.798402786254883,20.857540130615234,"34.59,34.74,10.4,14.89,14.31,16.6,16.58,16.28"
27,gate_proj,gptq,13824,5120,0,0.0020206592701099537,0.0014565503155743633,568.6877797534689,0.020741729255468973,2270.979736328125,1762.1171875,190.49169921875,388.57806396484375,406.2525634765625,417.291015625,0.7851288318634033,567.4072265625,0.12480973452329636,"11,4610,2950,655,1093,4938,228,2710,2099,1307,4020,1567,3553,3593,4436,1466",137.56565856933594,,,,,0,182.279296875,194.66641235351562,200.76300048828125,222.99679565429688,"1.022,1.019,1.265,0.840,0.775,0.901,1.003,0.853",3943.7490234375,4688.7734375,"4613,4966,744,3962,3906,3541,5120,4699",23.354732513427734,25.257801055908203,"24.82,25.1,14.95,23.84,24.32,22.49,25.49,25.83"
27,up_proj,gptq,13824,5120,0,0.0020329934579354746,0.001506183765552662,618.556295922026,0.01868515515848636,2625.38818359375,2045.069091796875,222.87693786621094,435.2490539550781,449.49713134765625,474.05328369140625,0.7851288318634033,618.052734375,0.08177224546670914,"11,4610,2950,1093,655,4938,2099,228,1307,2710,1567,4020,4436,3553,4794,3593",137.56565856933594,,,,,0,202.35971069335938,221.1961669921875,230.74891662597656,256.8461608886719,"0.982,1.007,0.972,0.867,0.802,0.863,0.988,0.859",3943.7490234375,4688.7734375,"4613,4966,744,3962,3906,3541,5120,4699",23.354732513427734,25.257801055908203,"24.82,25.1,14.95,23.84,24.32,22.49,25.49,25.83"
27,down_proj,gptq,5120,13824,0,0.002004326714409722,0.0015209904423466435,945.8132369235682,0.02957952712624473,3035.975341796875,2085.77001953125,55.876678466796875,99.60577392578125,126.87113952636719,114.2413101196289,0.8773772716522217,945.491455078125,0.09755464643239975,"13181,5347,460,4185,7730,8474,3623,4235,9227,3251,10982,11201,12898,12846,11960,4408",325.2079772949219,,,,,0,89.90633392333984,80.19395446777344,56.91260528564453,51.337554931640625,"1.110,0.953,1.458,1.042,1.153,1.038,1.167,1.070",9761.681640625,12102.01171875,"1.086e+04,1.245e+04,399.5,9449,9901,7789,1.171e+04,1.553e+04",21.25749969482422,18.382991790771484,"37.1,25.71,20.68,16.38,16.37,15.29,17.79,20.73"
28,q_proj,gptq,5120,5120,0,0.0020381927490234373,0.001470184326171875,332.8991303224689,0.031111613937644035,970.2662353515625,651.9463500976562,114.07389831542969,315.72314453125,401.4515380859375,408.6429138183594,0.7946056723594666,331.982177734375,0.31047502160072327,"693,157,2099,3388,2953,1031,1824,4344,28,2428,3931,228,2673,3799,1754,2657",408.66241455078125,,,,,0,139.97219848632812,187.369873046875,160.22357177734375,194.9629364013672,"0.885,0.794,1.043,0.581,0.540,0.731,0.912,0.771",3374.91162109375,4197.0341796875,"3290,4133,429.5,3619,3614,3285,4269,4361",37.462921142578125,39.286590576171875,"43.56,46.38,12.22,41.65,42.06,37.13,37.29,39.42"
28,k_proj,gptq,1024,5120,0,0.002026939392089844,0.0014768600463867187,88.64878946942935,0.03535936315408803,244.27011108398438,161.17372131347656,28.634761810302734,85.61946105957031,112.49874877929688,113.12548828125,0.7946056723594666,88.19602966308594,0.3592987358570099,"693,157,2099,3388,1824,2953,1031,28,4344,2428,2657,228,3931,1754,2673,3799",408.66241455078125,,,,,0,38.0155143737793,52.08897018432617,43.09242248535156,52.10718536376953,"0.899,0.786,1.140,0.486,0.525,0.705,0.940,0.758",3374.91162109375,4197.0341796875,"3290,4133,429.5,3619,3614,3285,4269,4361",37.462921142578125,39.286590576171875,"43.56,46.38,12.22,41.65,42.06,37.13,37.29,39.42"
28,v_proj,gptq,1024,5120,0,0.0020147323608398437,0.0014537811279296876,60.38734207395975,0.025126007963124353,210.18406677246094,152.5079345703125,24.642345428466797,56.48674011230469,61.444847106933594,67.56365966796875,0.7946056723594666,60.282962799072266,0.1455937623977661,"693,157,1824,1031,2953,2099,4344,28,3388,2673,2428,3799,2657,228,2797,212",408.66241455078125,,,,,0,23.166419982910156,28.930513381958008,29.517745971679688,34.721221923828125,"0.839,0.773,1.200,0.727,0.747,0.762,0.926,0.819",3374.91162109375,4197.0341796875,"3290,4133,429.5,3619,3614,3285,4269,4361",37.462921142578125,39.286590576171875,"43.56,46.38,12.22,41.65,42.06,37.13,37.29,39.42"
28,o_proj,gptq,5120,5120,0,0.002068939208984375,0.0014737701416015624,400.1858556979496,0.03666801688045518,1141.2952880859375,627.1871337890625,22.035127639770508,71.74417114257812,73.40735626220703,122.59481048583984,0.6877590417861938,398.96417236328125,0.06113871932029724,"3068,3017,1202,818,2978,2968,1074,3070,3025,3041,2989,3061,3015,2969,3013,3023",34.67181396484375,,,,,0,38.22392272949219,69.48847961425781,29.713420867919922,49.54296875,"0.567,0.543,0.619,0.530,0.531,0.534,0.568,0.550",7849.0009765625,5805.22607421875,"1.624e+04,1.723e+04,1960,8680,3901,4126,4501,6151",22.49877166748047,20.155853271484375,"33.53,35.26,11.04,24.83,17.9,18.19,17.66,21.58"
28,gate_proj,gptq,13824,5120,0,0.0020310578522858796,0.0014724166304976851,585.5955618745647,0.02083565921031058,2292.084716796875,1820.8724365234375,189.3268585205078,417.4390563964844,435.08245849609375,445.64434814453125,0.7486163973808289,584.1302490234375,0.13813604414463043,"4610,2950,655,2710,4938,1093,11,1307,4020,2099,228,3593,3553,4436,1567,4794",164.80062866210938,,,,,0,202.19546508789062,219.54782104492188,215.45590209960938,235.3693389892578,"0.980,1.020,1.271,0.855,0.800,0.825,0.931,0.875",4142.8369140625,4837.37060546875,"4291,5146,1154,4414,4163,3507,5198,5270",24.343826293945312,25.545419692993164,"26.71,26.21,15.76,25.25,25.13,22.64,26.11,26.94"
28,up_proj,gptq,13824,5120,0,0.002040297896773727,0.0015030189796730324,634.687754528597,0.018654605452534258,2680.906494140625,2119.79296875,224.69113159179688,470.67401123046875,480.4481201171875,505.730712890625,0.7486163973808289,633.666748046875,0.09520544111728668,"4610,2950,655,1093,11,4938,2710,1307,4020,228,2099,3593,4436,4794,3553,1567",164.80062866210938,,,,,0,219.66177368164062,248.0797119140625,244.2458953857422,267.45611572265625,"0.862,0.943,0.939,0.879,0.830,0.854,0.940,0.860",4142.8369140625,4837.37060546875,"4291,5146,1154,4414,4163,3507,5198,5270",24.343826293945312,25.545419692993164,"26.71,26.21,15.76,25.25,25.13,22.64,26.11,26.94"
28,down_proj,gptq,5120,13824,0,0.0019939422607421877,0.001519846033166956,1058.2344176462248,0.03258198666516492,3184.4873046875,2133.582763671875,62.73337936401367,123.95159912109375,127.69292449951172,123.44395446777344,0.9278197288513184,1057.510009765625,0.09071474522352219,"6193,1743,5528,5743,4418,4544,12379,5370,1635,1596,9849,6290,1608,9215,8984,7148",666.0568237304688,,,,,0,60.2973747253418,57.583892822265625,64.08832550048828,62.69103240966797,"1.049,1.052,0.943,0.903,1.115,0.891,1.161,1.124",10663.505859375,11805.46875,"1.225e+04,1.546e+04,356.8,1.169e+04,9466,6935,1.241e+04,1.674e+04",18.21381378173828,19.998363494873047,"21.97,22.46,3.71,21.18,17.52,16.32,19.27,23.28"
29,q_proj,gptq,5120,5120,0,0.0020369720458984376,0.0014670562744140624,345.01128962008806,0.03145146695451457,1018.3260498046875,699.195068359375,133.23191833496094,398.00970458984375,476.09295654296875,519.3461303710938,0.8066272139549255,344.08642578125,0.2866601049900055,"693,157,2099,3388,1031,2953,1824,2428,28,4610,3799,3931,2797,2657,2673,4344",378.6162109375,,,,,0,170.48907470703125,251.84283447265625,191.91122436523438,245.32003784179688,"0.760,0.711,1.003,0.600,0.505,0.612,0.800,0.714",3505.26708984375,4268.79443359375,"3420,4287,415.4,3815,3573,3268,4600,4662",41.63771057128906,43.25531005859375,"48,52.77,11.95,46.5,46.5,41.11,43.04,43.22"
29,k_proj,gptq,1024,5120,0,0.002047157287597656,0.0014570236206054687,114.79458730342003,0.04524108310228194,281.498046875,184.65597534179688,37.491729736328125,117.36111450195312,176.23855590820312,154.41940307617188,0.8066272139549255,113.92973327636719,0.38046547770500183,"693,157,1824,3388,2099,2953,1031,2428,4610,3799,28,2657,3931,2673,2797,4344",378.6162109375,,,,,0,54.46003723144531,73.18315887451172,59.20551681518555,75.74726104736328,"0.841,0.843,1.381,0.626,0.530,0.653,0.962,0.715",3505.26708984375,4268.79443359375,"3420,4287,415.4,3815,3573,3268,4600,4662",41.63771057128906,43.25531005859375,"48,52.77,11.95,46.5,46.5,41.11,43.04,43.22"
29,v_proj,gptq,1024,5120,0,0.0020030975341796876,0.001486968994140625,52.24283134721571,0.023675328269321193,193.41061401367188,142.63478088378906,24.828874588012695,64.75969696044922,61.68154525756836,74.013916015625,0.8066272139549255,52.13370132446289,0.12975549697875977,"693,157,1824,2953,3388,2099,1031,2428,3799,4610,28,3931,2657,2673,2797,4344",378.6162109375,,,,,0,23.81414222717285,32.26933288574219,28.75845718383789,36.66551971435547,"0.777,0.745,1.147,0.684,0.640,0.757,0.760,0.779",3505.26708984375,4268.79443359375,"3420,4287,415.4,3815,3573,3268,4600,4662",41.63771057128906,43.25531005859375,"48,52.77,11.95,46.5,46.5,41.11,43.04,43.22"
29,o_proj,gptq,5120,5120,0,0.0020948410034179687,0.0014584732055664062,370.2927001381163,0.03476140091365685,1065.329833984375,608.1412353515625,23.432003021240234,73.31317138671875,87.69749450683594,150.1372833251953,0.5799390077590942,369.38037109375,0.04642404988408089,"2866,1536,2794,1792,1664,1408,905,4232,4104,4360,777,2610,1280,1929,2738,1033",29.8668212890625,,,,,0,47.350547790527344,86.64974975585938,33.16064453125,59.08403778076172,"0.533,0.518,0.589,0.548,0.557,0.504,0.639,0.601",9483.3994140625,5908.666015625,"2.113e+04,2.3e+04,1943,5321,4492,5132,6117,8729",25.473140716552734,22.91107177734375,"39.37,41.71,10.9,21.27,19.65,23.02,21.81,26.05"
29,gate_proj,gptq,13824,5120,0,0.0020325837311921295,0.0014666945845992476,578.7881146783475,0.020478073672766144,2277.650146484375,1800.4613037109375,195.69091796875,437.9257507324219,436.07159423828125,467.875244140625,0.7816178798675537,577.72412109375,0.13369736075401306,"655,2950,4610,2710,4938,1307,4020,1093,3593,3553,2099,4794,1567,4436,1466,11",185.04335021972656,,,,,0,194.5194854736328,220.1153564453125,211.5732879638672,242.08692932128906,"0.937,0.968,1.263,0.822,0.791,0.847,0.914,0.823",4132.0595703125,4722.55859375,"4165,5255,733.8,4382,4190,3877,5356,5097",24.31595802307129,26.037460327148438,"25.75,26.83,11.49,25.98,25.67,24.35,27.09,27.37"
29,up_proj,gptq,13824,5120,0,0.00204127276385272,0.0014947114167390045,625.6456279149861,0.018360097169838534,2653.0537109375,2082.6064453125,231.7293701171875,485.21514892578125,486.87164306640625,529.556640625,0.7816178798675537,625.03173828125,0.09081850200891495,"4610,2950,655,4938,2710,1093,4020,1307,3593,3553,4794,1567,2099,4436,1466,11",185.04335021972656,,,,,0,217.20068359375,246.96266174316406,241.57208251953125,273.69354248046875,"0.854,0.963,0.974,0.837,0.814,0.859,0.950,0.848",4132.0595703125,4722.55859375,"4165,5255,733.8,4382,4190,3877,5356,5097",24.31595802307129,26.037460327148438,"25.75,26.83,11.49,25.98,25.67,24.35,27.09,27.37"
29,down_proj,gptq,5120,13824,0,0.0019981949417679397,0.0015260484483506944,1083.0613467514013,0.033163594926843794,3192.878662109375,2104.48583984375,71.52001190185547,136.95721435546875,148.58425903320312,135.79107666015625,0.6126578450202942,1081.79296875,0.08735836297273636,"6549,1810,3918,6114,3958,3128,3039,4698,11690,4107,9194,10797,9519,278,9514,2843",161.18911743164062,,,,,0,68.27740478515625,63.209068298339844,70.51835632324219,65.57496643066406,"1.087,1.114,1.289,0.979,1.050,1.073,1.207,1.075",10750.9462890625,11393.326171875,"1.164e+04,1.517e+04,213.9,1.355e+04,1.045e+04,8245,1.223e+04,1.451e+04",19.2767276763916,20.526378631591797,"21.48,23.94,2.505,23.78,20.34,17.73,20.52,23.92"
30,q_proj,gptq,5120,5120,0,0.0020253753662109377,0.0014769744873046875,310.9072739882281,0.02767879191227279,986.077880859375,686.3846435546875,124.0001220703125,354.04248046875,415.5457763671875,458.73443603515625,0.8142669200897217,310.2174072265625,0.28329941630363464,"693,157,2099,3388,2953,1031,1824,28,3799,2428,2657,4344,3931,2797,1754,2673",433.34375,,,,,0,144.62782287597656,207.03903198242188,171.45272827148438,224.31500244140625,"0.721,0.711,1.102,0.603,0.519,0.726,0.925,0.697",3593.796875,4290.3623046875,"3478,4430,424.4,4036,3820,3544,4536,4482",38.435821533203125,41.36632537841797,"43.6,47.66,11.22,43.13,43.6,38.85,39.04,40.37"
30,k_proj,gptq,1024,5120,0,0.0020441055297851563,0.0014963150024414062,93.93922376689761,0.03505211201745109,256.2935791015625,176.83389282226562,32.32492446899414,105.68472290039062,134.42445373535156,139.59231567382812,0.8142669200897217,93.72599792480469,0.38798588514328003,"693,157,2099,3388,2953,1824,1031,3799,28,2428,2657,4344,3931,1754,4610,2797",433.34375,,,,,0,43.209754943847656,69.25577545166016,51.661537170410156,68.17832946777344,"0.656,0.623,1.536,0.505,0.471,0.626,0.822,0.650",3593.796875,4290.3623046875,"3478,4430,424.4,4036,3820,3544,4536,4482",38.435821533203125,41.36632537841797,"43.6,47.66,11.22,43.13,43.6,38.85,39.04,40.37"
30,v_proj,gptq,1024,5120,0,0.0020429611206054686,0.0015153884887695312,55.50562559524346,0.02349293948574281,212.00115966796875,164.22763061523438,26.567256927490234,65.040283203125,63.984962463378906,77.16058349609375,0.8142669200897217,55.35355758666992,0.13455207645893097,"693,157,1824,2099,3799,1031,2953,2428,2797,4610,3388,28,3931,4344,415,2657",433.34375,,,,,0,24.85362434387207,34.50897979736328,30.239479064941406,38.171424865722656,"0.766,0.700,1.085,0.662,0.575,0.719,0.802,0.801",3593.796875,4290.3623046875,"3478,4430,424.4,4036,3820,3544,4536,4482",38.435821533203125,41.36632537841797,"43.6,47.66,11.22,43.13,43.6,38.85,39.04,40.37"
30,o_proj,gptq,5120,5120,0,0.002064857482910156,0.0014788055419921876,378.18135702901236,0.03431610664495545,1107.835205078125,626.798095703125,30.164966583251953,91.00387573242188,92.50210571289062,161.92971801757812,0.6703067421913147,376.62689208984375,0.04170747101306915,"2314,2186,2058,2442,3756,2849,3628,3372,2593,3105,3244,2977,441,1823,1311,4125",41.8459358215332,,,,,0,40.872337341308594,78.24412536621094,49.23542785644531,89.881103515625,"0.491,0.479,0.550,0.578,0.580,0.510,0.552,0.565",5805.3955078125,6936.29150390625,"9800,1.129e+04,1103,4331,3295,4226,5554,6846",24.12088394165039,27.151382446289062,"33.26,36.13,10.38,21.2,19.18,21.9,24.04,26.89"
30,gate_proj,gptq,13824,5120,0,0.002032400060583044,0.0014650274206090856,594.522317623574,0.020789264015754587,2290.373779296875,1804.11962890625,202.46307373046875,461.90093994140625,450.36846923828125,487.48248291015625,0.760963499546051,593.8148193359375,0.1361321210861206,"655,2710,2950,4938,4610,4020,1093,3553,3593,4794,11,4436,1466,2099,1567,3532",204.4645233154297,,,,,0,201.75405883789062,227.6668701171875,221.1750030517578,254.31204223632812,"0.951,0.964,1.606,0.807,0.801,0.837,0.902,0.818",4115.8115234375,4748.32373046875,"3976,5062,742.1,4282,4133,4064,5419,5248",24.666271209716797,26.73178482055664,"25.31,26.99,10.84,26.39,26.11,25.45,27.89,28.34"
30,up_proj,gptq,13824,5120,0,0.0020500606960720488,0.0015112841570818867,631.4222788004845,0.01847730305127516,2637.2392578125,2064.097900390625,237.11048889160156,512.3607788085938,500.4132080078125,552.054443359375,0.760963499546051,630.803466796875,0.09247485548257828,"2950,4610,655,4938,2710,1093,4020,3553,3593,11,4794,1466,4436,2099,1567,3532",204.4645233154297,,,,,0,223.0860595703125,256.1178283691406,248.50375366210938,287.1578369140625,"0.879,0.922,1.230,0.828,0.788,0.844,0.915,0.852",4115.8115234375,4748.32373046875,"3976,5062,742.1,4282,4133,4064,5419,5248",24.666271209716797,26.73178482055664,"25.31,26.99,10.84,26.39,26.11,25.45,27.89,28.34"
30,down_proj,gptq,5120,13824,0,0.0019972624602141204,0.0015188429090711806,1125.6737266467835,0.03430359654612121,3205.96044921875,2067.520263671875,81.58424377441406,158.7826690673828,178.12423706054688,164.441162109375,0.9140053987503052,1125.11669921875,0.09978461265563965,"5627,9289,3252,5032,8768,1023,11021,5923,10944,9109,8053,1656,5758,9313,5097,4456",300.9422912597656,,,,,0,87.89978790283203,80.95870208740234,84.61729431152344,80.94670104980469,"1.101,1.136,1.533,0.967,1.041,1.097,1.215,1.070",11196.9462890625,11975.046875,"1.081e+04,1.472e+04,208,1.341e+04,1.162e+04,8797,1.288e+04,1.713e+04",21.88363265991211,22.71062660217285,"23.78,27.52,2.544,25.81,24.82,19.59,23.03,27.98"
31,q_proj,gptq,5120,5120,0,0.002062225341796875,0.0014737319946289062,297.2398754689857,0.02661459691221558,967.110595703125,681.6909790039062,123.5889663696289,344.0602111816406,422.89447021484375,445.3174133300781,0.8085051774978638,296.80291748046875,0.2857370972633362,"693,2099,157,3388,2953,1031,1824,28,3799,2797,2428,1754,3931,2657,4925,4610",515.5589599609375,,,,,0,143.32049560546875,193.28564453125,175.48452758789062,215.59857177734375,"0.744,0.771,1.166,0.613,0.598,0.803,0.955,0.708",3678.612060546875,4371.966796875,"3429,4166,514.1,4121,3858,3620,4842,4880",37.24652099609375,40.69049835205078,"40.99,44.53,10.9,41.85,42.08,37.68,38.77,41.17"
31,k_proj,gptq,1024,5120,0,0.0020364761352539063,0.0014501571655273437,91.90529769430213,0.03433167769175348,252.66403198242188,173.64144897460938,32.24793243408203,100.45117950439453,144.6459503173828,130.91957092285156,0.8085051774978638,91.78234100341797,0.3888978064060211,"693,2099,157,3388,2953,1824,1031,28,2428,3799,3931,2797,4610,2657,1754,2673",515.5589599609375,,,,,0,44.23309326171875,55.833251953125,56.52013397216797,63.43928527832031,"0.905,0.846,1.385,0.610,0.575,0.855,1.040,0.741",3678.612060546875,4371.966796875,"3429,4166,514.1,4121,3858,3620,4842,4880",37.24652099609375,40.69049835205078,"40.99,44.53,10.9,41.85,42.08,37.68,38.77,41.17"
31,v_proj,gptq,1024,5120,0,0.0020359039306640627,0.0015031814575195313,51.9972798179374,0.021014652785448697,202.93716430664062,152.363525390625,26.106740951538086,65.1942138671875,67.80429077148438,76.239501953125,0.8085051774978638,51.86478042602539,0.1567249298095703,"693,157,2099,2953,1031,1824,3388,3799,28,2797,2428,2657,4610,3931,1754,212",515.5589599609375,,,,,0,25.19677734375,32.5614128112793,32.37818145751953,37.70796203613281,"0.772,0.780,1.126,0.784,0.700,0.749,0.830,0.769",3678.612060546875,4371.966796875,"3429,4166,514.1,4121,3858,3620,4842,4880",37.24652099609375,40.69049835205078,"40.99,44.53,10.9,41.85,42.08,37.68,38.77,41.17"
31,o_proj,gptq,5120,5120,0,0.0020624923706054686,0.0014809417724609376,353.47718710894696,0.03193876404892048,1040.780517578125,631.0928955078125,26.542858123779297,88.50920104980469,92.66741943359375,164.49453735351562,0.5556584000587463,352.2860107421875,0.043021511286497116,"4597,4853,4725,4981,5109,3809,4442,1549,4186,1293,1421,2150,2022,3169,4058,3930",20.335796356201172,,,,,0,36.99768829345703,72.46912384033203,43.665016174316406,86.31242370605469,"0.494,0.488,0.564,0.527,0.521,0.504,0.529,0.537",5876.23828125,7045.87890625,"1.039e+04,1.147e+04,1290,3332,3072,3206,5633,8615",22.825828552246094,26.43902015686035,"32.07,33.96,10.89,17.68,17.13,18.19,23.55,29.13"
31,gate_proj,gptq,13824,5120,0,0.0020318773057725692,0.0014622723614728008,627.6733844895498,0.02152001896802684,2349.93310546875,1841.68798828125,232.31520080566406,561.1497802734375,533.038330078125,576.4949340820312,0.7247964143753052,626.316650390625,0.14101102948188782,"2710,655,4938,4610,2950,4020,3553,3593,1093,2468,3532,4436,2896,1466,4794,1567",262.79632568359375,,,,,0,233.0816650390625,263.2012634277344,258.2003173828125,302.2696533203125,"0.918,0.950,1.774,0.821,0.795,0.826,0.947,0.813",4057.67529296875,4773.224609375,"3654,4461,707.6,4355,4212,4077,5507,5487",26.123207092285156,28.656221389770508,"25.73,27.61,11.13,28.61,28.31,27.03,29.81,30.75"
31,up_proj,gptq,13824,5120,0,0.002038913302951389,0.0015026092529296874,643.1963567415951,0.01890687220547418,2636.76025390625,2054.343017578125,265.3441162109375,605.862548828125,572.1932373046875,631.8245239257812,0.7247964143753052,642.4905395507812,0.09350663423538208,"2710,655,4938,4610,2950,4020,3553,1093,3593,3532,4436,1466,2468,2896,4794,1307",262.79632568359375,,,,,0,250.82290649414062,286.48626708984375,283.8338928222656,329.34332275390625,"0.901,0.928,1.339,0.817,0.792,0.851,0.923,0.852",4057.67529296875,4773.224609375,"3654,4461,707.6,4355,4212,4077,5507,5487",26.123207092285156,28.656221389770508,"25.73,27.61,11.13,28.61,28.31,27.03,29.81,30.75"
31,down_proj,gptq,5120,13824,0,0.0019964430067274308,0.001524282384801794,1155.1545451750699,0.035262321865488076,3207.375244140625,2037.5576171875,100.0140380859375,199.09808349609375,206.32106018066406,181.34954833984375,0.611680269241333,1154.5753173828125,0.09632473438978195,"5755,308,6024,9938,13773,6550,3976,3574,13072,3443,6995,6200,11123,520,5511,10287",112.15050506591797,,,,,0,85.82334899902344,79.28190612792969,102.24398040771484,88.35640716552734,"0.935,1.034,1.327,1.028,1.160,1.146,1.159,1.088",9843.078125,12413.1845703125,"6660,1.02e+04,263.8,1.186e+04,1.405e+04,9208,1.194e+04,1.456e+04",21.910736083984375,24.45102310180664,"20.79,24.83,3.202,25.41,26.82,22.1,24.36,27.77"
32,q_proj,gptq,5120,5120,0,0.002033882141113281,0.001471710205078125,310.3172312936167,0.02759684083212929,983.8583984375,689.3281860351562,133.12338256835938,407.31243896484375,439.79949951171875,511.73065185546875,0.7742578387260437,309.5059509277344,0.2351893037557602,"693,157,2099,2953,3388,1031,3931,1824,3799,4610,2797,2428,28,2657,4373,4436",385.57147216796875,,,,,0,152.99575805664062,223.53453063964844,185.99639892578125,243.97274780273438,"0.648,0.655,1.205,0.586,0.559,0.712,0.916,0.695",3675.986328125,4425.44873046875,"3357,3918,503.1,3848,3924,3816,4960,5082",39.30107116699219,42.74889373779297,"43.28,46.79,10.75,42.89,43.22,41.04,42.86,43.59"
32,k_proj,gptq,1024,5120,0,0.002046966552734375,0.00146636962890625,100.01669091771328,0.04066875092312919,251.16262817382812,165.0245361328125,35.15964889526367,107.06733703613281,151.1083526611328,135.3289794921875,0.7742578387260437,99.69475555419922,0.3244890868663788,"693,2099,157,3388,2953,1824,1031,3931,3799,4610,2797,2428,4436,2657,28,212",385.57147216796875,,,,,0,47.33074951171875,60.368038177490234,56.87737274169922,63.93082046508789,"0.781,0.783,1.848,0.542,0.565,0.882,1.102,0.787",3675.986328125,4425.44873046875,"3357,3918,503.1,3848,3924,3816,4960,5082",39.30107116699219,42.74889373779297,"43.28,46.79,10.75,42.89,43.22,41.04,42.86,43.59"
32,v_proj,gptq,1024,5120,0,0.00203094482421875,0.0014852523803710938,86.26265090039033,0.03554237713212413,239.17445373535156,183.4734344482422,33.61163330078125,93.13340759277344,91.42337036132812,104.92329406738281,0.7742578387260437,85.97766876220703,0.16262146830558777,"4436,4610,3799,2797,4373,2428,1738,415,693,157,4794,1824,4517,3931,2099,2953",385.57147216796875,,,,,0,35.67536163330078,45.62187957763672,42.11054229736328,50.4976921081543,"0.744,0.786,1.381,0.659,0.598,0.824,1.025,0.815",3675.986328125,4425.44873046875,"3357,3918,503.1,3848,3924,3816,4960,5082",39.30107116699219,42.74889373779297,"43.28,46.79,10.75,42.89,43.22,41.04,42.86,43.59"
32,o_proj,gptq,5120,5120,0,0.002101860046386719,0.0014755630493164063,365.21288885033573,0.03203461845533377,1066.4947509765625,648.198486328125,26.19399642944336,72.47535705566406,108.2054443359375,171.21661376953125,0.6745423674583435,364.68658447265625,0.05402717366814613,"3207,3591,3335,3719,37,3022,3463,421,165,671,799,549,293,4484,1183,927",39.778995513916016,,,,,0,49.57677459716797,74.09783935546875,40.40918731689453,73.34979248046875,"0.705,0.669,0.633,0.688,0.684,0.649,0.597,0.614",9475.2978515625,7082.6533203125,"2.557e+04,2.655e+04,2194,3766,3151,3742,4282,6543",22.086944580078125,24.532455444335938,"38.37,40.12,11.65,15.45,14.55,16.09,19.06,21.39"
32,gate_proj,gptq,13824,5120,0,0.002043844152379919,0.0014707635950159143,627.7623639296307,0.021112344346556157,2377.7607421875,1844.380859375,257.27923583984375,594.9075927734375,599.7682495117188,617.0335693359375,0.682117760181427,626.7445068359375,0.13320812582969666,"2710,655,4938,2950,4020,4610,3553,3593,1093,2896,2468,1307,4794,3286,4436,1466",267.45269775390625,,,,,0,261.1871643066406,277.44775390625,290.624267578125,316.5797119140625,"1.036,1.042,1.883,0.821,0.827,0.911,0.945,0.894",4104.1982421875,4841.08984375,"3876,4531,720.9,4258,4336,4175,5441,5496",26.857175827026367,29.481504440307617,"26.83,28.36,11.12,29.38,29.01,27.79,30.63,31.72"
32,up_proj,gptq,13824,5120,0,0.002041131478768808,0.0015128806785300927,637.6356274079808,0.01891805710884204,2604.67041015625,2009.15625,287.2880554199219,629.9495849609375,629.22900390625,664.88037109375,0.682117760181427,636.8538818359375,0.09199196100234985,"2710,655,4938,2950,4610,4020,3553,3593,1093,4794,2896,1307,4436,3286,2468,1466",267.45269775390625,,,,,0,270.5688781738281,297.8681335449219,314.4238586425781,343.525634765625,"0.945,0.960,1.439,0.809,0.827,0.900,0.959,0.892",4104.1982421875,4841.08984375,"3876,4531,720.9,4258,4336,4175,5441,5496",26.857175827026367,29.481504440307617,"26.83,28.36,11.12,29.38,29.01,27.79,30.63,31.72"
32,down_proj,gptq,5120,13824,0,0.0020019813820167823,0.0015177691424334491,1073.3076591845165,0.03286397360603639,3090.958251953125,1990.9722900390625,116.94503784179688,221.02908325195312,248.68560791015625,220.1644744873047,0.706078827381134,1072.2388916015625,0.0788751095533371,"3826,3349,6028,12830,13520,871,1551,3643,6346,6267,13129,8477,13555,5805,5122,11443",150.0107421875,,,,,0,94.972412109375,90.42938232421875,117.27843475341797,107.66627502441406,"1.019,0.951,1.482,1.063,1.027,1.087,1.176,1.047",9363.57421875,11607.0078125,"7632,9739,231.1,1.208e+04,1.198e+04,7595,1.058e+04,1.507e+04",23.22967529296875,27.04726791381836,"23.51,25.95,3.209,27.74,27.21,21.47,25.17,31.59"
33,q_proj,gptq,5120,5120,0,0.0020420455932617185,0.001461334228515625,284.11346152911756,0.026206430738122264,934.3973388671875,664.0772705078125,145.2418670654297,400.4012451171875,507.4117431640625,515.9819946289062,0.7933197021484375,283.7255554199219,0.260267436504364,"693,2099,157,2953,3388,1031,3931,1824,3799,28,2428,2797,2657,4610,4373,1754",429.60150146484375,,,,,0,171.894775390625,221.88381958007812,209.7909393310547,241.96295166015625,"0.772,0.807,1.291,0.658,0.644,0.802,0.938,0.767",3804.33984375,4561.734375,"3644,4141,504.9,3994,4144,3928,4990,5088",40.162498474121094,43.78978729248047,"44.28,46.89,11.06,44.65,44.94,41.23,43.02,45.22"
33,k_proj,gptq,1024,5120,0,0.0020206451416015627,0.0014669418334960938,88.1470641324322,0.03605206976774147,234.24411010742188,157.43382263183594,36.565513610839844,106.67010498046875,171.47491455078125,137.341552734375,0.7933197021484375,87.878173828125,0.3676508665084839,"693,2099,157,2953,3388,1824,3799,3931,1031,2428,28,2797,4610,1754,2657,4373",429.60150146484375,,,,,0,50.518924713134766,61.86901092529297,66.29682159423828,68.02491760253906,"0.893,0.914,1.598,0.629,0.611,0.856,0.980,0.816",3804.33984375,4561.734375,"3644,4141,504.9,3994,4144,3928,4990,5088",40.162498474121094,43.78978729248047,"44.28,46.89,11.06,44.65,44.94,41.23,43.02,45.22"
33,v_proj,gptq,1024,5120,0,0.0020244598388671877,0.0014799118041992187,61.70130275970064,0.023681437339707685,221.10812377929688,163.03221130371094,33.83015441894531,84.70184326171875,90.03520202636719,100.08596801757812,0.7933197021484375,61.61034393310547,0.13799579441547394,"693,157,2099,1824,2953,1031,3799,3931,2797,2428,3388,4610,28,4373,2657,4436",429.60150146484375,,,,,0,33.31288146972656,43.50967788696289,41.222293853759766,49.73798370361328,"0.767,0.776,1.360,0.656,0.735,0.790,0.893,0.712",3804.33984375,4561.734375,"3644,4141,504.9,3994,4144,3928,4990,5088",40.162498474121094,43.78978729248047,"44.28,46.89,11.06,44.65,44.94,41.23,43.02,45.22"
33,o_proj,gptq,5120,5120,0,0.0021033477783203125,0.00149261474609375,348.7209696949867,0.03079635037073627,1049.115966796875,641.683837890625,30.890827178955078,89.6763916015625,108.20449829101562,183.0911865234375,0.7143116593360901,348.3720703125,0.043843016028404236,"668,924,1052,1180,970,796,2996,558,381,174,2612,714,1915,1403,1226,302",25.851041793823242,,,,,0,50.41070556640625,86.62837219238281,54.417076110839844,94.59677124023438,"0.533,0.521,0.519,0.704,0.690,0.673,0.646,0.611",7196.82080078125,7356.23779296875,"1.406e+04,1.457e+04,1351,3972,4423,3911,4936,1.035e+04",25.20952033996582,28.131778717041016,"37.8,39.07,12.06,18.06,20.4,19.72,22.7,31.87"
33,gate_proj,gptq,13824,5120,0,0.0020467122395833332,0.0014719645182291667,667.2116490228364,0.02214913559252124,2437.3505859375,1889.872314453125,314.2615966796875,766.818359375,756.8565673828125,780.2926635742188,0.6973877549171448,665.9722290039062,0.155380979180336,"2710,655,4938,4020,2950,3553,4610,3593,2468,2896,1093,3286,1307,1145,3532,1466",302.2779846191406,,,,,0,320.87286376953125,347.87908935546875,354.8374938964844,395.454833984375,"0.989,1.013,1.950,0.784,0.751,0.890,1.021,0.875",3972.1962890625,4679.75,"3784,4294,685.5,4159,4227,4224,5350,5055",29.752208709716797,32.415313720703125,"29.47,31.15,12.41,32.88,32.5,31.47,34.1,34.04"
33,up_proj,gptq,13824,5120,0,0.002033304285120081,0.0015054773401331019,653.988862646991,0.01933876354020421,2625.08984375,2027.298095703125,344.47967529296875,796.4347534179688,760.9154052734375,824.2086181640625,0.6973877549171448,653.0694580078125,0.10504022985696793,"2710,4938,655,2950,4020,4610,3553,1093,3593,2896,2468,4436,1466,1307,4794,1145",302.2779846191406,,,,,0,318.83038330078125,369.7266845703125,367.97076416015625,416.1588134765625,"0.906,0.905,1.478,0.788,0.792,0.833,0.889,0.844",3972.1962890625,4679.75,"3784,4294,685.5,4159,4227,4224,5350,5055",29.752208709716797,32.415313720703125,"29.47,31.15,12.41,32.88,32.5,31.47,34.1,34.04"
33,down_proj,gptq,5120,13824,0,0.0020017835828993057,0.0015178962990089698,1192.477375399818,0.03654480859489122,3219.618896484375,2016.489990234375,166.31936645507812,337.7136535644531,358.4052429199219,333.78271484375,0.7701747417449951,1190.7607421875,0.11427659541368484,"6192,5257,1439,8020,6033,8618,2685,10304,4294,3255,10431,3237,3172,5473,11370,9456",178.84449768066406,,,,,0,163.2274932861328,163.70684814453125,156.5294189453125,148.8744354248047,"0.836,0.872,1.455,1.072,1.096,1.094,1.053,1.022",10091.025390625,10912.3310546875,"8767,9221,247.6,1.232e+04,1.446e+04,1.105e+04,1.09e+04,1.377e+04",31.38678550720215,31.84333038330078,"39.37,35.68,4.056,34.08,35.63,33.79,31.68,36.81"
34,q_proj,gptq,5120,5120,0,0.002039947509765625,0.0014646148681640625,282.31355615009215,0.02679777911137529,910.70849609375,647.9856567382812,157.37606811523438,463.1580810546875,558.5103759765625,598.8761596679688,0.79000324010849,281.8519287109375,0.2527407109737396,"693,2099,157,2953,1824,3388,3931,3799,2428,1031,28,4610,2797,2657,2673,1754",396.59991455078125,,,,,0,191.5659942626953,256.4946594238281,222.86590576171875,287.88812255859375,"0.785,0.879,1.305,0.650,0.595,0.715,0.869,0.699",3789.35009765625,4366.294921875,"3859,4149,485.5,4006,4183,4281,4849,4502",44.091712951660156,48.14098358154297,"49.69,51.24,11.36,48.64,49.45,46.73,47.54,48.09"
34,k_proj,gptq,1024,5120,0,0.002044486999511719,0.001480865478515625,85.36500492244363,0.039093760178578595,215.22421264648438,138.8337860107422,37.81901550292969,111.27339172363281,170.19081115722656,144.98129272460938,0.79000324010849,85.19615936279297,0.3407008647918701,"693,2099,157,2953,1824,3388,3931,3799,2428,1031,4610,28,2797,2657,4436,1738",396.59991455078125,,,,,0,57.26620864868164,62.762054443359375,62.178443908691406,68.75569152832031,"0.980,1.155,1.692,0.740,0.653,0.856,1.040,0.885",3789.35009765625,4366.294921875,"3859,4149,485.5,4006,4183,4281,4849,4502",44.091712951660156,48.14098358154297,"49.69,51.24,11.36,48.64,49.45,46.73,47.54,48.09"
34,v_proj,gptq,1024,5120,0,0.0020538330078125,0.0015096664428710938,80.02775815077848,0.03154113116538144,236.60305786132812,172.443115234375,40.75253677368164,111.47573852539062,123.10282135009766,134.884765625,0.79000324010849,79.79261779785156,0.1610313355922699,"693,2099,1824,157,3799,2953,3931,2428,4610,3388,1031,2797,2657,4436,1738,28",396.59991455078125,,,,,0,46.101558685302734,58.461124420166016,52.40224838256836,63.75075149536133,"0.794,0.831,1.308,0.658,0.713,0.869,0.899,0.737",3789.35009765625,4366.294921875,"3859,4149,485.5,4006,4183,4281,4849,4502",44.091712951660156,48.14098358154297,"49.69,51.24,11.36,48.64,49.45,46.73,47.54,48.09"
34,o_proj,gptq,5120,5120,0,0.0020830535888671873,0.0014980316162109375,352.3575781879117,0.03109729140676467,1052.870849609375,645.6344604492188,28.15428352355957,85.90721130371094,144.12750244140625,206.56454467773438,0.41016140580177307,351.6488952636719,0.046342410147190094,"5051,4795,4667,1894,4539,4923,926,2201,3242,798,2073,3370,3754,1945,1510,3626",27.190692901611328,,,,,0,69.8799819946289,109.24491119384766,58.77772903442383,86.18028259277344,"0.618,0.617,0.709,0.767,0.720,0.770,0.698,0.547",11740.5185546875,9046.5244140625,"2.841e+04,2.956e+04,2656,6043,4419,5867,7023,9950",26.99480438232422,25.866132736206055,"44.13,46.48,13.18,20,17.36,21.33,23.43,30.04"
34,gate_proj,gptq,13824,5120,0,0.0020422335024233218,0.0014791418004918983,687.2949209602375,0.022306794961295773,2491.62060546875,1905.7125244140625,375.56829833984375,932.5967407226562,883.3729248046875,919.8223266601562,0.6852309107780457,685.6944580078125,0.153863325715065,"2710,4938,655,4020,3553,2896,2950,2468,4610,3286,1145,3593,3532,1307,1684,3489",364.253662109375,,,,,0,380.8358154296875,409.29168701171875,406.785400390625,468.6042175292969,"1.006,1.064,1.925,0.881,0.855,0.854,0.912,0.812",3929.154296875,4560.140625,"4019,4235,683.7,4124,4404,4470,4967,4531",32.09088897705078,35.0502815246582,"32.52,33.1,13.86,34.74,35.3,34.97,36.49,35.75"
34,up_proj,gptq,13824,5120,0,0.0020414705629701966,0.0015175289577907987,648.3995815843082,0.019328931616480263,2594.179931640625,1994.070068359375,399.3287353515625,945.6973876953125,870.042724609375,940.6033325195312,0.6852309107780457,647.91748046875,0.09910350292921066,"2710,4938,655,3553,4020,2896,2950,4610,1145,3593,3286,2468,3532,1307,1684,3489",364.253662109375,,,,,0,367.33087158203125,415.2357482910156,410.240966796875,474.0032958984375,"0.934,0.961,1.394,0.839,0.832,0.861,0.881,0.822",3929.154296875,4560.140625,"4019,4235,683.7,4124,4404,4470,4967,4531",32.09088897705078,35.0502815246582,"32.52,33.1,13.86,34.74,35.3,34.97,36.49,35.75"
34,down_proj,gptq,5120,13824,0,0.002005852593315972,0.0015213153980396413,1323.0666031821706,0.040551430217516886,3327.701904296875,1991.215087890625,199.95941162109375,427.9368896484375,443.7623291015625,371.1524963378906,0.27455684542655945,1321.605712890625,0.1416110247373581,"4352,3491,9804,10456,11994,2751,8897,5920,1990,12179,8317,5814,3549,1703,6910,716",58.3819694519043,,,,,0,231.67214965820312,213.6570587158203,218.39242553710938,181.12789916992188,"1.118,1.153,1.448,1.143,1.225,0.935,1.169,1.144",10616.455078125,13333.4814453125,"8164,9437,343.5,1.161e+04,2.023e+04,1.19e+04,1.245e+04,1.08e+04",35.3211555480957,35.127437591552734,"32.04,31.6,4.914,34.02,43.37,65.35,36.49,34.78"
35,q_proj,gptq,5120,5120,0,0.0020560455322265626,0.0014872360229492188,330.2506922873954,0.02937510104595356,995.5645751953125,681.54150390625,140.65872192382812,466.384033203125,521.6639404296875,564.2530517578125,0.8295340538024902,329.59136962890625,0.25018882751464844,"693,2099,157,2953,3388,3799,3931,4610,1824,1031,2428,2797,4373,4436,2657,28",484.2364807128906,,,,,0,171.61126708984375,229.27212524414062,207.5826416015625,264.9884033203125,"0.831,0.849,1.313,0.623,0.622,0.692,0.847,0.720",3537.809326171875,4238.2978515625,"3856,3870,564.6,3689,4293,3832,4220,3978",41.16809844970703,45.43318176269531,"46.97,47.49,11.91,45.13,47.25,43.15,43.35,44.1"
35,k_proj,gptq,1024,5120,0,0.00204315185546875,0.0014995574951171876,98.23411290089734,0.039006611353841876,248.48570251464844,163.75613403320312,35.93951416015625,123.17174530029297,162.85772705078125,146.6862335205078,0.8295340538024902,98.15768432617188,0.3180411756038666,"693,2099,157,2953,3388,3931,4610,3799,2428,1824,1031,4436,4373,2797,4794,4517",484.2364807128906,,,,,0,52.35487365722656,60.129722595214844,64.06475830078125,68.53958129882812,"0.991,0.939,1.754,0.701,0.715,0.859,1.039,0.757",3537.809326171875,4238.2978515625,"3856,3870,564.6,3689,4293,3832,4220,3978",41.16809844970703,45.43318176269531,"46.97,47.49,11.91,45.13,47.25,43.15,43.35,44.1"
35,v_proj,gptq,1024,5120,0,0.0020238876342773436,0.0014921188354492187,89.07447602064826,0.0343270778055391,246.98440551757812,176.65621948242188,35.45306396484375,106.78292083740234,118.04937744140625,126.69676208496094,0.8295340538024902,88.75015258789062,0.21833361685276031,"693,2099,157,2953,3799,4610,1824,2797,4436,3931,2428,4373,3388,1031,2657,4794",484.2364807128906,,,,,0,40.896278381347656,52.297332763671875,48.57344055175781,60.839996337890625,"0.852,0.955,1.545,0.680,0.701,0.681,0.870,0.676",3537.809326171875,4238.2978515625,"3856,3870,564.6,3689,4293,3832,4220,3978",41.16809844970703,45.43318176269531,"46.97,47.49,11.91,45.13,47.25,43.15,43.35,44.1"
35,o_proj,gptq,5120,5120,0,0.0020757293701171874,0.001466217041015625,384.82615627261384,0.03418517818287309,1098.7247314453125,641.412109375,48.91682815551758,142.5304412841797,193.5331268310547,354.2474670410156,0.6625754833221436,383.9441223144531,0.05204244703054428,"4124,4252,3868,3996,4380,4726,4598,4854,5110,501,1825,4982,391,1441,1569,629",49.19430923461914,,,,,0,81.89472961425781,147.48846435546875,79.14517211914062,150.294677734375,"0.553,0.545,0.599,0.785,0.571,0.587,0.518,0.506",7591.185546875,7289.1953125,"1.595e+04,1.623e+04,2241,3451,2774,5717,6566,7805",32.76020431518555,34.688289642333984,"49.99,50.27,17.99,20.24,20.51,31.08,34.89,37.11"
35,gate_proj,gptq,13824,5120,0,0.0020472632514105904,0.001481557775426794,706.3345260405913,0.022392427344790952,2549.99755859375,1934.6083984375,434.3617858886719,1085.995361328125,1001.222412109375,1049.73193359375,0.7008144855499268,705.1260375976562,0.1417769193649292,"2710,4938,655,2896,4020,2950,3553,1307,3593,2468,3286,4610,1684,1145,3532,315",389.67559814453125,,,,,0,422.8893127441406,473.66656494140625,478.4124450683594,538.2374267578125,"1.026,1.034,2.071,0.815,0.832,0.747,0.887,0.785",3810.635986328125,4563.2890625,"4030,3970,700.5,4050,4616,4329,4569,4220",34.06995391845703,37.214637756347656,"34.45,34.31,14.61,36.77,38.18,38.59,38.01,37.63"
35,up_proj,gptq,13824,5120,0,0.0020386731183087386,0.001509786535192419,661.8170872633054,0.01981563604288924,2599.0703125,1978.981201171875,450.93463134765625,1080.665283203125,966.7677001953125,1054.63037109375,0.7008144855499268,661.03369140625,0.09396455436944962,"2710,4938,2950,2896,655,4020,3553,3593,1307,4610,3286,1684,1145,2468,315,4436",389.67559814453125,,,,,0,400.95855712890625,470.1641540527344,470.4113464355469,534.1277465820312,"0.944,0.966,1.504,0.812,0.828,0.760,0.823,0.783",3810.635986328125,4563.2890625,"4030,3970,700.5,4050,4616,4329,4569,4220",34.06995391845703,37.214637756347656,"34.45,34.31,14.61,36.77,38.18,38.59,38.01,37.63"
35,down_proj,gptq,5120,13824,0,0.0020069122314453126,0.0015175289577907987,1351.2104315253655,0.04143549226218078,3352.13623046875,1981.135009765625,249.2321014404297,534.8056640625,490.3917236328125,472.90118408203125,0.9146450757980347,1349.709228515625,0.12192545086145401,"8724,51,335,12221,11108,785,8737,12482,27,12478,11644,8969,4201,2434,10685,2475",330.2526550292969,,,,,0,215.1881103515625,243.65187072753906,223.45303344726562,212.38165283203125,"0.639,0.706,1.625,0.873,1.192,1.219,1.043,0.809",8370.576171875,10165.7021484375,"7605,7327,300.1,9587,1.419e+04,9949,8575,9433",38.88921356201172,37.954307556152344,"54.3,48.65,5.006,42.93,43.39,36.83,36.77,43.23"
36,q_proj,gptq,5120,5120,0,0.0020306015014648435,0.00148101806640625,311.0889324107842,0.030635399801586458,917.7138061523438,615.0770263671875,177.05487060546875,535.08837890625,622.54443359375,683.719970703125,0.8313608765602112,310.4014892578125,0.23317652940750122,"693,2099,157,3931,2953,3799,1824,3388,1031,2428,4436,2797,4610,2657,28,415",375.8457946777344,,,,,0,217.66552734375,285.020751953125,262.65826416015625,323.4369812011719,"0.845,0.913,1.302,0.607,0.686,0.758,0.783,0.692",3492.2958984375,4152.01953125,"3942,3861,487.2,3543,4414,3879,3780,4033",47.0953369140625,52.23426818847656,"55.14,54.46,12.46,51.36,52.97,50.46,48.91,50.99"
36,k_proj,gptq,1024,5120,0,0.002068328857421875,0.001479339599609375,87.93856148928893,0.046243386192823456,203.59107971191406,125.08297729492188,41.049644470214844,123.08159637451172,203.2701416015625,156.438232421875,0.8313608765602112,87.63981628417969,0.31086376309394836,"693,2099,157,3931,1824,2953,3388,2428,3799,1031,4436,4610,2657,2797,28,4517",375.8457946777344,,,,,0,67.02874755859375,65.18074798583984,80.29544067382812,73.1470947265625,"1.181,1.311,1.803,0.715,0.781,1.135,1.046,0.976",3492.2958984375,4152.01953125,"3942,3861,487.2,3543,4414,3879,3780,4033",47.0953369140625,52.23426818847656,"55.14,54.46,12.46,51.36,52.97,50.46,48.91,50.99"
36,v_proj,gptq,1024,5120,0,0.0020641326904296876,0.0014795303344726563,126.40961992259295,0.04128663602489418,312.9524230957031,231.43673706054688,63.606475830078125,179.65472412109375,192.8729248046875,210.0424041748047,0.8313608765602112,125.79170989990234,0.19061370193958282,"693,157,3799,4436,1824,4610,3931,2428,415,2797,1031,4517,2953,1738,2245,2099",375.8457946777344,,,,,0,74.49940490722656,90.51394653320312,78.39265441894531,95.61466979980469,"0.903,1.029,1.524,0.698,0.749,0.762,0.837,0.703",3492.2958984375,4152.01953125,"3942,3861,487.2,3543,4414,3879,3780,4033",47.0953369140625,52.23426818847656,"55.14,54.46,12.46,51.36,52.97,50.46,48.91,50.99"
36,o_proj,gptq,5120,5120,0,0.0021214675903320312,0.001487579345703125,429.91656641552527,0.034214953139569876,1245.2957763671875,710.8814697265625,39.807579040527344,114.79891967773438,279.1961364746094,374.8891296386719,0.3656574785709381,428.816162109375,0.028326639905571938,"279,23,151,407,535,3878,2788,927,799,1183,4006,2173,4134,3044,4262,4158",46.54145431518555,,,,,0,144.116943359375,216.2349853515625,128.71780395507812,167.8035430908203,"0.625,0.614,0.680,0.720,0.781,0.759,0.780,0.814",21193.64453125,15851.40625,"6.079e+04,5.768e+04,4557,6367,6508,8022,1.072e+04,1.491e+04",34.677040100097656,34.373260498046875,"64.76,64.09,17.44,22.31,22.99,23.49,27.48,34.86"
36,gate_proj,gptq,13824,5120,0,0.0020449885615596063,0.0014677824797453703,706.1993072708719,0.02246801559766828,2536.614990234375,1901.49853515625,468.10247802734375,1163.272705078125,1091.14404296875,1119.64453125,0.695203423500061,705.246337890625,0.13808000087738037,"2710,4938,2896,3593,4020,3553,2950,655,1307,1576,1684,3286,2468,4610,1145,315",390.977783203125,,,,,0,462.0094909667969,496.9873962402344,544.7055053710938,578.2086181640625,"1.025,1.057,2.080,0.786,0.870,0.836,0.929,0.840",3884.99169921875,4832.3642578125,"4509,4231,695,3801,4713,4356,4374,4401",35.51295471191406,39.16243362426758,"37.75,36.5,15.24,37.98,39.39,39.2,38.7,39.35"
36,up_proj,gptq,13824,5120,0,0.0020431377269603587,0.001510549474645544,676.9848696327826,0.020191005954959783,2616.014892578125,1967.328857421875,491.20733642578125,1173.6085205078125,1081.0638427734375,1142.1461181640625,0.695203423500061,676.240234375,0.09465091675519943,"2710,4938,2896,3593,2950,3553,4020,655,1307,1576,1684,3286,4610,1145,2468,315",390.977783203125,,,,,0,449.2257385253906,505.6437072753906,549.17041015625,590.2281494140625,"0.970,0.971,1.471,0.784,0.882,0.822,0.893,0.817",3884.99169921875,4832.3642578125,"4509,4231,695,3801,4713,4356,4374,4401",35.51295471191406,39.16243362426758,"37.75,36.5,15.24,37.98,39.39,39.2,38.7,39.35"
36,down_proj,gptq,5120,13824,0,0.002007618656864873,0.0015235618308738427,1342.0271952324892,0.04079676745315319,3341.91064453125,1976.2655029296875,306.67138671875,661.3143310546875,606.4204711914062,503.90093994140625,0.3616868853569031,1340.719482421875,0.1197144165635109,"8751,10432,6475,3405,11456,11446,3901,7842,17,2540,13348,9806,4876,4418,10606,3669",117.23193359375,,,,,0,262.243408203125,233.4537353515625,317.70233154296875,262.09222412109375,"1.104,1.101,1.712,0.956,1.206,1.138,1.201,1.150",9525.2265625,11428.650390625,"1.419e+04,9987,338.9,9505,1.404e+04,1.131e+04,8344,8480",37.750431060791016,42.254119873046875,"48.49,40.74,5.837,40.61,45.83,42.83,38.05,39.63"
37,q_proj,gptq,5120,5120,0,0.0020311737060546876,0.0014780426025390624,337.40191821714774,0.03136286804706663,978.418701171875,649.8731079101562,177.09457397460938,542.2406616210938,611.4462890625,697.0374755859375,0.8219761848449707,336.56097412109375,0.2081008106470108,"693,2099,157,2953,3388,3931,3799,1824,2428,4436,4610,2797,1031,4517,4373,4794",302.6866149902344,,,,,0,209.92062377929688,279.74188232421875,261.2852783203125,325.9217529296875,"0.868,0.869,1.342,0.565,0.599,0.727,0.808,0.737",3504.242919921875,4367.19677734375,"4171,3897,527.7,3262,3988,4208,3975,4004",45.775390625,51.241600036621094,"53.52,51.98,12.64,48.35,50.17,51.44,49.76,48.34"
37,k_proj,gptq,1024,5120,0,0.0020412445068359376,0.0014583587646484375,102.94431019591165,0.04685486860970306,235.0782012939453,140.72341918945312,45.272789001464844,127.27688598632812,188.22735595703125,167.17947387695312,0.8219761848449707,102.60595703125,0.2688588798046112,"693,2099,157,3388,2953,3931,3799,1824,4610,4436,2428,2797,1031,4517,3653,4794",302.6866149902344,,,,,0,62.33024597167969,67.78117370605469,76.90953063964844,81.93070983886719,"1.079,1.052,2.035,0.694,0.711,0.852,1.010,0.900",3504.242919921875,4367.19677734375,"4171,3897,527.7,3262,3988,4208,3975,4004",45.775390625,51.241600036621094,"53.52,51.98,12.64,48.35,50.17,51.44,49.76,48.34"
37,v_proj,gptq,1024,5120,0,0.0020532608032226562,0.0015035629272460937,135.83151245881456,0.049456151199972306,302.4040832519531,203.1039581298828,60.68791198730469,155.85972595214844,180.25209045410156,178.2222900390625,0.8219761848449707,135.37579345703125,0.19671839475631714,"4436,4610,4517,4373,2245,3653,3799,1696,2797,4794,415,993,388,1093,1738,351",302.6866149902344,,,,,0,66.68788146972656,75.30203247070312,83.39990234375,85.07191467285156,"1.010,0.947,1.966,0.740,0.733,0.753,1.046,0.897",3504.242919921875,4367.19677734375,"4171,3897,527.7,3262,3988,4208,3975,4004",45.775390625,51.241600036621094,"53.52,51.98,12.64,48.35,50.17,51.44,49.76,48.34"
37,o_proj,gptq,5120,5120,0,0.0021232986450195313,0.0015009689331054689,401.4328495868916,0.03348558538600423,1119.486083984375,678.2444458007812,50.19032287597656,122.28302001953125,274.56146240234375,388.0187683105469,0.6090531349182129,400.5937194824219,0.050887200981378555,"4630,681,1065,937,1193,4502,4886,4758,809,1089,5014,2473,961,4256,1104,2964",42.93275833129883,,,,,0,115.85725402832031,172.5062255859375,95.05857849121094,125.52946472167969,"0.617,0.611,0.677,0.977,0.782,0.802,0.747,0.825",14151.796875,8995.716796875,"3.809e+04,3.577e+04,3571,1.058e+04,6147,6011,4639,8410",31.78917694091797,29.838279724121094,"60.33,58.82,17.05,21.38,22.22,22.98,25.68,25.85"
37,gate_proj,gptq,13824,5120,0,0.0020308035391348378,0.0014720775462962962,692.3507340902725,0.021838967936458873,2531.06201171875,1878.5953369140625,514.2839965820312,1249.0260009765625,1178.4876708984375,1182.7958984375,0.6540190577507019,690.87939453125,0.13431067764759064,"2710,11,4938,2896,3593,1307,4020,655,3553,2950,1576,1684,3286,4610,1145,2468",398.1754150390625,,,,,0,489.71514892578125,514.1044921875,588.0053100585938,593.9071655273438,"1.051,1.085,1.863,0.823,0.886,0.879,0.956,0.854",3795.9775390625,4728.830078125,"4533,4145,715.4,3598,4384,4584,4103,4306",36.414955139160156,40.16822814941406,"38.73,37.14,16.19,38.35,39.92,41.34,39.08,40.57"
37,up_proj,gptq,13824,5120,0,0.0020443527786820023,0.0015187863950376157,668.2947227334371,0.01992107753993391,2604.869140625,1951.884033203125,538.5755615234375,1278.4835205078125,1168.668701171875,1215.43212890625,0.6540190577507019,667.3306884765625,0.09264929592609406,"2710,11,4938,2896,3593,1307,4020,3553,2950,655,1576,1684,3286,4610,1145,315",398.1754150390625,,,,,0,476.4488525390625,528.5301513671875,582.196044921875,620.7193603515625,"1.010,1.011,1.380,0.775,0.878,0.856,0.885,0.836",3795.9775390625,4728.830078125,"4533,4145,715.4,3598,4384,4584,4103,4306",36.414955139160156,40.16822814941406,"38.73,37.14,16.19,38.35,39.92,41.34,39.08,40.57"
37,down_proj,gptq,5120,13824,0,0.0019933206063729746,0.001519775390625,1317.0703423967216,0.03993590825834349,3302.5927734375,1957.779541015625,340.43731689453125,727.1646118164062,717.0849609375,542.8292846679688,0.09117569029331207,1316.02392578125,0.11834628880023956,"9895,7313,1123,4302,2927,4620,1229,7386,5307,10500,10751,8477,10016,981,13518,4413",159.50857543945312,,,,,0,313.39556884765625,260.159423828125,427.06109619140625,299.55584716796875,"1.061,1.092,1.639,1.169,1.311,1.216,1.347,1.272",10547.802734375,16284.81640625,"9715,7863,412.8,9987,1.122e+04,2.003e+04,1.142e+04,1.375e+04",40.314449310302734,44.93960952758789,"49.58,40.98,6.749,42.11,43.09,54.25,40.64,45.1"
38,q_proj,gptq,5120,5120,0,0.00205810546875,0.0014839553833007812,307.11501494608456,0.02887697862665259,934.3365478515625,636.8765869140625,174.7724609375,527.1885986328125,590.1982421875,703.05859375,0.8389758467674255,306.69384765625,0.22113944590091705,"693,2099,3931,157,2953,3388,3799,1824,2428,2797,4610,4436,415,1031,4373,4794",316.54718017578125,,,,,0,201.65872192382812,283.3601379394531,262.75177001953125,344.5522766113281,"0.809,0.804,1.281,0.526,0.643,0.722,0.724,0.670",3557.671142578125,4565.640625,"4097,3824,546.1,3092,3933,5080,3846,4043",45.73580551147461,52.20768356323242,"53.69,51.73,13.09,47.96,50.43,51.58,49.46,47.95"
38,k_proj,gptq,1024,5120,0,0.0020473480224609377,0.0014703750610351562,93.9941965875696,0.04579243635749398,217.12484741210938,137.3497314453125,43.021583557128906,125.25672912597656,192.70159912109375,163.1085662841797,0.8389758467674255,93.88180541992188,0.30063796043395996,"693,2099,3931,157,2953,1824,3799,3388,4436,2428,4610,2797,1031,4794,4373,415",316.54718017578125,,,,,0,60.12529754638672,64.63202667236328,79.9209976196289,78.66028594970703,"1.096,1.133,1.824,0.654,0.707,1.000,0.899,0.870",3557.671142578125,4565.640625,"4097,3824,546.1,3092,3933,5080,3846,4043",45.73580551147461,52.20768356323242,"53.69,51.73,13.09,47.96,50.43,51.58,49.46,47.95"
38,v_proj,gptq,1024,5120,0,0.0020441055297851563,0.0015172958374023438,124.61219506332782,0.04202118226187979,302.8443908691406,207.76251220703125,60.46424865722656,157.78302001953125,204.39649963378906,188.60263061523438,0.8389758467674255,124.15470123291016,0.20967859029769897,"693,4436,2099,3931,3799,4610,157,4517,1824,415,2797,2428,4794,3653,2953,2245",316.54718017578125,,,,,0,73.3577651977539,77.53782653808594,95.76795959472656,92.940673828125,"1.183,1.061,1.633,0.683,0.752,0.928,1.061,0.864",3557.671142578125,4565.640625,"4097,3824,546.1,3092,3933,5080,3846,4043",45.73580551147461,52.20768356323242,"53.69,51.73,13.09,47.96,50.43,51.58,49.46,47.95"
38,o_proj,gptq,5120,5120,0,0.002086181640625,0.0014857864379882813,353.815651924524,0.029566653362404254,1074.981201171875,676.9439697265625,48.525413513183594,136.20095825195312,268.64093017578125,418.4693603515625,0.5548104643821716,353.4848937988281,0.038543395698070526,"1512,1384,1768,1640,1896,2294,4444,2208,2038,4786,4837,5042,4501,4188,4227,1952",34.73179626464844,,,,,0,120.06916809082031,196.4541778564453,73.06866455078125,112.79103088378906,"0.573,0.577,0.543,0.659,0.575,0.821,0.761,0.582",12240.1474609375,6508.83837890625,"3.305e+04,3.037e+04,2896,4284,3542,8472,9104,6200",34.5433464050293,28.575611114501953,"63.26,61.32,19.66,21.91,21.44,28.88,31.14,28.74"
38,gate_proj,gptq,13824,5120,0,0.0020271018699363425,0.0014819533736617476,667.0517990141525,0.02107362733292412,2498.16943359375,1855.52001953125,566.910888671875,1361.1297607421875,1302.473388671875,1299.154541015625,0.6458674669265747,666.2938232421875,0.12473893165588379,"2710,4938,2896,4020,3593,1307,1576,3553,3286,1684,2950,1145,655,11,2468,315",379.2503356933594,,,,,0,524.7078857421875,555.43359375,662.6751708984375,670.059814453125,"1.019,1.067,1.831,0.810,0.906,0.925,0.933,0.818",3795.19677734375,4947.048828125,"4285,3938,729.5,3336,4227,5439,4139,4268",37.90081024169922,42.64790344238281,"39.47,37.75,17.31,39.08,40.97,45.47,40.48,42.69"
38,up_proj,gptq,13824,5120,0,0.0020563054967809606,0.0015208632857711226,657.3789603987243,0.019444901805740888,2604.8369140625,1951.162841796875,601.23583984375,1399.793212890625,1321.509765625,1355.1263427734375,0.6458674669265747,656.5616455078125,0.0869714766740799,"2710,4938,2896,4020,3593,1307,1576,1684,3286,3553,2950,1145,655,11,315,2468",379.2503356933594,,,,,0,527.6885375976562,576.5855102539062,677.3230590820312,694.098876953125,"0.999,1.026,1.428,0.767,0.874,0.919,0.912,0.836",3795.19677734375,4947.048828125,"4285,3938,729.5,3336,4227,5439,4139,4268",37.90081024169922,42.64790344238281,"39.47,37.75,17.31,39.08,40.97,45.47,40.48,42.69"
38,down_proj,gptq,5120,13824,0,0.0020026030363859953,0.0015228130199291087,1302.8528711733754,0.03909693646456863,3295.19189453125,1948.920654296875,384.309326171875,819.673095703125,799.5104370117188,589.9974975585938,0.09332841634750366,1301.731201171875,0.10030104964971542,"6880,6743,4237,11395,8265,7584,4562,2803,3473,3818,7964,1021,11509,1944,1736,10515",117.78156280517578,,,,,0,287.67437744140625,236.451416015625,423.5479736328125,288.75140380859375,"1.092,1.152,1.518,1.030,1.280,1.433,1.274,1.160",8679.34375,14059.6806640625,"8693,6690,438.9,8981,1.091e+04,1.797e+04,6901,8847",38.78337860107422,44.84104919433594,"45.24,37.73,7.609,44.7,45.7,53.1,34.29,41.89"
39,q_proj,gptq,5120,5120,0,0.002035484313964844,0.001471710205078125,308.8812014780997,0.03027341027430459,913.5198364257812,619.3330078125,178.91445922851562,515.8375244140625,647.32373046875,695.4847412109375,0.8235092163085938,308.28436279296875,0.23196788132190704,"693,2099,157,3931,2953,3799,1824,3388,2428,4436,2797,1031,415,4373,4610,2657",289.6127014160156,,,,,0,210.57589721679688,263.92413330078125,284.37030029296875,332.6845703125,"0.899,0.871,1.404,0.599,0.670,0.873,0.838,0.739",3461.003662109375,4593.12646484375,"3933,3592,568.8,2959,3874,5419,3567,3776",44.776100158691406,52.01744842529297,"51.79,49.9,13.63,46.85,49.52,51.81,47.83,46.88"
39,k_proj,gptq,1024,5120,0,0.0020153045654296873,0.00146942138671875,82.24674138997943,0.04098371488432128,201.71701049804688,130.5104522705078,40.980743408203125,117.39912414550781,193.6949462890625,159.30581665039062,0.8235092163085938,82.30651092529297,0.2997099757194519,"693,2099,3931,157,2953,3799,3388,1824,4436,2428,1031,4373,415,2797,4610,2657",289.6127014160156,,,,,0,60.9837760925293,61.4354133605957,77.63043212890625,77.60381317138672,"1.169,1.130,1.927,0.709,0.721,1.061,1.064,0.990",3461.003662109375,4593.12646484375,"3933,3592,568.8,2959,3874,5419,3567,3776",44.776100158691406,52.01744842529297,"51.79,49.9,13.63,46.85,49.52,51.81,47.83,46.88"
39,v_proj,gptq,1024,5120,0,0.0020742416381835938,0.0014636993408203125,116.73936927838076,0.0339441744048323,320.61456298828125,234.5402069091797,64.63307189941406,170.9100341796875,206.33255004882812,208.16354370117188,0.8235092163085938,116.173828125,0.17214201390743256,"693,4436,3799,2099,3931,4517,415,4373,1824,2245,2428,157,4794,2953,2797,4610",289.6127014160156,,,,,0,71.01432037353516,82.08697509765625,94.43502044677734,100.60258483886719,"0.914,0.942,1.381,0.686,0.817,0.885,0.889,0.852",3461.003662109375,4593.12646484375,"3933,3592,568.8,2959,3874,5419,3567,3776",44.776100158691406,52.01744842529297,"51.79,49.9,13.63,46.85,49.52,51.81,47.83,46.88"
39,o_proj,gptq,5120,5120,0,0.0020849227905273436,0.0015079498291015625,380.29637888252546,0.030572051637406415,1137.548828125,704.3751831054688,64.7196273803711,166.5183563232422,370.39569091796875,595.810302734375,0.4711647033691406,379.6502685546875,0.045848846435546875,"2664,1176,2640,2792,920,2768,3048,2896,1048,3024,3176,3152,664,2920,346,90",36.57477569580078,,,,,0,155.98065185546875,281.8349609375,124.19560241699219,171.30612182617188,"0.500,0.509,0.638,0.700,0.616,0.675,0.676,0.685",11997.37890625,9232.806640625,"3.278e+04,2.962e+04,3204,3687,5681,5555,6350,9100",39.99909210205078,35.22519302368164,"76.73,73.6,21.57,22.33,31.2,28.03,30.98,35.55"
39,gate_proj,gptq,13824,5120,0,0.0020417955186631943,0.0014822076868127893,661.3554689271841,0.02094573312915809,2489.963623046875,1845.563720703125,617.8359375,1466.8709716796875,1393.82177734375,1398.3477783203125,0.6761952638626099,660.1357421875,0.12186088413000107,"2710,11,4938,2896,1307,4020,3593,3553,1684,3286,1576,2950,1145,655,2468,315",354.57830810546875,,,,,0,553.9493408203125,576.8057861328125,714.8665161132812,725.9857788085938,"1.001,1.055,1.881,0.822,0.891,1.002,0.938,0.833",3677.63916015625,4942.42919921875,"4130,3750,750.9,3159,4024,5819,3807,3981",38.87325668334961,44.527244567871094,"40.42,38.41,18.18,39.84,42.11,47.94,40.81,43.27"
39,up_proj,gptq,13824,5120,0,0.002043490939670139,0.0015146326135706018,658.8219126534241,0.01935840610376054,2620.46240234375,1962.2208251953125,661.3352661132812,1529.099609375,1430.6129150390625,1467.80224609375,0.6761952638626099,658.1263427734375,0.08570260554552078,"2710,11,4938,2896,1307,4020,3593,1576,1684,3553,1145,3286,2950,655,315,2468",354.57830810546875,,,,,0,557.519775390625,608.413818359375,731.1861572265625,764.6036987304688,"1.005,1.010,1.459,0.761,0.840,0.976,0.906,0.815",3677.63916015625,4942.42919921875,"4130,3750,750.9,3159,4024,5819,3807,3981",38.87325668334961,44.527244567871094,"40.42,38.41,18.18,39.84,42.11,47.94,40.81,43.27"
39,down_proj,gptq,5120,13824,0,0.0020004555031105323,0.001530866269712095,1341.483266763782,0.04001350597243936,3337.3701171875,1952.2982177734375,454.21807861328125,984.609619140625,955.39501953125,696.0665283203125,0.2778260409832001,1340.5479736328125,0.107074074447155,"9456,12742,1550,6663,5996,430,2344,9909,1036,12728,7049,8467,9081,11954,10913,1571",123.04517364501953,,,,,0,367.8045654296875,294.0797424316406,581.5816650390625,404.08331298828125,"1.289,1.209,1.589,1.147,1.163,1.425,1.156,1.105",9329.48828125,15401.705078125,"6377,6179,408.9,8233,1.183e+04,2.775e+04,6317,7535",42.33473205566406,52.50675964355469,"39.31,39.43,8.332,43.16,52.36,70.93,40.11,45.04"
40,q_proj,gptq,5120,5120,0,0.0020528411865234374,0.0014599227905273437,323.96225598478077,0.033342990702244286,904.4906616210938,589.116455078125,193.99774169921875,534.4816284179688,707.2053833007812,771.9864501953125,0.8323073983192444,323.386474609375,0.2016463428735733,"693,2099,3931,157,2953,3799,1824,3388,2428,4436,2797,1031,4517,415,3653,4373",228.84490966796875,,,,,0,232.42477416992188,292.8314208984375,309.6916198730469,370.37811279296875,"0.828,0.804,1.460,0.637,0.683,0.889,0.822,0.765",3426.84814453125,4606.021484375,"3984,3618,552.2,2762,3608,5807,3611,3474",48.11017608642578,55.84683609008789,"57.14,55.44,14.63,48.26,50,56.45,55.22,47.75"
40,k_proj,gptq,1024,5120,0,0.0020452499389648437,0.00147705078125,91.14125080119572,0.051772951703350716,198.11984252929688,119.31971740722656,46.58141326904297,117.871826171875,215.8179931640625,172.87696838378906,0.8323073983192444,90.99850463867188,0.284008264541626,"693,2099,3931,157,1824,3799,2953,3388,2428,4436,1031,4517,2797,415,3653,1738",228.84490966796875,,,,,0,65.92365264892578,65.89176177978516,84.65989685058594,81.64834594726562,"1.168,1.082,1.840,0.724,0.773,1.172,1.029,0.842",3426.84814453125,4606.021484375,"3984,3618,552.2,2762,3608,5807,3611,3474",48.11017608642578,55.84683609008789,"57.14,55.44,14.63,48.26,50,56.45,55.22,47.75"
40,v_proj,gptq,1024,5120,0,0.0020488739013671876,0.0015003204345703125,163.06590220428282,0.047459829372940424,370.5087890625,246.78378295898438,87.64578247070312,204.0345458984375,276.1372985839844,255.81951904296875,0.8323073983192444,162.13247680664062,0.21487967669963837,"3931,4436,4517,3653,3799,415,2245,993,1738,2797,4373,693,1696,3978,4610,1685",228.84490966796875,,,,,0,94.7840576171875,104.45733642578125,128.51507568359375,125.41438293457031,"1.072,1.088,1.864,0.689,0.760,0.914,0.848,0.853",3426.84814453125,4606.021484375,"3984,3618,552.2,2762,3608,5807,3611,3474",48.11017608642578,55.84683609008789,"57.14,55.44,14.63,48.26,50,56.45,55.22,47.75"
40,o_proj,gptq,5120,5120,0,0.0021185302734375,0.0015186309814453126,416.603351691856,0.03300119790371819,1176.4422607421875,714.5858764648438,50.51250457763672,169.63101196289062,419.9603576660156,513.3426513671875,0.4097263216972351,416.0045166015625,0.029238246381282806,"695,823,1079,1207,951,4346,4218,4474,3446,4137,4090,3316,2692,2948,2820,3962",45.27482223510742,,,,,0,180.47132873535156,235.66571044921875,133.4364776611328,165.63485717773438,"0.799,0.776,0.664,0.733,0.774,0.725,0.703,0.692",19260.826171875,12128.4150390625,"5.927e+04,5.559e+04,4783,5370,6713,6883,6836,8643",36.309043884277344,32.8399658203125,"69.55,67.65,22.03,22.37,25.13,26.57,26.7,30.47"
40,gate_proj,gptq,13824,5120,0,0.0020375852231626157,0.0014869831226490163,653.9633603342809,0.020762149943154118,2479.337158203125,1835.583251953125,655.4530029296875,1547.9114990234375,1470.3076171875,1441.0823974609375,0.6611621379852295,652.5087890625,0.11878722161054611,"2710,4938,11,2896,1307,4020,3593,2950,3286,1145,1684,3553,1576,655,2468,315",311.691162109375,,,,,0,586.672119140625,585.485595703125,751.638671875,760.1411743164062,"1.104,1.141,1.899,0.834,0.927,1.049,0.935,0.821",3688.546875,4968.30078125,"4292,3812,795.1,2962,3819,6309,3825,3694",39.51860046386719,45.680267333984375,"41.21,38.97,19.1,39.38,41.91,50.65,42.05,42.87"
40,up_proj,gptq,13824,5120,0,0.0020433072690610532,0.0015249888102213541,655.6371192194056,0.01917817185492683,2625.0087890625,1967.306396484375,706.2715454101562,1637.7900390625,1514.6292724609375,1545.408935546875,0.6611621379852295,654.86767578125,0.08164703845977783,"2710,11,4938,1307,2896,4020,3593,2950,1684,3286,1576,1145,3553,655,315,3489",311.691162109375,,,,,0,589.7322387695312,631.1305541992188,784.1085205078125,805.2237548828125,"1.027,1.048,1.402,0.790,0.869,0.988,0.871,0.831",3688.546875,4968.30078125,"4292,3812,795.1,2962,3819,6309,3825,3694",39.51860046386719,45.680267333984375,"41.21,38.97,19.1,39.38,41.91,50.65,42.05,42.87"
40,down_proj,gptq,5120,13824,0,0.0020034366183810763,0.0015313325104890046,1310.3780131202293,0.0388474442451448,3311.47900390625,1953.283447265625,508.73236083984375,1147.204833984375,973.1875,718.898193359375,0.4258018434047699,1308.732666015625,0.08869116753339767,"2879,8058,12973,9045,5821,4529,5312,13484,11743,4896,8898,13668,3719,3413,6526,4480",251.19752502441406,,,,,0,400.412353515625,307.79925537109375,640.1259155273438,462.8212585449219,"1.188,1.189,1.471,0.982,1.195,1.616,1.290,1.264",9076.6435546875,15639.208984375,"7232,6411,445.4,6503,7361,2.702e+04,7316,1.033e+04",43.9603271484375,55.28705596923828,"49.73,46.19,9.326,44.18,42.7,67.88,41.92,49.75"
41,q_proj,gptq,5120,5120,0,0.0020517349243164063,0.0014498138427734375,296.07808148835466,0.03040958476624606,877.444091796875,589.0895385742188,196.7808837890625,498.4445495605469,648.85498046875,675.5675048828125,0.7731183767318726,295.52117919921875,0.17214785516262054,"693,3931,2099,157,2953,2428,3799,3388,4436,1824,4517,4373,4610,2797,415,1738",133.1319580078125,,,,,0,214.0017852783203,253.1754150390625,293.5564880371094,326.5677185058594,"0.856,0.843,1.406,0.636,0.774,0.968,0.846,0.852",3501.214599609375,4914.8203125,"4190,3619,647,2541,3410,6489,3540,3574",44.623687744140625,52.20261764526367,"52.69,49.66,14.89,43.68,45.3,55.84,50.42,44.51"
41,k_proj,gptq,1024,5120,0,0.002056884765625,0.0014642715454101563,76.61986628086743,0.04369728815810599,182.19615173339844,116.46585083007812,43.43181610107422,107.07121276855469,180.79660034179688,144.90281677246094,0.7731183767318726,76.3210678100586,0.25209927558898926,"693,3931,2099,157,2953,3388,1824,2428,4436,4517,3799,4610,415,4373,1738,388",133.1319580078125,,,,,0,55.016876220703125,54.54474639892578,75.65452575683594,67.79217529296875,"1.187,1.113,2.044,0.717,0.801,0.992,1.036,0.988",3501.214599609375,4914.8203125,"4190,3619,647,2541,3410,6489,3540,3574",44.623687744140625,52.20261764526367,"52.69,49.66,14.89,43.68,45.3,55.84,50.42,44.51"
41,v_proj,gptq,1024,5120,0,0.0020299911499023437,0.00147857666015625,150.47326198618794,0.04070315719989971,370.006103515625,247.88919067382812,89.38796997070312,202.2906494140625,271.93505859375,245.82412719726562,0.7731183767318726,149.8826904296875,0.20417843759059906,"4436,4517,3799,388,4373,3653,3931,993,415,2245,1685,4794,1738,2428,2317,1696",133.1319580078125,,,,,0,94.8392105102539,92.66737365722656,131.7987060546875,122.75318908691406,"1.162,1.017,1.892,0.759,0.875,1.037,1.180,0.964",3501.214599609375,4914.8203125,"4190,3619,647,2541,3410,6489,3540,3574",44.623687744140625,52.20261764526367,"52.69,49.66,14.89,43.68,45.3,55.84,50.42,44.51"
41,o_proj,gptq,5120,5120,0,0.0020891571044921874,0.0015173721313476562,396.4359935615173,0.030431246704965272,1175.316650390625,737.54052734375,47.04360580444336,132.03585815429688,522.1057739257812,656.3958740234375,0.5192292928695679,395.86541748046875,0.03879924118518829,"4501,4629,4757,860,4885,5013,3904,1114,4513,783,1039,1242,4641,318,1167,1132",53.55915451049805,,,,,0,205.7551727294922,259.41009521484375,125.63109588623047,159.3616485595703,"0.803,0.756,0.731,0.822,0.785,0.858,0.751,0.859",26737.892578125,14983.880859375,"7.209e+04,6.369e+04,8388,1.149e+04,1.271e+04,1.486e+04,1.202e+04,1.867e+04",38.998077392578125,32.972991943359375,"67.17,64.45,23.19,25.61,30.52,33.02,30.27,37.75"
41,gate_proj,gptq,13824,5120,0,0.0020401424831814237,0.0014834509955512153,632.2112438618205,0.02014731090103311,2452.615966796875,1821.94287109375,695.2978515625,1589.90576171875,1599.05419921875,1528.004638671875,0.6677111387252808,631.4210815429688,0.11059334874153137,"11,4938,2710,1307,3593,2896,4020,1145,1684,2950,1576,3286,3553,655,315,3489",240.62631225585938,,,,,0,618.86962890625,599.60498046875,824.981201171875,809.91845703125,"1.121,1.145,1.975,0.801,0.936,1.080,0.976,0.898",3735.6806640625,5171.35791015625,"4519,3868,844.7,2723,3592,6816,3691,3830",40.176631927490234,47.1876335144043,"43.05,40.02,19.99,38.71,41.74,52.97,41.41,43.51"
41,up_proj,gptq,13824,5120,0,0.00203974688494647,0.001532194349500868,646.9683165135793,0.018777558728375342,2631.458251953125,1978.29150390625,758.1744384765625,1700.361328125,1664.4613037109375,1653.1259765625,0.6677111387252808,646.4520263671875,0.07710263878107071,"11,4938,2710,1307,3593,2896,1145,2950,1684,4020,1576,3553,3286,655,315,3489",240.62631225585938,,,,,0,637.45361328125,661.6354370117188,864.1942138671875,873.91845703125,"1.042,1.069,1.469,0.785,0.861,1.044,0.911,0.858",3735.6806640625,5171.35791015625,"4519,3868,844.7,2723,3592,6816,3691,3830",40.176631927490234,47.1876335144043,"43.05,40.02,19.99,38.71,41.74,52.97,41.41,43.51"
41,down_proj,gptq,5120,13824,0,0.002001105414496528,0.00153468096697772,1291.3099425010223,0.0379573065893404,3301.659423828125,1959.709228515625,568.40869140625,1233.9139404296875,1093.105224609375,765.921875,0.5850976705551147,1289.892333984375,0.0858391672372818,"7024,181,1748,5652,6942,12191,6200,11373,2422,4707,5112,9221,2092,12408,10155,3665",291.79962158203125,,,,,0,380.42974853515625,286.60699462890625,776.8187255859375,525.158935546875,"1.217,1.236,1.549,1.191,1.190,1.517,1.283,1.230",7856.84716796875,16938.27734375,"5707,4950,401.1,4922,6464,2.793e+04,5564,6919",41.45684051513672,58.075538635253906,"43.65,37.74,9.352,38.88,46.17,73.5,38.16,44.2"
42,q_proj,gptq,5120,5120,0,0.0020417022705078126,0.0014557647705078125,334.6881368456122,0.033423782970707326,932.6997680664062,613.200439453125,189.74819946289062,531.8235473632812,675.8472900390625,738.9749755859375,0.801904559135437,334.0699462890625,0.19748848676681519,"693,3931,2099,157,3799,1824,2953,4436,2428,3388,415,4517,993,3653,1031,388",188.23214721679688,,,,,0,220.20909118652344,280.07598876953125,305.2734375,356.1105651855469,"0.820,0.804,1.461,0.563,0.645,0.911,0.794,0.796",3285.72900390625,4631.27587890625,"4128,3527,627,2321,3051,6143,3219,3270",46.068363189697266,53.819881439208984,"56.07,53.15,15.71,44.47,46,55.84,52.88,44.44"
42,k_proj,gptq,1024,5120,0,0.001988792419433594,0.0014556884765625,94.44247620914817,0.055374560867591224,197.80322265625,114.69879150390625,46.054962158203125,109.87395477294922,207.06307983398438,156.16973876953125,0.801904559135437,94.37095642089844,0.2975200414657593,"693,3931,2099,157,1824,3799,4436,2953,3388,2428,415,3653,993,4517,388,1031",188.23214721679688,,,,,0,63.59199142456055,58.204498291015625,83.99801635742188,76.619140625,"1.192,1.182,2.262,0.726,0.810,1.212,1.153,1.060",3285.72900390625,4631.27587890625,"4128,3527,627,2321,3051,6143,3219,3270",46.068363189697266,53.819881439208984,"56.07,53.15,15.71,44.47,46,55.84,52.88,44.44"
42,v_proj,gptq,1024,5120,0,0.002029228210449219,0.0014841079711914063,196.34644342682756,0.05513706965727693,412.3507080078125,249.95362854003906,98.67088317871094,205.28857421875,310.839599609375,250.89198303222656,0.801904559135437,195.53509521484375,0.23795488476753235,"4436,4517,3653,388,2317,3799,993,3931,415,2245,1696,3943,3896,1738,4402,1435",188.23214721679688,,,,,0,110.05659484863281,99.48832702636719,139.64434814453125,122.51435089111328,"1.159,1.147,2.153,0.745,0.996,1.215,1.160,1.063",3285.72900390625,4631.27587890625,"4128,3527,627,2321,3051,6143,3219,3270",46.068363189697266,53.819881439208984,"56.07,53.15,15.71,44.47,46,55.84,52.88,44.44"
42,o_proj,gptq,5120,5120,0,0.0021002960205078127,0.001517181396484375,406.41134887363296,0.031671331354757394,1176.1533203125,725.9287109375,47.40856170654297,172.6180419921875,459.32501220703125,586.7679443359375,0.6470010280609131,405.751220703125,0.03480345010757446,"1545,1801,1673,1417,1289,1131,1489,765,1458,1526,846,4477,1502,1427,1408,1527",83.15476989746094,,,,,0,211.66757202148438,302.3612060546875,136.71734619140625,164.1095733642578,"0.651,0.641,0.675,0.723,0.747,0.755,0.909,0.894",21224.55078125,12436.533203125,"5.308e+04,5.012e+04,5827,7723,8952,1.415e+04,1.478e+04,1.516e+04",42.26617431640625,34.74496841430664,"74.36,72.2,24.58,28.4,29.64,39.31,34.74,34.9"
42,gate_proj,gptq,13824,5120,0,0.0020470513237847224,0.0014874776204427083,614.3012631181482,0.019710839976878336,2428.74560546875,1820.796875,732.341064453125,1655.4205322265625,1675.0220947265625,1605.9287109375,0.6761969923973083,613.3414306640625,0.10762180387973785,"11,4938,2710,1307,3593,2950,4020,1145,1576,315,1684,655,2896,3286,3489,3553",178.07847595214844,,,,,0,624.1871337890625,614.86376953125,865.4049072265625,847.0050659179688,"1.095,1.122,1.978,0.803,0.879,1.085,0.959,0.866",3594.576171875,5218.69287109375,"4368,3772,878.3,2577,3365,6789,3411,3595",40.32237243652344,48.151512145996094,"43.4,40.55,20.6,38.78,41.76,53.44,40.78,43.27"
42,up_proj,gptq,13824,5120,0,0.002040848908600984,0.0015354297779224537,640.0785474697477,0.018395940204393446,2649.9169921875,2004.534912109375,811.445556640625,1803.35888671875,1773.075439453125,1747.428466796875,0.6761969923973083,639.1868286132812,0.0753081664443016,"11,4938,2710,1307,3593,2950,1145,4020,1576,315,1684,2896,3286,655,3553,3489",178.07847595214844,,,,,0,649.2388305664062,665.913818359375,928.0740356445312,928.662353515625,"1.037,1.051,1.475,0.795,0.889,1.063,0.948,0.849",3594.576171875,5218.69287109375,"4368,3772,878.3,2577,3365,6789,3411,3595",40.32237243652344,48.151512145996094,"43.4,40.55,20.6,38.78,41.76,53.44,40.78,43.27"
42,down_proj,gptq,5120,13824,0,0.0020066437897858797,0.0015376196967230903,1331.6869145843048,0.03879908985593075,3361.4072265625,1980.1737060546875,669.6864624023438,1447.72705078125,1251.25439453125,872.55615234375,0.22325079143047333,1330.53955078125,0.09196247905492783,"6350,11213,12890,3570,3951,5385,7683,9858,12964,123,5023,7528,5006,3023,4612,12244",122.13455200195312,,,,,0,398.1793212890625,320.8772888183594,882.636962890625,570.0740356445312,"0.972,1.066,1.432,1.048,1.169,1.494,1.298,1.219",6890.4970703125,17134.958984375,"5560,4688,402.6,4143,4905,2.495e+04,4300,6172",43.64617156982422,59.72552490234375,"51.88,46.81,10.61,40.41,41.84,76.14,35.59,45.88"
43,q_proj,gptq,5120,5120,0,0.0020337677001953124,0.0014498519897460937,324.37148664245206,0.037248877965413985,847.1697998046875,539.046875,210.3932342529297,538.94384765625,836.0360717773438,779.268798828125,0.7941176295280457,323.6214599609375,0.22496730089187622,"693,3931,2099,157,1824,3799,2953,4517,993,4436,2428,415,3388,2797,4373,3653",187.82244873046875,,,,,0,258.71234130859375,280.0484924316406,354.16424560546875,368.94647216796875,"0.972,0.983,1.608,0.598,0.762,1.072,0.920,0.946",3219.599609375,4688.146484375,"4088,3538,632.6,2271,2995,6023,2993,3217",49.36481475830078,57.95577621459961,"60.58,57.53,17.22,48.16,49.19,58.69,55.63,47.91"
43,k_proj,gptq,1024,5120,0,0.002035713195800781,0.0014522552490234375,80.54177053826055,0.05802812060748261,166.5587158203125,98.05857849121094,46.6215705871582,109.26571655273438,221.4214630126953,165.1521453857422,0.7941176295280457,80.59678649902344,0.3079800307750702,"693,3931,2099,157,1824,3799,2953,4436,2428,993,4517,3388,3653,415,388,4373",187.82244873046875,,,,,0,66.39511108398438,59.47047805786133,88.2689208984375,76.0665054321289,"1.094,1.124,2.277,0.680,0.802,1.339,1.408,1.123",3219.599609375,4688.146484375,"4088,3538,632.6,2271,2995,6023,2993,3217",49.36481475830078,57.95577621459961,"60.58,57.53,17.22,48.16,49.19,58.69,55.63,47.91"
43,v_proj,gptq,1024,5120,0,0.002050018310546875,0.001432037353515625,224.65533074563427,0.04931652355835315,498.8428039550781,338.6239929199219,139.17330932617188,303.9198303222656,419.0976867675781,370.14031982421875,0.7941176295280457,223.94140625,0.24361933767795563,"993,4517,4436,3653,388,1696,3931,2317,3978,2245,1180,3943,1435,415,351,4287",187.82244873046875,,,,,0,143.01992797851562,141.03643798828125,194.54388427734375,188.84230041503906,"1.168,1.164,1.658,0.612,0.844,1.101,0.993,1.000",3219.599609375,4688.146484375,"4088,3538,632.6,2271,2995,6023,2993,3217",49.36481475830078,57.95577621459961,"60.58,57.53,17.22,48.16,49.19,58.69,55.63,47.91"
43,o_proj,gptq,5120,5120,0,0.002105903625488281,0.0015356826782226562,478.9600258874666,0.03361071393289781,1327.930908203125,809.288330078125,85.26760864257812,281.759765625,719.8170776367188,954.7208251953125,0.29637521505355835,477.951416015625,0.03284046798944473,"3345,3895,2614,4149,3217,3473,3729,4396,1250,3601,710,766,690,745,670,754",55.464332580566406,,,,,0,255.78237915039062,375.199462890625,236.03797912597656,281.31787109375,"0.674,0.683,0.634,0.648,0.618,0.733,0.743,0.688",16463.9609375,16049.865234375,"4.285e+04,3.879e+04,4938,5951,6502,9831,1.261e+04,1.024e+04",44.828468322753906,41.55311584472656,"78.24,74.51,26.97,29.82,33.19,36.45,40.55,38.88"
43,gate_proj,gptq,13824,5120,0,0.0020337705258969907,0.0014792407000506365,601.8135659022555,0.019600316892810946,2397.92578125,1801.9693603515625,792.44677734375,1794.4591064453125,1877.592529296875,1786.55322265625,0.6570132970809937,600.4601440429688,0.11097148060798645,"11,4938,1307,655,2950,3593,2710,4020,3553,315,1145,1684,3286,1576,2836,3489",145.426025390625,,,,,0,700.1588134765625,674.931396484375,952.4296875,925.1090087890625,"1.082,1.152,1.973,0.805,0.912,1.142,0.976,0.866",3637.59912109375,5283.7294921875,"4689,4024,909.2,2532,3282,6704,3369,3592",42.6641731262207,50.66901397705078,"47.46,44.16,22.03,40.81,43.43,54.84,42.75,45.82"
43,up_proj,gptq,13824,5120,0,0.0020413151493778934,0.0015363622594762733,639.4440886044285,0.018227947511091,2667.302490234375,2024.7554931640625,893.9413452148438,1993.6162109375,2032.1600341796875,1987.493896484375,0.6570132970809937,638.6002197265625,0.07931625097990036,"11,4938,1307,655,2950,3593,2710,4020,3553,1684,3286,1145,315,2836,1576,3489",145.426025390625,,,,,0,737.4681396484375,759.084716796875,1049.784912109375,1037.541259765625,"1.022,1.038,1.528,0.767,0.863,1.108,0.934,0.827",3637.59912109375,5283.7294921875,"4689,4024,909.2,2532,3282,6704,3369,3592",42.6641731262207,50.66901397705078,"47.46,44.16,22.03,40.81,43.43,54.84,42.75,45.82"
43,down_proj,gptq,5120,13824,0,0.0020020520245587385,0.0015333246301721644,1356.3462857246668,0.03944595199267606,3394.19921875,1990.65185546875,822.0986938476562,1898.519287109375,1681.681884765625,1195.8560791015625,0.29711246490478516,1355.87109375,0.10433443635702133,"2750,5348,10771,8463,28,3994,1439,1318,7077,4588,3294,11097,8663,10324,2404,9390",195.70260620117188,,,,,0,498.6022033691406,397.35455322265625,1132.4205322265625,796.0262451171875,"1.129,1.149,1.282,0.857,1.034,1.638,1.142,1.029",6921.5830078125,17336.12109375,"5139,4261,420.6,3694,5122,2.712e+04,3842,5774",48.33384704589844,70.32769775390625,"50.41,44.21,12.56,45.04,50.46,87.73,39.81,56.46"
44,q_proj,gptq,5120,5120,0,0.0020348739624023436,0.0014531707763671875,296.46634796888026,0.03535081709720393,797.7239990234375,514.22265625,207.1685333251953,521.1146240234375,852.6934814453125,796.385498046875,0.7930497527122498,295.6488037109375,0.22507819533348083,"693,3931,2099,157,3799,2953,1824,2428,4436,3388,4517,4373,415,2797,1696,388",178.05511474609375,,,,,0,270.65869140625,291.0906982421875,356.46954345703125,370.3076171875,"0.967,0.946,1.575,0.615,0.745,1.135,0.976,0.909",3336.7177734375,4764.80126953125,"4572,3900,669.5,2225,3000,5926,3084,3317",50.75000762939453,58.69403076171875,"64.95,60.99,18.25,48.29,50.04,57.91,56.13,49.44"
44,k_proj,gptq,1024,5120,0,0.0020580291748046875,0.0014570236206054687,68.70676187692408,0.055944982099237414,144.0316619873047,87.1351318359375,42.09907531738281,99.05516815185547,227.01992797851562,149.30001831054688,0.7930497527122498,68.54534912109375,0.3102823793888092,"693,2099,3931,157,3799,1824,2953,2428,4436,3388,4373,4517,388,2245,1031,2797",178.05511474609375,,,,,0,68.37837219238281,55.101226806640625,85.92568969726562,69.80148315429688,"1.363,1.391,2.139,0.702,0.780,1.434,1.444,1.210",3336.7177734375,4764.80126953125,"4572,3900,669.5,2225,3000,5926,3084,3317",50.75000762939453,58.69403076171875,"64.95,60.99,18.25,48.29,50.04,57.91,56.13,49.44"
44,v_proj,gptq,1024,5120,0,0.002018165588378906,0.001434326171875,228.36780138115046,0.04701840607257748,522.551513671875,365.73126220703125,152.14834594726562,324.2616271972656,479.15509033203125,422.03326416015625,0.7930497527122498,227.71957397460938,0.2388574481010437,"4436,4517,993,1696,388,3653,3931,415,1435,2245,1180,3943,4794,1738,3799,2317",178.05511474609375,,,,,0,173.31375122070312,159.4654541015625,224.7289581298828,202.3759765625,"1.159,1.160,1.725,0.743,0.932,1.256,1.127,0.968",3336.7177734375,4764.80126953125,"4572,3900,669.5,2225,3000,5926,3084,3317",50.75000762939453,58.69403076171875,"64.95,60.99,18.25,48.29,50.04,57.91,56.13,49.44"
44,o_proj,gptq,5120,5120,0,0.002096061706542969,0.0015349197387695313,483.6561714539712,0.032546071493601336,1387.757080078125,841.362060546875,127.13760375976562,379.5110778808594,1009.9981689453125,1377.3621826171875,0.34059983491897583,482.7041015625,0.03198973461985588,"2267,2139,2523,2395,135,519,250,634,391,7,122,506,1638,1406,3880,2011",49.02803039550781,,,,,0,360.8324890136719,511.8120422363281,312.97576904296875,423.5356750488281,"0.649,0.677,0.664,0.710,0.764,0.971,0.763,0.741",15330.736328125,11638.25,"3.967e+04,4e+04,4037,5145,6310,8411,8257,1.081e+04",51.115875244140625,49.724586486816406,"89.45,88.9,29.34,33.56,36.26,42.43,41.69,47.29"
44,gate_proj,gptq,13824,5120,0,0.002036469070999711,0.0014667510986328125,598.026524182409,0.019788743155630797,2373.71484375,1781.3671875,826.232177734375,1946.2918701171875,2072.5537109375,1962.971923828125,0.6922149062156677,596.6651000976562,0.13053850829601288,"1307,11,4938,655,2950,2836,3593,4020,3553,3286,2710,2468,2862,1576,3710,1145",147.0193634033203,,,,,0,822.840087890625,759.03955078125,1008.41015625,985.966552734375,"1.096,1.159,2.816,0.792,0.875,1.204,0.960,0.849",3737.929931640625,5260.365234375,"5148,4412,1012,2511,3227,6743,3394,3457",45.49105453491211,52.825191497802734,"52.22,48.52,26.16,42.93,45.14,56.4,45,47.56"
44,up_proj,gptq,13824,5120,0,0.0020441408510561343,0.0015270657009548612,645.4854777022265,0.0182856873489395,2687.1220703125,2037.61572265625,946.7056884765625,2203.1826171875,2267.876708984375,2227.5908203125,0.6922149062156677,644.5950927734375,0.09632612019777298,"1307,11,4938,655,2836,2950,3593,4020,3553,3286,2710,1576,2862,2468,1145,315",147.0193634033203,,,,,0,861.398681640625,857.10595703125,1125.5843505859375,1119.861083984375,"1.033,1.066,2.123,0.746,0.870,1.124,0.923,0.815",3737.929931640625,5260.365234375,"5148,4412,1012,2511,3227,6743,3394,3457",45.49105453491211,52.825191497802734,"52.22,48.52,26.16,42.93,45.14,56.4,45,47.56"
44,down_proj,gptq,5120,13824,0,0.00199503015588831,0.0015303435149016205,879.6336133927107,0.025677163214427475,2896.405029296875,1991.8824462890625,1158.458251953125,5083.19921875,2440.4677734375,1897.825439453125,0.024478740990161896,853.8764038085938,0.2918761968612671,"486,10447,263,8744,11275,5952,9452,10246,5537,5170,12456,1410,227,3317,12924,12163",9629.927734375,,,,,0,644.217529296875,575.1769409179688,1210.1085205078125,1082.7642822265625,"1.552,1.004,0.903,0.844,0.862,1.332,1.002,0.817",4165.96630859375,10120.50390625,"4063,3824,326.7,2843,3000,1.332e+04,2691,3265",59.84458923339844,82.45496368408203,"71.09,69.31,23.06,56.04,55.07,89.06,50.65,64.46"
45,q_proj,gptq,5120,5120,0,0.0020387649536132814,0.0014478302001953126,302.1881358505716,0.03576845741812311,809.7169799804688,524.6968994140625,212.6208953857422,530.7268676757812,825.2083129882812,801.302978515625,0.7609963417053223,301.2151794433594,0.20336659252643585,"693,3931,2099,157,3799,1824,2953,4436,2428,3653,4517,415,993,388,1696,1180",139.87518310546875,,,,,0,286.3534851074219,305.56085205078125,344.6748962402344,364.778564453125,"0.995,0.985,1.644,0.620,0.704,1.073,0.982,0.910",3530.13037109375,4798.77099609375,"5243,4514,805.1,2222,2947,6009,3294,3207",51.8826904296875,57.83380889892578,"67.05,63.14,20.08,48.56,49.51,59.08,58.64,49.01"
45,k_proj,gptq,1024,5120,0,0.002040863037109375,0.0014623641967773438,70.92416339422016,0.059290852328041495,145.1275634765625,85.97320556640625,44.373443603515625,96.295166015625,211.94937133789062,148.5696563720703,0.7609963417053223,70.70249938964844,0.30426162481307983,"693,3931,2099,157,3799,1824,4436,2953,2428,4517,3653,3388,388,993,415,3943",139.87518310546875,,,,,0,70.61294555664062,55.65778732299805,85.89625549316406,65.96044921875,"1.257,1.246,2.412,0.870,0.887,1.582,1.423,1.259",3530.13037109375,4798.77099609375,"5243,4514,805.1,2222,2947,6009,3294,3207",51.8826904296875,57.83380889892578,"67.05,63.14,20.08,48.56,49.51,59.08,58.64,49.01"
45,v_proj,gptq,1024,5120,0,0.002032470703125,0.0014207839965820312,284.11031536701284,0.05598518838580234,593.4685668945312,419.5795593261719,187.06935119628906,401.4560546875,585.8250732421875,504.1134948730469,0.7609963417053223,283.04510498046875,0.262800931930542,"4436,4517,3653,993,388,2317,1696,3943,1180,4141,415,2245,3978,3896,1738,4402",139.87518310546875,,,,,0,216.3035430908203,202.0960693359375,255.76422119140625,236.35446166992188,"1.238,1.099,2.023,0.671,0.913,1.167,1.133,0.922",3530.13037109375,4798.77099609375,"5243,4514,805.1,2222,2947,6009,3294,3207",51.8826904296875,57.83380889892578,"67.05,63.14,20.08,48.56,49.51,59.08,58.64,49.01"
45,o_proj,gptq,5120,5120,0,0.00209686279296875,0.0015277862548828125,481.6329332732842,0.03280291291271792,1371.09228515625,835.0702514648438,119.61476135253906,638.5267944335938,1238.200927734375,1827.7462158203125,0.38638946413993835,480.3705749511719,0.03313662111759186,"2442,3532,2058,2555,2529,2186,2489,2494,4018,3836,3890,1257,2528,4703,2516,2495",55.947139739990234,,,,,0,443.5711364746094,743.7898559570312,309.5211181640625,519.451416015625,"0.603,0.625,0.502,0.495,0.578,0.597,0.594,0.609",17528.638671875,10989.0546875,"4.672e+04,4.479e+04,5758,5946,7338,9110,1.029e+04,1.028e+04",58.531036376953125,51.74178695678711,"104.7,101.7,36.87,39.33,39.61,45.63,50.54,49.94"
45,gate_proj,gptq,13824,5120,0,0.0020371754964192707,0.0014742250795717594,595.1426745257282,0.019697889168219872,2383.18310546875,1797.16748046875,886.610595703125,2232.91455078125,2401.489990234375,2370.514404296875,0.7721824049949646,593.3768920898438,0.1344587504863739,"1307,11,4938,2836,655,2950,2862,3931,2468,3593,3710,295,4020,3286,2710,958",169.68649291992188,,,,,0,942.2647705078125,891.4317626953125,1098.3465576171875,1153.8316650390625,"1.142,1.164,3.132,0.703,0.846,1.122,0.868,0.760",3912.1240234375,5321.3076171875,"5584,4890,1150,2553,3247,6895,3513,3465",48.88901138305664,56.57229232788086,"55.71,53.54,28.04,46.28,47.99,59.39,48.89,51.27"
45,up_proj,gptq,13824,5120,0,0.00203563548900463,0.0015223609076605903,639.4198196084794,0.018297715630838023,2671.0751953125,2029.243408203125,1003.5767211914062,2506.10107421875,2624.29638671875,2631.393798828125,0.7721824049949646,638.5679931640625,0.10646957159042358,"1307,11,4938,2836,655,2862,2950,3931,3593,2468,295,3710,4020,3286,2710,136",169.68649291992188,,,,,0,1003.6436157226562,982.2030029296875,1210.6185302734375,1273.3128662109375,"1.075,1.111,2.784,0.716,0.835,1.127,0.849,0.759",3912.1240234375,5321.3076171875,"5584,4890,1150,2553,3247,6895,3513,3465",48.88901138305664,56.57229232788086,"55.71,53.54,28.04,46.28,47.99,59.39,48.89,51.27"
45,down_proj,gptq,5120,13824,0,0.002002857349537037,0.0015181647406684027,913.1889490826306,0.027576058985838467,2894.882568359375,1967.7685546875,1401.437255859375,5889.796875,3721.08154296875,3460.07275390625,0.041898734867572784,902.3136596679688,0.19133631885051727,"10607,7000,12337,12153,1552,5820,2146,13145,6142,1553,2,1115,1332,10990,10461,184",7463.95751953125,,,,,0,950.94921875,1041.001953125,1583.931396484375,1787.646728515625,"1.367,1.032,1.066,0.607,0.704,1.132,0.723,0.664",5796.921875,10745.34375,"5280,5834,521.2,3766,3234,1.988e+04,4122,3743",79.69624328613281,108.02444458007812,"74.46,79.15,27.82,84.92,75.32,123.1,83.2,89.56"
46,q_proj,gptq,5120,5120,0,0.002042427062988281,0.001467742919921875,310.39098596577423,0.03754049673174035,806.692138671875,513.9639282226562,206.528076171875,543.7532348632812,808.4521484375,763.2311401367188,0.7579277753829956,309.3916015625,0.2197929173707962,"2099,693,3931,157,3799,1824,2953,4436,3653,993,415,4517,4373,4610,2428,2317",158.67677307128906,,,,,0,290.2503662109375,297.81488037109375,339.3790283203125,353.3663330078125,"1.126,1.094,1.565,0.581,0.731,1.086,0.986,0.907",3433.949462890625,4647.3173828125,"5321,4574,835,2213,2985,5271,3050,3222",52.41202163696289,58.483551025390625,"66.91,63.06,21.95,50.24,52.43,56.36,57.68,50.67"
46,k_proj,gptq,1024,5120,0,0.0020481109619140624,0.0014440536499023438,66.88245778216628,0.05674161234003912,139.52322387695312,83.93240356445312,40.924072265625,96.46288299560547,195.55471801757812,138.02516174316406,0.7579277753829956,66.72512817382812,0.3079211413860321,"2099,693,3931,157,1824,3799,3653,2953,4436,993,4517,415,2428,2317,351,4373",158.67677307128906,,,,,0,68.07200622558594,55.549781799316406,75.49198913574219,66.00346374511719,"1.304,1.376,2.279,0.723,0.895,1.269,1.402,1.167",3433.949462890625,4647.3173828125,"5321,4574,835,2213,2985,5271,3050,3222",52.41202163696289,58.483551025390625,"66.91,63.06,21.95,50.24,52.43,56.36,57.68,50.67"
46,v_proj,gptq,1024,5120,0,0.0020465850830078125,0.001453399658203125,324.23615718063957,0.057182591858682345,671.6859130859375,468.6673583984375,207.0150146484375,450.64093017578125,649.6722412109375,546.545166015625,0.7579277753829956,323.0394592285156,0.24225196242332458,"3653,993,4436,2317,3943,4517,1180,351,1696,415,3896,2245,4141,3978,4287,1685",158.67677307128906,,,,,0,238.88125610351562,213.48728942871094,283.593505859375,254.5514678955078,"1.313,1.240,1.740,0.732,0.873,1.304,1.093,1.009",3433.949462890625,4647.3173828125,"5321,4574,835,2213,2985,5271,3050,3222",52.41202163696289,58.483551025390625,"66.91,63.06,21.95,50.24,52.43,56.36,57.68,50.67"
46,o_proj,gptq,5120,5120,0,0.002107086181640625,0.0015202713012695311,457.51403386099264,0.031219082203507047,1360.986328125,831.0057983398438,226.68150329589844,997.920166015625,1317.1317138671875,2430.155517578125,0.7051066756248474,456.49371337890625,0.03352871909737587,"2017,2001,2273,2257,2401,2145,2385,2129,2529,2513,1943,1855,1965,1842,1868,1854",69.86869812011719,,,,,0,464.47216796875,931.5482177734375,628.6015625,1175.507568359375,"0.456,0.498,0.416,0.412,0.444,0.548,0.564,0.543",9286.1298828125,11848.4560546875,"1.577e+04,1.62e+04,2568,3057,4246,9651,1.236e+04,1.044e+04",71.0978012084961,81.05386352539062,"97.75,95.94,41.64,47.56,56.5,74.51,79.75,75.13"
46,gate_proj,gptq,13824,5120,0,0.0020395914713541665,0.0014745924207899305,611.2728718888611,0.01982459226737424,2451.00341796875,1853.0482177734375,920.6777954101562,2921.381591796875,2645.145751953125,2855.931640625,0.8298282623291016,609.0248413085938,0.16472403705120087,"1307,11,2836,4938,2862,655,2710,295,3710,958,2468,3489,477,2847,1372,3931",304.14593505859375,,,,,0,1202.97998046875,1121.366943359375,1097.895263671875,1379.318359375,"1.080,1.118,4.947,0.652,0.715,1.062,0.775,0.580",4117.8046875,5063.099609375,"6227,5432,1285,2587,3219,7155,3535,3503",54.55068588256836,60.57341003417969,"61.75,60.46,34.26,51.27,53.11,63.42,53.4,58.73"
46,up_proj,gptq,13824,5120,0,0.0020346041078920718,0.0015184331823278356,649.4418835784891,0.01898842700054561,2641.852294921875,1996.013427734375,1001.01220703125,3097.00341796875,2838.497314453125,3016.62353515625,0.8298282623291016,647.663330078125,0.16143876314163208,"1307,11,2836,4938,2862,655,2710,295,2468,958,3710,477,3489,2847,1372,3931",304.14593505859375,,,,,0,1287.7486572265625,1201.022216796875,1204.09521484375,1435.9989013671875,"1.075,1.136,4.080,0.714,0.778,1.095,0.817,0.623",4117.8046875,5063.099609375,"6227,5432,1285,2587,3219,7155,3535,3503",54.55068588256836,60.57341003417969,"61.75,60.46,34.26,51.27,53.11,63.42,53.4,58.73"
46,down_proj,gptq,5120,13824,0,0.0019904807761863424,0.001496957849573206,794.4122017411864,0.025875598306477596,2689.563232421875,1925.60986328125,2224.805419921875,19642.0625,6026.6806640625,10960.056640625,0.7567644119262695,785.6827392578125,0.32941192388534546,"10952,9045,6388,8027,6375,4658,5997,7417,12153,12606,483,8404,6037,3784,8041,1494",1465.09130859375,,,,,0,1976.336181640625,4624.71337890625,2217.167724609375,6109.34033203125,"0.847,0.606,0.269,0.205,0.227,0.818,0.325,0.239",5897.00634765625,6452.6484375,"8260,7808,745.9,3524,2955,1.646e+04,3732,3693",166.4014129638672,204.02005004882812,"153,177.3,65.61,187.6,178.1,179.4,175.5,214.6"
47,q_proj,gptq,5120,5120,0,0.002032127380371094,0.00146881103515625,259.4906166968867,0.028730319309137383,789.6132202148438,532.1718139648438,155.52188110351562,563.5288696289062,577.9541015625,720.1956176757812,0.7232738733291626,258.57061767578125,0.19883762300014496,"693,3931,1307,2099,157,3799,2953,4436,3388,3653,993,415,4517,2317,1696,1824",259.6799621582031,,,,,0,198.02838134765625,283.8892517089844,205.54212951660156,318.48101806640625,"0.842,0.834,1.142,0.433,0.480,0.870,0.591,0.497",3547.239501953125,4357.5966796875,"6257,4993,1160,2002,2665,5775,2837,2689",51.03395080566406,54.68535614013672,"66.35,60.63,26.11,46.88,50.48,54.55,54.71,48.55"
47,k_proj,gptq,1024,5120,0,0.002043342590332031,0.0014312744140625,66.531660378183,0.05121884986639366,145.16946411132812,85.42730712890625,35.53071594238281,97.29949951171875,154.59361267089844,135.68870544433594,0.7232738733291626,66.44261169433594,0.29019156098365784,"3931,693,2099,1307,157,3799,3653,4436,3388,2953,4517,993,2317,415,4139,388",259.6799621582031,,,,,0,54.36659622192383,53.185394287109375,52.591896057128906,57.179595947265625,"1.153,1.155,1.527,0.607,0.672,1.276,1.044,0.798",3547.239501953125,4357.5966796875,"6257,4993,1160,2002,2665,5775,2837,2689",51.03395080566406,54.68535614013672,"66.35,60.63,26.11,46.88,50.48,54.55,54.71,48.55"
47,v_proj,gptq,1024,5120,0,0.002074432373046875,0.0015106201171875,241.85454277189274,0.07052668875513288,460.57562255859375,285.0688171386719,128.0226593017578,293.39306640625,458.955322265625,363.31805419921875,0.7232738733291626,240.75927734375,0.2767961919307709,"3653,1307,4436,2317,4517,993,3896,1180,3943,3931,1696,351,4323,3978,415,72",259.6799621582031,,,,,0,170.87838745117188,142.17559814453125,167.911865234375,156.2088623046875,"1.360,1.478,2.196,0.725,0.806,1.343,1.258,0.806",3547.239501953125,4357.5966796875,"6257,4993,1160,2002,2665,5775,2837,2689",51.03395080566406,54.68535614013672,"66.35,60.63,26.11,46.88,50.48,54.55,54.71,48.55"
47,o_proj,gptq,5120,5120,0,0.0021041107177734377,0.0014731216430664063,363.9404616276197,0.030365008489791033,1126.4736328125,676.1434326171875,102.83832550048828,519.9034423828125,1008.8463745117188,1635.4537353515625,0.5896552801132202,362.15484619140625,0.034582898020744324,"4033,4077,4084,3975,4038,3983,4006,4091,4082,4018,4073,4057,4089,4069,4022,4002",74.77709197998047,,,,,0,348.5155029296875,656.33837890625,319.131103515625,576.3045654296875,"0.571,0.510,0.525,0.460,0.429,0.608,0.469,0.598",17267.33203125,14832.1044921875,"3.484e+04,3.147e+04,6597,8259,7516,1.981e+04,1.436e+04,1.529e+04",64.38941192626953,61.05555725097656,"93.84,92.8,39.4,49.17,48.22,67.86,66.62,57.21"
47,gate_proj,gptq,13824,5120,0,0.002040933679651331,0.0015031461362485531,532.9423844922567,0.016393872592738914,2442.8994140625,1909.994873046875,953.5208740234375,5642.57373046875,3351.810546875,5160.9189453125,0.9061481356620789,531.6729736328125,0.17051884531974792,"2012,655,2862,2836,295,3111,4344,477,2710,2847,4938,958,4971,3710,1372,4733",696.4944458007812,,,,,0,1195.85595703125,1943.431884765625,1129.378173828125,2311.182861328125,"0.970,0.926,0.983,0.336,0.362,0.879,0.451,0.283",4032.64892578125,4356.671875,"7279,5736,1597,2356,2806,6672,3040,2774",70.94636535644531,77.92048645019531,"77.46,77.1,41.94,73.42,74.38,71.12,69.72,82.43"
47,up_proj,gptq,13824,5120,0,0.002040792394567419,0.001514222886827257,535.4493544157594,0.015368800063418713,2548.7451171875,2009.258056640625,998.3598022460938,5393.421875,3398.81640625,5122.74951171875,0.9061481356620789,533.92626953125,0.13974492251873016,"2012,655,2862,2836,295,3111,4344,477,4938,2847,2710,958,4971,3710,1372,4733",696.4944458007812,,,,,0,1184.174560546875,1942.451416015625,1170.682373046875,2268.72412109375,"0.926,0.880,0.880,0.326,0.370,0.905,0.470,0.298",4032.64892578125,4356.671875,"7279,5736,1597,2356,2806,6672,3040,2774",70.94636535644531,77.92048645019531,"77.46,77.1,41.94,73.42,74.38,71.12,69.72,82.43"
47,down_proj,gptq,5120,13824,0,0.0019827807391131365,0.0014902468080873843,463.8523154320428,0.016108662926660498,2322.31591796875,1934.206298828125,3465.44287109375,73479.6640625,17215.19921875,44268.125,0.5018466114997864,457.4002685546875,0.5176067352294922,"1352,11815,3436,252,4713,6696,6109,7547,8801,910,9251,10153,13151,8852,3974,5079",595.3790893554688,,,,,0,4110.58642578125,22354.455078125,3030.066650390625,23313.162109375,"0.422,0.264,0.227,0.086,0.119,0.333,0.063,0.088",4055.594970703125,2181.9345703125,"1.131e+04,8396,844.7,1422,1366,6340,1505,1264",376.32177734375,383.153564453125,"389.5,516.9,201.4,395.2,363.1,262.2,437.1,445"
