layer,proj,quantizer,rows,cols,n_dead_cols,clip_frac,clip_frac_rtn,comp_disp,comp_disp_rel,wdisp_gptq,wdisp_rtn,obj_gptq,obj_rtn,obj_gptq_alt,obj_rtn_alt,hdiag_alt_corr,send_total,send_top1pct,send_top16_cols,hdiag_max_over_mean,cond_damped,awq_alpha,obj_awq,obj_awq_alt,protected
0,q_proj,gptq,4096,5120,0,0.0021004676818847656,0.0014543533325195312,1161.027709163072,0.44617578353411114,1383.633544921875,191.24346923828125,10.272480010986328,113.60950469970703,10.090179443359375,97.16954040527344,0.9994404911994934,1071.8433837890625,0.851594090461731,"1646,1727,1280,4174,1102,3486,2929,4751,4695,3200,2441,3810,3392,2539,3020,3332",3644.509033203125,,,,,0
0,k_proj,gptq,1024,5120,0,0.0020666122436523438,0.0014646530151367187,489.50067069834427,0.35830705765433324,604.2030029296875,107.93527221679688,4.902061939239502,39.92218780517578,4.7705078125,35.13995361328125,0.9994404911994934,464.7753601074219,0.8287196755409241,"1646,1727,1280,4174,1102,3486,4751,2929,2441,4695,3200,3332,3810,3392,2539,289",3644.509033203125,,,,,0
0,v_proj,gptq,1024,5120,0,0.0019992828369140626,0.0014789581298828125,2.086568828936694,0.014434967219977782,10.886585235595703,12.92774486541748,0.04909605532884598,0.27440890669822693,0.04472541809082031,0.23566454648971558,0.9994404911994934,2.011336088180542,0.1705329865217209,"1646,1727,1280,4174,3486,1102,1564,2929,820,4695,4707,712,4113,1630,374,4300",3644.509033203125,,,,,0
0,o_proj,gptq,5120,4096,0,0.0020792484283447266,0.0014725208282470703,39.115314320901234,0.04797704746590861,96.6423568725586,54.13655090332031,0.0036710596177726984,0.018995769321918488,0.005119845736771822,0.04649072140455246,0.37359458208084106,38.926612854003906,0.15628433227539062,"1381,1548,1333,1283,1390,1301,1334,1317,1372,1299,468,1386,1125,1087,1323,1385",201.11463928222656,,,,,0
0,gate_proj,gptq,14336,5120,0,0.0020607130868094308,0.0014426776341029575,201.25712794350693,0.031579672258214606,593.77734375,419.6209716796875,4.740904808044434,13.659811019897461,7.126988410949707,23.04995346069336,0.5686814785003662,200.79885864257812,0.06419982016086578,"1646,3212,3108,1237,374,1681,4806,220,4296,3633,3975,1902,1573,297,756,3075",115.8702163696289,,,,,0
0,up_proj,gptq,14336,5120,0,0.002050917489188058,0.0014216014317103795,166.92285786622188,0.028729060918301828,518.129638671875,361.9892578125,4.347496032714844,10.89942741394043,6.159703731536865,18.01622772216797,0.5686814785003662,166.9107666015625,0.04752558097243309,"1646,3108,3212,1237,374,1681,4806,220,4296,3633,1902,297,3975,1573,442,4649",115.8702163696289,,,,,0
0,down_proj,gptq,5120,14336,0,0.0019794191632952008,0.0014140946524483816,2211.3131514862735,0.37775826662466166,1201.2686767578125,349.8639221191406,27.834285736083984,88.76365661621094,464.94232177734375,1464.0284423828125,1.0,881.3827514648438,0.9998721480369568,"13708,8090,6001,4563,13609,862,7461,14026,9054,4291,13225,2270,9699,10570,11244,4018",14220.2958984375,,,,,0
1,q_proj,gptq,4096,5120,0,0.0020294666290283205,0.0014883995056152344,89.8425846930015,0.02841666811345426,276.5129089355469,198.78195190429688,14.975756645202637,210.7885284423828,17.30748176574707,126.13069152832031,0.9454557299613953,89.35509490966797,0.1616205871105194,"1226,3212,3245,2929,3448,476,4101,4263,2021,4673,2594,1682,4938,266,402,3371",1419.1739501953125,,,,,0
1,k_proj,gptq,1024,5120,0,0.0020023345947265624,0.0014760971069335937,49.69339839387437,0.03790338276612121,128.3629913330078,88.75697326660156,7.747534275054932,86.90837097167969,9.627350807189941,49.9127082824707,0.9454557299613953,49.37062072753906,0.18406546115875244,"3448,3212,1226,476,3245,2929,4101,4673,4263,2021,1682,2594,4938,402,926,266",1419.1739501953125,,,,,0
1,v_proj,gptq,1024,5120,0,0.0020246505737304688,0.0014818191528320312,4.0525524575242455,0.017708074741585117,17.546142578125,14.29985237121582,0.77338707447052,5.725245952606201,0.7242785692214966,3.5388057231903076,0.9454557299613953,4.025775909423828,0.1065858006477356,"3212,4101,1226,2594,476,4673,1682,4263,2929,926,4849,402,3304,3379,3371,1433",1419.1739501953125,,,,,0
1,o_proj,gptq,5120,4096,0,0.0020996570587158204,0.001473855972290039,43.86025220134934,0.039890637122483245,115.92007446289062,65.37116241455078,0.013059085234999657,0.039871685206890106,0.025236675515770912,0.07761573791503906,0.77107173204422,43.70871353149414,0.08020840585231781,"858,1977,1721,730,1593,1506,1122,732,986,679,807,860,935,2100,668,1378",47.88780212402344,,,,,0
1,gate_proj,gptq,14336,5120,0,0.002058124542236328,0.0014279638017926897,171.573268200038,0.025984601841338807,556.6394653320312,385.5274963378906,11.46986198425293,25.916793823242188,12.095996856689453,23.281448364257812,0.9324400424957275,171.51316833496094,0.0827781930565834,"3357,3212,3732,2614,634,1702,14,2594,4716,3746,4296,3304,2507,5044,3975,1561",257.2753601074219,,,,,0
1,up_proj,gptq,14336,5120,0,0.0020610809326171873,0.0014076777866908483,147.6201073981356,0.025352593830614754,485.82598876953125,337.372802734375,10.083088874816895,22.418672561645508,10.429254531860352,20.153078079223633,0.9324400424957275,147.49705505371094,0.06974698603153229,"3357,3212,3732,2614,634,1702,14,2594,4716,3304,4296,3746,2507,5044,4605,3975",257.2753601074219,,,,,0
1,down_proj,gptq,5120,14336,0,0.0020119667053222655,0.0014112336294991629,269.39136036007403,0.046084258373370886,620.8834228515625,344.22503662109375,0.05046055465936661,0.12461140751838684,0.07992227375507355,0.14029136300086975,0.8624005317687988,269.2980651855469,0.07695184648036957,"1219,1261,6956,67,9706,2341,9081,11118,11841,5921,3257,13056,7115,3747,8352,8824",282.27874755859375,,,,,0
2,q_proj,gptq,4096,5120,0,0.002028083801269531,0.0014657020568847657,84.1763430503859,0.026822764122099198,268.6390380859375,188.700439453125,15.663692474365234,208.53472900390625,21.26149559020996,152.30609130859375,0.9641045331954956,83.82304382324219,0.28489723801612854,"3212,4938,3245,1226,2594,476,4101,1320,2929,4263,4849,402,634,2523,1532,138",1592.11865234375,,,,,0
2,k_proj,gptq,1024,5120,0,0.0020427703857421875,0.0014736175537109375,43.70731661427448,0.034590696247034876,118.8585205078125,79.95088195800781,7.365264415740967,96.79971313476562,11.08028507232666,68.61519622802734,0.9641045331954956,43.29724884033203,0.3170705735683441,"3212,4938,2594,1226,3245,476,1320,4101,2929,4849,4263,634,402,2523,1532,2646",1592.11865234375,,,,,0
2,v_proj,gptq,1024,5120,0,0.0019998550415039062,0.0014425277709960937,5.256573318667657,0.017327801749857985,22.818185806274414,17.964059829711914,1.2012019157409668,6.377838134765625,1.2788147926330566,4.738581657409668,0.9641045331954956,5.218926429748535,0.1544378697872162,"3212,4938,2594,1320,4849,402,1532,634,1226,138,4101,3371,2523,2646,926,3379",1592.11865234375,,,,,0
2,o_proj,gptq,5120,4096,0,0.0020914077758789062,0.0014458179473876953,47.12267084499035,0.037358224262635444,129.14468383789062,74.95909881591797,0.029876358807086945,0.09593235701322556,0.05402784049510956,0.14499785006046295,0.7956445813179016,46.951995849609375,0.05023449286818504,"1082,1032,1775,525,1160,2950,3200,2031,1288,1903,1466,134,1548,1338,1932,1951",57.17067337036133,,,,,0
2,gate_proj,gptq,14336,5120,0,0.0020582607814243863,0.00143890380859375,151.6858554317878,0.02210308066053402,549.6395263671875,406.985107421875,25.23856544494629,57.59663391113281,81.71484375,176.50955200195312,0.8122007250785828,151.6100616455078,0.2053985595703125,"3357,3732,2614,3212,984,3382,2594,308,4296,3304,138,1268,4716,692,14,4001",2012.8204345703125,,,,,0
2,up_proj,gptq,14336,5120,0,0.0020527158464704242,0.0014069693429129464,122.78085722355536,0.021167210147276072,459.2300720214844,341.47650146484375,21.097835540771484,47.52133560180664,61.83796691894531,139.52008056640625,0.8122007250785828,122.6452865600586,0.18321667611598969,"3357,3732,2614,3212,984,3382,2594,308,4296,3304,138,1268,4716,14,692,4001",2012.8204345703125,,,,,0
2,down_proj,gptq,5120,14336,0,0.001956735338483538,0.0014063426426478795,186.54216667963374,0.03204906314221845,429.63226318359375,345.0919189453125,1.1165452003479004,76.18110656738281,27.888629913330078,3849.933837890625,0.9992940425872803,54.13330841064453,0.9877185225486755,"5984,4471,5477,9764,2665,2919,6299,7018,5261,5524,4821,12057,14075,6510,1171,4853",13436.9228515625,,,,,0
3,q_proj,gptq,4096,5120,0,0.0020375728607177736,0.0014814376831054688,109.17495038795342,0.03744623333240025,282.86224365234375,184.72784423828125,43.6781005859375,293.90252685546875,53.86715316772461,204.30496215820312,0.9728142619132996,108.71322631835938,0.20068444311618805,"3212,2594,4938,3245,4101,4296,4311,4849,138,1226,476,4001,4716,402,2593,3304",1410.6170654296875,,,,,0
3,k_proj,gptq,1024,5120,0,0.0020320892333984377,0.0014556884765625,48.043244518049825,0.04375870532620868,113.9500961303711,71.96014404296875,18.212810516357422,111.900634765625,21.545440673828125,74.37741088867188,0.9728142619132996,47.850341796875,0.21683244407176971,"3212,2594,4938,3245,4101,4296,4849,1226,4311,3024,138,4001,4716,476,4806,2593",1410.6170654296875,,,,,0
3,v_proj,gptq,1024,5120,0,0.0020730972290039064,0.0014963150024414062,4.29872515173432,0.01778578062727619,18.169864654541016,14.219221115112305,2.3912386894226074,12.640825271606445,2.1764721870422363,8.295997619628906,0.9728142619132996,4.287635803222656,0.0950774997472763,"3212,2594,4938,3245,138,4101,4296,4849,4001,1226,3024,4311,3304,317,4806,402",1410.6170654296875,,,,,0
3,o_proj,gptq,5120,4096,0,0.0020997047424316405,0.0014693260192871094,40.68835446799949,0.036492980324677245,113.11363220214844,65.14982604980469,0.060412149876356125,0.2031712830066681,0.07064636051654816,0.21364854276180267,0.7671358585357666,40.55488586425781,0.07566758245229721,"2650,788,3034,532,1110,1366,916,1494,660,1238,2906,3466,900,528,2778,1926",51.59035873413086,,,,,0
3,gate_proj,gptq,14336,5120,0,0.002040576934814453,0.0014528955732073102,141.6158002652228,0.019720589982306715,556.9985961914062,421.2729797363281,38.215431213378906,71.76390838623047,63.25817108154297,79.37210083007812,0.6348294019699097,141.43089294433594,0.074034683406353,"3357,3212,711,2594,138,4849,3112,4656,4338,4605,3379,3304,1059,1561,1702,4001",58.81087875366211,,,,,0
3,up_proj,gptq,14336,5120,0,0.0020449774605887277,0.0014152935573032925,106.45773756993003,0.01900011508048021,430.5799560546875,328.67120361328125,29.838214874267578,55.58171081542969,44.97612762451172,61.52760696411133,0.6348294019699097,106.39128112792969,0.05952624976634979,"3357,3212,2594,711,138,4849,3112,4656,4338,4605,3379,1059,3304,1277,1561,4001",58.81087875366211,,,,,0
3,down_proj,gptq,5120,14336,0,0.002003070286342076,0.0014052391052246094,178.52730119394784,0.03175551734225138,519.0277709960938,335.4105224609375,0.35314732789993286,0.6707526445388794,0.4527830183506012,1.4842052459716797,0.7227331399917603,178.47691345214844,0.0597943551838398,"8818,3003,4608,6262,6379,13198,13957,5119,11381,10474,5262,6112,1877,1665,4927,3670",117.04084777832031,,,,,0
4,q_proj,gptq,4096,5120,0,0.0020304203033447267,0.0014758586883544921,74.77890867402311,0.027561384807937704,234.8722686767578,165.29278564453125,34.360801696777344,233.48495483398438,46.338104248046875,166.54331970214844,0.9486796855926514,74.5084457397461,0.2774910032749176,"3245,1320,4938,4101,476,2594,402,4263,4311,3212,4849,2523,138,1226,4605,1538",1434.3719482421875,,,,,0
4,k_proj,gptq,1024,5120,0,0.0020305633544921873,0.001485443115234375,32.83942764514359,0.029235400781124927,98.92207336425781,68.85603332519531,14.517500877380371,96.84346008300781,18.834823608398438,68.48199462890625,0.9486796855926514,32.70831298828125,0.2857165038585663,"3245,1320,4938,4101,2594,476,402,138,4849,2523,4605,4263,3212,1226,4311,2929",1434.3719482421875,,,,,0
4,v_proj,gptq,1024,5120,0,0.002023124694824219,0.0014501571655273437,5.476414499364182,0.017686408854636244,23.341552734375,18.111379623413086,3.2743115425109863,11.352958679199219,3.131030321121216,7.706003665924072,0.9486796855926514,5.45628023147583,0.10658105462789536,"2594,402,4938,138,3245,1320,4849,3212,4101,2523,4605,4263,4311,1226,476,2646",1434.3719482421875,,,,,0
4,o_proj,gptq,5120,4096,0,0.0020911693572998047,0.0014423847198486329,46.870461800255725,0.03579116508984125,132.428466796875,76.45677185058594,0.13296332955360413,0.3945186138153076,0.13120150566101074,0.35660770535469055,0.7847148776054382,46.71171569824219,0.043453142046928406,"1014,3762,758,3890,630,3634,2238,4018,1198,1254,886,3038,1510,2106,1070,1126",26.239967346191406,,,,,0
4,gate_proj,gptq,14336,5120,0,0.0020251137869698663,0.001471505846296038,140.92588418715832,0.01881132839920873,575.08154296875,444.404052734375,52.357574462890625,99.53840637207031,70.52082824707031,87.82217407226562,0.2894468903541565,140.74940490722656,0.07137269526720047,"3357,2594,4849,711,138,3212,4656,4338,3112,1320,1059,4605,402,3371,2646,3304",70.86196899414062,,,,,0
4,up_proj,gptq,14336,5120,0,0.0020336423601422992,0.001409435272216797,101.04606903834201,0.018144855521060203,424.0317687988281,331.624755859375,39.00239562988281,73.52490997314453,49.65301513671875,65.17692565917969,0.2894468903541565,100.94590759277344,0.05917022004723549,"3357,2594,4849,711,138,3212,4656,1059,3112,1320,4338,4605,2646,3371,402,3304",70.86196899414062,,,,,0
4,down_proj,gptq,5120,14336,0,0.0019948550633021762,0.0014046260288783482,164.93494329886147,0.029573072065350144,506.7823181152344,337.5482177734375,0.562853991985321,1.057469367980957,0.8041002750396729,0.8760571479797363,0.21918369829654694,164.80966186523438,0.05545571818947792,"9669,11027,13685,3484,9156,2380,4717,560,10664,4918,9921,8940,12253,6730,2195,2759",91.73931884765625,,,,,0
5,q_proj,gptq,4096,5120,0,0.0020239830017089845,0.001480865478515625,93.26438320078887,0.03396947330595263,255.0308837890625,170.92758178710938,46.93061828613281,269.09063720703125,61.23497009277344,187.22268676757812,0.9213628172874451,92.95126342773438,0.23926541209220886,"1320,3245,4938,402,4605,4101,2523,4311,4263,1538,2594,138,4849,3212,476,1226",1193.58251953125,,,,,0
5,k_proj,gptq,1024,5120,0,0.002016639709472656,0.0014734268188476562,39.01056213496486,0.03849687416958985,99.10992431640625,65.14222717285156,18.760026931762695,100.3238525390625,23.846481323242188,69.06497192382812,0.9213628172874451,38.844661712646484,0.23543068766593933,"3245,1320,4938,4605,4101,402,2523,4263,4311,2594,138,476,4849,1538,3212,1226",1193.58251953125,,,,,0
5,v_proj,gptq,1024,5120,0,0.0020580291748046875,0.0014339447021484374,4.9274381848626945,0.017822814472456247,20.767166137695312,16.11516761779785,3.367966651916504,14.019051551818848,3.461824655532837,9.663026809692383,0.9213628172874451,4.915308475494385,0.10068967938423157,"1320,3245,4938,402,4605,2523,4101,4263,2594,138,4311,4849,1538,3212,476,1226",1193.58251953125,,,,,0
5,o_proj,gptq,5120,4096,0,0.00207977294921875,0.0014536857604980468,42.76208396276536,0.03613086971270125,119.28895568847656,68.34550476074219,0.1444048285484314,0.46288686990737915,0.16987286508083344,0.43194836378097534,0.7427465915679932,42.65993118286133,0.04933658614754677,"1907,1651,2035,1779,2865,242,3724,370,1537,3022,1793,2638,114,2993,143,271",29.97051429748535,,,,,0
5,gate_proj,gptq,14336,5120,0,0.002029487064906529,0.0014790534973144532,135.3644762051299,0.018272984557050998,563.9489135742188,441.7686767578125,66.53348541259766,127.67195892333984,87.16513061523438,107.92298889160156,0.23385466635227203,135.1901397705078,0.07856687158346176,"3357,138,2594,4849,4605,1320,2646,4656,402,4338,3212,3371,1059,4716,3379,4296",109.5794448852539,,,,,0
5,up_proj,gptq,14336,5120,0,0.002036299024309431,0.0014205660138811385,101.18123783419469,0.01758392535707091,434.26483154296875,344.237548828125,51.67424392700195,97.96493530273438,64.54048919677734,83.3646240234375,0.23385466635227203,101.05719757080078,0.06373700499534607,"3357,138,2594,4849,4605,1320,2646,4656,402,4338,3371,1059,3212,4716,3304,3379",109.5794448852539,,,,,0
5,down_proj,gptq,5120,14336,0,0.0019976888384137833,0.0014163017272949218,153.2544009428657,0.026854121727071554,502.6036682128906,346.94061279296875,0.844105064868927,1.534113883972168,1.1719504594802856,1.2142748832702637,0.5298985838890076,153.21131896972656,0.058852896094322205,"3465,10720,6554,10874,6101,6006,2844,10810,6624,5407,6189,5017,7479,7622,3625,13217",149.59140014648438,,,,,0
6,q_proj,gptq,4096,5120,0,0.00202794075012207,0.0014743804931640625,94.90276301238725,0.03291204130706575,264.2727355957031,178.60421752929688,49.13162612915039,309.60791015625,65.54502868652344,203.81838989257812,0.862491250038147,94.55476379394531,0.25696703791618347,"1320,4605,3245,4311,2523,4296,4101,4938,402,2594,4849,840,138,1538,4263,374",933.7274780273438,,,,,0
6,k_proj,gptq,1024,5120,0,0.002031898498535156,0.0014589309692382812,44.8688084569671,0.04189286550213496,108.189208984375,71.0538330078125,21.312252044677734,118.79288482666016,29.046630859375,78.4593505859375,0.862491250038147,44.71913146972656,0.2699068784713745,"1320,4605,4311,4101,2523,3245,4296,4938,2594,4849,3304,138,374,402,4716,1444",933.7274780273438,,,,,0
6,v_proj,gptq,1024,5120,0,0.002015495300292969,0.0014783859252929688,4.38063573086621,0.015604957987243788,20.47012710571289,16.47754669189453,3.229248046875,15.365657806396484,3.388491153717041,10.341705322265625,0.862491250038147,4.361673355102539,0.10348556190729141,"1320,4605,3245,4311,4101,2523,4938,4296,2594,138,4849,840,3304,402,4716,4263",933.7274780273438,,,,,0
6,o_proj,gptq,5120,4096,0,0.002082061767578125,0.0014516830444335938,40.94708748722496,0.034025118962183395,117.69699096679688,69.33026123046875,0.2856656312942505,0.8063167333602905,0.2656308114528656,0.694896936416626,0.6888817548751831,40.84928894042969,0.04980149492621422,"1594,1978,2912,1722,3340,2343,2784,3410,3040,3154,558,3084,3282,3212,2087,3538",23.7751522064209,,,,,0
6,gate_proj,gptq,14336,5120,0,0.0020327023097446986,0.0014739036560058594,130.87544261256699,0.017406142501564553,564.2274780273438,445.08636474609375,80.6661605834961,156.1769256591797,104.6108627319336,129.54820251464844,0.19980505108833313,130.73390197753906,0.08791030943393707,"1320,4605,3357,138,4849,2594,2646,4656,4101,4338,1702,2523,402,3379,3212,4267",202.65003967285156,,,,,0
6,up_proj,gptq,14336,5120,0,0.0020378521510532924,0.0014176232474190848,95.19607681217894,0.016604626817188963,426.0875244140625,341.1422119140625,61.593910217285156,115.98905944824219,76.2350845336914,97.64151763916016,0.19980505108833313,95.10078430175781,0.06901844590902328,"3357,4605,1320,138,4849,2594,2646,4656,4101,4338,1702,2523,402,3379,3212,3371",202.65003967285156,,,,,0
6,down_proj,gptq,5120,14336,0,0.002005222865513393,0.0014119829450334822,154.12767534391378,0.02725003272767839,502.01904296875,347.20294189453125,1.1860506534576416,2.1518070697784424,1.765242338180542,1.7552909851074219,0.29686638712882996,154.1242218017578,0.05917373299598694,"4163,10262,8709,10578,9600,1808,13305,8982,327,9362,7940,7346,13994,3235,1436,3470",56.17680740356445,,,,,0
7,q_proj,gptq,4096,5120,0,0.0020235061645507814,0.0014780044555664062,75.01809797785245,0.02796856564767596,232.80746459960938,167.328857421875,56.72760009765625,278.4537353515625,74.44245910644531,183.69931030273438,0.8577847480773926,74.83148956298828,0.24798749387264252,"1320,3245,4605,2523,4311,4101,4938,476,1226,1538,4263,2646,4709,3212,4849,3202",871.901123046875,,,,,0
7,k_proj,gptq,1024,5120,0,0.0020418167114257812,0.0014497756958007813,33.42442012007814,0.03442614011104363,91.16516876220703,65.02200317382812,22.63479232788086,108.19160461425781,29.89080810546875,71.02487182617188,0.8577847480773926,33.3222770690918,0.2735220193862915,"1320,4605,4311,3245,2523,4938,4101,476,1226,1538,3212,4263,4849,3448,4709,138",871.901123046875,,,,,0
7,v_proj,gptq,1024,5120,0,0.0020059585571289063,0.0014347076416015626,5.2415827571749105,0.016673708085297917,23.3402042388916,18.374805450439453,5.4249186515808105,17.040454864501953,5.763773441314697,11.660637855529785,0.8577847480773926,5.2283406257629395,0.09149818867444992,"4605,3245,1320,2523,4311,4938,4101,1226,476,1538,2646,4709,4263,4849,3212,138",871.901123046875,,,,,0
7,o_proj,gptq,5120,4096,0,0.002111053466796875,0.001436901092529297,43.779931994468825,0.03209974071929519,127.09561157226562,78.14614868164062,0.42709285020828247,1.3224929571151733,0.4699050188064575,0.9570493102073669,0.7458393573760986,43.68423843383789,0.045251086354255676,"3177,3358,2759,3561,3486,1804,2456,3230,1676,3015,3102,22,4045,1548,3305,3661",14.734525680541992,,,,,0
7,gate_proj,gptq,14336,5120,0,0.00204594475882394,0.001470742906842913,127.29236553702503,0.01740161529347858,548.3759765625,429.6966552734375,85.23900604248047,169.3743896484375,116.40469360351562,142.21099853515625,0.23767878115177155,127.17147827148438,0.09777180105447769,"1320,4605,4338,3357,1702,138,4101,711,4849,2646,4267,2523,2594,4656,2342,4311",269.2016906738281,,,,,0
7,up_proj,gptq,14336,5120,0,0.002034759521484375,0.001412337166922433,97.74263854511082,0.016571516301346532,438.4395751953125,348.597412109375,68.96600341796875,132.1552734375,89.82000732421875,112.64122772216797,0.23767878115177155,97.64378356933594,0.07534148544073105,"4605,1320,3357,4338,138,4101,1702,4849,711,2646,4267,2594,4656,2523,3379,2342",269.2016906738281,,,,,0
7,down_proj,gptq,5120,14336,0,0.002004800524030413,0.0014166559491838727,154.3867779797106,0.026598002013074162,505.0322570800781,347.24774169921875,1.4106783866882324,2.598611354827881,2.050323486328125,2.055582284927368,0.3802437484264374,154.3567352294922,0.053694888949394226,"1905,8567,1351,2911,4160,3871,1261,5482,11300,11443,11719,12270,2044,733,4310,1679",125.04679107666016,,,,,0
8,q_proj,gptq,4096,5120,0,0.002046823501586914,0.0014806747436523437,66.50326519808732,0.025701924459708606,218.6737060546875,159.61862182617188,56.08290100097656,300.0722351074219,74.4611587524414,208.46258544921875,0.8657742142677307,66.25749206542969,0.29921576380729675,"1320,3245,4605,4311,2523,4101,4938,4709,476,1226,2646,4263,1538,138,1150,4267",1073.1602783203125,,,,,0
8,k_proj,gptq,1024,5120,0,0.002063560485839844,0.0014614105224609376,29.11434962961357,0.030062443198024914,86.32686614990234,63.81665802001953,22.443092346191406,114.0501937866211,29.69824981689453,79.05921173095703,0.8657742142677307,29.064437866210938,0.3208042085170746,"1320,4605,3245,4311,2523,4101,4938,476,4709,1226,2646,1538,4263,138,4267,4849",1073.1602783203125,,,,,0
8,v_proj,gptq,1024,5120,0,0.0020015716552734377,0.001454925537109375,4.989684127300279,0.017632735094735237,21.409320831298828,16.635759353637695,5.320625305175781,20.28136444091797,6.133913516998291,14.408878326416016,0.8657742142677307,4.982861042022705,0.17645709216594696,"1320,4605,3245,2523,4101,4311,4938,4709,476,1226,1538,4263,2646,138,4849,4267",1073.1602783203125,,,,,0
8,o_proj,gptq,5120,4096,0,0.0020787715911865234,0.0014621734619140625,48.615431933324544,0.03613901821333515,134.863525390625,77.2869873046875,0.4655133783817291,1.6695210933685303,0.36487913131713867,1.3863543272018433,0.6455500721931458,48.48725509643555,0.045171547681093216,"3653,3117,2838,2710,1944,2582,2020,3373,2966,1995,1892,242,4037,1867,1816,498",21.638904571533203,,,,,0
8,gate_proj,gptq,14336,5120,0,0.002044241768973214,0.0014518465314592634,121.52058599537486,0.017610155039834832,520.2907104492188,409.18218994140625,88.1434555053711,179.87185668945312,131.52496337890625,157.05917358398438,0.2392490655183792,121.43168640136719,0.11749103665351868,"1320,4605,3357,4101,2646,4338,2523,711,4267,1702,138,4656,3245,4709,4849,4311",340.86102294921875,,,,,0
8,up_proj,gptq,14336,5120,0,0.002035794939313616,0.00142669677734375,100.29136330920119,0.016565907563114702,450.9822082519531,358.28643798828125,77.27937316894531,147.11663818359375,107.46620178222656,133.424072265625,0.2392490655183792,100.19268798828125,0.08524797856807709,"1320,4605,3357,2646,4101,4338,711,4267,2523,138,4656,1702,3245,4311,4849,4709",340.86102294921875,,,,,0
8,down_proj,gptq,5120,14336,0,0.0019958223615373885,0.0014183998107910156,155.2023471517332,0.025900913691606783,524.6431884765625,367.8289794921875,1.6685527563095093,2.9318203926086426,2.3220057487487793,2.561553478240967,0.4837753474712372,155.20724487304688,0.06244658678770065,"6390,12072,3692,4577,4348,6248,13331,7657,13955,5775,12258,1573,1688,7649,9551,8632",57.54772186279297,,,,,0
9,q_proj,gptq,4096,5120,0,0.00204315185546875,0.0014731407165527344,65.71191702783108,0.02594366337607631,215.4901123046875,158.78488159179688,63.86443328857422,297.01470947265625,87.48112487792969,217.83633422851562,0.825732946395874,65.48871612548828,0.2978641390800476,"1320,3245,4605,2523,4311,4938,4101,1226,4709,1538,4267,476,2646,4263,266,1840",883.43212890625,,,,,0
9,k_proj,gptq,1024,5120,0,0.0020427703857421875,0.0014684677124023437,30.256977155338973,0.03236705467191031,86.7567138671875,63.71296691894531,25.82306671142578,126.10624694824219,36.584720611572266,88.5291976928711,0.825732946395874,30.235794067382812,0.3439580500125885,"1320,3245,4605,2523,4311,4101,4938,1226,476,4267,4709,2646,1538,2929,266,1840",883.43212890625,,,,,0
9,v_proj,gptq,1024,5120,0,0.0020294189453125,0.0014875411987304687,6.3276916255563265,0.017205760937910108,28.02465057373047,22.025699615478516,8.120898246765137,21.801097869873047,9.072656631469727,16.37566375732422,0.825732946395874,6.311829090118408,0.1131085604429245,"1320,3245,4605,4311,2523,4101,4938,1226,4709,4267,476,2646,2929,4263,1840,1538",883.43212890625,,,,,0
9,o_proj,gptq,5120,4096,0,0.0021068572998046873,0.0014523506164550782,55.17674698987321,0.036165082659053674,157.19793701171875,87.6984634399414,0.8716961741447449,2.613051176071167,0.6335080862045288,1.8463538885116577,0.7282885909080505,55.05072021484375,0.0351683646440506,"3634,3646,4030,2238,1099,3762,3890,2110,3902,3774,3805,895,1297,3677,4018,4061",19.637298583984375,,,,,0
9,gate_proj,gptq,14336,5120,0,0.002040740421840123,0.0014525958469935826,122.69862180713972,0.01839732205390678,510.7583312988281,401.64166259765625,88.26850891113281,184.35861206054688,160.3876495361328,199.31320190429688,0.22460035979747772,122.549072265625,0.15974757075309753,"3357,1320,4605,711,4101,4267,4338,1702,2646,2523,3245,4709,138,4311,4656,4849",292.0777893066406,,,,,0
9,up_proj,gptq,14336,5120,0,0.0020416396004813058,0.0014367921011788503,107.5287491085619,0.0169887917664603,475.71746826171875,377.43206787109375,83.05108642578125,163.79820251464844,135.06610107421875,182.34219360351562,0.22460035979747772,107.41329956054688,0.11782167851924896,"3357,1320,4605,711,4101,4267,2646,4338,2523,3245,1702,138,4311,4709,4656,4849",292.0777893066406,,,,,0
9,down_proj,gptq,5120,14336,0,0.002015195574079241,0.001422664097377232,167.9455017115688,0.027220562624451824,554.1965942382812,383.7052001953125,1.9025616645812988,5.9173054695129395,3.0065805912017822,75.86570739746094,0.9583163857460022,167.375732421875,0.1546926498413086,"13266,158,10615,6617,13895,6708,10611,7779,7425,1999,3233,1974,4757,5011,13489,8998",3638.870361328125,,,,,0
10,q_proj,gptq,4096,5120,0,0.002050924301147461,0.0014906883239746093,62.64939634781331,0.02475236032983382,211.55760192871094,152.9658660888672,62.13764572143555,298.19110107421875,80.99179077148438,233.20095825195312,0.9367067813873291,62.44701385498047,0.3301360011100769,"1320,3245,4605,2523,4311,4267,4709,4938,476,4101,1538,1226,2646,3202,1150,1840",1275.3546142578125,,,,,0
10,k_proj,gptq,1024,5120,0,0.0020399093627929688,0.001483917236328125,27.333058117656037,0.02973957098761357,82.75626373291016,58.8338623046875,24.240447998046875,117.50807189941406,32.66677474975586,90.00770568847656,0.9367067813873291,27.210216522216797,0.3783726990222931,"1320,3245,4605,2523,4311,4267,4709,4938,476,4101,1538,1226,2646,1840,2929,4263",1275.3546142578125,,,,,0
10,v_proj,gptq,1024,5120,0,0.0020259857177734376,0.0014890670776367188,5.817556927364421,0.017653355406393813,25.25037384033203,19.67975616455078,7.404898643493652,20.429941177368164,8.171356201171875,14.826507568359375,0.9367067813873291,5.807559013366699,0.1533689647912979,"1320,4605,3245,2523,4311,4267,4709,4101,2646,476,4938,1226,1538,1840,4263,2929",1275.3546142578125,,,,,0
10,o_proj,gptq,5120,4096,0,0.002099466323852539,0.001442861557006836,50.41317395929593,0.034507072964567384,144.43333435058594,83.54267883300781,0.9335472583770752,3.3460888862609863,0.62734055519104,2.211470603942871,0.7933540344238281,50.22734451293945,0.04289617761969566,"3343,3087,3215,2916,3471,1569,2310,3044,1825,2416,712,2180,2856,2660,3374,2613",41.872711181640625,,,,,0
10,gate_proj,gptq,14336,5120,0,0.0020365306309291296,0.0014581271580287388,122.6033236651565,0.018809881763186872,504.82049560546875,396.3232116699219,89.90948486328125,188.83047485351562,140.7097625732422,176.54202270507812,0.31832051277160645,122.436279296875,0.15373623371124268,"4605,3357,4267,1320,4338,711,4709,2646,1702,4101,138,2523,2342,3262,3245,4311",126.41515350341797,,,,,0
10,up_proj,gptq,14336,5120,0,0.002034555162702288,0.00144458498273577,111.69831108403741,0.017310988972827717,489.6654968261719,388.37353515625,88.32487487792969,175.6481475830078,126.69052124023438,166.37240600585938,0.31832051277160645,111.62461853027344,0.1100967600941658,"4605,3357,4267,1320,4338,2646,711,4709,4101,1702,138,2523,4311,2342,3245,3262",126.41515350341797,,,,,0
10,down_proj,gptq,5120,14336,0,0.0020059994288853236,0.0014257567269461496,182.87642062169562,0.02919559554982288,581.5319213867188,395.5932922363281,2.109076499938965,4.224153518676758,2.994871139526367,4.082247257232666,0.7948481440544128,182.72598266601562,0.06041155755519867,"244,5766,8713,5295,8936,7138,188,2902,8825,14119,13136,6104,13044,3171,8052,10098",137.23788452148438,,,,,0
11,q_proj,gptq,4096,5120,0,0.0020578384399414064,0.001466083526611328,66.51276856154436,0.02613048693756065,217.89968872070312,154.50682067871094,73.75663757324219,306.22100830078125,98.78851318359375,235.82684326171875,0.951678454875946,66.27433776855469,0.3099013864994049,"3245,2523,4605,4938,1320,4311,4267,476,4709,2929,1538,1226,266,1840,4263,4101",1100.6759033203125,,,,,0
11,k_proj,gptq,1024,5120,0,0.0020477294921875,0.001473236083984375,30.91966986755142,0.03311226182490727,87.10914611816406,60.17115783691406,29.488189697265625,125.1142578125,42.36603546142578,98.80010986328125,0.951678454875946,30.813322067260742,0.3945024013519287,"3245,2523,1320,4605,4311,4267,4938,476,4709,2929,1226,266,1538,4101,1840,4263",1100.6759033203125,,,,,0
11,v_proj,gptq,1024,5120,0,0.002034568786621094,0.0014425277709960937,5.91045351581306,0.01928174769545028,23.795757293701172,18.183639526367188,8.04484748840332,22.272945404052734,9.284090042114258,16.369525909423828,0.951678454875946,5.892503261566162,0.1790255308151245,"3245,4605,2523,1320,4311,4267,2929,4709,4938,476,266,1226,1538,4263,1840,4101",1100.6759033203125,,,,,0
11,o_proj,gptq,5120,4096,0,0.0020964622497558595,0.0014434814453125,48.75608627311158,0.03358525228000984,143.27743530273438,83.24024963378906,0.9034537076950073,3.887205123901367,0.7015511393547058,2.7802531719207764,0.7744840979576111,48.52076721191406,0.043932244181632996,"3865,1277,3294,3550,3166,421,3704,438,4088,418,465,493,1276,1724,3422,2703",23.174968719482422,,,,,0
11,gate_proj,gptq,14336,5120,0,0.002049405234200614,0.0014685767037527903,127.59248567037866,0.018727157482049523,530.165283203125,411.77545166015625,104.26751708984375,209.52264404296875,166.36865234375,200.82720947265625,0.40676572918891907,127.44622039794922,0.1298004388809204,"4605,4267,3357,4338,711,4709,1702,1320,2646,3448,4101,3262,3245,2342,138,2523",100.87364196777344,,,,,0
11,up_proj,gptq,14336,5120,0,0.002035086495535714,0.0014300482613699777,109.59224455930234,0.017640426663360236,477.71612548828125,374.37908935546875,94.90946197509766,184.82708740234375,139.83145141601562,175.83432006835938,0.40676572918891907,109.50294494628906,0.09198106825351715,"4605,4267,3357,711,4338,4709,1320,1702,2646,3448,4101,3245,3262,138,2342,2523",100.87364196777344,,,,,0
11,down_proj,gptq,5120,14336,0,0.0020096097673688615,0.0014293806893484933,185.08107295399554,0.030543843013221935,565.4666137695312,376.2304382324219,2.1697139739990234,4.778306007385254,3.5070812702178955,4.048253059387207,0.5382163524627686,184.769775390625,0.06532074511051178,"13936,1403,8531,9120,8714,425,2604,13532,13058,14115,11364,10450,11430,8476,10633,981",109.46247100830078,,,,,0
12,q_proj,gptq,4096,5120,0,0.0020261764526367187,0.001484060287475586,68.13938347710064,0.0284981735695826,209.8705291748047,144.5941162109375,69.25724792480469,281.2435302734375,105.35292053222656,229.21881103515625,0.9536606669425964,68.01167297363281,0.336904913187027,"3245,2523,1320,2929,4311,4605,4267,4938,476,1538,1226,4709,266,1840,4263,3060",1038.6495361328125,,,,,0
12,k_proj,gptq,1024,5120,0,0.002033233642578125,0.001442718505859375,30.1497841271339,0.03515063071931942,82.15123748779297,54.854583740234375,27.266632080078125,116.94535827636719,43.36298370361328,92.03611755371094,0.9536606669425964,30.077014923095703,0.41050729155540466,"3245,2523,2929,1320,4267,4605,4311,476,4938,1226,4709,1538,1840,266,3060,4101",1038.6495361328125,,,,,0
12,v_proj,gptq,1024,5120,0,0.0020299911499023437,0.0014329910278320312,7.862570339328158,0.02102985480910954,30.28421401977539,22.943458557128906,9.849721908569336,26.277023315429688,12.562347412109375,20.806446075439453,0.9536606669425964,7.842676639556885,0.16475678980350494,"1320,2929,3245,4605,4267,4311,2523,1226,4709,2646,4101,1840,266,1538,4263,476",1038.6495361328125,,,,,0
12,o_proj,gptq,5120,4096,0,0.002106380462646484,0.0014478683471679688,57.07773317047395,0.036647777979057126,157.29483032226562,88.5120620727539,0.9460328817367554,3.1802315711975098,0.9515990614891052,2.165834665298462,0.7639536261558533,56.797386169433594,0.047388575971126556,"2978,2987,2962,3064,3017,3061,3026,3001,3036,3060,1516,3045,2973,3756,2950,3041",22.11359405517578,,,,,0
12,gate_proj,gptq,14336,5120,0,0.0020490918840680803,0.0014735221862792968,133.96241754508446,0.019674005599429317,539.07568359375,417.2401123046875,110.12322998046875,224.83868408203125,157.1658172607422,191.21527099609375,0.429546058177948,133.73675537109375,0.11330273002386093,"4605,4267,4338,1702,4709,2646,1320,3357,3262,4101,138,2929,711,2342,5107,2739",93.70317077636719,,,,,0
12,up_proj,gptq,14336,5120,0,0.0020309720720563616,0.0014377593994140624,117.6283464491753,0.01872261614940665,490.85565185546875,381.23553466796875,101.17591094970703,198.81491088867188,138.674560546875,169.87823486328125,0.429546058177948,117.51029968261719,0.08577794581651688,"4605,4267,4338,1702,4709,2646,1320,3357,4101,138,2929,711,3262,5107,3268,3379",93.70317077636719,,,,,0
12,down_proj,gptq,5120,14336,0,0.001999528067452567,0.0014279093061174664,177.67285946329503,0.02898491746123285,559.3360595703125,378.0152587890625,2.2942662239074707,4.732160568237305,3.414010524749756,3.8126485347747803,0.9692865610122681,177.51889038085938,0.08343221992254257,"99,4543,8453,9666,7919,11566,2445,1296,6798,5429,944,13635,7563,2108,2055,13826",313.0478210449219,,,,,0
13,q_proj,gptq,4096,5120,0,0.002041006088256836,0.0014681816101074219,77.68186653242446,0.03170821137252741,226.68389892578125,157.60247802734375,88.37075805664062,341.37908935546875,121.69483947753906,265.59539794921875,0.9433774948120117,77.48603820800781,0.3412805497646332,"3245,2929,4267,1320,2523,4311,476,266,4605,4938,1322,1538,4263,1840,3202,4709",846.7362670898438,,,,,0
13,k_proj,gptq,1024,5120,0,0.0020599365234375,0.0014711380004882812,34.04937226232141,0.03797645632571553,89.03189086914062,58.98753356933594,34.939701080322266,143.37933349609375,49.84714126586914,108.72293090820312,0.9433774948120117,33.95640563964844,0.400974303483963,"3245,2929,4311,476,2523,4267,1320,266,4938,4605,1226,4709,4263,1840,3202,1322",846.7362670898438,,,,,0
13,v_proj,gptq,1024,5120,0,0.0019968032836914064,0.0014600753784179688,7.345878706328222,0.02332684434492436,26.49309730529785,19.580036163330078,10.152059555053711,27.440364837646484,11.975325584411621,19.891738891601562,0.9433774948120117,7.30929708480835,0.2093835473060608,"4267,2929,1320,3442,4605,266,4311,2523,1840,3060,1226,4263,4938,4709,1322,2864",846.7362670898438,,,,,0
13,o_proj,gptq,5120,4096,0,0.002094268798828125,0.001453733444213867,60.76648156360534,0.04110025865382227,168.8231201171875,84.5306396484375,1.0144445896148682,3.7580513954162598,0.8677105903625488,2.2485294342041016,0.6916803121566772,60.333465576171875,0.03950032591819763,"3451,3323,1522,1630,1394,3209,3081,3195,1100,596,2014,430,3777,2377,3579,3337",29.215373992919922,,,,,0
13,gate_proj,gptq,14336,5120,0,0.0020385333469935827,0.0014591080801827567,128.90493512814646,0.01950678419198743,522.2301025390625,405.508056640625,110.52471923828125,225.21414184570312,152.75399780273438,193.40628051757812,0.40813788771629333,128.72662353515625,0.11397162079811096,"3357,4267,4605,4338,1702,4709,2646,3262,2342,1320,4101,138,2929,711,4673,3245",94.68096160888672,,,,,0
13,up_proj,gptq,14336,5120,0,0.002033029283796038,0.0014283725193568637,116.59733097863318,0.018296773233472906,492.952392578125,384.4061279296875,105.54695129394531,205.90762329101562,138.89425659179688,176.34161376953125,0.40813788771629333,116.48406982421875,0.08262230455875397,"3357,4267,4605,4338,1702,4709,2646,3262,1320,4101,138,2342,2929,711,4673,3379",94.68096160888672,,,,,0
13,down_proj,gptq,5120,14336,0,0.0020011493137904574,0.0014361654009137834,176.08567791386554,0.028348753157983672,555.9561157226562,376.3150939941406,2.512342929840088,6.374307632446289,3.6252880096435547,8.983770370483398,0.9984961748123169,175.7639617919922,0.125128835439682,"356,13145,13800,625,2222,3766,13963,8612,7508,8278,7106,7982,9227,5094,1017,5852",3177.088623046875,,,,,0
14,q_proj,gptq,4096,5120,0,0.002040386199951172,0.0014887809753417968,77.48052439765888,0.03232639983343918,223.7370147705078,158.14051818847656,93.16976928710938,364.95361328125,130.63796997070312,293.08258056640625,0.9389467835426331,77.24100494384766,0.3206663131713867,"3442,3245,2929,4605,4267,1320,4709,2523,4311,1226,476,4938,3060,2646,266,1840",843.82373046875,,,,,0
14,k_proj,gptq,1024,5120,0,0.002056312561035156,0.0014669418334960938,31.28111201995489,0.03598842882245085,85.27896118164062,61.14744567871094,35.706451416015625,152.11154174804688,49.66926574707031,116.44255065917969,0.9389467835426331,31.242271423339844,0.3360930383205414,"3245,2929,4267,2523,4605,1320,3442,476,4709,4311,4938,266,1226,1840,2646,3060",843.82373046875,,,,,0
14,v_proj,gptq,1024,5120,0,0.0020326614379882813,0.0014850616455078125,8.068801494681793,0.02626619765185734,26.63827896118164,18.699983596801758,10.932995796203613,33.529029846191406,13.392353057861328,24.988304138183594,0.9389467835426331,8.021215438842773,0.26835110783576965,"3442,4605,4267,2523,4709,1320,2929,3245,4311,1226,2646,4263,3060,4101,4938,1840",843.82373046875,,,,,0
14,o_proj,gptq,5120,4096,0,0.0021341323852539064,0.0014403820037841796,50.56929619534128,0.03481522147987799,147.77316284179688,82.52659606933594,0.8427745699882507,3.228978395462036,0.578932523727417,2.1872382164001465,0.7360134720802307,50.28130340576172,0.04366295039653778,"446,2297,1763,318,1721,1747,3201,2553,3457,3556,442,3312,2169,2444,3300,186",28.60479164123535,,,,,0
14,gate_proj,gptq,14336,5120,0,0.002042239052908761,0.00145984377179827,126.73383151392787,0.020044684855114552,502.68096923828125,392.9039001464844,110.6644287109375,227.8675537109375,147.98861694335938,183.38389587402344,0.44311922788619995,126.63290405273438,0.13185274600982666,"3442,4267,4605,4338,4709,2646,1702,3262,4101,138,3357,2929,3379,1320,2342,4673",102.06840515136719,,,,,0
14,up_proj,gptq,14336,5120,0,0.002038969312395368,0.0014411653791155134,119.97263244200609,0.018344595348120503,505.37982177734375,394.14703369140625,112.88568115234375,218.86302185058594,141.43519592285156,176.48312377929688,0.44311922788619995,119.8421401977539,0.09000079333782196,"3442,4605,4267,4338,2646,4709,1702,4101,3262,138,3357,2929,3379,1320,4673,5107",102.06840515136719,,,,,0
14,down_proj,gptq,5120,14336,0,0.001996476309640067,0.0014392035348074776,191.40111690280173,0.03008929909987121,582.663818359375,389.406982421875,2.7501373291015625,5.352945327758789,3.491701126098633,3.9589920043945312,0.8614997863769531,191.19015502929688,0.10943212360143661,"12307,10076,2576,4444,3178,9030,3192,14230,10156,13381,2108,2295,8303,7959,11167,2850",213.50575256347656,,,,,0
15,q_proj,gptq,4096,5120,0,0.002035665512084961,0.0014545917510986328,70.32268773305987,0.028786325373729608,216.50685119628906,149.18008422851562,77.04932403564453,302.47686767578125,106.12708282470703,243.16986083984375,0.9390856623649597,70.11372375488281,0.36403006315231323,"3442,2929,3245,4267,2523,4311,476,4605,1320,4709,266,1226,3060,1840,4938,4263",853.4555053710938,,,,,0
15,k_proj,gptq,1024,5120,0,0.0020589828491210938,0.0014493942260742187,33.23102369326807,0.036017013554743564,89.7169189453125,60.1854248046875,32.13819122314453,135.31466674804688,47.302207946777344,107.9244384765625,0.9390856623649597,33.13536834716797,0.44469383358955383,"3442,3245,2929,2523,476,4267,4311,1320,4605,4709,1226,266,1840,3060,4263,1538",853.4555053710938,,,,,0
15,v_proj,gptq,1024,5120,0,0.0020055770874023438,0.0014440536499023438,8.375790182903984,0.026471709767041933,27.367595672607422,18.94289779663086,9.804826736450195,26.659587860107422,12.227629661560059,20.79291534423828,0.9390856623649597,8.316097259521484,0.33453962206840515,"3442,4267,2929,4605,1320,4311,2523,1226,3060,1840,476,4709,3245,266,4263,2646",853.4555053710938,,,,,0
15,o_proj,gptq,5120,4096,0,0.0021049022674560548,0.001447772979736328,53.05475254634803,0.03549434252930225,151.96188354492188,85.33830261230469,1.1490142345428467,4.46647834777832,0.8665972948074341,2.942446231842041,0.7585928440093994,52.85873794555664,0.043036364018917084,"3865,3993,3609,1251,4066,747,4074,3946,3690,3938,3682,3856,1507,3600,3984,2571",22.900243759155273,,,,,0
15,gate_proj,gptq,14336,5120,0,0.002035127367292132,0.0014493942260742187,126.5827263431176,0.020924429803597235,485.4185485839844,380.8804626464844,107.373291015625,229.27542114257812,142.6173095703125,185.25228881835938,0.42809969186782837,126.35488891601562,0.1491795778274536,"4605,4267,3442,4338,2646,4709,1702,3262,4101,138,3357,3379,2929,2342,2739,5107",109.28245544433594,,,,,0
15,up_proj,gptq,14336,5120,0,0.00204078129359654,0.0014481135777064732,123.88583295687457,0.018438292352485456,517.875,406.30963134765625,116.1834716796875,232.23599243164062,141.7928466796875,188.93141174316406,0.42809969186782837,123.78266906738281,0.09877944737672806,"4605,4267,3442,2646,4338,4709,1702,138,4101,3357,3262,3379,2929,5107,2739,1320",109.28245544433594,,,,,0
15,down_proj,gptq,5120,14336,0,0.002006094796316964,0.001443685804094587,192.35417606639203,0.02954399572763002,595.9402465820312,401.092041015625,3.1011056900024414,5.985532760620117,3.5515623092651367,3.9100756645202637,0.9270405173301697,192.23211669921875,0.07558801770210266,"12240,12818,1355,9295,5367,159,7151,8427,488,7496,5286,2646,4870,1296,8618,11483",234.9838104248047,,,,,0
16,q_proj,gptq,4096,5120,0,0.0020407676696777345,0.00148162841796875,65.49609415365558,0.026880423403676603,209.70053100585938,146.4563751220703,81.6722183227539,313.0528564453125,112.90247344970703,254.4881134033203,0.9119104146957397,65.32391357421875,0.34494712948799133,"3442,2929,3245,2523,4605,4267,476,4311,1320,3060,4709,1226,266,1840,4263,2864",749.6255493164062,,,,,0
16,k_proj,gptq,1024,5120,0,0.0020366668701171874,0.0014575958251953126,32.271257671920466,0.03683513134484153,86.1090087890625,58.63652801513672,33.87467956542969,131.28326416015625,51.729454040527344,101.2755126953125,0.9119104146957397,32.194053649902344,0.44068068265914917,"2929,476,4267,3245,4605,3442,2523,1320,4311,3060,4709,1226,1840,266,2864,4263",749.6255493164062,,,,,0
16,v_proj,gptq,1024,5120,0,0.0020475387573242188,0.0014360427856445312,9.50929396966967,0.028720770703218525,30.45478630065918,22.274734497070312,11.884115219116211,31.596294403076172,14.743896484375,24.575183868408203,0.9119104146957397,9.45207405090332,0.3052782118320465,"3442,4267,2929,4605,1320,2523,4311,2864,3060,4709,1226,3212,266,4263,476,1840",749.6255493164062,,,,,0
16,o_proj,gptq,5120,4096,0,0.0021171092987060545,0.0014415740966796874,50.90571360460035,0.033990435023604396,144.36541748046875,84.77716827392578,1.6110273599624634,5.1869659423828125,1.0591565370559692,3.2798423767089844,0.6451584100723267,50.78678512573242,0.03520574793219566,"2686,3528,3070,946,2814,1126,1591,1510,953,3032,986,1615,995,996,2942,690",19.15786361694336,,,,,0
16,gate_proj,gptq,14336,5120,0,0.002047661372593471,0.0014519963945661273,127.9468366729252,0.021576770688950354,478.0449523925781,374.43475341796875,110.01325988769531,240.68890380859375,149.15301513671875,198.6300811767578,0.43613389134407043,127.80052185058594,0.16241836547851562,"3442,4605,4267,4338,1702,4709,2646,3262,138,4101,2929,2739,4673,2342,3357,3379",114.51984405517578,,,,,0
16,up_proj,gptq,14336,5120,0,0.002030590602329799,0.0014482498168945312,127.58868299236565,0.01864154708957995,527.64990234375,411.9803161621094,123.2108154296875,250.39028930664062,150.94900512695312,208.99188232421875,0.43613389134407043,127.50479125976562,0.10681843757629395,"3442,4605,4267,4338,4709,2646,1702,138,4101,2929,3262,2739,4673,3379,3357,5107",114.51984405517578,,,,,0
16,down_proj,gptq,5120,14336,0,0.0020046642848423547,0.0014458247593470983,200.93336799652207,0.030506913396072064,614.23828125,410.7703857421875,3.694398880004883,7.278151512145996,4.304485321044922,5.402541160583496,0.8764320611953735,200.79620361328125,0.06984858959913254,"5905,490,1664,11899,12840,1698,4066,14278,13622,13358,4882,14332,12461,5986,2324,14260",216.20120239257812,,,,,0
17,q_proj,gptq,4096,5120,0,0.0020233631134033204,0.0014780044555664062,62.83530868634989,0.027280988040417464,199.13467407226562,138.72972106933594,82.80461120605469,303.7453918457031,103.8067626953125,244.99862670898438,0.9295675158500671,62.77326202392578,0.37013575434684753,"2929,3442,2523,4311,3245,476,4267,4605,3060,266,1226,1840,1320,4938,4263,2864",720.871337890625,,,,,0
17,k_proj,gptq,1024,5120,0,0.0020534515380859373,0.0014757156372070313,29.20744772686885,0.037940802665654395,75.60449981689453,50.60271453857422,31.617773056030273,135.46188354492188,43.87041473388672,106.1024169921875,0.9295675158500671,29.11474609375,0.4849188029766083,"2929,476,2523,4311,3245,3442,4267,1226,4605,266,1320,3060,1840,4263,2864,4938",720.871337890625,,,,,0
17,v_proj,gptq,1024,5120,0,0.002030181884765625,0.0014497756958007813,9.66895997622396,0.023222906381621035,34.34785079956055,24.883481979370117,14.426831245422363,35.486358642578125,15.494384765625,26.675338745117188,0.9295675158500671,9.628135681152344,0.30350255966186523,"3442,2523,4605,1320,2929,4311,4267,2864,4263,266,4709,3212,476,1226,1840,3060",720.871337890625,,,,,0
17,o_proj,gptq,5120,4096,0,0.0020979881286621095,0.001450824737548828,59.958300746247005,0.03649995513200683,168.1063232421875,94.63538360595703,2.1071715354919434,8.35818099975586,1.537973165512085,4.38939094543457,0.6020529270172119,59.661563873291016,0.027354922145605087,"2059,858,3572,3158,3286,602,3542,3316,986,3302,3212,3010,3558,2700,3200,3244",15.851746559143066,,,,,0
17,gate_proj,gptq,14336,5120,0,0.002024895804268973,0.0014561653137207032,132.64132529945346,0.022535251728642042,478.7408447265625,376.068115234375,116.20082092285156,266.15740966796875,157.18209838867188,217.066650390625,0.47967517375946045,132.42800903320312,0.17240869998931885,"4605,4267,4338,1702,4709,3442,2646,3262,2342,4673,2739,4101,2929,402,138,3379",124.87825775146484,,,,,0
17,up_proj,gptq,14336,5120,0,0.0020343508039202007,0.0014571462358747209,133.4048759881698,0.019075664315216127,540.6207275390625,422.6203918457031,133.10366821289062,286.7762145996094,161.8537139892578,234.85995483398438,0.47967517375946045,133.19766235351562,0.11507337540388107,"4605,4267,4338,1702,4709,3442,2646,3262,2739,4101,4673,2929,2342,138,402,3379",124.87825775146484,,,,,0
17,down_proj,gptq,5120,14336,0,0.002000631604875837,0.0014539582388741628,226.7374956636654,0.03405364201422511,649.3432006835938,419.640625,4.753199100494385,9.907445907592773,5.820451736450195,7.593033313751221,0.9304887056350708,226.53208923339844,0.07002472877502441,"3001,12432,3378,6329,4715,11421,10953,636,11981,2637,10151,13482,4023,3501,7904,4651",279.5094299316406,,,,,0
18,q_proj,gptq,4096,5120,0,0.002041149139404297,0.00147552490234375,73.28273374513083,0.029325866287470505,221.71658325195312,151.80093383789062,92.23857116699219,350.8677978515625,116.09820556640625,290.822509765625,0.9211273789405823,73.05555725097656,0.3440951406955719,"2929,476,4267,3060,3245,2523,4311,4605,3442,1320,1226,4709,266,1840,2864,4938",627.8214721679688,,,,,0
18,k_proj,gptq,1024,5120,0,0.002025794982910156,0.0014873504638671874,37.863953692416544,0.045374788347825705,88.41471099853516,55.96604919433594,37.07596969604492,146.22689819335938,53.736236572265625,118.1663818359375,0.9211273789405823,37.83509826660156,0.4473467171192169,"2929,476,4267,2523,3245,3060,4311,4605,1320,4709,266,1226,1840,4938,2864,4263",627.8214721679688,,,,,0
18,v_proj,gptq,1024,5120,0,0.0020259857177734376,0.0014446258544921875,11.466385345663184,0.031616193834416564,33.68634796142578,25.270172119140625,13.949588775634766,40.780887603759766,15.877386093139648,29.82870864868164,0.9211273789405823,11.38860034942627,0.2815684974193573,"3442,2929,4267,1320,4311,4605,2523,266,2864,3060,476,1840,1226,1532,4709,4263",627.8214721679688,,,,,0
18,o_proj,gptq,5120,4096,0,0.0020979881286621095,0.0014376163482666016,53.64634199868942,0.03409675568617729,153.10702514648438,89.2715072631836,2.0982155799865723,6.276209354400635,1.4343864917755127,3.474885940551758,0.6786668300628662,53.52271270751953,0.03348172828555107,"274,146,3453,2546,2517,3347,2290,3396,2601,2162,402,2410,3434,3349,3412,3091",16.378259658813477,,,,,0
18,gate_proj,gptq,14336,5120,0,0.0020520755222865512,0.001447500501360212,144.42246653384063,0.023648466481976858,501.3931579589844,383.962890625,131.73275756835938,300.2313232421875,178.34567260742188,247.62591552734375,0.45535168051719666,144.22943115234375,0.16446302831172943,"4338,4605,4267,1702,4709,2342,3262,2646,3442,2929,4673,4101,2739,138,3268,5107",131.20803833007812,,,,,0
18,up_proj,gptq,14336,5120,0,0.0020434652056012833,0.0014547075544084822,136.64004371943884,0.01985333341024386,536.0732421875,410.7313232421875,143.52395629882812,308.70672607421875,175.52792358398438,255.3921661376953,0.45535168051719666,136.49307250976562,0.10880502313375473,"4605,4338,4267,1702,4709,2646,2342,3262,3442,4673,2929,4101,138,2739,5107,3379",131.20803833007812,,,,,0
18,down_proj,gptq,5120,14336,0,0.0020007405962262836,0.001439394269670759,226.8592725750441,0.03480806291610636,635.087646484375,403.0452575683594,5.774036884307861,12.25127124786377,8.212461471557617,11.153274536132812,0.9673678278923035,226.38430786132812,0.08657363057136536,"3710,10319,6532,5613,12204,14333,9528,5107,5514,13722,14137,13795,9053,13097,3610,4548",469.2933044433594,,,,,0
19,q_proj,gptq,4096,5120,0,0.0020447254180908205,0.0014700889587402344,68.95421155262738,0.03078108368557669,202.47793579101562,136.7061767578125,107.77499389648438,372.536865234375,142.3238525390625,308.0668640136719,0.9182410836219788,68.79383850097656,0.3494267761707306,"2929,476,3245,2523,4267,4311,3060,1226,4605,266,1320,4938,4709,1840,4263,1538",535.4846801757812,,,,,0
19,k_proj,gptq,1024,5120,0,0.002039527893066406,0.0014680862426757813,29.9574778546812,0.04419056041296375,70.34478759765625,44.17498779296875,37.562034606933594,133.73138427734375,55.88412094116211,108.4296875,0.9182410836219788,29.86275863647461,0.4258067011833191,"2929,476,3245,4267,2523,4311,3060,4605,1226,266,1320,4938,2864,4709,1840,4263",535.4846801757812,,,,,0
19,v_proj,gptq,1024,5120,0,0.002035713195800781,0.0014692306518554687,13.14107209094982,0.029170044457973172,40.02395248413086,27.442855834960938,20.92180633544922,54.83203887939453,24.433578491210938,39.65184020996094,0.9182410836219788,13.104864120483398,0.2349836528301239,"4267,2929,3442,4311,1320,476,4605,3060,2523,1226,1532,4709,2864,266,3212,5107",535.4846801757812,,,,,0
19,o_proj,gptq,5120,4096,0,0.002103281021118164,0.0014349460601806641,60.18657986918333,0.03381897052883075,183.15689086914062,101.04519653320312,1.8784329891204834,7.379552841186523,1.4463964700698853,3.2781858444213867,0.631018340587616,59.82207489013672,0.03481018543243408,"3063,611,995,2679,739,2935,2807,3909,4016,1593,3336,2989,3048,2717,2973,2792",29.81427574157715,,,,,0
19,gate_proj,gptq,14336,5120,0,0.002035985674176897,0.001444802965436663,147.07788197114132,0.023621553124773605,509.64013671875,383.51531982421875,139.99456787109375,315.73687744140625,190.43414306640625,245.07879638671875,0.40385711193084717,146.88748168945312,0.15436764061450958,"4338,4267,4605,1702,2342,4709,2646,3262,4673,3268,3548,4101,3379,138,5107,2929",136.93649291992188,,,,,0
19,up_proj,gptq,14336,5120,0,0.0020349093845912387,0.001450620378766741,138.8638563703862,0.020552300525097204,529.4879150390625,400.7161865234375,147.88348388671875,320.5472106933594,186.63076782226562,251.43028259277344,0.40385711193084717,138.80230712890625,0.10591454803943634,"4338,4267,4605,1702,2342,2646,4709,4673,3262,3548,3268,4101,3379,138,5107,2739",136.93649291992188,,,,,0
19,down_proj,gptq,5120,14336,0,0.0020014762878417967,0.0014387130737304687,223.4556827551569,0.03449291277934263,622.4194946289062,393.43511962890625,6.510626316070557,14.266194343566895,8.654848098754883,9.586368560791016,0.9146828651428223,223.29367065429688,0.10573853552341461,"7424,13942,10,8119,11634,555,7334,4711,6928,10162,12481,11635,3609,7977,11514,14152",295.5494079589844,,,,,0
20,q_proj,gptq,4096,5120,0,0.002032566070556641,0.0014818668365478515,66.37191482799244,0.028768710196149287,202.73451232910156,138.06394958496094,105.40289306640625,373.565185546875,142.75035095214844,304.3944091796875,0.8958019614219666,66.22284698486328,0.2979859411716461,"2929,3060,476,2523,3245,4267,4605,4311,1226,1320,4709,1532,266,4263,1840,4938",498.7958984375,,,,,0
20,k_proj,gptq,1024,5120,0,0.002043914794921875,0.0014812469482421875,28.220972237046226,0.037511247079340324,72.57707214355469,47.549617767333984,37.83177947998047,135.95657348632812,53.98655700683594,105.023681640625,0.8958019614219666,28.136581420898438,0.37702810764312744,"2929,3060,476,4267,2523,4311,4605,3245,1226,1320,1532,4709,4263,266,1840,4101",498.7958984375,,,,,0
20,v_proj,gptq,1024,5120,0,0.00204620361328125,0.0014600753784179688,11.569888503020593,0.028815734500492202,35.36308288574219,25.548877716064453,18.26327133178711,51.604278564453125,22.632713317871094,37.80982971191406,0.8958019614219666,11.536913871765137,0.2663305699825287,"3442,2929,4267,4311,3060,1320,1532,2523,4605,266,1226,476,4709,4101,4263,5107",498.7958984375,,,,,0
20,o_proj,gptq,5120,4096,0,0.002129983901977539,0.0014209270477294922,56.2326071360489,0.034380826287562956,157.558837890625,92.50186157226562,1.4898954629898071,5.329124450683594,1.3762158155441284,2.7309298515319824,0.6609815359115601,55.918434143066406,0.04065730422735214,"3966,4094,3710,3317,3838,193,321,1292,1359,449,1420,2996,1036,1164,3189,2949",24.999296188354492,,,,,0
20,gate_proj,gptq,14336,5120,0,0.0020399911063058037,0.0014422552926199777,146.7441238434493,0.022776756327921317,521.1876220703125,389.94561767578125,164.29798889160156,354.05694580078125,237.1692352294922,286.02044677734375,0.2887631058692932,146.5724334716797,0.1392820030450821,"4338,2342,4267,1702,4605,4709,4673,2646,107,3548,3357,3262,3268,4101,788,3379",123.33540344238281,,,,,0
20,up_proj,gptq,14336,5120,0,0.0020359311785016743,0.0014404841831752232,131.9183619992907,0.020168881658266653,508.82867431640625,383.66912841796875,162.77249145507812,339.6907043457031,215.39291381835938,276.1446533203125,0.2887631058692932,131.80862426757812,0.09538817405700684,"4338,4267,2342,1702,4605,4709,2646,4673,3548,107,3357,3268,4101,3262,788,3379",123.33540344238281,,,,,0
20,down_proj,gptq,5120,14336,0,0.0019945689610072546,0.0014224188668387277,209.75168342505822,0.03308252664833857,592.4341430664062,377.0391540527344,7.144091606140137,15.008082389831543,13.10824966430664,17.38945770263672,0.5313997864723206,209.55792236328125,0.1101473793387413,"4984,4013,769,11974,13151,4017,6664,9331,9058,2284,6186,7134,4920,11540,11276,7936",195.81712341308594,,,,,0
21,q_proj,gptq,4096,5120,0,0.002045440673828125,0.001496124267578125,73.56335563180619,0.03151081013730792,210.96243286132812,139.5028533935547,97.71054077148438,368.476806640625,138.62396240234375,289.0120544433594,0.8864887952804565,73.39236450195312,0.346477746963501,"2929,3060,2523,476,4267,4605,4311,1532,3442,3245,4709,1226,1320,2646,4101,3212",505.4539794921875,,,,,0
21,k_proj,gptq,1024,5120,0,0.002056312561035156,0.0014963150024414062,30.119106646743603,0.03998943628651656,74.56975555419922,48.87688064575195,35.07062911987305,135.057373046875,53.14483642578125,103.0215835571289,0.8864887952804565,30.02837562561035,0.39212796092033386,"2929,3060,2523,4267,4605,476,4311,4709,3245,1532,1226,1320,2646,4101,3212,4263",505.4539794921875,,,,,0
21,v_proj,gptq,1024,5120,0,0.00200653076171875,0.0014484405517578125,11.043749582247528,0.028242626598890826,33.995643615722656,23.52941131591797,15.531723022460938,45.227577209472656,20.118040084838867,34.21417236328125,0.8864887952804565,11.006507873535156,0.2674984931945801,"3442,2929,4267,4605,3060,1532,4101,2523,4311,4709,476,1320,2646,1226,2739,3212",505.4539794921875,,,,,0
21,o_proj,gptq,5120,4096,0,0.002104663848876953,0.00142974853515625,51.39361021928926,0.03220216531719251,149.78416442871094,90.43881225585938,1.5032730102539062,4.285464763641357,0.9015291929244995,1.966111421585083,0.7694834470748901,51.00457763671875,0.04413954168558121,"2561,2689,1223,1351,1095,1479,2945,3355,3227,2817,1220,2267,556,3748,1092,1251",21.603975296020508,,,,,0
21,gate_proj,gptq,14336,5120,0,0.0020356859479631695,0.0014400482177734375,143.34543621785815,0.021716743326791056,524.9932861328125,394.58624267578125,186.60891723632812,385.0034484863281,240.748779296875,286.33514404296875,0.4353674352169037,143.2657470703125,0.12817808985710144,"4338,4267,2342,1702,4605,2646,4709,4673,107,3548,3268,788,4101,3262,4616,417",109.21466827392578,,,,,0
21,up_proj,gptq,14336,5120,0,0.002037388937813895,0.0014314242771693638,126.18576625326659,0.019684951238392184,494.974853515625,373.1527099609375,178.36268615722656,356.951416015625,219.04103088378906,265.6469421386719,0.4353674352169037,126.10456848144531,0.08955381065607071,"4338,4267,2342,1702,4605,4709,4673,2646,107,3548,3268,4101,788,3262,4616,2739",109.21466827392578,,,,,0
21,down_proj,gptq,5120,14336,0,0.0020057541983468192,0.001421070098876953,196.56313961396586,0.031430554006949434,571.9993896484375,370.43682861328125,7.879347801208496,15.450366973876953,10.812691688537598,10.26645565032959,0.4161546230316162,196.48867797851562,0.10382834821939468,"6314,11702,10472,10103,11656,192,5466,11750,13765,10418,10894,13252,3327,2574,1455,9982",187.688232421875,,,,,0
22,q_proj,gptq,4096,5120,0,0.002032184600830078,0.0014883041381835937,65.32529326390068,0.028906271061723325,198.21493530273438,135.51846313476562,101.82723236083984,366.8866882324219,143.95895385742188,294.43475341796875,0.8666168451309204,65.12748718261719,0.2898736894130707,"2929,3060,4605,476,2523,3245,4267,4709,2646,1532,4311,1226,4101,1320,4338,4673",444.7839050292969,,,,,0
22,k_proj,gptq,1024,5120,0,0.0020399093627929688,0.00146026611328125,24.695666044843165,0.034239485995225284,66.88386535644531,44.30255889892578,34.66215515136719,130.32247924804688,50.86568832397461,97.82022857666016,0.8666168451309204,24.639062881469727,0.3572113811969757,"2929,3060,4605,476,2523,4267,4709,3245,2646,1532,4311,1226,4101,1320,4338,4849",444.7839050292969,,,,,0
22,v_proj,gptq,1024,5120,0,0.0020572662353515623,0.0015123367309570312,12.159037107076529,0.022834516355515207,43.03623580932617,33.01667404174805,21.538639068603516,61.45153045654297,26.515579223632812,45.70518112182617,0.8666168451309204,12.124460220336914,0.16864502429962158,"2929,4605,4267,3060,3442,4101,2646,4709,476,4849,2523,1532,1320,2739,4338,4311",444.7839050292969,,,,,0
22,o_proj,gptq,5120,4096,0,0.0021209716796875,0.0014398574829101562,67.23029493488866,0.0376292546365826,180.69488525390625,101.74659729003906,2.04931640625,5.03489875793457,1.4508087635040283,2.482809066772461,0.7618168592453003,66.91974639892578,0.040453605353832245,"2382,2254,1815,1687,2510,3054,2126,2670,3468,2926,2798,3084,249,2347,1133,760",52.60077667236328,,,,,0
22,gate_proj,gptq,14336,5120,0,0.002029337201799665,0.0014452389308384486,142.96618017831406,0.021301409818204855,531.1582641601562,400.0018005371094,215.01931762695312,434.760986328125,279.38446044921875,327.0281982421875,0.47300416231155396,142.8370361328125,0.12851470708847046,"4338,2342,4267,1702,4605,4709,107,4673,2646,3548,788,4616,2739,3268,4101,3262",102.50969696044922,,,,,0
22,up_proj,gptq,14336,5120,0,0.0020436831883021765,0.001426424298967634,123.30407283296518,0.019434609054930985,488.93902587890625,369.7630615234375,200.3133544921875,394.18536376953125,248.9120330810547,297.476318359375,0.47300416231155396,123.19329833984375,0.09200769662857056,"4338,4267,2342,4605,1702,4709,107,4673,2646,3548,788,3268,2739,4616,4101,402",102.50969696044922,,,,,0
22,down_proj,gptq,5120,14336,0,0.002000154767717634,0.0014233452933175223,201.35903798182517,0.03239770895457208,575.1611328125,369.74371337890625,9.590532302856445,18.83493995666504,13.023929595947266,13.122906684875488,0.7933670878410339,201.20223999023438,0.12208523601293564,"9589,10256,4898,5212,7525,1430,7042,14310,3270,9431,13329,10463,5264,210,13444,113",205.51283264160156,,,,,0
23,q_proj,gptq,4096,5120,0,0.0020313262939453125,0.0014831066131591798,63.27319225485371,0.02937999582776786,190.1658935546875,129.3975830078125,104.11437225341797,351.5115661621094,143.35345458984375,271.22796630859375,0.8495303988456726,63.10673904418945,0.29448196291923523,"2929,3060,2523,4605,4267,476,3245,2646,1532,1226,4101,4311,4709,1840,1320,4673",345.03424072265625,,,,,0
23,k_proj,gptq,1024,5120,0,0.00204010009765625,0.001476287841796875,27.340083019768826,0.04029043225702308,67.48745727539062,42.981475830078125,37.63355255126953,130.25167846679688,55.46018981933594,98.81501770019531,0.8495303988456726,27.21985626220703,0.38065868616104126,"2929,3060,4267,2523,4605,476,2646,1532,3245,4311,4101,1226,4709,1320,4673,5107",345.03424072265625,,,,,0
23,v_proj,gptq,1024,5120,0,0.002053642272949219,0.001480865478515625,12.876744877380759,0.02667085045569546,41.00749206542969,28.710861206054688,22.012832641601562,58.855777740478516,27.641647338867188,42.183349609375,0.8495303988456726,12.855995178222656,0.21992693841457367,"2929,3060,4605,4267,4101,1532,2646,4709,2523,4311,476,1226,5107,1320,1657,2739",345.03424072265625,,,,,0
23,o_proj,gptq,5120,4096,0,0.0021044731140136717,0.0014404296875,58.210913126742525,0.03349546869570971,172.63571166992188,99.38375091552734,1.8115220069885254,4.993648529052734,1.235465168952942,2.2034859657287598,0.7395123243331909,57.81111145019531,0.049679819494485855,"1144,1400,1272,1528,2129,2385,3644,3311,3183,2513,1794,1496,1104,2257,915,1049",38.267066955566406,,,,,0
23,gate_proj,gptq,14336,5120,0,0.002023165566580636,0.001433631352015904,142.26335604478209,0.02119174273876758,530.1806640625,397.8363037109375,228.0567626953125,459.1427001953125,293.158203125,345.57513427734375,0.46504682302474976,142.11090087890625,0.1323409229516983,"4338,2342,1702,4267,4709,107,4605,2646,4673,788,4616,3548,3268,4101,2929,2739",100.52375793457031,,,,,0
23,up_proj,gptq,14336,5120,0,0.0020431927272251673,0.0014318602425711497,125.248683009655,0.01952300021354826,495.0558776855469,373.7392578125,215.14077758789062,425.734375,265.00189208984375,320.02520751953125,0.46504682302474976,125.13778686523438,0.09736716002225876,"4338,2342,1702,4267,4605,107,4709,2646,4673,788,3548,4616,3268,4101,2739,2929",100.52375793457031,,,,,0
23,down_proj,gptq,5120,14336,0,0.0019960403442382812,0.0014189856392996653,208.34765340141712,0.03323737693534193,587.5855712890625,375.906494140625,11.604256629943848,23.34456443786621,15.186302185058594,15.26069450378418,0.7937533855438232,208.21185302734375,0.1254778653383255,"12841,1220,6579,10678,6573,10264,6105,1575,6784,4588,3911,9633,2701,14189,9950,6962",195.207275390625,,,,,0
24,q_proj,gptq,4096,5120,0,0.002034282684326172,0.0014886856079101562,66.24975154048207,0.029792602951781558,197.1829833984375,133.4937744140625,118.90151977539062,378.1174621582031,164.72470092773438,292.8006896972656,0.8588566184043884,66.08829498291016,0.32981613278388977,"2929,3060,2523,476,4605,4267,3245,4311,1532,2646,4101,1226,4709,1320,4673,3212",322.417236328125,,,,,0
24,k_proj,gptq,1024,5120,0,0.002024078369140625,0.0015338897705078126,26.81314036144454,0.03793756152408359,68.35234832763672,45.926361083984375,41.47200012207031,141.03005981445312,60.000099182128906,106.26947784423828,0.8588566184043884,26.81676483154297,0.38618186116218567,"2929,3060,476,2523,4267,4605,3245,1532,4311,2646,4709,4101,1226,1320,3212,2739",322.417236328125,,,,,0
24,v_proj,gptq,1024,5120,0,0.0020221710205078126,0.001462554931640625,11.102473045017746,0.022234669217794777,39.92512512207031,28.988893508911133,23.379329681396484,60.016334533691406,27.78860092163086,42.56740951538086,0.8588566184043884,11.085976600646973,0.17847734689712524,"2929,3060,4605,4267,2523,476,4101,2646,1532,4709,4311,1320,4673,1226,4849,2739",322.417236328125,,,,,0
24,o_proj,gptq,5120,4096,0,0.002112865447998047,0.001432514190673828,59.41414853526885,0.03383475306275412,167.88116455078125,99.28103637695312,2.160923957824707,6.310836315155029,1.8499715328216553,3.086395740509033,0.5748283863067627,59.201202392578125,0.044728513807058334,"488,104,722,1177,360,594,232,3083,589,73,978,717,3679,3058,4063,2674",44.88136291503906,,,,,0
24,gate_proj,gptq,14336,5120,0,0.002032879420689174,0.001438413347516741,140.49897153715898,0.020643508293443063,532.7774047851562,398.224853515625,248.59136962890625,496.45135498046875,318.341064453125,369.71063232421875,0.4928104281425476,140.38418579101562,0.12124268710613251,"4338,2342,1702,107,4709,788,4616,4267,4673,4605,3548,4262,3268,2646,417,4101",101.82645416259766,,,,,0
24,up_proj,gptq,14336,5120,0,0.0020404951913016185,0.0014176232474190848,122.02515932882795,0.019203942284281225,487.056396484375,367.036865234375,229.62661743164062,453.02008056640625,282.54840087890625,335.50146484375,0.4928104281425476,121.95341491699219,0.08945808559656143,"4338,2342,1702,107,4709,4616,788,4267,4673,4605,3548,3268,4262,2646,417,4101",101.82645416259766,,,,,0
24,down_proj,gptq,5120,14336,0,0.0020016261509486605,0.0014197758265904019,198.14291652969757,0.03174897707317273,569.7672119140625,366.42706298828125,12.207605361938477,25.147443771362305,15.497528076171875,15.365477561950684,0.8983206748962402,197.9888153076172,0.11843448877334595,"13151,8316,5345,11996,2043,12763,247,4330,90,86,919,9873,6265,9460,9530,12641",298.2413635253906,,,,,0
25,q_proj,gptq,4096,5120,0,0.002042865753173828,0.0014850616455078125,62.3534040293016,0.027860025798824874,194.10317993164062,134.30006408691406,122.64469909667969,385.76617431640625,165.354736328125,296.2474365234375,0.8619875311851501,62.177467346191406,0.2563716471195221,"2929,3060,2523,476,1532,4267,4605,2646,4101,3245,4709,4311,1226,4673,4849,1320",293.50738525390625,,,,,0
25,k_proj,gptq,1024,5120,0,0.0020341873168945312,0.0014867782592773438,25.681314867164474,0.03417805869462206,69.75651550292969,46.051475524902344,44.20594787597656,132.10733032226562,61.57191467285156,93.65340423583984,0.8619875311851501,25.62620735168457,0.31417375802993774,"2929,3060,2523,476,4267,1532,4605,4101,2646,4709,4311,3245,1226,2739,4673,4849",293.50738525390625,,,,,0
25,v_proj,gptq,1024,5120,0,0.0020229339599609373,0.001458740234375,12.029279218715601,0.025185637224141792,39.759178161621094,28.012928009033203,24.668384552001953,63.552520751953125,30.6241455078125,44.77751541137695,0.8619875311851501,11.996278762817383,0.19751784205436707,"2929,3060,1532,4267,4605,4101,2646,476,2523,4709,4849,2739,4311,4673,1320,5107",293.50738525390625,,,,,0
25,o_proj,gptq,5120,4096,0,0.0021283626556396484,0.0014324665069580078,52.04563429399059,0.030353111660831864,157.12649536132812,96.68167114257812,1.8744053840637207,5.012777805328369,1.9881869554519653,2.402822732925415,0.6087200045585632,51.866214752197266,0.04821258410811424,"868,2145,1200,996,1328,880,1072,612,2529,2401,624,740,1008,1456,2273,863",52.03496170043945,,,,,0
25,gate_proj,gptq,14336,5120,0,0.002047034672328404,0.0014288902282714843,139.02492938464275,0.020184432305446077,536.0013427734375,402.43609619140625,266.27392578125,530.836181640625,331.84637451171875,377.69696044921875,0.4591754972934723,138.8514404296875,0.1093968003988266,"4338,1702,107,4616,2342,4267,788,4709,4605,3548,4262,4673,3268,2646,417,2929",89.93510437011719,,,,,0
25,up_proj,gptq,14336,5120,0,0.002034773145403181,0.0014267104012625558,119.69577604118967,0.018980715706885327,482.09613037109375,364.10980224609375,241.76075744628906,476.1253662109375,291.439697265625,338.6626281738281,0.4591754972934723,119.58782958984375,0.08265040069818497,"4338,1702,107,4616,2342,4267,788,4709,4605,3548,4673,4262,3268,2646,417,2929",89.93510437011719,,,,,0
25,down_proj,gptq,5120,14336,0,0.0020000594002859934,0.0014193126133510044,204.72745427841392,0.03292466343710313,573.9609375,365.20660400390625,13.36583423614502,27.58992576599121,17.100635528564453,16.445032119750977,0.7250441908836365,204.62301635742188,0.15686988830566406,"13243,11575,2918,10707,13553,5380,9949,12699,10879,3760,12779,8168,1670,1864,5349,10455",196.40475463867188,,,,,0
26,q_proj,gptq,4096,5120,0,0.0020366191864013674,0.0014828205108642577,62.80721291102236,0.0285097202063746,192.22601318359375,131.30508422851562,120.73995971679688,371.49200439453125,163.4853515625,287.8650207519531,0.853726327419281,62.722251892089844,0.23459561169147491,"2929,3060,2523,1532,476,4605,4101,4267,2646,4311,3245,1226,4709,2739,1840,4849",257.16448974609375,,,,,0
26,k_proj,gptq,1024,5120,0,0.002034759521484375,0.0015005111694335938,26.597827216479345,0.03774596931867356,68.04753875732422,43.8223762512207,43.6597785949707,140.00543212890625,63.08342742919922,105.01934814453125,0.853726327419281,26.570228576660156,0.3195416033267975,"2929,3060,476,2523,1532,4605,2646,4101,4267,4311,4709,1226,3245,2739,4849,4673",257.16448974609375,,,,,0
26,v_proj,gptq,1024,5120,0,0.0020153045654296873,0.0014392852783203125,14.97439100570864,0.029771716255370402,44.35624694824219,30.43643569946289,27.791641235351562,69.44188690185547,36.240684509277344,48.804412841796875,0.853726327419281,14.963775634765625,0.19528745114803314,"4101,1532,2929,4267,4605,2646,2739,3060,4849,1657,3442,4790,5107,1320,3371,3379",257.16448974609375,,,,,0
26,o_proj,gptq,5120,4096,0,0.0021240234375,0.001425313949584961,58.34198232540257,0.03280957593775044,165.785400390625,101.64460754394531,1.6999733448028564,3.717681646347046,1.1403248310089111,1.4916177988052368,0.65117347240448,58.17681884765625,0.05051759257912636,"3338,3736,589,3082,1380,1332,973,1076,3608,2054,3466,617,3992,821,1001,2310",23.10772705078125,,,,,0
26,gate_proj,gptq,14336,5120,0,0.0020233563014439176,0.001427595955984933,135.97137630328734,0.01947691484680631,538.023681640625,406.0376281738281,291.83673095703125,568.6403198242188,357.2218017578125,399.15191650390625,0.4476109445095062,135.75201416015625,0.10218781232833862,"4338,4616,107,1702,788,2342,4709,3548,4605,4262,4267,2646,4673,3268,417,2929",81.56900787353516,,,,,0
26,up_proj,gptq,14336,5120,0,0.002044555119105748,0.0014197758265904019,115.2120232087168,0.018428150519364795,473.93963623046875,360.3461608886719,259.65789794921875,501.1541748046875,308.55731201171875,350.052734375,0.4476109445095062,115.12804412841797,0.07816915959119797,"4338,4616,107,1702,788,2342,4709,4605,3548,4267,4262,2646,4673,3268,2929,417",81.56900787353516,,,,,0
26,down_proj,gptq,5120,14336,0,0.001994882311139788,0.0014189992632184709,190.28100612969683,0.030768688447887615,555.3001708984375,359.73858642578125,13.776144981384277,27.216392517089844,16.288515090942383,13.976055145263672,0.8055853247642517,190.27523803710938,0.11539965867996216,"1925,9658,5248,12119,8969,7069,14207,13406,2889,5166,9316,2385,5022,12052,5155,8696",267.526611328125,,,,,0
27,q_proj,gptq,4096,5120,0,0.002029275894165039,0.0014875411987304687,56.66080879638321,0.026704076585551892,181.1595458984375,127.21983337402344,129.20664978027344,381.5302734375,171.4325408935547,288.7955322265625,0.875203013420105,56.56816101074219,0.2252281904220581,"2929,3060,2646,2523,1532,4267,3245,4605,476,1226,4101,4709,4849,4311,4673,2739",269.2547607421875,,,,,0
27,k_proj,gptq,1024,5120,0,0.002017784118652344,0.0014646530151367187,21.92171503561258,0.03198192625652035,62.10752487182617,42.060829162597656,44.7518196105957,134.64260864257812,60.990867614746094,99.44962310791016,0.875203013420105,21.896696090698242,0.2785358428955078,"2929,3060,2646,2523,1532,476,4267,4605,4101,3245,4709,1226,4311,4849,4673,1657",269.2547607421875,,,,,0
27,v_proj,gptq,1024,5120,0,0.0020153045654296873,0.0014804840087890626,13.749016758126345,0.02504570106239948,45.534297943115234,33.49346160888672,32.20753860473633,78.3596420288086,40.47694778442383,55.31884765625,0.875203013420105,13.697271347045898,0.15716125071048737,"2646,4267,4101,1532,4849,2929,3060,4605,2739,1657,4709,138,4673,646,5107,402",269.2547607421875,,,,,0
27,o_proj,gptq,5120,4096,0,0.002122783660888672,0.0014467716217041015,59.656011172308354,0.03212876563228844,169.89892578125,105.08853912353516,1.330582857131958,3.4825878143310547,1.064407467842102,1.4608571529388428,0.7228613495826721,59.625308990478516,0.03143950179219246,"1386,1130,1258,1514,1209,2600,2595,1465,2660,3044,2562,2666,1236,2589,1199,1492",32.23563003540039,,,,,0
27,gate_proj,gptq,14336,5120,0,0.0020320756094796316,0.0014368602207728795,134.23625891574193,0.019002825877206624,541.537353515625,411.4071044921875,317.53759765625,607.6834106445312,384.42034912109375,424.82000732421875,0.43803897500038147,134.14300537109375,0.09721755981445312,"4616,4338,107,1702,788,2342,4605,4709,4262,3548,4267,4673,2646,3268,2929,4101",74.37715148925781,,,,,0
27,up_proj,gptq,14336,5120,0,0.002035454341343471,0.0014210019792829241,112.42388657131232,0.01805863568743022,470.068603515625,359.68768310546875,278.27130126953125,526.8787231445312,327.4324645996094,368.59942626953125,0.43803897500038147,112.35126495361328,0.07393109053373337,"4616,4338,107,1702,788,2342,4605,4709,4267,4262,3548,4673,2646,3268,4101,2929",74.37715148925781,,,,,0
27,down_proj,gptq,5120,14336,0,0.0019953863961356027,0.0014136178152901785,189.27367360413882,0.03065301047209796,553.4556884765625,359.19677734375,14.78348159790039,28.44339370727539,17.346622467041016,15.251675605773926,0.5048309564590454,189.2079620361328,0.12040355056524277,"13096,3160,10737,1623,12564,13883,11151,10972,2714,11970,10258,13840,12783,11217,11136,13902",141.51463317871094,,,,,0
28,q_proj,gptq,4096,5120,0,0.002015829086303711,0.0014790058135986327,69.89612577572643,0.03158253371743953,200.62088012695312,133.3487091064453,135.94903564453125,447.10028076171875,182.0292205810547,343.069580078125,0.8508853316307068,69.7335433959961,0.28293561935424805,"2929,3060,1532,4267,4101,2523,2646,476,4605,4311,1657,4709,3245,4849,2739,1226",273.13421630859375,,,,,0
28,k_proj,gptq,1024,5120,0,0.0020538330078125,0.001457977294921875,28.39609030279098,0.0413801027437866,68.95955657958984,43.290496826171875,48.451202392578125,161.7466583251953,68.42437744140625,121.08631896972656,0.8508853316307068,28.267017364501953,0.36126264929771423,"2929,3060,1532,4267,2523,2646,4101,476,4605,4311,4849,1657,4709,2739,4673,5107",273.13421630859375,,,,,0
28,v_proj,gptq,1024,5120,0,0.0020490646362304687,0.0015172958374023438,17.533598176571672,0.032038330450176476,49.75262451171875,34.79403305053711,33.68836975097656,94.34213256835938,42.383182525634766,64.09400177001953,0.8508853316307068,17.462425231933594,0.25233832001686096,"1532,4101,4267,2646,2929,3060,4849,2739,1657,402,4790,5107,4605,3379,646,3314",273.13421630859375,,,,,0
28,o_proj,gptq,5120,4096,0,0.002101707458496094,0.0014399051666259765,61.89750512660248,0.03340360344198738,181.2878875732422,105.82456970214844,2.54489803314209,5.945279121398926,1.907220721244812,2.6101064682006836,0.7853205800056458,61.53996276855469,0.054068971425294876,"3450,3322,3578,2135,2263,2391,1355,3194,2519,3271,1701,3941,3813,4069,1299,4087",31.66558265686035,,,,,0
28,gate_proj,gptq,14336,5120,0,0.0020289693559919085,0.0014394487653459822,129.59481602578308,0.018467904842364928,533.736572265625,407.8406677246094,337.7664489746094,641.3232421875,386.89239501953125,424.6641845703125,0.41916266083717346,129.48214721679688,0.09505034238100052,"4338,4616,107,1702,4605,2342,788,4709,4262,4267,3548,3268,4673,2646,2929,417",71.9383316040039,,,,,0
28,up_proj,gptq,14336,5120,0,0.0020446641104561944,0.0014182499476841518,110.10740113051725,0.01754898853722416,469.97137451171875,361.124267578125,300.11041259765625,563.3919677734375,334.1180114746094,374.36181640625,0.41916266083717346,109.97412872314453,0.07185478508472443,"4338,4616,107,1702,2342,4605,788,4709,4262,4267,3548,3268,4673,2646,1625,2929",71.9383316040039,,,,,0
28,down_proj,gptq,5120,14336,0,0.00200127192905971,0.0014228957039969308,191.79001095796684,0.030714126051118024,559.982177734375,362.8377990722656,17.026159286499023,32.04435348510742,18.05324935913086,15.08912181854248,0.8717766404151917,191.80677795410156,0.13684789836406708,"1601,4136,6867,9168,2805,3480,8513,12486,314,8076,9065,4940,12902,595,4933,9550",250.28176879882812,,,,,0
29,q_proj,gptq,4096,5120,0,0.002034711837768555,0.001495218276977539,61.70181714974751,0.030672555080612594,181.14463806152344,123.3600845336914,133.362548828125,406.33984375,168.09573364257812,304.1064758300781,0.8626419901847839,61.607994079589844,0.2614338994026184,"2929,3060,2523,4267,1532,476,4311,4605,2646,3245,4709,4101,1226,2739,1657,5107",239.82241821289062,,,,,0
29,k_proj,gptq,1024,5120,0,0.002037811279296875,0.001483154296875,24.571808297985626,0.04114967448028103,60.108673095703125,39.28948211669922,46.208763122558594,137.9366455078125,61.78602600097656,96.76933288574219,0.8626419901847839,24.495227813720703,0.3373050391674042,"2929,3060,2523,1532,476,4267,2646,4311,4605,4101,4709,2739,1226,5107,3245,4790",239.82241821289062,,,,,0
29,v_proj,gptq,1024,5120,0,0.0020565032958984376,0.0015277862548828125,19.468911357642583,0.027907653226871432,60.198177337646484,44.3765869140625,43.69593811035156,109.68753814697266,51.00566864013672,75.5413589477539,0.8626419901847839,19.4454345703125,0.16868983209133148,"4267,2646,4101,4790,4849,2739,402,2929,1657,3379,5107,3371,3314,1532,98,4605",239.82241821289062,,,,,0
29,o_proj,gptq,5120,4096,0,0.0021326541900634766,0.00146484375,66.10630925985606,0.03237570331358308,188.28280639648438,114.38552856445312,2.747293472290039,6.983633041381836,1.7837271690368652,2.9588253498077393,0.6518243551254272,65.95939636230469,0.040233589708805084,"748,1004,876,620,569,623,1074,879,532,530,580,632,559,572,953,548",43.606964111328125,,,,,0
29,gate_proj,gptq,14336,5120,0,0.002030876704624721,0.0014382089887346541,128.26134359595017,0.01809477172570717,535.4058837890625,409.45892333984375,363.79913330078125,678.544921875,413.5435791015625,452.0600280761719,0.41571342945098877,128.12550354003906,0.09649349749088287,"4616,4338,107,1702,2342,788,4605,3548,4262,4709,4267,4673,3268,2646,2929,417",70.2693862915039,,,,,0
29,up_proj,gptq,14336,5120,0,0.0020339557102748325,0.0014169011797223773,108.74228577704343,0.017276498057953834,469.57208251953125,361.6012878417969,322.0527648925781,595.0819702148438,356.82861328125,394.4112243652344,0.41571342945098877,108.60570526123047,0.07322347909212112,"4616,4338,107,1702,2342,788,4605,3548,4262,4709,4267,4673,3268,2646,2929,417",70.2693862915039,,,,,0
29,down_proj,gptq,5120,14336,0,0.002001176561628069,0.0014268738882882255,185.62043283952244,0.029642286589961667,553.49462890625,362.216796875,17.947372436523438,33.738075256347656,18.713241577148438,15.460415840148926,0.4711039364337921,185.554931640625,0.10753986984491348,"7748,9329,4879,13160,7532,12293,13652,9875,4424,10980,1547,11211,5179,3378,4469,785",58.66762924194336,,,,,0
30,q_proj,gptq,4096,5120,0,0.002036762237548828,0.0014953136444091797,55.548861849092646,0.02676856106999395,177.61093139648438,125.39420318603516,140.71473693847656,392.51641845703125,176.38693237304688,293.4400939941406,0.8721814751625061,55.42090606689453,0.22320649027824402,"2929,3060,2646,2523,4267,1532,4101,476,4605,3245,4311,2739,4709,4849,1226,402",208.0146026611328,,,,,0
30,k_proj,gptq,1024,5120,0,0.0020338058471679687,0.001497650146484375,23.41067394644051,0.03549202623520362,62.26105499267578,43.75889587402344,50.539791107177734,140.5182647705078,68.18548583984375,97.8388671875,0.8721814751625061,23.348541259765625,0.307259738445282,"2929,3060,4267,2523,2646,1532,4605,4101,476,4311,4709,4849,2739,3245,1657,402",208.0146026611328,,,,,0
30,v_proj,gptq,1024,5120,0,0.002050018310546875,0.0015300750732421876,14.253430147229665,0.02305624744236988,50.07939910888672,37.05166244506836,38.84296417236328,94.58576965332031,44.86757278442383,65.8528823852539,0.8721814751625061,14.217757225036621,0.15258833765983582,"4267,2929,2646,4101,3060,1532,4605,2739,4849,402,4709,1657,4790,5107,3371,2523",208.0146026611328,,,,,0
30,o_proj,gptq,5120,4096,0,0.002126646041870117,0.0014540195465087891,63.33912559550572,0.032291903300832966,181.1209259033203,112.09932708740234,1.8944768905639648,4.441664695739746,2.1439480781555176,2.6855549812316895,0.7233339548110962,63.03688049316406,0.0517076812684536,"452,509,3034,635,3318,3322,3310,196,3305,3231,3234,3244,3914,324,891,3243",168.33885192871094,,,,,0
30,gate_proj,gptq,14336,5120,0,0.0020223753792898997,0.0014384814671107701,127.15440299513284,0.017783426960597905,538.6715698242188,417.120361328125,392.08380126953125,733.8992919921875,427.613525390625,472.496337890625,0.4006563723087311,127.07963562011719,0.09728748351335526,"4616,4338,107,4605,1702,788,3548,4709,2342,4267,2646,4262,3268,4673,2929,4101",72.9209976196289,,,,,0
30,up_proj,gptq,14336,5120,0,0.0020323072160993304,0.0014147894723074777,107.3070663237304,0.01695798514889684,470.9035949707031,365.64166259765625,345.69720458984375,638.802490234375,367.1378173828125,414.1632995605469,0.4006563723087311,107.20823669433594,0.07384771853685379,"4616,4338,107,4605,1702,788,3548,4709,2342,4267,4262,2646,3268,4673,2929,4101",72.9209976196289,,,,,0
30,down_proj,gptq,5120,14336,0,0.002002525329589844,0.0014181409563337054,197.27204204051304,0.03135160457561557,569.1392822265625,366.73809814453125,19.985557556152344,37.640289306640625,19.71084213256836,17.168251037597656,0.5005659461021423,197.25503540039062,0.11675974726676941,"774,6609,11759,5491,4238,3932,12699,13636,9400,444,2159,6325,12902,13656,6071,3461",62.13624954223633,,,,,0
31,q_proj,gptq,4096,5120,0,0.0020485401153564455,0.0014934062957763672,61.179899052025576,0.029252907398849504,184.67819213867188,126.90306091308594,128.12603759765625,400.09124755859375,159.60581970214844,292.6356201171875,0.8540643453598022,61.049072265625,0.25718921422958374,"2929,4267,3060,2523,2646,1532,4101,4709,4605,476,4849,2739,4311,1657,1840,3212",214.0747528076172,,,,,0
31,k_proj,gptq,1024,5120,0,0.0020320892333984377,0.0015165328979492188,25.062904898630222,0.03937088314298854,62.746368408203125,41.87977981567383,45.240081787109375,139.22840881347656,59.76026916503906,97.73773956298828,0.8540643453598022,25.012466430664062,0.3511202931404114,"2929,3060,2523,2646,1532,4267,476,4709,4605,4101,2739,4311,4849,402,1320,1657",214.0747528076172,,,,,0
31,v_proj,gptq,1024,5120,0,0.0020221710205078126,0.0014875411987304687,18.60809423542196,0.028939735106457722,56.302127838134766,41.88418960571289,38.855918884277344,106.72645568847656,45.43758010864258,70.40066528320312,0.8540643453598022,18.569990158081055,0.22963401675224304,"4267,2929,2646,1532,3060,4101,2739,4605,4849,4709,2523,1657,1320,402,3314,4311",214.0747528076172,,,,,0
31,o_proj,gptq,5120,4096,0,0.0021198272705078127,0.0014648914337158203,65.66752000982615,0.03322104143274846,187.96902465820312,113.495849609375,3.839996337890625,10.655523300170898,2.0187835693359375,3.4011569023132324,0.5732463598251343,65.56732177734375,0.04352623224258423,"1852,542,670,798,926,2750,2878,3996,3006,2582,2966,3987,3612,3603,4075,3859",27.822420120239258,,,,,0
31,gate_proj,gptq,14336,5120,0,0.0020232745579310827,0.001439258030482701,125.12772373704229,0.017704017280651962,531.7659912109375,409.7144775390625,406.6515197753906,770.36767578125,444.6256103515625,494.5260314941406,0.4157065451145172,125.03506469726562,0.10267657041549683,"4616,4338,107,4605,1702,2342,4709,4267,4262,788,3548,3268,2646,4673,2929,417",82.3277359008789,,,,,0
31,up_proj,gptq,14336,5120,0,0.002032838548932757,0.001424407958984375,107.96903247079354,0.016853006415450303,475.43011474609375,369.01416015625,366.8733825683594,687.4902954101562,390.01739501953125,442.86102294921875,0.4157065451145172,107.91217041015625,0.07838000357151031,"4616,4338,107,1702,4605,2342,4709,4267,788,3548,4262,3268,2646,4673,2929,417",82.3277359008789,,,,,0
31,down_proj,gptq,5120,14336,0,0.001995359148297991,0.0014289311000279018,199.32702786177788,0.031215537463677823,576.8505859375,371.3201904296875,23.250139236450195,43.942100524902344,21.423938751220703,19.344478607177734,0.823952317237854,199.39273071289062,0.10100607573986053,"9355,7854,9384,8288,10556,9625,10910,8475,558,1593,11025,7062,9433,4280,13661,1596",168.15731811523438,,,,,0
32,q_proj,gptq,4096,5120,0,0.0020337581634521486,0.0014785289764404296,58.4199702544538,0.029633301468913686,175.5140380859375,121.2883529663086,137.9625244140625,389.44061279296875,166.91546630859375,281.2222900390625,0.8690950274467468,58.30004119873047,0.23800690472126007,"2929,3060,1532,2523,4267,476,4101,4311,2646,2739,3245,4709,1226,4605,4849,1657",214.26351928710938,,,,,0
32,k_proj,gptq,1024,5120,0,0.002045440673828125,0.001483154296875,22.51509252654705,0.04190561788153,54.728546142578125,36.91856384277344,45.011940002441406,129.5484161376953,59.075340270996094,89.52059936523438,0.8690950274467468,22.467336654663086,0.33806532621383667,"2929,3060,2523,1532,4101,476,2646,4267,4709,4311,2739,3245,1226,4605,4849,1657",214.26351928710938,,,,,0
32,v_proj,gptq,1024,5120,0,0.0020050048828125,0.0015041351318359375,21.160249491419677,0.02678936269197878,67.35823059082031,50.62596893310547,52.12317657470703,128.85801696777344,57.69883728027344,84.16149139404297,0.8690950274467468,21.11566162109375,0.16835369169712067,"2739,4849,4790,4101,4267,402,1657,5107,2646,3314,98,4605,2929,3371,1532,138",214.26351928710938,,,,,0
32,o_proj,gptq,5120,4096,0,0.0021238327026367188,0.001465177536010742,74.54824357697225,0.03357783058577345,211.49563598632812,126.00717163085938,3.048422336578369,8.44498348236084,1.6976724863052368,2.2604212760925293,0.7907373309135437,74.47019958496094,0.05566485971212387,"1837,1581,1709,2819,2868,2876,2860,2829,2919,2878,2877,2824,2884,1472,2858,1965",159.37966918945312,,,,,0
32,gate_proj,gptq,14336,5120,0,0.0020277159554617746,0.001430102757045201,123.7660726929189,0.01764018411465646,528.670654296875,410.1811218261719,421.76556396484375,808.5535888671875,453.8637390136719,514.658935546875,0.41788601875305176,123.58366394042969,0.1057964339852333,"4616,4338,107,4605,2342,1702,4709,4267,3548,2646,788,3268,4262,4673,3387,2929",85.47776794433594,,,,,0
32,up_proj,gptq,14336,5120,0,0.002036653246198382,0.00143280029296875,108.59987825003475,0.016699298838418412,482.4742431640625,375.93524169921875,388.1727294921875,739.1952514648438,404.4293212890625,469.5189208984375,0.41788601875305176,108.50811767578125,0.08070232719182968,"4616,4338,107,4605,2342,1702,4709,4267,2646,3548,788,3268,4262,4673,3387,4101",85.47776794433594,,,,,0
32,down_proj,gptq,5120,14336,0,0.001997729710170201,0.001436138153076172,214.30272820346443,0.033074419281321356,598.9637451171875,378.8553771972656,27.08971405029297,52.07384490966797,24.190196990966797,22.715904235839844,0.6216254234313965,214.3412628173828,0.1232193186879158,"10142,156,8483,7300,13892,1799,14069,270,7492,11889,3602,9298,802,13763,785,10214",84.37095642089844,,,,,0
33,q_proj,gptq,4096,5120,0,0.002041149139404297,0.0014805793762207031,62.438801942371356,0.031204887955669187,180.9850616455078,126.30352783203125,143.65225219726562,439.8135986328125,180.57699584960938,321.3089904785156,0.8751338720321655,62.274620056152344,0.293536901473999,"2929,3060,2523,1532,2646,4101,4267,4709,476,4849,4311,2739,3245,4605,402,1657",263.45111083984375,,,,,0
33,k_proj,gptq,1024,5120,0,0.002032470703125,0.0014804840087890626,23.688222282231436,0.04068437194724827,58.27494812011719,40.65868377685547,47.87276077270508,152.71217346191406,63.04331970214844,108.89004516601562,0.8751338720321655,23.66278076171875,0.3880639672279358,"2929,3060,1532,4267,2646,2523,4709,476,4101,4311,2739,4849,3379,1657,3245,4605",263.45111083984375,,,,,0
33,v_proj,gptq,1024,5120,0,0.0020763397216796873,0.0015272140502929688,14.206972052206766,0.019545309859575075,56.10376739501953,42.284332275390625,41.69869613647461,117.05427551269531,43.05012130737305,76.7867660522461,0.8751338720321655,14.195646286010742,0.17556408047676086,"2929,3060,1532,2646,4709,4267,4101,2523,476,2739,4311,4849,402,1657,3379,4605",263.45111083984375,,,,,0
33,o_proj,gptq,5120,4096,0,0.002110862731933594,0.0014837265014648437,64.33887011963125,0.030831083036331287,194.4051513671875,118.75631713867188,4.243592262268066,9.745101928710938,2.9866878986358643,4.68479061126709,0.8013210892677307,64.19908142089844,0.06362688541412354,"2035,2255,2860,1598,2732,1907,2511,1854,1651,1779,1726,2127,2604,2988,1982,2383",52.75993728637695,,,,,0
33,gate_proj,gptq,14336,5120,0,0.002037675040108817,0.0014356340680803572,124.12945903446962,0.018026758366425814,522.13916015625,403.1982421875,427.4283142089844,830.125,449.93310546875,521.8526000976562,0.440461128950119,123.93299865722656,0.11580099910497665,"4338,4616,107,2342,4605,1702,3548,4267,788,4709,2646,3268,4262,4673,3387,417",92.54938507080078,,,,,0
33,up_proj,gptq,14336,5120,0,0.0020333698817661832,0.001419830322265625,111.92792397941957,0.016889275283407487,492.7314147949219,382.8109130859375,407.161376953125,780.4710693359375,414.6521911621094,493.7811584472656,0.440461128950119,111.82887268066406,0.08640561997890472,"4616,4338,107,2342,1702,4605,3548,4267,788,3268,2646,4709,4262,4673,3387,417",92.54938507080078,,,,,0
33,down_proj,gptq,5120,14336,0,0.002006449018205915,0.0014420509338378905,221.88176685472354,0.03354771459609413,615.9730224609375,386.869140625,32.41388702392578,62.89423751831055,27.254838943481445,26.248220443725586,0.9372751116752625,221.93089294433594,0.11925211548805237,"9002,6471,317,11919,5830,4087,9573,958,7283,1608,2756,4788,7315,13526,3952,4870",399.19305419921875,,,,,0
34,q_proj,gptq,4096,5120,0,0.0020363330841064453,0.0014875411987304687,64.29130243528925,0.03645071567513097,169.89208984375,110.42265319824219,137.52099609375,421.2996826171875,170.73529052734375,311.4680480957031,0.8735290765762329,64.08503723144531,0.2758888304233551,"2929,1532,4267,2523,4311,4101,476,2739,2646,402,3060,4605,4709,4849,1657,5107",227.00306701660156,,,,,0
34,k_proj,gptq,1024,5120,0,0.0020620346069335936,0.0014612197875976563,24.06301491423983,0.05982381249904674,48.93531036376953,29.23657989501953,43.63422393798828,130.64340209960938,58.87883758544922,93.55126953125,0.8735290765762329,23.990467071533203,0.3805057406425476,"2929,1532,4267,2523,476,3060,4311,4101,2739,4605,2646,402,5107,4849,4709,1657",227.00306701660156,,,,,0
34,v_proj,gptq,1024,5120,0,0.0020229339599609373,0.0014688491821289063,38.348850572743686,0.03405828790749833,104.7415771484375,75.19096374511719,84.25517272949219,207.64576721191406,93.89276123046875,136.21383666992188,0.8735290765762329,38.2014045715332,0.20638638734817505,"402,2739,5107,4849,4790,4267,1657,4101,98,3379,3314,4416,3304,3371,2646,5044",227.00306701660156,,,,,0
34,o_proj,gptq,5120,4096,0,0.002120208740234375,0.00149688720703125,85.95647623136938,0.03395936854570235,244.92742919921875,143.7265625,7.340302467346191,18.894372940063477,4.093918800354004,6.598128795623779,0.8232779502868652,85.67469787597656,0.050836991518735886,"4016,3888,3632,3760,429,2511,173,3243,3088,2383,2255,1296,3491,3926,2127,301",31.906469345092773,,,,,0
34,gate_proj,gptq,14336,5120,0,0.0020293235778808595,0.001427391597202846,122.75429522985178,0.017863655451590674,520.3458251953125,402.7291564941406,445.4906921386719,884.330078125,470.31085205078125,568.175048828125,0.501520037651062,122.65145111083984,0.12143682688474655,"4338,4616,107,4605,2342,3548,4709,3268,4267,2646,1702,788,4262,417,4673,3387",113.71569061279297,,,,,0
34,up_proj,gptq,14336,5120,0,0.002027252742222377,0.001434680393763951,112.397080338872,0.016777510358448388,497.356201171875,386.61968994140625,429.67510986328125,842.0490112304688,436.326171875,538.327880859375,0.501520037651062,112.29766845703125,0.0924077108502388,"4338,4616,107,4605,2342,4709,3548,3268,4267,1702,788,2646,4262,417,4673,3387",113.71569061279297,,,,,0
34,down_proj,gptq,5120,14336,0,0.0019984926496233258,0.0014391490391322545,229.33835386178362,0.03440175170433533,627.2283325195312,390.511962890625,36.42272186279297,74.30107116699219,31.377239227294922,34.35939407348633,0.6090267896652222,229.20840454101562,0.10872016102075577,"8715,9900,3579,12503,14110,4020,3163,10495,14260,1363,82,9716,3858,12893,4968,14076",83.0468521118164,,,,,0
35,q_proj,gptq,4096,5120,0,0.0020360469818115233,0.0014771461486816407,52.181145007372834,0.028238298106385857,161.67437744140625,114.18441772460938,141.08090209960938,403.3653869628906,163.0338897705078,292.7237854003906,0.8861883878707886,51.998287200927734,0.2290268987417221,"2929,1532,3060,2523,2646,2739,4267,4709,476,4311,4605,4101,3245,402,5107,1226",194.4795379638672,,,,,0
35,k_proj,gptq,1024,5120,0,0.0020463943481445314,0.0014947891235351563,18.493204928774503,0.03602284278621453,48.945194244384766,34.203189849853516,44.14228057861328,127.97468566894531,53.725868225097656,87.74034881591797,0.8861883878707886,18.438434600830078,0.3044075667858124,"2929,1532,3060,476,4311,2646,2523,4267,4101,4709,2739,4605,5107,3245,1226,402",194.4795379638672,,,,,0
35,v_proj,gptq,1024,5120,0,0.002032470703125,0.0014781951904296875,27.166649526552646,0.02663494871260987,86.89103698730469,66.81275177001953,75.33137512207031,191.3450469970703,79.97887420654297,123.2145004272461,0.8861883878707886,27.089200973510742,0.1663963347673416,"2739,4101,402,5107,4267,2646,4790,4849,1657,1532,3314,98,3060,3379,4416,3371",194.4795379638672,,,,,0
35,o_proj,gptq,5120,4096,0,0.002152681350708008,0.001501178741455078,83.16741461651253,0.03346016562715886,239.21673583984375,140.89715576171875,6.084921836853027,16.82903480529785,5.064761161804199,8.018824577331543,0.8327933549880981,82.9550552368164,0.03616181015968323,"786,530,1209,171,30,914,1465,1337,3816,1216,1472,3424,282,1369,1346,1218",33.26106262207031,,,,,0
35,gate_proj,gptq,14336,5120,0,0.002025726863316127,0.0014276368277413504,122.67595666204579,0.01786687936907262,520.5196533203125,404.80169677734375,464.243408203125,965.55419921875,494.31048583984375,629.5592041015625,0.4924609959125519,122.4593505859375,0.13008378446102142,"4338,107,4616,4605,4709,2646,3268,3548,2342,4267,788,4262,2929,1702,4673,417",131.18157958984375,,,,,0
35,up_proj,gptq,14336,5120,0,0.0020417077200753347,0.001442936488560268,114.64689557411475,0.016735995257390453,509.07733154296875,396.71234130859375,458.100830078125,940.0181884765625,468.97515869140625,612.90234375,0.4924609959125519,114.53684997558594,0.09930668771266937,"4338,107,4616,4605,2646,4709,3268,3548,2342,4267,788,4262,2929,1702,4673,417",131.18157958984375,,,,,0
35,down_proj,gptq,5120,14336,0,0.0019959586007254463,0.0014493806021554129,241.0879209849545,0.03557746375009246,647.5245361328125,397.9925842285156,44.51295852661133,116.05577850341797,39.010833740234375,56.60110855102539,0.8552348017692566,240.7760009765625,0.14337657392024994,"13170,12010,4416,9563,11883,6382,6095,1960,13320,6312,8701,14133,13307,12876,13003,6620",1821.9757080078125,,,,,0
36,q_proj,gptq,4096,5120,0,0.0020303726196289062,0.0014691352844238281,56.51533936621854,0.03358732941947798,157.31651306152344,104.67412567138672,133.05398559570312,390.9691162109375,166.25755310058594,295.59136962890625,0.9104995727539062,56.367828369140625,0.2594180107116699,"2929,1532,3060,2646,4267,2739,4605,4101,4709,402,2523,476,4311,3245,5107,1226",297.05029296875,,,,,0
36,k_proj,gptq,1024,5120,0,0.002065086364746094,0.001454925537109375,19.430371498383465,0.04650989472608298,44.651145935058594,29.07359504699707,39.826011657714844,119.38059997558594,53.446319580078125,89.85675048828125,0.9104995727539062,19.383007049560547,0.3397136330604553,"2929,1532,3060,2646,4267,476,4709,4605,4101,2739,4311,2523,402,1226,4849,5107",297.05029296875,,,,,0
36,v_proj,gptq,1024,5120,0,0.0020355224609375,0.0014453887939453124,35.81213855516398,0.03166978687468994,102.71749877929688,76.78267669677734,86.427001953125,230.8529815673828,94.7839126586914,151.6947479248047,0.9104995727539062,35.64999771118164,0.20362232625484467,"402,2739,4101,4267,2646,1532,4849,4790,3314,5107,3379,4605,1657,3371,5044,1682",297.05029296875,,,,,0
36,o_proj,gptq,5120,4096,0,0.002125453948974609,0.001485586166381836,82.69813023929055,0.03255355666243367,244.26214599609375,143.46852111816406,9.537772178649902,32.544837951660156,6.900791168212891,12.660572052001953,0.8680857419967651,82.48844146728516,0.032491229474544525,"752,1054,3021,1008,1412,2765,3359,2637,880,3231,3103,2893,1264,2041,3315,3382",44.797096252441406,,,,,0
36,gate_proj,gptq,14336,5120,0,0.0020414761134556363,0.0014291082109723773,121.56052184283044,0.017952560562690744,514.4609985351562,397.57861328125,458.16973876953125,1006.5426635742188,490.74774169921875,665.1248779296875,0.5751093029975891,121.27870178222656,0.13125090301036835,"4338,107,4605,4616,2646,2342,3548,3268,788,4709,4267,1702,4262,2929,417,4673",168.44873046875,,,,,0
36,up_proj,gptq,14336,5120,0,0.002032416207449777,0.0014478955950055804,118.03892366602076,0.016893459469878233,520.21435546875,403.24298095703125,466.95965576171875,1017.8142700195312,482.2173767089844,669.5487060546875,0.5751093029975891,117.90387725830078,0.10421987622976303,"4338,107,4605,2646,4616,2342,3548,3268,4709,788,4267,1702,4262,2929,417,4673",168.44873046875,,,,,0
36,down_proj,gptq,5120,14336,0,0.0019995144435337613,0.001459026336669922,258.44792269915615,0.037715146671350834,674.4586791992188,407.5720520019531,57.710872650146484,141.63800048828125,53.15349197387695,74.22996520996094,0.9663867950439453,258.2265625,0.11716201156377792,"6590,125,11611,5725,5346,14032,2435,12420,2871,7942,295,4291,9182,4721,1936,12934",595.64599609375,,,,,0
37,q_proj,gptq,4096,5120,0,0.0020420074462890623,0.0014689445495605468,54.607276363734854,0.0362980010317704,145.5017547607422,99.67189025878906,133.33909606933594,387.14361572265625,168.20394897460938,287.2615051269531,0.8930550217628479,54.47803497314453,0.2985595166683197,"2929,3060,2646,402,1532,2739,476,4311,2523,4605,4709,4849,3314,4267,3379,4101",258.7415466308594,,,,,0
37,k_proj,gptq,1024,5120,0,0.002041053771972656,0.001459503173828125,15.019923612751882,0.043059124693456165,36.17784881591797,25.60261344909668,33.90562438964844,111.18695831298828,44.11177062988281,77.31320190429688,0.8930550217628479,15.003120422363281,0.3734441101551056,"2929,3060,402,2646,476,1532,4311,4709,2523,2739,4605,4267,4849,4101,3379,3314",258.7415466308594,,,,,0
37,v_proj,gptq,1024,5120,0,0.0020120620727539064,0.0014476776123046875,30.752179411345423,0.022572748797739527,111.31140899658203,90.6718978881836,94.95233154296875,269.181884765625,93.81426239013672,174.61215209960938,0.8930550217628479,30.68837547302246,0.15038876235485077,"402,3379,2739,5107,4790,4849,3314,2646,5044,1657,98,3371,1682,926,4416,3589",258.7415466308594,,,,,0
37,o_proj,gptq,5120,4096,0,0.0020952701568603517,0.0014963150024414062,93.13375768053857,0.03444063174158069,271.54156494140625,154.4105682373047,22.339576721191406,63.65507125854492,12.126384735107422,23.615188598632812,0.6509599089622498,92.92877197265625,0.031739287078380585,"422,2048,2305,2304,2067,3681,3809,4065,1721,2323,2176,2451,3173,38,1790,3301",46.336090087890625,,,,,0
37,gate_proj,gptq,14336,5120,0,0.00203967775617327,0.0014355387006487164,128.30070900108694,0.018559577367066215,531.0474853515625,407.70245361328125,456.9748840332031,1130.2022705078125,552.6617431640625,876.7410888671875,0.5276917815208435,127.91111755371094,0.14872989058494568,"3448,4338,107,4605,2646,3268,3548,4616,2342,2929,4709,4267,1702,4262,788,4673",214.42364501953125,,,,,0
37,up_proj,gptq,14336,5120,0,0.0020246505737304688,0.0014477593558175222,123.66872364430674,0.017467119421751075,533.134765625,410.3491516113281,461.1108703613281,1120.871826171875,520.0079345703125,842.128662109375,0.5276917815208435,123.55682373046875,0.12067493051290512,"3448,4338,107,4605,2646,3268,3548,4616,2342,2929,4709,1702,4267,4262,788,417",214.42364501953125,,,,,0
37,down_proj,gptq,5120,14336,0,0.002002280099051339,0.0014475277491978237,275.8933325103426,0.040766975381438565,692.7237548828125,411.181396484375,85.37223815917969,266.5735778808594,92.51225280761719,208.568359375,0.7668545246124268,275.22406005859375,0.2327388972043991,"8852,4258,2822,7881,11712,1007,7504,12127,663,9749,6058,11273,13581,12649,11036,7347",912.1918334960938,,,,,0
38,q_proj,gptq,4096,5120,0,0.0020381927490234373,0.001460123062133789,60.1681956108514,0.03940936218633239,153.75694274902344,98.04546356201172,147.77627563476562,438.8476257324219,184.45361328125,334.2579650878906,0.9084442257881165,59.935115814208984,0.23401816189289093,"2929,2739,1532,476,402,2523,4311,4605,3060,3314,4101,4267,2646,3379,4709,5107",235.02432250976562,,,,,0
38,k_proj,gptq,1024,5120,0,0.0020467758178710936,0.0014581680297851562,19.473924131951208,0.060189044940841305,39.60675048828125,24.153934478759766,41.517452239990234,124.43818664550781,53.98387908935547,89.547119140625,0.9084442257881165,19.47800064086914,0.3496707081794739,"2929,2739,1532,476,402,4311,3060,4605,2523,2646,5107,4101,4849,3379,4267,4790",235.02432250976562,,,,,0
38,v_proj,gptq,1024,5120,0,0.002044868469238281,0.0014636993408203125,55.58642214630527,0.03549805199141842,148.4456787109375,107.95420837402344,141.14959716796875,371.663818359375,156.51429748535156,247.84848022460938,0.9084442257881165,55.430870056152344,0.20091859996318817,"402,2739,4790,2594,3379,5044,4849,5107,1682,98,3314,3371,1657,3304,1532,692",235.02432250976562,,,,,0
38,o_proj,gptq,5120,4096,0,0.002101755142211914,0.0014880180358886718,105.88144364969776,0.03707670055957068,299.0051574707031,161.5789337158203,17.250890731811523,59.33342742919922,16.659427642822266,28.272052764892578,0.83309006690979,105.67604064941406,0.03449210152029991,"3437,3116,3561,3412,2973,2446,3305,1268,1233,2761,1197,2746,1157,2703,1219,2538",47.393367767333984,,,,,0
38,gate_proj,gptq,14336,5120,0,0.002042525155203683,0.0014495168413434709,134.16075271740556,0.018418088040244415,560.1828002929688,430.557373046875,479.53009033203125,1469.9716796875,690.92529296875,1612.1033935546875,0.2402012199163437,133.7969970703125,0.15889374911785126,"3448,107,4338,4605,2646,2929,3268,3357,3548,4616,711,4709,4262,2342,4267,788",364.3669128417969,,,,,0
38,up_proj,gptq,14336,5120,0,0.002038860321044922,0.001463031768798828,128.92072768462822,0.0176934636894582,552.2103271484375,424.934326171875,474.6573486328125,1389.73046875,661.574462890625,1507.107421875,0.2402012199163437,128.7987060546875,0.14219754934310913,"3448,107,4338,2646,4605,3268,3357,2929,3548,711,4616,4709,4262,2342,4267,3060",364.3669128417969,,,,,0
38,down_proj,gptq,5120,14336,0,0.002004786900111607,0.0014418057032993862,274.3729009343224,0.041862207611638357,692.7427978515625,422.15826416015625,143.7988739013672,792.8978271484375,812.35595703125,1666.34130859375,0.15963518619537354,272.8211669921875,0.31131914258003235,"11103,11715,11567,24,13945,8814,7402,7254,5160,5546,5405,11491,1074,4584,13443,14155",92.61767578125,,,,,0
39,q_proj,gptq,4096,5120,0,0.002043485641479492,0.0014468193054199218,45.50580462297512,0.027517265592556146,143.00604248046875,99.1550064086914,114.90922546386719,376.15216064453125,153.3200225830078,306.06781005859375,0.7076463103294373,45.48996353149414,0.2017308473587036,"3357,2646,2739,3060,4101,1532,2929,402,476,1226,4849,2523,4605,4311,4709,1320",245.40394592285156,,,,,0
39,k_proj,gptq,1024,5120,0,0.0020490646362304687,0.0014795303344726563,13.71421033993829,0.031797921685672935,39.23936462402344,27.84929084777832,32.056434631347656,110.11636352539062,41.4493408203125,83.6815185546875,0.7076463103294373,13.725811004638672,0.22639040648937225,"3357,3060,2646,2739,1532,476,4101,402,1226,2929,2523,4849,4311,4605,4267,4709",245.40394592285156,,,,,0
39,v_proj,gptq,1024,5120,0,0.0020517349243164063,0.0014804840087890626,30.59124808116394,0.030898044694135828,90.60232543945312,65.4913101196289,73.99671936035156,229.22607421875,106.41566467285156,194.5155029296875,0.7076463103294373,30.615995407104492,0.19831369817256927,"3357,2739,402,4849,692,4296,2594,4790,4101,1682,1561,3371,3397,2646,98,3746",245.40394592285156,,,,,0
39,o_proj,gptq,5120,4096,0,0.002037811279296875,0.0014669418334960938,39.686813711888135,0.017935858663066243,185.63516235351562,124.14157104492188,23.140119552612305,301.7120361328125,27.928375244140625,217.69009399414062,0.4496138095855713,39.05785369873047,0.052814703434705734,"617,524,559,1812,1901,1912,1866,1899,1916,1882,1807,1895,625,1871,610,1906",113.89669799804688,,,,,0
39,gate_proj,gptq,14336,5120,0,0.002036026545933315,0.0014730181012834822,136.23938258958515,0.01719135726518499,595.2664794921875,462.2550048828125,512.5001831054688,2245.58251953125,638.3134765625,1891.0531005859375,0.8582813143730164,135.94021606445312,0.09926345944404602,"107,2646,4616,4338,4605,3268,2929,788,3548,711,4656,4262,1625,4709,2538,4673",801.4773559570312,,,,,0
39,up_proj,gptq,14336,5120,0,0.0020434788295200894,0.0014867237636021205,128.65830488712527,0.01680518814196171,570.615478515625,443.49407958984375,493.2568664550781,1940.690185546875,612.732177734375,1690.297607421875,0.8582813143730164,128.4644317626953,0.09006242454051971,"107,2646,4616,4338,4605,3268,711,2929,3548,788,4656,4262,4709,2538,1625,3060",801.4773559570312,,,,,0
39,down_proj,gptq,5120,14336,0,0.0019862583705357144,0.0014387266976492745,150.2868045031064,0.023971974508160028,565.7105712890625,436.4022521972656,362.04290771484375,4798.591796875,587.6161499023438,4887.9130859375,0.7613320350646973,148.5406494140625,0.3331843912601471,"3875,11428,2939,9049,931,4993,8549,7454,362,7483,2283,12762,10239,366,314,13234",1383.55126953125,,,,,0
