layer,proj,quantizer,rows,cols,n_dead_cols,clip_frac,clip_frac_rtn,comp_disp,comp_disp_rel,wdisp_gptq,wdisp_rtn,obj_gptq,obj_rtn,obj_gptq_alt,obj_rtn_alt,hdiag_alt_corr,send_total,send_top1pct,send_top16_cols,hdiag_max_over_mean,cond_damped,awq_alpha,obj_awq,obj_awq_alt,protected
0,q_proj,gptq,5120,5120,0,0.0021071624755859375,0.001488037109375,654.7102043121122,0.051969859861094196,1403.636962890625,757.6541748046875,7.934446811676025,44.73919677734375,13.144079208374023,40.37944793701172,0.8376689553260803,653.8732299804688,0.04715971648693085,"3760,4131,1486,188,4963,1397,613,2508,4942,4448,249,4373,1013,4717,2832,2533",119.6910629272461,9892.6318359375,,,,0
0,k_proj,gptq,1024,5120,0,0.002117347717285156,0.0014455795288085937,238.5836932748498,0.05139987067722188,514.0751953125,273.73223876953125,2.953010082244873,15.991745948791504,4.822166919708252,13.989126205444336,0.8376689553260803,238.67752075195312,0.04138733819127083,"3760,4131,1486,188,1397,4963,2508,4448,2832,4942,4373,249,613,1013,4717,2533",119.6910629272461,9892.6318359375,,,,0
0,v_proj,gptq,1024,5120,0,0.0020938873291015624,0.0014659881591796875,45.70962237697677,0.04963037669816484,100.35589599609375,53.045318603515625,0.6104661226272583,2.834561586380005,0.8536195755004883,2.4302139282226562,0.8376689553260803,45.711578369140625,0.02546066790819168,"3760,4131,1486,188,1397,4942,613,2508,4963,249,4448,4373,2832,1013,2533,95",119.6910629272461,9892.6318359375,,,,0
0,o_proj,gptq,5120,5120,0,0.002096748352050781,0.0014682769775390624,235.65701059356797,0.03845160554403808,645.4976806640625,390.7049560546875,3.774686336517334,12.211013793945312,6.092334747314453,13.493636131286621,0.9974719882011414,233.85397338867188,0.08176442980766296,"2254,2193,1138,5055,2936,2283,2408,3607,2301,2279,2194,593,2269,2876,81,2463",492.72796630859375,50442.63671875,,,,0
0,gate_proj,gptq,13824,5120,0,0.002112155490451389,0.0014290421097366897,1364.3183295942945,0.05652804716781383,2821.717041015625,1457.06884765625,3.31848406791687,30.295116424560547,6.376307487487793,28.767494201660156,0.97081458568573,1359.477783203125,0.10023382306098938,"927,1158,1542,1711,1679,3170,575,4930,1787,5000,129,3593,1684,4597,4808,4863",224.13125610351562,11661.326171875,,,,0
0,up_proj,gptq,13824,5120,0,0.002095455593532986,0.0014192934389467592,1126.4685941256648,0.05289340111666291,2406.842041015625,1251.0654296875,2.927546739578247,25.430397033691406,5.229220390319824,24.25000762939453,0.97081458568573,1122.611572265625,0.07067898660898209,"927,1158,1542,1711,1679,575,3170,4930,1787,5000,129,3593,1684,4597,1145,4863",224.13125610351562,11661.326171875,,,,0
0,down_proj,gptq,5120,13824,0,0.002000300089518229,0.0014574121545862268,2707.132168287644,0.09726600574306099,4533.81396484375,1720.331298828125,4.373790740966797,16.359010696411133,16.838191986083984,15.491605758666992,0.14396485686302185,2698.646240234375,0.14302466809749603,"78,10932,8538,1642,7591,9330,11058,6699,12901,5451,8119,879,13296,3929,2300,7430",471.16522216796875,8864.3955078125,,,,0
1,q_proj,gptq,5120,5120,0,0.0019980621337890624,0.0014424896240234374,338.50639091512323,0.3842145828891864,425.96502685546875,85.12911987304688,0.5023857951164246,5.109339714050293,1.076984167098999,5.307990074157715,0.9787313342094421,336.22576904296875,0.5268120765686035,"4517,2657,11,3388,4775,28,1477,351,3553,1093,4139,4847,157,1290,415,1685",1501.1800537109375,50290.28125,,,,0
1,k_proj,gptq,1024,5120,0,0.0019771575927734373,0.0014616012573242187,86.67821678293794,0.178028352159491,120.40104675292969,60.8409423828125,0.1290762573480606,1.5458837747573853,0.2542640268802643,1.4359807968139648,0.9787313342094421,86.24154663085938,0.42278915643692017,"4517,2657,3388,4775,11,28,1477,3553,351,1093,4139,4847,157,1290,1372,1685",1501.1800537109375,50290.28125,,,,0
1,v_proj,gptq,1024,5120,0,0.0019506454467773438,0.0014768600463867187,28.75885084677026,0.052863618887125284,63.239471435546875,55.70306396484375,0.043301936239004135,0.28714755177497864,0.07309405505657196,0.276533842086792,0.9787313342094421,28.497285842895508,0.25985923409461975,"4517,2657,3388,11,4775,28,351,1477,4847,1093,4139,157,1685,1290,3553,2428",1501.1800537109375,50290.28125,,,,0
1,o_proj,gptq,5120,5120,0,0.002115325927734375,0.0014830398559570312,185.17544947222632,0.04313072982651797,475.20562744140625,249.19705200195312,0.05283046141266823,0.37125879526138306,0.14594534039497375,0.5232623815536499,0.8298276662826538,184.37841796875,0.0813337042927742,"1138,3614,3615,1266,3644,882,3688,3674,3627,3655,3660,3639,3657,795,3689,3652",75.18843841552734,27266.537109375,,,,0
1,gate_proj,gptq,13824,5120,0,0.001953393441659433,0.001485301830150463,129.33358463908198,0.052737359536210185,286.8388366699219,219.74441528320312,32.18304443359375,10613.6064453125,73.68501281738281,10807.9326171875,0.983832836151123,126.18434143066406,0.47901129722595215,"3593,2657,3850,228,4395,4794,1466,1372,1093,2099,4437,4436,655,4020,4517,28",814.3189086914062,88846.4921875,,,,0
1,up_proj,gptq,13824,5120,0,0.0019865813078703705,0.0014633037425853589,43.6024420376982,0.0325112634161481,132.693115234375,116.0422134399414,12.396516799926758,459.3048400878906,23.896263122558594,488.44964599609375,0.983832836151123,43.11700439453125,0.32144811749458313,"3593,2657,228,4437,4436,4794,1372,4517,655,1093,4395,2099,4610,4020,4675,2950",814.3189086914062,88846.4921875,,,,0
1,down_proj,gptq,5120,13824,0,0.0020632425944010417,0.0014643916377314816,614.8411571704419,0.2245067258492566,815.9754638671875,304.2669982910156,0.728975772857666,1.2033226490020752,1.3073546886444092,1.713334321975708,0.877312958240509,612.6107788085938,0.6450177431106567,"5472,4733,13674,10688,2889,5878,6881,5573,6375,5738,13373,12990,9305,4766,6365,5041",1809.138671875,63098.33203125,,,,0
2,q_proj,gptq,5120,5120,0,0.0020299911499023437,0.00145050048828125,578.8619218299921,0.19394541888413683,798.6998291015625,317.8221435546875,1.4747588634490967,13.59130573272705,3.588674783706665,12.06593132019043,0.7928492426872253,575.7578735351562,0.39010924100875854,"3388,28,157,2347,4344,11,1824,2428,1881,892,5021,5009,3890,1372,415,4061",516.9668579101562,35142.3515625,,,,0
2,k_proj,gptq,1024,5120,0,0.0020298004150390626,0.0014682769775390624,205.31176157656327,0.16256360562054306,290.07171630859375,129.717041015625,0.5240387320518494,5.418028831481934,1.305660605430603,4.855729103088379,0.7928492426872253,204.5191650390625,0.3756307363510132,"3388,28,157,1824,2347,2428,1881,11,4344,5009,415,892,5021,1372,3890,4061",516.9668579101562,35142.3515625,,,,0
2,v_proj,gptq,1024,5120,0,0.0020425796508789064,0.0014440536499023438,47.76629386844283,0.04118738794639109,117.08560180664062,81.86629486083984,0.127984419465065,1.0367785692214966,0.22642193734645844,0.9436416029930115,0.7928492426872253,47.349082946777344,0.12688365578651428,"3388,28,157,2347,1824,1881,5009,2428,892,11,5021,4344,3890,1372,415,4061",516.9668579101562,35142.3515625,,,,0
2,o_proj,gptq,5120,5120,0,0.002120361328125,0.001451568603515625,305.85822597741935,0.044193187803463665,761.1499633789062,399.5978698730469,0.4118298888206482,1.338364601135254,0.9719470739364624,1.6752541065216064,0.7100625038146973,304.6164245605469,0.045840103179216385,"2476,2562,2530,2561,2524,2677,2140,1964,2092,3073,3074,2892,1674,2146,1729,2636",35.120269775390625,11918.23828125,,,,0
2,gate_proj,gptq,13824,5120,0,0.0020298004150390626,0.0014360922354239006,200.6797383570821,0.023175158287979492,708.2830200195312,580.3665771484375,49.37059020996094,14709.7939453125,104.48165893554688,13558.236328125,0.9660620093345642,198.58094787597656,0.39633268117904663,"3593,2099,4437,4395,655,2657,320,4610,3891,4020,1567,1466,892,136,3850,3183",536.2711791992188,89567.4609375,,,,0
2,up_proj,gptq,13824,5120,0,0.002012549506293403,0.001453329015661169,85.1578157291863,0.015514104909836913,414.4985656738281,361.250244140625,24.787689208984375,676.8805541992188,43.52684020996094,648.407470703125,0.9660620093345642,84.46829223632812,0.22501444816589355,"4437,3593,3891,2657,655,320,2099,4020,4395,136,892,1148,1466,4610,228,1567",536.2711791992188,89567.4609375,,,,0
2,down_proj,gptq,5120,13824,0,0.0020375428376374423,0.0014484264232494212,1011.9288983977144,0.1503944046263177,1511.0640869140625,413.944580078125,2.8437609672546387,3.4808053970336914,5.007018089294434,2.9302966594696045,0.3687233328819275,1009.0067138671875,0.38425925374031067,"1798,11977,12298,4063,32,7448,331,4178,9391,2184,11776,6758,986,9616,4632,3604",222.80824279785156,13624.1318359375,,,,0
3,q_proj,gptq,5120,5120,0,0.0020441818237304688,0.0014574813842773437,800.1532908901037,0.12784835550379348,1203.763916015625,509.72314453125,8.144903182983398,44.971046447753906,17.893157958984375,38.811683654785156,0.700454831123352,795.7430419921875,0.20952631533145905,"3388,3720,4402,3887,3005,4141,3978,4061,3135,3896,316,157,1470,1954,1824,1974",305.72442626953125,17698.95703125,,,,0
3,k_proj,gptq,1024,5120,0,0.0020277023315429686,0.0014892578125,304.8452499419801,0.13146591222688356,456.44219970703125,191.24017333984375,3.0686135292053223,17.700363159179688,6.638588905334473,15.085855484008789,0.700454831123352,302.66961669921875,0.2272617667913437,"3388,3720,4402,3005,3887,4141,3978,3135,316,4061,1470,1974,3896,1954,1824,3479",305.72442626953125,17698.95703125,,,,0
3,v_proj,gptq,1024,5120,0,0.002063751220703125,0.00143585205078125,51.258975534649004,0.03916845114892082,128.76974487304688,82.6392593383789,0.6047236323356628,5.195000648498535,1.0804250240325928,4.434679985046387,0.700454831123352,50.90876770019531,0.08631251752376556,"3720,4402,3388,3005,3887,3978,4141,3896,1277,9,3135,316,1954,4061,3479,1974",305.72442626953125,17698.95703125,,,,0
3,o_proj,gptq,5120,5120,0,0.0021104812622070312,0.0014333724975585938,335.634248393646,0.041745502577453034,840.4105224609375,467.2813720703125,1.2131497859954834,3.125598669052124,2.8073248863220215,3.899130344390869,0.8232585191726685,334.84527587890625,0.06483203917741776,"5088,4704,4960,4832,4576,4998,795,1051,5043,1179,923,5086,4486,693,4742,4870",55.253684997558594,5866.94482421875,,,,0
3,gate_proj,gptq,13824,5120,0,0.001969160857024016,0.0014543180112485533,419.37257147896224,0.02478968208910029,1386.308837890625,1044.1732177734375,68.68521118164062,10804.732421875,162.60391235351562,9261.515625,0.9520174860954285,412.8271484375,0.38685861229896545,"2657,4395,3593,4437,4610,655,3891,3850,1567,388,4020,1466,136,2099,320,1148",766.5828247070312,85693.1953125,,,,0
3,up_proj,gptq,13824,5120,0,0.0020183563232421876,0.001443552087854456,141.85436199728903,0.015168481171161237,689.1285400390625,565.7303466796875,31.583717346191406,584.217041015625,54.83619689941406,512.9326171875,0.9520174860954285,141.0290069580078,0.2049410194158554,"3593,4437,2657,4395,136,4610,3891,655,4020,388,1148,1466,320,1567,2099,892",766.5828247070312,85693.1953125,,,,0
3,down_proj,gptq,5120,13824,0,0.002056051183629919,0.0014236732765480324,1432.5693970393963,0.12255931626566281,2233.4052734375,732.2809448242188,5.2655463218688965,7.627556324005127,29.419090270996094,12.859496116638184,0.034974247217178345,1429.7314453125,0.20324939489364624,"2597,5768,6127,2541,7700,5471,5437,3402,6727,6754,13448,7904,2429,11287,4983,117",54.04813766479492,8415.0556640625,,,,0
4,q_proj,gptq,5120,5120,0,0.002058372497558594,0.0014835739135742188,749.8659845323101,0.08309663530085552,1306.2642822265625,625.8878173828125,8.946747779846191,47.77861785888672,21.5584659576416,41.5154914855957,0.7613615989685059,746.6337890625,0.15958735346794128,"3388,892,3890,28,4061,548,1093,2428,157,5021,2524,1824,407,415,4081,4874",241.07948303222656,16969.998046875,,,,0
4,k_proj,gptq,1024,5120,0,0.002026939392089844,0.0014530181884765624,285.690079788701,0.09034743448516074,481.61737060546875,233.53341674804688,3.3444905281066895,19.032024383544922,8.04281997680664,16.12545394897461,0.7613615989685059,284.32745361328125,0.16804037988185883,"3388,892,1093,4061,28,3890,2428,548,157,5021,1824,2524,415,407,4081,1719",241.07948303222656,16969.998046875,,,,0
4,v_proj,gptq,1024,5120,0,0.0020551681518554688,0.001407623291015625,68.98856624011631,0.04441357746316313,162.0138397216797,92.91201782226562,0.9636964201927185,5.652136325836182,1.9327709674835205,4.954460620880127,0.7613615989685059,68.64653015136719,0.07325006276369095,"892,3890,28,3388,1093,4061,2428,5021,1719,2524,1954,1696,533,1186,548,4081",241.07948303222656,16969.998046875,,,,0
4,o_proj,gptq,5120,5120,0,0.002099151611328125,0.0014327239990234374,368.2567599331669,0.04044141928145032,961.8170166015625,522.878662109375,2.182533025741577,5.16307258605957,5.166059970855713,6.867920398712158,0.5454119443893433,367.4850158691406,0.0392402820289135,"4571,4955,4980,4596,1266,4023,4279,3895,3735,3777,4151,3821,4939,754,4064,4407",15.639979362487793,4541.17431640625,,,,0
4,gate_proj,gptq,13824,5120,0,0.002028316921657986,0.0014766127974898727,537.6847309339037,0.022651345912866272,1892.513916015625,1407.760009765625,126.99580383300781,8250.2109375,284.84918212890625,7123.943359375,0.951271653175354,532.0830688476562,0.3840002715587616,"1307,2657,3593,1567,1466,655,388,3850,4395,4020,4610,4437,136,11,4436,3799",756.6972045898438,82323.7890625,,,,0
4,up_proj,gptq,13824,5120,0,0.0020301253707320603,0.0014399775752314814,214.60187098034248,0.015358895756577222,1034.059326171875,839.1514892578125,68.22561645507812,973.4901733398438,121.40516662597656,859.55517578125,0.951271653175354,213.46710205078125,0.22094698250293732,"2657,1307,388,3593,1567,1466,655,4437,4610,136,4395,4020,3850,4436,11,3799",756.6972045898438,82323.7890625,,,,0
4,down_proj,gptq,5120,13824,0,0.001899846394856771,0.0014366008617259839,2888.974495664931,0.16668313134713583,2522.10400390625,1077.136962890625,805.447265625,12753.732421875,14212.1171875,55.34842300415039,-0.00017259566811844707,669.57177734375,0.9996287226676941,"1368,4620,7184,11305,1997,11696,1525,3614,8312,3613,9675,2842,6504,7515,3654,5567",9546.4921875,278238.0,,,,0
5,q_proj,gptq,5120,5120,0,0.002051887512207031,0.00148895263671875,569.0087756646763,0.05233565475691412,1221.20068359375,668.777587890625,34.268577575683594,181.50643920898438,64.09981536865234,143.37509155273438,0.9180058836936951,567.5745239257812,0.13954336941242218,"3388,533,3720,316,1464,71,5117,2015,1974,1470,3978,1954,1810,3029,1298,2187",297.77557373046875,26152.17578125,,,,0
5,k_proj,gptq,1024,5120,0,0.0020599365234375,0.0014856338500976562,187.43027697420342,0.056995577597894746,384.99945068359375,207.3575439453125,10.88081169128418,62.21923065185547,20.554407119750977,49.13026809692383,0.9180058836936951,186.98898315429688,0.15731510519981384,"3388,3720,533,316,71,5117,1464,1186,1572,3029,1470,3978,1954,3135,4141,4402",297.77557373046875,26152.17578125,,,,0
5,v_proj,gptq,1024,5120,0,0.0020481109619140624,0.0014629364013671875,63.42305550146337,0.036500236725852175,165.8227081298828,101.19845581054688,4.483018398284912,22.98674774169922,7.4282708168029785,19.01837921142578,0.9180058836936951,63.25482940673828,0.08798132091760635,"533,1236,316,3720,2281,2015,591,71,1464,4348,1250,1810,3978,5117,3388,4141",297.77557373046875,26152.17578125,,,,0
5,o_proj,gptq,5120,5120,0,0.0021049118041992186,0.0014381027221679688,293.14075155420323,0.031196925371426137,864.2459716796875,536.2771606445312,2.6319127082824707,5.201829433441162,13.57969856262207,15.023639678955078,0.5470823645591736,292.8766174316406,0.05991380289196968,"282,2570,1797,1285,154,1413,2698,338,410,3082,1669,2826,1541,210,466,355",27.284055709838867,3882.16162109375,,,,0
5,gate_proj,gptq,13824,5120,0,0.0020211820249204284,0.0015083030418113427,828.5042486281454,0.02683598252977655,2602.68505859375,1824.63525390625,235.7133331298828,5452.2470703125,488.30194091796875,4073.98876953125,0.9618578553199768,820.4632568359375,0.4500073194503784,"1307,11,2657,1466,388,1567,3593,655,3850,892,4020,136,3799,4610,4437,4395",716.7903442382812,74876.1640625,,,,0
5,up_proj,gptq,13824,5120,0,0.0020262541594328705,0.0014304832175925926,289.5082388720814,0.016258222939682362,1325.3521728515625,1050.72802734375,120.9011459350586,927.057373046875,196.49057006835938,748.26171875,0.9618578553199768,288.365234375,0.22143839299678802,"1307,11,2657,1466,3593,388,1567,892,655,136,3799,4437,4610,4020,4395,3850",716.7903442382812,74876.1640625,,,,0
5,down_proj,gptq,5120,13824,0,0.002007717556423611,0.0014436086018880208,1170.4405559162815,0.056184631886928245,2487.55322265625,1280.75048828125,16.8524169921875,136.54873657226562,87.438720703125,27.945152282714844,0.02211281657218933,1067.2259521484375,0.7869235277175903,"10445,6564,6903,9020,1692,10029,8355,3179,1886,6872,10041,1343,12021,1158,11231,2489",12640.5947265625,254032.0,,,,0
6,q_proj,gptq,5120,5120,0,0.002053375244140625,0.001471710205078125,455.8098082738382,0.04342636315946171,1079.470703125,642.0806884765625,40.07148742675781,171.47946166992188,76.25227355957031,146.57699584960938,0.8790907263755798,454.6451416015625,0.13602714240550995,"3388,28,157,4925,2657,4874,4344,1824,1696,3653,4436,892,3696,415,1290,548",336.4847717285156,30093.732421875,,,,0
6,k_proj,gptq,1024,5120,0,0.002021980285644531,0.0014654159545898437,134.85286759628414,0.0451423700948733,312.229248046875,185.91421508789062,11.676553726196289,55.99864196777344,22.400691986083984,48.03350830078125,0.8790907263755798,134.37460327148438,0.12197066098451614,"3388,157,28,4925,2657,1824,4874,3653,1696,4436,548,415,892,3696,4344,3483",336.4847717285156,30093.732421875,,,,0
6,v_proj,gptq,1024,5120,0,0.002060699462890625,0.001435089111328125,59.91817532113059,0.0313472740646728,171.85679626464844,111.84269714355469,6.209127426147461,24.462238311767578,10.519447326660156,21.341028213500977,0.8790907263755798,59.84687042236328,0.055373337119817734,"3388,28,157,4925,1824,4436,892,1696,3653,2657,3696,4874,415,1290,3483,1093",336.4847717285156,30093.732421875,,,,0
6,o_proj,gptq,5120,5120,0,0.0021094131469726564,0.0014384078979492187,339.3384831771873,0.03540445751425035,944.2329711914062,550.4534912109375,2.6856460571289062,5.892519950866699,17.41717529296875,19.90203857421875,0.7358163595199585,338.23516845703125,0.0713522732257843,"1659,1403,1915,2759,1531,3143,1787,2887,2631,3015,1376,1037,1078,1364,1876,1054",64.08126068115234,6215.81787109375,,,,0
6,gate_proj,gptq,13824,5120,0,0.0020586649576822915,0.0015169638174551505,906.8451938888952,0.02739897883467392,2821.31103515625,1976.441162109375,370.8267517089844,6380.646484375,826.1312866210938,4754.970703125,0.955383837223053,900.1398315429688,0.46446314454078674,"1307,11,3593,1466,2657,388,4437,4020,1567,3850,3799,136,655,892,4597,4395",747.4261474609375,69664.3515625,,,,0
6,up_proj,gptq,13824,5120,0,0.0020377830222800927,0.0014344109429253473,341.4648642788013,0.017127559656546186,1507.136474609375,1178.1171875,200.27590942382812,1228.2503662109375,356.78228759765625,1022.305908203125,0.955383837223053,340.246826171875,0.2476089596748352,"1307,11,3593,388,2657,1466,4437,3799,4020,1567,136,655,892,4597,3850,4395",747.4261474609375,69664.3515625,,,,0
6,down_proj,gptq,5120,13824,0,0.001996965761537905,0.0014321927671079283,1140.1255977191431,0.050734883467437084,2569.9287109375,1448.546875,14.019394874572754,62.338584899902344,48.49339294433594,33.213645935058594,0.008825847879052162,1094.93896484375,0.43412017822265625,"1809,9185,11369,7611,5481,12840,5823,3599,4397,10609,271,3273,8954,756,10144,12218",10045.142578125,203991.640625,,,,0
7,q_proj,gptq,5120,5120,0,0.0020534515380859373,0.0014794158935546875,386.9604977070222,0.03567634665216412,1027.5828857421875,656.44677734375,59.01519012451172,205.42941284179688,115.7196273803711,186.09371948242188,0.890831708908081,386.2396240234375,0.1302848905324936,"3388,157,2657,28,4344,1824,3089,693,548,4925,1754,1093,4874,3931,382,892",278.20892333984375,26913.00390625,,,,0
7,k_proj,gptq,1024,5120,0,0.0020565032958984376,0.0014860153198242188,116.6516768223023,0.039230508244937734,291.7764587402344,187.55905151367188,16.811912536621094,65.65536499023438,33.950233459472656,58.728302001953125,0.890831708908081,116.20855712890625,0.1320400834083557,"3388,157,2657,28,1824,693,4344,548,4874,1093,3931,3089,4925,1696,382,3696",278.20892333984375,26913.00390625,,,,0
7,v_proj,gptq,1024,5120,0,0.0020425796508789064,0.0014432907104492188,54.889083543611854,0.02790949099731689,169.98333740234375,115.10673522949219,9.712669372558594,28.963134765625,17.415103912353516,28.068349838256836,0.890831708908081,54.79789352416992,0.053074974566698074,"3388,28,157,1824,2657,693,548,4874,1093,3931,4344,1696,4925,3696,415,382",278.20892333984375,26913.00390625,,,,0
7,o_proj,gptq,5120,5120,0,0.002089805603027344,0.0014350509643554687,325.40910928140477,0.03261237151329823,934.3768310546875,568.34423828125,2.922104835510254,6.7991180419921875,17.2429141998291,18.368854522705078,0.39777469635009766,324.9967956542969,0.05165385082364082,"3755,1204,3243,5078,4822,4694,820,4566,3627,2285,3600,948,1076,3472,3371,3499",32.7364616394043,5843.7646484375,,,,0
7,gate_proj,gptq,13824,5120,0,0.0020476305926287615,0.0015139685736762153,1125.0979687311042,0.027891623363704408,3496.064208984375,2472.63232421875,487.1437072753906,5905.2919921875,1273.1668701171875,4182.2607421875,0.9529402256011963,1120.81787109375,0.5007596015930176,"1307,3593,11,1466,4020,1567,4597,4437,655,3850,136,388,3799,2657,4395,1145",1308.681884765625,69490.3828125,,,,0
7,up_proj,gptq,13824,5120,0,0.002038249263057002,0.0014414469401041667,387.93746081435006,0.015582325777284311,1826.5010986328125,1445.31884765625,260.873046875,1201.809814453125,485.61260986328125,997.425048828125,0.9529402256011963,386.59375,0.2286137342453003,"1307,3593,11,1567,1466,4437,4597,4020,388,655,136,3799,2657,3850,4395,1145",1308.681884765625,69490.3828125,,,,0
7,down_proj,gptq,5120,13824,0,0.002010204173900463,0.0014432271321614583,1763.4471116525963,0.06789431329316976,3425.684326171875,1612.508544921875,12.246904373168945,28.74469566345215,46.07595443725586,30.88283920288086,0.02368021197617054,1758.759033203125,0.0913165807723999,"13396,1021,11276,8240,12313,12778,7523,10660,9194,816,415,8482,11266,3773,10513,12978",211.2974395751953,4599.3447265625,,,,0
8,q_proj,gptq,5120,5120,0,0.002033424377441406,0.0014623260498046874,531.6821961108745,0.05015185952843395,1168.56298828125,674.3430786132812,58.672584533691406,242.38034057617188,131.84971618652344,216.14271545410156,0.901630163192749,529.8292236328125,0.2159692347049713,"3720,3388,316,3005,533,3887,4402,2187,4141,1464,2015,1810,3638,1572,3390,1954",338.4990234375,28082.060546875,,,,0
8,k_proj,gptq,1024,5120,0,0.0020360946655273438,0.0014530181884765624,167.7103951546292,0.05655275865043318,347.4390563964844,201.27896118164062,17.874279022216797,73.41014099121094,41.457706451416016,67.881591796875,0.901630163192749,167.42218017578125,0.23824550211429596,"3720,3388,316,533,3005,2015,4402,3887,2187,4141,1810,3390,1464,1954,1298,1470",338.4990234375,28082.060546875,,,,0
8,v_proj,gptq,1024,5120,0,0.0020082473754882814,0.001479339599609375,54.769218982233056,0.02762431925165401,171.59164428710938,118.1798324584961,7.6762776374816895,34.17399978637695,14.227829933166504,31.831523895263672,0.901630163192749,54.69156265258789,0.09293284267187119,"316,3720,4402,3388,533,2187,3005,4141,3887,9,591,1464,1810,3135,2281,3390",338.4990234375,28082.060546875,,,,0
8,o_proj,gptq,5120,5120,0,0.0020959854125976564,0.0014444732666015626,320.830889509749,0.03482096927160128,912.0086059570312,535.4654541015625,2.7023377418518066,7.3646087646484375,23.139842987060547,27.743480682373047,0.6063368916511536,319.9441833496094,0.07927179336547852,"94,860,478,350,1116,988,732,222,1244,606,2056,2165,1226,4193,2101,1098",81.20316314697266,7861.5556640625,,,,0
8,gate_proj,gptq,13824,5120,0,0.002041696619104456,0.0015178962990089698,1102.8339723329282,0.02689026817522048,3538.580322265625,2559.393310546875,326.7734069824219,3145.22216796875,906.9957885742188,2265.8955078125,0.9368277788162231,1099.3642578125,0.46754956245422363,"1307,3593,1567,4020,11,4597,1466,3850,655,4437,4395,388,4610,136,2657,1145",980.6784057617188,63517.9375,,,,0
8,up_proj,gptq,13824,5120,0,0.0020361865008318865,0.0014472537570529515,382.45677908568905,0.014745855696420389,1891.313720703125,1526.6365966796875,183.95455932617188,581.076416015625,331.9391784667969,509.4263916015625,0.9368277788162231,381.2149353027344,0.1603821963071823,"1307,3593,1567,11,4020,4597,1466,4437,4395,388,655,3850,4610,136,2657,1145",980.6784057617188,63517.9375,,,,0
8,down_proj,gptq,5120,13824,0,0.002005697179723669,0.0014364030626085069,1714.364523690413,0.06601380737047065,3395.511962890625,1630.4619140625,16.51361846923828,38.8576774597168,62.491065979003906,39.997169494628906,0.01617463491857052,1712.394287109375,0.0660632997751236,"5389,3574,4448,12718,1383,11165,0,10176,12425,3264,6540,4965,11809,793,11608,9932",124.83475494384766,3679.004638671875,,,,0
9,q_proj,gptq,5120,5120,0,0.0020398712158203125,0.0014718246459960937,398.05790880445807,0.03579616900414894,1055.279296875,675.3400268554688,56.1727294921875,193.32327270507812,128.96441650390625,185.88201904296875,0.9059362411499023,397.3265075683594,0.1492478996515274,"3388,2657,157,1093,4344,693,3931,4925,548,28,3089,4517,3696,415,1824,382",353.7498779296875,29042.49609375,,,,0
9,k_proj,gptq,1024,5120,0,0.002028656005859375,0.0015079498291015625,124.2333948007365,0.040999818802148494,305.0166931152344,194.79132080078125,16.54153823852539,63.81922149658203,39.5533561706543,60.503746032714844,0.9059362411499023,123.9217529296875,0.15561680495738983,"3388,2657,157,1093,693,4344,548,4925,3931,28,2428,1824,4517,3696,1696,415",353.7498779296875,29042.49609375,,,,0
9,v_proj,gptq,1024,5120,0,0.0020450592041015626,0.0014568328857421874,57.32993286772452,0.027410571421490972,180.89517211914062,125.43782043457031,9.361160278320312,27.427349090576172,18.0057373046875,27.22701072692871,0.9059362411499023,57.205482482910156,0.058429375290870667,"2657,3388,1093,157,28,3931,548,693,4517,1696,2428,415,1824,3696,4344,4925",353.7498779296875,29042.49609375,,,,0
9,o_proj,gptq,5120,5120,0,0.002080078125,0.0014468765258789063,324.3438150102302,0.032180201902364126,970.4736328125,577.3948364257812,5.030973434448242,11.791805267333984,26.84597396850586,29.727127075195312,0.36270952224731445,323.4912109375,0.054902803152799606,"4513,1575,4897,364,236,4769,620,4004,108,1447,1831,1703,5025,4641,4043,2350",42.954689025878906,4790.359375,,,,0
9,gate_proj,gptq,13824,5120,0,0.0020414705629701966,0.0015017191569010417,676.2856296250538,0.020637571177394586,2603.290771484375,1984.6527099609375,149.77395629882812,303.78399658203125,277.7654724121094,305.82989501953125,0.9206995964050293,675.6842041015625,0.0957784503698349,"1307,11,2657,2853,1145,3593,1093,4597,4437,2442,388,4517,4863,1696,4020,3943",119.27273559570312,9459.576171875,,,,0
9,up_proj,gptq,13824,5120,0,0.002045779758029514,0.0014863332112630208,565.0878932280757,0.01890440511891854,2315.57666015625,1771.37548828125,136.64393615722656,255.06210327148438,245.78131103515625,262.32147216796875,0.9206995964050293,564.7463989257812,0.05595259368419647,"1307,11,2657,2853,1145,3593,1093,4437,4597,2442,4517,388,4863,1696,3653,2746",119.27273559570312,9459.576171875,,,,0
9,down_proj,gptq,5120,13824,0,0.0020030975341796876,0.0014748184769241897,1154.2562135549392,0.03821644990559551,3082.3154296875,1884.0908203125,27.529451370239258,52.804386138916016,59.92998123168945,47.15293502807617,0.08894906938076019,1154.3134765625,0.05872425064444542,"4987,11675,12529,9580,8509,12392,8797,7828,10092,4573,4900,2773,13609,7131,4212,10660",67.52916717529297,1753.3662109375,,,,0
10,q_proj,gptq,5120,5120,0,0.0020307159423828126,0.0014763641357421874,347.3328940636181,0.029683187791017494,1039.954833984375,718.0498046875,85.20820617675781,247.97488403320312,185.10467529296875,245.56297302246094,0.9111413359642029,346.99346923828125,0.12446735054254532,"3388,157,693,2657,4344,1093,4517,28,415,4925,1696,3931,4610,1824,3089,784",272.7569580078125,23756.884765625,,,,0
10,k_proj,gptq,1024,5120,0,0.0020475387573242188,0.0014705657958984375,102.81851869614937,0.03212318224677399,293.9786376953125,202.0467529296875,24.172122955322266,76.77537536621094,52.87010192871094,74.03943634033203,0.9111413359642029,102.6130142211914,0.1199369952082634,"3388,157,693,2657,1093,4344,4517,28,3931,1696,415,1824,4610,4436,4925,3696",272.7569580078125,23756.884765625,,,,0
10,v_proj,gptq,1024,5120,0,0.0020526885986328126,0.0014675140380859375,49.721153509366815,0.02590382385294349,163.25909423828125,119.14181518554688,13.324480056762695,34.431297302246094,26.112354278564453,34.32500076293945,0.9111413359642029,49.58423614501953,0.06158764660358429,"157,2657,3388,693,1093,4517,28,415,1696,1824,4436,3696,3931,388,4610,2428",272.7569580078125,23756.884765625,,,,0
10,o_proj,gptq,5120,5120,0,0.0020833587646484374,0.0014515304565429687,341.07792024704213,0.03394419690695499,979.5595703125,573.3026123046875,4.834352016448975,13.53886604309082,27.385631561279297,31.204303741455078,0.4431195557117462,340.59197998046875,0.08480270951986313,"1590,1462,1846,282,1718,4072,26,1334,1321,1705,154,1449,1833,1577,284,3442",77.1492691040039,6546.685546875,,,,0
10,gate_proj,gptq,13824,5120,0,0.0020236262568721066,0.0014965905083550346,687.9704611140187,0.02086446801842172,2636.50439453125,2016.23486328125,169.0851287841797,328.35906982421875,316.4053955078125,327.781005859375,0.860457718372345,687.34228515625,0.09757861495018005,"1307,11,2853,2657,1145,1093,2442,4517,4610,3978,2317,3653,3593,388,4743,993",82.46713256835938,7451.04541015625,,,,0
10,up_proj,gptq,13824,5120,0,0.002038560090241609,0.0014949516013816552,567.2071782357089,0.018727443145686196,2339.587890625,1810.92138671875,154.48135375976562,288.6181640625,277.85198974609375,289.7403564453125,0.860457718372345,566.841552734375,0.055368393659591675,"1307,11,2853,2657,1145,2442,1093,4517,3978,2317,4610,3653,3593,388,4743,1696",82.46713256835938,7451.04541015625,,,,0
10,down_proj,gptq,5120,13824,0,0.002010825828269676,0.0014901196515118634,1153.2235351586678,0.03816671222716755,3104.1728515625,1913.9483642578125,33.71013259887695,67.1253662109375,57.42660903930664,45.60805130004883,0.2361479252576828,1151.6295166015625,0.06994865089654922,"648,4305,9645,7300,11768,355,9002,12199,3207,216,3417,8187,3139,13604,9266,12239",332.7255859375,4107.39208984375,,,,0
11,q_proj,gptq,5120,5120,0,0.002034912109375,0.0014934158325195313,467.4779482261333,0.038770983094201975,1187.61962890625,748.0084838867188,59.98726272583008,240.984375,161.21141052246094,238.87448120117188,0.909446120262146,466.219970703125,0.17691634595394135,"3388,2657,4517,3978,4610,369,388,4743,3653,1696,2317,993,1180,1299,4287,1093",481.72418212890625,33329.3203125,,,,0
11,k_proj,gptq,1024,5120,0,0.0020288467407226563,0.0014528274536132813,137.1992053427007,0.04108693460997444,335.7943115234375,209.341796875,17.22232437133789,74.125732421875,49.138038635253906,72.3778305053711,0.909446120262146,137.02626037597656,0.18420004844665527,"3388,2657,3978,369,388,4517,4743,3653,4610,1696,1093,2317,1180,4287,157,993",481.72418212890625,33329.3203125,,,,0
11,v_proj,gptq,1024,5120,0,0.0020322799682617188,0.0014688491821289063,57.56864813195439,0.028595919820315344,175.6534423828125,121.41710662841797,8.323558807373047,33.39945983886719,19.17247772216797,33.348594665527344,0.909446120262146,57.33642578125,0.12017810344696045,"3978,369,4743,3388,2657,4517,3653,388,1093,4610,4287,1696,2317,1180,4436,3037",481.72418212890625,33329.3203125,,,,0
11,o_proj,gptq,5120,5120,0,0.002079429626464844,0.00145538330078125,350.2854689138339,0.03571248634296867,978.9081420898438,568.3901977539062,8.189593315124512,18.391149520874023,33.022491455078125,44.767059326171875,0.6835048794746399,349.6381530761719,0.08204315602779388,"2364,2236,1270,1980,758,1366,2492,3805,886,2108,1359,1397,1306,1314,1368,2096",31.67019271850586,4175.560546875,,,,0
11,gate_proj,gptq,13824,5120,0,0.00203740155255353,0.0014986532705801505,704.7049231100827,0.019511947345454507,2812.16552734375,2143.166015625,213.04376220703125,947.122802734375,376.8506164550781,793.1910400390625,0.9993887543678284,703.212890625,0.1820058971643448,"1567,2657,11,4610,1307,388,1093,1145,2853,4517,228,351,3653,1696,3978,4436",1687.3929443359375,39933.75,,,,0
11,up_proj,gptq,13824,5120,0,0.00203329015661169,0.0014801590530960649,471.7653718369547,0.016203192205830025,2164.02197265625,1715.916259765625,170.53115844726562,350.1331481933594,290.581298828125,346.7285461425781,0.9993887543678284,471.30230712890625,0.06398596614599228,"1567,2657,11,1307,4610,388,1093,1145,2853,4517,351,3653,1696,228,3978,4287",1687.3929443359375,39933.75,,,,0
11,down_proj,gptq,5120,13824,0,0.002007576271339699,0.001476217199254919,1147.3149890161571,0.03938888001836409,2920.45947265625,1736.62060546875,27.99484634399414,52.52349090576172,65.1136474609375,55.39080047607422,0.45643284916877747,1148.005615234375,0.04471757635474205,"5378,11563,12428,13445,3697,7295,12085,5383,6192,2068,1066,13365,4239,10659,13727,2199",40.05514907836914,2205.9677734375,,,,0
12,q_proj,gptq,5120,5120,0,0.002029228210449219,0.0015032196044921875,449.8775722136539,0.03860251647855792,1143.3245849609375,739.9881591796875,74.61385345458984,266.0635681152344,203.3240966796875,286.92718505859375,0.8510857224464417,448.72991943359375,0.1992713212966919,"3388,3978,157,4610,3653,369,693,1696,1180,3039,2657,4517,4743,2317,4287,4436",402.9562072753906,28878.462890625,,,,0
12,k_proj,gptq,1024,5120,0,0.0020288467407226563,0.0014495849609375,131.38075640689956,0.04163668135906115,320.0898742675781,207.38824462890625,21.292892456054688,79.07734680175781,59.44987869262695,85.40486145019531,0.8510857224464417,131.1951446533203,0.18295975029468536,"3388,3978,157,4610,693,3653,369,3039,1180,2317,4517,2657,1299,4743,388,1696",402.9562072753906,28878.462890625,,,,0
12,v_proj,gptq,1024,5120,0,0.00206451416015625,0.0014677047729492188,43.989698207351104,0.021709563915074274,162.13951110839844,120.3709716796875,9.504484176635742,33.001930236816406,17.62555694580078,35.986000061035156,0.8510857224464417,43.93010330200195,0.06667536497116089,"3388,3978,4610,3653,693,369,157,1696,4743,4517,2317,3039,1299,2657,4287,388",402.9562072753906,28878.462890625,,,,0
12,o_proj,gptq,5120,5120,0,0.002087249755859375,0.0014637374877929687,315.7353060755963,0.0331195132621701,909.6843872070312,545.0076904296875,8.49075698852539,18.118925094604492,29.479412078857422,40.907737731933594,0.6536291241645813,315.2567138671875,0.05025416240096092,"526,1707,2824,1323,2218,270,2474,1835,2346,1962,398,3080,142,1451,2402,1424",30.39565086364746,3698.3876953125,,,,0
12,gate_proj,gptq,13824,5120,0,0.002031241522894965,0.0015123155381944445,563.2354696781258,0.017125755814096595,2469.932373046875,1918.634765625,198.801025390625,350.305419921875,342.8730773925781,360.77569580078125,0.929318368434906,562.8316650390625,0.06847253441810608,"1307,11,2657,4610,1145,3593,228,388,1093,2853,4517,415,351,1290,4597,1696",145.79531860351562,8573.2158203125,,,,0
12,up_proj,gptq,13824,5120,0,0.002041230378327546,0.0014938919632523147,492.6398369773815,0.016101029572866087,2268.669921875,1793.763427734375,187.32899475097656,319.8977966308594,313.0115051269531,330.1607666015625,0.929318368434906,492.3804931640625,0.04473543167114258,"1307,11,2657,4610,1145,3593,228,388,1093,2853,4517,415,1696,351,1290,4597",145.79531860351562,8573.2158203125,,,,0
12,down_proj,gptq,5120,13824,0,0.0020023204662181714,0.0015020441125940392,974.0490961966343,0.031806337939636053,2821.6982421875,1815.2686767578125,34.73182678222656,60.099037170410156,82.7982406616211,64.32073211669922,0.031200764700770378,974.3556518554688,0.05632350966334343,"10229,10983,6105,9628,9626,8819,12694,11426,7308,9631,8299,10871,8441,6316,3547,9289",61.09770202636719,1216.6746826171875,,,,0
13,q_proj,gptq,5120,5120,0,0.002029457092285156,0.0014797210693359374,424.7932044523463,0.03736101788242871,1099.631591796875,710.7762451171875,79.48114013671875,270.9607238769531,232.64483642578125,289.10498046875,0.8298267126083374,423.5469970703125,0.2246113419532776,"3388,3978,3653,693,1696,369,157,4610,993,4287,4436,2317,3039,4743,1180,1299",375.5306091308594,27341.380859375,,,,0
13,k_proj,gptq,1024,5120,0,0.0020599365234375,0.0014675140380859375,131.24440176699798,0.044585771691672896,309.2996826171875,197.9669189453125,23.175783157348633,81.91617584228516,68.40263366699219,84.68753814697266,0.8298267126083374,130.61312866210938,0.23375239968299866,"3978,3388,3653,4287,693,369,1696,157,993,4610,3039,2317,4743,1180,1299,4517",375.5306091308594,27341.380859375,,,,0
13,v_proj,gptq,1024,5120,0,0.0020099639892578124,0.001476287841796875,49.168305641576325,0.02241505316102669,178.19915771484375,131.3724365234375,11.630766868591309,40.435325622558594,23.614816665649414,42.923362731933594,0.8298267126083374,49.052120208740234,0.08122524619102478,"3388,3653,3978,693,369,157,1696,4287,4610,993,1299,4436,1180,3039,4743,2317",375.5306091308594,27341.380859375,,,,0
13,o_proj,gptq,5120,5120,0,0.00209197998046875,0.0014548873901367187,336.4223240889732,0.03389236067854567,971.6441650390625,572.93603515625,9.43316650390625,21.95379638671875,34.07585525512695,38.938201904296875,0.5394867062568665,335.2347412109375,0.06484458595514297,"1016,3245,604,4014,3629,1877,3886,4270,348,220,1144,760,1621,1365,1272,4398",50.555179595947266,5471.52294921875,,,,0
13,gate_proj,gptq,13824,5120,0,0.002045525444878472,0.0015126687509042244,548.0780623976989,0.016588617187928395,2469.702880859375,1946.612060546875,223.3795166015625,404.86529541015625,412.54522705078125,421.7970275878906,0.8457260131835938,547.4363403320312,0.09541191160678864,"1307,4610,2657,11,228,3593,388,1145,4020,1093,3850,4597,415,4517,2950,351",188.67222595214844,11314.5947265625,,,,0
13,up_proj,gptq,13824,5120,0,0.0020367233841507523,0.0014954743561921297,469.0494228713924,0.01534356686988725,2258.411865234375,1817.3101806640625,210.55703735351562,362.94512939453125,371.73492431640625,382.08270263671875,0.8457260131835938,468.57501220703125,0.055115848779678345,"1307,4610,11,2657,228,3593,388,1145,1093,4597,415,4020,4517,3850,2950,351",188.67222595214844,11314.5947265625,,,,0
13,down_proj,gptq,5120,13824,0,0.0020053863525390627,0.0014985684995298032,1009.3965746567337,0.033234979674507864,2891.440185546875,1847.2955322265625,40.953765869140625,71.87521362304688,75.00328063964844,61.579994201660156,0.11631185561418533,1009.4754638671875,0.0700744017958641,"3831,4694,4633,6725,12010,10372,12178,1838,5705,5104,12312,12420,6081,9569,5671,4555",24.83382797241211,1457.655029296875,,,,0
14,q_proj,gptq,5120,5120,0,0.0020398712158203125,0.001485443115234375,384.58457292181464,0.03188211427670222,1100.1072998046875,758.5830078125,95.50686645507812,294.8252868652344,264.74761962890625,314.9747314453125,0.845570981502533,383.3729248046875,0.1591259390115738,"3388,4610,693,157,2657,415,388,1093,3931,4517,2099,3089,4436,228,4373,784",356.9042053222656,27917.650390625,,,,0
14,k_proj,gptq,1024,5120,0,0.0020233154296875,0.0014768600463867187,122.27107466136172,0.03871667681410721,314.4676513671875,218.2600860595703,28.198040008544922,89.39698028564453,80.45783996582031,94.71832275390625,0.845570981502533,121.89169311523438,0.161241814494133,"693,3388,4610,157,2657,415,3931,388,4517,4436,2099,1093,228,3039,1696,4373",356.9042053222656,27917.650390625,,,,0
14,v_proj,gptq,1024,5120,0,0.0020355224609375,0.001436614990234375,42.54648885769888,0.021508958139416594,157.75303649902344,117.50403594970703,12.835590362548828,39.15912628173828,26.460731506347656,41.92937088012695,0.845570981502533,42.466854095458984,0.06618491560220718,"4610,3388,693,157,2657,415,388,4517,1093,3931,4436,228,2099,1696,1031,4373",356.9042053222656,27917.650390625,,,,0
14,o_proj,gptq,5120,5120,0,0.002079429626464844,0.0014396286010742187,301.38828805985395,0.030898181797668768,906.8244018554688,556.923583984375,9.578746795654297,22.36371612548828,27.877578735351562,35.74095916748047,0.6810965538024902,300.9090576171875,0.08586263656616211,"3940,2115,879,1263,2967,4452,4324,2711,1135,1007,555,2243,4196,2499,427,2839",37.72660446166992,3997.02880859375,,,,0
14,gate_proj,gptq,13824,5120,0,0.002044819019458912,0.0014996987802010995,552.0859191956697,0.016795938774584913,2475.563232421875,1952.7314453125,228.26910400390625,420.03985595703125,419.70172119140625,433.74176025390625,0.8097843527793884,551.57958984375,0.1020384132862091,"1307,11,4610,2657,228,3593,388,4020,2950,1145,1093,415,3850,4517,4597,3931",172.09901428222656,11523.50390625,,,,0
14,up_proj,gptq,13824,5120,0,0.002031820791739005,0.0014940615053530093,476.3072624774941,0.015470647138114305,2283.57568359375,1836.164306640625,216.73597717285156,379.9810791015625,375.17138671875,397.6409606933594,0.8097843527793884,475.9516296386719,0.05809352546930313,"1307,11,4610,2657,228,3593,388,4020,2950,1145,415,1093,4517,3850,4597,3931",172.09901428222656,11523.50390625,,,,0
14,down_proj,gptq,5120,13824,0,0.0019981808132595487,0.001499303181966146,1003.0133810195425,0.032881048092604115,2903.119140625,1865.5552978515625,43.69367599487305,78.6506118774414,72.04878234863281,61.26787185668945,0.18497802317142487,1003.1971435546875,0.06524354964494705,"3274,9682,8922,2466,1526,4410,10656,1645,1269,3513,6563,7288,8105,7006,12767,7782",25.02801513671875,1639.9248046875,,,,0
15,q_proj,gptq,5120,5120,0,0.002029380798339844,0.0014879608154296875,321.47953992916007,0.02810420609737775,992.1356201171875,690.52099609375,85.96815490722656,244.303955078125,240.6053924560547,270.1778564453125,0.8557490706443787,321.2281494140625,0.19578440487384796,"693,3388,157,4610,2099,415,2657,3089,4344,4925,3931,28,1754,2953,1031,784",362.557861328125,26713.173828125,,,,0
15,k_proj,gptq,1024,5120,0,0.002048301696777344,0.0014719009399414063,97.59798969974297,0.03343066341444249,275.7178039550781,191.1112060546875,24.104320526123047,76.1026840209961,72.99656677246094,85.0648193359375,0.8557490706443787,97.39584350585938,0.2110992968082428,"693,3388,157,4610,2099,415,2657,3931,4344,28,2953,4925,1031,4373,3089,1754",362.557861328125,26713.173828125,,,,0
15,v_proj,gptq,1024,5120,0,0.0020168304443359377,0.0014623641967773438,43.81079660752788,0.01989357769340046,175.4423370361328,134.2008056640625,14.760029792785645,36.40332794189453,27.33710289001465,38.55554962158203,0.8557490706443787,43.77735137939453,0.05233324319124222,"157,693,3388,4610,415,2657,2099,3931,28,4344,4373,1031,2953,3089,4925,1824",362.557861328125,26713.173828125,,,,0
15,o_proj,gptq,5120,5120,0,0.002072944641113281,0.001484222412109375,322.1108754277375,0.030756778501500177,958.9929809570312,597.5669555664062,11.858964920043945,29.95191192626953,28.630897521972656,39.562294006347656,0.4541653096675873,321.58038330078125,0.055444248020648956,"3326,3454,4804,3710,4932,3838,4676,4548,1300,1812,891,1428,2032,1684,2288,1556",44.215614318847656,2892.828125,,,,0
15,gate_proj,gptq,13824,5120,0,0.002040651109483507,0.0015091224952980323,597.5261735368986,0.01776054415587423,2578.68212890625,1997.96484375,245.7317657470703,462.9012451171875,442.802490234375,454.3500671386719,0.794021725654602,596.7657470703125,0.11238997429609299,"1307,4610,2657,11,228,4020,3593,2950,388,1145,3850,415,4597,4517,1093,4938",186.6743621826172,12378.880859375,,,,0
15,up_proj,gptq,13824,5120,0,0.002037613480179398,0.001483083654333044,508.179795663571,0.01682797158333636,2304.03369140625,1808.298828125,223.49954223632812,400.58648681640625,381.96844482421875,401.0417175292969,0.794021725654602,507.8774108886719,0.06525128334760666,"1307,4610,11,2657,228,4020,3593,2950,388,1145,3850,415,4597,4517,1093,4938",186.6743621826172,12378.880859375,,,,0
15,down_proj,gptq,5120,13824,0,0.00200078045880353,0.001497508861400463,1049.4292600773501,0.03500656248936663,2930.831787109375,1847.01416015625,44.1664924621582,87.31922912597656,68.9202880859375,61.38531494140625,0.20891553163528442,1049.38818359375,0.06816692650318146,"9017,6833,4977,8874,4966,3073,1080,3811,12797,12708,5021,3028,8133,4758,3449,7912",191.691650390625,3317.86962890625,,,,0
16,q_proj,gptq,5120,5120,0,0.002030029296875,0.0014752960205078125,396.60647096186557,0.032425879276409345,1125.69140625,772.30419921875,75.53616333007812,258.1376037597656,228.7587432861328,276.7822265625,0.8300878405570984,396.1695556640625,0.19634906947612762,"3388,693,4610,157,2657,415,2099,3089,4373,388,3931,4517,4436,1031,2950,4344",356.6097106933594,29531.912109375,,,,0
16,k_proj,gptq,1024,5120,0,0.002033233642578125,0.0014730453491210937,136.65788157562324,0.03927330291012559,348.63690185546875,241.77847290039062,24.177515029907227,85.80546569824219,79.82752990722656,93.41354370117188,0.8300878405570984,136.38015747070312,0.20319737493991852,"693,3388,157,4610,2657,415,2099,388,4373,3931,4517,4436,1031,2797,1093,2953",356.6097106933594,29531.912109375,,,,0
16,v_proj,gptq,1024,5120,0,0.0020399093627929688,0.0014715194702148438,42.122450839162724,0.021736270342730124,157.23422241210938,117.1173095703125,9.768033027648926,31.0423583984375,19.46883773803711,32.103214263916016,0.8300878405570984,41.97964096069336,0.0727938562631607,"693,4610,157,3388,415,2657,2099,3931,4373,4436,388,4517,784,1031,2950,228",356.6097106933594,29531.912109375,,,,0
16,o_proj,gptq,5120,5120,0,0.0020823287963867188,0.0014611053466796874,340.81471982997755,0.03615771582116629,959.5482177734375,542.5335083007812,10.4244966506958,28.937843322753906,33.79478454589844,42.68053436279297,0.5792935490608215,339.10833740234375,0.06501109898090363,"3475,3731,3603,2903,3219,3159,3031,1065,4136,937,3347,809,4008,3880,4264,1451",28.83443260192871,6846.06884765625,,,,0
16,gate_proj,gptq,13824,5120,0,0.0020328380443431714,0.0014894838686342594,588.5275865823496,0.018401757202027486,2490.91259765625,1929.1119384765625,209.53164672851562,411.3684387207031,371.2552185058594,391.56103515625,0.804844319820404,588.0809326171875,0.09784166514873505,"4610,1307,11,2657,228,2950,4020,3593,388,1093,4938,3850,415,1145,4517,655",194.4680633544922,11994.68359375,,,,0
16,up_proj,gptq,13824,5120,0,0.002024360939308449,0.0015057316532841435,549.1376680075191,0.01753793018996968,2420.080810546875,1894.724609375,206.58233642578125,388.97955322265625,346.91571044921875,373.19903564453125,0.804844319820404,548.5169677734375,0.06171559542417526,"1307,4610,11,2657,228,2950,4020,3593,388,1093,4938,415,3850,4517,655,1145",194.4680633544922,11994.68359375,,,,0
16,down_proj,gptq,5120,13824,0,0.0019961039225260416,0.0014976360179759839,1007.1040004889564,0.03257798934849648,2964.220703125,1925.997314453125,43.81376647949219,82.90379333496094,66.48458862304688,58.5765495300293,0.12917649745941162,1006.9539794921875,0.06465250253677368,"3183,3853,5635,9250,4479,9638,12507,12179,11802,752,5305,2472,5173,948,11883,7163",60.3140754699707,1971.9464111328125,,,,0
17,q_proj,gptq,5120,5120,0,0.002038421630859375,0.0014752197265625,379.4628599270376,0.0307029017800436,1114.228515625,758.248779296875,89.7245101928711,289.83453369140625,261.129150390625,307.9014892578125,0.8474138975143433,378.8503723144531,0.1905396580696106,"693,4610,157,3388,2657,2099,415,4469,4344,784,3931,3089,2950,2953,1031,228",353.3542785644531,27579.37109375,,,,0
17,k_proj,gptq,1024,5120,0,0.0020570755004882812,0.00146484375,115.7097794679178,0.03354888816596849,324.994384765625,220.39495849609375,26.468812942504883,87.30917358398438,80.25096130371094,92.85264587402344,0.8474138975143433,115.26040649414062,0.17940935492515564,"693,4610,3388,157,2657,2099,415,4344,2950,2953,3931,228,1031,784,4373,1824",353.3542785644531,27579.37109375,,,,0
17,v_proj,gptq,1024,5120,0,0.0020502090454101564,0.0014478683471679688,44.262671049509756,0.025318853020247827,150.50448608398438,106.90980529785156,11.828019142150879,34.28900146484375,24.539779663085938,36.264400482177734,0.8474138975143433,44.215885162353516,0.09395506978034973,"693,4610,157,2657,3388,415,4344,2099,3931,4469,784,1031,2953,228,28,2950",353.3542785644531,27579.37109375,,,,0
17,o_proj,gptq,5120,5120,0,0.002074432373046875,0.0014506912231445313,313.84161618683856,0.03353401626723495,924.958984375,538.578369140625,10.502290725708008,28.80681610107422,34.13922882080078,49.44538879394531,0.5691495537757874,313.27978515625,0.0684705600142479,"3788,3660,3404,3276,3532,4960,4704,3219,4287,3903,5088,4576,2155,2411,1299,4415",52.19613265991211,7361.3369140625,,,,0
17,gate_proj,gptq,13824,5120,0,0.002041965060763889,0.0014963220666956017,587.3892393585993,0.0186486788659715,2461.842041015625,1898.6055908203125,201.8333740234375,386.9210205078125,349.47882080078125,360.2025146484375,0.8206174969673157,586.63037109375,0.09252328425645828,"1307,4610,11,2657,228,2950,3593,4020,4938,388,1093,415,4517,3850,3553,1145",144.09071350097656,10431.126953125,,,,0
17,up_proj,gptq,13824,5120,0,0.0020277235243055555,0.0014987097846137153,570.8146170867258,0.017926754617071942,2469.60498046875,1923.3914794921875,204.50538635253906,381.13787841796875,341.2660827636719,357.65533447265625,0.8206174969673157,570.4219360351562,0.05864930897951126,"1307,4610,11,2657,228,2950,3593,4020,4938,388,1093,415,4517,4436,3553,1145",144.09071350097656,10431.126953125,,,,0
17,down_proj,gptq,5120,13824,0,0.001997220074688947,0.001514561971028646,937.2152732593831,0.02994499242871717,2894.6865234375,1928.833984375,41.37421798706055,76.05311584472656,63.561737060546875,53.61955642700195,0.16112880408763885,937.2298583984375,0.058412227779626846,"2843,3151,275,10118,13740,2485,12002,1276,13813,9825,6346,8745,3428,4509,13493,11159",33.76356887817383,2047.2415771484375,,,,0
18,q_proj,gptq,5120,5120,0,0.0020348358154296873,0.0014663314819335937,380.6536813881342,0.03232140071250395,1086.68603515625,731.7200927734375,89.22413635253906,290.66796875,267.1748046875,311.4910888671875,0.876015841960907,379.6900939941406,0.21261876821517944,"693,4610,157,3388,2657,415,2099,3931,1031,4344,4373,2953,2950,1824,3089,28",395.01202392578125,27150.36328125,,,,0
18,k_proj,gptq,1024,5120,0,0.0020158767700195314,0.0014589309692382812,115.20205649673979,0.0354622320787439,314.97735595703125,210.6163787841797,26.140201568603516,90.85955047607422,81.84759521484375,95.20458221435547,0.876015841960907,114.83502960205078,0.2168419063091278,"693,4610,157,3388,2099,2657,415,1824,2953,3931,4344,1031,2950,28,4373,2797",395.01202392578125,27150.36328125,,,,0
18,v_proj,gptq,1024,5120,0,0.0020275115966796875,0.0014757156372070313,47.021014352750015,0.024136114861092083,165.76718139648438,120.427490234375,13.004777908325195,36.699302673339844,25.840625762939453,39.75109100341797,0.876015841960907,46.90653610229492,0.08934994041919708,"4610,693,157,3388,2657,415,2099,1824,3931,4436,1031,2950,2797,4373,2953,4344",395.01202392578125,27150.36328125,,,,0
18,o_proj,gptq,5120,5120,0,0.002094879150390625,0.0014669418334960938,332.0821110495299,0.034101917800161335,961.1749267578125,560.48486328125,12.904290199279785,40.62060546875,42.94090270996094,65.79080963134766,0.7463070154190063,331.4539794921875,0.0710296630859375,"180,436,564,1508,296,1380,52,3446,1636,2042,3830,308,2170,2426,3574,358",43.656341552734375,7148.18896484375,,,,0
18,gate_proj,gptq,13824,5120,0,0.002036765769675926,0.0014865310103804976,582.7572888725554,0.018846605546426375,2430.07275390625,1875.70751953125,193.69259643554688,381.2650451660156,338.19305419921875,352.51983642578125,0.8341886401176453,581.90087890625,0.09923247992992401,"4610,1307,11,2657,2950,228,3593,4020,4938,655,1093,388,3553,3850,415,4517",138.29190063476562,11007.501953125,,,,0
18,up_proj,gptq,13824,5120,0,0.002032131618923611,0.0015077520299840858,584.8226749924361,0.01809852006120301,2517.503662109375,1962.3333740234375,202.32997131347656,388.4351806640625,338.0028381347656,361.00537109375,0.8341886401176453,584.51708984375,0.06814365833997726,"4610,1307,11,2657,2950,228,3593,4020,4938,1093,655,388,3553,415,3850,4517",138.29190063476562,11007.501953125,,,,0
18,down_proj,gptq,5120,13824,0,0.0020056689227068865,0.0015177126283998843,933.3491592761784,0.029612292690576743,2912.2080078125,1950.81396484375,41.11700439453125,76.21270751953125,66.55030822753906,59.19371795654297,0.3298451602458954,932.8058471679688,0.06351465731859207,"4865,7322,1440,2982,13195,990,9069,1935,358,3265,6040,9731,11041,12334,12278,9155",79.40444946289062,2772.4951171875,,,,0
19,q_proj,gptq,5120,5120,0,0.002030487060546875,0.0014738082885742188,415.23055156750274,0.03635479501291093,1122.8736572265625,748.5637817382812,106.95869445800781,349.4096984863281,330.22137451171875,365.48492431640625,0.856727659702301,413.806884765625,0.23794007301330566,"693,4610,157,3388,2099,415,4436,4373,1824,1031,3931,4517,2657,2953,28,4344",389.9362487792969,26110.955078125,,,,0
19,k_proj,gptq,1024,5120,0,0.00204620361328125,0.001459503173828125,111.79439935766784,0.0369260704030901,299.8655700683594,201.38848876953125,28.683298110961914,98.14814758300781,86.96409606933594,102.21011352539062,0.856727659702301,111.2860107421875,0.22769245505332947,"693,4610,157,3388,2099,1824,4436,415,4373,4517,2953,3931,1031,2657,28,2797",389.9362487792969,26110.955078125,,,,0
19,v_proj,gptq,1024,5120,0,0.0019989013671875,0.001458740234375,42.38257601782182,0.022909139269274636,153.27923583984375,112.1544418334961,13.669187545776367,43.01946258544922,28.24323272705078,44.842891693115234,0.856727659702301,42.2337646484375,0.09115706384181976,"693,4610,157,3388,2099,415,4436,1824,1031,4373,3931,4517,2797,28,2657,2953",389.9362487792969,26110.955078125,,,,0
19,o_proj,gptq,5120,5120,0,0.0020782089233398436,0.0014572525024414062,326.58691528505733,0.03493582132706904,942.0909423828125,537.60986328125,9.650079727172852,33.03046417236328,43.000057220458984,60.36767578125,0.6403772234916687,325.93145751953125,0.08546215295791626,"3131,803,1059,2619,1187,931,675,3003,2535,2151,5036,750,878,3247,2407,4524",73.69064331054688,9248.5693359375,,,,0
19,gate_proj,gptq,13824,5120,0,0.002049114086009838,0.0014870961507161458,586.1513556535647,0.019082909477103817,2435.583984375,1882.25341796875,200.61575317382812,398.81329345703125,361.5691833496094,378.46844482421875,0.8219380974769592,585.5185546875,0.10729766637086868,"11,4610,1307,2950,228,4020,4938,3593,4675,2657,655,2099,3850,1093,3553,2468",118.5238265991211,11934.1044921875,,,,0
19,up_proj,gptq,13824,5120,0,0.0020364408139829284,0.001505138255931713,586.7351767373184,0.018233149845013886,2523.0986328125,1969.713623046875,209.50466918945312,403.81781005859375,361.8258056640625,387.660888671875,0.8219380974769592,586.1483154296875,0.0696241557598114,"11,4610,1307,2950,228,4020,4938,3593,4675,2657,655,2099,1093,3850,3553,2468",118.5238265991211,11934.1044921875,,,,0
19,down_proj,gptq,5120,13824,0,0.002003818088107639,0.0015057457817925347,952.4547378553964,0.03039552623147142,2979.093017578125,2000.003662109375,42.764869689941406,80.768798828125,67.81468200683594,59.37122344970703,0.12966550886631012,952.6644897460938,0.06607387214899063,"12114,1669,8282,4135,9427,9916,1445,5459,1592,6764,6004,300,7285,9773,2150,8834",160.7314910888672,5080.7783203125,,,,0
20,q_proj,gptq,5120,5120,0,0.002028656005859375,0.0014795684814453126,446.8411069989919,0.03751647156788174,1181.690185546875,781.36865234375,102.25881958007812,345.93353271484375,333.8935241699219,375.09332275390625,0.8583909273147583,444.7639465332031,0.24732983112335205,"693,4610,157,3388,2099,4436,3931,2657,2953,1031,3653,4517,2950,228,415,4344",494.48931884765625,27283.8359375,,,,0
20,k_proj,gptq,1024,5120,0,0.0020519256591796874,0.0014469146728515625,135.34886637710161,0.04357023680790167,337.3045349121094,222.362548828125,29.985271453857422,106.1451416015625,108.65330505371094,114.97650146484375,0.8583909273147583,135.13230895996094,0.25835010409355164,"693,4610,3388,157,2099,3653,4436,1031,2950,2953,3931,1824,4517,1696,4373,415",494.48931884765625,27283.8359375,,,,0
20,v_proj,gptq,1024,5120,0,0.002027130126953125,0.001445770263671875,44.80066524178161,0.025003818606617434,156.11593627929688,113.39244079589844,12.405808448791504,41.40910720825195,26.1400146484375,41.88255310058594,0.8583909273147583,44.643096923828125,0.09659672528505325,"693,4610,157,3388,2099,4436,2950,2953,3653,2657,4517,1031,4344,3931,415,1824",494.48931884765625,27283.8359375,,,,0
20,o_proj,gptq,5120,5120,0,0.002071685791015625,0.0014401626586914061,318.2220979929989,0.03455676709718627,919.0599365234375,527.3201904296875,13.03832721710205,40.358604431152344,32.60957336425781,55.36642837524414,0.5842499136924744,317.52520751953125,0.06478063017129898,"1034,906,1162,4395,3989,778,650,4117,3861,4245,3387,3070,3259,2686,3515,3643",86.48465728759766,6073.865234375,,,,0
20,gate_proj,gptq,13824,5120,0,0.002026282416449653,0.0014747902199074073,582.9993515572569,0.01967322516246072,2361.946533203125,1811.447998046875,180.69366455078125,361.2645568847656,325.58917236328125,338.02313232421875,0.8228740096092224,582.5491333007812,0.11607912927865982,"11,4610,1307,2950,228,2099,4020,4938,655,3593,2657,1093,3553,2710,1466,2468",115.2637710571289,11487.11328125,,,,0
20,up_proj,gptq,13824,5120,0,0.002034476951316551,0.001507709644458912,615.6820123474754,0.018788044372030067,2578.8095703125,2000.7509765625,198.70004272460938,384.40911865234375,342.4447937011719,364.9666748046875,0.8228740096092224,615.2291259765625,0.07780825346708298,"11,4610,1307,2950,228,2099,4020,4938,655,3593,2657,1093,2710,3553,1466,693",115.2637710571289,11487.11328125,,,,0
20,down_proj,gptq,5120,13824,0,0.002002574779369213,0.001514576099537037,1006.8017591697626,0.03164778647038019,3068.931640625,2045.251220703125,42.5412712097168,78.68429565429688,66.4300765991211,66.44799041748047,0.5897058844566345,1006.5008544921875,0.13258269429206848,"9651,5069,12363,10156,12630,7472,13304,10482,500,13708,4985,3327,9022,6379,6768,12351",77.733154296875,2469.157470703125,,,,0
21,q_proj,gptq,5120,5120,0,0.00203369140625,0.0014807510375976563,374.1174944404753,0.030465249981037303,1110.6734619140625,750.59033203125,92.6282730102539,292.10662841796875,280.2583923339844,317.0498962402344,0.8422500491142273,373.2923583984375,0.24776877462863922,"693,4610,157,2099,3388,4344,2953,228,2657,1031,784,28,4373,3931,3089,2950",643.9725952148438,27729.625,,,,0
21,k_proj,gptq,1024,5120,0,0.00204010009765625,0.001468658447265625,112.53631570772734,0.03272793523684249,326.12744140625,217.95590209960938,27.314105987548828,92.83430480957031,89.61788940429688,96.28763580322266,0.8422500491142273,112.32610321044922,0.2534560263156891,"693,4610,2099,157,3388,228,2657,4344,2953,1031,2950,784,3931,1824,4373,28",643.9725952148438,27729.625,,,,0
21,v_proj,gptq,1024,5120,0,0.0020349502563476564,0.0014326095581054688,44.8925068184971,0.025768961571220238,150.5193328857422,105.71363067626953,12.442071914672852,34.716590881347656,26.854307174682617,36.841224670410156,0.8422500491142273,44.84218215942383,0.13604934513568878,"693,4610,157,2099,3388,228,2953,2657,1031,4344,3931,784,4373,28,1824,2797",643.9725952148438,27729.625,,,,0
21,o_proj,gptq,5120,5120,0,0.002073211669921875,0.0014491653442382812,295.1850730794831,0.031765801252914776,871.5309448242188,532.8709716796875,12.071124076843262,44.623268127441406,34.48030090332031,72.86796569824219,0.4981394410133362,294.70556640625,0.05894874036312103,"3258,3642,3514,3770,3987,4115,4243,3386,4371,2272,3859,2820,3076,2528,3184,2400",41.17498779296875,6890.49462890625,,,,0
21,gate_proj,gptq,13824,5120,0,0.0020478425202546295,0.0014860930266203704,575.4197507004719,0.019786876199838786,2317.326904296875,1784.270263671875,178.72137451171875,359.16778564453125,318.8900146484375,329.93597412109375,0.8272988796234131,574.7381591796875,0.11622396111488342,"11,4610,1307,2950,228,4938,2099,655,4020,3593,693,3553,1093,2468,2710,1466",88.04717254638672,11675.359375,,,,0
21,up_proj,gptq,13824,5120,0,0.0020300123426649306,0.001503894947193287,616.3463249593042,0.018937491343726666,2554.45458984375,1981.170654296875,197.8187255859375,385.1767578125,336.6753845214844,360.28363037109375,0.8272988796234131,615.7904052734375,0.07788015902042389,"11,4610,1307,2950,228,2099,4938,655,4020,3593,693,1093,3553,2710,1466,2468",88.04717254638672,11675.359375,,,,0
21,down_proj,gptq,5120,13824,0,0.0019995512785734955,0.0015144206859447338,902.0374646071577,0.028486541514349557,2944.73193359375,2024.0477294921875,39.753318786621094,71.84437561035156,57.28728485107422,54.38324737548828,0.6060213446617126,901.5597534179688,0.06559743732213974,"11493,2872,10710,13753,4500,583,949,8172,7415,12382,13754,8993,7512,9688,6729,9477",77.98551940917969,2620.62158203125,,,,0
22,q_proj,gptq,5120,5120,0,0.0020337295532226562,0.0014707183837890626,357.07326291326063,0.030566403485161396,1055.0516357421875,706.9508056640625,104.06639099121094,310.5173645019531,301.7772216796875,345.42755126953125,0.8054283857345581,356.4110107421875,0.2543397545814514,"693,157,3388,2099,4610,2953,4344,1031,1824,3931,2428,28,2657,228,2673,3089",510.6744079589844,21838.525390625,,,,0
22,k_proj,gptq,1024,5120,0,0.0020526885986328126,0.001477813720703125,113.15541853569704,0.037181808748726376,307.40521240234375,201.42977905273438,30.50498390197754,98.07373046875,103.81974792480469,113.56826782226562,0.8054283857345581,113.08218383789062,0.3130037784576416,"693,3388,2099,157,4610,2953,4344,1824,2428,1031,3931,28,2657,228,2673,3799",510.6744079589844,21838.525390625,,,,0
22,v_proj,gptq,1024,5120,0,0.0020111083984375,0.001470184326171875,54.70350816766454,0.027893480755551942,188.61032104492188,135.99032592773438,18.465633392333984,44.23008728027344,35.19931411743164,45.98677062988281,0.8054283857345581,54.57807922363281,0.09549622982740402,"693,157,4610,3388,2099,2953,1824,1031,2428,4344,3931,2657,228,28,415,2673",510.6744079589844,21838.525390625,,,,0
22,o_proj,gptq,5120,5120,0,0.002075843811035156,0.0014687347412109374,336.9662123587332,0.03363224045682696,989.08056640625,574.037109375,14.906457901000977,45.63752746582031,43.94683074951172,70.19288635253906,0.5049839615821838,336.1607666015625,0.05110064893960953,"4966,5094,4838,4710,3937,4449,115,4667,4193,371,627,499,2557,4582,2173,4321",28.918373107910156,5160.56005859375,,,,0
22,gate_proj,gptq,13824,5120,0,0.0020392806441695602,0.0014710744222005208,563.4385753274037,0.019481898547344587,2302.388427734375,1783.2474365234375,178.90895080566406,356.4613037109375,326.0247802734375,336.5621337890625,0.8063421249389648,562.8877563476562,0.116967111825943,"11,1307,4610,2950,228,4938,655,4020,2099,3593,2468,3553,2710,1466,1093,3532",73.60406494140625,11238.14453125,,,,0
22,up_proj,gptq,13824,5120,0,0.002029616744429977,0.0014998118082682292,607.6110733328678,0.018581174181143623,2559.7412109375,1993.30712890625,199.78713989257812,384.6248474121094,347.4312744140625,368.516845703125,0.8063421249389648,607.081298828125,0.08029946684837341,"11,4610,1307,2950,228,655,4938,4020,2099,3593,3553,2710,2468,1466,1093,4597",73.60406494140625,11238.14453125,,,,0
22,down_proj,gptq,5120,13824,0,0.0019963158501519096,0.0015150705973307292,893.2681681346075,0.028200130760162322,2944.54638671875,2041.80419921875,43.53356170654297,109.69821166992188,62.315792083740234,57.19341278076172,0.6037966012954712,941.7598876953125,0.2330034375190735,"11214,13790,8269,8083,2526,2955,12207,13173,3109,11892,6278,154,1373,3589,3487,8879",5539.1103515625,66013.828125,,,,0
23,q_proj,gptq,5120,5120,0,0.002034759521484375,0.001474456787109375,345.3954700891645,0.030911480976465414,1018.6595458984375,691.260009765625,106.41514587402344,286.890869140625,284.7621154785156,319.3492431640625,0.7786972522735596,344.984130859375,0.2526531517505646,"693,157,3388,2099,2953,4344,1031,4610,28,1824,3931,2428,2657,3089,2673,1754",451.8170166015625,18521.33984375,,,,0
23,k_proj,gptq,1024,5120,0,0.002028083801269531,0.0014484405517578125,99.12513803663569,0.034551116793588035,277.93634033203125,184.9358367919922,28.958097457885742,86.3831558227539,82.4640884399414,97.15994262695312,0.7786972522735596,98.90206909179688,0.2984200716018677,"693,157,2099,3388,2953,4344,4610,1824,1031,28,2428,2673,3931,2657,228,3089",451.8170166015625,18521.33984375,,,,0
23,v_proj,gptq,1024,5120,0,0.0020374298095703126,0.0014617919921875,52.557394150308824,0.02458169866745208,182.59303283691406,132.49818420410156,18.89257049560547,43.035736083984375,35.79364776611328,44.556976318359375,0.7786972522735596,52.416866302490234,0.1054476648569107,"693,157,2099,4344,3388,2953,4610,1824,1031,3931,28,2428,2673,2657,3799,228",451.8170166015625,18521.33984375,,,,0
23,o_proj,gptq,5120,5120,0,0.0020623397827148437,0.0014679336547851563,374.91621024286854,0.0351515153083534,1072.072998046875,614.59375,15.572845458984375,55.18557357788086,53.505741119384766,84.52513122558594,0.48247215151786804,374.1905212402344,0.05350080132484436,"3679,3807,3551,3295,4221,4477,426,778,1162,650,4349,3423,4093,3750,3014,1034",26.173736572265625,5852.154296875,,,,0
23,gate_proj,gptq,13824,5120,0,0.0020369211832682293,0.0014815012613932292,595.1476298693451,0.019831397261865034,2430.572265625,1878.109619140625,189.786376953125,384.2274169921875,366.885986328125,366.0937194824219,0.7854586243629456,593.5860595703125,0.12472553551197052,"11,1307,4610,2950,655,4938,228,4020,3593,2099,3553,2468,2710,1093,1466,2896",90.54568481445312,11917.2236328125,,,,0
23,up_proj,gptq,13824,5120,0,0.0020287549054181135,0.0015005888762297454,605.3249456242193,0.018650363669775974,2568.098388671875,1999.302001953125,201.42578125,396.76593017578125,374.98736572265625,383.3633728027344,0.7854586243629456,604.26806640625,0.08362588286399841,"11,4610,1307,2950,4938,655,228,4020,2099,3593,3553,2468,2710,1093,1466,1145",90.54568481445312,11917.2236328125,,,,0
23,down_proj,gptq,5120,13824,0,0.00200031421802662,0.001514576099537037,992.0490160920162,0.031486284862777957,3040.91259765625,2034.818359375,41.93686294555664,88.11507415771484,78.90525817871094,70.19032287597656,0.5990204811096191,991.2516479492188,0.0899244025349617,"7833,9808,11335,8734,9651,6620,7254,6962,8482,8095,4742,8616,10013,12845,9276,11813",669.5626220703125,8198.6162109375,,,,0
24,q_proj,gptq,5120,5120,0,0.0020313644409179687,0.001465606689453125,394.62304282842797,0.03289782049362853,1133.5279541015625,774.5968017578125,116.58908081054688,349.595703125,307.289794921875,397.3925476074219,0.8127543926239014,392.6872863769531,0.23440426588058472,"693,2099,157,4344,3388,2953,1031,1824,28,4610,2673,3931,2428,3799,228,1754",555.6334838867188,20476.576171875,,,,0
24,k_proj,gptq,1024,5120,0,0.002024269104003906,0.0014812469482421875,138.50363615240167,0.04224970351526998,352.07086181640625,231.1263885498047,37.04724884033203,117.95989227294922,105.57454681396484,138.77157592773438,0.8127543926239014,136.0338134765625,0.3012141287326813,"693,2099,157,2953,3388,1824,4344,1031,28,4610,3931,2428,2673,3799,228,2797",555.6334838867188,20476.576171875,,,,0
24,v_proj,gptq,1024,5120,0,0.0020162582397460936,0.0014642715454101563,45.307415400431466,0.024647478719596067,158.20599365234375,114.9853515625,15.615530014038086,41.17286682128906,31.455810546875,44.55852127075195,0.8127543926239014,45.19683837890625,0.11958766728639603,"693,157,2099,3388,2953,4344,1824,1031,28,4610,2673,3931,3799,2428,2657,1754",555.6334838867188,20476.576171875,,,,0
24,o_proj,gptq,5120,5120,0,0.0020791244506835936,0.0014758682250976562,332.2927653842189,0.03416394742425239,957.19580078125,562.005615234375,15.024085998535156,52.91996383666992,57.66464614868164,97.29805755615234,0.6605092883110046,331.01611328125,0.06437224894762039,"2786,2914,2658,4552,282,4808,3042,3170,749,154,4936,2027,538,4462,1261,1133",28.52720832824707,5466.0576171875,,,,0
24,gate_proj,gptq,13824,5120,0,0.0020403685393156827,0.0014791841860170717,604.6909502731869,0.01998941951985841,2413.3037109375,1854.10791015625,182.24484252929688,365.67034912109375,335.2879638671875,345.27691650390625,0.7110642790794373,603.582763671875,0.10490963608026505,"11,4610,2950,1307,4938,655,2099,2710,228,4020,3593,3553,2468,1466,1093,4436",102.96754455566406,10160.482421875,,,,0
24,up_proj,gptq,13824,5120,0,0.0020341943811487267,0.0015085008409288195,628.2024709433317,0.019330111832360917,2569.3603515625,1985.776611328125,195.18502807617188,380.9826354980469,349.5513610839844,362.831298828125,0.7110642790794373,627.54296875,0.07620838284492493,"11,4610,2950,1307,4938,655,2099,228,4020,2710,3593,3553,2468,1093,1466,4436",102.96754455566406,10160.482421875,,,,0
24,down_proj,gptq,5120,13824,0,0.002002249823676215,0.0015108885588469329,901.9303641604711,0.028601487392307307,2877.82373046875,1957.0732421875,38.82770919799805,75.23289489746094,71.41777038574219,68.97474670410156,0.37941309809684753,901.4779052734375,0.06820585578680038,"11501,4504,1769,2497,13682,12522,6878,7824,9653,9601,12333,10710,9523,10250,2762,4495",224.158447265625,4451.3310546875,,,,0
25,q_proj,gptq,5120,5120,0,0.002044219970703125,0.0014714813232421875,383.95265611634625,0.03375450274901613,1083.089599609375,721.8294067382812,130.4895782470703,397.3777160644531,373.8270568847656,466.56927490234375,0.8103173971176147,382.93548583984375,0.2749180197715759,"693,157,2099,3388,4344,1031,1824,28,2953,4610,2673,228,212,3931,2428,4469",487.3426818847656,19054.248046875,,,,0
25,k_proj,gptq,1024,5120,0,0.0020620346069335936,0.0014627456665039062,115.46208216466725,0.03887492678443449,308.7660827636719,202.40200805664062,37.27023696899414,122.22470092773438,119.80335235595703,141.3974609375,0.8103173971176147,114.85629272460938,0.3188471794128418,"693,157,2099,3388,1031,4344,1824,28,2953,4610,2673,228,212,3931,2428,4469",487.3426818847656,19054.248046875,,,,0
25,v_proj,gptq,1024,5120,0,0.0019983291625976563,0.0014207839965820312,53.1647893858352,0.031469306837064455,173.8498077392578,123.10472106933594,20.674747467041016,53.520484924316406,44.461524963378906,58.013671875,0.8103173971176147,52.76792907714844,0.1392558068037033,"693,157,1031,1824,4610,2099,3388,4344,28,2953,2428,3799,2673,2797,228,212",487.3426818847656,19054.248046875,,,,0
25,o_proj,gptq,5120,5120,0,0.0020992279052734373,0.0014675521850585937,333.6847495424445,0.03502639676888249,978.9320068359375,549.4004516601562,12.012289047241211,41.75281524658203,49.37091827392578,82.4195556640625,0.5285772681236267,332.9114074707031,0.06410326808691025,"2967,2453,2325,2583,1941,2839,2197,3095,3994,1053,797,3866,167,2711,4122,2069",41.92487335205078,7178.392578125,,,,0
25,gate_proj,gptq,13824,5120,0,0.0020346606219256366,0.0014686301902488426,579.6606183066033,0.01974402865604659,2346.406982421875,1798.580322265625,180.13516235351562,353.4306640625,323.607421875,344.0133056640625,0.752443790435791,579.00390625,0.10460617393255234,"11,4610,2950,4938,655,1307,2710,4020,228,2099,3593,1093,3553,1466,2468,1567",108.26150512695312,10127.89453125,,,,0
25,up_proj,gptq,13824,5120,0,0.002030874181676794,0.0015097017641420717,622.8074715104885,0.01895200787312097,2585.4765625,1993.7059326171875,199.69570922851562,381.30157470703125,349.22674560546875,373.2562255859375,0.752443790435791,622.2573852539062,0.07579116523265839,"11,4610,2950,4938,655,1307,4020,2099,228,2710,1093,3553,3593,1466,1567,2468",108.26150512695312,10127.89453125,,,,0
25,down_proj,gptq,5120,13824,0,0.0019995654070818865,0.0015123861807364006,880.5736954512413,0.027848389647602688,2859.85205078125,1962.759033203125,41.91200256347656,75.32330322265625,69.27588653564453,62.05418395996094,0.5541313886642456,880.4396362304688,0.0742376446723938,"9569,8438,6785,11641,1267,5616,4788,11856,9440,4934,2794,10483,13608,2182,10947,4876",98.04742431640625,1698.4022216796875,,,,0
26,q_proj,gptq,5120,5120,0,0.002037200927734375,0.00146514892578125,374.5565836644263,0.031762934095737876,1119.951171875,760.177978515625,114.39433288574219,336.39422607421875,328.61175537109375,409.7914123535156,0.811382532119751,373.32110595703125,0.27100610733032227,"693,157,2099,3388,4344,2953,228,1031,4610,28,1824,2428,2657,1754,3931,3089",570.3607177734375,20641.7421875,,,,0
26,k_proj,gptq,1024,5120,0,0.0020124435424804686,0.0014562606811523438,112.13085961479032,0.03378760825170279,320.79071044921875,216.28411865234375,32.85612487792969,103.61351013183594,102.04448699951172,124.34911346435547,0.811382532119751,111.94401550292969,0.3023923337459564,"693,2099,157,3388,4344,228,2953,4610,1031,1824,2428,28,3931,2673,2657,3799",570.3607177734375,20641.7421875,,,,0
26,v_proj,gptq,1024,5120,0,0.00207672119140625,0.0014408111572265625,40.59418598713913,0.025370125530714306,136.90435791015625,96.71681213378906,13.856719970703125,37.73155975341797,33.36901092529297,43.12445068359375,0.811382532119751,40.498756408691406,0.16604778170585632,"693,157,2099,3388,4344,228,2953,1031,4610,1824,2428,28,2657,3931,2673,3799",570.3607177734375,20641.7421875,,,,0
26,o_proj,gptq,5120,5120,0,0.002074432373046875,0.001448211669921875,295.78410655702464,0.03256902302846765,882.5308227539062,521.9948120117188,13.444605827331543,51.58797073364258,39.92670440673828,92.15446472167969,0.735253095626831,295.08575439453125,0.08261475712060928,"5114,4986,4858,4730,4602,1514,1268,1012,4115,756,1140,4243,884,1770,2820,1386",57.57502746582031,6174.2802734375,,,,0
26,gate_proj,gptq,13824,5120,0,0.0020199528446903934,0.0014547277379918981,568.2652243601624,0.02018089201228666,2303.67333984375,1771.4984130859375,182.95205688476562,359.27984619140625,362.10406494140625,365.5427551269531,0.784040093421936,567.4439697265625,0.11665155738592148,"11,4610,2950,4938,655,2099,1093,228,1307,2710,4020,1466,3593,1567,3553,4436",114.38301849365234,10704.9482421875,,,,0
26,up_proj,gptq,13824,5120,0,0.0020272996690538195,0.0015029342086226851,626.5288423139136,0.018831539266615602,2643.68017578125,2048.017578125,211.81634521484375,402.33001708984375,404.80596923828125,415.144287109375,0.784040093421936,626.2430419921875,0.08158119767904282,"11,4610,2950,4938,655,1093,2099,228,1307,4020,2710,1466,3593,1567,3553,4436",114.38301849365234,10704.9482421875,,,,0
26,down_proj,gptq,5120,13824,0,0.001993984646267361,0.0015174724437572338,876.5320190556085,0.0274394100955394,2922.473876953125,2032.7554931640625,46.59513473510742,82.16302490234375,91.5221176147461,76.50285339355469,0.8852754235267639,876.2009887695312,0.07838951796293259,"10212,2641,11593,1326,10013,6730,9278,2804,8577,10445,9900,5513,13306,8887,1556,6084",417.1895751953125,4237.212890625,,,,0
27,q_proj,gptq,5120,5120,0,0.0020257568359375,0.001480255126953125,358.8588029193288,0.030405331217128056,1071.31591796875,728.0626220703125,113.488037109375,328.96893310546875,375.99749755859375,413.624267578125,0.8011258840560913,357.9873046875,0.28603804111480713,"693,157,2099,3388,2953,4610,228,4344,1031,28,2428,1824,2657,3931,3799,2797",505.5097961425781,19927.455078125,,,,0
27,k_proj,gptq,1024,5120,0,0.002022552490234375,0.0014957427978515626,108.98043123789876,0.0323730325165253,323.6817932128906,218.5855255126953,34.34893798828125,102.77938842773438,109.77986907958984,129.01776123046875,0.8011258840560913,108.82644653320312,0.28349989652633667,"693,2099,3388,157,2953,228,4610,4344,1031,1824,2428,28,2657,3931,2797,3799",505.5097961425781,19927.455078125,,,,0
27,v_proj,gptq,1024,5120,0,0.0020532608032226562,0.0014568328857421874,48.26827869709251,0.026479147096166313,162.4289093017578,116.53738403320312,17.177154541015625,43.32049560546875,43.59431838989258,51.62605285644531,0.8011258840560913,48.2568244934082,0.16201108694076538,"693,2099,157,3388,2953,228,4610,4344,1031,1824,3799,2428,2657,2797,4373,3931",505.5097961425781,19927.455078125,,,,0
27,o_proj,gptq,5120,5120,0,0.0020778274536132815,0.0014481735229492187,301.4296803828329,0.032063856038828165,888.9134521484375,536.44384765625,18.910140991210938,65.16827392578125,51.11395263671875,109.9713134765625,0.6045121550559998,300.904296875,0.05850015953183174,"3267,3523,3395,3779,3651,3071,970,714,1098,2815,4562,842,1226,2943,4437,4946",75.53756713867188,6463.86181640625,,,,0
27,gate_proj,gptq,13824,5120,0,0.0020206592701099537,0.0014565503155743633,568.6877797534689,0.020741729255468973,2270.979736328125,1762.1171875,190.49169921875,388.57806396484375,406.2525634765625,417.291015625,0.7851288318634033,567.4072265625,0.12480973452329636,"11,4610,2950,655,1093,4938,228,2710,2099,1307,4020,1567,3553,3593,4436,1466",137.56565856933594,11818.173828125,,,,0
27,up_proj,gptq,13824,5120,0,0.0020329934579354746,0.001506183765552662,618.556295922026,0.01868515515848636,2625.38818359375,2045.069091796875,222.87693786621094,435.2490539550781,449.49713134765625,474.05328369140625,0.7851288318634033,618.052734375,0.08177224546670914,"11,4610,2950,1093,655,4938,2099,228,1307,2710,1567,4020,4436,3553,4794,3593",137.56565856933594,11818.173828125,,,,0
27,down_proj,gptq,5120,13824,0,0.002004326714409722,0.0015209904423466435,945.8132369235682,0.02957952712624473,3035.975341796875,2085.77001953125,55.876678466796875,99.60577392578125,126.87113952636719,114.2413101196289,0.8773772716522217,945.491455078125,0.09755464643239975,"13181,5347,460,4185,7730,8474,3623,4235,9227,3251,10982,11201,12898,12846,11960,4408",325.2079772949219,3635.184814453125,,,,0
28,q_proj,gptq,5120,5120,0,0.0020381927490234373,0.001470184326171875,332.8991303224689,0.031111613937644035,970.2662353515625,651.9463500976562,114.07389831542969,315.72314453125,401.4515380859375,408.6429138183594,0.7946056723594666,331.982177734375,0.31047502160072327,"693,157,2099,3388,2953,1031,1824,4344,28,2428,3931,228,2673,3799,1754,2657",408.66241455078125,16584.59765625,,,,0
28,k_proj,gptq,1024,5120,0,0.002026939392089844,0.0014768600463867187,88.64878946942935,0.03535936315408803,244.27011108398438,161.17372131347656,28.634761810302734,85.61946105957031,112.49874877929688,113.12548828125,0.7946056723594666,88.19602966308594,0.3592987358570099,"693,157,2099,3388,1824,2953,1031,28,4344,2428,2657,228,3931,1754,2673,3799",408.66241455078125,16584.59765625,,,,0
28,v_proj,gptq,1024,5120,0,0.0020147323608398437,0.0014537811279296876,60.38734207395975,0.025126007963124353,210.18406677246094,152.5079345703125,24.642345428466797,56.48674011230469,61.444847106933594,67.56365966796875,0.7946056723594666,60.282962799072266,0.1455937623977661,"693,157,1824,1031,2953,2099,4344,28,3388,2673,2428,3799,2657,228,2797,212",408.66241455078125,16584.59765625,,,,0
28,o_proj,gptq,5120,5120,0,0.002068939208984375,0.0014737701416015624,400.1858556979496,0.03666801688045518,1141.2952880859375,627.1871337890625,22.035127639770508,71.74417114257812,73.40735626220703,122.59481048583984,0.6877590417861938,398.96417236328125,0.06113871932029724,"3068,3017,1202,818,2978,2968,1074,3070,3025,3041,2989,3061,3015,2969,3013,3023",34.67181396484375,7049.88037109375,,,,0
28,gate_proj,gptq,13824,5120,0,0.0020310578522858796,0.0014724166304976851,585.5955618745647,0.02083565921031058,2292.084716796875,1820.8724365234375,189.3268585205078,417.4390563964844,435.08245849609375,445.64434814453125,0.7486163973808289,584.1302490234375,0.13813604414463043,"4610,2950,655,2710,4938,1093,11,1307,4020,2099,228,3593,3553,4436,1567,4794",164.80062866210938,13573.31640625,,,,0
28,up_proj,gptq,13824,5120,0,0.002040297896773727,0.0015030189796730324,634.687754528597,0.018654605452534258,2680.906494140625,2119.79296875,224.69113159179688,470.67401123046875,480.4481201171875,505.730712890625,0.7486163973808289,633.666748046875,0.09520544111728668,"4610,2950,655,1093,11,4938,2710,1307,4020,228,2099,3593,4436,4794,3553,1567",164.80062866210938,13573.31640625,,,,0
28,down_proj,gptq,5120,13824,0,0.0019939422607421877,0.001519846033166956,1058.2344176462248,0.03258198666516492,3184.4873046875,2133.582763671875,62.73337936401367,123.95159912109375,127.69292449951172,123.44395446777344,0.9278197288513184,1057.510009765625,0.09071474522352219,"6193,1743,5528,5743,4418,4544,12379,5370,1635,1596,9849,6290,1608,9215,8984,7148",666.0568237304688,9272.6904296875,,,,0
29,q_proj,gptq,5120,5120,0,0.0020369720458984376,0.0014670562744140624,345.01128962008806,0.03145146695451457,1018.3260498046875,699.195068359375,133.23191833496094,398.00970458984375,476.09295654296875,519.3461303710938,0.8066272139549255,344.08642578125,0.2866601049900055,"693,157,2099,3388,1031,2953,1824,2428,28,4610,3799,3931,2797,2657,2673,4344",378.6162109375,15925.7939453125,,,,0
29,k_proj,gptq,1024,5120,0,0.002047157287597656,0.0014570236206054687,114.79458730342003,0.04524108310228194,281.498046875,184.65597534179688,37.491729736328125,117.36111450195312,176.23855590820312,154.41940307617188,0.8066272139549255,113.92973327636719,0.38046547770500183,"693,157,1824,3388,2099,2953,1031,2428,4610,3799,28,2657,3931,2673,2797,4344",378.6162109375,15925.7939453125,,,,0
29,v_proj,gptq,1024,5120,0,0.0020030975341796876,0.001486968994140625,52.24283134721571,0.023675328269321193,193.41061401367188,142.63478088378906,24.828874588012695,64.75969696044922,61.68154525756836,74.013916015625,0.8066272139549255,52.13370132446289,0.12975549697875977,"693,157,1824,2953,3388,2099,1031,2428,3799,4610,28,3931,2657,2673,2797,4344",378.6162109375,15925.7939453125,,,,0
29,o_proj,gptq,5120,5120,0,0.0020948410034179687,0.0014584732055664062,370.2927001381163,0.03476140091365685,1065.329833984375,608.1412353515625,23.432003021240234,73.31317138671875,87.69749450683594,150.1372833251953,0.5799390077590942,369.38037109375,0.04642404988408089,"2866,1536,2794,1792,1664,1408,905,4232,4104,4360,777,2610,1280,1929,2738,1033",29.8668212890625,6088.24365234375,,,,0
29,gate_proj,gptq,13824,5120,0,0.0020325837311921295,0.0014666945845992476,578.7881146783475,0.020478073672766144,2277.650146484375,1800.4613037109375,195.69091796875,437.9257507324219,436.07159423828125,467.875244140625,0.7816178798675537,577.72412109375,0.13369736075401306,"655,2950,4610,2710,4938,1307,4020,1093,3593,3553,2099,4794,1567,4436,1466,11",185.04335021972656,13760.9345703125,,,,0
29,up_proj,gptq,13824,5120,0,0.00204127276385272,0.0014947114167390045,625.6456279149861,0.018360097169838534,2653.0537109375,2082.6064453125,231.7293701171875,485.21514892578125,486.87164306640625,529.556640625,0.7816178798675537,625.03173828125,0.09081850200891495,"4610,2950,655,4938,2710,1093,4020,1307,3593,3553,4794,1567,2099,4436,1466,11",185.04335021972656,13760.9345703125,,,,0
29,down_proj,gptq,5120,13824,0,0.0019981949417679397,0.0015260484483506944,1083.0613467514013,0.033163594926843794,3192.878662109375,2104.48583984375,71.52001190185547,136.95721435546875,148.58425903320312,135.79107666015625,0.6126578450202942,1081.79296875,0.08735836297273636,"6549,1810,3918,6114,3958,3128,3039,4698,11690,4107,9194,10797,9519,278,9514,2843",161.18911743164062,4272.30859375,,,,0
30,q_proj,gptq,5120,5120,0,0.0020253753662109377,0.0014769744873046875,310.9072739882281,0.02767879191227279,986.077880859375,686.3846435546875,124.0001220703125,354.04248046875,415.5457763671875,458.73443603515625,0.8142669200897217,310.2174072265625,0.28329941630363464,"693,157,2099,3388,2953,1031,1824,28,3799,2428,2657,4344,3931,2797,1754,2673",433.34375,16761.662109375,,,,0
30,k_proj,gptq,1024,5120,0,0.0020441055297851563,0.0014963150024414062,93.93922376689761,0.03505211201745109,256.2935791015625,176.83389282226562,32.32492446899414,105.68472290039062,134.42445373535156,139.59231567382812,0.8142669200897217,93.72599792480469,0.38798588514328003,"693,157,2099,3388,2953,1824,1031,3799,28,2428,2657,4344,3931,1754,4610,2797",433.34375,16761.662109375,,,,0
30,v_proj,gptq,1024,5120,0,0.0020429611206054686,0.0015153884887695312,55.50562559524346,0.02349293948574281,212.00115966796875,164.22763061523438,26.567256927490234,65.040283203125,63.984962463378906,77.16058349609375,0.8142669200897217,55.35355758666992,0.13455207645893097,"693,157,1824,2099,3799,1031,2953,2428,2797,4610,3388,28,3931,4344,415,2657",433.34375,16761.662109375,,,,0
30,o_proj,gptq,5120,5120,0,0.002064857482910156,0.0014788055419921876,378.18135702901236,0.03431610664495545,1107.835205078125,626.798095703125,30.164966583251953,91.00387573242188,92.50210571289062,161.92971801757812,0.6703067421913147,376.62689208984375,0.04170747101306915,"2314,2186,2058,2442,3756,2849,3628,3372,2593,3105,3244,2977,441,1823,1311,4125",41.8459358215332,4941.60693359375,,,,0
30,gate_proj,gptq,13824,5120,0,0.002032400060583044,0.0014650274206090856,594.522317623574,0.020789264015754587,2290.373779296875,1804.11962890625,202.46307373046875,461.90093994140625,450.36846923828125,487.48248291015625,0.760963499546051,593.8148193359375,0.1361321210861206,"655,2710,2950,4938,4610,4020,1093,3553,3593,4794,11,4436,1466,2099,1567,3532",204.4645233154297,13597.2900390625,,,,0
30,up_proj,gptq,13824,5120,0,0.0020500606960720488,0.0015112841570818867,631.4222788004845,0.01847730305127516,2637.2392578125,2064.097900390625,237.11048889160156,512.3607788085938,500.4132080078125,552.054443359375,0.760963499546051,630.803466796875,0.09247485548257828,"2950,4610,655,4938,2710,1093,4020,3553,3593,11,4794,1466,4436,2099,1567,3532",204.4645233154297,13597.2900390625,,,,0
30,down_proj,gptq,5120,13824,0,0.0019972624602141204,0.0015188429090711806,1125.6737266467835,0.03430359654612121,3205.96044921875,2067.520263671875,81.58424377441406,158.7826690673828,178.12423706054688,164.441162109375,0.9140053987503052,1125.11669921875,0.09978461265563965,"5627,9289,3252,5032,8768,1023,11021,5923,10944,9109,8053,1656,5758,9313,5097,4456",300.9422912597656,4874.53759765625,,,,0
31,q_proj,gptq,5120,5120,0,0.002062225341796875,0.0014737319946289062,297.2398754689857,0.02661459691221558,967.110595703125,681.6909790039062,123.5889663696289,344.0602111816406,422.89447021484375,445.3174133300781,0.8085051774978638,296.80291748046875,0.2857370972633362,"693,2099,157,3388,2953,1031,1824,28,3799,2797,2428,1754,3931,2657,4925,4610",515.5589599609375,17438.67578125,,,,0
31,k_proj,gptq,1024,5120,0,0.0020364761352539063,0.0014501571655273437,91.90529769430213,0.03433167769175348,252.66403198242188,173.64144897460938,32.24793243408203,100.45117950439453,144.6459503173828,130.91957092285156,0.8085051774978638,91.78234100341797,0.3888978064060211,"693,2099,157,3388,2953,1824,1031,28,2428,3799,3931,2797,4610,2657,1754,2673",515.5589599609375,17438.67578125,,,,0
31,v_proj,gptq,1024,5120,0,0.0020359039306640627,0.0015031814575195313,51.9972798179374,0.021014652785448697,202.93716430664062,152.363525390625,26.106740951538086,65.1942138671875,67.80429077148438,76.239501953125,0.8085051774978638,51.86478042602539,0.1567249298095703,"693,157,2099,2953,1031,1824,3388,3799,28,2797,2428,2657,4610,3931,1754,212",515.5589599609375,17438.67578125,,,,0
31,o_proj,gptq,5120,5120,0,0.0020624923706054686,0.0014809417724609376,353.47718710894696,0.03193876404892048,1040.780517578125,631.0928955078125,26.542858123779297,88.50920104980469,92.66741943359375,164.49453735351562,0.5556584000587463,352.2860107421875,0.043021511286497116,"4597,4853,4725,4981,5109,3809,4442,1549,4186,1293,1421,2150,2022,3169,4058,3930",20.335796356201172,4772.67529296875,,,,0
31,gate_proj,gptq,13824,5120,0,0.0020318773057725692,0.0014622723614728008,627.6733844895498,0.02152001896802684,2349.93310546875,1841.68798828125,232.31520080566406,561.1497802734375,533.038330078125,576.4949340820312,0.7247964143753052,626.316650390625,0.14101102948188782,"2710,655,4938,4610,2950,4020,3553,3593,1093,2468,3532,4436,2896,1466,4794,1567",262.79632568359375,14660.6533203125,,,,0
31,up_proj,gptq,13824,5120,0,0.002038913302951389,0.0015026092529296874,643.1963567415951,0.01890687220547418,2636.76025390625,2054.343017578125,265.3441162109375,605.862548828125,572.1932373046875,631.8245239257812,0.7247964143753052,642.4905395507812,0.09350663423538208,"2710,655,4938,4610,2950,4020,3553,1093,3593,3532,4436,1466,2468,2896,4794,1307",262.79632568359375,14660.6533203125,,,,0
31,down_proj,gptq,5120,13824,0,0.0019964430067274308,0.001524282384801794,1155.1545451750699,0.035262321865488076,3207.375244140625,2037.5576171875,100.0140380859375,199.09808349609375,206.32106018066406,181.34954833984375,0.611680269241333,1154.5753173828125,0.09632473438978195,"5755,308,6024,9938,13773,6550,3976,3574,13072,3443,6995,6200,11123,520,5511,10287",112.15050506591797,3889.595703125,,,,0
32,q_proj,gptq,5120,5120,0,0.002033882141113281,0.001471710205078125,310.3172312936167,0.02759684083212929,983.8583984375,689.3281860351562,133.12338256835938,407.31243896484375,439.79949951171875,511.73065185546875,0.7742578387260437,309.5059509277344,0.2351893037557602,"693,157,2099,2953,3388,1031,3931,1824,3799,4610,2797,2428,28,2657,4373,4436",385.57147216796875,15101.49609375,,,,0
32,k_proj,gptq,1024,5120,0,0.002046966552734375,0.00146636962890625,100.01669091771328,0.04066875092312919,251.16262817382812,165.0245361328125,35.15964889526367,107.06733703613281,151.1083526611328,135.3289794921875,0.7742578387260437,99.69475555419922,0.3244890868663788,"693,2099,157,3388,2953,1824,1031,3931,3799,4610,2797,2428,4436,2657,28,212",385.57147216796875,15101.49609375,,,,0
32,v_proj,gptq,1024,5120,0,0.00203094482421875,0.0014852523803710938,86.26265090039033,0.03554237713212413,239.17445373535156,183.4734344482422,33.61163330078125,93.13340759277344,91.42337036132812,104.92329406738281,0.7742578387260437,85.97766876220703,0.16262146830558777,"4436,4610,3799,2797,4373,2428,1738,415,693,157,4794,1824,4517,3931,2099,2953",385.57147216796875,15101.49609375,,,,0
32,o_proj,gptq,5120,5120,0,0.002101860046386719,0.0014755630493164063,365.21288885033573,0.03203461845533377,1066.4947509765625,648.198486328125,26.19399642944336,72.47535705566406,108.2054443359375,171.21661376953125,0.6745423674583435,364.68658447265625,0.05402717366814613,"3207,3591,3335,3719,37,3022,3463,421,165,671,799,549,293,4484,1183,927",39.778995513916016,5236.6494140625,,,,0
32,gate_proj,gptq,13824,5120,0,0.002043844152379919,0.0014707635950159143,627.7623639296307,0.021112344346556157,2377.7607421875,1844.380859375,257.27923583984375,594.9075927734375,599.7682495117188,617.0335693359375,0.682117760181427,626.7445068359375,0.13320812582969666,"2710,655,4938,2950,4020,4610,3553,3593,1093,2896,2468,1307,4794,3286,4436,1466",267.45269775390625,13202.9326171875,,,,0
32,up_proj,gptq,13824,5120,0,0.002041131478768808,0.0015128806785300927,637.6356274079808,0.01891805710884204,2604.67041015625,2009.15625,287.2880554199219,629.9495849609375,629.22900390625,664.88037109375,0.682117760181427,636.8538818359375,0.09199196100234985,"2710,655,4938,2950,4610,4020,3553,3593,1093,4794,2896,1307,4436,3286,2468,1466",267.45269775390625,13202.9326171875,,,,0
32,down_proj,gptq,5120,13824,0,0.0020019813820167823,0.0015177691424334491,1073.3076591845165,0.03286397360603639,3090.958251953125,1990.9722900390625,116.94503784179688,221.02908325195312,248.68560791015625,220.1644744873047,0.706078827381134,1072.2388916015625,0.0788751095533371,"3826,3349,6028,12830,13520,871,1551,3643,6346,6267,13129,8477,13555,5805,5122,11443",150.0107421875,4017.497314453125,,,,0
33,q_proj,gptq,5120,5120,0,0.0020420455932617185,0.001461334228515625,284.11346152911756,0.026206430738122264,934.3973388671875,664.0772705078125,145.2418670654297,400.4012451171875,507.4117431640625,515.9819946289062,0.7933197021484375,283.7255554199219,0.260267436504364,"693,2099,157,2953,3388,1031,3931,1824,3799,28,2428,2797,2657,4610,4373,1754",429.60150146484375,15525.3623046875,,,,0
33,k_proj,gptq,1024,5120,0,0.0020206451416015627,0.0014669418334960938,88.1470641324322,0.03605206976774147,234.24411010742188,157.43382263183594,36.565513610839844,106.67010498046875,171.47491455078125,137.341552734375,0.7933197021484375,87.878173828125,0.3676508665084839,"693,2099,157,2953,3388,1824,3799,3931,1031,2428,28,2797,4610,1754,2657,4373",429.60150146484375,15525.3623046875,,,,0
33,v_proj,gptq,1024,5120,0,0.0020244598388671877,0.0014799118041992187,61.70130275970064,0.023681437339707685,221.10812377929688,163.03221130371094,33.83015441894531,84.70184326171875,90.03520202636719,100.08596801757812,0.7933197021484375,61.61034393310547,0.13799579441547394,"693,157,2099,1824,2953,1031,3799,3931,2797,2428,3388,4610,28,4373,2657,4436",429.60150146484375,15525.3623046875,,,,0
33,o_proj,gptq,5120,5120,0,0.0021033477783203125,0.00149261474609375,348.7209696949867,0.03079635037073627,1049.115966796875,641.683837890625,30.890827178955078,89.6763916015625,108.20449829101562,183.0911865234375,0.7143116593360901,348.3720703125,0.043843016028404236,"668,924,1052,1180,970,796,2996,558,381,174,2612,714,1915,1403,1226,302",25.851041793823242,3498.698486328125,,,,0
33,gate_proj,gptq,13824,5120,0,0.0020467122395833332,0.0014719645182291667,667.2116490228364,0.02214913559252124,2437.3505859375,1889.872314453125,314.2615966796875,766.818359375,756.8565673828125,780.2926635742188,0.6973877549171448,665.9722290039062,0.155380979180336,"2710,655,4938,4020,2950,3553,4610,3593,2468,2896,1093,3286,1307,1145,3532,1466",302.2779846191406,14924.7880859375,,,,0
33,up_proj,gptq,13824,5120,0,0.002033304285120081,0.0015054773401331019,653.988862646991,0.01933876354020421,2625.08984375,2027.298095703125,344.47967529296875,796.4347534179688,760.9154052734375,824.2086181640625,0.6973877549171448,653.0694580078125,0.10504022985696793,"2710,4938,655,2950,4020,4610,3553,1093,3593,2896,2468,4436,1466,1307,4794,1145",302.2779846191406,14924.7880859375,,,,0
33,down_proj,gptq,5120,13824,0,0.0020017835828993057,0.0015178962990089698,1192.477375399818,0.03654480859489122,3219.618896484375,2016.489990234375,166.31936645507812,337.7136535644531,358.4052429199219,333.78271484375,0.7701747417449951,1190.7607421875,0.11427659541368484,"6192,5257,1439,8020,6033,8618,2685,10304,4294,3255,10431,3237,3172,5473,11370,9456",178.84449768066406,5701.58837890625,,,,0
34,q_proj,gptq,5120,5120,0,0.002039947509765625,0.0014646148681640625,282.31355615009215,0.02679777911137529,910.70849609375,647.9856567382812,157.37606811523438,463.1580810546875,558.5103759765625,598.8761596679688,0.79000324010849,281.8519287109375,0.2527407109737396,"693,2099,157,2953,1824,3388,3931,3799,2428,1031,28,4610,2797,2657,2673,1754",396.59991455078125,14477.4970703125,,,,0
34,k_proj,gptq,1024,5120,0,0.002044486999511719,0.001480865478515625,85.36500492244363,0.039093760178578595,215.22421264648438,138.8337860107422,37.81901550292969,111.27339172363281,170.19081115722656,144.98129272460938,0.79000324010849,85.19615936279297,0.3407008647918701,"693,2099,157,2953,1824,3388,3931,3799,2428,1031,4610,28,2797,2657,4436,1738",396.59991455078125,14477.4970703125,,,,0
34,v_proj,gptq,1024,5120,0,0.0020538330078125,0.0015096664428710938,80.02775815077848,0.03154113116538144,236.60305786132812,172.443115234375,40.75253677368164,111.47573852539062,123.10282135009766,134.884765625,0.79000324010849,79.79261779785156,0.1610313355922699,"693,2099,1824,157,3799,2953,3931,2428,4610,3388,1031,2797,2657,4436,1738,28",396.59991455078125,14477.4970703125,,,,0
34,o_proj,gptq,5120,5120,0,0.0020830535888671873,0.0014980316162109375,352.3575781879117,0.03109729140676467,1052.870849609375,645.6344604492188,28.15428352355957,85.90721130371094,144.12750244140625,206.56454467773438,0.41016140580177307,351.6488952636719,0.046342410147190094,"5051,4795,4667,1894,4539,4923,926,2201,3242,798,2073,3370,3754,1945,1510,3626",27.190692901611328,5013.04833984375,,,,0
34,gate_proj,gptq,13824,5120,0,0.0020422335024233218,0.0014791418004918983,687.2949209602375,0.022306794961295773,2491.62060546875,1905.7125244140625,375.56829833984375,932.5967407226562,883.3729248046875,919.8223266601562,0.6852309107780457,685.6944580078125,0.153863325715065,"2710,4938,655,4020,3553,2896,2950,2468,4610,3286,1145,3593,3532,1307,1684,3489",364.253662109375,15715.546875,,,,0
34,up_proj,gptq,13824,5120,0,0.0020414705629701966,0.0015175289577907987,648.3995815843082,0.019328931616480263,2594.179931640625,1994.070068359375,399.3287353515625,945.6973876953125,870.042724609375,940.6033325195312,0.6852309107780457,647.91748046875,0.09910350292921066,"2710,4938,655,3553,4020,2896,2950,4610,1145,3593,3286,2468,3532,1307,1684,3489",364.253662109375,15715.546875,,,,0
34,down_proj,gptq,5120,13824,0,0.002005852593315972,0.0015213153980396413,1323.0666031821706,0.040551430217516886,3327.701904296875,1991.215087890625,199.95941162109375,427.9368896484375,443.7623291015625,371.1524963378906,0.27455684542655945,1321.605712890625,0.1416110247373581,"4352,3491,9804,10456,11994,2751,8897,5920,1990,12179,8317,5814,3549,1703,6910,716",58.3819694519043,6178.57666015625,,,,0
35,q_proj,gptq,5120,5120,0,0.0020560455322265626,0.0014872360229492188,330.2506922873954,0.02937510104595356,995.5645751953125,681.54150390625,140.65872192382812,466.384033203125,521.6639404296875,564.2530517578125,0.8295340538024902,329.59136962890625,0.25018882751464844,"693,2099,157,2953,3388,3799,3931,4610,1824,1031,2428,2797,4373,4436,2657,28",484.2364807128906,18399.109375,,,,0
35,k_proj,gptq,1024,5120,0,0.00204315185546875,0.0014995574951171876,98.23411290089734,0.039006611353841876,248.48570251464844,163.75613403320312,35.93951416015625,123.17174530029297,162.85772705078125,146.6862335205078,0.8295340538024902,98.15768432617188,0.3180411756038666,"693,2099,157,2953,3388,3931,4610,3799,2428,1824,1031,4436,4373,2797,4794,4517",484.2364807128906,18399.109375,,,,0
35,v_proj,gptq,1024,5120,0,0.0020238876342773436,0.0014921188354492187,89.07447602064826,0.0343270778055391,246.98440551757812,176.65621948242188,35.45306396484375,106.78292083740234,118.04937744140625,126.69676208496094,0.8295340538024902,88.75015258789062,0.21833361685276031,"693,2099,157,2953,3799,4610,1824,2797,4436,3931,2428,4373,3388,1031,2657,4794",484.2364807128906,18399.109375,,,,0
35,o_proj,gptq,5120,5120,0,0.0020757293701171874,0.001466217041015625,384.82615627261384,0.03418517818287309,1098.7247314453125,641.412109375,48.91682815551758,142.5304412841797,193.5331268310547,354.2474670410156,0.6625754833221436,383.9441223144531,0.05204244703054428,"4124,4252,3868,3996,4380,4726,4598,4854,5110,501,1825,4982,391,1441,1569,629",49.19430923461914,7007.185546875,,,,0
35,gate_proj,gptq,13824,5120,0,0.0020472632514105904,0.001481557775426794,706.3345260405913,0.022392427344790952,2549.99755859375,1934.6083984375,434.3617858886719,1085.995361328125,1001.222412109375,1049.73193359375,0.7008144855499268,705.1260375976562,0.1417769193649292,"2710,4938,655,2896,4020,2950,3553,1307,3593,2468,3286,4610,1684,1145,3532,315",389.67559814453125,15847.8857421875,,,,0
35,up_proj,gptq,13824,5120,0,0.0020386731183087386,0.001509786535192419,661.8170872633054,0.01981563604288924,2599.0703125,1978.981201171875,450.93463134765625,1080.665283203125,966.7677001953125,1054.63037109375,0.7008144855499268,661.03369140625,0.09396455436944962,"2710,4938,2950,2896,655,4020,3553,3593,1307,4610,3286,1684,1145,2468,315,4436",389.67559814453125,15847.8857421875,,,,0
35,down_proj,gptq,5120,13824,0,0.0020069122314453126,0.0015175289577907987,1351.2104315253655,0.04143549226218078,3352.13623046875,1981.135009765625,249.2321014404297,534.8056640625,490.3917236328125,472.90118408203125,0.9146450757980347,1349.709228515625,0.12192545086145401,"8724,51,335,12221,11108,785,8737,12482,27,12478,11644,8969,4201,2434,10685,2475",330.2526550292969,6502.91064453125,,,,0
36,q_proj,gptq,5120,5120,0,0.0020306015014648435,0.00148101806640625,311.0889324107842,0.030635399801586458,917.7138061523438,615.0770263671875,177.05487060546875,535.08837890625,622.54443359375,683.719970703125,0.8313608765602112,310.4014892578125,0.23317652940750122,"693,2099,157,3931,2953,3799,1824,3388,1031,2428,4436,2797,4610,2657,28,415",375.8457946777344,14562.236328125,,,,0
36,k_proj,gptq,1024,5120,0,0.002068328857421875,0.001479339599609375,87.93856148928893,0.046243386192823456,203.59107971191406,125.08297729492188,41.049644470214844,123.08159637451172,203.2701416015625,156.438232421875,0.8313608765602112,87.63981628417969,0.31086376309394836,"693,2099,157,3931,1824,2953,3388,2428,3799,1031,4436,4610,2657,2797,28,4517",375.8457946777344,14562.236328125,,,,0
36,v_proj,gptq,1024,5120,0,0.0020641326904296876,0.0014795303344726563,126.40961992259295,0.04128663602489418,312.9524230957031,231.43673706054688,63.606475830078125,179.65472412109375,192.8729248046875,210.0424041748047,0.8313608765602112,125.79170989990234,0.19061370193958282,"693,157,3799,4436,1824,4610,3931,2428,415,2797,1031,4517,2953,1738,2245,2099",375.8457946777344,14562.236328125,,,,0
36,o_proj,gptq,5120,5120,0,0.0021214675903320312,0.001487579345703125,429.91656641552527,0.034214953139569876,1245.2957763671875,710.8814697265625,39.807579040527344,114.79891967773438,279.1961364746094,374.8891296386719,0.3656574785709381,428.816162109375,0.028326639905571938,"279,23,151,407,535,3878,2788,927,799,1183,4006,2173,4134,3044,4262,4158",46.54145431518555,9400.0068359375,,,,0
36,gate_proj,gptq,13824,5120,0,0.0020449885615596063,0.0014677824797453703,706.1993072708719,0.02246801559766828,2536.614990234375,1901.49853515625,468.10247802734375,1163.272705078125,1091.14404296875,1119.64453125,0.695203423500061,705.246337890625,0.13808000087738037,"2710,4938,2896,3593,4020,3553,2950,655,1307,1576,1684,3286,2468,4610,1145,315",390.977783203125,15188.98828125,,,,0
36,up_proj,gptq,13824,5120,0,0.0020431377269603587,0.001510549474645544,676.9848696327826,0.020191005954959783,2616.014892578125,1967.328857421875,491.20733642578125,1173.6085205078125,1081.0638427734375,1142.1461181640625,0.695203423500061,676.240234375,0.09465091675519943,"2710,4938,2896,3593,2950,3553,4020,655,1307,1576,1684,3286,4610,1145,2468,315",390.977783203125,15188.98828125,,,,0
36,down_proj,gptq,5120,13824,0,0.002007618656864873,0.0015235618308738427,1342.0271952324892,0.04079676745315319,3341.91064453125,1976.2655029296875,306.67138671875,661.3143310546875,606.4204711914062,503.90093994140625,0.3616868853569031,1340.719482421875,0.1197144165635109,"8751,10432,6475,3405,11456,11446,3901,7842,17,2540,13348,9806,4876,4418,10606,3669",117.23193359375,6688.6806640625,,,,0
37,q_proj,gptq,5120,5120,0,0.0020311737060546876,0.0014780426025390624,337.40191821714774,0.03136286804706663,978.418701171875,649.8731079101562,177.09457397460938,542.2406616210938,611.4462890625,697.0374755859375,0.8219761848449707,336.56097412109375,0.2081008106470108,"693,2099,157,2953,3388,3931,3799,1824,2428,4436,4610,2797,1031,4517,4373,4794",302.6866149902344,13716.2490234375,,,,0
37,k_proj,gptq,1024,5120,0,0.0020412445068359376,0.0014583587646484375,102.94431019591165,0.04685486860970306,235.0782012939453,140.72341918945312,45.272789001464844,127.27688598632812,188.22735595703125,167.17947387695312,0.8219761848449707,102.60595703125,0.2688588798046112,"693,2099,157,3388,2953,3931,3799,1824,4610,4436,2428,2797,1031,4517,3653,4794",302.6866149902344,13716.2490234375,,,,0
37,v_proj,gptq,1024,5120,0,0.0020532608032226562,0.0015035629272460937,135.83151245881456,0.049456151199972306,302.4040832519531,203.1039581298828,60.68791198730469,155.85972595214844,180.25209045410156,178.2222900390625,0.8219761848449707,135.37579345703125,0.19671839475631714,"4436,4610,4517,4373,2245,3653,3799,1696,2797,4794,415,993,388,1093,1738,351",302.6866149902344,13716.2490234375,,,,0
37,o_proj,gptq,5120,5120,0,0.0021232986450195313,0.0015009689331054689,401.4328495868916,0.03348558538600423,1119.486083984375,678.2444458007812,50.19032287597656,122.28302001953125,274.56146240234375,388.0187683105469,0.6090531349182129,400.5937194824219,0.050887200981378555,"4630,681,1065,937,1193,4502,4886,4758,809,1089,5014,2473,961,4256,1104,2964",42.93275833129883,6271.93994140625,,,,0
37,gate_proj,gptq,13824,5120,0,0.0020308035391348378,0.0014720775462962962,692.3507340902725,0.021838967936458873,2531.06201171875,1878.5953369140625,514.2839965820312,1249.0260009765625,1178.4876708984375,1182.7958984375,0.6540190577507019,690.87939453125,0.13431067764759064,"2710,11,4938,2896,3593,1307,4020,655,3553,2950,1576,1684,3286,4610,1145,2468",398.1754150390625,15139.4853515625,,,,0
37,up_proj,gptq,13824,5120,0,0.0020443527786820023,0.0015187863950376157,668.2947227334371,0.01992107753993391,2604.869140625,1951.884033203125,538.5755615234375,1278.4835205078125,1168.668701171875,1215.43212890625,0.6540190577507019,667.3306884765625,0.09264929592609406,"2710,11,4938,2896,3593,1307,4020,3553,2950,655,1576,1684,3286,4610,1145,315",398.1754150390625,15139.4853515625,,,,0
37,down_proj,gptq,5120,13824,0,0.0019933206063729746,0.001519775390625,1317.0703423967216,0.03993590825834349,3302.5927734375,1957.779541015625,340.43731689453125,727.1646118164062,717.0849609375,542.8292846679688,0.09117569029331207,1316.02392578125,0.11834628880023956,"9895,7313,1123,4302,2927,4620,1229,7386,5307,10500,10751,8477,10016,981,13518,4413",159.50857543945312,6809.20166015625,,,,0
38,q_proj,gptq,5120,5120,0,0.00205810546875,0.0014839553833007812,307.11501494608456,0.02887697862665259,934.3365478515625,636.8765869140625,174.7724609375,527.1885986328125,590.1982421875,703.05859375,0.8389758467674255,306.69384765625,0.22113944590091705,"693,2099,3931,157,2953,3388,3799,1824,2428,2797,4610,4436,415,1031,4373,4794",316.54718017578125,14200.0908203125,,,,0
38,k_proj,gptq,1024,5120,0,0.0020473480224609377,0.0014703750610351562,93.9941965875696,0.04579243635749398,217.12484741210938,137.3497314453125,43.021583557128906,125.25672912597656,192.70159912109375,163.1085662841797,0.8389758467674255,93.88180541992188,0.30063796043395996,"693,2099,3931,157,2953,1824,3799,3388,4436,2428,4610,2797,1031,4794,4373,415",316.54718017578125,14200.0908203125,,,,0
38,v_proj,gptq,1024,5120,0,0.0020441055297851563,0.0015172958374023438,124.61219506332782,0.04202118226187979,302.8443908691406,207.76251220703125,60.46424865722656,157.78302001953125,204.39649963378906,188.60263061523438,0.8389758467674255,124.15470123291016,0.20967859029769897,"693,4436,2099,3931,3799,4610,157,4517,1824,415,2797,2428,4794,3653,2953,2245",316.54718017578125,14200.0908203125,,,,0
38,o_proj,gptq,5120,5120,0,0.002086181640625,0.0014857864379882813,353.815651924524,0.029566653362404254,1074.981201171875,676.9439697265625,48.525413513183594,136.20095825195312,268.64093017578125,418.4693603515625,0.5548104643821716,353.4848937988281,0.038543395698070526,"1512,1384,1768,1640,1896,2294,4444,2208,2038,4786,4837,5042,4501,4188,4227,1952",34.73179626464844,6139.3876953125,,,,0
38,gate_proj,gptq,13824,5120,0,0.0020271018699363425,0.0014819533736617476,667.0517990141525,0.02107362733292412,2498.16943359375,1855.52001953125,566.910888671875,1361.1297607421875,1302.473388671875,1299.154541015625,0.6458674669265747,666.2938232421875,0.12473893165588379,"2710,4938,2896,4020,3593,1307,1576,3553,3286,1684,2950,1145,655,11,2468,315",379.2503356933594,14592.7109375,,,,0
38,up_proj,gptq,13824,5120,0,0.0020563054967809606,0.0015208632857711226,657.3789603987243,0.019444901805740888,2604.8369140625,1951.162841796875,601.23583984375,1399.793212890625,1321.509765625,1355.1263427734375,0.6458674669265747,656.5616455078125,0.0869714766740799,"2710,4938,2896,4020,3593,1307,1576,1684,3286,3553,2950,1145,655,11,315,2468",379.2503356933594,14592.7109375,,,,0
38,down_proj,gptq,5120,13824,0,0.0020026030363859953,0.0015228130199291087,1302.8528711733754,0.03909693646456863,3295.19189453125,1948.920654296875,384.309326171875,819.673095703125,799.5104370117188,589.9974975585938,0.09332841634750366,1301.731201171875,0.10030104964971542,"6880,6743,4237,11395,8265,7584,4562,2803,3473,3818,7964,1021,11509,1944,1736,10515",117.78156280517578,6299.88330078125,,,,0
39,q_proj,gptq,5120,5120,0,0.002035484313964844,0.001471710205078125,308.8812014780997,0.03027341027430459,913.5198364257812,619.3330078125,178.91445922851562,515.8375244140625,647.32373046875,695.4847412109375,0.8235092163085938,308.28436279296875,0.23196788132190704,"693,2099,157,3931,2953,3799,1824,3388,2428,4436,2797,1031,415,4373,4610,2657",289.6127014160156,13786.8271484375,,,,0
39,k_proj,gptq,1024,5120,0,0.0020153045654296873,0.00146942138671875,82.24674138997943,0.04098371488432128,201.71701049804688,130.5104522705078,40.980743408203125,117.39912414550781,193.6949462890625,159.30581665039062,0.8235092163085938,82.30651092529297,0.2997099757194519,"693,2099,3931,157,2953,3799,3388,1824,4436,2428,1031,4373,415,2797,4610,2657",289.6127014160156,13786.8271484375,,,,0
39,v_proj,gptq,1024,5120,0,0.0020742416381835938,0.0014636993408203125,116.73936927838076,0.0339441744048323,320.61456298828125,234.5402069091797,64.63307189941406,170.9100341796875,206.33255004882812,208.16354370117188,0.8235092163085938,116.173828125,0.17214201390743256,"693,4436,3799,2099,3931,4517,415,4373,1824,2245,2428,157,4794,2953,2797,4610",289.6127014160156,13786.8271484375,,,,0
39,o_proj,gptq,5120,5120,0,0.0020849227905273436,0.0015079498291015625,380.29637888252546,0.030572051637406415,1137.548828125,704.3751831054688,64.7196273803711,166.5183563232422,370.39569091796875,595.810302734375,0.4711647033691406,379.6502685546875,0.045848846435546875,"2664,1176,2640,2792,920,2768,3048,2896,1048,3024,3176,3152,664,2920,346,90",36.57477569580078,4549.52294921875,,,,0
39,gate_proj,gptq,13824,5120,0,0.0020417955186631943,0.0014822076868127893,661.3554689271841,0.02094573312915809,2489.963623046875,1845.563720703125,617.8359375,1466.8709716796875,1393.82177734375,1398.3477783203125,0.6761952638626099,660.1357421875,0.12186088413000107,"2710,11,4938,2896,1307,4020,3593,3553,1684,3286,1576,2950,1145,655,2468,315",354.57830810546875,13965.0029296875,,,,0
39,up_proj,gptq,13824,5120,0,0.002043490939670139,0.0015146326135706018,658.8219126534241,0.01935840610376054,2620.46240234375,1962.2208251953125,661.3352661132812,1529.099609375,1430.6129150390625,1467.80224609375,0.6761952638626099,658.1263427734375,0.08570260554552078,"2710,11,4938,2896,1307,4020,3593,1576,1684,3553,1145,3286,2950,655,315,2468",354.57830810546875,13965.0029296875,,,,0
39,down_proj,gptq,5120,13824,0,0.0020004555031105323,0.001530866269712095,1341.483266763782,0.04001350597243936,3337.3701171875,1952.2982177734375,454.21807861328125,984.609619140625,955.39501953125,696.0665283203125,0.2778260409832001,1340.5479736328125,0.107074074447155,"9456,12742,1550,6663,5996,430,2344,9909,1036,12728,7049,8467,9081,11954,10913,1571",123.04517364501953,6781.0732421875,,,,0
40,q_proj,gptq,5120,5120,0,0.0020528411865234374,0.0014599227905273437,323.96225598478077,0.033342990702244286,904.4906616210938,589.116455078125,193.99774169921875,534.4816284179688,707.2053833007812,771.9864501953125,0.8323073983192444,323.386474609375,0.2016463428735733,"693,2099,3931,157,2953,3799,1824,3388,2428,4436,2797,1031,4517,415,3653,4373",228.84490966796875,11285.7783203125,,,,0
40,k_proj,gptq,1024,5120,0,0.0020452499389648437,0.00147705078125,91.14125080119572,0.051772951703350716,198.11984252929688,119.31971740722656,46.58141326904297,117.871826171875,215.8179931640625,172.87696838378906,0.8323073983192444,90.99850463867188,0.284008264541626,"693,2099,3931,157,1824,3799,2953,3388,2428,4436,1031,4517,2797,415,3653,1738",228.84490966796875,11285.7783203125,,,,0
40,v_proj,gptq,1024,5120,0,0.0020488739013671876,0.0015003204345703125,163.06590220428282,0.047459829372940424,370.5087890625,246.78378295898438,87.64578247070312,204.0345458984375,276.1372985839844,255.81951904296875,0.8323073983192444,162.13247680664062,0.21487967669963837,"3931,4436,4517,3653,3799,415,2245,993,1738,2797,4373,693,1696,3978,4610,1685",228.84490966796875,11285.7783203125,,,,0
40,o_proj,gptq,5120,5120,0,0.0021185302734375,0.0015186309814453126,416.603351691856,0.03300119790371819,1176.4422607421875,714.5858764648438,50.51250457763672,169.63101196289062,419.9603576660156,513.3426513671875,0.4097263216972351,416.0045166015625,0.029238246381282806,"695,823,1079,1207,951,4346,4218,4474,3446,4137,4090,3316,2692,2948,2820,3962",45.27482223510742,6353.91455078125,,,,0
40,gate_proj,gptq,13824,5120,0,0.0020375852231626157,0.0014869831226490163,653.9633603342809,0.020762149943154118,2479.337158203125,1835.583251953125,655.4530029296875,1547.9114990234375,1470.3076171875,1441.0823974609375,0.6611621379852295,652.5087890625,0.11878722161054611,"2710,4938,11,2896,1307,4020,3593,2950,3286,1145,1684,3553,1576,655,2468,315",311.691162109375,13156.4912109375,,,,0
40,up_proj,gptq,13824,5120,0,0.0020433072690610532,0.0015249888102213541,655.6371192194056,0.01917817185492683,2625.0087890625,1967.306396484375,706.2715454101562,1637.7900390625,1514.6292724609375,1545.408935546875,0.6611621379852295,654.86767578125,0.08164703845977783,"2710,11,4938,1307,2896,4020,3593,2950,1684,3286,1576,1145,3553,655,315,3489",311.691162109375,13156.4912109375,,,,0
40,down_proj,gptq,5120,13824,0,0.0020034366183810763,0.0015313325104890046,1310.3780131202293,0.0388474442451448,3311.47900390625,1953.283447265625,508.73236083984375,1147.204833984375,973.1875,718.898193359375,0.4258018434047699,1308.732666015625,0.08869116753339767,"2879,8058,12973,9045,5821,4529,5312,13484,11743,4896,8898,13668,3719,3413,6526,4480",251.19752502441406,9043.9267578125,,,,0
41,q_proj,gptq,5120,5120,0,0.0020517349243164063,0.0014498138427734375,296.07808148835466,0.03040958476624606,877.444091796875,589.0895385742188,196.7808837890625,498.4445495605469,648.85498046875,675.5675048828125,0.7731183767318726,295.52117919921875,0.17214785516262054,"693,3931,2099,157,2953,2428,3799,3388,4436,1824,4517,4373,4610,2797,415,1738",133.1319580078125,9039.7314453125,,,,0
41,k_proj,gptq,1024,5120,0,0.002056884765625,0.0014642715454101563,76.61986628086743,0.04369728815810599,182.19615173339844,116.46585083007812,43.43181610107422,107.07121276855469,180.79660034179688,144.90281677246094,0.7731183767318726,76.3210678100586,0.25209927558898926,"693,3931,2099,157,2953,3388,1824,2428,4436,4517,3799,4610,415,4373,1738,388",133.1319580078125,9039.7314453125,,,,0
41,v_proj,gptq,1024,5120,0,0.0020299911499023437,0.00147857666015625,150.47326198618794,0.04070315719989971,370.006103515625,247.88919067382812,89.38796997070312,202.2906494140625,271.93505859375,245.82412719726562,0.7731183767318726,149.8826904296875,0.20417843759059906,"4436,4517,3799,388,4373,3653,3931,993,415,2245,1685,4794,1738,2428,2317,1696",133.1319580078125,9039.7314453125,,,,0
41,o_proj,gptq,5120,5120,0,0.0020891571044921874,0.0015173721313476562,396.4359935615173,0.030431246704965272,1175.316650390625,737.54052734375,47.04360580444336,132.03585815429688,522.1057739257812,656.3958740234375,0.5192292928695679,395.86541748046875,0.03879924118518829,"4501,4629,4757,860,4885,5013,3904,1114,4513,783,1039,1242,4641,318,1167,1132",53.55915451049805,7473.83056640625,,,,0
41,gate_proj,gptq,13824,5120,0,0.0020401424831814237,0.0014834509955512153,632.2112438618205,0.02014731090103311,2452.615966796875,1821.94287109375,695.2978515625,1589.90576171875,1599.05419921875,1528.004638671875,0.6677111387252808,631.4210815429688,0.11059334874153137,"11,4938,2710,1307,3593,2896,4020,1145,1684,2950,1576,3286,3553,655,315,3489",240.62631225585938,11679.916015625,,,,0
41,up_proj,gptq,13824,5120,0,0.00203974688494647,0.001532194349500868,646.9683165135793,0.018777558728375342,2631.458251953125,1978.29150390625,758.1744384765625,1700.361328125,1664.4613037109375,1653.1259765625,0.6677111387252808,646.4520263671875,0.07710263878107071,"11,4938,2710,1307,3593,2896,1145,2950,1684,4020,1576,3553,3286,655,315,3489",240.62631225585938,11679.916015625,,,,0
41,down_proj,gptq,5120,13824,0,0.002001105414496528,0.00153468096697772,1291.3099425010223,0.0379573065893404,3301.659423828125,1959.709228515625,568.40869140625,1233.9139404296875,1093.105224609375,765.921875,0.5850976705551147,1289.892333984375,0.0858391672372818,"7024,181,1748,5652,6942,12191,6200,11373,2422,4707,5112,9221,2092,12408,10155,3665",291.79962158203125,8296.583984375,,,,0
42,q_proj,gptq,5120,5120,0,0.0020417022705078126,0.0014557647705078125,334.6881368456122,0.033423782970707326,932.6997680664062,613.200439453125,189.74819946289062,531.8235473632812,675.8472900390625,738.9749755859375,0.801904559135437,334.0699462890625,0.19748848676681519,"693,3931,2099,157,3799,1824,2953,4436,2428,3388,415,4517,993,3653,1031,388",188.23214721679688,10562.2685546875,,,,0
42,k_proj,gptq,1024,5120,0,0.001988792419433594,0.0014556884765625,94.44247620914817,0.055374560867591224,197.80322265625,114.69879150390625,46.054962158203125,109.87395477294922,207.06307983398438,156.16973876953125,0.801904559135437,94.37095642089844,0.2975200414657593,"693,3931,2099,157,1824,3799,4436,2953,3388,2428,415,3653,993,4517,388,1031",188.23214721679688,10562.2685546875,,,,0
42,v_proj,gptq,1024,5120,0,0.002029228210449219,0.0014841079711914063,196.34644342682756,0.05513706965727693,412.3507080078125,249.95362854003906,98.67088317871094,205.28857421875,310.839599609375,250.89198303222656,0.801904559135437,195.53509521484375,0.23795488476753235,"4436,4517,3653,388,2317,3799,993,3931,415,2245,1696,3943,3896,1738,4402,1435",188.23214721679688,10562.2685546875,,,,0
42,o_proj,gptq,5120,5120,0,0.0021002960205078127,0.001517181396484375,406.41134887363296,0.031671331354757394,1176.1533203125,725.9287109375,47.40856170654297,172.6180419921875,459.32501220703125,586.7679443359375,0.6470010280609131,405.751220703125,0.03480345010757446,"1545,1801,1673,1417,1289,1131,1489,765,1458,1526,846,4477,1502,1427,1408,1527",83.15476989746094,9799.947265625,,,,0
42,gate_proj,gptq,13824,5120,0,0.0020470513237847224,0.0014874776204427083,614.3012631181482,0.019710839976878336,2428.74560546875,1820.796875,732.341064453125,1655.4205322265625,1675.0220947265625,1605.9287109375,0.6761969923973083,613.3414306640625,0.10762180387973785,"11,4938,2710,1307,3593,2950,4020,1145,1576,315,1684,655,2896,3286,3489,3553",178.07847595214844,11051.2890625,,,,0
42,up_proj,gptq,13824,5120,0,0.002040848908600984,0.0015354297779224537,640.0785474697477,0.018395940204393446,2649.9169921875,2004.534912109375,811.445556640625,1803.35888671875,1773.075439453125,1747.428466796875,0.6761969923973083,639.1868286132812,0.0753081664443016,"11,4938,2710,1307,3593,2950,1145,4020,1576,315,1684,2896,3286,655,3553,3489",178.07847595214844,11051.2890625,,,,0
42,down_proj,gptq,5120,13824,0,0.0020066437897858797,0.0015376196967230903,1331.6869145843048,0.03879908985593075,3361.4072265625,1980.1737060546875,669.6864624023438,1447.72705078125,1251.25439453125,872.55615234375,0.22325079143047333,1330.53955078125,0.09196247905492783,"6350,11213,12890,3570,3951,5385,7683,9858,12964,123,5023,7528,5006,3023,4612,12244",122.13455200195312,4880.04150390625,,,,0
43,q_proj,gptq,5120,5120,0,0.0020337677001953124,0.0014498519897460937,324.37148664245206,0.037248877965413985,847.1697998046875,539.046875,210.3932342529297,538.94384765625,836.0360717773438,779.268798828125,0.7941176295280457,323.6214599609375,0.22496730089187622,"693,3931,2099,157,1824,3799,2953,4517,993,4436,2428,415,3388,2797,4373,3653",187.82244873046875,10302.291015625,,,,0
43,k_proj,gptq,1024,5120,0,0.002035713195800781,0.0014522552490234375,80.54177053826055,0.05802812060748261,166.5587158203125,98.05857849121094,46.6215705871582,109.26571655273438,221.4214630126953,165.1521453857422,0.7941176295280457,80.59678649902344,0.3079800307750702,"693,3931,2099,157,1824,3799,2953,4436,2428,993,4517,3388,3653,415,388,4373",187.82244873046875,10302.291015625,,,,0
43,v_proj,gptq,1024,5120,0,0.002050018310546875,0.001432037353515625,224.65533074563427,0.04931652355835315,498.8428039550781,338.6239929199219,139.17330932617188,303.9198303222656,419.0976867675781,370.14031982421875,0.7941176295280457,223.94140625,0.24361933767795563,"993,4517,4436,3653,388,1696,3931,2317,3978,2245,1180,3943,1435,415,351,4287",187.82244873046875,10302.291015625,,,,0
43,o_proj,gptq,5120,5120,0,0.002105903625488281,0.0015356826782226562,478.9600258874666,0.03361071393289781,1327.930908203125,809.288330078125,85.26760864257812,281.759765625,719.8170776367188,954.7208251953125,0.29637521505355835,477.951416015625,0.03284046798944473,"3345,3895,2614,4149,3217,3473,3729,4396,1250,3601,710,766,690,745,670,754",55.464332580566406,8311.7109375,,,,0
43,gate_proj,gptq,13824,5120,0,0.0020337705258969907,0.0014792407000506365,601.8135659022555,0.019600316892810946,2397.92578125,1801.9693603515625,792.44677734375,1794.4591064453125,1877.592529296875,1786.55322265625,0.6570132970809937,600.4601440429688,0.11097148060798645,"11,4938,1307,655,2950,3593,2710,4020,3553,315,1145,1684,3286,1576,2836,3489",145.426025390625,11252.0908203125,,,,0
43,up_proj,gptq,13824,5120,0,0.0020413151493778934,0.0015363622594762733,639.4440886044285,0.018227947511091,2667.302490234375,2024.7554931640625,893.9413452148438,1993.6162109375,2032.1600341796875,1987.493896484375,0.6570132970809937,638.6002197265625,0.07931625097990036,"11,4938,1307,655,2950,3593,2710,4020,3553,1684,3286,1145,315,2836,1576,3489",145.426025390625,11252.0908203125,,,,0
43,down_proj,gptq,5120,13824,0,0.0020020520245587385,0.0015333246301721644,1356.3462857246668,0.03944595199267606,3394.19921875,1990.65185546875,822.0986938476562,1898.519287109375,1681.681884765625,1195.8560791015625,0.29711246490478516,1355.87109375,0.10433443635702133,"2750,5348,10771,8463,28,3994,1439,1318,7077,4588,3294,11097,8663,10324,2404,9390",195.70260620117188,6039.2705078125,,,,0
44,q_proj,gptq,5120,5120,0,0.0020348739624023436,0.0014531707763671875,296.46634796888026,0.03535081709720393,797.7239990234375,514.22265625,207.1685333251953,521.1146240234375,852.6934814453125,796.385498046875,0.7930497527122498,295.6488037109375,0.22507819533348083,"693,3931,2099,157,3799,2953,1824,2428,4436,3388,4517,4373,415,2797,1696,388",178.05511474609375,10644.4072265625,,,,0
44,k_proj,gptq,1024,5120,0,0.0020580291748046875,0.0014570236206054687,68.70676187692408,0.055944982099237414,144.0316619873047,87.1351318359375,42.09907531738281,99.05516815185547,227.01992797851562,149.30001831054688,0.7930497527122498,68.54534912109375,0.3102823793888092,"693,2099,3931,157,3799,1824,2953,2428,4436,3388,4373,4517,388,2245,1031,2797",178.05511474609375,10644.4072265625,,,,0
44,v_proj,gptq,1024,5120,0,0.002018165588378906,0.001434326171875,228.36780138115046,0.04701840607257748,522.551513671875,365.73126220703125,152.14834594726562,324.2616271972656,479.15509033203125,422.03326416015625,0.7930497527122498,227.71957397460938,0.2388574481010437,"4436,4517,993,1696,388,3653,3931,415,1435,2245,1180,3943,4794,1738,3799,2317",178.05511474609375,10644.4072265625,,,,0
44,o_proj,gptq,5120,5120,0,0.002096061706542969,0.0015349197387695313,483.6561714539712,0.032546071493601336,1387.757080078125,841.362060546875,127.13760375976562,379.5110778808594,1009.9981689453125,1377.3621826171875,0.34059983491897583,482.7041015625,0.03198973461985588,"2267,2139,2523,2395,135,519,250,634,391,7,122,506,1638,1406,3880,2011",49.02803039550781,8570.564453125,,,,0
44,gate_proj,gptq,13824,5120,0,0.002036469070999711,0.0014667510986328125,598.026524182409,0.019788743155630797,2373.71484375,1781.3671875,826.232177734375,1946.2918701171875,2072.5537109375,1962.971923828125,0.6922149062156677,596.6651000976562,0.13053850829601288,"1307,11,4938,655,2950,2836,3593,4020,3553,3286,2710,2468,2862,1576,3710,1145",147.0193634033203,13039.7490234375,,,,0
44,up_proj,gptq,13824,5120,0,0.0020441408510561343,0.0015270657009548612,645.4854777022265,0.0182856873489395,2687.1220703125,2037.61572265625,946.7056884765625,2203.1826171875,2267.876708984375,2227.5908203125,0.6922149062156677,644.5950927734375,0.09632612019777298,"1307,11,4938,655,2836,2950,3593,4020,3553,3286,2710,1576,2862,2468,1145,315",147.0193634033203,13039.7490234375,,,,0
44,down_proj,gptq,5120,13824,0,0.00199503015588831,0.0015303435149016205,879.6336133927107,0.025677163214427475,2896.405029296875,1991.8824462890625,1158.458251953125,5083.19921875,2440.4677734375,1897.825439453125,0.024478740990161896,853.8764038085938,0.2918761968612671,"486,10447,263,8744,11275,5952,9452,10246,5537,5170,12456,1410,227,3317,12924,12163",9629.927734375,185639.125,,,,0
45,q_proj,gptq,5120,5120,0,0.0020387649536132814,0.0014478302001953126,302.1881358505716,0.03576845741812311,809.7169799804688,524.6968994140625,212.6208953857422,530.7268676757812,825.2083129882812,801.302978515625,0.7609963417053223,301.2151794433594,0.20336659252643585,"693,3931,2099,157,3799,1824,2953,4436,2428,3653,4517,415,993,388,1696,1180",139.87518310546875,9708.6005859375,,,,0
45,k_proj,gptq,1024,5120,0,0.002040863037109375,0.0014623641967773438,70.92416339422016,0.059290852328041495,145.1275634765625,85.97320556640625,44.373443603515625,96.295166015625,211.94937133789062,148.5696563720703,0.7609963417053223,70.70249938964844,0.30426162481307983,"693,3931,2099,157,3799,1824,4436,2953,2428,4517,3653,3388,388,993,415,3943",139.87518310546875,9708.6005859375,,,,0
45,v_proj,gptq,1024,5120,0,0.002032470703125,0.0014207839965820312,284.11031536701284,0.05598518838580234,593.4685668945312,419.5795593261719,187.06935119628906,401.4560546875,585.8250732421875,504.1134948730469,0.7609963417053223,283.04510498046875,0.262800931930542,"4436,4517,3653,993,388,2317,1696,3943,1180,4141,415,2245,3978,3896,1738,4402",139.87518310546875,9708.6005859375,,,,0
45,o_proj,gptq,5120,5120,0,0.00209686279296875,0.0015277862548828125,481.6329332732842,0.03280291291271792,1371.09228515625,835.0702514648438,119.61476135253906,638.5267944335938,1238.200927734375,1827.7462158203125,0.38638946413993835,480.3705749511719,0.03313662111759186,"2442,3532,2058,2555,2529,2186,2489,2494,4018,3836,3890,1257,2528,4703,2516,2495",55.947139739990234,15694.8349609375,,,,0
45,gate_proj,gptq,13824,5120,0,0.0020371754964192707,0.0014742250795717594,595.1426745257282,0.019697889168219872,2383.18310546875,1797.16748046875,886.610595703125,2232.91455078125,2401.489990234375,2370.514404296875,0.7721824049949646,593.3768920898438,0.1344587504863739,"1307,11,4938,2836,655,2950,2862,3931,2468,3593,3710,295,4020,3286,2710,958",169.68649291992188,15871.0205078125,,,,0
45,up_proj,gptq,13824,5120,0,0.00203563548900463,0.0015223609076605903,639.4198196084794,0.018297715630838023,2671.0751953125,2029.243408203125,1003.5767211914062,2506.10107421875,2624.29638671875,2631.393798828125,0.7721824049949646,638.5679931640625,0.10646957159042358,"1307,11,4938,2836,655,2862,2950,3931,3593,2468,295,3710,4020,3286,2710,136",169.68649291992188,15871.0205078125,,,,0
45,down_proj,gptq,5120,13824,0,0.002002857349537037,0.0015181647406684027,913.1889490826306,0.027576058985838467,2894.882568359375,1967.7685546875,1401.437255859375,5889.796875,3721.08154296875,3460.07275390625,0.041898734867572784,902.3136596679688,0.19133631885051727,"10607,7000,12337,12153,1552,5820,2146,13145,6142,1553,2,1115,1332,10990,10461,184",7463.95751953125,145161.5625,,,,0
46,q_proj,gptq,5120,5120,0,0.002042427062988281,0.001467742919921875,310.39098596577423,0.03754049673174035,806.692138671875,513.9639282226562,206.528076171875,543.7532348632812,808.4521484375,763.2311401367188,0.7579277753829956,309.3916015625,0.2197929173707962,"2099,693,3931,157,3799,1824,2953,4436,3653,993,415,4517,4373,4610,2428,2317",158.67677307128906,12781.34765625,,,,0
46,k_proj,gptq,1024,5120,0,0.0020481109619140624,0.0014440536499023438,66.88245778216628,0.05674161234003912,139.52322387695312,83.93240356445312,40.924072265625,96.46288299560547,195.55471801757812,138.02516174316406,0.7579277753829956,66.72512817382812,0.3079211413860321,"2099,693,3931,157,1824,3799,3653,2953,4436,993,4517,415,2428,2317,351,4373",158.67677307128906,12781.34765625,,,,0
46,v_proj,gptq,1024,5120,0,0.0020465850830078125,0.001453399658203125,324.23615718063957,0.057182591858682345,671.6859130859375,468.6673583984375,207.0150146484375,450.64093017578125,649.6722412109375,546.545166015625,0.7579277753829956,323.0394592285156,0.24225196242332458,"3653,993,4436,2317,3943,4517,1180,351,1696,415,3896,2245,4141,3978,4287,1685",158.67677307128906,12781.34765625,,,,0
46,o_proj,gptq,5120,5120,0,0.002107086181640625,0.0015202713012695311,457.51403386099264,0.031219082203507047,1360.986328125,831.0057983398438,226.68150329589844,997.920166015625,1317.1317138671875,2430.155517578125,0.7051066756248474,456.49371337890625,0.03352871909737587,"2017,2001,2273,2257,2401,2145,2385,2129,2529,2513,1943,1855,1965,1842,1868,1854",69.86869812011719,16425.935546875,,,,0
46,gate_proj,gptq,13824,5120,0,0.0020395914713541665,0.0014745924207899305,611.2728718888611,0.01982459226737424,2451.00341796875,1853.0482177734375,920.6777954101562,2921.381591796875,2645.145751953125,2855.931640625,0.8298282623291016,609.0248413085938,0.16472403705120087,"1307,11,2836,4938,2862,655,2710,295,3710,958,2468,3489,477,2847,1372,3931",304.14593505859375,24232.115234375,,,,0
46,up_proj,gptq,13824,5120,0,0.0020346041078920718,0.0015184331823278356,649.4418835784891,0.01898842700054561,2641.852294921875,1996.013427734375,1001.01220703125,3097.00341796875,2838.497314453125,3016.62353515625,0.8298282623291016,647.663330078125,0.16143876314163208,"1307,11,2836,4938,2862,655,2710,295,2468,958,3710,477,3489,2847,1372,3931",304.14593505859375,24232.115234375,,,,0
46,down_proj,gptq,5120,13824,0,0.0019904807761863424,0.001496957849573206,794.4122017411864,0.025875598306477596,2689.563232421875,1925.60986328125,2224.805419921875,19642.0625,6026.6806640625,10960.056640625,0.7567644119262695,785.6827392578125,0.32941192388534546,"10952,9045,6388,8027,6375,4658,5997,7417,12153,12606,483,8404,6037,3784,8041,1494",1465.09130859375,90869.140625,,,,0
47,q_proj,gptq,5120,5120,0,0.002032127380371094,0.00146881103515625,259.4906166968867,0.028730319309137383,789.6132202148438,532.1718139648438,155.52188110351562,563.5288696289062,577.9541015625,720.1956176757812,0.7232738733291626,258.57061767578125,0.19883762300014496,"693,3931,1307,2099,157,3799,2953,4436,3388,3653,993,415,4517,2317,1696,1824",259.6799621582031,22133.9609375,,,,0
47,k_proj,gptq,1024,5120,0,0.002043342590332031,0.0014312744140625,66.531660378183,0.05121884986639366,145.16946411132812,85.42730712890625,35.53071594238281,97.29949951171875,154.59361267089844,135.68870544433594,0.7232738733291626,66.44261169433594,0.29019156098365784,"3931,693,2099,1307,157,3799,3653,4436,3388,2953,4517,993,2317,415,4139,388",259.6799621582031,22133.9609375,,,,0
47,v_proj,gptq,1024,5120,0,0.002074432373046875,0.0015106201171875,241.85454277189274,0.07052668875513288,460.57562255859375,285.0688171386719,128.0226593017578,293.39306640625,458.955322265625,363.31805419921875,0.7232738733291626,240.75927734375,0.2767961919307709,"3653,1307,4436,2317,4517,993,3896,1180,3943,3931,1696,351,4323,3978,415,72",259.6799621582031,22133.9609375,,,,0
47,o_proj,gptq,5120,5120,0,0.0021041107177734377,0.0014731216430664063,363.9404616276197,0.030365008489791033,1126.4736328125,676.1434326171875,102.83832550048828,519.9034423828125,1008.8463745117188,1635.4537353515625,0.5896552801132202,362.15484619140625,0.034582898020744324,"4033,4077,4084,3975,4038,3983,4006,4091,4082,4018,4073,4057,4089,4069,4022,4002",74.77709197998047,23367.845703125,,,,0
47,gate_proj,gptq,13824,5120,0,0.002040933679651331,0.0015031461362485531,532.9423844922567,0.016393872592738914,2442.8994140625,1909.994873046875,953.5208740234375,5642.57373046875,3351.810546875,5160.9189453125,0.9061481356620789,531.6729736328125,0.17051884531974792,"2012,655,2862,2836,295,3111,4344,477,2710,2847,4938,958,4971,3710,1372,4733",696.4944458007812,47912.79296875,,,,0
47,up_proj,gptq,13824,5120,0,0.002040792394567419,0.001514222886827257,535.4493544157594,0.015368800063418713,2548.7451171875,2009.258056640625,998.3598022460938,5393.421875,3398.81640625,5122.74951171875,0.9061481356620789,533.92626953125,0.13974492251873016,"2012,655,2862,2836,295,3111,4344,477,4938,2847,2710,958,4971,3710,1372,4733",696.4944458007812,47912.79296875,,,,0
47,down_proj,gptq,5120,13824,0,0.0019827807391131365,0.0014902468080873843,463.8523154320428,0.016108662926660498,2322.31591796875,1934.206298828125,3465.44287109375,73479.6640625,17215.19921875,44268.125,0.5018466114997864,457.4002685546875,0.5176067352294922,"1352,11815,3436,252,4713,6696,6109,7547,8801,910,9251,10153,13151,8852,3974,5079",595.3790893554688,76930.578125,,,,0
