layer,proj,quantizer,rows,cols,n_dead_cols,clip_frac,clip_frac_rtn,comp_disp,comp_disp_rel,wdisp_gptq,wdisp_rtn,obj_gptq,obj_rtn,obj_gptq_alt,obj_rtn_alt,hdiag_alt_corr,send_total,send_top1pct,send_top16_cols,hdiag_max_over_mean,cond_damped,awq_alpha,obj_awq,obj_awq_alt,protected
0,q_proj,gptq,4096,5120,0,0.002063274383544922,0.0014791011810302735,105.20549358358834,0.1078120661166613,164.03985595703125,99.57217407226562,1.1363003253936768,35.606693267822266,1.0581996440887451,36.47614288330078,0.9903323650360107,104.3035888671875,0.44940048456192017,"4518,1030,4503,4453,4436,1663,735,3313,4139,2261,3472,5049,2567,3506,213,739",526.0867309570312,,,,,0
0,k_proj,gptq,1024,5120,0,0.00205078125,0.0014598846435546875,62.33718639432757,0.15181767561856532,92.65081787109375,48.359649658203125,0.6792951822280884,9.064107894897461,0.6552131175994873,9.08729362487793,0.9903323650360107,61.81953048706055,0.516739547252655,"4503,1030,4518,4453,4436,3313,1663,735,3472,2261,5049,3506,4139,739,2567,213",526.0867309570312,,,,,0
0,v_proj,gptq,1024,5120,0,0.0020387649536132814,0.0014736175537109375,0.8927512888344958,0.02114858483676338,3.40427565574646,2.6248204708099365,0.009730454534292221,0.11622992157936096,0.00884275883436203,0.11108861118555069,0.9903323650360107,0.8892040252685547,0.1741500198841095,"4518,1030,4503,4453,4436,735,5049,1663,2261,739,3506,3472,4139,2567,213,3065",526.0867309570312,,,,,0
0,o_proj,gptq,5120,4096,0,0.0020773887634277345,0.001455545425415039,4.792338675528754,0.03435579420474423,13.911763191223145,8.894187927246094,0.0005202971515245736,0.0026774401776492596,0.0005109356716275215,0.0029586590826511383,0.8905418515205383,4.764486312866211,0.12540629506111145,"1748,1860,3141,1824,1876,876,620,3269,198,1732,1696,3735,2004,1737,1757,3863",152.2776336669922,,,,,0
0,gate_proj,gptq,32768,5120,0,0.0020841360092163086,0.0014833033084869385,81.46280546277194,0.04128678610687577,196.87203979492188,113.65321350097656,1.9289815425872803,6.490836143493652,1.856398105621338,5.672220706939697,0.9282286763191223,81.4028549194336,0.020976092666387558,"4436,4848,1396,5004,3313,3899,2575,3637,4308,3908,1030,673,4503,5081,360,3411",57.467159271240234,,,,,0
0,up_proj,gptq,32768,5120,0,0.0020815789699554442,0.0014942765235900878,75.79228944643182,0.04153397209797014,182.89744567871094,105.2962417602539,1.7912265062332153,5.997738838195801,1.7198271751403809,5.23716402053833,0.9282286763191223,75.76118469238281,0.019823458045721054,"4436,4848,1396,5004,3313,3899,2575,3637,4308,3908,1030,673,360,4503,5081,2347",57.467159271240234,,,,,0
0,down_proj,gptq,5120,32768,0,0.001991027593612671,0.0014761805534362793,214.54981647319914,0.11135346683614193,336.9525146484375,123.10499572753906,0.000982325174845755,0.00759198609739542,0.002602427965030074,0.008257796056568623,0.9482724070549011,213.4451904296875,0.1689525991678238,"30018,18638,20872,26332,23984,1048,3313,5756,31980,1976,18631,783,17201,15570,1557,6069",1915.73828125,,,,,0
1,q_proj,gptq,4096,5120,0,0.002025604248046875,0.0014732837677001952,21.04298540947592,0.03696773152918779,55.13006591796875,40.410911560058594,3.498688220977783,74.82093811035156,4.190494537353516,75.1436996459961,0.9967475533485413,20.884693145751953,0.17012502253055573,"4457,3439,3908,2708,3662,4308,3920,3464,3695,3392,3117,4925,1887,3477,3941,4363",1586.65966796875,,,,,0
1,k_proj,gptq,1024,5120,0,0.002039527893066406,0.0014684677124023437,10.286690022129402,0.04710940336857765,23.536401748657227,17.505722045898438,1.654310703277588,50.259925842285156,2.0228679180145264,50.17454528808594,0.9967475533485413,10.156116485595703,0.18407902121543884,"4457,3439,3908,3662,2708,4308,3920,3695,3464,4925,3392,3748,1887,3477,2575,3117",1586.65966796875,,,,,0
1,v_proj,gptq,1024,5120,0,0.002029609680175781,0.0015115737915039062,0.46513007957586433,0.010509561444055786,3.0131735801696777,2.729968309402466,0.0909394919872284,1.3130244016647339,0.0898420661687851,1.2265939712524414,0.9967475533485413,0.4628223776817322,0.0918092355132103,"3908,4457,3439,2708,3920,4308,4925,3477,3695,2550,4726,2958,2934,3117,3464,2551",1586.65966796875,,,,,0
1,o_proj,gptq,5120,4096,0,0.002108144760131836,0.0015051841735839843,9.010582348578481,0.051927597647933366,20.523611068725586,10.571525573730469,0.00225653825327754,0.007713985629379749,0.0019260100089013577,0.004899417981505394,0.8920164108276367,8.99028205871582,0.07518143206834793,"3076,3460,1527,566,2541,822,2545,615,950,571,3204,590,694,827,955,556",91.53083038330078,,,,,0
1,gate_proj,gptq,32768,5120,0,0.002082735300064087,0.0014402925968170165,92.38361708403681,0.03723336611653615,237.66635131835938,143.50881958007812,7.3809380531311035,20.928211212158203,7.9437360763549805,19.163928985595703,0.946584939956665,92.35445404052734,0.022581132128834724,"312,2532,531,257,3371,4308,4695,1375,2248,3477,3310,3117,3370,3920,2912,2093",39.109012603759766,,,,,0
1,up_proj,gptq,32768,5120,0,0.0020779132843017577,0.0014514803886413574,85.16470697216573,0.03709164061662885,219.6512451171875,132.59652709960938,6.8586320877075195,19.26705551147461,7.372889995574951,17.649669647216797,0.946584939956665,85.15959930419922,0.01920478232204914,"312,2532,531,257,3371,4308,4695,3310,2248,1375,3477,3920,3117,2912,2093,3370",39.109012603759766,,,,,0
1,down_proj,gptq,5120,32768,0,0.001991671323776245,0.0014457345008850099,176.91568478992258,0.07485103525555582,322.5146484375,139.3343963623047,0.0036397064104676247,0.01897747442126274,0.010682789608836174,0.015623431652784348,0.7476828694343567,176.60086059570312,0.0944289043545723,"3619,29929,28032,21725,15715,16,20125,27294,4629,1988,31243,13199,29774,18695,24693,3337",393.97698974609375,,,,,0
2,q_proj,gptq,4096,5120,0,0.0020514488220214843,0.001470470428466797,22.698889826540835,0.03859438405696725,57.56997299194336,36.75115203857422,4.564287185668945,78.56344604492188,5.449958801269531,78.94667053222656,0.9910370707511902,22.561927795410156,0.23289816081523895,"4457,3908,3439,4308,3117,3920,4795,580,4860,152,5001,2482,781,2661,3525,4309",977.2401123046875,,,,,0
2,k_proj,gptq,1024,5120,0,0.0020132064819335938,0.0014333724975585938,11.375586673180806,0.053861438836231894,24.108463287353516,14.620450973510742,2.111074686050415,46.81070327758789,2.63828706741333,46.160850524902344,0.9910370707511902,11.273931503295898,0.27195367217063904,"4457,3908,3439,4308,3117,4795,4860,3920,580,5001,2661,1702,4309,4925,2197,152",977.2401123046875,,,,,0
2,v_proj,gptq,1024,5120,0,0.002019500732421875,0.0015138626098632813,0.7296514272529748,0.01611168571294552,3.338993549346924,2.692312717437744,0.19708062708377838,2.208509922027588,0.20572112500667572,2.0994038581848145,0.9910370707511902,0.7259714007377625,0.1151038333773613,"4457,3908,4308,3117,3920,4795,580,2482,4860,553,152,1702,4309,3439,2792,2463",977.2401123046875,,,,,0
2,o_proj,gptq,5120,4096,0,0.0021092891693115234,0.0015075206756591797,8.816649359998337,0.045107956460946945,21.611387252807617,11.528029441833496,0.006062602624297142,0.01630529947578907,0.007527987938374281,0.015806056559085846,0.7215809226036072,8.796417236328125,0.048435136675834656,"3288,3313,3215,3261,3327,924,3206,3304,3202,3323,540,3269,3244,3252,3233,3270",40.10098648071289,,,,,0
2,gate_proj,gptq,32768,5120,0,0.00206257700920105,0.0014330387115478516,69.28424699645257,0.026520181841528892,220.71197509765625,152.14993286132812,20.251754760742188,44.38837432861328,22.754222869873047,42.965736389160156,0.9424302577972412,69.27046966552734,0.02484869211912155,"257,4335,580,2197,2532,4865,4308,4000,4457,2575,3920,3117,4860,2661,2731,2920",58.26508331298828,,,,,0
2,up_proj,gptq,32768,5120,0,0.0020587503910064696,0.001440584659576416,62.92131672472169,0.02645745699957408,201.17904663085938,138.97325134277344,18.56032371520996,40.25524139404297,20.832578659057617,39.09585189819336,0.9424302577972412,62.90830993652344,0.021811190992593765,"2197,257,580,4335,2532,4865,4000,4308,4457,2575,2661,4860,3920,3117,2731,2920",58.26508331298828,,,,,0
2,down_proj,gptq,5120,32768,0,0.001953965425491333,0.0014384329319000245,1.3447215845553728,0.0005608081624096276,140.8522186279297,141.1417999267578,0.03069770708680153,11.187600135803223,0.030825499445199966,50.98822784423828,1.0,1.3304699659347534,0.20387470722198486,"20734,23128,29564,26141,6427,28127,24657,11586,9792,5969,23441,14768,8195,28011,25038,24222",12731.8076171875,,,,,0
3,q_proj,gptq,4096,5120,0,0.0020158767700195314,0.0014768123626708984,20.639041202350427,0.04465466047333661,47.887977600097656,29.08743667602539,18.155141830444336,165.2241668701172,22.691631317138672,160.177490234375,0.9860700368881226,20.541311264038086,0.20314839482307434,"4860,580,3117,781,2197,3477,2661,5001,3920,3648,3525,3148,812,4309,553,2731",765.3357543945312,,,,,0
3,k_proj,gptq,1024,5120,0,0.002034759521484375,0.00145721435546875,9.218395464998537,0.059607955781121,18.581008911132812,11.080202102661133,7.565589904785156,67.26548767089844,9.57887077331543,65.50259399414062,0.9860700368881226,9.152216911315918,0.20918473601341248,"580,781,4860,3117,2197,2731,1174,2661,4309,3477,3920,3525,553,5001,3648,2463",765.3357543945312,,,,,0
3,v_proj,gptq,1024,5120,0,0.0020442962646484374,0.0014720916748046874,0.8281342048136722,0.01710174823560422,3.604980945587158,2.8710389137268066,1.0739558935165405,10.109012603759766,1.2334824800491333,9.552932739257812,0.9860700368881226,0.8240683078765869,0.0906449630856514,"4860,3117,781,4959,3920,1310,580,2197,168,2661,1697,1539,1174,300,3335,773",765.3357543945312,,,,,0
3,o_proj,gptq,5120,4096,0,0.0021143436431884767,0.0015089035034179688,8.182589829531025,0.043135809774714616,20.629907608032227,11.129504203796387,0.004897336475551128,0.01628793030977249,0.00573781318962574,0.01285867765545845,0.8827595710754395,8.148487091064453,0.05767230689525604,"3673,3929,3801,738,610,3640,866,994,4057,2963,3586,3649,3768,3896,3011,2965",70.30089569091797,,,,,0
3,gate_proj,gptq,32768,5120,0,0.0020459115505218504,0.0014346122741699218,64.13995105479262,0.024247700497920258,217.0122528076172,153.50881958007812,34.34356689453125,66.65003967285156,40.74083709716797,64.54087829589844,0.9449840188026428,64.0940933227539,0.031033065170049667,"2912,2575,257,312,2093,2248,4335,3920,2830,4308,3389,3117,13,2482,2000,4114",56.465171813964844,,,,,0
3,up_proj,gptq,32768,5120,0,0.002052587270736694,0.0014493942260742187,56.37203940479958,0.024130675822539745,191.52569580078125,135.60044860839844,30.466463088989258,58.71834182739258,36.16818618774414,56.8189697265625,0.9449840188026428,56.35661315917969,0.027853665873408318,"2912,2575,257,312,2248,2093,4335,3920,2830,3389,4308,3117,2482,13,2000,4114",56.465171813964844,,,,,0
3,down_proj,gptq,5120,32768,0,0.0019943952560424806,0.0014439642429351807,163.24372550825365,0.06924934185386553,307.29730224609375,138.00567626953125,0.02319398894906044,0.07614989578723907,0.08250799775123596,0.06969771534204483,0.09644289314746857,163.21307373046875,0.07104761153459549,"29938,3549,28271,27606,23504,30728,17770,16060,9308,6200,13718,2639,17677,17789,19310,19384",56.539756774902344,,,,,0
4,q_proj,gptq,4096,5120,0,0.0020346641540527344,0.0014822959899902343,18.50801178877454,0.03777554631105667,47.12584686279297,30.332324981689453,18.974483489990234,144.53570556640625,24.66591453552246,141.26644897460938,0.9728723764419556,18.428300857543945,0.20131036639213562,"4308,13,3117,2661,3920,4114,3908,152,4860,2463,4309,3148,2482,1174,2575,5001",635.1131591796875,,,,,0
4,k_proj,gptq,1024,5120,0,0.0020435333251953127,0.0015033721923828126,8.31463833179679,0.04971379529577436,18.405990600585938,11.217275619506836,7.804723739624023,55.63474655151367,10.395931243896484,54.48256301879883,0.9728723764419556,8.279857635498047,0.20437398552894592,"4308,2661,13,3920,3117,2463,3908,152,4860,3148,1174,2391,4114,4515,3648,4309",635.1131591796875,,,,,0
4,v_proj,gptq,1024,5120,0,0.002019500732421875,0.0015329360961914063,0.9943269781089997,0.019157584638571742,3.9728152751922607,3.0297815799713135,1.431114912033081,9.430620193481445,1.7326693534851074,9.28979778289795,0.9728723764419556,0.9922990798950195,0.0826626792550087,"4308,13,3117,2661,3920,4114,3908,1174,2482,4860,152,3148,5001,1702,2463,3477",635.1131591796875,,,,,0
4,o_proj,gptq,5120,4096,0,0.0021029949188232423,0.0015167713165283204,8.306036956093521,0.03735893147728511,22.066564559936523,12.757770538330078,0.015573665499687195,0.041520681232213974,0.019400956109166145,0.03564945608377457,0.8495823740959167,8.28795051574707,0.04649316892027855,"1222,3747,1478,3619,1350,2790,25,153,281,2759,3534,3278,3770,3150,409,4003",28.526077270507812,,,,,0
4,gate_proj,gptq,32768,5120,0,0.002049744129180908,0.0014365136623382569,52.64124553394504,0.019623185485318904,206.87008666992188,156.14608764648438,48.77970886230469,92.61821746826172,61.04637908935547,90.76515197753906,0.9195685386657715,52.601627349853516,0.043678805232048035,"2912,2575,4335,257,4308,2093,312,4114,2248,3920,3117,4634,3477,2830,13,278",73.67723846435547,,,,,0
4,up_proj,gptq,32768,5120,0,0.0020559012889862062,0.001444941759109497,45.447734337474685,0.019385272256723738,180.38919067382812,136.29544067382812,42.83832550048828,80.28177642822266,53.533416748046875,78.8919448852539,0.9195685386657715,45.41831588745117,0.03766310587525368,"2912,2575,4335,4308,2093,257,3920,4114,312,2248,3477,3117,2830,13,4634,1865",73.67723846435547,,,,,0
4,down_proj,gptq,5120,32768,0,0.0019908547401428223,0.0014415383338928223,158.17783456754142,0.06741168597661124,303.17486572265625,139.68585205078125,0.044825322926044464,0.1394885778427124,0.15067362785339355,0.1303662359714508,0.17619121074676514,158.16665649414062,0.06632471084594727,"8917,454,25690,8385,29485,18773,1422,17241,28608,21404,2207,596,11567,20767,8933,32379",130.2648162841797,,,,,0
5,q_proj,gptq,4096,5120,0,0.002050304412841797,0.0014677047729492188,15.930229584861081,0.03058900650270436,46.129207611083984,31.731658935546875,24.455291748046875,135.74502563476562,33.7793083190918,129.30343627929688,0.961753249168396,15.879525184631348,0.17934364080429077,"4308,3908,13,3439,3472,152,4114,280,3662,4335,3637,4457,3941,3117,4878,1174",566.4382934570312,,,,,0
5,k_proj,gptq,1024,5120,0,0.002050971984863281,0.001488494873046875,7.029988186375704,0.037612124395556445,18.084762573242188,12.17586898803711,9.668388366699219,59.98235321044922,13.648948669433594,58.96629333496094,0.961753249168396,7.00571870803833,0.20928019285202026,"4308,3908,3439,13,3472,152,4114,280,3637,3662,4335,4457,3117,4878,4865,3941",566.4382934570312,,,,,0
5,v_proj,gptq,1024,5120,0,0.0020725250244140623,0.0015043258666992188,1.0243332504087448,0.019787846298060116,3.991840124130249,3.0088746547698975,2.084555149078369,8.663923263549805,2.6868693828582764,8.661002159118652,0.961753249168396,1.021266222000122,0.06746451556682587,"4308,3908,13,3472,4114,152,3439,280,3662,3637,4457,4878,3941,4335,3117,4515",566.4382934570312,,,,,0
5,o_proj,gptq,5120,4096,0,0.0021341323852539064,0.0014971256256103515,7.634831681465631,0.032160881760490916,21.918540954589844,13.552522659301758,0.038858480751514435,0.09844329953193665,0.058673180639743805,0.09267915040254593,0.7618659734725952,7.626409530639648,0.04593728482723236,"2743,2871,2999,1012,756,4056,3928,3800,2615,77,628,119,3672,2416,503,884",23.95022201538086,,,,,0
5,gate_proj,gptq,32768,5120,0,0.0020447492599487303,0.0014232754707336425,52.9225374123489,0.019089529505540024,212.26864624023438,159.99310302734375,68.60330200195312,123.48106384277344,90.72770690917969,123.30931091308594,0.8469304442405701,52.891197204589844,0.030202748253941536,"4335,2575,4308,3439,257,2708,2093,2993,3920,2248,13,4281,869,1702,4618,2912",52.53110122680664,,,,,0
5,up_proj,gptq,32768,5120,0,0.002048194408416748,0.0014471292495727539,45.5712708288338,0.018981582215564525,183.8287353515625,138.65066528320312,59.72694396972656,106.73968505859375,78.85482788085938,106.89859008789062,0.8469304442405701,45.54644012451172,0.027408260852098465,"4335,2575,4308,3439,257,2708,2093,3920,2993,2248,13,1702,4281,869,280,4618",52.53110122680664,,,,,0
5,down_proj,gptq,5120,32768,0,0.0019940197467803954,0.0014337241649627686,137.62663850208466,0.05709629753430969,282.91876220703125,139.6796875,0.07975292205810547,0.22962024807929993,0.278197705745697,0.2308957427740097,0.4584270417690277,137.70086669921875,0.05924606695771217,"21365,26563,30558,1761,7403,14145,11068,27804,23759,5508,6078,1890,28383,30551,9195,28151",187.86141967773438,,,,,0
6,q_proj,gptq,4096,5120,0,0.0020570755004882812,0.0014619827270507812,14.197641263868718,0.02989293806469205,41.79948425292969,28.493358612060547,28.433948516845703,128.7806396484375,41.031131744384766,127.71259307861328,0.9217943549156189,14.164220809936523,0.17868167161941528,"4308,3908,3439,3472,4114,3662,13,152,4335,4878,3637,4457,2921,280,4865,2575",413.8419189453125,,,,,0
6,k_proj,gptq,1024,5120,0,0.0020643234252929687,0.0014554977416992188,5.727503407821587,0.032137944641240535,16.117570877075195,10.788555145263672,10.995157241821289,50.544219970703125,16.1170654296875,50.51519012451172,0.9217943549156189,5.6993913650512695,0.18798424303531647,"4308,3908,4114,3439,3662,3472,13,152,4335,4457,3637,4878,280,2921,4865,2575",413.8419189453125,,,,,0
6,v_proj,gptq,1024,5120,0,0.0020429611206054686,0.0015180587768554687,1.1017380337565328,0.021860704952410808,4.004132270812988,2.9194676876068115,2.685924530029297,10.701644897460938,3.719174861907959,10.841238021850586,0.9217943549156189,1.0996214151382446,0.10533436387777328,"4308,3908,3439,4114,3662,3472,13,4878,152,4335,3637,280,2921,4457,4865,2575",413.8419189453125,,,,,0
6,o_proj,gptq,5120,4096,0,0.0021003246307373046,0.0015179634094238282,8.05963585155041,0.03495276745322687,22.36286163330078,13.172919273376465,0.02942773327231407,0.10598869621753693,0.04758241027593613,0.10789944976568222,0.8427886962890625,8.038439750671387,0.04643969237804413,"55,439,311,2538,183,2154,2410,2282,93,100,484,477,2504,2620,3004,2248",90.8991470336914,,,,,0
6,gate_proj,gptq,32768,5120,0,0.0020349740982055662,0.0014242708683013916,47.926577376172645,0.017447383236644794,205.7830047607422,161.06092834472656,89.59622192382812,159.4402618408203,122.51850891113281,161.19400024414062,0.7632066607475281,47.88471984863281,0.0478641651570797,"4335,2575,4308,13,2093,4114,2248,2708,257,3920,3941,280,3148,3908,904,1865",71.46123504638672,,,,,0
6,up_proj,gptq,32768,5120,0,0.00204121470451355,0.0014397025108337403,41.94115591808804,0.0171834414380444,182.36459350585938,142.64300537109375,79.98780822753906,139.78395080566406,108.95198822021484,141.44496154785156,0.7632066607475281,41.90650177001953,0.039462968707084656,"4335,2575,4308,13,2093,4114,2708,257,2248,3920,280,3941,904,1865,3148,3908",71.46123504638672,,,,,0
6,down_proj,gptq,5120,32768,0,0.001990389823913574,0.0014357268810272217,128.05596328676006,0.05257866849948207,276.33087158203125,143.51026916503906,0.1149340569972992,0.2994062006473541,0.3802223801612854,0.30486464500427246,0.18808166682720184,128.17242431640625,0.05610371008515358,"16796,14411,13715,32274,7146,17458,4448,26377,11182,13438,14516,3619,6192,29111,2498,20442",451.16436767578125,,,,,0
7,q_proj,gptq,4096,5120,0,0.0020357608795166016,0.0014756202697753906,16.0108435820639,0.03657338105026994,41.70993423461914,27.29903221130371,35.439369201660156,140.231689453125,53.24395751953125,140.27137756347656,0.7977440357208252,15.972062110900879,0.21892806887626648,"4308,280,3908,4114,4335,3439,2921,13,4878,3472,152,769,2391,4397,3117,4309",241.81423950195312,,,,,0
7,k_proj,gptq,1024,5120,0,0.0020397186279296877,0.0014802932739257813,6.379616479431206,0.047606877250539276,14.519186019897461,9.438591957092285,12.617074012756348,52.21858596801758,19.88709259033203,54.217315673828125,0.7977440357208252,6.363658905029297,0.24342931807041168,"4308,3908,280,13,2921,4878,769,4335,3439,152,3472,4114,2749,4309,4515,749",241.81423950195312,,,,,0
7,v_proj,gptq,1024,5120,0,0.0020109176635742187,0.0014867782592773438,1.3046952092634854,0.019314957208169316,5.218091011047363,3.9867475032806396,4.2133684158325195,16.232757568359375,5.75285530090332,16.526426315307617,0.7977440357208252,1.302703857421875,0.07697314023971558,"4308,280,3908,3439,4114,152,4335,769,1865,3472,749,13,2921,4397,4878,3117",241.81423950195312,,,,,0
7,o_proj,gptq,5120,4096,0,0.0021178722381591797,0.0014750957489013672,10.501958018977291,0.03999531396551455,28.041187286376953,15.043435096740723,0.07863327115774155,0.2484326958656311,0.11417211592197418,0.21584375202655792,0.8387349843978882,10.477309226989746,0.03595653176307678,"171,805,2229,43,4049,3303,3014,2485,427,3559,1440,3921,871,3487,797,615",51.76968002319336,,,,,0
7,gate_proj,gptq,32768,5120,0,0.002047526836395264,0.001423865556716919,48.33554206137933,0.016715270241875423,213.88543701171875,168.01809692382812,111.180908203125,202.24423217773438,156.51239013671875,203.46307373046875,0.7049141526222229,48.292293548583984,0.0542684905230999,"4335,4308,2575,3637,13,2093,2708,4114,3941,257,2993,2248,280,3472,869,4865",84.58490753173828,,,,,0
7,up_proj,gptq,32768,5120,0,0.00203244686126709,0.0014357566833496094,40.038058208185475,0.016411779311745537,180.14501953125,141.6701202392578,94.50120544433594,168.30706787109375,132.42196655273438,169.68771362304688,0.7049141526222229,40.008094787597656,0.04408661648631096,"4335,4308,2575,13,3637,2093,2708,4114,3941,257,2993,2248,3472,280,2830,869",84.58490753173828,,,,,0
7,down_proj,gptq,5120,32768,0,0.0019914209842681885,0.001436227560043335,121.65928356350207,0.050350850447252425,269.5438537597656,143.21493530273438,0.17652779817581177,0.5224307775497437,0.5754722356796265,0.4844362735748291,0.4599534571170807,121.70896911621094,0.0567423552274704,"7884,14454,18513,19497,3771,26911,16484,11354,1721,2657,28041,17891,18427,2017,12957,26123",1299.77099609375,,,,,0
8,q_proj,gptq,4096,5120,0,0.0020381450653076173,0.0014740943908691407,13.153645861733821,0.027654530164254627,40.76218795776367,28.58373260498047,43.272071838378906,148.57278442382812,69.55467224121094,151.27328491210938,0.8097654581069946,13.134554862976074,0.1874912530183792,"4308,3908,3637,3439,3472,4114,2921,769,4335,152,13,4878,3890,411,280,3662",216.34202575683594,,,,,0
8,k_proj,gptq,1024,5120,0,0.002019500732421875,0.0014774322509765625,5.354141368348337,0.0336585149612974,14.683099746704102,10.054351806640625,15.680753707885742,57.353492736816406,26.329593658447266,58.39508056640625,0.8097654581069946,5.343327522277832,0.23111297190189362,"4308,3908,3637,3439,152,3472,4335,769,2921,4878,4114,411,3890,13,280,3895",216.34202575683594,,,,,0
8,v_proj,gptq,1024,5120,0,0.0020656585693359375,0.0015045166015625,1.1513872721483835,0.0184716958542815,4.719801902770996,3.6417384147644043,4.972836494445801,15.036423683166504,7.142370223999023,15.559094429016113,0.8097654581069946,1.150165319442749,0.07060687243938446,"4308,3637,3908,769,2921,3439,4335,3472,4878,3890,152,4114,13,280,411,3662",216.34202575683594,,,,,0
8,o_proj,gptq,5120,4096,0,0.002123403549194336,0.001478433609008789,9.162123781071386,0.03545113226647906,24.959875106811523,14.656951904296875,0.09646159410476685,0.3113635182380676,0.15909191966056824,0.2506360113620758,0.75921630859375,9.143305778503418,0.03421088680624962,"3794,4050,3922,2205,3269,3666,3397,1183,798,1439,1311,3141,3525,2461,3293,2759",38.54432678222656,,,,,0
8,gate_proj,gptq,32768,5120,0,0.0020260691642761232,0.0014149069786071778,49.408972202330915,0.016587590199457426,220.19595336914062,172.1556396484375,151.56982421875,264.697998046875,224.66201782226562,261.0870666503906,0.7278240323066711,49.368194580078125,0.039792679250240326,"4335,4308,2708,3637,3941,2575,13,4000,3908,1634,257,4865,4114,4971,2993,648",46.736595153808594,,,,,0
8,up_proj,gptq,32768,5120,0,0.002032303810119629,0.0014386475086212158,39.92740000862432,0.016400076657675736,179.99325561523438,140.65982055664062,124.99462127685547,214.43603515625,183.75909423828125,211.9749755859375,0.7278240323066711,39.90224075317383,0.03139698505401611,"4308,4335,2708,3637,3941,2575,13,4000,3908,1634,257,4114,4865,2993,4971,648",46.736595153808594,,,,,0
8,down_proj,gptq,5120,32768,0,0.00199052095413208,0.0014336824417114258,113.42876998252001,0.04689992336670963,259.7846374511719,141.65402221679688,0.25851520895957947,0.8340784311294556,0.8089499473571777,0.6845037937164307,0.8888691067695618,113.45027160644531,0.062237031757831573,"28539,12532,24170,5830,22673,20880,15383,6179,17261,8340,22150,13615,25315,16719,2991,26213",2966.67138671875,,,,,0
9,q_proj,gptq,4096,5120,0,0.002050352096557617,0.0014573097229003905,12.730381187211606,0.028407443381463893,38.744384765625,26.991775512695312,39.98320007324219,134.07955932617188,68.47210693359375,137.533447265625,0.8457266092300415,12.696821212768555,0.20889945328235626,"4457,4308,3637,3908,769,3472,152,2921,4114,3439,4878,3890,411,13,4335,958",191.1397705078125,,,,,0
9,k_proj,gptq,1024,5120,0,0.002010536193847656,0.001483154296875,5.229445495089749,0.03411677653771771,14.291031837463379,9.724109649658203,14.869464874267578,53.39849853515625,26.947479248046875,55.69574737548828,0.8457266092300415,5.2156267166137695,0.25424686074256897,"4308,4457,3637,3908,3472,2921,769,152,4114,3439,4878,411,3890,3895,958,4335",191.1397705078125,,,,,0
9,v_proj,gptq,1024,5120,0,0.002039337158203125,0.0014678955078125,1.3139268097006607,0.019305287573989544,5.223475456237793,3.945787191390991,5.2867655754089355,16.350852966308594,8.27284049987793,16.802448272705078,0.8457266092300415,1.3117702007293701,0.08576633036136627,"4457,4308,3637,769,3908,3472,2921,4114,3439,3890,152,4878,13,411,4335,3895",191.1397705078125,,,,,0
9,o_proj,gptq,5120,4096,0,0.0021122455596923827,0.0014679431915283203,8.991651883733539,0.032997744992095526,25.52560043334961,15.436727523803711,0.09835084527730942,0.3475939631462097,0.16650716960430145,0.31170469522476196,0.9001777172088623,8.971446990966797,0.03615468367934227,"266,138,2652,2908,394,46,522,3036,3176,3432,906,10,778,2780,650,430",64.2455062866211,,,,,0
9,gate_proj,gptq,32768,5120,0,0.0020409822463989258,0.001418524980545044,50.118600590503775,0.016767331091438794,222.2532196044922,173.90505981445312,180.31039428710938,317.6209716796875,276.82366943359375,311.0876770019531,0.759358286857605,50.08852767944336,0.04025236889719963,"4335,4308,2708,3637,3941,2993,13,3908,4000,4114,2575,648,257,3472,869,1634",46.788597106933594,,,,,0
9,up_proj,gptq,32768,5120,0,0.0020371854305267336,0.0014313757419586182,41.35861206154004,0.01660798077804759,185.0840301513672,144.60902404785156,151.06021118164062,261.38067626953125,231.35223388671875,254.68386840820312,0.759358286857605,41.330665588378906,0.03199184685945511,"4335,4308,2708,3637,2993,3941,3908,13,4000,4114,2575,257,648,3472,869,1634",46.788597106933594,,,,,0
9,down_proj,gptq,5120,32768,0,0.001986807584762573,0.001432812213897705,113.75683801143543,0.04616721396391437,262.19683837890625,143.98757934570312,0.318432092666626,0.9102938175201416,0.9847683906555176,0.7738324403762817,0.4479563236236572,113.79424285888672,0.05323153734207153,"4804,14061,4936,7493,13211,22730,31378,24019,32655,23209,19824,26033,28355,7156,2269,16056",123.67930603027344,,,,,0
10,q_proj,gptq,4096,5120,0,0.002059602737426758,0.001468324661254883,12.15165764739504,0.026701760515380202,38.5994873046875,27.441612243652344,49.684898376464844,154.419189453125,82.75563049316406,156.30856323242188,0.860828161239624,12.120312690734863,0.19970229268074036,"769,3890,152,2921,4308,411,3637,3895,3439,1568,4878,958,2082,4018,3472,4114",184.9326171875,,,,,0
10,k_proj,gptq,1024,5120,0,0.0020277023315429686,0.0014923095703125,5.424105115136626,0.03503347421581341,14.645073890686035,10.582021713256836,19.095699310302734,63.9794921875,35.37702941894531,64.77989959716797,0.860828161239624,5.408141136169434,0.26811695098876953,"769,152,3890,411,4308,2921,3637,4878,3895,3439,3908,4114,4018,4457,3472,958",184.9326171875,,,,,0
10,v_proj,gptq,1024,5120,0,0.0020414352416992187,0.001447296142578125,1.2940121393316986,0.018663839262297515,5.300539970397949,4.063055038452148,6.728538513183594,19.007225036621094,10.145586013793945,19.170814514160156,0.860828161239624,1.2914199829101562,0.08756504952907562,"769,2921,3890,3637,411,4878,4308,2993,4457,3895,3472,4018,152,4899,3439,3908",184.9326171875,,,,,0
10,o_proj,gptq,5120,4096,0,0.0021086692810058593,0.001467418670654297,9.546140936917709,0.033842422326789134,26.988025665283203,15.99087905883789,0.1552601456642151,0.5847873091697693,0.26308777928352356,0.5187921524047852,0.9254052639007568,9.517766952514648,0.04287470132112503,"1604,1732,1860,1988,437,2816,53,3277,2688,309,181,3149,2117,2944,2107,2501",57.56757736206055,,,,,0
10,gate_proj,gptq,32768,5120,0,0.0020301520824432375,0.0014161109924316407,51.29800754672033,0.016940705607265436,226.11880493164062,176.39218139648438,194.64825439453125,348.56683349609375,300.42633056640625,338.4808349609375,0.7568488717079163,51.240177154541016,0.043795835226774216,"4308,3637,4335,2708,4000,2993,3908,4618,3941,3472,13,648,2575,257,3662,4865",43.69737243652344,,,,,0
10,up_proj,gptq,32768,5120,0,0.002028238773345947,0.0014287292957305907,42.25774898575037,0.01678575015270524,187.84536743164062,146.35040283203125,162.46473693847656,286.1077880859375,250.05787658691406,278.025634765625,0.7568488717079163,42.24309539794922,0.03507016971707344,"4308,3637,4335,2708,4000,2993,3908,4618,3941,3472,13,648,257,869,2575,4865",43.69737243652344,,,,,0
10,down_proj,gptq,5120,32768,0,0.0019971132278442383,0.0014304935932159424,108.79734965560473,0.04376445675508885,257.51165771484375,144.548583984375,0.3684893250465393,1.1214617490768433,1.175129771232605,0.9762227535247803,0.6968189477920532,108.80891418457031,0.05046800896525383,"16527,20964,32554,4619,21414,14096,20675,29488,21107,18559,9290,3051,2314,16603,21651,15626",1545.0089111328125,,,,,0
11,q_proj,gptq,4096,5120,0,0.0020412921905517576,0.0014687538146972655,10.920584823354147,0.024078743950747612,37.18505096435547,26.902454376220703,46.783390045166016,141.52410888671875,79.12713623046875,145.56607055664062,0.8650634288787842,10.896363258361816,0.19614849984645844,"3637,4457,411,4308,152,3472,769,3439,4114,3908,2921,4878,3890,3662,133,958",241.3429718017578,,,,,0
11,k_proj,gptq,1024,5120,0,0.002056884765625,0.0015125274658203125,4.642177627043566,0.03061026111821842,13.574151992797852,9.713129043579102,17.094806671142578,57.41205596923828,30.956439971923828,60.30222702026367,0.8650634288787842,4.629512786865234,0.2727404832839966,"411,3637,4457,769,3472,152,4308,3439,2921,4114,3908,3662,3890,4878,133,958",241.3429718017578,,,,,0
11,v_proj,gptq,1024,5120,0,0.002029609680175781,0.0014677047729492188,1.388261218579828,0.01878546875685324,5.689147472381592,4.326128005981445,7.155342102050781,19.31182289123535,11.250852584838867,19.86011505126953,0.8650634288787842,1.3857060670852661,0.0890686884522438,"3637,4457,2993,4308,411,769,3472,152,4114,2921,3439,4878,3908,3662,3890,958",241.3429718017578,,,,,0
11,o_proj,gptq,5120,4096,0,0.0021143436431884767,0.0014676094055175782,10.126652285027376,0.033986541003246974,28.504379272460938,16.869674682617188,0.1794992983341217,0.6359168887138367,0.31631070375442505,0.5670442581176758,0.8549123406410217,10.112066268920898,0.03360873460769653,"1244,1116,1500,3589,1372,558,814,3973,3717,686,942,82,3180,3564,3845,3308",79.28414154052734,,,,,0
11,gate_proj,gptq,32768,5120,0,0.0020368635654449464,0.0014278650283813476,51.37501065985998,0.01706854179491429,226.03128051757812,176.92752075195312,202.9024658203125,365.08154296875,321.8356018066406,363.40338134765625,0.748393177986145,51.324195861816406,0.05560377612709999,"2993,3637,4308,4618,4000,4335,2708,3908,4457,4865,3472,4878,152,648,869,2921",36.37321853637695,,,,,0
11,up_proj,gptq,32768,5120,0,0.002036893367767334,0.001431041955947876,42.47493277807371,0.016758357553503203,189.27700805664062,147.966796875,170.93385314941406,299.9721984863281,270.68682861328125,299.59490966796875,0.748393177986145,42.4421501159668,0.042548637837171555,"2993,3637,4308,4000,4618,2708,4335,3908,4457,3472,4865,4878,152,869,257,3890",36.37321853637695,,,,,0
11,down_proj,gptq,5120,32768,0,0.002000373601913452,0.0014287054538726807,106.64678524003989,0.04271979840150373,256.5074157714844,145.93301391601562,0.39873960614204407,1.2502520084381104,1.3069040775299072,1.2518696784973145,0.8330073356628418,106.65694427490234,0.05082740634679794,"27668,28719,19921,18679,16140,26499,8123,2053,15811,5617,15654,30867,25474,14852,833,17465",1486.0103759765625,,,,,0
12,q_proj,gptq,4096,5120,0,0.0020475864410400392,0.001478433609008789,10.763091430068016,0.022942623822943105,37.997047424316406,27.827478408813477,59.29010772705078,171.3331298828125,99.28459167480469,175.89129638671875,0.8711068034172058,10.748771667480469,0.18413764238357544,"769,2993,411,3439,3637,152,2921,4308,4878,3472,4457,1568,3895,3890,133,2973",208.62953186035156,,,,,0
12,k_proj,gptq,1024,5120,0,0.0020641326904296876,0.0014638900756835938,4.962213326987694,0.028165311270647232,15.361985206604004,11.194034576416016,23.82956886291504,72.69052124023438,42.53315734863281,74.47856140136719,0.8711068034172058,4.9444050788879395,0.25963565707206726,"769,411,3439,3637,152,2993,2921,4878,3895,3472,4308,3890,2973,3662,4457,363",208.62953186035156,,,,,0
12,v_proj,gptq,1024,5120,0,0.002035713195800781,0.00151519775390625,1.2364084792043286,0.021258882257018195,4.640039920806885,3.4173431396484375,7.278876781463623,18.879051208496094,11.850248336791992,19.61336898803711,0.8711068034172058,1.2344282865524292,0.16183680295944214,"2993,769,411,3637,4878,4308,2921,152,3439,4457,3472,3890,3895,2973,133,4018",208.62953186035156,,,,,0
12,o_proj,gptq,5120,4096,0,0.0020820140838623048,0.0014546871185302734,8.756498029991235,0.03237248379888996,25.17144775390625,15.345573425292969,0.19759933650493622,0.7987809181213379,0.29592302441596985,0.7177051305770874,0.811791181564331,8.74023151397705,0.04229050874710083,"3294,918,3166,662,534,3550,427,790,2708,3422,2964,1917,1900,171,3980,2836",23.406044006347656,,,,,0
12,gate_proj,gptq,32768,5120,0,0.0020354926586151124,0.0014354348182678222,50.384006873217004,0.01742947900824866,218.48873901367188,171.0540771484375,193.33482360839844,352.07220458984375,313.72039794921875,357.26263427734375,0.6940421462059021,50.33466720581055,0.07246001809835434,"2993,3637,4618,4308,4865,3472,4335,4000,4878,2708,3908,3439,4114,152,2921,2575",51.11980438232422,,,,,0
12,up_proj,gptq,32768,5120,0,0.002033728361129761,0.0014329195022583009,43.41005000581936,0.016882624494927747,192.42440795898438,150.48223876953125,171.73486328125,303.3046569824219,275.83642578125,310.9906005859375,0.6940421462059021,43.38190460205078,0.05311499536037445,"2993,3637,4618,4308,4865,3472,4000,4878,4335,2708,3439,3908,152,2921,4114,2575",51.11980438232422,,,,,0
12,down_proj,gptq,5120,32768,0,0.001990276575088501,0.0014315247535705566,107.54267341745884,0.04254701213747913,260.2493896484375,149.33779907226562,0.4201847314834595,1.310562014579773,1.4439977407455444,1.2997430562973022,0.9912514090538025,107.55412292480469,0.06404523551464081,"4293,17939,248,10397,11720,7147,9569,15273,3549,2110,32531,3708,30537,5351,22853,2338",4101.7158203125,,,,,0
13,q_proj,gptq,4096,5120,0,0.002044534683227539,0.001470804214477539,11.194255575137504,0.025185728828115705,37.12169647216797,26.899288177490234,48.36247634887695,157.16372680664062,85.24664306640625,158.5063018798828,0.8415001034736633,11.174942970275879,0.23900733888149261,"2993,769,152,411,4308,3439,3472,4457,2921,3637,4878,3895,4114,1568,133,3662",262.4637451171875,,,,,0
13,k_proj,gptq,1024,5120,0,0.002014923095703125,0.0014310836791992187,4.900341850123368,0.029818237918920187,14.582582473754883,10.309503555297852,18.757915496826172,64.41018676757812,33.563297271728516,67.09249877929688,0.8415001034736633,4.888150215148926,0.3038451075553894,"2993,769,411,152,3439,4308,3472,2921,3637,4878,4457,3895,4114,133,1568,3890",262.4637451171875,,,,,0
13,v_proj,gptq,1024,5120,0,0.0020168304443359377,0.0014430999755859375,1.6732738203509143,0.022383547306922706,6.081094264984131,4.403292179107666,7.975889205932617,21.442245483398438,13.553770065307617,23.102630615234375,0.8415001034736633,1.6655724048614502,0.1891983151435852,"2993,769,4308,152,3472,4878,2921,3637,411,3439,133,3895,3890,4114,4457,4899",262.4637451171875,,,,,0
13,o_proj,gptq,5120,4096,0,0.002075862884521484,0.0014632701873779296,9.487567507452862,0.03269085360577502,27.371410369873047,16.430980682373047,0.2311413586139679,0.9470421671867371,0.39851993322372437,0.9677025079727173,0.7214323878288269,9.46013069152832,0.03533105179667473,"168,296,40,424,3717,2395,2419,2163,1752,1624,2547,3973,2523,2729,2857,2481",17.421140670776367,,,,,0
13,gate_proj,gptq,32768,5120,0,0.0020363450050354002,0.001438915729522705,50.40295082583543,0.017878748560058073,214.5634765625,168.58169555664062,182.2057342529297,341.6588134765625,302.9063720703125,351.3955078125,0.6354584097862244,50.35051345825195,0.09162776917219162,"2993,4618,3637,3472,4865,4308,4335,3439,3908,4878,4000,2921,769,2575,152,236",80.98995971679688,,,,,0
13,up_proj,gptq,32768,5120,0,0.002038121223449707,0.0014320969581604003,44.784369067287116,0.01716160990589652,196.14773559570312,153.87857055664062,168.251953125,303.77191162109375,276.71917724609375,315.6623229980469,0.6354584097862244,44.73335266113281,0.06854096800088882,"2993,4618,3637,3472,4308,4865,3439,4335,4878,2921,3908,4000,769,2575,152,648",80.98995971679688,,,,,0
13,down_proj,gptq,5120,32768,0,0.0019884824752807615,0.0014296472072601318,105.9926792271965,0.041624681818701,261.31939697265625,151.64328002929688,0.43064308166503906,1.3478208780288696,1.3961819410324097,1.3143181800842285,0.9767195582389832,106.00360107421875,0.06355578452348709,"317,8328,31175,20061,2848,25786,7906,3414,1721,10939,15374,26726,189,21181,23116,9380",3952.999267578125,,,,,0
14,q_proj,gptq,4096,5120,0,0.002035379409790039,0.001485729217529297,10.641225737665081,0.023839410087477024,36.64949035644531,26.382904052734375,65.70948028564453,203.88931274414062,115.70063781738281,216.56304931640625,0.776765763759613,10.620609283447266,0.2251516580581665,"769,2993,411,3439,2921,3895,152,4308,4878,550,3890,2973,363,4018,1568,4899",200.64602661132812,,,,,0
14,k_proj,gptq,1024,5120,0,0.0020458221435546873,0.00149078369140625,4.958755587336782,0.032528179521381866,14.04393196105957,9.813429832458496,24.90033721923828,81.64229583740234,48.40411376953125,87.90719604492188,0.776765763759613,4.943022727966309,0.3417893648147583,"769,411,3439,2993,2921,152,3895,4308,550,4878,3890,2973,363,4618,3472,4018",200.64602661132812,,,,,0
14,v_proj,gptq,1024,5120,0,0.0020032882690429687,0.0014760971069335937,1.8513464812599523,0.026286923012527358,6.061306953430176,4.228429317474365,10.854287147521973,29.797433853149414,19.51958465576172,32.21002197265625,0.776765763759613,1.831291913986206,0.2714211642742157,"2993,769,550,2921,4308,152,3890,411,4878,3895,3439,2973,4018,3472,4899,4810",200.64602661132812,,,,,0
14,o_proj,gptq,5120,4096,0,0.0020884037017822265,0.0014582633972167968,9.10348193533207,0.032033881063742324,26.794017791748047,16.060779571533203,0.3103088140487671,1.242126703262329,0.35812532901763916,1.060450553894043,0.778610348701477,9.079385757446289,0.032379716634750366,"669,3063,797,812,2807,2679,871,772,2702,541,2711,1438,3840,1182,3712,859",19.230344772338867,,,,,0
14,gate_proj,gptq,32768,5120,0,0.0020441412925720215,0.0014378130435943604,48.81326735150651,0.01768367012745057,209.5158233642578,164.52294921875,191.2318115234375,350.2127685546875,318.4720458984375,360.5452880859375,0.6465412974357605,48.76602554321289,0.08565989136695862,"4618,4335,4865,3637,3472,2575,3439,4000,2993,236,4308,3662,3908,2921,257,4114",84.68025970458984,,,,,0
14,up_proj,gptq,32768,5120,0,0.0020370721817016602,0.0014251768589019775,44.681212954514194,0.016943656752839913,197.59283447265625,154.92813110351562,182.2965087890625,320.4603271484375,299.19287109375,334.81707763671875,0.6465412974357605,44.66046905517578,0.06199311092495918,"4618,4335,3637,4865,3472,2575,3439,2993,4000,4308,236,3662,2921,4114,4878,257",84.68025970458984,,,,,0
14,down_proj,gptq,5120,32768,0,0.001990765333175659,0.0014232873916625976,107.50734667236793,0.041809196290410786,263.2509460449219,152.03973388671875,0.4712808430194855,1.487865924835205,1.4041916131973267,1.3037947416305542,0.9747726917266846,107.52931213378906,0.06824276596307755,"11368,8290,14545,10233,32574,2002,14369,18448,6629,21693,12188,22961,26440,27812,20498,29809",2672.2060546875,,,,,0
15,q_proj,gptq,4096,5120,0,0.002046966552734375,0.00146942138671875,10.348607779735175,0.024292701435280596,35.39931869506836,26.188081741333008,65.31156921386719,196.78933715820312,115.0999755859375,206.04214477539062,0.7352677583694458,10.32878303527832,0.2401370406150818,"2993,769,411,3439,4308,2921,3895,152,4114,4335,4878,3472,4618,3637,3908,4865",239.55409240722656,,,,,0
15,k_proj,gptq,1024,5120,0,0.002034568786621094,0.00145416259765625,5.214062467122858,0.03434295516137242,14.361310958862305,10.346443176269531,26.235027313232422,88.36735534667969,50.46540832519531,90.59803771972656,0.7352677583694458,5.20432186126709,0.3587873876094818,"2993,769,3439,411,4308,2921,3895,152,4335,4618,4114,3472,3908,4878,4865,3637",239.55409240722656,,,,,0
15,v_proj,gptq,1024,5120,0,0.002025604248046875,0.0014345169067382813,1.8792822360146602,0.02465960879192908,6.406678676605225,4.535870552062988,11.821296691894531,30.616191864013672,20.48497200012207,33.89154052734375,0.7352677583694458,1.8641616106033325,0.261220246553421,"2993,769,3439,4308,411,2921,152,3472,3895,3637,4114,3908,4335,2973,4878,3890",239.55409240722656,,,,,0
15,o_proj,gptq,5120,4096,0,0.0020997047424316405,0.0014672279357910156,9.507112386854487,0.03257187007435081,27.30618667602539,16.476036071777344,0.35578709840774536,1.2560609579086304,0.39168667793273926,1.001067876815796,0.7077151536941528,9.496086120605469,0.03729866072535515,"325,69,733,197,653,605,1285,1157,930,21,1029,525,1413,674,738,149",29.3470401763916,,,,,0
15,gate_proj,gptq,32768,5120,0,0.002042442560195923,0.0014432609081268311,48.55053604485147,0.01760155287504472,209.348876953125,165.38644409179688,210.2586669921875,384.6646423339844,346.2296142578125,393.2655029296875,0.6787916421890259,48.517364501953125,0.09065026044845581,"4335,4618,3637,4865,3472,3439,3908,2575,4000,236,3345,4114,3662,4308,2921,257",91.53380584716797,,,,,0
15,up_proj,gptq,32768,5120,0,0.0020327329635620116,0.0014248907566070557,44.379929714483296,0.016642791586886724,198.82107543945312,155.96804809570312,202.4190673828125,351.80267333984375,328.2952575683594,365.5379943847656,0.6787916421890259,44.356719970703125,0.06107601523399353,"4335,4618,3637,3472,4865,3439,3908,2575,4000,236,3345,4114,3662,4308,2921,3389",91.53380584716797,,,,,0
15,down_proj,gptq,5120,32768,0,0.0019963860511779787,0.0014296412467956544,103.34905857398735,0.04008742764172719,260.4270324707031,153.57696533203125,0.5594111084938049,1.9223949909210205,1.5275084972381592,1.6758167743682861,0.9712331295013428,103.3613052368164,0.07852544635534286,"23885,26931,5134,6376,12669,18652,2066,17816,2374,31541,3398,27008,31251,23695,12183,30158",3655.035888671875,,,,,0
16,q_proj,gptq,4096,5120,0,0.0020404815673828124,0.001476430892944336,10.460007245477755,0.024426830042163738,35.36304473876953,25.523326873779297,59.41552734375,186.33914184570312,106.26704406738281,190.23239135742188,0.6977440714836121,10.434633255004883,0.2870502471923828,"2993,769,3439,411,4308,152,2921,3472,3895,3908,4618,4335,3662,4457,4878,4865",358.029052734375,,,,,0
16,k_proj,gptq,1024,5120,0,0.0020349502563476564,0.0014774322509765625,4.295395748413284,0.0318606647825896,12.231452941894531,8.597379684448242,20.393388748168945,71.22222900390625,39.447425842285156,71.04226684570312,0.6977440714836121,4.282544136047363,0.3860150873661041,"2993,769,3439,152,4308,411,3908,3472,2921,4335,3895,4457,3662,4618,4878,4865",358.029052734375,,,,,0
16,v_proj,gptq,1024,5120,0,0.002028656005859375,0.0014551162719726562,1.9883327338939125,0.021350895138214473,7.568118095397949,5.8148908615112305,12.741434097290039,34.86933135986328,21.221277236938477,36.771583557128906,0.6977440714836121,1.9821654558181763,0.19462482631206512,"2993,769,3895,2921,4878,4308,411,3472,3439,152,3637,3908,4114,3890,4335,4865",358.029052734375,,,,,0
16,o_proj,gptq,5120,4096,0,0.002086305618286133,0.0014519691467285156,11.010480638866284,0.03483999579499559,30.391231536865234,17.864683151245117,0.46508750319480896,1.6104246377944946,0.6324306726455688,1.4829070568084717,0.7452988028526306,10.989167213439941,0.03457042947411537,"306,3009,2571,178,2625,2753,3058,2674,2588,2930,2606,2677,3024,2612,2640,2768",40.891754150390625,,,,,0
16,gate_proj,gptq,32768,5120,0,0.002037501335144043,0.0014453768730163575,49.448371195274376,0.018272330853350435,206.33448791503906,162.59303283691406,210.95306396484375,412.9442443847656,346.08233642578125,413.7056884765625,0.6278906464576721,49.38277053833008,0.13245505094528198,"4618,4335,4865,3637,3439,3472,3908,2575,236,4000,3345,4308,3662,2921,2993,257",115.33904266357422,,,,,0
16,up_proj,gptq,32768,5120,0,0.002034294605255127,0.0014236748218536377,46.56317468141424,0.016770710938322518,206.66685485839844,162.63925170898438,214.957275390625,394.34893798828125,345.282958984375,405.3351135253906,0.6278906464576721,46.51587677001953,0.09068413823843002,"4618,4335,3637,4865,3439,3472,3908,2575,4000,236,3345,4308,3662,2921,2993,257",115.33904266357422,,,,,0
16,down_proj,gptq,5120,32768,0,0.0019905030727386474,0.0014291763305664062,108.79496050792841,0.04136151824188872,270.42041015625,157.88555908203125,0.647515058517456,2.4058985710144043,1.9002265930175781,2.105294704437256,0.7199229598045349,108.73881530761719,0.08043630421161652,"31965,8590,7756,31248,21660,28203,32028,1543,148,16036,8361,27485,15936,10231,30340,22171",1549.6102294921875,,,,,0
17,q_proj,gptq,4096,5120,0,0.0020432472229003906,0.0014931678771972657,10.629970930123818,0.025294925584451743,35.19805908203125,25.116897583007812,81.07807922363281,233.31423950195312,140.71673583984375,240.35104370117188,0.7385614514350891,10.619877815246582,0.26499509811401367,"769,2993,411,3439,2921,4335,3895,4878,152,4308,3662,3637,3908,4618,550,3890",175.20912170410156,,,,,0
17,k_proj,gptq,1024,5120,0,0.002038383483886719,0.0014797210693359374,5.061442773909221,0.040503413369923816,12.504711151123047,8.417330741882324,27.666927337646484,89.55381774902344,56.634315490722656,93.96248626708984,0.7385614514350891,5.050638198852539,0.42841628193855286,"769,411,2993,3439,2921,3895,4878,4335,152,4308,3637,3890,550,3662,4618,3908",175.20912170410156,,,,,0
17,v_proj,gptq,1024,5120,0,0.0020429611206054686,0.001441192626953125,2.111221716755608,0.023069918111951557,7.465710639953613,5.364434242248535,17.369129180908203,44.73906326293945,28.971006393432617,49.36288070678711,0.7385614514350891,2.1060292720794678,0.23210275173187256,"2993,769,3439,2921,411,4878,3895,152,3662,2973,4335,550,4308,3890,3637,363",175.20912170410156,,,,,0
17,o_proj,gptq,5120,4096,0,0.002103710174560547,0.0014653205871582031,10.381281873981038,0.03258722561535732,30.930166244506836,18.097381591796875,0.49997103214263916,1.9826868772506714,0.7440749406814575,1.6694984436035156,0.7487748265266418,10.34744644165039,0.028170226141810417,"250,3054,886,630,2670,506,122,2798,3162,3418,1014,3290,3546,2926,758,1155",17.562442779541016,,,,,0
17,gate_proj,gptq,32768,5120,0,0.002038174867630005,0.0014457464218139648,50.810438362495915,0.01838306058409564,210.5858154296875,166.48239135742188,234.60919189453125,459.2658996582031,393.00592041015625,453.7392883300781,0.6019472479820251,50.7532958984375,0.11482749879360199,"4618,4865,4335,3637,3439,4000,3345,3908,236,2575,3472,3662,2921,2993,257,2708",108.24641418457031,,,,,0
17,up_proj,gptq,32768,5120,0,0.002032148838043213,0.0014222383499145508,46.51742881537939,0.016953589287160925,204.34130859375,160.12844848632812,232.06112670898438,425.31231689453125,377.58465576171875,429.48681640625,0.6019472479820251,46.48796081542969,0.0757276639342308,"4618,4865,4335,3637,3439,4000,3345,3908,236,2575,3472,3662,2993,257,2921,2708",108.24641418457031,,,,,0
17,down_proj,gptq,5120,32768,0,0.0019895851612091063,0.001421654224395752,107.65749425078528,0.04108842980773999,266.70037841796875,155.04351806640625,0.7644133567810059,3.102189064025879,2.2312674522399902,2.527937650680542,0.8196853399276733,107.58441162109375,0.08914105594158173,"10487,7499,5215,4835,13370,24974,14402,3962,19878,7391,3431,8455,21016,23627,20146,16764",1636.971923828125,,,,,0
18,q_proj,gptq,4096,5120,0,0.0020290374755859374,0.0014644145965576171,10.134178850785247,0.025006059749952857,33.61851501464844,23.789997100830078,82.48921203613281,233.48336791992188,152.8636932373047,239.62954711914062,0.7218063473701477,10.10716438293457,0.25526776909828186,"769,411,3439,2921,152,3895,550,3890,4335,4878,4308,3908,3472,4618,3662,4018",188.6944122314453,,,,,0
18,k_proj,gptq,1024,5120,0,0.0020565032958984376,0.0014850616455078125,4.679450712465041,0.038192709020429004,11.913900375366211,7.9568634033203125,28.677881240844727,89.84059143066406,61.894927978515625,92.71345520019531,0.7218063473701477,4.6681108474731445,0.40059956908226013,"769,411,3439,2921,152,3890,3895,4878,550,4308,4335,3472,3908,4668,4618,3662",188.6944122314453,,,,,0
18,v_proj,gptq,1024,5120,0,0.0020479202270507813,0.0014247894287109375,2.106784704648817,0.023950002294711288,7.241905212402344,5.136956214904785,17.723583221435547,44.897125244140625,31.52448272705078,46.424766540527344,0.7218063473701477,2.1016693115234375,0.21023979783058167,"2993,769,411,2921,3439,152,550,4878,3890,3895,3908,4335,3472,4308,2082,4668",188.6944122314453,,,,,0
18,o_proj,gptq,5120,4096,0,0.0021285533905029295,0.0014415740966796874,11.20027353977639,0.03441155251186721,31.388734817504883,18.419389724731445,0.528647780418396,1.8932044506072998,0.7566533088684082,1.4021481275558472,0.7366217970848083,11.172567367553711,0.06483257561922073,"46,52,87,92,7,2,15,94,51,109,105,28,27,98,8,30",69.59326934814453,,,,,0
18,gate_proj,gptq,32768,5120,0,0.0020244300365448,0.0014329731464385986,52.064472248059474,0.018974593128078865,210.21597290039062,164.690673828125,250.1337432861328,498.46160888671875,432.1771240234375,479.8538818359375,0.6107431650161743,52.018775939941406,0.10942532122135162,"4618,4865,4335,3345,236,3637,4000,3439,3908,2575,2993,2708,257,3472,2921,3662",128.44981384277344,,,,,0
18,up_proj,gptq,32768,5120,0,0.002037203311920166,0.0014284670352935791,47.26105576682562,0.01748090950884711,202.39122009277344,157.1769561767578,245.90589904785156,455.45880126953125,414.6154479980469,448.0599365234375,0.6107431650161743,47.24177932739258,0.0696556568145752,"4618,4865,4335,3345,236,3637,4000,3439,3908,2575,2993,257,2708,3472,2921,2093",128.44981384277344,,,,,0
18,down_proj,gptq,5120,32768,0,0.001992011070251465,0.0014296233654022216,114.76948919841743,0.044024583912642856,272.53070068359375,153.34512329101562,0.8573300838470459,3.2518935203552246,2.5552892684936523,2.5790839195251465,0.9551227688789368,114.73173522949219,0.0821814239025116,"9514,16814,28943,30843,23367,21304,11051,4235,18608,10931,12348,2738,280,31841,30365,19609",2475.60302734375,,,,,0
19,q_proj,gptq,4096,5120,0,0.0020400047302246093,0.001468324661254883,11.202573791582836,0.026993065950504568,35.262847900390625,24.507492065429688,74.18687438964844,218.81961059570312,151.06910705566406,225.77078247070312,0.7345278859138489,11.185176849365234,0.28418585658073425,"769,3439,411,2921,4308,4618,3895,4878,3908,2993,152,3662,3472,550,4335,4668",259.4165954589844,,,,,0
19,k_proj,gptq,1024,5120,0,0.0020475387573242188,0.001495361328125,5.132178595835285,0.03892547048468433,12.930482864379883,8.608428001403809,26.944583892822266,86.42508697509766,65.44418334960938,91.69073486328125,0.7345278859138489,5.124405384063721,0.4071720242500305,"769,3439,411,2921,4618,3908,4308,4878,3662,3895,3472,152,3890,2993,4668,4335",259.4165954589844,,,,,0
19,v_proj,gptq,1024,5120,0,0.0020605087280273437,0.0014699935913085938,2.0216125343167732,0.023488976774722593,7.034302711486816,5.000601768493652,14.86133098602295,40.24676513671875,28.284318923950195,41.6380615234375,0.7345278859138489,2.0150482654571533,0.21936264634132385,"2993,769,3439,411,2921,3895,4878,4308,3908,3472,3662,152,4618,4335,550,3890",259.4165954589844,,,,,0
19,o_proj,gptq,5120,4096,0,0.0021459102630615235,0.0014600276947021485,10.71855781187196,0.03274096311415183,30.726497650146484,18.59081268310547,0.34058547019958496,1.4437187910079956,0.4888094663619995,1.0141417980194092,0.8159253597259521,10.689237594604492,0.03235869109630585,"2778,2650,3034,2906,28,284,412,1408,745,1280,3886,3758,992,1152,4014,617",27.2971248626709,,,,,0
19,gate_proj,gptq,32768,5120,0,0.002040034532546997,0.0014311730861663817,53.01826510607452,0.01901965559721884,213.44207763671875,165.42440795898438,267.52276611328125,524.299560546875,471.94281005859375,501.606689453125,0.5907860398292542,52.9837532043457,0.08961716294288635,"4618,4865,3345,4335,236,3439,3637,2993,3908,4000,2575,257,2093,2921,4114,3662",96.1100845336914,,,,,0
19,up_proj,gptq,32768,5120,0,0.0020444214344024656,0.001428985595703125,47.95181597504143,0.01792117248429379,201.5161590576172,155.15975952148438,256.76239013671875,479.65887451171875,440.66558837890625,465.0980224609375,0.5907860398292542,47.91669464111328,0.05923253297805786,"4618,4865,3345,4335,236,3439,3637,2993,3908,4000,2575,257,2093,4114,2921,3662",96.1100845336914,,,,,0
19,down_proj,gptq,5120,32768,0,0.0019933581352233887,0.0014291584491729736,112.25861699246269,0.043065016387449674,268.4158935546875,151.6965789794922,0.9388232231140137,3.574272394180298,3.087728261947632,2.7643418312072754,0.4637776017189026,112.18954467773438,0.07528175413608551,"2557,10269,14260,29715,6029,18187,18314,15587,23926,30424,26747,10945,18658,3553,16256,5277",1350.31201171875,,,,,0
20,q_proj,gptq,4096,5120,0,0.002048349380493164,0.0014599800109863282,10.827534605923574,0.02530012116554106,35.554569244384766,25.031286239624023,80.51548767089844,236.21820068359375,168.78353881835938,242.67037963867188,0.7571324110031128,10.806138038635254,0.26533231139183044,"769,3439,411,2921,4308,3908,152,4878,3472,3895,3662,4618,2993,550,3890,4668",259.98443603515625,,,,,0
20,k_proj,gptq,1024,5120,0,0.002042198181152344,0.0014997482299804687,5.753142794215819,0.038948207422608086,14.473278045654297,9.580732345581055,32.51005935668945,102.1837158203125,81.34809112548828,109.0257797241211,0.7571324110031128,5.748257160186768,0.4168679416179657,"769,411,3439,2921,3908,4308,4878,152,3895,3472,4618,3662,550,3890,4668,2973",259.98443603515625,,,,,0
20,v_proj,gptq,1024,5120,0,0.0020124435424804686,0.0014467239379882812,1.8999061100166728,0.02287750216691156,6.724115371704102,4.829769134521484,15.16614818572998,40.04494857788086,30.17963218688965,41.965728759765625,0.7571324110031128,1.897110939025879,0.19921556115150452,"2993,769,411,3439,2921,4308,3895,4878,152,3890,3472,3908,550,4668,4618,3662",259.98443603515625,,,,,0
20,o_proj,gptq,5120,4096,0,0.0021117687225341796,0.0014519691467285156,10.254504689521127,0.033347916538433046,28.724618911743164,17.327871322631836,0.4600544571876526,1.6303400993347168,0.5404610633850098,1.1042678356170654,0.8307488560676575,10.239229202270508,0.0391940213739872,"2273,2145,1607,1735,2401,2529,1863,1277,1991,1533,1405,1536,1664,1709,1786,1713",52.207454681396484,,,,,0
20,gate_proj,gptq,32768,5120,0,0.002034294605255127,0.0014369189739227295,52.64766382146627,0.018733624496603832,214.29763793945312,166.02865600585938,302.97637939453125,578.1087036132812,560.2587890625,561.8201293945312,0.5961930155754089,52.61338424682617,0.07641345262527466,"4618,4865,3345,4335,192,236,2993,3439,2575,3637,3908,4000,257,1865,2973,2093",69.78341674804688,,,,,0
20,up_proj,gptq,32768,5120,0,0.0020401060581207277,0.0014272689819335937,47.13031306967605,0.01780120402899683,198.97532653808594,152.98873901367188,285.91192626953125,519.9132080078125,517.957275390625,509.88140869140625,0.5961930155754089,47.110816955566406,0.049687013030052185,"4618,4865,4335,3345,192,236,2993,3439,2575,3637,3908,257,4000,1865,2973,2093",69.78341674804688,,,,,0
20,down_proj,gptq,5120,32768,0,0.001988738775253296,0.0014252603054046632,109.62687259530901,0.04237352678869121,263.33343505859375,149.31629943847656,1.0807275772094727,4.25950813293457,3.24904465675354,3.0632224082946777,0.9671846628189087,109.60418701171875,0.07309404760599136,"24498,28875,10074,5921,16622,13375,8028,22471,26765,12304,8734,18670,32038,7418,1193,13287",3472.461181640625,,,,,0
21,q_proj,gptq,4096,5120,0,0.002050924301147461,0.001461029052734375,11.284929410114273,0.026395554890885336,35.95264434814453,24.919389724731445,74.34111785888672,215.33238220214844,165.18649291992188,224.4873046875,0.7262820601463318,11.269397735595703,0.2844332158565521,"769,3439,411,3908,2993,4308,3472,3662,2921,4878,3637,152,3895,4114,4668,4457",318.0330810546875,,,,,0
21,k_proj,gptq,1024,5120,0,0.002032470703125,0.0014781951904296875,5.000220718822675,0.03531569771329558,13.273919105529785,8.865242958068848,27.366455078125,83.67485046386719,69.4862060546875,87.21646118164062,0.7262820601463318,4.998421669006348,0.38679346442222595,"769,3439,3908,411,3472,3662,4308,2993,152,2921,3637,4878,3895,4114,4668,4618",318.0330810546875,,,,,0
21,v_proj,gptq,1024,5120,0,0.002034568786621094,0.0014390945434570312,1.8911569275305737,0.022234499959122817,6.8198137283325195,4.932639122009277,14.11056900024414,36.98558044433594,28.13707160949707,37.528682708740234,0.7262820601463318,1.8890364170074463,0.20220772922039032,"2993,769,3908,3439,411,3472,2921,4308,4878,152,3662,3637,4668,4114,4618,3895",318.0330810546875,,,,,0
21,o_proj,gptq,5120,4096,0,0.002109813690185547,0.0014413356781005859,10.441394182477325,0.03372484101729161,28.999713897705078,17.455121994018555,0.40651506185531616,1.4362863302230835,0.5889047384262085,1.0143815279006958,0.8057577013969421,10.415390014648438,0.036923229694366455,"3642,461,77,1243,3385,3898,205,333,4026,3257,1371,3129,2650,591,1115,3513",45.047935485839844,,,,,0
21,gate_proj,gptq,32768,5120,0,0.002035343647003174,0.0014323413372039795,52.68353184394073,0.018385784504295965,217.2422332763672,168.10958862304688,348.6279296875,653.1012573242188,641.317138671875,641.1932373046875,0.6762917041778564,52.6358642578125,0.07390676438808441,"4618,4865,192,236,4335,3439,3908,3637,3345,2993,2575,257,2925,1865,4000,2093",69.77857971191406,,,,,0
21,up_proj,gptq,32768,5120,0,0.0020431756973266603,0.0014278352260589599,45.81054852952366,0.01754656720528837,195.427734375,150.54135131835938,318.2205810546875,573.0726318359375,573.7916870117188,567.3550415039062,0.6762917041778564,45.78636169433594,0.04824769124388695,"4618,4865,192,236,4335,3908,3439,3637,3345,2993,2575,257,2925,4000,1865,2093",69.77857971191406,,,,,0
21,down_proj,gptq,5120,32768,0,0.0019956231117248535,0.0014301657676696778,111.5808204760674,0.04376128628305408,263.1939697265625,147.27635192871094,1.23663330078125,4.7068634033203125,4.202289581298828,3.6731200218200684,0.8792934417724609,111.54827880859375,0.07414083182811737,"13969,24137,15060,32225,15512,3989,3316,22788,16086,19846,32167,25011,17861,6898,3188,4644",3279.987548828125,,,,,0
22,q_proj,gptq,4096,5120,0,0.002030086517333984,0.0014500141143798829,12.005197584952839,0.029939363029212036,35.300148010253906,23.721895217895508,77.57801818847656,217.72869873046875,173.9256591796875,221.09600830078125,0.7569741010665894,11.984638214111328,0.2808859050273895,"769,411,3439,2921,4308,3908,152,3895,3472,4878,550,3890,3637,2993,133,4668",221.19537353515625,,,,,0
22,k_proj,gptq,1024,5120,0,0.0020620346069335936,0.0014699935913085938,5.27353512736363,0.04076855779731452,12.891237258911133,8.281591415405273,28.528648376464844,82.84713745117188,72.20896911621094,84.09406280517578,0.7569741010665894,5.265210151672363,0.37104877829551697,"769,411,3439,2921,3908,4308,152,3472,4878,550,3890,3895,2993,133,3662,3637",221.19537353515625,,,,,0
22,v_proj,gptq,1024,5120,0,0.002011680603027344,0.001428985595703125,2.268170318475086,0.02659128223563749,7.237311363220215,5.025245666503906,15.792882919311523,42.370391845703125,33.867000579833984,43.09808349609375,0.7569741010665894,2.2631847858428955,0.21331895887851715,"769,2993,411,3439,3908,2921,3890,4308,3637,550,4668,4878,2925,152,3472,3895",221.19537353515625,,,,,0
22,o_proj,gptq,5120,4096,0,0.002114677429199219,0.0014400482177734375,11.011247728089074,0.03524121008090873,29.983978271484375,17.58401107788086,0.3263257145881653,1.129338264465332,0.4557874798774719,0.802107036113739,0.9525003433227539,10.985069274902344,0.04891844093799591,"1613,341,3029,2773,2901,2645,1306,1178,85,1869,1434,1741,213,469,1021,893",225.4678192138672,,,,,0
22,gate_proj,gptq,32768,5120,0,0.0020474791526794434,0.001445382833480835,52.155009397887625,0.018010079525537008,218.28619384765625,169.001220703125,372.0595703125,686.3253173828125,684.4164428710938,676.69580078125,0.719510018825531,52.110877990722656,0.07157038152217865,"4618,192,4865,3439,236,3908,2575,2993,3637,4335,3345,3753,257,2925,2973,1865",78.65739440917969,,,,,0
22,up_proj,gptq,32768,5120,0,0.0020406901836395263,0.0014329254627227783,44.913984868093394,0.017280188110955906,193.799072265625,149.4695281982422,334.608154296875,595.8065795898438,606.027099609375,593.581298828125,0.719510018825531,44.88432312011719,0.048636700958013535,"4618,192,4865,3439,236,3908,2575,2993,3637,4335,3345,3753,257,2925,2973,1865",78.65739440917969,,,,,0
22,down_proj,gptq,5120,32768,0,0.001985633373260498,0.0014309942722320556,112.65766578379225,0.04434205752963849,263.53692626953125,146.35870361328125,1.3564225435256958,5.2001543045043945,4.195148468017578,3.9681525230407715,0.9290834069252014,112.64037322998047,0.0780731812119484,"6985,24080,2802,27892,12405,21088,1785,5714,7678,28077,23982,32581,19025,12059,31377,4259",3109.26953125,,,,,0
23,q_proj,gptq,4096,5120,0,0.002045869827270508,0.0014696121215820312,10.836148888119169,0.026728013023953133,34.24311447143555,23.633697509765625,81.57826232910156,228.38331604003906,175.67547607421875,235.04417419433594,0.7930650115013123,10.81214714050293,0.28367120027542114,"769,411,3439,3908,2921,4308,152,3895,3662,4878,3890,4668,550,3472,2925,2973",202.5322723388672,,,,,0
23,k_proj,gptq,1024,5120,0,0.00203704833984375,0.0014921188354492187,5.541737248498066,0.042671701851789055,13.192573547363281,8.591598510742188,31.682004928588867,93.7464828491211,83.12542724609375,96.5810775756836,0.7930650115013123,5.522644996643066,0.43172362446784973,"769,411,3439,2921,3908,4308,3895,3662,152,4668,4878,550,3472,3890,2925,2973",202.5322723388672,,,,,0
23,v_proj,gptq,1024,5120,0,0.0020275115966796875,0.00142059326171875,2.274734310649535,0.02580397819646625,7.394500255584717,5.149531841278076,17.533863067626953,44.030540466308594,37.21510314941406,45.33885955810547,0.7930650115013123,2.272599697113037,0.2535666525363922,"769,411,3439,2921,4308,3908,4878,2993,4668,152,3890,3895,550,3662,3472,2925",202.5322723388672,,,,,0
23,o_proj,gptq,5120,4096,0,0.0021182537078857423,0.0014600276947021485,9.833444746067471,0.031269806593739784,29.19683074951172,17.73898696899414,0.38677728176116943,1.6308841705322266,0.4737635850906372,0.8486552834510803,0.822895348072052,9.804244995117188,0.046495627611875534,"2081,2209,2337,3749,3174,3302,3621,4005,2496,850,2465,2240,594,3044,2112,978",108.78742980957031,,,,,0
23,gate_proj,gptq,32768,5120,0,0.002041059732437134,0.0014352917671203614,52.05164832007722,0.017892072946665918,218.8555908203125,169.25497436523438,389.6070556640625,716.92822265625,715.4547729492188,711.607421875,0.7638322114944458,52.0087890625,0.06743692606687546,"192,4618,4865,2575,3439,3637,236,3908,4091,4335,1321,3753,3345,2993,2093,257",90.1935806274414,,,,,0
23,up_proj,gptq,32768,5120,0,0.0020351588726043703,0.0014277338981628419,44.780721266404726,0.017268108790745862,193.32774353027344,149.0930633544922,348.168212890625,621.9898681640625,635.9677734375,621.87060546875,0.7638322114944458,44.760169982910156,0.04724344238638878,"192,4618,4865,2575,3637,3439,236,3908,4335,1321,4091,2993,3345,3753,2093,257",90.1935806274414,,,,,0
23,down_proj,gptq,5120,32768,0,0.0019888758659362795,0.0014294743537902831,113.28745419352566,0.04469407448521132,263.52349853515625,145.81564331054688,1.4735510349273682,6.047085285186768,4.479477405548096,4.1196980476379395,0.9604301452636719,113.22956848144531,0.08482693880796432,"10969,24913,14612,14734,12250,5406,32457,12645,27290,21517,29537,8324,16050,25714,13857,4245",2899.025390625,,,,,0
24,q_proj,gptq,4096,5120,0,0.0020433902740478516,0.0014503955841064452,11.295500401389745,0.029002577899042734,33.92626190185547,23.082874298095703,79.32418823242188,228.71580505371094,181.7737579345703,236.95977783203125,0.7553301453590393,11.271492958068848,0.2769230306148529,"769,411,3439,3908,4308,2921,3662,3472,4668,4114,4878,152,2925,3637,3895,550",191.9368133544922,,,,,0
24,k_proj,gptq,1024,5120,0,0.002063751220703125,0.0014612197875976563,4.571294666417089,0.03779983002542037,11.670068740844727,7.819491863250732,27.39769744873047,83.05628967285156,72.74336242675781,82.69881439208984,0.7553301453590393,4.5611090660095215,0.35607871413230896,"411,769,3908,3439,2921,4308,3662,3472,4114,4878,4668,3637,152,3895,2925,550",191.9368133544922,,,,,0
24,v_proj,gptq,1024,5120,0,0.0020418167114257812,0.0014146804809570313,2.165005500318557,0.025697999714717673,7.072066307067871,4.924267768859863,16.44756317138672,44.42005920410156,35.556640625,46.20668029785156,0.7553301453590393,2.162306785583496,0.2202213555574417,"769,411,3908,3439,4308,2921,3472,3662,4878,4668,4114,152,3637,2993,3895,2925",191.9368133544922,,,,,0
24,o_proj,gptq,5120,4096,0,0.002118206024169922,0.0014650344848632813,10.463104304987723,0.03149964627068718,30.922239303588867,18.86355972290039,0.3124696612358093,1.4130849838256836,0.3750424385070801,0.6293301582336426,0.7440100312232971,10.441041946411133,0.054190777242183685,"662,534,918,3785,4041,1915,790,1183,3913,1439,1659,2461,2848,3657,1311,1055",135.55819702148438,,,,,0
24,gate_proj,gptq,32768,5120,0,0.0020434200763702393,0.0014362871646881104,52.460196732912664,0.018243539220003845,217.20376586914062,166.32687377929688,385.2747802734375,723.1401977539062,727.4227294921875,717.3755493164062,0.8279093503952026,52.405391693115234,0.06011029705405235,"192,4618,4091,2575,3637,4865,2993,3908,3439,1321,257,236,2925,2093,4335,394",101.36157989501953,,,,,0
24,up_proj,gptq,32768,5120,0,0.002042299509048462,0.0014289796352386474,46.23820845691921,0.017716539398486945,195.7572479248047,149.53439331054688,350.5994567871094,641.44775390625,651.2657470703125,639.2996826171875,0.8279093503952026,46.20809555053711,0.042981769889593124,"192,4618,2575,3637,4091,2993,3908,4865,3439,1321,257,2093,236,4335,2925,394",101.36157989501953,,,,,0
24,down_proj,gptq,5120,32768,0,0.001991307735443115,0.0014298498630523683,121.05753893381905,0.04726455397062114,273.3603515625,147.46505737304688,1.5889427661895752,5.780007839202881,5.42938232421875,4.253525733947754,0.5431526303291321,120.99182891845703,0.08720346540212631,"20522,11987,29784,27627,23413,32358,29198,3633,24961,21719,30701,25878,7740,7921,24652,9395",2365.84765625,,,,,0
25,q_proj,gptq,4096,5120,0,0.00202031135559082,0.0014599323272705077,11.059911529906458,0.02759356098628213,34.262237548828125,23.511207580566406,83.30502319335938,239.2147216796875,189.88136291503906,246.91720581054688,0.7902801632881165,11.04568862915039,0.278807669878006,"769,411,3439,2921,4878,3908,4114,4308,152,3662,4668,550,3895,2925,3890,3472",196.06277465820312,,,,,0
25,k_proj,gptq,1024,5120,0,0.0020305633544921873,0.001476287841796875,5.13099844487806,0.03967277292178326,12.752739906311035,8.460525512695312,31.243179321289062,95.90937805175781,82.737548828125,98.70252227783203,0.7902801632881165,5.117443084716797,0.40429577231407166,"769,411,3439,3908,2921,4878,4114,152,3662,4668,2925,3890,4308,3895,550,2973",196.06277465820312,,,,,0
25,v_proj,gptq,1024,5120,0,0.002028656005859375,0.001445770263671875,2.078349035410838,0.02291459372411252,7.33518123626709,5.334018230438232,17.713851928710938,47.133548736572266,37.152034759521484,49.048797607421875,0.7902801632881165,2.078117847442627,0.17546150088310242,"769,411,3439,2921,4878,3890,4114,4668,3908,550,2925,4308,152,3895,3662,2082",196.06277465820312,,,,,0
25,o_proj,gptq,5120,4096,0,0.0021167278289794924,0.001438140869140625,9.944894507174467,0.03094140629489295,29.468433380126953,18.08131980895996,0.5383930206298828,1.890326976776123,0.643822431564331,1.0269122123718262,0.9560189247131348,9.920450210571289,0.04782647266983986,"3053,2797,2669,2925,1010,2687,882,626,2815,3071,2943,754,2589,2576,2585,3400",232.54991149902344,,,,,0
25,gate_proj,gptq,32768,5120,0,0.0020433366298675537,0.0014322519302368164,52.90232444884896,0.01809393983245809,220.35333251953125,168.66946411132812,427.0917663574219,791.7327880859375,822.8858642578125,791.6792602539062,0.8142923712730408,52.86939239501953,0.05192464590072632,"192,4091,4618,2575,1321,2093,394,4865,3637,312,236,2925,3439,2993,2248,257",80.91920471191406,,,,,0
25,up_proj,gptq,32768,5120,0,0.0020357489585876463,0.0014327585697174073,45.40557468968109,0.017637962121303547,192.73077392578125,147.04922485351562,377.15081787109375,683.1297607421875,719.5003662109375,687.505126953125,0.8142923712730408,45.394805908203125,0.036981001496315,"192,4091,4618,2575,1321,2093,394,3637,312,4865,2925,2993,236,2248,257,1865",80.91920471191406,,,,,0
25,down_proj,gptq,5120,32768,0,0.001990443468093872,0.001428234577178955,114.55489856352719,0.04505252045161199,264.6224365234375,145.65283203125,1.67165207862854,7.071515083312988,5.330367088317871,4.5120038986206055,0.9623658657073975,114.51141357421875,0.08879798650741577,"10981,15288,10440,9224,10972,25551,28124,31233,12740,3547,17322,7148,5896,21101,24157,29597",3598.9580078125,,,,,0
26,q_proj,gptq,4096,5120,0,0.0020380020141601562,0.0014550209045410157,10.67162100155383,0.026760945013688274,33.714019775390625,23.569534301757812,85.62892150878906,225.1365509033203,200.6982421875,235.22496032714844,0.750377357006073,10.655792236328125,0.2503078877925873,"411,769,3439,4308,2921,3908,3472,4114,3637,3662,4878,152,4668,2925,2973,1377",131.32330322265625,,,,,0
26,k_proj,gptq,1024,5120,0,0.0020404815673828124,0.0015069961547851563,4.23361161931507,0.03376437876573247,11.603074073791504,7.940710067749023,29.37498664855957,82.27049255371094,77.19630432128906,84.91818237304688,0.750377357006073,4.226320266723633,0.3384232223033905,"769,411,3439,3908,4308,3472,2921,4114,3662,3637,152,4878,4668,2925,3890,2973",131.32330322265625,,,,,0
26,v_proj,gptq,1024,5120,0,0.0020273208618164064,0.0014280319213867188,2.091199858906748,0.021261451911306614,7.753944396972656,5.631711483001709,19.672119140625,48.86387634277344,41.65895080566406,51.4741325378418,0.750377357006073,2.0896811485290527,0.13090486824512482,"3439,769,411,4308,2921,3908,3637,3472,4114,3662,4668,152,4878,2925,2973,3895",131.32330322265625,,,,,0
26,o_proj,gptq,5120,4096,0,0.002132606506347656,0.0014258861541748048,10.465502065756482,0.03140643092847869,30.298906326293945,18.831096649169922,0.3382485806941986,1.286441683769226,0.3704627752304077,0.5637521147727966,0.9048390984535217,10.441224098205566,0.04886806383728981,"3472,3088,3344,1910,1654,3795,4051,3923,1782,240,3216,2038,3667,2719,2975,2591",140.87136840820312,,,,,0
26,gate_proj,gptq,32768,5120,0,0.0020546913146972656,0.001432657241821289,54.29772467060593,0.018226045172415106,225.14578247070312,172.1632537841797,461.4117126464844,868.2909545898438,916.9796142578125,873.8953857421875,0.8446720838546753,54.24785614013672,0.04591529443860054,"192,4091,2575,4618,1321,394,3439,1865,2993,3637,2093,236,3908,2830,312,4114",77.42327117919922,,,,,0
26,up_proj,gptq,32768,5120,0,0.0020346343517303467,0.0014281272888183594,45.57754794292714,0.017820517296226662,192.019287109375,146.23907470703125,397.1861572265625,731.0050659179688,785.4088134765625,739.252685546875,0.8446720838546753,45.53288269042969,0.03239373862743378,"192,4091,2575,4618,1321,394,3439,2993,1865,3637,236,2093,3908,312,2830,4114",77.42327117919922,,,,,0
26,down_proj,gptq,5120,32768,0,0.0019902288913726807,0.0014308273792266845,115.5110739080751,0.045513600664395505,265.426513671875,145.6146697998047,1.800767183303833,7.774903774261475,5.752924919128418,5.093016624450684,0.98163902759552,115.45547485351562,0.10312046110630035,"28645,24501,10857,6076,29511,17067,28625,10879,16099,23091,26848,30098,5362,7973,4488,22195",4035.851806640625,,,,,0
27,q_proj,gptq,4096,5120,0,0.002056741714477539,0.0014528274536132813,12.25461344445921,0.02936166495724134,36.401920318603516,24.38125228881836,66.73223876953125,209.943603515625,165.16006469726562,222.78451538085938,0.7314233779907227,12.231273651123047,0.26675042510032654,"3908,3439,769,411,4308,3472,2921,3662,4878,152,4114,2925,4668,3890,1377,1634",200.26661682128906,,,,,0
27,k_proj,gptq,1024,5120,0,0.0020450592041015626,0.0014574050903320313,4.17995455232915,0.033406350367013234,11.455020904541016,7.456803321838379,21.15741729736328,66.87197875976562,56.08934783935547,71.5222396850586,0.7314233779907227,4.17003059387207,0.3112356662750244,"3908,3439,769,411,4308,2921,3472,3662,4878,4114,152,2925,4668,3890,1634,2973",200.26661682128906,,,,,0
27,v_proj,gptq,1024,5120,0,0.002040863037109375,0.0014295578002929688,2.920709464038964,0.029313807617261715,8.736804962158203,5.8728837966918945,15.946216583251953,48.30659103393555,38.67259216308594,50.58312225341797,0.7314233779907227,2.9155325889587402,0.24783267080783844,"3908,3439,4308,411,769,2921,3472,4878,3662,4114,152,4668,2925,3890,1377,1634",200.26661682128906,,,,,0
27,o_proj,gptq,5120,4096,0,0.0021197319030761717,0.0014583110809326173,10.6895464726299,0.0304363578332442,32.93070602416992,19.781265258789062,0.42286235094070435,1.5900146961212158,0.5645767450332642,0.9696646332740784,0.8052331805229187,10.651079177856445,0.04665140435099602,"2110,13,397,2366,2494,2238,141,269,2637,3175,3021,3252,2765,3559,1563,2893",96.09383392333984,,,,,0
27,gate_proj,gptq,32768,5120,0,0.002043449878692627,0.0014262199401855469,55.7203982545434,0.018636601211412633,227.37152099609375,173.68008422851562,468.6021423339844,904.23193359375,949.4419555664062,916.0432739257812,0.7353023886680603,55.682735443115234,0.050928302109241486,"192,2575,4091,3439,3637,4618,1321,4114,2925,2248,2093,2921,3908,3890,394,4878",59.23418426513672,,,,,0
27,up_proj,gptq,32768,5120,0,0.002039724588394165,0.0014278948307037353,47.23599716691888,0.018281231370285565,195.50259399414062,149.35946655273438,405.8360900878906,773.30029296875,816.0447998046875,787.6275634765625,0.7353023886680603,47.193077087402344,0.039436277002096176,"2575,192,3439,3637,4091,4618,1321,4114,2925,2921,2093,2248,3890,394,3908,257",59.23418426513672,,,,,0
27,down_proj,gptq,5120,32768,0,0.0019810616970062254,0.0014277994632720947,118.35149831566696,0.04653218441687893,269.68609619140625,147.83160400390625,2.029154062271118,8.94975471496582,6.428251266479492,5.7301459312438965,0.8705393671989441,118.26289367675781,0.11769672483205795,"20931,22106,15237,26302,2738,16476,29205,9170,17443,1905,4961,19854,891,19406,13034,17037",4820.6943359375,,,,,0
28,q_proj,gptq,4096,5120,0,0.002041053771972656,0.0014616012573242187,12.46321897348389,0.03138453124849868,35.587867736816406,23.479177474975586,94.52886962890625,266.0260925292969,233.5271453857422,275.99658203125,0.7437455654144287,12.444175720214844,0.2764342725276947,"769,411,4308,2921,3439,4878,3908,3890,152,4668,2925,3472,550,4018,4114,3895",142.66944885253906,,,,,0
28,k_proj,gptq,1024,5120,0,0.002061271667480469,0.00151824951171875,5.198063541697138,0.042108656243383974,12.481861114501953,7.894737243652344,33.65685272216797,97.75914001464844,94.86143493652344,103.61317443847656,0.7437455654144287,5.193997383117676,0.3791898488998413,"769,411,2921,3439,4308,4878,3908,152,3890,3472,4668,550,2925,4018,3895,4114",142.66944885253906,,,,,0
28,v_proj,gptq,1024,5120,0,0.0020425796508789064,0.0014791488647460938,2.8970942895242615,0.029278897152470455,8.680660247802734,5.807366371154785,22.80379867553711,60.766136169433594,54.47769546508789,63.273380279541016,0.7437455654144287,2.889867067337036,0.21226468682289124,"769,4308,2921,4668,3439,3908,411,4878,3890,2925,152,3472,550,4114,3895,648",142.66944885253906,,,,,0
28,o_proj,gptq,5120,4096,0,0.0021340370178222655,0.0014482498168945312,11.305547076176481,0.03428155862778244,31.392810821533203,18.579631805419922,0.2818644046783447,0.7648361921310425,0.27712950110435486,0.37754905223846436,0.6127421855926514,11.291418075561523,0.04387161508202553,"2772,2644,2900,3028,3110,3494,3366,3238,2181,1388,1516,2053,2437,2577,1132,2309",43.864200592041016,,,,,0
28,gate_proj,gptq,32768,5120,0,0.0020383059978485107,0.0014122188091278075,54.997498873912264,0.017991363576050322,230.34628295898438,175.5696563720703,527.0655517578125,963.3131103515625,1061.9649658203125,986.367431640625,0.8313799500465393,54.94300842285156,0.03452366217970848,"192,1321,4091,298,394,3753,2713,2575,4618,1865,2790,2925,2093,1763,312,2749",55.46401596069336,,,,,0
28,up_proj,gptq,32768,5120,0,0.002037471532821655,0.0014304399490356445,44.72918268770081,0.017714842959074006,189.28305053710938,143.99407958984375,436.33038330078125,786.2432250976562,874.6920166015625,806.646728515625,0.8313799500465393,44.69825744628906,0.026127571240067482,"192,1321,4091,3753,394,298,2713,2575,1865,2790,4618,2925,2093,1763,312,2749",55.46401596069336,,,,,0
28,down_proj,gptq,5120,32768,0,0.001990395784378052,0.0014308631420135499,125.48226408866162,0.05005016491123927,273.328857421875,142.9821319580078,1.855780839920044,6.149190902709961,6.769482612609863,4.552557945251465,0.9105056524276733,125.50045776367188,0.11129599809646606,"19382,3346,14166,28049,28952,31997,20870,25709,8707,11687,24171,6022,24342,4025,1161,27024",2327.683837890625,,,,,0
29,q_proj,gptq,4096,5120,0,0.0020427703857421875,0.0014505863189697265,11.900667870969869,0.029429226197941156,35.279518127441406,23.52857780456543,76.87808227539062,232.20016479492188,194.68789672851562,243.79331970214844,0.7420682311058044,11.875323295593262,0.29889240860939026,"769,411,4308,2921,4878,3439,3472,152,3908,2925,4114,3890,4668,3662,3637,1377",213.36105346679688,,,,,0
29,k_proj,gptq,1024,5120,0,0.002014350891113281,0.0014760971069335937,5.151035624871497,0.04074164594191171,12.580519676208496,8.117734909057617,28.053646087646484,89.34017944335938,79.11257934570312,96.06886291503906,0.7420682311058044,5.148843765258789,0.41718029975891113,"769,411,3439,4308,4878,2921,3472,152,2925,3908,4114,4668,3890,3662,3637,550",213.36105346679688,,,,,0
29,v_proj,gptq,1024,5120,0,0.0020288467407226563,0.0014333724975585938,2.5434810711570037,0.027357753635217818,7.9593505859375,5.429759979248047,17.199996948242188,51.07931137084961,41.194278717041016,52.34202575683594,0.7420682311058044,2.5407910346984863,0.2417927384376526,"769,411,4308,3472,2921,4878,3908,152,2925,3439,3890,4114,4668,1377,550,3637",213.36105346679688,,,,,0
29,o_proj,gptq,5120,4096,0,0.00210719108581543,0.0014446258544921875,9.92884035444871,0.030779796985122242,29.65528106689453,18.132286071777344,0.3694620728492737,1.239731788635254,0.3963518440723419,0.6813515424728394,0.7775126695632935,9.90796947479248,0.052007269114255905,"3772,4028,674,3644,546,3900,930,802,458,2040,1912,1656,1784,74,2994,2866",89.20085144042969,,,,,0
29,gate_proj,gptq,32768,5120,0,0.002037912607192993,0.0014149487018585206,54.596423807306564,0.017688115423564098,231.51119995117188,177.9099884033203,556.20703125,1027.7158203125,1132.544921875,1060.157958984375,0.8109303116798401,54.553985595703125,0.03778424859046936,"192,298,1321,4091,394,4618,2575,2925,2713,2921,4114,2248,4878,312,3908,3890",58.94270324707031,,,,,0
29,up_proj,gptq,32768,5120,0,0.002031630277633667,0.0014294564723968505,44.16984442103785,0.017432772392708195,189.38201904296875,145.4097442626953,458.27679443359375,836.2384033203125,925.9444580078125,862.3436279296875,0.8109303116798401,44.14580535888672,0.02895805798470974,"192,1321,298,394,4618,4091,2575,2925,2713,2921,4114,4878,2248,312,3439,3890",58.94270324707031,,,,,0
29,down_proj,gptq,5120,32768,0,0.001992642879486084,0.0014313995838165284,114.16698840601711,0.04558542715561482,262.00152587890625,143.6786346435547,2.060929298400879,8.502185821533203,6.935369491577148,5.651968002319336,0.978829026222229,114.1266098022461,0.12034691125154495,"27379,25327,3856,26961,32140,16425,12135,30548,10461,31883,14139,2880,29196,1495,31661,8123",5650.6796875,,,,,0
30,q_proj,gptq,4096,5120,0,0.0020490169525146486,0.001459217071533203,12.507513340307923,0.03242942071941601,34.94515609741211,22.596723556518555,95.66062927246094,269.8770751953125,245.06106567382812,284.4189453125,0.730850100517273,12.477836608886719,0.3180203437805176,"769,411,2921,4308,3439,3890,4878,152,3908,2925,550,4668,4114,3472,4018,3895",167.32554626464844,,,,,0
30,k_proj,gptq,1024,5120,0,0.0020328521728515624,0.0014986038208007813,5.348865468080476,0.04818561576555979,11.92967414855957,7.344696044921875,33.72235870361328,102.120849609375,100.77046966552734,105.76304626464844,0.730850100517273,5.333410263061523,0.44931092858314514,"769,411,2921,3439,4308,3890,152,4878,550,3908,2925,4114,4668,3472,4018,2973",167.32554626464844,,,,,0
30,v_proj,gptq,1024,5120,0,0.002044868469238281,0.0014299392700195313,3.2655325509804243,0.03190389758982514,9.308267593383789,6.1178879737854,25.396827697753906,67.25704956054688,62.732242584228516,71.34785461425781,0.730850100517273,3.2597079277038574,0.26579171419143677,"3890,4308,3908,769,2921,4878,2925,4114,4668,152,3439,550,3637,2248,648,411",167.32554626464844,,,,,0
30,o_proj,gptq,5120,4096,0,0.0021243572235107424,0.0014253616333007812,12.055600725672775,0.03623269065268398,31.849868774414062,18.76661491394043,0.28322833776474,0.9266356229782104,0.249429851770401,0.3791933059692383,0.8143386840820312,12.035749435424805,0.05738570913672447,"53,309,437,181,748,876,3444,3572,3316,620,1004,2103,588,3188,1722,2359",58.09296798706055,,,,,0
30,gate_proj,gptq,32768,5120,0,0.0020469069480895997,0.0014197051525115967,53.779235744761536,0.01737697125945582,231.02789306640625,177.073486328125,592.69970703125,1064.4580078125,1206.083251953125,1111.0172119140625,0.8571813702583313,53.73588943481445,0.033753760159015656,"192,298,4000,1321,4457,4091,394,2713,1763,2790,97,2925,623,1271,884,2575",61.82951736450195,,,,,0
30,up_proj,gptq,32768,5120,0,0.002034801244735718,0.001427215337753296,43.56122010848776,0.017170341832407555,188.79373168945312,144.5599822998047,487.39483642578125,865.127197265625,984.7748413085938,906.0478515625,0.8571813702583313,43.53153991699219,0.02657385542988777,"192,298,4457,4000,1321,4091,394,2713,2790,1763,97,1271,623,2925,884,2575",61.82951736450195,,,,,0
30,down_proj,gptq,5120,32768,0,0.0019908070564270018,0.0014324486255645752,115.67011924522262,0.046130062949247694,263.0177917480469,142.8422088623047,2.0618624687194824,7.5941267013549805,7.497862815856934,5.595195770263672,0.9976097345352173,115.69650268554688,0.11288357526063919,"7820,4955,6418,2991,14166,3571,14947,24546,23624,14270,30994,18806,5183,21484,31353,3574",7213.73583984375,,,,,0
31,q_proj,gptq,4096,5120,0,0.002028751373291016,0.0014361858367919922,10.033198889682126,0.026738315866098202,31.783092498779297,22.265609741210938,86.41973876953125,219.7674560546875,209.70574951171875,230.96820068359375,0.7162090539932251,10.021400451660156,0.25957152247428894,"769,4308,411,3439,3472,2921,152,3908,1377,4878,2925,3637,4018,4668,3890,3662",264.7705993652344,,,,,0
31,k_proj,gptq,1024,5120,0,0.002034568786621094,0.0014719009399414063,3.6948004702392154,0.032791065657927554,10.307502746582031,7.246562480926514,28.09290885925293,76.89158630371094,72.65182495117188,81.00323486328125,0.7162090539932251,3.6886847019195557,0.33898377418518066,"769,411,4308,3439,3472,2921,3908,1377,152,4878,2925,4018,3637,4114,3662,2082",264.7705993652344,,,,,0
31,v_proj,gptq,1024,5120,0,0.002039527893066406,0.0014436721801757812,2.7032636086885304,0.02243963749225685,9.705524444580078,7.012774467468262,26.250532150268555,65.2121353149414,58.726318359375,66.71002197265625,0.7162090539932251,2.695328712463379,0.15969207882881165,"769,3439,4308,3908,411,3472,2921,152,1377,4878,2925,3890,3637,4114,4668,2082",264.7705993652344,,,,,0
31,o_proj,gptq,5120,4096,0,0.0021183013916015623,0.001415586471557617,12.54519749926635,0.03266364331848369,35.84880828857422,21.7164249420166,0.2729266881942749,1.0693681240081787,0.5419594049453735,0.7746440172195435,0.756867527961731,12.530322074890137,0.07357274740934372,"184,3200,56,3072,312,3456,3328,440,3953,2209,4081,3825,1584,885,2337,2465",101.13361358642578,,,,,0
31,gate_proj,gptq,32768,5120,0,0.00204506516456604,0.0014243543148040772,52.5295759858418,0.01694866716156533,229.9911651611328,177.6102294921875,612.9798583984375,1096.7830810546875,1254.67236328125,1164.426513671875,0.7696505188941956,52.49314880371094,0.033653102815151215,"192,298,4000,1321,394,4091,2713,4618,3439,1763,2790,3908,2925,2575,1865,3662",46.897064208984375,,,,,0
31,up_proj,gptq,32768,5120,0,0.00203283429145813,0.0014331281185150147,43.17426189166872,0.016754970465755366,190.77182006835938,147.234130859375,511.81304931640625,905.019775390625,1042.97802734375,965.2030029296875,0.7696505188941956,43.13898468017578,0.02637515962123871,"192,298,4000,1321,394,4091,2713,4618,1763,2790,3439,2925,2575,3908,1865,257",46.897064208984375,,,,,0
31,down_proj,gptq,5120,32768,0,0.001986277103424072,0.001430356502532959,127.19998471096775,0.0501372477699144,277.16998291015625,145.37123107910156,2.237616539001465,7.583432197570801,8.774297714233398,6.099417209625244,0.80796217918396,127.22990417480469,0.1325867623090744,"90,14068,24587,13994,27784,14374,27923,25025,30599,6206,23261,9481,22594,28545,31157,12691",2247.5234375,,,,,0
32,q_proj,gptq,4096,5120,0,0.0020285129547119142,0.0014298915863037109,11.293986606357066,0.030521919208516973,32.776371002197266,22.186302185058594,84.5714340209961,236.922607421875,217.60337829589844,248.17930603027344,0.7159050107002258,11.26913070678711,0.31503573060035706,"769,411,3439,4308,2921,4878,3908,152,3890,2925,3662,3472,550,4668,3895,4618",227.6538848876953,,,,,0
32,k_proj,gptq,1024,5120,0,0.0020435333251953127,0.001474761962890625,4.73514247626008,0.043192844745153815,11.233976364135742,7.562585830688477,29.653087615966797,90.11632537841797,87.35790252685547,94.72972869873047,0.7159050107002258,4.721330165863037,0.4309709668159485,"769,3439,4308,411,2921,3908,4878,152,3890,3662,3472,2925,550,4668,3895,3637",227.6538848876953,,,,,0
32,v_proj,gptq,1024,5120,0,0.0020221710205078126,0.0014722824096679687,3.2073164046714737,0.025112108373857266,10.649602890014648,7.413792133331299,26.946895599365234,71.24530792236328,62.531166076660156,73.96131896972656,0.7159050107002258,3.1948719024658203,0.18869449198246002,"769,3439,4878,2925,4308,3908,3890,411,2921,4668,3637,152,4618,550,3472,3662",227.6538848876953,,,,,0
32,o_proj,gptq,5120,4096,0,0.002103424072265625,0.0014160633087158202,12.574086120464926,0.03423058985777436,34.52568435668945,20.664405822753906,0.27217578887939453,0.8149110674858093,0.4324170649051666,0.5266580581665039,0.5437475442886353,12.564826011657715,0.03560060262680054,"2060,2188,2444,2316,3596,3980,1112,3852,438,1496,1368,489,1240,3724,1175,931",82.90131378173828,,,,,0
32,gate_proj,gptq,32768,5120,0,0.002053499221801758,0.001433032751083374,52.1065603531606,0.016777168800967083,229.91387939453125,178.32537841796875,651.826416015625,1166.6048583984375,1336.2498779296875,1256.304443359375,0.8938730955123901,52.066287994384766,0.038089439272880554,"192,4000,298,1321,394,4618,4091,2713,3439,2925,1763,2790,1271,623,3662,3908",81.31214904785156,,,,,0
32,up_proj,gptq,32768,5120,0,0.002035868167877197,0.0014237821102142333,43.13063532103115,0.01653098652269416,192.37716674804688,148.87477111816406,549.1453857421875,967.987548828125,1123.17822265625,1043.818115234375,0.8938730955123901,43.100059509277344,0.02900554984807968,"192,4000,298,1321,394,4618,4091,2713,3439,1763,2925,2790,1271,3662,623,3908",81.31214904785156,,,,,0
32,down_proj,gptq,5120,32768,0,0.0019948303699493406,0.0014266669750213623,122.88837426466534,0.04803294548119511,273.92205810546875,146.73861694335938,2.442490339279175,9.264610290527344,9.428149223327637,6.963992118835449,0.9417154788970947,122.87615203857422,0.1327630877494812,"17481,27184,21099,20922,8572,20575,14874,19661,3630,10044,28717,21715,149,2788,2633,28311",6790.82373046875,,,,,0
33,q_proj,gptq,4096,5120,0,0.002052164077758789,0.0014504432678222657,10.099805042453227,0.028667378835636147,30.513261795043945,21.231605529785156,85.72698974609375,241.95852661132812,212.21591186523438,250.82772827148438,0.7331050038337708,10.082099914550781,0.3187795877456665,"769,411,3439,4308,2921,3908,4878,152,3662,2925,3890,3472,2973,133,3637,4018",248.0546875,,,,,0
33,k_proj,gptq,1024,5120,0,0.00204010009765625,0.0014719009399414063,3.7057073851756286,0.03630498736499574,9.704541206359863,6.786363124847412,27.530269622802734,83.97856140136719,76.3763427734375,85.06364440917969,0.7331050038337708,3.704939126968384,0.39718595147132874,"769,411,3439,4308,2921,3908,4878,152,3662,2925,3472,3890,1377,550,4018,4668",248.0546875,,,,,0
33,v_proj,gptq,1024,5120,0,0.002056121826171875,0.0014926910400390625,3.4781562623466016,0.023895276367907833,12.005069732666016,8.688447952270508,33.171287536621094,88.94824981689453,76.21694946289062,91.743896484375,0.7331050038337708,3.471144199371338,0.1948321908712387,"3439,3908,769,411,4308,4878,2921,3890,2925,152,3472,4114,1377,3637,4668,4618",248.0546875,,,,,0
33,o_proj,gptq,5120,4096,0,0.002142000198364258,0.001449918746948242,13.391978033481791,0.031815662053727246,39.12685012817383,23.734893798828125,0.5392192602157593,2.102177858352661,0.7621228098869324,1.1220126152038574,0.7002416849136353,13.369684219360352,0.06791392713785172,"3154,3538,3410,3282,1736,2983,2855,1608,1864,2727,1992,2599,3868,435,2950,307",162.2819061279297,,,,,0
33,gate_proj,gptq,32768,5120,0,0.0020452797412872314,0.001423412561416626,50.83692579946364,0.016597732496740927,226.35499572753906,176.29554748535156,668.027587890625,1227.430419921875,1394.3253173828125,1327.044677734375,0.879828155040741,50.81182098388672,0.04383291304111481,"4000,192,298,3439,4618,1321,394,4091,2925,2575,3662,3908,1763,2973,312,4878",83.53905487060547,,,,,0
33,up_proj,gptq,32768,5120,0,0.0020387470722198486,0.0014260947704315186,43.41582573964115,0.01624475081835877,196.23110961914062,152.4902801513672,584.4680786132812,1053.4447021484375,1209.6195068359375,1143.408935546875,0.879828155040741,43.385467529296875,0.031896546483039856,"4000,192,298,3439,4618,394,1321,2925,4091,2575,3662,1763,3908,2973,312,4878",83.53905487060547,,,,,0
33,down_proj,gptq,5120,32768,0,0.001992952823638916,0.001431328058242798,128.03375092665192,0.04874115751440773,283.9829406738281,151.71583557128906,2.9012227058410645,11.412857055664062,11.755147933959961,8.773531913757324,0.9066541790962219,128.0572509765625,0.12599250674247742,"3526,17338,28911,4321,28523,5601,11180,16958,24782,9288,15834,6027,20788,10468,28204,11388",3500.55517578125,,,,,0
34,q_proj,gptq,4096,5120,0,0.002033233642578125,0.0014636993408203125,10.494952574503259,0.031091072889679022,30.121641159057617,20.375804901123047,83.83629608154297,237.99673461914062,212.58848571777344,244.06527709960938,0.7144594192504883,10.468475341796875,0.34210696816444397,"769,411,3439,2921,4308,4878,3890,152,3908,3662,2925,3472,4618,550,2973,4018",213.6410369873047,,,,,0
34,k_proj,gptq,1024,5120,0,0.002011871337890625,0.0014429092407226562,4.289150280019385,0.04389249219510598,10.108181953430176,6.932007789611816,28.77863311767578,91.08037567138672,85.30458068847656,89.95220947265625,0.7144594192504883,4.271346092224121,0.4527542293071747,"769,3439,411,2921,4878,4308,152,3890,3908,3662,2925,3472,4618,4018,2973,3637",213.6410369873047,,,,,0
34,v_proj,gptq,1024,5120,0,0.002042388916015625,0.0014986038208007813,3.884837169819548,0.02442031113006065,13.184822082519531,9.463079452514648,35.96858596801758,97.01980590820312,81.62344360351562,98.84979248046875,0.7144594192504883,3.8718485832214355,0.1960304081439972,"4878,769,3890,2925,3908,3637,4618,3439,2921,4668,2575,4308,2973,703,778,2082",213.6410369873047,,,,,0
34,o_proj,gptq,5120,4096,0,0.002138042449951172,0.001431417465209961,14.966964368206007,0.035780842488149556,40.28312301635742,23.605514526367188,0.6991168856620789,2.111818313598633,0.9345879554748535,1.374657392501831,0.6441566944122314,14.944192886352539,0.037879060953855515,"55,439,311,1446,172,183,44,1190,428,2301,1060,1188,2557,1062,300,2173",61.48271179199219,,,,,0
34,gate_proj,gptq,32768,5120,0,0.002044028043746948,0.0014324605464935303,50.14456319712917,0.01685840188009089,220.51255798339844,171.09695434570312,709.0851440429688,1317.755615234375,1465.0008544921875,1430.8770751953125,0.8480440378189087,50.09833526611328,0.05255633965134621,"4000,192,4618,3637,3439,298,394,1321,3662,2925,312,2575,3908,2993,257,2093",85.07935333251953,,,,,0
34,up_proj,gptq,32768,5120,0,0.0020385503768920897,0.0014285147190093994,45.30140002393455,0.016427781412885343,202.8584442138672,157.47732543945312,658.387939453125,1205.5205078125,1350.1768798828125,1310.9744873046875,0.8480440378189087,45.258914947509766,0.037793632596731186,"4000,192,4618,3637,3439,298,394,3662,2925,1321,2993,2575,312,3908,257,2093",85.07935333251953,,,,,0
34,down_proj,gptq,5120,32768,0,0.0019969701766967773,0.0014236271381378174,138.23921834524066,0.05043678750224186,302.9290771484375,160.39320373535156,4.029499530792236,17.27082061767578,15.889957427978516,13.726740837097168,0.9364086389541626,138.16275024414062,0.13503246009349823,"17740,16558,16012,24272,26712,30007,17969,8999,28471,10868,26592,28421,4815,16184,19614,8433",2749.9248046875,,,,,0
35,q_proj,gptq,4096,5120,0,0.002048349380493164,0.0014635562896728516,11.083098068780146,0.0314917202338506,31.753795623779297,21.80746841430664,80.93975067138672,242.35792541503906,196.48309326171875,246.02337646484375,0.7382773756980896,11.047423362731934,0.32571813464164734,"411,4308,3439,769,2921,152,2973,4878,3908,3890,2925,3662,3472,4618,550,3895",214.8555450439453,,,,,0
35,k_proj,gptq,1024,5120,0,0.0020326614379882813,0.0014678955078125,4.444799558432578,0.04257567853813925,10.735371589660645,7.523098945617676,27.793834686279297,90.78758239746094,74.68528747558594,93.63441467285156,0.7382773756980896,4.4264984130859375,0.42185458540916443,"411,4308,3439,769,2921,152,3908,3890,4878,2973,3662,2925,4618,3472,4668,3895",214.8555450439453,,,,,0
35,v_proj,gptq,1024,5120,0,0.0020238876342773436,0.0014619827270507812,4.7846140120255995,0.025145151431071197,15.998225212097168,11.150320053100586,40.19049072265625,110.55912780761719,89.18443298339844,111.71624755859375,0.7382773756980896,4.777307033538818,0.18854142725467682,"3439,3890,2925,411,3908,4878,2921,4308,4668,769,2973,4618,3662,152,3637,2248",214.8555450439453,,,,,0
35,o_proj,gptq,5120,4096,0,0.0021396636962890624,0.001444864273071289,12.907155303325226,0.027505352576167232,40.897544860839844,26.597686767578125,0.7707719802856445,4.284087181091309,0.7385901808738708,2.6410560607910156,0.7667898535728455,12.882316589355469,0.039946701377630234,"677,805,549,933,426,1286,42,298,170,1158,2882,2520,1030,2392,2827,2136",202.90997314453125,,,,,0
35,gate_proj,gptq,32768,5120,0,0.0020405948162078857,0.0014346897602081298,51.576896114158444,0.017232945062690835,222.74127197265625,172.04049682617188,736.8496704101562,1439.56201171875,1486.021728515625,1522.8841552734375,0.8564969301223755,51.520023345947266,0.060071103274822235,"4000,3637,3908,192,4618,3439,2993,3662,298,257,1321,4335,2575,2708,1377,312",82.22723388671875,,,,,0
35,up_proj,gptq,32768,5120,0,0.0020354628562927247,0.0014194190502166749,48.33159627564601,0.016779497104283895,212.81338500976562,164.1829376220703,710.4758911132812,1363.256591796875,1424.359619140625,1449.056396484375,0.8564969301223755,48.27488327026367,0.04426545277237892,"4000,3637,3908,192,4618,3439,2993,3662,298,257,1321,2708,4335,2575,1377,312",82.22723388671875,,,,,0
35,down_proj,gptq,5120,32768,0,0.001991415023803711,0.0014159202575683594,126.6037403127757,0.04428193178834233,297.36737060546875,166.23605346679688,5.351911544799805,27.218402862548828,18.499454498291016,20.25534439086914,0.8807892203330994,126.47836303710938,0.11689496040344238,"32669,24165,21623,11421,20524,25314,32498,12612,11432,18431,17233,32527,10221,25608,18399,21371",1866.08935546875,,,,,0
36,q_proj,gptq,4096,5120,0,0.0020311355590820314,0.0014670372009277343,10.203988873483468,0.030281750635613898,29.9150390625,20.682140350341797,83.88374328613281,234.44207763671875,204.14541625976562,241.0703125,0.7561261653900146,10.184103012084961,0.32217979431152344,"4308,3439,411,3662,769,4878,152,2921,3472,2925,3908,3890,4618,550,2973,4668",180.2181854248047,,,,,0
36,k_proj,gptq,1024,5120,0,0.002060699462890625,0.0014486312866210938,3.537490567245186,0.0397891888030445,8.876477241516113,6.400525093078613,25.14205551147461,83.05763244628906,67.5311508178711,86.3841781616211,0.7561261653900146,3.5326170921325684,0.4253586530685425,"4308,3439,3662,769,411,4878,152,3472,2921,3908,2925,3890,4618,2973,550,3895",180.2181854248047,,,,,0
36,v_proj,gptq,1024,5120,0,0.0020038604736328123,0.001505279541015625,4.741425219499433,0.024005194750268636,16.428482055664062,11.844963073730469,45.678306579589844,125.06898498535156,98.22015380859375,127.55751037597656,0.7561261653900146,4.72560453414917,0.1847379058599472,"3439,3662,4308,2925,152,3908,4878,3890,3472,411,769,2921,4668,550,4618,2248",180.2181854248047,,,,,0
36,o_proj,gptq,5120,4096,0,0.002122354507446289,0.0014576911926269531,17.518565432141173,0.03371221845653105,49.72266387939453,29.48615837097168,1.3853135108947754,6.1621246337890625,1.7646801471710205,4.121895790100098,0.8788309097290039,17.48516845703125,0.030424242839217186,"3705,3833,4089,671,799,927,3961,543,1437,3232,3104,1365,1309,1493,1053,3648",61.48469543457031,,,,,0
36,gate_proj,gptq,32768,5120,0,0.0020432114601135255,0.0014371097087860108,51.45615633309353,0.01707218877870968,223.6912384033203,173.27548217773438,797.993408203125,1642.4482421875,1573.74755859375,1719.1982421875,0.8883635997772217,51.391597747802734,0.06669769436120987,"4000,2708,3637,3662,2993,2912,4618,3439,4335,4039,3908,257,2973,2575,192,1321",65.87309265136719,,,,,0
36,up_proj,gptq,32768,5120,0,0.0020378530025482178,0.0014181554317474366,49.186436800606316,0.01656867334711702,218.664794921875,169.10031127929688,788.288330078125,1588.878662109375,1541.4237060546875,1667.704833984375,0.8883635997772217,49.13929748535156,0.0493253618478775,"4000,2708,3637,3662,2912,2993,4618,3439,4335,4039,257,2575,3908,2973,192,1377",65.87309265136719,,,,,0
36,down_proj,gptq,5120,32768,0,0.001996457576751709,0.0014119625091552734,121.64578844399239,0.041421391520330385,297.50250244140625,171.41908264160156,7.060690879821777,43.36543655395508,22.10653305053711,33.485321044921875,0.9338297247886658,121.4549331665039,0.11885063350200653,"32561,20706,19342,19569,1599,1841,17157,15140,15484,7945,13943,7316,32433,11109,5826,4424",2250.83447265625,,,,,0
37,q_proj,gptq,4096,5120,0,0.002048826217651367,0.0014575958251953126,9.672861682166513,0.03041415266085005,28.342605590820312,19.979145050048828,88.15491485595703,246.91372680664062,199.16600036621094,247.60903930664062,0.7579607963562012,9.65147876739502,0.3218783736228943,"4308,769,411,2921,3908,4878,3439,3890,152,3472,2925,3662,550,4668,4618,3895",156.70985412597656,,,,,0
37,k_proj,gptq,1024,5120,0,0.002033424377441406,0.0014493942260742187,3.244033858307148,0.04301268290303837,7.834623336791992,5.926913261413574,24.49748992919922,84.06151580810547,62.302696228027344,84.02467346191406,0.7579607963562012,3.2397241592407227,0.4385594427585602,"4308,411,769,2921,3908,3890,3439,3472,4878,152,2925,3662,2973,4618,550,3895",156.70985412597656,,,,,0
37,v_proj,gptq,1024,5120,0,0.0020475387573242188,0.0014455795288085937,5.915149363863748,0.022317070063553976,21.51611328125,15.906603813171387,66.3067626953125,172.8084716796875,129.6978759765625,173.21043395996094,0.7579607963562012,5.89398193359375,0.1374775469303131,"3890,2925,3662,3908,4308,3439,4878,769,3637,4618,778,4668,3895,550,3472,2921",156.70985412597656,,,,,0
37,o_proj,gptq,5120,4096,0,0.00213470458984375,0.0015002727508544923,19.388221692071042,0.0321484182734106,56.87314987182617,34.14210510253906,2.7100443840026855,11.151205062866211,3.1880362033843994,6.8298234939575195,0.8383368253707886,19.366220474243164,0.03827710822224617,"2115,820,2371,2634,2243,564,692,2890,948,2762,3018,3948,2601,3692,2499,2857",70.03075408935547,,,,,0
37,gate_proj,gptq,32768,5120,0,0.0020552694797515867,0.0014429807662963868,52.27210587443551,0.016986536590879186,227.85910034179688,176.50997924804688,873.0633544921875,1949.795166015625,1677.984619140625,1995.451171875,0.9289078116416931,52.227325439453125,0.06519407033920288,"4000,2708,2912,2993,3637,4618,3662,4335,3439,4865,4039,192,2973,1975,3908,2575",75.78255462646484,,,,,0
37,up_proj,gptq,32768,5120,0,0.0020374417304992675,0.0014149487018585206,50.610308497503866,0.016580462871711086,224.83218383789062,173.88906860351562,869.53515625,1915.9989013671875,1661.98779296875,1966.40234375,0.9289078116416931,50.5598258972168,0.049368344247341156,"4000,2708,2912,2993,3637,4618,3662,4335,4039,4865,3439,192,2973,1975,2575,3908",75.78255462646484,,,,,0
37,down_proj,gptq,5120,32768,0,0.001982849836349487,0.0014091908931732177,110.23151036401396,0.037326831593761316,287.873046875,173.75865173339844,10.117109298706055,79.4452133178711,28.869443893432617,67.49026489257812,0.9921849966049194,109.96432495117188,0.11955630779266357,"5403,22659,10599,17416,32026,14061,5758,15890,6273,28544,650,22690,25270,2186,24124,31974",6086.1943359375,,,,,0
38,q_proj,gptq,4096,5120,0,0.002044391632080078,0.001454305648803711,8.731591300372202,0.026010886270148283,28.463916778564453,21.266315460205078,84.14900207519531,245.9599609375,171.50039672851562,245.8748321533203,0.8158544898033142,8.723854064941406,0.25557008385658264,"4308,3439,769,411,3908,152,2921,3472,4878,3890,2925,3662,4618,4018,2973,4668",120.81979370117188,,,,,0
38,k_proj,gptq,1024,5120,0,0.0020261764526367187,0.0014484405517578125,2.9949319269735497,0.03257561921473286,8.534273147583008,6.894975662231445,25.03840446472168,85.65544128417969,54.770347595214844,83.63475036621094,0.8158544898033142,2.987812042236328,0.3553929924964905,"3439,4308,411,2921,769,152,3908,3890,3472,4878,3662,2925,2973,4618,4668,4018",120.81979370117188,,,,,0
38,v_proj,gptq,1024,5120,0,0.002033042907714844,0.0014720916748046874,4.644381824452466,0.019430468410193615,18.58417510986328,14.24679183959961,55.657527923583984,149.32357788085938,99.95578002929688,148.8990020751953,0.8158544898033142,4.632739543914795,0.08513917773962021,"3439,4308,3908,3890,2925,3662,769,2921,4668,4018,4878,152,2973,3472,2248,3637",120.81979370117188,,,,,0
38,o_proj,gptq,5120,4096,0,0.002103710174560547,0.001496124267578125,19.61194734261352,0.034764310890896044,56.10734558105469,32.09027099609375,2.7565512657165527,11.364761352539062,3.4636664390563965,6.90884256362915,0.8318430185317993,19.56104278564453,0.04159343242645264,"3976,1806,3333,3720,1852,1887,1837,1793,1903,1913,1805,1823,1804,1809,1900,1915",88.59506225585938,,,,,0
38,gate_proj,gptq,32768,5120,0,0.0020459175109863283,0.0014344394207000733,56.47312863103434,0.017169742847389605,243.90115356445312,188.55545043945312,810.9692993164062,2099.91552734375,1472.35888671875,2105.84423828125,0.950586199760437,56.39503479003906,0.06766384094953537,"2708,2912,4000,2993,4335,4865,3637,3662,4039,4618,257,192,3439,1975,1271,2973",100.18086242675781,,,,,0
38,up_proj,gptq,32768,5120,0,0.00204203724861145,0.0014154791831970214,55.90041916546761,0.016792468834577187,245.7022705078125,189.52447509765625,824.031982421875,2127.970703125,1484.661376953125,2140.560546875,0.950586199760437,55.84222412109375,0.05231677368283272,"2708,2912,4000,2993,4335,4865,3637,3662,4039,4618,257,192,1975,3439,1271,1377",100.18086242675781,,,,,0
38,down_proj,gptq,5120,32768,0,0.001988041400909424,0.0014149367809295655,98.38211633075889,0.03199956265600635,285.5869140625,185.09640502929688,14.237454414367676,155.63099670410156,36.02543640136719,133.16632080078125,0.9173482656478882,97.98332214355469,0.1462702751159668,"4274,31258,31833,31866,3598,2674,27925,12623,7383,19005,21042,20381,29285,17331,15014,4835",5607.42138671875,,,,,0
39,q_proj,gptq,4096,5120,0,0.002043294906616211,0.0014585018157958984,9.728160279635631,0.024577116738791777,33.463294982910156,26.0798282623291,75.47441101074219,237.30926513671875,140.79769897460938,233.6841583251953,0.934197187423706,9.692055702209473,0.21599866449832916,"3472,4308,152,3439,769,411,2921,3908,3662,4878,550,3890,4114,4618,3637,2925",130.8743896484375,,,,,0
39,k_proj,gptq,1024,5120,0,0.002028656005859375,0.0014659881591796875,3.202653256170379,0.029491459965211467,9.938164710998535,8.551074028015137,22.064165115356445,81.97135162353516,43.08340835571289,80.54830932617188,0.934197187423706,3.178982734680176,0.30472713708877563,"3472,4308,152,3439,411,2921,769,3908,3662,4114,3890,2925,4878,550,3895,4668",130.8743896484375,,,,,0
39,v_proj,gptq,1024,5120,0,0.0020189285278320312,0.0014841079711914063,3.3109987146024196,0.01967229034863725,13.358299255371094,10.2373046875,30.965625762939453,88.00942993164062,52.028934478759766,87.42472839355469,0.934197187423706,3.3083152770996094,0.06907851248979568,"3472,4308,3439,152,3908,2921,411,769,3662,4878,4114,550,3890,2575,2925,3895",130.8743896484375,,,,,0
39,o_proj,gptq,5120,4096,0,0.0020997047424316405,0.001495504379272461,16.766818936534122,0.031588478589899584,52.795875549316406,30.90791893005371,2.9665868282318115,20.669368743896484,3.472378730773926,13.349775314331055,0.726661205291748,16.64244270324707,0.022560710087418556,"3266,3138,2442,644,693,659,3394,2314,725,732,2186,2058,741,653,737,673",38.56401062011719,,,,,0
39,gate_proj,gptq,32768,5120,0,0.0020481348037719727,0.0014324665069580078,69.89724561486946,0.01740930914069412,298.8576965332031,228.89205932617188,670.2611083984375,2175.507080078125,1108.4609375,2195.63134765625,0.9681137800216675,69.65997314453125,0.051251545548439026,"2708,4000,2912,257,4865,3662,4039,3479,2993,1975,4335,192,3753,4319,1271,3637",132.46173095703125,,,,,0
39,up_proj,gptq,32768,5120,0,0.00204576849937439,0.0014370381832122803,66.06340243697923,0.017284940800810562,284.0313720703125,217.80703735351562,638.0974731445312,2078.134765625,1052.206787109375,2094.070068359375,0.9681137800216675,65.86630249023438,0.04564286768436432,"2708,4000,2912,257,4865,4039,3662,3479,2993,1975,192,3753,4335,4319,1271,3439",132.46173095703125,,,,,0
39,down_proj,gptq,5120,32768,0,0.0019873082637786865,0.0014267683029174805,82.77362245956351,0.03308436754386027,241.31149291992188,163.18470764160156,18.37078094482422,338.9720458984375,41.72845458984375,359.09033203125,0.24547235667705536,82.15849304199219,0.1179971694946289,"24086,11324,6968,31850,22897,18160,12306,2256,27034,24964,17257,11956,21438,10766,6678,3754",333.9801025390625,,,,,0
