layer,proj,quantizer,rows,cols,n_dead_cols,clip_frac,clip_frac_rtn,comp_disp,comp_disp_rel,wdisp_gptq,wdisp_rtn,obj_gptq,obj_rtn,obj_gptq_alt,obj_rtn_alt,hdiag_alt_corr,send_total,send_top1pct,send_top16_cols,hdiag_max_over_mean,cond_damped,awq_alpha,obj_awq,obj_awq_alt,protected,obj_gptq_tpl,obj_rtn_tpl,obj_gptq_ord,obj_rtn_ord,tplpos_ratio,lev_tpl,lev_ord,levpos,xnorm_tpl,xnorm_ord,xnormpos,tplpos_err_gptq,tplpos_err_rtn,p4_toprow_gptq,p4_toprow_share_gptq,p4_toprow_rtn,p4_toprow_share_rtn,p4_topcols,p4_topcols_share_gptq,p4_topcols_zero_gptq,p4_topcols_zero_rtn,p4_topcols_wnorm,p4_topcols_x,p4_toprow_w,p4_toprow_qg,p4_toprow_qr,p4_toprow_maxw,p4_toprow_maxqg,p4_toprow_nclip,p4_toprow_err_g,p4_toprow_err_r
0,q_proj,gptq,4096,4096,0,0.0020760297775268555,0.0014589428901672363,68.40891923540161,0.032541014742737635,192.61367797851562,128.06228637695312,186.60162353515625,2818.82568359375,407.802734375,8309.583984375,0.9950696229934692,67.78643798828125,0.34198227524757385,"2372,755,25,3300,3704,3819,399,2722,1667,484,2655,379,3433,2565,2103,1594",1843.8028564453125,,,,,0,376.9164123535156,7943.72265625,23.758865356445312,1285.969482421875,"0.026,0.122,0.028,0.296,0.028,0.093,0.079,0.021",2153.36376953125,301.4427795410156,"1389,2628,1736,3737,343.7,4206,2876,311.9",334.3067321777344,169.91790771484375,"709.4,218,655.9,214.6,151.7,323.5,239,162.4","26.09,16.96,24.85,25.27,4.813,22.5,15.49,4.635","162.2,48.48,149.7,46.41,28.89,73.73,55.02,32.14",3068,0.007414177525788546,2803,0.04098740965127945,"2372,3300,379,484,25,2366,3433,3819",19.524269104003906,0.385528564453125,0.363372802734375,"1.32,0.737,0.697,0.672,1.4,1.07,0.812,0.849","64,38,33.2,30.4,28.1,27.8,26.4,25.5","-0.00668,0.00186,0.00266,0.00452,-0.00301,0.043,-0.00316,-0.000188","0,0,0,0,0,0.0416,0,0","0,0,0,0,0,0.0402,0,0",0.1455078125,0.1247209906578064,1,0.41440990567207336,1.251402497291565
0,k_proj,gptq,1024,4096,0,0.0020868778228759766,0.0014462471008300781,21.433566015486278,0.028215728990655102,65.82255554199219,45.60871124267578,63.911293029785156,901.370361328125,123.31028747558594,2518.294921875,0.9950696229934692,21.35188865661621,0.2819603681564331,"2372,755,25,3300,3704,3819,399,1667,2722,2655,484,379,3768,1594,3433,2103",1843.8028564453125,,,,,0,107.83580780029297,2383.94921875,8.374593734741211,428.7535705566406,"0.021,0.140,0.023,0.338,0.030,0.085,0.100,0.022",2153.36376953125,301.4427795410156,"1389,2628,1736,3737,343.7,4206,2876,311.9",334.3067321777344,169.91790771484375,"709.4,218,655.9,214.6,151.7,323.5,239,162.4","12.88,9.545,12.43,14.31,2.858,11.97,9.32,2.867","89.11,25.54,81.71,24.62,16.42,41.06,29.44,19.32",698,0.025728100910782814,114,0.035603608936071396,"2372,3300,379,484,25,2366,3433,3819",15.598825454711914,0.3944091796875,0.3970947265625,"0.711,0.522,0.436,0.394,0.596,0.481,0.583,0.557","64,38,33.2,30.4,28.1,27.8,26.4,25.5","-0.011,0.00215,0.00406,0.00304,-0.00705,-0.0225,0.00479,0.00182","0,0,0,0,0,-0.0352,0,0","-0.0156,0,0,0,0,-0.0156,0,0",0.123046875,0.140625,1,0.45836544036865234,0.5633873343467712
0,v_proj,gptq,1024,4096,0,0.0020477771759033203,0.001483917236328125,11.74594090974928,0.026316692170136876,38.45278549194336,27.339136123657227,37.84730529785156,278.20697021484375,68.50556945800781,550.984130859375,0.9950696229934692,11.689455032348633,0.20956125855445862,"2372,755,25,3704,3300,2722,3819,1667,1594,379,399,484,131,3433,3768,3346",1843.8028564453125,,,,,0,57.742286682128906,459.4747619628906,4.7990264892578125,138.9677734375,"0.070,0.299,0.073,0.400,0.042,0.279,0.278,0.039",2153.36376953125,301.4427795410156,"1389,2628,1736,3737,343.7,4206,2876,311.9",334.3067321777344,169.91790771484375,"709.4,218,655.9,214.6,151.7,323.5,239,162.4","9.81,7.082,9.385,9.11,2.286,9.195,7.09,2.106","37.01,12.96,34.75,14.4,11.17,17.4,13.46,10.72",999,0.01052115112543106,143,0.016946179792284966,"2372,3300,379,484,25,2366,3433,3819",9.898907661437988,0.7100830078125,0.729248046875,"0.0979,0.24,0.213,0.215,0.167,0.266,0.27,0.273","64,38,33.2,30.4,28.1,27.8,26.4,25.5","0.000492,0.000422,0.000923,-0.00397,-0.00699,-0.0101,0.000106,3.46e-05","0,0,0,-0.00753,-0.00753,-0.00753,0,0","0,0,0,0,-0.00956,-0.00928,0,0",0.04541015625,0.03747688978910446,2,0.23449338972568512,0.030030786991119385
0,o_proj,gptq,4096,4096,0,0.0020943284034729004,0.0014401674270629883,61.5903688614635,0.03951675143978435,161.3155517578125,90.57493591308594,54.84870910644531,218.50006103515625,116.29470825195312,281.65753173828125,0.8103794455528259,61.34215545654297,0.06215372309088707,"1783,1697,1691,1680,1747,1180,3858,1272,1655,1688,1778,3986,1670,1592,1848,1152",105.59976959228516,,,,,0,105.18618774414062,150.27056884765625,30.78382110595703,169.4539794921875,"0.664,0.794,0.746,0.838,0.587,0.699,0.848,0.401",13374.166015625,3243.697265625,"1.824e+04,1.597e+04,1.625e+04,1.008e+04,1.878e+04,1.227e+04,1.184e+04,3558",82.1661148071289,77.35166931152344,"112.3,90.29,94.64,71.96,83.3,77.73,69.29,57.78","12.46,11.85,11.63,9.547,9.642,9.627,9.683,6.321","15.29,13.31,13.47,10.43,12.59,11.52,10.51,9.978",2787,0.005245577078312635,3300,0.023884184658527374,"2002,795,539,923,667,512,768,2494",0.22799080610275269,0.65771484375,0.574127197265625,"0.65,0.404,0.437,0.292,0.33,0.521,0.348,0.31","13.1,12.3,12.3,12.2,12,9.5,9.5,9.44","0.0115,0.0131,-0.00677,0.00885,0.0304,0.0267,0.024,0.0221","0,0,0,0,0.0332,0.0332,0.0332,0.0332","0,0.0165,0,0.0145,0.029,0.0198,0.0165,0.0209",0.1162109375,0.099609375,1,0.698310136795044,0.329855352640152
0,gate_proj,gptq,12800,4096,0,0.0020618629455566406,0.0014760971069335937,130.34611625241416,0.024328440200302826,447.85345458984375,331.0528869628906,133.71810913085938,720.9813232421875,287.5567932128906,817.37451171875,0.9976914525032043,129.77459716796875,0.18213769793510437,"3300,1594,2372,755,2787,510,25,2565,1493,2677,312,2655,252,1745,482,3995",2440.771240234375,,,,,0,279.4571533203125,432.37738037109375,43.58190155029297,345.36907958984375,"1.067,0.759,0.783,0.626,0.204,0.685,0.402,0.236",4005.920166015625,804.0576171875,"4979,5030,4853,5249,1239,6224,3635,839.4",75.15586853027344,68.93482208251953,"86.89,73.43,88.54,71.53,70.61,74.19,76.64,59.4","24.54,17.95,21.34,15.61,8.594,17.32,13.33,7.785","23.76,20.61,24.11,19.73,19.02,20.93,21.03,16.03",7387,0.005770491436123848,4084,0.006477113347500563,"3300,25,2372,2787,252,371,1900,2705",1.8458797931671143,0.3731445372104645,0.35719725489616394,"1.51,1.4,1.19,1.7,1.54,1.26,1.35,1.36","55.5,9.44,6.22,5.12,5,4.81,4.44,4.31","0.0347,0.00172,0.0125,0.00824,-0.00107,0.0153,0.0019,-0.0923","0,0,0,0.0943,0,0,0.0943,-0.0943","0.0297,0,0.0123,0,0,0.0173,0,-0.0791",0.330078125,0.188616082072258,2,0.6528013944625854,0.2193683385848999
0,up_proj,gptq,12800,4096,0,0.002065143585205078,0.0014816093444824218,182.79331667627963,0.0204090588088462,708.671142578125,535.288818359375,222.76028442382812,884.1849365234375,394.2247314453125,994.81201171875,0.9976914525032043,182.36898803710938,0.10396077483892441,"3300,2372,1594,755,2787,25,510,2565,1493,2677,2655,312,3217,1745,252,371",2440.771240234375,,,,,0,371.1485900878906,566.986572265625,64.4703369140625,394.85125732421875,"0.915,0.712,0.740,0.736,0.246,0.763,0.488,0.255",4005.920166015625,804.0576171875,"4979,5030,4853,5249,1239,6224,3635,839.4",75.15586853027344,68.93482208251953,"86.89,73.43,88.54,71.53,70.61,74.19,76.64,59.4","25.48,20.85,23.39,19.87,10.32,21.82,16.86,8.755","26.63,24.71,27.19,23.17,20.8,24.98,24.15,17.32",4697,0.00250438554212451,11339,0.002078838413581252,"3300,25,2372,2787,252,371,1900,2705",0.814185619354248,0.4227636754512787,0.4680273234844208,"1.64,1.66,2.14,0.911,1.33,1.94,1.2,1.39","55.5,9.44,6.22,5.12,5,4.81,4.44,4.31","-0.00726,-0.0176,-0.0195,0.0047,0.0161,0.723,0.0166,0.00488","0,0,0,0,0,0.619,0,0","-0.0106,-0.0205,-0.0223,0,0.0164,0.619,0.0187,0",0.72265625,0.6194196343421936,1,0.5162288546562195,0.5222023129463196
0,down_proj,gptq,4096,12800,0,0.002027873992919922,0.0014920425415039062,603.120476029872,0.07073822667632172,1155.19775390625,575.0509033203125,28.512439727783203,116.12374877929688,97.5007553100586,128.85263061523438,0.07928863167762756,602.3922119140625,0.03728392720222473,"11535,2138,7864,2044,4284,11288,9185,12616,1129,8988,11249,10648,6307,12608,6722,9505",34.51237106323242,,,,,0,144.73204040527344,148.4589385986328,11.753110885620117,39.25421905517578,"0.737,1.544,0.764,0.851,0.428,1.770,0.406,0.583",48579.6875,3663.438720703125,"8.773e+04,2.825e+04,4.673e+04,4.96e+04,4066,1.557e+05,1.338e+04,3145",48.748512268066406,27.750083923339844,"71.73,32.03,56.59,64.33,23.94,75.21,47.58,18.57","16.24,8.919,12.18,12.6,3.488,21.09,6.427,3.058","18.93,7.178,13.93,13.66,5.333,15.85,10.08,4.005",484,0.01610574871301651,2103,0.045363649725914,"1428,8598,5281,2356,5711,7729,11636,2898",0.4047909379005432,0.415069580078125,0.468017578125,"0.721,0.738,0.611,0.615,0.606,0.7,0.618,0.703","6.06,5.06,4.25,3.94,3.81,3.8,2.98,2.83","-0.00632,-0.149,0.125,0.17,-0.0261,0.226,0.0159,-0.0208","0,-0.13,0.146,0.136,-0.0218,0.186,0.0203,-0.0259","0,-0.171,0.107,0.146,0,0.193,0,-0.0222",0.2490234375,0.2530973553657532,1,0.4426206946372986,0.8437488675117493
1,q_proj,gptq,4096,4096,0,0.0020403265953063965,0.00146561861038208,71.91250394401588,0.025115121953262237,239.54843139648438,170.93380737304688,284.95916748046875,2657.18408203125,426.8437805175781,2596.61181640625,0.9990853667259216,71.65388488769531,0.1827881783246994,"3433,3300,3940,2787,1745,2677,3241,3346,1935,1900,1493,2267,1594,3434,3995,431",1973.142333984375,,,,,0,343.8873291015625,1137.229248046875,91.42160034179688,1166.8603515625,"0.269,0.537,0.261,0.411,0.091,0.485,0.239,0.108",2693.13623046875,680.592529296875,"1483,4102,1722,4083,718.8,5751,3081,604.9",156.6925048828125,158.38031005859375,"140.4,147.5,151.8,158.3,157.5,176,175,146.9","15.8,23.23,16.7,21.75,10.32,25.59,18.43,10.44","30.45,31.71,32.7,33.93,34.15,36.74,37.67,31.77",3509,0.0070716445334255695,1205,0.009667040780186653,"3300,3433,3704,1935,2787,2267,1900,2705",1.714436411857605,0.412567138671875,0.41815185546875,"0.827,0.872,1.22,0.84,0.966,0.818,0.857,1.03","116,62.8,26,16.2,14.8,14.2,13.3,12.5","-0.0203,0.0195,0.138,-0.00644,0.0192,-0.00394,-0.000163,-0.0114","-0.0393,0,0.118,0,0.0393,0,0,0","-0.0191,0.0171,0.118,-0.00841,0.0195,0,0,-0.00977",0.1376953125,0.1180245578289032,1,0.8674284219741821,0.09682849049568176
1,k_proj,gptq,1024,4096,0,0.0020093917846679688,0.001435995101928711,30.25416745993569,0.029679251519281368,90.55067443847656,62.21137237548828,106.66661834716797,2329.4599609375,173.81356811523438,2320.31640625,0.9990853667259216,29.995166778564453,0.24214881658554077,"3433,3300,3940,2787,1745,1935,2548,1900,3995,510,1493,3346,2267,3090,3434,2677",1973.142333984375,,,,,0,133.15869140625,923.717529296875,40.077178955078125,1048.6524658203125,"0.147,0.312,0.127,0.215,0.044,0.221,0.100,0.052",2693.13623046875,680.592529296875,"1483,4102,1722,4083,718.8,5751,3081,604.9",156.6925048828125,158.38031005859375,"140.4,147.5,151.8,158.3,157.5,176,175,146.9","10.98,14.5,11.31,13.06,6.779,15.24,10.53,6.825","28.66,25.98,31.77,28.17,32.17,32.44,33.38,29.82",244,0.0529789999127388,244,0.12228255718946457,"3300,3433,3704,1935,2787,2267,1900,2705",2.4006261825561523,0.384033203125,0.3455810546875,"1.37,1.09,0.921,0.534,0.603,0.595,0.584,0.438","116,62.8,26,16.2,14.8,14.2,13.3,12.5","0.467,-0.324,0.0898,0.0286,0.052,-0.00836,-0.00273,-0.0193","0.4,-0.4,0.133,0,0,0,0,0","0.4,-0.278,0.077,0.0286,0.0446,-0.0117,0,-0.0149",0.466796875,0.4001116454601288,2,1.5602631568908691,11.24996280670166
1,v_proj,gptq,1024,4096,0,0.002086162567138672,0.0014467239379882812,6.951561876918801,0.01974674202435707,28.032371520996094,21.236055374145508,34.16850280761719,131.0963134765625,45.556785583496094,116.83798217773438,0.9990853667259216,6.936060905456543,0.0980229303240776,"3433,3940,1745,2787,2677,3346,1900,1935,3241,3434,841,431,3995,1594,2548,2267",1973.142333984375,,,,,0,35.508941650390625,60.94242858886719,9.281129837036133,48.81098937988281,"0.572,0.764,0.604,0.634,0.225,0.757,0.532,0.236",2693.13623046875,680.592529296875,"1483,4102,1722,4083,718.8,5751,3081,604.9",156.6925048828125,158.38031005859375,"140.4,147.5,151.8,158.3,157.5,176,175,146.9","4.64,7.495,4.841,7.07,3.148,8.415,6.522,3.112","6.138,8.572,6.228,8.881,6.638,9.673,8.946,6.408",4,0.010615207254886627,603,0.013994265347719193,"3300,3433,3704,1935,2787,2267,1900,2705",0.6887375712394714,0.6405029296875,0.7391357421875,"0.0264,0.0505,0.0544,0.183,0.146,0.192,0.19,0.204","116,62.8,26,16.2,14.8,14.2,13.3,12.5","-0.000637,-0.00365,-0.000942,-0.00613,-0.00366,0.00403,0.0175,0.00124","0,0,0,-0.0119,0,0,0.0239,0","0,-0.00645,0,-0.00711,0,0.00725,0.0159,0",0.041748046875,0.04063787683844566,1,0.3243028223514557,0.03186044096946716
1,o_proj,gptq,4096,4096,0,0.002100348472595215,0.0014539361000061035,64.05754811311817,0.040042737491527196,163.40188598632812,93.09102630615234,19.945940017700195,46.934532165527344,25.23199462890625,44.234352111816406,0.810603141784668,63.921993255615234,0.0552518256008625,"1990,1734,3261,1979,3926,1123,1723,1379,3944,3945,3956,1851,3906,3847,3862,3853",26.818687438964844,,,,,0,25.531105041503906,38.297752380371094,11.146646499633789,21.78282928466797,"0.581,0.664,0.600,0.704,0.667,0.686,0.726,0.654",5841.22607421875,2744.85595703125,"6475,7379,5746,6505,4870,6351,5400,4004",40.38893127441406,29.952800750732422,"38.84,41.35,37.06,42.71,38.81,47.72,41.94,34.69","4.358,5.228,4.239,5.495,4.792,6.227,5.52,4.192","5.716,6.413,5.471,6.548,5.867,7.518,6.476,5.185",1184,0.003712814999744296,2452,0.0028670961037278175,"1270,1272,1207,1251,1164,1274,1166,1205",0.15838533639907837,0.321075439453125,0.3111572265625,"0.721,0.649,0.646,0.621,0.61,0.635,0.737,0.607","4.75,4.28,4.19,4.19,3.8,3.78,3.42,3.38","0.0182,-0.00449,0.0114,0.00424,0.00369,0.000252,0.0276,-0.00522","0.0162,0,0.0209,0,0,0,0.0243,-0.0113","0.0158,-0.00788,0.00788,0.00788,0,0,0.0236,-0.00788",0.0908203125,0.09603088349103928,1,0.2919919192790985,0.06948579102754593
1,gate_proj,gptq,12800,4096,0,0.002052345275878906,0.0014591789245605468,115.24807146887179,0.021471786093671855,427.7572021484375,322.64569091796875,241.99807739257812,1256.521240234375,390.5999755859375,1252.90625,0.9999704360961914,114.98453521728516,0.24880476295948029,"3300,1594,510,131,891,1493,3995,117,686,2677,3346,1184,2548,2267,1900,3586",2588.887939453125,,,,,0,360.90869140625,702.8822631835938,87.5435791015625,543.395751953125,"0.914,0.663,0.859,0.472,0.170,0.521,0.345,0.220",3326.8544921875,1043.68701171875,"1857,5134,2336,4770,1299,6238,3867,1114",91.5540542602539,80.17529296875,"79.87,92.96,88.85,98.68,91.09,105.1,103.6,72.24","21.92,21.58,23.77,19.39,10.85,21.88,17.51,9.843","22.92,26.49,25.64,28.21,26.34,30.3,29.81,21.01",10704,0.0024328120052814484,3777,0.0015045778127387166,"3300,686,2267,1493,131,2705,252,1935",5.488786220550537,0.303466796875,0.2703613340854645,"1.38,1.66,1.14,1.2,1.8,1.23,1.36,1.27","78,6.01,4.91,4.53,4.12,4.01,4,3.53","-0.0186,-0.0449,0.0178,0.00848,0.0228,0.00824,-0.000263,0.0118","-0.0282,-0.0564,0.0282,0,0.0282,0.0282,0,0","-0.0232,-0.0404,0.0129,0.0124,0.0216,0.0083,0,0.0153",0.0986328125,0.0845424085855484,1,0.5349475145339966,0.3689599335193634
1,up_proj,gptq,12800,4096,0,0.002043342590332031,0.00149871826171875,137.01199679300043,0.015674205618351457,643.13134765625,516.0657958984375,389.8239440917969,863.6763916015625,503.99737548828125,798.470947265625,0.9999704360961914,136.89974975585938,0.07733651250600815,"3300,1594,510,131,891,1493,3995,686,117,2677,3346,2548,1184,2267,1900,252",2588.887939453125,,,,,0,425.4258728027344,524.295654296875,128.42852783203125,294.4313049316406,"0.944,0.933,0.968,0.803,0.420,0.921,0.736,0.556",3326.8544921875,1043.68701171875,"1857,5134,2336,4770,1299,6238,3867,1114",91.5540542602539,80.17529296875,"79.87,92.96,88.85,98.68,91.09,105.1,103.6,72.24","16.6,25.14,18.78,24.44,12.67,27.52,22.21,11.6","17.09,26.02,19.09,27.27,19.55,28.69,25.88,15.56",5435,0.001731863827444613,2348,0.0034933893475681543,"3300,686,2267,1493,131,2705,252,1935",0.8057688474655151,0.5215234160423279,0.6383203268051147,"0.387,0.844,0.951,0.859,0.693,1.01,0.92,1.04","78,6.01,4.91,4.53,4.12,4.01,4,3.53","-0.00204,-0.000927,0.00757,0.00288,0.00118,0.00467,-0.00124,-0.0111","0,0,0.00579,0.00579,0,0,0,-0.0116","0,0,0.00984,0,0,0,0,-0.00991",0.0517578125,0.059119172394275665,1,0.5274330973625183,0.19342082738876343
1,down_proj,gptq,4096,12800,0,0.002001514434814453,0.001525096893310547,384.4591408722769,0.047313646573409106,888.1629638671875,490.69189453125,27.583248138427734,61.442596435546875,49.198326110839844,61.04304504394531,0.2999703288078308,384.56884765625,0.049286648631095886,"10328,2441,7151,3458,8671,4277,10146,4946,7315,12317,7494,1372,9228,8560,127,7420",29.847698211669922,,,,,0,36.4525260925293,42.122047424316406,15.340442657470703,26.23785400390625,"0.429,1.080,0.900,0.871,0.915,1.133,0.925,0.801",13796.2705078125,5309.10546875,"1.15e+04,2.054e+04,8586,1.223e+04,9951,2.641e+04,1.39e+04,7245",32.009132385253906,24.586156845092773,"39.98,37.17,26.25,30.96,26.62,39.3,32.11,23.68","5.508,7.591,4.855,5.686,4.992,8.214,6.153,4.183","8.41,7.304,5.118,6.094,5.219,7.716,6.398,4.674",1151,0.003339153714478016,2103,0.005024382378906012,"2309,12433,2142,1778,127,8570,7162,10496",0.3616495430469513,0.376434326171875,0.388153076171875,"0.845,0.759,0.721,0.695,0.607,0.826,0.899,0.78","9.03,4.51,4.26,4.25,3.72,3.37,2.95,2.94","0.0179,0.0109,-8.49e-05,-0.0072,-0.00989,-0.00769,0.0153,-0.0119","0.0238,0,0,-0.0097,-0.0097,-0.0117,0.0119,-0.0136","0.0187,0.0102,0,-0.0103,-0.0121,-0.00914,0.012,-0.00949",0.052001953125,0.05738918483257294,1,0.28847402334213257,0.08015594631433487
2,q_proj,gptq,4096,4096,0,0.0020431876182556152,0.0014567375183105469,76.4091780894626,0.02537037524395343,252.19659423828125,177.7528839111328,296.6260681152344,2301.376220703125,413.07183837890625,2125.4462890625,0.9977689385414124,75.92940521240234,0.28305602073669434,"484,2787,510,2705,1594,3570,1361,3819,3346,399,3940,1745,1900,3300,2677,1289",1196.44140625,,,,,0,306.27215576171875,973.8369140625,123.40968322753906,1015.5108032226562,"0.211,0.478,0.328,0.359,0.156,0.455,0.300,0.198",2342.477294921875,968.1475830078125,"814.8,3375,1106,2938,1309,4893,3031,1272",138.30014038085938,141.06881713867188,"121.6,134.6,129.1,142.1,139.8,153.3,151.3,134.5","12.72,20.7,16.72,18.95,12.61,22.99,18.64,13.63","27.71,29.93,29.2,31.63,31.93,34.07,34.01,30.62",1189,0.009149112738668919,1141,0.007781554013490677,"3300,484,2705,1493,2787,2267,3940,3704",1.546748161315918,0.3973388671875,0.392303466796875,"0.859,0.877,1.13,0.945,0.913,0.799,1.14,1.29","85,73.5,22.4,14.2,14.2,13.6,13.2,13.1","-0.00491,-0.00095,0.041,0.0147,-0.00391,-0.017,-0.000656,0.0146","0,0,0.0293,0.0293,0,-0.0293,0,0","0,0,0.0404,0.019,0,-0.0178,0,0.0174",0.1025390625,0.1171875074505806,1,1.206566333770752,1.75141179561615
2,k_proj,gptq,1024,4096,0,0.002019643783569336,0.0014693737030029297,37.733508651731704,0.03442181261585125,102.66875457763672,67.58485412597656,123.32408142089844,2144.154541015625,195.25979614257812,1978.3310546875,0.9977689385414124,37.467620849609375,0.3556027114391327,"484,2787,510,3300,1594,2705,1361,3346,3819,1900,399,3570,2677,1745,3940,1289",1196.44140625,,,,,0,146.27761840820312,836.5577392578125,56.1886100769043,922.2909545898438,"0.152,0.261,0.221,0.188,0.085,0.247,0.145,0.116",2342.477294921875,968.1475830078125,"814.8,3375,1106,2938,1309,4893,3031,1272",138.30014038085938,141.06881713867188,"121.6,134.6,129.1,142.1,139.8,153.3,151.3,134.5","10.21,13.43,13.59,12.69,8.625,14.94,11.93,10.01","26.21,26.27,28.89,29.29,29.58,30.06,31.27,29.43",507,0.019685648381710052,691,0.07811031490564346,"3300,484,2705,1493,2787,2267,3940,3704",2.298318386077881,0.3492431640625,0.276123046875,"1.52,1.35,0.528,0.714,0.753,0.659,0.783,0.946","85,73.5,22.4,14.2,14.2,13.6,13.2,13.1","-0.233,0.194,0.0176,0.00684,-0.0649,0.0109,-0.00635,0.0137","-0.2,0.2,0,0,-0.0667,0,0,-0.0667","-0.2,0.167,0.0186,0.0121,-0.0742,0.0114,-0.0126,0.0243",0.2333984375,0.2000558227300644,2,1.2101973295211792,5.579293727874756
2,v_proj,gptq,1024,4096,0,0.002048015594482422,0.0014073848724365234,5.953633844749465,0.01675578471652741,26.94766616821289,21.207265853881836,30.86324691772461,113.10144805908203,37.414974212646484,95.04743957519531,0.9977689385414124,5.9380669593811035,0.15600481629371643,"484,2787,510,2705,1594,3570,1361,3346,1745,1900,1935,2677,1289,3819,399,2267",1196.44140625,,,,,0,28.09645652770996,48.94496154785156,11.428098678588867,42.62522506713867,"0.368,0.755,0.568,0.597,0.396,0.699,0.540,0.442",2342.477294921875,968.1475830078125,"814.8,3375,1106,2938,1309,4893,3031,1272",138.30014038085938,141.06881713867188,"121.6,134.6,129.1,142.1,139.8,153.3,151.3,134.5","3.365,6.33,4.073,5.962,4.035,7.443,5.754,4.057","5.551,7.286,5.402,7.717,6.415,8.9,7.831,6.103",87,0.009969794191420078,381,0.01463589258491993,"3300,484,2705,1493,2787,2267,3940,3704",0.4102732539176941,0.71533203125,0.8172607421875,"0.0363,0.0402,0.129,0.133,0.136,0.199,0.0831,0.0567","85,73.5,22.4,14.2,14.2,13.6,13.2,13.1","0.00149,0.00142,0.0019,0.00443,-0.00494,0.00787,0.000228,-0.000641","0,0,0,0.00935,-0.00935,0.00935,0,0","0,0,0,0.00715,-0.00725,0.00718,0,0",0.0498046875,0.056619416922330856,1,0.4028581380844116,0.23317283391952515
2,o_proj,gptq,4096,4096,0,0.0021015405654907227,0.001444995403289795,60.328087885071,0.03831604429167294,158.52847290039062,90.803955078125,8.199056625366211,19.964248657226562,11.686544418334961,19.497055053710938,0.7597925066947937,60.13010025024414,0.038962386548519135,"4081,3825,3953,3697,4051,1028,1156,1008,1911,3113,3109,1284,1431,3983,4027,4080",23.266698837280273,,,,,0,9.66562271118164,16.38441276550293,6.853847980499268,10.352254867553711,"0.287,0.581,0.525,0.611,0.600,0.781,0.697,0.686",5579.76025390625,3724.3408203125,"4526,8380,4951,5348,4580,6482,6081,4290",26.984455108642578,21.206069946289062,"30.87,29.27,24.36,25.95,24.75,28.11,29.64,22.92","2.395,3.344,2.658,3.059,2.86,3.71,3.715,2.871","4.47,4.388,3.668,3.915,3.691,4.199,4.449,3.465",3704,0.007575520779937506,2103,0.008293450810015202,"3953,3697,3868,650,2065,1832,685,4047",0.08615103363990784,0.337921142578125,0.3214111328125,"0.688,0.523,0.67,0.608,0.647,0.606,0.632,0.674","2,1.9,1.73,1.69,1.63,1.52,1.51,1.46","0.0222,0.00854,-0.00729,-0.0065,-0.00592,0.0137,0.00247,-0.00348","0,0,0,0,0,0,0,0","0.0239,0.00698,-0.0119,-0.00635,-0.0052,0.0118,0,0",0.478515625,0.5417250394821167,1,0.24888715147972107,0.20160731673240662
2,gate_proj,gptq,12800,4096,0,0.0020388031005859376,0.001517467498779297,117.13932916192107,0.018362141817673018,485.0991516113281,372.0829772949219,291.4981689453125,778.5980834960938,383.39642333984375,756.5270385742188,0.999343991279602,116.95494842529297,0.1371695101261139,"3300,1594,510,3995,686,1493,1289,1184,131,2852,2677,3346,3586,1900,2548,891",1354.4522705078125,,,,,0,309.9223937988281,492.1902160644531,131.24435424804688,321.4107971191406,"0.342,0.794,0.651,0.642,0.423,0.739,0.596,0.667",3613.5712890625,1555.2979736328125,"1145,5578,2283,4401,2285,6602,4309,2306",71.84432983398438,58.405914306640625,"58.76,80.93,60.73,78.77,68.85,88.85,81.17,56.7","10.56,22,15.03,19.2,13.62,23.2,19.18,14.07","18.06,24.69,18.62,23.96,20.95,26.98,24.85,17.23",566,0.001310028019361198,11407,0.0022144734393805265,"3300,686,1493,3995,2103,2705,2267,2651",0.2970397472381592,0.24875976145267487,0.20949217677116394,"1.42,1.56,1.38,1.49,1.38,1.29,1.33,1.39","43,11.6,8.06,6.06,4.84,4.5,4.22,3.47","-0.0386,0.0791,-0.00595,-0.00117,-0.033,-0.00537,-0.00812,0.016","-0.0452,0.0678,-0.0226,0,0,0,0,0","-0.0372,0.0678,0,0,-0.0289,0,0,0.0204",0.0791015625,0.08219818025827408,1,0.4929339289665222,0.10906767845153809
2,up_proj,gptq,12800,4096,0,0.002053871154785156,0.0015356826782226562,122.6770374116777,0.01578672212399462,570.44873046875,453.43206787109375,355.5400085449219,692.648193359375,453.77880859375,668.3011474609375,0.999343991279602,122.56700134277344,0.07424866408109665,"3300,1594,510,3995,686,1493,1289,1184,131,2852,2677,3346,1900,3586,2548,2267",1354.4522705078125,,,,,0,363.709716796875,465.4891357421875,156.95794677734375,275.7999267578125,"0.415,0.859,0.865,0.817,0.594,0.893,0.754,0.845",3613.5712890625,1555.2979736328125,"1145,5578,2283,4401,2285,6602,4309,2306",71.84432983398438,58.405914306640625,"58.76,80.93,60.73,78.77,68.85,88.85,81.17,56.7","10.91,23.56,15.45,21.25,15.1,25.65,20.72,15.15","16.95,25.42,16.61,23.51,19.59,27.15,23.86,16.48",342,0.001353888539597392,6524,0.020802805200219154,"3300,686,1493,3995,2103,2705,2267,2651",0.13246959447860718,0.5176562666893005,0.6227245926856995,"0.421,0.697,0.789,0.718,0.884,1.01,1.06,1.22","43,11.6,8.06,6.06,4.84,4.5,4.22,3.47","-0.000523,0.00983,-0.00159,-0.00272,-0.000973,0.00103,0.00173,0.00842","0,0.00736,0,0,0,0,0.00736,0.00736","0,0.00956,0,0,0,0,0,0.00893",0.048828125,0.05642100051045418,1,0.5556704998016357,0.2268722802400589
2,down_proj,gptq,4096,12800,0,0.001975116729736328,0.0015462875366210938,67.92759460832895,0.009110158765900715,501.5400390625,441.78704833984375,31.082820892333984,692.9036254882812,75.19314575195312,3352.5234375,0.9999988675117493,60.352779388427734,0.38823696970939636,"6524,1226,9655,1627,11437,5213,3757,4660,4843,8221,9210,6260,9819,10915,7739,7245",12014.1376953125,,,,,0,163.21237182617188,13715.830078125,15.705096244812012,16.838050842285156,"0.010,1.211,1.381,1.062,0.926,1.091,0.940,1.014",4468.486328125,2443.40234375,"4742,4700,1331,2847,3485,1.023e+04,5405,3012",277.5748291015625,20.481666564941406,"2028,29.72,16.79,24.97,25.49,41.01,31.45,23.65","33.12,5.935,3.837,4.802,4.517,7.976,5.704,4.371","331,5.392,3.265,4.66,4.694,7.637,5.882,4.341",806,0.005840797442942858,2103,0.0035592017229646444,"622,5953,10587,10570,607,12007,5336,9502",0.19889260828495026,0.31298828125,0.31585693359375,"0.781,0.791,0.776,0.743,0.764,0.786,0.696,0.776","4.88,4.3,3.9,3.41,3.38,3.37,3.18,3.11","-0.0126,-0.0112,-0.00235,0.00729,-0.0145,-0.00522,0.016,-0.00531","-0.0122,0,0.0112,0,-0.013,-0.0205,-0.0137,0","-0.0149,-0.0194,0,0.00628,-0.0149,-0.00802,0.0151,0",0.2353515625,0.2689732313156128,1,0.3451820909976959,0.024108726531267166
3,q_proj,gptq,4096,4096,0,0.002054750919342041,0.001485288143157959,84.18413965027341,0.029043674390419993,256.2244873046875,176.60198974609375,617.2884521484375,3353.456787109375,926.0619506835938,2970.8896484375,0.9820004105567932,82.79471588134766,0.28324806690216064,"510,1594,137,2787,1289,1493,3995,1361,2705,2677,3570,399,3346,1745,3819,3300",674.6219482421875,,,,,0,680.5945434570312,1338.697265625,355.6202087402344,1468.1971435546875,"0.387,0.653,0.490,0.496,0.313,0.687,0.489,0.426",2788.493408203125,1500.116943359375,"123.8,4223,1711,2696,2145,5668,3516,2226",153.07110595703125,159.88356018066406,"42.7,172.1,162.3,168.8,169.8,181.6,172.7,154.4","7.571,31.3,27.13,27.51,21.86,33.29,27.48,23.95","12.17,38.75,38.76,39.05,39.08,40.18,39.29,36.7",1137,0.016215484589338303,2420,0.014593482948839664,"3300,484,2705,1493,686,2787,3940,3433",0.9015834927558899,0.45086669921875,0.4727783203125,"0.724,0.831,1.02,0.876,0.859,0.844,0.933,0.751","81,58.7,36.8,32.8,29.9,25.2,23.6,20.8","0.0664,-0.108,-0.00233,-0.061,-0.0544,0.0422,0.051,-0.0713","0.123,-0.123,0,0,0,0,0,0","0.0569,-0.0929,0,-0.0698,-0.0622,0.0362,0.0437,-0.0815",0.4375,0.5845083594322205,1,2.7831506729125977,1.7204997539520264
3,k_proj,gptq,1024,4096,0,0.0020415782928466797,0.001463174819946289,27.371870017351963,0.02810860929385832,84.28553009033203,59.036075592041016,202.74359130859375,1286.669189453125,303.51873779296875,1149.881103515625,0.9820004105567932,27.285480499267578,0.2739761769771576,"510,1594,137,2787,1289,1493,1361,2705,3995,2677,3570,3346,1900,1745,2267,3819",674.6219482421875,,,,,0,226.2784423828125,473.3162841796875,117.16378021240234,558.7763061523438,"0.427,0.697,0.425,0.462,0.277,0.686,0.458,0.384",2788.493408203125,1500.116943359375,"123.8,4223,1711,2696,2145,5668,3516,2226",153.07110595703125,159.88356018066406,"42.7,172.1,162.3,168.8,169.8,181.6,172.7,154.4","3.759,18.4,15.03,15.83,12.6,18.92,16.19,14.21","5.749,22.04,23.06,23.3,23.93,22.85,23.93,22.93",106,0.01578643172979355,51,0.04918750375509262,"3300,484,2705,1493,686,2787,3940,3433",0.8214210271835327,0.40087890625,0.372314453125,"0.559,0.821,0.539,0.642,0.673,0.689,0.572,0.509","81,58.7,36.8,32.8,29.9,25.2,23.6,20.8","-0.0625,0.11,-0.0259,0.0361,0.0674,-0.0703,-0.052,0.0635","-0.0692,0.104,-0.0346,0.0346,0.0692,-0.0692,-0.0692,0.0692","-0.0536,0.0946,-0.0204,0.0388,0.0578,-0.0611,-0.049,0.0603",0.12109375,0.1383928656578064,1,1.5829116106033325,2.1552577018737793
3,v_proj,gptq,1024,4096,0,0.0020105838775634766,0.0014240741729736328,6.34481100241673,0.01729166935671523,27.57237434387207,21.607330322265625,63.8097038269043,213.6621551513672,84.00665283203125,184.09524536132812,0.9820004105567932,6.312593936920166,0.1449425220489502,"510,1594,2787,1289,1493,137,3995,2677,1361,2705,1900,3346,1745,2267,1935,2852",674.6219482421875,,,,,0,60.4140625,100.78890228271484,33.007938385009766,85.59854125976562,"0.472,0.655,0.550,0.465,0.432,0.738,0.702,0.582",2788.493408203125,1500.116943359375,"123.8,4223,1711,2696,2145,5668,3516,2226",153.07110595703125,159.88356018066406,"42.7,172.1,162.3,168.8,169.8,181.6,172.7,154.4","1.493,9.47,6.783,7.502,6.757,10.6,8.899,7.206","2.174,11.7,9.149,11,10.28,12.34,10.62,9.443",72,0.012531674467027187,493,0.010595842264592648,"3300,484,2705,1493,686,2787,3940,3433",0.2929829955101013,0.683349609375,0.831298828125,"0.0578,0.0308,0.129,0.137,0.103,0.136,0.0801,0.0715","81,58.7,36.8,32.8,29.9,25.2,23.6,20.8","-0.000427,0.00101,-0.00013,0.00571,8.39e-05,0.000557,-0.000488,0.000725","0,0,0,0.0042,0,0,0,0.0042","0,0,0,0.00806,0,0,0,0",0.038818359375,0.03370145335793495,2,0.7564134001731873,0.60547935962677
3,o_proj,gptq,4096,4096,0,0.0020937323570251465,0.0014516711235046387,54.92840256103227,0.033066308896035776,156.60977172851562,94.87348937988281,5.3441853523254395,11.374326705932617,11.720959663391113,14.6397705078125,0.5144713521003723,54.76244354248047,0.03668547794222832,"1019,635,891,763,2608,2992,3424,3552,3168,2736,3946,2286,4074,3818,1072,3981",20.401779174804688,,,,,0,8.011027336120605,8.82206916809082,7.52944278717041,8.993875503540039,"0.153,1.001,0.828,0.849,0.815,0.847,0.903,0.902",5422.375,7386.7216796875,"71.38,1.495e+04,4242,4169,3257,1969,5962,8765",17.88225555419922,19.52508544921875,"5.401,31.81,16.83,14.97,14.77,12.09,23.13,24.06","0.3301,4.844,2.305,2.097,2.022,1.744,3.386,3.494","0.843,4.841,2.533,2.275,2.239,1.895,3.562,3.679",484,0.019069794565439224,3940,0.005530986934900284,"3973,4052,4074,4032,3971,4054,763,4050",0.1652931571006775,0.330169677734375,0.318023681640625,"0.664,0.619,0.693,0.62,0.622,0.645,0.616,0.639","2.59,2.04,1.95,1.85,1.81,1.61,1.47,1.38","0.0168,0.012,0.0781,-0.0396,-0.0108,-0.0125,-0.0879,0.00235","0.0206,0,0.0798,-0.0437,0,0,-0.0798,0","0.0223,0.0223,0.067,-0.0446,0,-0.0223,-0.0904,0",0.279296875,0.2393973171710968,2,0.2792068421840668,0.04234679788351059
3,gate_proj,gptq,12800,4096,0,0.002046070098876953,0.001552600860595703,115.26705548837501,0.017068182781393843,503.34649658203125,390.7413330078125,335.1492614746094,593.4732666015625,465.161865234375,585.7801513671875,0.9574689269065857,115.2107925415039,0.12762457132339478,"1594,510,686,3995,3433,1493,131,1289,1184,117,891,2852,2677,2363,3346,2548",191.2532501220703,,,,,0,336.1513366699219,386.8917236328125,198.623046875,262.1363525390625,"0.091,0.954,0.982,0.821,0.732,1.011,0.912,1.030",3678.791259765625,2181.47216796875,"151.6,5609,2431,3468,2877,7108,4588,3198",62.2401237487793,51.832496643066406,"45.07,73.48,49.72,63.47,59.43,81.2,69.93,55.62","4.357,22.41,15.49,17.96,15.89,25.05,20.61,17.35","14.43,22.94,15.63,19.82,18.58,24.91,21.58,17.09",6385,0.0015664402162656188,7882,0.003083241870626807,"686,1493,3433,3995,2705,2267,1289,131",0.17764127254486084,0.2184765636920929,0.18436522781848907,"1.61,1.49,1.49,1.6,1.36,1.35,1.58,1.81","15.5,9.69,7.64,6.69,4.41,4.22,3.89,3.87","0.0491,0.04,0.0269,0.0181,0.0713,0.0184,-0.000565,0.0282","0.0402,0.0402,0.0402,0,0.0804,0,0,0.0402","0.0439,0.034,0.0303,0.0158,0.0611,0.0151,0,0.0279",0.140625,0.1607142984867096,1,0.6288865804672241,0.2634357511997223
3,up_proj,gptq,12800,4096,0,0.002048320770263672,0.0015537643432617188,108.1713647983766,0.014948813292470825,524.0118408203125,419.66217041015625,358.9768371582031,616.420654296875,487.7142333984375,612.157958984375,0.9574689269065857,108.08909606933594,0.0771368071436882,"1594,510,686,3995,1493,3433,131,1289,1184,117,891,2677,2852,2363,3346,2548",191.2532501220703,,,,,0,352.2212829589844,405.7548828125,210.85049438476562,272.6228942871094,"0.078,0.979,0.943,0.822,0.760,1.031,0.899,0.938",3678.791259765625,2181.47216796875,"151.6,5609,2431,3468,2877,7108,4588,3198",62.2401237487793,51.832496643066406,"45.07,73.48,49.72,63.47,59.43,81.2,69.93,55.62","4.084,23.14,15.26,18.19,16.46,26.19,21.09,17.32","14.62,23.39,15.71,20.05,18.89,25.79,22.24,17.89",1810,0.001340548973530531,6864,0.0014270320534706116,"686,1493,3433,3995,2705,2267,1289,131",0.09413270652294159,0.5915331840515137,0.6851660013198853,"0.496,0.681,0.447,0.6,0.992,1.07,0.59,0.508","15.5,9.69,7.64,6.69,4.41,4.22,3.89,3.87","0.00342,5.27e-05,0.0023,0.00101,0.00127,-0.00699,0.00916,0.0083","0,0,0,0,0,-0.00806,0.00806,0.00806","0,0,0,0,0,-0.0118,0.0116,0.00942",0.054931640625,0.06283533573150635,1,0.6027200222015381,0.040947288274765015
3,down_proj,gptq,4096,12800,0,0.002001380920410156,0.0015472602844238282,230.3992080529517,0.03249967925067041,650.9437255859375,412.1685791015625,20.228092193603516,37.178810119628906,39.349891662597656,40.04433822631836,0.6341856718063354,230.52381896972656,0.05174267664551735,"2607,10717,12198,5721,7258,3638,445,4707,1871,4035,3914,10694,4661,2259,355,5596",79.84266662597656,,,,,0,29.14905548095703,44.444435119628906,15.185466766357422,14.897775650024414,"0.013,1.496,1.455,0.844,1.116,1.366,1.259,1.146",16590.314453125,8714.7314453125,"1180,2.443e+04,1.144e+04,9736,1.551e+04,3.372e+04,1.829e+04,1.842e+04",32.805397033691406,20.899459838867188,"64.09,30.76,19.89,26.25,27.95,36.7,28.12,28.67","1.512,6.535,4.264,4.385,5.339,7.727,5.617,5.571","13.05,5.344,3.535,4.772,5.053,6.611,5.006,5.203",2103,0.00568189425393939,2103,0.01012685988098383,"5561,2140,2287,8324,12460,12561,12392,12345",0.3432195782661438,0.31640625,0.32000732421875,"0.763,0.759,0.744,0.737,0.738,0.76,0.748,0.736","14.4,3.88,3.54,3.22,2.88,2.53,2.46,2.45","-0.0327,0.0405,0.0244,-0.002,0.0124,-0.0442,0.0212,-0.0247","-0.0217,0,0.0224,-0.0215,0.0173,-0.02,0.0403,-0.0219","0,0.0296,0.0286,0,0,-0.0413,0,-0.0491",0.5390625,0.4620535969734192,2,0.4024263322353363,0.5085153579711914
4,q_proj,gptq,4096,4096,0,0.0020423531532287598,0.0014793872833251953,63.19699523592635,0.022067509915175264,229.4819793701172,169.53390502929688,555.4976806640625,3237.40869140625,933.3245849609375,3006.02294921875,0.9792425632476807,62.98834228515625,0.33822983503341675,"1594,510,2787,137,379,1289,1493,3570,3300,1361,2705,1418,3995,3346,3940,1505",914.0859985351562,,,,,0,692.705078125,1439.703857421875,401.505126953125,1509.86669921875,"1.146,0.583,0.512,0.451,0.297,0.619,0.407,0.467",2935.5126953125,1910.3421630859375,"107.3,4135,2365,2355,2488,5404,3541,3088",166.4436492919922,176.5310516357422,"44.21,176.3,196.9,176.7,188.7,189,189.5,170.2","10.4,29.04,31.37,26.15,22.01,32.25,27.2,25.63","9.718,38.02,43.86,38.95,40.4,41,42.63,37.51",3379,0.010992549359798431,3507,0.009883918799459934,"3300,379,2705,1493,2787,686,3940,1289",1.041702151298523,0.443603515625,0.4383544921875,"0.699,0.707,1.03,0.88,0.781,0.863,0.933,0.859","100,68,39.6,37.8,35.2,30.1,29.6,20","-0.0588,-0.064,0.0298,0.0361,-0.0547,-0.0723,-0.0713,-0.0718","-0.0477,-0.0954,0.0477,0.0477,-0.0477,-0.0477,-0.0954,-0.0954","-0.0504,-0.0674,0.0312,0.0301,-0.0625,-0.0619,-0.0815,-0.082",0.1669921875,0.1431361585855484,2,2.3081274032592773,1.7892857789993286
4,k_proj,gptq,1024,4096,0,0.002025127410888672,0.0014345645904541016,23.932132285746775,0.025437844969692244,78.53790283203125,56.841796875,192.9739990234375,1178.45068359375,340.7860412597656,1058.739990234375,0.9792425632476807,23.837078094482422,0.36552733182907104,"1594,510,2787,137,1493,379,1289,3300,1361,2705,3570,1418,3346,3819,3995,2677",914.0859985351562,,,,,0,250.45315551757812,506.4390869140625,142.5677032470703,528.44580078125,"1.301,0.582,0.608,0.434,0.262,0.595,0.419,0.521",2935.5126953125,1910.3421630859375,"107.3,4135,2365,2355,2488,5404,3541,3088",166.4436492919922,176.5310516357422,"44.21,176.3,196.9,176.7,188.7,189,189.5,170.2","6.741,17.32,19.63,15.08,12.42,18.87,16.59,16.12","5.909,22.7,25.18,22.9,24.28,24.46,25.62,22.33",434,0.037571173161268234,883,0.05148293077945709,"3300,379,2705,1493,2787,686,3940,1289",1.2726925611495972,0.4373779296875,0.3695068359375,"0.472,0.579,0.529,0.635,0.665,0.563,0.504,0.533","100,68,39.6,37.8,35.2,30.1,29.6,20","0.082,0.162,-0.043,-0.0547,0.0454,0.0845,-0.04,0.0659","0.0926,0.139,-0.0463,-0.0463,0.0463,0.0926,-0.0463,0.0463","0.0703,0.139,-0.0389,-0.0561,0.0389,0.0724,-0.0458,0.0695",0.162109375,0.1389508992433548,1,2.4074790477752686,1.731669306755066
4,v_proj,gptq,1024,4096,0,0.0020246505737304688,0.0014722347259521484,5.5056888882603685,0.013965838889389412,28.178388595581055,22.81079864501953,65.20061492919922,237.0213165283203,96.3262939453125,218.36810302734375,0.9792425632476807,5.478763580322266,0.16960345208644867,"510,2787,1594,137,1289,1493,2705,1361,379,1418,3346,3570,3995,2677,1900,3300",914.0859985351562,,,,,0,67.52459716796875,119.02125549316406,43.44375991821289,105.94044494628906,"0.780,0.636,0.525,0.478,0.411,0.737,0.566,0.573",2935.5126953125,1910.3421630859375,"107.3,4135,2365,2355,2488,5404,3541,3088",166.4436492919922,176.5310516357422,"44.21,176.3,196.9,176.7,188.7,189,189.5,170.2","1.75,9.129,8.253,7.795,7.425,10.94,9.064,8.247","1.981,11.45,11.39,11.28,11.57,12.74,12.05,10.9",798,0.014774803072214127,256,0.030225178226828575,"3300,379,2705,1493,2787,686,3940,1289",0.3902856409549713,0.689208984375,0.846435546875,"0.0517,0.0487,0.12,0.137,0.117,0.0953,0.0736,0.0934","100,68,39.6,37.8,35.2,30.1,29.6,20","-0.000919,-0.00114,-0.00301,-0.00513,-0.00121,0.00119,-0.00356,0.00504","0,0,-0.00541,-0.00541,0,0,0,0.00541","0,0,0,-0.00806,0,0,0,0.00921",0.039306640625,0.044707223773002625,1,0.902505099773407,0.6147031784057617
4,o_proj,gptq,4096,4096,0,0.0020942091941833496,0.0014574527740478516,58.89470520510247,0.03472703637309165,162.46603393554688,97.55516815185547,3.6572420597076416,9.014383316040039,11.652822494506836,13.21230697631836,0.2955378592014313,58.6286735534668,0.04766375944018364,"1210,100,1740,228,2380,484,3184,2124,2990,1868,30,2862,1783,1338,2606,2903",23.63286018371582,,,,,0,5.245806694030762,5.072195053100586,10.533910751342773,9.85086727142334,"0.119,0.960,0.790,0.774,0.746,1.224,1.258,1.078",10011.529296875,21729.826171875,"83.83,7116,1835,1705,1772,1.296e+04,2.23e+04,3.232e+04",13.389650344848633,19.569067001342773,"5.776,16.31,9.847,10.5,10.48,13.39,17.77,23.03","0.3281,2.45,1.367,1.407,1.384,2.38,3.203,3.764","0.9528,2.5,1.537,1.599,1.602,2.151,2.857,3.625",2103,0.014052202925086021,2103,0.01355776097625494,"30,2124,2802,100,2096,2092,101,1466",0.12591372430324554,0.344085693359375,0.32672119140625,"0.632,0.805,0.632,0.607,0.635,0.616,0.664,0.679","1.21,1.14,1.06,0.975,0.951,0.946,0.898,0.896","-0.0688,0.063,-0.0718,-0.206,-0.00452,0.0469,0.0139,-0.141","-0.103,0.103,-0.103,-0.205,0,0,0.025,-0.103","-0.0737,0.054,-0.0837,-0.221,0,0.054,0,-0.121",0.359375,0.3080357313156128,1,0.1640690714120865,0.18658119440078735
4,gate_proj,gptq,12800,4096,0,0.002037715911865234,0.0015296363830566407,111.74781575754423,0.016501955144054996,501.4880676269531,393.11712646484375,328.63214111328125,580.49365234375,509.8437194824219,629.526611328125,0.9479767680168152,111.6778793334961,0.1311807483434677,"1594,510,686,3995,131,1289,1493,117,1184,3300,2852,891,2677,3635,2548,2267",216.9700469970703,,,,,0,345.22265625,405.9647521972656,242.13880920410156,301.9898986816406,"0.084,1.001,0.991,0.787,0.780,1.026,0.900,1.016",3843.840087890625,2728.925048828125,"149.6,5195,3080,3043,3248,7212,4706,4118",64.01583099365234,55.574462890625,"58.29,67.88,54.05,60.23,61.1,79.68,69.15,61.75","5.284,21.36,16.82,16.64,16.86,25.11,20.67,19.39","18.2,21.35,16.9,18.76,19.09,24.78,21.79,19.24",11006,0.0019312867661938071,1751,0.007656427565962076,"3300,686,1493,2705,3995,2267,2651,1289",0.16214856505393982,0.250732421875,0.21720702946186066,"1.62,1.74,1.51,1.31,1.64,1.34,1.36,1.67","15,12.9,7.75,4.61,4.44,4.22,4,3.9","-0.0669,0.0344,0.0417,-0.157,0.0349,-0.0996,0.0583,0.0273","-0.0449,0.0449,0.0449,-0.135,0.0449,-0.0898,0.0449,0.0449","-0.0716,0.0317,0.0299,-0.135,0.0308,-0.0854,0.0575,0.0268",0.16796875,0.17655563354492188,1,0.7408387064933777,0.3858661353588104
4,up_proj,gptq,12800,4096,0,0.002036380767822266,0.0015384674072265625,104.2087413153472,0.01435830577071969,522.3452758789062,424.12860107421875,350.479736328125,598.458740234375,533.40234375,654.1912841796875,0.9479767680168152,104.15194702148438,0.07958671450614929,"1594,510,686,3995,1289,1493,131,117,1184,3300,2852,2677,2548,891,3635,2267",216.9700469970703,,,,,0,358.67578125,426.61456298828125,257.8602294921875,312.8121643066406,"0.050,1.051,0.994,0.788,0.787,1.026,0.911,0.966",3843.840087890625,2728.925048828125,"149.6,5195,3080,3043,3248,7212,4706,4118",64.01583099365234,55.574462890625,"58.29,67.88,54.05,60.23,61.1,79.68,69.15,61.75","4.418,22.08,16.71,16.98,17.12,25.9,21.12,19.62","19.7,21.54,16.75,19.13,19.31,25.57,22.12,19.96",10057,0.0014848395949229598,211,0.0015454931417480111,"3300,686,1493,2705,3995,2267,2651,1289",0.08679547160863876,0.5340331792831421,0.6291796565055847,"0.446,0.551,0.839,0.991,0.708,1.05,1.11,0.607","15,12.9,7.75,4.61,4.44,4.22,4,3.9","-0.00238,0.00446,-0.00522,-0.000645,-0.00552,0.00366,-0.00446,0.00143","0,0.0068,-0.0068,0,-0.0068,0.0068,-0.0068,0","0,0.00886,-0.00907,0,0,0,0,0",0.042724609375,0.04604719206690788,1,0.6598607897758484,0.031785767525434494
4,down_proj,gptq,4096,12800,0,0.002002449035644531,0.0015496444702148438,148.123554334059,0.020837921160515988,561.0299072265625,419.880859375,26.800817489624023,660.3123168945312,71.84232330322266,3139.47607421875,0.9991768598556519,123.3145751953125,0.4616783559322357,"2495,12619,1751,7084,7568,4734,3358,9634,5570,12333,3007,12285,9945,5047,9925,2455",5902.29736328125,,,,,0,120.24656677246094,13877.833984375,32.016929626464844,28.773517608642578,"0.007,1.438,0.996,0.874,1.045,1.113,1.138,1.078",8305.3046875,8193.392578125,"609,7634,3636,5144,5902,1.493e+04,1.586e+04,1.272e+04",185.42361450195312,28.48377227783203,"1280,26.93,19.13,24.59,23.87,36.68,37.87,34.12","27.08,5.822,3.481,4.234,4.469,7.018,7.313,6.472","332.9,4.855,3.488,4.529,4.373,6.654,6.857,6.234",1367,0.01503832172602415,484,0.025865700095891953,"1870,9426,9482,4780,1497,9218,12132,11394",0.12903358042240143,0.334991455078125,0.335113525390625,"0.77,0.755,0.763,0.743,0.746,0.713,0.631,0.755","3.68,3.17,3.13,2.98,2.72,2.22,2.12,2.1","-0.00334,-0.00172,-0.00781,-0.0201,-0.00494,0.00391,-0.0172,0.00272","-0.102,-0.0352,-0.0505,0,-0.0304,-0.137,0,0","0,0,-0.00687,-0.0172,-0.00635,0,-0.019,0",0.48046875,3.78942608833313,1,0.5480822920799255,0.22196201980113983
5,q_proj,gptq,4096,4096,0,0.002023637294769287,0.001473546028137207,90.25097051658999,0.03355619304152492,250.0865020751953,169.70571899414062,827.51513671875,4604.1484375,1422.23291015625,3849.442138671875,0.9747463464736938,89.63963317871094,0.3101707398891449,"1594,2787,510,3635,137,1289,2705,1493,1361,3300,3995,3787,2677,2035,686,2255",884.8106079101562,,,,,0,843.322021484375,1668.548095703125,659.1046142578125,1916.3875732421875,"1.018,0.588,0.551,0.385,0.294,0.584,0.469,0.670",2333.8330078125,2206.53564453125,"106.4,2738,1659,1670,1880,4285,3165,3167",185.76414489746094,204.79002380371094,"50.01,193.5,209.5,207,213.7,209.6,207.6,195.2","11.22,31.36,32.82,27.09,24.37,34.09,30.47,33.8","11.12,40.89,44.2,43.66,44.93,44.62,44.46,41.3",4023,0.010418112389743328,370,0.006806574761867523,"3300,484,1493,2787,686,2705,3940,1289",1.2438799142837524,0.45098876953125,0.49560546875,"0.562,0.682,0.781,0.684,0.718,0.933,0.92,0.735","110,55.8,43.9,43.5,43.2,42.1,41.2,27.9","0.0025,-0.00574,-0.0264,-0.0143,-0.00433,-0.0265,0.0118,0.0104","0,0,-0.0391,0,0,0,0.0391,0","0,0,-0.0262,-0.0155,0,-0.031,0,0.0186",0.1455078125,0.15625,1,2.4870409965515137,1.3515580892562866
5,k_proj,gptq,1024,4096,0,0.002051115036010742,0.001483917236328125,33.50588097726931,0.03679446734329454,87.31300354003906,59.988609313964844,298.24176025390625,1635.90283203125,519.3609619140625,1367.26611328125,0.9747463464736938,33.27515411376953,0.31757843494415283,"1594,2787,510,3635,137,1289,2705,1493,2035,3787,1361,309,198,3995,1900,316",884.8106079101562,,,,,0,302.1251220703125,591.3587646484375,232.81753540039062,684.307861328125,"1.114,0.609,0.631,0.401,0.285,0.557,0.488,0.618",2333.8330078125,2206.53564453125,"106.4,2738,1659,1670,1880,4285,3165,3167",185.76414489746094,204.79002380371094,"50.01,193.5,209.5,207,213.7,209.6,207.6,195.2","6.6,18.62,20.52,16.75,14.47,19.88,18.22,19.71","6.254,23.87,25.84,26.47,27.1,26.64,26.09,25.08",1015,0.031033901497721672,693,0.03235018998384476,"3300,484,1493,2787,686,2705,3940,1289",1.2255816459655762,0.4195556640625,0.4345703125,"0.339,0.467,0.498,0.529,0.414,0.473,0.434,0.418","110,55.8,43.9,43.5,43.2,42.1,41.2,27.9","0.00891,0.00562,0.019,0.00409,0.0322,0.00409,0.005,0.025","0,0,0.0357,0,0.0357,0,0,0.0357","0,0,0.0304,0,0.0269,0,0,0.0223",0.1484375,0.12842576205730438,5,2.549952983856201,0.7297905683517456
5,v_proj,gptq,1024,4096,0,0.002044200897216797,0.0014998912811279297,4.941118127329263,0.013418167427946097,26.085735321044922,21.73757553100586,68.38391876220703,338.75408935546875,105.97848510742188,293.5836486816406,0.9747463464736938,4.915572166442871,0.14477524161338806,"1594,2787,510,3635,137,1289,2705,3300,2035,1493,3787,3360,686,1361,3995,2255",884.8106079101562,,,,,0,62.17744445800781,136.0426788330078,55.759521484375,147.4643096923828,"0.754,0.518,0.391,0.320,0.295,0.608,0.523,0.525",2333.8330078125,2206.53564453125,"106.4,2738,1659,1670,1880,4285,3165,3167",185.76414489746094,204.79002380371094,"50.01,193.5,209.5,207,213.7,209.6,207.6,195.2","1.928,8.689,7.358,6.881,7.089,10.27,9.036,8.907","2.219,12.07,11.77,12.16,13.06,13.17,12.5,12.29",856,0.020357398316264153,175,0.021548552438616753,"3300,484,1493,2787,686,2705,3940,1289",0.3955058455467224,0.5594482421875,0.8367919921875,"0.0509,0.0435,0.142,0.107,0.0895,0.144,0.0919,0.0931","110,55.8,43.9,43.5,43.2,42.1,41.2,27.9","-0.00201,0.000668,-0.00543,0.000366,-0.000755,-7.63e-05,0.000458,0.00208","-0.00359,0,-0.00718,0,0,0,0,0.00359","0,0,-0.009,0,0,0,0,0",0.03564453125,0.035906802862882614,1,1.0114423036575317,0.6836785674095154
5,o_proj,gptq,4096,4096,0,0.002104461193084717,0.001456141471862793,58.20776306912434,0.03818680887521633,159.21258544921875,89.78617095947266,3.392831325531006,11.121538162231445,9.080453872680664,13.021169662475586,0.5938159227371216,57.9755859375,0.078838050365448,"3045,2789,3962,2661,2557,3706,2429,2173,2917,2301,3834,4090,2060,995,2316,2966",69.30145263671875,,,,,0,3.075556993484497,4.022617340087891,5.283700942993164,6.592489242553711,"0.125,0.771,0.667,0.632,0.842,0.764,0.783,0.934",3200.5244140625,4477.88818359375,"94.54,4325,4212,2166,2866,2153,2014,7773",13.049409866333008,16.542232513427734,"8.857,14.42,14.04,11.28,12.15,11.46,11.95,20.24","0.4708,1.847,1.764,1.341,1.595,1.434,1.526,3.022","1.334,2.104,2.16,1.687,1.738,1.64,1.725,3.127",3704,0.04899366945028305,484,0.010014977306127548,"2304,2173,2301,3045,2002,2379,707,2321",0.14974255859851837,0.3367919921875,0.30224609375,"0.612,0.777,0.674,0.709,0.64,0.584,0.664,0.603","1.71,1.63,1.53,1.15,1.15,1.12,1.11,1.09","0.00653,0.0216,0.0508,0.00711,-0.00345,0.00778,-0.43,-0.00204","0,0.0333,0.0333,0,0,0,-0.372,0","0.0082,0.0215,0.0565,0.00984,-0.00478,0.0082,-0.368,0",0.4296875,0.37201255559921265,1,0.3529697060585022,0.026813192293047905
5,gate_proj,gptq,12800,4096,0,0.0020337867736816406,0.0015231132507324218,112.93103919419809,0.017284028328317703,490.56256103515625,384.28955078125,311.0624084472656,575.5661010742188,550.851318359375,710.70458984375,0.7549618482589722,112.77494812011719,0.16972748935222626,"1594,686,117,628,510,131,1367,2179,2428,2787,1493,3586,1289,3995,1184,582",120.24903106689453,,,,,0,353.80963134765625,706.4379272460938,289.4162292480469,328.0420837402344,"0.032,1.036,1.071,0.823,0.794,1.109,0.960,1.055",3993.37353515625,3366.8544921875,"232,4897,3291,2804,3126,7361,5255,4981",75.18017578125,57.80150604248047,"155,65.16,54.96,56.36,58.62,76.96,68.93,65.46","9.6,20.68,17.72,15.74,16.12,24.91,20.94,20.74","53.79,20.32,17.12,17.36,18.09,23.66,21.37,20.19",8311,0.005137549247592688,12071,0.002884581219404936,"686,3300,1493,2428,2787,2103,2705,2267",0.1423240453004837,0.3041406273841858,0.2636816203594208,"1.89,1.67,1.48,1.17,1.5,1.49,1.23,1.32","14.7,9.93,7.51,7.31,5.14,4.45,4.44,4.28","0.0894,-0.149,0.085,-0.0253,-0.0952,0.116,0.0393,0.0143","0.108,-0.162,0.0541,0,-0.108,0.108,0.0541,0","0.0766,-0.171,0.0792,-0.0232,-0.108,0.0992,0.0541,0.018",0.189453125,0.2165178656578064,1,1.155470371246338,0.7067455053329468
5,up_proj,gptq,12800,4096,0,0.0020310211181640623,0.0015388870239257813,109.52611338609131,0.01470295069224931,539.5247802734375,437.3345642089844,349.7965087890625,618.07470703125,603.4605712890625,759.6920166015625,0.7549618482589722,109.39219665527344,0.10283248871564865,"1594,628,686,510,117,131,2179,1367,2428,2787,3586,1493,1289,3995,1184,582",120.24903106689453,,,,,0,381.0631103515625,705.3135986328125,319.9931945800781,358.83990478515625,"0.025,1.058,0.986,0.797,0.789,1.125,0.988,1.062",3993.37353515625,3366.8544921875,"232,4897,3291,2804,3126,7361,5255,4981",75.18017578125,57.80150604248047,"155,65.16,54.96,56.36,58.62,76.96,68.93,65.46","8.172,21.58,17.61,16.21,16.94,26.45,21.98,21.76","51.36,20.98,17.74,18.16,19.07,24.93,22.12,21.11",8311,0.0024826577864587307,12346,0.0036063254810869694,"686,3300,1493,2428,2787,2103,2705,2267",0.07555223256349564,0.5552343726158142,0.6551757454872131,"0.625,0.542,0.965,0.725,0.966,0.728,0.993,1.11","14.7,9.93,7.51,7.31,5.14,4.45,4.44,4.28","0.0383,-0.12,0.085,0.0383,-0.0762,0.0815,0.022,0.031","0.0382,-0.115,0.0765,0.0382,-0.0765,0.0765,0,0.0382","0.0335,-0.121,0.0963,0.0356,-0.0882,0.0848,0,0.0346",0.19140625,0.2008102834224701,1,0.8441078662872314,0.9123587012290955
5,down_proj,gptq,4096,12800,0,0.0019547843933105467,0.0015484046936035155,656.3182917247034,0.09101807763089648,634.1336669921875,435.44891357421875,1520.0806884765625,87144.71875,11318.81640625,522825.4375,0.9999974966049194,78.58891296386719,0.9991280436515808,"12071,4502,312,9074,4209,2992,12654,8385,388,5250,6808,10421,4184,11563,1511,6595",12749.3447265625,,,,,0,47626.1796875,2340850.0,31.308292388916016,21.99239730834961,"0.020,1.154,1.264,8.674,3.861,5.116,1.598,1.278",148.89913940429688,81.18341064453125,"528.9,99.99,63.73,72.83,57.15,182.2,105.8,80.57",2570.41748046875,24.929874420166016,"2.038e+04,27.84,22.24,24.04,21.14,37.78,28.56,24.94","616.8,5.459,4.6,13.07,7.706,16.34,6.706,5.116","4327,5.082,4.092,4.437,3.922,7.222,5.305,4.525",3433,0.5843678712844849,484,0.016828417778015137,"12399,10016,10012,10503,4655,7844,228,4591",0.03588869050145149,0.39111328125,0.38690185546875,"0.772,0.663,0.728,0.579,0.78,0.757,0.746,0.751","3,2.72,2.56,2.44,2.2,2.11,1.99,1.96","0.0138,0.0679,0.165,0.021,0.0126,0.00854,-0.00443,0.00659","0,0,0.218,0,0,0.072,0,0","0.0146,0.0472,0.141,0.0322,0.0119,0.0163,0,0",0.76171875,1.660781741142273,1,5.89051628112793,0.08946072310209274
6,q_proj,gptq,4096,4096,0,0.002035081386566162,0.0014774799346923828,63.839517261112434,0.024606553854826588,216.05213928222656,161.21617126464844,847.9080810546875,4071.2939453125,1544.48291015625,3474.8955078125,0.9504008293151855,63.60992431640625,0.2791271209716797,"1594,2787,137,510,1289,686,2705,1493,1505,312,1418,1361,3300,3570,2852,2677",558.6198120117188,,,,,0,775.9896240234375,1452.8919677734375,763.2835693359375,1794.8546142578125,"1.590,0.645,0.563,0.411,0.357,0.650,0.486,0.579",2619.0322265625,2740.401611328125,"61.15,3100,2473,1941,2051,4865,3213,3248",170.2095489501953,195.757568359375,"36.01,182.5,191.6,181.4,189.8,198.8,192.6,189.1","8.653,30.7,30.87,24.72,23.99,34.85,29.37,31.2","6.862,38.22,41.14,38.57,40.14,43.21,42.13,41",504,0.007464123889803886,947,0.01353107113391161,"3300,484,686,2787,1493,2705,312,1433",0.8597058057785034,0.478851318359375,0.48211669921875,"0.672,0.673,0.777,0.688,0.812,0.918,0.797,0.719","73.5,65.2,43.2,40,40,30.4,27,26.7","-0.00278,0.00261,-0.00406,-0.00333,-0.0437,-0.0121,0.0154,0.00415","0,0,0,0,-0.0555,0,0,0","0,0,0,0,-0.0388,0,0.0197,0",0.1943359375,0.1665736734867096,8,2.0727341175079346,0.262123703956604
6,k_proj,gptq,1024,4096,0,0.002100706100463867,0.0014495849609375,23.195937495834322,0.02902943241482829,70.39431762695312,52.205650329589844,279.4144287109375,1387.45654296875,525.753662109375,1225.928466796875,0.9504008293151855,23.128767013549805,0.31150469183921814,"1594,2787,137,510,1289,2705,1493,686,1505,312,1418,1361,3300,2677,2852,3570",558.6198120117188,,,,,0,267.824462890625,508.80419921875,257.9423522949219,611.7158203125,"1.155,0.569,0.570,0.430,0.324,0.731,0.434,0.610",2619.0322265625,2740.401611328125,"61.15,3100,2473,1941,2051,4865,3213,3248",170.2095489501953,195.757568359375,"36.01,182.5,191.6,181.4,189.8,198.8,192.6,189.1","5.424,16.7,18.61,14.75,14.18,20.71,16.65,19.07","5.046,22.14,24.65,22.48,24.92,24.22,25.26,24.42",123,0.02716810628771782,373,0.06380019336938858,"3300,484,686,2787,1493,2705,312,1433",0.9863939881324768,0.4464111328125,0.3878173828125,"0.416,0.392,0.495,0.593,0.556,0.522,0.53,0.67","73.5,65.2,43.2,40,40,30.4,27,26.7","0.00525,0.00172,-0.0138,-0.00427,0.00778,-0.0128,-0.000645,0.00757","0,0,0,0,0,-0.0536,0,0","0,0,-0.0124,0,0,-0.0151,0,0",0.1875,0.1607142984867096,2,2.336744546890259,1.6020781993865967
6,v_proj,gptq,1024,4096,0,0.002031564712524414,0.0014677047729492188,6.182189333160343,0.014306268646621692,30.981840133666992,25.250415802001953,117.1196517944336,333.2115783691406,190.0603790283203,308.6492614746094,0.9504008293151855,6.165306091308594,0.10225313156843185,"2787,1594,510,1289,137,1505,686,2705,1493,312,1418,1361,2677,2852,3570,1900",558.6198120117188,,,,,0,94.94901275634766,136.07330322265625,100.83796691894531,160.12152099609375,"1.343,0.716,0.657,0.536,0.498,0.831,0.782,0.787",2619.0322265625,2740.401611328125,"61.15,3100,2473,1941,2051,4865,3213,3248",170.2095489501953,195.757568359375,"36.01,182.5,191.6,181.4,189.8,198.8,192.6,189.1","1.464,10.52,9.386,8.742,8.438,12.59,11.17,11.31","1.264,12.43,11.58,11.94,11.96,13.81,12.63,12.75",726,0.015599526464939117,1006,0.016682162880897522,"3300,484,686,2787,1493,2705,312,1433",0.22017474472522736,0.645751953125,0.864501953125,"0.0516,0.0394,0.077,0.209,0.131,0.115,0.0845,0.115","73.5,65.2,43.2,40,40,30.4,27,26.7","0.000196,9.06e-05,0.00166,-0.00135,-0.0104,0.000954,-0.00452,-0.00531","0,0,0,0,-0.00781,0,-0.00781,-0.00781","0,0,0,0,-0.0135,0,0,0",0.107421875,0.09339527785778046,1,1.0539045333862305,0.6788602471351624
6,o_proj,gptq,4096,4096,0,0.0020877718925476074,0.001490771770477295,55.75263484628226,0.03121482102619344,166.72933959960938,103.11798858642578,4.2118916511535645,13.047508239746094,8.676315307617188,11.525688171386719,0.4946445822715759,55.60130310058594,0.058938805013895035,"2522,2266,495,367,2138,3361,763,239,111,3883,2301,3627,2216,1429,2225,4011",52.749874114990234,,,,,0,4.281468868255615,4.514561653137207,7.222495079040527,7.3583478927612305,"0.077,0.859,0.875,0.919,0.959,0.777,1.045,1.032",3331.425048828125,5434.859375,"36.4,2728,1932,2540,2876,1648,5718,9173",12.50949478149414,17.05010414123535,"6.05,11.61,10.02,11.23,11.89,9.571,17.79,21.92","0.2725,1.708,1.448,1.713,1.845,1.375,2.901,3.538","0.9834,1.844,1.547,1.787,1.884,1.56,2.838,3.482",891,0.006550331134349108,2103,0.018461089581251144,"1019,1000,495,367,971,1005,915,946",0.1823263317346573,0.35113525390625,0.33941650390625,"0.457,0.707,0.503,0.785,0.725,0.704,0.749,0.713","1.97,1.8,1.48,1.4,1.29,1.28,1.25,1.22","0.000378,0.011,0.00629,-0.0203,0.0121,-0.0148,-0.00613,0.00409","0,0.023,0,-0.0318,0.0185,-0.0185,0,0","0,0.00841,0.0075,-0.0174,0.00841,-0.0168,-0.00841,0",0.111328125,0.10223161429166794,1,0.14932994544506073,0.0027938843704760075
6,gate_proj,gptq,12800,4096,0,0.0020457077026367187,0.0015133476257324218,110.44061414746102,0.01702663730414361,485.1663818359375,381.90289306640625,361.4699401855469,659.980712890625,633.5433349609375,758.4371337890625,0.8236054182052612,110.26872253417969,0.17237868905067444,"2428,117,1594,686,2787,131,510,628,2537,1398,1370,2179,1493,2580,1184,582",127.42193603515625,,,,,0,328.565673828125,456.646484375,306.3965148925781,354.029541015625,"0.092,0.999,1.058,0.686,0.761,1.010,0.966,1.041",3261.91064453125,3137.1767578125,"229.4,3976,3181,2427,2677,5991,3861,3754",66.95622253417969,60.35314178466797,"91.78,64.18,57.02,59.89,59.03,77.1,64.56,62.08","9.317,19.73,18.03,15.46,16,23.87,19.61,19.44","30.76,19.74,17.53,18.67,18.33,23.75,19.95,19.05",9355,0.0015496097039431334,8614,0.0021049559582024813,"686,2428,3300,1493,2787,2103,2267,1433",0.1874695122241974,0.2589355409145355,0.20845702290534973,"2.12,1.69,1.81,1.53,1.61,1.63,1.29,1.65","15.3,10.9,7.09,6.53,5.52,4.89,4.09,3.82","0.0276,0.0143,-0.0183,0.004,0.00179,-0.0188,0.0131,-0.0297","0.0324,0.0108,-0.0108,0,0,-0.0216,0.0108,-0.0216","0.0299,0.0109,-0.0209,0,0,-0.0209,0.00977,-0.031",0.046875,0.043621037155389786,1,0.6297752261161804,0.039290569722652435
6,up_proj,gptq,12800,4096,0,0.002054615020751953,0.0015333175659179687,106.74162475454796,0.014698094558454038,525.5030517578125,424.5298767089844,402.0334167480469,702.2044067382812,686.376708984375,809.6083984375,0.8236054182052612,106.68975830078125,0.09853273630142212,"2428,1594,117,686,2787,510,131,628,2537,1398,1370,2179,1493,582,1418,1289",127.42193603515625,,,,,0,352.9398498535156,474.94586181640625,340.8845520019531,381.1733703613281,"0.058,0.985,1.053,0.706,0.785,1.025,0.968,1.022",3261.91064453125,3137.1767578125,"229.4,3976,3181,2427,2677,5991,3861,3754",66.95622253417969,60.35314178466797,"91.78,64.18,57.02,59.89,59.03,77.1,64.56,62.08","7.047,20.55,18.62,16.29,16.74,25.23,20.39,20.17","29.33,20.71,18.14,19.38,18.9,24.92,20.72,19.95",10651,0.001360637485049665,772,0.0032581519335508347,"686,2428,3300,1493,2787,2103,2267,1433",0.09506049007177353,0.49845701456069946,0.5753808617591858,"0.572,0.909,0.547,1.08,1,0.699,1.19,1.05","15.3,10.9,7.09,6.53,5.52,4.89,4.09,3.82","0.00179,-0.00623,0.00311,-0.0047,6.44e-05,-0.00175,0.0047,-0.0015","0,-0.00771,0,-0.00771,0,0,0.00771,0","0,-0.00907,0,0,0,0,0,0",0.0517578125,0.060733191668987274,1,0.6175545454025269,0.06210228055715561
6,down_proj,gptq,4096,12800,0,0.002006950378417969,0.001551685333251953,232.3236855769485,0.03271646190947892,666.81494140625,427.3717346191406,21.844045639038086,42.114280700683594,46.40816879272461,42.88555145263672,0.5568473935127258,232.40089416503906,0.0677105113863945,"6816,2743,5151,1704,2562,8114,5085,2135,2146,8869,5869,426,12621,7842,287,7757",138.05657958984375,,,,,0,26.9940128326416,23.991342544555664,19.400035858154297,18.79762840270996,"0.027,1.111,1.253,1.021,1.106,1.438,1.071,1.117",14197.228515625,9707.2373046875,"234.3,1.201e+04,8817,1.442e+04,7960,4.908e+04,1.211e+04,8951",25.7391300201416,23.290225982666016,"21.17,24.51,20.61,27.82,21.16,42.79,25.66,22.19","0.6403,4.819,4.216,5.164,4.015,9.51,4.869,4.197","3.919,4.572,3.767,5.112,3.817,7.929,4.704,3.972",2103,0.0099730109795928,1674,0.0029462736565619707,"6945,1239,772,7443,6009,7643,9558,8490",0.14389601349830627,0.351654052734375,0.353668212890625,"0.684,0.79,0.764,0.602,0.611,0.708,0.733,0.782","3.5,2.62,2.53,2.52,2.34,2.24,2.12,2.07","0.0143,0.0222,-0.0952,-0.0146,-0.00684,0.0265,0.0334,2.26e-05","0,0.0188,-0.109,0,0,0.0333,0.045,0","0.0163,0.0343,-0.109,-0.0269,0,0.0292,0.025,0",0.380859375,0.4352678656578064,1,0.4009336829185486,0.08124522119760513
7,q_proj,gptq,4096,4096,0,0.00205308198928833,0.001481771469116211,59.91553182001917,0.020952893971076456,226.37765502929688,170.446044921875,597.5842895507812,3696.66357421875,1138.6201171875,3459.8701171875,0.9661799073219299,59.648284912109375,0.35621464252471924,"1594,2787,137,1289,510,484,1505,686,312,3300,2705,3570,1418,1361,582,1493",732.0543823242188,,,,,0,556.5762939453125,1474.0740966796875,530.3180541992188,1764.3974609375,"0.765,0.433,0.375,0.344,0.226,0.561,0.370,0.329",2369.1962890625,2295.526123046875,"127.9,2807,2222,2041,1732,4708,2775,2540",169.37998962402344,194.31246948242188,"38.72,177.6,207.4,177.2,192.7,185.5,188.1,187.9","7.051,25.11,27.15,22.62,19.83,30.73,24.85,23.84","8.064,38.18,44.32,38.55,41.68,41.05,40.85,41.58",2738,0.00542088458314538,3059,0.013400593772530556,"484,3300,686,2787,312,1493,3940,1433",1.717781901359558,0.523162841796875,0.518402099609375,"0.613,0.643,0.741,0.641,0.755,0.846,0.843,0.762","87.6,82.8,47.7,42.4,38.6,33.3,31.1,30.7","0.00114,0.00082,-0.00134,-0.00571,0.00754,-0.00452,-0.00952,0.00455","0,0,0,-0.00928,0.00928,-0.00928,-0.00928,0.00928","0,0,0,0,0,0,-0.016,0",0.0751953125,0.07534812390804291,1,1.4596810340881348,0.2312876284122467
7,k_proj,gptq,1024,4096,0,0.0020515918731689453,0.0014841556549072266,21.160946973245927,0.022359533419649448,76.01347351074219,57.14228057861328,201.88131713867188,1283.0499267578125,398.67523193359375,1163.6302490234375,0.9661799073219299,21.088272094726562,0.3666703701019287,"2787,1594,1289,137,510,312,1505,686,3300,484,2705,1418,1361,3570,582,1493",732.0543823242188,,,,,0,189.9215087890625,472.7517395019531,184.03521728515625,580.12890625,"0.791,0.513,0.418,0.409,0.253,0.566,0.350,0.327",2369.1962890625,2295.526123046875,"127.9,2807,2222,2041,1732,4708,2775,2540",169.37998962402344,194.31246948242188,"38.72,177.6,207.4,177.2,192.7,185.5,188.1,187.9","4.196,15.05,16.1,13.85,12.04,17.17,13.94,13.8","4.719,21.02,24.91,21.64,23.92,22.81,23.55,24.13",815,0.012966851703822613,116,0.026351965963840485,"484,3300,686,2787,312,1493,3940,1433",1.4962340593338013,0.4837646484375,0.4473876953125,"0.346,0.366,0.458,0.655,0.452,0.567,0.421,0.644","87.6,82.8,47.7,42.4,38.6,33.3,31.1,30.7","0.00349,0.000252,-2.46e-07,0.00352,-0.000317,0.00735,0.00145,-0.0132","0,0,0,0,0,0,0,-0.0172","0,0,0,0,0,0,0,-0.0157",0.08447265625,0.07392196357250214,1,1.370915174484253,0.4853626787662506
7,v_proj,gptq,1024,4096,0,0.0020084381103515625,0.0014715194702148438,5.8145186057600995,0.014609568395320904,28.894535064697266,23.358219146728516,73.52401733398438,273.9459228515625,126.30777740478516,265.9886169433594,0.9661799073219299,5.795171737670898,0.2112095206975937,"2787,1594,1289,510,312,137,1505,3300,686,2705,1361,484,3570,1418,1493,582",732.0543823242188,,,,,0,64.19925689697266,112.47688293457031,57.971046447753906,141.16738891601562,"0.962,0.649,0.524,0.504,0.366,0.868,0.547,0.511",2369.1962890625,2295.526123046875,"127.9,2807,2222,2041,1732,4708,2775,2540",169.37998962402344,194.31246948242188,"38.72,177.6,207.4,177.2,192.7,185.5,188.1,187.9","1.663,8.986,8.451,7.409,7.031,10.95,8.323,8.068","1.696,11.16,11.67,10.44,11.62,11.76,11.26,11.28",336,0.013599828816950321,43,0.015367616899311543,"484,3300,686,2787,312,1493,3940,1433",0.7064527273178101,0.7066650390625,0.83056640625,"0.109,0.0799,0.0971,0.142,0.134,0.16,0.0967,0.15","87.6,82.8,47.7,42.4,38.6,33.3,31.1,30.7","0.0069,0.000797,-0.000444,0.00282,-0.00946,0.00687,0.000395,0.000504","0.00914,0,0,0,-0.00914,0.00914,0,0","0.00834,0,0,0,-0.00785,0.00977,0,0",0.0341796875,0.03425997495651245,1,0.8198906779289246,0.8121762275695801
7,o_proj,gptq,4096,4096,0,0.00209808349609375,0.0014695525169372559,57.99251333900975,0.03306139812097191,169.0900421142578,102.5509033203125,6.510053634643555,19.010417938232422,12.427995681762695,17.574722290039062,0.7931939959526062,57.79429626464844,0.0554211288690567,"1738,1994,1479,3425,3553,3297,1610,2283,324,3823,3766,452,2411,2813,3169,2155",122.24762725830078,,,,,0,4.687297821044922,6.740428447723389,6.122106552124023,8.553550720214844,"0.138,0.560,0.747,0.597,0.695,0.774,0.824,0.766",2214.224609375,3144.2177734375,"66.25,2524,2247,1594,2512,1882,2816,4072",16.20880889892578,19.142807006835938,"8.459,16.48,15.91,16.32,17.4,16.7,17.06,21.33","0.5159,1.927,2.139,1.943,2.286,2.31,2.491,2.898","1.388,2.575,2.475,2.515,2.744,2.625,2.745,3.31",686,0.005764021072536707,2103,0.04901113361120224,"1479,452,510,417,455,1470,396,444",0.26855286955833435,0.35888671875,0.35272216796875,"0.42,0.533,0.698,0.63,0.678,0.643,0.697,0.683","3.88,3.5,1.94,1.91,1.87,1.77,1.68,1.64","0.0432,0.0223,0.00137,0.0104,0.0157,0.0111,-0.000763,0.000618","0.04,0.0266,0,0.0157,0.0226,0.0133,0,0","0.0416,0.0191,0,0.0128,0.0128,0.0139,0,0",0.08154296875,0.08634459227323532,1,0.17359159886837006,0.022267812862992287
7,gate_proj,gptq,12800,4096,0,0.0020598793029785157,0.0015196418762207032,115.16165777225979,0.017601631710285556,495.33251953125,393.0106201171875,331.5525817871094,628.570556640625,592.1136474609375,702.0433349609375,0.8964480757713318,114.96018981933594,0.1448678970336914,"686,1594,2787,2428,117,2537,510,582,1418,1398,2580,2852,1289,1979,1493,889",123.26927185058594,,,,,0,325.29559326171875,398.88818359375,290.3606262207031,341.234375,"0.114,0.945,0.971,0.763,0.739,1.062,0.896,0.989",3575.4423828125,3174.62255859375,"226.1,4507,3601,2858,2576,7143,4056,3636",63.465206146240234,58.925724029541016,"63.36,66.72,59.38,59.16,56.69,78.7,64.31,59.4","7.042,20.11,18.14,16.19,15.19,25.02,18.99,18.44","20.81,20.68,18.41,18.53,17.67,24.28,20.06,18.55",3817,0.0024626723024994135,7971,0.0027424392756074667,"686,3300,2787,2428,1493,1433,2267,117",0.26220738887786865,0.2815234363079071,0.23393553495407104,"1.91,1.72,1.47,1.59,1.42,1.62,1.3,2.09","14.1,10,6.84,6.67,6.45,5.17,4.61,3.71","0.00977,-0.0227,0.00891,0.00209,0.0488,-0.0106,-0.0457,0.00793","0,-0.0306,0,0,0.0611,0,-0.0306,0","0.0118,-0.0152,0.013,0,0.0483,-0.0161,-0.0458,0.0156",0.126953125,0.14465303719043732,1,0.753849983215332,0.24138782918453217
7,up_proj,gptq,12800,4096,0,0.0020419883728027342,0.0015298843383789063,113.04365654698631,0.01531358275200616,540.5429077148438,438.0211181640625,370.8419189453125,677.9796142578125,644.0906982421875,768.70263671875,0.8964480757713318,112.96818542480469,0.08606404066085815,"686,1594,2787,2428,117,510,2537,582,1418,2852,2580,1398,1289,1979,1493,486",123.26927185058594,,,,,0,355.1865539550781,434.2349853515625,315.68853759765625,374.57025146484375,"0.075,0.927,0.931,0.759,0.742,1.073,0.936,0.960",3575.4423828125,3174.62255859375,"226.1,4507,3601,2858,2576,7143,4056,3636",63.465206146240234,58.925724029541016,"63.36,66.72,59.38,59.16,56.69,78.7,64.31,59.4","5.683,21.17,18.74,16.86,15.93,26.59,20.16,18.94","20.74,21.99,19.42,19.35,18.49,25.67,20.84,19.32",687,0.0015662075020372868,11261,0.0011988197220489383,"686,3300,2787,2428,1493,1433,2267,117",0.13486067950725555,0.5020312666893005,0.5825976729393005,"0.658,0.563,0.97,1.02,1.12,1.01,1.19,0.638","14.1,10,6.84,6.67,6.45,5.17,4.61,3.71","0.00977,0.00256,0.0117,-0.00415,-0.0031,0.0184,-0.00272,-0.00824","0.0151,0,0.0151,0,0,0.0151,0,-0.0151","0.0176,0,0.0173,0,0,0.0156,0,-0.0157",0.07373046875,0.06816992163658142,1,0.6302621364593506,0.1295437216758728
7,down_proj,gptq,4096,12800,0,0.0020110511779785154,0.0015405845642089844,257.0840874303376,0.03593604119573428,712.0009765625,447.7523193359375,22.643735885620117,47.240318298339844,53.80543899536133,51.01202392578125,0.15287253260612488,256.80126953125,0.08167124539613724,"11048,11131,424,508,12718,2601,5037,9123,2501,1069,5565,4600,4416,8352,2959,2884",278.3475341796875,,,,,0,25.56706428527832,23.578100204467773,21.410892486572266,22.102052688598633,"0.032,1.117,1.293,1.085,0.842,1.472,1.064,0.929",12373.0576171875,10185.076171875,"232.5,1.576e+04,1.419e+04,1.046e+04,7729,2.805e+04,1.393e+04,8639",25.631927490234375,25.054100036621094,"18.38,29.05,25.11,23.99,23.24,34.3,27.89,23.1","0.6257,5.711,5.301,4.674,4.063,7.67,5.377,4.163","3.488,5.403,4.662,4.488,4.428,6.323,5.212,4.319",2822,0.005915395449846983,484,0.0316387414932251,"5118,8371,10522,8387,5194,1872,12712,11993",0.24492444097995758,0.4334716796875,0.4345703125,"0.695,0.704,0.602,0.756,0.668,0.736,0.688,0.736","5.83,3.62,3.46,2.97,2.55,2.46,2.24,2.21","-0.00714,-0.0032,-0.0439,0.0107,0.0013,0.0017,0.0172,0.0122","-0.0121,0,-0.0289,0,0,0,0.0156,0.0207","-0.0119,0,-0.0377,0.013,0,0,0.0177,0.00848",0.1884765625,0.15924613177776337,1,0.3125207722187042,0.058231353759765625
8,q_proj,gptq,4096,4096,0,0.0020356178283691406,0.0014677643775939941,60.048081209820964,0.02136062709066192,224.15835571289062,168.5615234375,772.6054077148438,4881.1015625,1326.25390625,4466.25537109375,0.9437584280967712,59.82978439331055,0.3054204285144806,"2787,1594,3300,137,1289,484,1505,510,686,582,312,3570,1418,2705,3768,2852",953.7877807617188,,,,,0,647.211669921875,1883.7236328125,607.0816650390625,2217.83984375,"1.456,0.351,0.336,0.287,0.195,0.532,0.323,0.337",2118.021484375,2000.569091796875,"81.78,2404,1968,1871,1382,4545,2517,2175",199.06558227539062,224.51876831054688,"43.46,216.7,234.7,214.9,217.8,222.2,224.3,218.5","9.35,26.53,27.71,24.24,19.83,34.29,27.15,26.93","7.749,44.78,47.83,45.27,44.92,47.02,47.79,46.41",2288,0.005734540522098541,307,0.01015362236648798,"484,3300,2787,312,686,1433,1493,3940",1.592276930809021,0.55096435546875,0.589996337890625,"0.533,0.558,0.617,0.664,0.663,0.668,0.745,0.742","104,90.9,51.5,50.5,46.7,42.5,32.3,29.7","-0.00516,0.011,-0.00125,-0.00191,-0.00546,-0.00262,-0.0302,0.0239","0,0.0112,0,0,-0.0112,0,-0.0337,0.0225","0,0.0109,0,0,-0.0101,0,-0.0253,0.028",0.068359375,0.06711001694202423,1,1.5013195276260376,1.1757410764694214
8,k_proj,gptq,1024,4096,0,0.0020666122436523438,0.0014622211456298828,21.57075795111149,0.023421515095090325,75.34347534179688,55.65072250366211,261.97454833984375,1656.988037109375,470.6933898925781,1531.581787109375,0.9437584280967712,21.459815979003906,0.32196512818336487,"2787,1594,3300,137,1289,1505,484,510,582,686,312,1418,3768,2705,2852,3570",953.7877807617188,,,,,0,220.663330078125,631.5797119140625,224.61456298828125,767.8236083984375,"1.349,0.365,0.350,0.295,0.190,0.548,0.312,0.351",2118.021484375,2000.569091796875,"81.78,2404,1968,1871,1382,4545,2517,2175",199.06558227539062,224.51876831054688,"43.46,216.7,234.7,214.9,217.8,222.2,224.3,218.5","6.203,15.79,16.41,14.09,11.66,19.55,15.47,15.9","5.341,26.13,27.72,25.94,26.78,26.4,27.69,26.82",499,0.025515561923384666,115,0.0397460050880909,"484,3300,2787,312,686,1433,1493,3940",1.5869656801223755,0.5079345703125,0.491455078125,"0.293,0.315,0.571,0.49,0.407,0.65,0.539,0.463","104,90.9,51.5,50.5,46.7,42.5,32.3,29.7","-0.0703,0.0579,0.0991,0.0938,-0.0728,0.118,-0.0549,-0.118","-0.0672,0.0672,0.101,0.101,-0.0672,0.101,-0.0336,-0.134","-0.0603,0.0498,0.085,0.0804,-0.0624,0.101,-0.0672,-0.101",0.11767578125,0.1344866156578064,1,1.8627535104751587,4.606016635894775
8,v_proj,gptq,1024,4096,0,0.002074003219604492,0.0014388561248779297,6.120741037719434,0.01798515345947744,26.00444793701172,20.540328979492188,88.26132202148438,323.07708740234375,145.50546264648438,301.5002136230469,0.9437584280967712,6.0850830078125,0.21678780019283295,"2787,1594,1289,510,686,137,2705,1418,1505,3300,582,3768,2852,2677,1361,3570",953.7877807617188,,,,,0,70.45770263671875,133.49070739746094,68.49580383300781,147.5194854736328,"1.643,0.527,0.527,0.407,0.326,0.744,0.532,0.569",2118.021484375,2000.569091796875,"81.78,2404,1968,1871,1382,4545,2517,2175",199.06558227539062,224.51876831054688,"43.46,216.7,234.7,214.9,217.8,222.2,224.3,218.5","1.861,9.007,8.691,7.913,6.82,11.56,8.988,8.939","1.452,12.4,11.98,12.4,11.94,13.41,12.33,11.85",175,0.010237199254333973,1010,0.014772933907806873,"484,3300,2787,312,686,1433,1493,3940",0.8003978133201599,0.735595703125,0.8345947265625,"0.0372,0.0493,0.135,0.0642,0.0942,0.121,0.174,0.0836","104,90.9,51.5,50.5,46.7,42.5,32.3,29.7","-0.000801,-0.00203,-0.000448,-0.00269,-0.00145,-0.00103,-0.00124,-0.00769","0,-0.00396,0,-0.00396,-0.00396,0,-0.00396,-0.00792","0,0,0,0,0,0,0,-0.00711",0.03955078125,0.04047134146094322,1,0.6900801062583923,0.17339639365673065
8,o_proj,gptq,4096,4096,0,0.002088010311126709,0.0014421939849853516,57.814695316620146,0.03478648943126927,162.92083740234375,96.05590057373047,4.7512526512146,15.98796558380127,8.34046459197998,12.128796577453613,0.6295144557952881,57.66714096069336,0.06401731818914413,"1424,1168,1602,1858,1730,3855,3842,1040,2891,1986,3863,1801,1545,1296,3727,3714",23.234514236450195,,,,,0,3.515188694000244,4.760072708129883,3.2393033504486084,4.467560768127441,"0.128,0.419,0.523,0.845,0.537,0.695,0.927,0.825",2006.505126953125,1949.27001953125,"44.86,299.4,1001,2897,1287,1367,2573,6583",13.355215072631836,14.07541561126709,"5.919,6.544,12.77,16.58,13.54,13.03,15.15,23.31","0.3405,0.6881,1.437,2.323,1.482,1.653,2.234,3.186","0.9529,1.063,1.988,2.526,2.023,1.982,2.32,3.508",484,0.013328798115253448,510,0.0073337978683412075,"3713,3714,3814,3804,1706,3585,2554,3514",0.29266178607940674,0.344146728515625,0.325531005859375,"0.549,0.738,0.539,0.647,0.641,0.605,0.624,0.646","1.87,1.66,1.55,1.4,1.34,1.31,1.29,1.2","0.0439,0.106,0.0106,-0.0393,-0.0708,-0.0332,-0.00842,-0.0732","0.0536,0.124,0,0,-0.124,-0.0447,0,-0.124","0.0304,0.0912,0,-0.0304,-0.0522,-0.0304,0,-0.0636",0.43359375,0.3716517984867096,5,0.17106293141841888,0.1429598182439804
8,gate_proj,gptq,12800,4096,0,0.002050743103027344,0.001519794464111328,111.57360679974954,0.017541756688386995,480.18487548828125,379.2154235839844,307.0991516113281,598.34716796875,502.8939208984375,606.3628540039062,0.8996472358703613,111.4608383178711,0.12324044853448868,"1594,2787,686,582,2428,2852,3300,510,1418,117,2537,2722,1289,2677,2580,1979",153.4215850830078,,,,,0,259.6121826171875,325.30859375,223.2559051513672,286.1805114746094,"0.136,0.909,0.950,0.751,0.678,1.013,0.859,0.883",3078.48828125,2675.75146484375,"223.8,3663,2908,2657,1907,6556,3635,3077",58.12297821044922,55.065921783447266,"54.65,60.01,53.36,55.47,49.82,74.56,61.14,55.96","6.342,17.62,15.79,14.84,12.55,23.1,17.27,16.36","17.22,18.47,16.2,17.13,15.24,22.94,18.63,17.42",9036,0.0017642213497310877,8941,0.0034952741116285324,"686,3300,2787,1433,1493,2267,2428,1979",0.24710208177566528,0.2973046898841858,0.2635449171066284,"1.6,1.53,1.47,1.45,1.31,1.29,1.49,1.41","11.1,8.98,7.52,6.15,6.13,4.46,4.29,3.72","0.025,-0.0259,-0.0312,-0.012,0.00342,-0.00558,0.0121,-0.041","0.0246,-0.0246,-0.0368,-0.0123,0,0,0.0123,-0.0368","0.0265,-0.0225,-0.0325,-0.0112,0,-0.011,0.0115,-0.0364",0.06396484375,0.073633573949337,1,0.5270692110061646,0.1460055559873581
8,up_proj,gptq,12800,4096,0,0.002055397033691406,0.0015289306640625,115.68361154192826,0.015822248329512834,538.4368286132812,432.2142028808594,352.1256103515625,668.551025390625,565.8602905273438,681.641845703125,0.8996472358703613,115.61399841308594,0.07916386425495148,"1594,2787,686,582,2428,2852,3300,510,1418,2722,2537,117,1289,2677,1979,1493",153.4215850830078,,,,,0,290.1011657714844,363.584716796875,253.24459838867188,324.3875732421875,"0.085,0.884,0.898,0.758,0.688,1.034,0.900,0.865",3078.48828125,2675.75146484375,"223.8,3663,2908,2657,1907,6556,3635,3077",58.12297821044922,55.065921783447266,"54.65,60.01,53.36,55.47,49.82,74.56,61.14,55.96","5.164,18.47,16.52,15.79,13.39,24.84,18.7,16.89","17.75,19.64,17.44,18.13,16.13,24.42,19.72,18.16",10262,0.0014507326995953918,10533,0.001717735081911087,"686,3300,2787,1433,1493,2267,2428,1979",0.14554965496063232,0.4664550721645355,0.5489745736122131,"0.751,0.581,0.912,0.96,1.11,1.17,1.07,0.959","11.1,8.98,7.52,6.15,6.13,4.46,4.29,3.72","0.0151,-0.00211,0.0108,-0.0228,-0.00735,-0.00812,-0.00281,-0.014","0.0167,0,0.00837,-0.0251,-0.00837,-0.00837,0,-0.0167","0.0194,0,0.00806,-0.0296,0,-0.00806,0,-0.01",0.07080078125,0.07956504076719284,1,0.5098192095756531,0.3266392946243286
8,down_proj,gptq,4096,12800,0,0.002004070281982422,0.0015482902526855469,228.96120957401354,0.03220568097446463,667.90576171875,433.37261962890625,21.250564575195312,43.419315338134766,38.037506103515625,37.238128662109375,0.4898248612880707,228.80606079101562,0.06560421735048294,"1315,10201,3105,2575,8125,5298,2388,11359,8556,5736,2780,869,12198,11253,201,9100",82.59819030761719,,,,,0,19.36966896057129,19.381200790405273,15.062929153442383,16.114274978637695,"0.031,0.995,1.051,0.958,0.740,1.372,1.142,1.000",10041.703125,7678.6865234375,"230.1,1.031e+04,7990,8595,5909,2.619e+04,1.174e+04,9372",23.582435607910156,21.731613159179688,"18.98,23.84,20.72,22.86,21.51,32.8,24.92,23.04","0.624,4.423,3.883,4.103,3.444,7.043,4.869,4.234","3.553,4.434,3.787,4.193,4.002,6.012,4.556,4.234",379,0.0043271323665976524,2103,0.0039971196092665195,"3895,7677,706,11987,5980,2186,7827,8524",0.22934651374816895,0.35443115234375,0.363525390625,"0.695,0.701,0.721,0.715,0.643,0.67,0.584,0.691","3.72,3.55,2.83,2.62,2.6,2.59,2.51,2.5","0.00349,0.0118,0.019,-0.0258,0.0461,-0.00638,0.0835,-0.0439","0,0.0271,0.0329,-0.0214,0.028,0,0.0876,-0.0411","0,0,0,-0.0391,0.0472,0,0.0925,-0.0647",0.306640625,0.3504464328289032,1,0.22651781141757965,0.12514285743236542
9,q_proj,gptq,4096,4096,0,0.0020437240600585938,0.0014801025390625,73.54834239792595,0.02448401074875657,249.10159301757812,191.57618713378906,890.013916015625,5399.0654296875,1587.10009765625,4836.9228515625,0.9349737167358398,73.15023803710938,0.29909461736679077,"2787,3300,1594,137,1505,1289,3570,3768,686,582,2705,2852,510,1361,2677,1418",1061.549560546875,,,,,0,718.9359130859375,1982.688232421875,692.5298461914062,2435.9765625,"1.570,0.395,0.395,0.332,0.214,0.501,0.333,0.325",2023.34033203125,1951.508544921875,"75.39,2131,2008,1779,1247,4358,2460,2127",194.70333862304688,223.88931274414062,"35.2,208.8,228.5,210.3,208.3,225.2,226,215.3","8.294,27.99,30.89,26.41,21.09,34.89,28.78,27.51","6.619,44.56,49.17,45.81,45.55,49.29,49.85,48.24",2229,0.013840342871844769,1334,0.012267009355127811,"3300,484,312,2787,1433,686,379,1493",1.300601601600647,0.522369384765625,0.61090087890625,"0.595,0.574,0.69,0.69,0.706,0.687,0.541,0.808","84,64.2,58.2,46.9,46.1,44.2,33.2,33","-0.00253,-0.000326,-0.000584,0.0559,-0.00677,0.0442,-0.000116,0.0618","0,0,0,0.0765,0,0.0765,0,0.0765","0,0,0,0.0479,0,0.0488,0,0.0565",0.267578125,0.2293526977300644,2,2.4807794094085693,0.167758509516716
9,k_proj,gptq,1024,4096,0,0.002062559127807617,0.0014407634735107422,25.876948728551902,0.026244849165111987,83.88623046875,60.95401382446289,302.47735595703125,1767.06591796875,542.95703125,1576.718994140625,0.9349737167358398,25.787002563476562,0.29774731397628784,"3300,2787,1594,137,1505,1289,3768,582,3570,510,686,2705,2852,1418,1361,312",1061.549560546875,,,,,0,239.22381591796875,622.2197265625,232.9230499267578,794.9747314453125,"1.272,0.444,0.417,0.355,0.233,0.478,0.361,0.373",2023.34033203125,1951.508544921875,"75.39,2131,2008,1779,1247,4358,2460,2127",194.70333862304688,223.88931274414062,"35.2,208.8,228.5,210.3,208.3,225.2,226,215.3","5.063,16.78,17.48,15.58,12.86,19.3,15.99,16.26","4.49,25.17,27.06,26.17,26.65,27.9,26.6,26.65",628,0.03220761567354202,435,0.032234493643045425,"3300,484,312,2787,1433,686,379,1493",1.1859956979751587,0.47265625,0.496826171875,"0.336,0.293,0.436,0.571,0.609,0.433,0.551,0.566","84,64.2,58.2,46.9,46.1,44.2,33.2,33","0.0034,0.00156,0.00632,0.00488,-0.0391,-0.00766,-0.000168,-0.0171","0,0,0,0,-0.0279,0,0.0279,-0.0279","0,0,0,0,-0.0419,0,0,0",0.1494140625,0.16744273900985718,1,2.3086555004119873,1.675538420677185
9,v_proj,gptq,1024,4096,0,0.002031087875366211,0.0014483928680419922,4.803525342575268,0.015479203189257839,22.665002822875977,18.11720085144043,75.6995849609375,293.0605163574219,118.02107238769531,285.9017639160156,0.9349737167358398,4.791344165802002,0.147916778922081,"2787,3300,1594,137,1505,1289,3570,582,686,3768,510,2852,2705,1361,1418,2677",1061.549560546875,,,,,0,54.89733123779297,119.82383728027344,52.737144470214844,148.92001342773438,"1.583,0.435,0.476,0.348,0.266,0.706,0.481,0.438",2023.34033203125,1951.508544921875,"75.39,2131,2008,1779,1247,4358,2460,2127",194.70333862304688,223.88931274414062,"35.2,208.8,228.5,210.3,208.3,225.2,226,215.3","1.45,7.612,7.875,7.063,5.648,10.37,8.194,7.781","1.153,11.55,11.42,11.97,10.96,12.35,11.82,11.75",266,0.014095420017838478,823,0.011104208417236805,"3300,484,312,2787,1433,686,379,1493",0.6051287055015564,0.6602783203125,0.85107421875,"0.0446,0.0447,0.0625,0.114,0.118,0.0997,0.0403,0.144","84,64.2,58.2,46.9,46.1,44.2,33.2,33","0.000717,-0.000229,7.44e-05,0.0031,-0.0024,0.00184,-0.000256,-0.000858","0,0,0,0.00352,-0.00352,0,0,0","0,0,0,0,0,0,0,0",0.041015625,0.03727560117840767,1,0.6705631017684937,0.23517365753650665
9,o_proj,gptq,4096,4096,0,0.0020884275436401367,0.0014390945434570312,47.014866518286,0.030217331523317646,143.57559204101562,89.77490234375,6.409818649291992,15.812362670898438,9.438323974609375,13.375682830810547,0.5220613479614258,46.94542694091797,0.06414571404457092,"2117,2501,2373,4012,379,43,2168,251,3756,3984,3884,123,3600,1928,2059,3728",40.0595817565918,,,,,0,3.1746573448181152,4.338489532470703,4.240923881530762,5.971538066864014,"0.106,0.659,0.733,0.738,0.694,0.791,0.782,0.788",1636.509033203125,2393.201171875,"33.68,1426,913.3,1894,1446,1060,2385,3935",13.246692657470703,15.990274429321289,"5.897,13.88,10.53,15.02,13.44,10.5,16.5,20.2","0.3205,1.639,1.333,1.892,1.651,1.423,2.211,2.76","0.9824,2.019,1.557,2.202,1.981,1.599,2.5,3.108",484,0.010752900503575802,3819,0.010497711598873138,"1603,3232,1480,1544,1653,1567,1512,1600",0.17483961582183838,0.323516845703125,0.3089599609375,"0.628,0.626,0.634,0.744,0.701,0.602,0.61,0.585","1.71,1.64,1.54,1.5,1.34,1.31,1.26,1.23","0.0869,-0.102,-0.0201,0.0544,-0.00339,0.0894,-0.0229,-0.0135","0.119,-0.0954,0,0.0954,0,0.0825,0,-0.0261","0.0929,-0.095,0,0.0619,0,0.0929,0,0",0.333984375,0.2862723171710968,2,0.17117536067962646,0.13316822052001953
9,gate_proj,gptq,12800,4096,0,0.002037200927734375,0.001491680145263672,107.81300817790907,0.017483470616335976,466.6053466796875,370.1020202636719,295.52496337890625,608.441162109375,471.74365234375,598.758544921875,0.9095621109008789,107.6181869506836,0.1430790275335312,"2787,582,1594,686,3300,2852,2722,117,2428,1505,1418,1979,2537,1493,3768,510",256.8460388183594,,,,,0,231.986083984375,301.6910400390625,214.1544647216797,288.2073974609375,"0.162,0.818,0.879,0.723,0.626,0.982,0.810,0.852",2769.37451171875,2578.94287109375,"221.7,2876,2835,2395,1717,5911,3358,2843",56.633506774902344,55.95836639404297,"48.86,56.15,55.44,54.65,49.86,72.24,60.19,55.68","6.108,15.51,15.84,14.12,12,21.75,16.45,15.48","15.18,17.15,16.89,16.61,15.18,21.95,18.28,16.77",8862,0.0020443613175302744,12386,0.00426363293081522,"686,3300,1433,2787,1493,312,1979,3768",0.21463894844055176,0.3024609386920929,0.2672168016433716,"1.57,1.49,1.46,1.51,1.39,1.28,1.41,1.41","11.8,10.4,7.79,7.12,6.93,5.53,4.33,4.27","0.0165,-0.0337,-0.00155,-0.0476,0.0102,-0.0366,-0.019,-0.0166","0,-0.0379,0,-0.0379,0,-0.0379,0,-0.0379","0.0184,-0.0377,0,-0.0379,0.0117,-0.0474,-0.0297,-0.024",0.1328125,0.1138392835855484,3,0.5427517890930176,0.0281006321310997
9,up_proj,gptq,12800,4096,0,0.0020545196533203127,0.0015188217163085937,118.10176955431234,0.015638852998080495,556.313232421875,448.1891784667969,361.2564697265625,711.587890625,555.8880004882812,704.8740234375,0.9095621109008789,118.02812194824219,0.09234728664159775,"2787,1594,582,686,3300,2852,2722,2428,117,1505,1418,1979,1493,2537,3768,1289",256.8460388183594,,,,,0,268.259033203125,353.03424072265625,251.87002563476562,340.73455810546875,"0.095,0.822,0.853,0.737,0.612,0.984,0.833,0.805",2769.37451171875,2578.94287109375,"221.7,2876,2835,2395,1717,5911,3358,2843",56.633506774902344,55.95836639404297,"48.86,56.15,55.44,54.65,49.86,72.24,60.19,55.68","5.018,16.69,16.81,15.44,12.87,23.62,18.13,16.4","16.25,18.4,18.21,17.98,16.45,23.82,19.86,18.28",9854,0.0012678467901423573,2606,0.0017120296834036708,"686,3300,1433,2787,1493,312,1979,3768",0.14045077562332153,0.49205076694488525,0.5837597250938416,"0.821,0.62,1.03,0.973,1.18,0.847,1.01,1.06","11.8,10.4,7.79,7.12,6.93,5.53,4.33,4.27","-5.1e-06,-0.00139,0.00488,0.0101,0.00166,0.00616,0.00842,-0.00745","0,0,0,0.0119,0,0,0.0119,-0.0119","0,0,0.00879,0.0102,0,0,0.0102,-0.0112",0.0537109375,0.05088846758008003,1,0.4582480192184448,0.14116792380809784
9,down_proj,gptq,4096,12800,0,0.002001628875732422,0.0015427589416503907,228.60772700512825,0.03120613196771991,690.00244140625,459.22381591796875,25.38967514038086,51.73329544067383,48.50250244140625,50.21588134765625,0.18363231420516968,228.5437469482422,0.05900692939758301,"2283,9545,3036,3066,8329,8212,1292,1167,12056,9353,3244,6,1846,3393,3156,2382",56.941837310791016,,,,,0,22.848360061645508,24.579299926757812,18.09130859375,20.21148681640625,"0.034,0.901,1.043,0.780,0.733,1.150,1.158,1.011",9857.830078125,7848.61181640625,"229.9,1.087e+04,9271,9031,5297,1.828e+04,1.644e+04,9438",25.844491958618164,23.66344451904297,"19.19,28.06,23.96,26.99,21.69,31.83,30.74,24.3","0.668,5.074,4.585,4.531,3.498,6.452,6.269,4.677","3.618,5.347,4.489,5.131,4.085,6.018,5.827,4.651",161,0.0058266217820346355,484,0.004418274387717247,"11903,7733,2634,943,1100,12264,3076,240",0.15058423578739166,0.347320556640625,0.37432861328125,"0.808,0.595,0.641,0.615,0.582,0.684,0.743,0.822","3.02,3.01,2.21,2.2,2.13,2.12,2.1,2.08","0.0101,0.00333,0.00568,0.00613,0.00104,0.00674,-0.0102,0.0145","0.0115,0,0,0,0,0.0132,-0.013,0.0179","0.0135,0,0.00725,0.0107,0,0.00666,-0.00997,0.0118",0.10693359375,0.12192702293395996,1,0.2669807970523834,0.059617944061756134
10,q_proj,gptq,4096,4096,0,0.0020298361778259277,0.001473546028137207,60.91950081435789,0.019525212128333094,242.14715576171875,185.68295288085938,766.029296875,5076.98291015625,1329.61669921875,4631.7333984375,0.9008948802947998,60.67121124267578,0.30066627264022827,"3300,137,2787,1505,1594,582,3570,312,3768,1289,686,1361,2852,1433,2705,2424",1203.333740234375,,,,,0,594.0067138671875,1883.23095703125,572.3360595703125,2295.856201171875,"0.868,0.326,0.326,0.290,0.172,0.453,0.315,0.292",2004.180419921875,1950.5616455078125,"86.49,2143,2229,1629,1182,3911,2587,2264",193.32565307617188,220.17259216308594,"37.67,203.4,227.6,207.1,203.8,225.3,223.2,218.6","6.891,24.68,27.74,24.07,18.47,32.12,26.93,25.47","7.394,43.24,48.59,44.67,44.51,47.71,47.97,47.17",1650,0.009861678816378117,116,0.009371697902679443,"312,3300,484,1433,2787,686,3768,1724",1.5686616897583008,0.5406494140625,0.58807373046875,"0.632,0.596,0.578,0.647,0.584,0.696,0.777,0.795","81.5,79.2,62.4,50.7,38.9,38.6,35.7,33.1","-0.051,-0.0322,0.04,-0.0352,-0.0605,0.0679,-0.0142,-0.00687","-0.0605,-0.0605,0,0,-0.0605,0.0605,0,0","-0.0583,-0.0331,0.0349,-0.0366,-0.0519,0.0582,0,0",0.2119140625,0.1816406399011612,1,1.8340262174606323,1.3427395820617676
10,k_proj,gptq,1024,4096,0,0.002031087875366211,0.00146484375,27.964119667492923,0.024800840838793286,94.35174560546875,70.01545715332031,303.4627685546875,1913.501953125,568.672607421875,1737.3173828125,0.9008948802947998,27.78371238708496,0.36430642008781433,"3300,137,2787,1505,582,1594,3768,1289,312,686,3570,1433,1361,2852,2705,2722",1203.333740234375,,,,,0,243.09613037109375,724.25341796875,244.2075653076172,853.4910888671875,"0.951,0.316,0.401,0.308,0.178,0.482,0.303,0.324",2004.180419921875,1950.5616455078125,"86.49,2143,2229,1629,1182,3911,2587,2264",193.32565307617188,220.17259216308594,"37.67,203.4,227.6,207.1,203.8,225.3,223.2,218.6","4.514,14.63,18.25,15.69,11.85,20.87,16.35,16.97","4.628,26.03,28.83,28.29,28.09,30.05,29.71,29.82",702,0.018736062571406364,563,0.02255968749523163,"312,3300,484,1433,2787,686,3768,1724",2.095250368118286,0.486572265625,0.4405517578125,"0.511,0.374,0.354,0.716,0.674,0.489,0.541,0.555","81.5,79.2,62.4,50.7,38.9,38.6,35.7,33.1","0.0182,0.0398,-0.04,0.0121,0.027,-0.021,0.0177,0.0149","0,0.0474,-0.0474,0,0.0474,-0.0474,0,0","0.0193,0.0341,-0.0458,0.0107,0.0299,-0.0229,0.0133,0.0198",0.166015625,0.1422991156578064,1,1.6217607259750366,0.2538739740848541
10,v_proj,gptq,1024,4096,0,0.0020165443420410156,0.0014526844024658203,4.4775355857782415,0.01533181471842622,21.624666213989258,17.6240234375,67.25970458984375,227.60252380371094,106.64884948730469,227.5396728515625,0.9008948802947998,4.469623565673828,0.17510801553726196,"2787,1594,137,3300,1505,1289,3768,3570,582,1361,2852,312,686,2705,1433,2722",1203.333740234375,,,,,0,47.36868667602539,95.24842834472656,48.157161712646484,113.09098052978516,"0.900,0.492,0.566,0.410,0.319,0.657,0.473,0.499",2004.180419921875,1950.5616455078125,"86.49,2143,2229,1629,1182,3911,2587,2264",193.32565307617188,220.17259216308594,"37.67,203.4,227.6,207.1,203.8,225.3,223.2,218.6","1.325,7.069,7.739,6.341,5.437,9.115,7.456,7.674","1.397,10.08,10.28,9.898,9.634,11.24,10.84,10.86",335,0.01220512855798006,505,0.019920557737350464,"312,3300,484,1433,2787,686,3768,1724",0.7647374272346497,0.7425537109375,0.8656005859375,"0.0505,0.0362,0.0417,0.0951,0.104,0.0821,0.0853,0.113","81.5,79.2,62.4,50.7,38.9,38.6,35.7,33.1","-0.00146,0.000546,0.000299,-0.00139,0.00308,0.000383,0.00204,-0.000751","0,0,0,0,0,0,0,0","0,0,0,0,0,0,0,0",0.033203125,0.033553458750247955,1,0.600680410861969,0.4187518358230591
10,o_proj,gptq,4096,4096,0,0.0020831823348999023,0.0014664530754089355,49.12462649116878,0.031885939915145024,146.3602294921875,89.45753479003906,10.065893173217773,27.80074691772461,14.719942092895508,22.735164642333984,0.7392184734344482,49.07395935058594,0.07565613836050034,"3871,3615,3743,3021,3999,2004,2893,1748,1876,2637,2765,753,881,1620,1294,1102",33.355194091796875,,,,,0,4.856635093688965,8.087400436401367,8.432323455810547,11.882062911987305,"0.088,0.457,0.610,0.536,0.425,0.669,0.732,0.700",1486.630615234375,2597.7958984375,"43.22,472,1308,1315,1248,1565,2453,3489",18.503131866455078,23.061742782592773,"9.613,12.13,17.79,19.39,19.9,19.39,22.21,27.6","0.4558,1.217,2.024,2.103,1.914,2.251,2.829,3.451","1.534,1.8,2.592,2.874,2.937,2.752,3.306,4.124",484,0.020120231434702873,484,0.009941119700670242,"3280,3999,3871,3615,2558,589,567,2475",0.31891730427742004,0.3433837890625,0.292144775390625,"0.572,0.579,0.699,0.721,0.533,0.622,0.63,0.742","2.96,2.55,2.46,2.41,2.33,2.23,2.14,2.02","0.084,-0.0693,-0.0723,-0.0322,0.0527,-0.0197,-0.0304,-0.0869","0,0,-0.155,0,0,0,-0.0444,-0.155","0.0728,-0.0594,-0.0732,-0.0259,0.0583,0,-0.0544,-0.0875",0.54296875,0.4654017984867096,1,0.27153724431991577,0.29279109835624695
10,gate_proj,gptq,12800,4096,0,0.0020376014709472656,0.0014890289306640624,113.94216001442646,0.01832556321171334,478.42572021484375,377.48419189453125,251.76547241210938,551.1986083984375,418.6680603027344,549.7127685546875,0.8933744430541992,113.77616882324219,0.14579351246356964,"582,2787,3300,1594,686,2722,2852,117,3768,2428,1505,2537,1418,1493,2580,1433",295.8380126953125,,,,,0,195.3814697265625,270.02899169921875,183.47262573242188,268.20318603515625,"0.149,0.749,0.902,0.682,0.560,0.933,0.783,0.771",2734.41455078125,2622.051513671875,"221.4,2982,2993,2276,1675,5253,3542,2933",53.32285690307617,53.318050384521484,"46.51,53.96,51.73,50.4,47.34,64.55,58.1,53.98","5.588,14.44,15.1,12.77,10.91,19.01,15.64,14.38","14.47,16.68,15.9,15.46,14.57,19.69,17.68,16.38",3192,0.00168296427000314,2440,0.002992637688294053,"686,3300,1433,2787,1493,1724,3768,2722",0.28656744956970215,0.3360351622104645,0.3233593702316284,"1.52,1.45,1.41,1.43,1.31,1.23,1.36,1.32","10.8,8.88,8.29,6.7,6.47,6.19,6.11,4.34","0.0361,-0.0222,-0.000591,-0.00769,0.00928,-0.0161,0.00069,-0.00668","0.0273,-0.0273,0,0,0,-0.0273,0,0","0.0308,-0.0243,0,-0.0132,0.0157,-0.0112,0,-0.0132",0.095703125,0.0820312574505806,4,0.4475836455821991,0.1703251153230667
10,up_proj,gptq,12800,4096,0,0.00205047607421875,0.0015074920654296875,128.47927574849882,0.01693745008784125,572.6168212890625,457.7087097167969,306.09796142578125,647.1073608398438,497.5910339355469,651.0134887695312,0.8933744430541992,128.35890197753906,0.10775409638881683,"2787,582,3300,1594,686,2722,2852,3768,117,2428,1505,1418,1493,2537,1979,1433",295.8380126953125,,,,,0,232.0928955078125,322.06365966796875,219.390869140625,318.19622802734375,"0.111,0.799,0.879,0.687,0.556,0.929,0.761,0.755",2734.41455078125,2622.051513671875,"221.4,2982,2993,2276,1675,5253,3542,2933",53.32285690307617,53.318050384521484,"46.51,53.96,51.73,50.4,47.34,64.55,58.1,53.98","5.167,16.02,16.17,14.05,11.86,21.07,16.91,15.62","15.52,17.92,17.25,16.95,15.9,21.86,19.38,17.98",3772,0.001850897097028792,5970,0.0017792857252061367,"686,3300,1433,2787,1493,1724,3768,2722",0.20348285138607025,0.4573339819908142,0.5274707078933716,"0.973,0.794,1.12,1.04,1.22,1.13,1.1,1.13","10.8,8.88,8.29,6.7,6.47,6.19,6.11,4.34","-0.0134,-0.0123,0.00482,0.00114,0.0104,0.0217,0.0254,0.0139","-0.0163,-0.0163,0.00813,0,0.00813,0.0244,0.0244,0.0163","-0.0151,-0.0188,0,0,0.0191,0.0247,0.0255,0.0147",0.076171875,0.07596790790557861,1,0.5100592970848083,0.055778320878744125
10,down_proj,gptq,4096,12800,0,0.001997795104980469,0.0015384483337402344,218.1801177511611,0.03000279467112078,687.7276000976562,472.101318359375,28.678537368774414,59.61725616455078,58.97916030883789,59.40318298339844,0.34255164861679077,217.86703491210938,0.06547504663467407,"8722,10149,11503,9160,12022,8733,10497,9614,7056,3312,10315,5922,12361,7126,3675,7723",90.21397399902344,,,,,0,25.66171646118164,29.446630477905273,25.616172790527344,28.362403869628906,"0.037,0.801,1.221,0.787,0.638,0.931,1.061,0.995",10093.400390625,9673.390625,"228.6,1.256e+04,1.252e+04,8683,5630,1.446e+04,1.591e+04,1.076e+04",27.789321899414062,27.50244903564453,"18.92,32.27,26.83,27.32,25.48,32.43,31.81,27.26","0.7028,5.635,5.679,4.666,3.984,6.043,6.296,5.195","3.643,6.295,5.139,5.259,4.987,6.265,6.113,5.207",379,0.015344883315265179,379,0.028537318110466003,"11500,206,7958,10061,8064,5044,3379,7096",0.29116949439048767,0.371612548828125,0.409454345703125,"0.592,0.802,0.709,0.522,0.712,0.676,0.589,0.523","5.89,5.35,5.27,4.55,3.68,3.01,2.82,2.67","-0.000801,-0.028,-0.0217,0.0157,0.00421,0.0129,0.00577,0.004","0,-0.0275,0,0,0,0,0,0","0,-0.0202,-0.0273,0.0206,0,0,0,0",0.412109375,0.3532366156578064,2,0.49352309107780457,0.8424980044364929
11,q_proj,gptq,4096,4096,0,0.0020431876182556152,0.0014685988426208496,68.11345800823331,0.024014584377332813,237.2711181640625,187.147216796875,917.6217651367188,5882.2265625,1776.480712890625,5308.0546875,0.9126421809196472,67.53315734863281,0.3175874352455139,"3300,2787,137,3768,582,1594,1505,1289,2852,3570,1361,2705,312,64,2722,686",1278.448974609375,,,,,0,694.138916015625,2198.412109375,761.6556396484375,2650.669189453125,"0.942,0.312,0.388,0.301,0.182,0.357,0.301,0.336",1898.3226318359375,2084.30322265625,"84.11,2006,2331,1668,1170,3210,2480,2238",209.63539123535156,238.9363250732422,"42.06,215.6,236,222.1,222.7,247.6,250.4,240.7","7.93,26.04,31.67,26.83,20.59,31.27,28.71,29.37","8.172,46.65,50.87,48.9,48.21,52.35,52.31,50.64",2810,0.013050591573119164,2483,0.01281060092151165,"312,3300,484,1433,3768,1724,686,2787",1.8832135200500488,0.533111572265625,0.59991455078125,"0.63,0.576,0.553,0.653,0.725,0.737,0.665,0.65","81.8,74.8,63.4,54.6,49,45.1,39.5,38.5","-0.0014,-0.00781,0.000843,-0.0211,0.0119,0.00748,-0.00261,-0.0155","0,0,0,0,0,0,0,0","0,0,0,-0.025,0,0,0,-0.0202",0.220703125,0.1891741156578064,2,2.3519022464752197,0.555008590221405
11,k_proj,gptq,1024,4096,0,0.002070188522338867,0.0014548301696777344,23.475123957509,0.023824858159248896,83.50851440429688,62.89318084716797,322.0654296875,1939.4505615234375,614.8052978515625,1789.587890625,0.9126421809196472,23.366714477539062,0.30483296513557434,"3300,2787,137,3768,1505,582,1594,1289,3570,686,2852,312,1433,64,2705,2722",1278.448974609375,,,,,0,255.88328552246094,752.455810546875,254.26113891601562,935.385498046875,"0.998,0.337,0.441,0.350,0.187,0.407,0.330,0.304",1898.3226318359375,2084.30322265625,"84.11,2006,2331,1668,1170,3210,2480,2238",209.63539123535156,238.9363250732422,"42.06,215.6,236,222.1,222.7,247.6,250.4,240.7","4.921,15.83,19.22,16.47,12.29,19.51,17.59,17.05","4.926,27.28,28.94,27.84,28.44,30.59,30.62,30.94",756,0.020710594952106476,627,0.04983847215771675,"312,3300,484,1433,3768,1724,686,2787",1.9367728233337402,0.4677734375,0.4822998046875,"0.452,0.334,0.309,0.653,0.487,0.508,0.464,0.568","81.8,74.8,63.4,54.6,49,45.1,39.5,38.5","-0.0076,-0.00183,0.00418,-0.0114,0.0152,-0.000496,-0.0228,-0.00616","0,0,0,-0.0294,0.0294,0,-0.0294,0","0,0,0,0,0.0278,0,-0.0303,0",0.1591796875,0.18032051622867584,1,1.7679755687713623,3.7301113605499268
11,v_proj,gptq,1024,4096,0,0.0020401477813720703,0.0014715194702148438,4.857177684618961,0.015402536267195307,23.32048797607422,18.71294403076172,87.08174133300781,321.91656494140625,142.4779052734375,322.3387451171875,0.9126421809196472,4.84609842300415,0.15448138117790222,"3300,2787,137,3768,1505,582,1594,1289,3570,2852,64,686,312,2722,1361,1433",1278.448974609375,,,,,0,60.40888595581055,134.45648193359375,63.64689636230469,164.182373046875,"0.926,0.439,0.562,0.389,0.267,0.635,0.428,0.397",1898.3226318359375,2084.30322265625,"84.11,2006,2331,1668,1170,3210,2480,2238",209.63539123535156,238.9363250732422,"42.06,215.6,236,222.1,222.7,247.6,250.4,240.7","1.603,7.841,8.808,7.394,6.252,10.44,8.534,8.131","1.666,11.84,11.75,11.85,12.09,13.09,13.04,12.9",385,0.015097125433385372,562,0.011182306334376335,"312,3300,484,1433,3768,1724,686,2787",0.6378713846206665,0.666748046875,0.8343505859375,"0.0613,0.0456,0.0395,0.119,0.107,0.133,0.108,0.146","81.8,74.8,63.4,54.6,49,45.1,39.5,38.5","-0.00105,-0.000938,-0.000435,-0.00671,0.00249,0.00148,0.00571,-0.00282","0,0,0,-0.00548,0,0,0.00548,0","0,0,0,-0.00827,0,0,0.0097,0",0.038330078125,0.04423343390226364,1,0.7681815028190613,1.107831597328186
11,o_proj,gptq,4096,4096,0,0.0020734071731567383,0.0014505386352539062,50.208049442779156,0.03185139125031048,150.7530517578125,91.25181579589844,11.416877746582031,38.220458984375,16.908308029174805,29.561702728271484,0.5902428030967712,50.14117431640625,0.05617397278547287,"2754,193,449,65,3574,3446,321,3190,4072,2798,2420,1015,2926,2626,3819,2797",33.555519104003906,,,,,0,3.405134677886963,6.664420127868652,7.385750770568848,12.601221084594727,"0.107,0.402,0.443,0.557,0.490,0.423,0.504,0.651",826.0098876953125,1756.928466796875,"50.8,294.9,370.6,1318,1118,662.5,927.4,1866",16.72829818725586,23.649017333984375,"9.175,12.14,13.21,21.24,20.05,16.03,18.27,23.71","0.4632,1.142,1.305,2.319,2.094,1.57,1.935,2.837","1.414,1.8,1.961,3.108,2.993,2.414,2.725,3.516",64,0.007438607048243284,64,0.005253545008599758,"2195,2242,2283,2215,449,321,2185,2232",0.23129846155643463,0.338226318359375,0.31231689453125,"0.598,0.612,0.593,0.602,0.698,0.701,0.568,0.579","2.82,2.75,2.47,2.2,2.13,2.02,1.94,1.9","0.0337,0.00583,-0.00464,-0.0122,-0.0142,-0.027,-0.00452,0.00123","0.0411,0,0,-0.0232,-0.0232,-0.0232,0,0","0.0272,0,0,-0.0136,-0.0232,-0.0388,0,0",0.1357421875,0.12315544486045837,1,0.18063339591026306,0.21690823137760162
11,gate_proj,gptq,12800,4096,0,0.00204833984375,0.00149658203125,114.75057083985303,0.01855513186341516,482.80670166015625,378.44873046875,235.25918579101562,511.827392578125,412.27423095703125,529.9625244140625,0.8632602691650391,114.50800323486328,0.13808715343475342,"3300,2787,582,1594,2722,686,3768,2852,117,1433,1505,1493,2428,2677,1289,1418",302.29071044921875,,,,,0,180.1444091796875,250.23736572265625,187.86361694335938,269.5710144042969,"0.140,0.815,0.915,0.688,0.542,0.880,0.776,0.756",2719.904052734375,2872.72021484375,"223.5,2913,3415,2361,1671,4551,3524,3101",51.16390609741211,53.299903869628906,"43.1,50.51,51.24,49.39,46.37,59.66,55.76,53.28","5.069,13.73,15.08,12.59,10.48,17.18,15.17,14.35","13.57,15.21,15.77,15.18,14.24,18.32,17.22,16.51",1039,0.0031976234167814255,12011,0.002759896917268634,"686,1433,1724,3768,3300,1493,2787,484",0.31063923239707947,0.34181639552116394,0.3323437571525574,"1.46,1.34,1.24,1.32,1.37,1.31,1.35,1.25","9.07,8.58,7.3,7.02,6.65,6.22,5.64,5.18","0.0288,0.000832,-0.00696,-0.0278,-0.0378,0.014,-0.0162,0.0342","0,0,-0.0485,-0.0485,-0.0485,0,0,0.0485","0.0438,0,0,-0.0208,-0.0306,0.0202,-0.0215,0.0283",0.169921875,0.1456473171710968,2,0.5927126407623291,0.16201052069664001
11,up_proj,gptq,12800,4096,0,0.002041778564453125,0.0015160560607910157,130.5017893977929,0.017156806291479646,577.4909057617188,455.5633850097656,285.25494384765625,603.03564453125,493.3487548828125,629.7261962890625,0.8632602691650391,130.32791137695312,0.10486318171024323,"2787,3300,1594,582,2722,686,3768,2852,1505,1433,117,2428,1493,2677,1289,1418",302.29071044921875,,,,,0,216.78860473632812,293.244384765625,225.7018280029297,316.62030029296875,"0.114,0.843,0.953,0.691,0.559,0.920,0.807,0.748",2719.904052734375,2872.72021484375,"223.5,2913,3415,2361,1671,4551,3524,3101",51.16390609741211,53.299903869628906,"43.1,50.51,51.24,49.39,46.37,59.66,55.76,53.28","4.868,15.37,16.65,13.84,11.59,18.82,16.68,15.47","14.42,16.74,17.06,16.64,15.5,19.62,18.57,17.89",12575,0.0020396201871335506,7075,0.0013841986656188965,"686,1433,1724,3768,3300,1493,2787,484",0.21148179471492767,0.4417382776737213,0.5050976276397705,"1.09,1.17,1.15,1.14,0.888,1.21,1.15,0.857","9.07,8.58,7.3,7.02,6.65,6.22,5.64,5.18","-0.000927,0.00227,-0.00032,-0.00156,0.00147,0.00192,0.0014,-0.00571","0,0,0.00513,0,0,0.00513,0,-0.0103","0,0,0,0,0,0,0,-0.0112",0.06787109375,0.06517107784748077,1,0.5233432054519653,0.09852907061576843
11,down_proj,gptq,4096,12800,0,0.0020137786865234374,0.0015340995788574218,203.81797625793715,0.028055294707589797,665.568359375,468.33428955078125,29.726089477539062,62.94306564331055,67.29139709472656,67.30686950683594,0.265720933675766,203.50975036621094,0.05747734755277634,"10224,2424,2129,8776,11228,9644,2833,382,2494,4141,5450,10354,8272,9653,9932,9982",69.389404296875,,,,,0,24.962398529052734,28.53122329711914,29.414398193359375,31.100154876708984,"0.036,0.902,1.012,0.832,0.712,1.055,0.964,0.959",9181.9609375,10770.67578125,"229.2,9969,9550,1.004e+04,4727,1.384e+04,1.317e+04,1.193e+04",27.61767578125,29.09061050415039,"19.55,29.53,26.04,29.87,23.71,31.25,30.57,30.42","0.7264,5.258,5.091,5.181,3.779,6.193,5.816,5.684","3.806,5.537,5.06,5.681,4.479,6.031,5.924,5.805",2756,0.00815519131720066,379,0.008612804114818573,"3866,7006,6313,2123,3187,8951,7235,7784",0.20126736164093018,0.33734130859375,0.36712646484375,"0.674,0.64,0.654,0.665,0.788,0.696,0.632,0.762","5.63,3.28,2.98,2.93,2.82,2.69,2.53,2.36","0.0051,0.00916,0.000946,-0.00781,0.00543,0.0083,0.00867,-0.00604","0,0,0,-0.00943,0.0108,0.00916,0.0167,-0.00954","0,0.00736,0,-0.0108,0.00729,0.0136,0.013,-0.00844",0.2470703125,0.2313513457775116,1,0.34124863147735596,0.14358490705490112
12,q_proj,gptq,4096,4096,0,0.0020415186882019043,0.0014668107032775879,67.3705040272297,0.0247247378112578,230.98680114746094,176.75177001953125,1237.431640625,7292.1298828125,2375.840576171875,6273.06396484375,0.921117901802063,67.0142822265625,0.3347475826740265,"3300,2787,3768,137,1505,582,1594,1289,484,2852,64,686,1433,2722,1361,2677",1434.3958740234375,,,,,0,923.5724487304688,2626.892578125,1018.2068481445312,3168.87744140625,"1.024,0.388,0.423,0.381,0.187,0.393,0.322,0.348",1802.636962890625,2058.669921875,"75.92,2119,2064,1711,1069,2868,2356,2158",242.77273559570312,277.40673828125,"46,252.1,270.6,253.5,255.9,286.7,297.5,279.7","8.7,31.62,35.57,31.76,22.78,35.94,33.33,33.43","8.597,50.75,54.7,51.44,52.68,57.34,58.71,56.71",3511,0.015398991294205189,4020,0.00949880201369524,"484,312,3300,1433,3768,1724,686,2787",1.8305983543395996,0.53961181640625,0.62176513671875,"0.432,0.522,0.457,0.655,0.638,0.674,0.631,0.669","109,76.3,73.1,66.1,65.8,53.6,47.3,38","-0.00516,0.00101,-0.00127,0.00141,-0.0154,0.0187,-0.000381,-0.054","0,0,0,0,0,0,0,-0.0731","0,0,0,0,-0.0177,0.0146,0,-0.0603",0.255859375,0.2193080484867096,3,2.8270530700683594,2.645289897918701
12,k_proj,gptq,1024,4096,0,0.0020363330841064453,0.0014929771423339844,22.143116195531682,0.025089142613963607,76.33013916015625,57.617671966552734,408.9481201171875,2366.07861328125,776.257568359375,2082.668701171875,0.921117901802063,22.112611770629883,0.3249892592430115,"3300,582,1505,137,3768,2787,1289,1594,64,484,2852,1433,686,2705,2722,1361",1434.3958740234375,,,,,0,298.56414794921875,867.37353515625,329.6801452636719,1083.147216796875,"0.853,0.397,0.448,0.329,0.192,0.363,0.293,0.381",1802.636962890625,2058.669921875,"75.92,2119,2064,1711,1069,2868,2356,2158",242.77273559570312,277.40673828125,"46,252.1,270.6,253.5,255.9,286.7,297.5,279.7","5.175,17.86,19.83,17.61,13.22,20.93,18.3,19.8","5.604,28.33,29.62,30.69,30.14,34.71,33.81,32.07",178,0.029668714851140976,383,0.022505130618810654,"484,312,3300,1433,3768,1724,686,2787",1.6923084259033203,0.4259033203125,0.453369140625,"0.278,0.422,0.298,0.595,0.47,0.483,0.439,0.462","109,76.3,73.1,66.1,65.8,53.6,47.3,38","0.000645,0.0172,-0.00296,0.0062,0.00121,0.0233,-0.0101,-0.00531","0,0.0283,0,0,0,0.0283,0,0","0,0.0204,0,0,0,0.0205,0,0",0.1142578125,0.1132812574505806,1,2.27642560005188,1.7240253686904907
12,v_proj,gptq,1024,4096,0,0.002051830291748047,0.0014214515686035156,3.9325386847819637,0.015687814683129728,18.737930297851562,15.036826133728027,95.09086608886719,363.0523681640625,161.78616333007812,366.0999755859375,0.921117901802063,3.921053409576416,0.18039099872112274,"3300,2787,3768,1505,137,1594,1289,582,64,2852,1433,686,484,2722,1361,2705",1434.3958740234375,,,,,0,63.260292053222656,146.66250610351562,71.71090698242188,193.24423217773438,"1.088,0.441,0.493,0.417,0.245,0.556,0.394,0.442",1802.636962890625,2058.669921875,"75.92,2119,2064,1711,1069,2868,2356,2158",242.77273559570312,277.40673828125,"46,252.1,270.6,253.5,255.9,286.7,297.5,279.7","1.671,8.378,8.639,7.898,6.093,10.17,8.715,8.921","1.601,12.62,12.3,12.22,12.32,13.64,13.89,13.42",834,0.010002024471759796,557,0.011946973390877247,"484,312,3300,1433,3768,1724,686,2787",0.6566722393035889,0.664794921875,0.82861328125,"0.0319,0.0549,0.0397,0.112,0.106,0.142,0.0898,0.151","109,76.3,73.1,66.1,65.8,53.6,47.3,38","0.000523,-0.000127,0.0024,0.00244,-0.002,0.0038,0.00235,0.00418","0,0,0,0,0,0.00858,0,0","0,0,0,0,0,0.00677,0,0.0067",0.030517578125,0.03274518996477127,1,0.6093535423278809,0.4338672459125519
12,o_proj,gptq,4096,4096,0,0.002090275287628174,0.0014579296112060547,48.52192270362775,0.03461830407202767,146.87722778320312,80.7933120727539,11.74456787109375,32.776588439941406,12.694780349731445,21.00386619567871,0.523422360420227,48.435340881347656,0.06608091294765472,"948,2597,692,1198,2981,2853,1454,2725,1326,2549,1070,2465,2165,1323,937,2081",63.93648147583008,,,,,0,2.4644765853881836,4.255865097045898,3.29183292388916,6.230167865753174,"0.118,0.592,0.955,0.620,0.478,0.397,0.498,0.515",582.35888671875,593.6168212890625,"37.04,647.1,1547,606.5,350.1,296.2,552.2,623",14.502156257629395,17.430044174194336,"9.398,13.87,20.71,14.51,13.26,13.07,15.15,16.06","0.4956,1.447,2.518,1.652,1.32,1.203,1.528,1.668","1.444,1.881,2.576,2.098,1.91,1.909,2.166,2.325",484,0.010725914500653744,379,0.02493065595626831,"2782,2597,2337,2081,2853,2465,2209,2981",0.30633801221847534,0.3759765625,0.3330078125,"0.662,0.567,0.733,0.544,0.447,0.607,0.779,0.654","2.2,1.96,1.91,1.9,1.88,1.87,1.86,1.57","-0.266,-0.118,-0.0417,-0.107,-0.247,-0.0278,-0.0393,-0.0957","-0.247,-0.123,0,-0.123,-0.247,0,-0.123,-0.123","-0.247,-0.101,-0.0285,-0.123,-0.212,-0.0347,-0.0262,-0.082",0.431640625,0.3699777126312256,2,0.13673783838748932,0.23220348358154297
12,gate_proj,gptq,12800,4096,0,0.0020424461364746092,0.0014823150634765624,113.46058448911936,0.018645237327253823,477.74090576171875,376.39422607421875,258.3836975097656,569.5557861328125,463.924072265625,575.272705078125,0.8779549598693848,113.20184326171875,0.1530112475156784,"3300,582,2787,2722,1594,3768,686,2852,117,1433,1505,2428,1493,1979,1289,2580",381.8543701171875,,,,,0,194.70327758789062,264.99188232421875,213.83448791503906,286.1607666015625,"0.145,0.830,0.914,0.724,0.554,0.884,0.782,0.798",2645.624755859375,2909.498046875,"222.4,3092,3172,2470,1559,4162,3365,3122",52.55980682373047,55.179237365722656,"44.91,53.53,52.29,50.71,46.2,60.54,57.47,54.84","5.357,14.97,15.58,13.48,10.65,17.38,15.51,14.98","14.06,16.43,16.29,15.84,14.32,18.49,17.55,16.77",6832,0.004271773621439934,3595,0.004652048461139202,"1433,686,3768,1724,3300,2787,1493,2722",0.3577432632446289,0.3485058546066284,0.33656248450279236,"1.37,1.47,1.32,1.27,1.45,1.43,1.31,1.34","8.66,8.34,7.85,7.53,6.65,5.84,5.75,5.14","-0.0408,0.0153,0.0133,-0.0386,-0.0579,-0.05,-0.0104,0.0167","-0.0366,0,0,-0.0366,-0.0731,-0.0366,0,0.0366","-0.043,0.0191,0.0251,-0.0441,-0.0498,-0.0511,0,0.017",0.1279296875,0.1096540242433548,3,0.6962190866470337,0.12077345699071884
12,up_proj,gptq,12800,4096,0,0.0020594406127929688,0.0015091705322265625,128.92681120700945,0.017007267215498684,577.00927734375,456.29290771484375,316.4278564453125,654.7381591796875,552.109375,672.792724609375,0.8779549598693848,128.79254150390625,0.10868876427412033,"3300,582,2787,2722,1594,3768,686,2852,117,1433,1505,2428,1493,1979,1289,1418",381.8543701171875,,,,,0,231.85484313964844,307.20831298828125,252.72857666015625,333.88153076171875,"0.107,0.867,0.927,0.767,0.577,0.890,0.813,0.823",2645.624755859375,2909.498046875,"222.4,3092,3172,2470,1559,4162,3365,3122",52.55980682373047,55.179237365722656,"44.91,53.53,52.29,50.71,46.2,60.54,57.47,54.84","4.921,16.65,16.67,14.64,11.66,18.97,17.14,16.48","15.07,17.88,17.31,16.72,15.36,20.1,19.02,18.17",10542,0.0014784076483920217,12782,0.0012955393176525831,"1433,686,3768,1724,3300,2787,1493,2722",0.24090774357318878,0.45417967438697815,0.5079589486122131,"1.12,1.03,1.08,1.12,0.768,1.1,1.21,1.11","8.66,8.34,7.85,7.53,6.65,5.84,5.75,5.14","0.00119,-0.00705,0.00296,0.00543,-0.00269,0.00488,0.00443,-0.00439","0,-0.00781,0,0,0,0.00781,0,-0.00781","0,0,0,0,0,0,0,0",0.058837890625,0.06833192706108093,1,0.44828715920448303,0.39328712224960327
12,down_proj,gptq,4096,12800,0,0.0020003509521484375,0.0015354156494140625,216.61533233827595,0.02978446512782364,684.9560546875,476.25885009765625,35.447898864746094,74.14375305175781,71.50456237792969,73.13490295410156,0.3874615430831909,216.4757080078125,0.1270093470811844,"10343,1219,8561,10858,6510,23,3605,2037,2804,2302,4889,10548,419,3107,6082,10837",40.433555603027344,,,,,0,26.92547607421875,32.45507049560547,30.521005630493164,33.546958923339844,"0.017,0.976,1.065,0.895,0.628,0.959,1.085,0.961",8160.375,9264.701171875,"234.4,9798,9833,8690,3581,1.201e+04,1.128e+04,9862",29.213041305541992,29.933292388916016,"30.13,29.39,29,30.2,22.67,33.14,29.39,29.8","0.7783,5.535,5.773,5.527,3.498,6.299,6.008,5.682","5.921,5.604,5.595,5.843,4.415,6.433,5.767,5.797",2035,0.006199964787811041,1711,0.003675406565889716,"23,3915,4391,4927,10343,10803,2155,10919",0.17201021313667297,0.358551025390625,0.40679931640625,"0.643,0.703,0.557,0.624,0.705,0.653,0.659,0.684","3.59,3.01,2.99,2.65,2.61,2.1,1.96,1.89","-0.00282,0.0432,0.000448,-0.00696,-0.011,-0.00644,-0.00142,0.00121","0,0.039,0,0,-0.0102,-0.0136,0,0","0,0.0407,0,0,-0.0102,-0.0122,0,0",0.1396484375,0.12102140486240387,1,0.275407075881958,0.19328643381595612
13,q_proj,gptq,4096,4096,0,0.0020632147789001465,0.001475989818572998,63.54937764142753,0.02340651635493322,226.51300048828125,171.74075317382812,1086.108154296875,5613.4482421875,2041.167724609375,4925.13916015625,0.897627592086792,63.228546142578125,0.3153296411037445,"3300,2787,137,3768,1505,582,484,1594,1289,64,1361,1433,2722,3570,2852,686",1183.6375732421875,,,,,0,782.8287353515625,2056.93212890625,913.1907348632812,2491.05029296875,"0.760,0.425,0.513,0.378,0.207,0.391,0.341,0.394",1996.25439453125,2303.8251953125,"98.92,2362,2678,1947,1163,2822,2444,2455",206.5120849609375,240.78286743164062,"43.69,213.8,230.7,219.5,219.1,239.3,248.3,237.7","7.401,29.49,34.71,28.65,21.27,31.78,29.71,31.1","8.488,45.25,48.47,46.61,46.75,50.84,50.9,49.52",3129,0.010327630676329136,2994,0.018204057589173317,"484,3768,312,1433,1724,3300,686,2705",1.7192559242248535,0.487548828125,0.552459716796875,"0.591,0.737,0.641,0.652,0.746,0.611,0.686,0.874","74.2,65.5,63.5,58.5,56.7,50.2,36,33.6","0.000885,0.00233,-0.00571,0.0104,0.0145,0.0011,-0.00253,0.0187","0,0,0,0,0,0,0,0","0,0,0,0,0.0181,0,0,0.0204",0.251953125,0.28555870056152344,1,2.161907434463501,1.3213918209075928
13,k_proj,gptq,1024,4096,0,0.0020542144775390625,0.0014891624450683594,25.634037881333434,0.03028905351721188,78.84732818603516,59.05051803588867,384.260986328125,2123.717529296875,732.5999755859375,1926.058837890625,0.897627592086792,25.44296646118164,0.3811715543270111,"3300,2787,1505,3768,582,137,1594,484,1289,1433,64,1361,2852,686,2722,2705",1183.6375732421875,,,,,0,286.97796630859375,818.1614990234375,326.9080810546875,946.14208984375,"0.803,0.442,0.571,0.320,0.193,0.302,0.280,0.393",1996.25439453125,2303.8251953125,"98.92,2362,2678,1947,1163,2822,2444,2455",206.5120849609375,240.78286743164062,"43.69,213.8,230.7,219.5,219.1,239.3,248.3,237.7","4.94,18.19,21.8,16.72,13.56,17.49,17.78,19.49","5.513,27.35,28.84,29.57,30.86,31.81,33.62,31.08",889,0.0471826009452343,306,0.07497640699148178,"484,3768,312,1433,1724,3300,686,2705",2.029571056365967,0.4200439453125,0.399658203125,"0.41,0.534,0.572,0.704,0.551,0.417,0.53,0.571","74.2,65.5,63.5,58.5,56.7,50.2,36,33.6","-0.0114,0.00418,-0.0283,0.0217,-0.0518,0.019,0.00595,-0.0273","-0.0472,0,0,0,-0.0472,0,0,-0.0472","0,0,-0.0301,0.0219,-0.0672,0.0374,0,-0.0276",0.1650390625,0.1414620578289032,7,2.9450125694274902,1.1892013549804688
13,v_proj,gptq,1024,4096,0,0.0020477771759033203,0.0014946460723876953,6.049213550822002,0.01740106039148973,26.938495635986328,21.29210662841797,127.25487518310547,369.51190185546875,214.31591796875,378.54315185546875,0.897627592086792,6.036259651184082,0.16505496203899384,"2787,3768,1505,3300,137,1594,1289,64,582,1361,1433,2852,2722,2705,686,3570",1183.6375732421875,,,,,0,84.27300262451172,151.55538940429688,99.8141860961914,196.00106811523438,"1.136,0.673,0.659,0.502,0.289,0.610,0.549,0.591",1996.25439453125,2303.8251953125,"98.92,2362,2678,1947,1163,2822,2444,2455",206.5120849609375,240.78286743164062,"43.69,213.8,230.7,219.5,219.1,239.3,248.3,237.7","1.784,10.41,10.74,9.156,6.947,10.7,9.892,10.14","1.674,12.7,13.22,12.92,12.92,13.7,13.35,13.2",893,0.015112675726413727,535,0.01906348206102848,"484,3768,312,1433,1724,3300,686,2705",0.8208262920379639,0.7109375,0.8597412109375,"0.0325,0.0938,0.0511,0.105,0.115,0.0423,0.101,0.144","74.2,65.5,63.5,58.5,56.7,50.2,36,33.6","0.00108,7.06e-05,-0.00172,0.00262,0.00702,-0.0013,-0.000549,0.000124","0,0,0,0,0,0,0,0","0,0,0,0,0.00722,0,0,0",0.04931640625,0.0563616082072258,1,0.8540318012237549,0.2719368636608124
13,o_proj,gptq,4096,4096,0,0.002086341381072998,0.0014437437057495117,53.10547462241084,0.03178349702203552,159.61378479003906,95.73210906982422,16.845552444458008,47.29431915283203,18.141223907470703,28.894596099853516,0.5763171911239624,52.995452880859375,0.049541082233190536,"3130,1105,545,1839,291,3796,4052,1233,419,1967,1489,3924,3110,673,690,3668",20.560958862304688,,,,,0,5.477153778076172,9.594013214111328,7.533356666564941,14.006640434265137,"0.148,0.701,0.841,0.498,0.561,0.478,0.472,0.478",985.571533203125,1397.42431640625,"52.84,912.9,2281,1224,692.7,513,884.5,1324",19.997730255126953,24.757272720336914,"9.777,18.83,26.94,24.07,17.73,16.47,20.62,25.54","0.595,2.309,3.535,2.551,2.035,1.698,2.193,2.701","1.548,2.757,3.854,3.614,2.718,2.455,3.19,3.905",484,0.0692485049366951,484,0.012570503167808056,"1839,1967,818,1583,1105,695,1367,1711",0.10171880573034286,0.37725830078125,0.374908447265625,"0.725,0.623,0.264,0.643,0.57,0.636,0.767,0.623","1.97,1.81,1.77,1.68,1.46,1.46,1.4,1.37","-0.131,-0.0219,0.0148,-0.052,-0.146,0.0603,-0.0576,-0.0249","-0.205,0,0,0,-0.205,0.0547,-0.0687,0","-0.112,0,0,-0.0598,-0.125,0.0647,-0.0759,-0.0244",0.71875,0.6160714626312256,1,0.5355710387229919,0.30476224422454834
13,gate_proj,gptq,12800,4096,0,0.002037220001220703,0.0014911460876464843,108.89676931570284,0.01808150581518575,471.0863342285156,370.96295166015625,261.43402099609375,553.86572265625,460.3559265136719,560.1509399414062,0.8141169548034668,108.72782897949219,0.15076924860477448,"3300,582,2787,2722,1594,3768,686,117,2852,1505,1433,1493,2428,1979,2537,2580",293.5408630371094,,,,,0,190.91015625,256.3433532714844,211.98916625976562,277.16741943359375,"0.151,0.854,0.968,0.766,0.561,0.840,0.795,0.847",2590.35986328125,2894.2490234375,"224.3,3035,3544,2546,1552,3621,3102,3099",52.24623489379883,54.839149475097656,"47,53.17,54.24,50.81,46.04,57.8,55.17,53.73","5.723,14.91,16.32,13.56,10.6,16.11,14.95,15.06","14.73,16.14,16.59,15.49,14.15,17.57,16.77,16.36",9079,0.0022028626408427954,3016,0.0030795116908848286,"3768,1433,1724,686,2787,1493,117,2722",0.4331417679786682,0.35698240995407104,0.3396582007408142,"1.35,1.35,1.3,1.46,1.36,1.29,1.69,1.32","8.85,8.83,8.75,8.03,5.65,5.33,5.16,5.1","-0.00757,-0.00308,-0.00244,0.00389,-0.00233,0.00129,0.002,0.00198","-0.0122,0,-0.0122,0,0,0,0,0","-0.0104,0,0,0,0,0,0,0",0.046630859375,0.049172114580869675,1,0.49731481075286865,0.0013996015768498182
13,up_proj,gptq,12800,4096,0,0.0020490264892578124,0.0015166473388671874,125.08813419891521,0.016469118556039403,574.8807373046875,454.92236328125,323.4354248046875,643.360595703125,555.0874633789062,669.3900756835938,0.8141169548034668,124.95187377929688,0.10505380481481552,"2787,3300,582,2722,1594,3768,686,2852,117,1505,1433,1493,1979,2428,2537,581",293.5408630371094,,,,,0,231.40087890625,301.4375,254.07699584960938,333.36676025390625,"0.109,0.856,0.970,0.779,0.601,0.878,0.848,0.877",2590.35986328125,2894.2490234375,"224.3,3035,3544,2546,1552,3621,3102,3099",52.24623489379883,54.839149475097656,"47,53.17,54.24,50.81,46.04,57.8,55.17,53.73","5.117,16.21,17.8,15.08,11.82,17.85,16.76,16.7","15.51,17.53,18.08,17.09,15.25,19.05,18.2,17.83",1327,0.0018869072664529085,2324,0.0015386781888082623,"3768,1433,1724,686,2787,1493,117,2722",0.2790141999721527,0.4277050793170929,0.4846581816673279,"1.06,1.13,1.08,1.02,1.14,1.18,0.965,1.13","8.85,8.83,8.75,8.03,5.65,5.33,5.16,5.1","-0.00647,-0.00659,-0.00641,-0.00458,-0.0131,0.0022,0.00273,-0.00331","0,0,0,0,0,0,0,0","0,-0.0103,0,-0.00739,-0.0117,0,0,0",0.11669921875,0.1008380725979805,1,0.513322114944458,0.05030333623290062
13,down_proj,gptq,4096,12800,0,0.0020051193237304687,0.00152587890625,204.13010812628815,0.02805952818276992,673.286376953125,479.0919494628906,39.179988861083984,84.79180908203125,79.33718872070312,85.54247283935547,0.11997474730014801,203.8213653564453,0.07378064841032028,"6504,642,7225,10157,10313,10895,218,2869,11477,10049,12187,8986,10954,7437,10490,8656",50.627647399902344,,,,,0,27.721675872802734,35.165611267089844,36.03807067871094,41.50663757324219,"0.016,0.896,1.112,0.867,0.607,0.874,0.982,0.930",7678.8603515625,9742.640625,"233.3,9206,1.322e+04,7979,3313,9783,9758,7937",30.242938995361328,32.93879699707031,"32.83,30.73,33.69,29.51,22.94,32.68,30.64,28.94","0.8001,5.656,6.889,5.372,3.519,5.999,5.936,5.406","6.39,5.975,6.535,5.768,4.515,6.415,5.989,5.605",3570,0.007915331050753593,4084,0.005556643940508366,"689,3427,8839,2568,10925,7018,10995,10959",0.18741139769554138,0.3448486328125,0.401885986328125,"0.748,0.662,0.735,0.646,0.649,0.606,0.65,0.539","5.41,3.78,2.53,2.3,2.15,2.08,2.03,1.81","0.00184,-0.00127,0.0138,-0.0591,0.00128,-0.00589,0.0031,0.0276","0,0,0.0154,-0.0982,0,0,0,0","0,0,0.017,-0.0506,0,0,0,0.025",0.365234375,0.4156258702278137,1,0.3130590319633484,0.14617250859737396
14,q_proj,gptq,4096,4096,0,0.0020319223403930664,0.0014733076095581055,55.50473168596244,0.02241961693083714,201.98092651367188,148.30612182617188,1069.006103515625,5534.2939453125,1918.4176025390625,4667.89013671875,0.8691229820251465,55.33708953857422,0.34287741780281067,"3300,137,3768,1505,582,484,2787,64,1289,1594,1433,1361,2852,686,1548,1724",1039.7967529296875,,,,,0,712.19677734375,1920.1019287109375,844.2669677734375,2342.658203125,"0.380,0.447,0.465,0.375,0.206,0.398,0.336,0.375",1891.063720703125,2287.32666015625,"158.1,2215,2376,1966,1116,2636,2330,2331",210.35194396972656,246.29156494140625,"49.41,219.6,228.2,224.1,225.5,239.2,251.3,245.5","6.616,29.16,31.28,28.03,20.7,30.53,28.42,29.51","10.73,43.59,45.87,45.76,45.62,48.38,49.01,48.21",3467,0.004921929910778999,2675,0.01415510755032301,"484,3768,1724,312,1433,686,3300,2705",2.2743117809295654,0.521728515625,0.547210693359375,"0.585,0.724,0.657,0.572,0.608,0.64,0.602,0.855","77.2,71.6,70.7,64.9,63.8,38.6,35.9,34.9","-0.0101,0.012,-0.00467,0.00983,0.00623,-0.00374,0.00635,0.00983","0,0,0,0.0311,0,0,0,0","-0.0181,0.0111,0,0.0137,0.0121,0,0.00872,0.0165",0.10888671875,0.0933314710855484,1,1.45258367061615,1.2074049711227417
14,k_proj,gptq,1024,4096,0,0.0020339488983154297,0.001463174819946289,21.07913534169587,0.028199479927037568,67.55119323730469,49.23996353149414,357.144287109375,1810.48095703125,674.1492919921875,1580.6160888671875,0.8691229820251465,21.02693748474121,0.4242105782032013,"3300,1505,3768,137,582,2787,64,484,1594,1289,1433,4079,1361,2852,3819,312",1039.7967529296875,,,,,0,243.19091796875,689.7371826171875,282.1611022949219,809.7322387695312,"0.481,0.370,0.493,0.388,0.201,0.409,0.333,0.303",1891.063720703125,2287.32666015625,"158.1,2215,2376,1966,1116,2636,2330,2331",210.35194396972656,246.29156494140625,"49.41,219.6,228.2,224.1,225.5,239.2,251.3,245.5","3.79,16.6,18.36,16.34,12.52,17.78,17.37,16.64","5.463,27.31,26.15,26.23,27.91,27.81,30.09,30.2",1018,0.01911555975675583,242,0.05059041455388069,"484,3768,1724,312,1433,686,3300,2705",2.9787893295288086,0.43310546875,0.394287109375,"0.406,0.507,0.504,0.543,0.696,0.549,0.409,0.589","77.2,71.6,70.7,64.9,63.8,38.6,35.9,34.9","-0.00848,-0.00739,-0.00443,-0.0233,-0.0161,0.0216,0.0184,0.0674","0,0,0,0,0,0.0441,0,0.0882","-0.0165,-0.014,0,-0.0162,-0.0253,0.0165,0,0.0544",0.154296875,0.1322544813156128,4,1.7312084436416626,0.38267335295677185
14,v_proj,gptq,1024,4096,0,0.0020389556884765625,0.001508474349975586,6.8890654408893255,0.016772085277925695,31.175426483154297,24.317169189453125,165.75157165527344,430.2667236328125,269.5968933105469,440.1060485839844,0.8691229820251465,6.878293991088867,0.1627860963344574,"3768,1505,2787,137,1289,1594,3300,64,582,1433,2852,1361,1548,2722,686,1724",1039.7967529296875,,,,,0,103.50764465332031,182.8199462890625,128.1640167236328,231.47128295898438,"0.780,0.604,0.718,0.555,0.351,0.599,0.531,0.587",1891.063720703125,2287.32666015625,"158.1,2215,2376,1966,1116,2636,2330,2331",210.35194396972656,246.29156494140625,"49.41,219.6,228.2,224.1,225.5,239.2,251.3,245.5","1.697,10.82,11.68,10.4,7.958,11.75,11.23,11.66","1.922,13.93,13.79,13.96,13.43,15.18,15.41,15.22",21,0.009848657995462418,941,0.011970932595431805,"484,3768,1724,312,1433,686,3300,2705",0.8086174130439758,0.775146484375,0.8770751953125,"0.034,0.096,0.108,0.06,0.11,0.108,0.0461,0.144","77.2,71.6,70.7,64.9,63.8,38.6,35.9,34.9","0.00036,0.00534,-0.00212,0.000565,-0.0101,0.00147,-5.72e-06,-0.00342","0,0.0103,0,0,-0.0103,0,0,0","0,0.00991,0,0,-0.013,0,0,0",0.059814453125,0.06941177695989609,1,0.7897236943244934,0.20522430539131165
14,o_proj,gptq,4096,4096,0,0.002093672752380371,0.0014777183532714844,60.71290486583348,0.03369592326990403,180.17849731445312,104.1754379272461,17.735227584838867,63.18708801269531,23.661405563354492,36.77758026123047,0.6686447262763977,60.52417755126953,0.05258752033114433,"3618,2364,2274,4002,3088,3472,1616,2283,3874,2539,2492,3852,3513,2402,1744,2823",32.09550094604492,,,,,0,4.755965232849121,8.085269927978516,10.944541931152344,17.10677719116211,"0.089,0.437,0.733,0.606,0.573,0.586,0.653,0.570",917.4507446289062,1983.117431640625,"35.58,392.2,1803,1030,704.4,855.1,1149,1371",17.657337188720703,26.389724731445312,"10.49,13.63,23.37,18.21,15.73,17.03,19.16,23.64","0.5211,1.409,3.067,2.264,1.893,2.081,2.391,2.762","1.744,2.132,3.583,2.909,2.5,2.72,2.96,3.659",484,0.046462081372737885,484,0.017749276012182236,"2146,2274,2530,2402,3618,4002,3874,3746",0.17018035054206848,0.36968994140625,0.3262939453125,"0.684,0.556,0.537,0.729,0.589,0.556,0.587,0.805","1.98,1.95,1.91,1.89,1.8,1.78,1.73,1.7","0.211,0.104,0.158,0.0767,0.118,0.16,0.124,0.0182","0.202,0,0.202,0,0,0.202,0.202,0","0.181,0.0896,0.136,0.0859,0.101,0.137,0.109,0.0201",0.70703125,0.6060267686843872,1,0.40799733996391296,0.333120733499527
14,gate_proj,gptq,12800,4096,0,0.002032356262207031,0.0014778709411621095,108.49236714101718,0.018110643523327724,470.377197265625,370.99853515625,266.337646484375,575.1409912109375,483.17083740234375,591.40478515625,0.8086051344871521,108.37796020507812,0.15115781128406525,"582,2787,3300,2722,1594,3768,117,686,2852,1433,2580,1493,1979,1505,889,581",312.4670104980469,,,,,0,196.117431640625,271.7244873046875,224.04469299316406,299.2120666503906,"0.123,0.834,0.954,0.814,0.552,0.869,0.772,0.818",2590.188720703125,3041.875732421875,"226.5,2940,3320,2793,1571,3600,3119,3153",53.83462142944336,56.639381408691406,"53.75,53.44,53.83,52.6,46.93,57.97,56.62,55.54","5.884,14.82,15.91,14.48,10.68,16.44,15.25,15.33","16.78,16.23,16.28,16.05,14.38,17.63,17.36,16.96",8985,0.0028373119421303272,8556,0.00498553179204464,"1433,1724,3768,686,117,2787,2722,1493",0.39011192321777344,0.35499998927116394,0.34193357825279236,"1.36,1.29,1.4,1.42,1.68,1.35,1.31,1.31","9.48,9.28,9.07,8.44,6.24,6.14,5.57,4.94","-0.0435,-0.0383,-0.0111,0.0425,0.0325,-0.00421,0.0349,0.0201","-0.0544,-0.0272,0,0.0544,0.0272,0,0.0272,0.0272","-0.041,-0.0505,-0.0202,0.0399,0.0352,0,0.0385,0.0205",0.10546875,0.10722313076257706,1,0.5688127875328064,0.16801965236663818
14,up_proj,gptq,12800,4096,0,0.002033958435058594,0.0015085601806640624,128.21806179175675,0.01655019499484996,587.3253173828125,463.9389343261719,336.58392333984375,686.2708740234375,596.4808349609375,720.1412353515625,0.8086051344871521,128.0730438232422,0.11054807156324387,"2787,582,3300,2722,1594,3768,117,686,2852,1433,1979,1493,1505,2580,581,889",312.4670104980469,,,,,0,240.88638305664062,332.0915222167969,281.98541259765625,364.9554443359375,"0.095,0.827,0.927,0.825,0.573,0.863,0.781,0.838",2590.188720703125,3041.875732421875,"226.5,2940,3320,2793,1571,3600,3119,3153",53.83462142944336,56.639381408691406,"53.75,53.44,53.83,52.6,46.93,57.97,56.62,55.54","5.586,16.45,17.55,16.15,12.08,18.25,16.91,17.08","18.08,18.08,18.23,17.78,15.95,19.64,19.13,18.66",2121,0.0017305109649896622,4026,0.0016135771293193102,"1433,1724,3768,686,117,2787,2722,1493",0.2728279232978821,0.42064452171325684,0.46528318524360657,"1.18,1.15,1.08,1.07,1.04,1.24,1.21,1.22","9.48,9.28,9.07,8.44,6.24,6.14,5.57,4.94","-0.00191,-0.00787,0.00174,0.0016,0.000332,0.00183,-0.00497,-0.0151","0,0,0,0,0,0,0,-0.0226","0,0,0,0,0,0,0,-0.0162",0.1552734375,0.1314736157655716,1,0.5023365020751953,0.14401544630527496
14,down_proj,gptq,4096,12800,0,0.001999340057373047,0.001521282196044922,214.85511991076828,0.029095970928927226,690.246826171875,485.18994140625,42.27043914794922,93.70751190185547,85.35651397705078,91.97981262207031,0.3119991719722748,214.56600952148438,0.07620080560445786,"2161,1973,9877,4422,7266,9164,12264,10663,2169,11261,11671,4456,9856,10799,3239,12491",82.88640594482422,,,,,0,36.82859802246094,42.97947692871094,37.3671875,42.66883850097656,"0.016,1.006,1.138,0.968,0.632,0.952,1.037,0.977",9451.25390625,9589.86328125,"236.2,8989,1.065e+04,8738,3500,1.017e+04,2.025e+04,1.308e+04",33.11994171142578,33.56212615966797,"34.53,30.61,31.25,30.59,24.32,33.82,44.68,35.15","0.8614,5.987,6.432,5.827,3.809,6.424,8.885,6.929","6.729,5.968,6.028,5.922,4.789,6.583,8.723,7.012",379,0.007512296084314585,484,0.032564498484134674,"2346,2161,5712,10722,10276,3257,11749,3429",0.2579350769519806,0.380218505859375,0.42193603515625,"0.707,0.781,0.785,0.74,0.776,0.645,0.697,0.691","5.05,3.76,3.71,3.6,3.17,2.74,2.7,2.6","0.0097,-0.312,0.00848,-0.00903,-0.0233,-0.0292,0.0291,-0.00368","0,-0.268,-0.0242,0,-0.0224,-0.0345,0.0353,0","0,-0.357,0,0,0,-0.0519,0.0296,0",0.3203125,0.28012245893478394,1,0.3301244378089905,0.06490025669336319
15,q_proj,gptq,4096,4096,0,0.0020307302474975586,0.001485586166381836,56.24934131564517,0.0215794286843871,209.9637908935547,155.68865966796875,1017.1978149414062,4900.048828125,1849.50537109375,4134.3115234375,0.8245840668678284,56.11168670654297,0.3096446394920349,"3300,1505,3768,2787,137,582,1594,1289,484,64,1548,1361,3819,1433,3940,3570",875.5955200195312,,,,,0,743.61083984375,1686.474609375,843.847412109375,2119.93603515625,"0.447,0.472,0.601,0.460,0.228,0.438,0.459,0.427",2076.07568359375,2464.46142578125,"164.5,2351,2782,2130,1148,2591,2831,2613",190.3328857421875,226.51380920410156,"44.18,201.1,210.8,203.9,205.1,214.4,221.8,221.4","6.406,28.28,33.58,29.05,20.52,29.32,31.01,29.89","9.58,41.15,43.31,42.85,42.96,44.3,45.78,45.72",691,0.0048373700119555,1461,0.011402691714465618,"484,3768,1724,1433,312,2705,686,3819",2.108151912689209,0.469390869140625,0.51348876953125,"0.608,0.787,0.723,0.612,0.599,0.871,0.686,0.812","68.2,67.1,61.9,59.2,50.2,32.9,32.3,31.8","0.0679,-0.0109,7.58e-05,-0.0417,-0.0569,0.0164,0.0474,0.0947","0.0812,0,0,-0.0541,-0.0541,0.0271,0.0541,0.0812","0.0582,0,0,-0.0477,-0.0488,0.0142,0.0421,0.0812",0.0947265625,0.0811941996216774,4,1.4273988008499146,2.146428346633911
15,k_proj,gptq,1024,4096,0,0.002049684524536133,0.001458883285522461,21.534209797607577,0.027521358346749045,68.37208557128906,49.63850402832031,332.995361328125,1651.3006591796875,654.0927734375,1420.9569091796875,0.8245840668678284,21.497406005859375,0.4155869781970978,"3300,1505,2787,3768,137,582,1594,1289,484,1548,64,1433,1361,3940,3819,4079",875.5955200195312,,,,,0,250.0208740234375,568.9315795898438,293.9917297363281,693.4262084960938,"0.495,0.505,0.629,0.471,0.231,0.411,0.436,0.416",2076.07568359375,2464.46142578125,"164.5,2351,2782,2130,1148,2591,2831,2613",190.3328857421875,226.51380920410156,"44.18,201.1,210.8,203.9,205.1,214.4,221.8,221.4","3.649,17.14,19.74,16.64,12.33,16.69,17.39,17.14","5.183,24.11,24.89,24.25,25.65,26.02,26.32,26.59",255,0.018660996109247208,1011,0.07435174286365509,"484,3768,1724,1433,312,2705,686,3819",2.8561034202575684,0.4012451171875,0.3475341796875,"0.467,0.537,0.546,0.737,0.645,0.571,0.583,0.501","68.2,67.1,61.9,59.2,50.2,32.9,32.3,31.8","0.000135,0.00397,0.031,0.0189,0.0142,-0.0679,-0.053,0.00842","0,0,0.0292,0.0292,0.0292,-0.0875,-0.0583,0","0,0,0.0276,0.0177,0.0116,-0.0776,-0.0454,0.0168",0.10205078125,0.0874720960855484,10,1.6846369504928589,0.3043564260005951
15,v_proj,gptq,1024,4096,0,0.0020258426666259766,0.0014615058898925781,7.845956206655874,0.019204804525713645,33.77168273925781,27.714019775390625,163.70558166503906,452.44512939453125,274.0490417480469,444.25726318359375,0.8245840668678284,7.833780288696289,0.16323718428611755,"2787,1594,3768,1289,1505,3300,2722,1361,64,582,4079,2705,137,2852,1433,2822",875.5955200195312,,,,,0,113.86886596679688,179.38583374023438,130.42239379882812,232.96621704101562,"0.702,0.675,0.837,0.612,0.377,0.637,0.673,0.603",2076.07568359375,2464.46142578125,"164.5,2351,2782,2130,1148,2591,2831,2613",190.3328857421875,226.51380920410156,"44.18,201.1,210.8,203.9,205.1,214.4,221.8,221.4","1.749,11.3,12.96,10.87,8.219,11.69,12.39,11.68","2.087,13.76,14.16,13.89,13.38,14.65,15.11,15.03",989,0.02107957936823368,359,0.01954675279557705,"484,3768,1724,1433,312,2705,686,3819",0.7067374587059021,0.7489013671875,0.885498046875,"0.0769,0.0835,0.0998,0.102,0.0606,0.127,0.11,0.0573","68.2,67.1,61.9,59.2,50.2,32.9,32.3,31.8","-0.000648,0.00017,0.000904,0.00352,0.000572,-0.00415,0.00241,-0.000433","0,0,0,0,0,0,0,0","0,0,0,0.00698,0,0,0,0",0.083984375,0.0719866156578064,2,1.193253993988037,0.7866424918174744
15,o_proj,gptq,4096,4096,0,0.002089202404022217,0.0014595389366149902,59.4728284783605,0.03250437699622326,178.31602478027344,104.00016784667969,20.89154052734375,66.57986450195312,29.69767951965332,45.09931945800781,0.5856566429138184,59.32475280761719,0.033696889877319336,"1149,2519,1405,2263,2748,1029,3476,2620,2391,3004,1277,3409,1533,1563,1025,839",24.451656341552734,,,,,0,7.3294358253479,12.601765632629395,16.026168823242188,25.5339412689209,"0.134,0.453,0.490,0.489,0.673,0.481,0.692,0.642",1179.263427734375,2603.38037109375,"49.91,497.2,1074,875.9,2142,725.5,1934,2136",21.075775146484375,31.514381408691406,"10.44,15.49,20.68,19.84,28.9,19.4,25.5,28.35","0.6116,1.696,2.416,2.286,3.854,2.159,3.403,3.637","1.67,2.519,3.453,3.267,4.697,3.114,4.09,4.539",889,0.005615882109850645,1644,0.0046884710900485516,"3986,4080,3996,3602,3999,3696,4067,3612",0.23898343741893768,0.352508544921875,0.319305419921875,"0.699,0.678,0.672,0.679,0.672,0.682,0.66,0.681","4.73,4.28,4.19,3.75,3.71,3.51,3.49,3.37","-0.004,-0.00571,-0.0222,0.00184,-0.00158,-0.00812,0.00647,-0.0211","0,0,-0.0267,0,0,0,0,-0.0267","0,0,-0.0237,0,0,-0.00691,0.0119,-0.0207",0.1533203125,0.14418825507164001,1,0.2888388931751251,0.011247891001403332
15,gate_proj,gptq,12800,4096,0,0.002043914794921875,0.0014929389953613282,109.29994022316896,0.018242923960830812,467.50701904296875,370.078125,266.4344482421875,567.1287841796875,492.9664001464844,597.3794555664062,0.7260897755622864,109.12387084960938,0.1523045301437378,"2787,582,2722,3300,1594,117,3768,686,1433,2473,2852,1493,2580,581,1979,1505",247.00035095214844,,,,,0,203.61624145507812,274.3878173828125,228.8497314453125,302.1098327636719,"0.139,0.896,0.975,0.790,0.533,0.771,0.819,0.851",2670.46533203125,3057.267333984375,"227.8,3122,3600,2675,1549,3176,3605,3409",53.962738037109375,57.190364837646484,"50.19,54.16,56.03,52.63,47.12,55.88,58.97,56.74","5.751,15.45,17,14.34,10.7,15.11,16.32,15.92","15.42,16.32,17.22,16.14,14.66,17.2,18.03,17.26",218,0.0026360901538282633,2308,0.0035474805627018213,"1433,3768,1724,686,117,2787,2722,2473",0.357329785823822,0.3653808534145355,0.3636718690395355,"1.34,1.34,1.23,1.36,1.62,1.32,1.29,1.46","9.52,8.89,8.43,8.08,6.62,5.71,5.1,4.84","-0.0204,0.0069,-0.00885,0.0242,-0.00107,-0.0483,0.0277,0.0183","-0.0246,0,0,0.0246,0,-0.0491,0.0246,0.0246","-0.0168,0,0,0.0202,0,-0.0429,0.0286,0.0233",0.0859375,0.08096478134393692,1,0.5491901636123657,0.10370311886072159
15,up_proj,gptq,12800,4096,0,0.002042236328125,0.001516437530517578,129.4816275675439,0.016784480283547294,584.94482421875,463.783203125,337.021728515625,689.470947265625,606.7905883789062,732.739501953125,0.7260897755622864,129.33599853515625,0.11249300092458725,"2787,582,2722,3300,1594,3768,117,686,1433,2852,1493,2473,1979,2580,581,1505",247.00035095214844,,,,,0,250.80194091796875,331.86224365234375,282.2578125,373.8099060058594,"0.102,0.886,0.969,0.819,0.592,0.847,0.812,0.862",2670.46533203125,3057.267333984375,"227.8,3122,3600,2675,1549,3176,3605,3409",53.962738037109375,57.190364837646484,"50.19,54.16,56.03,52.63,47.12,55.88,58.97,56.74","5.447,17.05,18.51,16.14,12.14,17.21,18.04,17.72","17.07,18.11,18.81,17.84,15.78,18.7,20.01,19.09",11119,0.001740176579914987,3550,0.0016012086998671293,"1433,3768,1724,686,117,2787,2722,2473",0.24710272252559662,0.4240136742591858,0.4785742163658142,"1.17,1.11,1.14,1.1,1.07,1.25,1.16,1.12","9.52,8.89,8.43,8.08,6.62,5.71,5.1,4.84","0.0142,-0.00446,0.0138,0.000296,0.0165,0.0107,0.0221,-0.0135","0.0119,0,0.0119,0,0.0119,0.0119,0.0239,-0.0119","0.0181,0,0.013,0,0.0143,0.0166,0.0166,-0.0178",0.06494140625,0.07236672937870026,1,0.5063045620918274,0.1695324331521988
15,down_proj,gptq,4096,12800,0,0.0020009422302246093,0.0015242958068847655,215.7480156502843,0.02933040126095162,690.4938354492188,483.163818359375,45.58362579345703,96.7181396484375,92.17750549316406,101.01992797851562,0.36692601442337036,215.57090759277344,0.08772025257349014,"11171,1031,1702,8822,895,7069,10382,10071,11584,9253,4789,1746,869,3984,3639,3035",101.3291015625,,,,,0,31.978736877441406,36.78186798095703,47.1831169128418,52.46658706665039,"0.025,0.821,0.931,0.941,0.738,0.960,1.078,1.123",7490.42724609375,10890.5537109375,"231.6,6459,8078,7477,5401,7779,1.139e+04,1.31e+04",31.126689910888672,36.65255355834961,"26.72,30.53,31.16,30.07,29.15,30.94,34.84,35.61","0.841,5.341,5.845,5.649,4.912,5.823,6.961,7.351","5.276,5.895,6.059,5.823,5.718,5.942,6.703,6.936",379,0.008371368981897831,484,0.01782730221748352,"3779,10414,2681,1473,100,3967,10884,5330",0.361644446849823,0.3321533203125,0.354278564453125,"0.707,0.712,0.688,0.739,0.806,0.707,0.732,0.759","9.4,5.45,4.93,4.74,4.63,4.22,4.19,3.42","-0.0253,0.0281,0.0128,0.00565,-0.00285,-0.0203,-0.026,-0.0183","-0.0243,0.024,0,0,0,0,0,-0.0224","-0.0285,0.0223,0,0,0,0,-0.025,0",0.314453125,0.2901620864868164,1,0.44939103722572327,0.36332863569259644
16,q_proj,gptq,4096,4096,0,0.002042055130004883,0.0014625787734985352,60.35791676071858,0.02304002429123768,215.49783325195312,157.83450317382812,1028.0045166015625,4782.5517578125,1878.822998046875,4208.509765625,0.7578511238098145,60.1567497253418,0.3490108847618103,"3300,1505,3768,137,2787,582,1289,64,1594,484,1361,1433,1548,1724,3940,3570",627.2476806640625,,,,,0,766.279541015625,1692.885986328125,886.0355224609375,2170.033203125,"0.676,0.486,0.575,0.421,0.266,0.426,0.489,0.491",2174.91650390625,2583.750244140625,"153.9,2380,2846,2056,1471,2639,2965,2887",189.11279296875,223.99981689453125,"48.37,200.7,207.9,202,207.6,211.5,217.1,217.8","8.126,28.43,32.78,27.76,22.33,29.38,31.98,32.04","9.883,40.79,43.23,42.76,43.31,45.01,45.74,45.73",887,0.006427099462598562,1330,0.010681135579943657,"1724,3768,1433,484,312,2705,686,3819",1.8366116285324097,0.49554443359375,0.505706787109375,"0.746,0.827,0.667,0.685,0.656,0.91,0.724,0.845","69.3,67.1,61.6,52.2,44.2,35.2,32.6,32","-0.00891,-0.0205,-0.000603,0.00107,0.00464,-0.00778,0.00183,-0.0038","-0.00858,-0.0172,0,0,0.00858,-0.00858,0,-0.00858","-0.0119,-0.0195,0,0,0,0,0,0",0.07275390625,0.07201841473579407,1,1.7903422117233276,0.34122711420059204
16,k_proj,gptq,1024,4096,0,0.0020246505737304688,0.001483917236328125,24.963513010052793,0.02902208839815998,76.65081787109375,55.14646911621094,366.88848876953125,1776.58056640625,733.2327880859375,1582.266845703125,0.7578511238098145,24.941959381103516,0.4440426826477051,"1505,3300,3768,2787,137,582,1594,1289,64,1433,1548,484,3940,1361,1724,2722",627.2476806640625,,,,,0,289.8162536621094,600.9801025390625,329.54241943359375,768.2705078125,"0.662,0.441,0.620,0.472,0.280,0.497,0.505,0.563",2174.91650390625,2583.750244140625,"153.9,2380,2846,2056,1471,2639,2965,2887",189.11279296875,223.99981689453125,"48.37,200.7,207.9,202,207.6,211.5,217.1,217.8","4.488,16.71,19.99,17.77,14.19,18.44,19.05,19.99","5.518,25.15,25.39,25.86,26.81,26.16,26.81,26.63",447,0.018611744046211243,499,0.04444529488682747,"1724,3768,1433,484,312,2705,686,3819",2.1167523860931396,0.4344482421875,0.3638916015625,"0.538,0.569,0.78,0.474,0.648,0.607,0.611,0.521","69.3,67.1,61.6,52.2,44.2,35.2,32.6,32","-0.0233,0.0123,0.0178,-0.00174,-0.00147,-0.0579,-0.0227,0.0369","-0.0368,0,0.0368,0,0,-0.0737,-0.0368,0.0368","-0.0259,0.0128,0.0128,0,0,-0.0661,-0.0287,0.0383",0.12890625,0.1473214328289032,1,1.9357824325561523,0.35986265540122986
16,v_proj,gptq,1024,4096,0,0.002010822296142578,0.0014719963073730469,7.183149627175908,0.017842505996710126,31.940235137939453,24.947132110595703,152.6190643310547,415.31170654296875,250.96771240234375,396.2064208984375,0.7578511238098145,7.157353401184082,0.19090428948402405,"1505,2787,3768,1289,1594,64,137,1433,1361,582,3300,1724,1548,2722,2705,3940",627.2476806640625,,,,,0,107.67111206054688,166.3800048828125,121.37713623046875,198.85626220703125,"0.897,0.703,0.791,0.578,0.372,0.637,0.669,0.758",2174.91650390625,2583.750244140625,"153.9,2380,2846,2056,1471,2639,2965,2887",189.11279296875,223.99981689453125,"48.37,200.7,207.9,202,207.6,211.5,217.1,217.8","2.236,11.08,12.17,10.24,8.242,11.04,11.91,12.21","2.362,13.22,13.68,13.46,13.51,13.83,14.56,14.02",757,0.011223327368497849,361,0.01575470343232155,"1724,3768,1433,484,312,2705,686,3819",0.7302848100662231,0.7900390625,0.8779296875,"0.0858,0.0849,0.103,0.0933,0.0685,0.113,0.123,0.0551","69.3,67.1,61.6,52.2,44.2,35.2,32.6,32","-0.00348,-0.000395,0.000483,-0.000523,0.00208,-0.00316,-0.004,0.000475","-0.00457,0,0,0,0.00457,-0.00457,-0.00457,0","0,0,0,0,0,0,0,0",0.04443359375,0.05087287724018097,1,0.8731517195701599,0.3753027617931366
16,o_proj,gptq,4096,4096,0,0.0020849108695983887,0.0014835596084594727,58.090765779675166,0.03216181659063466,172.67263793945312,102.56448364257812,26.686235427856445,75.73653411865234,34.527156829833984,53.163856506347656,0.5346075296401978,57.983924865722656,0.03319928050041199,"3993,832,704,3609,3865,1761,576,960,2017,1633,850,594,3563,3539,978,875",36.610958099365234,,,,,0,7.571267127990723,12.747148513793945,20.091644287109375,31.600452423095703,"0.135,0.343,0.553,0.598,0.573,0.493,0.546,0.744",914.7890014648438,2491.5595703125,"47.99,259.8,741.8,697.4,534.7,404,775.7,3857",21.241596221923828,36.04887008666992,"12.68,16.86,21.75,19.78,18.46,18.03,22.13,40.23","0.7219,1.645,2.64,2.472,2.191,1.974,2.61,5.362","1.964,2.81,3.549,3.195,2.894,2.812,3.533,6.218",484,0.01645985245704651,484,0.03585630655288696,"3411,3155,3283,3539,79,19,3491,59",0.12230616807937622,0.3475341796875,0.31494140625,"0.588,0.617,0.746,0.605,0.636,0.629,0.577,0.674","2.9,2.79,2.74,2.69,1.53,1.53,1.53,1.47","0.22,0.218,0.107,0.152,-0.12,-0.00699,-0.0208,0.126","0.224,0.224,0.0748,0.15,-0.106,0,0,0.15","0.188,0.187,0.117,0.131,-0.15,0,0,0.15",0.41015625,0.38686469197273254,1,0.28107187151908875,0.5479349493980408
16,gate_proj,gptq,12800,4096,0,0.002050743103027344,0.0014947700500488282,112.08355394355021,0.01863399217909564,467.869384765625,371.3859558105469,276.7008056640625,593.7579345703125,520.4620361328125,642.759033203125,0.7216095328330994,111.89797973632812,0.15117928385734558,"582,2787,117,2722,2473,686,3768,1594,1433,581,3300,2580,889,2852,1979,3066",142.3514404296875,,,,,0,219.66061401367188,307.56512451171875,242.02911376953125,318.8651123046875,"0.115,0.785,0.901,0.799,0.587,0.820,0.822,0.900",2776.9580078125,3146.315185546875,"229.5,2850,3511,2654,1798,3505,3818,3851",57.68836212158203,58.633544921875,"60.04,55.65,58.03,54.66,51.25,60.11,61.99,59.79","6.256,15.04,16.94,14.69,11.91,16.41,16.85,17.15","18.48,16.98,17.85,16.44,15.54,18.13,18.58,18.07",6762,0.0022927019745111465,9770,0.0024529453366994858,"1433,1724,3768,117,686,2473,2787,2722",0.28714561462402344,0.3560546934604645,0.3539160192012787,"1.31,1.26,1.31,1.64,1.33,1.5,1.33,1.3","10.9,8.69,8.58,8.19,7.71,7.36,5.45,5.13","-0.0217,-0.0114,-0.0139,0.0136,0.0229,0.0134,-0.0123,-0.00476","0,-0.0569,0,0,0,0,0,0","-0.0161,0,0,0.0233,0.0176,0.0151,-0.0152,0",0.19921875,0.1707589328289032,2,0.5701333284378052,0.21118775010108948
16,up_proj,gptq,12800,4096,0,0.0020429420471191405,0.0015045166015625,134.5201229090453,0.01716625085397353,593.55419921875,473.0729675292969,354.7883605957031,745.0629272460938,652.7202758789062,812.88134765625,0.7216095328330994,134.34075927734375,0.11492259800434113,"582,2787,2722,117,2473,686,1594,3768,581,1433,3300,2580,2852,889,1979,1493",142.3514404296875,,,,,0,279.0367126464844,387.02264404296875,309.154541015625,403.88323974609375,"0.089,0.791,0.913,0.768,0.568,0.837,0.854,0.940",2776.9580078125,3146.315185546875,"229.5,2850,3511,2654,1798,3505,3818,3851",57.68836212158203,58.633544921875,"60.04,55.65,58.03,54.66,51.25,60.11,61.99,59.79","6.117,16.81,18.94,16.42,13.19,18.6,19.45,19.63","20.53,18.9,19.83,18.74,17.5,20.34,21.05,20.25",3841,0.0014180828584358096,2598,0.0018453153315931559,"1433,1724,3768,117,686,2473,2787,2722",0.2128518968820572,0.4098144471645355,0.46275389194488525,"1.22,1.14,1.18,1.13,1.18,1.14,1.29,1.2","10.9,8.69,8.58,8.19,7.71,7.36,5.45,5.13","0.0143,-0.00148,-0.00241,-0.0024,-0.0153,0.00185,0.000896,-0.00276","0.0117,0,0,0,-0.0117,0,0,0","0.0114,0,0,0,-0.017,0,0,0",0.059814453125,0.06924302875995636,1,0.49672767519950867,0.016832541674375534
16,down_proj,gptq,4096,12800,0,0.0020081901550292967,0.001529388427734375,241.45750386191503,0.03295806622466658,709.59521484375,475.0516052246094,48.63548278808594,109.71755981445312,106.76104736328125,111.34709167480469,0.6956246495246887,241.0548553466797,0.0965493693947792,"8420,11200,3995,3501,378,1225,5690,3628,12205,5903,2677,3510,2619,11716,10086,3696",199.80105590820312,,,,,0,41.339439392089844,47.136802673339844,50.04302978515625,54.81964874267578,"0.016,0.815,1.049,0.813,0.725,0.959,1.051,1.262",8787.6279296875,10843.24609375,"233.7,5691,9604,7293,4777,8831,1.379e+04,2.008e+04",35.03841781616211,38.11417770385742,"34.8,29.94,34.94,33.57,28.51,34.84,40.14,43.56","0.8713,5.306,6.936,5.862,4.631,6.56,7.912,9.604","6.875,5.879,6.773,6.502,5.438,6.698,7.719,8.549",1900,0.004929869435727596,484,0.006137424614280462,"12650,8420,3162,2365,3224,111,8,11293",0.2774685025215149,0.37188720703125,0.4090576171875,"0.717,0.851,0.787,0.755,0.701,0.806,0.688,0.747","7.99,5.14,3.84,3.28,2.96,2.86,2.85,2.59","0.00375,0.00362,-0.00854,-0.0184,-0.0129,0.0145,0.0141,-0.0121","0.00784,0,0,-0.0167,-0.0233,0.0116,0.0126,0","0,0,-0.012,-0.0219,-0.0128,0.0143,0.0143,-0.0116",0.25,0.2142857313156128,1,0.3251914381980896,0.002987932413816452
17,q_proj,gptq,4096,4096,0,0.0020537972450256348,0.0014864206314086914,60.34257183594712,0.023706441961593622,209.12196350097656,150.61636352539062,1074.50341796875,5047.8125,2067.32470703125,4673.04931640625,0.7648742198944092,60.203857421875,0.351835161447525,"1505,3768,137,3300,582,1289,64,2787,3940,1433,1361,1548,1594,1724,4079,3819",484.1636962890625,,,,,0,827.3526611328125,1848.108154296875,940.1328735351562,2426.403076171875,"0.937,0.416,0.495,0.446,0.271,0.406,0.499,0.575",2151.56201171875,2517.990966796875,"92.22,1918,2437,1963,1455,2478,3207,3663",204.63259887695312,246.4373016357422,"36.93,213.7,221.8,222,233.4,227.1,238,244.1","6.868,27.54,31.72,29.5,24.5,29.24,33.61,36.76","7.095,42.69,45.07,44.15,47.06,45.89,47.56,48.46",1068,0.005068452563136816,1206,0.010000817477703094,"3768,1724,1433,484,312,3819,2705,686",1.7649052143096924,0.502197265625,0.5374755859375,"0.728,0.687,0.595,0.555,0.547,0.772,0.825,0.597","84,82.6,72.3,51.3,43.3,40.3,39.9,35.7","0.0132,-0.01,0.02,-0.0277,0.0278,-0.125,-0.0244,-0.0253","0,0,0,-0.0405,0.0405,-0.121,-0.0405,-0.0405","0,-0.00861,0.0202,-0.0244,0.0287,-0.107,-0.0278,-0.0278",0.1416015625,0.1213727742433548,2,1.7445634603500366,1.0213667154312134
17,k_proj,gptq,1024,4096,0,0.0020513534545898438,0.0014536380767822266,24.616398668246724,0.030674271475678815,73.37581634521484,51.14914321899414,381.03289794921875,1847.662841796875,787.711181640625,1651.5743408203125,0.7648742198944092,24.562042236328125,0.4444935619831085,"1505,3768,137,3300,582,64,1289,2787,1433,3940,1594,1361,1724,1548,4079,686",484.1636962890625,,,,,0,308.5788879394531,628.0274658203125,363.38555908203125,833.1567993164062,"1.105,0.416,0.502,0.569,0.324,0.442,0.515,0.643",2151.56201171875,2517.990966796875,"92.22,1918,2437,1963,1455,2478,3207,3663",204.63259887695312,246.4373016357422,"36.93,213.7,221.8,222,233.4,227.1,238,244.1","4.596,16.38,19.25,19.42,15.6,17.17,19.7,22.48","4.372,25.4,27.16,25.74,27.43,25.83,27.46,28.04",251,0.013741394504904747,1016,0.02302471734583378,"3768,1724,1433,484,312,3819,2705,686",2.12070631980896,0.48095703125,0.4371337890625,"0.478,0.465,0.63,0.336,0.523,0.396,0.525,0.528","84,82.6,72.3,51.3,43.3,40.3,39.9,35.7","0.0454,0.0581,-0.0752,0.00349,0.0204,0.0231,0.0496,-0.0483","0.0586,0.0586,-0.0879,0,0.0293,0.0293,0.0586,-0.0293","0.0389,0.0565,-0.0645,0,0.0153,0.0259,0.0569,-0.0552",0.1025390625,0.0878906324505806,10,1.829216480255127,0.12410788983106613
17,v_proj,gptq,1024,4096,0,0.002057790756225586,0.0014498233795166016,6.587332951505353,0.018213254173064814,27.818294525146484,21.363075256347656,142.0989532470703,468.65228271484375,249.65025329589844,473.184814453125,0.7648742198944092,6.576717376708984,0.21991875767707825,"1505,3768,64,1289,137,2787,582,1433,1361,3940,1724,1594,3300,1548,4079,686",484.1636962890625,,,,,0,102.54396057128906,192.57154846191406,116.99578857421875,250.80426025390625,"0.905,0.520,0.627,0.504,0.328,0.497,0.587,0.646",2151.56201171875,2517.990966796875,"92.22,1918,2437,1963,1455,2478,3207,3663",204.63259887695312,246.4373016357422,"36.93,213.7,221.8,222,233.4,227.1,238,244.1","1.773,9.916,10.83,10.04,8.558,10.68,12.1,12.92","1.863,13.75,13.68,14.14,14.95,15.16,15.79,16.07",442,0.013927685096859932,1016,0.011849148198962212,"3768,1724,1433,484,312,3819,2705,686",0.9812198281288147,0.7254638671875,0.846435546875,"0.0968,0.101,0.111,0.105,0.0614,0.065,0.141,0.124","84,82.6,72.3,51.3,43.3,40.3,39.9,35.7","-0.000984,-0.00176,-0.000462,-0.000452,0.00117,0.00118,0.0014,-0.00136","0,0,0,0,0,0,0,0","0,0,0,0,0,0,0,0",0.034423828125,0.03815074265003204,1,1.0100288391113281,0.3053953945636749
17,o_proj,gptq,4096,4096,0,0.002122223377227783,0.001473844051361084,56.80992793691854,0.03323113055061593,163.74493408203125,97.31185150146484,14.649085998535156,55.819557189941406,25.090526580810547,39.5716552734375,0.44698911905288696,56.664306640625,0.04986335337162018,"2727,2983,2494,2110,2366,2599,905,2238,112,521,368,1380,1124,777,649,928",30.564388275146484,,,,,0,3.505096912384033,6.36495304107666,13.882502555847168,19.9996337890625,"0.079,0.224,0.503,0.621,0.405,0.445,0.652,0.834",736.6434326171875,3244.1826171875,"25.73,125.9,980.9,1070,359.2,504.3,1058,1769",16.24243927001953,28.968238830566406,"10.62,11.58,19.65,20.09,14.25,15.28,17.1,21.38","0.4777,0.8472,2.185,2.359,1.358,1.533,2.084,2.867","1.705,1.791,3.081,2.994,2.135,2.298,2.58,3.14",4026,0.006519654765725136,484,0.00637137470766902,"2110,2494,2238,2983,3552,905,649,521",0.34408605098724365,0.361297607421875,0.32745361328125,"0.638,0.713,0.594,0.547,0.933,0.68,0.526,0.553","2.91,2.04,1.93,1.79,1.77,1.72,1.7,1.7","0.00188,-0.000144,0.00879,0.0151,0.0113,0.00108,0.00488,0.00111","0,0,0.0128,0.0128,0.0128,0,0.0128,0","0,0,0.00935,0.0173,0.0107,0,0.00506,0",0.1103515625,0.12503013014793396,1,0.10967019945383072,0.0162308681756258
17,gate_proj,gptq,12800,4096,0,0.0020437049865722656,0.0014760017395019532,112.75222850487262,0.019271363054279348,456.89605712890625,362.715087890625,315.7772216796875,664.9798583984375,583.8628540039062,708.6680908203125,0.8007732629776001,112.59906005859375,0.13638189435005188,"582,2787,2473,117,2722,162,581,686,3768,1433,1594,2580,889,3066,2852,1979",117.57882690429688,,,,,0,246.01971435546875,337.1453552246094,274.9151916503906,344.56866455078125,"0.118,0.780,0.879,0.733,0.571,0.775,0.875,1.002",2737.25439453125,3143.12548828125,"230.5,2402,3276,2428,1683,3169,4014,4695",60.545677185058594,62.06417465209961,"61.66,55.68,60.75,57.13,53.24,62.13,66.53,67.24","6.38,14.71,17.22,14.83,12.21,16.61,18.81,20.39","18.61,16.66,18.37,17.32,16.16,18.86,20.11,20.37",4648,0.0025943357031792402,10718,0.0036517318803817034,"1433,2473,3768,1724,117,686,2722,2154",0.25847485661506653,0.3377050757408142,0.3297168016433716,"1.31,1.56,1.29,1.22,1.62,1.34,1.27,1.28","10.5,8.35,8.29,7.96,7.37,6.49,5.19,5.18","-0.0339,0.0415,-0.0131,-0.0258,0.0238,0.0153,0.0297,0.0566","-0.0229,0.0458,-0.0229,-0.0229,0.0229,0.0229,0.0229,0.0686","-0.0229,0.0393,-0.0225,-0.0343,0.0276,0.016,0.0311,0.0725",0.126953125,0.10897564888000488,3,0.6218895316123962,0.13438093662261963
17,up_proj,gptq,12800,4096,0,0.002036170959472656,0.001500091552734375,138.6525053948717,0.017460257978681566,601.094970703125,475.9451904296875,421.27947998046875,855.6414794921875,757.8291625976562,922.2803344726562,0.8007732629776001,138.58389282226562,0.09640789031982422,"582,2787,2722,2473,117,162,581,686,3768,1594,1433,2580,889,3066,2852,1979",117.57882690429688,,,,,0,317.8004455566406,428.8932800292969,358.5130310058594,451.3445129394531,"0.082,0.793,0.873,0.740,0.596,0.799,0.888,1.052",2737.25439453125,3143.12548828125,"230.5,2402,3276,2428,1683,3169,4014,4695",60.545677185058594,62.06417465209961,"61.66,55.68,60.75,57.13,53.24,62.13,66.53,67.24","6.039,16.74,19.53,16.78,14.02,18.96,21.55,23.28","21.04,18.8,20.9,19.51,18.16,21.21,22.87,22.7",18,0.0014875864144414663,5175,0.0016980731161311269,"1433,2473,3768,1724,117,686,2722,2154",0.1693868190050125,0.4336034953594208,0.4988671839237213,"1.17,1.02,1.14,1.12,1.02,1.12,1.13,0.976","10.5,8.35,8.29,7.96,7.37,6.49,5.19,5.18","0.00172,0.0125,0.00104,0.00143,-0.0014,-0.00144,-0.00729,-0.00763","0,0.0145,0,0,0,0,-0.00725,-0.00725","0,0.0135,0,0,0,0,-0.0126,-0.00984",0.0498046875,0.05033541098237038,1,0.540661096572876,0.2525830566883087
17,down_proj,gptq,4096,12800,0,0.0019985389709472655,0.001539134979248047,232.66891000915348,0.03148114172248832,698.4871215820312,467.41412353515625,48.40953063964844,99.948974609375,117.44700622558594,118.48596954345703,0.1532534807920456,232.45062255859375,0.09261246025562286,"4193,2839,10847,5544,10079,6844,1998,246,3898,1749,12258,6218,868,3424,10014,12591",213.66897583007812,,,,,0,47.406272888183594,57.228919982910156,50.80651092529297,52.751808166503906,"0.011,0.935,1.025,0.817,0.737,1.009,1.085,1.199",9944.953125,11919.6845703125,"236.1,9549,1.036e+04,9653,6282,9450,1.557e+04,1.846e+04",39.02252960205078,38.232704162597656,"43.18,39.27,34.67,39.2,38.94,34.53,39.81,42.59","0.8658,7.31,6.722,6.822,6.514,6.715,8.136,8.923","8.364,7.559,6.639,7.546,7.589,6.686,7.811,8.15",484,0.005736138671636581,484,0.0215781070291996,"7455,4648,4264,6136,10322,6914,7481,11820",0.7355272173881531,0.329803466796875,0.348297119140625,"0.744,0.746,0.711,0.759,0.811,0.682,0.755,0.727","21.8,10.5,7.96,7.32,7.2,7.05,5.17,4.5","-0.00534,0.0205,-0.0317,0.00806,-0.0303,-0.0043,0.00351,-0.00461","0,0,-0.0381,0,-0.0291,0,0,0","0,0,-0.0352,0,-0.0265,0,0,0",0.62890625,0.5390625596046448,4,0.49332287907600403,1.1147956848144531
18,q_proj,gptq,4096,4096,0,0.0020474791526794434,0.001469731330871582,65.11753315656097,0.024226621603131653,222.5946807861328,160.250732421875,955.01904296875,4829.4775390625,1933.0074462890625,4681.68310546875,0.7814655303955078,64.91861724853516,0.35244888067245483,"1505,3768,137,2787,1289,1361,1433,582,64,1724,3940,1594,3819,2154,3300,1548",304.2189636230469,,,,,0,771.6023559570312,1887.87353515625,899.978515625,2433.425048828125,"1.122,0.366,0.473,0.369,0.249,0.362,0.479,0.531",2230.0908203125,2573.79345703125,"89.5,2239,2781,2066,1522,2373,3155,3616",193.95297241210938,231.98886108398438,"35.13,204,217.4,214.4,222.1,215,218.8,224.8","7.239,26.47,32.76,28.15,23.4,27.24,32.12,35.13","6.834,43.75,47.65,46.34,46.86,45.29,46.4,48.21",1703,0.0047434004954993725,436,0.020543767139315605,"1724,3768,1433,484,312,379,2705,2154",1.2876077890396118,0.4940185546875,0.559051513671875,"0.759,0.796,0.678,0.612,0.599,0.539,0.889,0.662","79.7,78.5,70.5,43.3,39,38.6,35.3,34.7","0.00374,-0.00848,-0.0209,0.0361,0.0219,-0.027,-0.0104,0.0176","0,0,-0.0184,0.0368,0.0184,-0.0368,-0.0184,0.0184","0,-0.0133,-0.0163,0.0329,0.022,-0.022,-0.0123,0.0132",0.064453125,0.05864105001091957,1,1.6113078594207764,0.01097891852259636
18,k_proj,gptq,1024,4096,0,0.0020704269409179688,0.001447916030883789,25.951952018032898,0.030938752438733674,75.76046752929688,52.199607849121094,332.53533935546875,1714.9732666015625,716.6914672851562,1608.72314453125,0.7814655303955078,25.895341873168945,0.43605104088783264,"1505,2787,137,3768,1289,1433,1361,582,64,1724,1594,3940,3300,2722,1548,2154",304.2189636230469,,,,,0,281.6068115234375,640.2322998046875,309.81158447265625,850.115478515625,"1.420,0.417,0.541,0.448,0.260,0.353,0.477,0.558",2230.0908203125,2573.79345703125,"89.5,2239,2781,2066,1522,2373,3155,3616",193.95297241210938,231.98886108398438,"35.13,204,217.4,214.4,222.1,215,218.8,224.8","4.825,16.24,20.31,17.35,14.15,16.17,19.02,20.72","4.049,25.15,27.61,25.92,27.75,27.22,27.54,27.74",762,0.02019241265952587,558,0.026436712592840195,"1724,3768,1433,484,312,379,2705,2154",2.083775758743286,0.4761962890625,0.4521484375,"0.449,0.484,0.607,0.304,0.511,0.478,0.539,0.491","79.7,78.5,70.5,43.3,39,38.6,35.3,34.7","-0.015,0.0061,0.0209,-0.00934,0.0223,0.00371,0.0106,0.00635","-0.0227,0,0.0227,0,0.0227,0,0,0","-0.0153,0,0.017,0,0.0241,0,0.0166,0.0113",0.07958984375,0.0682198703289032,7,2.0108118057250977,0.3306245505809784
18,v_proj,gptq,1024,4096,0,0.002031087875366211,0.0014438629150390625,8.987775736014555,0.022835126808555168,33.822288513183594,28.632896423339844,144.21914672851562,480.47637939453125,268.27484130859375,462.5261535644531,0.7814655303955078,8.953760147094727,0.21148550510406494,"2787,1594,2722,1289,1361,3768,1505,64,2852,1433,137,2822,1724,2705,4079,3346",304.2189636230469,,,,,0,111.41633605957031,185.258056640625,121.87617492675781,241.718994140625,"1.079,0.624,0.760,0.515,0.315,0.551,0.673,0.767",2230.0908203125,2573.79345703125,"89.5,2239,2781,2066,1522,2373,3155,3616",193.95297241210938,231.98886108398438,"35.13,204,217.4,214.4,222.1,215,218.8,224.8","1.871,10.7,12.21,10.31,8.274,10.83,12.69,13.08","1.802,13.55,14.01,14.37,14.73,14.59,15.47,14.94",858,0.020175619050860405,879,0.020314475521445274,"1724,3768,1433,484,312,379,2705,2154",0.6728562712669373,0.73779296875,0.9061279296875,"0.0837,0.0819,0.086,0.0757,0.0629,0.0502,0.122,0.0646","79.7,78.5,70.5,43.3,39,38.6,35.3,34.7","-0.000416,0.00018,0.00138,0.00105,0.000385,0.000698,0.00336,-0.000839","0,0,0,0,0,0,0,0","0,0,0,0,0,0,0,0",0.11962890625,0.10424994677305222,1,1.1752299070358276,0.4734251797199249
18,o_proj,gptq,4096,4096,0,0.0020952820777893066,0.001466989517211914,58.062302030290084,0.032432041739713674,174.38446044921875,101.98101043701172,18.685163497924805,60.45923614501953,23.808731079101562,38.15894317626953,0.5093109011650085,57.885765075683594,0.03529322147369385,"719,1958,1574,3050,1830,975,2794,2922,847,1094,1478,2226,2666,591,401,2098",32.40354919433594,,,,,0,8.743265151977539,14.097604751586914,11.9990234375,20.038143157958984,"0.129,0.841,0.626,0.495,0.647,0.581,0.549,0.663",1324.4140625,1998.0526123046875,"47.46,1031,1127,788,1910,990.8,1508,3192",21.631521224975586,27.899669647216797,"10.16,18.09,20.51,19.52,28.65,20.7,23.8,31.63","0.5784,2.775,2.586,2.149,4.005,2.528,2.96,4.407","1.608,3.026,3.269,3.055,4.978,3.317,3.995,5.411",3944,0.003983326721936464,484,0.008270948193967342,"3301,3324,3266,3211,3205,3327,3325,3249",0.40561243891716003,0.305206298828125,0.315399169921875,"0.744,0.723,0.731,0.746,0.74,0.717,0.738,0.748","6.75,5.15,4.53,4.33,4.29,4.29,4.1,3.97","-0.0133,0.00198,-0.00403,0.00674,-0.00516,0.00763,-0.0123,-0.0233","-0.0101,0.00994,-0.0119,0.00994,-0.00806,0.0114,-0.0101,-0.0222","-0.011,0,0,0.011,0,0.011,-0.011,-0.022",0.048583984375,0.054358020424842834,1,0.2527720630168915,0.12097544968128204
18,gate_proj,gptq,12800,4096,0,0.002036895751953125,0.0014731979370117187,113.96071995800526,0.019133369202784717,462.032470703125,365.70477294921875,331.1785888671875,680.2288818359375,636.5914306640625,753.976318359375,0.8043923377990723,113.83432006835938,0.12959298491477966,"2473,162,2787,2722,582,117,581,1433,1594,1414,3768,1979,686,889,3066,486",128.66497802734375,,,,,0,272.8191833496094,349.99871826171875,294.08807373046875,362.30279541015625,"0.094,0.860,1.003,0.750,0.628,0.815,0.933,1.033",2941.1171875,3235.23193359375,"230.1,2990,3671,2633,2154,3076,4066,4708",61.94209289550781,63.357383728027344,"59.88,59.54,63,58.63,58.21,61.74,66.51,68.03","5.582,16.67,18.9,15.45,13.87,16.87,19.24,20.74","18.24,17.97,18.88,17.85,17.51,18.69,19.92,20.41",7844,0.0012400776613503695,4900,0.002344720298424363,"1433,2473,1724,3768,117,686,2722,1414",0.16422919929027557,0.33552733063697815,0.32832029461860657,"1.31,1.55,1.22,1.29,1.58,1.31,1.26,1.56","10.1,8.72,7.87,7.53,5.62,5.24,4.91,4.52","-0.0192,0.0153,-0.0122,-0.0131,0.0161,0.0254,0.04,0.00995","0,0,-0.053,0,0,0,0.053,0","-0.0138,0,-0.0132,0,0.0271,0.0311,0.0396,0.0138",0.185546875,0.20178262889385223,1,0.4885827302932739,0.16044655442237854
18,up_proj,gptq,12800,4096,0,0.0020497894287109376,0.0015172004699707032,136.71766874384593,0.01758727475154615,588.334716796875,464.86041259765625,426.334716796875,849.2440185546875,811.3997192382812,948.7962646484375,0.8043923377990723,136.5826416015625,0.09632433950901031,"2473,2787,2722,162,582,117,581,1594,1433,1979,3768,1414,686,889,3066,486",128.66497802734375,,,,,0,345.4889221191406,444.40899658203125,379.6500549316406,460.03509521484375,"0.077,0.897,0.929,0.788,0.626,0.827,0.927,1.017",2941.1171875,3235.23193359375,"230.1,2990,3671,2633,2154,3076,4066,4708",61.94209289550781,63.357383728027344,"59.88,59.54,63,58.63,58.21,61.74,66.51,68.03","5.618,19,20.69,17.58,15.79,19.02,21.74,23.46","20.3,20.07,21.47,19.81,19.96,20.91,22.58,23.26",11103,0.0013757700799033046,7529,0.0013635717332363129,"1433,2473,1724,3768,117,686,2722,1414",0.11152845621109009,0.42673826217651367,0.48384764790534973,"1.15,0.983,1.1,1.11,0.973,1.13,1.14,1.07","10.1,8.72,7.87,7.53,5.62,5.24,4.91,4.52","-0.000984,0.00357,-0.00195,0.00623,0.00164,-0.0024,-0.0024,-0.0062","0,0,0,0.00743,0,0,0,-0.00743","0,0,0,0.0103,0,0,0,-0.00872",0.04638671875,0.04719509556889534,1,0.5856375694274902,0.06161448359489441
18,down_proj,gptq,4096,12800,0,0.0020005607604980467,0.0015384864807128907,233.92601116921105,0.032068580083451606,688.328125,453.5408020019531,52.5732421875,104.2954330444336,137.44134521484375,130.71263122558594,0.6917267441749573,233.65016174316406,0.11941634863615036,"7094,8858,3958,12270,7787,5685,7844,3706,9316,2913,5118,7053,3411,5547,3791,9835",653.151123046875,,,,,0,48.72588348388672,57.74207305908203,56.706214904785156,54.282405853271484,"0.012,0.897,1.008,0.835,0.822,0.814,1.006,1.313",10160.626953125,12122.82421875,"236.1,6629,1.067e+04,8046,6908,8178,1.844e+04,2.218e+04",39.361515045166016,38.57899475097656,"43.47,30.59,37.03,40.21,35.15,35.96,47.73,44.74","0.8921,5.543,7.075,7.089,6.044,6.272,9.256,9.82","8.154,5.853,7.048,7.756,6.666,6.954,9.227,8.569",484,0.009385667741298676,379,0.012441533617675304,"10148,7094,10176,12489,6426,2729,9199,9560",0.4178493320941925,0.402923583984375,0.426177978515625,"0.729,0.805,0.691,0.8,0.704,0.69,0.733,0.838","15.6,7.63,5.12,4.77,4.28,4.18,4.18,4.09","-0.00958,-0.625,0.0593,0.0195,-0.172,-0.0297,-0.00879,0.016","0,-0.714,0.0885,0,-0.138,-0.0296,0,0","0,-0.714,0.0452,0,-0.147,-0.0223,0,0.0193",0.625,0.7142857313156128,1,0.5855216979980469,0.527479350566864
19,q_proj,gptq,4096,4096,0,0.0020612478256225586,0.0014837384223937988,60.67621104778118,0.02427420614798477,207.35189819335938,148.60400390625,1167.6956787109375,4788.44384765625,2372.6318359375,4724.5927734375,0.8093358874320984,60.443092346191406,0.35669881105422974,"1505,137,3768,2787,1433,1724,64,582,1289,1361,3819,3940,1594,2154,4079,2722",250.59559631347656,,,,,0,896.1246337890625,1843.8936767578125,1078.389892578125,2491.069091796875,"0.976,0.447,0.595,0.421,0.291,0.377,0.589,0.652",2280.542236328125,2734.056884765625,"82.19,2105,2728,2012,1769,2165,3398,3986",205.62396240234375,247.8122100830078,"29.89,216.3,228.7,231.5,238.9,224.5,232.6,242.6","5.943,28.38,35.42,29.33,25.66,27.22,36.32,38.67","6.016,42.42,45.9,45.21,47.57,44.34,47.33,47.9",574,0.00803411565721035,3573,0.006031638942658901,"1724,3768,1433,484,312,2705,3819,2154",1.6635011434555054,0.5023193359375,0.53436279296875,"0.705,0.793,0.639,0.594,0.562,0.837,0.773,0.639","82,78.3,76.1,63.6,42.2,37,34.8,30.7","0.00412,0.0176,0.0449,8.96e-05,-0.0103,0.0233,-0.00842,-0.00185","0,0.0259,0.0519,0,0,0.0259,0,0","0,0.0216,0.0519,0,-0.017,0.023,0,0",0.0908203125,0.0778459906578064,3,2.299920082092285,0.37137770652770996
19,k_proj,gptq,1024,4096,0,0.002069711685180664,0.0014529228210449219,24.54179325073551,0.0323081535665399,69.51962280273438,47.85504913330078,397.8590087890625,1638.0009765625,866.5187377929688,1548.43896484375,0.8093358874320984,24.521602630615234,0.46109819412231445,"1505,137,3768,2787,1724,1433,64,3819,1289,3940,582,1361,1594,2722,4079,2154",250.59559631347656,,,,,0,307.429931640625,606.1551513671875,355.59112548828125,782.099853515625,"1.146,0.466,0.606,0.430,0.320,0.386,0.652,0.649",2280.542236328125,2734.056884765625,"82.19,2105,2728,2012,1769,2165,3398,3986",205.62396240234375,247.8122100830078,"29.89,216.3,228.7,231.5,238.9,224.5,232.6,242.6","3.793,17.09,20.39,17.44,14.86,15.78,21.58,22.31","3.543,25.03,26.2,26.59,26.28,25.41,26.72,27.69",127,0.016585368663072586,563,0.020125940442085266,"1724,3768,1433,484,312,2705,3819,2154",2.3776140213012695,0.451171875,0.3892822265625,"0.48,0.533,0.65,0.343,0.566,0.595,0.44,0.51","82,78.3,76.1,63.6,42.2,37,34.8,30.7","-0.113,0.0391,-0.0267,-0.019,-0.107,0.0116,-0.0464,0.0337","-0.129,0.0324,-0.0324,-0.0324,-0.0971,0,-0.0324,0.0324","-0.0971,0.0398,-0.0186,-0.0169,-0.0921,0.0122,-0.0398,0.0316",0.11328125,0.1294642984867096,2,1.9136574268341064,1.985304832458496
19,v_proj,gptq,1024,4096,0,0.00205230712890625,0.0015020370483398438,8.035468576861717,0.018660716332474694,33.48609924316406,25.693466186523438,185.8043212890625,512.61328125,344.14227294921875,507.6024169921875,0.8093358874320984,8.012231826782227,0.2083090990781784,"1505,2787,3768,137,64,1724,1433,1289,1594,1361,582,2722,4079,2705,1548,2822",250.59559631347656,,,,,0,139.05984497070312,198.5317840576172,158.7008056640625,260.31561279296875,"1.260,0.666,0.792,0.536,0.465,0.609,0.842,0.960",2280.542236328125,2734.056884765625,"82.19,2105,2728,2012,1769,2165,3398,3986",205.62396240234375,247.8122100830078,"29.89,216.3,228.7,231.5,238.9,224.5,232.6,242.6","1.766,11.48,13.33,10.99,10.57,11.3,14.34,15.29","1.574,14.07,14.98,15.02,15.5,14.48,15.63,15.6",39,0.01727825403213501,822,0.00995086133480072,"1724,3768,1433,484,312,2705,3819,2154",0.5628255009651184,0.850341796875,0.9310302734375,"0.0703,0.0774,0.0839,0.0832,0.0507,0.101,0.0424,0.051","82,78.3,76.1,63.6,42.2,37,34.8,30.7","0.0022,-0.00285,0.000904,-0.000874,-0.002,0.00101,-0.000683,-0.00146","0,0,0,0,0,0,0,0","0,0,0,0,0,0,0,0",0.04296875,0.048113368451595306,1,1.3896832466125488,0.2505917549133301
19,o_proj,gptq,4096,4096,0,0.0021271705627441406,0.0014727115631103516,57.07899861815167,0.03087303453401063,170.4315185546875,105.8062744140625,17.371234893798828,50.68743896484375,20.536407470703125,25.669876098632812,0.4077303111553192,56.90302658081055,0.03894886001944542,"1975,1591,1719,1847,3587,3094,1107,2371,1363,2499,2115,70,3350,198,1491,514",23.211153030395508,,,,,0,3.722850799560547,5.670326232910156,12.731329917907715,16.552257537841797,"0.090,0.418,0.862,0.497,0.486,0.549,0.760,0.743",793.2916259765625,2719.53076171875,"21.02,246.6,1898,311.3,275.3,412,1000,2182",14.07187557220459,25.275800704956055,"7.539,10.63,16.99,10.88,11.3,13.92,15.99,25.32","0.4376,1.093,2.484,1.242,1.295,1.606,2.139,3.443","1.455,1.69,2.676,1.76,1.858,2.167,2.454,3.995",484,0.0506291389465332,484,0.11814217269420624,"2115,2499,2809,2681,2937,1186,1215,3065",0.17914170026779175,0.34832763671875,0.373321533203125,"0.594,0.653,0.459,0.576,0.789,0.606,0.754,0.663","1.65,1.43,1.42,1.38,1.28,1.27,1.13,1.12","0.102,0.235,0.0591,-0.174,-0.305,-0.0154,0.391,-0.275","0.116,0.232,0.116,-0.116,-0.348,0,0.348,-0.232","0.0871,0.202,0.0506,-0.199,-0.261,0,0.348,-0.236",0.40625,0.4484209418296814,1,0.29140716791152954,0.6385279893875122
19,gate_proj,gptq,12800,4096,0,0.0020510482788085936,0.0014866065979003906,118.43974205433096,0.01963235292624408,468.8540954589844,364.3839111328125,344.1509094238281,727.264892578125,689.2501220703125,809.1769409179688,0.721949577331543,118.31707763671875,0.1343209147453308,"162,2473,2787,582,2722,1414,581,889,117,1433,486,3066,2154,1594,1979,3768",146.37637329101562,,,,,0,286.0208740234375,385.1510314941406,318.6997375488281,387.2892761230469,"0.092,0.878,0.948,0.729,0.654,0.828,0.960,1.121",2882.885498046875,3346.0732421875,"230.4,2589,3429,2529,2202,2878,4246,4962",65.26142883300781,65.69102478027344,"77.59,58.3,63.79,61.33,60.02,62,69.03,70.04","7.203,16.33,18.57,15.73,14.58,16.67,20.13,21.93","23.7,17.43,19.07,18.43,18.03,18.32,20.55,20.72",3349,0.0021870224736630917,3924,0.0020034604240208864,"1433,2473,1724,3768,117,1414,2722,686",0.15930086374282837,0.32149413228034973,0.31538084149360657,"1.29,1.46,1.27,1.27,1.49,1.51,1.28,1.3","11.3,9.72,7.64,7.3,6.5,6.09,5.25,5.08","-0.0173,0.0195,0.00452,-0.0197,0.00138,0.0179,-0.00693,0.0131","-0.0264,0.0264,0,-0.0264,0,0.0264,0,0.0264","-0.0216,0.0229,0,-0.0233,0,0.0216,0,0.00914",0.09228515625,0.09971579909324646,1,0.6819102168083191,0.2553856670856476
19,up_proj,gptq,12800,4096,0,0.0020517921447753907,0.0015249061584472656,140.61954790582172,0.01828440746928738,585.1610107421875,455.8076171875,432.9217529296875,903.9773559570312,853.971923828125,1011.7412719726562,0.721949577331543,140.4188995361328,0.10694242268800735,"162,2473,2787,582,2722,581,1414,889,117,1433,3066,486,2154,1979,1594,3768",146.37637329101562,,,,,0,345.29022216796875,481.4566345214844,395.15032958984375,494.86712646484375,"0.074,0.837,0.933,0.715,0.626,0.812,0.917,1.053",2882.885498046875,3346.0732421875,"230.4,2589,3429,2529,2202,2878,4246,4962",65.26142883300781,65.69102478027344,"77.59,58.3,63.79,61.33,60.02,62,69.03,70.04","7.074,17.77,20.43,17.43,16.03,18.61,22.28,24","26.03,19.42,21.15,20.62,20.25,20.65,23.26,23.38",1648,0.0014273582492023706,11637,0.004129508510231972,"1433,2473,1724,3768,117,1414,2722,686",0.12675243616104126,0.4116796851158142,0.457587867975235,"1.16,1.05,1.09,1.17,1.06,1.12,1.16,1.2","11.3,9.72,7.64,7.3,6.5,6.09,5.25,5.08","0.00775,-0.00497,-0.00565,-0.00806,0.00589,-0.00117,-0.00362,-0.00285","0.00746,-0.00746,-0.00746,-0.00746,0.00746,0,-0.00746,0","0.0114,0,-0.0108,-0.0102,0.00991,0,0,0",0.045654296875,0.050099387764930725,1,0.6055030822753906,0.4318225383758545
19,down_proj,gptq,4096,12800,0,0.0019935035705566408,0.0015465736389160157,256.0873200053484,0.0354378579565525,701.68896484375,441.0668029785156,64.99378204345703,152.68099975585938,165.84799194335938,300.61102294921875,0.9955562949180603,254.7532958984375,0.17788061499595642,"11637,6131,4869,5918,8958,785,1365,5423,4460,10342,3051,1064,7537,6206,9830,3036",1752.744384765625,,,,,0,57.43715286254883,777.0654296875,65.53343200683594,64.29721069335938,"0.002,1.014,1.228,1.003,0.884,0.975,1.329,1.279",9251.685546875,11033.0947265625,"238.9,5117,1.105e+04,7384,8051,7621,1.459e+04,1.995e+04",81.51223754882812,43.11769104003906,"373.9,31.6,39.81,35.52,39.4,38.02,44.39,49.45","3.533,6.102,8.308,6.565,6.98,7.169,9.439,10.41","76.3,6.058,7.498,6.557,7.426,7.26,8.187,9.208",486,0.00724794389680028,484,0.0139332115650177,"12433,9894,5227,6602,9986,12325,12239,3973",0.27490729093551636,0.326904296875,0.334930419921875,"0.732,0.759,0.749,0.717,0.737,0.749,0.804,0.716","11,8.97,7.18,6.86,5.62,5.61,4.34,4.31","0.000874,0.00467,0.0295,0.00854,-0.00255,-0.0145,-0.0214,-0.00282","0,0,0.0312,0,0,0,0,0","0,0,0.0303,0.0135,0,-0.0146,-0.0244,0",0.1201171875,0.10296554863452911,1,0.5942433476448059,0.22999532520771027
20,q_proj,gptq,4096,4096,0,0.0,0.0,2.297574550737631e-22,2.2975745507376313e-10,1.7281100009778676e-22,1.7281100009778676e-22,1.233391815314491e-24,1.233391815314491e-24,1.4899902225896792e-24,1.4899902225896792e-24,0.7937437891960144,1.0670202023779065e-22,0.0004864804504904896,"1493,510,3066,3317,399,889,2974,2428,2154,686,672,4038,3570,765,3441,37",9.848626136779785,,,,,0,5.793654319003768e-25,5.793654319003768e-25,6.980289954035357e-25,6.980289954035357e-25,"0.000,0.000,0.000,0.000,0.000,0.000,0.000,0.000",2505.2373046875,2946.80908203125,"178.9,1962,2905,2279,1960,2503,3856,4398",3.517235040664673,4.17546272277832,"0.8019,3.218,3.911,3.751,3.732,3.767,4.44,4.516","1.581e-13,7.141e-13,7.995e-13,7.933e-13,7.419e-13,7.584e-13,9.057e-13,9.41e-13","1.581e-13,7.141e-13,7.995e-13,7.933e-13,7.419e-13,7.584e-13,9.057e-13,9.41e-13",1625,1.8942972834594656e-15,1625,1.8942972834594656e-15,"3733,1876,399,2929,2705,2554,668,1833",1.7859649306325998e-12,1.0,1.0,"2.05e-13,1.99e-13,2.53e-13,1.98e-13,2e-13,2.12e-13,2.01e-13,2e-13","0.322,0.318,0.301,0.265,0.262,0.259,0.228,0.223","-8.78e-16,-2.91e-15,-4.61e-15,1.8e-15,-3.35e-16,3.49e-16,-3.11e-15,1.44e-15","0,0,0,0,0,0,0,0","0,0,0,0,0,0,0,0",1.0824674490095276e-14,0.0,4096,4.352352760963671e-14,4.352352760963671e-14
20,k_proj,gptq,1024,4096,0,0.0,0.0,8.518779807604037e-23,8.518779807604037e-11,4.953539404998078e-23,4.953539404998078e-23,3.609502836725045e-25,3.609502836725045e-25,4.106565325699969e-25,4.106565325699969e-25,0.7937437891960144,3.0846723847217735e-23,0.00017019784718286246,"1493,3066,686,3317,2154,2974,2816,765,510,889,672,3441,1840,2428,4038,3704",9.848626136779785,,,,,0,1.5075171341818797e-25,1.5075171341818797e-25,2.0183330432607826e-25,2.0183330432607826e-25,"0.000,0.000,0.000,0.000,0.000,0.000,0.000,0.000",2505.2373046875,2946.80908203125,"178.9,1962,2905,2279,1960,2503,3856,4398",3.517235040664673,4.17546272277832,"0.8019,3.218,3.911,3.751,3.732,3.767,4.44,4.516","8.228e-14,3.283e-13,4.46e-13,3.95e-13,3.885e-13,3.873e-13,4.643e-13,4.69e-13","8.228e-14,3.283e-13,4.46e-13,3.95e-13,3.885e-13,3.873e-13,4.643e-13,4.69e-13",817,2.101015038962167e-15,817,2.101015038962167e-15,"3733,1876,399,2929,2705,2554,668,1833",4.4864649105177956e-13,1.0,1.0,"1.04e-13,1.05e-13,1.11e-13,9.94e-14,1.03e-13,1.01e-13,1.19e-13,1.02e-13","0.322,0.318,0.301,0.265,0.262,0.259,0.228,0.223","-3.83e-16,1.69e-15,1.9e-15,8.26e-16,-4.01e-16,-5.59e-16,-9.71e-16,3.46e-15","0,0,0,0,0,0,0,0","0,0,0,0,0,0,0,0",2.0761170560490427e-14,0.0,4096,4.5836832186828616e-14,4.5836832186828616e-14
20,v_proj,gptq,1024,4096,0,0.0020399093627929688,0.0014162063598632812,9.788114389084647,0.028741751122006803,29.65469741821289,20.647443771362305,0.09797170013189316,0.15540608763694763,0.19593596458435059,0.18692587316036224,0.7937437891960144,9.780112266540527,0.0378657802939415,"2974,399,3570,3679,1876,510,2686,3729,2822,2816,309,1807,3452,21,316,2705",9.848626136779785,,,,,0,0.07270891219377518,0.0711771696805954,0.09201595187187195,0.09119816869497299,"1.025,0.953,0.983,0.957,0.746,1.001,1.142,1.236",2505.2373046875,2946.80908203125,"178.9,1962,2905,2279,1960,2503,3856,4398",3.517235040664673,4.17546272277832,"0.8019,3.218,3.911,3.751,3.732,3.767,4.44,4.516","0.04186,0.2322,0.2916,0.27,0.2356,0.2684,0.3334,0.3597","0.04135,0.2379,0.2942,0.276,0.2727,0.2682,0.312,0.3235",26,0.00948208849877119,595,0.017304571345448494,"3733,1876,399,2929,2705,2554,668,1833",0.06457776576280594,0.3165283203125,0.3096923828125,"0.313,0.289,0.321,0.317,0.292,0.309,0.314,0.308","0.322,0.318,0.301,0.265,0.262,0.259,0.228,0.223","-0.0097,-0.0113,-0.00284,-0.000147,-0.00258,-0.00589,0.000189,0.0121","-0.00844,-0.00848,0,0,0,-0.00855,0,0.013","-0.00666,-0.0101,0,0,0,-0.00596,0,0.0101",0.03857421875,0.03627677634358406,1,0.022943900898098946,0.004023259039968252
20,o_proj,gptq,4096,4096,0,0.017080307006835938,0.001463472843170166,16.74702838793246,0.01870484731157268,64.98867797851562,50.92158126831055,0.0006739090313203633,0.06658845394849777,0.014528248459100723,0.14000707864761353,0.5851094722747803,15.658506393432617,0.030949531123042107,"966,3840,2835,3410,2927,2335,3383,328,1805,2339,788,1838,3403,3409,1360,785",33.6956672668457,,,,,0,0.006157049909234047,0.0632534921169281,0.00790347345173359,0.08003543317317963,"0.079,0.107,0.104,0.096,0.092,0.091,0.094,0.098",11279.2373046875,14549.728515625,"110.9,1.066e+04,1.552e+04,1.423e+04,1.314e+04,1.181e+04,1.169e+04,1.308e+04",1.0739519596099854,1.2558045387268066,"0.1305,1.08,1.3,1.293,1.244,1.176,1.165,1.203","0.008162,0.07879,0.09304,0.088,0.08308,0.07891,0.07971,0.08426","0.02911,0.2409,0.2888,0.2844,0.2734,0.2619,0.2598,0.2685",2424,0.0076580955646932125,399,0.006655882578343153,"710,582,838,966,988,860,604,732",0.20676757395267487,0.2569580078125,0.312957763671875,"0.639,0.639,0.638,0.638,0.462,0.462,0.462,0.462","0.137,0.137,0.137,0.137,0.0661,0.0661,0.0661,0.0661","0.0981,0.0981,0.0981,0.0977,0.00229,0.00229,0.00229,0.00229","0.0841,0.0841,0.0841,0.0841,0,0.00818,0,0","0.0841,0.0841,0.0841,0.0837,0,0,0,0",0.09814453125,0.0841238871216774,4,0.007270633243024349,0.007572694215923548
20,gate_proj,gptq,12800,4096,0,0.0020470619201660156,0.0014882087707519531,120.41638980587436,0.01954180456468729,477.1903076171875,367.12457275390625,392.5498046875,774.4298706054688,781.324951171875,858.408203125,0.6850618720054626,120.32488250732422,0.11297821998596191,"162,2473,2787,1414,582,581,2722,889,1433,486,117,3066,1594,1979,2154,3768",118.00682830810547,,,,,0,306.0174560546875,391.1961364746094,339.582763671875,408.6061706542969,"0.090,0.973,0.996,0.791,0.641,0.860,0.961,1.116",2776.55029296875,3200.22900390625,"231.7,2258,3345,2482,2117,2763,4197,4819",65.39541625976562,67.22470092773438,"73.86,55.34,64.28,62.44,61.73,62.9,71.41,71.19","6.735,16.17,19.33,16.6,14.97,17.58,21.19,22.58","22.45,16.4,19.37,18.66,18.7,18.96,21.62,21.38",10650,0.00301422574557364,11303,0.0020989705808460712,"1433,2473,1724,3768,1414,2231,2722,3733",0.12919765710830688,0.3179003894329071,0.3088671863079071,"1.33,1.55,1.26,1.31,1.58,1.34,1.3,1.22","10.1,8.91,6.61,6.24,5.81,4.97,4.55,4.35","-0.0442,0.024,-0.0309,-0.0294,0.0276,0.0303,0.0304,0.0306","-0.0485,0.0324,-0.0324,-0.0324,0.0324,0.0324,0.0324,0.0333","-0.0505,0.0287,-0.0354,-0.0257,0.0253,0.0349,0.0335,0.0257",0.056640625,0.05800081416964531,1,0.8219724893569946,0.0636758804321289
20,up_proj,gptq,12800,4096,0,0.0020516014099121096,0.001531696319580078,135.03951423401668,0.018254677854545646,561.3534545898438,433.33544921875,466.33245849609375,905.6986694335938,913.3182983398438,1009.3635864257812,0.6850618720054626,134.90834045410156,0.08700866252183914,"162,2473,2787,1414,581,582,2722,1433,889,486,117,3066,1979,1594,3768,2154",118.00682830810547,,,,,0,355.7947692871094,461.2760009765625,410.09332275390625,483.23675537109375,"0.072,0.899,0.968,0.768,0.665,0.821,0.969,1.129",2776.55029296875,3200.22900390625,"231.7,2258,3345,2482,2117,2763,4197,4819",65.39541625976562,67.22470092773438,"73.86,55.34,64.28,62.44,61.73,62.9,71.41,71.19","6.461,17.13,20.84,17.7,16.51,18.63,23.04,24.76","24.15,18.07,21.18,20.2,20.26,20.56,23.41,23.3",6136,0.0013775271363556385,422,0.0015502439346164465,"1433,2473,1724,3768,1414,2231,2722,3733",0.09184280782938004,0.40620115399360657,0.4471093714237213,"1.11,0.959,1.06,1.12,1.02,1.05,1.13,1.35","10.1,8.91,6.61,6.24,5.81,4.97,4.55,4.35","0.00751,-0.00778,0.00121,0.00995,0.000246,-0.000322,0.00133,-0.00836","0.009,-0.009,0,0.009,0,0,0,-0.0115","0.013,-0.009,0,0.00921,0,0,0,-0.00921",0.052490234375,0.04642361029982567,1,0.6129087805747986,0.1515047252178192
20,down_proj,gptq,4096,12800,0,0.0019952201843261718,0.0015481758117675782,221.7797859430775,0.03123274046410865,650.1775512695312,423.41387939453125,59.59678268432617,114.20494842529297,146.3191375732422,121.36477661132812,0.757361650466919,221.53359985351562,0.16242656111717224,"11677,8044,12691,1731,12399,8232,493,2213,12322,2624,4426,2831,5342,11303,11202,10570",774.0293579101562,,,,,0,51.214141845703125,48.899322509765625,62.0052490234375,51.951576232910156,"0.033,1.103,1.122,0.873,1.009,1.006,1.306,1.341",9625.755859375,11918.1513671875,"231.1,3965,1.095e+04,9832,9060,6902,1.69e+04,1.916e+04",37.03218078613281,39.01961898803711,"28.71,23.17,37.58,43.29,38.62,34.51,44.14,46.25","0.9596,4.634,7.537,7.413,7.089,6.507,9.248,9.871","5.307,4.412,7.116,7.932,7.056,6.487,8.093,8.522",484,0.03556611388921738,484,0.012031539343297482,"10767,10711,11677,1128,7932,4647,4030,966",0.35936132073402405,0.3795166015625,0.38128662109375,"0.749,0.738,0.881,0.743,0.748,0.736,0.707,0.687","12.2,8.07,7.9,7.25,6.77,6.53,6.47,6.13","0.00406,-0.00095,0.691,-0.0327,-0.00427,0.00482,-0.00336,0.0182","0,0,0.593,-0.0293,0,0,0,0","0,0,0.593,-0.0329,0,0,0,0.0216",0.69140625,0.5926339626312256,1,1.3369179964065552,0.7739964723587036
21,q_proj,gptq,4096,4096,0,0.0020506978034973145,0.0014845728874206543,61.92779272968846,0.023911748917898976,212.7564697265625,153.31565856933594,1302.283447265625,5470.4912109375,2676.142578125,5286.63134765625,0.8240336775779724,61.81968688964844,0.35374030470848083,"1505,3768,137,2787,1724,1433,2154,3940,1289,1361,64,3819,3669,582,1594,2722",237.68902587890625,,,,,0,976.9158935546875,2134.5966796875,1147.681396484375,2646.19140625,"1.187,0.397,0.519,0.401,0.307,0.361,0.558,0.644",2182.396484375,2725.36328125,"74.8,1719,2534,2093,1823,2056,3291,3868",212.8548583984375,254.8438720703125,"28,222.9,236,244.5,246.3,237.3,240,247.8","6.358,28.92,35.29,31.74,28.24,29.63,36.73,40.75","5.836,45.89,49,50.15,50.96,49.29,49.16,50.78",3641,0.005141848232597113,882,0.012904996052384377,"1724,1433,3768,484,312,379,2705,3940",0.8761239647865295,0.50653076171875,0.56231689453125,"0.738,0.672,0.835,0.615,0.596,0.558,0.921,0.738","84.2,76.1,73.5,71.2,54.7,48.7,33.3,29.3","-0.00607,-0.0094,-0.000496,-0.00171,-0.00243,0.000668,0.00336,-0.00296","-0.00861,-0.00861,0,0,0,0,0,0","-0.0119,-0.0162,0,0,0,0,0,0",0.0615234375,0.07028041779994965,1,2.0252254009246826,0.14084553718566895
21,k_proj,gptq,1024,4096,0,0.0020627975463867188,0.0014357566833496094,26.532139155144137,0.031892341709997656,75.72119903564453,52.45771789550781,470.98919677734375,1835.58740234375,1063.4532470703125,1854.7724609375,0.8240336775779724,26.491344451904297,0.4511295557022095,"1505,3768,2787,137,1433,1724,2154,3940,1289,1361,64,3669,1594,582,3819,2722",237.68902587890625,,,,,0,384.12066650390625,707.5863037109375,453.4130859375,918.07470703125,"1.494,0.481,0.585,0.473,0.342,0.433,0.717,0.762",2182.396484375,2725.36328125,"74.8,1719,2534,2093,1823,2056,3291,3868",212.8548583984375,254.8438720703125,"28,222.9,236,244.5,246.3,237.3,240,247.8","4.129,18.77,22.39,20.22,17.07,18.14,23.28,25.13","3.379,27.07,29.28,29.41,29.17,27.55,27.48,28.8",279,0.013868632726371288,171,0.017223617061972618,"1724,1433,3768,484,312,379,2705,3940",1.336403250694275,0.5201416015625,0.4593505859375,"0.42,0.607,0.464,0.294,0.548,0.442,0.524,0.491","84.2,76.1,73.5,71.2,54.7,48.7,33.3,29.3","-0.00519,0.0125,-0.00208,0.000129,0.00282,0.00154,0.0139,-0.00181","0,0.0174,0,0,0,0,0.0174,0","0,0.00991,0,0,0,0,0.00942,0",0.060791015625,0.06502233445644379,1,2.0097227096557617,0.5449212789535522
21,v_proj,gptq,1024,4096,0,0.0020399093627929688,0.0014488697052001953,7.424227160718772,0.017960986773652723,31.42306137084961,24.163841247558594,188.85903930664062,514.0654296875,360.5648193359375,513.3721923828125,0.8240336775779724,7.383079528808594,0.2023487091064453,"1505,2787,1433,3768,1724,1289,64,137,2154,582,1361,1594,2722,3669,4079,3940",237.68902587890625,,,,,0,132.85768127441406,203.34231567382812,156.51968383789062,272.6145324707031,"2.298,0.597,0.831,0.558,0.453,0.525,0.734,0.814",2182.396484375,2725.36328125,"74.8,1719,2534,2093,1823,2056,3291,3868",212.8548583984375,254.8438720703125,"28,222.9,236,244.5,246.3,237.3,240,247.8","2.011,10.41,13.41,11.49,10.24,10.7,13.83,15.11","1.327,13.47,14.71,15.38,15.22,14.77,16.14,16.74",887,0.011492522433400154,656,0.012402664870023727,"1724,1433,3768,484,312,379,2705,3940",0.4466855525970459,0.8441162109375,0.92333984375,"0.0718,0.091,0.0718,0.0776,0.0566,0.0743,0.0998,0.0486","84.2,76.1,73.5,71.2,54.7,48.7,33.3,29.3","-0.000511,-0.00237,0.000113,0.00125,0.00115,0.00177,-0.00033,-0.002","0,0,0,0,0,0,0,0","0,0,0,0,0,0,0,0",0.04833984375,0.05479542538523674,1,1.0975334644317627,0.5745509266853333
21,o_proj,gptq,4096,4096,0,0.002104640007019043,0.0014795660972595215,56.800881301329355,0.031024294201449806,166.53427124023438,104.80416870117188,14.781473159790039,47.87114715576172,15.234516143798828,22.15536117553711,0.5892008543014526,56.60709762573242,0.04278162121772766,"2736,2864,438,310,182,1501,1117,2252,2508,1373,54,1668,3747,2380,87,2124",76.92877960205078,,,,,0,1.581261396408081,2.7342355251312256,11.490015029907227,15.366271018981934,"0.105,0.436,0.526,0.534,0.606,0.470,0.563,0.758",314.8276062011719,2685.75732421875,"15.26,142.9,236.4,405.7,274.4,259.7,235.3,948.9",10.337150573730469,24.524967193603516,"6.195,8.022,8.942,11.38,10.68,10.61,9.621,17.25","0.3326,0.8249,1.01,1.285,1.266,1.132,1.093,2.26","1.027,1.249,1.392,1.759,1.626,1.652,1.456,2.595",379,0.04051817208528519,484,0.011378347873687744,"995,182,438,91,107,123,94,18",0.2973742187023163,0.358428955078125,0.357696533203125,"0.535,0.515,0.674,0.639,0.606,0.59,0.629,0.621","2.12,1.73,1.54,1.44,1.4,1.31,1.29,1.24","0.161,0.0693,0.224,-0.118,0.0564,-0.00464,-0.129,0.0742","0.19,0.0949,0.19,-0.108,0.0539,0,-0.162,0.0539","0.138,0.0594,0.192,-0.0949,0.0949,0,-0.0949,0.0949",0.33203125,0.3794642984867096,1,0.25481367111206055,0.09721982479095459
21,gate_proj,gptq,12800,4096,0,0.002046680450439453,0.0015041542053222657,121.37161779276721,0.019513662577440236,480.6228332519531,366.8800964355469,428.2286376953125,844.54296875,859.3677368164062,928.5648803710938,0.6292167901992798,121.21869659423828,0.10590092092752457,"162,2473,1414,2787,889,581,486,2722,582,1433,3066,2154,3054,1979,131,117",124.44339752197266,,,,,0,337.15850830078125,437.32928466796875,384.900634765625,449.7066955566406,"0.076,0.963,1.006,0.800,0.698,0.825,1.016,1.151",2797.439208984375,3309.050048828125,"231.7,2195,3272,2651,2233,2677,4267,4853",68.84127807617188,70.42622375488281,"84.4,56.96,65.75,66.05,64.06,64.91,74.3,74.3","7.125,16.79,19.81,17.96,16.12,17.73,22.47,23.89","25.82,17.11,19.75,20.08,19.3,19.52,22.29,22.26",1240,0.0016818795120343566,12445,0.0018149014795199037,"1433,2473,1724,3768,1414,2231,2722,3733",0.10902350395917892,0.31593748927116394,0.3051171898841858,"1.31,1.47,1.27,1.28,1.53,1.33,1.32,1.24","9.69,9.04,6.75,6,5.89,5.22,4.79,4.44","-0.0187,0.0299,-0.00296,0.00909,0.00708,0.0062,-0.011,-0.000317","-0.0233,0.0233,0,0,0,0,-0.0233,0","-0.0216,0.0285,0,0.00977,0.00718,0,-0.0119,0",0.1328125,0.11278581619262695,1,0.6612643003463745,0.11063104122877121
21,up_proj,gptq,12800,4096,0,0.00204681396484375,0.0015369606018066405,134.3442777847108,0.018354953428537255,555.7818603515625,425.542236328125,499.59429931640625,971.3565673828125,987.29443359375,1065.7529296875,0.6292167901992798,134.21115112304688,0.08287850022315979,"162,2473,1414,2787,581,889,2722,486,582,1433,3066,2154,1979,131,3054,117",124.44339752197266,,,,,0,384.5334167480469,497.38372802734375,448.4129333496094,515.7353515625,"0.065,0.934,0.990,0.793,0.723,0.840,1.026,1.144",2797.439208984375,3309.050048828125,"231.7,2195,3272,2651,2233,2677,4267,4853",68.84127807617188,70.42622375488281,"84.4,56.96,65.75,66.05,64.06,64.91,74.3,74.3","6.924,17.68,21.27,19.1,17.49,19.23,23.97,25.45","27.16,18.3,21.39,21.44,20.57,20.98,23.67,23.8",1652,0.001136028440669179,6001,0.0015669733984395862,"1433,2473,1724,3768,1414,2231,2722,3733",0.08374036103487015,0.40632811188697815,0.4410937428474426,"1.11,0.972,1,1.12,1.04,1.03,1.09,1.33","9.69,9.04,6.75,6,5.89,5.22,4.79,4.44","-0.00787,-0.00665,0.00134,-0.00152,0.000862,-0.0139,-0.00191,-0.0069","-0.00928,-0.00928,0,0,0,-0.00928,0,-0.00812","-0.00802,-0.00861,0,0,0,-0.00984,0,-0.009",0.050048828125,0.0510617159307003,1,0.589582622051239,0.1276724636554718
21,down_proj,gptq,4096,12800,0,0.001996898651123047,0.001545848846435547,218.70675981824024,0.030986024553652913,639.7449951171875,415.39324951171875,68.55107116699219,128.4986114501953,170.80628967285156,137.859130859375,0.28034406900405884,218.43487548828125,0.1417725384235382,"338,4046,4316,4544,589,9905,11722,8050,9154,9776,3970,8484,4026,9859,1882,7552",117.54340362548828,,,,,0,66.08283233642578,60.68352508544922,75.01451873779297,64.40164947509766,"0.019,1.037,1.163,1.136,1.020,1.224,1.393,1.476",10215.9150390625,12540.67578125,"229.3,5168,9422,1.072e+04,8486,8056,1.811e+04,2.153e+04",42.381561279296875,43.69751739501953,"38.54,34.78,36.9,47.9,44.66,37.24,47.88,51.16","1.031,6.525,7.594,9.207,8.137,7.379,10.07,10.98","7.505,6.407,7.041,8.64,8.058,6.669,8.533,9.036",2473,0.00957853440195322,379,0.01169905997812748,"2537,5213,10509,3603,9776,2338,2704,8256",0.5199596285820007,0.344482421875,0.34588623046875,"0.738,0.718,0.753,0.708,0.645,0.771,0.74,0.753","22,18.9,7.02,5.97,4.12,4.1,4.03,4.02","0.00818,0.0233,0.00909,0.0123,-0.0157,0.00409,0.00157,-0.00735","0,0,0,0,0,0,0,-0.0251","0.00984,0.0211,0.0109,0.00921,-0.0149,0,0,-0.00956",0.1767578125,0.15578822791576385,1,0.7964128851890564,0.11785946786403656
22,q_proj,gptq,4096,4096,0,0.0020503997802734375,0.001514732837677002,57.07001468347198,0.023075483675411977,200.77249145507812,145.88510131835938,1280.48486328125,5809.0859375,2834.013671875,5728.560546875,0.8846766352653503,57.00694274902344,0.3240601718425751,"3768,1505,1433,2787,1724,137,3940,2154,3669,3819,582,484,1361,312,1289,1594",394.9933166503906,,,,,0,1046.2073974609375,2351.38623046875,1210.2144775390625,2884.06396484375,"0.636,0.398,0.485,0.371,0.277,0.333,0.604,0.667",2321.994140625,2815.7021484375,"49.41,1738,2530,2445,1975,2257,3629,3953",227.23358154296875,267.437744140625,"28.82,235.9,248.1,264.7,264.8,259.5,256,260.1","4.667,29.51,35.56,32.84,28.48,30.64,39.85,42.37","5.851,46.76,51.08,53.94,54.11,53.13,51.29,51.87",1082,0.006546693854033947,1523,0.013620267622172832,"484,1724,3768,1433,312,2705,3819,3940",1.2745659351348877,0.477935791015625,0.521240234375,"0.613,0.777,0.821,0.665,0.577,0.918,0.86,0.735","97.2,84.5,76.8,76,69.7,32.5,31.1,30.9","-0.000216,-0.0171,0.008,0.000209,-0.00105,-0.0173,0.00793,-0.00632","0,-0.0169,0,0,0,-0.0169,0,0","0,-0.0166,0,0,0,-0.0201,0,0",0.09423828125,0.10721631348133087,1,2.3042309284210205,0.7473328709602356
22,k_proj,gptq,1024,4096,0,0.0020465850830078125,0.0014598369598388672,21.677655256499143,0.028884385161767473,65.3424301147461,45.18244934082031,423.5447082519531,1799.9229736328125,1015.6092529296875,1799.28173828125,0.8846766352653503,21.579471588134766,0.3984672725200653,"3768,1505,2787,1433,137,1724,3940,2154,3669,3819,582,1594,312,1361,1289,3704",394.9933166503906,,,,,0,368.5439453125,706.4407958984375,421.3378601074219,881.7003173828125,"0.800,0.500,0.620,0.461,0.320,0.353,0.699,0.713",2321.994140625,2815.7021484375,"49.41,1738,2530,2445,1975,2257,3629,3953",227.23358154296875,267.437744140625,"28.82,235.9,248.1,264.7,264.8,259.5,256,260.1","2.883,17.4,21.71,19.89,16.55,17.69,23.81,24.83","3.223,24.61,27.57,29.29,29.23,29.79,28.48,29.4",694,0.020413925871253014,502,0.014772400259971619,"484,1724,3768,1433,312,2705,3819,3940",1.6692333221435547,0.4935302734375,0.4327392578125,"0.26,0.384,0.453,0.571,0.454,0.498,0.375,0.432","97.2,84.5,76.8,76,69.7,32.5,31.1,30.9","-0.00519,-0.00244,-0.0245,0.0114,-0.0112,0.00137,0.015,-0.0162","0,0,-0.0186,0.0186,0,0,0.0186,-0.0186","0,0,-0.0236,0.0144,-0.016,0,0.0118,-0.0187",0.0654296875,0.07421875,1,2.364097833633423,2.3762519359588623
22,v_proj,gptq,1024,4096,0,0.002033233642578125,0.001483917236328125,9.38266842671623,0.019775222614671528,36.89348602294922,27.765974044799805,231.8530731201172,655.0635986328125,482.37677001953125,667.6304931640625,0.8846766352653503,9.362451553344727,0.22420792281627655,"3768,2787,1433,1724,1505,137,3669,582,1361,1289,1594,2722,2154,64,3940,4079",394.9933166503906,,,,,0,182.55886840820312,260.7934875488281,206.5908203125,336.9376220703125,"0.954,0.642,0.724,0.658,0.531,0.551,0.890,0.886",2321.994140625,2815.7021484375,"49.41,1738,2530,2445,1975,2257,3629,3953",227.23358154296875,267.437744140625,"28.82,235.9,248.1,264.7,264.8,259.5,256,260.1","1.434,12.33,14.33,14.49,12.66,13.21,16.57,16.78","1.468,15.39,16.84,17.87,17.37,17.79,17.56,17.83",657,0.01420025434345007,794,0.010304351337254047,"484,1724,3768,1433,312,2705,3819,3940",0.5982023477554321,0.851318359375,0.894287109375,"0.0476,0.09,0.108,0.108,0.0568,0.136,0.0548,0.0566","97.2,84.5,76.8,76,69.7,32.5,31.1,30.9","0.00319,-0.00233,0.000603,-0.00433,-0.00134,-0.0005,0.00194,-0.00198","0,0,0,0,0,0,0,0","0,0,0,0,0,0,0,0",0.04931640625,0.04482782259583473,1,1.508935570716858,0.9826405048370361
22,o_proj,gptq,4096,4096,0,0.0021179914474487305,0.0015004277229309082,60.72910953862917,0.0317953087308326,176.15040588378906,108.60383605957031,7.382803916931152,22.612178802490234,16.744552612304688,16.962305068969727,0.30236586928367615,60.536903381347656,0.03451047092676163,"2505,2377,2121,2249,1175,1303,1047,1292,160,288,32,416,1431,3474,3218,1036",37.36212921142578,,,,,0,3.628063917160034,4.6522417068481445,14.194323539733887,13.957876205444336,"0.119,0.703,0.984,0.855,0.766,0.610,0.882,0.826",2227.263671875,11310.3408203125,"19.24,5622,2256,1002,1055,609.3,4207,3048",12.225578308105469,21.886882781982422,"3.825,22.75,9.417,9.56,11.25,9.224,16.49,15.29","0.2163,3.087,1.577,1.433,1.541,1.127,2.508,2.23","0.6265,3.683,1.59,1.55,1.761,1.443,2.671,2.453",3704,0.008475204929709435,379,0.028017649427056313,"3530,3571,3474,2443,3502,3579,2505,3490",0.28443899750709534,0.346466064453125,0.34332275390625,"0.579,0.656,0.705,0.577,0.653,0.622,0.737,0.681","2.76,2.61,2.51,1.6,1.56,1.51,1.42,1.36","-0.0471,0.0669,-0.0289,-0.00558,-0.00861,0.0649,0.0542,-0.00458","-0.0346,0.0692,-0.0346,-0.0132,0,0.068,0.0692,0","-0.0555,0.0555,-0.0555,0,0,0.0555,0.0465,0",0.275390625,0.2351905256509781,2,0.14187704026699066,0.00496218167245388
22,gate_proj,gptq,12800,4096,0,0.0020526695251464845,0.0015050888061523438,118.3147993152179,0.018870642307531525,479.56231689453125,366.10980224609375,471.2017517089844,897.924072265625,980.1048583984375,1015.8207397460938,0.586267352104187,118.16209411621094,0.08944344520568848,"162,1414,2473,889,581,486,2787,2722,3054,3066,2154,1367,1433,582,131,2231",105.50419616699219,,,,,0,370.4084167480469,469.40179443359375,451.55169677734375,487.68060302734375,"0.079,0.938,1.035,0.814,0.722,0.861,1.042,1.193",2820.14697265625,3480.98486328125,"232,1952,3126,2940,2318,2682,4411,4899",71.09504699707031,73.32505798339844,"88.77,55.82,65.62,70.81,67.38,66.59,77.23,76.55","7.494,16.18,20.1,19.31,17.27,18.82,23.93,25.36","26.73,16.7,19.76,21.4,20.33,20.28,23.44,23.23",1573,0.0013175816275179386,9385,0.002835654653608799,"1433,2473,3733,1724,2231,3768,1414,2722",0.08837621659040451,0.3026464879512787,0.28987303376197815,"1.36,1.45,1.23,1.36,1.39,1.35,1.53,1.35","8.81,7.55,6.38,6.11,5.96,5.53,5.34,4.47","0.000641,0.0123,-0.0201,-0.00531,0.00742,-0.00125,0.0118,0.0193","0,0.0175,-0.0202,0,0,0,0.0175,0.0175","0,0.0119,-0.0183,-0.00914,0.00858,0,0.0142,0.0175",0.061279296875,0.0525251105427742,1,0.6269214749336243,0.21281152963638306
22,up_proj,gptq,12800,4096,0,0.0020537948608398437,0.0015443229675292968,129.12425128084396,0.017854812449259176,544.58349609375,417.265869140625,540.2086791992188,1016.68115234375,1104.2550048828125,1150.74951171875,0.586267352104187,129.041015625,0.06876697391271591,"162,2473,1414,889,581,486,2787,2722,3054,3066,1367,1433,2154,582,131,2231",105.50419616699219,,,,,0,416.97705078125,524.967529296875,506.4664306640625,561.3419799804688,"0.061,0.936,1.052,0.843,0.737,0.881,1.048,1.178",2820.14697265625,3480.98486328125,"232,1952,3126,2940,2318,2682,4411,4899",71.09504699707031,73.32505798339844,"88.77,55.82,65.62,70.81,67.38,66.59,77.23,76.55","6.957,17.36,21.46,20.94,18.51,19.92,25.26,26.64","28.17,17.94,20.92,22.81,21.56,21.22,24.67,24.55",446,0.0011300890473648906,9864,0.0014737171586602926,"1433,2473,3733,1724,2231,3768,1414,2722",0.069148950278759,0.4044140577316284,0.440185546875,"1.05,0.984,1.34,0.946,0.975,1.07,1.02,1.07","8.81,7.55,6.38,6.11,5.96,5.53,5.34,4.47","0.00668,-0.00267,-0.0117,-0.000106,-0.00394,-0.00516,0.000751,0.00668","0.0103,0,-0.0111,0,0,0,0,0.0103","0.00942,0,-0.0106,0,0,0,0,0.0124",0.0478515625,0.05572520196437836,1,0.6220853328704834,0.061364710330963135
22,down_proj,gptq,4096,12800,0,0.0020116424560546876,0.0015529632568359376,200.79852986730293,0.02853853162516396,617.8015747070312,410.48138427734375,72.17230224609375,133.3604736328125,183.828857421875,152.9906005859375,0.5778154134750366,200.6179962158203,0.13156060874462128,"11728,1325,7008,5040,1828,4357,9445,2310,10244,7583,11776,9780,476,10852,11173,7730",301.8754577636719,,,,,0,60.112945556640625,92.26182556152344,73.7064208984375,63.681427001953125,"0.005,0.738,1.143,1.233,1.238,1.061,1.294,1.275",9259.72265625,12219.267578125,"240.1,2857,8604,1.084e+04,1.115e+04,7505,1.367e+04,1.922e+04",47.84199523925781,43.895137786865234,"93.57,25.5,37.68,41.28,42.72,46.18,43.98,51.82","1.352,4.298,7.28,8.312,8.534,8.529,9.037,10.55","18.24,5.003,6.808,7.485,7.67,8.282,7.946,9.342",379,0.008473305962979794,484,0.026851188391447067,"784,9770,9095,11728,4273,3065,8247,5162",0.30360206961631775,0.382110595703125,0.380462646484375,"0.737,0.724,0.743,0.814,0.752,0.733,0.736,0.7","10.4,10.2,9.91,8.88,5.89,5.81,5.17,4.94","0.0181,-2.55e-06,-0.0244,0.418,0.0116,-0.0256,-0.00446,0.0204","0.0154,0,-0.0154,0.358,0.0155,-0.0309,0,0.0196","0.0181,0,-0.046,0.358,0.0137,-0.03,0,0.0273",0.41796875,0.3582589626312256,3,0.7855663299560547,0.5804852843284607
23,q_proj,gptq,4096,4096,0,0.0,0.0,3.96238376554464e-22,3.9623837655446404e-10,1.7522307168868846e-22,1.7522307168868846e-22,7.305922861025407e-25,7.305922861025407e-25,8.844655221226882e-25,8.844655221226882e-25,0.9323183298110962,1.8226549173597335e-22,0.0010307143675163388,"2682,2894,2672,1197,3297,1914,3635,2103,1799,3176,3274,2633,1395,1743,1339,1008",18.1502685546875,,,,,0,3.1678302162102144e-25,3.1678302162102144e-25,4.248080069563698e-25,4.248080069563698e-25,"0.000,0.000,0.000,0.000,0.000,0.000,0.000,0.000",1871.814697265625,2404.6923828125,"188.3,1211,1982,2070,1668,1769,2863,3224",2.654012680053711,3.2144148349761963,"0.5552,2.311,2.852,2.981,2.883,2.824,3.377,3.45","1.117e-13,4.952e-13,5.706e-13,6.273e-13,5.82e-13,5.727e-13,6.621e-13,6.726e-13","1.117e-13,4.952e-13,5.706e-13,6.273e-13,5.82e-13,5.727e-13,6.621e-13,6.726e-13",2351,1.011094547049749e-15,2351,1.011094547049749e-15,"2065,2373,2866,3274,1879,1339,3396,3829",1.2914930626675702e-12,1.0,1.0,"2.01e-13,2e-13,1.94e-13,1.98e-13,1.97e-13,2.16e-13,2.01e-13,1.98e-13","0.29,0.265,0.26,0.25,0.227,0.226,0.225,0.225","-2.21e-15,-1.38e-15,-4.44e-16,1.62e-15,3.48e-15,-1.39e-15,5.61e-15,-3.97e-15","0,0,0,0,0,0,0,0","0,0,0,0,0,0,0,0",1.2656542480726785e-14,0.0,4096,3.179771170761653e-14,3.179771170761653e-14
23,k_proj,gptq,1024,4096,0,0.0,0.0,1.2902334758302395e-22,1.2902334758302394e-10,5.104245601142035e-23,5.104245601142035e-23,2.176281362153979e-25,2.176281362153979e-25,2.7069185108122077e-25,2.7069185108122077e-25,0.9323183298110962,5.356560552866441e-23,0.00034129037521779537,"2894,2633,2682,3274,3635,2672,3297,1799,1193,1197,1339,1914,3571,1379,2103,1743",18.1502685546875,,,,,0,9.908040584281421e-26,9.908040584281421e-26,1.3336436857645342e-25,1.3336436857645342e-25,"0.000,0.000,0.000,0.000,0.000,0.000,0.000,0.000",1871.814697265625,2404.6923828125,"188.3,1211,1982,2070,1668,1769,2863,3224",2.654012680053711,3.2144148349761963,"0.5552,2.311,2.852,2.981,2.883,2.824,3.377,3.45","6.647e-14,2.339e-13,2.791e-13,3.097e-13,2.967e-13,2.86e-13,4.404e-13,4.426e-13","6.647e-14,2.339e-13,2.791e-13,3.097e-13,2.967e-13,2.86e-13,4.404e-13,4.426e-13",116,1.0830450196004367e-15,116,1.0830450196004367e-15,"2065,2373,2866,3274,1879,1339,3396,3829",3.8168754723684473e-13,1.0,1.0,"1.34e-13,9.81e-14,1.07e-13,1.24e-13,1.05e-13,1.36e-13,1.04e-13,1.19e-13","0.29,0.265,0.26,0.25,0.227,0.226,0.225,0.225","-1.79e-15,5.25e-15,6.07e-16,-2.11e-15,-3.61e-15,6.69e-15,6.99e-15,3.66e-15","0,0,0,0,0,0,0,0","0,0,0,0,0,0,0,0",1.9761969838327786e-14,0.0,4096,3.2909649126926926e-14,3.2909649126926926e-14
23,v_proj,gptq,1024,4096,0,0.002009153366088867,0.0014190673828125,12.93676469359675,0.08908719928761208,22.18663787841797,13.276418685913086,0.042576536536216736,0.06363806128501892,0.09400799870491028,0.07785707712173462,0.9323183298110962,12.924174308776855,0.09399479627609253,"2894,2672,2682,1197,3297,2103,1914,3635,1799,3176,3274,2633,1395,1008,1743,1193",18.1502685546875,,,,,0,0.032819755375385284,0.027315448969602585,0.04366924241185188,0.03931109607219696,"1.331,1.230,1.281,1.003,0.923,1.058,1.291,1.477",1871.814697265625,2404.6923828125,"188.3,1211,1982,2070,1668,1769,2863,3224",2.654012680053711,3.2144148349761963,"0.5552,2.311,2.852,2.981,2.883,2.824,3.377,3.45","0.01812,0.1533,0.1929,0.1754,0.1642,0.1686,0.2321,0.248","0.0157,0.1382,0.1704,0.1751,0.1709,0.1639,0.2043,0.2041",726,0.01082916371524334,175,0.009909657761454582,"2065,2373,2866,3274,1879,1339,3396,3829",0.09265236556529999,0.3143310546875,0.261962890625,"0.303,0.303,0.307,0.293,0.299,0.286,0.296,0.296","0.29,0.265,0.26,0.25,0.227,0.226,0.225,0.225","0.000294,0.0151,-0.00464,-0.00565,0.0119,0.00322,0.00558,0.00836","0,0.013,-0.00803,-0.00649,0.013,0.00649,0.00846,0.00649","0,0.015,-0.00582,-0.00586,0.0107,0,0.00806,0.00582",0.0299072265625,0.03384752199053764,1,0.017084447667002678,0.009263593703508377
23,o_proj,gptq,4096,4096,0,0.016719937324523926,0.0015119314193725586,9.43242868730863,0.01859077506652588,35.95815658569336,28.771059036254883,0.00013752546510659158,0.016510719433426857,0.0018919175490736961,0.029150817543268204,0.028019370511174202,8.209238052368164,0.03415290638804436,"2554,332,1820,809,3847,3917,1362,1401,3430,349,3908,1883,3932,1359,1347,3380",20.516605377197266,,,,,0,0.0008081055129878223,0.013183770701289177,0.001111902529373765,0.017605122178792953,"0.061,0.059,0.064,0.059,0.060,0.058,0.063,0.066",5201.443359375,7518.4111328125,"52.65,4418,6738,5725,6360,5857,5927,6534",0.6627054810523987,0.8197687864303589,"0.06779,0.6654,0.7767,0.7383,0.7797,0.7626,0.7402,0.771","0.002788,0.02653,0.03237,0.02945,0.0314,0.03027,0.03034,0.03186","0.01125,0.1096,0.1279,0.1216,0.1279,0.1258,0.1205,0.1244",379,0.006116184405982494,3117,0.0028834794647991657,"3213,3085,3341,3469,1458,1330,1074,1202",0.09515028446912766,0.252532958984375,0.303375244140625,"0.355,0.355,0.355,0.355,0.346,0.346,0.346,0.346","0.0436,0.0436,0.0436,0.0436,0.0397,0.0397,0.0397,0.0397","-0.012,-0.012,-0.012,-0.012,0.0114,0.0114,0.0113,0.0113","-0.0137,-0.0137,-0.0137,-0.00684,0.00776,0.0155,0.0155,0.00776","-0.0082,-0.0082,-0.00816,-0.00816,0.00799,0.00795,0.00799,0.00799",0.0947265625,0.0811941996216774,7,0.0024559958837926388,0.006770140957087278
23,gate_proj,gptq,12800,4096,0,0.0020417213439941407,0.0015097618103027343,114.99780268083487,0.018199595067527243,477.763916015625,365.87066650390625,524.2039794921875,961.9960327148438,1092.428955078125,1104.52587890625,0.6006662249565125,114.8679428100586,0.08673828840255737,"162,2473,1414,581,486,889,2787,3054,2722,2154,1367,582,1433,3066,718,131",95.93819427490234,,,,,0,402.8402404785156,496.1533508300781,496.73687744140625,523.38916015625,"0.078,0.974,1.009,0.903,0.793,0.863,1.069,1.267",2755.87744140625,3439.39111328125,"232.7,1784,3056,3029,2337,2575,4219,4814",73.25387573242188,75.51071166992188,"92.87,55.37,68.69,73.45,68.71,69.56,78.93,78.45","7.874,16.33,20.85,21.11,18.54,19.31,24.59,26.32","28.17,16.55,20.75,22.23,20.82,20.79,23.78,23.38",4424,0.0014679492451250553,1946,0.0029563738498836756,"1433,2473,3733,2231,1724,3768,1414,2554",0.07108388096094131,0.29316404461860657,0.2797167897224426,"1.39,1.49,1.24,1.43,1.42,1.37,1.56,1.26","8.44,7.97,6.17,5.96,5.73,4.97,4.62,4.51","-0.0352,0.0194,-0.0125,0.0199,-0.0289,-0.0083,0.0564,0.0199","-0.0322,0.0161,-0.00927,0.0161,-0.0322,-0.0161,0.0483,0.0226","-0.0322,0.013,-0.0123,0.014,-0.0268,-0.0123,0.0483,0.0261",0.060302734375,0.06999682635068893,1,0.7103313207626343,0.1756000965833664
23,up_proj,gptq,12800,4096,0,0.0020372772216796873,0.0015453147888183595,124.02284703899932,0.01729154387984135,535.8735961914062,412.6626892089844,593.3759765625,1079.673583984375,1212.886962890625,1234.778076171875,0.6006662249565125,123.96418762207031,0.06585543602705002,"162,2473,1414,581,889,486,2787,3054,2722,1367,582,1433,2154,3066,131,718",95.93819427490234,,,,,0,441.0939636230469,550.44091796875,552.2672119140625,579.951171875,"0.061,0.931,0.996,0.887,0.788,0.848,1.078,1.239",2755.87744140625,3439.39111328125,"232.7,1784,3056,3029,2337,2575,4219,4814",73.25387573242188,75.51071166992188,"92.87,55.37,68.69,73.45,68.71,69.56,78.93,78.45","7.253,16.91,21.89,21.93,19.29,20.57,25.98,27.57","29.38,17.52,21.93,23.27,21.74,22.34,25.02,24.76",6649,0.0014551697531715035,12280,0.0014323070645332336,"1433,2473,3733,2231,1724,3768,1414,2554",0.05642710253596306,0.39841794967651367,0.4277636706829071,"1.02,0.933,1.33,0.943,0.904,1.08,0.994,1.31","8.44,7.97,6.17,5.96,5.73,4.97,4.62,4.51","-0.00491,-0.0119,-0.016,-0.00278,-0.00397,-0.0175,0.00252,0.00232","0,-0.0107,-0.0129,0,0,-0.0213,0,0","0,-0.0116,-0.0209,0,0,-0.0209,0,0",0.05615234375,0.05961468815803528,1,0.735967755317688,0.07564696669578552
23,down_proj,gptq,4096,12800,0,0.001993122100830078,0.001540069580078125,188.51577839502082,0.0268933856001113,601.0736083984375,405.98944091796875,76.37924194335938,129.31607055664062,187.87388610839844,145.92730712890625,0.2778279185295105,188.4709014892578,0.11631682515144348,"3971,7827,4438,5054,5876,9721,2104,1012,7370,6652,6887,9761,11967,11789,12355,1974",115.08014678955078,,,,,0,61.86769104003906,55.54732894897461,69.7718505859375,56.13955307006836,"0.076,0.963,1.265,0.884,1.061,1.360,1.268,1.399",9055.1064453125,10556.939453125,"225.7,2826,8369,1.159e+04,1.059e+04,6939,1.45e+04,1.739e+04",40.03728485107422,41.121253967285156,"22.22,24.86,36.33,59.73,47.91,32.78,46.98,49.48","1.094,4.413,7.429,9.805,8.775,6.761,9.51,10.48","3.966,4.496,6.606,10.43,8.519,5.797,8.444,8.859",312,0.0034941614139825106,2432,0.003475724719464779,"1364,8041,7827,4102,11034,3971,6208,3493",0.3836977481842041,0.3726806640625,0.36444091796875,"0.747,0.696,0.604,0.751,0.727,0.775,0.783,0.748","24,13.7,8.63,7.54,6.6,4.75,4.45,3.99","-0.0195,0.0128,-0.0449,0.00964,0.0154,-0.312,-0.00482,0.00577","-0.0369,0.0175,-0.0893,0,0.0167,-0.357,0,0.0144","-0.0248,0.0191,-0.0527,0.0142,0.0151,-0.357,0,0",0.3125,0.3571428656578064,1,0.5186949968338013,0.4848066568374634
24,q_proj,gptq,4096,4096,0,0.0,0.0,3.961882663487384e-22,3.9618826634873844e-10,1.7003516896626955e-22,1.7003516896626955e-22,7.569777112299205e-25,7.569777112299205e-25,9.060256823080574e-25,9.060256823080574e-25,0.9059908390045166,1.7857344599469624e-22,0.0010203506099060178,"3434,3582,1685,445,706,215,2418,2476,2364,3967,3492,510,1792,2189,2816,2316",17.399921417236328,,,,,0,3.3341013874320416e-25,3.3341013874320416e-25,4.217350979076945e-25,4.217350979076945e-25,"0.000,0.000,0.000,0.000,0.000,0.000,0.000,0.000",1910.692138671875,2342.16259765625,"165.5,1154,2075,2359,1785,1810,2861,3077",2.731210708618164,3.1922125816345215,"0.5898,2.21,2.967,3.419,2.958,2.975,3.403,3.328","1.313e-13,4.429e-13,5.887e-13,6.818e-13,5.902e-13,6.016e-13,7.063e-13,6.583e-13","1.313e-13,4.429e-13,5.887e-13,6.818e-13,5.902e-13,6.016e-13,7.063e-13,6.583e-13",3401,1.0786227664619404e-15,3401,1.0786227664619404e-15,"1119,3434,1820,2316,992,3967,2025,1759",1.6888475210322107e-12,1.0,1.0,"2e-13,2.04e-13,1.97e-13,2e-13,2.04e-13,2e-13,1.93e-13,2.02e-13","0.35,0.337,0.323,0.295,0.238,0.234,0.231,0.223","-5.48e-16,-2.39e-16,-4.97e-15,4.55e-15,-3.51e-15,8.85e-16,9.09e-16,2.14e-15","0,0,0,0,0,0,0,0","0,0,0,0,0,0,0,0",1.2323475573339238e-14,0.0,4096,3.2842391322783146e-14,3.2842391322783146e-14
24,k_proj,gptq,1024,4096,0,0.0,0.0,1.1107688875081207e-22,1.1107688875081207e-10,4.675693443392737e-23,4.675693443392737e-23,2.090261257339318e-25,2.090261257339318e-25,2.591505448669012e-25,2.591505448669012e-25,0.9059908390045166,4.9379108082882015e-23,0.0003227728884667158,"3582,2364,1685,3434,2816,1792,706,445,2418,3704,3492,215,2189,2476,3967,510",17.399921417236328,,,,,0,1.0226582001512083e-25,1.0226582001512083e-25,1.1356027439586445e-25,1.1356027439586445e-25,"0.000,0.000,0.000,0.000,0.000,0.000,0.000,0.000",1910.692138671875,2342.16259765625,"165.5,1154,2075,2359,1785,1810,2861,3077",2.731210708618164,3.1922125816345215,"0.5898,2.21,2.967,3.419,2.958,2.975,3.403,3.328","8.162e-14,2.298e-13,3.322e-13,3.682e-13,2.974e-13,3.079e-13,4.116e-13,4.001e-13","8.162e-14,2.298e-13,3.322e-13,3.682e-13,2.974e-13,3.079e-13,4.116e-13,4.001e-13",113,1.0456139983865587e-15,113,1.0456139983865587e-15,"1119,3434,1820,2316,992,3967,2025,1759",4.315877624901099e-13,1.0,1.0,"1.02e-13,9.85e-14,1.05e-13,9.94e-14,1.2e-13,1.04e-13,1.02e-13,1.08e-13","0.35,0.337,0.323,0.295,0.238,0.234,0.231,0.223","9.85e-16,-6.63e-15,3.11e-15,1.89e-15,4.93e-16,8.05e-16,2.5e-15,1.35e-15","0,0,0,0,0,0,0,0","0,0,0,0,0,0,0,0",1.2212453270876722e-14,0.0,4096,3.233595371175159e-14,3.233595371175159e-14
24,v_proj,gptq,1024,4096,0,0.002023935317993164,0.0014133453369140625,13.468880405557474,0.08686027714102659,23.33913803100586,13.988424301147461,0.04661867022514343,0.06945762038230896,0.10162317752838135,0.08462409675121307,0.9059908390045166,13.431989669799805,0.0953933522105217,"3434,3582,1685,445,706,215,2418,2476,3492,2364,3967,2189,1792,2316,1820,2816",17.399921417236328,,,,,0,0.03586115688085556,0.0317021980881691,0.04415666684508324,0.0402609258890152,"1.655,1.219,1.395,1.035,0.994,1.060,1.069,1.210",1910.692138671875,2342.16259765625,"165.5,1154,2075,2359,1785,1810,2861,3077",2.731210708618164,3.1922125816345215,"0.5898,2.21,2.967,3.419,2.958,2.975,3.403,3.328","0.02861,0.1533,0.21,0.2106,0.1789,0.1929,0.2228,0.2351","0.02224,0.1388,0.1778,0.207,0.1794,0.1874,0.2154,0.2137",232,0.008564874529838562,886,0.010873168706893921,"1119,3434,1820,2316,992,3967,2025,1759",0.11365561187267303,0.313720703125,0.2633056640625,"0.313,0.301,0.32,0.314,0.296,0.302,0.296,0.314","0.35,0.337,0.323,0.295,0.238,0.234,0.231,0.223","0.0166,-0.0136,-0.00879,0.00626,0.0031,0.0125,0.00751,0.0221","0.0142,-0.0142,-0.00708,0.00708,0,0.0142,0.00717,0.0184","0.016,-0.0152,-0.00921,0.00523,0.00596,0.0136,0.00586,0.0189",0.0322265625,0.03020939789712429,1,0.016553452238440514,0.002541427267715335
24,o_proj,gptq,4096,4096,0,0.01650935411453247,0.0015075206756591797,9.916066243722184,0.018494774275877486,38.01751708984375,30.55430793762207,0.00015419672126881778,0.019108042120933533,0.0019017832819372416,0.0325004905462265,0.14706198871135712,8.64598274230957,0.03413701802492142,"3491,3935,3416,3942,2836,795,3388,2330,1804,1807,382,2382,3924,1398,2816,2319",15.155284881591797,,,,,0,0.0009590970585122705,0.01489987038075924,0.0011277822777628899,0.019669316709041595,"0.061,0.069,0.065,0.066,0.068,0.063,0.060,0.061",5476.01318359375,6500.3427734375,"66.17,3851,6041,6887,7623,6650,6119,6570",0.6759961843490601,0.8086722493171692,"0.08171,0.6053,0.752,0.794,0.8309,0.7946,0.767,0.7824","0.003397,0.02689,0.03283,0.03505,0.03663,0.03394,0.03212,0.03325","0.01372,0.1023,0.129,0.1361,0.1407,0.1349,0.1315,0.1347",312,0.0063211070373654366,3300,0.009651778265833855,"3787,3659,3915,4043,1428,1300,1044,1172",0.056847523897886276,0.25347900390625,0.305511474609375,"0.371,0.371,0.371,0.37,0.371,0.371,0.371,0.371","0.0389,0.0389,0.0389,0.0389,0.0367,0.0367,0.0367,0.0367","0.00626,0.00635,0.00635,0.00635,0.00952,0.00952,0.00952,0.00952","0.0116,0,0,0.0116,0.0121,0.0121,0.0121,0.0121","0,0,0,0,0.0107,0.0105,0.0107,0.0105",0.1025390625,0.1171875074505806,6,0.0029126221779733896,0.005195405334234238
24,gate_proj,gptq,12800,4096,0,0.0020466232299804687,0.0015181541442871095,112.04840791365132,0.017594043982296855,477.3580322265625,367.7568359375,505.90960693359375,911.6669921875,1042.149658203125,1049.810791015625,0.6287628412246704,111.94590759277344,0.0876830667257309,"162,2473,1414,486,581,889,2787,3054,582,1433,718,1367,2154,2722,2231,131",95.25062561035156,,,,,0,382.42425537109375,481.00006103515625,456.7610778808594,478.6226806640625,"0.078,0.962,1.007,0.833,0.798,0.896,1.062,1.234",2736.896240234375,3330.71875,"232.6,1720,3055,3198,2418,2553,4090,4629",71.68522644042969,72.73500061035156,"91.4,52.74,66.92,75.22,67.46,66.81,76.9,76.02","7.839,15.7,20.45,20.84,18.17,18.96,23.9,25.27","28.03,16,20.38,22.83,20.34,20.03,23.19,22.74",12683,0.001448158291168511,4555,0.002254993887618184,"2473,1433,3733,2231,1724,3768,2554,1119",0.06920859217643738,0.29497069120407104,0.2838085889816284,"1.48,1.38,1.25,1.43,1.39,1.38,1.27,1.28","8.22,8.12,6.1,5.99,5.2,4.58,4.45,4.01","0.0231,-0.0393,0.00345,0.0247,-0.0437,-0.0339,-0.00166,-0.0139","0.0206,-0.0413,0,0.0206,-0.0413,-0.0413,0,-0.00877","0.0154,-0.0356,0,0.0215,-0.0488,-0.0275,0,-0.0152",0.072265625,0.06958574801683426,1,0.6913391351699829,0.32420971989631653
24,up_proj,gptq,12800,4096,0,0.002055015563964844,0.0015424537658691407,119.46862299415443,0.016686749905816953,529.435546875,410.2290954589844,566.147216796875,1011.2406616210938,1149.664794921875,1164.45556640625,0.6287628412246704,119.37236022949219,0.06672289222478867,"162,2473,1414,486,581,889,2787,3054,582,718,1433,1367,2722,2231,2154,131",95.25062561035156,,,,,0,420.20526123046875,528.3582763671875,504.06658935546875,530.9478149414062,"0.058,0.983,1.043,0.868,0.797,0.863,1.039,1.202",2736.896240234375,3330.71875,"232.6,1720,3055,3198,2418,2553,4090,4629",71.68522644042969,72.73500061035156,"91.4,52.74,66.92,75.22,67.46,66.81,76.9,76.02","6.997,16.48,21.55,22.34,19.2,19.68,25,26.4","28.95,16.62,21.1,23.98,21.5,21.17,24.53,24.08",3992,0.001208492903970182,5309,0.001369308214634657,"2473,1433,3733,2231,1724,3768,2554,1119",0.05470772087574005,0.3906542956829071,0.41761717200279236,"0.89,1.02,1.33,0.93,0.929,1.06,1.31,1.29","8.22,8.12,6.1,5.99,5.2,4.58,4.45,4.01","-0.000469,-0.00507,0.0094,0.004,0.000425,-0.00934,-0.0118,0.00595","0,-0.00788,0.00847,0.00788,0,-0.00788,-0.00877,0.00877","0,-0.00844,0.00841,0,0,-0.00841,-0.0149,0.00834",0.041259765625,0.046302299946546555,1,0.6674292087554932,0.1324252486228943
24,down_proj,gptq,4096,12800,0,0.0019930076599121095,0.001541919708251953,181.89793068099007,0.02590258676388561,592.929931640625,404.8924560546875,65.45573425292969,109.40621948242188,151.25865173339844,115.33323669433594,0.4751094877719879,181.86062622070312,0.11760663241147995,"11976,12058,2605,7857,6245,3818,9635,2236,239,11108,3087,4080,3172,1752,8549,9862",134.84542846679688,,,,,0,52.06938934326172,44.400150299072266,53.75629425048828,42.16729736328125,"0.034,1.081,1.375,1.223,1.253,1.120,1.411,1.486",8862.552734375,9591.6171875,"229.3,3660,7305,1.307e+04,9385,9706,1.313e+04,1.441e+04",36.58784484863281,35.94709014892578,"30.5,24.25,30.83,43.38,35.96,42.89,41.51,43.4","1.07,4.534,6.344,8.484,7.162,8.211,8.803,9.296","5.814,4.362,5.41,7.672,6.398,7.759,7.412,7.626",1137,0.0027811878826469183,312,0.009233585558831692,"11976,5977,2560,2605,9581,7697,5527,11181",0.13256004452705383,0.358856201171875,0.3507080078125,"0.717,0.735,0.749,0.607,0.726,0.765,0.734,0.735","7.08,4.79,4.65,4.33,4.08,3.5,3.4,3.08","0.0167,0.0102,-0.0209,0.0142,0.00522,-0.0142,0.0171,0.0016","0.0114,0.0109,-0.0197,0.0114,0,-0.0171,0.0208,0","0.0169,0.01,-0.0205,0.0103,0.00991,-0.0163,0.0226,0",0.048095703125,0.05345940962433815,1,0.37768661975860596,0.05230583995580673
25,q_proj,gptq,4096,4096,0,0.002061009407043457,0.0015232563018798828,48.549237421681504,0.01941258965753623,192.83529663085938,147.6956787109375,1393.7265625,6155.728515625,3037.52099609375,6333.8251953125,0.9483873844146729,48.4227294921875,0.2691352367401123,"1505,3768,2787,1724,1433,2154,137,3669,3940,162,2722,1289,3819,1361,2231,582",966.2045288085938,,,,,0,1066.75634765625,2621.733154296875,1280.181640625,3161.248291015625,"1.997,0.313,0.442,0.394,0.297,0.310,0.514,0.557",2349.876953125,2901.90087890625,"42.14,1537,2630,2902,2110,2235,3467,3877",231.55711364746094,270.25347900390625,"20.94,249,262.6,267.3,261.2,262.1,265.7,263.6","5.942,28.48,36.62,35.59,29.84,30.9,39.36,41.05","4.205,50.88,55.09,56.7,54.74,55.51,54.91,55",3687,0.007892902940511703,3122,0.016585497185587883,"379,1724,1433,3768,484,2231,2705,3819",0.7177353501319885,0.502410888671875,0.5545654296875,"0.592,0.825,0.696,0.856,0.639,0.727,0.916,0.821","133,72.7,66,62.8,52.5,32.5,24,23.5","0.0342,0.0178,0.0309,-0.0149,-0.0525,0.0432,-0.01,-0.0243","0.035,0.0175,0.035,-0.0175,-0.0525,0.0525,0,-0.0175","0.0389,0.0156,0.0318,-0.0184,-0.045,0.0416,-0.0116,-0.0276",0.061279296875,0.05571090430021286,1,2.651174306869507,0.8711994886398315
25,k_proj,gptq,1024,4096,0,0.002018451690673828,0.0014672279357910156,17.24847392202052,0.022666464496890464,61.375465393066406,45.389564514160156,443.91937255859375,1814.18505859375,1020.6156616210938,1812.86962890625,0.9483873844146729,17.19202423095703,0.32494398951530457,"1505,3768,2787,1433,1724,2154,3669,137,3940,162,2722,3819,1289,2231,1361,1493",966.2045288085938,,,,,0,365.2572937011719,733.205810546875,419.50445556640625,916.668701171875,"2.396,0.356,0.541,0.491,0.342,0.406,0.563,0.732",2349.876953125,2901.90087890625,"42.14,1537,2630,2902,2110,2235,3467,3877",231.55711364746094,270.25347900390625,"20.94,249,262.6,267.3,261.2,262.1,265.7,263.6","3.635,16.36,20.94,20.36,16.88,18,22.63,25.83","2.348,27.42,28.45,29.06,28.86,28.27,30.17,30.2",445,0.010793029330670834,181,0.033006004989147186,"379,1724,1433,3768,484,2231,2705,3819",0.9117381572723389,0.51416015625,0.4639892578125,"0.392,0.366,0.529,0.412,0.231,0.481,0.412,0.349","133,72.7,66,62.8,52.5,32.5,24,23.5","-0.00433,-0.00592,0.022,0.00141,-0.000656,0.0137,0.00223,0.0121","0,0,0.0195,0,0,0.0195,0,0.0195","0,0,0.0225,0,0,0.0103,0,0.0121",0.068359375,0.05859375,1,1.7536407709121704,0.48662039637565613
25,v_proj,gptq,1024,4096,0,0.0020554065704345703,0.0015017986297607422,8.7013647705589,0.015887574322392815,40.122406005859375,31.407699584960938,287.6036071777344,703.8175659179688,601.630859375,763.5975341796875,0.9483873844146729,8.679872512817383,0.15776048600673676,"2787,3768,1433,1724,1505,2154,3669,162,137,1289,2722,2231,1361,1493,582,1594",966.2045288085938,,,,,0,213.79608154296875,300.4587707519531,265.08837890625,385.36517333984375,"1.573,0.635,0.793,0.683,0.535,0.554,0.828,0.883",2349.876953125,2901.90087890625,"42.14,1537,2630,2902,2110,2235,3467,3877",231.55711364746094,270.25347900390625,"20.94,249,262.6,267.3,261.2,262.1,265.7,263.6","1.669,12.24,16.32,15.9,13.35,13.82,17.87,18.71","1.331,15.36,18.33,19.23,18.25,18.57,19.64,19.91",830,0.01059476938098669,306,0.016369834542274475,"379,1724,1433,3768,484,2231,2705,3819",0.28733038902282715,0.807861328125,0.8935546875,"0.0612,0.0862,0.115,0.0943,0.0945,0.134,0.119,0.04","133,72.7,66,62.8,52.5,32.5,24,23.5","-0.000965,0.00143,0.00592,-0.000515,-0.00191,0.00175,-0.00258,-0.000269","0,0,0.00848,0,0,0,0,0","0,0,0.00907,0,0,0,0,0",0.049072265625,0.04286285117268562,1,1.374558925628662,0.7366069555282593
25,o_proj,gptq,4096,4096,0,0.002113819122314453,0.0015125274658203125,65.00911132300098,0.031145039701203452,187.5953826904297,119.67269897460938,9.130716323852539,29.307645797729492,13.933558464050293,14.652610778808594,0.5882342457771301,64.8475570678711,0.04281368479132652,"156,3954,412,28,900,516,284,4082,3112,3698,3240,3826,3368,772,3957,3967",67.44975280761719,,,,,0,3.6530752182006836,4.271101474761963,7.3597731590271,8.279062271118164,"0.149,0.904,0.733,0.702,0.830,0.627,0.800,1.128",1662.933837890625,3663.347412109375,"18.24,1283,497.5,778.8,1436,717,1917,6655",12.153081893920898,16.968631744384766,"4.809,13,8.403,11.34,14.4,12.49,15.17,17.61","0.3206,2.021,1.176,1.481,2.119,1.548,2.225,3.102","0.8305,2.126,1.373,1.768,2.325,1.955,2.488,2.921",312,0.008720364421606064,379,0.02150384709239006,"409,501,3698,454,401,491,468,3689",0.17858000099658966,0.321258544921875,0.31756591796875,"0.603,0.608,0.738,0.608,0.611,0.621,0.607,0.716","2.65,2.09,2.04,1.93,1.78,1.77,1.72,1.65","-0.0112,0.00607,-0.083,0.0211,0.00455,-0.0183,-0.0173,0.0352","0,0,-0.0949,0,0,-0.0461,0,0.0404","0,0,-0.0675,0.0382,0,0,0,0.0338",0.28515625,0.23503828048706055,1,0.1978491246700287,0.031790610402822495
25,gate_proj,gptq,12800,4096,0,0.0020481491088867186,0.00152374267578125,110.95707652467536,0.01737623093482732,476.797607421875,368.0865478515625,553.286865234375,999.3837280273438,1167.96923828125,1163.185302734375,0.5895642638206482,110.85626983642578,0.08715670555830002,"162,2473,486,1414,581,889,718,3054,2787,582,2154,1367,2722,2231,131,1433",92.51103210449219,,,,,0,418.2205810546875,532.5052490234375,508.2978515625,530.990234375,"0.072,0.991,1.032,0.894,0.836,0.867,1.030,1.180",2757.5751953125,3372.95361328125,"233.1,1788,3065,3358,2442,2580,4019,4576",75.3502197265625,75.94375610351562,"99,55.72,69.65,79.23,70.2,70.11,79.62,79.27","8.138,16.72,21.36,22.4,19.33,19.74,24.39,26.15","30.35,16.79,21.03,23.69,21.14,21.19,24.03,24.08",10496,0.0013108657440170646,4084,0.0016586465062573552,"2473,1433,2231,3733,1724,3768,2554,1119",0.06445765495300293,0.29817381501197815,0.2865625023841858,"1.43,1.38,1.44,1.25,1.43,1.39,1.25,1.29","8.19,8.12,6.28,6.03,5.72,4.9,4.79,4.36","0.0216,-0.0227,0.0203,-0.00356,-0.0219,-0.0242,0.0138,-0.0154","0.0154,-0.0308,0.0154,0,-0.0154,-0.0154,0.0101,-0.0187","0.0208,-0.0225,0.025,0,-0.0239,-0.0211,0.0104,-0.0146",0.053955078125,0.0616629496216774,1,0.6998704671859741,0.17744898796081543
25,up_proj,gptq,12800,4096,0,0.0020496368408203123,0.001544952392578125,117.6764419095125,0.016457326530555663,526.8601684570312,408.5174560546875,616.8358154296875,1103.785400390625,1286.894287109375,1278.63232421875,0.5895642638206482,117.580322265625,0.06545308977365494,"162,2473,486,1414,581,889,718,2787,582,3054,1367,2154,2722,131,2231,714",92.51103210449219,,,,,0,460.2281494140625,574.2257080078125,561.9991455078125,584.7970581054688,"0.055,0.978,1.045,0.912,0.846,0.870,1.072,1.213",2757.5751953125,3372.95361328125,"233.1,1788,3065,3358,2442,2580,4019,4576",75.3502197265625,75.94375610351562,"99,55.72,69.65,79.23,70.2,70.11,79.62,79.27","7.275,17.27,22.51,23.7,20.21,20.66,25.87,27.53","31.07,17.46,22.02,24.82,21.97,22.15,24.99,25",9001,0.001391771831549704,8333,0.0015267960261553526,"2473,1433,2231,3733,1724,3768,2554,1119",0.052595797926187515,0.3923632800579071,0.4221288859844208,"0.903,1.01,0.898,1.32,0.879,1.03,1.31,1.27","8.19,8.12,6.28,6.03,5.72,4.9,4.79,4.36","-0.000927,-0.00665,-0.00112,0.0167,0.00206,-0.00307,-0.00629,-0.00577","0,-0.00997,0,0.0112,0,0,-0.00831,-0.00982","0,-0.00977,0,0.0198,0,0,-0.00732,-0.0105",0.038330078125,0.04192475602030754,1,0.7538456320762634,0.09204479306936264
25,down_proj,gptq,4096,12800,0,0.001998615264892578,0.0015532875061035156,181.2848215229842,0.025813028214023963,592.64111328125,405.4139404296875,77.59661865234375,131.33058166503906,187.34512329101562,142.23406982421875,0.3468887209892273,181.10472106933594,0.1277693510055542,"7310,4924,10030,4414,6265,12212,12763,5426,4084,6691,10981,6198,8079,10411,143,561",283.1520080566406,,,,,0,62.523040771484375,50.96653747558594,65.93107604980469,53.83772277832031,"0.043,1.173,1.349,1.347,1.333,1.216,1.294,1.348",9309.1591796875,9512.6162109375,"232.7,3070,8210,1.65e+04,1.225e+04,7866,1.305e+04,1.329e+04",38.780853271484375,40.28545379638672,"29.22,23.15,35.05,51.45,42.88,37.34,45.81,45.34","1.075,4.639,7.338,10.63,8.874,7.509,9.432,9.303","5.21,4.284,6.318,9.161,7.685,6.809,8.292,8.013",312,0.003028510371223092,379,0.010812911204993725,"7110,5051,7764,9834,6111,9948,7310,12608",0.15985669195652008,0.385498046875,0.3837890625,"0.722,0.738,0.738,0.737,0.75,0.741,0.826,0.735","7.28,6.07,6.03,6.01,5.22,5.15,5.15,5.05","0.00516,-0.0168,-0.0283,0.00824,0.0105,-0.0182,-0.244,-0.012","0,-0.0183,-0.0254,0,0.0159,-0.0276,-0.224,-0.0303","0,-0.0139,-0.0269,0.0153,0.0186,-0.0166,-0.279,-0.0154",0.392578125,0.4486607313156128,1,0.4883265793323517,0.04210826754570007
26,q_proj,gptq,4096,4096,0,0.0,0.0,4.188629485664691e-22,4.188629485664691e-10,1.6996785704294885e-22,1.6996785704294885e-22,1.082348716399437e-24,1.082348716399437e-24,1.323044575293888e-24,1.323044575293888e-24,0.9397814869880676,1.7283692522257595e-22,0.0013791971141472459,"3241,510,2035,3704,623,309,1039,3274,4079,1384,4021,2651,3302,1890,2807,3729",55.897735595703125,,,,,0,4.6908598070551995e-25,4.6908598070551995e-25,6.01844664344135e-25,6.01844664344135e-25,"0.000,0.000,0.000,0.000,0.000,0.000,0.000,0.000",1796.54345703125,2241.064697265625,"152.6,1064,1993,2422,1707,1676,2551,2807",3.312474250793457,3.8311266899108887,"1.199,2.686,3.508,3.965,3.536,3.547,4.049,4.009","2.46e-13,5.368e-13,6.9e-13,7.799e-13,7.148e-13,7.244e-13,8.058e-13,7.967e-13","2.46e-13,5.368e-13,6.9e-13,7.799e-13,7.148e-13,7.244e-13,8.058e-13,7.967e-13",4086,2.506744032455214e-15,4086,2.506744032455214e-15,"3733,2651,3274,345,1833,1890,2403,623",2.5994631794312717e-12,1.0,1.0,"1.99e-13,2.04e-13,2.03e-13,1.99e-13,1.97e-13,2e-13,2.01e-13,1.99e-13","0.541,0.402,0.368,0.316,0.305,0.299,0.297,0.296","1.29e-15,-2.82e-15,-1.75e-15,-7.72e-15,-8.6e-16,-7.99e-15,-6e-15,-5.75e-15","0,0,0,0,0,0,0,0","0,0,0,0,0,0,0,0",1.199040866595169e-14,0.0,4096,5.006739584013063e-14,5.006739584013063e-14
26,k_proj,gptq,1024,4096,0,0.0,0.0,1.530161280955956e-22,1.530161280955956e-10,4.662849841222653e-23,4.662849841222653e-23,3.1373698314693023e-25,3.1373698314693023e-25,3.586073914359014e-25,3.586073914359014e-25,0.9397814869880676,4.8570405748172884e-23,0.0004524995747487992,"3241,510,3704,623,3274,1039,2035,309,379,4021,1384,4079,486,3460,3302,3452",55.897735595703125,,,,,0,1.2587767182950177e-25,1.2587767182950177e-25,1.5643520972127248e-25,1.5643520972127248e-25,"0.000,0.000,0.000,0.000,0.000,0.000,0.000,0.000",1796.54345703125,2241.064697265625,"152.6,1064,1993,2422,1707,1676,2551,2807",3.312474250793457,3.8311266899108887,"1.199,2.686,3.508,3.965,3.536,3.547,4.049,4.009","1.226e-13,2.865e-13,3.797e-13,3.917e-13,3.667e-13,3.941e-13,4.099e-13,3.931e-13","1.226e-13,2.865e-13,3.797e-13,3.917e-13,3.667e-13,3.941e-13,4.099e-13,3.931e-13",931,1.5409513485234666e-15,931,1.5409513485234666e-15,"3733,2651,3274,345,1833,1890,2403,623",6.938504675327306e-13,1.0,1.0,"9.85e-14,1.03e-13,1.18e-13,1.05e-13,1.02e-13,1.03e-13,1.02e-13,1.15e-13","0.541,0.402,0.368,0.316,0.305,0.299,0.297,0.296","1.93e-15,9.37e-16,8.1e-15,2.54e-15,4.09e-16,2.89e-15,1.77e-16,1.21e-15","0,0,0,0,0,0,0,0","0,0,0,0,0,0,0,0",1.1324274851176597e-14,0.0,4096,3.925495250579371e-14,3.925495250579371e-14
26,v_proj,gptq,1024,4096,0,0.002038717269897461,0.0014123916625976562,13.965961055918843,0.08641394972876927,24.136547088623047,14.212695121765137,0.0713740885257721,0.10240329802036285,0.1576215624809265,0.12850579619407654,0.9397814869880676,13.939653396606445,0.1252647489309311,"510,3241,2035,1039,309,623,3274,4079,4021,1384,3302,2651,1890,3729,2807,1935",55.897735595703125,,,,,0,0.05539487302303314,0.04714334011077881,0.06791061162948608,0.05958763509988785,"0.614,1.364,1.301,1.155,0.945,0.997,1.244,1.294",1796.54345703125,2241.064697265625,"152.6,1064,1993,2422,1707,1676,2551,2807",3.312474250793457,3.8311266899108887,"1.199,2.686,3.508,3.965,3.536,3.547,4.049,4.009","0.03883,0.1941,0.2483,0.2654,0.2228,0.2271,0.2863,0.2978","0.04954,0.1662,0.2177,0.247,0.2291,0.2275,0.2567,0.2618",639,0.008485703729093075,205,0.010367018170654774,"3733,2651,3274,345,1833,1890,2403,623",0.1237768679857254,0.3134765625,0.2591552734375,"0.299,0.318,0.31,0.31,0.311,0.327,0.323,0.318","0.541,0.402,0.368,0.316,0.305,0.299,0.297,0.296","0.00977,-0.00155,-0.0114,-0.0119,0.00574,-0.00107,0.00348,0.00308","0.00798,0,-0.00854,-0.00854,0.0073,0,0,0","0.00663,0,-0.0119,-0.0119,0.0067,0,0,0.00537",0.0303955078125,0.029128702357411385,1,0.020520754158496857,0.000662381702568382
26,o_proj,gptq,4096,4096,0,0.016480326652526855,0.0015307068824768066,10.34931732876339,0.018454000186153688,39.794715881347656,31.977123260498047,0.000228297954890877,0.027402866631746292,0.0032995562069118023,0.0479549877345562,0.28950077295303345,9.076313018798828,0.03353084251284599,"3580,356,827,1337,3430,335,3909,3866,1918,1833,868,274,1358,1351,375,2382",37.54157638549805,,,,,0,0.0015089588705450296,0.022828416898846626,0.0018002535216510296,0.02750604785978794,"0.054,0.064,0.077,0.067,0.063,0.063,0.065,0.066",5918.84228515625,7210.4228515625,"96.46,4931,7381,6979,7574,6586,6690,7113",0.8324645757675171,0.9628587961196899,"0.1262,0.7682,0.8933,0.9623,1.029,0.9662,0.9483,0.9662","0.005068,0.03441,0.04285,0.04266,0.0445,0.04162,0.04137,0.04222","0.02182,0.1364,0.1549,0.1651,0.1772,0.166,0.1623,0.1643",312,0.005568311549723148,484,0.00962839089334011,"2739,2611,2867,2995,2465,2337,2081,2209",0.09475558996200562,0.260101318359375,0.311004638671875,"0.365,0.365,0.365,0.365,0.378,0.378,0.378,0.378","0.0628,0.0628,0.0628,0.0628,0.0525,0.0525,0.0525,0.0525","0.0242,0.0242,0.0239,0.0242,0.00989,0.00977,0.00989,0.00989","0.0222,0.0222,0.0222,0.0222,0.00913,0.00913,0.00913,0.00913","0.0211,0.0213,0.0213,0.0213,0.0101,0.0103,0.0103,0.0103",0.1357421875,0.1551339328289032,2,0.003320316318422556,0.01691141165792942
26,gate_proj,gptq,12800,4096,0,0.002055816650390625,0.0015271759033203124,108.47472657191975,0.01690566076936758,475.5716552734375,368.4810791015625,588.39892578125,1043.229736328125,1250.1441650390625,1236.022216796875,0.5286412835121155,108.3812255859375,0.0876975804567337,"162,2473,486,1414,581,718,889,1367,3054,582,2787,2231,131,2154,1433,2179",90.95063781738281,,,,,0,451.9404296875,580.9820556640625,531.3069458007812,546.1812133789062,"0.067,1.034,1.079,0.945,0.872,0.926,1.069,1.245",2751.372314453125,3329.133544921875,"233.8,1713,3140,3546,2489,2549,3953,4388",78.41767120361328,77.3211441040039,"113.8,55.59,72.38,81.86,71.74,70.78,81.04,80.19","9.045,16.92,22.55,23.91,20.14,20.53,25.12,26.63","34.84,16.64,21.71,24.6,21.56,21.34,24.3,23.87",8054,0.00677331630140543,8054,0.003352490020915866,"1433,2473,2231,3733,1724,3768,2554,1119",0.05706439167261124,0.2951953113079071,0.2843554615974426,"1.4,1.47,1.49,1.25,1.44,1.41,1.26,1.27","8.34,7.77,6.52,6.27,5.48,4.74,4.64,3.93","-0.16,0.17,0.222,0.0208,-0.0138,-0.0388,0.00964,-0.0164","-0.199,0.199,0.199,0,0,0,0,0","-0.131,0.187,0.19,0,0,-0.0499,0,0",0.34765625,0.3228885233402252,1,1.657116174697876,1.2484445571899414
26,up_proj,gptq,12800,4096,0,0.002036418914794922,0.0015371322631835937,114.56717698590364,0.016048392347909085,523.13427734375,408.16314697265625,653.4267578125,1146.1048583984375,1371.240234375,1374.60986328125,0.5286412835121155,114.53953552246094,0.06594441831111908,"162,2473,486,581,718,1414,1367,889,3054,2787,582,131,2231,1433,2179,2428",90.95063781738281,,,,,0,484.64166259765625,645.5961303710938,586.9632568359375,609.1058349609375,"0.055,0.962,1.047,0.912,0.826,0.906,1.060,1.178",2751.372314453125,3329.133544921875,"233.8,1713,3140,3546,2489,2549,3953,4388",78.41767120361328,77.3211441040039,"113.8,55.59,72.38,81.86,71.74,70.78,81.04,80.19","8.512,17.43,23.47,24.88,20.73,21.18,26.55,27.35","36.45,17.77,22.93,26.05,22.82,22.25,25.78,25.2",5427,0.0012372087221592665,8054,0.00325106643140316,"1433,2473,2231,3733,1724,3768,2554,1119",0.048588093370199203,0.3952734172344208,0.42225584387779236,"0.987,0.884,0.889,1.32,0.891,1.03,1.31,1.3","8.34,7.77,6.52,6.27,5.48,4.74,4.64,3.93","-0.0113,-0.00793,0.0022,-0.00946,-0.00275,-0.0149,0.0123,0.00058","-0.00799,-0.00799,0,-0.0111,0,-0.016,0.0105,0","-0.0103,-0.00977,0,-0.0111,0,-0.0111,0.00977,0",0.049072265625,0.048800043761730194,1,0.7293263077735901,0.18551097810268402
26,down_proj,gptq,4096,12800,0,0.0019858360290527345,0.0015485000610351563,182.66987560257746,0.02598434410254873,594.0362548828125,405.0167236328125,84.245849609375,145.8583221435547,204.71636962890625,216.619873046875,0.8974547982215881,182.52682495117188,0.14917677640914917,"8054,12721,7183,9369,11604,5832,1360,23,530,3245,2777,8920,6918,11460,2825,5482",698.78857421875,,,,,0,66.34814453125,342.86822509765625,69.1738052368164,53.120689392089844,"0.004,1.021,1.378,1.344,1.354,1.275,1.399,1.454",9136.625,9399.91796875,"235.4,4046,8862,1.784e+04,1.044e+04,7677,1.137e+04,1.263e+04",66.1798324584961,39.88374328613281,"241.8,29.44,37.89,54.15,41.21,37.93,42.91,44.14","3.073,5.616,8.025,11.22,8.599,7.559,8.972,9.374","48.52,5.558,6.837,9.682,7.389,6.694,7.585,7.774",204,0.004048951435834169,484,0.01199768204241991,"3163,1885,12721,7183,11928,10728,131,1481",0.14922766387462616,0.366058349609375,0.360198974609375,"0.738,0.751,0.682,0.768,0.762,0.752,0.725,0.742","6.57,6.47,6.32,5.09,4.82,4.43,4.2,4.09","-0.00879,-0.00391,-0.00995,-0.00247,0.0101,0.00198,-0.00708,0.00842","-0.0102,-0.00837,-0.00861,0,0.01,0,-0.0107,0.0115","-0.00757,0,-0.00795,0,0.00942,0,-0.00963,0.0116",0.051025390625,0.04659057408571243,1,0.5471716523170471,0.07037901133298874
27,q_proj,gptq,4096,4096,0,0.0,0.0,4.162178434560206e-22,4.162178434560206e-10,1.7144105793889271e-22,1.7144105793889271e-22,1.5642956936580014e-24,1.5642956936580014e-24,1.912770758412018e-24,1.912770758412018e-24,0.9249449372291565,1.741238413489173e-22,0.0015953222755342722,"2255,1914,4090,2438,379,1754,1120,1924,3787,3090,2677,2974,2122,841,1900,2631",31.52981948852539,,,,,0,6.915821282632301e-25,6.915821282632301e-25,8.543006643983945e-25,8.543006643983945e-25,"0.000,0.000,0.000,0.000,0.000,0.000,0.000,0.000",1949.7259521484375,2396.17333984375,"207.8,1089,2180,2717,1804,1774,2826,3001",3.917147159576416,4.527516841888428,"1.235,3.068,4.306,4.939,4.172,4.183,4.723,4.711","2.47e-13,6.169e-13,8.62e-13,1.04e-12,8.54e-13,8.556e-13,9.689e-13,9.304e-13","2.47e-13,6.169e-13,8.62e-13,1.04e-12,8.54e-13,8.556e-13,9.689e-13,9.304e-13",3958,2.4996916361363745e-15,3958,2.4996916361363745e-15,"2106,1876,3787,3434,2475,2267,2929,2425",4.062268316867845e-12,1.0,1.0,"2.01e-13,2.03e-13,2.02e-13,1.99e-13,1.99e-13,2.1e-13,2e-13,1.97e-13","0.578,0.507,0.488,0.454,0.447,0.371,0.355,0.345","4.13e-16,3.25e-15,-1.77e-15,-5.17e-16,3.89e-15,-7.77e-15,1.07e-15,-2.41e-17","0,0,0,0,0,0,0,0","0,0,0,0,0,0,0,0",1.304512053934559e-14,0.0,4096,4.9996915922655497e-14,4.9996915922655497e-14
27,k_proj,gptq,1024,4096,0,0.0,0.0,1.2927050443929967e-22,1.2927050443929966e-10,4.758212396155562e-23,4.758212396155562e-23,4.475691585661314e-25,4.475691585661314e-25,5.625838459521905e-25,5.625838459521905e-25,0.9249449372291565,4.9642126930457184e-23,0.0005191391101107001,"379,2255,2974,2677,1900,2231,4090,1924,1914,3787,3090,2438,3819,3582,1120,1754",31.52981948852539,,,,,0,2.0382686676713656e-25,2.0382686676713656e-25,2.6958562157306803e-25,2.6958562157306803e-25,"0.000,0.000,0.000,0.000,0.000,0.000,0.000,0.000",1949.7259521484375,2396.17333984375,"207.8,1089,2180,2717,1804,1774,2826,3001",3.917147159576416,4.527516841888428,"1.235,3.068,4.306,4.939,4.172,4.183,4.723,4.711","1.314e-13,3.861e-13,4.709e-13,5.285e-13,4.37e-13,4.319e-13,5.005e-13,5.79e-13","1.314e-13,3.861e-13,4.709e-13,5.285e-13,4.37e-13,4.319e-13,5.005e-13,5.79e-13",620,2.0055794132785515e-15,620,2.0055794132785515e-15,"2106,1876,3787,3434,2475,2267,2929,2425",1.0929127611594702e-12,1.0,1.0,"1.01e-13,1.04e-13,1.16e-13,1.01e-13,1.08e-13,1.17e-13,1.04e-13,9.77e-14","0.578,0.507,0.488,0.454,0.447,0.371,0.355,0.345","-5.11e-15,-3.54e-15,-3.69e-15,2.68e-15,-1.64e-15,1.47e-15,2.39e-15,2.35e-15","0,0,0,0,0,0,0,0","0,0,0,0,0,0,0,0",1.2101430968414206e-14,0.0,4096,4.478369579471661e-14,4.478369579471661e-14
27,v_proj,gptq,1024,4096,0,0.0019974708557128906,0.001398324966430664,14.150414982369064,0.0752568403286686,25.830589294433594,15.281335830688477,0.10379545390605927,0.15411323308944702,0.23316256701946259,0.191123828291893,0.9249449372291565,14.145904541015625,0.1456359177827835,"2255,1914,2438,1924,1120,4090,3787,2631,2122,1754,3090,2974,1900,3434,841,2677",31.52981948852539,,,,,0,0.08249620348215103,0.06801503151655197,0.09916418790817261,0.08376838266849518,"0.460,1.324,1.246,1.122,1.051,1.046,1.282,1.438",1949.7259521484375,2396.17333984375,"207.8,1089,2180,2717,1804,1774,2826,3001",3.917147159576416,4.527516841888428,"1.235,3.068,4.306,4.939,4.172,4.183,4.723,4.711","0.03724,0.2228,0.3076,0.3314,0.2701,0.2745,0.3466,0.3689","0.05489,0.1936,0.2756,0.3129,0.2635,0.2683,0.3061,0.3076",778,0.01149197481572628,206,0.02031090296804905,"2106,1876,3787,3434,2475,2267,2929,2425",0.1429137885570526,0.31640625,0.2672119140625,"0.33,0.317,0.307,0.308,0.309,0.3,0.317,0.314","0.578,0.507,0.488,0.454,0.447,0.371,0.355,0.345","0.00187,0.00433,0.0188,-0.00665,-0.00732,0.00389,-0.00867,0.00836","0,0,0.0183,-0.00914,-0.00914,0,-0.0125,0.00855","0,0.00621,0.0165,-0.00474,-0.00767,0.0067,-0.00708,0.00596",0.031982421875,0.030877530574798584,1,0.02895475924015045,0.010281973518431187
27,o_proj,gptq,4096,4096,0,0.016543209552764893,0.0015315413475036621,10.977256979986578,0.017670174051609686,43.691856384277344,35.63404846191406,0.00037562730722129345,0.06360696256160736,0.005178969353437424,0.09038390964269638,0.91143798828125,9.680264472961426,0.033865027129650116,"3524,2899,829,2916,2913,2840,1289,1345,2311,3422,3844,3426,2917,3886,3859,2880",67.76349639892578,,,,,0,0.0026432271115481853,0.041455529630184174,0.0029959799721837044,0.05802138149738312,"0.044,0.066,0.072,0.062,0.062,0.064,0.063,0.060",6229.2958984375,7195.3408203125,"111.5,4603,7130,6906,8033,7858,7481,7712",1.0186395645141602,1.1863871812820435,"0.1846,0.9255,1.134,1.14,1.219,1.188,1.165,1.193","0.007249,0.04445,0.05622,0.05443,0.05848,0.05751,0.0557,0.05625","0.0344,0.1734,0.2101,0.2185,0.2355,0.2275,0.2213,0.2287",1505,0.003594327485188842,484,0.06017308682203293,"3524,3396,3140,3268,1667,1539,1795,1923",0.28441089391708374,0.255706787109375,0.314117431640625,"0.512,0.513,0.512,0.512,0.512,0.512,0.512,0.512","0.0878,0.0878,0.0878,0.0878,0.0878,0.0878,0.0878,0.0878","0.0325,0.033,0.033,0.033,0.033,0.033,0.033,0.0322","0.0297,0.0446,0.0446,0.0297,0.0297,0.0297,0.0297,0.0297","0.0297,0.0297,0.0293,0.0293,0.0283,0.0283,0.0283,0.0276",0.052001953125,0.0445731058716774,6,0.0035060152877122164,0.012194516137242317
27,gate_proj,gptq,12800,4096,0,0.002051219940185547,0.0015295982360839845,106.62155722267926,0.016557232087470508,474.46746826171875,370.84222412109375,636.0938720703125,1123.3460693359375,1369.015380859375,1368.9638671875,0.5224087834358215,106.48271942138672,0.09178610146045685,"162,2473,718,486,582,2787,1414,581,1367,889,3054,131,2154,1433,2428,2179",93.76708221435547,,,,,0,477.795654296875,641.15966796875,573.231689453125,604.233642578125,"0.063,1.020,1.006,0.948,0.878,0.892,1.087,1.175",2738.51318359375,3337.010986328125,"233.6,1632,3189,3650,2437,2495,3985,4287",81.72210693359375,80.62551879882812,"125,56.37,75.75,85.01,72.82,72.37,83.94,82.56","9.503,17.35,23.24,24.8,20.39,20.84,26.27,27.11","37.78,17.18,23.17,25.47,21.76,22.07,25.2,25.01",10570,0.012019766494631767,10570,0.011312243528664112,"1433,2473,2231,3733,1724,2554,3768,1119",0.06097007542848587,0.29248046875,0.28419920802116394,"1.48,1.5,1.6,1.26,1.42,1.27,1.39,1.28","8.7,8.03,6.43,6,5.31,5.11,4.86,4.36","-0.455,0.332,0.652,0.144,-0.0189,0.143,-0.12,0.0125","-0.379,0.379,0.569,0.142,0,0.164,-0.19,0","-0.408,0.285,0.559,0.138,0,0.19,-0.138,0",0.6640625,0.5691964626312256,4,2.2358663082122803,2.3147220611572266
27,up_proj,gptq,12800,4096,0,0.002043590545654297,0.0015424537658691407,112.28024740394903,0.015678598587506757,521.6407470703125,409.6581726074219,706.3526611328125,1233.098876953125,1502.7880859375,1502.3546142578125,0.5224087834358215,112.13609313964844,0.06861582398414612,"162,2473,718,486,1367,2787,581,582,889,1414,131,3054,2428,2179,1433,714",93.76708221435547,,,,,0,522.66796875,712.6499633789062,632.4735107421875,655.916259765625,"0.047,0.981,1.067,0.940,0.863,0.906,1.067,1.196",2738.51318359375,3337.010986328125,"233.6,1632,3189,3650,2437,2495,3985,4287",81.72210693359375,80.62551879882812,"125,56.37,75.75,85.01,72.82,72.37,83.94,82.56","8.814,17.66,24.72,26.09,21.26,21.85,27.61,28.44","40.57,17.83,23.93,26.9,22.88,22.95,26.73,26.01",12312,0.0016104169189929962,10377,0.001493051997385919,"1433,2473,2231,3733,1724,2554,3768,1119",0.0491042397916317,0.3919921815395355,0.4250585734844208,"0.953,0.889,0.898,1.32,0.924,1.3,1.04,1.28","8.7,8.03,6.43,6,5.31,5.11,4.86,4.36","0.00485,0.00549,-0.00284,0.000481,-0.00504,-0.00246,-0.00629,0.012","0.00956,0.00956,0,0,-0.00956,0,-0.00956,0.00837","0.00942,0.00907,0,0,-0.00848,0,-0.00848,0.00928",0.044189453125,0.04625561460852623,1,0.8531013131141663,0.39860421419143677
27,down_proj,gptq,4096,12800,0,0.0019981002807617186,0.0015481376647949218,178.89215747776962,0.02534338274721721,590.7469482421875,406.228515625,91.64990997314453,143.95751953125,230.7267608642578,174.93280029296875,0.40850260853767395,178.90255737304688,0.10491237789392471,"11985,8678,3110,10082,8280,4087,1526,8146,1900,3532,4235,2585,3729,12676,12477,10977",77.81219482421875,,,,,0,70.23158264160156,66.68067932128906,74.09168243408203,62.87698745727539,"0.013,1.257,1.424,1.345,1.364,1.324,1.375,1.452",9182.498046875,9398.5302734375,"297.6,3577,9927,1.512e+04,1.021e+04,8836,1.163e+04,1.387e+04",44.631988525390625,43.52714538574219,"60.38,27.25,41.3,51.72,41.89,40.62,44.79,49.12","1.283,5.474,8.73,10.65,8.681,8.388,9.4,10.32","11.21,4.882,7.315,9.184,7.434,7.288,8.017,8.566",1667,0.0101815490052104,2073,0.0032173767685890198,"8280,812,12197,464,89,5128,5343,2804",0.12790577113628387,0.332366943359375,0.33050537109375,"0.703,0.716,0.873,0.727,0.739,0.804,0.745,0.754","6.29,5.88,5.56,4.53,4.36,4.32,4.23,4.2","-0.0254,-0.0496,-0.0129,0.00513,0.00607,0.0104,-0.00635,0.00409","0,-0.109,-0.00857,0,0.00882,0.0225,-0.00764,0.00827","-0.0248,-0.0425,-0.0171,0.00659,0.0113,0.0126,-0.00635,0",0.43359375,0.3264508843421936,1,0.8759481310844421,0.11830351501703262
28,q_proj,gptq,4096,4096,0,0.0020374059677124023,0.001505136489868164,49.80951241386356,0.02023478234860668,192.23721313476562,145.12164306640625,1388.364013671875,6234.9716796875,3254.6767578125,6429.1611328125,0.9076234698295593,49.686561584472656,0.2889484465122223,"2787,3768,1724,1505,1433,2154,3669,1289,2722,137,582,3940,1594,2231,162,1361",842.9970703125,,,,,0,1085.181396484375,2635.52001953125,1326.260498046875,3238.97412109375,"0.998,0.304,0.464,0.485,0.290,0.316,0.461,0.540",2256.327392578125,2739.353515625,"73.29,1384,2687,3084,2048,2124,3187,3464",252.20883178710938,293.6800537109375,"27.72,269.8,284.2,290.6,285.6,287.1,288.1,284.4","5.471,27.88,37,38.52,29.95,31.46,37.95,41.16","5.476,50.6,54.29,55.34,55.63,55.95,55.89,56",463,0.0035523460246622562,1718,0.012375004589557648,"379,484,1724,1433,3768,312,2231,2705",0.7833729386329651,0.520172119140625,0.57012939453125,"0.437,0.482,0.764,0.611,0.759,0.494,0.671,0.859","131,85.7,83.2,72.1,69.8,55,40.2,29.6","0.00221,0.000881,0.0047,0.00565,-0.00106,-0.00179,0.00374,-0.0083","0,0,0.00743,0.00743,0,0,0.00743,-0.00743","0,0,0,0,0,0,0,-0.0116",0.045654296875,0.043020930141210556,1,1.7847816944122314,0.6627975106239319
28,k_proj,gptq,1024,4096,0,0.0020415782928466797,0.0014810562133789062,16.512282263331144,0.023140670576723643,58.054222106933594,42.50007629394531,425.0436096191406,1775.249267578125,1022.85400390625,1813.120361328125,0.9076234698295593,16.463817596435547,0.32774820923805237,"2787,3768,1505,1724,1433,3669,582,2154,1289,137,2722,1594,3940,162,1361,2231",842.9970703125,,,,,0,343.5011291503906,728.01025390625,410.1964111328125,946.4100341796875,"1.193,0.335,0.598,0.521,0.278,0.369,0.522,0.659",2256.327392578125,2739.353515625,"73.29,1384,2687,3084,2048,2124,3187,3464",252.20883178710938,293.6800537109375,"27.72,269.8,284.2,290.6,285.6,287.1,288.1,284.4","3.117,15.31,21.94,20.91,15.81,17.4,21.65,23.75","2.854,26.47,28.37,28.96,29.98,28.63,29.96,29.25",16,0.015217925421893597,694,0.048615697771310806,"379,484,1724,1433,3768,312,2231,2705",1.084605097770691,0.5330810546875,0.51416015625,"0.307,0.19,0.341,0.469,0.379,0.304,0.439,0.375","131,85.7,83.2,72.1,69.8,55,40.2,29.6","-0.0116,-0.000146,-0.015,-0.00891,0.00386,0.0097,-0.00583,0.00546","-0.0119,0,-0.0119,-0.0119,0,0.0119,0,0","-0.00942,0,-0.0115,-0.0138,0,0.00942,-0.01,0.0108",0.052490234375,0.05011875927448273,1,1.949802041053772,0.48092415928840637
28,v_proj,gptq,1024,4096,0,0.002059459686279297,0.0015103816986083984,10.809094494577948,0.01860725095238544,44.21876525878906,33.98792266845703,316.26202392578125,960.453369140625,725.9139404296875,1075.257568359375,0.9076234698295593,10.771608352661133,0.24137839674949646,"2787,3768,1724,1433,1505,3669,2722,1289,582,137,3940,1594,2154,2231,1361,162",842.9970703125,,,,,0,236.74462890625,423.969970703125,300.765380859375,525.6636962890625,"0.969,0.517,0.659,0.561,0.377,0.479,0.599,0.704",2256.327392578125,2739.353515625,"73.29,1384,2687,3084,2048,2124,3187,3464",252.20883178710938,293.6800537109375,"27.72,269.8,284.2,290.6,285.6,287.1,288.1,284.4","1.928,13.1,17.74,17.65,13.87,15.23,17.85,18.69","1.958,18.21,21.84,23.57,22.6,22.01,23.06,22.28",853,0.011571613140404224,426,0.0100549953058362,"379,484,1724,1433,3768,312,2231,2705",0.6164876222610474,0.7320556640625,0.7891845703125,"0.0606,0.0996,0.129,0.154,0.168,0.0802,0.18,0.212","131,85.7,83.2,72.1,69.8,55,40.2,29.6","-0.000175,-0.00221,0.00134,-0.0103,0.00812,-0.000557,0.00159,0.00108","0,0,0,-0.0174,0,0,0,0","0,0,0,-0.00799,0.0115,0,0,0",0.060791015625,0.059468287974596024,1,1.4920597076416016,0.040357816964387894
28,o_proj,gptq,4096,4096,0,0.0020842552185058594,0.0015084147453308105,58.300492372974986,0.027436351687022926,184.39511108398438,121.59327697753906,17.354984283447266,44.801090240478516,18.536235809326172,23.284515380859375,0.7159794569015503,58.12502670288086,0.05495867133140564,"3742,3998,3870,3614,1499,2965,2581,2709,2837,2162,3272,1243,2418,3528,3400,2698",78.4324951171875,,,,,0,5.88901948928833,8.865102767944336,8.076797485351562,11.474355697631836,"0.105,0.487,0.519,0.614,0.646,0.562,0.739,0.816",1401.1285400390625,1937.832275390625,"24.85,503.5,329.8,930.2,967.1,1311,2992,4150",16.67344093322754,20.07427215576172,"8.011,11.74,10.09,15.54,15.65,21.55,26.58,24.23","0.4608,1.407,1.231,1.985,2.038,2.669,3.806,3.703","1.425,2.016,1.708,2.533,2.535,3.558,4.427,4.1",1667,0.02689150534570217,1505,0.004268954508006573,"2581,2965,2350,2094,2478,2222,1172,2837",0.07383064180612564,0.38397216796875,0.423736572265625,"0.592,0.72,0.571,0.536,0.574,0.603,0.659,0.605","1.98,1.79,1.7,1.59,1.57,1.57,1.42,1.33","0.027,0.0295,0.206,0.152,0.157,0.172,0.00187,0.0219","0,0,0.243,0.122,0.122,0.243,0,0","0.0231,0.0253,0.192,0.131,0.135,0.147,0,0.0233",0.87109375,0.9906196594238281,1,0.33419594168663025,0.10711761564016342
28,gate_proj,gptq,12800,4096,0,0.002053985595703125,0.0015142250061035156,104.15919566191997,0.016292523976406334,470.1672668457031,368.3638000488281,677.45361328125,1178.472900390625,1471.5955810546875,1449.495361328125,0.5343479514122009,103.99978637695312,0.09167297929525375,"162,718,2473,486,889,1414,582,581,2787,3054,2231,1367,2722,2154,714,1433",87.68250274658203,,,,,0,510.27520751953125,653.33349609375,611.935302734375,642.3692626953125,"0.065,1.023,1.048,0.958,0.868,0.930,1.056,1.173",2737.27294921875,3319.392578125,"234,1665,3268,3724,2458,2497,3817,4234",83.00254821777344,83.54548645019531,"116.5,58.67,79,88.16,75.41,74.75,85.71,85.77","9.104,17.89,24.49,26.12,21.32,21.7,26.41,27.82","35.77,17.69,23.92,26.69,22.88,22.5,25.7,25.68",3047,0.0034011953976005316,5550,0.0020047028083354235,"1433,2231,2473,1724,3733,3768,2554,1119",0.061949245631694794,0.29383787512779236,0.2827441394329071,"1.39,1.49,1.41,1.44,1.25,1.39,1.26,1.29","9.35,7.68,7.62,6.42,6.35,5.39,5.01,4.45","-0.0187,0.0552,0.025,-0.00534,0.00156,-0.0781,-0.0251,-0.0126","0,0.06,0,0,0.00622,-0.06,-0.031,-0.0155","0,0.0656,0.028,0,0,-0.0893,-0.028,-0.0104",0.2099609375,0.1799665242433548,1,1.2436308860778809,0.04046866297721863
28,up_proj,gptq,12800,4096,0,0.002046642303466797,0.0015572547912597657,110.63531407960363,0.015376224532959386,522.2196044921875,412.1543273925781,759.2259521484375,1310.7686767578125,1627.8154296875,1613.240966796875,0.5343479514122009,110.49713134765625,0.06797544658184052,"162,718,2473,486,889,581,2787,1414,582,3054,2231,1367,2722,714,1433,1979",87.68250274658203,,,,,0,559.9249267578125,716.4547729492188,678.39501953125,719.0845336914062,"0.049,1.002,1.049,0.961,0.862,0.898,1.065,1.187",2737.27294921875,3319.392578125,"234,1665,3268,3724,2458,2497,3817,4234",83.00254821777344,83.54548645019531,"116.5,58.67,79,88.16,75.41,74.75,85.71,85.77","8.18,18.6,25.71,27.5,22.36,22.47,27.84,29.48","36.97,18.58,25.1,28.06,24.09,23.71,26.98,27.05",7527,0.001243415055796504,9597,0.0014809297863394022,"1433,2231,2473,1724,3733,3768,2554,1119",0.049217525869607925,0.3980371057987213,0.43232420086860657,"0.973,0.877,0.934,0.885,1.32,1.03,1.31,1.28","9.35,7.68,7.62,6.42,6.35,5.39,5.01,4.45","0.000134,-0.00711,0.00781,0.00198,0.000679,-0.00903,-0.00577,-0.0038","0,-0.00635,0.00635,0.00635,0,-0.00635,-0.00927,-0.00927","0,-0.0097,0.009,0,0,-0.00732,-0.009,0",0.04248046875,0.043419014662504196,1,0.7885289192199707,0.19009219110012054
28,down_proj,gptq,4096,12800,0,0.0019985198974609374,0.0015376091003417968,183.36573004176626,0.025760044170684376,599.3425903320312,410.66302490234375,104.78877258300781,162.91250610351562,283.6630554199219,211.34536743164062,0.1821320354938507,183.2908477783203,0.11896375566720963,"6179,3637,3537,2642,4699,4198,10508,1511,3025,10495,12773,3088,11934,10399,8945,2807",60.75538635253906,,,,,0,87.38516998291016,70.64910125732422,76.71173095703125,59.000633239746094,"0.040,1.385,1.381,1.346,1.101,1.285,1.446,1.406",10047.62109375,8886.5703125,"225.6,3089,1.326e+04,1.746e+04,1.136e+04,9304,1.112e+04,1.456e+04",45.26784896850586,42.03145217895508,"32.14,24.81,49.22,58.05,54,45.59,46.01,52.34","1.235,5.204,10.6,12.04,10.22,9.295,10.01,11.05","6.189,4.422,9.02,10.38,9.744,8.2,8.323,9.318",595,0.003494598902761936,379,0.0339202843606472,"4514,7818,6179,8308,11886,7608,6131,915",0.3794180750846863,0.38275146484375,0.383697509765625,"0.712,0.751,0.923,0.718,0.738,0.774,0.734,0.738","27.2,9.2,7.38,7.04,6.71,6.22,5.13,4.99","0.00201,-0.0275,-0.000637,-0.00203,-0.00769,-0.0103,-0.03,-0.0175","0,-0.0235,0,0,-0.0106,-0.0101,-0.0317,-0.0201","0,-0.0246,0,0,-0.00942,-0.00882,-0.0316,-0.0159",0.046630859375,0.04846886172890663,1,0.6042800545692444,0.129509836435318
29,q_proj,gptq,4096,4096,0,0.0,0.0,9.567838768470936e-22,9.567838768470936e-10,1.7761300468714604e-22,1.7761300468714604e-22,7.715345220709185e-24,7.715345220709185e-24,1.0298768444277562e-23,1.0298768444277562e-23,0.7525162696838379,1.8449579715253764e-22,0.007660695351660252,"312,484,581,2473,2852,1724,686,1667,718,4079,3054,1418,889,137,244,3317",36.225830078125,,,,,0,3.985448749908219e-24,3.985448749908219e-24,4.7590629459835714e-24,4.7590629459835714e-24,"0.000,0.000,0.000,0.000,0.000,0.000,0.000,0.000",2529.9140625,3044.732421875,"216.5,1516,3011,3557,2314,2350,3441,3835",7.980766773223877,8.558272361755371,"6.009,6.267,8.158,9.547,8.111,8.008,8.966,8.779","1.196e-12,1.728e-12,2.075e-12,2.21e-12,1.989e-12,2.248e-12,2.05e-12,2.25e-12","1.196e-12,1.728e-12,2.075e-12,2.21e-12,1.989e-12,2.248e-12,2.05e-12,2.25e-12",2609,1.9715494834577837e-14,2609,1.9715494834577837e-14,"1724,3733,399,2554,2705,1029,3346,2475",4.214414928149779e-11,1.0,1.0,"5.3e-13,1.99e-13,2.42e-13,2.01e-13,2.17e-13,2.12e-13,2.19e-13,2.02e-13","1.1,1.01,0.729,0.718,0.703,0.696,0.691,0.688","-3.77e-14,-8.15e-16,7.83e-15,-2.28e-17,1.18e-14,-2.41e-15,7.66e-15,-5.33e-15","0,0,0,0,0,0,0,0","0,0,0,0,0,0,0,0",5.861977570020827e-14,0.0,4096,1.4041187917229747e-13,1.4041187917229747e-13
29,k_proj,gptq,1024,4096,0,0.0,0.0,6.414322621771005e-22,6.414322621771006e-10,5.200903150136955e-23,5.200903150136955e-23,3.4066977913492025e-24,3.4066977913492025e-24,5.0117402215217454e-24,5.0117402215217454e-24,0.7525162696838379,9.100980978451703e-23,0.005507152993232012,"312,484,2852,2473,581,1724,1667,686,4079,1418,889,718,3054,714,2231,3125",36.225830078125,,,,,0,1.799593278770412e-24,1.799593278770412e-24,2.429015534284942e-24,2.429015534284942e-24,"0.000,0.000,0.000,0.000,0.000,0.000,0.000,0.000",2529.9140625,3044.732421875,"216.5,1516,3011,3557,2314,2350,3441,3835",7.980766773223877,8.558272361755371,"6.009,6.267,8.158,9.547,8.111,8.008,8.966,8.779","8.461e-13,1.285e-12,1.501e-12,1.529e-12,1.371e-12,1.508e-12,1.298e-12,1.266e-12","8.461e-13,1.285e-12,1.501e-12,1.529e-12,1.371e-12,1.508e-12,1.298e-12,1.266e-12",367,3.4800291039702516e-14,367,3.4800291039702516e-14,"1724,3733,399,2554,2705,1029,3346,2475",2.574332587379491e-11,1.0,1.0,"5.22e-13,1.02e-13,1.04e-13,1.08e-13,1.25e-13,1.73e-13,1.39e-13,1.07e-13","1.1,1.01,0.729,0.718,0.703,0.696,0.691,0.688","-9.28e-14,-2.83e-15,2.91e-15,-3.19e-16,6.52e-15,-8.94e-15,2.04e-14,-3.03e-15","0,0,0,0,0,0,0,0","0,0,0,0,0,0,0,0",1.092459456231154e-13,0.0,4096,1.8654835434641498e-13,1.8654835434641498e-13
29,v_proj,gptq,1024,4096,0,0.002031564712524414,0.001438140869140625,10.463456136976255,0.02764138717814577,32.43016815185547,22.1986026763916,0.4444201588630676,0.7200150489807129,1.0143325328826904,0.9442084431648254,0.7525162696838379,10.459259986877441,0.1039455235004425,"3433,316,1300,431,3360,3346,1745,1324,137,138,399,854,1724,2883,2822,3570",36.225830078125,,,,,0,0.3482458293437958,0.3599626421928406,0.408575177192688,0.4257490038871765,"0.091,1.142,1.198,0.868,0.818,0.974,1.099,1.187",2529.9140625,3044.732421875,"216.5,1516,3011,3557,2314,2350,3441,3835",7.980766773223877,8.558272361755371,"6.009,6.267,8.158,9.547,8.111,8.008,8.966,8.779","0.1359,0.4775,0.6661,0.6571,0.546,0.5756,0.7063,0.7319","0.4494,0.4469,0.6086,0.7052,0.6038,0.5834,0.6738,0.6719",875,0.013685062527656555,218,0.010395346209406853,"1724,3733,399,2554,2705,1029,3346,2475",0.10358825325965881,0.3272705078125,0.31640625,"0.272,0.324,0.331,0.33,0.331,0.334,0.304,0.337","1.1,1.01,0.729,0.718,0.703,0.696,0.691,0.688","-0.0123,0.00334,-0.0127,-0.0107,-0.0154,-0.00568,-0.00769,0.000227","-0.0105,0,-0.0105,-0.00954,-0.0211,0,-0.0105,0","-0.00997,0.00568,-0.00851,-0.0131,-0.0167,-0.00624,-0.00739,0",0.037109375,0.0390433669090271,1,0.06387759000062943,0.037151362746953964
29,o_proj,gptq,4096,4096,0,0.016832828521728516,0.0014787912368774414,17.05606572133729,0.01759456641272278,69.27537536621094,55.805152893066406,0.0027060075663030148,0.32392972707748413,0.055980462580919266,0.5619449019432068,0.7008395195007324,15.851218223571777,0.030943360179662704,"3425,1362,1875,3368,823,1311,378,343,3899,3405,3415,1337,1800,817,261,1351",67.7795181274414,,,,,0,0.030028879642486572,0.46716606616973877,0.03583987057209015,0.3248921036720276,"0.002,0.052,0.075,0.083,0.085,0.086,0.087,0.091",12253.67578125,14144.90234375,"227.7,9995,1.569e+04,1.568e+04,1.561e+04,1.393e+04,1.335e+04,1.356e+04",2.9241819381713867,2.4639527797698975,"3.674,3.035,3.094,2.905,2.823,2.678,2.616,2.568","0.04005,0.1573,0.1943,0.1959,0.1932,0.1847,0.1811,0.1832","0.8422,0.6925,0.7087,0.6789,0.6629,0.6317,0.6144,0.6078",3819,0.009342018514871597,1667,0.0360177718102932,"719,591,847,975,2980,2852,2596,2724",0.21315526962280273,0.235595703125,0.2908935546875,"0.636,0.636,0.635,0.636,0.579,0.579,0.579,0.579","0.299,0.299,0.299,0.299,0.259,0.259,0.259,0.259","0.0129,0.013,0.0129,0.0123,-0.0938,-0.0938,-0.0938,-0.0938","0.0268,0,0,0.0268,-0.0804,-0.107,-0.107,-0.0804","0.0193,0.0193,0.0193,0.0193,-0.0804,-0.0804,-0.0804,-0.0804",0.09375,0.1071428656578064,2,0.01866932213306427,0.07598403841257095
29,gate_proj,gptq,12800,4096,0,0.002043285369873047,0.0015206527709960937,101.77219688962214,0.016034638789259398,465.9495849609375,367.5197448730469,708.6484375,1225.55712890625,1545.531982421875,1535.2550048828125,0.5472579598426819,101.66816711425781,0.0950823575258255,"162,718,2473,486,2787,582,889,2722,581,1414,3054,2231,714,1433,1979,1367",87.26842498779297,,,,,0,532.2730102539062,685.3347778320312,615.0135498046875,660.807373046875,"0.067,1.023,1.083,0.996,0.840,0.914,1.034,1.152",2707.821044921875,3227.766845703125,"234.1,1662,3250,3805,2422,2496,3678,4115",85.13926696777344,84.73043823242188,"120.6,60.31,81.15,90.84,77.95,76.2,86.98,87.13","9.533,18.47,25.37,27.16,21.58,21.99,26.51,28.15","36.92,18.26,24.39,27.21,23.54,23.01,26.07,26.22",985,0.0014956966042518616,7090,0.002454150002449751,"1433,3733,2231,2473,1724,3768,2554,2722",0.0746539905667305,0.31059569120407104,0.2984863221645355,"1.38,1.24,1.46,1.41,1.4,1.35,1.26,1.24","9.63,7.97,7.85,7.78,6.69,5.64,5.18,4.83","-0.0259,0.021,0.0452,0.00671,-0.0312,-0.0175,-0.0209,0.0162","-0.0258,0.0178,0.0387,0.0129,-0.0258,-0.0129,-0.0178,0.0129","-0.0274,0.0225,0.0387,0.00837,-0.0314,-0.0225,-0.0167,0.0111",0.0517578125,0.05397181585431099,1,0.8347557783126831,0.34508052468299866
29,up_proj,gptq,12800,4096,0,0.0020425987243652345,0.0015534591674804688,109.6801039307029,0.015090288038775166,525.9371337890625,417.6180114746094,807.122314453125,1386.048828125,1731.735107421875,1733.559814453125,0.5472579598426819,109.5402603149414,0.07037616521120071,"162,718,2473,2787,486,582,2722,889,581,3054,714,1433,1414,1979,2231,1367",87.26842498779297,,,,,0,591.3590087890625,769.0947265625,697.667236328125,758.5067749023438,"0.052,0.977,1.048,0.986,0.839,0.930,1.015,1.133",2707.821044921875,3227.766845703125,"234.1,1662,3250,3805,2422,2496,3678,4115",85.13926696777344,84.73043823242188,"120.6,60.31,81.15,90.84,77.95,76.2,86.98,87.13","8.819,19.06,26.57,28.6,22.85,23.48,28.38,29.78","38.55,19.28,25.96,28.8,24.95,24.35,28.17,27.98",2121,0.0013161608949303627,7602,0.0016014542197808623,"1433,3733,2231,2473,1724,3768,2554,2722",0.057865068316459656,0.4075585901737213,0.45451170206069946,"0.977,1.33,0.933,0.898,0.927,1.05,1.31,1.08","9.63,7.97,7.85,7.78,6.69,5.64,5.18,4.83","-0.00836,-0.00568,0.0062,0.00714,-0.00928,0.00787,0.0112,-0.00671","-0.00617,0,0.00617,0.00617,-0.0123,0.00617,0.0115,-0.00617","-0.00837,0,0.00875,0.00868,-0.0119,0.0114,0.00868,-0.00935",0.044921875,0.04814355447888374,1,0.8290066123008728,0.0058525982312858105
29,down_proj,gptq,4096,12800,0,0.001992626190185547,0.0015442657470703125,192.7435454010665,0.026707847491412934,615.342041015625,417.34600830078125,120.39312744140625,191.7398681640625,341.7752380371094,264.3268737792969,0.6713526248931885,192.62744140625,0.1467089056968689,"694,352,6545,7729,8167,6869,485,7090,2252,9064,3409,2248,4486,11274,5381,2859",297.5263671875,,,,,0,107.11146545410156,84.0064468383789,103.00526428222656,97.28843688964844,"0.066,1.184,1.397,1.299,1.425,1.246,1.303,1.325",10718.2529296875,9349.060546875,"227.8,2845,1.358e+04,1.771e+04,1.253e+04,9509,1.257e+04,1.678e+04",49.27751922607422,52.6395263671875,"28.73,28.91,53.86,63.19,51.39,50.44,54.98,62.71","1.306,5.747,11.4,12.94,10.93,10.28,11.36,13.07","5.08,5.282,9.643,11.35,9.157,9.212,9.95,11.35",379,0.0038252603262662888,855,0.003237038152292371,"4150,12658,5401,9064,11802,8121,8108,5342",0.09556391835212708,0.32818603515625,0.335357666015625,"0.742,0.752,0.74,0.724,0.75,0.732,0.73,0.735","6.42,5.58,5.37,5.23,5.02,4.93,4.85,4.76","0.00977,-0.0227,-0.0097,0.234,0.00284,-0.00952,0.014,-0.0354","0,-0.0137,-0.0308,0.258,0.0135,-0.0249,0.0141,-0.0141","0.0172,-0.0276,0,0.201,0,0,0,-0.0497",0.451171875,0.515625,1,0.6759424805641174,0.3706724941730499
30,q_proj,gptq,4096,4096,0,0.0020413994789123535,0.0014877915382385254,50.549050712327244,0.021597935570499598,187.41241455078125,140.23712158203125,1481.032958984375,6184.1181640625,3360.88330078125,6495.01171875,0.912990152835846,50.41338348388672,0.3119160234928131,"3768,1505,1724,2787,1433,137,3669,582,3940,2231,2722,1289,1361,2154,4079,64",905.582275390625,,,,,0,1087.392578125,2585.1484375,1283.749267578125,3330.366943359375,"1.533,0.305,0.481,0.471,0.319,0.332,0.452,0.551",2111.9638671875,2497.520263671875,"96.45,1276,2628,2976,1990,1988,2812,3129",255.79257202148438,301.86846923828125,"31.89,272.5,287.2,293.8,287.9,290.7,293.9,288.3","8.38,27.81,37.38,37.64,30.89,32.01,37.59,40.62","6.767,50.33,53.91,54.86,54.65,55.52,55.9,54.71",3059,0.005007155705243349,3444,0.008913075551390648,"379,1724,484,1433,3768,2231,2705,2722",0.9596124887466431,0.499542236328125,0.53948974609375,"0.454,0.757,0.494,0.6,0.741,0.636,0.854,0.666","140,86.7,76.5,71.5,70.4,44.7,30.7,28.6","-0.00255,-0.00571,-0.00186,-0.0122,0.0109,0.00152,0.0339,-0.00787","0,0,0,-0.0112,0.0112,0,0.0337,-0.0112","0,0,0,-0.0124,0.0166,0,0.0307,-0.0153",0.072265625,0.06444376707077026,1,2.18576979637146,0.2611609399318695
30,k_proj,gptq,1024,4096,0,0.002038240432739258,0.001470327377319336,14.918594467552765,0.02319014844810476,52.228816986083984,39.18152618408203,416.20428466796875,1729.5819091796875,976.5911254882812,1789.4296875,0.912990152835846,14.908892631530762,0.3375445604324341,"1505,3768,1724,2787,1433,137,3669,582,3940,2722,2231,1289,1361,2154,4079,1594",905.582275390625,,,,,0,319.18157958984375,692.697998046875,353.41583251953125,900.7823486328125,"1.890,0.367,0.581,0.509,0.344,0.352,0.481,0.553",2111.9638671875,2497.520263671875,"96.45,1276,2628,2976,1990,1988,2812,3129",255.79257202148438,301.86846923828125,"31.89,272.5,287.2,293.8,287.9,290.7,293.9,288.3","4.246,15.27,21.15,20.99,16.39,17.06,20.06,21.26","3.089,25.21,27.75,29.42,27.93,28.76,28.92,28.58",245,0.014681616798043251,820,0.023074325174093246,"379,1724,484,1433,3768,2231,2705,2722",1.085861086845398,0.475830078125,0.4691162109375,"0.349,0.337,0.206,0.48,0.384,0.439,0.37,0.493","140,86.7,76.5,71.5,70.4,44.7,30.7,28.6","-0.102,0.0503,0.0359,-0.0723,-0.0325,0.0845,0.0221,0.00108","-0.0929,0.0619,0.031,-0.0619,-0.031,0.0929,0.031,0","-0.0871,0.0619,0.0452,-0.0632,-0.0372,0.0724,0.0271,0",0.1083984375,0.0929129496216774,10,1.9862464666366577,1.978371500968933
30,v_proj,gptq,1024,4096,0,0.0020422935485839844,0.0014767646789550781,11.250237859583251,0.017796592214987014,47.655479431152344,36.68684387207031,367.18646240234375,1091.587158203125,807.0352783203125,1224.091552734375,0.912990152835846,11.220947265625,0.2307405024766922,"3768,2787,1505,1433,1724,137,3669,2722,582,1289,2231,1361,2154,3940,1594,4079",905.582275390625,,,,,0,263.2587585449219,454.16876220703125,307.57568359375,599.820556640625,"1.626,0.478,0.712,0.593,0.499,0.483,0.551,0.680",2111.9638671875,2497.520263671875,"96.45,1276,2628,2976,1990,1988,2812,3129",255.79257202148438,301.86846923828125,"31.89,272.5,287.2,293.8,287.9,290.7,293.9,288.3","3.219,13.09,19.35,18.5,15.94,15.42,17.98,19.8","2.524,18.94,22.94,24.01,22.57,22.18,24.23,24.02",1002,0.01212279126048088,609,0.01203843578696251,"379,1724,484,1433,3768,2231,2705,2722",0.548467218875885,0.68310546875,0.7413330078125,"0.0692,0.142,0.105,0.187,0.189,0.202,0.247,0.238","140,86.7,76.5,71.5,70.4,44.7,30.7,28.6","-0.00145,-0.00531,0.000271,-0.00195,0.00403,0.0186,-0.0043,-0.00256","0,-0.00746,0,0,0,0.0149,-0.00746,0","0,-0.00963,0,0,0,0.024,0,0",0.05517578125,0.06299255788326263,1,1.7555376291275024,0.3649944067001343
30,o_proj,gptq,4096,4096,0,0.0021046996116638184,0.0014859437942504883,66.36420308506786,0.030043730917072187,200.13516235351562,125.83609008789062,30.26502799987793,91.33329010009766,53.881614685058594,79.04148864746094,0.532172679901123,66.06832885742188,0.06102728843688965,"2475,1171,2091,2219,1299,2347,3409,3537,3281,765,3723,637,3153,1151,1279,1427",90.57144927978516,,,,,0,9.941828727722168,16.363529205322266,44.4534912109375,76.15725708007812,"0.058,0.394,0.649,0.752,0.551,0.447,0.680,0.723",1347.8477783203125,5602.9189453125,"24.83,1178,2532,1695,483.9,353.1,918.8,3597",22.759077072143555,48.15216064453125,"12.33,25.49,28.95,23.69,16.3,18.33,21.49,35.49","0.5002,2.82,3.918,3.529,2.047,2.001,2.957,5.157","2.076,4.493,4.863,4.069,2.758,2.992,3.586,6.066",137,0.009456763043999672,379,0.019593466073274612,"2091,2475,2347,2219,1171,3281,3537,3153",0.1567119061946869,0.38299560546875,0.383331298828125,"0.648,0.924,0.51,0.525,0.434,0.649,0.712,0.552","3.46,3.06,2.53,2.45,2,1.98,1.85,1.49","0.0149,-0.0131,-0.0145,0.017,0.00711,0.0139,-0.00449,0.0315","0,0,0,0.0318,0,0,0,0.0318","0.0108,-0.0163,0,0.031,0.00834,0.0101,0,0.0303",0.111328125,0.11498428136110306,1,0.19903968274593353,0.018056122586131096
30,gate_proj,gptq,12800,4096,0,0.002050514221191406,0.001531963348388672,100.16904946614522,0.015974138572480198,460.5033874511719,365.28411865234375,755.6605834960938,1324.414794921875,1613.7044677734375,1643.7657470703125,0.537386417388916,99.94401550292969,0.10260604321956635,"162,718,2473,2787,486,582,889,581,1979,1414,714,2722,3054,2231,1433,1367",93.51148223876953,,,,,0,538.6149291992188,720.9003295898438,626.0238647460938,717.850830078125,"0.072,1.008,1.050,0.946,0.843,0.890,1.032,1.095",2584.0859375,3058.44189453125,"233.9,1531,3163,3627,2451,2417,3455,3795",87.449462890625,88.35598754882812,"126.7,61.11,83,92.64,81.01,78.33,88.23,88.58","10.38,18.3,25.44,27.26,22.25,22.33,26.7,27.75","38.63,18.23,24.83,28.03,24.23,23.67,26.28,26.52",6174,0.002098997123539448,3914,0.0017347498796880245,"1433,2231,3733,1724,2473,3768,2554,2722",0.07685466855764389,0.3272168040275574,0.31639647483825684,"1.35,1.42,1.25,1.34,1.38,1.33,1.24,1.27","9.97,8.1,8.07,7.91,7.42,6.41,5.1,5.07","-0.0287,0.0206,0.0187,-0.0237,0.0261,-0.0267,0.00394,0.0131","-0.0371,0.0186,0.0122,-0.0186,0.0186,-0.0186,0,0.0186","-0.0333,0.0159,0.0134,-0.025,0.0276,-0.0268,0,0.0186",0.07080078125,0.07421875,1,1.0193864107131958,0.5173163414001465
30,up_proj,gptq,12800,4096,0,0.002049217224121094,0.0015450668334960936,109.94712978223106,0.014945220864211007,531.7852172851562,424.5364990234375,880.4159545898438,1530.44873046875,1855.422119140625,1888.619384765625,0.537386417388916,109.81813049316406,0.07555200159549713,"162,718,2473,2787,486,582,889,581,1979,2722,714,1414,3054,2231,1433,1367",93.51148223876953,,,,,0,615.66259765625,820.4080810546875,725.9921875,817.5756225585938,"0.056,0.951,1.049,0.972,0.825,0.900,1.015,1.106",2584.0859375,3058.44189453125,"233.9,1531,3163,3627,2451,2417,3455,3795",87.449462890625,88.35598754882812,"126.7,61.11,83,92.64,81.01,78.33,88.23,88.58","9.598,19.23,27.29,29.17,23.87,24.06,28.65,29.97","40.41,19.72,26.65,29.59,26.28,25.37,28.44,28.5",11607,0.0014374699676409364,2846,0.0014242439065128565,"1433,2231,3733,1724,2473,3768,2554,2722",0.05894676223397255,0.4078613221645355,0.45317381620407104,"1.02,1.01,1.33,0.944,0.936,1.05,1.33,1.1","9.97,8.1,8.07,7.91,7.42,6.41,5.1,5.07","-0.00128,-0.00989,0.0051,-0.00294,0.00256,-0.00616,0.00148,-0.000931","0,-0.00813,0,0,0,-0.00813,0,0","0,-0.00914,0.01,0,0,-0.01,0,0",0.043701171875,0.049882128834724426,1,0.9050038456916809,0.0948580801486969
30,down_proj,gptq,4096,12800,0,0.0020015907287597658,0.0015418052673339844,194.56204828631599,0.026568211478982705,625.0953369140625,425.76263427734375,149.47314453125,246.541015625,412.184326171875,321.51611328125,0.4649007320404053,194.47938537597656,0.1292930245399475,"8274,8562,1166,1875,6837,2861,843,12142,9499,12109,9475,8565,3296,11382,3535,7870",425.9573669433594,,,,,0,120.92041015625,92.7708969116211,114.60224914550781,114.71907043457031,"0.066,1.397,1.433,1.412,1.328,1.242,1.373,1.319",9460.564453125,8470.33984375,"223.6,3782,1.201e+04,1.458e+04,1.186e+04,8213,1.128e+04,1.374e+04",51.10525894165039,56.48920822143555,"29.93,32.47,57.07,62.79,55.61,51.21,56.61,63.15","1.422,6.998,12.45,13.53,11.73,10.49,12.18,13.5","5.554,5.919,10.4,11.39,10.18,9.411,10.4,11.75",2364,0.0034719521645456553,312,0.004277493804693222,"608,1252,8274,7809,349,2846,7819,3615",0.09636201709508896,0.353271484375,0.358917236328125,"0.734,0.854,0.808,0.753,0.762,0.96,0.741,0.757","10.8,5.99,5.76,5.34,4.9,4.65,4.62,4.6","-0.00288,-0.00616,-0.0204,-0.0187,-0.00153,-0.000216,0.0223,-0.000137","0,-0.0124,0,-0.0207,0,0,0.0217,0","0,-0.00757,-0.018,-0.0212,0,0,0.0212,0",0.203125,0.2321428656578064,1,0.6912978291511536,0.045567162334918976
31,q_proj,gptq,4096,4096,0,0.0020471811294555664,0.0014870762825012207,50.99077677305195,0.02206576232780675,186.02218627929688,137.93077087402344,1501.8800048828125,6119.99560546875,3250.78857421875,6250.4677734375,0.850170373916626,50.80612564086914,0.3352641463279724,"1505,3768,1724,1433,2787,137,3940,1289,582,3669,484,64,1361,2722,2154,4079",439.71014404296875,,,,,0,1084.032470703125,2465.220703125,1268.95068359375,3233.5400390625,"1.026,0.308,0.544,0.508,0.348,0.346,0.457,0.535",2038.83154296875,2499.40576171875,"121.1,1270,2580,2739,1953,1953,2813,2881",253.00750732421875,299.71417236328125,"41.3,262.3,275.6,289,283.9,286.1,295.4,290.4","8.219,27.4,37.76,38.04,30.76,31.6,37.97,39.94","8.114,49.37,51.21,53.38,52.17,53.75,56.18,54.6",3952,0.008556957356631756,2807,0.006990767549723387,"484,312,1724,3768,1433,2231,2705,399",1.3438037633895874,0.497650146484375,0.522613525390625,"0.463,0.465,0.69,0.726,0.616,0.643,0.91,0.944","120,93.5,90.7,76.5,70,41.4,30.7,29","0.0195,-0.0147,-0.00531,-0.00455,-0.0322,0.0168,0.0464,-0.108","0,0,0,0,0,0,0,-0.0759","0.031,-0.0151,0,0,-0.0306,0.0205,0.049,-0.0929",0.265625,0.2276785671710968,1,2.8455734252929688,0.8157813549041748
31,k_proj,gptq,1024,4096,0,0.002058744430541992,0.0014553070068359375,17.292673362646156,0.02705322856931101,55.01133346557617,39.94355010986328,455.25537109375,1758.43408203125,1032.53857421875,1799.2711181640625,0.850170373916626,17.277023315429688,0.3965815305709839,"1505,3768,1724,1433,2787,137,1289,3940,3669,582,2722,484,1361,2154,3300,64",439.71014404296875,,,,,0,353.3597106933594,720.0379638671875,394.73065185546875,969.0267333984375,"1.158,0.426,0.555,0.541,0.390,0.382,0.533,0.573",2038.83154296875,2499.40576171875,"121.1,1270,2580,2739,1953,1953,2813,2881",253.00750732421875,299.71417236328125,"41.3,262.3,275.6,289,283.9,286.1,295.4,290.4","4.364,17.12,20.93,21.99,17.94,17.56,21.64,22.23","4.055,26.22,28.11,29.89,28.72,28.4,29.64,29.36",888,0.022868387401103973,435,0.03798280656337738,"484,312,1724,3768,1433,2231,2705,399",1.3756377696990967,0.499755859375,0.4677734375,"0.246,0.382,0.351,0.375,0.519,0.433,0.418,0.279","120,93.5,90.7,76.5,70,41.4,30.7,29","0.0413,-0.0869,-0.043,-0.0272,-0.0918,0.0679,0.0189,-0.0177","0.0566,-0.113,-0.0566,0,-0.113,0.0566,0,0","0.0485,-0.0993,-0.0566,-0.0244,-0.105,0.0582,0.0171,-0.0243",0.1982421875,0.1699218899011612,1,2.713327646255493,1.3595061302185059
31,v_proj,gptq,1024,4096,0,0.0020017623901367188,0.0014944076538085938,11.547007217740145,0.019015959321311244,47.00440979003906,35.5447998046875,372.7548828125,1087.078857421875,758.3574829101562,1157.49169921875,0.850170373916626,11.518587112426758,0.2411610633134842,"3768,1505,1724,2787,1433,1289,3669,137,582,1361,64,2722,1594,4079,3940,2154",439.71014404296875,,,,,0,264.812744140625,435.5624084472656,304.2129821777344,590.4340209960938,"1.213,0.488,0.708,0.672,0.461,0.526,0.694,0.666",2038.83154296875,2499.40576171875,"121.1,1270,2580,2739,1953,1953,2813,2881",253.00750732421875,299.71417236328125,"41.3,262.3,275.6,289,283.9,286.1,295.4,290.4","3.371,13.53,18.14,18.77,15.58,16.27,19.37,18.98","3.061,19.37,21.56,22.9,22.93,22.43,23.25,23.25",482,0.012444892898201942,583,0.01071927510201931,"484,312,1724,3768,1433,2231,2705,399",0.5946881175041199,0.7264404296875,0.779052734375,"0.121,0.0911,0.119,0.149,0.147,0.172,0.212,0.218","120,93.5,90.7,76.5,70,41.4,30.7,29","-0.00135,-0.000717,-0.00885,0.00227,-0.00449,-0.000824,0.000131,-0.00684","0,0,-0.00928,0,0,0,0,-0.00928","0,0,-0.0139,0,-0.00774,0,0,-0.00889",0.048583984375,0.052045710384845734,1,1.737751841545105,1.8416768312454224
31,o_proj,gptq,4096,4096,0,0.002111673355102539,0.0014930367469787598,63.374187359266216,0.028699735671182062,196.85812377929688,124.97553253173828,46.678314208984375,138.53427124023438,48.79536437988281,80.15141296386719,0.6368163228034973,63.26557540893555,0.053327616304159164,"2892,2764,3020,235,1707,363,491,651,1579,1835,2636,907,107,1252,523,779",90.51849365234375,,,,,0,10.980337142944336,21.6221923828125,25.174823760986328,51.365333557128906,"0.135,0.441,0.558,0.532,0.553,0.520,0.573,0.479",638.2591552734375,1523.94189453125,"32.56,287.4,691.2,1119,513.5,965.4,728.1,769",27.638835906982422,42.95529556274414,"16.05,22.27,27.69,36.79,26.81,34.44,27.15,29.91","1.013,2.431,3.385,4.404,3.224,4.073,3.367,3.426","2.76,3.66,4.532,6.038,4.333,5.65,4.449,4.947",379,0.009127268567681313,379,0.009335622191429138,"1515,1416,1516,1447,1522,1051,1460,1579",0.25062766671180725,0.341705322265625,0.327239990234375,"0.629,0.657,0.661,0.622,0.643,0.692,0.628,0.519","4.14,3.18,3.14,3.09,3.07,3.05,3.03,3.03","-0.0205,0.0569,0.0688,0.0165,-0.0137,-0.017,-0.0776,-0.0211","-0.0232,0.0781,0.0593,0,0,-0.0381,-0.0593,0","0,0.0452,0.0904,0,0,0,-0.0904,-0.0155",0.2734375,0.234375,10,0.3079913258552551,0.41869205236434937
31,gate_proj,gptq,12800,4096,0,0.0020506095886230467,0.0015118217468261719,99.50479366860236,0.01613332480165417,455.38330078125,362.5748596191406,812.0298461914062,1448.0869140625,1727.9505615234375,1781.153076171875,0.54518723487854,99.30654907226562,0.12023403495550156,"162,718,486,2473,582,889,2787,581,1414,1979,714,2722,3054,2231,1433,3433",105.1596450805664,,,,,0,584.5224609375,786.357666015625,675.1159057617188,804.2041015625,"0.079,1.013,1.096,0.952,0.853,0.915,1.019,1.063",2551.70361328125,3038.31884765625,"234,1524,3151,3456,2472,2343,3541,3693",91.68391418457031,94.19490814208984,"135.9,64.14,87.37,94.48,84.36,81.38,93.59,92.26","11.59,19.36,27.01,27.61,23.18,23.03,28.13,28.58","41.24,19.23,25.81,28.3,25.1,24.07,27.86,27.72",11438,0.001271237269975245,9471,0.003009284846484661,"1433,3733,2231,1724,2473,3768,2722,2554",0.08562339842319489,0.34471678733825684,0.3326171934604645,"1.35,1.23,1.4,1.31,1.43,1.28,1.23,1.24","11,9.07,9.05,8.59,7.42,7.4,5.7,5.23","-0.016,-0.0115,0.0231,-0.0635,-0.0173,-0.0469,-0.00187,-0.0103","-0.023,-0.00947,0.023,-0.0691,-0.023,-0.046,0,-0.00947","-0.023,-0.0134,0.0201,-0.0544,-0.0162,-0.0402,0,-0.0108",0.1689453125,0.149723082780838,1,0.826363205909729,0.06834153831005096
31,up_proj,gptq,12800,4096,0,0.0020473480224609377,0.0015425682067871094,110.98543858336052,0.014884210536502646,539.32568359375,433.54718017578125,970.2249755859375,1717.18994140625,2027.568359375,2115.82275390625,0.54518723487854,110.81452941894531,0.0868455022573471,"162,718,486,2473,889,2787,582,581,1979,2722,1414,714,3054,2231,1433,3768",105.1596450805664,,,,,0,672.2467041015625,931.9388427734375,798.640869140625,957.0284423828125,"0.061,0.945,0.992,0.922,0.847,0.873,0.991,1.064",2551.70361328125,3038.31884765625,"234,1524,3151,3456,2472,2343,3541,3693",91.68391418457031,94.19490814208984,"135.9,64.14,87.37,94.48,84.36,81.38,93.59,92.26","10.85,20.27,28.56,29.7,25.3,24.82,30.58,30.99","43.98,20.86,28.68,30.94,27.49,26.56,30.72,30.03",2809,0.0016163638792932034,1225,0.0019343681633472443,"1433,3733,2231,1724,2473,3768,2722,2554",0.06838446110486984,0.40171873569488525,0.44948241114616394,"1.05,1.35,1.07,1,0.965,1.1,1.13,1.34","11,9.07,9.05,8.59,7.42,7.4,5.7,5.23","-0.0413,-0.00705,0.0204,-0.000771,0.0596,-0.03,-0.0645,0.0256","-0.041,-0.00892,0.0205,0,0.0615,-0.041,-0.0615,0.0268","-0.0354,-0.0138,0.0232,0,0.0511,-0.0276,-0.0737,0.034",0.07177734375,0.08203125,1,1.0172618627548218,0.10125099867582321
31,down_proj,gptq,4096,12800,0,0.001982746124267578,0.001549205780029297,201.38845046479355,0.02706993193010927,641.2200927734375,436.1119384765625,189.8948211669922,316.0118408203125,490.9524230957031,390.3171081542969,0.4143211841583252,201.34820556640625,0.12999427318572998,"12004,5000,8316,10061,143,4561,10374,816,1340,683,2128,12561,8696,9765,3540,9452",411.0611572265625,,,,,0,152.5779266357422,129.60475158691406,151.17333984375,157.28720092773438,"0.034,0.971,1.387,1.370,1.229,1.028,1.362,1.250",9656.56640625,8263.1015625,"230.6,3394,1.642e+04,1.478e+04,1.056e+04,7168,1.129e+04,1.341e+04",60.03169250488281,65.3880615234375,"46.51,39.81,72.82,69.78,60.74,58.82,61.73,70.05","1.552,7.804,15.89,14.84,12.54,11.3,13.47,14.77","8.454,7.92,13.49,12.68,11.31,11.14,11.54,13.21",1244,0.0037264348939061165,312,0.00724981352686882,"5634,683,6206,2328,8696,10374,10137,9398",0.10797932744026184,0.36151123046875,0.371917724609375,"0.73,0.719,0.723,0.758,0.582,0.737,0.761,0.742","11,10.3,6.96,6.62,6.38,6.37,6.03,5.98","0.0125,0.00861,0.000877,-0.00964,0.00555,-0.00227,-0.00168,0.0125","0.0123,0.00701,0,-0.00826,0.00701,-0.00701,-0.0106,0.00947","0.0103,0.0121,0,-0.0113,0,0,0,0.0117",0.05859375,0.05475578084588051,1,0.7654435038566589,0.024932650849223137
32,q_proj,gptq,4096,4096,0,0.0020319223403930664,0.0014916062355041504,46.58912223058894,0.021871779435873324,171.07510375976562,126.72068786621094,1900.890869140625,7358.7177734375,4015.02197265625,7492.169921875,0.8251973986625671,46.38085174560547,0.3032294809818268,"1505,3768,1433,137,1724,2787,582,3940,3669,1289,4079,64,1361,2231,1594,3300",297.7298583984375,,,,,0,1328.114501953125,2828.27392578125,1496.9002685546875,3865.283203125,"1.041,0.365,0.587,0.529,0.398,0.349,0.498,0.517",2056.71142578125,2452.90283203125,"144.6,1164,2625,2888,1992,1895,2762,2983",272.593505859375,326.210693359375,"48.01,271,295.2,316.8,304.5,306.5,320.1,318.7","9.602,30.39,41.96,41.69,35.28,33.7,42.18,44.18","9.413,50.32,54.75,57.3,55.92,57.02,59.76,61.44",1651,0.006049692165106535,53,0.014112643897533417,"484,1724,312,1433,3768,2231,1667,2705",0.6758582592010498,0.5050048828125,0.53515625,"0.517,0.721,0.49,0.606,0.72,0.645,0.851,0.83","111,90.8,83,80,77.9,49.2,38.8,33.7","0.00293,-0.00519,-0.00375,-0.00105,0.00262,0.000292,-0.00157,-0.0054","0,-0.00861,-0.00861,0,0,0,0,-0.00861","0,0,0,0,0,0,0,0",0.068359375,0.07884927093982697,1,2.743917942047119,0.023875940591096878
32,k_proj,gptq,1024,4096,0,0.0020170211791992188,0.001474142074584961,13.983685589540983,0.02531508735130597,46.37644577026367,33.567176818847656,522.7188720703125,1911.716552734375,1151.281982421875,1943.4879150390625,0.8251973986625671,13.929971694946289,0.3434230089187622,"1505,137,3768,1433,2787,1724,582,3940,3669,1289,4079,1594,64,1361,3300,2154",297.7298583984375,,,,,0,382.4537353515625,748.1937866210938,417.6656494140625,954.4788818359375,"1.031,0.414,0.687,0.585,0.428,0.329,0.537,0.595",2056.71142578125,2452.90283203125,"144.6,1164,2625,2888,1992,1895,2762,2983",272.593505859375,326.210693359375,"48.01,271,295.2,316.8,304.5,306.5,320.1,318.7","4.572,16.49,22.55,22.65,19.81,17.41,22.35,23.46","4.503,25.61,27.21,29.61,30.27,30.35,30.49,30.42",365,0.022654075175523758,319,0.05084012821316719,"484,1724,312,1433,3768,2231,1667,2705",0.7770804166793823,0.469970703125,0.4415283203125,"0.229,0.364,0.376,0.512,0.405,0.432,0.349,0.406","111,90.8,83,80,77.9,49.2,38.8,33.7","0.0062,0.00313,0.0083,0.00345,0.000694,0.0014,-0.0031,0.00467","0,0,0,0,0,0,0,0","0,0,0.0156,0,0,0,0,0",0.08203125,0.09555342048406601,1,2.982128381729126,0.590365469455719
32,v_proj,gptq,1024,4096,0,0.0020439624786376953,0.0014982223510742188,14.273389476333278,0.02117870070460464,53.84611511230469,40.80738067626953,598.25341796875,1600.7069091796875,1233.295654296875,1720.4412841796875,0.8251973986625671,14.226499557495117,0.25899022817611694,"3768,1505,2787,1433,137,1724,1289,582,3669,1594,4079,64,1361,2231,2722,3940",297.7298583984375,,,,,0,402.0274658203125,618.6400146484375,460.6061706542969,875.9710693359375,"1.695,0.517,0.770,0.648,0.551,0.557,0.682,0.751",2056.71142578125,2452.90283203125,"144.6,1164,2625,2888,1992,1895,2762,2983",272.593505859375,326.210693359375,"48.01,271,295.2,316.8,304.5,306.5,320.1,318.7","4.274,15.8,22.79,22.72,19.4,19.77,23.67,24.19","3.283,21.98,25.97,28.22,26.12,26.49,28.66,27.91",18,0.012672390788793564,11,0.010092205367982388,"484,1724,312,1433,3768,2231,1667,2705",0.5554898381233215,0.770751953125,0.7840576171875,"0.0894,0.159,0.077,0.177,0.196,0.197,0.0475,0.286","111,90.8,83,80,77.9,49.2,38.8,33.7","-3.31e-06,-0.0023,0.000146,-0.00842,0.000433,-0.00131,-0.000122,0.00137","0,0,0,-0.0151,0,0,0,0","0,0,0,-0.0101,0,0,0,0",0.08837890625,0.10546789318323135,1,2.1834046840667725,0.22475427389144897
32,o_proj,gptq,4096,4096,0,0.0021195411682128906,0.0015298724174499512,68.01651989141783,0.02999875367293909,210.71926879882812,130.10858154296875,41.518638610839844,143.0683135986328,67.58773803710938,88.44027709960938,0.7101826667785645,67.87239074707031,0.06225823983550072,"3404,1833,3276,3532,2500,2116,515,3148,1577,643,2372,3875,1059,1123,1119,1036",135.83441162109375,,,,,0,14.02703857421875,17.724788665771484,33.23173522949219,54.139095306396484,"0.134,0.939,0.992,0.741,0.824,0.680,0.813,0.674",1312.8668212890625,2808.91943359375,"28.14,1251,3323,1736,1240,590.3,1130,1204",23.658466339111328,42.09891128540039,"12.76,19.87,31.77,30.11,21.56,22.64,23.73,26.82","0.8443,3.422,5.558,4.543,3.383,2.994,3.647,3.814","2.307,3.532,5.582,5.277,3.727,3.63,4.044,4.644",484,0.01295423973351717,484,0.006652020383626223,"1175,1303,1431,1142,1047,3875,3885,3532",0.14415869116783142,0.3984375,0.37091064453125,"0.597,0.615,0.691,0.479,0.859,0.644,0.72,0.551","3.59,3.59,3.56,2.62,2.47,2.21,2.2,2.19","0.176,0.146,0.0942,-0.175,-0.0229,-0.159,-0.0381,-0.0649","0.164,0.164,0.082,-0.164,0,-0.164,-0.0529,-0.082","0.209,0.168,0.096,-0.15,0,-0.136,-0.0455,-0.0774",0.287109375,0.328125,1,0.3850884437561035,0.30399277806282043
32,gate_proj,gptq,12800,4096,0,0.0020454978942871095,0.001513214111328125,103.83914328593802,0.01673291629666153,463.2420959472656,370.1158752441406,917.0863037109375,1743.213134765625,2020.5777587890625,2139.90869140625,0.5683437585830688,103.64337921142578,0.13844728469848633,"162,718,2787,486,582,2473,2722,889,1979,581,714,1414,2231,1433,3054,3768",120.44670104980469,,,,,0,673.1394653320312,951.1962890625,764.6279907226562,953.0426025390625,"0.069,0.972,1.080,0.935,0.796,0.827,0.999,1.075",2570.681396484375,2974.512451171875,"234.6,1486,3263,3518,2475,2340,3497,3751",99.25210571289062,101.53165435791016,"149.2,68.77,95.15,101.1,90.62,88.35,99.97,100.8","12.18,20.54,29.37,29.69,24.53,24.31,30.07,31.2","46.4,20.84,28.25,30.71,27.49,26.74,30.09,30.1",969,0.001607981277629733,4314,0.005882911384105682,"1433,2231,1724,3733,3768,2722,2473,3548",0.11528786271810532,0.38169920444488525,0.3720996081829071,"1.28,1.38,1.21,1.24,1.25,1.22,1.37,1.16","13.3,11.5,10.4,10.1,9.62,7.68,7.54,6.34","-0.0344,0.0137,-0.0219,-0.0123,-0.0133,0.0344,0.00406,-0.0349","-0.0555,0,0,-0.0222,0,0.0555,0,-0.0555","-0.0279,0.0128,-0.0156,-0.0164,-0.0164,0.0555,0,-0.0275",0.1943359375,0.1665736734867096,3,0.98353111743927,0.07011919468641281
32,up_proj,gptq,12800,4096,0,0.0020311927795410157,0.0015386581420898438,117.25835514568692,0.015245368864708694,560.441162109375,452.95849609375,1117.820556640625,2117.359375,2408.6103515625,2614.831298828125,0.5683437585830688,117.05777740478516,0.10154177993535995,"162,718,2787,486,2473,582,2722,889,1979,714,581,1414,1433,2231,3054,3768",120.44670104980469,,,,,0,794.7413330078125,1136.92138671875,910.2047119140625,1166.46923828125,"0.056,0.906,1.002,0.921,0.834,0.817,0.978,1.020",2570.681396484375,2974.512451171875,"234.6,1486,3263,3518,2475,2340,3497,3751",99.25210571289062,101.53165435791016,"149.2,68.77,95.15,101.1,90.62,88.35,99.97,100.8","11.62,21.96,31.72,32.46,27.57,26.65,32.68,33.8","49.23,23.08,31.68,33.82,30.19,29.48,33.04,33.47",2241,0.001196164172142744,12600,0.0029142864514142275,"1433,2231,1724,3733,3768,2722,2473,3548",0.08565428853034973,0.42405271530151367,0.4891405999660492,"1.11,1.15,1.1,1.36,1.11,1.11,1.06,1.16","13.3,11.5,10.4,10.1,9.62,7.68,7.54,6.34","-0.0184,0.0142,-0.0233,0.00995,-0.0156,0.00232,0.00208,-0.00513","-0.0152,0.0152,-0.0228,0.0121,-0.0152,0,0,-0.0076","-0.0181,0.0108,-0.0247,0.011,-0.011,0,0,0",0.05419921875,0.04766722023487091,1,0.9536590576171875,0.9449933767318726
32,down_proj,gptq,4096,12800,0,0.001999835968017578,0.0015375900268554687,226.5737054667311,0.02950100805781869,686.2432861328125,458.99542236328125,323.5408020019531,568.6970825195312,865.7592163085938,727.65478515625,0.4203227460384369,226.38864135742188,0.14820100367069244,"6414,3888,5195,4501,173,7876,5285,9443,4960,11995,1549,971,5188,12732,6050,4741",120.89166259765625,,,,,0,269.06634521484375,246.07785034179688,276.3946533203125,322.5086669921875,"0.033,0.798,1.457,1.036,1.177,1.078,1.278,1.203",9395.134765625,8248.263671875,"230.1,3059,1.331e+04,1.455e+04,9473,7400,1.249e+04,1.465e+04",80.30228424072266,91.1300048828125,"57.63,58.39,85.96,107.3,76.73,76.85,87.59,91.99","2.008,10.09,19.42,21.11,16.09,15.49,18.74,19.33","11.13,11.3,16.09,20.74,14.83,14.92,16.58,17.63",379,0.005523194093257189,379,0.012324032373726368,"1549,7065,512,1678,7083,2989,8725,2632",0.19210854172706604,0.331451416015625,0.348358154296875,"0.754,0.786,0.66,0.778,0.763,0.745,0.75,0.778","22.6,11.6,11.4,9.75,9.05,8.39,7.17,6.65","0.0393,0.0457,-0.0708,0.0276,-0.0101,0.00323,0.00705,0.0317","0,0.056,-0.121,0.0255,-0.0164,0,0,0.0465","0.0725,0.0432,-0.0607,0.036,0,0,0,0.0393",0.423828125,0.4843750298023224,1,1.1954681873321533,1.646181583404541
33,q_proj,gptq,4096,4096,0,0.0020297765731811523,0.0014914870262145996,55.72091752324661,0.024814022553721157,188.3765411376953,139.02920532226562,1567.5538330078125,7390.455078125,3373.82421875,7594.0546875,0.820382297039032,55.453086853027344,0.3507114052772522,"1505,3768,2787,1724,1289,1433,137,3940,1594,3669,1361,64,2822,4079,582,2722",484.9449768066406,,,,,0,1123.0213623046875,3071.537841796875,1284.81689453125,3905.77294921875,"0.687,0.265,0.515,0.364,0.311,0.287,0.372,0.430",1874.72265625,2251.9453125,"150.6,1151,2520,2405,1897,1763,2414,2696",281.4936218261719,330.1365051269531,"50.32,297.2,300.8,320.3,320,316.9,320,326.5","8.438,29,41.11,36.3,33.02,31.68,36.58,40.4","10.18,56.32,57.29,60.15,59.21,59.18,59.98,61.58",866,0.005595970433205366,761,0.0074470085091888905,"484,1724,312,3768,1433,2231,379,2705",0.8530517816543579,0.515594482421875,0.59832763671875,"0.43,0.606,0.417,0.702,0.559,0.576,0.399,0.807","126,109,104,84.4,79.6,54.6,52.6,41.7","0.00513,-0.00467,-0.00144,-0.00952,-0.00903,0.00287,-0.00507,-0.000858","0,0,0,0,0,0,-0.0266,0","0,0,0,-0.0104,-0.0097,0,0,0",0.09326171875,0.0799386203289032,1,2.4700443744659424,1.2759270668029785
33,k_proj,gptq,1024,4096,0,0.0020618438720703125,0.0014886856079101562,17.26845561518536,0.029426658712037215,51.862205505371094,36.686729431152344,445.40203857421875,2056.2421875,988.338623046875,2090.79833984375,0.820382297039032,17.230552673339844,0.39651432633399963,"1505,2787,3768,1724,1289,137,1433,3940,1594,64,1361,582,3669,2822,4079,2154",484.9449768066406,,,,,0,325.09124755859375,856.4363403320312,371.0762939453125,1120.826416015625,"0.793,0.280,0.539,0.358,0.347,0.284,0.412,0.428",1874.72265625,2251.9453125,"150.6,1151,2520,2405,1897,1763,2414,2696",281.4936218261719,330.1365051269531,"50.32,297.2,300.8,320.3,320,316.9,320,326.5","4.335,15.6,22.02,19.32,18.26,16.99,19.8,21.6","4.868,29.48,29.98,32.3,30.98,31.87,30.86,33",367,0.023895369842648506,185,0.019277753308415413,"484,1724,312,3768,1433,2231,379,2705",0.8868007063865662,0.4708251953125,0.49951171875,"0.228,0.337,0.358,0.394,0.482,0.371,0.306,0.408","126,109,104,84.4,79.6,54.6,52.6,41.7","0.00555,-0.00175,0.00543,-0.0177,0.00246,0.00279,-0.00403,0.0097","0,0,0,-0.0167,0,0,-0.0167,0.0167","0.0104,0,0,-0.0142,0,0,0,0.0105",0.072265625,0.06315498799085617,1,2.8221633434295654,0.7422212362289429
33,v_proj,gptq,1024,4096,0,0.0020232200622558594,0.0014917850494384766,15.828047118647191,0.022699276261981264,56.64006805419922,42.332611083984375,466.603515625,1533.1529541015625,993.6856689453125,1644.57080078125,0.820382297039032,15.718018531799316,0.2942391037940979,"2787,1505,3768,1289,1724,1433,1594,137,1361,64,3669,2822,2722,3940,4079,582",484.9449768066406,,,,,0,328.15496826171875,628.6799926757812,375.2158203125,836.4898681640625,"0.915,0.433,0.700,0.485,0.460,0.435,0.540,0.569",1874.72265625,2251.9453125,"150.6,1151,2520,2405,1897,1763,2414,2696",281.4936218261719,330.1365051269531,"50.32,297.2,300.8,320.3,320,316.9,320,326.5","3.81,15.7,22.37,19.57,17.88,17.62,20,21.24","3.983,23.84,26.73,28.1,26.35,26.72,27.22,28.14",38,0.014489556662738323,831,0.013746301643550396,"484,1724,312,3768,1433,2231,379,2705",0.5401512384414673,0.7176513671875,0.7681884765625,"0.101,0.159,0.0707,0.209,0.2,0.2,0.0574,0.284","126,109,104,84.4,79.6,54.6,52.6,41.7","0.00212,-0.000748,-0.00126,0.0199,0.00249,-0.0272,0.00421,0.0189","0,0,0,0.0165,0,-0.0331,0,0.0165","0,0,0,0.0204,0,-0.0293,0,0.0167",0.05810546875,0.053153228014707565,1,2.151777505874634,0.426298588514328
33,o_proj,gptq,4096,4096,0,0.0020937323570251465,0.0015010833740234375,66.12600039278414,0.028784943397543273,209.37701416015625,131.9043426513672,83.2713623046875,262.77362060546875,128.35304260253906,232.51629638671875,0.7058302164077759,65.96607971191406,0.06277928501367569,"129,1,385,257,2914,3042,3365,3237,1301,1429,1173,3493,3920,4048,2786,2658",59.89141845703125,,,,,0,31.01340103149414,68.68217468261719,66.27909088134766,145.07913208007812,"0.137,0.361,0.592,0.472,0.415,0.380,0.465,0.526",1315.2255859375,2472.765869140625,"59.01,434.9,1838,1525,1437,1194,1870,2164",46.776588439941406,68.68182373046875,"24.36,34.58,47.12,47.3,57.48,52.79,55.79,54.8","1.58,3.671,6.27,5.56,6.293,5.682,6.529,6.885","4.266,6.106,8.148,8.096,9.763,9.213,9.578,9.492",312,0.005903863813728094,3819,0.00831101555377245,"2630,2658,2660,2583,3218,2650,2571,3288",0.28387558460235596,0.3345947265625,0.315338134765625,"0.745,0.831,0.72,0.7,0.578,0.699,0.784,0.759","8.56,8.44,6.53,6.03,5.82,5.68,5.61,5.52","-0.041,-0.194,-0.0249,0.0786,0.00879,0.0537,-0.0121,0.0408","-0.0583,-0.175,-0.0421,0.0583,0,0.0583,0,0.0305","-0.0555,-0.167,0,0.0555,0,0.0555,0,0.0432",0.2041015625,0.1749441921710968,7,0.4835320711135864,0.24310027062892914
33,gate_proj,gptq,12800,4096,0,0.0020443534851074217,0.0015057563781738282,109.28140543005429,0.01781642286119932,467.12945556640625,372.9577941894531,1008.6373901367188,2012.171630859375,2142.1513671875,2426.39501953125,0.6099553108215332,108.93763732910156,0.1592920869588852,"162,718,2787,582,486,2473,581,1979,889,3768,2231,714,2722,1433,1594,1414",103.02000427246094,,,,,0,714.671630859375,1076.739013671875,783.1029052734375,1110.316162109375,"0.072,0.860,1.012,0.846,0.748,0.758,0.885,0.966",2452.373779296875,2796.29052734375,"235,1474,3341,3154,2459,2265,3154,3537",105.40194702148438,109.17129516601562,"154.5,77.2,102.5,105.3,98.12,95.74,103.6,106.2","12.75,22.03,31.43,29.42,26.07,25.49,29.81,31.6","47.4,23.75,31.24,31.99,30.14,29.29,31.68,32.15",2396,0.002741936594247818,331,0.003795332508161664,"1433,1724,2231,3768,3733,312,2722,3548",0.2458450049161911,0.43196287751197815,0.4376855492591858,"1.24,1.15,1.28,1.19,1.24,0.943,1.21,1.11","16.1,15.1,14.8,14,10.2,8.75,8.61,7.37","-0.0206,-0.0308,0.0234,-0.0126,0.0312,-0.0114,0.0108,0.0197","0,-0.0458,0,0,0.0277,-0.0458,0,0","-0.0321,-0.0463,0.025,0,0.0458,0,0.0105,0.0346",0.173828125,0.1830357164144516,1,1.3650453090667725,1.400514841079712
33,up_proj,gptq,12800,4096,0,0.0020494842529296875,0.001539306640625,124.12825063671335,0.015926862532223186,575.661376953125,465.57537841796875,1252.1656494140625,2486.764892578125,2589.62939453125,3012.07177734375,0.6099553108215332,123.83723449707031,0.11810524761676788,"162,718,2787,582,486,581,2473,889,1979,2722,3768,714,1433,2231,1594,3669",103.02000427246094,,,,,0,859.0983276367188,1319.68310546875,967.0801391601562,1396.348876953125,"0.059,0.796,0.970,0.852,0.747,0.745,0.870,0.957",2452.373779296875,2796.29052734375,"235,1474,3341,3154,2459,2265,3154,3537",105.40194702148438,109.17129516601562,"154.5,77.2,102.5,105.3,98.12,95.74,103.6,106.2","12.65,23.43,34,32.98,28.78,27.89,32.98,35.01","52.1,26.27,34.53,35.73,33.3,32.32,35.35,35.79",1967,0.0012566883815452456,9393,0.0036073902156203985,"1433,1724,2231,3768,3733,312,2722,3548",0.1710623949766159,0.4353906214237213,0.5387206673622131,"1.14,1.11,1.22,1.1,1.36,1.04,1.14,1.14","16.1,15.1,14.8,14,10.2,8.75,8.61,7.37","0.0122,0.00421,-0.0187,0.0374,-0.0121,0.000479,-0.00497,-0.000652","0,0,-0.0293,0.0293,0,0,0,0","0.016,0,-0.0126,0.032,-0.0107,0,0,0",0.1484375,0.1252526491880417,1,1.0204116106033325,0.4839708209037781
33,down_proj,gptq,4096,12800,0,0.0020043373107910155,0.0015346527099609375,234.84957720818784,0.030338554126625925,706.578125,474.92584228515625,473.98553466796875,933.7420043945312,1146.2464599609375,1061.368408203125,0.42572930455207825,234.3661651611328,0.13471335172653198,"3878,11287,12468,12088,6073,1367,5714,9605,2008,6075,3140,7710,4898,2915,75,8438",433.2500915527344,,,,,0,365.054931640625,388.93475341796875,374.62451171875,482.288818359375,"0.019,0.897,1.140,0.913,1.073,0.930,1.080,1.196",8302.6171875,7676.5859375,"233.5,3556,1.293e+04,1.182e+04,9268,5724,1.05e+04,1.238e+04",100.14018249511719,111.63629913330078,"87.4,82.49,105.6,124.9,96.21,94.24,105.7,104.6","2.373,15.1,22.26,23.48,19.56,17.4,21.4,22.28","17.25,15.94,20.85,24.58,18.88,18.03,20.59,20.37",312,0.010457655414938927,379,0.011373313143849373,"3140,1883,7264,11923,10564,12459,304,6074",0.20274806022644043,0.3062744140625,0.3299560546875,"0.839,0.765,0.918,0.728,0.76,0.782,0.719,0.843","28.3,23.3,16.3,11,10.6,10.1,9.95,9.07","-0.00246,0.0189,-0.0288,0.0347,-0.0062,0.00103,0.062,-0.0101","0,0,-0.0379,0.0493,-0.011,0,0.0831,0","0,0.0253,-0.0326,0.0354,0,0,0.072,-0.0122",0.291015625,0.2494419813156128,3,2.0004451274871826,0.8837800025939941
34,q_proj,gptq,4096,4096,0,0.002030491828918457,0.001469433307647705,47.484842797812675,0.024582187265550025,163.13511657714844,119.59211730957031,1766.994140625,6390.75146484375,3486.44580078125,6471.2265625,0.8048219084739685,47.38195037841797,0.3046515882015228,"1505,3768,137,1289,3940,1724,4079,64,1433,1361,2787,3669,1594,582,3819,2424",412.427978515625,,,,,0,1128.701416015625,2493.73876953125,1311.107177734375,3263.47412109375,"0.674,0.363,0.655,0.462,0.369,0.336,0.481,0.504",1943.3013916015625,2307.850830078125,"141.8,1276,2843,2250,1906,1914,2511,2705",264.34881591796875,320.8505554199219,"43.02,266.4,281.4,298.7,306.9,306.2,305.1,307.2","8.62,29.14,41.36,35.85,32.95,32.51,37.64,39.38","10.5,48.34,51.12,52.73,54.23,56.08,54.29,55.47",1461,0.005845510400831699,2866,0.015311751514673233,"1724,312,484,3768,1433,2231,2705,399",0.8259100914001465,0.418792724609375,0.457794189453125,"0.677,0.538,0.582,0.722,0.605,0.64,0.841,0.924","101,96.3,92.5,83.5,70,48.9,44.3,41.8","-0.053,-0.0742,0.0923,-0.0383,-0.0593,0.0659,0.0291,-0.0601","-0.0566,-0.0566,0.113,-0.0566,-0.0566,0.0566,0,-0.0566","-0.0566,-0.0636,0.0791,-0.0488,-0.0586,0.0565,0.0297,-0.0527",0.1982421875,0.1699218899011612,1,2.5189526081085205,4.225348949432373
34,k_proj,gptq,1024,4096,0,0.00205230712890625,0.0014743804931640625,15.605613930986902,0.03634727224494624,41.26984405517578,28.4056453704834,468.69293212890625,1713.43701171875,994.0355224609375,1704.193603515625,0.8048219084739685,15.57020378112793,0.39958423376083374,"1505,3768,137,1289,64,4079,1724,1594,1361,3940,1433,2787,3669,582,3819,2822",412.427978515625,,,,,0,325.553466796875,653.775634765625,360.923583984375,855.9219970703125,"0.826,0.531,0.708,0.482,0.447,0.325,0.475,0.555",1943.3013916015625,2307.850830078125,"141.8,1276,2843,2250,1906,1914,2511,2705",264.34881591796875,320.8505554199219,"43.02,266.4,281.4,298.7,306.9,306.2,305.1,307.2","3.477,17.23,21.91,19.11,18.47,16.36,19.73,21.26","3.825,23.64,26.03,27.51,27.62,28.73,28.64,28.53",892,0.0211945790797472,373,0.03441312909126282,"1724,312,484,3768,1433,2231,2705,399",1.1882139444351196,0.38916015625,0.3203125,"0.447,0.527,0.357,0.47,0.61,0.451,0.494,0.362","101,96.3,92.5,83.5,70,48.9,44.3,41.8","-0.0177,0.000114,-0.00381,-0.0266,0.0115,0.000893,-0.00409,0.00897","-0.0269,0,0,-0.0269,0,0,0,0","-0.0142,0,0,-0.0299,0.014,0,0,0.0111",0.09423828125,0.0833345577120781,1,2.689640998840332,1.147599220275879
34,v_proj,gptq,1024,4096,0,0.002014636993408203,0.001470804214477539,20.101332643484945,0.023664526583043348,70.37973022460938,55.74276351928711,765.3184814453125,1991.1697998046875,1489.8157958984375,2146.64111328125,0.8048219084739685,19.986167907714844,0.22727467119693756,"3768,1594,2787,1289,64,1505,3669,1724,1361,4079,2722,2822,1433,2705,137,582",412.427978515625,,,,,0,491.4430236816406,784.690673828125,554.94287109375,1094.177978515625,"1.156,0.532,0.860,0.598,0.483,0.517,0.675,0.703",1943.3013916015625,2307.850830078125,"141.8,1276,2843,2250,1906,1914,2511,2705",264.34881591796875,320.8505554199219,"43.02,266.4,281.4,298.7,306.9,306.2,305.1,307.2","3.783,19.15,26.89,23.34,21.41,21.8,25.73,26.21","3.518,26.26,28.99,30.19,30.79,30.31,31.31,31.25",72,0.01164963562041521,148,0.017895346507430077,"1724,312,484,3768,1433,2231,2705,399",0.4970223903656006,0.7744140625,0.845947265625,"0.144,0.0676,0.0823,0.176,0.174,0.181,0.22,0.187","101,96.3,92.5,83.5,70,48.9,44.3,41.8","0.00112,-0.00118,-0.0011,0.000626,0.00128,2.62e-05,0.00071,-8.68e-05","0,0,0,0,0,0,0,0","0,0,0,0,0,0,0,0",0.059326171875,0.053287819027900696,1,2.310344696044922,1.1701549291610718
34,o_proj,gptq,4096,4096,0,0.0020981431007385254,0.0015125274658203125,80.08639492389807,0.030109607259657577,242.47958374023438,150.88278198242188,131.1654052734375,326.05126953125,162.08694458007812,203.27291870117188,0.7913028001785278,79.83251190185547,0.05806557834148407,"3445,3317,3573,732,650,735,761,676,684,749,2761,760,661,674,751,725",105.63397979736328,,,,,0,64.94563293457031,85.17741394042969,67.18257141113281,80.32089233398438,"0.162,0.596,0.966,0.733,0.689,0.692,0.721,0.815",1319.994384765625,1835.4775390625,"26.98,507.4,2946,755.5,717.9,627.4,2019,2960",49.31235122680664,51.077430725097656,"14.48,35.29,57.54,34.2,42.78,65.64,71.69,72.88","1.103,4.754,10.34,5.199,6.203,9.081,10.55,11.39","2.742,6.159,10.52,6.073,7.474,10.92,12.42,12.62",3768,0.006683825049549341,3225,0.004661449696868658,"677,704,714,723,676,1182,673,694",0.28948211669921875,0.33282470703125,0.3211669921875,"0.713,0.668,0.721,0.682,0.614,0.601,0.748,0.648","9.07,7.82,7.48,6.77,5.8,5.79,5.6,5.48","0.0076,0.00812,0.0043,0.00149,-0.00134,-0.042,0.00302,0.0014","0,0,0,0,0,-0.0456,0,0","0.0052,0.0104,0.0052,0,0,-0.0485,0.0052,0",0.0849609375,0.07305947691202164,1,0.5070956349372864,0.05284092202782631
34,gate_proj,gptq,12800,4096,0,0.0020491790771484373,0.001498737335205078,103.35980991384713,0.01740879261250853,448.78814697265625,358.9160461425781,1212.647705078125,2447.494140625,2489.63037109375,2904.934326171875,0.6691238880157471,103.09954071044922,0.16498585045337677,"162,718,486,581,582,1414,2231,1979,3054,2787,889,714,1433,2473,2722,3768",119.50180053710938,,,,,0,844.1051025390625,1360.2628173828125,952.655517578125,1396.8328857421875,"0.074,0.785,0.987,0.810,0.744,0.735,0.868,0.886",2434.473876953125,2813.509033203125,"236.3,1502,3330,2868,2448,2457,3200,3435",120.14535522460938,124.57029724121094,"181,88.52,115,115.9,110.1,112,119,119.8","15.12,23.77,34.1,30.91,28.52,28.85,32.84,33.42","55.47,26.82,34.32,34.34,33.08,33.64,35.25,35.49",1981,0.002327823778614402,3110,0.0042995885014534,"2231,1433,312,1724,3768,3733,2722,2473",0.1669599413871765,0.3928613066673279,0.38047850131988525,"1.33,1.28,0.924,1.21,1.26,1.22,1.21,1.32","17.9,17.6,14.7,14.1,13.1,11.3,9.33,8.69","0.0194,-0.00662,-0.014,-0.0223,-0.0083,0.00757,0.0258,0.00522","0,0,0,-0.0578,0,0.0158,0,0","0.0283,-0.00844,-0.0167,-0.0241,-0.0146,0.0146,0.0227,0",0.2021484375,0.2310267984867096,1,1.376200795173645,0.8427792191505432
34,up_proj,gptq,12800,4096,0,0.0020347023010253906,0.0015358924865722656,122.57584818289615,0.015578426995126085,576.9320068359375,464.3741760253906,1575.837890625,3164.67919921875,3173.4326171875,3753.52978515625,0.6691238880157471,122.40571594238281,0.12029147148132324,"162,718,486,581,582,2231,1414,3054,1979,2787,714,889,1433,2473,2722,3768",119.50180053710938,,,,,0,1068.3455810546875,1728.588134765625,1222.664794921875,1789.9066162109375,"0.053,0.760,0.947,0.796,0.749,0.734,0.857,0.891",2434.473876953125,2813.509033203125,"236.3,1502,3330,2868,2448,2457,3200,3435",120.14535522460938,124.57029724121094,"181,88.52,115,115.9,110.1,112,119,119.8","14.09,26.27,38.13,35,32.27,32.62,37.47,38.34","60.97,30.13,39.19,39.22,37.29,38.09,40.49,40.62",7559,0.00159319001249969,7188,0.0015743222320452332,"2231,1433,312,1724,3768,3733,2722,2473",0.11491405963897705,0.433173805475235,0.5103613138198853,"1.23,1.13,1.11,1.1,1.14,1.38,1.15,1.2","17.9,17.6,14.7,14.1,13.1,11.3,9.33,8.69","-0.0104,-0.0151,-0.00522,0.00897,0.00854,-0.0178,0.000866,0.0198","-0.0116,-0.0116,-0.0116,0.0116,0.0116,-0.0223,0,0.0233","-0.0105,-0.0121,-0.0104,0.0122,0.0102,-0.0204,0,0.014",0.051513671875,0.05753661319613457,1,1.2880685329437256,0.31633684039115906
34,down_proj,gptq,4096,12800,0,0.001992149353027344,0.001518268585205078,235.54403538376937,0.029814101180907254,721.0107421875,485.10919189453125,657.3427124023438,1217.4761962890625,1347.8990478515625,1235.122314453125,0.7357827425003052,235.34201049804688,0.1268599033355713,"9479,8398,12708,7600,7660,34,11004,11234,10696,12341,5178,7358,8711,6265,4697,5093",197.90264892578125,,,,,0,412.7879638671875,445.296142578125,426.54510498046875,560.6525268554688,"0.022,0.944,1.180,1.166,1.074,1.004,0.959,0.907",6624.09375,6197.404296875,"235.9,3417,7198,1.021e+04,9775,4962,7042,1.015e+04",105.97325134277344,116.87690734863281,"93.39,75.62,94.89,110.9,115.8,105.1,106.9,145.2","2.73,14.55,20.26,23.62,23.25,20.95,20.63,26.65","18.57,14.97,18.65,21.87,22.43,20.91,21.07,27.98",312,0.005444529000669718,379,0.024071870371699333,"6944,9479,4903,4390,12708,6969,5311,10456",0.22270363569259644,0.405059814453125,0.4312744140625,"0.707,0.805,0.728,0.755,0.721,0.754,0.761,0.688","42.2,16.3,15.7,14.9,14.8,13.3,10.8,10.6","-0.0391,-0.271,0.00237,0.0118,0.266,0.0022,-0.00209,0.0165","0,-0.31,0,0,0.233,0.0098,0,0","-0.0446,-0.31,0,0,0.228,0,0,0.0174",0.271484375,0.3102678656578064,1,1.7154003381729126,1.1034660339355469
35,q_proj,gptq,4096,4096,0,0.0020226240158081055,0.0014873147010803223,48.84543023178776,0.02726747648221566,156.42526245117188,111.6939697265625,1747.13916015625,6862.896484375,3613.925537109375,6845.28564453125,0.8767725825309753,48.63212203979492,0.3248983919620514,"1505,3768,137,2787,582,1433,4079,1289,1594,1724,64,3940,3669,2231,1361,2722",588.6422729492188,,,,,0,1178.076904296875,2762.87841796875,1217.9298095703125,3352.92333984375,"0.526,0.357,0.648,0.411,0.367,0.325,0.429,0.477",1908.9749755859375,2141.236328125,"177.2,1316,2648,2297,1936,1913,2441,2543",291.6910095214844,337.7525329589844,"60.44,301.4,301,327.4,337.5,337.1,333.4,335.3","9.968,31.16,41.71,36.07,34.83,33.61,37.78,39.28","13.75,52.18,51.81,56.26,57.51,58.94,57.65,56.89",3055,0.011023364961147308,4083,0.020538439974188805,"312,484,1724,3768,1433,2231,2705,399",1.2973244190216064,0.441925048828125,0.472259521484375,"0.485,0.528,0.692,0.693,0.57,0.618,0.78,0.893","118,116,101,88.9,81,60,45,39.1","-0.0119,0.00125,-0.0139,0.0205,-0.0118,-0.00708,-0.0244,-0.0182","0,0,0,0.0322,0,0,-0.0322,0","-0.0202,0,-0.013,0.0259,0,-0.0121,-0.0282,-0.0254",0.11279296875,0.12890625,1,3.6568312644958496,1.352218747138977
35,k_proj,gptq,1024,4096,0,0.002042055130004883,0.0015017986297607422,13.27226659236942,0.03400789652496511,36.410850524902344,25.547080993652344,422.6398620605469,1607.672607421875,893.9445190429688,1637.865478515625,0.8767725825309753,13.249977111816406,0.3691401183605194,"1505,3768,137,1433,582,4079,2787,1289,1594,64,3940,1361,1724,2231,3669,2822",588.6422729492188,,,,,0,287.04541015625,648.1140747070312,298.06170654296875,818.2022094726562,"0.643,0.465,0.614,0.458,0.411,0.365,0.405,0.413",1908.9749755859375,2141.236328125,"177.2,1316,2648,2297,1936,1913,2441,2543",291.6910095214844,337.7525329589844,"60.44,301.4,301,327.4,337.5,337.1,333.4,335.3","3.89,16.96,20.14,18.09,17.57,17.37,17.85,18.21","4.853,24.88,25.71,26.73,27.42,28.74,28.04,28.33",699,0.019277656450867653,383,0.0253941360861063,"312,484,1724,3768,1433,2231,2705,399",1.3938909769058228,0.4058837890625,0.3692626953125,"0.371,0.27,0.364,0.416,0.463,0.382,0.417,0.315","118,116,101,88.9,81,60,45,39.1","0.000877,-0.000267,-0.0364,0.00494,-0.0183,0.0156,0.00275,0.019","0,0,-0.0522,0,-0.0261,0.0261,0,0.0261","0,0,-0.036,0,-0.0261,0.0121,0,0.0229",0.09130859375,0.1043526828289032,1,2.4397318363189697,0.0518658421933651
35,v_proj,gptq,1024,4096,0,0.0020096302032470703,0.0014681816101074219,20.414001149421892,0.02215276320441681,74.18492126464844,54.637306213378906,812.608154296875,2222.813720703125,1593.13916015625,2378.51806640625,0.8767725825309753,20.390453338623047,0.233652725815773,"3768,2787,1289,1505,1594,137,1433,64,4079,582,3669,1361,1724,2231,2822,2722",588.6422729492188,,,,,0,514.4749145507812,887.0173950195312,554.53173828125,1184.8013916015625,"0.873,0.552,0.844,0.563,0.541,0.462,0.567,0.571",1908.9749755859375,2141.236328125,"177.2,1316,2648,2297,1936,1913,2441,2543",291.6910095214844,337.7525329589844,"60.44,301.4,301,327.4,337.5,337.1,333.4,335.3","4.664,19.79,27.17,24.01,23.75,23.06,25.44,25.39","4.992,26.63,29.58,32,32.29,33.92,33.79,33.59",61,0.012183092534542084,913,0.011501352302730083,"312,484,1724,3768,1433,2231,2705,399",0.5516383647918701,0.721923828125,0.7713623046875,"0.0758,0.094,0.196,0.226,0.222,0.212,0.289,0.202","118,116,101,88.9,81,60,45,39.1","0.000404,-0.000288,-0.011,0.00607,0.00327,-0.00504,-0.00623,1.43e-05","0,0,-0.0123,0,0,-0.0123,-0.0123,0","0,0,-0.0112,0,0,0,0,0",0.06689453125,0.06970305740833282,1,2.621457815170288,3.4340457916259766
35,o_proj,gptq,4096,4096,0,0.0020865797996520996,0.0015012621879577637,86.27623464577482,0.03129102617923662,257.974365234375,158.56759643554688,141.39987182617188,466.25836181640625,240.87960815429688,366.78070068359375,0.7503719925880432,86.0798110961914,0.04505900293588638,"3056,2928,1655,1783,2672,2800,1911,2039,3743,3871,3615,3999,1556,2401,3901,2320",50.9940071105957,,,,,0,76.01786804199219,129.3708038330078,139.61181640625,240.42880249023438,"0.138,0.467,0.600,0.623,0.589,0.728,0.557,0.574",1416.5546875,3672.34228515625,"50.64,937.7,2550,994.7,839.2,1532,1602,2826",56.662696838378906,79.97599792480469,"22.08,40.83,60.12,50,56.02,65.34,75.72,83.18","1.72,5.475,9.151,7.407,8.038,10.68,10.53,12.13","4.623,8.012,11.81,9.382,10.48,12.51,14.11,16.02",312,0.011239631101489067,482,0.02010772004723549,"2398,2423,2401,2421,2355,2365,2369,2431",0.24890679121017456,0.309539794921875,0.315826416015625,"0.793,0.79,0.818,0.793,0.79,0.77,0.779,0.786","8.23,7.96,7.56,7.22,7.19,7.03,6.98,6.61","-0.0593,-0.0398,0.153,-0.0757,0.0771,0.0131,0.0108,0.00279","-0.0703,0,0.151,-0.0703,0.0703,0,0,0","-0.0499,-0.0499,0.15,-0.0999,0.0999,0,0,0",0.337890625,0.4233430325984955,1,0.852138340473175,0.7894479632377625
35,gate_proj,gptq,12800,4096,0,0.002043933868408203,0.001487884521484375,107.27338710619915,0.018558594284276673,445.35308837890625,352.9115295410156,1388.757568359375,3021.733642578125,2896.161376953125,3501.447509765625,0.6784051060676575,106.8243408203125,0.19872164726257324,"162,718,486,581,2231,889,582,1979,1414,2787,3054,2473,1433,714,2722,333",131.430419921875,,,,,0,958.7398681640625,1659.150634765625,1009.80810546875,1610.048095703125,"0.072,0.785,0.971,0.779,0.736,0.711,0.799,0.776",2328.639404296875,2585.0224609375,"236.5,1535,3139,2871,2413,2366,2964,3104",133.72589111328125,134.528564453125,"208.3,100.8,123.3,127.3,121.3,123.6,130.5,134.7","16.94,26.22,35.85,33.17,30.7,30.86,34.43,35.07","63.03,29.59,36.38,37.59,35.78,36.61,38.51,39.81",1874,0.0029747835360467434,8442,0.004072191193699837,"2231,1433,484,1724,3768,3733,2722,718",0.2488410770893097,0.4013769328594208,0.39491209387779236,"1.32,1.3,0.839,1.18,1.2,1.22,1.18,1.28","23.8,21.1,17.6,17.2,17.1,14,12.3,9.27","0.0125,-0.0256,0.0201,-0.0356,-0.0226,-0.00491,-0.0542,-0.0264","0,-0.0388,0,-0.0388,-0.0388,0,-0.0388,-0.0388","0.0177,-0.0291,0.0151,-0.032,-0.027,-0.009,-0.0465,-0.0308",0.1357421875,0.1163504496216774,4,1.674465298652649,0.8076938390731812
35,up_proj,gptq,12800,4096,0,0.00204132080078125,0.0015132904052734375,131.79224721519313,0.016501030390589994,595.8955688476562,475.67694091796875,1876.171630859375,4070.07666015625,3814.66455078125,4696.75,0.6784051060676575,131.524658203125,0.15363381803035736,"162,718,486,2231,581,889,582,1979,2787,3054,1414,2473,1433,714,2722,333",131.430419921875,,,,,0,1257.208984375,2206.89404296875,1330.4669189453125,2134.69384765625,"0.055,0.725,0.959,0.787,0.719,0.691,0.786,0.751",2328.639404296875,2585.0224609375,"236.5,1535,3139,2871,2413,2366,2964,3104",133.72589111328125,134.528564453125,"208.3,100.8,123.3,127.3,121.3,123.6,130.5,134.7","16.66,29.64,40.97,38.91,35.58,35.26,39.54,40.46","71,34.8,41.82,43.86,41.94,42.44,44.6,46.7",12728,0.0017955036601051688,11714,0.0016147177666425705,"2231,1433,484,1724,3768,3733,2722,718",0.1701042652130127,0.4239550828933716,0.498603492975235,"1.29,1.16,1.2,1.13,1.15,1.37,1.16,1.32","23.8,21.1,17.6,17.2,17.1,14,12.3,9.27","0.0187,-0.0143,0.0287,-0.0125,-0.0182,0.00607,0.01,-0.0253","0.0226,-0.0113,0.0339,-0.0113,-0.0226,0.00918,0.0113,-0.0226","0.0204,-0.0126,0.0268,-0.0128,-0.0227,0.0114,0.00956,-0.0234",0.059326171875,0.060057274997234344,1,1.5074374675750732,0.2844533324241638
35,down_proj,gptq,4096,12800,0,0.001987018585205078,0.0015135574340820312,256.19994880704326,0.031761880232189385,765.6751708984375,512.1839599609375,1123.0869140625,2360.7978515625,2351.436767578125,2375.423828125,0.6293561458587646,255.75140380859375,0.12871378660202026,"10201,140,1273,7072,4460,11524,8118,6638,3042,4572,3842,4341,6969,10184,3819,9343",198.39053344726562,,,,,0,625.1870727539062,813.2357788085938,809.0164794921875,1184.4072265625,"0.009,0.736,1.012,1.041,0.875,0.855,0.909,0.919",5807.8115234375,7037.1376953125,"238.8,3206,7722,7652,7089,4527,6284,9743",141.69381713867188,167.93524169921875,"161.4,111,137.6,137.5,143.1,130.6,137.5,174.8","3.173,18.76,28.2,27.88,27.14,23.81,25.78,33.14","32.61,21.87,28.04,27.33,29.01,25.76,27.04,34.56",482,0.007553385104984045,3733,0.020762380212545395,"11524,11930,10562,140,10201,1567,8132,591",0.6402187943458557,0.437957763671875,0.45556640625,"0.759,0.722,1,0.693,0.694,0.756,0.52,0.76","78.9,26.6,19.8,19.3,19.1,17.8,15.7,15.7","0.0309,0.00476,0.0121,0.163,-0.0879,-0.00209,0.0396,-0.00531","0.0508,0,0,0.152,-0.102,0,0,0","0.0243,0,0,0.14,-0.102,0,0.0491,0",0.408203125,0.34505951404571533,1,2.3589212894439697,0.875632643699646
36,q_proj,gptq,4096,4096,0,0.0020276904106140137,0.001473844051361084,51.950231966721574,0.030069862643970886,156.35743713378906,107.37240600585938,1776.713623046875,6751.0380859375,3462.83349609375,6807.994140625,0.8767781257629395,51.64545822143555,0.2648106813430786,"1505,3768,137,1433,2787,4079,3940,1724,3669,1289,64,2722,582,1594,2231,1361",496.04656982421875,,,,,0,1164.91162109375,2726.745849609375,1120.6826171875,3264.150634765625,"0.371,0.406,0.642,0.414,0.358,0.374,0.392,0.452",1779.3858642578125,1916.3212890625,"188.2,1258,2445,2159,1850,1885,2108,2341",300.99652099609375,341.12786865234375,"66.91,310.8,311.1,333.2,350.9,352.1,341.9,341","8.427,32.76,40.76,36.44,34.52,35.55,35.34,38.49","13.83,51.41,50.88,56.66,57.71,58.13,56.46,57.29",3250,0.005348788574337959,1149,0.0062214988283813,"484,312,1724,3768,1433,2231,3733,2705",0.8418930172920227,0.46868896484375,0.522613525390625,"0.479,0.467,0.641,0.589,0.558,0.561,0.642,0.769","123,115,95.5,88.8,75.2,61.7,52.5,43.9","0.0354,-0.0398,-0.0237,-0.0288,-0.0417,0.0347,6.82e-05,0.014","0,-0.0672,0,0,-0.0672,0.0672,0.00895,0","0.0432,-0.0341,0,-0.0262,-0.04,0.0307,0,0.00949",0.2353515625,0.2017299234867096,1,2.524332284927368,3.22459077835083
36,k_proj,gptq,1024,4096,0,0.0020236968994140625,0.0015065670013427734,13.88645793884395,0.04185195950114428,33.910037994384766,21.547931671142578,415.1549987792969,1492.2958984375,820.4088745117188,1513.458251953125,0.8767781257629395,13.818092346191406,0.3248950242996216,"1505,3768,137,1433,2787,1594,3669,582,1724,64,1289,3940,4079,2722,1361,2705",496.04656982421875,,,,,0,286.5921630859375,605.29052734375,253.26217651367188,734.2144165039062,"0.387,0.439,0.728,0.478,0.373,0.452,0.439,0.454",1779.3858642578125,1916.3212890625,"188.2,1258,2445,2159,1850,1885,2108,2341",300.99652099609375,341.12786865234375,"66.91,310.8,311.1,333.2,350.9,352.1,341.9,341","3.078,16.21,20.66,17.79,16.63,18.45,17.93,18.41","4.947,24.46,24.21,25.72,27.22,27.44,27.06,27.31",766,0.026677407324314117,62,0.0455893948674202,"484,312,1724,3768,1433,2231,3733,2705",1.0589690208435059,0.3699951171875,0.353759765625,"0.272,0.393,0.384,0.433,0.472,0.328,0.268,0.442","123,115,95.5,88.8,75.2,61.7,52.5,43.9","-0.00528,-0.00671,-0.0742,0.0554,-0.0199,0.00934,0.00368,-0.0151","0,0,-0.0636,0.0636,-0.0212,0.0212,0.00962,-0.0212","-0.00732,-0.00806,-0.0636,0.0475,-0.0163,0.00914,0,-0.0159",0.07421875,0.0636160746216774,4,2.7159292697906494,0.13148730993270874
36,v_proj,gptq,1024,4096,0,0.0020089149475097656,0.0014307498931884766,42.75380793463704,0.036431797114091016,113.23736572265625,76.67842102050781,1385.42919921875,3490.56201171875,2609.35400390625,3524.818359375,0.8767781257629395,42.51890563964844,0.23648835718631744,"2787,1594,3768,2722,3669,1289,64,2822,4079,1433,1361,2677,1724,3599,3346,3274",496.04656982421875,,,,,0,912.346923828125,1336.903564453125,876.8984985351562,1631.0982666015625,"0.821,0.738,0.877,0.712,0.535,0.629,0.626,0.710",1779.3858642578125,1916.3212890625,"188.2,1258,2445,2159,1850,1885,2108,2341",300.99652099609375,341.12786865234375,"66.91,310.8,311.1,333.2,350.9,352.1,341.9,341","5.162,30.34,34.76,32.53,30.35,32.12,31.32,33.93","5.697,35.31,37.11,38.56,41.51,40.49,39.58,40.28",281,0.01345121394842863,536,0.010467431508004665,"484,312,1724,3768,1433,2231,3733,2705",0.5742464661598206,0.7728271484375,0.773193359375,"0.0938,0.0786,0.179,0.196,0.186,0.198,0.561,0.239","123,115,95.5,88.8,75.2,61.7,52.5,43.9","-0.000999,0.000637,0.00681,-0.00137,-0.00198,-0.00185,-0.0143,-0.00897","0,0,0,0,0,0,-0.0188,0","0,0,0,0,0,0,-0.0151,-0.0114",0.09423828125,0.10017098486423492,1,3.5202629566192627,1.1849440336227417
36,o_proj,gptq,4096,4096,0,0.002105236053466797,0.0014950037002563477,95.3200765155434,0.031665690851091825,280.44488525390625,172.62277221679688,147.26058959960938,489.71820068359375,185.17562866210938,285.29193115234375,0.8003472089767456,95.09168243408203,0.05646064877510071,"653,525,781,1505,909,1249,1377,1121,416,160,288,32,3257,3681,1006,622",78.56144714355469,,,,,0,98.52099609375,157.38868713378906,90.21039581298828,162.7613983154297,"0.104,0.434,0.667,0.741,0.666,0.553,0.601,0.703",2275.24169921875,1972.8009033203125,"20.7,1145,8066,2225,1827,1010,1961,1948",58.783973693847656,63.084129333496094,"25.02,54.04,109,58.84,61.03,47.03,61.6,53.7","1.802,7.254,17.55,10.3,9.948,7.237,9.416,8.838","5.576,11.01,21.49,11.97,12.19,9.733,12.14,10.54",482,0.010375463403761387,482,0.022402260452508926,"525,288,909,3385,3129,568,317,553",0.21775302290916443,0.38037109375,0.422119140625,"0.429,0.727,0.894,0.65,0.701,0.853,0.829,0.863","17.7,7.96,6.44,6.39,6.31,6.04,5.96,5.89","0.0189,-0.264,-0.203,-0.396,-0.424,-0.0361,-0.0176,-0.0212","0,-0.248,-0.248,-0.372,-0.496,-0.0557,0,-0.0565","0,-0.226,-0.174,-0.34,-0.363,-0.0407,0,-0.0407",0.43359375,0.4955357313156128,1,1.0133322477340698,1.824798822402954
36,gate_proj,gptq,12800,4096,0,0.0020661354064941406,0.0014856719970703124,100.21940785766128,0.0175631771347235,430.8468017578125,339.3046569824219,1823.2998046875,3914.488037109375,3596.93505859375,4426.56201171875,0.6958233714103699,99.8970947265625,0.19440484046936035,"162,718,2231,486,581,3054,889,1414,25,1979,333,582,714,2473,3905,1433",160.29364013671875,,,,,0,1187.3807373046875,2085.710205078125,1206.01611328125,1951.4720458984375,"0.067,0.830,0.920,0.819,0.708,0.701,0.720,0.731",2258.102294921875,2372.22509765625,"238,1607,3052,2779,2439,2348,2672,2930",153.04541015625,151.6630859375,"231.5,115.2,142.2,142.2,143.8,143.5,148.2,157.8","17.95,29.95,39.9,37.46,34.96,34.72,36.77,38.8","69.12,32.87,41.6,41.39,41.55,41.47,43.33,45.39",9082,0.0010848792735487223,7947,0.0022374982945621014,"2231,3733,1433,3768,718,1724,2722,162",0.2050064206123352,0.3495507836341858,0.3188866972923279,"1.25,1.28,1.33,1.33,1.39,1.32,1.21,1.56","33.6,26.8,21.7,13.4,12.8,12.4,11.3,11","0.0229,0.00662,-0.00173,-0.0161,0.0106,-0.00995,0.104,0.00488","0,0,0,0,0,0,0.0993,0","0,0,0,0,0.00868,0,0.0891,0",0.203125,0.17432346940040588,1,1.1513484716415405,1.461597204208374
36,up_proj,gptq,12800,4096,0,0.002048778533935547,0.0015321922302246093,127.14036353203119,0.01613461888766301,582.4688110351562,461.03924560546875,2492.5205078125,5301.2197265625,4846.1044921875,5996.48828125,0.6958233714103699,126.91590881347656,0.1550530195236206,"162,2231,718,486,581,3054,889,25,1414,1979,333,582,714,2473,3905,1433",160.29364013671875,,,,,0,1596.4412841796875,2795.94384765625,1642.0810546875,2663.485107421875,"0.053,0.780,0.927,0.829,0.708,0.680,0.732,0.721",2258.102294921875,2372.22509765625,"238,1607,3052,2779,2439,2348,2672,2930",153.04541015625,151.6630859375,"231.5,115.2,142.2,142.2,143.8,143.5,148.2,157.8","18.01,34.33,46.51,43.57,40.86,40.31,43.04,45.39","78.08,38.88,48.3,47.86,48.56,48.89,50.29,53.45",6838,0.0017681989120319486,6724,0.0012467100750654936,"2231,3733,1433,3768,718,1724,2722,162",0.1509232074022293,0.40425780415534973,0.4368945360183716,"1.39,1.41,1.2,1.25,1.23,1.17,1.19,1.14","33.6,26.8,21.7,13.4,12.8,12.4,11.3,11","0.0168,-0.00537,-0.0127,-0.00224,-0.0156,0.000213,-0.0193,0.0151","0.0206,-0.0103,-0.0103,0,-0.0103,0,-0.0206,0.0103","0.0123,0,-0.0133,0,-0.0123,0,-0.0234,0.0123",0.0517578125,0.058220814913511276,1,1.7180472612380981,0.5549772381782532
36,down_proj,gptq,4096,12800,0,0.0019952392578125,0.0015124702453613282,257.5480941897986,0.031710453796410173,763.8663940429688,503.8463439941406,1548.764404296875,3096.9560546875,2821.3779296875,2818.187255859375,0.6810100674629211,257.3009033203125,0.09434743225574493,"10969,6618,1370,4885,5953,4465,3501,7288,6287,3159,7012,7815,11202,5440,4426,8172",284.56134033203125,,,,,0,990.3671875,1381.7337646484375,997.7774658203125,1337.4248046875,"0.005,0.813,1.118,1.182,1.166,0.934,0.826,0.885",7373.822265625,6141.51708984375,"238.9,6391,5082,1.007e+04,1.575e+04,6243,6205,9008",182.6923828125,180.05120849609375,"277.2,161.1,130.2,162.7,204.7,165.1,171.2,189.3","3.74,28.73,27.21,35.38,43.45,31.25,30.86,35.7","55.32,31.88,25.73,32.54,40.24,32.33,33.95,37.94",312,0.005021677818149328,482,0.009119488298892975,"4182,9745,10969,8494,5741,11279,3171,8749",0.298766553401947,0.363525390625,0.373626708984375,"0.807,0.949,0.69,0.765,0.749,0.718,1.17,0.752","53.2,48.4,37,36,35.7,29.4,26.5,26","-0.0143,-0.00195,0.229,0.008,-0.00203,-0.0136,-0.00359,0.000146","0,0,0.223,0,0,-0.0212,0,0","-0.0282,0,0.196,0,0,-0.012,0,0",0.296875,0.3270442485809326,1,3.0791015625,1.4661246538162231
37,q_proj,gptq,4096,4096,0,0.0020352602005004883,0.001483142375946045,49.64675595807378,0.02997989857621179,149.64247131347656,104.81332397460938,1974.666259765625,7520.7978515625,3788.30859375,7318.94384765625,0.8970628976821899,49.45163345336914,0.26666897535324097,"3768,2787,1505,1433,582,137,1724,3669,718,3940,1289,1594,2231,581,2722,64",542.522705078125,,,,,0,1334.465087890625,2972.49658203125,1296.268798828125,3668.081787109375,"0.400,0.406,0.645,0.484,0.375,0.412,0.394,0.450",1796.551513671875,1981.89404296875,"178.7,1315,2541,2334,1994,1987,1893,2130",320.6017761230469,370.9389343261719,"66.38,328.3,334.5,364.6,378.2,377,360.7,355.2","9.056,34.19,44.22,41.71,37.14,38.83,36.42,38.94","14.32,53.66,55.07,59.94,60.64,60.47,58.03,58.04",2288,0.008384979330003262,2675,0.011330817826092243,"312,484,3768,1724,1433,2231,3733,2705",0.8816900253295898,0.482757568359375,0.533905029296875,"0.433,0.452,0.595,0.646,0.541,0.536,0.64,0.767","130,122,94.3,93,83.2,78.6,67.2,47.2","0.00409,-0.0146,0.00369,-0.00891,0.0171,0.00224,0.00891,-0.0391","0,0,0,0,0,0,0.0165,-0.0527","0.0075,-0.0236,0,0,0.0186,0,0.0134,-0.0446",0.1845703125,0.1582031399011612,1,3.400963068008423,0.41351643204689026
37,k_proj,gptq,1024,4096,0,0.002019643783569336,0.0014574527740478516,11.50134583631537,0.03554828576072893,30.844545364379883,20.759336471557617,424.81341552734375,1668.8037109375,840.5362548828125,1621.6683349609375,0.8970628976821899,11.447301864624023,0.2964281141757965,"3768,2787,1505,1433,137,582,3669,1724,2231,1594,1289,3940,718,162,4079,2822",542.522705078125,,,,,0,309.12603759765625,642.3836059570312,281.69512939453125,794.26171875,"0.409,0.408,0.715,0.510,0.400,0.443,0.393,0.531",1796.551513671875,1981.89404296875,"178.7,1315,2541,2334,1994,1987,1893,2130",320.6017761230469,370.9389343261719,"66.38,328.3,334.5,364.6,378.2,377,360.7,355.2","3.107,16.02,21.88,19.6,17.84,19.1,17.36,18.95","4.856,25.1,25.87,27.45,28.21,28.71,27.7,26",691,0.0317683145403862,574,0.024346670135855675,"312,484,3768,1724,1433,2231,3733,2705",0.9353358149528503,0.3896484375,0.403076171875,"0.338,0.235,0.384,0.332,0.404,0.313,0.256,0.375","130,122,94.3,93,83.2,78.6,67.2,47.2","0.0967,-0.0332,0.0275,0.0291,0.0737,-0.117,-0.000816,6.82e-05","0.1,-0.0333,0.0333,0.0333,0.0667,-0.1,0,0","0.0829,-0.0427,0.0219,0.0345,0.0783,-0.1,0,0",0.11669921875,0.1000279113650322,9,3.1797757148742676,2.463587522506714
37,v_proj,gptq,1024,4096,0,0.0020284652709960938,0.0014674663543701172,46.408345726768694,0.03443936674083283,126.6739501953125,86.57255554199219,1790.7806396484375,4411.59130859375,3355.670166015625,4496.3134765625,0.8970628976821899,46.1452751159668,0.2289518564939499,"2787,1594,3768,3669,2722,1289,1433,582,2677,3346,64,2705,2822,3599,1900,1724",542.522705078125,,,,,0,1227.75048828125,1823.652099609375,1187.727294921875,2114.271484375,"0.646,0.700,1.007,0.687,0.469,0.597,0.609,0.742",1796.551513671875,1981.89404296875,"178.7,1315,2541,2334,1994,1987,1893,2130",320.6017761230469,370.9389343261719,"66.38,328.3,334.5,364.6,378.2,377,360.7,355.2","5.944,33.02,43.64,39.32,34.28,38.48,35.07,36.88","7.394,39.46,43.49,47.43,50.04,49.82,44.93,42.8",365,0.015512960031628609,993,0.011491796001791954,"312,484,3768,1724,1433,2231,3733,2705",0.6245284080505371,0.760498046875,0.765869140625,"0.0767,0.117,0.188,0.173,0.224,0.24,0.588,0.242","130,122,94.3,93,83.2,78.6,67.2,47.2","0.000732,0.00215,0.000809,-0.005,-0.00549,-0.00153,0.0269,0.00726","0,0,0,0,0,0,0.0272,0","0,0,0,0,0,0,0.0294,0",0.09521484375,0.10883405804634094,1,4.2697343826293945,0.14821866154670715
37,o_proj,gptq,4096,4096,0,0.002094268798828125,0.001470327377319336,90.31977976576144,0.02784170206019356,289.95697021484375,186.26805114746094,256.94189453125,831.809326171875,457.2145690917969,728.9246826171875,0.7972478866577148,90.18559265136719,0.04735521599650383,"2806,3062,128,2678,2934,256,0,384,194,1656,66,2374,3428,663,229,3438",74.63524627685547,,,,,0,139.26666259765625,246.96343994140625,324.02386474609375,502.0972900390625,"0.049,0.464,0.752,0.594,0.506,0.511,0.559,0.506",1948.2623291015625,4253.796875,"28.74,949.7,4851,1652,699,1875,3254,2278",70.5195541381836,104.61514282226562,"36.68,57.71,98.66,68.69,51.78,71.05,90.8,88.81","1.745,8.358,18.31,10.94,7.814,11.29,14.8,13.38","7.879,12.27,21.11,14.19,10.98,15.8,19.8,18.82",312,0.011594213545322418,312,0.011983855627477169,"3403,128,3275,0,384,290,3147,2363",0.2911841869354248,0.4710693359375,0.517578125,"0.603,0.777,0.608,0.892,0.783,0.833,0.574,0.602","13.3,9.19,8.8,8.04,7.28,7.07,6.33,5.78","-0.279,0.0369,-0.252,-0.15,-0.0137,0.0474,-0.241,-0.266","-0.246,0,-0.246,-0.164,0,0.035,-0.246,-0.246","-0.319,0.0328,-0.288,-0.171,0,0.0488,-0.207,-0.304",0.298828125,0.328125,2,0.8413538932800293,1.2022079229354858
37,gate_proj,gptq,12800,4096,0,0.0020492935180664064,0.0014896774291992187,102.55398569181125,0.01785617352797948,435.9457092285156,340.63385009765625,1959.001220703125,4604.306640625,3810.998046875,4948.916015625,0.6954821944236755,102.39532470703125,0.22327406704425812,"162,2231,718,486,25,889,581,3054,333,582,1979,1414,714,3905,2473,1433",203.8519287109375,,,,,0,1289.4638671875,2461.98193359375,1384.334228515625,2388.1474609375,"0.056,0.808,0.927,0.815,0.708,0.724,0.692,0.670",2184.741943359375,2479.62158203125,"238.7,1573,3037,2839,2443,2434,2314,2599",163.94479370117188,167.72518920898438,"273.1,119.7,150.1,150.8,152.3,151.5,150.7,163.4","19.23,31.47,42.06,39.86,37.45,37.15,36.38,38.62","81.15,35.01,43.69,44.16,44.51,43.65,43.73,47.2",2977,0.001356113119982183,8786,0.002417574403807521,"2231,3733,1433,25,2565,718,1724,3768",0.23652616143226624,0.3678222596645355,0.33568358421325684,"1.17,1.3,1.24,1.18,1.04,1.46,1.25,1.33","41.2,35.6,24.4,12.9,12.6,11.4,10.9,10.9","0.00252,0.0024,0.00418,0.0076,-0.00793,-0.00903,0.0126,-0.00279","0,0,0,0.0106,-0.0106,-0.0106,0.0106,0","0,0,0,0.00886,-0.00718,-0.00813,0.00963,0",0.047119140625,0.042132697999477386,1,1.3790322542190552,0.3219203054904938
37,up_proj,gptq,12800,4096,0,0.0020491790771484373,0.0015262794494628907,130.4547871991963,0.016590987284550485,585.1697998046875,458.8279724121094,2646.229736328125,6251.2783203125,5090.32421875,6715.83447265625,0.6954821944236755,130.16604614257812,0.18872687220573425,"162,2231,718,486,25,889,581,3054,582,333,714,1979,1414,3905,2473,2565",203.8519287109375,,,,,0,1689.100830078125,3252.4033203125,1867.6649169921875,3281.951171875,"0.049,0.772,0.946,0.800,0.701,0.723,0.668,0.640",2184.741943359375,2479.62158203125,"238.7,1573,3037,2839,2443,2434,2314,2599",163.94479370117188,167.72518920898438,"273.1,119.7,150.1,150.8,152.3,151.5,150.7,163.4","20.43,35.65,49.02,45.57,42.78,42.91,41.56,44.11","91.95,40.57,50.39,50.96,51.09,50.46,50.85,55.14",1034,0.00230991980060935,1034,0.004482027608901262,"2231,3733,1433,25,2565,718,1724,3768",0.19413821399211884,0.41322264075279236,0.4427441358566284,"1.38,1.38,1.2,1.29,1.37,1.17,1.23,1.26","41.2,35.6,24.4,12.9,12.6,11.4,10.9,10.9","-0.00958,-0.0723,-0.0796,-0.0603,0.0439,-0.043,-0.0347,-0.0483","0,-0.0592,-0.0592,-0.0592,0.0592,-0.0592,-0.0592,-0.0592","0,-0.0497,-0.055,-0.0497,0.065,-0.0586,-0.0589,-0.0497",0.2412109375,0.21874535083770752,1,2.056269884109497,3.4201407432556152
37,down_proj,gptq,4096,12800,0,0.0019934654235839845,0.001522388458251953,241.643972692214,0.03029202224258943,732.2977294921875,489.39056396484375,2336.986328125,5838.8564453125,4440.5966796875,8368.451171875,0.8358084559440613,240.91050720214844,0.10407450795173645,"1034,5027,7060,7514,11437,2530,11801,3890,11861,2507,4573,7150,11473,11352,2334,4063",658.6149291992188,,,,,0,1551.2470703125,17636.7421875,2007.12890625,2933.03173828125,"0.000,1.147,1.186,0.980,0.947,0.964,0.745,0.899",7617.30029296875,8735.6669921875,"241.7,6268,8704,7629,1.347e+04,5596,6755,1.227e+04",357.8652648925781,270.17095947265625,"1358,166,202.6,201,262.6,182.5,211.7,278.8","7.699,34.78,42.95,40.1,50.92,35.32,36.3,50.3","358.1,32.47,39.44,40.52,52.32,35.98,42.07,53.06",379,0.010801001451909542,379,0.015770424157381058,"5436,5027,2935,3225,7207,10373,11437,2347",0.2533166706562042,0.375244140625,0.387847900390625,"0.738,0.699,0.781,0.891,0.738,0.954,0.552,1.05","72.4,56.7,50.5,34.3,32.4,32,31.2,30.7","-0.0157,-0.375,0.0131,-0.0212,-0.00891,0.0293,0.188,-0.0058","0,-0.429,0,-0.0329,-0.0226,0.0139,0.214,-0.0188","0,-0.321,0.0128,-0.0168,-0.014,0,0.161,0",0.375,0.4285714626312256,1,5.292283535003662,6.570537567138672
38,q_proj,gptq,4096,4096,0,0.0020443201065063477,0.0014676451683044434,44.60432406537939,0.03299228143331037,129.46910095214844,90.43400573730469,2044.728515625,6582.9326171875,3726.569580078125,6382.107421875,0.9259577393531799,44.37464904785156,0.22276470065116882,"1505,3768,1433,137,3669,582,1594,4079,1289,64,1724,2231,2787,3940,581,1979",400.7960205078125,,,,,0,1286.14599609375,2516.36767578125,1393.5723876953125,3128.170166015625,"0.200,0.487,0.736,0.562,0.430,0.458,0.433,0.526",1769.0423583984375,2149.576416015625,"206.5,1398,2709,2079,2072,1830,1679,2179",310.69622802734375,362.6872253417969,"86.3,314.2,339.9,341.9,365.6,356.5,339.1,342.1","9.578,33.84,45.58,40.02,36.42,36.95,34.5,38.61","21.43,48.5,53.13,53.36,55.54,54.63,52.42,53.23",3187,0.006031683646142483,178,0.012411540374159813,"312,484,3733,3768,1433,2231,1724,3787",0.7085517644882202,0.45172119140625,0.483734130859375,"0.53,0.58,0.57,0.664,0.618,0.611,0.7,0.343","120,96.5,83.7,72.6,71.4,68.6,66.3,47.9","0.0771,-0.0864,-0.0199,0.0361,0.0398,-0.0708,0.0226,0.0138","0.0866,-0.0866,-0.0201,0.0289,0.0289,-0.0578,0.0289,0","0.0661,-0.0988,-0.0227,0.0455,0.0477,-0.0607,0.0289,0.0227",0.107421875,0.09835334122180939,1,2.8284528255462646,2.547250270843506
38,k_proj,gptq,1024,4096,0,0.002053499221801758,0.001438140869140625,9.667810855066847,0.0456077593913612,22.680145263671875,14.692071914672852,392.43426513671875,1322.020263671875,732.93505859375,1219.492431640625,0.9259577393531799,9.628808975219727,0.28335151076316833,"1505,3768,1433,137,1594,582,3669,2787,4079,1289,64,2231,1724,3940,581,1361",400.7960205078125,,,,,0,261.0997619628906,485.414306640625,268.40142822265625,582.2337646484375,"0.266,0.531,0.775,0.622,0.392,0.478,0.470,0.555",1769.0423583984375,2149.576416015625,"206.5,1398,2709,2079,2072,1830,1679,2179",310.69622802734375,362.6872253417969,"86.3,314.2,339.9,341.9,365.6,356.5,339.1,342.1","2.653,15.59,19.65,18.73,15.92,16.65,15.91,17.84","5.147,21.39,22.33,23.74,25.41,24.08,23.2,23.95",765,0.01611386239528656,437,0.04907376691699028,"312,484,3733,3768,1433,2231,1724,3787",0.98919278383255,0.3709716796875,0.3187255859375,"0.396,0.304,0.212,0.436,0.42,0.348,0.381,0.191","120,96.5,83.7,72.6,71.4,68.6,66.3,47.9","0.00427,0.00125,0.000725,-0.0383,0.0221,0.0271,-0.0269,-0.0038","0,0,0,-0.0455,0.0227,0.0227,-0.0227,0","0.00645,0,0,-0.0438,0.0237,0.0251,-0.023,0",0.07958984375,0.0682198703289032,1,2.0204896926879883,0.5926949977874756
38,v_proj,gptq,1024,4096,0,0.0020456314086914062,0.0014727115631103516,64.62934104741134,0.03443034190277823,176.26495361328125,123.54559326171875,2953.154541015625,6825.24560546875,5275.392578125,6693.7412109375,0.9259577393531799,64.31466674804688,0.20301853120326996,"1594,2787,3669,3599,1289,2722,64,1900,1300,3274,2677,2822,431,1324,1361,3360",400.7960205078125,,,,,0,1874.9239501953125,2517.31640625,1957.8896484375,3285.24853515625,"0.311,0.734,1.026,0.898,0.565,0.630,0.613,0.802",1769.0423583984375,2149.576416015625,"206.5,1398,2709,2079,2072,1830,1679,2179",310.69622802734375,362.6872253417969,"86.3,314.2,339.9,341.9,365.6,356.5,339.1,342.1","6.919,40.7,56.25,48.43,44.69,44.23,40.19,47.09","12.4,47.51,55.52,51.1,59.44,55.72,51.31,52.57",509,0.01459958404302597,415,0.014337464235723019,"312,484,3733,3768,1433,2231,1724,3787",0.5056183338165283,0.707763671875,0.7781982421875,"0.0968,0.116,0.697,0.17,0.219,0.248,0.169,0.971","120,96.5,83.7,72.6,71.4,68.6,66.3,47.9","-0.000885,0.00214,0.0427,-0.000862,0.00374,0.00632,-0.00525,-0.0344","0,0,0.0302,0,0,0,0,-0.0441","0,0,0.0382,0,0,0,0,-0.0382",0.154296875,0.1322544813156128,2,5.399748802185059,2.0442728996276855
38,o_proj,gptq,4096,4096,0,0.0021067261695861816,0.001462697982788086,106.02309146748121,0.028807591566704673,330.1130676269531,210.22589111328125,433.1358642578125,1729.932861328125,785.0208740234375,1463.6925048828125,0.797580897808075,105.80708312988281,0.03701118007302284,"507,251,379,123,1254,3705,3655,3961,3108,3364,3077,162,3492,3461,3236,4075",58.72053909301758,,,,,0,391.1143798828125,675.0574340820312,472.27490234375,1010.9893798828125,"0.077,0.442,0.591,0.475,0.530,0.594,0.689,0.512",3415.9951171875,3773.1162109375,"45.04,1144,6130,1532,1772,3368,1.012e+04,3215",99.6893081665039,136.98748779296875,"41.48,73.35,147.5,75.32,88.62,99.6,160.1,111.6","2.758,11.83,27.81,12.85,14.9,19.15,33.04,19.05","9.954,17.81,36.16,18.64,20.47,24.84,39.81,26.62",379,0.0259522944688797,482,0.09491775929927826,"379,251,1496,1240,257,1368,129,1112",0.19750791788101196,0.600067138671875,0.5958251953125,"0.636,0.52,0.593,0.562,0.831,0.576,0.774,0.61","17.7,15.6,13.4,11.6,10.6,10.1,9.66,8.72","0.171,0.0938,0.137,0.139,0.0322,0.135,-0.0193,0.163","0.117,0.117,0.117,0.117,0.0248,0.117,0,0.233","0.146,0.0808,0.151,0.158,0.0488,0.138,-0.0269,0.187",0.408203125,0.4665178656578064,2,2.400479555130005,0.9530606269836426
38,gate_proj,gptq,12800,4096,0,0.0020500755310058592,0.0014979743957519531,109.90299973514357,0.018139038547851948,464.8670349121094,360.4372863769531,2299.1650390625,6994.9248046875,4247.52587890625,7277.83251953125,0.776982843875885,109.47293853759766,0.27534782886505127,"2231,162,25,2565,486,2372,3054,1979,718,581,910,333,714,889,3905,1414",364.82464599609375,,,,,0,1489.461669921875,3444.690185546875,1571.0546875,3977.97412109375,"0.038,0.676,0.709,0.738,0.578,0.570,0.528,0.469",2058.4345703125,2260.22021484375,"239.7,1613,2941,2513,2432,2198,2091,2440",188.65188598632812,208.41830444335938,"280.7,146,185,167.8,178.7,173.7,178.9,198.5","17.62,35.65,45.94,43.06,40.71,38.97,38.9,41","90.58,43.35,54.55,50.12,53.54,51.63,53.54,59.89",465,0.004075385630130768,1618,0.010000083595514297,"2231,3733,2565,1433,2372,25,755,718",0.5602375864982605,0.44580078125,0.41402342915534973,"0.868,1.45,0.76,1.17,0.802,1,0.943,1.31","70.2,43.7,36.5,26.8,25.2,19.7,15.6,11","0.0221,0.0488,-0.0354,-0.0388,0.0134,0.0359,0.0228,-0.0576","0.0307,0.0614,-0.0307,-0.0307,0,0.0307,0.0307,-0.0614","0.0251,0.0622,-0.0452,-0.0311,0,0.0304,0.0234,-0.0469",0.14453125,0.1258838176727295,1,2.5988659858703613,0.6340387463569641
38,up_proj,gptq,12800,4096,0,0.0020400238037109374,0.001522960662841797,133.19800900822884,0.01712287505927659,584.9085083007812,458.3363952636719,2905.5302734375,9153.689453125,5338.546875,9502.880859375,0.776982843875885,132.66763305664062,0.24910135567188263,"2231,162,25,2565,486,2372,3054,1979,718,581,910,333,714,889,3905,582",364.82464599609375,,,,,0,1872.935546875,4883.103515625,1985.9659423828125,5136.638671875,"0.038,0.626,0.687,0.679,0.583,0.562,0.512,0.468",2058.4345703125,2260.22021484375,"239.7,1613,2941,2513,2432,2198,2091,2440",188.65188598632812,208.41830444335938,"280.7,146,185,167.8,178.7,173.7,178.9,198.5","23.2,39.08,51.69,46.98,45.81,43.97,43.44,46.04","119.3,49.38,62.35,57.04,59.98,58.64,60.69,67.32",792,0.0036156626883894205,10297,0.00200225249864161,"2231,3733,2565,1433,2372,25,755,718",0.47503212094306946,0.4790917932987213,0.48826169967651367,"1.38,1.35,1.36,1.3,1.22,1.28,1.21,1.2","70.2,43.7,36.5,26.8,25.2,19.7,15.6,11","0.00279,-0.00766,-0.0139,0.0437,-0.013,0.0327,0.0281,0.0165","0,0,-0.0275,0.0275,-0.0275,0.0275,0.0275,0","0,0,-0.0213,0.0477,0,0.0279,0.0275,0.0275",0.16796875,0.150892972946167,1,2.754384994506836,0.0754559338092804
38,down_proj,gptq,4096,12800,0,0.002003002166748047,0.0015338897705078126,261.78291343784076,0.03391131888711215,739.447021484375,481.65869140625,4375.787109375,11987.748046875,7935.9072265625,13073.90625,0.7860729098320007,261.1754455566406,0.16143544018268585,"11717,1926,5921,4816,575,4177,8515,4180,3334,10297,12368,4773,4807,12025,2353,12047",968.1107788085938,,,,,0,3404.688720703125,18212.291015625,3698.24169921875,6172.109375,"0.012,0.974,1.146,0.880,1.052,0.797,0.748,0.719",8335.1328125,7985.869140625,"2855,7824,8620,5574,1.8e+04,6306,7206,1.029e+04",486.8656311035156,393.9713439941406,"1601,281.4,290,266.5,410,297.6,343.3,405.1","36.89,53.46,60.09,49.52,80.87,52.54,56.85,66.5","341.6,54.18,56.14,52.8,78.85,58.86,65.72,78.4",2655,0.00805676355957985,482,0.004214199259877205,"12197,8674,9260,9846,4429,3035,11717,10253",0.15587688982486725,0.372772216796875,0.38067626953125,"0.701,0.774,0.773,0.765,0.767,0.753,0.734,0.769","65.9,65.1,55.8,47,44.8,43.9,43.9,43.4","0.00922,0.00818,-0.00995,-0.014,0.00259,-0.0135,0.0107,0.0186","0,0,-0.0275,-0.0294,0,-0.0189,0,0.0364","0,0,-0.0163,-0.0193,0,0,0.0199,0.019",0.39453125,0.3381696343421936,1,7.259255886077881,1.0566177368164062
39,q_proj,gptq,4096,4096,0,0.002029240131378174,0.0014414787292480469,31.467090510359583,0.024694270761628757,111.5698013305664,88.23582458496094,2573.58935546875,7652.830078125,4575.20751953125,7655.13916015625,0.9273842573165894,31.3668212890625,0.28602999448776245,"1505,1433,3768,1724,137,3819,1289,64,582,2231,3669,25,3940,4079,581,1667",264.9547424316406,,,,,0,1663.470458984375,2844.47607421875,1835.310302734375,3860.084228515625,"0.569,0.638,0.781,0.636,0.536,0.526,0.514,0.503",2093.29931640625,2329.6376953125,"182,1783,2983,2135,2886,2180,2147,2451",328.05120849609375,393.92803955078125,"102.9,316.5,365.6,339.8,404.3,360.1,354.9,380.3","12.99,39.16,50.12,42.91,46.33,41.04,39.59,43.06","17.23,49.03,56.72,53.81,63.31,56.57,55.23,60.7",1459,0.007283215876668692,3891,0.011320206336677074,"312,3733,484,1433,2231,1667,3768,1724",0.5752422213554382,0.492645263671875,0.399810791015625,"0.564,0.682,0.588,0.645,0.617,0.938,0.853,0.782","110,91.9,75,70.7,65.7,60.8,47.7,42.6","0.0332,-0.0125,-0.0537,0.0383,-0.0251,-0.188,-0.0294,-0.00522","0.0536,0,-0.0536,0.0536,0,-0.161,-0.0536,0","0.0366,0,-0.046,0.0329,-0.0241,-0.161,-0.0357,0",0.1875,0.1607142984867096,1,3.9538967609405518,4.02366828918457
39,k_proj,gptq,1024,4096,0,0.002092123031616211,0.0014445781707763672,5.510851290492933,0.027346634258936714,17.854644775390625,15.574481964111328,412.794921875,1562.378173828125,746.3397216796875,1462.185546875,0.9273842573165894,5.488087177276611,0.3408607840538025,"1505,1433,3768,1724,3819,137,1289,64,3669,582,3940,4079,1979,581,25,2231",264.9547424316406,,,,,0,271.0235290527344,519.5279541015625,297.11444091796875,781.3746337890625,"0.533,0.518,0.715,0.587,0.519,0.457,0.442,0.450",2093.29931640625,2329.6376953125,"182,1783,2983,2135,2886,2180,2147,2451",328.05120849609375,393.92803955078125,"102.9,316.5,365.6,339.8,404.3,360.1,354.9,380.3","4.736,15.06,19.94,17.5,18.76,16.75,16.2,17.88","6.489,20.94,23.58,22.85,26.06,24.79,24.37,26.65",123,0.028188174590468407,179,0.02852565422654152,"312,3733,484,1433,2231,1667,3768,1724",0.8131138682365417,0.400146484375,0.2978515625,"0.374,0.271,0.344,0.453,0.369,0.358,0.452,0.423","110,91.9,75,70.7,65.7,60.8,47.7,42.6","-0.0322,0.0156,0.0309,-0.0801,-0.0032,0.0408,0.000599,-0.0356","-0.0273,0.0273,0.0273,-0.082,0,0.0547,0,-0.0273","-0.0285,0.0194,0.0382,-0.0915,0,0.0349,0,-0.0349",0.095703125,0.0820312574505806,5,3.1502766609191895,0.06882000714540482
39,v_proj,gptq,1024,4096,0,0.00206756591796875,0.0014948844909667969,21.39370003314389,0.01470384776747402,105.93151092529297,84.65716552734375,2449.064453125,5337.50244140625,4019.06689453125,5460.3173828125,0.9273842573165894,21.342227935791016,0.07837153226137161,"1433,1505,582,3768,581,2231,162,25,1979,64,1289,1724,3669,1594,4079,3940",264.9547424316406,,,,,0,1469.599365234375,1972.537109375,1637.255859375,2730.71484375,"0.655,0.727,1.041,0.727,0.725,0.676,0.684,0.652",2093.29931640625,2329.6376953125,"182,1783,2983,2135,2886,2180,2147,2451",328.05120849609375,393.92803955078125,"102.9,316.5,365.6,339.8,404.3,360.1,354.9,380.3","10.29,34.1,48.23,38.11,45.26,39.12,38.24,40.85","12.71,39.98,47.26,44.7,53.16,47.59,46.24,50.59",951,0.012060781940817833,739,0.012584077194333076,"312,3733,484,1433,2231,1667,3768,1724",0.12623512744903564,0.7269287109375,0.8243408203125,"0.116,0.514,0.145,0.212,0.238,0.165,0.138,0.137","110,91.9,75,70.7,65.7,60.8,47.7,42.6","-0.000402,0.0205,-0.00208,0.00267,-0.000162,0.00191,-0.00029,0.000919","0,0.0239,0,0,0,0,0,0","0,0.014,0,0,0,0,0,0",0.08056640625,0.07511989027261734,1,4.971005916595459,1.2978609800338745
39,o_proj,gptq,4096,4096,0,0.002080082893371582,0.0014661550521850586,96.86229002243635,0.025995855445119783,327.5209045410156,213.1613006591797,1248.9921875,3794.30810546875,1603.783935546875,3153.34521484375,0.8264029622077942,96.53823852539062,0.027347655966877937,"2969,2585,2841,2324,1330,600,2713,1074,1202,2452,984,2196,2068,2662,2041,1458",45.885929107666016,,,,,0,485.3512878417969,901.4038696289062,1009.1453857421875,2446.419189453125,"0.058,0.346,0.578,0.451,0.876,0.486,0.475,0.477",1285.7958984375,2753.0244140625,"28.64,434.8,2109,658.3,2604,1103,1575,1773",124.61178588867188,207.04034423828125,"52.56,92.58,167.2,99.25,147.9,124.7,149.9,162.8","3.295,13.37,28.8,15.5,31.51,20.55,24.31,24.85","13.7,22.73,37.87,23.08,33.66,29.47,35.26,36",1361,0.005332870874553919,379,0.04220369830727577,"3278,2452,3881,2041,1913,3406,3965,3892",0.09542021155357361,0.487701416015625,0.541717529296875,"0.519,0.641,0.799,0.626,0.626,0.604,0.788,0.806","18,17.3,15.3,15.2,15.2,15.1,13.5,13.4","0.00522,-0.054,0.0126,0.0118,-0.00699,0.0117,-0.00415,-0.00891","0,-0.0446,0.0212,0,0,0,0,0","0,-0.0473,0.0139,0.0119,-0.0116,0,0,-0.0139",0.15625,0.1339285671710968,1,2.30070424079895,0.5457596778869629
39,gate_proj,gptq,12800,4096,0,0.0020426177978515626,0.0015163421630859375,123.15376416181466,0.01768029173823048,526.0499877929688,406.43585205078125,2492.568359375,12448.2861328125,4439.2822265625,13948.703125,0.8381977081298828,122.22001647949219,0.31037214398384094,"2231,2565,2372,162,25,755,1370,486,1979,2154,910,3054,1442,3433,581,714",443.9148864746094,,,,,0,1734.4708251953125,8958.6962890625,1520.646240234375,7236.8447265625,"0.036,0.484,0.394,0.437,0.385,0.388,0.340,0.282",1863.5499267578125,1803.61767578125,"243.8,1533,2378,1962,3120,1745,1845,2082",256.1263427734375,264.85662841796875,"536.2,173.1,229.5,193,255.1,194.9,215.2,252","36.94,37.91,45.28,40.57,50.96,38.07,39.44,42.13","195.9,54.51,72.14,61.37,82.17,61.09,67.64,79.3",5826,0.01078241690993309,10518,0.01499165128916502,"2231,3733,2565,755,2372,379,1370,1433",0.6356651782989502,0.521777331829071,0.5505566000938416,"0.666,1.25,0.696,0.929,0.851,0.894,0.684,1.07","125,79.5,71.1,51.3,45.6,43.3,31.9,29.7","0.042,-0.000618,-0.0221,0.011,-0.0239,-0.129,0.00352,-0.0291","0.0759,0,0,0,0,-0.0759,0,0","0.07,0,0,0,0,-0.132,0,-0.0419",0.267578125,0.3123186230659485,1,5.292054653167725,4.170851707458496
39,up_proj,gptq,12800,4096,0,0.002046070098876953,0.0015105247497558595,143.9684847057398,0.017153030593297824,624.4295654296875,488.28826904296875,2961.91259765625,14379.662109375,5236.138671875,16499.2421875,0.8381977081298828,142.8406982421875,0.29690423607826233,"2231,2565,2372,162,1370,25,755,486,2154,1979,910,3054,1442,3433,581,714",443.9148864746094,,,,,0,2070.744384765625,12886.5712890625,1824.1513671875,8140.2275390625,"0.030,0.477,0.408,0.440,0.425,0.392,0.332,0.276",1863.5499267578125,1803.61767578125,"243.8,1533,2378,1962,3120,1745,1845,2082",256.1263427734375,264.85662841796875,"536.2,173.1,229.5,193,255.1,194.9,215.2,252","44.03,40.47,49.45,43.18,55.8,41.49,42.45,45.18","254.8,58.57,77.41,65.08,85.64,66.25,73.64,85.96",6337,0.009909316897392273,6337,0.007063721772283316,"2231,3733,2565,755,2372,379,1370,1433",0.5703148245811462,0.49842771887779236,0.5304492115974426,"1.33,1.43,1.34,1.29,1.26,1.18,1.33,1.32","125,79.5,71.1,51.3,45.6,43.3,31.9,29.7","0.0317,0.104,-0.0835,0.0669,0.104,0.0728,0.0334,0.167","0,0.138,-0.0692,0.0692,0.0692,0,0,0.138","0.0625,0.127,-0.0611,0.0552,0.126,0.0575,0.0639,0.192",0.2470703125,0.2767857313156128,4,5.555119514465332,7.19789981842041
39,down_proj,gptq,4096,12800,0,0.002003612518310547,0.0015350914001464845,257.8880206804288,0.03603258673028182,742.87158203125,491.40875244140625,11027.736328125,87407.140625,20809.9296875,257649.234375,0.7127760648727417,255.26809692382812,0.27588868141174316,"302,6403,10554,2178,757,5575,11264,10697,12292,2191,35,1607,9778,6294,8850,9411",1103.000244140625,,,,,0,12405.916015625,963673.75,8376.189453125,42650.3671875,"0.005,0.375,0.648,0.405,0.675,0.380,0.377,0.336",6922.2587890625,4658.9775390625,"7617,3711,7044,3439,1.778e+04,3779,5024,6985",1983.2930908203125,973.3450317382812,"1.144e+04,576.6,596.4,494.9,808.9,553.9,599.7,793.7","187.4,76.16,102.9,73.72,135.8,81.53,84.67,100.2","2751,124.3,127.9,115.8,165.3,132.3,137.9,172.9",1724,0.015635032206773758,2468,0.024442346766591072,"293,7104,431,10903,3991,6403,6616,4271",0.25488489866256714,0.474456787109375,0.455047607421875,"0.782,0.774,0.786,0.715,0.753,0.295,0.709,0.889","199,118,113,106,94.2,93.9,86.2,81.4","0.017,0.0388,-0.0282,-0.0391,-0.0277,0.0156,-0.0131,0.00735","0,0.0451,-0.0352,0,-0.014,0,0,0.02","0.0223,0.0449,-0.0244,-0.0366,0,0,0,0",0.44921875,0.5241715312004089,1,16.97977638244629,9.12675666809082
