layer,proj,quantizer,rows,cols,n_dead_cols,clip_frac,clip_frac_rtn,comp_disp,comp_disp_rel,wdisp_gptq,wdisp_rtn,obj_gptq,obj_rtn,obj_gptq_alt,obj_rtn_alt,hdiag_alt_corr,send_total,send_top1pct,send_top16_cols,hdiag_max_over_mean,cond_damped,awq_alpha,obj_awq,obj_awq_alt,protected
0,q_proj,gptq,5120,5120,0,0.0020061492919921874,0.001488037109375,46.384326525134384,0.003681914430820904,767.0843505859375,757.6541748046875,16.943748474121094,44.73919677734375,20.676002502441406,40.37944793701172,0.8376689553260803,46.27942657470703,0.14716218411922455,"4131,3760,1486,4963,613,4717,4942,2832,1397,188,2533,1303,1013,2261,4395,95",119.6910629272461,,,,,0
0,k_proj,gptq,1024,5120,0,0.0020059585571289063,0.0014455795288085937,16.62197495289911,0.0035809964681651537,281.62646484375,273.73223876953125,6.217058181762695,15.991745948791504,7.453911781311035,13.989126205444336,0.8376689553260803,16.565921783447266,0.12926419079303741,"3760,4131,1486,4963,2832,4717,613,1397,4942,188,2533,1303,1013,2261,95,4395",119.6910629272461,,,,,0
0,v_proj,gptq,1024,5120,0,0.001993560791015625,0.0014659881591796875,3.046432078103635,0.003307740553503488,55.69500732421875,53.045318603515625,1.2403929233551025,2.834561586380005,1.3409415483474731,2.4302139282226562,0.8376689553260803,3.03578519821167,0.07979714125394821,"3760,4131,1486,4963,613,4942,2832,1397,188,4717,2533,1303,1013,2261,95,4395",119.6910629272461,,,,,0
0,o_proj,gptq,5120,5120,0,0.001974945068359375,0.0014682769775390624,13.087782164220698,0.0021355029326619443,413.89044189453125,390.7049560546875,5.457281589508057,12.211013793945312,7.046527862548828,13.493636131286621,0.9974719882011414,12.185997009277344,0.19810999929904938,"3607,2936,81,2876,2193,2408,1138,2301,61,4206,2254,1,593,3223,2878,100",492.72796630859375,,,,,0
0,gate_proj,gptq,13824,5120,0,0.0020123234501591434,0.0014290421097366897,119.121049045868,0.004935563887899004,1518.434814453125,1457.06884765625,11.352001190185547,30.295116424560547,14.577142715454102,28.767494201660156,0.97081458568573,118.68025207519531,0.1616092026233673,"3593,1711,1684,1542,927,3850,4597,1158,5000,3170,4930,1679,575,1787,129,136",224.13125610351562,,,,,0
0,up_proj,gptq,13824,5120,0,0.0019852108425564238,0.0014192934389467592,91.95449893945252,0.00431772907140954,1324.656494140625,1251.0654296875,9.495634078979492,25.430397033691406,11.855976104736328,24.25000762939453,0.97081458568573,91.62462615966797,0.12135185301303864,"3593,1711,1542,1684,927,4597,1158,5000,3850,3170,1679,4930,575,1787,129,1974",224.13125610351562,,,,,0
0,down_proj,gptq,5120,13824,0,0.001957420066550926,0.0014574121545862268,99.59684718132849,0.0035784686183451013,1810.21142578125,1720.331298828125,10.344045639038086,16.359010696411133,12.512569427490234,15.491605758666992,0.14396485686302185,99.10911560058594,0.3103313446044922,"78,7835,2033,5451,3172,10465,5321,1642,8538,879,9741,10932,8999,1039,1132,4866",471.16522216796875,,,,,0
1,q_proj,gptq,5120,5120,0,0.00193115234375,0.0014424896240234374,28.36362888363697,0.03219354237681953,99.76170349121094,85.12911987304688,0.9165804386138916,5.091581344604492,1.6328017711639404,5.341456413269043,0.9784342050552368,26.304889678955078,0.6831210851669312,"2657,4517,3388,11,4775,1477,1093,28,415,4373,351,2428,157,3553,4794,4139",1499.5987548828125,,,,,0
1,k_proj,gptq,1024,5120,0,0.0019680023193359374,0.0014616012573242187,6.622326550855724,0.013601593653723636,36.4373779296875,60.8409423828125,0.23569872975349426,1.537558913230896,0.37551313638687134,1.4461112022399902,0.9784342050552368,6.20474100112915,0.6007705926895142,"2657,4517,4775,1093,1477,28,3388,3553,2428,415,11,4373,351,4794,4139,157",1499.5987548828125,,,,,0
1,v_proj,gptq,1024,5120,0,0.0019010543823242188,0.0014768600463867187,1.7695163231795918,0.0032526694832668685,34.813533782958984,55.70306396484375,0.0780860111117363,0.28612589836120605,0.10591013729572296,0.27897194027900696,0.9784342050552368,1.6237287521362305,0.4551238715648651,"2657,4517,1093,28,4775,3388,1477,415,2428,11,4373,351,4139,4794,157,1290",1499.5987548828125,,,,,0
1,o_proj,gptq,5120,5120,0,0.0020032501220703124,0.0014830398559570312,16.89129805158882,0.003934290505348748,298.27423095703125,249.19705200195312,0.09572035074234009,0.36746150255203247,0.2324446141719818,0.5250760912895203,0.8349864482879639,16.727764129638672,0.153029665350914,"3703,3684,3615,1266,3686,3614,1138,3706,3644,3591,3487,3660,3593,3594,3632,3699",75.27049255371094,,,,,0
1,gate_proj,gptq,13824,5120,0,0.0018579977530020254,0.001485301830150463,12.865543939667555,0.0052460837474548015,166.02304077148438,219.74441528320312,100.04353332519531,10642.34375,160.36099243164062,10844.3515625,0.9834785461425781,11.677960395812988,0.7647515535354614,"2657,228,4395,3850,4794,2099,1466,1093,4610,1372,655,4517,3593,2950,4436,2428",817.2966918945312,,,,,0
1,up_proj,gptq,13824,5120,0,0.0019006658483434608,0.0014633037425853589,3.1607410976439136,0.002356741540460084,90.35506439208984,116.0422134399414,34.14920425415039,459.6770324707031,50.24211502075195,489.3589172363281,0.9834785461425781,2.9803197383880615,0.6505335569381714,"2657,228,4794,1093,4610,2099,4395,4517,655,1372,4436,4437,2950,4675,3593,1466",817.2966918945312,,,,,0
1,down_proj,gptq,5120,13824,0,0.0020180596245659723,0.0014643916377314816,35.02517539735686,0.012789299088149188,207.65682983398438,304.2669982910156,0.8282603621482849,1.1873722076416016,1.0402883291244507,1.6444356441497803,0.8882429003715515,34.52878189086914,0.6796362400054932,"5472,4733,6881,5573,13373,13674,7895,11849,6365,1823,6375,12990,3308,3501,9305,5738",1858.6021728515625,,,,,0
2,q_proj,gptq,5120,5120,0,0.00196990966796875,0.00145050048828125,44.25525351184331,0.014827549293696535,239.91131591796875,317.8221435546875,3.392770767211914,13.539348602294922,5.554516315460205,11.935531616210938,0.7847079038619995,43.0746955871582,0.5557413101196289,"3388,28,157,2428,415,1372,1093,4373,4344,11,4794,1824,4775,4517,5021,1477",518.9570922851562,,,,,0
2,k_proj,gptq,1024,5120,0,0.0019832611083984374,0.0014682769775390624,15.43943178459116,0.012224773098055496,91.72540283203125,129.717041015625,1.2077410221099854,5.395662307739258,1.980944037437439,4.774692535400391,0.7847079038619995,15.065579414367676,0.5459973216056824,"3388,28,157,2428,415,1372,1093,4373,4344,1824,2657,11,4794,4775,4517,1477",518.9570922851562,,,,,0
2,v_proj,gptq,1024,5120,0,0.001953887939453125,0.0014440536499023438,2.358830045859128,0.002033945703763066,69.57756042480469,81.86629486083984,0.2782646417617798,1.0328094959259033,0.32848331332206726,0.9357380270957947,0.7847079038619995,2.284119129180908,0.27923715114593506,"28,3388,157,2428,415,1372,4373,1093,4344,4794,4517,11,1477,4775,1824,5021",518.9570922851562,,,,,0
2,o_proj,gptq,5120,5120,0,0.0020001983642578126,0.001451568603515625,26.52833218043088,0.0038330555355048828,470.08636474609375,399.5978698730469,0.6372641324996948,1.3274056911468506,1.090987205505371,1.6642388105392456,0.7268598079681396,26.157855987548828,0.0873045101761818,"2561,2530,2562,2677,1729,2524,2476,1674,1687,2580,4644,2634,2140,2146,2274,2592",34.8687858581543,,,,,0
2,gate_proj,gptq,13824,5120,0,0.001875997472692419,0.0014360922354239006,13.39540619779156,0.0015469457031741507,513.6117553710938,580.3665771484375,158.38885498046875,14727.361328125,232.05914306640625,13624.701171875,0.9653858542442322,13.076858520507812,0.7724491357803345,"2657,2099,4610,4395,655,3593,4437,1466,1567,320,4020,228,1148,3850,3670,3931",538.505615234375,,,,,0
2,up_proj,gptq,13824,5120,0,0.0019738232647931136,0.001453329015661169,4.045035831934841,0.0007369271948009628,329.4898986816406,361.250244140625,68.22232818603516,676.65185546875,88.9303970336914,648.986083984375,0.9653858542442322,3.762024402618408,0.594295859336853,"2657,2099,655,4437,4610,4395,1148,228,3593,1466,320,4020,3891,1567,388,3931",538.505615234375,,,,,0
2,down_proj,gptq,5120,13824,0,0.0019868497495298034,0.0014484264232494212,52.274028456239286,0.007769045235829835,508.774169921875,413.944580078125,3.413036584854126,3.4519686698913574,3.2880754470825195,2.911180019378662,0.3884834051132202,51.95110321044922,0.44528794288635254,"1798,32,331,2184,10778,986,3604,4632,11776,8181,12298,11996,4617,6758,4063,3601",224.92898559570312,,,,,0
3,q_proj,gptq,5120,5120,0,0.0019504547119140625,0.0014574813842773437,50.95838338276722,0.008142121751909927,421.0528564453125,509.72314453125,20.231746673583984,44.90655517578125,25.442848205566406,38.361228942871094,0.6888234615325928,50.81886291503906,0.3087017834186554,"3388,157,28,415,3978,369,1696,4287,1299,3039,4061,4344,4402,3720,3887,3135",307.2888488769531,,,,,0
3,k_proj,gptq,1024,5120,0,0.0019311904907226562,0.0014892578125,19.95237543991496,0.00860455342112407,158.32693481445312,191.24017333984375,7.676506042480469,17.674232482910156,9.822470664978027,14.806471824645996,0.6888234615325928,19.763856887817383,0.3292556405067444,"3388,157,415,28,3978,1299,4287,369,1696,2428,3039,4402,3135,3720,4061,4344",307.2888488769531,,,,,0
3,v_proj,gptq,1024,5120,0,0.0019611358642578126,0.00143585205078125,2.3034462487845726,0.0017601292442666304,77.6510009765625,82.6392593383789,1.333519458770752,5.187747955322266,1.477938175201416,4.387125492095947,0.6888234615325928,2.2875428199768066,0.1720753312110901,"3388,157,415,28,3978,369,4287,1696,4402,3720,3896,3039,1299,3135,4061,2428",307.2888488769531,,,,,0
3,o_proj,gptq,5120,5120,0,0.0019964599609375,0.0014333724975585938,27.832152844566735,0.003461706348114512,520.436279296875,467.2813720703125,1.793445348739624,3.122532844543457,2.8975987434387207,3.931551456451416,0.8285456895828247,27.719697952270508,0.12668082118034363,"5088,4704,4960,4576,4832,1051,5043,923,795,1179,4547,4998,4486,1751,4931,693",54.10603332519531,,,,,0
3,gate_proj,gptq,13824,5120,0,0.0019831904658564816,0.0014543180112485533,28.31413596277918,0.0016736870193239809,978.7366333007812,1044.1732177734375,214.42898559570312,10812.107421875,337.26885986328125,9273.439453125,0.9515613317489624,27.41252899169922,0.7579545378684998,"2657,4610,4395,655,4437,2099,1567,1466,388,3593,1148,3850,136,3891,4020,3799",770.2442016601562,,,,,0
3,up_proj,gptq,13824,5120,0,0.0019546650074146413,0.001443552087854456,6.008931640818739,0.0006425348164781562,547.2166748046875,565.7303466796875,76.68644714355469,583.5460205078125,95.77536010742188,511.09625244140625,0.9515613317489624,5.834660530090332,0.5706180930137634,"2657,4610,4395,4437,2099,388,655,1466,1148,1567,136,3593,3891,4020,3799,320",770.2442016601562,,,,,0
3,down_proj,gptq,5120,13824,0,0.002009497748480903,0.0014236732765480324,52.28789908397398,0.004473339423516664,794.6438598632812,732.2809448242188,6.765681266784668,7.550234794616699,15.68748950958252,13.589559555053711,0.03340734541416168,52.057411193847656,0.25563547015190125,"5437,2597,11287,2541,7904,604,6127,5409,7700,1429,9140,8001,7142,444,2429,3173",53.293357849121094,,,,,0
4,q_proj,gptq,5120,5120,0,0.001988067626953125,0.0014835739135742188,50.152929896699995,0.00555771272582092,575.962158203125,625.8878173828125,20.90241241455078,47.73075866699219,28.211589813232422,40.84756088256836,0.7527397274971008,49.99665832519531,0.3142207860946655,"1093,3388,28,157,2428,415,1372,4373,1696,4775,1290,4061,4517,1719,3553,351",242.74398803710938,,,,,0
4,k_proj,gptq,1024,5120,0,0.0019552230834960936,0.0014530181884765624,19.6530339189633,0.006215130730970531,203.620361328125,233.53341674804688,7.939019680023193,19.01082992553711,10.804104804992676,15.834076881408691,0.7527397274971008,19.601642608642578,0.321052223443985,"1093,3388,157,28,2428,415,1372,4775,1696,4373,1290,1719,3553,4061,4517,351",242.74398803710938,,,,,0
4,v_proj,gptq,1024,5120,0,0.001965904235839844,0.001407623291015625,3.453342048959867,0.0022231984654450033,93.3386001586914,92.91201782226562,2.0180776119232178,5.64579963684082,2.405034303665161,4.894184112548828,0.7527397274971008,3.433790683746338,0.17139697074890137,"1093,28,2428,3388,415,1696,157,1372,1719,4517,4775,4373,1290,351,1685,4061",242.74398803710938,,,,,0
4,o_proj,gptq,5120,5120,0,0.0020052337646484374,0.0014327239990234374,31.534554990153993,0.0034630787509296974,611.8233642578125,522.878662109375,3.2105233669281006,5.160625457763672,5.365345001220703,6.884272575378418,0.5394144058227539,31.357975006103516,0.06415677070617676,"4571,4955,1266,4596,4980,4939,4023,20,4279,3777,3567,3735,754,62,3821,3823",15.504922866821289,,,,,0
4,gate_proj,gptq,13824,5120,0,0.0019305335150824653,0.0014766127974898727,36.17740430523811,0.001524065780562962,1368.1405029296875,1407.760009765625,336.9492492675781,8259.671875,509.197998046875,7120.076171875,0.9494056105613708,34.418861389160156,0.7621941566467285,"2657,1567,655,388,4610,1307,1466,4395,3593,4020,3850,4437,136,2099,4436,1372",761.257080078125,,,,,0
4,up_proj,gptq,13824,5120,0,0.0020040865297670718,0.0014399775752314814,9.583059472446788,0.0006858524149580796,819.2813720703125,839.1514892578125,145.44625854492188,973.7321166992188,183.66094970703125,858.5047607421875,0.9494056105613708,9.356861114501953,0.6200695633888245,"2657,388,1567,4610,655,1466,1307,4395,4437,3593,4020,136,4436,2099,3850,3799",761.257080078125,,,,,0
4,down_proj,gptq,5120,13824,0,0.0017530794496889467,0.0014366008617259839,61.192577164942605,0.00353058512366904,1119.1885986328125,1077.136962890625,6674.2470703125,13116.3759765625,107.19670104980469,56.705345153808594,-0.00018353573977947235,52.088706970214844,0.9999962449073792,"1368,11696,4620,11305,7184,1997,6504,10794,5567,3614,9675,3613,9143,11737,236,238",9557.435546875,,,,,0
5,q_proj,gptq,5120,5120,0,0.0019879150390625,0.00148895263671875,35.06064462928876,0.003224768881165118,663.5377197265625,668.777587890625,72.21195983886719,183.77183532714844,86.07328796386719,153.25820922851562,0.9088670611381531,34.9312858581543,0.23682503402233124,"3388,2657,4436,157,2099,28,1093,3978,3135,1696,1464,1299,853,533,316,1298",296.9188232421875,,,,,0
5,k_proj,gptq,1024,5120,0,0.001992607116699219,0.0014856338500976562,11.983233578833747,0.003643975404305244,201.1772918701172,207.3575439453125,23.34050178527832,63.025550842285156,27.770965576171875,52.76662063598633,0.9088670611381531,11.918828964233398,0.2567390501499176,"3388,2657,4436,157,2099,28,3978,3135,1093,1696,1464,533,853,1299,316,3029",296.9188232421875,,,,,0
5,v_proj,gptq,1024,5120,0,0.0019805908203125,0.0014629364013671875,3.181460736874114,0.0018309441119125822,102.80265045166016,101.19845581054688,8.587884902954102,23.251869201660156,9.945939064025879,20.353851318359375,0.9088670611381531,3.171187162399292,0.16740286350250244,"4436,2657,3388,28,157,1093,3978,3135,1299,1464,853,533,1696,316,3039,1461",296.9188232421875,,,,,0
5,o_proj,gptq,5120,5120,0,0.0019960403442382812,0.0014381027221679688,24.402481336002893,0.002596985867985456,585.2205810546875,536.2771606445312,3.628617286682129,5.42851448059082,21.42879867553711,23.02826690673828,0.14149828255176544,24.34185791015625,0.12864769995212555,"1797,2698,1285,1669,282,2826,1413,3082,410,2570,154,338,1541,4885,2954,210",28.303234100341797,,,,,0
5,gate_proj,gptq,13824,5120,0,0.001979460539641204,0.0015083030418113427,57.74444254395447,0.0018703933671639652,1797.9326171875,1824.63525390625,520.5667724609375,5568.0869140625,807.6978759765625,4458.9169921875,0.9584723114967346,56.180816650390625,0.7714170217514038,"1307,2657,1466,1567,388,4610,655,3593,3850,4020,3799,4395,136,11,4437,892",736.1431884765625,,,,,0
5,up_proj,gptq,13824,5120,0,0.0019647951479311344,0.0014304832175925926,12.884563045446523,0.0007235721487215452,1036.689697265625,1050.72802734375,215.3692626953125,941.6394653320312,287.06451416015625,820.0040893554688,0.9584723114967346,12.700782775878906,0.5678948760032654,"1307,2657,1567,388,4610,1466,655,3593,3799,136,4395,4437,11,4020,892,3850",736.1431884765625,,,,,0
5,down_proj,gptq,5120,13824,0,0.0018801088686342593,0.0014436086018880208,84.42275297560951,0.004052543527169926,1368.51416015625,1280.75048828125,86.72064208984375,156.9146270751953,4354.9951171875,9076.4375,0.9999967813491821,82.16834259033203,0.9819151759147644,"10445,8355,10069,1886,7013,11580,929,6564,1158,11916,6903,8203,6872,6915,10148,8847",12775.5078125,,,,,0
6,q_proj,gptq,5120,5120,0,0.0019776153564453123,0.001471710205078125,30.681228330007485,0.0029230923500373988,635.8902587890625,642.0806884765625,71.23629760742188,174.15469360351562,94.00804901123047,154.31455993652344,0.8576333522796631,30.603836059570312,0.3158642649650574,"3388,2657,157,28,2099,1093,4436,415,1290,4517,1696,693,3931,4925,1372,3653",332.2847900390625,,,,,0
6,k_proj,gptq,1024,5120,0,0.0020048141479492186,0.0014654159545898437,8.90304716344379,0.0029803196416074286,180.4720916748047,185.91421508789062,20.92074966430664,56.76999282836914,27.50191879272461,50.350624084472656,0.8576333522796631,8.887413024902344,0.2901065945625305,"3388,2657,157,2099,28,1093,4436,415,4517,1290,1696,693,3931,1372,3653,4925",332.2847900390625,,,,,0
6,v_proj,gptq,1024,5120,0,0.0019474029541015625,0.001435089111328125,3.0108655015531967,0.001575188589158721,112.33293914794922,111.84269714355469,10.227928161621094,24.847076416015625,12.471115112304688,22.583271026611328,0.8576333522796631,2.9981179237365723,0.16514910757541656,"3388,2657,28,157,1093,4436,2099,415,4517,1290,1696,693,1372,3931,3653,4373",332.2847900390625,,,,,0
6,o_proj,gptq,5120,5120,0,0.002010955810546875,0.0014384078979492187,27.278843124577392,0.002846104082859671,619.7962646484375,550.4534912109375,3.834282398223877,6.058063507080078,11.305217742919922,12.962337493896484,0.5985780358314514,27.016820907592773,0.1475609689950943,"1403,1659,1915,2759,1787,3143,1531,1078,2631,3015,1376,1037,1364,4847,1876,1054",63.17291259765625,,,,,0
6,gate_proj,gptq,13824,5120,0,0.0019967114483868636,0.0015169638174551505,69.85325845550962,0.002110512315501121,1949.631591796875,1976.441162109375,744.0235595703125,6474.3720703125,1350.099853515625,5488.9912109375,0.8178371787071228,68.47332763671875,0.785575807094574,"1307,2657,3593,1466,388,1567,4020,4437,655,3799,11,3850,4610,136,4395,4597",738.76806640625,,,,,0
6,up_proj,gptq,13824,5120,0,0.00195652997052228,0.0014344109429253473,18.054977568654756,0.0009056208639734285,1169.74853515625,1178.1171875,335.0181884765625,1246.54345703125,493.969482421875,1188.8094482421875,0.8178371787071228,17.74016761779785,0.6108807921409607,"1307,2657,3593,388,1466,1567,3799,4437,11,4020,655,4610,136,4395,4597,3850",738.76806640625,,,,,0
6,down_proj,gptq,5120,13824,0,0.001966575339988426,0.0014321927671079283,92.5259512254766,0.004117347564627444,1482.5965576171875,1448.546875,33.073184967041016,69.6170654296875,111.98226928710938,380.3934326171875,0.9999383687973022,88.73159790039062,0.8957222700119019,"1809,9185,11369,5481,7611,7992,11230,5823,3475,2940,8104,8238,3416,9086,1272,13683",10286.78125,,,,,0
7,q_proj,gptq,5120,5120,0,0.0019875717163085936,0.0014794158935546875,29.132366507862432,0.0026858979469250744,654.322998046875,656.44677734375,92.67019653320312,208.82028198242188,123.05279541015625,190.36753845214844,0.8267855048179626,29.051658630371094,0.2966592311859131,"3388,2657,157,693,1093,2099,28,415,3931,4344,3593,1824,1696,2428,4517,1290",276.4542541503906,,,,,0
7,k_proj,gptq,1024,5120,0,0.001991081237792969,0.0014860153198242188,9.04862503124794,0.0030430952092911044,179.46353149414062,187.55905151367188,26.966093063354492,66.77002716064453,36.69606018066406,59.215877532958984,0.8267855048179626,9.022163391113281,0.29595044255256653,"3388,2657,693,157,1093,2099,28,415,3931,3593,1824,1696,1290,4436,4517,2428",276.4542541503906,,,,,0
7,v_proj,gptq,1024,5120,0,0.00197296142578125,0.0014432907104492188,3.233869055253689,0.0016443276778777395,116.14410400390625,115.10673522949219,14.521714210510254,29.461170196533203,18.202163696289062,28.545299530029297,0.8267855048179626,3.2161035537719727,0.1429067999124527,"2657,3388,157,1093,693,28,415,3931,1696,2428,1290,1824,4436,4517,2099,1372",276.4542541503906,,,,,0
7,o_proj,gptq,5120,5120,0,0.001995735168457031,0.0014350509643554687,26.737734422215,0.00267964510989492,624.4420166015625,568.34423828125,4.145532608032227,6.991756916046143,12.160186767578125,13.903255462646484,0.36088690161705017,26.71468162536621,0.09827567636966705,"3755,3243,820,2285,4822,5078,4327,3627,4566,948,3600,1204,4694,4229,4071,4455",31.5987606048584,,,,,0
7,gate_proj,gptq,13824,5120,0,0.0019776662190755206,0.0015139685736762153,93.9214765058382,0.0023283505270374682,2422.4423828125,2472.63232421875,929.5233154296875,6001.14453125,1900.720703125,5033.765625,0.8802682757377625,93.28639221191406,0.8154043555259705,"3593,1307,1567,1466,4020,4597,4437,655,3850,388,136,2657,3799,4395,4610,11",1287.099365234375,,,,,0
7,up_proj,gptq,13824,5120,0,0.001967804520218461,0.0014414469401041667,20.265927635775448,0.0008140236983987625,1444.3612060546875,1445.31884765625,404.04522705078125,1223.85009765625,589.9661865234375,1151.14453125,0.8802682757377625,19.943510055541992,0.5944627523422241,"3593,1307,1567,1466,4020,4437,4597,388,136,655,3799,4395,2657,4610,3850,11",1287.099365234375,,,,,0
7,down_proj,gptq,5120,13824,0,0.0019636507387514467,0.0014432271321614583,61.43033854378905,0.002365123752925542,1650.704345703125,1612.508544921875,19.57077980041504,29.41275405883789,27.540973663330078,31.103660583496094,0.015913881361484528,61.05796432495117,0.1634247750043869,"13396,1021,11276,12313,8240,12778,3339,7523,11611,3697,10660,816,7986,5217,8482,9800",207.6209716796875,,,,,0
8,q_proj,gptq,5120,5120,0,0.0019818115234375,0.0014623260498046874,30.703766721966982,0.00289618687046045,645.45849609375,674.3430786132812,104.09126281738281,245.21766662597656,133.5715789794922,214.24188232421875,0.8254613280296326,30.492023468017578,0.3128378689289093,"3388,2657,1093,157,693,4517,28,3931,3720,4436,1696,316,415,388,3005,72",332.6514587402344,,,,,0
8,k_proj,gptq,1024,5120,0,0.0019712448120117188,0.0014530181884765624,9.968728075957072,0.003361503456071467,182.54837036132812,201.27896118164062,32.262115478515625,74.2026596069336,42.560211181640625,68.04983520507812,0.8254613280296326,9.920446395874023,0.32946860790252686,"3388,2657,1093,157,693,4517,3931,3720,4436,28,388,316,1696,415,72,3005",332.6514587402344,,,,,0
8,v_proj,gptq,1024,5120,0,0.001967048645019531,0.001479339599609375,2.2546579016728843,0.0011371969664069998,116.63124084472656,118.1798324584961,12.249674797058105,34.58250427246094,14.834224700927734,31.77035903930664,0.8254613280296326,2.247283458709717,0.17846661806106567,"2657,3388,1093,693,4517,157,28,3931,316,3720,4436,415,72,4402,3135,1696",332.6514587402344,,,,,0
8,o_proj,gptq,5120,5120,0,0.001999359130859375,0.0014444732666015626,27.3356104387085,0.0029668354333375626,608.0049438476562,535.4654541015625,4.005880355834961,7.4232940673828125,11.742670059204102,14.183167457580566,0.688591480255127,27.20427703857422,0.16020913422107697,"94,478,860,1116,350,988,222,732,606,2056,1244,2165,2101,1226,4160,3551",79.69811248779297,,,,,0
8,gate_proj,gptq,13824,5120,0,0.001974402533637153,0.0015178962990089698,109.60714124547032,0.0026725377490640118,2507.067138671875,2559.393310546875,569.3284912109375,3202.508544921875,1108.4283447265625,2544.638671875,0.8824643492698669,109.08937072753906,0.79120934009552,"3593,1567,1307,4020,4597,1466,3850,655,4610,4395,4437,388,2657,11,136,1145",969.8146362304688,,,,,0
8,up_proj,gptq,13824,5120,0,0.0019717039885344327,0.0014472537570529515,21.42109955175661,0.000825903631788123,1515.2747802734375,1526.6365966796875,263.6428527832031,592.494873046875,354.012939453125,560.2364501953125,0.8824643492698669,20.89297866821289,0.4745001792907715,"3593,1307,1567,4020,4597,1466,4395,4610,3850,4437,655,388,11,2657,136,1145",969.8146362304688,,,,,0
8,down_proj,gptq,5120,13824,0,0.0019716616030092593,0.0014364030626085069,70.39057177558652,0.002710479353532158,1683.5323486328125,1630.4619140625,26.375499725341797,39.446563720703125,43.47360610961914,48.597442626953125,0.2315872460603714,69.86113739013672,0.12599068880081177,"3574,4448,5389,12718,1383,9932,4965,11809,793,11165,12843,10954,10176,1345,0,8290",134.8953857421875,,,,,0
9,q_proj,gptq,5120,5120,0,0.0019770431518554687,0.0014718246459960937,28.853169408381596,0.0025946800844877486,670.7827758789062,675.3400268554688,87.65884399414062,195.85264587402344,114.69176483154297,171.63095092773438,0.8455718159675598,28.73226547241211,0.362996906042099,"2657,3388,1093,157,693,2099,3931,4517,415,4925,28,4373,2428,4610,1372,4344",345.5135803222656,,,,,0
9,k_proj,gptq,1024,5120,0,0.0019863128662109377,0.0015079498291015625,9.345539550106547,0.003084238571901355,185.27792358398438,194.79132080078125,26.334260940551758,64.44695281982422,35.16462707519531,55.63795471191406,0.8455718159675598,9.315336227416992,0.366510272026062,"2657,3388,1093,157,693,2099,3931,4517,415,4925,2428,28,4610,4373,1372,1696",345.5135803222656,,,,,0
9,v_proj,gptq,1024,5120,0,0.001984405517578125,0.0014568328857421874,3.087054352125809,0.0014759815609099909,124.44700622558594,125.43782043457031,13.835472106933594,27.855873107910156,16.459716796875,25.89276123046875,0.8455718159675598,3.07463002204895,0.183950275182724,"2657,1093,3388,157,693,3931,415,4517,28,4373,2428,1372,351,2099,4436,4925",345.5135803222656,,,,,0
9,o_proj,gptq,5120,5120,0,0.0019941329956054688,0.0014468765258789063,29.79985975867021,0.0029566326204367313,663.9622802734375,577.3948364257812,7.054560661315918,11.802818298339844,15.118162155151367,16.965646743774414,0.5462399125099182,29.725154876708984,0.10110481828451157,"1575,4897,236,4513,364,4004,108,4043,1447,620,4769,1319,1703,2350,4641,492",41.45213317871094,,,,,0
9,gate_proj,gptq,13824,5120,0,0.0019801528365523727,0.0015017191569010417,78.67602979870856,0.0024008822512255165,1980.787841796875,1984.6527099609375,188.84317016601562,310.1039123535156,247.03964233398438,309.7983703613281,0.6039736866950989,78.44534301757812,0.16865219175815582,"2657,11,3593,2853,1145,1307,4597,1093,4437,4610,388,4020,3850,4517,4863,2442",114.59674835205078,,,,,0
9,up_proj,gptq,13824,5120,0,0.001973088582356771,0.0014863332112630208,62.33472266884985,0.0020853408194179044,1793.5789794921875,1771.37548828125,169.99122619628906,260.58251953125,216.94732666015625,264.57843017578125,0.6039736866950989,62.28089141845703,0.10185636579990387,"11,2657,3593,2853,1145,1307,1093,4597,4437,4610,388,4020,4517,4863,3850,2442",114.59674835205078,,,,,0
9,down_proj,gptq,5120,13824,0,0.001962223759403935,0.0014748184769241897,81.94837266765558,0.0027132415161562114,1964.577880859375,1884.0908203125,38.24150848388672,53.94141387939453,50.471473693847656,53.783775329589844,0.07183997333049774,81.56661987304688,0.09681664407253265,"4987,12529,11675,9580,7828,12392,8509,4573,9381,7101,8797,4900,4222,2811,1195,2773",64.80239868164062,,,,,0
10,q_proj,gptq,5120,5120,0,0.0019864273071289063,0.0014763641357421874,29.030724498386647,0.0024809756338167845,708.18017578125,718.0498046875,122.84675598144531,250.9246368408203,157.0526123046875,222.96527099609375,0.8408789038658142,28.897235870361328,0.2967899739742279,"3388,2657,693,157,4610,1093,2099,415,4517,3931,1696,4436,4925,4344,28,2428",267.8050842285156,,,,,0
10,k_proj,gptq,1024,5120,0,0.001991081237792969,0.0014705657958984375,8.629029970870647,0.002695933630266682,195.6853485107422,202.0467529296875,35.23118591308594,77.68353271484375,45.25105285644531,68.66062927246094,0.8408789038658142,8.596503257751465,0.2886985242366791,"3388,2657,693,157,1093,4610,2099,415,4517,3931,4436,1696,4373,2428,28,1372",267.8050842285156,,,,,0
10,v_proj,gptq,1024,5120,0,0.0019931793212890625,0.0014675140380859375,3.513245719587201,0.0018303376299415523,115.04534912109375,119.14181518554688,18.72890281677246,34.913169860839844,22.900991439819336,32.609046936035156,0.8408789038658142,3.484189987182617,0.16884206235408783,"2657,157,1093,693,4610,3388,4517,415,4436,1696,3931,388,28,2428,1372,4373",267.8050842285156,,,,,0
10,o_proj,gptq,5120,5120,0,0.0019819259643554686,0.0014515304565429687,29.8905108819381,0.002974714359378959,656.7933349609375,573.3026123046875,7.324219703674316,13.662897109985352,17.847219467163086,20.51133155822754,0.5708114504814148,29.77520179748535,0.1521003395318985,"282,1462,1590,1846,4072,26,1334,1718,1321,284,154,3442,1449,4200,1705,1186",80.11077880859375,,,,,0
10,gate_proj,gptq,13824,5120,0,0.001974614461263021,0.0014965905083550346,81.90453286368029,0.0024839649419407406,2005.9981689453125,2016.23486328125,213.0711669921875,334.924072265625,275.78173828125,336.91180419921875,0.5900987386703491,81.67999267578125,0.15882685780525208,"11,2657,2853,1093,4610,1145,1307,3593,2442,4517,388,351,1696,3653,4863,993",79.56073760986328,,,,,0
10,up_proj,gptq,13824,5120,0,0.0019846033166956017,0.0014949516013816552,63.82890585797031,0.0021074349045169427,1817.2236328125,1810.92138671875,191.58291625976562,294.4978332519531,242.81005859375,296.6955261230469,0.5900987386703491,63.78586196899414,0.09393370896577835,"11,2657,2853,1093,4610,1145,3593,1307,2442,4517,388,351,1696,3653,993,4863",79.56073760986328,,,,,0
10,down_proj,gptq,5120,13824,0,0.0019721702293113426,0.0014901196515118634,84.17760604397517,0.002785914757983365,1993.4888916015625,1913.9483642578125,46.580726623535156,68.3047103881836,54.6614875793457,69.88903045654297,0.9220482707023621,82.65143585205078,0.13459227979183197,"648,4305,11768,9919,12199,12239,9645,9002,3207,8187,7060,6962,3417,203,355,12114",347.1890563964844,,,,,0
11,q_proj,gptq,5120,5120,0,0.0019708251953125,0.0014934158325195313,29.81081255940868,0.0024724043436721954,731.09521484375,748.0084838867188,99.41973876953125,242.81614685058594,130.40438842773438,207.11224365234375,0.916875958442688,29.57452392578125,0.3731608986854553,"4610,2657,1093,3388,4517,388,1696,693,351,4436,157,2099,415,228,3653,4373",479.3846130371094,,,,,0
11,k_proj,gptq,1024,5120,0,0.0019716262817382813,0.0014528274536132813,8.900872775655312,0.0026655371420816177,201.9569091796875,209.341796875,28.85199546813965,74.71583557128906,38.73512268066406,65.2288818359375,0.916875958442688,8.85745620727539,0.3786640465259552,"2657,4610,1093,3388,4517,388,1696,693,157,4436,415,228,2099,3653,351,4373",479.3846130371094,,,,,0
11,v_proj,gptq,1024,5120,0,0.001979637145996094,0.0014688491821289063,3.094620669412333,0.0015371826056079635,118.7732925415039,121.41710662841797,13.12095832824707,33.696571350097656,16.073139190673828,30.86650848388672,0.916875958442688,3.03975248336792,0.2934541404247284,"4610,2657,1093,4517,388,1696,3388,4436,351,415,2099,3653,3978,228,157,3137",479.3846130371094,,,,,0
11,o_proj,gptq,5120,5120,0,0.001973876953125,0.00145538330078125,29.384241744412066,0.00299579749982133,645.5411376953125,568.3901977539062,11.550877571105957,18.3431396484375,19.028961181640625,22.86867904663086,0.7471944689750671,29.34197998046875,0.14032812416553497,"1270,3805,2492,2108,886,758,2364,2236,1980,568,4007,1142,2096,3940,4196,632",32.33317947387695,,,,,0
11,gate_proj,gptq,13824,5120,0,0.0019741058349609375,0.0014986532705801505,78.03657907948218,0.0021606853763676617,2160.972900390625,2143.166015625,283.16986083984375,969.3947143554688,344.0482177734375,849.4320068359375,0.9981076121330261,77.67302703857422,0.4257759749889374,"1567,2657,4610,11,1093,3593,388,228,4675,4436,351,1145,4517,2853,415,1307",1700.8187255859375,,,,,0
11,up_proj,gptq,13824,5120,0,0.001979192097981771,0.0014801590530960649,39.6252099008052,0.0013609623142094543,1714.47607421875,1715.916259765625,218.72506713867188,356.72528076171875,261.6458435058594,345.83062744140625,0.9981076121330261,39.52070617675781,0.15854206681251526,"1567,2657,4610,11,1093,388,3593,228,4675,4436,351,4517,1145,2853,415,1696",1700.8187255859375,,,,,0
11,down_proj,gptq,5120,13824,0,0.001964215879087095,0.001476217199254919,72.72010648862695,0.0024965799077195264,1799.5245361328125,1736.62060546875,38.40727996826172,53.00425338745117,47.43574523925781,50.48915100097656,0.09515846520662308,72.55089569091797,0.06726079434156418,"5378,11563,12428,13313,167,7295,12085,13445,13365,605,2052,4239,13727,3697,3249,13070",34.32053756713867,,,,,0
12,q_proj,gptq,5120,5120,0,0.0019868850708007813,0.0015032196044921875,32.91746021329602,0.0028245391164166784,708.0208740234375,739.9881591796875,118.95709991455078,267.9081115722656,155.90631103515625,235.30758666992188,0.8734363913536072,32.601844787597656,0.3964082598686218,"4610,3388,693,157,2657,4436,1093,4517,2099,1696,415,3653,388,3931,228,3978",401.78314208984375,,,,,0
12,k_proj,gptq,1024,5120,0,0.0020017623901367188,0.0014495849609375,9.420253223300964,0.0029854302297170577,192.56060791015625,207.38824462890625,34.22425842285156,79.64308166503906,44.000614166259766,71.21621704101562,0.8734363913536072,9.370851516723633,0.36914560198783875,"4610,693,3388,157,2657,1093,4436,4517,2099,415,1696,3653,388,3931,3039,3978",401.78314208984375,,,,,0
12,v_proj,gptq,1024,5120,0,0.0019866943359375,0.0014677047729492188,2.1318964020157263,0.0010521222714854413,118.32365417480469,120.3709716796875,13.765382766723633,33.304481506347656,15.989011764526367,30.99152374267578,0.8734363913536072,2.125519037246704,0.19648605585098267,"4610,693,3388,2657,157,4517,1093,1696,4436,415,388,3653,2099,228,3978,3039",401.78314208984375,,,,,0
12,o_proj,gptq,5120,5120,0,0.001988677978515625,0.0014637374877929687,27.352992369732647,0.0028692318410931676,610.8062744140625,545.0076904296875,11.561988830566406,18.09307098388672,21.099285125732422,26.432416915893555,0.7188320755958557,27.279834747314453,0.10049798339605331,"526,2824,270,1835,398,142,2218,2474,2346,2568,3080,1962,1579,2402,1861,1424",29.68497657775879,,,,,0
12,gate_proj,gptq,13824,5120,0,0.0019831339518229167,0.0015123155381944445,68.43894759338127,0.002080956842664415,1954.75,1918.634765625,241.01600646972656,356.4853820800781,298.41229248046875,358.3136901855469,0.5975119471549988,68.40782165527344,0.12269146740436554,"11,2657,4610,1307,3593,228,1145,1093,388,415,4597,3850,1290,2853,4517,2950",142.64013671875,,,,,0
12,up_proj,gptq,13824,5120,0,0.001973187481915509,0.0014938919632523147,57.987745863695636,0.0018952231243493077,1817.538330078125,1793.763427734375,224.94097900390625,325.6605529785156,273.66156005859375,327.825927734375,0.5975119471549988,57.99920654296875,0.08169548958539963,"11,2657,4610,1307,3593,228,1093,1145,388,415,4597,3850,1290,2853,4517,2950",142.64013671875,,,,,0
12,down_proj,gptq,5120,13824,0,0.001970107467086227,0.0015020441125940392,72.53700671879045,0.0023686039624041203,1881.995361328125,1815.2686767578125,45.5372314453125,60.814544677734375,89.00702667236328,87.44073486328125,0.03313600644469261,72.36463928222656,0.08999957889318466,"10229,10983,9628,6105,8819,7308,12694,11426,9626,9631,8441,8299,13699,5671,3547,9289",61.842899322509766,,,,,0
13,q_proj,gptq,5120,5120,0,0.0019744873046875,0.0014797210693359374,30.399654447773727,0.0026736822094580812,688.0010375976562,710.7762451171875,123.67063903808594,272.39544677734375,161.64764404296875,238.45828247070312,0.8078009486198425,30.190549850463867,0.42639681696891785,"693,4610,3388,157,4436,1696,415,4517,3653,1093,2099,2657,3978,3931,4373,3039",374.7223205566406,,,,,0
13,k_proj,gptq,1024,5120,0,0.002017784118652344,0.0014675140380859375,9.662366947088355,0.0032824568583798867,182.69187927246094,197.9669189453125,36.80109405517578,82.27919006347656,47.930015563964844,72.7691421508789,0.8078009486198425,9.59117603302002,0.4263269007205963,"693,4610,3388,157,1696,4436,3653,4517,2657,415,3978,2099,1093,388,3039,993",374.7223205566406,,,,,0
13,v_proj,gptq,1024,5120,0,0.001976776123046875,0.001476287841796875,2.397622395457969,0.0010930381422135896,129.44461059570312,131.3724365234375,16.653305053710938,40.76594161987305,20.224777221679688,37.18651580810547,0.8078009486198425,2.388437271118164,0.22372135519981384,"4610,693,157,3388,4436,1696,3653,415,1093,4517,2657,2099,3978,3931,3039,4373",374.7223205566406,,,,,0
13,o_proj,gptq,5120,5120,0,0.001989593505859375,0.0014548873901367187,29.141262308206024,0.0029357926096385324,653.5234375,572.93603515625,13.336179733276367,22.004547119140625,23.941761016845703,29.16400909423828,0.6606972813606262,28.861148834228516,0.11008915305137634,"3245,348,3629,4014,1272,760,3886,1144,1555,4398,4270,3757,1877,1365,1621,604",49.47189712524414,,,,,0
13,gate_proj,gptq,13824,5120,0,0.0019881213152850115,0.0015126687509042244,67.22625801551075,0.0020347296046069456,1970.7203369140625,1946.612060546875,269.8107604980469,411.572998046875,354.14141845703125,424.6109619140625,0.5759892463684082,67.13511657714844,0.1716662496328354,"4610,2657,11,1307,3593,228,2950,3850,4020,4597,1093,1145,388,415,3931,4517",186.0554656982422,,,,,0
13,up_proj,gptq,13824,5120,0,0.0019790084273726854,0.0014954743561921297,54.77634652142777,0.0017918464339952678,1828.639892578125,1817.3101806640625,251.08181762695312,369.06121826171875,322.16925048828125,385.51806640625,0.5759892463684082,54.721702575683594,0.1039106622338295,"4610,11,2657,1307,3593,228,2950,1093,4597,3850,1145,4020,388,415,3931,4517",186.0554656982422,,,,,0
13,down_proj,gptq,5120,13824,0,0.0019682566324869793,0.0014985684995298032,76.43760455045049,0.0025167533726436595,1918.54345703125,1847.2955322265625,53.82551956176758,72.46238708496094,70.62496185302734,73.54804229736328,0.04910057410597801,76.20651245117188,0.1060912162065506,"4694,4633,3831,6725,10372,5104,6081,12010,7100,12312,4660,5705,12178,4555,10118,8543",24.818601608276367,,,,,0
14,q_proj,gptq,5120,5120,0,0.0019895553588867186,0.001485443115234375,29.6966842082761,0.002461859227410763,730.1774291992188,758.5830078125,139.98126220703125,296.67181396484375,185.44776916503906,265.791259765625,0.8006607890129089,29.4171085357666,0.3555614948272705,"4610,693,157,3388,2657,2099,415,1093,4373,4436,3931,228,4517,2950,388,2797",356.118408203125,,,,,0
14,k_proj,gptq,1024,5120,0,0.0019733428955078123,0.0014768600463867187,9.832514713178904,0.003113428874935694,197.11473083496094,218.2600860595703,42.31785583496094,89.91970825195312,56.01941680908203,78.482177734375,0.8006607890129089,9.724453926086426,0.3520727753639221,"693,4610,157,3388,2657,2099,415,1093,3931,4373,4436,228,4517,2950,388,1696",356.118408203125,,,,,0
14,v_proj,gptq,1024,5120,0,0.00196075439453125,0.001436614990234375,2.443821938532996,0.001235450096761217,115.94903564453125,117.50403594970703,17.729907989501953,39.45988082885742,21.857419967651367,36.43811798095703,0.8006607890129089,2.4364092350006104,0.19768589735031128,"4610,693,157,3388,2657,415,2099,1093,4373,3931,4436,228,4517,2950,388,2797",356.118408203125,,,,,0
14,o_proj,gptq,5120,5120,0,0.0019887161254882814,0.0014396286010742187,27.555589916635654,0.002824985775881013,622.4158325195312,556.923583984375,13.246492385864258,22.207685470581055,20.720762252807617,25.79153823852539,0.7413632869720459,27.531387329101562,0.1455494463443756,"2371,3940,2967,2711,555,751,2243,427,1263,2115,1007,3095,4452,2499,2839,4324",37.782047271728516,,,,,0
14,gate_proj,gptq,13824,5120,0,0.0019911448160807293,0.0014996987802010995,67.97217008970017,0.002067896259454593,1972.62158203125,1952.7314453125,275.72235107421875,425.94677734375,377.2240295410156,450.3190002441406,0.5688826441764832,67.7502212524414,0.18664871156215668,"4610,2657,11,1307,3593,228,2950,4020,3850,1093,415,388,4597,1145,3931,2099",170.46824645996094,,,,,0
14,up_proj,gptq,13824,5120,0,0.0019769315366391783,0.0014940615053530093,55.381849135027096,0.0017988242324244834,1846.34423828125,1836.164306640625,258.35540771484375,385.48883056640625,342.9266662597656,413.6225280761719,0.5688826441764832,55.293304443359375,0.11236992478370667,"4610,11,2657,1307,228,3593,2950,4020,3850,1093,415,388,4597,1145,3931,2099",170.46824645996094,,,,,0
14,down_proj,gptq,5120,13824,0,0.0019636366102430557,0.001499303181966146,76.4607270301749,0.0025065556354982184,1936.745849609375,1865.5552978515625,57.1451416015625,78.8747787475586,73.95407104492188,78.35249328613281,0.14120623469352722,76.25762939453125,0.09995731711387634,"9682,2466,3513,1526,4410,3274,1645,13500,10656,8922,1269,7288,1896,12767,13077,6563",25.57994270324707,,,,,0
15,q_proj,gptq,5120,5120,0,0.0019811248779296876,0.0014879608154296875,27.472498155607475,0.0024016855018056758,685.6002197265625,690.52099609375,120.92125701904297,245.55413818359375,161.56765747070312,222.75869750976562,0.7516392469406128,27.37343978881836,0.4037074148654938,"693,157,3388,4610,2099,2657,415,3931,4373,4925,2953,2797,2950,4344,28,3089",352.3916320800781,,,,,0
15,k_proj,gptq,1024,5120,0,0.0019884109497070312,0.0014719009399414063,8.791443617520272,0.0030113713756661827,182.51046752929688,191.1112060546875,34.61174774169922,76.46212768554688,47.29416275024414,67.78294372558594,0.7516392469406128,8.709900856018066,0.422029048204422,"693,157,2099,3388,4610,415,2657,3931,4373,2953,4925,2797,2950,28,1093,4344",352.3916320800781,,,,,0
15,v_proj,gptq,1024,5120,0,0.001962089538574219,0.0014623641967773438,2.669034664057324,0.0012119535038694078,132.5511016845703,134.2008056640625,19.534175872802734,36.73247528076172,23.917747497558594,35.50264358520508,0.7516392469406128,2.661158561706543,0.15080967545509338,"693,157,4610,2099,415,3388,2657,4373,3931,2953,2797,2950,4925,28,1093,2428",352.3916320800781,,,,,0
15,o_proj,gptq,5120,5120,0,0.0019903564453125,0.001484222412109375,30.207251505096792,0.002884341431960746,656.2085571289062,597.5669555664062,16.60664939880371,29.361501693725586,23.024860382080078,29.94760513305664,0.7178165316581726,30.204627990722656,0.08903378248214722,"3326,4804,3710,4932,4676,3838,3454,4548,5118,1300,3582,1812,1684,1428,2160,5060",44.17310333251953,,,,,0
15,gate_proj,gptq,13824,5120,0,0.001986680207429109,0.0015091224952980323,69.6371006092595,0.002069855439029459,2028.794189453125,1997.96484375,298.6421203613281,468.6650695800781,409.57275390625,484.984375,0.5907242894172668,69.55060577392578,0.19754663109779358,"4610,2657,11,1307,228,3593,4020,2950,3850,1145,4597,415,388,655,1093,3931",185.7949676513672,,,,,0
15,up_proj,gptq,13824,5120,0,0.001970955177589699,0.001483083654333044,56.45003462578461,0.001869298202461286,1833.670166015625,1808.298828125,269.3295593261719,405.73138427734375,358.9666748046875,426.4847717285156,0.5907242894172668,56.354530334472656,0.12007982283830643,"4610,11,2657,1307,228,3593,4020,2950,3850,1145,415,4597,655,1093,388,3931",185.7949676513672,,,,,0
15,down_proj,gptq,5120,13824,0,0.001964554963288484,0.001497508861400463,80.2051448995735,0.002675460389477493,1921.751220703125,1847.01416015625,59.49456024169922,87.4031982421875,83.4314956665039,93.76889038085938,0.4645858705043793,79.96446228027344,0.12376993149518967,"4977,6833,8874,9017,4966,7912,3073,8133,1651,12797,5021,3811,3449,1080,12708,3028",202.79176330566406,,,,,0
16,q_proj,gptq,5120,5120,0,0.0019797134399414064,0.0014752960205078125,30.559543207710934,0.0024984969518833913,744.1326904296875,772.30419921875,113.27186584472656,259.127197265625,159.6478271484375,231.7246551513672,0.7532909512519836,30.397010803222656,0.4082738757133484,"693,4610,157,3388,2657,2099,415,4373,2950,3931,1093,2797,4436,2953,4517,228",357.308837890625,,,,,0
16,k_proj,gptq,1024,5120,0,0.0019731521606445312,0.0014730453491210937,10.958288892156114,0.00314923803937467,216.99960327148438,241.77847290039062,37.119205474853516,86.11386108398438,53.1988525390625,77.40406036376953,0.7532909512519836,10.921388626098633,0.4112356901168823,"693,4610,3388,157,2099,2657,415,4373,3931,1093,2950,2797,4436,2953,228,4517",357.308837890625,,,,,0
16,v_proj,gptq,1024,5120,0,0.00196685791015625,0.0014715194702148438,2.338300259864188,0.0012066232039762853,115.58073425292969,117.1173095703125,13.718881607055664,31.2664794921875,17.74994468688965,29.27324676513672,0.7532909512519836,2.326875686645508,0.21199893951416016,"693,4610,157,3388,2099,2657,415,4373,3931,1093,2950,4436,228,2797,2953,4794",357.308837890625,,,,,0
16,o_proj,gptq,5120,5120,0,0.0019895172119140624,0.0014611053466796874,30.57861393937128,0.0032441463607455648,638.44140625,542.5335083007812,15.475545883178711,28.629114151000977,23.946025848388672,29.28445053100586,0.6033859252929688,30.2372989654541,0.10624191164970398,"3031,3475,3159,3731,2903,3219,3383,1065,1451,937,3603,809,1193,4136,4264,699",29.4843692779541,,,,,0
16,gate_proj,gptq,13824,5120,0,0.0019739504213686344,0.0014894838686342594,70.44087183559986,0.0022025064757715813,1952.053466796875,1929.1119384765625,257.3431396484375,416.25311279296875,358.81103515625,422.7691955566406,0.622046172618866,70.18582153320312,0.19065465033054352,"4610,11,2657,2950,228,4020,3593,1307,4938,1093,3850,2099,655,415,1145,3553",193.53883361816406,,,,,0
16,up_proj,gptq,13824,5120,0,0.0019786128291377314,0.0015057316532841435,62.705845799008785,0.002002650355631698,1914.9488525390625,1894.724609375,251.84812927246094,393.7404479980469,343.4381408691406,406.4940185546875,0.622046172618866,62.42084503173828,0.12649914622306824,"4610,11,2657,2950,228,3593,4020,1307,1093,4938,655,2099,3850,415,3553,1145",193.53883361816406,,,,,0
16,down_proj,gptq,5120,13824,0,0.001969372784649884,0.0014976360179759839,82.15087121684701,0.002657431810590346,2001.2813720703125,1925.997314453125,57.89482116699219,83.21475219726562,75.2091064453125,80.61904907226562,0.14601100981235504,81.76798248291016,0.09861966222524643,"3183,3853,12507,752,5635,12179,4479,12989,1144,9638,13086,2960,11883,9250,5305,7546",62.14114761352539,,,,,0
17,q_proj,gptq,5120,5120,0,0.0019858169555664064,0.0014752197265625,29.461292835946185,0.0023837568199140294,749.1292114257812,758.248779296875,131.919921875,291.08209228515625,175.6982879638672,261.0686950683594,0.7060537338256836,29.38357925415039,0.40365543961524963,"693,4610,157,3388,2657,2099,415,3931,2950,4373,2797,2953,228,1031,4925,2428",344.07623291015625,,,,,0
17,k_proj,gptq,1024,5120,0,0.0019878387451171876,0.00146484375,8.971709016600128,0.0026012569018764994,213.52401733398438,220.39495849609375,39.19462966918945,87.64412689208984,53.326751708984375,78.95004272460938,0.7060537338256836,8.917860984802246,0.3845577538013458,"693,4610,157,3388,2099,2657,415,2950,3931,4373,2797,2953,228,1093,1031,2428",344.07623291015625,,,,,0
17,v_proj,gptq,1024,5120,0,0.0019804000854492187,0.0014478683471679688,2.7927264881145977,0.0015974777346634968,107.33607482910156,106.90980529785156,16.741771697998047,34.49971008300781,20.72681427001953,32.18159484863281,0.7060537338256836,2.772296190261841,0.2407434582710266,"693,4610,157,2657,2099,3388,415,3931,4373,2950,2797,2953,2428,228,1031,4344",344.07623291015625,,,,,0
17,o_proj,gptq,5120,5120,0,0.0019851303100585937,0.0014506912231445313,27.970973844210675,0.0029887020825936587,628.3408203125,538.578369140625,15.511127471923828,28.752410888671875,25.428892135620117,33.58659362792969,0.7205175161361694,27.927255630493164,0.11000332236289978,"3404,3788,4960,4704,3660,3532,5088,3276,2411,4287,1299,4576,2155,3903,1683,3219",54.56269454956055,,,,,0
17,gate_proj,gptq,13824,5120,0,0.0019874148898654516,0.0014963220666956017,69.91942220450619,0.0022198310146265437,1925.0081787109375,1898.6055908203125,247.3860626220703,391.15106201171875,339.2064514160156,402.0478515625,0.5785485506057739,69.72694396972656,0.17611150443553925,"4610,11,2950,2657,3593,228,4020,1307,4938,2099,1093,655,3553,3850,415,157",143.4743194580078,,,,,0
17,up_proj,gptq,13824,5120,0,0.001984673959237558,0.0014987097846137153,65.20554282791272,0.0020478168059444913,1944.861328125,1923.3914794921875,249.24850463867188,385.3973388671875,335.80328369140625,400.3940124511719,0.5785485506057739,65.0577621459961,0.11650145053863525,"4610,11,2950,2657,3593,228,4020,1307,4938,2099,1093,415,3553,655,3850,157",143.4743194580078,,,,,0
17,down_proj,gptq,5120,13824,0,0.0019622520164207175,0.001514561971028646,80.15931288524962,0.0025611725351979467,2000.585693359375,1928.833984375,53.729068756103516,76.43545532226562,70.03068542480469,74.96316528320312,0.14558926224708557,79.82199096679688,0.08565851300954819,"2843,275,3151,1276,12002,2485,8745,9985,6346,13493,2318,9825,13740,6744,6717,10118",34.352333068847656,,,,,0
18,q_proj,gptq,5120,5120,0,0.0019728851318359373,0.0014663314819335937,29.4025651283384,0.002496579268648955,720.1573486328125,731.7200927734375,132.78463745117188,291.5828857421875,179.6241455078125,264.168701171875,0.7119756937026978,29.154407501220703,0.429417222738266,"693,4610,157,2099,3388,2657,415,3931,4373,2797,2950,2953,1031,1824,4344,2428",385.52288818359375,,,,,0
18,k_proj,gptq,1024,5120,0,0.0019891738891601564,0.0014589309692382812,9.014907985112746,0.002775026495691393,203.8556671142578,210.6163787841797,39.25777816772461,91.15156555175781,53.74757766723633,81.99591064453125,0.7119756937026978,8.991243362426758,0.43447551131248474,"693,4610,157,2099,3388,2657,415,3931,4373,2953,2797,2950,1824,1031,2428,28",385.52288818359375,,,,,0
18,v_proj,gptq,1024,5120,0,0.001977348327636719,0.0014757156372070313,2.767051256639137,0.0014203408385822164,119.66368865966797,120.427490234375,18.378345489501953,36.96067810058594,23.09897232055664,35.38425827026367,0.7119756937026978,2.750453472137451,0.23779524862766266,"693,4610,157,2099,3388,2657,415,3931,2797,4373,2950,2953,1824,4436,1031,2428",385.52288818359375,,,,,0
18,o_proj,gptq,5120,5120,0,0.002002410888671875,0.0014669418334960938,30.13800482880015,0.003094908545613641,648.2403564453125,560.48486328125,20.215791702270508,40.393760681152344,28.983715057373047,39.50072479248047,0.8093273639678955,30.10396957397461,0.10832732170820236,"1380,1508,296,436,1636,358,3574,3446,3318,180,52,308,2170,3830,564,552",44.578643798828125,,,,,0
18,gate_proj,gptq,13824,5120,0,0.0019736395941840276,0.0014865310103804976,69.80764148440585,0.002257607254862954,1897.065185546875,1875.70751953125,239.08932495117188,385.8985595703125,333.3535461425781,395.03912353515625,0.5840385556221008,69.53184509277344,0.19519133865833282,"4610,11,2950,3593,2657,4020,228,4938,655,2099,1307,3553,1093,2468,415,157",137.42689514160156,,,,,0
18,up_proj,gptq,13824,5120,0,0.0019784998010706017,0.0015077520299840858,67.32183055298628,0.0020834101564818613,1980.320068359375,1962.3333740234375,248.41656494140625,393.28143310546875,337.3641357421875,406.0303649902344,0.5840385556221008,67.05986785888672,0.13987967371940613,"4610,11,2950,3593,2657,4020,228,4938,2099,655,1307,3553,1093,415,693,157",137.42689514160156,,,,,0
18,down_proj,gptq,5120,13824,0,0.001961164121274595,0.0015177126283998843,81.06175906804856,0.002571839821870757,2022.94189453125,1950.81396484375,53.67464828491211,77.02914428710938,71.17433166503906,75.15169525146484,0.3108745813369751,80.80560302734375,0.08798984438180923,"4865,7322,6040,13195,1935,9069,2982,1440,358,990,9731,11041,12334,1188,108,9037",80.5634765625,,,,,0
19,q_proj,gptq,5120,5120,0,0.00196990966796875,0.0014738082885742188,32.99606611600907,0.0028889136778389394,722.98974609375,748.5637817382812,162.88925170898438,350.81201171875,220.97483825683594,317.6220703125,0.6956202387809753,32.53571319580078,0.4595946669578552,"693,4610,157,2099,3388,4373,3931,415,2657,2953,2797,2950,4436,1824,2428,1031",380.6590881347656,,,,,0
19,k_proj,gptq,1024,5120,0,0.00198974609375,0.001459503173828125,8.694525751797228,0.0028718314323169496,191.96878051757812,201.38848876953125,43.55531692504883,98.51263427734375,56.468963623046875,89.66311645507812,0.6956202387809753,8.632051467895508,0.44765710830688477,"693,4610,157,3388,2099,4373,3931,2953,1824,415,2657,2797,4436,2950,2428,1031",380.6590881347656,,,,,0
19,v_proj,gptq,1024,5120,0,0.0019468307495117188,0.001458740234375,2.389329091627916,0.001291508871410184,111.61965942382812,112.1544418334961,19.353565216064453,43.29273223876953,23.478256225585938,39.369300842285156,0.6956202387809753,2.3824362754821777,0.24768705666065216,"693,4610,2099,157,3388,4373,415,3931,2797,2953,2657,1824,2950,4436,1031,1093",380.6590881347656,,,,,0
19,o_proj,gptq,5120,5120,0,0.0019898223876953125,0.0014572525024414062,27.886987166179097,0.0029831409508171325,632.407470703125,537.60986328125,15.523611068725586,33.13494873046875,28.37626838684082,39.642372131347656,0.7214016318321228,27.79026222229004,0.12839186191558838,"3131,2619,803,3003,1059,1187,2535,675,4524,3247,931,5036,2151,2023,4652,750",74.5042495727539,,,,,0
19,gate_proj,gptq,13824,5120,0,0.00198328936541522,0.0014870961507161458,69.67194722580231,0.002268259638367782,1898.870849609375,1882.25341796875,248.3851776123047,404.4207763671875,351.8457946777344,420.38970947265625,0.6173880696296692,69.44369506835938,0.21137209236621857,"11,4610,2950,4020,4938,3593,228,2099,655,4675,2657,1307,3553,2468,3850,1093",117.51163482666016,,,,,0
19,up_proj,gptq,13824,5120,0,0.0019826818395543983,0.001505138255931713,66.37018950233991,0.002062493708264419,1981.6090087890625,1969.713623046875,257.806396484375,409.71563720703125,353.3272705078125,433.61322021484375,0.6173880696296692,66.1517105102539,0.14444756507873535,"11,4610,2950,4020,4938,3593,228,2099,655,4675,2657,1307,3553,3850,2468,1093",117.51163482666016,,,,,0
19,down_proj,gptq,5120,13824,0,0.001962619357638889,0.0015057457817925347,82.34960530335746,0.0026280089632243916,2071.821533203125,2000.003662109375,56.03578567504883,81.89453887939453,83.83695983886719,99.6151123046875,0.6693549752235413,82.04330444335938,0.10714475065469742,"12114,1669,8282,11764,9916,300,5459,1592,6764,333,9427,1445,3533,5822,6004,6892",164.85577392578125,,,,,0
20,q_proj,gptq,5120,5120,0,0.0019650650024414062,0.0014795684814453126,32.922555606530906,0.0027641550922869965,749.8372192382812,781.36865234375,159.11636352539062,347.4332580566406,226.22320556640625,330.3790283203125,0.6926018595695496,32.293216705322266,0.47638770937919617,"693,4610,2099,157,3388,3931,2657,2953,4373,2950,2797,2428,4436,415,1031,228",484.7796936035156,,,,,0
20,k_proj,gptq,1024,5120,0,0.0019748687744140627,0.0014469146728515625,10.178786928317182,0.0032766595595143,206.88693237304688,222.362548828125,47.211185455322266,106.37832641601562,68.31736755371094,102.91178894042969,0.6926018595695496,10.065156936645508,0.4840862452983856,"693,4610,2099,3388,157,3931,2953,2950,4373,2428,2797,2657,4436,1031,1824,415",484.7796936035156,,,,,0
20,v_proj,gptq,1024,5120,0,0.0019641876220703124,0.001445770263671875,2.3093603781117724,0.0012888832717100947,111.79376983642578,113.39244079589844,18.0862979888916,41.670928955078125,22.84044075012207,39.541160583496094,0.6926018595695496,2.2985100746154785,0.2629924714565277,"693,4610,2099,157,3388,2657,2953,3931,2950,2428,2797,4373,415,4436,1031,1824",484.7796936035156,,,,,0
20,o_proj,gptq,5120,5120,0,0.00198760986328125,0.0014401626586914061,25.462756640961743,0.002765083117871363,614.3098754882812,527.3201904296875,20.415225982666016,40.599945068359375,27.899457931518555,43.62248229980469,0.8169840574264526,25.471351623535156,0.09898658841848373,"4395,3861,1034,3989,4117,906,1162,650,778,3070,3643,3387,3259,4245,3515,4352",89.45092010498047,,,,,0
20,gate_proj,gptq,13824,5120,0,0.001972000687210648,0.0014747902199074073,67.74339258668442,0.0022859905625399763,1824.98583984375,1811.447998046875,224.5188446044922,366.1944580078125,327.65850830078125,394.5639343261719,0.5837451815605164,67.55284118652344,0.23546059429645538,"4610,11,2950,2099,4020,655,4938,228,3593,2657,3553,693,2710,2468,1093,1466",114.14684295654297,,,,,0
20,up_proj,gptq,13824,5120,0,0.0019819471571180555,0.001507709644458912,68.09779797042495,0.002078060466680985,2008.8760986328125,2000.7509765625,245.48516845703125,389.83660888671875,351.73760986328125,426.49993896484375,0.5837451815605164,67.83770751953125,0.16762733459472656,"4610,11,2950,2099,655,4020,4938,228,3593,2657,693,3553,2710,2468,1093,1466",114.14684295654297,,,,,0
20,down_proj,gptq,5120,13824,0,0.0019698107684100116,0.001514576099537037,88.32010144794549,0.002776252312045863,2109.343017578125,2045.251220703125,55.97296905517578,79.67616271972656,85.05574035644531,92.3176498413086,0.1924559324979782,88.15949249267578,0.17513775825500488,"9651,10156,5069,12363,12630,13304,7472,4985,10482,13708,500,9022,6379,3327,6768,13740",76.01660919189453,,,,,0
21,q_proj,gptq,5120,5120,0,0.0019775390625,0.0014807510375976563,28.663230665309417,0.002334112947026921,750.2164306640625,750.59033203125,137.05393981933594,293.7085266113281,194.86453247070312,290.418701171875,0.7075128555297852,28.484127044677734,0.5055935382843018,"693,2099,157,3388,4610,2953,2657,3931,4344,228,1031,4373,2428,28,2797,2950",630.6290893554688,,,,,0
21,k_proj,gptq,1024,5120,0,0.0019781112670898436,0.001468658447265625,8.710957877880608,0.0025333303608282556,217.46627807617188,217.95590209960938,40.54225158691406,93.27265930175781,59.49177551269531,87.12498474121094,0.7075128555297852,8.677896499633789,0.5128220915794373,"693,2099,157,4610,3388,2657,2953,3931,228,1031,4344,2950,2428,4373,2797,1824",630.6290893554688,,,,,0
21,v_proj,gptq,1024,5120,0,0.0019826889038085938,0.0014326095581054688,2.8053224387383446,0.001610296489144697,106.50819396972656,105.71363067626953,17.78988265991211,35.02252197265625,23.479881286621094,34.74268341064453,0.7075128555297852,2.786656379699707,0.3377228379249573,"693,2099,157,4610,3388,2953,2657,3931,228,1031,2797,4373,4344,2428,2950,28",630.6290893554688,,,,,0
21,o_proj,gptq,5120,5120,0,0.0020018768310546874,0.0014491653442382812,25.94045116280904,0.00279153416347328,592.0926513671875,532.8709716796875,19.499465942382812,44.589683532714844,33.12294006347656,55.344390869140625,0.7808803915977478,25.952136993408203,0.08326465636491776,"3258,4115,3987,4243,3642,3514,3770,4371,3859,3678,2272,3076,2528,4113,2400,3386",40.907230377197266,,,,,0
21,gate_proj,gptq,13824,5120,0,0.001986779106987847,0.0014860930266203704,66.01619149647922,0.0022700892813212453,1787.220703125,1784.270263671875,222.4711456298828,364.26861572265625,334.5826721191406,405.50006103515625,0.5712957978248596,65.78358459472656,0.23956674337387085,"11,4610,2950,2099,655,4020,4938,228,3593,693,3553,2710,2468,1307,3931,2657",85.814697265625,,,,,0
21,up_proj,gptq,13824,5120,0,0.0019794464111328124,0.001503894947193287,67.20245977842387,0.0020648228906290163,1981.893310546875,1981.170654296875,245.05294799804688,390.8435363769531,360.12896728515625,441.220458984375,0.5712957978248596,66.86982727050781,0.1700090914964676,"11,2950,4610,2099,655,4020,4938,228,3593,693,3553,2710,2468,3931,1466,1093",85.814697265625,,,,,0
21,down_proj,gptq,5120,13824,0,0.0019648940474898727,0.0015144206859447338,81.94819458153506,0.0025879420074747636,2089.413818359375,2024.0477294921875,51.22502899169922,72.90379333496094,77.22466278076172,84.34004974365234,0.3269447088241577,81.77107238769531,0.09070810675621033,"11493,2872,10710,7415,13753,12382,4500,9477,583,949,10985,7512,9638,8172,7825,13754",81.12309265136719,,,,,0
22,q_proj,gptq,5120,5120,0,0.0019718170166015624,0.0014707183837890626,28.835007447267202,0.0024683519145058653,712.727783203125,706.9508056640625,151.92074584960938,312.69879150390625,225.6204833984375,342.46893310546875,0.6970517635345459,28.636707305908203,0.5127878785133362,"693,2099,157,3388,2953,4610,3931,2428,4344,1824,2657,1031,28,3799,2797,228",501.4404602050781,,,,,0
22,k_proj,gptq,1024,5120,0,0.0019855499267578125,0.001477813720703125,10.043824613710518,0.0033003065228813934,199.59942626953125,201.42977905273438,45.595829010009766,98.6673583984375,73.38377380371094,111.17378997802734,0.6970517635345459,10.027883529663086,0.5797790884971619,"693,2099,157,3388,2953,4610,3931,2428,1824,2657,4344,1031,28,3799,2797,228",501.4404602050781,,,,,0
22,v_proj,gptq,1024,5120,0,0.0019830703735351563,0.001470184326171875,3.2764078650590784,0.001670650069667482,135.0032958984375,135.99032592773438,25.752071380615234,44.748382568359375,32.634788513183594,46.688514709472656,0.6970517635345459,3.246053695678711,0.25256651639938354,"693,157,2099,3388,4610,2953,2428,3931,1824,2657,1031,3799,4344,2797,28,228",501.4404602050781,,,,,0
22,o_proj,gptq,5120,5120,0,0.0019826507568359375,0.0014687347412109374,30.501032680476783,0.00304427573943007,671.69775390625,574.037109375,23.24225616455078,45.47915267944336,36.82728958129883,51.427608489990234,0.7108963131904602,30.444608688354492,0.072280652821064,"4966,5094,4710,4838,3937,2557,4667,2173,2301,627,4449,371,115,2045,4582,4321",29.125070571899414,,,,,0
22,gate_proj,gptq,13824,5120,0,0.00198094403302228,0.0014710744222005208,65.62096528845424,0.002268962481998361,1784.181884765625,1783.2474365234375,221.78045654296875,361.8456726074219,335.59613037109375,407.51202392578125,0.5294100046157837,65.36772155761719,0.23758511245250702,"11,2950,4610,655,4938,4020,2099,3593,228,2468,3553,2710,1307,1466,693,3850",72.12709045410156,,,,,0
22,up_proj,gptq,13824,5120,0,0.0019747840033637154,0.0014998118082682292,67.46258568396601,0.002063053341717778,1996.611328125,1993.30712890625,246.65025329589844,390.73907470703125,365.4907531738281,446.4939270019531,0.5294100046157837,67.20491027832031,0.1718481332063675,"11,2950,4610,655,2099,4938,4020,3593,228,2468,3553,2710,1466,1307,693,3931",72.12709045410156,,,,,0
22,down_proj,gptq,5120,13824,0,0.00195770263671875,0.0015150705973307292,57.00274354708381,0.001799554578411361,2079.83740234375,2041.80419921875,59.952903747558594,108.32418823242188,79.96083068847656,153.3367462158203,0.9981440901756287,59.82255554199219,0.32137128710746765,"11214,13790,8083,8269,2526,12207,2955,13173,11892,3109,3589,8928,6278,3487,4840,154",5193.0771484375,,,,,0
23,q_proj,gptq,5120,5120,0,0.001977806091308594,0.001474456787109375,29.66000474312754,0.002654449035311257,689.470703125,691.260009765625,152.20669555664062,289.515625,221.9740753173828,307.45709228515625,0.6635393500328064,29.492273330688477,0.48931318521499634,"693,2099,157,3388,2953,4344,3931,1824,1031,4610,28,2428,2657,3799,1754,2797",442.2525939941406,,,,,0
23,k_proj,gptq,1024,5120,0,0.0019559860229492188,0.0014484405517578125,9.020418849019643,0.0031441625338707933,183.06024169921875,184.9358367919922,41.747047424316406,86.991455078125,63.095245361328125,94.26586151123047,0.6635393500328064,8.959155082702637,0.5425829887390137,"693,2099,157,3388,2953,1824,4344,4610,3931,1031,2428,28,2657,3799,228,1754",442.2525939941406,,,,,0
23,v_proj,gptq,1024,5120,0,0.0019420623779296876,0.0014617919921875,3.551889313364839,0.0016612595470691673,131.50637817382812,132.49818420410156,25.90933609008789,43.622581481933594,33.25502395629883,44.487327575683594,0.6635393500328064,3.5168933868408203,0.26135504245758057,"693,157,2099,2953,3388,3931,1824,4344,4610,1031,2428,3799,2657,28,4373,2797",442.2525939941406,,,,,0
23,o_proj,gptq,5120,5120,0,0.001988525390625,0.0014679336547851563,33.71220051923996,0.0031607994006519055,719.0360107421875,614.59375,25.910499572753906,55.47663116455078,46.387123107910156,61.575782775878906,0.6047574281692505,33.639930725097656,0.07893507182598114,"3807,3679,3551,778,1034,650,1162,3750,4477,2758,1276,3299,3251,3811,2886,3763",25.155996322631836,,,,,0
23,gate_proj,gptq,13824,5120,0,0.0019801245795355903,0.0014815012613932292,71.47682398051916,0.0023817372702723562,1888.464111328125,1878.109619140625,235.73948669433594,389.0791015625,355.5871887207031,427.2455139160156,0.5634440183639526,70.59051513671875,0.24952904880046844,"11,2950,655,4938,4610,4020,2099,3593,228,2468,3553,2710,1466,1145,4675,2896",87.66984558105469,,,,,0
23,up_proj,gptq,13824,5120,0,0.001976592452437789,0.0015005888762297454,68.69109284160254,0.0021164068516111305,2011.183837890625,1999.302001953125,248.98020935058594,401.9842529296875,369.6070556640625,449.9272155761719,0.5634440183639526,68.22571563720703,0.17857107520103455,"11,2950,655,4938,4610,4020,2099,3593,228,3553,2468,2710,1466,1145,1093,3850",87.66984558105469,,,,,0
23,down_proj,gptq,5120,13824,0,0.0019707573784722224,0.001514576099537037,87.79111038039264,0.0027863702952357285,2098.2646484375,2034.818359375,56.25851821899414,89.15243530273438,87.04338073730469,109.23092651367188,0.7177487015724182,87.19691467285156,0.15290209650993347,"7833,9808,11335,8734,8095,8482,9651,6620,4742,10161,7254,6962,12845,11813,10013,8616",691.6424560546875,,,,,0
24,q_proj,gptq,5120,5120,0,0.0019802093505859376,0.001465606689453125,31.10393172491814,0.0025929848272375675,754.4041137695312,774.5968017578125,171.64537048339844,351.5466613769531,243.704345703125,371.58367919921875,0.6635860800743103,30.283546447753906,0.46890705823898315,"693,2099,157,2953,3388,4344,1031,3931,1824,2428,28,4610,3799,2657,2673,2797",545.8491821289062,,,,,0
24,k_proj,gptq,1024,5120,0,0.0019916534423828126,0.0014812469482421875,12.402087215372134,0.0037831823219675593,220.9049072265625,231.1263885498047,56.10469436645508,118.44198608398438,83.92585754394531,128.3446502685547,0.6635860800743103,11.634221076965332,0.5495377779006958,"693,2099,157,2953,3388,1824,3931,2428,1031,4344,28,4610,3799,2797,2657,2950",545.8491821289062,,,,,0
24,v_proj,gptq,1024,5120,0,0.0019865036010742188,0.0014642715454101563,2.8282638433339278,0.0015385908084995755,113.91172790527344,114.9853515625,21.957969665527344,41.56430435180664,27.988107681274414,41.78956985473633,0.6635860800743103,2.796767234802246,0.2957809567451477,"693,2099,157,2953,3388,1824,1031,4344,3931,28,4610,3799,2428,2657,2673,1754",545.8491821289062,,,,,0
24,o_proj,gptq,5120,5120,0,0.001992149353027344,0.0014758682250976562,28.864342353530446,0.00296762366602059,642.3065795898438,562.005615234375,24.334074020385742,53.0424690246582,37.325462341308594,57.32390594482422,0.6988303661346436,28.55316734313965,0.08055385947227478,"2786,4552,2027,2658,154,1133,749,282,404,3699,3443,2488,1261,2546,3042,538",27.879526138305664,,,,,0
24,gate_proj,gptq,13824,5120,0,0.001980675591362847,0.0014791841860170717,70.72906566049028,0.002338108359479187,1856.3499755859375,1854.10791015625,226.89305114746094,370.0281982421875,338.8182067871094,406.24212646484375,0.5163112282752991,70.21864318847656,0.21298222243785858,"11,2950,4938,655,2099,4610,4020,2710,3593,228,3553,2468,1466,693,3931,1567",99.45917510986328,,,,,0
24,up_proj,gptq,13824,5120,0,0.001979050812897859,0.0015085008409288195,70.71690748898413,0.0021759954687031063,1989.0703125,1985.776611328125,242.16531372070312,386.00714111328125,358.83062744140625,431.85540771484375,0.5163112282752991,70.33013916015625,0.1601877361536026,"11,2950,4938,655,2099,4610,4020,3593,2710,3553,228,2468,693,3931,1466,1567",99.45917510986328,,,,,0
24,down_proj,gptq,5120,13824,0,0.0019646538628472223,0.0015108885588469329,80.46929629301303,0.0025517951882402354,2020.6953125,1957.0732421875,50.85780334472656,76.21949768066406,95.04733276367188,107.69706726074219,0.09418382495641708,80.25291442871094,0.09703163057565689,"11501,4504,1769,9601,2497,13682,6878,12522,7491,12333,7824,5243,10250,2065,9653,3372",232.34243774414062,,,,,0
25,q_proj,gptq,5120,5120,0,0.001979217529296875,0.0014714813232421875,31.35678275888295,0.002756674795640136,715.3753662109375,721.8294067382812,195.43707275390625,399.19158935546875,299.3809814453125,458.76104736328125,0.6727616786956787,31.00478744506836,0.5220661163330078,"693,2099,157,3388,2953,1031,1824,28,4344,3931,2428,3799,4610,228,2657,1754",480.2796936035156,,,,,0
25,k_proj,gptq,1024,5120,0,0.0019481658935546875,0.0014627456665039062,9.976317132739652,0.003358926072028116,198.48773193359375,202.40200805664062,56.697052001953125,122.52909851074219,89.32223510742188,133.60899353027344,0.6727616786956787,9.943300247192383,0.5738967061042786,"693,2099,157,3388,1824,1031,2953,4344,28,3931,2428,4610,3799,228,2657,2673",480.2796936035156,,,,,0
25,v_proj,gptq,1024,5120,0,0.001963043212890625,0.0014207839965820312,3.4546231195469383,0.0020448608225730027,122.43653869628906,123.10472106933594,29.5615177154541,53.955230712890625,39.9483528137207,55.41997528076172,0.6727616786956787,3.36144757270813,0.3246241509914398,"693,2099,157,1824,1031,4610,2953,3388,3799,2428,3931,28,2797,4344,2657,228",480.2796936035156,,,,,0
25,o_proj,gptq,5120,5120,0,0.00200592041015625,0.0014675521850585937,28.678354713238157,0.003010324661951202,662.9505004882812,549.4004516601562,19.171154022216797,41.60737609863281,25.38272476196289,37.87352752685547,0.8099464774131775,28.649288177490234,0.08263374865055084,"2967,2583,2325,2839,3095,2453,1941,2197,2069,3994,1053,4122,3866,797,4250,925",43.11145782470703,,,,,0
25,gate_proj,gptq,13824,5120,0,0.001975236115632234,0.0014686301902488426,67.72549941965599,0.0023068225769642937,1811.525634765625,1798.580322265625,223.57595825195312,358.6124267578125,339.7883605957031,410.57513427734375,0.5204501748085022,67.41740417480469,0.21152827143669128,"11,2950,4938,655,4610,4020,2710,2099,3593,3553,228,2468,1093,1567,1466,4675",104.30511474609375,,,,,0
25,up_proj,gptq,13824,5120,0,0.001977524933991609,0.0015097017641420717,70.02028753471268,0.002130714709342919,2008.57861328125,1993.7059326171875,246.74900817871094,387.04901123046875,368.54010009765625,450.1920166015625,0.5204501748085022,69.82414245605469,0.15908072888851166,"11,2950,4938,655,4610,2099,4020,2710,3593,3553,228,2468,1093,1567,1466,4675",104.30511474609375,,,,,0
25,down_proj,gptq,5120,13824,0,0.001969471684208623,0.0015123861807364006,78.20298489053152,0.002473191291185574,2023.08056640625,1962.759033203125,54.09019088745117,76.50828552246094,99.31634521484375,105.40052795410156,0.20283935964107513,77.90542602539062,0.09675110876560211,"9569,6785,8438,5616,1267,3979,11641,2182,8292,10947,9440,4788,4766,10483,4876,11856",99.54177856445312,,,,,0
26,q_proj,gptq,5120,5120,0,0.0019692230224609376,0.00146514892578125,30.550838603957345,0.0025907548164108922,761.8446044921875,760.177978515625,168.0819549560547,338.35504150390625,264.72698974609375,387.19189453125,0.6526669263839722,30.165712356567383,0.5268307328224182,"693,2099,157,3388,2953,228,4344,2428,3931,1031,4610,1824,28,3799,2657,2797",560.78271484375,,,,,0
26,k_proj,gptq,1024,5120,0,0.0019733428955078123,0.0014562606811523438,9.544059218323127,0.0028758446613854362,213.15359497070312,216.28411865234375,48.68513488769531,104.06314086914062,78.62010192871094,116.06196594238281,0.6526669263839722,9.504643440246582,0.5640369057655334,"693,2099,157,3388,2953,228,4610,1824,2428,3931,4344,1031,2657,3799,28,2797",560.78271484375,,,,,0
26,v_proj,gptq,1024,5120,0,0.0019731521606445312,0.0014408111572265625,2.757822275149522,0.0017235546325306268,97.33566284179688,96.71681213378906,19.64265251159668,37.99945831298828,27.89263916015625,41.29231643676758,0.6526669263839722,2.7442679405212402,0.38339394330978394,"693,2099,157,2953,3388,228,2428,3931,1824,4344,4610,1031,28,2657,3799,2797",560.78271484375,,,,,0
26,o_proj,gptq,5120,5120,0,0.0019952392578125,0.001448211669921875,25.891366209092666,0.0028509189087881416,602.1671752929688,521.9948120117188,22.463993072509766,52.30846405029297,30.800291061401367,57.64910125732422,0.8433720469474792,25.622100830078125,0.09867507219314575,"4858,5114,4602,4986,4730,4115,2820,402,1514,2692,1770,3859,1642,1140,4243,530",57.5712776184082,,,,,0
26,gate_proj,gptq,13824,5120,0,0.00197460033275463,0.0014547277379918981,66.80341281681467,0.002372400073621071,1783.6298828125,1771.4984130859375,227.29193115234375,364.23577880859375,370.4594421386719,441.4192810058594,0.5329137444496155,66.42794799804688,0.23582150042057037,"11,2950,4610,655,4938,2099,2710,4020,3593,1093,228,3553,1567,1466,3931,4675",110.10933685302734,,,,,0
26,up_proj,gptq,13824,5120,0,0.0019761968542028356,0.0015029342086226851,70.17498482618248,0.002109245246248837,2065.4111328125,2048.017578125,261.1191711425781,408.21075439453125,415.9658203125,501.7799987792969,0.5329137444496155,69.93229675292969,0.17343579232692719,"11,2950,4610,655,4938,2099,4020,2710,1093,3593,228,1567,3553,1466,3931,4794",110.10933685302734,,,,,0
26,down_proj,gptq,5120,13824,0,0.001968171861436632,0.0015174724437572338,75.90731830909499,0.002376241815535736,2088.785888671875,2032.7554931640625,59.490875244140625,83.60214233398438,107.30479431152344,123.32831573486328,0.4988451600074768,75.60380554199219,0.12309294939041138,"10212,2641,1326,11593,10013,9278,8577,6730,2804,1327,5513,9900,6084,8887,13711,10445",424.11602783203125,,,,,0
27,q_proj,gptq,5120,5120,0,0.0019694137573242187,0.001480255126953125,29.48332472376437,0.002498058418284691,727.2484130859375,728.0626220703125,165.1964111328125,331.17828369140625,265.7107238769531,384.5867919921875,0.6409446597099304,29.20398712158203,0.5427684783935547,"693,2099,157,3388,2953,4610,228,3931,2428,3799,1031,2657,1824,4344,28,2797",496.7766418457031,,,,,0
27,k_proj,gptq,1024,5120,0,0.001968574523925781,0.0014957427978515626,8.912782393279873,0.0026475743484672843,219.37010192871094,218.5855255126953,49.90130615234375,103.38772583007812,82.06988525390625,117.12645721435547,0.6409446597099304,8.861875534057617,0.5420957803726196,"693,2099,157,3388,2953,4610,228,3931,2428,1824,2657,1031,3799,4344,2797,28",496.7766418457031,,,,,0
27,v_proj,gptq,1024,5120,0,0.0020044326782226564,0.0014568328857421874,3.273779930416647,0.00179593933485764,115.37644958496094,116.53738403320312,24.141315460205078,43.74253845214844,36.036407470703125,49.94256591796875,0.6409446597099304,3.2404415607452393,0.3761295974254608,"693,2099,157,2953,3388,228,4610,3931,3799,2428,1824,2657,1031,2797,4373,4344",496.7766418457031,,,,,0
27,o_proj,gptq,5120,5120,0,0.001998710632324219,0.0014481735229492187,25.759435865533305,0.002740097929921457,602.8224487304688,536.44384765625,30.372663497924805,65.91555786132812,39.277259826660156,67.85943603515625,0.8644615411758423,25.78099822998047,0.08119534701108932,"3267,2943,3395,3523,970,3779,2646,2144,2356,2012,4690,714,1226,2815,1098,3651",75.5389404296875,,,,,0
27,gate_proj,gptq,13824,5120,0,0.001976846765588831,0.0014565503155743633,67.52383609431308,0.0024627944830572252,1752.8624267578125,1762.1171875,238.54318237304688,393.8280944824219,392.16552734375,480.481689453125,0.541162371635437,66.8482894897461,0.2608223557472229,"11,2950,4610,655,2710,2099,4938,1093,4020,3593,1567,228,3553,3931,1466,4373",136.25747680664062,,,,,0
27,up_proj,gptq,13824,5120,0,0.001980520177770544,0.001506183765552662,68.52049545481259,0.002069845699656296,2053.851806640625,2045.069091796875,275.8814392089844,441.4781799316406,445.16705322265625,544.7454833984375,0.541162371635437,68.09772491455078,0.18402861058712006,"11,2950,4610,655,2099,4938,1093,2710,4020,1567,3593,228,3553,3931,4794,4373",136.25747680664062,,,,,0
27,down_proj,gptq,5120,13824,0,0.0019704041657624422,0.0015209904423466435,79.31597671599593,0.002480541605070589,2132.8701171875,2085.77001953125,71.65177917480469,101.04273986816406,160.6559600830078,149.3388671875,0.8415642380714417,78.82135009765625,0.15751756727695465,"13181,5347,4185,460,8474,4235,7730,8013,3623,12846,10982,12898,9227,11201,4480,11991",313.96832275390625,,,,,0
28,q_proj,gptq,5120,5120,0,0.0019782257080078127,0.001470184326171875,29.598279545289785,0.002766153956423747,654.2286376953125,651.9463500976562,165.30474853515625,317.89349365234375,267.1334533691406,378.693115234375,0.6538472771644592,29.233278274536133,0.5612836480140686,"693,2099,157,2953,3388,3931,1824,2428,3799,1031,28,228,2657,4344,1754,2797",401.4669189453125,,,,,0
28,k_proj,gptq,1024,5120,0,0.0019517898559570312,0.0014768600463867187,8.325623616214237,0.0033208434169480815,160.3846893310547,161.17372131347656,42.0639533996582,86.14228057861328,70.42472839355469,103.45230865478516,0.6538472771644592,8.28976821899414,0.6122196316719055,"693,2099,157,3388,2953,1824,3931,2428,28,1031,3799,2657,228,4344,1754,2950",401.4669189453125,,,,,0
28,v_proj,gptq,1024,5120,0,0.0019495010375976563,0.0014537811279296876,4.150152358195802,0.001726798325922235,151.546142578125,152.5079345703125,33.95191192626953,57.156917572021484,48.617679595947266,64.59471130371094,0.6538472771644592,4.0855607986450195,0.3395531177520752,"693,157,2099,1824,2953,3799,3931,2428,1031,3388,28,2657,228,2797,4610,2950",401.4669189453125,,,,,0
28,o_proj,gptq,5120,5120,0,0.001987419128417969,0.0014737701416015624,34.009775282444025,0.003116229612818708,761.9762573242188,627.1871337890625,36.40363693237305,72.77539825439453,58.18296813964844,78.42723846435547,0.7397539615631104,33.71477508544922,0.07037682831287384,"3017,3068,818,2968,3067,1202,2978,3013,2963,3003,2991,2992,2964,1074,2979,690",34.7808837890625,,,,,0
28,gate_proj,gptq,13824,5120,0,0.0019705030653211805,0.0014724166304976851,69.70471138302673,0.0024801137615877208,1760.01953125,1820.8724365234375,239.94146728515625,422.3376770019531,400.6336669921875,495.9818115234375,0.6177981495857239,68.96609497070312,0.28573015332221985,"2950,655,4610,4938,2710,4020,2099,3593,1093,11,3553,1567,3931,1466,228,4794",159.3105010986328,,,,,0
28,up_proj,gptq,13824,5120,0,0.001982794867621528,0.0015030189796730324,70.03102474605475,0.002058336759694727,2096.17626953125,2119.79296875,280.40545654296875,476.6041259765625,455.19140625,568.6875610351562,0.6177981495857239,69.50050354003906,0.21109266579151154,"2950,4610,655,4938,4020,3593,1093,2099,2710,11,1567,3553,3931,4794,1466,228",159.3105010986328,,,,,0
28,down_proj,gptq,5120,13824,0,0.00196791754828559,0.001519846033166956,81.8670927578205,0.0025206064743991874,2165.66796875,2133.582763671875,83.30412292480469,125.9317855834961,130.72576904296875,150.64453125,0.9067396521568298,81.29039001464844,0.13265851140022278,"6193,1743,4418,1635,1596,12379,4544,5370,9215,5743,10028,13310,1791,5528,809,6290",675.4214477539062,,,,,0
29,q_proj,gptq,5120,5120,0,0.0019810104370117185,0.0014670562744140624,30.345549919992003,0.0027663212458240403,690.70703125,699.195068359375,196.3651123046875,400.16607666015625,311.8914794921875,475.9918212890625,0.6711852550506592,30.008991241455078,0.5240270495414734,"693,2099,157,3388,2953,2428,1824,3799,3931,1031,4610,28,2797,2657,4373,228",372.5614929199219,,,,,0
29,k_proj,gptq,1024,5120,0,0.0019639968872070313,0.0014570236206054687,11.782728883792391,0.004643628494384839,173.830810546875,184.65597534179688,58.53730392456055,117.80268859863281,96.56631469726562,145.1234130859375,0.6711852550506592,11.397663116455078,0.6077407598495483,"693,2099,157,1824,3388,2428,2953,3799,4610,3931,1031,2657,28,2797,228,4373",372.5614929199219,,,,,0
29,v_proj,gptq,1024,5120,0,0.001976203918457031,0.001486968994140625,3.4874682461864097,0.0015804456502087636,142.47714233398438,142.63478088378906,34.37923049926758,65.27306365966797,48.59693145751953,68.4113540649414,0.6711852550506592,3.4508581161499023,0.30759915709495544,"693,2099,157,3799,1824,2953,2428,3931,3388,4610,1031,28,2657,2797,4373,228",372.5614929199219,,,,,0
29,o_proj,gptq,5120,5120,0,0.00199371337890625,0.0014584732055664062,31.40107412073621,0.0029477905619614657,713.6112060546875,608.1412353515625,37.77400207519531,74.07176971435547,56.09429168701172,80.52760314941406,0.7127479314804077,31.384971618652344,0.06505589932203293,"1536,2866,1792,1408,2794,905,1664,2738,777,2610,452,1033,649,4104,2666,1537",29.757606506347656,,,,,0
29,gate_proj,gptq,13824,5120,0,0.0019807462339048033,0.0014666945845992476,69.71446582430144,0.002466564068961504,1751.3623046875,1800.4613037109375,248.65118408203125,443.54327392578125,408.65985107421875,507.7379150390625,0.7177294492721558,69.11227416992188,0.2746034562587738,"2950,655,4938,2710,4610,4020,3593,2099,1093,3553,1567,4794,1466,4675,3532,4373",178.8443603515625,,,,,0
29,up_proj,gptq,13824,5120,0,0.0019757164849175347,0.0014947114167390045,69.85969239575525,0.002050091431015934,2076.451904296875,2082.6064453125,290.0242919921875,491.90716552734375,463.19390869140625,574.8385009765625,0.7177294492721558,69.59233093261719,0.1993025690317154,"2950,655,4610,4938,2710,4020,3593,1093,2099,3553,1567,4794,1466,4373,11,4775",178.8443603515625,,,,,0
29,down_proj,gptq,5120,13824,0,0.00196697093822338,0.0015260484483506944,83.69341161136254,0.002562712083715346,2151.46484375,2104.48583984375,95.31676483154297,138.97259521484375,144.90585327148438,158.6167755126953,0.41335052251815796,83.09162902832031,0.11970192939043045,"6549,1810,6114,3128,11690,3958,3918,4698,278,9194,11440,13107,10797,3039,9514,9519",163.43370056152344,,,,,0
30,q_proj,gptq,5120,5120,0,0.0019858169555664064,0.0014769744873046875,28.914250856634162,0.0025741164640307977,691.7976684570312,686.3846435546875,177.59608459472656,356.51678466796875,280.41522216796875,413.5475769042969,0.6223703026771545,28.653335571289062,0.5125452876091003,"693,157,2099,3388,2953,3799,1824,3931,1031,2428,28,2657,2797,4610,1754,4344",426.01239013671875,,,,,0
30,k_proj,gptq,1024,5120,0,0.002001953125,0.0014963150024414062,9.965112376884283,0.003718342789033373,168.7215576171875,176.83389282226562,48.33237838745117,106.17646789550781,81.73710632324219,129.38087463378906,0.6223703026771545,9.944391250610352,0.6157382130622864,"693,2099,157,3388,2953,1824,3799,3931,2428,1031,28,2657,4610,2797,2950,1754",426.01239013671875,,,,,0
30,v_proj,gptq,1024,5120,0,0.0019712448120117188,0.0015153884887695312,4.160217923488525,0.0017608259861211974,158.87240600585938,164.22763061523438,36.236167907714844,65.73677062988281,51.652774810791016,70.97300720214844,0.6223703026771545,4.093216896057129,0.3048091232776642,"693,157,2099,3799,1824,2953,3931,2428,4610,2797,1031,3388,4373,2950,28,415",426.01239013671875,,,,,0
30,o_proj,gptq,5120,5120,0,0.0019844436645507814,0.0014788055419921876,34.54706016451382,0.003134793872941232,752.6166381835938,626.798095703125,47.93061828613281,92.2200698852539,66.04710388183594,93.86845397949219,0.7753074169158936,34.275184631347656,0.055559732019901276,"3869,2186,2314,2058,2442,3916,4125,2849,3880,3105,3940,3918,4381,3899,3756,2593",40.983741760253906,,,,,0
30,gate_proj,gptq,13824,5120,0,0.001980506049262153,0.0014650274206090856,71.18023786050924,0.002489031468997389,1748.193603515625,1804.11962890625,259.0172119140625,467.73236083984375,426.8564453125,535.41015625,0.7844199538230896,70.74337768554688,0.2815151512622833,"2950,655,4938,2710,4020,4610,3593,3553,1093,2099,1567,2468,1466,4794,3532,1307",198.269775390625,,,,,0
30,up_proj,gptq,13824,5120,0,0.001984320746527778,0.0015112841570818867,70.08171237857903,0.0020508003620513253,2054.5205078125,2064.097900390625,298.368896484375,519.177978515625,481.6916198730469,603.432373046875,0.7844199538230896,69.81736755371094,0.20498482882976532,"2950,655,4938,2710,4020,4610,3593,1093,3553,2099,1466,1567,4794,2468,3532,1307",198.269775390625,,,,,0
30,down_proj,gptq,5120,13824,0,0.001971506189416956,0.0015188429090711806,84.85950218186917,0.002585994553344451,2119.929443359375,2067.520263671875,110.17511749267578,161.08657836914062,166.38099670410156,180.94375610351562,0.4929240345954895,84.40252685546875,0.1351320445537567,"5627,5032,9289,11021,5923,3252,9109,5741,8768,5325,4875,5758,12015,1656,1023,1956",306.2747802734375,,,,,0
31,q_proj,gptq,5120,5120,0,0.0019853591918945314,0.0014737319946289062,28.56233389253339,0.0025574462451327697,687.315185546875,681.6909790039062,174.9973907470703,346.8111572265625,288.14776611328125,402.66741943359375,0.5774772763252258,28.43457794189453,0.49392232298851013,"693,2099,157,3388,2953,3931,3799,1824,2428,1031,4610,2797,28,2657,4373,1754",507.23297119140625,,,,,0
31,k_proj,gptq,1024,5120,0,0.001995086669921875,0.0014501571655273437,10.040090039226698,0.0037505252022515946,167.2648162841797,173.64144897460938,47.852149963378906,101.08087921142578,85.94939422607422,117.42758178710938,0.5774772763252258,10.00851821899414,0.597895085811615,"693,2099,157,3388,2953,1824,3931,3799,2428,4610,1031,2797,28,2657,2950,4373",507.23297119140625,,,,,0
31,v_proj,gptq,1024,5120,0,0.0019662857055664064,0.0015031814575195313,4.159775139334215,0.0016811692943309354,152.915283203125,152.363525390625,35.095970153808594,65.84162902832031,51.599517822265625,69.77159881591797,0.5774772763252258,4.156268119812012,0.3270394802093506,"693,2099,157,2953,3799,1824,3388,3931,2428,1031,4610,2797,28,2657,4373,2950",507.23297119140625,,,,,0
31,o_proj,gptq,5120,5120,0,0.0019763946533203126,0.0014809417724609376,35.21105016702495,0.003181527589933814,710.21533203125,631.0928955078125,42.463340759277344,89.19917297363281,62.56013488769531,85.61100769042969,0.6198610663414001,35.01960372924805,0.05364561080932617,"4597,4853,1421,4981,3809,4442,5109,4186,4725,1293,1549,1805,3294,3169,148,176",20.6220760345459,,,,,0
31,gate_proj,gptq,13824,5120,0,0.001976154468677662,0.0014622723614728008,74.93544616921167,0.002569190064113413,1775.919677734375,1841.68798828125,301.647216796875,567.290771484375,490.8068542480469,613.25927734375,0.804102897644043,74.20436096191406,0.29420381784439087,"655,2710,2950,4938,4020,4610,3593,3553,2468,1093,3532,1466,2896,1567,1307,4794",255.9207763671875,,,,,0
31,up_proj,gptq,13824,5120,0,0.0019785421865957755,0.0015026092529296874,70.44451198609522,0.002070729057679011,2041.5684814453125,2054.343017578125,337.8203430175781,613.0137329101562,533.6510009765625,670.2763671875,0.804102897644043,70.18522644042969,0.21036885678768158,"655,2710,2950,4938,4020,4610,3593,3553,1093,2468,3532,1466,1567,2896,4794,1684",255.9207763671875,,,,,0
31,down_proj,gptq,5120,13824,0,0.001969146728515625,0.001524282384801794,84.31850509308765,0.0025739121039935293,2089.767822265625,2037.5576171875,135.94654846191406,201.18673706054688,191.09518432617188,208.81900024414062,0.30730366706848145,83.89625549316406,0.12317167222499847,"5755,308,13773,6024,3369,3976,7143,3574,5511,11123,3811,6550,3443,520,3865,9938",114.91806030273438,,,,,0
32,q_proj,gptq,5120,5120,0,0.001967048645019531,0.001471710205078125,25.45530619805868,0.0022637674052210775,686.98583984375,689.3281860351562,191.99208068847656,409.5810852050781,306.42578125,464.918701171875,0.5791887640953064,25.18543243408203,0.42639026045799255,"693,2099,157,3931,3388,2953,3799,4610,2428,1824,2797,1031,4373,2657,2950,28",380.9705810546875,,,,,0
32,k_proj,gptq,1024,5120,0,0.0019750595092773438,0.00146636962890625,9.368891545964289,0.0038095753140054383,156.7625274658203,165.0245361328125,53.8343505859375,107.45884704589844,92.29430389404297,124.38981628417969,0.5791887640953064,9.323379516601562,0.5221405625343323,"693,2099,157,3931,3388,3799,2953,4610,1824,2428,2797,1031,4436,4373,2657,4794",380.9705810546875,,,,,0
32,v_proj,gptq,1024,5120,0,0.001964569091796875,0.0014852523803710938,6.775231001423208,0.002791565212711926,156.45291137695312,183.4734344482422,49.812461853027344,93.83094787597656,75.21671295166016,98.99476623535156,0.5791887640953064,6.638235092163086,0.30564144253730774,"4610,3799,4436,2099,2428,3931,4373,693,4794,2797,1093,157,415,2950,1824,4517",380.9705810546875,,,,,0
32,o_proj,gptq,5120,5120,0,0.002013053894042969,0.0014755630493164063,33.40556365728844,0.002930166263888733,722.253173828125,648.198486328125,39.03825378417969,72.63459777832031,62.639076232910156,83.20083618164062,0.685178279876709,33.39801025390625,0.07791532576084137,"3207,3022,3591,3335,3719,37,421,165,3463,2894,293,1183,799,927,671,549",40.104583740234375,,,,,0
32,gate_proj,gptq,13824,5120,0,0.001978739985713252,0.0014707635950159143,75.35692147699346,0.0025343368231884296,1803.8369140625,1844.380859375,331.75244140625,601.632080078125,540.2034912109375,653.7720947265625,0.7897768616676331,74.8450698852539,0.2743813693523407,"2710,655,4938,2950,4020,3553,3593,4610,2468,1093,2896,1466,3286,3532,1567,1307",261.18841552734375,,,,,0
32,up_proj,gptq,13824,5120,0,0.001983388264973958,0.0015128806785300927,71.15039072261048,0.0021109660394580437,2016.746826171875,2009.15625,364.41943359375,637.3507690429688,576.3296508789062,701.8213500976562,0.7897768616676331,70.99458312988281,0.2019350528717041,"2710,655,4938,2950,4020,3553,4610,3593,1093,2468,1466,2896,1567,3286,4794,1307",261.18841552734375,,,,,0
32,down_proj,gptq,5120,13824,0,0.0019721702293113426,0.0015177691424334491,79.8049780275287,0.0024435758648361024,2054.392578125,1990.9722900390625,155.7691650390625,223.25527954101562,219.2491455078125,236.8017578125,0.37480729818344116,79.46322631835938,0.1072923094034195,"3826,3349,6028,12830,6267,3643,11443,13555,6293,871,3594,5043,13520,9559,13129,8477",148.37750244140625,,,,,0
33,q_proj,gptq,5120,5120,0,0.0019797134399414064,0.001461334228515625,26.667775858613822,0.0024598173462713883,666.7647705078125,664.0772705078125,203.22702026367188,402.9630432128906,332.422119140625,456.9019775390625,0.5682481527328491,26.46880531311035,0.44951510429382324,"693,2099,157,3931,2953,3388,3799,2428,1824,4610,4373,1031,2797,28,2657,2950",423.9685363769531,,,,,0
33,k_proj,gptq,1024,5120,0,0.001970863342285156,0.0014669418334960938,9.43172072836387,0.0038575652754351724,152.09747314453125,157.43382263183594,54.242095947265625,107.17085266113281,93.37895202636719,125.27369689941406,0.5682481527328491,9.416866302490234,0.5612937211990356,"693,2099,157,2953,3931,3799,3388,1824,2428,4610,2797,4373,2950,28,4794,1031",423.9685363769531,,,,,0
33,v_proj,gptq,1024,5120,0,0.0019863128662109377,0.0014799118041992187,4.96977646008861,0.0019074386531237272,161.61807250976562,163.03221130371094,46.292015075683594,85.36158752441406,68.82769775390625,91.99331665039062,0.5682481527328491,4.95627498626709,0.27664753794670105,"693,2099,157,3931,3799,1824,2953,2428,4610,4373,3388,2797,2950,1031,28,4436",423.9685363769531,,,,,0
33,o_proj,gptq,5120,5120,0,0.00200164794921875,0.00149261474609375,32.99939315661322,0.0029142522589382085,721.4259033203125,641.683837890625,46.808799743652344,90.73412322998047,67.65646362304688,92.18434143066406,0.7688859701156616,32.99900817871094,0.06337516754865646,"924,668,1180,970,1052,2996,2612,1226,174,3124,714,796,907,1098,558,381",25.976755142211914,,,,,0
33,gate_proj,gptq,13824,5120,0,0.0019842924895109955,0.0014719645182291667,79.45425727219367,0.002637608501443672,1826.411376953125,1889.872314453125,410.5697021484375,773.383056640625,660.217041015625,812.242919921875,0.8122735023498535,78.68971252441406,0.3172658085823059,"2710,655,4938,2950,4020,3553,2468,3593,4610,1093,2896,3532,1567,1466,3286,1307",295.40411376953125,,,,,0
33,up_proj,gptq,13824,5120,0,0.001981240731698495,0.0015054773401331019,71.16240708494786,0.0021043064219740362,2018.1292724609375,2027.298095703125,440.622314453125,803.4462280273438,680.30859375,860.8260498046875,0.8122735023498535,70.82647705078125,0.23049956560134888,"2710,655,4938,2950,4020,3553,4610,3593,2468,1093,2896,1466,3532,1567,3286,4794",295.40411376953125,,,,,0
33,down_proj,gptq,5120,13824,0,0.0019671546088324654,0.0015178962990089698,82.49401049403423,0.0025281216112956776,2063.1044921875,2016.489990234375,227.07342529296875,340.16552734375,312.6296691894531,350.19140625,0.5277872681617737,81.8052978515625,0.15284337103366852,"6192,8020,5257,2685,1439,9456,6033,3237,8618,4698,11370,4902,10431,8161,10304,3255",183.46517944335938,,,,,0
34,q_proj,gptq,5120,5120,0,0.0019667434692382814,0.0014646148681640625,24.828410181006234,0.0023567633832060645,642.25048828125,647.9856567382812,223.42491149902344,465.20501708984375,364.97491455078125,530.2877197265625,0.5736839175224304,24.650299072265625,0.4406503736972809,"693,2099,157,3931,3799,2953,2428,3388,1824,4610,4373,1031,2797,28,2657,4794",391.19158935546875,,,,,0
34,k_proj,gptq,1024,5120,0,0.0019903182983398438,0.001480865478515625,8.571565989434907,0.00392543461398815,135.21176147460938,138.8337860107422,57.55183410644531,111.62890625,103.57095336914062,127.95277404785156,0.5736839175224304,8.506728172302246,0.5294875502586365,"693,2099,3931,157,3799,2953,2428,1824,3388,4610,4373,4794,28,4436,2797,2950",391.19158935546875,,,,,0
34,v_proj,gptq,1024,5120,0,0.0019863128662109377,0.0015096664428710938,6.499588347307343,0.0025616657684845,160.29893493652344,172.443115234375,59.306488037109375,112.05982971191406,89.16336059570312,120.75830078125,0.5736839175224304,6.449270725250244,0.30562299489974976,"693,2099,3799,3931,1824,157,2428,4610,2953,3388,4373,4436,2797,4794,2657,2950",391.19158935546875,,,,,0
34,o_proj,gptq,5120,5120,0,0.001996002197265625,0.0014980316162109375,32.21419492705536,0.0028430613362506315,720.7252197265625,645.6344604492188,42.65107345581055,86.22093200683594,86.40512084960938,108.02501678466797,0.4274223744869232,32.15933609008789,0.06338317692279816,"1894,5051,4667,4539,4795,4923,1510,2329,926,2073,2457,3924,3370,2201,1945,3754",26.613296508789062,,,,,0
34,gate_proj,gptq,13824,5120,0,0.0019810994466145835,0.0014791418004918983,81.17669556665282,0.0026346650446811798,1861.0589599609375,1905.7125244140625,494.47467041015625,940.4815673828125,791.3130493164062,962.3907470703125,0.7915260791778564,80.51375579833984,0.31805169582366943,"2710,4938,655,2950,4020,2468,3553,2896,3593,3286,4610,1145,3532,1684,1567,1307",356.9755554199219,,,,,0
34,up_proj,gptq,13824,5120,0,0.0019773553918909143,0.0015175289577907987,69.67228207642529,0.0020769457816873136,1991.5330810546875,1994.070068359375,513.6243286132812,954.2886962890625,790.7978515625,988.044189453125,0.7915260791778564,69.41071319580078,0.22187672555446625,"2710,4938,655,2950,4020,3553,2468,2896,3593,3286,4610,1145,3532,1684,1567,1307",356.9755554199219,,,,,0
34,down_proj,gptq,5120,13824,0,0.0019697683828848378,0.0015213153980396413,86.42150254015678,0.002648782397742675,2040.391845703125,1991.215087890625,282.95819091796875,430.3751220703125,390.1940002441406,420.8382873535156,0.2652323544025421,85.87942504882812,0.1780969798564911,"4352,9804,2751,3491,11994,10456,8897,1990,2329,9972,5814,12179,4107,8317,5920,3549",57.53361129760742,,,,,0
35,q_proj,gptq,5120,5120,0,0.0019718170166015624,0.0014872360229492188,25.857159778519417,0.002299939709420448,678.3456420898438,681.54150390625,210.97994995117188,467.89892578125,344.2624206542969,497.8008728027344,0.5726532340049744,25.617225646972656,0.43401405215263367,"2099,693,157,3931,4610,3799,3388,2428,2953,4373,1824,2950,4794,4436,2797,1093",479.91485595703125,,,,,0
35,k_proj,gptq,1024,5120,0,0.0019817352294921875,0.0014995574951171876,8.397779480175814,0.003334574016553205,155.07467651367188,163.75613403320312,56.722164154052734,123.36308288574219,103.4081039428711,127.23968505859375,0.5726532340049744,8.376338005065918,0.5080314874649048,"2099,693,157,3931,4610,3799,2428,3388,2953,4373,1824,4436,2950,4794,2797,1567",479.91485595703125,,,,,0
35,v_proj,gptq,1024,5120,0,0.002000236511230469,0.0014921188354492187,6.819466073119656,0.0026280518611184185,161.14337158203125,176.65621948242188,54.16963195800781,107.24111938476562,83.93667602539062,111.64883422851562,0.5726532340049744,6.680973529815674,0.3829984962940216,"2099,693,157,3799,4610,3931,2428,4373,2953,1824,4794,4436,2797,2950,3388,1093",479.91485595703125,,,,,0
35,o_proj,gptq,5120,5120,0,0.001998138427734375,0.001466217041015625,35.885020945977885,0.0031877662553305183,736.62158203125,641.412109375,75.37966918945312,143.8660430908203,120.92849731445312,164.24192810058594,0.7437781095504761,35.71372604370117,0.0727662667632103,"4124,4252,3868,3996,1313,501,629,519,2288,548,4380,2032,391,2160,2544,1384",48.96807098388672,,,,,0
35,gate_proj,gptq,13824,5120,0,0.0019886016845703123,0.001481557775426794,81.90417971710087,0.002596550679506901,1901.472412109375,1934.6083984375,574.32763671875,1094.51708984375,887.2998046875,1093.45458984375,0.7726882696151733,81.33111572265625,0.29553329944610596,"2710,4938,655,2950,4020,2896,2468,3553,3593,3286,4610,1307,1684,1145,3532,315",383.1990051269531,,,,,0
35,up_proj,gptq,13824,5120,0,0.0019873583758318867,0.001509786535192419,70.4609168591291,0.0021096884782808396,1983.781005859375,1978.981201171875,583.593017578125,1089.655517578125,874.0615234375,1093.26025390625,0.7726882696151733,70.25285339355469,0.21050216257572174,"2710,4938,655,2950,4020,3553,2896,3593,2468,3286,4610,1684,1145,1307,3532,315",383.1990051269531,,,,,0
35,down_proj,gptq,5120,13824,0,0.001963664867259838,0.0015175289577907987,85.00707287756768,0.0026067811706225502,2032.36962890625,1981.135009765625,353.7248229980469,536.623046875,405.76336669921875,454.53924560546875,0.8971046805381775,84.46395874023438,0.17533165216445923,"8724,335,10685,11644,12482,27,13806,11108,51,11213,12221,8977,11832,4201,4540,1942",339.8325500488281,,,,,0
36,q_proj,gptq,5120,5120,0,0.0019902420043945313,0.00148101806640625,24.51598946684271,0.0024142843431551562,618.759033203125,615.0770263671875,260.34326171875,536.7235107421875,412.576171875,569.74658203125,0.5772899985313416,24.38165283203125,0.40050071477890015,"693,2099,3931,157,3799,3388,4610,2953,2428,1824,4436,4373,4794,1031,2797,2657",372.7404479980469,,,,,0
36,k_proj,gptq,1024,5120,0,0.0020053863525390627,0.001479339599609375,7.675164243684009,0.0040360631127364975,119.87396240234375,125.08297729492188,64.28277587890625,123.47454071044922,111.37848663330078,127.78688049316406,0.5772899985313416,7.666076183319092,0.48345521092414856,"2099,693,3931,157,3799,2428,3388,1824,4610,2953,4436,4794,2797,1031,2657,2950",372.7404479980469,,,,,0
36,v_proj,gptq,1024,5120,0,0.0019617080688476562,0.0014795303344726563,9.828513316021542,0.0032100899614514364,191.593017578125,231.43673706054688,97.06717681884766,180.42010498046875,136.75677490234375,181.65097045898438,0.5772899985313416,9.516636848449707,0.32312604784965515,"4610,693,3799,3931,157,4436,2428,2099,1824,4794,4373,415,2953,2797,1093,4517",372.7404479980469,,,,,0
36,o_proj,gptq,5120,5120,0,0.0020026016235351564,0.001487579345703125,35.52537684276467,0.002827290685900071,834.550537109375,710.8814697265625,61.122703552246094,116.26483154296875,151.68899536132812,185.84100341796875,0.45197921991348267,35.459537506103516,0.05167204141616821,"279,23,927,151,799,2788,407,535,1183,3878,726,3044,4134,4158,4006,4030",45.68110275268555,,,,,0
36,gate_proj,gptq,13824,5120,0,0.001973611337167245,0.0014677824797453703,80.45035898713684,0.002559560597059167,1885.8961181640625,1901.49853515625,619.0128173828125,1172.3394775390625,944.8443603515625,1141.6915283203125,0.7570670247077942,80.20030212402344,0.28526291251182556,"2710,4938,655,2950,3593,2896,4020,3553,2468,3286,1307,1684,1576,4610,1145,1567",386.06396484375,,,,,0
36,up_proj,gptq,13824,5120,0,0.0019790790699146413,0.001510549474645544,71.82029893051919,0.0021420332247302607,1986.308837890625,1967.328857421875,637.6024169921875,1182.9019775390625,946.8988037109375,1164.100830078125,0.7570670247077942,71.67769622802734,0.20845773816108704,"2710,4938,655,2950,3593,4020,2896,3553,2468,3286,1684,1307,1576,4610,1145,315",386.06396484375,,,,,0
36,down_proj,gptq,5120,13824,0,0.001972410413953993,0.0015235618308738427,84.61845547221174,0.0025723468662993652,2030.7122802734375,1976.2655029296875,432.919677734375,662.7554931640625,506.8876037597656,541.0109252929688,0.20714418590068817,84.23825073242188,0.1703682541847229,"3405,11446,8751,6475,11456,12298,1393,2540,10432,17,7842,4418,3030,411,3901,12054",115.7734603881836,,,,,0
37,q_proj,gptq,5120,5120,0,0.0019849014282226564,0.0014780426025390624,24.713218887845983,0.002297193291292902,652.312744140625,649.8731079101562,261.03643798828125,543.2725219726562,408.4866943359375,568.9766845703125,0.6039948463439941,24.489212036132812,0.35315924882888794,"693,2099,3931,157,3799,4610,3388,2953,2428,4436,1824,4373,4794,2950,1093,2797",300.3704528808594,,,,,0
37,k_proj,gptq,1024,5120,0,0.0019542694091796873,0.0014583587646484375,8.145786001125266,0.0037075359685166996,136.55227661132812,140.72341918945312,70.52995300292969,127.59577941894531,118.8191146850586,137.8902587890625,0.6039948463439941,8.107574462890625,0.4231075644493103,"693,2099,3931,4610,157,3799,3388,2428,2953,4436,1824,4794,4373,2950,1093,2797",300.3704528808594,,,,,0
37,v_proj,gptq,1024,5120,0,0.001992607116699219,0.0015035629272460937,10.002417472545318,0.003641872654826237,170.93438720703125,203.1039581298828,93.68640899658203,156.31866455078125,135.29049682617188,156.414794921875,0.6039948463439941,9.67712116241455,0.3041265308856964,"4610,4436,1093,4373,4794,3799,2099,3931,4517,2428,415,4338,2797,2245,1567,4775",300.3704528808594,,,,,0
37,o_proj,gptq,5120,5120,0,0.00199432373046875,0.0015009689331054689,34.250236905761994,0.0028569889922536547,738.9827880859375,678.2444458007812,71.79273986816406,122.78872680664062,136.592529296875,169.96560668945312,0.5351911783218384,33.8411979675293,0.08648718148469925,"1065,4630,681,937,1193,4758,5014,1089,809,4502,2958,4886,2089,2473,2964,976",42.09443283081055,,,,,0
37,gate_proj,gptq,13824,5120,0,0.001972184357819734,0.0014720775462962962,78.62395805530355,0.00248005239896717,1892.5966796875,1878.5953369140625,675.8656005859375,1257.4520263671875,1044.07275390625,1231.330322265625,0.7314805388450623,78.15901184082031,0.2722758948802948,"2710,4938,655,3593,2950,2896,4020,3553,1307,2468,3286,1684,1576,4610,1145,315",392.9953918457031,,,,,0
37,up_proj,gptq,13824,5120,0,0.001974346019603588,0.0015187863950376157,71.06857812084331,0.0021184704999726235,1983.6939697265625,1951.884033203125,696.49853515625,1287.3232421875,1046.661865234375,1265.4267578125,0.7314805388450623,70.8912124633789,0.20028471946716309,"2710,4938,655,2950,3593,2896,4020,3553,3286,1684,1307,2468,1576,4610,315,1145",392.9953918457031,,,,,0
37,down_proj,gptq,5120,13824,0,0.001960825037073206,0.001519775390625,82.58236655674591,0.002504043792046522,2016.30810546875,1957.779541015625,477.99200439453125,728.7440795898438,655.383544921875,702.6671142578125,0.03700181096792221,82.29864501953125,0.16923142969608307,"7313,9895,5307,1229,4302,1123,2927,11350,10500,4620,3172,8916,6317,7386,10016,8477",161.54591369628906,,,,,0
38,q_proj,gptq,5120,5120,0,0.001990852355957031,0.0014839553833007812,23.978575267421547,0.002254623746144328,639.319580078125,636.8765869140625,253.3584442138672,527.7969360351562,399.1244201660156,562.432373046875,0.6200845241546631,23.8072452545166,0.3700791895389557,"693,2099,3931,157,3799,4610,3388,2428,2953,4794,4373,1824,4436,415,2797,2950",313.59124755859375,,,,,0
38,k_proj,gptq,1024,5120,0,0.0019794464111328124,0.0014703750610351562,8.082963354274398,0.003937887640070705,127.63609313964844,137.3497314453125,66.73341369628906,125.35332489013672,110.97590637207031,129.9276123046875,0.6200845241546631,8.055126190185547,0.4579152762889862,"693,2099,3931,157,4610,3799,2953,3388,4436,2428,4794,1824,4373,1093,2950,415",313.59124755859375,,,,,0
38,v_proj,gptq,1024,5120,0,0.0020050048828125,0.0015172958374023438,9.80991969389288,0.003308058438598121,182.74472045898438,207.76251220703125,91.54302978515625,158.12879943847656,140.22840881347656,164.07240295410156,0.6200845241546631,9.545812606811523,0.3370211124420166,"3931,2099,693,4610,3799,4436,4794,157,4373,1093,2428,415,1824,4517,2797,2953",313.59124755859375,,,,,0
38,o_proj,gptq,5120,5120,0,0.0020098876953125,0.0014857864379882813,33.052916870015906,0.0027620715205685536,742.4689331054688,676.9439697265625,70.3636474609375,137.22195434570312,134.58657836914062,181.32791137695312,0.5854411125183105,33.02152633666992,0.06114726513624191,"1384,1512,1768,1896,1640,2383,2294,2511,4786,4444,2208,2038,2127,2080,5013,2464",34.22804260253906,,,,,0
38,gate_proj,gptq,13824,5120,0,0.0019728625262225115,0.0014819533736617476,77.36056055062716,0.0024439895458185238,1885.29296875,1855.52001953125,739.4083251953125,1369.7464599609375,1151.12158203125,1348.232421875,0.722975492477417,77.09661865234375,0.26407814025878906,"2710,4938,2896,4020,655,2950,3593,3286,3553,1684,2468,1307,1576,1145,315,3489",374.7152404785156,,,,,0
38,up_proj,gptq,13824,5120,0,0.0019818906430844906,0.0015208632857711226,71.50508933413812,0.0021150805311288207,1996.681640625,1951.162841796875,772.658203125,1408.7763671875,1170.021728515625,1394.716552734375,0.722975492477417,71.43629455566406,0.19568230211734772,"2710,4938,2896,4020,2950,655,3593,3286,1684,3553,1576,1307,2468,1145,315,3489",374.7152404785156,,,,,0
38,down_proj,gptq,5120,13824,0,0.0019555974889684607,0.0015228130199291087,82.66486387574878,0.002480666084645162,2023.2935791015625,1948.920654296875,539.7687377929688,819.8919677734375,677.7865600585938,694.447998046875,0.0894593819975853,82.36807250976562,0.16256628930568695,"11395,7584,6880,4237,6743,11727,2803,8142,3092,8203,13745,744,1021,3969,7482,10515",119.90022277832031,,,,,0
39,q_proj,gptq,5120,5120,0,0.001982078552246094,0.001471710205078125,25.948372853570618,0.0025431969753668157,618.5782470703125,619.3330078125,257.85882568359375,516.3494873046875,418.277099609375,544.483154296875,0.6178253293037415,25.734413146972656,0.37467554211616516,"693,2099,3931,157,3799,4610,2953,2428,3388,4436,1824,4373,4794,415,2797,1093",286.6717834472656,,,,,0
39,k_proj,gptq,1024,5120,0,0.0019884109497070312,0.00146942138671875,7.400017323583597,0.0036874433564578727,123.78060913085938,130.5104522705078,61.67424774169922,117.37030792236328,105.7804183959961,122.99993896484375,0.6178253293037415,7.4015398025512695,0.45042091608047485,"693,2099,3931,157,3799,2428,3388,2953,4436,4610,1824,4373,4794,415,1093,2950",286.6717834472656,,,,,0
39,v_proj,gptq,1024,5120,0,0.0020032882690429687,0.0014636993408203125,9.271920899001998,0.0026959859558005894,208.55929565429688,234.5402069091797,94.00389099121094,171.21661376953125,139.12918090820312,180.8642578125,0.6178253293037415,9.054376602172852,0.2828989326953888,"693,2099,3931,4436,3799,4794,4373,4610,1093,2428,415,157,4517,1824,2953,1567",286.6717834472656,,,,,0
39,o_proj,gptq,5120,5120,0,0.0019959259033203126,0.0015079498291015625,36.67831914682756,0.002948572558658169,780.4612426757812,704.3751831054688,93.17411804199219,168.80087280273438,193.21595764160156,260.5520324707031,0.43381384015083313,36.59257888793945,0.07530336081981659,"1176,2640,920,2792,2664,2768,3024,3176,3048,1048,3152,2896,1160,2920,664,1976",36.889034271240234,,,,,0
39,gate_proj,gptq,13824,5120,0,0.001985041300455729,0.0014822076868127893,76.80165974299598,0.002432378871021802,1883.8878173828125,1845.563720703125,802.911376953125,1474.246337890625,1252.12255859375,1450.74609375,0.7384403347969055,76.56678771972656,0.2510533928871155,"2710,4938,2896,4020,655,2950,3593,3286,1307,3553,1684,2468,1145,1576,3489,315",350.61395263671875,,,,,0
39,up_proj,gptq,13824,5120,0,0.001973611337167245,0.0015146326135706018,72.28333880437276,0.002123927878286682,2010.50146484375,1962.2208251953125,847.3941040039062,1537.1641845703125,1289.4697265625,1524.142333984375,0.7384403347969055,72.169921875,0.18611331284046173,"2710,4938,2896,655,4020,2950,3593,3286,3553,1307,1684,2468,1145,1576,3489,315",350.61395263671875,,,,,0
39,down_proj,gptq,5120,13824,0,0.001970686735930266,0.001530866269712095,83.47895054266155,0.0024899941496623525,2027.3028564453125,1952.2982177734375,641.799072265625,983.47314453125,773.3016967773438,801.095703125,0.34619152545928955,83.10608673095703,0.16519147157669067,"12742,9456,6663,9909,12841,8467,2344,1571,1550,7190,2541,1002,12771,13674,2482,5996",125.68499755859375,,,,,0
40,q_proj,gptq,5120,5120,0,0.0019787979125976563,0.0014599227905273437,24.400228405158796,0.0025113314091875787,592.4635009765625,589.116455078125,281.1352233886719,534.1488037109375,443.9642639160156,580.0289306640625,0.6267554759979248,24.216510772705078,0.31979793310165405,"693,2099,3931,157,3799,3388,2428,2953,1824,4610,4436,4373,4794,415,2797,1093",226.63157653808594,,,,,0
40,k_proj,gptq,1024,5120,0,0.0019845962524414062,0.00147705078125,7.338180076503496,0.004168466411767981,110.82992553710938,119.31971740722656,70.37216186523438,117.72711181640625,117.9155502319336,128.03074645996094,0.6267554759979248,7.325209617614746,0.4172206521034241,"693,2099,3931,157,3799,1824,2428,3388,4436,2953,4610,4794,4373,415,1093,4517",226.63157653808594,,,,,0
40,v_proj,gptq,1024,5120,0,0.0019903182983398438,0.0015003204345703125,12.258170548274826,0.0035677028414972155,213.0046844482422,246.78378295898438,130.34799194335938,204.04119873046875,195.60462951660156,213.62562561035156,0.6267554759979248,11.849167823791504,0.30455806851387024,"3931,4436,3799,4610,4794,4373,415,2099,693,4517,2428,1093,157,2797,2245,1148",226.63157653808594,,,,,0
40,o_proj,gptq,5120,5120,0,0.0020089340209960937,0.0015186309814453126,37.6075630507994,0.002979079803068834,782.6451416015625,714.5858764648438,77.51338195800781,170.90057373046875,172.42111206054688,210.11251831054688,0.5406044721603394,37.594970703125,0.04970104992389679,"695,4137,1207,823,1079,951,4218,4265,4346,4393,4474,2835,2820,4009,2948,2692",44.32944869995117,,,,,0
40,gate_proj,gptq,13824,5120,0,0.0019808875189887155,0.0014869831226490163,77.06252395531192,0.002446595290201338,1879.595947265625,1835.583251953125,847.793212890625,1554.3172607421875,1344.458251953125,1532.8603515625,0.7123448848724365,76.88493347167969,0.24018840491771698,"2710,4938,2950,2896,4020,655,3593,3286,1307,1684,2468,3553,1145,3489,315,1576",308.5460510253906,,,,,0
40,up_proj,gptq,13824,5120,0,0.001987471403899016,0.0015249888102213541,73.36510794044443,0.0021460173730130923,2020.29150390625,1967.306396484375,902.20556640625,1644.564208984375,1387.757080078125,1625.630615234375,0.7123448848724365,73.30516052246094,0.17583361268043518,"2710,4938,2950,2896,4020,3593,655,3286,1307,1684,2468,3553,1145,1576,3489,315",308.5460510253906,,,,,0
40,down_proj,gptq,5120,13824,0,0.001968101218894676,0.0015313325104890046,83.34005410712416,0.002470697823755996,2032.8699951171875,1953.283447265625,719.5515747070312,1143.9935302734375,913.5321044921875,946.1373901367188,0.1579330712556839,82.97816467285156,0.14655156433582306,"2879,12973,5821,8058,5312,8898,4896,13668,4529,9045,1579,11743,6204,3719,13484,6526",252.69619750976562,,,,,0
41,q_proj,gptq,5120,5120,0,0.001992835998535156,0.0014498138427734375,24.954123331786832,0.0025629878608733727,594.32958984375,589.0895385742188,274.3399963378906,498.6933898925781,440.9825134277344,549.2342529296875,0.6608412265777588,24.77596092224121,0.27149122953414917,"693,3931,2099,2428,4610,3799,157,4373,3388,4794,4436,2953,1093,1824,415,1567",131.79124450683594,,,,,0
41,k_proj,gptq,1024,5120,0,0.0019842147827148437,0.0014642715454101563,6.838488245382905,0.00390007717226904,109.46009826660156,116.46585083007812,63.093841552734375,107.09403991699219,103.03340148925781,114.91384887695312,0.6608412265777588,6.825909614562988,0.3692637085914612,"693,3931,2099,4610,157,2428,3388,4373,3799,4794,4436,2953,1824,1093,415,4517",131.79124450683594,,,,,0
41,v_proj,gptq,1024,5120,0,0.0019769668579101562,0.00147857666015625,12.789088652811188,0.003459460365301376,226.76254272460938,247.88919067382812,128.00942993164062,202.46014404296875,198.87933349609375,219.13262939453125,0.6608412265777588,12.429849624633789,0.28605151176452637,"4794,4436,3799,4373,3931,1093,2428,4517,4610,415,4775,3137,1148,3903,1824,693",131.79124450683594,,,,,0
41,o_proj,gptq,5120,5120,0,0.0020045852661132813,0.0015173721313476562,33.29137537191059,0.0025555148209139788,797.2188110351562,737.54052734375,66.03643035888672,131.47569274902344,172.71392822265625,210.76031494140625,0.5711691379547119,33.22100067138672,0.08369260281324387,"4501,4629,3904,4757,860,1114,4885,5013,4160,1039,4513,783,318,832,1167,876",53.465763092041016,,,,,0
41,gate_proj,gptq,13824,5120,0,0.0019733711525245948,0.0014834509955512153,76.78686832172434,0.0024470442818201473,1876.087158203125,1821.94287109375,891.6351318359375,1597.88330078125,1438.583984375,1614.11474609375,0.6692126989364624,76.54046630859375,0.22350084781646729,"2710,4938,1307,3593,2950,655,4020,2896,3286,1684,2468,1145,3489,3553,315,1576",238.58863830566406,,,,,0
41,up_proj,gptq,13824,5120,0,0.0019772988778573495,0.001532194349500868,74.74168539087259,0.0021692969362826684,2037.1917724609375,1978.29150390625,960.6954956054688,1709.101806640625,1522.9935302734375,1748.7530517578125,0.6692126989364624,74.68052673339844,0.16387061774730682,"2710,4938,2950,1307,3593,655,2896,4020,3286,1684,1145,3553,3489,2468,315,1576",238.58863830566406,,,,,0
41,down_proj,gptq,5120,13824,0,0.0019725375705295137,0.00153468096697772,82.20344773442957,0.00241632265474026,2041.1153564453125,1959.709228515625,797.6773071289062,1231.35400390625,1006.6689453125,1028.408203125,0.5433358550071716,81.97438049316406,0.12683618068695068,"7024,181,5652,1748,9221,12191,3665,7478,12127,5112,4707,1016,6663,12743,2092,2422",296.438232421875,,,,,0
42,q_proj,gptq,5120,5120,0,0.0019755172729492188,0.0014557647705078125,24.08827244118981,0.002405586280415406,609.1953125,613.200439453125,274.3516845703125,531.1373291015625,433.91748046875,572.499755859375,0.6576261520385742,23.896047592163086,0.30300372838974,"693,3931,2099,157,3799,2428,4436,1824,4610,3388,2953,4373,415,4794,4517,2657",186.8250274658203,,,,,0
42,k_proj,gptq,1024,5120,0,0.001952362060546875,0.0014556884765625,7.281292018473206,0.004269247951300486,107.19075775146484,114.69879150390625,69.27376556396484,109.69657135009766,117.52528381347656,121.14936828613281,0.6576261520385742,7.2315754890441895,0.41657018661499023,"693,3931,2099,157,3799,1824,4436,2428,4610,3388,4373,415,4794,2953,4517,2657",186.8250274658203,,,,,0
42,v_proj,gptq,1024,5120,0,0.0019687652587890626,0.0014841079711914063,14.157147680902453,0.003975542536991128,221.8731231689453,249.95362854003906,146.76510620117188,205.14735412597656,219.57151794433594,214.9034423828125,0.6576261520385742,13.711369514465332,0.31251370906829834,"4436,3931,3799,4794,415,4373,4517,4610,2428,1093,2099,1148,2245,3903,1824,3137",186.8250274658203,,,,,0
42,o_proj,gptq,5120,5120,0,0.0019891738891601564,0.001517181396484375,34.094703544826416,0.002656974654874052,788.7828369140625,725.9287109375,74.3261489868164,172.6649169921875,177.12249755859375,216.83116149902344,0.6969180703163147,34.02637481689453,0.07576702535152435,"1801,1673,1545,1417,1289,4093,1489,4477,1131,1502,1516,1526,1427,1458,1487,1527",83.4933090209961,,,,,0
42,gate_proj,gptq,13824,5120,0,0.001984052304868345,0.0014874776204427083,76.15431319404877,0.0024435331180953,1870.201416015625,1820.796875,932.6950073242188,1663.293701171875,1519.1243896484375,1702.91015625,0.6533818244934082,75.9058837890625,0.21755950152873993,"4938,2710,3593,1307,2950,655,4020,3489,2468,3286,2862,2847,1684,315,1145,2896",176.72532653808594,,,,,0
42,up_proj,gptq,13824,5120,0,0.0019841653329354747,0.0015354297779224537,75.49656106048405,0.002169780925163164,2063.81884765625,2004.534912109375,1021.7225341796875,1811.632080078125,1635.2265625,1859.601806640625,0.6533818244934082,75.50337982177734,0.15942172706127167,"4938,2710,3593,1307,2950,655,4020,3286,3489,2862,2847,1684,2468,315,1145,2896",176.72532653808594,,,,,0
42,down_proj,gptq,5120,13824,0,0.0019782737449363427,0.0015376196967230903,84.45632018449533,0.00246065972403309,2062.294677734375,1980.1737060546875,937.1871337890625,1438.678955078125,1164.632568359375,1197.549072265625,0.20540036261081696,84.03730773925781,0.13409821689128876,"6350,11213,3570,12890,3951,9858,12964,6007,331,7609,814,123,10192,5385,10406,11843",99.58048248291016,,,,,0
43,q_proj,gptq,5120,5120,0,0.001975364685058594,0.0014498519897460937,24.250157187111316,0.002784742749909135,535.0618896484375,539.046875,304.8426208496094,538.767578125,490.2542724609375,593.5095825195312,0.6508655548095703,24.031230926513672,0.33678391575813293,"693,3931,2099,157,3799,1824,2428,4610,4436,4373,415,2953,4794,3388,4517,1093",186.17556762695312,,,,,0
43,k_proj,gptq,1024,5120,0,0.001983642578125,0.0014522552490234375,6.321555877306258,0.004554506368853788,89.03443908691406,98.05857849121094,69.40359497070312,109.15576934814453,116.2238540649414,119.80439758300781,0.6508655548095703,6.2959980964660645,0.43506091833114624,"693,3931,2099,157,3799,1824,4436,4610,2428,4373,3388,4794,2953,415,1093,4517",186.17556762695312,,,,,0
43,v_proj,gptq,1024,5120,0,0.0019804000854492187,0.001432037353515625,16.380858763432986,0.0035959396308631653,281.2420654296875,338.6239929199219,203.3164520263672,303.82012939453125,300.14715576171875,319.65087890625,0.6508655548095703,15.778623580932617,0.3167225122451782,"4436,3931,4794,4610,4517,4373,3799,1093,415,351,2245,1148,3653,993,4775,2428",186.17556762695312,,,,,0
43,o_proj,gptq,5120,5120,0,0.002002906799316406,0.0015356826782226562,42.95870569989893,0.003014599737277642,875.71630859375,809.288330078125,130.49148559570312,285.74212646484375,254.09918212890625,332.5921630859375,0.7419620156288147,42.86475372314453,0.04755613952875137,"3345,1250,866,3895,3217,4149,2614,3473,4396,3729,3601,1122,2714,3408,1510,994",54.557594299316406,,,,,0
43,gate_proj,gptq,13824,5120,0,0.001983487164532697,0.0014792407000506365,75.64173252370708,0.0024635568418321465,1852.64892578125,1801.9693603515625,1007.9222412109375,1804.137939453125,1672.517822265625,1873.6544189453125,0.6201119422912598,75.1250228881836,0.22320377826690674,"4938,1307,2710,655,2950,2862,3593,4020,2468,3286,3489,3553,295,315,2847,1684",144.2402801513672,,,,,0
43,up_proj,gptq,13824,5120,0,0.0019854792842158566,0.0015363622594762733,76.44169121934222,0.0021790413892889427,2083.00341796875,2024.7554931640625,1124.2987060546875,2004.0194091796875,1818.43603515625,2080.8720703125,0.6201119422912598,76.30805206298828,0.16649724543094635,"4938,1307,2710,655,2950,2862,3593,4020,3286,2468,3489,3553,295,1684,315,2847",144.2402801513672,,,,,0
43,down_proj,gptq,5120,13824,0,0.0019732581244574655,0.0015333246301721644,82.08717279789562,0.0023873008769809082,2067.38916015625,1990.65185546875,1167.906005859375,1890.3768310546875,1418.0994873046875,1502.7950439453125,0.3264467418193817,81.79669952392578,0.16326546669006348,"2750,5348,8463,10771,28,1439,1318,12121,4588,9256,11097,12634,3294,7077,11315,11715",212.3978271484375,,,,,0
44,q_proj,gptq,5120,5120,0,0.0019857025146484374,0.0014531707763671875,23.626896959869605,0.002817284722954483,513.4927978515625,514.22265625,295.6373291015625,521.1611328125,492.3376159667969,586.599365234375,0.6580677628517151,23.412755966186523,0.3386782109737396,"693,3931,2099,157,3799,2428,4436,1824,4610,4373,3388,2953,4794,415,1093,4517",176.1697998046875,,,,,0
44,k_proj,gptq,1024,5120,0,0.0019578933715820312,0.0014570236206054687,5.7739132262864645,0.0047014509673120935,78.54280090332031,87.1351318359375,62.016883850097656,98.9349365234375,110.21537017822266,110.6025619506836,0.6580677628517151,5.750853061676025,0.4373956620693207,"693,2099,3931,3799,157,2428,4610,1824,4436,4373,3388,2953,4794,415,1093,4517",176.1697998046875,,,,,0
44,v_proj,gptq,1024,5120,0,0.0019649505615234376,0.001434326171875,17.748822726708664,0.0036542864152803523,302.23052978515625,365.73126220703125,218.8867950439453,324.3894348144531,337.72784423828125,347.45330810546875,0.6580677628517151,17.097421646118164,0.31466051936149597,"4436,4794,3931,415,3799,4517,4373,1093,4610,3137,351,2245,1148,3903,1696,1435",176.1697998046875,,,,,0
44,o_proj,gptq,5120,5120,0,0.001999969482421875,0.0015349197387695313,44.32150047700634,0.002982471450518054,931.3760986328125,841.362060546875,191.3411865234375,387.5473937988281,441.0249938964844,565.7708129882812,0.6887789368629456,44.258026123046875,0.05149370804429054,"1406,2267,2139,135,2395,519,250,1662,2523,7,3880,634,1638,122,263,391",48.351993560791016,,,,,0
44,gate_proj,gptq,13824,5120,0,0.0019794887966579863,0.0014667510986328125,74.47775070355692,0.002464474433632724,1828.9283447265625,1781.3671875,1058.5234375,1956.68603515625,1807.2998046875,2102.705078125,0.5040097832679749,74.24198913574219,0.2561822235584259,"1307,4938,655,2950,2862,2710,3593,2468,3286,4020,295,2836,3553,958,3489,315",145.72731018066406,,,,,0
44,up_proj,gptq,13824,5120,0,0.001976422910337095,0.0015270657009548612,76.57306744320226,0.0021692063090249522,2096.044921875,2037.61572265625,1200.0938720703125,2214.7353515625,1991.178466796875,2383.48779296875,0.5040097832679749,76.4632568359375,0.19807836413383484,"1307,4938,655,2950,2862,2710,3593,2836,2468,4020,295,3286,3553,3489,315,958",145.72731018066406,,,,,0
44,down_proj,gptq,5120,13824,0,0.0019526163736979167,0.0015303435149016205,37.22020727022027,0.0010864856940449722,2016.414794921875,1991.8824462890625,2062.80419921875,5147.6181640625,2937.406982421875,8525.849609375,0.9997082948684692,35.25027084350586,0.6200687885284424,"486,263,8744,5952,10447,3317,9452,11275,10246,5537,5170,1410,12924,227,6339,12456",9761.7958984375,,,,,0
45,q_proj,gptq,5120,5120,0,0.0019774246215820313,0.0014478302001953126,23.208807064608493,0.002747107277654274,519.4515991210938,524.6968994140625,303.4312744140625,531.0416259765625,514.8775634765625,614.5068969726562,0.6800191402435303,22.98155975341797,0.2999522387981415,"693,3931,2099,3799,157,4436,4610,2428,415,1824,4373,2953,3388,4794,4517,1093",138.67724609375,,,,,0
45,k_proj,gptq,1024,5120,0,0.0019945144653320313,0.0014623641967773438,5.645858420523788,0.004719798470031515,77.25078582763672,85.97320556640625,64.62803649902344,96.3208999633789,115.0741958618164,110.71992492675781,0.6800191402435303,5.621082305908203,0.4137362241744995,"693,3931,2099,3799,157,4436,2428,4610,1824,3388,4373,415,2953,4794,4517,1093",138.67724609375,,,,,0
45,v_proj,gptq,1024,5120,0,0.001983451843261719,0.0014207839965820312,21.109041052957124,0.004159629468105734,318.7757873535156,419.5795593261719,268.2069091796875,402.0320129394531,417.37158203125,437.82098388671875,0.6800191402435303,20.236963272094727,0.311314195394516,"4436,415,4794,3931,4517,4373,4610,1093,351,3799,2245,3137,3903,1148,1738,1696",138.67724609375,,,,,0
45,o_proj,gptq,5120,5120,0,0.0019964981079101563,0.0015277862548828125,40.80922998218375,0.0027794229270054465,912.5657958984375,835.0702514648438,198.62152099609375,637.381591796875,766.0294189453125,1130.649169921875,0.6169297099113464,40.3095817565918,0.053522173315286636,"2442,3532,2058,2555,1930,1257,2529,2186,2494,2489,3890,1263,2538,2516,3836,2540",56.02406311035156,,,,,0
45,gate_proj,gptq,13824,5120,0,0.0019779205322265625,0.0014742250795717594,73.07329343807578,0.0024185622992790442,1842.86767578125,1797.16748046875,1149.645751953125,2251.1005859375,2028.841552734375,2383.433349609375,0.7618294954299927,72.6431884765625,0.27064093947410583,"1307,4938,655,2862,2836,2950,295,2468,2710,3593,958,3286,4020,3489,3553,3710",170.1095733642578,,,,,0
45,up_proj,gptq,13824,5120,0,0.0019816645869502316,0.0015223609076605903,75.31727510485689,0.0021552883406118174,2084.93798828125,2029.243408203125,1288.06201171875,2526.62353515625,2228.9404296875,2671.15869140625,0.7618294954299927,75.09715270996094,0.2234814316034317,"1307,4938,2862,655,2836,2950,295,2468,2710,3593,3286,958,4020,3489,3553,3710",170.1095733642578,,,,,0
45,down_proj,gptq,5120,13824,0,0.001970898663556134,0.0015181647406684027,47.74545568010217,0.0014417952642362707,1994.091552734375,1967.7685546875,2300.02587890625,5974.6044921875,3119.84033203125,3490.0673828125,0.054607976227998734,45.06346893310547,0.5540640354156494,"10607,7000,12337,2146,1552,12153,6142,13145,5820,11400,1115,1553,10990,2,184,9225",7666.3427734375,,,,,0
46,q_proj,gptq,5120,5120,0,0.0019863128662109377,0.001467742919921875,22.60164991719927,0.0027335754039652343,507.3809814453125,513.9639282226562,300.8936462402344,544.7122802734375,514.8245849609375,599.8753051757812,0.668542742729187,22.39628791809082,0.31530284881591797,"2099,3931,693,3799,157,4610,4436,4373,4794,1824,415,2953,2428,3388,1093,351",157.35260009765625,,,,,0
46,k_proj,gptq,1024,5120,0,0.0019672393798828127,0.0014440536499023438,5.077391449846822,0.004307547702331255,75.09485626220703,83.93240356445312,60.702239990234375,96.47523498535156,111.044677734375,107.99711608886719,0.668542742729187,5.026871681213379,0.41813573241233826,"2099,693,3931,3799,157,1824,4436,4610,4794,4373,415,3388,2953,2428,1093,351",157.35260009765625,,,,,0
46,v_proj,gptq,1024,5120,0,0.0019781112670898436,0.001453399658203125,22.167911575099566,0.0039095536135782,356.7552490234375,468.6673583984375,302.0555419921875,451.6278076171875,458.9823913574219,476.05950927734375,0.668542742729187,21.486114501953125,0.29047825932502747,"4436,415,4794,3931,4610,4373,351,1093,3137,4517,3653,2245,3903,4775,3799,1148",157.35260009765625,,,,,0
46,o_proj,gptq,5120,5120,0,0.001996421813964844,0.0015202713012695311,41.95915069221519,0.002863138784170286,928.7696533203125,831.0057983398438,360.44464111328125,991.659912109375,879.409423828125,1345.745361328125,0.841208815574646,41.94340515136719,0.05823880434036255,"2017,2001,2257,2401,2273,2529,2385,2145,2513,605,2129,1965,221,4564,4590,4502",69.00753021240234,,,,,0
46,gate_proj,gptq,13824,5120,0,0.001975871898509838,0.0014745924207899305,70.55321468758348,0.0022881576766393213,1889.36474609375,1853.0482177734375,1245.288818359375,2953.97021484375,2249.39013671875,2885.295166015625,0.8203626871109009,69.70684814453125,0.34167641401290894,"1307,2862,4938,2836,655,295,2710,958,2468,2012,2847,2950,3489,477,3710,1372",303.9700012207031,,,,,0
46,up_proj,gptq,13824,5120,0,0.001973653722692419,0.0015184331823278356,72.031774934297,0.002106070049752691,2042.8875732421875,1996.013427734375,1347.616455078125,3135.39404296875,2381.28955078125,3076.988037109375,0.8203626871109009,71.65856170654297,0.3227275609970093,"1307,4938,2862,2836,655,295,2710,2468,958,11,2950,2012,2847,477,3489,3710",303.9700012207031,,,,,0
46,down_proj,gptq,5120,13824,0,0.0019599631980613424,0.001496957849573206,39.48968756342583,0.0012862583057006115,1901.625732421875,1925.60986328125,3944.887451171875,19275.2421875,5554.3837890625,10931.8779296875,0.757034182548523,37.085784912109375,0.5997655987739563,"10952,6388,9045,8027,6375,4464,4658,5997,12153,7417,483,6037,12606,8404,8041,7025",1411.6182861328125,,,,,0
47,q_proj,gptq,5120,5120,0,0.0019719696044921877,0.00146881103515625,17.232849187857937,0.0019079890674879555,537.2457275390625,532.1718139648438,231.60528564453125,562.9964599609375,421.46783447265625,621.9215698242188,0.6064492464065552,17.102161407470703,0.28899285197257996,"1307,693,3931,2099,3799,1754,4469,157,4436,3388,3089,28,4373,4610,415,4794",258.9139404296875,,,,,0
47,k_proj,gptq,1024,5120,0,0.0019704818725585936,0.0014312744140625,4.51769738382427,0.0034779120606431204,80.40254211425781,85.42730712890625,54.45148468017578,96.98773193359375,100.204833984375,110.93305969238281,0.6064492464065552,4.507212162017822,0.38520658016204834,"3931,693,2099,1307,3799,4436,3388,1754,157,4469,4373,28,4610,415,3089,4794",258.9139404296875,,,,,0
47,v_proj,gptq,1024,5120,0,0.0019750595092773438,0.0015106201171875,15.492057408962864,0.004517605906989611,224.5491943359375,285.0688171386719,195.3013916015625,293.4705505371094,333.48358154296875,320.5692138671875,0.6064492464065552,15.045747756958008,0.32102110981941223,"1307,4436,3931,4610,4373,415,3799,4794,4517,3137,351,693,3903,2099,1093,4775",258.9139404296875,,,,,0
47,o_proj,gptq,5120,5120,0,0.0019983673095703126,0.0014731216430664063,27.871826982154744,0.0023254580135282413,780.1378784179688,676.1434326171875,163.77520751953125,522.14794921875,637.569091796875,967.8692626953125,0.8438559174537659,27.06876564025879,0.05348268151283264,"4708,4964,4691,4006,4033,4616,4018,4057,4077,4034,4027,4070,3998,4015,4004,3969",74.08721923828125,,,,,0
47,gate_proj,gptq,13824,5120,0,0.001977623833550347,0.0015031461362485531,46.75557121098973,0.0014382509249362093,1937.14599609375,1909.994873046875,1409.021484375,5649.0166015625,3194.89697265625,4940.375,0.7377987504005432,46.679054260253906,0.3878334164619446,"2012,655,2862,2836,295,3111,958,4938,2710,477,4344,4971,1372,3183,2468,598",694.3242797851562,,,,,0
47,up_proj,gptq,13824,5120,0,0.0019767478660300927,0.001514222886827257,44.421439202385955,0.0012750117485447216,2037.65234375,2009.258056640625,1456.55517578125,5399.962890625,3168.1611328125,4814.65234375,0.7377987504005432,44.18133544921875,0.3372528553009033,"2012,655,2862,2836,295,3111,958,4938,4344,2710,477,4971,1372,3183,2468,4733",694.3242797851562,,,,,0
47,down_proj,gptq,5120,13824,0,0.0019577591507523146,0.0014902468080873843,25.63288662755167,0.0008901788711261208,1859.069091796875,1934.206298828125,6800.93017578125,71923.3828125,15761.63671875,42370.43359375,0.5988327264785767,24.424354553222656,0.7258715033531189,"1352,11815,7547,3436,9251,4713,6696,8801,6109,10153,4740,910,8185,540,4842,5435",583.462158203125,,,,,0
