layer,proj,quantizer,rows,cols,n_dead_cols,clip_frac,clip_frac_rtn,comp_disp,comp_disp_rel,wdisp_gptq,wdisp_rtn,obj_gptq,obj_rtn,obj_gptq_alt,obj_rtn_alt,hdiag_alt_corr,send_total,send_top1pct,send_top16_cols,hdiag_max_over_mean,cond_damped,awq_alpha,obj_awq,obj_awq_alt,protected,obj_gptq_tpl,obj_rtn_tpl,obj_gptq_ord,obj_rtn_ord,tplpos_ratio,lev_tpl,lev_ord,levpos,xnorm_tpl,xnorm_ord,xnormpos,tplpos_err_gptq,tplpos_err_rtn,p4_toprow_gptq,p4_toprow_share_gptq,p4_toprow_rtn,p4_toprow_share_rtn,p4_topcols,p4_topcols_share_gptq,p4_topcols_zero_gptq,p4_topcols_zero_rtn,p4_topcols_wnorm,p4_topcols_x,p4_toprow_w,p4_toprow_qg,p4_toprow_qr,p4_toprow_maxw,p4_toprow_maxqg,p4_toprow_nclip,p4_toprow_err_g,p4_toprow_err_r
0,q_proj,gptq,1536,1536,0,0.002155727810329861,0.0014165242513020833,350.74767946638167,0.06304880022440901,713.188232421875,388.15325927734375,79.24214172363281,412.34820556640625,167.74703979492188,513.488525390625,0.9924444556236267,338.09490966796875,0.5115429759025574,"609,1424,909,553,1421,503,1301,713,1272,286,1229,354,1076,403,1248,582",466.01763916015625,,,,,0,83.47014617919922,181.22979736328125,46.14917755126953,249.022705078125,"0.785,1.283,0.339,0.573,0.014,0.885,1.375,0.002",828.3634643554688,514.9793701171875,"1179,979.7,1390,257.3,86.48,1286,1435,12.9",21.7523193359375,22.46177101135254,"28.63,17.33,31.02,17.08,25.53,15.39,17.44,21.6","13.13,10.55,12.78,6.229,1.97,7.798,10.8,0.6194","14.82,9.319,21.96,8.229,16.87,8.287,9.212,12.46",887,0.048611149191856384,255,0.05304427072405815,"609,1424,553,503,1421,222,1272,1105",114.02641296386719,0.458984375,0.472900390625,"4.75,5.38,2.84,3.18,2.36,2.44,2.44,2.4","16.5,8.38,3.92,3.91,3.03,2.09,1.76,1.65","-0.516,1.3,0.0173,-0.198,0.084,-0.021,0.101,0.0251","-0.371,1.11,0,-0.371,0,0,0,0","-0.589,1.11,0,-0.17,0,0,0.0826,0.0371",1.296875,1.1116071939468384,1,0.4343376159667969,2.396791696548462
0,k_proj,gptq,256,1536,0,0.0019785563151041665,0.0013631184895833333,33.685364940261934,0.027489031263286334,107.02642059326172,74.6391830444336,9.909366607666016,37.70966720581055,19.56241798400879,44.93070602416992,0.9924444556236267,33.349761962890625,0.16681809723377228,"609,1424,909,553,286,1421,503,1301,1248,713,1229,589,222,354,1272,592",466.01763916015625,,,,,0,9.588138580322266,19.459228515625,5.335544586181641,20.346235275268555,"0.545,0.709,0.718,0.312,0.022,0.928,0.900,0.005",828.3634643554688,514.9793701171875,"1179,979.7,1390,257.3,86.48,1286,1435,12.9",21.7523193359375,22.46177101135254,"28.63,17.33,31.02,17.08,25.53,15.39,17.44,21.6","4.528,3.072,4.207,1.705,0.744,3.304,3.821,0.2868","6.134,3.648,4.965,3.054,4.977,3.431,4.028,4.243",24,0.03965851664543152,29,0.03804238513112068,"609,1424,553,503,1421,222,1272,1105",17.4290771484375,0.52734375,0.5478515625,"0.144,0.195,0.808,1.11,0.755,0.652,0.832,0.655","16.5,8.38,3.92,3.91,3.03,2.09,1.76,1.65","0.00046,0.0143,-0.0889,0.0762,-0.0109,-0.0354,0.0327,0.0518","0,0,-0.0804,0.0804,0,-0.0402,0.0402,0.0402","0,0,-0.0661,0.0859,0,-0.0444,0.0608,0.0466",0.2314453125,0.2543913722038269,1,0.14815902709960938,0.17528463900089264
0,v_proj,gptq,256,1536,0,0.0021413167317708335,0.001556396484375,4.245578281434064,0.030772457130970116,13.000710487365723,9.226602554321289,1.2254573106765747,3.989086389541626,2.5453104972839355,4.7956414222717285,0.9924444556236267,4.216270923614502,0.08827245235443115,"609,909,553,286,1421,503,1301,713,1248,1229,354,802,589,1076,1105,1272",466.01763916015625,,,,,0,1.2605953216552734,2.280181884765625,0.6032899618148804,1.9876418113708496,"0.616,0.921,0.924,0.163,0.029,0.985,0.962,0.003",828.3634643554688,514.9793701171875,"1179,979.7,1390,257.3,86.48,1286,1435,12.9",21.7523193359375,22.46177101135254,"28.63,17.33,31.02,17.08,25.53,15.39,17.44,21.6","1.769,1.179,1.467,0.5564,0.2365,1.133,1.326,0.08489","2.253,1.229,1.526,1.38,1.4,1.141,1.352,1.527",86,0.04528895765542984,93,0.03376149386167526,"609,1424,553,503,1421,222,1272,1105",7.768730640411377,0.591796875,0.57177734375,"0.0182,0.013,0.285,0.296,0.241,0.306,0.276,0.284","16.5,8.38,3.92,3.91,3.03,2.09,1.76,1.65","-0.000561,0.00032,-0.0034,-0.00861,-0.0111,-0.000767,-0.0153,-0.000603","0,0,0,0,-0.0197,0,-0.0197,0","0,0,0,-0.0155,-0.0209,0,-0.0155,0",0.08642578125,0.08180955052375793,1,0.050322357565164566,0.031171083450317383
0,o_proj,gptq,1536,1536,0,0.002350277370876736,0.001438564724392361,49.10087354465213,0.039634842345018566,128.88792419433594,72.13595581054688,2.9900240898132324,12.451491355895996,4.791875839233398,14.491560935974121,0.9855037331581116,48.91807174682617,0.045685138553380966,"1129,1385,1513,98,1001,1257,249,1328,1072,761,1119,857,1099,633,1081,82",94.14341735839844,,,,,0,3.5132572650909424,8.216270446777344,1.6260297298431396,6.5956807136535645,"0.389,0.635,0.933,0.275,0.228,0.265,0.411,0.173",1544.869873046875,615.889404296875,"3412,3588,1907,786.9,551.4,648.3,1126,338.4",13.454301834106445,12.049819946289062,"20.4,16.8,11.43,11.89,11.66,12.04,13.3,10.11","2.62,2.757,2.204,1.289,1.228,1.236,1.825,0.8706","4.2,3.459,2.282,2.46,2.574,2.402,2.847,2.09",163,0.02890651859343052,1340,0.014954001642763615,"610,738,354,98,505,249,482,226",0.32784271240234375,0.7919108271598816,0.8338216543197632,"0.287,0.243,0.264,0.293,0.729,0.599,0.261,0.239","2.8,2.41,2.39,2.19,1.94,1.94,1.8,1.8","-0.00677,-0.00623,-0.00488,-0.00552,-0.0231,-0.0178,-0.00659,-0.00641","0,0,0,-0.0483,-0.0483,0,0,0","-0.00792,0,-0.00837,-0.00652,-0.0343,-0.0282,0,0",0.19921875,0.1792902648448944,2,0.20874130725860596,0.041695304214954376
0,gate_proj,gptq,8960,1536,0,0.0022452944800967264,0.0014469691685267856,907.7508261032601,0.06974437474674967,1697.696533203125,778.6184692382812,36.17869567871094,176.29150390625,61.286949157714844,166.1450653076172,0.9732279777526855,908.23046875,0.07528030872344971,"1340,1452,1251,337,662,1400,23,500,1303,641,446,81,0,118,319,44",150.4794464111328,,,,,0,45.4443359375,84.69903564453125,21.771520614624023,87.22295379638672,"0.754,0.915,1.085,0.325,0.219,0.298,0.376,0.223",1315.05810546875,609.660400390625,"1980,3172,2095,736.1,593,573.2,954.2,417.3",12.647432327270508,12.787435531616211,"13.08,15,11.51,12,13.82,11.73,13.19,10.85","8.152,10.28,8.588,5.007,4.668,4.603,5.938,3.798","9.386,10.75,8.243,8.78,9.979,8.431,9.68,8.038",2160,0.0034818798303604126,44,0.0036349722649902105,"147,553,1532,1200,1395,1229,118,1087",0.7797110676765442,0.32618582248687744,0.3282366096973419,"3.52,3.56,2.92,3.02,3.28,3.69,2.9,2.93","4.53,3.66,2.09,1.45,1.4,1.3,1.17,1.13","-0.21,-0.054,-0.0554,0.12,-0.0204,-0.124,0.0129,0.0144","-0.224,-0.0748,-0.0748,0.133,-0.0778,-0.0748,0,0","-0.18,-0.0399,-0.0511,0.121,0,-0.121,0,0",0.26171875,0.31129390001296997,1,0.27545133233070374,0.0017348751425743103
0,up_proj,gptq,8960,1536,0,0.0022396995907738096,0.0015342349097842262,575.822902163438,0.06413306995452064,1114.466064453125,536.2760009765625,24.700611114501953,109.57501983642578,41.095672607421875,106.73414611816406,0.9732279777526855,575.267822265625,0.06928277015686035,"1340,1452,1251,23,662,500,446,337,1303,405,641,0,1400,81,1532,44",150.4794464111328,,,,,0,29.987548828125,55.29741287231445,14.891956329345703,56.40620803833008,"0.728,0.882,1.072,0.349,0.223,0.310,0.379,0.261",1315.05810546875,609.660400390625,"1980,3172,2095,736.1,593,573.2,954.2,417.3",12.647432327270508,12.787435531616211,"13.08,15,11.51,12,13.82,11.73,13.19,10.85","6.575,8.351,6.921,4.109,3.788,3.831,4.827,3.135","7.706,8.894,6.686,6.958,8.026,6.879,7.837,6.134",665,0.0018177310703322291,8065,0.002028905786573887,"147,553,1532,1200,1395,1229,118,1087",0.6504655480384827,0.5154017806053162,0.551464855670929,"0.662,0.788,2.41,2.2,1.84,0.785,2.5,2.49","4.53,3.66,2.09,1.45,1.4,1.3,1.17,1.13","0.0134,-0.00087,-0.004,0.0454,0.0684,-0.00179,-0.0138,-0.00388","0.0211,0,0,0.0605,0.0659,0,-0.0211,0","0,0,0,0.0458,0.0737,0,-0.0243,0",0.2578125,0.22537219524383545,1,0.16150037944316864,0.052774228155612946
0,down_proj,gptq,1536,8960,0,0.002026221865699405,0.001473054431733631,424.1919440662605,0.04300568017017333,1039.79638671875,602.0692138671875,5.185737133026123,15.670639991760254,30.549909591674805,27.970664978027344,0.18458478152751923,423.6754150390625,0.09676194190979004,"1624,4200,6688,4020,8352,7454,1645,8242,1779,8121,8120,4237,3601,3085,5813,386",631.7251586914062,,,,,0,18.942543029785156,14.998915672302246,4.545341968536377,7.708195209503174,"1.405,1.720,1.688,0.377,0.357,0.807,1.409,0.329",29666.794921875,6212.50390625,"9.913e+04,7.815e+04,1.979e+04,3443,6313,6876,2.224e+04,1396",13.67092227935791,10.434159278869629,"24.54,20.57,10.85,10.12,14.16,9.265,12.65,7.223","7.807,6.999,3.658,1.599,2.189,2.196,3.863,1.068","6.585,5.336,2.816,2.605,3.662,2.445,3.255,1.862",609,0.009237941354513168,748,0.00843139085918665,"4075,8916,1377,5073,3678,4562,3379,8765",1.1413609981536865,0.3362630307674408,0.3422037959098816,"0.974,1.04,0.903,1.01,1.08,1.05,1.05,1.02","5.62,5.41,4.97,3.58,1.95,1.84,1.51,1.49","-0.0757,0.0104,0.015,-0.0258,0.0398,-0.00494,-0.0157,-0.0422","-0.085,0,0.0283,-0.0283,0.0524,0,0,-0.0867","-0.0882,0,0,0,0,0,-0.0307,-0.0737",0.55859375,0.48254454135894775,1,0.21036721765995026,0.2687513828277588
1,q_proj,gptq,1536,1536,0,0.0021112230088975695,0.001411861843532986,78.71082858295995,0.030189813459263356,233.55618286132812,155.749267578125,13.154098510742188,44.174354553222656,24.4295654296875,41.386985778808594,0.9540731906890869,78.6445541381836,0.14039196074008942,"1173,1279,1215,1395,147,356,1360,316,1073,113,251,1283,1166,718,1007,553",149.55471801757812,,,,,0,17.181167602539062,22.268707275390625,7.116493225097656,19.97344970703125,"1.198,1.240,1.111,0.340,0.330,0.568,0.693,0.168",1286.313720703125,654.423095703125,"2656,2574,1246,493.8,697.1,852.7,1477,293.7",14.43342399597168,13.79183292388916,"18.19,16.42,12.21,13.07,14.75,12.86,14.94,13.02","6.44,6.002,4.163,2.384,2.737,3.177,4.038,1.748","5.885,5.389,3.95,4.086,4.763,4.215,4.85,4.266",1023,0.010808523744344711,956,0.01613224297761917,"147,1215,553,1214,223,1397,408,1395",0.408846378326416,0.3479817807674408,0.3628743588924408,"1.51,0.701,1.38,1.05,1.45,1.34,1.58,1.76","5.69,2.23,2.03,1.91,1.77,1.58,1.48,1.41","0.032,0.00366,0.0126,0.00848,0.0047,0.0967,0.117,0.00124","0.0339,0,0,0,0,0.102,0.102,0","0.0413,0,0,0,0,0.105,0.108,0",0.2060546875,0.2356693148612976,1,0.28450000286102295,0.13603612780570984
1,k_proj,gptq,256,1536,0,0.0022150675455729165,0.0015462239583333333,24.558981073409086,0.031773947895199814,70.44903564453125,45.28533935546875,3.932570457458496,12.696943283081055,7.119269371032715,11.396072387695312,0.9540731906890869,24.644750595092773,0.14753425121307373,"1173,1279,1215,316,1395,147,1360,1073,251,113,1166,1283,356,865,718,1007",149.55471801757812,,,,,0,4.82987117767334,5.963952541351318,1.9697692394256592,5.67874813079834,"1.216,1.501,0.954,0.376,0.381,0.617,0.553,0.173",1286.313720703125,654.423095703125,"2656,2574,1246,493.8,697.1,852.7,1477,293.7",14.43342399597168,13.79183292388916,"18.19,16.42,12.21,13.07,14.75,12.86,14.94,13.02","3.462,3.364,2.076,1.334,1.421,1.603,1.965,0.8937","3.139,2.745,2.125,2.176,2.304,2.041,2.642,2.148",166,0.04248545318841934,171,0.03564168140292168,"147,1215,553,1214,223,1397,408,1395",0.44730743765830994,0.35302734375,0.33984375,"0.744,0.558,0.874,0.659,0.588,0.748,0.762,0.775","5.69,2.23,2.03,1.91,1.77,1.58,1.48,1.41","-0.0134,0.0718,0.141,0.0596,-0.0217,0.083,-0.0654,-0.0347","0,0.0804,0.121,0.0402,-0.0402,0.0804,-0.0804,-0.0402","0,0.048,0.137,0.048,0,0.101,-0.0742,-0.0505",0.1943359375,0.19679205119609833,1,0.2929687798023224,0.0019169747829437256
1,v_proj,gptq,256,1536,0,0.0021387736002604165,0.0014139811197916667,5.529103581637173,0.034747032888340086,15.593650817871094,10.280216217041016,0.8683028817176819,2.746199607849121,1.6335822343826294,2.5823922157287598,0.9540731906890869,5.525808334350586,0.12112864851951599,"1173,1279,1215,1395,251,147,316,113,1360,718,1073,1007,1166,4,1214,1283",149.55471801757812,,,,,0,1.1356732845306396,1.3982937335968018,0.45668819546699524,1.3081530332565308,"1.471,1.601,1.140,0.243,0.280,0.521,0.651,0.213",1286.313720703125,654.423095703125,"2656,2574,1246,493.8,697.1,852.7,1477,293.7",14.43342399597168,13.79183292388916,"18.19,16.42,12.21,13.07,14.75,12.86,14.94,13.02","1.692,1.598,1.018,0.5805,0.6577,0.8123,0.9925,0.4681","1.395,1.262,0.9533,1.177,1.242,1.125,1.23,1.015",191,0.03516870364546776,218,0.03333096206188202,"147,1215,553,1214,223,1397,408,1395",0.4124749004840851,0.59765625,0.6240234375,"0.114,0.207,0.126,0.232,0.243,0.28,0.166,0.166","5.69,2.23,2.03,1.91,1.77,1.58,1.48,1.41","0.00964,0.000263,-0.00485,-0.0199,-0.000648,-0.0156,0.00208,0.004","0,0,-0.0201,-0.0201,0,-0.0201,0,0","0.0166,0,0,-0.0157,0,-0.0258,0,0",0.09033203125,0.08607157319784164,1,0.12334834784269333,0.004484109580516815
1,o_proj,gptq,1536,1536,0,0.002196841769748264,0.001517825656467014,35.92446842153004,0.027720473750206902,118.3302230834961,75.51078796386719,1.1028469800949097,8.24095344543457,3.1151938438415527,9.819740295410156,0.9975513815879822,35.713897705078125,0.056980200111866,"218,608,610,624,565,594,615,557,617,576,520,1296,556,596,621,523",151.67584228515625,,,,,0,3.4782395362854004,7.290501117706299,1.0548841953277588,4.432399272918701,"0.579,0.609,0.581,0.522,0.383,0.280,0.240,0.284",3812.35400390625,1195.8760986328125,"6441,6756,5132,3879,3180,2382,1480,1248",11.83213996887207,9.277067184448242,"15.44,14.69,12.45,11.34,11.24,10.84,9.656,9.006","2.603,2.558,2.141,1.863,1.556,1.296,1.074,1.095","3.421,3.278,2.809,2.579,2.514,2.449,2.191,2.053",113,0.0260456595569849,1360,0.012884587049484253,"346,474,90,730,602,218,256,615",0.24296540021896362,0.734130859375,0.7932943105697632,"0.292,0.289,0.276,0.305,0.276,0.265,0.8,0.974","2.78,2.75,2.75,2.73,2.73,2.72,1.21,0.973","0.00336,0.00467,0.00922,0.00394,7.1e-05,0.00229,-0.00534,-0.0197","0,0,0,0,0,0,0,0","0,0,0,0,0,0,0,-0.0181",0.341796875,0.3015013635158539,1,0.2510438561439514,0.17169873416423798
1,gate_proj,gptq,8960,1536,0,0.0021243140811011904,0.0014264061337425594,239.7474385332016,0.01677633822889866,1052.4842529296875,824.0233154296875,925.0587158203125,6859.08984375,1746.086669921875,5914.24169921875,0.9796125888824463,238.9689178466797,0.2623181939125061,"1173,147,1279,286,713,1229,520,940,969,408,553,1248,1395,1166,1215,574",424.8533935546875,,,,,0,1341.4427490234375,2890.083740234375,556.159912109375,3102.69482421875,"1.215,0.920,0.537,0.212,0.194,0.266,0.407,0.120",1112.5107421875,612.0155639648438,"2061,1916,1230,662.1,696.6,804.3,1142,388.6",73.8267822265625,76.17007446289062,"73.48,69.78,71.59,77.43,79.54,72.92,68.66,77.21","58.55,48.69,38,25.8,25.55,27.64,32.13,19.32","53.11,50.75,51.84,56.05,58.04,53.59,50.34,55.86",2358,0.002228550147265196,8691,0.0021265042014420033,"147,940,1279,969,1229,713,408,286",0.9835616946220398,0.19150391221046448,0.16072823107242584,"3.02,3.38,3.01,3.27,3.11,3.04,3.12,3.12","50.2,28.9,19.6,13.5,12.6,11.8,8.81,8.38","-0.0189,-0.0248,-0.0162,-0.019,-0.0454,-0.0396,0.0339,-0.0118","-0.029,-0.029,-0.029,-0.029,-0.029,-0.029,0.029,0","-0.0225,-0.0368,-0.025,-0.0368,-0.0499,-0.031,0.0253,0",0.12890625,0.11556538939476013,1,1.2062268257141113,1.6288782358169556
1,up_proj,gptq,8960,1536,0,0.0021157400948660712,0.0014790852864583334,166.86124033431724,0.01460946304960931,834.7361450195312,673.7762451171875,745.7783203125,3501.154296875,1283.4869384765625,3265.9208984375,0.9796125888824463,165.9525604248047,0.185164213180542,"1173,147,1279,286,713,520,1229,969,940,553,408,1248,1395,1166,1215,574",424.8533935546875,,,,,0,906.2470703125,1654.886474609375,439.5431823730469,1654.70166015625,"1.006,0.969,0.650,0.299,0.297,0.391,0.565,0.172",1112.5107421875,612.0155639648438,"2061,1916,1230,662.1,696.6,804.3,1142,388.6",73.8267822265625,76.17007446289062,"73.48,69.78,71.59,77.43,79.54,72.92,68.66,77.21","43.71,39.7,32.34,22.45,22.92,24.46,28.22,17.14","43.58,40.34,40.11,41.03,42.06,39.1,37.55,41.39",3295,0.009135573171079159,3295,0.025134069845080376,"147,940,1279,969,1229,713,408,286",0.690855085849762,0.8290457725524902,0.8741350769996643,"1.25,1.01,1.2,1.31,1.16,1.19,1.26,1.25","50.2,28.9,19.6,13.5,12.6,11.8,8.81,8.38","0.547,0.375,0.527,0.43,0.463,0.461,-0.184,0.523","0.546,0.364,0.546,0.364,0.364,0.546,-0.182,0.364","0.469,0.368,0.546,0.368,0.546,0.395,-0.128,0.449",0.63671875,0.7276785969734192,1,2.190939426422119,6.667472839355469
1,down_proj,gptq,1536,8960,0,0.001950654529389881,0.0014585222516741072,183.98523618941,0.01728999675198798,790.467529296875,705.2113037109375,44.72759246826172,5426.21337890625,745.8726806640625,38085.953125,0.9992079734802246,40.429405212402344,0.9720156788825989,"1316,3750,4581,5073,6192,3295,5601,2793,7401,4925,7505,3044,8118,2726,6734,2755",6843.0263671875,,,,,0,1847.806640625,97240.609375,8.077693939208984,8.11516284942627,"0.018,5.766,1.079,0.945,0.959,0.927,1.007,0.840",1891.0177001953125,146.68487548828125,"1.269e+04,1536,143.6,78.22,119.1,91.37,429.5,40.86",514.91650390625,9.112367630004883,"4028,32.42,10.05,7.773,9.49,8.233,17.11,5.792","119.2,22.68,2.927,2.058,2.573,2.246,4.844,1.517","881.9,9.445,2.817,2.116,2.627,2.332,4.828,1.655",520,0.02710099332034588,553,0.018315421417355537,"2979,3899,6340,6974,4375,6837,1387,751",0.22194580733776093,0.3870442807674408,0.3929036557674408,"0.791,0.832,0.572,1.16,1.34,1.21,1.21,0.964","2.16,1.34,1.27,1.24,1.09,1.06,1.02,0.988","0.0796,0.0771,0.0165,-0.0496,0.0361,-0.0115,0.0271,0.00687","0.351,0.153,0,-0.1,0.0795,-0.0928,0.123,0","0.0653,0.0547,0.0264,-0.0625,0.0303,0,0,0",0.3203125,1.5586638450622559,1,0.423538476228714,0.056840840727090836
2,q_proj,gptq,1536,1536,0,0.0021040174696180555,0.0014784071180555555,65.79563397238962,0.029519622001737217,203.29713439941406,147.9274139404297,39.020347595214844,118.31834411621094,72.65499114990234,109.42318725585938,0.9689764976501465,65.73890686035156,0.18079520761966705,"1173,147,1215,1166,1360,1279,223,316,574,718,251,580,1073,1214,1424,1283",234.0980682373047,,,,,0,41.928775787353516,50.635887145996094,24.949344635009766,55.707275390625,"0.718,1.531,1.506,0.504,0.464,0.683,0.845,0.323",1053.505615234375,766.1912231445312,"197.6,1841,1788,792.9,803.5,929.8,1645,430.7",22.81813621520996,23.584182739257812,"17.07,22.54,24.1,22.66,26.13,23.23,25.33,21.48","4.653,8.459,9.281,5.126,5.414,5.969,7.128,3.75","5.49,6.837,7.562,7.219,7.946,7.221,7.755,6.594",444,0.05450901389122009,509,0.023783544078469276,"147,1279,223,580,1214,1200,1215,253",0.717890202999115,0.394287109375,0.3889974057674408,"0.986,1,1.19,1.55,1.19,1.25,0.929,1.31","12,7.12,4.28,3.48,3.27,3.22,2.53,2.45","-0.00916,0.0669,-0.116,-0.00058,0.0386,0.0126,-0.125,-0.00977","0,0.103,-0.103,0,0,0,-0.103,0","0,0.0915,-0.123,0,0,0,-0.0915,0",0.4296875,0.4129464328289032,1,1.263932228088379,1.1262184381484985
2,k_proj,gptq,256,1536,0,0.001983642578125,0.0014190673828125,13.151850570604438,0.02479592316445983,44.045143127441406,31.662904739379883,8.480060577392578,24.53803253173828,15.00429916381836,23.156667709350586,0.9689764976501465,13.093574523925781,0.15322287380695343,"1173,147,1215,1166,1360,1279,718,574,223,1424,580,1073,1007,1283,251,316",234.0980682373047,,,,,0,8.068904876708984,11.02062702178955,5.0844292640686035,11.63937759399414,"0.539,1.203,1.249,0.555,0.362,0.632,0.820,0.321",1053.505615234375,766.1912231445312,"197.6,1841,1788,792.9,803.5,929.8,1645,430.7",22.81813621520996,23.584182739257812,"17.07,22.54,24.1,22.66,26.13,23.23,25.33,21.48","1.822,3.72,3.993,2.254,2.345,2.715,3.276,1.663","2.483,3.392,3.573,3.026,3.901,3.414,3.617,2.937",232,0.03529976308345795,114,0.05957762151956558,"147,1279,223,580,1214,1200,1215,253",0.6232974529266357,0.353515625,0.36279296875,"0.53,0.511,0.566,0.509,0.508,0.616,0.487,0.678","12,7.12,4.28,3.48,3.27,3.22,2.53,2.45","-0.0228,-0.0352,-0.00928,0.00362,-0.0298,0.000637,0.0147,0.00013","-0.0335,-0.0335,0,0,-0.0335,0,0,0","-0.0326,-0.0303,0,0,-0.0303,0,0,0",0.126953125,0.14021897315979004,1,0.440628319978714,0.10807374119758606
2,v_proj,gptq,256,1536,0,0.0021413167317708335,0.0015411376953125,5.003548825028702,0.023830926807055237,18.08916473388672,13.221237182617188,3.4708786010742188,9.448443412780762,6.047576904296875,8.991765975952148,0.9689764976501465,4.981808662414551,0.11943475902080536,"1173,1215,1166,147,223,316,1279,574,718,1214,1360,251,1412,1007,1222,1073",234.0980682373047,,,,,0,3.3023290634155273,4.571181774139404,2.044917345046997,4.705526351928711,"0.551,0.981,1.362,0.588,0.392,0.549,0.842,0.335",1053.505615234375,766.1912231445312,"197.6,1841,1788,792.9,803.5,929.8,1645,430.7",22.81813621520996,23.584182739257812,"17.07,22.54,24.1,22.66,26.13,23.23,25.33,21.48","1.054,2.249,2.583,1.572,1.469,1.763,2.148,1.107","1.419,2.271,2.213,2.049,2.346,2.379,2.34,1.914",49,0.035877775400877,122,0.05821098014712334,"147,1279,223,580,1214,1200,1215,253",0.49762964248657227,0.58203125,0.65283203125,"0.106,0.139,0.254,0.178,0.222,0.193,0.223,0.309","12,7.12,4.28,3.48,3.27,3.22,2.53,2.45","0.0129,0.00571,-0.00848,-0.0106,0.00313,0.0253,0.00436,-0.0245","0.0128,0,-0.0128,-0.0128,0,0.0255,0,-0.0255","0.0174,0,0,0,0,0.0211,0,-0.0174",0.078125,0.07245026528835297,1,0.2783282697200775,0.19374385476112366
2,o_proj,gptq,1536,1536,0,0.0021540323893229165,0.0014678107367621528,50.011782342218794,0.032967460425631985,151.74627685546875,88.04703521728516,1.9975755214691162,4.523715019226074,3.747708559036255,5.3887224197387695,0.6425104141235352,49.75190353393555,0.04676195979118347,"427,683,555,43,171,299,449,1098,457,201,1078,1244,705,4,65,321",28.349334716796875,,,,,0,1.456840991973877,1.8484710454940796,1.585322618484497,2.6755871772766113,"0.178,1.152,1.151,0.929,0.621,0.513,0.708,0.648",967.7655029296875,1099.996337890625,"50.35,1833,1285,998,1066,577.6,616.9,1315",5.532792091369629,6.839629173278809,"3.039,6.178,5.494,5.059,6.869,5.737,4.849,7.036","0.3084,1.678,1.432,1.172,1.229,0.9464,0.9818,1.396","0.732,1.563,1.335,1.216,1.56,1.322,1.167,1.735",1421,0.02362937666475773,113,0.031933143734931946,"955,951,947,128,980,975,683,933",0.3509277105331421,0.3890787959098816,0.3610026240348816,"0.837,0.842,0.827,0.718,0.877,0.771,0.641,0.82","1.74,1.06,1.05,1.04,1.02,1.01,0.98,0.977","0.0305,0.0108,-0.0437,0.117,-0.00359,0.0393,0.119,-0.00528","0,0,-0.0549,0.135,0,0.0675,0.135,0","0.0333,0,-0.0333,0.0988,0,0.0333,0.128,0",0.26171875,0.22890907526016235,5,0.1889750361442566,0.1088082492351532
2,gate_proj,gptq,8960,1536,0,0.002104913620721726,0.0014025006975446428,326.9919034417835,0.021342179033297774,1200.6953125,887.0969848632812,840.131591796875,4451.84033203125,2026.451171875,4704.7392578125,0.8924590349197388,326.25653076171875,0.3166368007659912,"408,1173,713,520,1279,286,147,1229,940,969,553,1215,1248,1166,251,718",240.24998474121094,,,,,0,1766.9979248046875,3692.00634765625,544.26171875,1982.8203125,"0.400,0.609,1.266,0.341,0.258,0.428,0.634,0.239",910.1488037109375,713.48095703125,"200.8,1549,1463,693.8,688.6,806.7,1388,491.7",71.40811157226562,57.43616485595703,"155.9,78.55,59.28,55.53,61.34,54.89,52.06,53.66","76.03,48.12,51.33,25.44,23.97,27.63,31.79,20.2","120.2,61.67,45.62,43.56,47.22,42.25,39.93,41.32",4894,0.0020723515190184116,6726,0.0018914486281573772,"147,1279,940,969,713,1229,286,520",1.085647463798523,0.18927176296710968,0.15511998534202576,"3.56,3.51,3.98,3.81,3.81,3.7,3.84,3.56","27.4,24.1,21.8,12.4,12.2,11.9,9.38,8.44","-0.0747,-0.0232,-0.0388,-0.0322,-0.0265,-0.0146,-0.0288,-0.0457","-0.0765,-0.0382,-0.0382,-0.0382,-0.0382,0,-0.0382,-0.0382","-0.0695,-0.0285,-0.0297,-0.0297,-0.031,-0.0285,-0.0287,-0.0572",0.1337890625,0.11495781689882278,1,1.0912927389144897,0.36368972063064575
2,up_proj,gptq,8960,1536,0,0.0021031697591145835,0.0014866420200892857,160.3798553250017,0.01626973391024909,737.2938232421875,585.3424072265625,506.995361328125,1861.5968017578125,1005.1988525390625,2072.8662109375,0.8924590349197388,159.84225463867188,0.2118271291255951,"408,713,1173,286,1279,147,520,1229,940,969,553,1215,1248,251,1412,718",240.24998474121094,,,,,0,769.3682861328125,1596.264404296875,319.95269775390625,889.8142700195312,"0.355,0.730,1.086,0.395,0.305,0.502,0.783,0.295",910.1488037109375,713.48095703125,"200.8,1549,1463,693.8,688.6,806.7,1388,491.7",71.40811157226562,57.43616485595703,"155.9,78.55,59.28,55.53,61.34,54.89,52.06,53.66","46.88,31.47,32.62,18.37,17.7,20.16,24.85,15.08","78.64,36.83,31.3,29.22,32.04,28.44,28.08,27.78",97,0.0022167526185512543,2417,0.01059589721262455,"147,1279,940,969,713,1229,286,520",0.7182211875915527,0.8423409461975098,0.9079520106315613,"0.665,0.548,0.697,0.901,0.769,0.693,0.705,0.614","27.4,24.1,21.8,12.4,12.2,11.9,9.38,8.44","0.00233,-0.00243,2.93e-05,-0.00385,0.0153,7.3e-05,0.0112,-0.00836","0,0,0,-0.0197,0.0197,0,0,0","0,0,0,0,0,0,0,0",0.2001953125,0.19549426436424255,1,0.8334879875183105,0.08884890377521515
2,down_proj,gptq,1536,8960,0,0.0019602457682291667,0.0014862060546875,196.17956721346854,0.020072165922059123,835.1392211914062,640.406982421875,272.89984130859375,3776.554931640625,2229.3369140625,34881.69921875,0.9999815821647644,191.94017028808594,0.9884380102157593,"8106,3716,5714,1667,5031,6388,3724,2647,3029,2600,1017,2417,721,1719,3755,2453",3766.875,,,,,0,5470.03076171875,89034.375,24.79038429260254,18.285198211669922,"0.061,8.611,1.612,1.199,1.216,1.037,1.027,0.905",385.2538757324219,427.18988037109375,"668.4,104.2,542.1,183.3,666,230.4,501.2,186.5",523.7469482421875,15.327484130859375,"4094,8.262,17.06,11.02,19.37,11.81,16.75,11.54","208.8,6.446,5.555,3.229,5.655,3.206,4.545,2.901","843.9,2.197,4.375,2.948,5.128,3.148,4.485,3.05",940,0.06158933416008949,1441,0.009113170206546783,"2682,914,4566,3566,152,216,3755,8668",0.8079102635383606,0.37744140625,0.3946940302848816,"1.08,0.887,0.749,0.859,0.883,1.05,0.941,0.812","14.1,4.88,4.16,3.36,3.34,2.92,1.59,1.55","-0.0103,-0.00346,0.00659,-0.00446,0.0119,-0.00394,-0.0364,-0.00134","-0.0514,-0.118,-0.117,0,0,0,-0.0781,0","-0.0153,0,0.0114,0,0,0,0,0",0.41796875,1.084409475326538,1,1.4035046100616455,0.10654585063457489
3,q_proj,gptq,1536,1536,0,0.00214385986328125,0.001430511474609375,60.17197257443331,0.025861655901824297,199.8099365234375,144.94174194335938,38.732154846191406,129.25173950195312,75.60647583007812,126.03916931152344,0.8091564178466797,60.008995056152344,0.23956932127475739,"1173,713,147,1215,1360,865,1166,580,1279,1424,1283,1222,223,1073,690,251",259.5458679199219,,,,,0,42.13787078857422,59.553714752197266,27.692790985107422,63.2213249206543,"0.623,1.417,1.292,0.438,0.469,0.527,0.695,0.284",968.793212890625,815.982421875,"142.2,1560,1660,668.8,1002,916.9,1301,499.5",24.856914520263672,25.971574783325195,"18.44,22.9,27.64,25.5,27.55,25.31,25.76,25.76","4.432,8.259,9.62,5.276,5.79,5.82,6.599,4.233","5.614,6.939,8.464,7.974,8.453,8.02,7.916,7.943",572,0.016692692413926125,442,0.0132410554215312,"147,1279,713,1173,1200,1229,865,580",0.6638712286949158,0.436279296875,0.4403483271598816,"0.872,0.932,0.954,0.957,1.29,0.955,1.33,1.7","12.1,7.16,5.69,5.09,3.94,3.86,3.72,3.47","-0.00555,0.00504,0.00482,0.00403,-0.0204,-0.000359,-0.00574,-0.00132","0,0,0,0,0,0,0,0","0,0,0,0,0,0,0,0",0.21875,0.19035527110099792,3,0.748029351234436,0.3079165518283844
3,k_proj,gptq,256,1536,0,0.0021642049153645835,0.0014216105143229167,13.759803657536395,0.027952367423465206,43.35054397583008,30.7548885345459,8.468395233154297,27.257902145385742,17.01336097717285,26.567283630371094,0.8091564178466797,13.820780754089355,0.2389286756515503,"1173,713,147,1215,1360,1166,865,1424,1279,580,1222,1073,690,1283,223,251",259.5458679199219,,,,,0,9.268770217895508,12.478469848632812,6.058906555175781,12.84025764465332,"0.654,1.483,1.336,0.348,0.463,0.713,0.702,0.285",968.793212890625,815.982421875,"142.2,1560,1660,668.8,1002,916.9,1301,499.5",24.856914520263672,25.971574783325195,"18.44,22.9,27.64,25.5,27.55,25.31,25.76,25.76","2.191,4.114,4.354,2.124,2.606,2.809,3.241,1.942","2.71,3.379,3.767,3.601,3.829,3.327,3.869,3.636",121,0.03174358978867531,237,0.038805749267339706,"147,1279,713,1173,1200,1229,865,580",0.6968640685081482,0.4794921875,0.44580078125,"0.482,0.466,0.407,0.458,0.566,0.436,0.662,0.471","12.1,7.16,5.69,5.09,3.94,3.86,3.72,3.47","0.00214,0.0119,0.00175,0.00687,0.0245,0.0325,-0.00488,-0.00729","0,0,0,0,0,0.0435,0,0","0,0,0,0,0.0388,0.0388,0,0",0.1708984375,0.19790486991405487,1,0.464383602142334,0.26787564158439636
3,v_proj,gptq,256,1536,0,0.0021006266276041665,0.0013987223307291667,6.141780417281552,0.022913735648703238,22.747480392456055,17.427026748657227,4.371912002563477,12.408228874206543,7.802157402038574,12.289463996887207,0.8091564178466797,6.119680404663086,0.1521172672510147,"1173,1215,713,147,1360,1166,1279,865,251,223,1283,580,1222,690,1073,335",259.5458679199219,,,,,0,4.138531684875488,5.712868690490723,3.1019487380981445,6.116939067840576,"0.561,1.166,1.238,0.386,0.465,0.734,0.922,0.270",968.793212890625,815.982421875,"142.2,1560,1660,668.8,1002,916.9,1301,499.5",24.856914520263672,25.971574783325195,"18.44,22.9,27.64,25.5,27.55,25.31,25.76,25.76","1.141,2.679,2.856,1.6,1.831,1.918,2.287,1.286","1.524,2.48,2.567,2.574,2.684,2.238,2.382,2.475",232,0.04594592750072479,187,0.02774798311293125,"147,1279,713,1173,1200,1229,865,580",0.43488675355911255,0.8330078125,0.88671875,"0.0895,0.123,0.136,0.152,0.186,0.0952,0.134,0.129","12.1,7.16,5.69,5.09,3.94,3.86,3.72,3.47","-0.00735,-0.00467,0.000209,0.00166,0.00282,0.00711,0.00418,0.00668","0,-0.0156,0,0,0,0.0156,0,0","0,0,0,0,0,0,0,0",0.09716796875,0.10695343464612961,1,0.39240676164627075,0.05794201418757439
3,o_proj,gptq,1536,1536,0,0.002186669243706597,0.001450008816189236,51.59021462604869,0.03312767205801556,156.251708984375,91.72036743164062,2.9598612785339355,7.090229034423828,5.582393646240234,7.034778594970703,0.8097751140594482,51.4570426940918,0.06970963627099991,"48,688,432,655,328,399,143,304,584,176,527,271,560,200,72,712",51.50765609741211,,,,,0,2.0303008556365967,2.3239002227783203,2.6900908946990967,3.741441249847412,"0.120,0.751,1.051,0.861,0.770,0.880,0.541,1.221",716.3457641601562,1207.332275390625,"46.02,983.3,583.1,514.1,544,950.2,292,1818",6.170358657836914,7.96036434173584,"4.536,5.667,5.217,5.758,5.308,8.719,4.754,9.403","0.3948,1.281,1.292,1.277,1.141,1.85,0.877,2.377","1.138,1.478,1.261,1.377,1.3,1.972,1.192,2.151",520,0.023061532527208328,356,0.007274321746081114,"781,1141,1013,1397,1269,560,1525,328",0.19477808475494385,0.3496907651424408,0.3563639521598816,"0.981,1.08,0.995,0.905,0.768,1.25,0.807,0.879","0.898,0.898,0.82,0.785,0.77,0.758,0.719,0.688","0.00555,-0.149,-0.193,-0.0786,-0.0801,0.00729,-0.138,-0.00204","0,-0.154,-0.231,-0.077,-0.077,0,-0.154,0","0,-0.171,-0.231,-0.077,-0.0915,0.00949,-0.127,0",0.26953125,0.2310267984867096,3,0.1733264923095703,0.06330279260873795
3,gate_proj,gptq,8960,1536,0,0.0020937965029761904,0.0014130365280877976,367.7523695822681,0.02231995409461515,1320.98486328125,973.4160766601562,692.8778076171875,2982.08447265625,1615.1259765625,3232.364990234375,0.8884139060974121,367.02685546875,0.402542382478714,"713,1279,408,1229,1173,147,520,286,969,940,553,1215,1248,1214,1412,102",226.27911376953125,,,,,0,1259.4342041015625,2193.4326171875,536.2172241210938,1446.83447265625,"0.340,0.989,1.410,0.335,0.520,0.531,0.887,0.374",937.890625,814.697509765625,"172.1,1464,1531,666.4,947.6,896.3,1217,608.2",52.58509826660156,46.11698913574219,"101,57.38,46.86,46.37,47.72,43.86,35.74,41.77","50.34,48.97,45.01,22.08,28.07,26.19,26.96,20.71","86.34,49.24,37.9,38.17,38.94,35.93,28.63,33.87",2779,0.003631631378084421,5480,0.0015222578076645732,"1279,147,940,1229,713,969,286,553",0.4688134491443634,0.2591378390789032,0.23323102295398712,"4.15,4.19,4.83,4.44,4.64,4.4,4.53,4.37","21.2,17.1,14.5,11.6,10.2,8.06,5.91,5.72","-0.0217,-0.0386,-0.015,-0.0623,-0.0208,-0.00161,-0.00323,-0.0664","0,-0.0438,0,-0.0876,0,0,0,-0.0438","-0.0318,-0.0299,0,-0.0636,-0.0259,0,0,-0.0876",0.154296875,0.1752232164144516,1,1.6914899349212646,0.17365039885044098
3,up_proj,gptq,8960,1536,0,0.0021118890671502975,0.0015206473214285714,141.49633072635527,0.015413697783839218,676.271484375,539.98486328125,355.97540283203125,1092.616943359375,668.9632568359375,1221.2840576171875,0.8884139060974121,141.28622436523438,0.26868632435798645,"713,408,1279,1229,147,1173,286,520,969,553,940,1215,1248,1214,1412,102",226.27911376953125,,,,,0,450.30816650390625,800.0570678710938,254.25411987304688,567.2378540039062,"0.312,0.983,1.123,0.397,0.531,0.603,0.928,0.421",937.890625,814.697509765625,"172.1,1464,1531,666.4,947.6,896.3,1217,608.2",52.58509826660156,46.11698913574219,"101,57.38,46.86,46.37,47.72,43.86,35.74,41.77","28.06,27.29,25.72,14.88,17.89,17.41,19.07,14.15","50.23,27.52,24.27,23.61,24.55,22.42,19.79,21.82",7656,0.0028939503245055676,2713,0.0023418106138706207,"1279,147,940,1229,713,969,286,553",0.2737894058227539,0.8090680837631226,0.8990792632102966,"0.516,0.671,0.545,0.567,0.67,0.75,0.601,0.842","21.2,17.1,14.5,11.6,10.2,8.06,5.91,5.72","0.00812,0.00229,0.0159,0.00592,0.00362,0.0031,0.00343,-0.0142","0,0,0,0,0,0,0,0.0329","0,0,0.0307,0,0,0,0,-0.0275",0.1435546875,0.13513325154781342,1,0.9626330137252808,0.014155261218547821
3,down_proj,gptq,1536,8960,0,0.00206146240234375,0.0014904930478050595,392.4833464845442,0.04379189325274986,964.3724975585938,575.7955322265625,15.611405372619629,52.98789978027344,33.753456115722656,253.17681884765625,0.9998917579650879,371.66778564453125,0.21103860437870026,"4157,4941,519,8744,2676,7163,893,4392,43,4194,3627,1452,7155,7849,4850,8555",4404.470703125,,,,,0,21.387920379638672,587.6912841796875,12.877145767211914,13.035609245300293,"0.002,1.322,1.888,0.907,1.268,0.974,1.275,0.795",10285.900390625,5763.0888671875,"218.7,3154,2.3e+04,7722,1.577e+04,6258,2.109e+04,5068",53.163841247558594,14.052072525024414,"306.4,10.71,19.37,15.35,19.79,15.14,19.5,19.1","2.628,3.161,6.761,3.742,5.593,3.764,5.553,4.265","67.59,2.749,4.921,3.929,4.966,3.814,4.919,4.784",1421,0.015223241411149502,1421,0.021043483167886734,"626,8555,3953,6437,5476,5982,1444,2890",0.48811450600624084,0.3782552182674408,0.3956705927848816,"1.08,0.881,1.01,0.691,0.808,1,0.809,0.686","6.28,6.19,4.66,4.25,3.91,3.55,3.31,3.03","-0.0684,-0.0781,0.0918,0.061,0.052,0.0179,-0.182,-0.119","-0.117,-0.072,0.0818,0.072,0,0.0351,-0.177,0","-0.0619,-0.112,0.0915,0,0.0714,0,-0.159,-0.103",0.53515625,0.5099099278450012,1,0.6901085376739502,0.7204227447509766
4,q_proj,gptq,1536,1536,0,0.002106136745876736,0.001434326171875,53.492865953933105,0.02426707386102895,183.89505004882812,134.7392120361328,51.33885955810547,149.1273193359375,96.11751556396484,144.72604370117188,0.7914547920227051,53.35429000854492,0.2611404061317444,"1173,713,147,1215,1279,1360,865,1073,580,1222,1424,1248,1166,507,1283,1229",262.18963623046875,,,,,0,53.41302490234375,66.95367431640625,39.67596435546875,76.8102035522461,"0.764,1.533,1.169,0.527,0.606,0.637,0.840,0.444",969.8480224609375,792.7684326171875,"110.4,1422,1505,744.4,1053,1010,1243,670.6",26.97041130065918,29.437345504760742,"13.34,25.75,30.25,28.6,31.43,29.05,28.38,28.97","3.417,9.478,9.714,6.356,6.998,7.036,7.677,5.797","3.909,7.654,8.986,8.756,8.991,8.812,8.376,8.699",1399,0.015017044730484486,181,0.019915996119379997,"147,1279,713,1173,1229,1073,1424,223",0.6092637777328491,0.451416015625,0.45166015625,"0.781,0.722,0.933,0.878,0.881,1.18,0.951,1.41","13.2,8.19,6.62,5.44,4.78,4.44,3.92,3.48","0.0146,-0.0204,-0.0131,-0.02,-0.0159,0.00455,0.0371,-0.0216","0,0,0,0,0,0,0,-0.0605","0,0,0,0,0,0,0.0458,0",0.2216796875,0.24427016079425812,1,0.8575810194015503,0.4210660755634308
4,k_proj,gptq,256,1536,0,0.0020701090494791665,0.0014165242513020833,11.42982208191818,0.026280860760210734,36.542266845703125,25.777280807495117,10.325984954833984,29.844715118408203,19.730077743530273,28.265361785888672,0.7914547920227051,11.414843559265137,0.2678748369216919,"1173,713,147,1215,1279,1360,865,1222,1073,1248,1424,580,1166,1229,574,251",262.18963623046875,,,,,0,11.246333122253418,12.85833740234375,7.876842975616455,15.254100799560547,"0.627,2.009,1.417,0.537,0.549,0.768,0.675,0.506",969.8480224609375,792.7684326171875,"110.4,1422,1505,744.4,1053,1010,1243,670.6",26.97041130065918,29.437345504760742,"13.34,25.75,30.25,28.6,31.43,29.05,28.38,28.97","1.359,4.6,4.808,2.847,3.106,3.069,3.123,2.633","1.716,3.245,4.039,3.886,4.19,3.503,3.801,3.702",253,0.03771907091140747,187,0.05451236292719841,"147,1279,713,1173,1229,1073,1424,223",0.7216039896011353,0.4501953125,0.39599609375,"0.408,0.359,0.408,0.476,0.409,0.566,0.631,0.555","13.2,8.19,6.62,5.44,4.78,4.44,3.92,3.48","0.0359,-0.000927,-0.0161,0.0398,-0.0131,0.00317,-0.0383,0.0498","0.0377,0,0,0.0377,0,0,-0.0377,0.0377","0.0285,0,-0.0293,0.0319,0,0,-0.0304,0.0569",0.189453125,0.20814114809036255,1,0.6032277345657349,0.2631787657737732
4,v_proj,gptq,256,1536,0,0.0020192464192708335,0.0014826456705729167,5.443615088209943,0.01838287206830506,23.040298461914062,17.68482208251953,6.307253837585449,14.028578758239746,10.248748779296875,14.149576187133789,0.7914547920227051,5.421468734741211,0.13964436948299408,"1173,1215,713,1279,147,1360,1222,1073,865,1248,335,251,1412,1166,574,580",262.18963623046875,,,,,0,5.4872941970825195,6.815313339233398,4.117840766906738,7.258709907531738,"0.861,1.231,1.057,0.618,0.578,0.749,0.932,0.434",969.8480224609375,792.7684326171875,"110.4,1422,1505,744.4,1053,1010,1243,670.6",26.97041130065918,29.437345504760742,"13.34,25.75,30.25,28.6,31.43,29.05,28.38,28.97","0.821,3.015,3.007,2.059,2.247,2.43,2.627,1.733","0.8849,2.717,2.925,2.619,2.955,2.808,2.721,2.63",130,0.0418892502784729,124,0.025244135409593582,"147,1279,713,1173,1229,1073,1424,223",0.30435681343078613,0.80859375,0.87060546875,"0.105,0.178,0.101,0.168,0.113,0.156,0.12,0.17","13.2,8.19,6.62,5.44,4.78,4.44,3.92,3.48","0.000201,-0.0192,0.00558,0.00101,-0.00333,0.0201,0.0225,-0.0172","0,-0.0183,0,0,0,0.0183,0.0183,-0.0183","0,-0.0175,0,0,0,0.0232,0.0218,-0.0294",0.10302734375,0.10082380473613739,1,0.45982253551483154,0.029035750776529312
4,o_proj,gptq,1536,1536,0,0.0022070142957899305,0.0014970567491319445,48.92807373252435,0.030331822767600675,153.3450164794922,94.18147277832031,3.8048384189605713,7.704199314117432,4.816535949707031,6.5540924072265625,0.8141492009162903,48.72471618652344,0.06456096470355988,"618,974,490,106,234,1469,1341,362,1358,1286,1102,746,1230,902,1030,1486",29.193201065063477,,,,,0,1.4917709827423096,2.4409193992614746,2.3459863662719727,3.0888147354125977,"0.172,0.427,0.366,0.965,0.664,0.622,0.587,0.592",552.2685546875,767.969482421875,"26.41,94.66,140.3,1212,312.9,552.5,229,1850",5.635727882385254,6.565875053405762,"3.997,4.033,3.765,6.367,4.442,6.003,4.335,12.14","0.4221,0.6399,0.5708,1.611,0.9516,1.197,0.8546,2.314","1.018,0.979,0.943,1.641,1.168,1.517,1.116,3.007",1421,0.027355726808309555,1421,0.008081207983195782,"618,362,490,234,1286,744,1000,1158",0.3412771224975586,0.4256998896598816,0.4388020932674408,"0.706,0.662,0.732,0.613,0.957,1.08,0.727,0.764","1.3,1.16,1.1,0.773,0.613,0.594,0.59,0.547","0.224,0.063,0.112,0.0437,-0.32,-0.0854,-0.0776,-0.11","0.151,0,0.151,0,-0.301,-0.0578,-0.151,-0.151","0.216,0.0759,0.118,0.0614,-0.366,-0.151,-0.0904,-0.107",0.52734375,0.4520089626312256,1,0.1573951691389084,0.10496549308300018
4,gate_proj,gptq,8960,1536,0,0.0020659673781622022,0.0014082409086681547,308.84824436137205,0.020772959539838046,1185.5399169921875,905.260009765625,484.64306640625,1538.170166015625,982.765625,1576.490478515625,0.7832746505737305,308.8060302734375,0.3538205921649933,"713,147,1279,286,520,1229,408,969,553,1173,940,1215,33,1248,102,1412",240.9210968017578,,,,,0,684.734130859375,1016.5325927734375,350.8313293457031,741.9855346679688,"0.384,1.046,1.197,0.572,0.528,0.823,1.076,0.447",1011.73388671875,824.2738647460938,"172.1,1478,1554,789.1,1071,1024,1266,739.9",37.548057556152344,34.01544952392578,"62.76,41.55,35.91,32.84,36.35,30.51,28.19,32.26","33.19,36,31.43,19.84,20.69,21.6,22.61,17.11","53.58,35.2,28.72,26.23,28.49,23.82,21.8,25.59",2829,0.0024902138393372297,559,0.0018550445092841983,"147,1279,713,1229,940,969,553,1200",0.3614416718482971,0.3377232253551483,0.31988003849983215,"4.64,4.06,4.94,4.6,4.71,4.63,4.38,3.3","14.6,10.9,8.25,8.06,7.19,5.66,5.28,3.44","-0.0325,-0.0267,-0.0625,-0.1,-0.0425,-0.0308,-0.0294,0.0811","-0.0405,-0.0405,-0.0809,-0.121,-0.0405,0,0,0.0809","-0.0264,-0.0382,-0.0647,-0.115,-0.0325,-0.0325,-0.029,0.0765",0.146484375,0.1618303656578064,1,1.032721996307373,0.24882075190544128
4,up_proj,gptq,8960,1536,0,0.0021130516415550594,0.001500156947544643,132.82683719973284,0.014115997655391425,681.0283203125,558.7547607421875,284.98919677734375,651.2734375,468.07757568359375,688.6242065429688,0.7832746505737305,132.37069702148438,0.21179811656475067,"713,1279,147,286,520,969,408,553,1229,1173,940,1215,1248,33,102,1412",240.9210968017578,,,,,0,290.8035888671875,428.9808349609375,189.39410400390625,329.0631103515625,"0.311,0.959,1.140,0.643,0.674,0.843,1.003,0.546",1011.73388671875,824.2738647460938,"172.1,1478,1554,789.1,1071,1024,1266,739.9",37.548057556152344,34.01544952392578,"62.76,41.55,35.91,32.84,36.35,30.51,28.19,32.26","18.09,21.17,20.42,13.92,15.68,15.62,16.75,13.02","32.44,21.62,19.13,17.36,19.1,17.01,16.73,17.63",4963,0.002232997678220272,3391,0.0027267448604106903,"147,1279,713,1229,940,969,553,1200",0.1568540781736374,0.7598772644996643,0.845996081829071,"0.609,0.584,0.632,0.657,0.663,0.778,0.764,2.05","14.6,10.9,8.25,8.06,7.19,5.66,5.28,3.44","0.0123,0.0101,-0.00562,0.00592,0.00464,0.0109,0.0225,-0.000992","0,0,0,0,0,0,0.041,0","0,0,0,0,0,0,0.0405,0",0.1650390625,0.1854219287633896,1,0.740780234336853,0.4144403636455536
4,down_proj,gptq,1536,8960,0,0.002022588820684524,0.00147247314453125,382.82934006345386,0.0414272063772452,989.0974731445312,601.8336181640625,19.368446350097656,41.99674987792969,43.5196418762207,88.93405151367188,0.9990650415420532,381.232666015625,0.08877860754728317,"610,5482,8655,8914,2425,6860,3621,449,5883,920,6190,6773,8160,8323,4105,8362",1811.6640625,,,,,0,26.942445755004883,150.4819793701172,31.034687042236328,22.404428482055664,"0.001,0.946,1.276,1.033,0.816,1.173,1.572,0.940",11113.3759765625,14821.6640625,"212.3,4451,1.676e+04,7080,7214,1.92e+04,2.588e+04,8110",37.946746826171875,17.383760452270508,"167.4,13.42,19.94,15.66,18.42,26.42,22.42,19.93","0.9721,3.331,6.047,4.05,4.347,7.2,7.411,4.986","31.92,3.425,5.352,3.985,4.812,6.649,5.912,5.143",520,0.008242028765380383,1421,0.007424760144203901,"1273,1317,3317,1576,3184,8116,3840,1468",0.2762753367424011,0.3978678584098816,0.4222819209098816,"0.87,0.694,1.07,0.953,1.01,0.787,0.837,0.98","3.86,3.77,3.12,3.11,2.91,2.91,2.62,2.42","-0.0199,0.00705,-0.015,-0.0238,-0.0114,0.00751,0.00745,-0.00127","-0.0293,0,0,-0.0175,0,0.0206,0,0","-0.015,0.013,0,-0.0261,0,0.0116,0,0",0.33984375,0.3883928656578064,1,0.39463382959365845,0.11639444530010223
5,q_proj,gptq,1536,1536,0,0.002123938666449653,0.001468658447265625,61.68064119294286,0.03142593944881988,186.8855743408203,135.58380126953125,52.72475051879883,158.56448364257812,97.94075012207031,151.14816284179688,0.7856125235557556,61.5560302734375,0.2913127541542053,"713,1173,1279,147,1215,1360,865,1073,580,1424,1222,286,1229,223,969,1248",243.50917053222656,,,,,0,60.34932327270508,69.36502075195312,36.97896957397461,80.12870788574219,"0.546,1.664,1.187,0.764,0.545,0.855,0.765,0.514",912.11181640625,761.2437744140625,"78.04,1240,1252,703.8,882,1159,1231,751.2",27.502212524414062,30.26988410949707,"14.06,26.93,31.11,28.56,31.92,28.95,28.86,29.64","2.941,10.16,10.3,7.282,6.928,8.116,7.653,6.268","3.979,7.88,9.454,8.332,9.387,8.779,8.752,8.743",304,0.01590978540480137,1520,0.013527914881706238,"147,1279,713,1073,865,1229,969,1173",0.8180425763130188,0.49560546875,0.4903157651424408,"0.715,0.551,0.888,1.19,1.2,0.809,0.848,0.883","12.2,9.5,8.44,6.44,6.09,5.19,5,4.5","0.115,0.026,0.116,0.156,0.103,0.117,0.0952,-0.0889","0.0831,0,0.0831,0.166,0.0831,0.0831,0.0831,-0.0831","0.113,0.0335,0.13,0.134,0.095,0.1,0.085,-0.1",0.291015625,0.2494419813156128,5,0.8738633394241333,0.20095492899417877
5,k_proj,gptq,256,1536,0,0.0021158854166666665,0.0015538533528645833,14.14404143259162,0.03915887804191751,39.3369026184082,28.800716400146484,11.253393173217773,35.47097396850586,21.43081283569336,34.61880874633789,0.7856125235557556,13.950418472290039,0.28949692845344543,"713,1173,1279,147,1215,1360,865,1073,580,1424,1222,1229,969,223,286,1248",243.50917053222656,,,,,0,12.798015594482422,14.955812454223633,7.714278221130371,18.920358657836914,"0.465,1.341,1.025,0.826,0.742,1.059,0.633,0.515",912.11181640625,761.2437744140625,"78.04,1240,1252,703.8,882,1159,1231,751.2",27.502212524414062,30.26988410949707,"14.06,26.93,31.11,28.56,31.92,28.95,28.86,29.64","1.402,4.537,4.492,3.451,3.446,3.92,3.486,2.891","2.055,3.918,4.437,3.797,4.002,3.81,4.38,4.03",249,0.04913115128874779,240,0.050536610186100006,"147,1279,713,1073,865,1229,969,1173",0.771270215511322,0.4951171875,0.4638671875,"0.397,0.431,0.387,0.517,0.527,0.36,0.362,0.395","12.2,9.5,8.44,6.44,6.09,5.19,5,4.5","0.0038,0.00497,-0.0262,0.0178,-0.0121,0.0168,0.00903,0.00181","0,0,-0.0525,0,0,0,0,0","0,0,-0.0477,0.0273,0,0,0,0",0.2275390625,0.19612163305282593,3,0.7639236450195312,0.12410250306129456
5,v_proj,gptq,256,1536,0,0.00205230712890625,0.00144195556640625,6.641493037219334,0.01852278982833449,29.903507232666016,24.029067993164062,7.808859825134277,17.825607299804688,11.507408142089844,17.612483978271484,0.7856125235557556,6.659123420715332,0.12734131515026093,"1173,713,1279,147,1215,865,1360,1073,580,1222,1424,286,1248,969,223,1229",243.50917053222656,,,,,0,6.610681533813477,8.529088020324707,4.967352390289307,9.132577896118164,"0.586,0.985,0.947,0.655,0.717,0.768,0.778,0.569",912.11181640625,761.2437744140625,"78.04,1240,1252,703.8,882,1159,1231,751.2",27.502212524414062,30.26988410949707,"14.06,26.93,31.11,28.56,31.92,28.95,28.86,29.64","0.7321,3.09,2.931,2.357,2.556,2.806,3.034,2.245","0.9566,3.114,3.013,2.912,3.02,3.203,3.44,2.976",91,0.04979153722524643,107,0.03328223526477814,"147,1279,713,1073,865,1229,969,1173",0.20267879962921143,0.75732421875,0.90771484375,"0.12,0.12,0.104,0.208,0.157,0.123,0.138,0.162","12.2,9.5,8.44,6.44,6.09,5.19,5,4.5","-0.00333,0.000201,0.00331,-0.000261,-0.00291,0.00294,-0.0031,-0.00702","0,0,0,0,0,0,-0.0123,-0.0123","0,0,0,0,0,0,0,0",0.1455078125,0.14955829083919525,1,0.570367157459259,0.29124513268470764
5,o_proj,gptq,1536,1536,0,0.002118004692925347,0.0014449225531684028,67.04661736648995,0.037733433058862655,198.06671142578125,106.18313598632812,5.561661720275879,14.407350540161133,6.838507652282715,12.281357765197754,0.8458141088485718,66.72599029541016,0.078119195997715,"1173,1429,1301,733,93,917,1045,789,349,477,605,1513,1385,1129,1001,221",91.90283966064453,,,,,0,2.1167211532592773,5.46031379699707,3.5018668174743652,6.056187629699707,"0.125,0.363,0.352,0.688,0.399,0.230,0.227,0.500",416.36981201171875,789.9047241210938,"46.04,495.6,247.9,915.6,423.3,156.1,124.8,921.7",8.845888137817383,9.938355445861816,"8.608,9.08,9.36,9.314,7.825,7.541,7.203,11.84","0.8004,1.473,1.388,2.023,1.28,0.9513,0.9077,2.176","2.267,2.444,2.338,2.44,2.027,1.984,1.907,3.077",1421,0.015546035952866077,580,0.016635388135910034,"477,733,349,605,1429,1301,917,789",0.40757864713668823,0.47802734375,0.5487467646598816,"0.64,0.514,0.878,0.472,0.849,0.93,0.651,0.551","2.56,2.48,2.31,2.28,1.58,1.42,1.39,1.19","-0.131,-0.266,-0.428,-0.223,-0.167,-0.16,-0.114,-0.144","-0.131,-0.261,-0.392,-0.261,-0.131,-0.131,-0.131,-0.131","-0.114,-0.298,-0.489,-0.256,-0.159,-0.183,-0.0999,-0.169",0.45703125,0.44085803627967834,1,0.15961678326129913,0.18248897790908813
5,gate_proj,gptq,8960,1536,0,0.002087765648251488,0.0014141991024925595,265.1492256461788,0.017494110243628763,1136.6015625,883.4005126953125,941.66552734375,3123.144775390625,1825.59521484375,3325.7666015625,0.8330575227737427,264.684326171875,0.3810052275657654,"713,147,1279,286,1229,1173,969,520,408,940,553,1421,1248,1215,33,102",186.31939697265625,,,,,0,1302.685791015625,2105.28662109375,724.3233642578125,1580.5411376953125,"0.354,0.802,0.989,0.614,0.522,0.916,0.872,0.416",1062.630126953125,868.91015625,"176,1352,1507,886.3,1025,1335,1438,782.4",56.91581726074219,51.78494644165039,"90.37,61.42,57.3,51.15,53.17,46.48,45.59,49.86","43.2,44.21,43.67,30.91,29.71,34.37,32.83,24.42","72.62,49.36,43.91,39.44,41.1,35.91,35.16,37.86",2795,0.0023805699311196804,5173,0.002391855465248227,"147,713,1279,1229,969,940,553,286",0.4402301013469696,0.19652622938156128,0.17377232015132904,"3.98,4.12,3.4,4.07,4.27,4.02,3.98,4.46","19,16.4,14.6,12.9,12.1,9.81,8.81,5.97","-0.061,-0.0317,-0.0413,-0.0618,-0.00516,-0.0396,-0.0544,-0.0267","-0.109,0,0,-0.109,0,0,0,0","-0.0474,-0.0379,0,-0.109,0,-0.0322,-0.0552,-0.0271",0.3828125,0.3281250298023224,1,1.4493613243103027,0.09974288940429688
5,up_proj,gptq,8960,1536,0,0.002117919921875,0.0014840262276785714,135.01465784777974,0.013935748060090831,703.1919555664062,576.8409423828125,595.9550170898438,1561.6116943359375,1004.7120361328125,1690.275634765625,0.8330575227737427,134.74253845214844,0.28019818663597107,"713,1279,147,1229,286,1173,940,408,969,553,520,1421,1248,1215,33,102",186.31939697265625,,,,,0,662.58642578125,1042.74169921875,435.4078063964844,819.0057373046875,"0.303,0.755,1.008,0.622,0.591,0.962,0.898,0.528",1062.630126953125,868.91015625,"176,1352,1507,886.3,1025,1335,1438,782.4",56.91581726074219,51.78494644165039,"90.37,61.42,57.3,51.15,53.17,46.48,45.59,49.86","26.81,29.6,30.91,22.33,22.85,26.27,25.67,19.5","48.74,34.08,30.79,28.32,29.72,26.79,27.09,26.84",7794,0.005969871301203966,161,0.002653735224157572,"147,713,1279,1229,969,940,553,286",0.2859068810939789,0.7940011024475098,0.86376953125,"0.651,0.661,0.875,0.669,0.732,0.862,0.826,0.585","19,16.4,14.6,12.9,12.1,9.81,8.81,5.97","-0.0144,0.00879,0.0272,0.0154,0.0291,0.00861,-0.0144,0.0115","0,0,0,0,0,0,0,0","-0.024,0,0,0,0.0264,0,0,0",0.27734375,0.2377232313156128,2,1.765259027481079,1.485625982284546
5,down_proj,gptq,1536,8960,0,0.002016122000558036,0.0014652797154017857,390.3309481798706,0.04287984854329739,979.4608764648438,586.6102905273438,15.957886695861816,43.23685073852539,28.53934097290039,135.8978271484375,0.9995056986808777,388.8792724609375,0.14136293530464172,"8729,5242,8513,2360,1941,6258,994,494,2208,6562,4215,6368,6193,6293,2213,6927",2837.941650390625,,,,,0,14.765546798706055,285.66033935546875,16.79991340637207,16.448556900024414,"0.000,0.671,1.357,0.715,0.892,0.967,1.050,1.000",7792.796875,9559.314453125,"223.8,3743,1.222e+04,5903,7547,1.089e+04,1.619e+04,5621",40.36725616455078,15.356772422790527,"212.2,14.54,15.78,13.96,14.83,17.08,19.74,14.77","0.6609,3.279,4.659,3.241,3.783,4.268,5.252,3.823","46.51,4.004,3.999,3.833,4.006,4.34,5.126,3.823",1421,0.009862999431788921,1421,0.07404088228940964,"5055,3821,5232,8078,7078,2693,2908,2454",0.4137779474258423,0.4261067807674408,0.44287109375,"0.89,0.654,1.06,0.655,0.914,0.983,0.719,0.455","5.19,3.7,2.69,2.36,2.33,1.66,1.66,1.64","0.0427,-0.00595,-0.0444,0.0179,0.0189,-0.0491,-0.0317,-0.0112","0.0358,0,-0.0427,0,0,-0.0821,0,0","0,0,0,0,0,-0.0938,0,0",0.953125,0.836618185043335,1,0.3756706714630127,1.0900226831436157
6,q_proj,gptq,1536,1536,0,0.0020692613389756945,0.0014707777235243055,89.44246032100637,0.04110555687670499,223.50347900390625,153.1529541015625,65.12287139892578,198.76644897460938,113.77984619140625,190.86195373535156,0.7808922529220581,88.89076232910156,0.26327964663505554,"713,1173,1215,147,1251,500,1303,1073,1166,1360,1229,566,865,223,1412,574",247.38388061523438,,,,,0,65.9492416381836,89.49502563476562,42.703460693359375,100.85091400146484,"0.508,1.248,0.921,0.517,0.577,0.888,0.765,0.350",816.5576171875,732.801513671875,"65.7,1179,1198,591.4,824.4,992.8,1027,654.3",29.542194366455078,31.615116119384766,"13.87,29.35,33.7,31.3,32.55,31.52,31.79,32.27","3.07,10.33,10.18,7.055,7.615,9.392,8.673,6.06","4.309,9.243,10.61,9.813,10.03,9.966,9.917,10.24",181,0.047720570117235184,184,0.01995599828660488,"147,1073,713,1229,1532,553,223,1424",0.6998113393783569,0.439208984375,0.4995931088924408,"0.844,1.06,1,0.942,1.26,1.05,1.32,1","13.8,9.12,8.62,5.09,4.94,4.94,4.84,4.56","0.0432,0.0302,-0.000942,0.0513,0.0947,0.017,-0.159,-0.0245","0,0,0,0,0.103,0.103,-0.205,0","0.0837,0,0,0,0.0954,0,-0.167,0",0.384765625,0.4107142984867096,1,1.663572072982788,0.44242727756500244
6,k_proj,gptq,256,1536,0,0.0019963582356770835,0.001495361328125,20.355261003051055,0.0466873424644823,47.461692810058594,31.69512367248535,14.554911613464355,43.85083770751953,25.647722244262695,42.6373176574707,0.7808922529220581,20.353694915771484,0.2661292254924774,"713,1173,147,1215,1251,500,1303,1073,1166,1360,1222,1248,566,865,223,1214",247.38388061523438,,,,,0,14.194108963012695,20.310636520385742,10.204314231872559,22.734588623046875,"0.451,1.608,1.029,0.426,0.441,0.790,0.719,0.313",816.5576171875,732.801513671875,"65.7,1179,1198,591.4,824.4,992.8,1027,654.3",29.542194366455078,31.615116119384766,"13.87,29.35,33.7,31.3,32.55,31.52,31.79,32.27","1.464,4.931,4.919,3.134,3.443,4.37,3.773,2.81","2.179,3.888,4.849,4.8,5.184,4.917,4.449,5.022",254,0.0680246353149414,248,0.043552909046411514,"147,1073,713,1229,1532,553,223,1424",0.7872207164764404,0.45947265625,0.470703125,"0.389,0.507,0.354,0.376,0.659,0.361,0.483,0.528","13.8,9.12,8.62,5.09,4.94,4.94,4.84,4.56","-0.0262,-0.0483,-0.0226,-0.0444,0.163,-0.0583,-0.0267,-0.04","0,-0.0639,0,0,0.192,-0.128,0,-0.0639","-0.0444,-0.0488,0,-0.0519,0.14,-0.0639,-0.0444,-0.0466",0.2236328125,0.1916852742433548,9,0.8978580236434937,0.10033097118139267
6,v_proj,gptq,256,1536,0,0.00212860107421875,0.0014241536458333333,5.554265184830911,0.02007429624726952,22.926929473876953,18.00133514404297,5.140507221221924,16.919654846191406,7.837143421173096,16.354740142822266,0.7808922529220581,5.49711799621582,0.14818647503852844,"713,1173,1215,147,1073,1360,1303,1229,223,1222,1166,1248,865,1412,718,251",247.38388061523438,,,,,0,4.281896114349365,7.972083568572998,3.5398147106170654,8.851693153381348,"0.290,0.764,0.774,0.345,0.400,0.664,0.547,0.301",816.5576171875,732.801513671875,"65.7,1179,1198,591.4,824.4,992.8,1027,654.3",29.542194366455078,31.615116119384766,"13.87,29.35,33.7,31.3,32.55,31.52,31.79,32.27","0.5993,2.62,2.721,1.686,1.926,2.3,2.219,1.692","1.112,2.998,3.093,2.87,3.044,2.823,2.999,3.086",117,0.04188708961009979,228,0.029239213094115257,"147,1073,713,1229,1532,553,223,1424",0.3818489611148834,0.5888671875,0.82177734375,"0.121,0.283,0.182,0.163,0.088,0.131,0.294,0.201","13.8,9.12,8.62,5.09,4.94,4.94,4.84,4.56","-0.00601,-0.0206,0.0076,-0.0439,0.000162,-0.0376,0.0249,0.00182","0,0,0,-0.0396,0,-0.0396,0.0396,0","0,-0.024,0,-0.0396,0,-0.0402,0.0202,0",0.138671875,0.1584821492433548,1,0.39425110816955566,0.030939411371946335
6,o_proj,gptq,1536,1536,0,0.0021078321668836805,0.0014487372504340278,52.0365661380165,0.03839342920166066,147.00564575195312,82.67462158203125,2.762859582901001,9.19178295135498,3.7255866527557373,6.5508246421813965,0.7048788666725159,51.866455078125,0.070688396692276,"403,147,531,20,795,275,1051,659,923,785,1307,913,948,148,19,1460",122.70623016357422,,,,,0,1.521575689315796,2.8466248512268066,1.8519536256790161,2.9886815547943115,"0.258,0.481,0.812,0.594,0.620,0.354,0.517,0.505",481.8074645996094,610.6478271484375,"55.73,271.7,602.3,480.4,371.5,157.4,584.5,1331",6.750194549560547,7.091235160827637,"5.374,5.664,6.599,6.429,5.96,4.917,7.767,11.29","0.6323,0.9402,1.444,1.195,1.186,0.6837,1.294,1.956","1.245,1.356,1.603,1.551,1.507,1.15,1.8,2.752",609,0.01821351982653141,707,0.009897701442241669,"147,403,19,275,659,561,569,539",0.29000982642173767,0.4224446713924408,0.433837890625,"0.413,0.567,0.751,0.696,1.03,1.06,1.15,0.995","1.97,1.84,1.19,1.14,0.941,0.895,0.887,0.758","-0.00607,-0.0981,-0.127,0.0344,-0.0344,-0.00687,0.0143,0.0471","0,-0.077,-0.154,0,0,0,0,0.077","0,-0.107,-0.109,0.0377,-0.0449,0,0,0.0317",0.26953125,0.2310267984867096,2,0.1600881665945053,0.05349526181817055
6,gate_proj,gptq,8960,1536,0,0.002069455101376488,0.0014508928571428572,208.50621960902936,0.01641223194435809,958.5391235351562,762.9383544921875,274.2008972167969,567.361572265625,440.5548400878906,570.738525390625,0.754980742931366,208.4400634765625,0.20452381670475006,"713,1173,147,1229,408,1215,520,286,553,1248,1395,969,940,33,102,1214",113.74291229248047,,,,,0,264.2232666015625,365.20477294921875,193.06411743164062,270.92987060546875,"0.191,0.950,1.141,0.813,0.786,0.984,0.927,0.655",1076.7396240234375,939.3499145507812,"166.8,1561,1544,762.4,1065,1308,1387,820.2",25.853506088256836,23.0613956451416,"36.4,29.22,24.99,20.55,24.26,23.78,25,22.64","11.99,21.22,19.17,13.29,15.37,16.76,17.06,12.96","27.43,21.76,17.95,14.74,17.34,16.89,17.72,16",7958,0.002610571915283799,386,0.0035102737601846457,"147,553,713,1229,969,1073,1200,1248",0.1571989506483078,0.3338169753551483,0.31495535373687744,"3.51,3.39,3.41,3.64,3.75,2.51,2.95,3.31","6.94,4.47,4,3.89,3.67,2.61,2.41,1.84","-0.137,0.00294,-0.182,-0.0889,-0.0825,0.0148,0.0308,0.063","-0.132,0,-0.198,-0.0661,-0.0661,0,0.0661,0.0661","-0.13,0,-0.158,-0.108,-0.0988,0.0232,0.0541,0.0541",0.2314453125,0.1983816921710968,3,0.7854402661323547,0.10662487149238586
6,up_proj,gptq,8960,1536,0,0.0020929972330729165,0.0014786493210565475,145.53806053091103,0.013711058014577887,771.7803344726562,640.4912109375,225.67694091796875,436.549072265625,332.89703369140625,444.0787658691406,0.754980742931366,145.33143615722656,0.14763681590557098,"713,1173,147,1229,408,1215,553,286,1248,520,1395,969,940,33,102,1214",113.74291229248047,,,,,0,191.79025268554688,270.75982666015625,157.40347290039062,216.66461181640625,"0.153,0.908,1.073,0.754,0.750,0.956,0.916,0.669",1076.7396240234375,939.3499145507812,"166.8,1561,1544,762.4,1065,1308,1387,820.2",25.853506088256836,23.0613956451416,"36.4,29.22,24.99,20.55,24.26,23.78,25,22.64","8.697,17.13,16.3,11.37,13.48,14.86,15.19,11.71","22.22,17.98,15.74,13.1,15.56,15.19,15.88,14.32",2455,0.002414850750938058,2455,0.005358987953513861,"147,553,713,1229,969,1073,1200,1248",0.10208722203969955,0.5826590657234192,0.6742466688156128,"0.964,1.01,1.06,0.965,1.16,2.06,2.09,1.63","6.94,4.47,4,3.89,3.67,2.61,2.41,1.84","0.00842,0.00383,-0.00824,-0.000954,-0.00211,-0.0179,0.0109,-0.00793","0,0,0,0,0,-0.0569,0,0","0,0,0,0,0,0,0,0",0.22265625,0.2332068234682083,1,0.6622524261474609,1.1392226219177246
6,down_proj,gptq,1536,8960,0,0.0020142328171502974,0.0014604114350818453,370.95521122514594,0.03628581936368439,1039.01220703125,659.8814697265625,19.66946029663086,38.0507926940918,44.58680725097656,37.280426025390625,0.04656859487295151,370.556640625,0.05741885304450989,"4015,6368,1336,6697,5985,5333,5032,1290,8523,276,4289,3972,4170,2207,4163,1682",23.267303466796875,,,,,0,23.524669647216797,19.30722427368164,27.429767608642578,20.618480682373047,"0.057,0.992,1.424,1.166,1.128,1.391,1.389,1.354",10469.9697265625,12174.140625,"200.8,7745,1.679e+04,5857,9646,1.414e+04,1.402e+04,1.537e+04",15.893329620361328,16.51697540283203,"9.981,15.95,18.67,13.22,16.35,17.06,17.81,18.1","0.6787,4.419,6.012,3.736,4.788,5.583,5.699,5.617","2.831,4.436,5.038,3.459,4.508,4.734,4.836,4.827",1337,0.008668734692037106,1102,0.006776696071028709,"1515,3125,2334,4544,6644,1397,8625,1452",0.18778429925441742,0.35888671875,0.3497721552848816,"1.13,1.04,1.23,1.05,1.03,1.1,0.813,1.18","3.22,2.98,2.28,2.12,1.91,1.86,1.71,1.69","-0.0159,0.00891,0.0291,-0.0109,0.0107,0.0303,0.0141,0.0229","-0.0283,0,0.0455,0,0,0,0.0168,0.0268","-0.0253,0,0.0222,0,0,0.0205,0.0244,0.0253",0.12890625,0.13330119848251343,1,0.44580724835395813,0.08895044773817062
7,q_proj,gptq,1536,1536,0,0.002089606391059028,0.001468658447265625,58.559643613523804,0.02846882856376726,180.94383239746094,125.71636962890625,31.28600311279297,104.76773071289062,60.10626220703125,107.14862823486328,0.7567045092582703,58.68153381347656,0.31274470686912537,"713,1173,1215,147,1073,1360,865,580,1166,223,1424,1222,1229,1248,1283,356",239.77529907226562,,,,,0,34.081512451171875,56.486576080322266,25.984966278076172,50.95067596435547,"0.217,0.786,0.818,0.440,0.595,0.683,0.577,0.489",1020.5056762695312,935.080810546875,"166.3,1231,1556,679.4,1005,1229,1185,1112",26.55718994140625,26.166336059570312,"20.53,28.35,28.45,25.23,27.92,26.2,27.98,27.79","2.7,7.202,7.376,4.786,5.875,6.054,5.938,5.455","5.801,8.123,8.158,7.213,7.62,7.323,7.819,7.802",574,0.012636584229767323,627,0.022194592282176018,"147,1073,713,1424,865,553,223,1229",0.6740226745605469,0.4715169370174408,0.50830078125,"0.713,1.03,0.791,0.77,1.04,0.807,1.31,0.818","10.9,9.31,6.38,5.78,5.28,4.66,4.28,3.95","-0.00928,0.0952,-0.0601,-0.00345,-0.062,0.00155,0.0215,0.0179","0,0.113,-0.0566,0,-0.0566,0,0,0","0,0.0932,-0.0463,0,-0.0527,0,0,0",0.21875,0.24105894565582275,1,0.6604366898536682,0.01853618025779724
7,k_proj,gptq,256,1536,0,0.0021514892578125,0.0015157063802083333,13.176167396246456,0.0330869180702523,37.210723876953125,24.478595733642578,6.531163692474365,20.897991180419922,14.137642860412598,21.157489776611328,0.7567045092582703,13.153995513916016,0.33082112669944763,"713,1173,1215,147,1073,1360,865,1424,1222,223,1166,580,1229,1248,1283,356",239.77529907226562,,,,,0,8.09939956665039,10.833181381225586,5.912896156311035,11.062826156616211,"0.200,1.132,1.292,0.564,0.706,0.759,0.662,0.495",1020.5056762695312,935.080810546875,"166.3,1231,1556,679.4,1005,1229,1185,1112",26.55718994140625,26.166336059570312,"20.53,28.35,28.45,25.23,27.92,26.2,27.98,27.79","1.304,3.569,3.961,2.403,2.87,2.703,2.726,2.435","2.92,3.355,3.484,3.2,3.416,3.103,3.35,3.462",183,0.08473681658506393,35,0.037683963775634766,"147,1073,713,1424,865,553,223,1229",0.60249924659729,0.45947265625,0.4423828125,"0.447,0.517,0.358,0.51,0.572,0.406,0.403,0.421","10.9,9.31,6.38,5.78,5.28,4.66,4.28,3.95","-0.0952,-0.0347,0.00824,0.043,-0.0505,-0.0439,0.0231,-0.103","-0.0656,0,0,0.0656,-0.0656,-0.0656,0,-0.131","-0.109,-0.0363,0,0.0379,-0.0561,-0.0578,0.0272,-0.0879",0.2294921875,0.2622767984867096,1,0.8354171514511108,0.0577179417014122
7,v_proj,gptq,256,1536,0,0.0020853678385416665,0.0014546712239583333,7.994205522991251,0.026571228137141013,27.21259117126465,19.55596160888672,4.6660871505737305,15.179426193237305,8.760313034057617,15.820113182067871,0.7567045092582703,8.00205135345459,0.2533051073551178,"713,1173,1215,1360,147,1073,865,580,1166,1222,1424,223,1229,1248,356,1283",239.77529907226562,,,,,0,4.977471828460693,8.190458297729492,4.059630393981934,8.277159690856934,"0.232,0.789,0.818,0.460,0.559,0.636,0.567,0.524",1020.5056762695312,935.080810546875,"166.3,1231,1556,679.4,1005,1229,1185,1112",26.55718994140625,26.166336059570312,"20.53,28.35,28.45,25.23,27.92,26.2,27.98,27.79","0.9397,2.746,2.86,1.827,2.189,2.293,2.2,2.233","1.953,3.092,3.163,2.694,2.928,2.875,2.922,3.084",72,0.025341695174574852,97,0.030533012002706528,"147,1073,713,1424,865,553,223,1229",0.5163701772689819,0.693359375,0.76904296875,"0.135,0.217,0.141,0.259,0.204,0.148,0.216,0.15","10.9,9.31,6.38,5.78,5.28,4.66,4.28,3.95","-7.58e-05,0.00824,-0.00112,-0.00135,-0.00558,0.00241,0.00261,-0.00296","0,0,0,0,0,0,0,0","0,0,0,0,0,0,0,0",0.11767578125,0.1208941638469696,1,0.34839001297950745,0.22047393023967743
7,o_proj,gptq,1536,1536,0,0.002116309271918403,0.0014826456705729167,66.0785543271777,0.04204483149603073,173.03248596191406,93.82679748535156,3.889359712600708,13.621648788452148,6.037786483764648,14.193531036376953,0.730431318283081,66.09519958496094,0.04041937738656998,"469,725,213,341,538,597,26,85,441,485,424,331,511,410,666,154",36.78264236450195,,,,,0,2.5911507606506348,6.399937629699707,3.663546085357666,8.8160400390625,"0.067,0.543,0.388,0.410,0.314,0.293,0.522,0.494",671.2369384765625,1141.327880859375,"82.58,681.2,472.3,386.2,378.2,456.4,584.7,2328",10.015769958496094,11.384004592895508,"8.688,9.713,9.439,8.365,9.625,9.258,9.194,15.84","0.571,1.741,1.399,1.285,1.318,1.218,1.575,2.839","2.207,2.364,2.245,2.007,2.351,2.25,2.181,4.04",1378,0.00859952624887228,1421,0.01733788661658764,"410,213,341,725,85,1024,666,399",0.543394923210144,0.3955078125,0.4400227963924408,"0.754,0.536,0.689,0.785,0.772,0.896,0.86,1.01","1.88,1.87,1.86,1.76,1.57,1.49,1.27,1.25","0.0245,0.00217,0.0459,-0.0047,0.00121,-0.0173,-0.0583,0.0747","0.0363,0,0.0363,0,0,-0.0363,-0.0725,0.0618","0.0363,0,0.0533,0,0,-0.0195,-0.0534,0.0725",0.126953125,0.14631995558738708,1,0.12223450839519501,0.053075093775987625
7,gate_proj,gptq,8960,1536,0,0.0020834786551339286,0.001446751185825893,198.37462932965718,0.016551917089156976,908.61474609375,723.0579833984375,227.20956420898438,463.8877258300781,399.6720886230469,488.5696105957031,0.7323504090309143,197.89749145507812,0.1890992671251297,"1173,147,713,408,1229,1215,1248,1395,520,553,286,1214,940,102,969,1166",116.77029418945312,,,,,0,235.949951171875,303.85357666015625,196.6547393798828,247.89181518554688,"0.201,0.901,1.215,0.778,0.795,0.995,0.945,0.806",1249.391845703125,1190.847900390625,"171.7,1400,1942,875.2,1203,1529,1478,1398",24.938072204589844,22.705169677734375,"32.11,26.07,25.19,20.64,23.74,23.56,23.92,24.28","10.08,17.3,19.12,12.52,14.5,16.32,16.05,15.17","22.5,18.23,17.34,14.19,16.27,16.35,16.51,16.9",1946,0.0033003578428179026,8273,0.003049055580049753,"147,553,1229,1073,713,969,1200,1173",0.14309442043304443,0.32232144474983215,0.3134765625,"3.26,3.21,3.24,2.38,2.95,3.13,2.81,3.32","6.53,3.91,3.34,3.34,3.03,2.47,2.38,2.12","0.102,0.0197,0.000129,0.0114,0.0347,-0.0583,-0.0583,0.0996","0.0921,0,0,0,0,0,0,0.0921","0.11,0.0345,0,0,0,-0.0725,-0.0449,0.0898",0.322265625,0.2762277126312256,1,0.8332762122154236,0.0444660484790802
7,up_proj,gptq,8960,1536,0,0.002106439499627976,0.0014752342587425595,163.96184922970133,0.014807210706330447,831.3704833984375,687.6597900390625,211.92532348632812,411.3267517089844,354.4118957519531,437.36083984375,0.7323504090309143,163.62054443359375,0.14749717712402344,"1173,147,713,1215,1229,408,1248,1395,553,520,286,1214,940,102,969,1222",116.77029418945312,,,,,0,203.69482421875,272.424560546875,182.39108276367188,224.35406494140625,"0.164,0.847,1.108,0.764,0.769,0.968,0.893,0.818",1249.391845703125,1190.847900390625,"171.7,1400,1942,875.2,1203,1529,1478,1398",24.938072204589844,22.705169677734375,"32.11,26.07,25.19,20.64,23.74,23.56,23.92,24.28","8.333,15.54,17.63,11.81,13.7,15.44,15.03,14.7","20.58,16.89,16.75,13.51,15.62,15.69,15.9,16.26",3156,0.003603503108024597,1798,0.0035492442548274994,"147,553,1229,1073,713,969,1200,1173",0.10562197118997574,0.5958845019340515,0.6884207725524902,"1.02,1.06,1.16,2.08,1.36,1.4,2.14,1.22","6.53,3.91,3.34,3.34,3.03,2.47,2.38,2.12","0.0136,0.0136,-0.021,0.0155,-0.0054,-0.0322,0.0309,-0.0122","0,0,0,0,0,0,0,0","0.0255,0.0193,-0.0318,0.0222,0,-0.0229,0.0318,0",0.23046875,0.2633928656578064,1,0.822687029838562,0.11793047189712524
7,down_proj,gptq,1536,8960,0,0.0020139421735491073,0.0014601934523809524,372.6375009914341,0.035028185615325315,1110.301025390625,729.7559814453125,19.777599334716797,38.14738082885742,46.46831512451172,41.865394592285156,0.2751714587211609,371.7635192871094,0.060979824513196945,"2424,7346,2625,2364,291,3782,3813,2942,3458,8549,527,6989,2170,8419,5497,5152",22.614973068237305,,,,,0,27.773056030273438,23.50334358215332,29.59912872314453,25.18146514892578,"0.063,1.017,1.450,1.003,1.056,1.319,1.378,1.199",11920.822265625,12187.359375,"195,1.148e+04,1.721e+04,5559,9641,1.345e+04,2.389e+04,1.393e+04",16.46991729736328,17.13291358947754,"8.969,18.02,18.71,12.91,16.33,17.3,19.87,19.65","0.6649,5.46,6.454,3.607,4.859,5.743,6.571,6.124","2.648,5.416,5.359,3.602,4.729,5.001,5.598,5.594",1421,0.022862546145915985,1421,0.009914734400808811,"7125,248,4866,1297,4043,7919,6240,1519",0.2530262768268585,0.3487142026424408,0.354736328125,"1.1,1.02,1.16,1.12,1.05,1.22,1.06,1.05","5.28,2.75,2.2,1.95,1.59,1.59,1.4,1.38","0.0243,0.14,-0.0135,0.00433,0.0244,-0.113,0.027,-0.219","0,0.0821,0,0,0,-0.105,0.0511,-0.123","0,0.152,0,0,0,-0.0871,0,-0.2",0.93359375,0.8002232909202576,2,0.7347249984741211,0.47084447741508484
8,q_proj,gptq,1536,1536,0,0.002083248562282986,0.0014470418294270833,80.15903288579648,0.03722283641274447,220.76876831054688,147.7413787841797,64.7586669921875,179.35272216796875,129.3953399658203,181.23728942871094,0.7315320372581482,79.89744567871094,0.2869086265563965,"1173,713,147,1215,1073,1360,1222,223,865,500,44,1248,574,1424,1412,989",230.37313842773438,,,,,0,69.55392456054688,91.80028533935547,59.803131103515625,98.79071807861328,"0.667,1.015,1.040,0.524,0.621,0.808,0.715,0.581",1069.534423828125,1117.15771484375,"75.35,1137,1607,725,1082,1319,1306,1306",30.22194480895996,31.872577667236328,"12.82,32.03,33.74,30.6,33.6,32.21,32.82,33.95","3.143,10.26,10.66,7.021,8.091,8.595,8.607,8.065","3.849,10.18,10.45,9.702,10.27,9.564,10.18,10.58",958,0.05301964282989502,555,0.018233725801110268,"147,1073,223,713,865,1424,1173,553",0.46689659357070923,0.4811198115348816,0.5064290761947632,"0.623,1.01,1.16,0.754,1.07,0.78,0.726,0.711","12.4,11.9,5.84,5.78,5.12,5.03,4.69,4.09","-0.0178,0.00546,-0.0306,-0.013,-0.017,0.0605,-0.0293,0.0173","0,0,0,0,0,0,0,0","0,0,0,0,0,0,0,0",0.6328125,0.5424107313156128,1,1.8630564212799072,0.7465221881866455
8,k_proj,gptq,256,1536,0,0.0020395914713541665,0.0015106201171875,14.554576780778916,0.03742114788252663,38.917137145996094,26.1109619140625,11.463530540466309,32.498443603515625,23.301729202270508,32.29803466796875,0.7315320372581482,14.444965362548828,0.2824636995792389,"1173,713,147,1073,223,1215,1360,865,1222,500,44,1424,215,1248,574,718",230.37313842773438,,,,,0,12.610541343688965,15.855071067810059,11.157183647155762,17.90350914001465,"0.745,1.045,0.806,0.563,0.627,0.920,0.734,0.863",1069.534423828125,1117.15771484375,"75.35,1137,1607,725,1082,1319,1306,1306",30.22194480895996,31.872577667236328,"12.82,32.03,33.74,30.6,33.6,32.21,32.82,33.95","1.45,4.082,4.124,2.84,3.487,4.253,3.531,3.785","1.68,3.993,4.595,3.786,4.403,4.434,4.122,4.074",60,0.05869867652654648,249,0.056121714413166046,"147,1073,223,713,865,1424,1173,553",0.5836590528488159,0.3837890625,0.3857421875,"0.443,0.543,0.495,0.469,0.536,0.565,0.402,0.453","12.4,11.9,5.84,5.78,5.12,5.03,4.69,4.09","-0.0237,0.043,-0.0728,0.0334,-0.00766,0.00766,-0.0234,-0.0136","0,0.0569,-0.0569,0.0569,0,0,-0.0569,-0.0569","-0.0466,0.0342,-0.0932,0.046,0,0,-0.0441,0",0.19921875,0.19719447195529938,1,0.8448249697685242,0.0353727713227272
8,v_proj,gptq,256,1536,0,0.0019175211588541667,0.001312255859375,5.607395776286012,0.020833874160898165,22.176620483398438,16.667518615722656,5.8737688064575195,15.577630996704102,10.30217170715332,15.808881759643555,0.7315320372581482,5.60037899017334,0.16272062063217163,"1173,713,147,1215,1073,223,1360,1222,865,44,580,1248,215,574,1412,989",230.37313842773438,,,,,0,5.5063886642456055,7.994609832763672,5.653056621551514,8.751960754394531,"0.458,0.739,0.840,0.541,0.562,0.807,0.702,0.608",1069.534423828125,1117.15771484375,"75.35,1137,1607,725,1082,1319,1306,1306",30.22194480895996,31.872577667236328,"12.82,32.03,33.74,30.6,33.6,32.21,32.82,33.95","0.6707,2.577,2.917,1.948,2.34,2.656,2.672,2.233","0.9915,2.998,3.183,2.647,3.121,2.956,3.19,2.862",141,0.03773610293865204,54,0.03252582624554634,"147,1073,223,713,865,1424,1173,553",0.26600292325019836,0.77099609375,0.890625,"0.12,0.194,0.188,0.118,0.134,0.181,0.157,0.136","12.4,11.9,5.84,5.78,5.12,5.03,4.69,4.09","-0.00166,0.000584,-0.00258,-0.00473,0.00519,0.000633,-0.00375,-0.00218","0,0,0,0,0,0,0,0","0,0,0,0,0,0,0,0",0.1025390625,0.11391611397266388,1,0.4545965790748596,0.37239405512809753
8,o_proj,gptq,1536,1536,0,0.002144707573784722,0.001452975802951389,55.00359545977585,0.035853393111060734,160.9435272216797,93.23483276367188,5.030592918395996,14.089095115661621,6.164649963378906,10.267353057861328,0.7719346284866333,55.033023834228516,0.08293920010328293,"503,375,631,982,247,119,1110,759,866,1366,1494,854,1238,1250,401,444",62.17257308959961,,,,,0,1.8171446323394775,3.6654791831970215,4.319599628448486,6.619039535522461,"0.238,0.456,0.453,0.447,0.481,0.326,0.692,0.588",387.60205078125,1021.21826171875,"40.76,265.4,257.4,290.8,289.6,158.9,510.1,1288",7.736222267150879,10.300617218017578,"6.814,7.109,7.009,7.322,7.426,6.03,7.599,12.58","0.7886,1.139,1.158,1.206,1.23,0.8407,1.527,2.295","1.616,1.686,1.721,1.805,1.774,1.473,1.837,2.994",1253,0.00965901929885149,843,0.007379601243883371,"503,631,982,854,247,119,1366,1110",0.42331188917160034,0.46728515625,0.4853515625,"0.872,0.848,0.502,0.587,0.847,0.637,0.637,0.719","1.96,1.86,1.73,1.7,1.7,1.62,1.6,1.53","-0.0498,-0.0115,0.0386,0.0315,-0.000782,0.0058,0.0117,-0.0276","-0.0572,0,0.0286,0.0286,0,0,0.0286,-0.0286","-0.0605,-0.0154,0.029,0.0342,0,0,0.0167,-0.0244",0.10595703125,0.11795196682214737,1,0.12088538706302643,0.0191708505153656
8,gate_proj,gptq,8960,1536,0,0.0020906720842633927,0.0014394124348958333,194.93696854848167,0.01642661519458191,889.88916015625,712.052001953125,228.908203125,478.0044250488281,419.43603515625,502.2587585449219,0.7707927227020264,194.68756103515625,0.21768338978290558,"1173,147,713,1229,1248,520,408,286,553,1215,1395,969,102,1214,1222,940",118.89036560058594,,,,,0,239.4407501220703,306.16156005859375,222.16957092285156,267.7827453613281,"0.187,0.878,1.279,0.861,0.799,1.017,0.984,0.776",1265.214599609375,1298.299560546875,"172.5,1303,1929,862.8,1255,1536,1537,1527",25.10785675048828,23.916696548461914,"32.13,25.13,25.47,20.3,24.2,23.77,24.19,25.67","9.907,16.45,19.5,12.84,14.68,16.35,16.41,15.79","22.91,17.56,17.24,13.84,16.42,16.21,16.55,17.92",3383,0.0026631387881934643,4010,0.0025810562074184418,"147,553,1073,1229,713,1173,969,19",0.10501693189144135,0.30983537435531616,0.29638671875,"3.26,3.35,2.32,3.39,3.15,3.36,3.34,2.9","6.53,3.84,3.53,3.38,2.78,2.53,2.36,2.11","-0.0457,-0.0447,-0.0293,-0.0544,-0.0159,0.085,-0.0859,0.00854","-0.0452,-0.0452,-0.0452,-0.0452,0,0.0904,-0.0904,0","-0.0589,-0.0312,-0.0391,-0.0452,-0.0275,0.0904,-0.0774,0",0.158203125,0.1356026828289032,2,0.7573897838592529,0.16211293637752533
8,up_proj,gptq,8960,1536,0,0.0020954677036830356,0.0014618646530877976,152.84151005328386,0.014158319848594317,790.506591796875,654.4566650390625,208.5142059326172,406.087158203125,360.8286437988281,437.05047607421875,0.7707927227020264,152.6751708984375,0.16087263822555542,"1173,147,713,1229,1248,520,408,286,553,1215,1395,969,1214,102,1222,940",118.89036560058594,,,,,0,205.20297241210938,263.37835693359375,196.50729370117188,239.4571990966797,"0.148,0.822,1.198,0.793,0.778,1.007,0.976,0.866",1265.214599609375,1298.299560546875,"172.5,1303,1929,862.8,1255,1536,1537,1527",25.10785675048828,23.916696548461914,"32.13,25.13,25.47,20.3,24.2,23.77,24.19,25.67","7.692,14.69,17.93,11.76,13.88,15.59,15.33,15.37","19.98,16.21,16.39,13.2,15.73,15.54,15.51,16.51",4246,0.003471490927040577,5564,0.0025746901519596577,"147,553,1073,1229,713,1173,969,19",0.07116489112377167,0.6000000238418579,0.6926618218421936,"0.967,0.943,2,1.04,1.22,1.11,1.28,2.44","6.53,3.84,3.53,3.38,2.78,2.53,2.36,2.11","-0.00513,-0.000303,0.0554,0.0201,-0.0332,-0.0364,-0.00134,0.0118","0,0,0.0505,0,-0.0505,-0.0505,0,0","0,0,0.0513,0,-0.0452,-0.0639,0,0",0.30078125,0.2523675262928009,1,0.817552924156189,0.4038211703300476
8,down_proj,gptq,1536,8960,0,0.0020195370628720236,0.0014487130301339285,359.74067931353557,0.03506863615690594,1038.6072998046875,676.3917846679688,18.39354133605957,34.677452087402344,42.43923568725586,37.98551559448242,0.0876520499587059,359.4776611328125,0.08103499561548233,"7988,4317,447,4672,5564,574,6015,4221,4524,4631,6280,8287,4851,7130,4375,400",13.849111557006836,,,,,0,25.178466796875,21.17966079711914,27.731908798217773,24.76798439025879,"0.083,1.103,1.532,1.213,1.139,1.217,1.253,1.129",11434.7109375,12977.92578125,"193,1.33e+04,1.584e+04,6191,1.177e+04,1.081e+04,1.736e+04,1.601e+04",16.235448837280273,17.933792114257812,"7.39,18.67,17.32,12.71,16.63,16.09,19.56,21.51","0.6234,5.334,5.868,3.88,4.952,4.691,6.219,6.156","2.17,5.079,4.741,3.523,4.64,4.251,5.556,5.794",1421,0.015383938327431679,1161,0.00906455423682928,"588,5458,4016,1262,8770,1367,2467,4716",0.24159370362758636,0.3650716245174408,0.349853515625,"1.23,0.948,1.15,1.03,1.08,1.07,1.15,0.836","4.19,2.47,2.42,2.34,2.09,2.03,1.83,1.8","-0.0128,-0.0762,0.0165,0.0195,-0.295,-0.111,0.0311,-0.0131","0,0,0,0,-0.356,-0.0645,0.0945,0","0,-0.0731,0,0,-0.335,-0.0781,0,0",0.78515625,0.6790602803230286,1,0.6142429709434509,0.4316367208957672
9,q_proj,gptq,1536,1536,0,0.0020929972330729165,0.0014402601453993055,60.678922523511574,0.02791843660179235,192.00535583496094,135.0716552734375,48.452972412109375,151.57936096191406,100.16958618164062,157.7276611328125,0.7112187743186951,60.432411193847656,0.3215756416320801,"1173,713,147,1360,865,580,1073,1215,1222,1248,1424,901,356,507,223,868",274.4261779785156,,,,,0,54.887168884277344,75.79374694824219,51.589515686035156,85.89804077148438,"0.687,0.862,1.016,0.558,0.669,0.608,0.661,0.630",1098.0181884765625,1195.5264892578125,"91.66,1215,1659,858.7,1213,1090,1108,1548",28.715084075927734,31.700593948364258,"13.18,30.38,32.9,29.21,32.76,28.73,28.9,33.67","2.994,8.412,10.09,6.464,7.751,6.71,6.889,7.956","3.612,9.062,10.01,8.654,9.477,8.605,8.474,10.02",1068,0.016217941418290138,1084,0.01682945154607296,"1073,147,865,1424,713,580,223,1173",0.6363183856010437,0.5577799677848816,0.5675455927848816,"0.94,0.442,0.878,0.753,0.641,1.18,1.3,0.545","12.6,12,6.97,5.38,5.31,4.97,4.94,3.84","-0.0183,0.00638,0.0159,-0.00763,-0.00117,0.00818,-0.0214,-0.0115","0,0,0,0,0,0,0,0","0,0,0,0,0,0,0,0",0.1826171875,0.20865660905838013,1,0.9870861172676086,0.5145750045776367
9,k_proj,gptq,256,1536,0,0.0021642049153645835,0.00156402587890625,13.892604816588573,0.03302983735938659,41.095703125,27.80174446105957,10.410821914672852,30.71822738647461,22.682161331176758,30.687641143798828,0.7112187743186951,13.862009048461914,0.3330155313014984,"147,1173,713,1360,865,1073,580,1215,1248,1424,1222,356,901,223,1229,507",274.4261779785156,,,,,0,11.794574737548828,14.666473388671875,12.353689193725586,17.079673767089844,"0.657,1.010,1.321,0.561,0.653,0.674,0.795,0.659",1098.0181884765625,1195.5264892578125,"91.66,1215,1659,858.7,1213,1090,1108,1548",28.715084075927734,31.700593948364258,"13.18,30.38,32.9,29.21,32.76,28.73,28.9,33.67","1.447,4.112,4.684,3.009,3.561,3.101,3.123,3.508","1.785,4.092,4.075,4.016,4.408,3.778,3.503,4.322",113,0.037008997052907944,239,0.050954803824424744,"1073,147,865,1424,713,580,223,1173",0.7018431425094604,0.5556640625,0.51318359375,"0.454,0.385,0.443,0.509,0.396,0.325,0.359,0.411","12.6,12,6.97,5.38,5.31,4.97,4.94,3.84","-0.0298,0.0117,0.0115,0.0132,-0.0123,-0.00516,0.00775,-0.00613","-0.0336,0,0,0,0,0,0,0","-0.0335,0,0,0,0,0,0,0",0.126953125,0.14416436851024628,1,0.6851404905319214,0.18262894451618195
9,v_proj,gptq,256,1536,0,0.00212860107421875,0.00145721435546875,5.33553465512523,0.020130054750120783,21.317047119140625,16.212646484375,5.255702018737793,13.43353271484375,9.867173194885254,14.994523048400879,0.7112187743186951,5.3017988204956055,0.22000449895858765,"1173,713,147,865,1360,1073,580,1215,1248,1222,901,356,1424,507,553,223",274.4261779785156,,,,,0,5.494063377380371,7.583578109741211,5.506805896759033,8.141565322875977,"0.701,0.800,0.939,0.591,0.644,0.730,0.666,0.667",1098.0181884765625,1195.5264892578125,"91.66,1215,1659,858.7,1213,1090,1108,1548",28.715084075927734,31.700593948364258,"13.18,30.38,32.9,29.21,32.76,28.73,28.9,33.67","0.7933,2.751,2.953,2.03,2.415,2.184,2.322,2.631","0.9477,3.074,3.047,2.641,3.009,2.557,2.846,3.22",54,0.05105799064040184,231,0.031203869730234146,"1073,147,865,1424,713,580,223,1173",0.3757292330265045,0.75927734375,0.82373046875,"0.202,0.141,0.15,0.174,0.156,0.166,0.201,0.169","12.6,12,6.97,5.38,5.31,4.97,4.94,3.84","-0.000385,0.000311,-0.000341,-0.00214,-6.29e-05,-0.00348,-0.00427,-0.00476","0,0,0,0,0,0,0,0","0,0,0,0,0,0,0,0",0.1005859375,0.08806057274341583,3,0.5456296801567078,0.09643499553203583
9,o_proj,gptq,1536,1536,0,0.0021116468641493055,0.001457638210720486,52.79976285499288,0.034686399634263204,151.74734497070312,88.91055297851562,4.429030418395996,13.00430679321289,5.9319562911987305,13.416338920593262,0.9026889801025391,52.63786697387695,0.09018374234437943,"1121,865,993,1249,1505,169,1377,553,425,297,681,41,862,1374,1246,1118",41.512481689453125,,,,,0,2.5058488845825195,7.4289093017578125,4.060498237609863,7.804910182952881,"0.077,0.123,0.254,0.350,0.344,0.302,0.140,0.655",651.1051025390625,1160.0797119140625,"38.09,97.55,404.7,451.1,350.7,360,129,3378",11.282966613769531,12.063965797424316,"11.12,10.37,11.14,10.47,10.31,10.27,8.948,17.64","0.7568,0.8838,1.388,1.501,1.426,1.337,0.7801,3.176","2.73,2.522,2.756,2.536,2.432,2.432,2.086,3.926",1421,0.05718482658267021,1421,0.04397643357515335,"1121,993,865,1377,681,1505,425,1249",0.5613158345222473,0.392578125,0.4180501401424408,"0.757,0.846,0.807,0.972,0.808,0.787,0.608,0.895","3.66,3.55,2.73,2.59,2.38,2.34,2.31,2.09","-0.243,-0.201,-0.122,-0.203,0.459,-0.289,0.162,-0.00699","-0.208,-0.208,-0.208,-0.208,0.415,-0.208,0.208,0","-0.229,-0.172,-0.109,-0.174,0.393,-0.248,0.169,0",0.7265625,0.6227679252624512,3,0.3409945070743561,0.5100672841072083
9,gate_proj,gptq,8960,1536,0,0.002089291527157738,0.001449221656436012,191.02597621254972,0.016978456724697343,851.716064453125,680.456787109375,206.47430419921875,422.35968017578125,378.55438232421875,441.3640441894531,0.7598728537559509,190.8836212158203,0.20196977257728577,"1173,147,713,1229,1248,520,286,408,553,1215,969,1395,102,1214,1222,940",112.99507141113281,,,,,0,217.29685974121094,268.114501953125,212.336181640625,242.29428100585938,"0.206,0.835,1.271,0.877,0.918,0.967,0.946,0.932",1274.603271484375,1372.801025390625,"172.9,1350,1905,977.7,1376,1318,1367,1730",24.138378143310547,23.259044647216797,"30.29,24.22,24.4,20.1,23.8,22.18,22.36,25.76","9.536,15.09,18.32,12.72,15.21,14.54,14.44,16.46","21.01,16.52,16.25,13.58,15.88,14.78,14.85,17.06",6334,0.0018169083632528782,6419,0.0029212585650384426,"147,1073,553,969,1229,1200,1173,713",0.10977230966091156,0.3230747878551483,0.3133370578289032,"3.13,2.37,3.25,3.21,3.28,2.77,3.16,2.86","5.53,3.69,3.5,2.75,2.64,2.2,2.16,2.09","-0.0396,-0.0199,-0.0583,-0.00696,-0.0493,0.12,0.063,-0.0586","-0.0494,0,-0.0494,-0.0494,-0.0494,0.0988,0.0494,-0.0494","-0.0278,0,-0.0711,0,-0.0342,0.103,0.0684,-0.0748",0.1728515625,0.1975446492433548,1,0.6482917666435242,0.011106923222541809
9,up_proj,gptq,8960,1536,0,0.002098664783296131,0.0014595395042782738,158.6573388826655,0.014660137971670484,795.0983276367188,659.3138427734375,198.17474365234375,379.44354248046875,347.19805908203125,409.7095947265625,0.7598728537559509,158.48458862304688,0.1507209986448288,"1173,147,713,1229,1248,520,408,286,553,1215,969,1395,1214,102,1222,940",112.99507141113281,,,,,0,194.74363708496094,244.78262329101562,201.5991668701172,226.242431640625,"0.162,0.817,1.212,0.827,0.888,0.891,0.934,0.940",1274.603271484375,1372.801025390625,"172.9,1350,1905,977.7,1376,1318,1367,1730",24.138378143310547,23.259044647216797,"30.29,24.22,24.4,20.1,23.8,22.18,22.36,25.76","7.594,13.97,17.4,11.95,14.48,13.67,14.09,16.26","18.9,15.45,15.81,13.14,15.36,14.48,14.58,16.77",4921,0.001609570230357349,2229,0.002350524300709367,"147,1073,553,969,1229,1200,1173,713",0.07730550318956375,0.6013950705528259,0.6964007019996643,"1.02,1.97,0.922,1.3,1.11,2.05,1.18,1.29","5.53,3.69,3.5,2.75,2.64,2.2,2.16,2.09","-0.00595,0.0164,0.0156,0.000317,-0.00276,0.0432,-0.0177,0.0281","0,0,0,0,0,0.0455,0,0.0455","0,0.0202,0.0194,0,0,0.0502,-0.0251,0.0215",0.1591796875,0.1364397406578064,1,0.581007719039917,0.2263108789920807
9,down_proj,gptq,1536,8960,0,0.0019927251906622025,0.0014510381789434525,309.5312395807266,0.029937109902393084,991.7334594726562,679.2222290039062,17.840774536132812,32.004554748535156,43.54574203491211,39.59733581542969,0.11826511472463608,309.21942138671875,0.055087585002183914,"1935,3320,1686,4632,4535,5920,1015,7070,4257,4791,3022,2107,408,4902,8420,2184",18.034914016723633,,,,,0,25.192405700683594,23.064289093017578,28.70973777770996,24.54339599609375,"0.035,0.849,1.438,1.102,1.282,1.037,1.093,1.225",11556.94921875,13239.283203125,"196.2,8908,1.778e+04,8552,1.248e+04,8816,9346,2.638e+04",16.998382568359375,17.62244415283203,"12.81,16.66,18.28,14.14,16.92,15.04,15.34,26.81","0.6605,4.437,5.911,4.204,5.165,4.242,4.323,8.089","3.509,4.816,4.929,4.004,4.562,4.166,4.135,7.308",747,0.009031145833432674,166,0.008017625659704208,"3071,7957,2195,3631,2128,1904,6136,6131",0.16862474381923676,0.3397623896598816,0.3385416865348816,"1.15,1.02,1.23,1.33,1.04,1.13,1.2,1.02","3.92,2.56,2.27,2.19,2.08,1.95,1.53,1.51","0.0072,-0.0393,0.00989,-0.014,0.00812,0.0113,0.0243,0.0238","0,-0.0394,0,-0.0204,0,0.0211,0.0235,0.0197","0,-0.0285,0,-0.0246,0,0,0.0186,0.0186",0.11279296875,0.11845766007900238,1,0.4908384680747986,0.06761999428272247
10,q_proj,gptq,1536,1536,0,0.0021197001139322915,0.001441531711154514,55.75396853790153,0.028050988054224627,175.7337188720703,124.14100646972656,52.76384735107422,138.21841430664062,108.92207336425781,139.0577850341797,0.6631789803504944,55.597076416015625,0.31464993953704834,"1173,713,147,865,1360,1073,1424,580,1248,1222,901,1215,356,1229,113,742",201.47979736328125,,,,,0,59.476654052734375,64.70252990722656,62.64459228515625,80.34138488769531,"1.004,0.871,1.255,0.779,0.953,0.796,0.701,0.952",1068.587158203125,1262.7431640625,"77.52,1003,1616,957.7,1269,947.8,979.8,1697",27.998260498046875,32.47472381591797,"11.56,29.08,32.6,28.38,31.95,27.55,27.8,35.07","3.213,7.888,10.14,7.265,8.488,6.814,6.645,9.219","3.206,8.45,9.052,8.233,8.693,7.638,7.937,9.451",946,0.01266562845557928,640,0.02416945993900299,"1073,147,865,1424,223,580,713,1200",0.5211383700370789,0.46435546875,0.4457194209098816,"1.02,0.547,1.05,0.78,1.38,1.28,0.802,1.01","12.5,9.12,7,5.75,4.03,3.94,3.8,3.48","0.149,0.00412,0.0383,-0.0581,0.144,-0.0126,-0.107,0.0649","0.136,0,0.0455,-0.0455,0.136,0,-0.091,0.0455","0.172,0,0.046,-0.0393,0.141,0,-0.108,0.0831",0.2001953125,0.18484000861644745,1,0.9552359580993652,0.06615892052650452
10,k_proj,gptq,256,1536,0,0.00223541259765625,0.0014597574869791667,12.252450128959026,0.03558831423171047,35.53163528442383,24.354841232299805,10.617547035217285,28.221847534179688,24.10157012939453,29.16139793395996,0.6631789803504944,12.18769645690918,0.34788718819618225,"1173,147,713,865,1360,1073,580,1424,1248,1222,901,356,1215,1229,742,553",201.47979736328125,,,,,0,12.379749298095703,13.228992462158203,13.926300048828125,17.697864532470703,"0.933,1.091,1.360,0.717,1.042,0.687,0.632,0.861",1068.587158203125,1262.7431640625,"77.52,1003,1616,957.7,1269,947.8,979.8,1697",27.998260498046875,32.47472381591797,"11.56,29.08,32.6,28.38,31.95,27.55,27.8,35.07","1.528,3.971,4.769,2.985,4.051,2.715,2.935,4.109","1.582,3.803,4.09,3.526,3.968,3.275,3.693,4.428",112,0.061461955308914185,34,0.05247720330953598,"1073,147,865,1424,223,580,713,1200",0.5906134247779846,0.41552734375,0.3564453125,"0.569,0.479,0.54,0.581,0.601,0.468,0.42,0.547","12.5,9.12,7,5.75,4.03,3.94,3.8,3.48","-0.122,-0.0518,-0.0209,-0.0352,-0.0898,0.0359,-0.0654,0.0184","-0.151,-0.0502,0,-0.0502,-0.1,0.0502,-0.0502,0","-0.14,-0.0533,0,-0.0379,-0.0799,0.0405,-0.058,0",0.17578125,0.1506696492433548,6,1.0043312311172485,0.5733038187026978
10,v_proj,gptq,256,1536,0,0.00215911865234375,0.0016148885091145833,6.9486690024641575,0.02297812730004268,27.484886169433594,21.176509857177734,8.27358341217041,17.72159767150879,15.638016700744629,19.536779403686523,0.6631789803504944,6.960099220275879,0.15838389098644257,"1173,147,865,713,1360,1073,1248,580,1222,1424,901,1215,553,356,793,742",201.47979736328125,,,,,0,8.968039512634277,9.781013488769531,8.919092178344727,12.342666625976562,"0.545,0.778,1.345,0.917,1.122,0.693,0.708,0.829",1068.587158203125,1262.7431640625,"77.52,1003,1616,957.7,1269,947.8,979.8,1697",27.998260498046875,32.47472381591797,"11.56,29.08,32.6,28.38,31.95,27.55,27.8,35.07","0.6972,2.903,3.972,2.893,3.489,2.474,2.606,3.687","0.9447,3.29,3.425,3.021,3.293,2.972,3.098,4.05",1,0.03926359489560127,21,0.03517822548747063,"1073,147,865,1424,223,580,713,1200",0.17263394594192505,0.81689453125,0.89404296875,"0.167,0.134,0.16,0.141,0.159,0.159,0.122,0.168","12.5,9.12,7,5.75,4.03,3.94,3.8,3.48","0.051,-0.00684,-0.052,-0.0522,0.0188,-0.0576,-0.0249,0.00494","0.043,0,-0.043,-0.043,0.0215,-0.0645,-0.0215,0","0.0539,0,-0.067,-0.0396,0.0268,-0.0753,-0.0371,0",0.1494140625,0.13571584224700928,1,0.691352367401123,0.006287080701440573
10,o_proj,gptq,1536,1536,0,0.0022265116373697915,0.0014555189344618055,62.96259227388873,0.03669713908829572,175.02114868164062,100.52818298339844,7.701289176940918,21.58910369873047,10.010114669799805,17.379789352416992,0.7276201844215393,62.905860900878906,0.04643719270825386,"801,929,1313,745,661,676,669,747,1533,702,760,766,564,893,52,708",16.926631927490234,,,,,0,3.6422762870788574,7.383307456970215,4.134707450866699,7.384410381317139,"0.101,0.359,0.330,0.409,0.679,0.614,0.478,0.746",444.0619812011719,603.9384155273438,"41.14,629,168.3,365.9,594.9,603.1,421,729.3",11.131377220153809,11.090954780578613,"9.145,12.36,10.96,10.09,12.5,10.88,9.965,13.17","0.7397,1.78,1.519,1.594,2.475,1.97,1.676,2.785","2.324,2.971,2.645,2.493,3.004,2.515,2.423,3.226",1421,0.0652950257062912,1421,0.017461732029914856,"1313,801,1441,929,718,1185,1149,655",0.20447328686714172,0.427978515625,0.4619140625,"0.873,0.585,0.831,0.732,0.949,0.841,0.682,0.92","2.64,2.52,2.22,2.2,2.06,1.89,1.88,1.88","-0.598,-0.26,-0.318,-0.453,0.408,-0.0918,-0.212,-0.176","-0.512,-0.342,-0.342,-0.512,0.342,0,-0.171,-0.171","-0.683,-0.297,-0.273,-0.388,0.459,-0.077,-0.144,-0.153",0.59765625,0.5122767686843872,13,0.6325011849403381,0.396912544965744
10,gate_proj,gptq,8960,1536,0,0.0020812261672247022,0.0014744349888392858,200.65853666589828,0.017477088889526995,876.5134887695312,705.2515869140625,196.77560424804688,422.7024230957031,386.41595458984375,459.2851867675781,0.7822092771530151,200.37838745117188,0.22455520927906036,"1173,713,147,1229,1248,553,286,520,408,969,1215,1214,102,1222,872,1073",113.47825622558594,,,,,0,215.70516967773438,268.7389831542969,222.38485717773438,259.37744140625,"0.188,0.791,1.407,0.959,0.858,0.967,0.877,0.854",1274.2891845703125,1475.01171875,"172.8,1173,2013,1176,1411,1191,1196,1862",23.580989837646484,23.432212829589844,"30.14,22.59,24.34,20.57,23.01,20.83,21.08,26.08","9.174,13.89,19.77,13.7,14.67,13.9,13.53,16.69","21.14,15.63,16.66,13.99,15.84,14.13,14.45,18.06",162,0.002713238587602973,3316,0.005277941003441811,"147,553,1073,969,1200,1229,1173,978",0.11656880378723145,0.32978516817092896,0.3308035731315613,"3.31,3.38,2.4,3.23,2.79,3.35,3.32,2.79","5.47,3.66,3.64,2.75,2.55,2.3,2.2,2.2","-0.126,-0.0664,0.0298,-0.125,0.159,-0.125,0.0718,-0.0106","-0.111,-0.111,0.0555,-0.111,0.167,-0.111,0.0555,0","-0.113,-0.0446,0.041,-0.107,0.157,-0.104,0.0522,0",0.2265625,0.20743538439273834,8,0.7640187740325928,0.0707269161939621
10,up_proj,gptq,8960,1536,0,0.002104913620721726,0.001476687476748512,165.70435412641382,0.015331982544498178,805.6199340820312,665.9757080078125,185.302001953125,372.80194091796875,345.2293701171875,413.18280029296875,0.7822092771530151,165.57522583007812,0.1727754920721054,"1173,713,147,1229,1248,553,286,520,408,1215,969,1214,102,1222,1073,872",113.47825622558594,,,,,0,185.7320556640625,238.5683135986328,204.77609252929688,235.8623046875,"0.140,0.807,1.243,0.905,0.894,0.895,0.881,0.875",1274.2891845703125,1475.01171875,"172.8,1173,2013,1176,1411,1191,1196,1862",23.580989837646484,23.432212829589844,"30.14,22.59,24.34,20.57,23.01,20.83,21.08,26.08","7.262,12.96,17.63,12.64,14.24,12.98,13,15.95","19.4,14.43,15.81,13.29,15.06,13.71,13.85,17.05",4038,0.0020544102881103754,6347,0.006775083020329475,"147,553,1073,969,1200,1229,1173,978",0.08517996221780777,0.5514509081840515,0.6282505393028259,"1.12,1.07,2.07,1.31,2.07,1.21,1.27,2.6","5.47,3.66,3.64,2.75,2.55,2.3,2.2,2.2","0.0104,0.00848,-0.0513,0.015,-0.0101,0.0248,0.015,0.00632","0,0.0385,-0.077,0,0,0,0,0","0,0,-0.0483,0,0,0,0,0",0.220703125,0.2627450227737427,1,0.6456276178359985,0.6751835942268372
10,down_proj,gptq,1536,8960,0,0.002005586170014881,0.0014616466703869047,326.6273430171459,0.032589109647166,1012.134033203125,681.3123779296875,15.914125442504883,30.340360641479492,39.68742370605469,36.59150695800781,0.35129067301750183,326.1973571777344,0.05603067949414253,"5873,2335,2340,1944,1811,5594,2138,5761,216,5301,6581,5378,3312,290,5070,995",28.9140625,,,,,0,19.768335342407227,17.708131790161133,27.913192749023438,24.06405258178711,"0.063,0.899,1.365,1.165,1.326,1.159,1.048,1.103",10154.4677734375,14916.90625,"204.2,7349,1.505e+04,8572,1.451e+04,8237,8359,1.896e+04",14.950019836425781,17.484577178955078,"8.304,14.86,16.65,14.01,16.98,13.98,14.24,20.59","0.587,3.86,5.361,4.12,5.219,4.119,4.07,6.035","2.339,4.072,4.588,3.816,4.532,3.826,3.977,5.745",787,0.010427489876747131,805,0.010145665146410465,"8079,1240,2528,5425,4661,5285,1944,3584",0.12927819788455963,0.370361328125,0.3719075620174408,"0.995,1.02,1.26,1.25,0.82,1.09,1.04,1.04","2.64,2.62,2.11,2.06,1.88,1.82,1.79,1.72","-0.0166,0.021,0.0139,-0.0149,-0.0134,-0.0317,-0.0179,0.00436","-0.0298,0.0171,0.0205,-0.0208,0,-0.0264,-0.0191,0","-0.024,0.0199,0.0264,0,0,-0.0368,-0.0194,0",0.2001953125,0.19299325346946716,1,0.5329833626747131,0.011015908792614937
11,q_proj,gptq,1536,1536,0,0.002079857720269097,0.0014801025390625,59.31489601638168,0.029475346353612875,183.3400115966797,128.12625122070312,49.12544631958008,153.9191436767578,107.91999816894531,149.02574157714844,0.6763923764228821,59.27787399291992,0.31339552998542786,"1173,147,713,1360,865,1073,1222,580,1424,1248,1229,1215,901,356,1166,286",280.7100830078125,,,,,0,61.5920524597168,74.50994873046875,60.220035552978516,81.49723052978516,"0.926,0.687,1.187,0.675,0.882,0.631,0.671,0.951",1097.305908203125,1201.123779296875,"87.4,1073,1551,1039,1351,1047,892.2,1737",29.753459930419922,32.676727294921875,"14.37,31.79,33.15,29.93,32.56,30.75,30.34,35.13","3.674,7.827,10.27,7.087,8.398,7.194,6.739,9.729","3.817,9.44,9.423,8.625,8.944,9.055,8.229,9.975",340,0.013423151336610317,1014,0.017209673300385475,"147,1073,1424,713,553,223,865,580",0.4141053557395935,0.4991862177848816,0.538818359375,"0.459,0.93,0.812,0.744,0.514,1.4,0.937,1.28","12.4,12,4.41,4.38,4.25,4.12,4.12,3.77","0.0143,0.0742,0.0557,-0.0498,0.0413,-0.0957,-0.0161,0.0432","0,0.0792,0.0396,-0.0396,0.0792,-0.0792,0,0.0396","0,0.0915,0.0485,-0.0661,0.0385,-0.109,0,0.0385",0.189453125,0.2175351083278656,1,0.9729388952255249,0.1523427516222
11,k_proj,gptq,256,1536,0,0.00211334228515625,0.0014623006184895833,12.727439631824382,0.033332630681005934,37.110511779785156,25.185977935791016,9.82907772064209,29.826168060302734,22.311016082763672,28.180391311645508,0.6763923764228821,12.545768737792969,0.326507031917572,"1173,147,713,865,1360,1073,1424,1248,1222,580,1215,1229,901,286,1283,356",280.7100830078125,,,,,0,13.635181427001953,13.00944709777832,12.211568832397461,16.387210845947266,"1.024,0.698,1.881,1.021,0.882,0.994,0.817,1.111",1097.305908203125,1201.123779296875,"87.4,1073,1551,1039,1351,1047,892.2,1737",29.753459930419922,32.676727294921875,"14.37,31.79,33.15,29.93,32.56,30.75,30.34,35.13","1.667,3.27,5.107,3.684,4.05,3.522,3.227,4.09","1.647,3.914,3.724,3.646,4.313,3.532,3.57,3.881",185,0.08226754516363144,183,0.04364335909485817,"147,1073,1424,713,553,223,865,580",0.3648476004600525,0.48876953125,0.48193359375,"0.393,0.444,0.514,0.341,0.354,0.389,0.545,0.385","12.4,12,4.41,4.38,4.25,4.12,4.12,3.77","-0.0261,0.027,-0.0206,-0.00665,-0.00464,0.02,0.0275,-0.0408","-0.0513,0,-0.0513,0,0,0,0.0513,-0.0513","-0.0388,0.0308,0,0,0,0.0388,0.0413,-0.0382",0.1796875,0.1540178656578064,4,1.161664605140686,0.10146946460008621
11,v_proj,gptq,256,1536,0,0.0021209716796875,0.0014750162760416667,7.067892367922468,0.02650310816806896,24.225082397460938,18.00128173828125,6.43059778213501,18.043262481689453,13.471819877624512,18.877307891845703,0.6763923764228821,7.030698299407959,0.24454668164253235,"1173,147,713,865,1360,1073,580,1248,1222,1424,1229,901,1215,356,1283,1166",280.7100830078125,,,,,0,7.770474433898926,9.848630905151367,8.223285675048828,10.752878189086914,"0.871,0.742,0.831,0.756,0.890,0.775,0.560,0.870",1097.305908203125,1201.123779296875,"87.4,1073,1551,1039,1351,1047,892.2,1737",29.753459930419922,32.676727294921875,"14.37,31.79,33.15,29.93,32.56,30.75,30.34,35.13","1.173,2.79,3.233,2.676,3.047,2.78,2.227,3.663","1.257,3.24,3.546,3.079,3.23,3.158,2.975,3.926",176,0.05173933878540993,70,0.03730246052145958,"147,1073,1424,713,553,223,865,580",0.31308165192604065,0.7333984375,0.82421875,"0.14,0.193,0.172,0.184,0.184,0.224,0.184,0.173","12.4,12,4.41,4.38,4.25,4.12,4.12,3.77","-0.00409,-0.0031,-0.00282,0.00152,-0.000973,0.00179,-0.00156,0.00272","0,0,0,0,-0.0114,0,0,0","0,0,0,0,0,0,0,0",0.09375,0.09805227816104889,1,0.693100094795227,0.14970800280570984
11,o_proj,gptq,1536,1536,0,0.0022070142957899305,0.001502566867404514,59.91681311641469,0.03881049732441045,160.65081787109375,90.12574768066406,6.84393310546875,25.108139038085938,9.924500465393066,23.290054321289062,0.7640267014503479,59.74549102783203,0.041149504482746124,"1165,565,781,605,309,349,1496,1293,693,1368,1265,354,607,856,1043,1137",14.305240631103516,,,,,0,4.121791839599609,11.828351020812988,5.477780818939209,11.507575988769531,"0.052,0.134,0.233,0.372,0.370,0.481,0.510,0.451",513.2626953125,831.3956909179688,"59.2,133.8,164.9,517.5,331.2,1311,1051,537.5",13.794321060180664,13.799315452575684,"12.96,11.94,12.57,13,12.63,17.51,15.21,14.54","0.7539,1.094,1.504,1.97,2.025,2.856,2.628,2.43","3.298,2.991,3.112,3.232,3.332,4.118,3.678,3.618",1421,0.15615709125995636,1421,0.14802931249141693,"1165,781,1421,909,1112,1293,93,1037",0.3339206576347351,0.41748046875,0.457763671875,"0.692,0.599,0.529,0.824,0.96,0.712,0.864,1.16","2.89,2.7,2.59,2.52,2.11,1.98,1.91,1.87","-0.287,-0.127,-0.175,0.01,-0.105,-0.287,0.0566,-0.434","-0.366,0,-0.183,0,-0.183,-0.366,0,-0.366","-0.328,-0.0893,-0.15,0,-0.174,-0.259,0.0753,-0.348",0.640625,0.5491071343421936,8,0.8003641366958618,1.2819008827209473
11,gate_proj,gptq,8960,1536,0,0.00211334228515625,0.0014599754696800595,226.41089772789383,0.01874558965557734,945.80224609375,747.9172973632812,190.23651123046875,458.0077209472656,409.8023986816406,495.4629211425781,0.8118473887443542,226.3088836669922,0.22511430084705353,"1173,147,713,1248,1229,286,520,553,408,969,1215,1421,1222,1214,102,1073",123.89936828613281,,,,,0,235.55270385742188,301.3809814453125,235.96182250976562,271.734130859375,"0.158,0.819,1.349,1.027,0.917,0.891,0.863,0.896",1398.4307861328125,1555.72607421875,"178.8,1231,2046,1366,1614,1389,1318,2044",24.145265579223633,23.2777156829834,"32.26,22.75,23.6,21.05,23.57,22.02,21.98,25.93","9.359,14.64,19.57,14.93,15.94,14.63,14.43,17.32","23.54,16.17,16.85,14.74,16.65,15.51,15.54,18.3",8366,0.0038723559118807316,3106,0.006307715084403753,"147,553,1073,969,1229,630,1200,713",0.14302487671375275,0.3315150737762451,0.3333147466182709,"3.49,3.74,2.52,3.62,3.65,2.82,3.03,3.15","6.31,4.28,3.33,2.8,2.09,2.08,2.03,2","-0.064,0.0405,-0.0825,-0.0806,-0.011,-0.0276,0.0276,-0.158","-0.108,0.108,-0.108,-0.108,0,-0.0513,0.108,-0.217","-0.072,0.0572,-0.06,-0.0831,0,0,0,-0.138",0.37890625,0.3247767984867096,4,0.9920333623886108,0.9894623160362244
11,up_proj,gptq,8960,1536,0,0.0020878383091517856,0.001464480445498512,175.75876281076762,0.016597358277149563,812.119140625,658.93359375,167.39700317382812,368.8507995605469,341.7127380371094,410.0140380859375,0.8118473887443542,175.38523864746094,0.1716388463973999,"1173,147,713,1248,1229,286,553,520,408,969,1215,1421,1222,1214,102,1073",123.89936828613281,,,,,0,191.36160278320312,244.20167541503906,196.89157104492188,228.04315185546875,"0.145,0.764,1.305,0.987,0.923,0.892,0.843,0.921",1398.4307861328125,1555.72607421875,"178.8,1231,2046,1366,1614,1389,1318,2044",24.145265579223633,23.2777156829834,"32.26,22.75,23.6,21.05,23.57,22.02,21.98,25.93","7.644,12.93,17.3,13.54,14.63,13.42,13.01,16.1","20.09,14.79,15.14,13.64,15.22,14.21,14.18,16.78",4064,0.0036434722132980824,3597,0.001975618302822113,"147,553,1073,969,1229,630,1200,713",0.10094155371189117,0.549121081829071,0.6227260231971741,"1.13,1.1,2.05,1.29,1.23,2.69,2.01,1.28","6.31,4.28,3.33,2.8,2.09,2.08,2.03,2","0.0613,0.0488,0.0315,0.0143,0.0192,0.0518,0.064,0.0175","0.064,0.0427,0.0427,0.0213,0.0213,0.0648,0.064,0.0213","0.0466,0.0656,0.0597,0,0,0.0656,0.0625,0",0.2294921875,0.25921928882598877,1,0.8829524517059326,0.3583901524543762
11,down_proj,gptq,1536,8960,0,0.0020394461495535712,0.0014659336635044643,358.08890587895075,0.036989595589293156,1003.3348388671875,639.0068359375,13.098920822143555,28.099456787109375,34.41862487792969,34.901390075683594,0.23671579360961914,357.6329040527344,0.06880020350217819,"3728,1160,3991,2361,8304,8425,5803,3106,5532,6632,6655,4523,3925,6711,7785,4211",52.88878631591797,,,,,0,17.576393127441406,17.46752166748047,22.03452491760254,19.816499710083008,"0.052,0.838,1.176,0.982,1.155,1.058,0.920,1.119",10540.529296875,13779.34765625,"204.7,8891,1.32e+04,9521,1.301e+04,1.236e+04,7484,1.966e+04",15.31710433959961,16.573205947875977,"8.505,16.28,14.96,14.74,16.3,17.42,14.33,20.01","0.5191,4.04,4.415,3.974,4.701,4.741,3.648,5.554","2.276,4.414,4.071,4.011,4.374,4.609,3.802,5.252",1421,0.037161242216825485,609,0.01402535755187273,"8235,3148,5737,3991,5101,5025,627,512",0.14847688376903534,0.3653157651424408,0.3649088740348816,"0.779,1.1,1.26,0.954,1.25,1.07,1.09,0.996","4.31,2.5,2.08,1.55,1.53,1.38,1.36,1.31","0.0996,0.0294,-0.107,-0.668,0.235,-0.17,0.0508,0.131","0.191,0,-0.132,-0.763,0.169,-0.169,0,0.0883","0.109,0,-0.106,-0.763,0.162,-0.162,0.0893,0.0893",0.82421875,0.7633928656578064,1,0.9062005877494812,0.45452988147735596
12,q_proj,gptq,1536,1536,0,0.0021349589029947915,0.0014902750651041667,60.55342102155555,0.030042913419299048,187.35601806640625,129.572021484375,60.30381393432617,159.976806640625,135.66763305664062,182.27059936523438,0.6150527000427246,60.56531524658203,0.2737652361392975,"1173,865,713,147,1360,1073,1222,1424,901,580,742,1248,1215,1229,223,356",177.1912841796875,,,,,0,72.56047058105469,91.89151763916016,77.79745483398438,109.81420135498047,"0.869,0.667,1.117,0.854,0.749,0.668,0.639,0.807",1157.973388671875,1389.90869140625,"87.72,1055,1575,1154,1391,1118,1024,1858",32.01978302001953,36.10246276855469,"12.08,34.86,34.73,33.7,34.82,33.38,34.26,38.33","2.959,8.294,10.61,8.846,8.586,8.048,7.659,10.72","3.174,10.15,10.04,9.574,9.924,9.844,9.581,11.93",249,0.017065968364477158,246,0.028692008927464485,"1073,147,742,865,1424,223,713,553",0.41881123185157776,0.4873046875,0.5125325918197632,"0.835,0.477,0.893,0.886,0.739,1.24,0.711,0.525","13.6,10.5,5.31,5.25,5.06,4.75,3.97,3.91","0.0293,0.00406,0.0366,-0.0295,-0.000234,0.0171,-0.008,0.0135","0,0,0,0,0,0,0,0","0.0522,0,0.0516,0,0,0,0,0",0.3828125,0.361607164144516,1,1.121673822402954,0.6975804567337036
12,k_proj,gptq,256,1536,0,0.0021235148111979165,0.0014597574869791667,13.301368345099036,0.03553675033862175,39.5214958190918,27.70435905456543,12.697976112365723,34.836212158203125,28.610309600830078,37.70606994628906,0.6150527000427246,13.312830924987793,0.27541521191596985,"1173,713,865,147,1073,1360,1222,1424,901,1215,742,1229,1248,580,253,752",177.1912841796875,,,,,0,16.49382781982422,19.314373016357422,16.521339416503906,20.77320098876953,"0.716,0.708,1.736,0.718,0.604,0.682,0.573,1.140",1157.973388671875,1389.90869140625,"87.72,1055,1575,1154,1391,1118,1024,1858",32.01978302001953,36.10246276855469,"12.08,34.86,34.73,33.7,34.82,33.38,34.26,38.33","1.369,4.13,5.603,3.887,3.78,3.877,3.455,5.026","1.618,4.91,4.252,4.587,4.862,4.696,4.562,4.707",117,0.06176413595676422,50,0.1287454068660736,"1073,147,742,865,1424,223,713,553",0.3827512562274933,0.4423828125,0.44287109375,"0.425,0.423,0.526,0.387,0.492,0.436,0.391,0.402","13.6,10.5,5.31,5.25,5.06,4.75,3.97,3.91","-0.0065,-0.0115,0.004,-0.00276,-0.0151,-0.00464,0.0101,-0.0114","0,0,0,0,0,0,0,0","0,0,0,0,0,0,0,0",0.3046875,0.2879464328289032,1,0.93937087059021,0.4377869963645935
12,v_proj,gptq,256,1536,0,0.0020243326822916665,0.0014750162760416667,5.326415042771259,0.022597239137438333,19.71588134765625,14.52351188659668,6.270353317260742,16.000530242919922,12.3134183883667,18.674991607666016,0.6150527000427246,5.309587478637695,0.19718052446842194,"1173,865,147,1360,1073,713,1222,580,1248,901,1424,1215,742,1229,1283,793",177.1912841796875,,,,,0,6.338100433349609,9.029319763183594,7.631696701049805,11.246011734008789,"0.743,0.608,0.891,0.777,0.634,0.581,0.494,0.895",1157.973388671875,1389.90869140625,"87.72,1055,1575,1154,1391,1118,1024,1858",32.01978302001953,36.10246276855469,"12.08,34.86,34.73,33.7,34.82,33.38,34.26,38.33","0.8,2.577,2.976,2.664,2.47,2.269,2.291,3.313","0.9283,3.305,3.153,3.021,3.102,2.978,3.26,3.501",79,0.031115401536226273,144,0.03456123173236847,"1073,147,742,865,1424,223,713,553",0.27988022565841675,0.69140625,0.814453125,"0.199,0.179,0.217,0.159,0.199,0.251,0.171,0.189","13.6,10.5,5.31,5.25,5.06,4.75,3.97,3.91","0.053,0.0325,0.0442,-0.0273,-0.0815,0.0776,-0.00258,-0.0216","0.0552,0.0276,0.0276,-0.0276,-0.0829,0.0829,0,0","0.0488,0.0222,0.0363,-0.0191,-0.0829,0.0665,0,-0.0273",0.0966796875,0.1104910746216774,1,0.4356154203414917,0.13095763325691223
12,o_proj,gptq,1536,1536,0,0.002254909939236111,0.0014555189344618055,54.957138521102024,0.03739132923345199,159.8286590576172,86.49798583984375,5.341235160827637,18.74160385131836,7.130875587463379,15.403120040893555,0.8354857563972473,54.967132568359375,0.07269441336393356,"839,1095,1479,1223,967,1351,137,1254,998,870,9,1126,521,265,649,903",34.61414337158203,,,,,0,1.0914642810821533,4.634574890136719,2.9936296939849854,7.22105598449707,"0.084,0.138,0.286,0.253,0.120,0.246,0.317,0.417",202.80215454101562,602.2986450195312,"31.82,82.49,254.8,232.2,97.1,209.4,356,358.7",8.895187377929688,11.019830703735352,"9.248,8.636,9.537,8.688,8.619,8.746,8.888,8.799","0.6397,0.759,1.208,1.069,0.7252,1.043,1.246,1.407","2.204,2.046,2.257,2.123,2.091,2.102,2.212,2.179",113,0.011595739983022213,1421,0.05250098183751106,"839,1479,1223,1095,967,1351,137,265",2.356318235397339,0.479248046875,0.49853515625,"0.602,0.761,0.779,0.793,0.564,0.99,0.89,0.731","2.86,2.81,2.69,2.5,2.42,2.08,1.82,1.75","-0.00568,-0.0364,0.0132,-0.00386,0.0148,0.0532,-0.0403,-0.00403","0,-0.0405,0,0,0,0.0405,-0.0405,0","0,-0.0372,0.0133,0,0.0184,0.0536,-0.0339,0",0.169921875,0.18284641206264496,1,0.07809150218963623,0.04904340207576752
12,gate_proj,gptq,8960,1536,0,0.002110145205543155,0.0014677501860119048,210.8824629331816,0.018443231185563413,901.4000244140625,724.2374267578125,175.42408752441406,405.52398681640625,373.87744140625,446.6187438964844,0.7680394649505615,210.4775848388672,0.20384246110916138,"1173,713,147,1229,1248,1215,286,520,408,553,1222,1214,1421,1166,969,1073",118.32650756835938,,,,,0,195.23516845703125,246.7436065673828,210.58651733398438,245.8224334716797,"0.172,0.763,1.272,0.969,0.906,0.877,0.806,0.929",1331.7840576171875,1556.18798828125,"180.8,1181,1881,1284,1547,1305,1184,2091",22.61886978149414,22.59347915649414,"27.79,21.27,22.17,20.52,22.69,20.77,20.78,24.96","7.99,12.88,17.08,14.03,14.96,13.33,12.79,16.69","19.28,14.75,15.14,14.25,15.72,14.23,14.25,17.31",3576,0.004432514309883118,4843,0.0031146425753831863,"147,553,1073,969,713,1200,659,661",0.16227038204669952,0.34130859375,0.3503069281578064,"3.4,3.49,2.35,3.21,3.03,2.9,2.66,2.79","5.94,3.86,3.48,2.34,2.11,2.08,2.03,1.88","-0.064,-0.0981,0.116,-0.123,-0.141,0.179,-0.0466,0.0938","-0.0564,-0.113,0.113,-0.169,-0.113,0.169,-0.067,0.113","-0.0508,-0.106,0.136,-0.101,-0.14,0.153,-0.0466,0.0932",0.2265625,0.2254464328289032,1,0.9961326122283936,0.06002882122993469
12,up_proj,gptq,8960,1536,0,0.002086021786644345,0.0014784313383556548,174.98602811007868,0.016643285823861577,814.7632446289062,663.4246826171875,162.071044921875,339.6401672363281,329.9035339355469,388.3953552246094,0.7680394649505615,174.88699340820312,0.15650683641433716,"1173,713,147,1229,1248,1215,286,408,520,553,1222,1214,1166,969,1421,1073",118.32650756835938,,,,,0,171.91311645507812,215.77496337890625,188.90274047851562,215.41302490234375,"0.141,0.756,1.187,0.991,0.917,0.905,0.801,0.984",1331.7840576171875,1556.18798828125,"180.8,1181,1881,1284,1547,1305,1184,2091",22.61886978149414,22.59347915649414,"27.79,21.27,22.17,20.52,22.69,20.77,20.78,24.96","6.584,12.21,15.71,13.22,14,12.85,12.01,16","17.56,14.04,14.42,13.28,14.62,13.51,13.42,16.13",4366,0.0036716065369546413,934,0.002601658459752798,"147,553,1073,969,713,1200,659,661",0.1217205747961998,0.5095145106315613,0.5764508843421936,"1.1,1.03,2,1.44,1.33,1.98,2.65,2.34","5.94,3.86,3.48,2.34,2.11,2.08,2.03,1.88","0.000675,-0.00223,-0.0718,0.00638,0.00677,-0.0125,0.0139,-0.0123","0,0,-0.0742,0.0371,0,0,0,0","0,0,-0.0865,0,0,0,0,0",0.2099609375,0.179240882396698,1,0.8482775688171387,0.315484881401062
12,down_proj,gptq,1536,8960,0,0.002017429896763393,0.0014621552966889882,361.0863913568319,0.03729814396688974,1038.7210693359375,673.0084838867188,13.844054222106934,28.690673828125,37.37815856933594,36.55865478515625,0.5717925429344177,360.340576171875,0.1662595421075821,"599,1560,3011,7716,2730,2960,1111,6584,8372,5031,7941,3016,5729,3180,2053,5401",30.253538131713867,,,,,0,18.513193130493164,17.243743896484375,24.048171997070312,22.28521156311035,"0.080,0.897,1.273,1.167,1.297,0.934,0.785,1.220",10139.5029296875,14403.3701171875,"205.1,8541,1.231e+04,1.035e+04,1.207e+04,8034,6712,2.289e+04",14.758678436279297,17.04035186767578,"6.956,15.42,15.04,14.83,15.53,14.94,14.37,20.99","0.5452,3.973,4.81,4.358,4.688,3.966,3.525,6.306","1.922,4.196,4.264,4.035,4.116,4.103,3.978,5.709",793,0.01097961887717247,1517,0.008011464960873127,"5162,5857,3583,3067,7601,5267,4047,7462",0.11861784011125565,0.3701171875,0.3649088740348816,"0.963,1.07,1.03,1.08,0.895,1.02,1.08,0.928","2.39,2.08,1.65,1.63,1.57,1.52,1.47,1.37","0.00934,0.0106,0.0119,-0.03,0.0168,0.0101,-0.0236,-0.031","0,0.0205,0.0212,-0.0317,0,0,-0.0207,-0.0186","0,0,0,-0.0343,0.0244,0,-0.0307,-0.0218",0.365234375,0.33694714307785034,1,0.49120432138442993,0.2566576898097992
13,q_proj,gptq,1536,1536,0,0.002105712890625,0.0014593336317274305,70.11731160385534,0.03352713841119836,198.01527404785156,131.24578857421875,37.53490447998047,119.62548065185547,86.54823303222656,137.0435333251953,0.6758787035942078,69.92291259765625,0.29725390672683716,"1173,713,147,1215,1073,223,1360,1222,1424,865,1248,580,507,901,1283,356",180.74325561523438,,,,,0,45.54617691040039,68.30573272705078,47.54670333862305,75.60012817382812,"0.546,0.655,0.857,0.771,0.688,0.507,0.465,0.703",1163.171875,1448.2774658203125,"169.7,1157,1515,1309,1332,961.2,892.3,1969",28.30722427368164,30.218358993530273,"19.74,30.39,30.19,28.63,29.07,27.4,28.5,32.53","4.225,7.151,8.26,7.449,6.911,5.588,5.386,7.979","5.719,8.838,8.925,8.482,8.329,7.852,7.9,9.518",1454,0.010349576361477375,253,0.011412498541176319,"1073,147,223,1424,713,742,1360,553",0.416647732257843,0.4969889521598816,0.5308431386947632,"0.956,0.472,1.27,0.768,0.635,0.97,1.11,0.537","10.8,9.56,5.47,4.69,4.03,3.67,3.52,3.45","-0.0129,0.000835,-0.0349,-0.0113,-0.0251,-0.0486,0.0703,-0.00276","0,0,-0.0283,0,-0.0283,-0.0566,0.085,0","0,0,-0.0368,0,-0.0424,-0.0424,0.0792,0",0.1943359375,0.16926443576812744,1,0.7030593156814575,0.0319322869181633
13,k_proj,gptq,256,1536,0,0.0021006266276041665,0.0014216105143229167,13.956144309486263,0.032511258547220465,39.98168182373047,26.45871925354004,7.588261127471924,24.471797943115234,17.10489845275879,27.276695251464844,0.6758787035942078,13.95571517944336,0.298414021730423,"713,1173,1215,147,1073,1222,223,1360,1424,865,1248,901,580,507,356,1283",180.74325561523438,,,,,0,9.036803245544434,13.749845504760742,9.410276412963867,14.996007919311523,"0.528,0.682,1.003,0.681,0.651,0.465,0.455,0.652",1163.171875,1448.2774658203125,"169.7,1157,1515,1309,1332,961.2,892.3,1969",28.30722427368164,30.218358993530273,"19.74,30.39,30.19,28.63,29.07,27.4,28.5,32.53","1.729,3.407,3.821,3.226,2.952,2.382,2.386,3.551","2.38,4.126,3.816,3.909,3.659,3.494,3.539,4.398",189,0.05034850165247917,41,0.03873767331242561,"1073,147,223,1424,713,742,1360,553",0.5077188014984131,0.40869140625,0.4189453125,"0.504,0.463,0.345,0.597,0.357,0.608,0.527,0.442","10.8,9.56,5.47,4.69,4.03,3.67,3.52,3.45","0.0354,0.0193,-0.0103,-0.123,-0.0403,0.00873,-0.0889,0.00995","0.0391,0,0,-0.117,-0.0391,0,-0.0781,0.0391","0.0368,0.0266,0,-0.141,-0.0405,0,-0.0975,0",0.1416015625,0.1632818728685379,1,0.662397027015686,0.2945384681224823
13,v_proj,gptq,256,1536,0,0.0021565755208333335,0.0014292399088541667,8.71029435811215,0.03423554430145756,25.51827621459961,17.509401321411133,4.855221748352051,13.217528343200684,10.462824821472168,16.123281478881836,0.6758787035942078,8.651446342468262,0.25050193071365356,"1173,1215,713,147,1073,1222,223,1360,1424,865,580,901,507,1283,1166,356",180.74325561523438,,,,,0,5.355445861816406,7.738420009613037,5.909491539001465,9.787395477294922,"0.635,0.842,0.849,0.808,0.707,0.517,0.457,0.652",1163.171875,1448.2774658203125,"169.7,1157,1515,1309,1332,961.2,892.3,1969",28.30722427368164,30.218358993530273,"19.74,30.39,30.19,28.63,29.07,27.4,28.5,32.53","1.073,2.791,2.713,2.402,2.467,1.911,1.927,2.706","1.347,3.042,2.945,2.672,2.934,2.659,2.851,3.351",36,0.03179948776960373,139,0.06669724732637405,"1073,147,223,1424,713,742,1360,553",0.3071761429309845,0.7861328125,0.8046875,"0.198,0.166,0.224,0.183,0.187,0.257,0.182,0.205","10.8,9.56,5.47,4.69,4.03,3.67,3.52,3.45","-0.0151,0.0069,0.000965,0.00775,0.000629,0.0239,0.00476,0.0161","0,0,0,0,0,0.0303,0,0.0303","-0.0175,0,0,0,0,0.0279,0,0.0319",0.11181640625,0.11973018944263458,1,0.43986743688583374,0.03290962800383568
13,o_proj,gptq,1536,1536,0,0.0022786458333333335,0.0015089246961805555,51.17761068287655,0.034197840289034366,150.08387756347656,87.5533218383789,5.814121246337891,21.413585662841797,6.119808197021484,19.593502044677734,0.7529152631759644,51.0703125,0.037215035408735275,"250,506,122,378,634,1163,762,539,1419,567,540,517,907,547,133,541",29.375185012817383,,,,,0,1.6782162189483643,8.751440048217773,3.0712599754333496,10.205137252807617,"0.069,0.110,0.222,0.256,0.209,0.183,0.195,0.275",264.9593200683594,558.948974609375,"68.7,142.3,286.5,398.1,167.9,230.8,435.4,389.9",12.279178619384766,13.644716262817383,"11.89,11.16,12.77,12.87,10.97,11.25,14.66,12.66","0.7716,0.9186,1.469,1.516,1.251,1.154,1.497,1.546","2.948,2.767,3.117,2.996,2.738,2.696,3.391,2.951",1421,0.02538643777370453,1421,0.07526930421590805,"250,762,506,562,122,378,541,1163",0.6888223886489868,0.3506673276424408,0.416748046875,"0.921,0.796,0.607,0.793,1.23,0.691,0.796,0.754","3.41,3.23,2.67,2.47,2.45,2.39,1.55,1.55","0.402,0.439,-0.0532,0.0566,0.609,0.266,-7.39e-05,-0.224","0.348,0.522,0,0,0.522,0.348,0,-0.174","0.345,0.377,0,0.0533,0.522,0.228,0,-0.256",0.609375,0.5681561827659607,1,0.19936822354793549,0.7510712146759033
13,gate_proj,gptq,8960,1536,0,0.002093360537574405,0.0014620826357886905,201.38144387537614,0.018386804819639745,858.0799560546875,680.66943359375,160.72152709960938,348.0628356933594,343.9937438964844,401.3694152832031,0.7292454838752747,200.71131896972656,0.1913774460554123,"147,713,1173,1229,1248,1215,520,286,408,553,1222,1073,1166,1421,1214,969",111.64171600341797,,,,,0,172.77670288085938,215.95187377929688,201.83851623535156,225.86605834960938,"0.162,0.813,1.164,1.034,0.940,0.859,0.713,0.967",1302.286865234375,1617.799072265625,"183.9,1189,1758,1496,1515,1145,1054,2079",21.79409408569336,22.34416961669922,"25.73,20.68,21.67,21.1,21.54,19.56,19.82,24.25","7.018,12.41,15.91,14.1,13.96,12.11,11.35,16.02","17.44,13.76,14.75,13.87,14.39,13.07,13.45,16.3",8148,0.00439812894910574,4199,0.009545923210680485,"147,1073,553,1200,969,742,223,661",0.12116633355617523,0.35908204317092896,0.3747907280921936,"3.13,2.26,3.25,2.8,3.07,2.48,2.32,2.65","5.56,4.06,3.2,1.98,1.97,1.87,1.78,1.77","-0.0693,0.0118,-0.0381,-0.0317,-0.0176,-0.0366,-0.0033,-0.0342","-0.0525,0,-0.0525,-0.0525,-0.0525,-0.0525,0,-0.0525","-0.0547,0,-0.036,-0.0363,0,-0.0452,0,-0.0452",0.2578125,0.2421455830335617,1,0.925548791885376,0.2399873286485672
13,up_proj,gptq,8960,1536,0,0.002108546665736607,0.0014735630580357143,180.5088201585022,0.017303878320292426,810.826171875,653.7976684570312,154.02874755859375,315.25897216796875,321.5694580078125,373.527587890625,0.7292454838752747,180.29627990722656,0.15573081374168396,"713,147,1173,1229,1248,1215,520,286,553,408,1222,1073,1166,1421,1214,969",111.64171600341797,,,,,0,159.34893798828125,199.84530639648438,191.033203125,211.56021118164062,"0.142,0.790,1.131,1.023,0.891,0.864,0.744,0.967",1302.286865234375,1617.799072265625,"183.9,1189,1758,1496,1515,1145,1054,2079",21.79409408569336,22.34416961669922,"25.73,20.68,21.67,21.1,21.54,19.56,19.82,24.25","6.064,11.89,14.9,13.92,13.24,11.71,11.02,15.72","16.12,13.37,14.01,13.76,14.03,12.6,12.78,15.99",2643,0.0025335876271128654,6242,0.0031531909480690956,"147,1073,553,1200,969,742,223,661",0.10543114691972733,0.4796595871448517,0.5589983463287354,"1.09,1.87,1.01,1.94,1.43,2.21,1.96,2.32","5.56,4.06,3.2,1.98,1.97,1.87,1.78,1.77","-0.00115,-0.0111,-0.0043,0.000176,0.00946,-0.00485,0.0146,0.0245","0,0,0,0,0,0,0.0197,0.0197","0,0,0,0,0,0,0,0.0349",0.1767578125,0.14988164603710175,1,0.6664314270019531,0.07387810945510864
13,down_proj,gptq,1536,8960,0,0.0020062401181175594,0.0014757428850446428,276.7988003122973,0.028658796221622485,915.9553833007812,638.9137573242188,12.019105911254883,22.371036529541016,32.089996337890625,30.353689193725586,0.3440839350223541,276.6773376464844,0.06909308582544327,"4765,4774,2002,4516,7828,4121,5496,5051,1397,7166,8223,151,7993,3192,8058,1365",25.318326950073242,,,,,0,14.526395797729492,13.314826965332031,20.57952117919922,18.86190414428711,"0.075,1.099,1.335,1.086,1.277,0.910,0.760,1.195",9656.98046875,14299.1328125,"202.3,7925,1.277e+04,1.387e+04,1.329e+04,6040,4933,1.823e+04",13.159696578979492,15.80626392364502,"6.735,13.29,14.65,15.09,14.52,11.66,11.72,17.61","0.5182,3.62,4.501,4.407,4.367,2.97,2.815,5.228","1.896,3.454,3.897,4.228,3.866,3.113,3.23,4.782",1231,0.009321385063230991,356,0.011300668120384216,"4227,1608,7527,2467,5344,1349,4039,3830",0.11907363682985306,0.32763671875,0.326416015625,"1.22,1.01,0.942,1.23,0.934,1,1.29,1.07","2.59,1.77,1.67,1.24,1.23,1.2,1.18,1.18","-0.0238,-0.0076,-0.000383,-0.0437,-0.00897,-0.00745,-0.0135,-0.00751","-0.0241,0,0,-0.0481,0,0,0,0","-0.0239,0,0,-0.0469,0,0,-0.0227,0",0.126953125,0.14564381539821625,1,0.42166152596473694,0.09835992753505707
14,q_proj,gptq,1536,1536,0,0.0021680196126302085,0.0014593336317274305,75.7446833337599,0.04166223998938074,197.20193481445312,129.92030334472656,80.79200744628906,234.76473999023438,205.81166076660156,269.29742431640625,0.6065195202827454,74.52781677246094,0.31734395027160645,"713,865,1173,1073,147,1360,223,901,1222,580,1248,1215,1424,742,1007,868",171.3363037109375,,,,,0,99.99534606933594,132.59161376953125,118.28125762939453,149.7205810546875,"1.078,0.582,0.946,0.828,0.755,0.642,0.538,0.919",1046.0496826171875,1369.38525390625,"75.65,995.7,1336,1264,1316,841.9,796.9,1742",39.427433013916016,43.39640426635742,"14.52,42.83,42.89,42.33,42.83,40.86,42.16,46.99","4.268,9.923,11.61,10.64,9.922,9.395,8.593,13.22","4.11,13.01,11.94,11.69,11.42,11.73,11.72,13.79",884,0.03284480795264244,566,0.018297862261533737,"1073,147,223,1360,1424,742,553,44",0.523181140422821,0.5377604365348816,0.5948079824447632,"0.797,0.533,0.962,0.909,0.629,0.922,0.477,1.11","19.2,13.4,7.78,7.03,6.31,5.66,4.78,4.62","0.0121,0.0162,-0.00574,0.000277,0.0189,-0.00717,0.005,0.0151","0,0,0,0,0,0,0.0508,0","0,0,0,0,0,0,0,0",0.28125,0.2619137465953827,1,1.7982233762741089,0.3599906861782074
14,k_proj,gptq,256,1536,0,0.0021209716796875,0.0013885498046875,11.121851590178267,0.03415330820356591,29.575407028198242,19.555194854736328,12.253353118896484,35.963680267333984,31.697124481201172,40.996673583984375,0.6065195202827454,11.080795288085938,0.31383633613586426,"865,713,147,1173,1073,1360,223,580,1424,1248,868,1222,1215,752,901,742",171.3363037109375,,,,,0,15.0697021484375,20.204914093017578,18.42704200744629,23.96881866455078,"0.994,0.542,1.095,0.875,0.643,0.574,0.484,0.958",1046.0496826171875,1369.38525390625,"75.65,995.7,1336,1264,1316,841.9,796.9,1742",39.427433013916016,43.39640426635742,"14.52,42.83,42.89,42.33,42.83,40.86,42.16,46.99","1.562,3.503,4.978,4.551,4.267,3.287,3.192,4.6","1.566,4.758,4.756,4.865,5.319,4.338,4.589,4.7",122,0.07547664642333984,119,0.07164007425308228,"1073,147,223,1360,1424,742,553,44",0.38252195715904236,0.44873046875,0.49169921875,"0.387,0.293,0.369,0.443,0.409,0.461,0.307,0.143","19.2,13.4,7.78,7.03,6.31,5.66,4.78,4.62","-0.0118,-0.0297,-0.016,0.0479,0.0383,0.0173,-0.00439,-0.0435","0,0,0,0.0597,0.0597,0,-0.0597,-0.0597","0,-0.0544,0,0.0474,0.0511,0,0,-0.0483",0.2138671875,0.1791294813156128,7,1.172292709350586,1.131710410118103
14,v_proj,gptq,256,1536,0,0.002105712890625,0.0014470418294270833,6.313027992990101,0.027534634707152467,20.768022537231445,15.058533668518066,8.221338272094727,21.22187614440918,18.41434097290039,26.874881744384766,0.6065195202827454,6.262360572814941,0.2137085199356079,"713,865,1173,1073,147,1360,580,223,1424,1222,901,1248,868,356,752,793",171.3363037109375,,,,,0,8.640193939208984,12.736784934997559,10.621626853942871,15.08747673034668,"0.729,0.548,0.903,0.677,0.693,0.609,0.535,0.726",1046.0496826171875,1369.38525390625,"75.65,995.7,1336,1264,1316,841.9,796.9,1742",39.427433013916016,43.39640426635742,"14.52,42.83,42.89,42.33,42.83,40.86,42.16,46.99","0.9263,2.691,3.574,3.162,3.272,2.676,2.599,3.692","1.085,3.635,3.761,3.842,3.931,3.428,3.553,4.332",172,0.041198402643203735,245,0.03168688714504242,"1073,147,223,1360,1424,742,553,44",0.24199062585830688,0.73193359375,0.84326171875,"0.229,0.131,0.217,0.179,0.204,0.236,0.142,0.0663","19.2,13.4,7.78,7.03,6.31,5.66,4.78,4.62","0.00185,0.00264,-0.00238,0.00754,0.00461,-0.0124,-0.00172,-0.00616","0,0,0,0,0,-0.0244,0,0","0,0,0,0,0,-0.0209,0,0",0.09228515625,0.10196711122989655,1,0.6641666889190674,0.18415412306785583
14,o_proj,gptq,1536,1536,0,0.002163781060112847,0.0015093485514322917,59.19663528639103,0.04150834823323883,169.6939697265625,85.4366683959961,5.0135931968688965,15.894830703735352,6.228727340698242,14.569223403930664,0.7846299409866333,59.18621063232422,0.06284128874540329,"875,1515,1003,1387,218,90,128,1259,384,602,0,474,1236,256,1131,1120",51.0924186706543,,,,,0,1.7604460716247559,5.341489791870117,1.8321877717971802,5.347125053405762,"0.126,0.160,0.558,0.201,0.169,0.280,0.244,0.576",333.9877624511719,314.8649597167969,"29.55,151,976.7,105.7,88.77,250.2,191.4,878.6",9.991741180419922,10.196369171142578,"9.661,9.453,14.19,8.722,8.597,8.612,9.186,11.51","0.8139,0.8839,2.061,0.9191,0.8215,1.071,1.073,2.139","2.295,2.21,2.758,2.052,2.001,2.025,2.172,2.819",13,0.011268873699009418,609,0.015286264941096306,"875,1387,1515,1003,1259,1131,1248,1150",1.2434017658233643,0.44580078125,0.504150390625,"0.423,0.615,0.595,0.47,1.39,0.633,0.538,0.906","3.62,3.47,3.03,2.91,1.75,1.63,0.965,0.965","0.00732,-0.0251,0.0195,-0.0121,-0.00246,0.0199,-0.0104,0.000675","0,-0.0227,0.0227,0,0,0.0227,0,0","0,-0.0282,0.0269,0,0,0.0317,-0.0151,0",0.1376953125,0.12170509994029999,3,0.08720509707927704,0.06453199684619904
14,gate_proj,gptq,8960,1536,0,0.002093287876674107,0.0014649890718005953,181.42318408003484,0.018141294416970963,790.6788330078125,639.4534912109375,170.76611328125,358.70458984375,366.9230041503906,423.3869934082031,0.7202353477478027,180.9771728515625,0.20614352822303772,"1173,147,713,1229,1248,1215,520,286,553,408,1073,1222,969,1214,1421,1166",108.62879180908203,,,,,0,178.41946411132812,226.23220825195312,215.28793334960938,228.94387817382812,"0.174,0.785,1.064,1.070,0.878,0.815,0.696,1.001",1269.9964599609375,1611.134033203125,"182.4,1141,1687,1537,1480,1058,998.7,2076",23.04827880859375,23.435606002807617,"26.54,21.83,23.18,22.46,23.2,20.39,20.91,25.89","7.317,12.5,15.62,14.87,14.01,11.99,11.3,16.88","17.52,14.12,15.14,14.38,14.95,13.28,13.54,16.87",7627,0.0031835695262998343,6811,0.0037280821707099676,"147,1073,553,1200,969,19,246,1438",0.14195683598518372,0.34729352593421936,0.3561941981315613,"3.12,2.24,3.38,2.8,3.04,2.69,2.45,2.44","5.81,4.47,3.34,2.3,2.17,1.84,1.78,1.69","-0.0659,-0.0835,-0.0859,0.0957,-0.0977,0.0403,0.0437,0.0674","-0.0658,-0.0658,-0.0658,0.0658,-0.132,0.0478,0.0478,0.0529","-0.0658,-0.0893,-0.0865,0.123,-0.0837,0.0469,0.0658,0.0474",0.23046875,0.2633928656578064,1,0.7903934121131897,0.09603060781955719
14,up_proj,gptq,8960,1536,0,0.0020904541015625,0.001481265113467262,171.58812580866652,0.016896834098511344,792.249755859375,649.4666748046875,174.28390502929688,333.88714599609375,362.7565612792969,410.9756164550781,0.7202353477478027,171.38265991210938,0.15776973962783813,"1173,713,147,1229,1248,1215,286,520,553,408,1073,1222,969,1214,1166,1360",108.62879180908203,,,,,0,174.64259338378906,216.20294189453125,216.85293579101562,227.7815704345703,"0.167,0.789,1.106,1.061,0.905,0.803,0.738,0.986",1269.9964599609375,1611.134033203125,"182.4,1141,1687,1537,1480,1058,998.7,2076",23.04827880859375,23.435606002807617,"26.54,21.83,23.18,22.46,23.2,20.39,20.91,25.89","6.665,12.46,15.4,14.76,14.04,11.72,11.33,16.72","16.32,14.02,14.65,14.33,14.76,13.08,13.19,16.84",5586,0.0045965262688696384,5478,0.005781070329248905,"147,1073,553,1200,969,19,246,1438",0.11559982597827911,0.48438894748687744,0.535937488079071,"1.04,1.8,0.888,1.84,1.24,2.34,2.67,2.68","5.81,4.47,3.34,2.3,2.17,1.84,1.78,1.69","0.0129,0.0223,0.00848,0.0427,0.00714,-0.0305,0.0728,0.109","0,0,0,0.0533,0,0,0.076,0.0904","0,0,0,0.053,0,0,0.0544,0.12",0.263671875,0.23099923133850098,1,0.9518285989761353,0.17040808498859406
14,down_proj,gptq,1536,8960,0,0.001997738792782738,0.0014701479957217262,335.8432389301242,0.034956631107737626,1010.0570068359375,697.6666870117188,14.10243034362793,26.18568992614746,40.72367477416992,38.4114990234375,0.2993567883968353,335.3096923828125,0.1350281685590744,"5695,7817,6690,67,453,8868,1771,674,3723,2891,4391,8633,4854,6152,8733,639",26.313079833984375,,,,,0,20.19170570373535,18.329872131347656,23.6890869140625,21.85700225830078,"0.088,1.118,1.198,1.261,1.304,0.992,0.753,1.085",11195.75390625,12974.146484375,"202.1,1.275e+04,1.502e+04,1.362e+04,1.749e+04,6822,5558,1.81e+04",14.567852973937988,16.19046401977539,"6.378,16.54,16.24,16.04,17.09,12.42,12.53,19.29","0.5425,4.897,4.997,4.936,5.526,3.658,3.21,5.805","1.831,4.632,4.565,4.396,4.84,3.673,3.699,5.574",1421,0.00966482050716877,1421,0.043014366179704666,"2501,383,7241,5604,2276,2623,7810,701",0.33567503094673157,0.3641764521598816,0.3555501401424408,"1.22,0.972,1.27,1.01,0.855,1.06,1.01,1.35","6.56,4.38,2.16,1.89,1.53,1.47,1.47,1.46","-0.131,-0.0349,-0.121,0.17,0.0291,-0.0552,-0.609,0.0996","-0.0985,0,-0.162,0.146,0,-0.122,-0.513,0.0973","-0.0999,0,-0.105,0.148,0,0,-0.71,0.109",0.828125,0.7370233535766602,1,0.5432863235473633,1.0038326978683472
15,q_proj,gptq,1536,1536,0,0.0021074083116319445,0.001469082302517361,236.39828176260926,0.11282528574307514,404.7377624511719,159.62307739257812,120.18150329589844,384.4864501953125,426.358154296875,459.0158996582031,0.5494397282600403,239.0501708984375,0.635464608669281,"147,1360,865,1073,1113,1424,1173,580,713,1248,1222,742,113,1229,793,507",219.955810546875,,,,,0,206.27114868164062,230.7644805908203,242.1702880859375,250.69688415527344,"0.575,1.472,1.579,0.679,0.780,0.428,0.853,0.734",1031.5576171875,1258.873291015625,"159.7,1026,1367,1211,1379,850.2,753.6,1505",31.755901336669922,35.066429138183594,"16.94,33.61,33.74,33.24,34.8,32.02,31.53,38.17","5.61,18.87,18.17,14.17,14.83,10.34,14.27,14.18","7.398,15.56,14.46,17.2,16.8,15.8,15.46,16.54",958,0.33858317136764526,1023,0.3809528946876526,"1073,147,1360,1424,1113,742,223,1200",0.7367772459983826,0.509033203125,0.511474609375,"1.41,3.35,1.44,1.35,6.31,1.18,1.47,1.07","15.9,11.1,5.94,5.62,5.19,3.94,3.88,3.86","0.299,-1.17,-0.371,-0.363,-2.7,0.289,0.147,0.178","0,-1.54,0,-0.772,-3.09,0.772,0,0","0,-1.34,-0.318,-0.357,-2.32,0.224,0,0.228",2.703125,3.0892858505249023,1,8.6319580078125,2.8668668270111084
15,k_proj,gptq,256,1536,0,0.0021820068359375,0.00151824951171875,12.341042338492116,0.0378233267725072,33.453758239746094,22.24365997314453,9.222792625427246,27.76372718811035,25.08345603942871,33.207489013671875,0.5494397282600403,12.24662971496582,0.3986952602863312,"147,713,1073,865,1360,1173,1424,580,1222,901,1248,1113,1229,742,356,253",219.955810546875,,,,,0,12.331197738647461,15.904393196105957,13.777643203735352,19.379833221435547,"0.531,0.878,1.230,0.749,0.755,0.529,0.454,0.864",1031.5576171875,1258.873291015625,"159.7,1026,1367,1211,1379,850.2,753.6,1505",31.755901336669922,35.066429138183594,"16.94,33.61,33.74,33.24,34.8,32.02,31.53,38.17","1.507,3.641,4.581,3.624,3.836,2.927,2.731,4.274","2.069,3.886,4.131,4.187,4.416,4.024,4.053,4.599",254,0.051220301538705826,126,0.054797444492578506,"1073,147,1360,1424,1113,742,223,1200",0.5359894037246704,0.44189453125,0.44140625,"0.506,0.442,0.512,0.474,0.155,0.576,0.488,0.5","15.9,11.1,5.94,5.62,5.19,3.94,3.88,3.86","0.0342,0.052,0.0684,0.0654,0.0069,-0.0635,0.0947,0.042","0.0444,0.0444,0.0887,0.0444,0,-0.0444,0.0887,0.0444","0.0357,0.0658,0.0776,0.0742,0,-0.0698,0.0658,0.036",0.23046875,0.2653610408306122,1,0.8681211471557617,0.586764395236969
15,v_proj,gptq,256,1536,0,0.0020599365234375,0.0014470418294270833,8.37201445637038,0.027581826504507263,27.265119552612305,20.39773941040039,7.759244918823242,17.035728454589844,17.5340633392334,21.456335067749023,0.5494397282600403,8.392862319946289,0.23978595435619354,"865,1073,1360,147,580,901,713,1248,1173,1424,1222,356,1113,752,793,253",219.955810546875,,,,,0,8.161822319030762,10.502090454101562,10.539918899536133,11.093223571777344,"0.725,0.638,0.933,0.756,0.931,0.778,0.608,0.787",1031.5576171875,1258.873291015625,"159.7,1026,1367,1211,1379,850.2,753.6,1505",31.755901336669922,35.066429138183594,"16.94,33.61,33.74,33.24,34.8,32.02,31.53,38.17","1.024,2.928,3.346,3.017,3.317,2.586,2.429,3.432","1.203,3.665,3.463,3.471,3.438,2.932,3.115,3.87",123,0.032730329781770706,79,0.027532871812582016,"1073,147,1360,1424,1113,742,223,1200",0.253587931394577,0.86474609375,0.87158203125,"0.124,0.107,0.145,0.131,0.0966,0.202,0.152,0.214","15.9,11.1,5.94,5.62,5.19,3.94,3.88,3.86","0.00127,0.00153,0.002,-0.00299,0.00275,-0.00458,0.00134,-0.00206","0,0,0,0,0,0,0,0","0,0,0,0,0,0,0,0",0.11181640625,0.1218024343252182,1,0.6001690030097961,0.04107626900076866
15,o_proj,gptq,1536,1536,0,0.0021870930989583335,0.0014733208550347222,58.69998555222992,0.035994626270041165,165.22415161132812,96.92887878417969,8.249176979064941,24.891111373901367,10.316686630249023,25.31901741027832,0.725579023361206,58.76951599121094,0.03652014210820198,"583,71,327,1009,455,963,970,711,199,987,901,993,932,1005,938,951",15.957595825195312,,,,,0,4.170445919036865,11.988361358642578,5.726906776428223,15.385522842407227,"0.094,0.231,0.489,0.429,0.519,0.280,0.304,0.333",420.09405517578125,683.1671142578125,"51.72,206.3,708.3,591.6,581.6,361.4,452.4,407.5",14.388890266418457,16.277313232421875,"11.53,13.57,15.68,16.09,15.56,13.35,13.26,16.07","0.9777,1.57,2.569,2.394,2.607,1.779,1.756,2.138","3.183,3.264,3.674,3.655,3.618,3.362,3.187,3.704",1421,0.10750559717416763,1421,0.048185933381319046,"455,71,583,327,199,899,732,933",0.20055359601974487,0.4525553584098816,0.5423991084098816,"0.686,0.664,0.69,0.519,0.526,0.854,0.801,0.868","3.66,3.25,3,2.69,2.66,2.33,2.08,2.02","-0.00766,0.393,0.479,0.185,0.241,0.262,-0.285,0.082","0,0.261,0.522,0.261,0.261,0.261,-0.261,0","0,0.336,0.41,0.158,0.207,0.176,-0.261,0",0.9140625,0.7834821939468384,1,0.8546868562698364,0.7941246628761292
15,gate_proj,gptq,8960,1536,0,0.0020703270321800597,0.0014689127604166667,213.164231405819,0.019712175460940038,866.5936279296875,693.3358764648438,151.3189697265625,361.79071044921875,344.375244140625,413.53839111328125,0.7456592321395874,212.7144775390625,0.21393023431301117,"713,1173,147,1248,1229,286,520,553,1215,1222,1073,969,1421,408,1214,1360",111.77137756347656,,,,,0,170.6328125,226.98284912109375,193.51473999023438,222.01312255859375,"0.169,0.741,1.181,1.021,0.868,0.804,0.655,0.894",1297.3011474609375,1585.172607421875,"182.1,1193,1722,1556,1626,1134,1036,1931",22.15143585205078,22.014480590820312,"26.86,20.96,22.28,21.16,22.65,19.62,19.85,23.84","7.624,12.35,15.97,14.23,14.44,11.87,10.87,15.14","18.53,14.34,14.7,14.08,15.49,13.25,13.44,16.02",4866,0.0035651337821036577,3447,0.00309516373090446,"147,1073,553,1200,969,480,19,397",0.1729763299226761,0.35311105847358704,0.3667689859867096,"3.01,2.28,3.14,2.62,3.05,2.63,2.75,2.75","5.44,4.34,3.36,2.95,2.86,2.23,2.06,1.91","-0.0908,0.032,-0.129,0.118,-0.0806,-0.0571,0.0505,0.0583","-0.0915,0.0458,-0.137,0.137,-0.0915,-0.0518,0.0458,0.0458","-0.0977,0.0522,-0.138,0.0993,-0.103,-0.0485,0.0483,0.0485",0.1875,0.2047991007566452,1,0.8619908094406128,0.16418011486530304
15,up_proj,gptq,8960,1536,0,0.0021052042643229167,0.0014891851515997025,180.58594649337465,0.017409863028598198,809.925537109375,658.57861328125,144.43112182617188,319.240478515625,315.944091796875,380.1377258300781,0.7456592321395874,180.37771606445312,0.17026390135288239,"713,1173,147,1248,1229,286,553,520,1215,1222,1073,969,408,1421,1214,1360",111.77137756347656,,,,,0,156.0339813232422,207.5684356689453,179.68130493164062,206.9417724609375,"0.148,0.758,1.048,0.993,0.913,0.784,0.683,0.912",1297.3011474609375,1585.172607421875,"182.1,1193,1722,1556,1626,1134,1036,1931",22.15143585205078,22.014480590820312,"26.86,20.96,22.28,21.16,22.65,19.62,19.85,23.84","6.591,11.77,14.89,13.86,13.89,11.3,10.58,14.83","17.13,13.52,14.55,13.91,14.53,12.76,12.81,15.52",667,0.0023643854074180126,547,0.0027376017533242702,"147,1073,553,1200,969,480,19,397",0.1349329650402069,0.47389787435531616,0.5446986556053162,"1.14,1.93,0.987,1.86,1.32,2.7,2.39,2.06","5.44,4.34,3.36,2.95,2.86,2.23,2.06,1.91","0.00385,-0.0051,0.00206,-0.0123,0.0197,-0.0532,-0.0425,0.013","0,0,0,0,0,-0.0402,-0.0432,0","0,0,0,0,0.0391,-0.0432,-0.0318,0",0.2041015625,0.17352917790412903,3,0.6752991080284119,0.43085721135139465
15,down_proj,gptq,1536,8960,0,0.002010963076636905,0.00147247314453125,338.61054581808276,0.03555843509191969,995.406494140625,654.084228515625,11.55567741394043,24.604087829589844,32.23521423339844,33.38182830810547,0.9627578258514404,337.95709228515625,0.11511596292257309,"4615,4340,8545,1019,6654,5372,6168,889,5054,6355,8764,3209,916,779,2413,5228",353.8117370605469,,,,,0,16.296430587768555,17.18012237548828,19.026376724243164,20.518369674682617,"0.079,0.871,1.076,1.005,1.140,0.909,0.821,0.914",11001.939453125,12914.123046875,"206.3,1.223e+04,1.846e+04,1.234e+04,1.486e+04,7911,7389,1.462e+04",14.979702949523926,16.17264747619629,"6.822,17.14,17.96,16.2,16.19,13.7,13.23,18.6","0.5079,4.364,5.003,4.289,4.622,3.522,3.234,4.839","1.803,4.677,4.824,4.278,4.329,3.694,3.569,5.062",253,0.0077527412213385105,1283,0.016270985826849937,"4615,6654,4564,8871,4855,8545,5806,2439",0.1175246611237526,0.4383952021598816,0.4497884213924408,"0.885,0.792,1.02,1,1.11,1,1.2,0.734","2.41,2.34,2.11,1.69,1.52,1.48,1.46,1.46","0.0334,-0.0481,0.00552,-0.0498,-0.0189,0.174,-0.00215,-0.0254","0,-0.0759,0,-0.0445,-0.0222,0.152,0,-0.0418","0.0258,-0.0336,0,-0.0485,-0.0246,0.149,0,-0.0248",0.265625,0.3035714328289032,1,0.4069754183292389,0.10845246911048889
16,q_proj,gptq,1536,1536,0,0.0021074083116319445,0.0014593336317274305,55.37766531785019,0.030289430996420633,167.47384643554688,114.01951599121094,64.84623718261719,180.3268280029297,151.28604125976562,209.640380859375,0.6139385104179382,55.17792510986328,0.29250240325927734,"865,713,1073,1360,1173,147,1248,580,901,1222,1424,793,356,253,742,1283",113.65792083740234,,,,,0,69.80715942382812,96.32290649414062,86.50808715820312,119.05680847167969,"0.850,0.655,0.904,0.708,0.723,0.629,0.559,0.828",1041.27001953125,1283.37060546875,"90.65,1006,1348,1185,1365,973.3,824.7,1536",35.198463439941406,40.39997863769531,"12.6,38.85,37.87,37.45,38.87,37.12,35.81,43.03","3.052,8.277,9.74,8.434,9.221,8.069,7.18,10.63","3.31,10.23,10.24,10.03,10.84,10.17,9.603,11.68",303,0.03049815259873867,311,0.014391425997018814,"1073,147,1360,865,1424,580,742,1200",0.3694162964820862,0.48681640625,0.529296875,"0.67,0.416,0.782,0.751,0.614,0.905,0.772,0.864","17.5,8.88,6.25,5.5,5.34,5.03,4.78,4.5","0.0043,0.0022,-0.00244,0.00653,0.0138,-0.0139,0.0164,0.00885","0,0,0,0,0,0,0,0","0,0,0,0,0,0,0,0",0.2265625,0.273455947637558,1,1.6102983951568604,0.25775831937789917
16,k_proj,gptq,256,1536,0,0.0021387736002604165,0.0014139811197916667,11.784782264818205,0.039037550659420786,31.591293334960938,21.299240112304688,12.154960632324219,33.94999313354492,30.404142379760742,40.23174285888672,0.6139385104179382,11.816291809082031,0.34833014011383057,"865,713,1073,1360,1173,147,1248,901,1424,1222,356,580,793,1283,752,742",113.65792083740234,,,,,0,14.156322479248047,16.963178634643555,16.914087295532227,22.51161003112793,"1.144,0.516,0.965,0.941,0.796,0.833,0.759,0.965",1041.27001953125,1283.37060546875,"90.65,1006,1348,1185,1365,973.3,824.7,1536",35.198463439941406,40.39997863769531,"12.6,38.85,37.87,37.45,38.87,37.12,35.81,43.03","1.576,3.289,4.523,4.028,3.869,3.842,3.199,4.828","1.473,4.578,4.603,4.153,4.336,4.209,3.671,4.914",119,0.08930612355470657,118,0.09531574696302414,"1073,147,1360,865,1424,580,742,1200",0.5796903371810913,0.41650390625,0.4169921875,"0.54,0.477,0.543,0.519,0.476,0.49,0.563,0.465","17.5,8.88,6.25,5.5,5.34,5.03,4.78,4.5","-0.0378,-0.0476,-0.0415,-0.0243,0.00879,0.00507,0.0364,0.0474","-0.0522,-0.0522,-0.0522,0,0,0,0.0522,0","-0.0452,-0.0469,-0.0622,-0.0441,0,0,0.0508,0.0382",0.2177734375,0.20897749066352844,1,1.1561546325683594,0.33335232734680176
16,v_proj,gptq,256,1536,0,0.0020268758138020835,0.0014699300130208333,6.685883589332661,0.026026768835318535,23.10883331298828,16.663427352905273,8.888202667236328,21.663301467895508,19.506244659423828,23.86966896057129,0.6139385104179382,6.645455360412598,0.23625122010707855,"865,1073,713,1173,1360,147,901,1248,580,1222,793,1424,742,253,356,1215",113.65792083740234,,,,,0,9.188437461853027,11.920719146728516,11.152816772460938,13.379437446594238,"0.886,0.627,0.949,0.738,0.779,0.800,0.540,0.882",1041.27001953125,1283.37060546875,"90.65,1006,1348,1185,1365,973.3,824.7,1536",35.198463439941406,40.39997863769531,"12.6,38.85,37.87,37.45,38.87,37.12,35.81,43.03","0.94,2.906,3.69,3.144,3.237,3.026,2.473,3.864","0.9987,3.671,3.788,3.66,3.669,3.382,3.365,4.115",83,0.030077887699007988,83,0.039908912032842636,"1073,147,1360,865,1424,580,742,1200",0.31130287051200867,0.7734375,0.837890625,"0.199,0.176,0.177,0.182,0.173,0.199,0.244,0.193","17.5,8.88,6.25,5.5,5.34,5.03,4.78,4.5","0.131,0.00848,-0.082,-0.0908,-0.0762,-0.0532,0.00552,0.0226","0.112,0,-0.0748,-0.0748,-0.0748,-0.0374,0,0.0374","0.112,0.0158,-0.0703,-0.0778,-0.0653,-0.0532,0,0.0213",0.130859375,0.1121651828289032,1,0.5614081621170044,0.7328826785087585
16,o_proj,gptq,1536,1536,0,0.0021302964952256945,0.0015288458930121528,54.96172181460133,0.036270102484714205,166.0107421875,91.48055267333984,5.594634056091309,24.688976287841797,6.979968070983887,21.597278594970703,0.7956027388572693,54.52882385253906,0.06612741947174072,"1402,1146,750,1018,366,494,110,622,238,1530,339,370,890,626,595,114",30.972618103027344,,,,,0,2.1878819465637207,9.917068481445312,4.379250526428223,13.6860933303833,"0.061,0.068,0.285,0.229,0.123,0.276,0.251,0.382",379.3302307128906,803.674560546875,"38.21,83.44,591.1,370.6,180.5,619.6,331.8,819.4",12.546085357666016,15.423361778259277,"12.06,11.78,12.82,12.11,11.4,13.85,11.75,14.59","0.7545,0.7629,1.731,1.448,1.039,1.83,1.449,2.175","3.066,2.932,3.245,3.029,2.962,3.482,2.889,3.521",801,0.010020148009061813,1421,0.1526782363653183,"622,366,238,750,494,110,1402,1018",1.0261180400848389,0.5516764521598816,0.5896810293197632,"0.653,0.649,0.903,0.458,0.847,0.72,0.507,0.516","3.73,3.62,3.48,3.47,3.47,2.75,2.58,2.48","0.000717,-0.0097,0.026,-0.00665,-0.022,-0.00565,0.00104,0.00464","0,0,0.0315,0,-0.0315,0,0,0","0,-0.0167,0.0201,0,-0.0315,0,0,0",0.1103515625,0.126116082072258,1,0.10396172851324081,0.08729250729084015
16,gate_proj,gptq,8960,1536,0,0.0021067301432291666,0.0014818464006696429,206.6082972404547,0.019987379941153238,832.642822265625,669.4030151367188,165.01132202148438,415.1192321777344,380.305908203125,459.7884216308594,0.7397072315216064,205.75270080566406,0.2259926050901413,"1173,713,147,1248,1229,553,1215,286,1222,520,1073,1421,408,969,1214,872",112.91987609863281,,,,,0,181.07989501953125,245.11532592773438,212.3861083984375,242.01234436035156,"0.187,0.753,1.051,0.966,0.862,0.730,0.664,0.919",1269.74951171875,1548.094482421875,"183.1,1180,1709,1429,1609,1176,1053,1820",23.482484817504883,23.41356658935547,"28.34,22.3,23.17,22.46,23.78,21.37,21.44,25","8.051,12.84,15.87,14.82,14.63,12.29,11.6,15.73","18.63,14.8,15.48,15.08,15.77,14.39,14.23,16.41",4285,0.0035741222091019154,352,0.004297643434256315,"147,1073,553,1200,969,1421,19,441",0.1993386149406433,0.35520368814468384,0.3812081515789032,"2.92,2.22,2.93,2.55,2.88,2.44,2.71,2.51","5.91,4.47,4.12,3.81,2.81,2.28,2.09,2.06","-0.147,0.0247,-0.19,0.082,0.0471,0.0454,-0.00659,-0.0243","-0.166,0,-0.166,0.0831,0.0831,0,0,0","-0.144,0,-0.218,0.101,0.0667,0.0792,0,0",0.291015625,0.28246256709098816,1,0.8749029636383057,0.06337840855121613
16,up_proj,gptq,8960,1536,0,0.0020903087797619047,0.0014662243071056548,174.1948857170064,0.016986888589333664,797.1756591796875,659.93017578125,160.984619140625,372.48333740234375,347.27886962890625,431.0221252441406,0.7397072315216064,173.983154296875,0.17742174863815308,"1173,713,147,1248,1229,553,1215,286,1222,520,1421,1073,408,1214,969,872",112.91987609863281,,,,,0,165.37594604492188,232.19654846191406,194.708740234375,232.694580078125,"0.149,0.721,1.009,0.908,0.834,0.753,0.654,0.884",1269.74951171875,1548.094482421875,"183.1,1180,1709,1429,1609,1176,1053,1820",23.482484817504883,23.41356658935547,"28.34,22.3,23.17,22.46,23.78,21.37,21.44,25","6.914,12.23,15.04,13.96,14.2,12.11,11.26,15.15","17.92,14.4,14.98,14.66,15.55,13.95,13.91,16.12",8696,0.0021384363062679768,6924,0.003098625224083662,"147,1073,553,1200,969,1421,19,441",0.14333310723304749,0.5037527680397034,0.6183035969734192,"1.12,1.91,1.02,1.82,1.36,0.847,2.34,2.04","5.91,4.47,4.12,3.81,2.81,2.28,2.09,2.06","0.0131,-0.00861,-0.00169,-0.0227,0.00806,0.0168,0.0016,0.017","0,-0.0363,0,-0.0363,0,0,0,0.0363","0,0,0,-0.0368,0,0,0,0",0.1708984375,0.17060454189777374,1,0.6564731001853943,0.37135374546051025
16,down_proj,gptq,1536,8960,0,0.001997157505580357,0.001468258812313988,339.99883773433976,0.036537809283439845,982.9921264648438,638.6181640625,13.674041748046875,27.51537322998047,40.89591979980469,37.22722625732422,0.4085831344127655,339.50335693359375,0.10911853611469269,"8196,3256,5149,2870,2605,794,8144,759,7236,8439,2827,7972,5475,1746,744,4056",50.80782699584961,,,,,0,19.103233337402344,18.22934341430664,24.84817886352539,21.510379791259766,"0.066,0.870,1.406,1.046,1.075,0.875,0.748,1.298",10821.30078125,13792.392578125,"209.5,1.096e+04,1.745e+04,1.193e+04,1.439e+04,7611,5651,1.836e+04",15.482488632202148,17.267372131347656,"7.607,17.13,17.39,16.97,18.19,14.37,13.29,18.93","0.5192,4.334,5.56,4.667,5.031,3.675,3.201,5.658","2.025,4.646,4.689,4.564,4.853,3.928,3.701,4.965",279,0.007629857398569584,1421,0.013984632678329945,"8266,6042,8136,4725,3308,7761,2016,2488",0.17887943983078003,0.373779296875,0.3668619990348816,"1.08,1.11,0.923,1.21,1.23,0.985,0.706,0.81","4.12,3.33,2.75,2.09,2.03,1.95,1.92,1.81","-0.0376,-0.00891,0.0229,-0.0359,0.0586,0.0183,-0.0137,0.0369","-0.0269,0,0.0387,-0.0345,0.0566,0.0249,-0.0219,0.0543","-0.0385,0,0.0399,-0.0261,0.064,0.0198,-0.023,0.0371",0.1865234375,0.16286641359329224,2,0.43947508931159973,0.29673850536346436
17,q_proj,gptq,1536,1536,0,0.002131568060980903,0.0014673868815104167,53.99333277773985,0.03336449537597359,152.8470001220703,102.14629364013672,60.37670135498047,160.10153198242188,161.15203857421875,196.45199584960938,0.596423864364624,54.03053283691406,0.31578201055526733,"713,1173,147,1073,1222,1360,865,1215,1424,1248,742,580,901,223,793,1166",137.56134033203125,,,,,0,77.06227111816406,93.8634033203125,84.55097961425781,107.44178771972656,"0.563,0.639,1.278,0.794,0.908,0.646,0.617,0.842",1185.5830078125,1475.276611328125,"166.4,1050,1819,1361,1462,936.3,840.3,1850",36.92630386352539,40.13153076171875,"20.11,39.32,40.18,38.48,39.15,37.01,37.71,43.45","3.917,8.22,11.89,9.032,9.794,7.567,7.325,10.18","5.222,10.29,10.52,10.13,10.28,9.418,9.326,11.1",1035,0.02455681376159191,1049,0.014534362591803074,"1073,147,1424,1200,580,1360,742,1166",0.36341437697410583,0.4558919370174408,0.4605306088924408,"0.886,0.558,0.666,0.838,1.13,0.904,0.946,0.984","15.5,10.3,5.97,5.97,5.56,5.16,4.97,4.41","-0.0205,0.0277,-0.0464,-0.0645,0.0237,0.0347,-0.0108,-0.0884","0,0,-0.0809,-0.0809,0,0,0,-0.0809","-0.0385,0,-0.0388,-0.055,0.0336,0.0444,0,-0.0824",0.283203125,0.2427455484867096,3,1.5347539186477661,0.0051500070840120316
17,k_proj,gptq,256,1536,0,0.0021642049153645835,0.0014699300130208333,6.6733334584691875,0.03488959747688997,18.633960723876953,12.5263671875,7.372331619262695,20.658435821533203,19.608932495117188,23.703720092773438,0.596423864364624,6.691420555114746,0.32143616676330566,"713,1173,147,865,1073,1360,1215,1222,1424,580,1248,742,901,223,1166,793",137.56134033203125,,,,,0,9.15489387512207,11.682146072387695,10.861279487609863,12.96458625793457,"0.542,0.542,1.437,0.950,0.778,0.498,0.492,0.851",1185.5830078125,1475.276611328125,"166.4,1050,1819,1361,1462,936.3,840.3,1850",36.92630386352539,40.13153076171875,"20.11,39.32,40.18,38.48,39.15,37.01,37.71,43.45","1.325,2.696,4.179,3.369,3.087,2.47,2.409,3.737","1.799,3.66,3.486,3.458,3.5,3.498,3.436,4.052",244,0.04337584599852562,121,0.039281900972127914,"1073,147,1424,1200,580,1360,742,1166",0.4166158437728882,0.3623046875,0.375,"0.413,0.382,0.426,0.38,0.369,0.445,0.46,0.411","15.5,10.3,5.97,5.97,5.56,5.16,4.97,4.41","0.0109,0.0483,0.0178,-0.0674,0.0111,-0.0659,-0.0255,-0.0437","0,0.0326,0,-0.0653,0,-0.0653,-0.0326,-0.0326","0.0176,0.0396,0.0227,-0.0653,0,-0.0748,-0.0317,-0.0326",0.130859375,0.12467589229345322,1,0.6429900527000427,0.29221111536026
17,v_proj,gptq,256,1536,0,0.00217437744140625,0.0015716552734375,8.308134422740181,0.024384015445456386,29.639177322387695,22.061424255371094,11.722441673278809,27.370361328125,27.26294708251953,36.07677459716797,0.596423864364624,8.348788261413574,0.18722198903560638,"1073,1222,713,1215,1173,1360,865,147,742,1248,1424,580,223,901,1166,793",137.56134033203125,,,,,0,13.069999694824219,17.857696533203125,14.892704010009766,19.80742645263672,"0.547,0.623,0.891,0.840,0.839,0.541,0.593,0.770",1185.5830078125,1475.276611328125,"166.4,1050,1819,1361,1462,936.3,840.3,1850",36.92630386352539,40.13153076171875,"20.11,39.32,40.18,38.48,39.15,37.01,37.71,43.45","1.052,3.382,4.37,3.976,4.07,3.205,3.287,4.413","1.423,4.285,4.628,4.339,4.442,4.36,4.269,5.028",139,0.0372675321996212,200,0.04336803779006004,"1073,147,1424,1200,580,1360,742,1166",0.20401129126548767,0.70751953125,0.8310546875,"0.17,0.157,0.144,0.179,0.15,0.14,0.223,0.226","15.5,10.3,5.97,5.97,5.56,5.16,4.97,4.41","-0.0103,0.00613,0.00153,-0.000213,0.00385,-0.0189,-0.00403,0.00891","-0.0194,0,0,0,0,-0.0194,0,0.0194","0,0,0,0,0,-0.0251,0,0",0.15625,0.13729141652584076,1,0.7856094837188721,0.17466957867145538
17,o_proj,gptq,1536,1536,0,0.002270592583550347,0.0015089246961805555,64.82307045915513,0.037866127292125254,188.5013427734375,102.7232894897461,5.198834419250488,18.653411865234375,8.335200309753418,19.15784454345703,0.8026558756828308,64.4874267578125,0.0557078942656517,"308,180,692,564,52,35,436,291,163,419,547,807,1063,162,239,1319",35.156158447265625,,,,,0,2.8729443550109863,9.45180606842041,2.488787889480591,8.773269653320312,"0.056,0.338,0.387,0.097,0.146,0.465,0.444,0.319",611.4190063476562,444.3237609863281,"42.95,1209,642.4,133.2,188.6,1157,1046,472",12.606452941894531,12.298276901245117,"12.45,14.68,13,10.89,11.24,12.6,13.5,12.49","0.6956,2.117,1.916,0.8029,1.005,2.197,2.243,1.683","2.948,3.643,3.078,2.583,2.63,3.22,3.368,2.98",901,0.013194313272833824,1421,0.01309776958078146,"308,180,692,52,564,436,807,1447",1.121972918510437,0.4891764521598816,0.5250651240348816,"0.532,0.516,0.95,0.614,0.814,0.922,0.879,0.64","4.62,4.31,3.94,3.88,3.39,3.19,1.62,1.59","0.0194,-0.00232,0.032,0.0117,0.00842,0.0544,-0.0273,-0.0125","0,0,0.0511,0,0,0.0511,-0.0511,0","0.0208,0,0.0391,0.0161,0,0.0511,-0.0241,-0.0227",0.1787109375,0.204241082072258,1,0.11548302322626114,0.010916927829384804
17,gate_proj,gptq,8960,1536,0,0.00211639404296875,0.0014792306082589285,230.57765552354977,0.02201112577417304,874.3413696289062,688.8751220703125,163.7210693359375,455.96026611328125,442.14227294921875,508.8645935058594,0.7577689290046692,230.2144775390625,0.2377243936061859,"713,1173,147,1229,1248,1215,286,553,1222,1421,969,520,1073,1214,518,102",113.29109954833984,,,,,0,216.7276611328125,261.8272399902344,238.21311950683594,262.06793212890625,"0.182,0.766,1.471,1.081,0.882,0.791,0.634,0.938",1367.6094970703125,1694.8262939453125,"184.3,1216,2099,1555,1658,1179,1063,1986",24.007883071899414,24.21596336364746,"27.53,22.69,24.8,23.01,24.13,21.77,22.36,25.78","7.963,13.21,20.35,16.18,15.46,12.73,11.79,16.74","18.69,15.09,16.78,15.56,16.46,14.31,14.81,17.28",5076,0.004949032794684172,6690,0.008757645264267921,"147,1073,1200,553,1421,969,802,772",0.14307068288326263,0.3595423996448517,0.38331472873687744,"3.03,2.4,2.67,3.03,2.42,2.91,2.47,2.61","6.31,4.19,4.06,3.98,2.88,2.69,2.27,2.17","0.0203,-0.0723,0.0151,0.124,-0.0737,-0.063,0.0364,0.0591","0,-0.0848,0,0.0848,-0.17,0,0,0.0683","0,-0.0882,0,0.137,-0.0661,-0.0539,0,0.0848",0.380859375,0.32564058899879456,1,1.0875121355056763,0.20350342988967896
17,up_proj,gptq,8960,1536,0,0.002120390392485119,0.0014801025390625,200.7120653380407,0.018757089256674266,854.0582885742188,688.8817749023438,162.20323181152344,416.013916015625,408.688720703125,482.4538879394531,0.7577689290046692,200.3642578125,0.19212371110916138,"713,1173,147,1248,1229,1215,286,553,1222,1421,1214,969,520,1073,518,102",113.29109954833984,,,,,0,198.18460083007812,250.5926055908203,224.53860473632812,253.33291625976562,"0.153,0.696,1.335,1.051,0.899,0.748,0.612,0.939",1367.6094970703125,1694.8262939453125,"184.3,1216,2099,1555,1658,1179,1063,1986",24.007883071899414,24.21596336364746,"27.53,22.69,24.8,23.01,24.13,21.77,22.36,25.78","6.962,12.63,18.67,15.41,14.95,12.46,11.63,16.65","17.78,15.13,16.16,15.03,15.77,14.41,14.86,17.18",5603,0.0035363915376365185,3592,0.0021997217554599047,"147,1073,1200,553,1421,969,802,772",0.1156969666481018,0.520312488079071,0.6067801117897034,"1.23,2.01,1.81,1.18,0.874,1.35,1.93,2.76","6.31,4.19,4.06,3.98,2.88,2.69,2.27,2.17","0.00867,0.000931,-0.011,0.00735,-0.00552,-0.0111,-0.00677,0.0398","0.0191,0.0191,0,0,0,-0.0191,0,0.0511","0,0,0,0,0,0,0,0.0312",0.13671875,0.13534511625766754,1,0.8892269730567932,0.5932943820953369
17,down_proj,gptq,1536,8960,0,0.0019965035574776788,0.0014544532412574405,369.293618381289,0.037794086099081414,1035.0147705078125,658.0209350585938,16.877239227294922,38.315399169921875,52.61272048950195,51.146087646484375,0.5557530522346497,368.4672546386719,0.15252362191677094,"7705,8586,1169,8498,1830,7624,8474,685,4944,7188,3483,8574,646,8334,5097,8363",43.279510498046875,,,,,0,24.622318267822266,25.090904235839844,29.459346771240234,25.785484313964844,"0.070,0.817,1.465,0.971,0.924,0.841,0.815,1.078",10905.6376953125,12859.4580078125,"209.5,1.03e+04,1.824e+04,1.43e+04,1.386e+04,6365,5963,1.8e+04",17.727130889892578,18.954517364501953,"8.33,19.15,20.1,20.85,21.2,15.2,15.32,21.67","0.6099,4.809,6.481,5.704,5.634,3.896,3.75,6.161","2.31,5.322,5.355,5.79,5.862,4.249,4.154,5.933",503,0.010873857885599136,1073,0.010827810503542423,"3717,1291,1378,7611,3931,1983,4944,4818",0.2579345405101776,0.3575032651424408,0.3709309995174408,"1.22,1.04,0.955,1.09,1.04,0.962,0.977,0.882","8.19,3.09,2.89,2.27,2.16,2.09,2.05,1.9","-0.0488,-0.0229,0.0342,0.00418,0.0153,-0.0112,0.0189,0.00546","-0.0426,-0.0279,0.0401,0,0,0,0,0","-0.0393,-0.029,0.029,0,0.0212,0,0,0",0.5078125,0.4352678954601288,2,0.5874958634376526,0.008021809160709381
18,q_proj,gptq,1536,1536,0,0.0021387736002604165,0.001480526394314236,56.57201891159639,0.03154152017966423,165.22573852539062,112.5386962890625,47.668724060058594,156.71566772460938,128.07582092285156,196.70254516601562,0.6073322296142578,56.57697296142578,0.31992077827453613,"713,1173,1073,865,1222,1360,147,1248,580,1424,742,1166,1215,223,901,356",165.2200927734375,,,,,0,60.81382751464844,96.12600708007812,70.86141967773438,111.22207641601562,"0.248,0.509,0.882,0.734,0.696,0.441,0.398,0.824",1171.5289306640625,1478.876708984375,"172.5,952,1814,1450,1420,862.1,822.7,1880",35.11655807495117,37.728233337402344,"21.34,37.93,37.6,36.93,36.82,33.66,36.8,39.85","2.835,7.421,9.83,8.587,8.446,6.377,6.344,10.04","5.694,10.41,10.47,10.03,10.13,9.602,10.06,11.06",1330,0.011711664497852325,1024,0.037537649273872375,"1073,147,580,1424,1166,1360,1200,742",0.3914177417755127,0.4624837338924408,0.5162760615348816,"0.871,0.493,1,0.672,0.986,0.825,0.77,0.818","15.2,9.75,6.88,6.81,5.56,5.53,5.25,5.12","0.0327,0.0117,-0.0596,0.00677,0.0176,-0.0459,-0.143,0.0369","0.0407,0,-0.0407,0,0,-0.0407,-0.122,0.0407","0.0297,0,-0.065,0,0,-0.0374,-0.146,0.036",0.169921875,0.1377759724855423,4,0.9139906167984009,0.2470339834690094
18,k_proj,gptq,256,1536,0,0.00203704833984375,0.0014851888020833333,10.351654904254247,0.03511490482958172,28.489665985107422,18.725284576416016,8.23219108581543,27.662830352783203,23.069948196411133,33.20032501220703,0.6073322296142578,10.36491584777832,0.3484937846660614,"713,1173,865,1073,147,1222,1360,1248,580,1424,901,1166,1215,742,793,223",165.2200927734375,,,,,0,11.098132133483887,15.654825210571289,13.13847541809082,18.006332397460938,"0.217,0.502,1.103,0.763,0.840,0.587,0.313,0.975",1171.5289306640625,1478.876708984375,"172.5,952,1814,1450,1420,862.1,822.7,1880",35.11655807495117,37.728233337402344,"21.34,37.93,37.6,36.93,36.82,33.66,36.8,39.85","1.072,3.065,4.473,3.687,3.671,2.874,2.317,4.187","2.302,4.325,4.259,4.221,4.006,3.753,4.143,4.24",100,0.04549138620495796,252,0.031379975378513336,"1073,147,580,1424,1166,1360,1200,742",0.3470364511013031,0.40478515625,0.43212890625,"0.46,0.421,0.403,0.492,0.406,0.492,0.461,0.515","15.2,9.75,6.88,6.81,5.56,5.53,5.25,5.12","0.012,0.0349,-0.00922,0.02,-0.0182,-0.00177,-0.011,0.0109","0.0197,0.0393,0,0.0197,-0.0197,0,0,0.0197","0.024,0.0255,0,0.0233,-0.0229,0,0,0",0.11572265625,0.1258128434419632,1,0.7830647230148315,0.24561923742294312
18,v_proj,gptq,256,1536,0,0.0021947224934895835,0.0014801025390625,9.288417123651016,0.03084453735834726,27.974973678588867,19.081104278564453,8.054466247558594,23.118684768676758,21.92918586730957,28.41240119934082,0.6073322296142578,9.249345779418945,0.29284802079200745,"865,713,1173,1222,1360,1073,147,580,1248,901,742,1215,1424,223,1166,793",165.2200927734375,,,,,0,9.938976287841797,14.355541229248047,12.765999794006348,15.278606414794922,"0.523,0.562,1.000,0.675,0.645,0.490,0.436,0.927",1171.5289306640625,1478.876708984375,"172.5,952,1814,1450,1420,862.1,822.7,1880",35.11655807495117,37.728233337402344,"21.34,37.93,37.6,36.93,36.82,33.66,36.8,39.85","1.121,3.093,4.169,3.434,3.309,2.406,2.44,4.101","1.551,4.124,4.168,4.179,4.119,3.438,3.697,4.259",250,0.03467748686671257,217,0.041937895119190216,"1073,147,580,1424,1166,1360,1200,742",0.3147744834423065,0.6708984375,0.70849609375,"0.225,0.173,0.209,0.203,0.257,0.227,0.255,0.284","15.2,9.75,6.88,6.81,5.56,5.53,5.25,5.12","-0.015,-0.00592,-0.00723,0.00916,0.00151,-0.0195,0.0771,-0.00897","-0.0246,0,0,0,0,-0.0246,0.0737,0","-0.0186,0,0,0,0,-0.0237,0.0691,0",0.103515625,0.08865953981876373,4,0.6162099838256836,0.2715107500553131
18,o_proj,gptq,1536,1536,0,0.002193450927734375,0.0015085008409288195,56.52646967416422,0.035693816420475734,155.69944763183594,93.83027648925781,8.43618392944336,31.769655227661133,12.01558780670166,31.609773635864258,0.8064664602279663,56.328636169433594,0.0388975515961647,"1348,1232,1291,1389,1402,848,1395,1302,1367,1319,976,1092,1318,1139,1111,1377",31.640214920043945,,,,,0,4.2376909255981445,11.829755783081055,5.444860458374023,14.36948013305664,"0.103,0.142,0.336,0.495,0.353,0.302,0.392,0.484",419.0804443359375,618.7350463867188,"58.07,105.9,299.7,461.8,348.7,483.4,691.7,903.4",14.488040924072266,15.79574966430664,"10.44,10.45,15.03,14.1,15.25,15.05,17.03,18.56","0.8265,0.9666,2.096,2.251,2.099,1.938,2.458,2.937","2.575,2.564,3.615,3.199,3.533,3.528,3.923,4.221",1421,0.02806525118649006,657,0.015380633063614368,"1360,1139,201,1104,1319,1488,848,73",0.4906819760799408,0.426025390625,0.4735514521598816,"0.617,0.917,0.794,0.559,0.617,0.795,0.435,0.733","2.88,2.69,2.56,2.5,2.48,2.47,2.45,2.45","0.142,-0.0347,-0.109,0.116,0.0569,0.187,0.119,-0.154","0.164,0,-0.164,0.164,0,0.164,0.164,-0.164","0.171,-0.0463,-0.0979,0.0926,0,0.164,0.127,-0.132",0.59765625,0.5362621545791626,3,0.3517001271247864,0.2532326281070709
18,gate_proj,gptq,8960,1536,0,0.002092561267671131,0.0014779227120535715,244.44973150802252,0.023283542744033655,908.2969970703125,708.4276733398438,176.317626953125,493.490966796875,482.07843017578125,572.707275390625,0.7530468702316284,243.7607421875,0.22319835424423218,"147,713,1173,1215,1248,1229,1222,286,553,1073,1166,1214,335,969,251,102",104.3576431274414,,,,,0,234.11166381835938,302.44915771484375,260.02105712890625,303.5977478027344,"0.178,0.630,1.271,1.064,0.838,0.715,0.587,0.943",1430.9627685546875,1769.527099609375,"187.8,1128,2274,1757,1680,1166,1104,2151",25.214832305908203,25.448223114013672,"27.21,23.34,26.03,25.22,25.51,22.99,23.95,27.46","7.96,12.99,19.93,17.45,16.03,13.29,12.87,18.44","18.89,16.36,17.68,16.92,17.52,15.71,16.8,18.99",3613,0.0049222721718251705,3111,0.004758098628371954,"147,1073,1200,553,1166,19,1421,969",0.18192259967327118,0.38052454590797424,0.40012556314468384,"2.83,2.31,2.65,2.94,2.43,2.67,2.46,2.82","5.62,4.75,4.09,3.7,3.05,2.56,2.56,2.47","0.0425,-0.108,-0.0549,-0.00172,0.051,0.0559,0.0289,-0.0327","0,-0.0837,0,0,0.0837,0.0837,0,0","0.0578,-0.109,-0.0706,0,0.0706,0.0583,0.0516,-0.0511",0.29296875,0.26700282096862793,1,1.1248743534088135,0.228774756193161
18,up_proj,gptq,8960,1536,0,0.00210418701171875,0.0014635358537946428,213.13882450580422,0.019781593280598846,881.796875,702.9617309570312,173.09231567382812,455.7884521484375,446.16387939453125,547.307861328125,0.7530468702316284,212.6981201171875,0.18835954368114471,"713,147,1173,1215,1248,1229,1222,286,553,1073,1214,1166,335,251,102,1421",104.3576431274414,,,,,0,214.777099609375,283.7660217285156,246.48593139648438,288.01666259765625,"0.159,0.658,1.140,1.016,0.817,0.722,0.609,0.915",1430.9627685546875,1769.527099609375,"187.8,1128,2274,1757,1680,1166,1104,2151",25.214832305908203,25.448223114013672,"27.21,23.34,26.03,25.22,25.51,22.99,23.95,27.46","7.115,12.69,18.54,16.9,15.51,12.97,12.34,17.77","17.87,15.65,17.36,16.77,17.16,15.27,15.81,18.58",4290,0.0018411423079669476,5785,0.003455496160313487,"147,1073,1200,553,1166,19,1421,969",0.1422383189201355,0.5048967599868774,0.6003627181053162,"1.38,1.88,1.86,1.27,1.93,2.43,0.959,1.47","5.62,4.75,4.09,3.7,3.05,2.56,2.56,2.47","-0.0413,0.0166,-0.0281,-0.0292,0.0723,0.0601,0.033,0.0201","-0.041,0,-0.041,-0.041,0.082,0.082,0,0.041","-0.0466,0.0243,-0.041,-0.0211,0.082,0.0586,0.0385,0.0205",0.1435546875,0.123046875,1,0.6656415462493896,0.18859750032424927
18,down_proj,gptq,1536,8960,0,0.0019987560453869047,0.001456269763764881,371.08297939753106,0.03756398131464621,1052.98779296875,678.49609375,21.68708038330078,49.304664611816406,71.94136047363281,69.64030456542969,0.7771259546279907,369.49920654296875,0.12108293920755386,"8340,1579,5948,3111,7365,3562,5083,7572,7773,7820,658,7143,6873,7626,2066,7731",254.57933044433594,,,,,0,34.866241455078125,33.22642135620117,41.82654571533203,36.45930099487305,"0.066,0.699,1.235,1.028,1.337,0.741,0.760,1.227",12311.8583984375,14372.2265625,"205,6267,1.941e+04,1.742e+04,2.242e+04,6362,6117,2.029e+04",20.154048919677734,21.735076904296875,"8.701,18.98,22.93,24.4,25.78,17.02,17.07,26.34","0.625,4.339,7.018,6.864,8.034,4.237,4.186,7.957","2.434,5.189,6.316,6.772,6.949,4.923,4.803,7.185",609,0.03384117782115936,1421,0.0274522565305233,"3540,8682,6041,2247,5157,2110,8911,1728",0.15175829827785492,0.3379720151424408,0.3499349057674408,"1.2,1.11,0.941,0.893,1.04,0.973,1.19,0.995","4.34,3.7,3.48,3.45,2.97,2.86,2.56,2.55","0.0422,0.00558,0.0542,-0.0879,-0.00244,-0.0649,-0.0123,0.0913","0.0414,0,0,-0.114,0,-0.051,0,0.0848","0.0561,0,0.06,-0.0826,0,-0.0513,0,0.0737",0.43359375,0.471366286277771,1,1.4778807163238525,0.09257177263498306
19,q_proj,gptq,1536,1536,0,0.002066718207465278,0.0014826456705729167,52.16511637106305,0.0301484345048954,158.02215576171875,107.98157501220703,66.5499496459961,205.1072998046875,186.19070434570312,253.9725341796875,0.6178537011146545,52.1221809387207,0.2861941158771515,"713,1173,1222,147,1073,865,1360,1248,1215,1166,1424,1229,742,223,1394,185",145.02310180664062,,,,,0,86.54768371582031,121.22692108154297,99.58879089355469,133.08155822753906,"0.370,0.459,1.180,0.760,0.809,0.561,0.510,0.708",1289.873046875,1520.887451171875,"165.9,908.5,2186,1620,1832,922.1,899.4,1785",40.73905944824219,42.73521041870117,"20.47,43.55,44.71,45.56,44.97,39.53,42.94,44.18","3.374,7.861,12.95,10.67,10.55,7.698,7.83,10.29","5.544,11.6,11.92,12.24,11.73,10.28,10.96,12.22",687,0.021314159035682678,179,0.011596308089792728,"1073,147,1166,1424,1200,742,223,580",0.3391959071159363,0.4744466245174408,0.5257161855697632,"0.777,0.555,0.717,0.567,0.733,0.817,0.947,1.1","15.4,11.5,8.19,7.34,6.88,6.28,6,5.97","0.00879,-0.00403,0.0129,0.00403,0.0195,0.00854,-0.0209,-0.0108","0,0,0,0,0,0,-0.0332,0","0,0,0,0,0,0,-0.0374,0",0.197265625,0.17094658315181732,1,1.5400059223175049,0.9501832723617554
19,k_proj,gptq,256,1536,0,0.0020345052083333335,0.0014902750651041667,8.182690768910106,0.037163094997299896,22.09520149230957,14.130210876464844,9.447904586791992,27.91390609741211,27.72713851928711,33.646236419677734,0.6178537011146545,8.204076766967773,0.33412274718284607,"713,1073,1173,1222,147,1360,1248,865,1215,934,742,1424,1166,223,185,1394",145.02310180664062,,,,,0,13.389862060546875,15.977570533752441,13.560957908630371,16.883941650390625,"0.393,0.416,1.410,0.911,0.893,0.738,0.596,1.089",1289.873046875,1520.887451171875,"165.9,908.5,2186,1620,1832,922.1,899.4,1785",40.73905944824219,42.73521041870117,"20.47,43.55,44.71,45.56,44.97,39.53,42.94,44.18","1.339,3.005,5.191,3.844,4.216,3.14,3.29,4.014","2.137,4.657,4.372,4.027,4.463,3.655,4.262,3.848",117,0.07593783736228943,54,0.10899125039577484,"1073,147,1166,1424,1200,742,223,580",0.33347412943840027,0.369140625,0.37744140625,"0.455,0.317,0.402,0.453,0.352,0.44,0.425,0.454","15.4,11.5,8.19,7.34,6.88,6.28,6,5.97","-0.00964,-0.00818,-0.016,0.00684,-0.000385,0.0413,-0.0371,-0.141","0,0,0,0,0,0.0402,-0.0402,-0.161","0,0,0,0,0,0.0324,-0.0413,-0.121",0.1708984375,0.1815270483493805,1,1.1618305444717407,0.12182016670703888
19,v_proj,gptq,256,1536,0,0.0020090738932291665,0.0014063517252604167,11.03771086395136,0.0363392198008897,37.35421371459961,28.31081199645996,15.771440505981445,40.83305740356445,39.46220779418945,50.99971008300781,0.6178537011146545,11.081100463867188,0.22873151302337646,"1173,1222,713,1215,147,1073,223,865,1166,1360,1248,742,185,1229,574,1412",145.02310180664062,,,,,0,18.187393188476562,24.580785751342773,21.689918518066406,27.32915496826172,"0.717,0.471,1.249,0.828,0.929,0.672,0.471,0.612",1289.873046875,1520.887451171875,"165.9,908.5,2186,1620,1832,922.1,899.4,1785",40.73905944824219,42.73521041870117,"20.47,43.55,44.71,45.56,44.97,39.53,42.94,44.18","1.314,3.63,5.64,4.977,5.062,3.847,3.624,4.524","1.551,5.288,5.047,5.469,5.251,4.692,5.28,5.782",50,0.03307541832327843,104,0.06617750972509384,"1073,147,1166,1424,1200,742,223,580",0.2204512357711792,0.72705078125,0.787109375,"0.153,0.146,0.217,0.127,0.231,0.241,0.222,0.22","15.4,11.5,8.19,7.34,6.88,6.28,6,5.97","-0.00473,0.00568,0.021,-0.000134,-0.00497,-0.0113,-0.0244,0.0106","0,0,0.0379,0,0,0,-0.0379,0","0,0,0.0416,0,0,0,-0.0301,0",0.1796875,0.1617162525653839,5,0.9206528663635254,0.9305276870727539
19,o_proj,gptq,1536,1536,0,0.0021726820203993055,0.0014745924207899305,55.75251660078584,0.035117335402504904,162.59278869628906,94.26854705810547,8.518857955932617,29.044559478759766,14.564501762390137,28.045286178588867,0.8716453909873962,55.600833892822266,0.037601083517074585,"818,801,145,1458,855,1057,1517,1441,877,273,1367,401,883,1202,1005,799",17.969614028930664,,,,,0,5.194217681884766,10.083733558654785,6.845220565795898,14.281292915344238,"0.255,0.458,0.597,0.498,0.720,0.543,0.445,0.354",500.07086181640625,534.6692504882812,"29.36,509.4,614.9,421.2,750.5,605.7,461.9,607.6",12.43563461303711,14.877754211425781,"6.292,11.36,13.06,11.76,15.35,12.57,13.77,15.32","0.7555,1.999,2.642,2.102,3.307,2.163,2.218,2.248","1.497,2.952,3.421,2.977,3.898,2.934,3.325,3.78",211,0.008875121362507343,1421,0.01502782478928566,"774,878,863,787,879,872,770,848",0.24857045710086823,0.3116048276424408,0.3229166865348816,"1.14,1.14,1.19,1.07,1.09,1.14,1.01,1.13","3.2,2.53,2.45,2.27,2.14,2.12,1.95,1.91","0.0513,0.00824,0.0209,0.0193,0.0376,0.0361,-0.00824,0.0532","0.0501,0,0.025,0.025,0.0501,0.0466,0,0.0466","0.0499,0,0.025,0.025,0.0499,0.025,0,0.0499",0.09423828125,0.1056685745716095,1,0.31157881021499634,0.19123150408267975
19,gate_proj,gptq,8960,1536,0,0.0021023704892113096,0.001469058082217262,250.75565797963645,0.024059227887111328,888.8294677734375,693.3245849609375,196.92257690429688,566.659912109375,545.1441040039062,646.492431640625,0.7716353535652161,249.4344482421875,0.21586962044239044,"147,713,1173,1248,1229,286,553,1215,1222,1073,1421,969,518,520,11,1214",120.20167541503906,,,,,0,277.4794006347656,339.6983642578125,294.6900634765625,332.572265625,"0.201,0.711,1.441,1.028,0.867,0.751,0.682,0.917",1490.1278076171875,1782.6849365234375,"187.6,1056,2384,1856,1990,1181,1158,2108",27.06979751586914,26.981586456298828,"29.95,24.4,27.65,27.46,27.95,24.58,25.66,28.9","9.284,14.1,22.66,18.77,18.1,14.19,14.11,18.46","20.72,16.72,18.88,18.51,19.45,16.37,17.09,19.27",7950,0.0031344201415777206,6971,0.0033146908972412348,"147,1073,1200,553,1166,19,1421,1468",0.1599588841199875,0.3670898377895355,0.3663783371448517,"2.93,2.28,2.71,2.97,2.66,2.65,2.63,2.68","5.84,4.41,4.16,3.95,2.89,2.84,2.5,2.36","-0.116,0.0161,0.082,-0.0889,0.0608,0.0713,0.052,0.0522","-0.12,0,0.0798,-0.0798,0.0399,0.0798,0.0798,0.0399","-0.13,0,0.0815,-0.0809,0.0407,0.0709,0.0399,0.0399",0.16796875,0.14792130887508392,1,1.0135802030563354,0.6435556411743164
19,up_proj,gptq,8960,1536,0,0.002104404994419643,0.0014495123000372024,232.4839594290679,0.020278825356530108,932.7685546875,746.5008544921875,208.81689453125,563.9866943359375,539.1646728515625,664.3630981445312,0.7716353535652161,231.40115356445312,0.17709508538246155,"147,713,1173,1248,1229,286,1215,553,1222,1421,1073,518,520,11,251,969",120.20167541503906,,,,,0,269.5491638183594,348.6690673828125,297.704345703125,348.313720703125,"0.173,0.697,1.338,0.990,0.889,0.680,0.615,0.847",1490.1278076171875,1782.6849365234375,"187.6,1056,2384,1856,1990,1181,1158,2108",27.06979751586914,26.981586456298828,"29.95,24.4,27.65,27.46,27.95,24.58,25.66,28.9","8.529,13.92,21.88,18.6,18.37,14.23,13.85,18.25","20.53,16.67,18.91,18.7,19.48,17.25,17.67,19.84",2334,0.0019816337153315544,6280,0.002139274962246418,"147,1073,1200,553,1166,19,1421,1468",0.11804669350385666,0.46923828125,0.5518554449081421,"1.53,2,2.13,1.35,2.06,2.56,0.92,2.39","5.84,4.41,4.16,3.95,2.89,2.84,2.5,2.36","0.0125,-0.0664,-0.0188,-0.00267,-0.012,0.00491,-0.0193,-0.0114","0,-0.0499,0,0,0,0,0,0","0,-0.0707,0,0,0,0,0,0",0.294921875,0.27367454767227173,1,0.8178815841674805,0.4038892388343811
19,down_proj,gptq,1536,8960,0,0.0020163399832589285,0.001458376929873512,499.1444148188639,0.0479372904095494,1235.4532470703125,774.0843505859375,37.20802307128906,92.53630065917969,116.36930847167969,124.0028076171875,0.49495580792427063,496.2574768066406,0.12076994776725769,"481,2896,5521,8756,441,8526,3069,2822,382,302,569,7735,4248,7743,8349,2328",28.427600860595703,,,,,0,54.719635009765625,59.024864196777344,66.9812240600586,64.99275207519531,"0.088,0.893,1.312,0.842,1.125,0.771,0.679,0.839",11210.9873046875,13999.8076171875,"201.1,8632,1.82e+04,1.488e+04,1.941e+04,6370,6364,1.563e+04",24.88461685180664,27.561687469482422,"9.416,23.55,26.61,30.51,32.02,21.28,23.72,31.96","0.8389,6.547,9.073,8.494,9.991,5.46,5.73,8.789","2.82,6.928,7.92,9.256,9.42,6.218,6.953,9.597",1421,0.01618863269686699,1283,0.011296150274574757,"7479,2318,4363,1378,4489,2832,490,2758",0.21237969398498535,0.3499349057674408,0.3579915463924408,"1.26,0.847,0.894,1.1,1.17,1.15,1.19,1.16","8.12,6.09,4.59,4.31,4.03,3.36,3.22,2.97","0.0209,-0.00359,-0.0203,0.0791,0.05,-0.0684,-0.00751,-0.0566","0,0,0,0.0627,0.0738,-0.0665,0.0647,-0.0817","0,0,0,0.0904,0.0477,-0.091,0,-0.0804",0.6953125,0.7946428656578064,1,1.2711989879608154,0.46924614906311035
20,q_proj,gptq,1536,1536,0,0.002093844943576389,0.0014656914605034722,51.114448182102024,0.027731565705447308,167.806884765625,127.82755279541016,71.47088623046875,225.6785125732422,164.908203125,251.23995971679688,0.5498206615447998,51.060062408447266,0.2577173709869385,"865,1222,147,1073,1360,1248,713,1173,742,901,1424,580,793,356,1215,253",132.92893981933594,,,,,0,79.34379577636719,122.2064208984375,95.33727264404297,136.20684814453125,"0.442,0.360,1.012,0.631,0.794,0.472,0.584,0.689",1201.907958984375,1412.81005859375,"159.5,852.7,1724,1657,1968,847.5,890.2,1516",38.27261734008789,41.39217758178711,"16.96,41.66,40.89,43.46,45.04,37.47,39.02,41.69","3.109,7.374,11.84,9.746,10.93,7.159,8.184,9.891","4.678,12.29,11.77,12.27,12.26,10.42,10.71,11.92",1075,0.02513798139989376,504,0.010324705392122269,"1073,147,580,1424,742,1166,865,113",0.23927892744541168,0.4871419370174408,0.5674642324447632,"0.707,0.394,1.05,0.595,0.731,0.831,0.794,1.5","12.8,10.8,7.72,6.69,6.19,6.06,5.16,4.94","-0.0635,-0.00352,-0.00494,0.0981,-0.136,-0.153,-0.102,0.0703","-0.0876,0,0,0.0876,-0.131,-0.131,-0.0876,0.0876","-0.0564,0,0,0.0893,-0.155,-0.136,-0.0938,0.0709",0.197265625,0.17977285385131836,2,1.7326726913452148,0.5230186581611633
20,k_proj,gptq,256,1536,0,0.0021565755208333335,0.0014216105143229167,10.450386357385582,0.04520749295940424,24.859519958496094,15.852231979370117,11.155984878540039,30.752939224243164,29.952205657958984,36.36980438232422,0.5498206615447998,10.433185577392578,0.3227218687534332,"865,147,1222,1073,1360,1248,1173,901,713,742,580,1424,1215,793,253,1229",132.92893981933594,,,,,0,13.97321605682373,16.664649963378906,17.174596786499023,19.828712463378906,"0.456,0.609,1.581,0.913,0.846,0.573,0.636,0.823",1201.907958984375,1412.81005859375,"159.5,852.7,1724,1657,1968,847.5,890.2,1516",38.27261734008789,41.39217758178711,"16.96,41.66,40.89,43.46,45.04,37.47,39.02,41.69","1.224,3.463,5.144,4.199,4,2.908,3.544,4.147","1.812,4.436,4.091,4.395,4.348,3.842,4.442,4.572",53,0.036871131509542465,127,0.03377204015851021,"1073,147,580,1424,742,1166,865,113",0.41668760776519775,0.3955078125,0.36962890625,"0.56,0.461,0.526,0.536,0.536,0.561,0.54,0.388","12.8,10.8,7.72,6.69,6.19,6.06,5.16,4.94","-0.0234,0.0398,-0.0417,0.00763,0.0259,0.0864,0.0262,0.0376","-0.0377,0.0377,-0.0377,0,0.0377,0.0753,0.0377,0.0377","-0.0379,0.0294,-0.0293,0,0.0371,0.0812,0.0379,0.0407",0.142578125,0.1195620596408844,2,0.768030047416687,0.27237802743911743
20,v_proj,gptq,256,1536,0,0.00212860107421875,0.0014470418294270833,16.325844036857802,0.037422530847944446,48.477325439453125,38.74142837524414,21.25101661682129,52.22731018066406,47.66373062133789,58.56472396850586,0.5498206615447998,16.179555892944336,0.14821402728557587,"865,1248,1222,147,742,1073,713,1173,901,185,1360,1229,580,793,1166,1215",132.92893981933594,,,,,0,22.438167572021484,27.174219131469727,27.557655334472656,32.63880157470703,"0.656,0.584,1.088,0.852,1.021,0.605,0.776,0.764",1201.907958984375,1412.81005859375,"159.5,852.7,1724,1657,1968,847.5,890.2,1516",38.27261734008789,41.39217758178711,"16.96,41.66,40.89,43.46,45.04,37.47,39.02,41.69","1.564,3.971,5.974,5.207,6.025,4.024,4.616,4.969","1.931,5.195,5.727,5.64,5.962,5.173,5.239,5.684",17,0.035602279007434845,85,0.02987806126475334,"1073,147,580,1424,742,1166,865,113",0.10679466277360916,0.869140625,0.8974609375,"0.171,0.147,0.164,0.103,0.227,0.256,0.134,0.131","12.8,10.8,7.72,6.69,6.19,6.06,5.16,4.94","0.00507,0.00238,-0.00793,0.00479,0.00684,-0.00558,0.00443,0.00229","0,0,0,0,0,0,0,0","0,0,0,0,0,0,0,0",0.189453125,0.16319718956947327,1,1.1368427276611328,0.6648917198181152
20,o_proj,gptq,1536,1536,0,0.002181159125434028,0.0014940897623697917,62.96559085098852,0.03468509514075643,185.9950714111328,107.30508422851562,13.976171493530273,46.671966552734375,19.878488540649414,34.553192138671875,0.6925110220909119,62.766963958740234,0.042774833738803864,"363,491,619,235,888,1182,747,1310,1438,1528,1272,798,1054,1144,507,354",10.606805801391602,,,,,0,5.765063285827637,11.769795417785645,11.607425689697266,18.2628231048584,"0.183,0.281,0.526,0.573,0.593,0.548,0.465,0.461",377.75738525390625,748.6112670898438,"25.85,159.4,486.3,364.5,274.4,688.1,744.5,279",12.26576042175293,15.341920852661133,"7.799,10.24,13.37,12.41,10.47,15.91,17,10.92","0.8558,1.499,2.772,2.788,2.277,3.128,2.927,2.036","1.999,2.828,3.823,3.683,2.957,4.225,4.291,2.997",1421,0.08151581138372421,1421,0.01540093868970871,"1016,1144,888,1528,1400,1182,1438,1272",0.2014528512954712,0.49267578125,0.44384765625,"0.881,0.85,0.68,0.788,0.662,0.83,0.865,0.775","2.17,1.69,1.68,1.62,1.61,1.6,1.59,1.57","-0.0688,-0.152,-0.0356,-0.0479,-0.0449,-0.416,-0.0244,-0.268","0,-0.163,0,0,0,-0.326,0,-0.326","0,-0.15,-0.0407,-0.0336,-0.0458,-0.357,-0.0336,-0.238",0.5703125,0.4888392984867096,10,0.6500296592712402,0.36695417761802673
20,gate_proj,gptq,8960,1536,0,0.0021301996140252978,0.001495724632626488,258.7003809972666,0.02406285648091352,934.5618286132812,699.241943359375,225.35926818847656,585.9658813476562,577.900146484375,665.6251220703125,0.790144145488739,257.92266845703125,0.1777508407831192,"147,1248,1173,713,286,1229,553,1222,520,1421,102,872,518,969,335,1215",110.69904327392578,,,,,0,292.98785400390625,367.7803955078125,334.28411865234375,341.4649658203125,"0.216,0.679,1.361,1.016,1.023,0.776,0.754,0.872",1474.0245361328125,1853.011474609375,"191.9,996,2045,2059,2272,1093,1194,1941",27.862857818603516,27.405784606933594,"34.95,24.03,27.02,29.02,29.68,24.26,25.02,28.92","11.29,13.77,21.44,19.79,20.17,14.55,14.82,18.37","24.31,16.72,18.38,19.63,19.94,16.52,17.06,19.67",7305,0.007039623335003853,3390,0.007104281801730394,"147,553,1200,1073,1166,19,1468,691",0.13131707906723022,0.35482701659202576,0.3545898497104645,"2.85,2.94,2.75,2.47,2.63,2.71,2.76,2.64","5.22,3.27,3.2,2.91,2.67,2.62,2.42,2.41","-0.00095,-0.0767,0.012,0.0405,0.053,0.0187,-0.0152,-0.00525","0,-0.0684,0,0.0684,0.0684,0,0,0","0,-0.0837,0,0.0617,0.0578,0,0,0",0.3203125,0.3702161908149719,1,1.6920353174209595,0.4364446699619293
20,up_proj,gptq,8960,1536,0,0.0021099272228422617,0.001462373279389881,234.33416220569052,0.020139015492004433,944.7496337890625,726.0286865234375,230.20260620117188,572.2608032226562,568.9165649414062,670.9827270507812,0.790144145488739,233.8378448486328,0.1488819569349289,"147,1248,713,1173,286,1229,553,1222,520,872,102,969,1421,518,335,1215",110.69904327392578,,,,,0,278.95172119140625,366.5019836425781,333.3545837402344,351.244873046875,"0.178,0.663,1.187,0.985,1.004,0.711,0.735,0.873",1474.0245361328125,1853.011474609375,"191.9,996,2045,2059,2272,1093,1194,1941",27.862857818603516,27.405784606933594,"34.95,24.03,27.02,29.02,29.68,24.26,25.02,28.92","10.01,13.39,20.09,19.52,20.34,14.08,14.62,18.5","23.7,16.45,18.43,19.66,20.3,16.69,17.05,19.81",2038,0.0020543872378766537,1050,0.0016845392528921366,"147,553,1200,1073,1166,19,1468,691",0.09958820790052414,0.4153878390789032,0.46576452255249023,"1.55,1.44,2.2,2.15,2.12,2.57,2.38,2.7","5.22,3.27,3.2,2.91,2.67,2.62,2.42,2.41","-0.0139,-0.0101,0.000288,-0.00699,-0.00861,-0.00586,-0.013,0.0312","-0.0226,0,0,-0.0226,-0.0226,0,-0.0226,0.0231","0,0,0,0,0,0,0,0.0286",0.1455078125,0.14816074073314667,1,0.9217939376831055,0.7202756404876709
20,down_proj,gptq,1536,8960,0,0.0020068214053199406,0.0014594668433779762,401.5106023668485,0.037736208241916404,1100.29443359375,696.7918701171875,36.59199905395508,80.9453125,120.88823699951172,109.55523681640625,0.42134958505630493,400.7122802734375,0.11882311850786209,"4247,3627,3966,5342,1373,4430,3613,6740,4111,5321,8077,5565,3156,4673,7122,7338",77.0401611328125,,,,,0,53.02653503417969,48.98216247558594,74.01502990722656,60.550148010253906,"0.094,0.733,1.433,1.021,1.242,0.953,0.899,1.162",10884.1318359375,15380.908203125,"194.2,4298,1.498e+04,1.747e+04,2.064e+04,6179,6955,1.636e+04",23.98297882080078,27.86314582824707,"9.589,18.94,24.26,31.98,32.83,21.1,23.13,30.04","0.7959,4.639,8.037,9.291,9.997,5.645,6.155,9.025","2.592,5.42,6.715,9.193,8.97,5.784,6.491,8.374",684,0.007213886361569166,1421,0.03278064355254173,"4751,4247,3608,3177,6228,6913,2932,7138",0.1774582415819168,0.357177734375,0.3792317807674408,"0.896,0.861,0.915,1.11,1.32,1.06,1.15,1.11","6.97,5.88,5.56,4.81,4.06,3.61,3.33,3.25","0.0325,-0.00298,0.00674,-0.00185,0.00873,0.0221,-0.0162,0.0223","0.0368,0,0,0,0.0251,0.0228,-0.0275,0.0271","0.0219,0,0,0,0,0.0254,-0.0201,0.023",0.12353515625,0.13420532643795013,1,0.8491224050521851,0.0870276466012001
21,q_proj,gptq,1536,1536,0,0.0020811292860243055,0.0014317830403645833,50.38778840042005,0.030099907170411604,154.34869384765625,109.06085205078125,73.10093688964844,227.61105346679688,184.00559997558594,245.79873657226562,0.5921624302864075,50.43841552734375,0.23924429714679718,"865,1222,1073,1360,147,1248,1173,713,742,580,1424,793,901,1229,253,356",113.62948608398438,,,,,0,91.60541534423828,123.2797622680664,118.15384674072266,137.9036865234375,"0.429,0.457,1.142,0.876,0.789,0.513,0.664,0.790",1225.28564453125,1538.929443359375,"144.4,763,1686,1708,1950,877.4,972.6,1700",40.94258117675781,44.098777770996094,"18.18,44.67,42.92,45.01,47.63,41.87,41.61,45.65","3.224,8.107,12.27,10.9,11.22,7.807,8.739,11.14","4.924,11.99,11.49,11.64,12.64,10.9,10.73,12.53",458,0.013273880816996098,630,0.01741916313767433,"1073,147,580,1200,1166,1424,865,95",0.2355489879846573,0.43994140625,0.50244140625,"0.813,0.406,1.16,0.801,0.885,0.653,0.863,0.897","12.8,12.7,8.94,7.19,6.62,6.25,5.88,5.53","-0.012,0.0334,0.0223,-0.0586,-0.0383,-0.00778,0.0111,0.0493","0,0.0402,0.0402,-0.0402,-0.0402,0,0,0.0402","0,0.0339,0.0283,-0.0672,-0.0336,0,0,0.0483",0.140625,0.1205357238650322,1,1.2932510375976562,0.7637584805488586
21,k_proj,gptq,256,1536,0,0.002166748046875,0.0015131632486979167,8.661660366886423,0.0424409486220383,21.231935501098633,13.313685417175293,10.477645874023438,29.102006912231445,27.427248001098633,30.63888168334961,0.5921624302864075,8.635303497314453,0.2599274814128876,"865,147,1073,1222,1360,1248,1173,713,742,580,793,901,1424,1229,253,553",113.62948608398438,,,,,0,13.601510047912598,15.084575653076172,17.88333511352539,17.504947662353516,"0.331,0.636,1.375,0.931,1.127,0.551,0.614,1.160",1225.28564453125,1538.929443359375,"144.4,763,1686,1708,1950,877.4,972.6,1700",40.94258117675781,44.098777770996094,"18.18,44.67,42.92,45.01,47.63,41.87,41.61,45.65","1.043,3.418,4.474,3.738,4.739,2.907,3.09,4.647","1.814,4.286,3.815,3.874,4.464,3.917,3.944,4.315",119,0.10145478695631027,242,0.046626511961221695,"1073,147,580,1200,1166,1424,865,95",0.25238409638404846,0.37060546875,0.35693359375,"0.537,0.422,0.421,0.349,0.43,0.444,0.514,0.512","12.8,12.7,8.94,7.19,6.62,6.25,5.88,5.53","0.00946,0.0193,0.0264,0.0613,0.0284,0.11,-0.0349,0.00531","0,0,0,0.06,0,0.12,-0.06,0","0,0.0218,0.0205,0.0731,0.0366,0.12,-0.0391,0",0.2099609375,0.1799665242433548,1,1.5095618963241577,0.9402434229850769
21,v_proj,gptq,256,1536,0,0.0021235148111979165,0.00142669677734375,13.139791886637909,0.0302833498143323,40.53571319580078,29.639554977416992,18.78021240234375,53.114662170410156,44.17434310913086,58.89821243286133,0.5921624302864075,13.103459358215332,0.16654272377490997,"1222,147,865,1248,1173,1073,713,1360,1229,742,553,335,1166,185,901,1215",113.62948608398438,,,,,0,23.12895965576172,29.56155014038086,27.213865280151367,33.26152801513672,"0.416,0.577,1.248,0.777,0.902,0.507,0.632,0.833",1225.28564453125,1538.929443359375,"144.4,763,1686,1708,1950,877.4,972.6,1700",40.94258117675781,44.098777770996094,"18.18,44.67,42.92,45.01,47.63,41.87,41.61,45.65","1.249,4.138,6.08,5.4,6.006,3.886,4.345,5.493","1.936,5.447,5.444,6.127,6.324,5.458,5.467,6.018",239,0.03504783660173416,147,0.06258897483348846,"1073,147,580,1200,1166,1424,865,95",0.1629202663898468,0.69140625,0.7744140625,"0.23,0.194,0.202,0.24,0.293,0.173,0.169,0.357","12.8,12.7,8.94,7.19,6.62,6.25,5.88,5.53","0.0525,-0.0483,-0.0219,0.0103,0.0376,-0.0359,-0.0125,-0.0108","0.036,-0.036,-0.036,0,0.036,-0.036,0,0","0.036,-0.0636,-0.0216,0,0.0266,-0.0328,0,0",0.1259765625,0.1439732164144516,2,1.1242992877960205,0.01454450935125351
21,o_proj,gptq,1536,1536,0,0.0021688673231336805,0.0014851888020833333,59.65459091583034,0.031836859232032076,184.11439514160156,113.0773696899414,8.965808868408203,57.39729690551758,13.271493911743164,47.06523132324219,0.8882447481155396,59.47663879394531,0.047838542610406876,"269,1142,653,1398,886,525,74,1014,1270,202,1526,1007,397,714,141,157",61.35508728027344,,,,,0,3.251840591430664,19.672170639038086,11.041974067687988,29.51350975036621,"0.024,0.159,0.092,0.029,0.086,0.284,0.196,0.354",384.2618408203125,1302.661376953125,"22.47,403.9,222.8,38.23,202.1,585.9,459,1140",15.092079162597656,19.23003578186035,"14.47,15.18,14.26,14.02,14.1,14.83,15.58,18.29","0.6537,1.797,1.288,0.7046,1.238,2.339,2.006,3.03","4.249,4.502,4.253,4.167,4.224,4.392,4.53,5.094",1421,0.01366032101213932,926,0.013366466388106346,"141,13,397,653,285,525,1398,1270",1.8792307376861572,0.5530599355697632,0.6639811396598816,"0.396,0.43,0.437,0.572,0.375,0.518,0.922,0.573","4.22,4.16,3.73,3.17,3.11,2.98,2.95,2.94","0.0168,0.054,0.0427,0.032,0.064,0.05,0.233,0.0654","0,0,0.0748,0,0.0748,0.0748,0.224,0.0748","0,0.0449,0.0647,0.0413,0.0569,0.0502,0.2,0.046",0.26171875,0.2802286446094513,1,0.14464282989501953,0.39074817299842834
21,gate_proj,gptq,8960,1536,0,0.002097138904389881,0.0014915829613095237,261.6312552978634,0.02399872633655461,950.0816650390625,733.8224487304688,309.63958740234375,862.3895263671875,783.5753784179688,934.5316162109375,0.7374120354652405,259.393798828125,0.16481120884418488,"1248,713,1173,286,553,147,1229,154,1222,872,1215,520,518,1301,969,102",159.61981201171875,,,,,0,408.3250732421875,520.5934448242188,464.63458251953125,481.62969970703125,"0.245,0.699,1.335,0.941,1.035,0.648,0.736,0.853",1492.532958984375,1879.171630859375,"192.8,940.4,2096,2080,2339,1092,1157,2042",32.08973693847656,31.457380294799805,"39.47,27.69,30.77,33.64,34.04,29.15,28.36,33.59","13.65,16.42,25.07,22.94,24.05,17.25,17.48,21.78","27.56,19.64,21.7,23.65,23.64,21.43,20.38,23.59",1588,0.003254585200920701,6975,0.005326364655047655,"147,553,1200,909,1166,1073,1017,255",0.11924584954977036,0.3572126030921936,0.3583007752895355,"2.67,2.77,2.64,3.08,2.61,2.46,2.62,2.68","6.75,4.41,4.28,3.69,3.3,3.23,3.22,3.05","-0.0854,-0.152,0.0884,0.00684,0.0131,0.0564,-0.0245,0.0396","-0.0781,-0.156,0.0781,0,0,0.0781,-0.0481,0.0781","-0.0589,-0.144,0.0781,0,0,0.0882,0,0.0589",0.30859375,0.26471108198165894,7,1.372093915939331,0.5696727633476257
21,up_proj,gptq,8960,1536,0,0.002104913620721726,0.0014475504557291666,231.1607380018686,0.019490264173149058,956.5863037109375,752.7894287109375,314.6634521484375,827.2418212890625,763.361083984375,911.9876708984375,0.7374120354652405,230.76136779785156,0.13699856400489807,"713,1248,1173,286,553,147,1229,154,1222,872,1215,520,518,11,102,1301",159.61981201171875,,,,,0,391.0989685058594,503.627197265625,462.6964416503906,482.076904296875,"0.189,0.684,1.257,0.962,1.050,0.692,0.752,0.872",1492.532958984375,1879.171630859375,"192.8,940.4,2096,2080,2339,1092,1157,2042",32.08973693847656,31.457380294799805,"39.47,27.69,30.77,33.64,34.04,29.15,28.36,33.59","11.99,15.91,23.89,22.87,24.18,16.75,17.07,21.95","27.56,19.23,21.31,23.32,23.6,20.13,19.68,23.51",409,0.002482539275661111,3943,0.0018319353694096208,"147,553,1200,909,1166,1073,1017,255",0.09270195662975311,0.45827287435531616,0.512569785118103,"1.61,1.47,2.18,1.4,2.08,2.22,2.91,2.39","6.75,4.41,4.28,3.69,3.3,3.23,3.22,3.05","-0.0132,0.00568,0.0281,-0.00699,0.00671,-0.052,0.0654,-0.00766","0,0,0.028,0,0,-0.028,0.0565,0","-0.0259,0,0.0325,0,0,-0.0499,0.0703,0",0.1376953125,0.12082600593566895,2,1.204749584197998,0.21166041493415833
21,down_proj,gptq,1536,8960,0,0.002010890415736607,0.0014618646530877976,476.66956646682956,0.04421841272911031,1191.505126953125,721.4927978515625,59.1229248046875,148.12063598632812,181.97805786132812,177.60997009277344,0.3336280286312103,475.20794677734375,0.15059083700180054,"1284,2874,8823,3407,3201,7113,3269,3697,8398,4692,6561,2662,5428,2108,8050,6605",88.30406951904297,,,,,0,105.45002746582031,102.13555908203125,128.68580627441406,104.92530822753906,"0.100,0.755,1.435,1.102,1.292,0.796,0.867,1.172",11887.955078125,16655.6171875,"194.1,6221,1.298e+04,1.628e+04,2.427e+04,9783,7636,1.773e+04",32.973392486572266,35.79045104980469,"11.13,26.52,29.11,37.05,41.48,48.56,29.76,40.18","0.9896,6.794,9.851,11.16,13.37,13.1,8.162,12.56","3.134,7.818,8.224,10.64,11.76,14.68,8.768,11.6",503,0.008075889199972153,57,0.008268697187304497,"3128,6974,7942,1884,4212,8714,2331,4225",0.13939474523067474,0.3807780146598816,0.3966471552848816,"1.18,1.04,0.976,0.923,1.16,0.808,0.967,0.948","9.44,6.09,6,5.41,4.5,4.19,3.8,3.61","0.0242,0.021,-0.0157,-0.0479,-0.0469,-0.00903,-0.00235,0.0102","0.0218,0,0,0,-0.0235,0,0,0.023","0.0247,0.028,-0.0206,-0.0469,-0.0391,0,0,0",0.50390625,0.4319196343421936,3,1.2017356157302856,0.05033009499311447
22,q_proj,gptq,1536,1536,0,0.002098507351345486,0.001483917236328125,62.28756115253782,0.03110191334611458,184.54483032226562,127.59263610839844,66.12918090820312,216.43728637695312,168.55157470703125,237.71005249023438,0.6174765825271606,62.28638458251953,0.2140151858329773,"1222,865,147,1073,1173,713,1360,742,1248,1424,1166,1215,580,553,185,574",114.34442138671875,,,,,0,86.87338256835938,122.24254608154297,110.59483337402344,127.37100219726562,"0.390,0.447,0.982,0.730,0.821,0.564,0.620,0.871",1318.895751953125,1720.975830078125,"161.5,802,1790,1702,2146,1148,1073,1728",37.42198181152344,39.08845520019531,"17.38,41.3,39.75,40.43,42.27,39.77,40.72,37.76","3.168,8.086,12.01,9.944,10.9,8.496,9.029,10.19","5.073,12.1,12.12,11.64,12.03,11.31,11.47,10.92",636,0.01459040492773056,1064,0.013644702732563019,"147,1073,1166,1424,580,95,1200,223",0.2263917773962021,0.4059244990348816,0.4844563901424408,"0.54,0.903,0.9,0.715,1.23,0.957,0.866,1.25","13.9,10.4,7.75,7.03,6.47,6.09,6.09,5","-0.00346,0.0796,-0.0344,-0.0342,0.0216,-0.0728,-0.0131,-0.0532","0,0.077,-0.0385,-0.0385,0,-0.077,0,-0.0385","0,0.082,-0.0368,-0.043,0.0335,-0.0695,0,-0.0385",0.1708984375,0.19113506376743317,1,1.316606044769287,0.43773284554481506
22,k_proj,gptq,256,1536,0,0.00215911865234375,0.0014394124348958333,12.69367547739239,0.04451812314393215,30.591632843017578,19.185829162597656,11.82275390625,34.2008056640625,33.027103424072266,36.80464172363281,0.6174765825271606,12.731790542602539,0.2501514256000519,"865,147,1222,1073,1360,713,1173,1248,1215,742,1166,1424,185,553,223,574",114.34442138671875,,,,,0,17.26359748840332,18.436141967773438,22.514873504638672,17.69268798828125,"0.420,0.581,1.458,0.806,1.031,0.889,0.838,1.089",1318.895751953125,1720.975830078125,"161.5,802,1790,1702,2146,1148,1073,1728",37.42198181152344,39.08845520019531,"17.38,41.3,39.75,40.43,42.27,39.77,40.72,37.76","1.356,3.523,5.461,4.069,4.763,4.253,4.127,4.437","2.093,4.622,4.522,4.533,4.69,4.511,4.508,4.252",53,0.06670477986335754,234,0.08944106101989746,"147,1073,1166,1424,580,95,1200,223",0.3020467162132263,0.333984375,0.3671875,"0.45,0.624,0.52,0.558,0.504,0.625,0.438,0.474","13.9,10.4,7.75,7.03,6.47,6.09,6.09,5","-0.0247,-0.0635,-0.0649,0.0532,-0.00229,0.033,-0.0315,-0.027","-0.0416,-0.0831,-0.0831,0.0416,0,0.0416,-0.0416,-0.0416","-0.0248,-0.0711,-0.0774,0.0416,0,0.0227,-0.0258,-0.0248",0.1455078125,0.1247209906578064,1,1.2301946878433228,0.1770424097776413
22,v_proj,gptq,256,1536,0,0.00213623046875,0.0015665690104166667,22.364888245669135,0.05780879380175282,49.18731689453125,40.73347473144531,21.989776611328125,57.009803771972656,51.54393768310547,65.79212188720703,0.6174765825271606,22.271469116210938,0.17566844820976257,"1222,1215,1073,574,1173,742,865,1166,1412,147,335,185,251,223,1214,1360",114.34442138671875,,,,,0,25.853328704833984,34.447208404541016,29.890270233154297,33.322181701660156,"0.609,0.552,1.352,0.626,0.819,0.624,0.609,0.846",1318.895751953125,1720.975830078125,"161.5,802,1790,1702,2146,1148,1073,1728",37.42198181152344,39.08845520019531,"17.38,41.3,39.75,40.43,42.27,39.77,40.72,37.76","1.363,4.701,6.64,5.015,5.61,5.331,5.149,5.218","1.746,6.328,5.71,6.337,6.2,6.747,6.601,5.674",36,0.028534917160868645,231,0.034888628870248795,"147,1073,1166,1424,580,95,1200,223",0.1949406862258911,0.74169921875,0.798828125,"0.145,0.199,0.242,0.146,0.213,0.28,0.26,0.285","13.9,10.4,7.75,7.03,6.47,6.09,6.09,5","-0.0114,0.00952,0.0195,-0.00513,-0.0123,0.05,0.00928,-0.0156","-0.0186,0.0186,0.0186,0,-0.0186,0.0557,0,-0.0186","0,0,0.0331,0,-0.0243,0.0544,0,-0.0268",0.17578125,0.19956940412521362,1,0.9476231336593628,0.22385486960411072
22,o_proj,gptq,1536,1536,0,0.0022735595703125,0.001457638210720486,60.88155618968085,0.03274117324690606,191.71766662597656,111.13765716552734,11.917102813720703,31.389223098754883,15.402654647827148,22.2591609954834,0.608184814453125,60.90597915649414,0.030561719089746475,"582,198,70,454,326,710,875,1515,1131,121,1387,1259,377,633,1003,263",23.730403900146484,,,,,0,4.983015537261963,7.812746524810791,5.973313331604004,7.712431907653809,"0.199,0.546,0.850,0.697,0.466,0.773,0.553,0.567",499.11566162109375,618.2018432617188,"25.6,541.7,1300,212.3,109.4,471.7,731.3,600.4",9.878776550292969,10.225301742553711,"5.888,10.43,14.18,6.909,6.295,10.55,14.29,10.48","0.6721,2.192,3.523,1.453,1.104,2.288,2.867,2.327","1.506,2.965,3.822,1.741,1.617,2.603,3.856,3.09",1279,0.02362828515470028,1038,0.007526240777224302,"582,198,70,326,710,454,614,230",0.21825653314590454,0.4488932490348816,0.476806640625,"0.618,0.725,0.854,1.05,0.646,0.447,0.886,0.634","1.18,1.18,1.16,1.05,1.02,1.02,0.984,0.965","-0.0126,-0.0226,-0.0142,-0.0679,0.0126,-0.0165,-0.000345,-0.00134","0,-0.0511,0,-0.0511,0,0,0,0","0,-0.0206,-0.0206,-0.0578,0,0,0,0",0.2021484375,0.2326388955116272,1,0.1696508228778839,0.07173886150121689
22,gate_proj,gptq,8960,1536,0,0.0021121070498511907,0.0014599028087797618,287.3068124958372,0.02529501542242856,994.841552734375,763.8912353515625,360.1214294433594,1080.37353515625,937.0702514648438,1124.9833984375,0.7985649108886719,286.06060791015625,0.15517953038215637,"1248,553,1173,147,286,713,1229,154,1222,1215,1395,520,609,872,335,1301",176.5106201171875,,,,,0,504.18597412109375,636.515380859375,615.5886840820312,611.62548828125,"0.211,0.641,1.468,0.911,1.014,0.797,0.835,0.856",1558.408203125,2079.94970703125,"194.4,927.2,2232,2059,2519,1339,1202,1995",35.21904754638672,34.80123519897461,"44.08,30.78,33.23,36.35,37.88,32.48,31.27,35.66","14.71,17.79,28.26,24.67,26.88,20.4,20.05,23.49","32,22.23,23.32,25.85,26.7,22.85,21.95,25.39",5896,0.002803511917591095,8013,0.003427978605031967,"147,553,1200,1073,1166,909,74,1017",0.12368892878293991,0.36194196343421936,0.3648577034473419,"2.61,2.98,2.74,2.12,2.53,3.12,2.74,2.7","8.44,5.38,3.98,3.95,3.41,3.41,3.11,2.95","0.0503,-0.112,0.0649,0.0525,0.0464,-0.0762,-0.0266,0.017","0.0463,-0.0926,0.0926,0.0463,0.0463,-0.0926,-0.0672,0.028","0.0603,-0.114,0.096,0.0377,0,-0.0798,0,0",0.3359375,0.3891836404800415,1,1.4234883785247803,0.18001317977905273
22,up_proj,gptq,8960,1536,0,0.002125767299107143,0.0014386131649925596,257.5737622427696,0.021673881489833093,985.0682373046875,761.0299072265625,359.8297119140625,1009.2528076171875,896.9004516601562,1084.73583984375,0.7985649108886719,256.54461669921875,0.13313812017440796,"1248,1173,147,553,286,713,1229,154,1222,1215,1395,520,872,1301,335,102",176.5106201171875,,,,,0,479.8059387207031,610.824462890625,588.5020751953125,600.474609375,"0.186,0.636,1.362,0.919,1.014,0.767,0.793,0.910",1558.408203125,2079.94970703125,"194.4,927.2,2232,2059,2519,1339,1202,1995",35.21904754638672,34.80123519897461,"44.08,30.78,33.23,36.35,37.88,32.48,31.27,35.66","13.14,17.03,26.92,24.39,26.64,20.14,19.5,23.69","30.44,21.36,23.06,25.44,26.45,22.99,21.9,24.84",970,0.00202887412160635,3069,0.002507249591872096,"147,553,1200,1073,1166,909,74,1017",0.09802086651325226,0.45697546005249023,0.5031529068946838,"1.65,1.43,2.34,1.9,2.11,1.53,2.77,2.92","8.44,5.38,3.98,3.95,3.41,3.41,3.11,2.95","0.00702,-0.000387,0.0162,0.102,0.0344,-0.00641,-0.00235,0.00812","0,0,0.0625,0.125,0.0625,0,0,0.0141","0,0,0.0293,0.0871,0.0293,0,0,0.0143",0.21875,0.25,1,1.199822187423706,0.22241678833961487
22,down_proj,gptq,1536,8960,0,0.0019963582356770835,0.0014445713588169644,487.4589600170584,0.04519645998780243,1199.6038818359375,709.20654296875,78.92970275878906,197.1591796875,250.46487426757812,222.23123168945312,0.3650280833244324,485.8542175292969,0.1260509490966797,"390,7729,839,461,2677,6639,5830,7514,6160,1501,2357,3594,4475,4154,6771,4427",55.46381759643555,,,,,0,143.07235717773438,122.71498107910156,208.45266723632812,151.61105346679688,"0.081,0.534,1.897,1.319,1.372,1.004,0.866,1.084",13563.2939453125,20864.58984375,"191.6,4466,1.794e+04,2.018e+04,3.034e+04,1.294e+04,8588,1.386e+04",37.557437896728516,42.82244110107422,"12.92,32.66,34.36,46.77,51.68,47.5,34.15,40.41","1.067,6.848,13.45,14.86,17.06,13.32,9.108,11.98","3.749,9.373,9.763,12.94,14.56,13.3,9.787,11.51",596,0.009100748226046562,609,0.013241800479590893,"2962,8261,42,8956,4411,4421,7237,90",0.14447619020938873,0.34033203125,0.3519694209098816,"1.19,1.18,0.864,0.986,1.13,1.07,1.02,1.18","9,7.5,7.31,6.09,5.66,5.38,5.38,4.97","-0.0251,-0.0383,0.0141,-0.0166,-0.00439,-0.0332,-0.005,0.0386","-0.0305,-0.0545,0.0219,-0.0256,0,-0.0256,0,0.0338","-0.0356,-0.0278,0.0243,-0.0296,0,-0.0223,0,0.0485",0.162109375,0.13933657109737396,1,1.6274363994598389,0.38466763496398926
23,q_proj,gptq,1536,1536,0,0.0021107991536458335,0.0014517042371961805,65.6290637029258,0.03519194951880596,180.8702392578125,120.63076782226562,82.22268676757812,325.94561767578125,211.4556121826172,350.1417541503906,0.6442245244979858,65.3034439086914,0.27843356132507324,"1222,1073,865,1173,1215,1360,1166,147,742,1248,185,1412,713,1424,574,580",94.56718444824219,,,,,0,110.16151428222656,177.87667846679688,132.07769775390625,191.28404235839844,"0.392,0.362,1.090,0.604,0.682,0.566,0.435,0.739",1160.6845703125,1591.6986083984375,"143.5,639.9,1580,1461,1902,1264,832.6,1463",47.39788818359375,49.62511444091797,"20.21,54.13,47.83,52.54,53.39,51.98,51.93,47.17","3.678,9.015,13.71,10.99,12.51,10.68,9.205,11.05","5.876,14.99,13.13,14.14,15.15,14.19,13.96,12.86",319,0.016760125756263733,380,0.02591821737587452,"147,1073,1166,95,580,1424,253,1200",0.2928690016269684,0.4583333432674408,0.568603515625,"0.486,0.606,0.626,0.74,1.07,0.587,0.891,0.792","22,15,12.1,9.06,7.91,7.66,7.19,7.06","-0.0364,0.0297,0.0564,-0.0625,0.051,0.0205,0.0728,0.00812","-0.0684,0,0.0684,-0.0684,0.0684,0,0.0684,0","0,0.046,0.0385,-0.0684,0.0522,0,0.0781,0",0.2734375,0.27389562129974365,1,1.6198599338531494,0.7124388813972473
23,k_proj,gptq,256,1536,0,0.00202178955078125,0.0014623006184895833,12.164578812084727,0.06020823919300898,24.99131965637207,13.971649169921875,13.259793281555176,40.69255065917969,35.82249069213867,45.546939849853516,0.6442245244979858,12.016526222229004,0.3262976408004761,"1222,1073,865,1215,1166,1173,1360,147,1248,742,185,713,1412,1424,901,335",94.56718444824219,,,,,0,19.26708221435547,21.67657470703125,23.520015716552734,25.502229690551758,"0.518,0.721,1.432,0.630,1.161,1.020,0.531,0.977",1160.6845703125,1591.6986083984375,"143.5,639.9,1580,1461,1902,1264,832.6,1463",47.39788818359375,49.62511444091797,"20.21,54.13,47.83,52.54,53.39,51.98,51.93,47.17","1.394,4.452,5.614,4.132,5.446,4.379,3.884,4.457","1.935,5.242,4.691,5.206,5.054,4.336,5.328,4.51",251,0.04687412828207016,185,0.03435208275914192,"147,1073,1166,95,580,1424,253,1200",0.3538128435611725,0.3681640625,0.37890625,"0.369,0.499,0.406,0.509,0.459,0.432,0.469,0.363","22,15,12.1,9.06,7.91,7.66,7.19,7.06","0.000326,-0.0153,0.00626,-0.133,0.0854,-0.024,-0.0237,0.00891","0,-0.0379,0,-0.114,0.0759,-0.0379,-0.0379,0","0,-0.0167,0,-0.152,0.0732,-0.0177,-0.0218,0.0172",0.1328125,0.1138392835855484,3,1.1790618896484375,0.2658481001853943
23,v_proj,gptq,256,1536,0,0.0020573933919270835,0.0014979044596354167,21.89771582550148,0.056176386251221906,46.039527893066406,40.476078033447266,29.07236099243164,80.7282943725586,62.49726104736328,88.98088836669922,0.6442245244979858,21.582984924316406,0.20431891083717346,"1215,1412,574,251,1214,1222,335,844,1073,718,1173,223,1166,694,147,185",94.56718444824219,,,,,0,31.449344635009766,45.55687713623047,37.70499801635742,48.73554229736328,"0.418,0.433,0.993,0.674,0.647,0.959,0.547,0.730",1160.6845703125,1591.6986083984375,"143.5,639.9,1580,1461,1902,1264,832.6,1463",47.39788818359375,49.62511444091797,"20.21,54.13,47.83,52.54,53.39,51.98,51.93,47.17","1.3,5.153,6.157,5.804,6.037,7.304,5.535,5.598","2.013,7.834,6.179,7.067,7.507,7.458,7.483,6.554",30,0.03027309477329254,1,0.03688632696866989,"147,1073,1166,95,580,1424,253,1200",0.21465203166007996,0.72900390625,0.845703125,"0.149,0.161,0.202,0.253,0.19,0.156,0.175,0.271","22,15,12.1,9.06,7.91,7.66,7.19,7.06","0.00276,-0.00262,-0.000469,0.00375,-0.00034,-2.71e-05,-0.000584,-0.00323","0,0,0,0,0,0,0,0","0,0,0,0,0,0,0,0",0.228515625,0.19623860716819763,6,1.050397515296936,0.5080090761184692
23,o_proj,gptq,1536,1536,0,0.0021078321668836805,0.001438140869140625,51.51766593492357,0.02732441133173931,180.25,110.80838012695312,11.521224975585938,94.12763977050781,20.434255599975586,94.16058349609375,0.9946691393852234,51.32173538208008,0.052973777055740356,"712,766,1159,1158,382,1415,1414,510,1184,254,1031,774,775,1286,1030,1238",141.74832153320312,,,,,0,8.271263122558594,42.38505554199219,11.17495346069336,43.556907653808594,"0.007,0.305,0.309,0.044,0.438,0.012,0.072,0.150",764.653564453125,944.760498046875,"12.98,1548,1417,129.2,2297,29.11,208.5,475.4",17.673940658569336,18.59425926208496,"14.71,20.77,20.52,15.25,21.19,14.78,16.4,17.78","0.475,4.007,3.894,1.241,4.884,0.6306,1.652,2.49","5.833,7.257,7.007,5.949,7.382,5.857,6.146,6.429",418,0.012113305740058422,1093,0.008085290901362896,"200,72,584,712,328,456,902,1158",0.11622679978609085,0.6681315302848816,0.81396484375,"0.338,0.325,0.33,0.329,0.328,0.332,0.736,0.659","5.78,5.78,5.78,5.78,5.78,5.78,4.03,3.53","-0.0054,-0.00583,-0.00504,-0.00662,-0.00403,-0.0065,-0.0126,-0.011","0,0,0,0,0,-0.024,0,-0.024","0,0,0,0,0,0,0,0",0.1162109375,0.1335557997226715,1,0.5375628471374512,0.3920905292034149
23,gate_proj,gptq,8960,1536,0,0.0021130516415550594,0.0014657156808035715,273.73052466928493,0.024113836664736852,960.4918212890625,717.9473876953125,382.2328796386719,1088.3770751953125,962.2228393554688,1094.6900634765625,0.8287863731384277,272.9228210449219,0.1408432573080063,"553,154,286,147,1248,713,1173,1229,1395,872,1068,335,1301,1423,1222,1468",249.1454620361328,,,,,0,533.1406860351562,632.8828735351562,660.4405517578125,627.0252685546875,"0.272,0.751,1.504,0.938,1.006,0.937,0.874,0.933",1594.41796875,2224.8095703125,"196.5,844.3,2243,2040,2637,1703,1090,2003",35.90679168701172,36.5634880065918,"47.67,28.34,33.46,36.97,40.01,34.78,29.02,37","17.28,17.02,27.99,24.92,28.17,23.04,18.87,24.32","33.13,19.65,22.83,25.73,28.08,23.8,20.19,25.17",6977,0.0038507021963596344,1408,0.009595506824553013,"147,553,102,531,1200,243,74,1361",0.09453899413347244,0.3330078125,0.3332170844078064,"2.66,3.18,2.77,2.79,2.72,2.71,2.7,2.52","9.25,7.38,3.52,3.23,3.17,3.12,3.09,3.08","-0.0674,-0.042,0.0118,-0.0374,0.0898,0.0405,-0.0303,-0.041","-0.0826,-0.0826,0,-0.0498,0.0826,0.0397,0,-0.0826","-0.0711,-0.0826,0,0,0.0893,0.0711,-0.0491,-0.0502",0.2890625,0.2477678656578064,3,1.7480868101119995,0.5191978812217712
23,up_proj,gptq,8960,1536,0,0.0021166846865699404,0.0014342535109747024,258.1387503466103,0.02113226181782525,992.6263427734375,754.503662109375,398.8914489746094,1081.0784912109375,973.7664184570312,1117.7940673828125,0.8287863731384277,257.8539733886719,0.11807525902986526,"553,154,286,147,1248,713,1173,1229,1395,872,1068,335,1301,1423,1222,102",249.1454620361328,,,,,0,530.9852294921875,641.8202514648438,678.28369140625,655.2220458984375,"0.221,0.745,1.377,0.937,1.077,0.903,0.871,0.925",1594.41796875,2224.8095703125,"196.5,844.3,2243,2040,2637,1703,1090,2003",35.90679168701172,36.5634880065918,"47.67,28.34,33.46,36.97,40.01,34.78,29.02,37","15.52,17.1,27.5,24.86,28.71,23.37,18.76,24.86","33.03,19.81,23.44,25.68,27.67,24.59,20.09,25.85",5570,0.0020190225914120674,1949,0.0022672393824905157,"147,553,102,531,1200,243,74,1361",0.07896982133388519,0.4091099500656128,0.4381556808948517,"1.7,1.24,2.35,2.8,2.5,2.91,2.79,2.5","9.25,7.38,3.52,3.23,3.17,3.12,3.09,3.08","-0.0127,0.000423,-0.0206,-0.00247,-0.00482,0.00562,-0.00391,0.00208","0,0,0,0,0,0,0,0","0,0,0,0,0,0,0,0",0.30859375,0.27313554286956787,1,1.2902241945266724,0.6254962682723999
23,down_proj,gptq,1536,8960,0,0.002019464401971726,0.0014382498604910714,541.1740535097333,0.04761453405925389,1269.156982421875,714.789794921875,94.43815612792969,243.1423797607422,321.05230712890625,258.6502990722656,0.2806476354598999,539.7567138671875,0.1571197658777237,"3369,875,4537,2300,8724,5029,1763,4054,4288,8768,1829,2078,8587,4629,3475,1023",104.23348999023438,,,,,0,192.2025909423828,156.2351837158203,308.14422607421875,200.1571044921875,"0.087,0.895,1.629,1.257,1.622,0.729,1.737,1.415",15949.2802734375,25402.146484375,"192.6,5479,1.584e+04,1.567e+04,2.932e+04,2.318e+04,2.172e+04,1.62e+04",41.42387390136719,49.911094665527344,"14.67,30.93,37.39,43.88,54.3,67.2,39.96,43.05","1.25,8.268,13.23,14.73,19.64,16.46,15.13,13.78","4.232,8.74,10.37,13.14,15.42,19.28,11.48,11.58",1272,0.011109746061265469,887,0.007627016864717007,"1876,3259,1215,1501,815,1351,6870,5839",0.11726277321577072,0.3406575620174408,0.3479817807674408,"1.22,1.11,1.05,1.25,0.967,1.13,1.09,1.16","13.1,6.72,6.69,6.53,5.97,5.38,5.31,4.81","0.00174,0.00754,-0.00742,-0.0184,-0.0105,-0.00415,-0.02,-0.0139","0,0,0,-0.0411,0,-0.0404,-0.0476,-0.0476","0,0,0,-0.0173,-0.0205,0,-0.0278,0",0.384765625,0.4060259163379669,1,2.0705182552337646,0.600972056388855
24,q_proj,gptq,1536,1536,0,0.002097235785590278,0.0014864603678385417,65.35554635703612,0.03637119425357388,177.61595153808594,119.52935791015625,83.3807373046875,258.4687805175781,200.99716186523438,282.130615234375,0.6670622825622559,64.92552185058594,0.18908989429473877,"1222,1073,865,1248,147,713,1173,1360,1215,1166,1424,251,742,574,1214,185",73.50798797607422,,,,,0,109.0005874633789,143.464111328125,130.41787719726562,162.13409423828125,"0.389,0.540,1.318,0.625,0.848,0.688,0.657,0.843",1270.98974609375,1840.9656982421875,"161.9,673.1,1576,1352,2172,1755,979.2,1498",42.58137130737305,45.10807800292969,"19.91,43.27,40.45,44.72,48.71,56.73,45.25,41.62","3.475,8.728,12.61,9.709,12.47,12.65,9.941,10.77","5.57,11.88,10.98,12.28,13.54,15.25,12.27,11.74",525,0.034150246530771255,917,0.015055539086461067,"147,1073,1166,95,1424,1200,580,253",0.22792185842990875,0.3924967646598816,0.4862467646598816,"0.62,0.869,0.863,0.937,0.734,0.791,1.39,1.19","17,11,8.69,7.94,6.53,5.94,5.75,5.44","-0.00934,-0.042,0.00455,-0.051,-0.00345,0.0276,-0.063,0.0183","0,-0.048,0,-0.048,0,0,-0.048,0","0,-0.0469,0,-0.0435,0,0.0262,-0.0505,0.0321",0.16796875,0.1439732313156128,3,2.3044607639312744,1.2155033349990845
24,k_proj,gptq,256,1536,0,0.0021565755208333335,0.0015513102213541667,11.778526515456084,0.05182056044130929,26.337871551513672,15.828596115112305,14.1747407913208,37.30998992919922,36.24787902832031,39.991329193115234,0.6670622825622559,11.64954948425293,0.20223286747932434,"1222,1073,147,1248,865,713,1360,1173,1215,1424,251,742,185,1166,574,553",73.50798797607422,,,,,0,19.209609985351562,20.761272430419922,22.855331420898438,22.613147735595703,"0.292,0.636,1.478,0.671,1.391,0.748,0.876,1.045",1270.98974609375,1840.9656982421875,"161.9,673.1,1576,1352,2172,1755,979.2,1498",42.58137130737305,45.10807800292969,"19.91,43.27,40.45,44.72,48.71,56.73,45.25,41.62","1.25,3.724,5.055,3.873,5.684,5.081,4.483,4.413","2.314,4.669,4.159,4.727,4.818,5.873,4.791,4.317",103,0.07333534210920334,56,0.04802541807293892,"147,1073,1166,95,1424,1200,580,253",0.2179245948791504,0.32080078125,0.353515625,"0.428,0.533,0.474,0.542,0.512,0.409,0.424,0.463","17,11,8.69,7.94,6.53,5.94,5.75,5.44","0.0051,-0.0221,-0.031,-0.0205,-0.00149,-0.0186,-0.0293,-0.00583","0,0,-0.0396,-0.0396,0,0,-0.0396,0","0,-0.034,-0.0266,-0.0251,0,-0.0266,-0.0396,0",0.138671875,0.15325020253658295,1,1.5391669273376465,0.023372599855065346
24,v_proj,gptq,256,1536,0,0.0022532145182291665,0.0014292399088541667,42.8394519051835,0.0773957963258942,78.7916259765625,65.09782409667969,58.717220306396484,110.49168395996094,119.1209716796875,121.8311538696289,0.6670622825622559,42.502227783203125,0.14741986989974976,"251,574,1215,1214,1412,335,1222,316,844,1007,44,718,223,676,694,1197",73.50798797607422,,,,,0,67.12081909179688,68.15930938720703,71.29557800292969,67.77342224121094,"0.380,1.047,1.479,0.751,1.167,0.893,0.761,1.185",1270.98974609375,1840.9656982421875,"161.9,673.1,1576,1352,2172,1755,979.2,1498",42.58137130737305,45.10807800292969,"19.91,43.27,40.45,44.72,48.71,56.73,45.25,41.62","1.436,7.338,8.729,7.655,9.333,11.73,7.65,7.939","2.332,7.173,7.178,8.833,8.638,12.42,8.767,7.293",237,0.055026039481163025,192,0.0546865314245224,"147,1073,1166,95,1424,1200,580,253",0.07586748152971268,0.83251953125,0.923828125,"0.156,0.135,0.19,0.254,0.0855,0.294,0.0894,0.0937","17,11,8.69,7.94,6.53,5.94,5.75,5.44","0.0217,-0.00479,2.19e-05,0.00482,0.00365,0.00806,0.000209,-0.00537","0,0,0,0,0,0,0,0","0,0,0,0,0,0,0,0",0.29296875,0.3348214328289032,1,2.1893272399902344,1.039323329925537
24,o_proj,gptq,1536,1536,0,0.0022404988606770835,0.0014928181966145833,60.81263215956278,0.026659480939849243,206.97860717773438,133.28729248046875,16.668245315551758,86.97836303710938,28.14792251586914,79.1024169921875,0.9835429191589355,60.66166305541992,0.04595933109521866,"269,1309,1053,1419,1251,880,907,238,110,622,106,618,490,750,494,234",84.69622802734375,,,,,0,7.434044361114502,30.477867126464844,9.581888198852539,31.88662338256836,"0.013,0.212,0.288,0.142,0.542,0.198,0.208,0.133",521.345458984375,650.279296875,"14.53,472.3,553.1,276,1839,378.5,424.1,213.4",15.161932945251465,15.844738006591797,"12.36,16.43,15.51,13.63,20.54,14.13,15.34,13.37","0.5681,2.722,3.207,1.893,4.827,2.295,2.437,1.834","4.951,5.907,5.979,5.023,6.555,5.161,5.35,5.021",123,0.01032890286296606,286,0.011261110194027424,"141,13,653,269,397,525,311,622",0.12988463044166565,0.660400390625,0.764892578125,"0.377,0.367,0.359,0.393,0.374,0.403,1.08,0.58","4.84,4.81,4.78,4.78,4.41,4.25,2.83,2.81","-0.00769,-0.00537,-0.00754,-0.00952,-0.00241,-0.00806,0.0244,-0.0132","0,0,0,0,0,-0.0304,0,-0.0304","0,0,0,0,0,0,0.0236,0",0.1787109375,0.1484987735748291,4,0.49061310291290283,0.0036371052265167236
24,gate_proj,gptq,8960,1536,0,0.002137538364955357,0.001499357677641369,245.68286881694803,0.021892516777399038,920.8257446289062,678.7994995117188,405.9528503417969,1118.5489501953125,1005.7185668945312,1103.4453125,0.8326283693313599,244.927978515625,0.13222776353359222,"553,154,713,286,1395,1248,147,1173,1229,1068,872,1272,1423,335,102,1428",273.0462646484375,,,,,0,555.4049072265625,641.2547607421875,740.1422119140625,667.1917724609375,"0.315,0.932,1.362,0.954,1.069,0.992,1.110,0.908",1592.060791015625,2380.44482421875,"197.2,834.6,1995,1710,2714,2190,1217,1880",36.87059020996094,38.556846618652344,"52.23,26.58,33.36,36.07,42.29,38.41,28.38,37.63","19.82,17.38,26.36,23.59,29,25.73,20.18,24.23","35.29,17.99,22.58,24.15,28.05,25.83,19.15,25.44",1837,0.002453274792060256,2456,0.0028254466596990824,"147,553,74,909,1105,1361,102,154",0.07947642356157303,0.31774553656578064,0.3145507872104645,"2.63,3.17,2.7,2.95,2.68,2.57,2.77,3.23","8.25,7.88,5.06,4.19,4.19,4.03,3.81,3.59","-0.0928,-0.0239,0.0264,-0.0364,0.0396,-0.0148,0.0302,0.0737","-0.0938,0,0,0,0.0938,0,0,0.0938","-0.0622,0,0,0,0.0656,0,0,0.0622",0.62109375,0.5287151336669922,1,1.4365460872650146,0.3146499693393707
24,up_proj,gptq,8960,1536,0,0.002120535714285714,0.0014439174107142858,241.36095480507356,0.019491579486498864,973.7286376953125,734.7222900390625,434.0785217285156,1132.632568359375,1054.4814453125,1154.6876220703125,0.8326283693313599,241.19174194335938,0.11057697236537933,"553,154,713,286,1395,1248,147,1173,1229,1068,872,1272,1423,335,102,1428",273.0462646484375,,,,,0,580.8887939453125,663.1907958984375,789.8422241210938,708.931396484375,"0.258,0.909,1.391,0.940,1.110,1.062,1.087,0.974",1592.060791015625,2380.44482421875,"197.2,834.6,1995,1710,2714,2190,1217,1880",36.87059020996094,38.556846618652344,"52.23,26.58,33.36,36.07,42.29,38.41,28.38,37.63","18.1,17.53,26.82,23.99,30.16,27.22,20.52,25.41","35.65,18.38,22.74,24.74,28.63,26.41,19.69,25.75",2304,0.0018724673427641392,2720,0.0019345106557011604,"147,553,74,909,1105,1361,102,154",0.061763420701026917,0.4576590359210968,0.5016322731971741,"1.84,1.25,2.8,1.65,2.22,2.51,2.36,1.44","8.25,7.88,5.06,4.19,4.19,4.03,3.81,3.59","-0.0107,-0.0117,0.0266,-0.00674,-0.0186,-0.0349,-0.0146,0.012","0,0,0,0,0,0,0,0","0,0,0.0463,0,0,-0.0611,0,0",0.267578125,0.2524953782558441,1,1.305114507675171,0.4222564697265625
24,down_proj,gptq,1536,8960,0,0.002028474353608631,0.0014446440197172618,475.8630019972552,0.04041514232943724,1194.6209716796875,707.2127685546875,113.61038970947266,306.7893371582031,357.4817810058594,329.447021484375,0.8711313009262085,474.2255859375,0.15377603471279144,"1047,3130,8126,5256,3041,714,7191,7101,8910,5252,6597,7864,684,7348,1837,6120",669.6646118164062,,,,,0,195.1268768310547,205.71432495117188,357.3001708984375,252.46469116210938,"0.011,0.691,1.515,0.942,1.316,1.062,1.206,1.186",13359.705078125,24581.697265625,"237,4365,1.595e+04,1.086e+04,2.419e+04,2.687e+04,1.047e+04,1.394e+04",49.34516143798828,55.303016662597656,"59.63,33.91,44.62,44.62,61.15,65.73,37.86,47.25","1.777,8.088,15.35,12.69,19.1,19.39,12.17,14.37","17.2,9.73,12.47,13.07,16.65,18.82,11.08,13.2",1105,0.012089086696505547,1421,0.010785317048430443,"2956,684,2800,6382,3041,5750,3141,93",0.17938661575317383,0.42041015625,0.4345703125,"1.03,0.629,1.03,1.09,0.797,0.869,1.13,1.12","15.4,12.7,9.38,9.12,8.25,8,6.44,6.09","0.0303,0.00291,-0.0101,-0.01,0.00775,0.0017,0.0325,0.0332","0.0493,0,0,0,0,0,0.0476,0.0372","0.0336,0,0,0,0,0,0.0413,0.031",0.68359375,0.780331552028656,1,2.09993314743042,0.30243510007858276
25,q_proj,gptq,1536,1536,0,0.002097659640842014,0.0014817979600694445,59.290196481799214,0.03136549081769591,173.76345825195312,118.9223403930664,76.5231704711914,256.6121520996094,161.88021850585938,269.0045166015625,0.6901421546936035,58.50001907348633,0.13822484016418457,"1222,147,1073,1173,1215,1248,713,865,1360,1412,1166,251,574,1424,335,742",69.46235656738281,,,,,0,85.09060668945312,135.32510375976562,102.26255798339844,148.01235961914062,"0.208,0.442,0.925,0.497,0.682,0.761,0.540,0.678",1025.8651123046875,1517.6744384765625,"154.3,551.5,1174,1034,1802,1562,788.1,1142",44.98228454589844,46.611427307128906,"21.76,44.21,39.14,46.22,51.28,67.65,49.89,39.71","2.808,7.773,9.325,8.41,11.17,13.18,8.904,8.776","6.153,11.69,9.696,11.93,13.53,15.1,12.12,10.66",1275,0.012367217801511288,1406,0.013430420309305191,"147,1073,1166,95,368,23,499,1441",0.19527266919612885,0.5762532949447632,0.7186686396598816,"0.613,0.702,0.757,0.805,0.291,0.254,0.398,0.265","15.4,10.8,9.12,8.19,7.19,6.62,6.59,6.22","-0.0292,-0.0248,-0.0649,0.021,0.0129,0.000174,0.0103,-0.000896","-0.0377,-0.0377,-0.0753,0.041,0,0,0,0","-0.0402,-0.0329,-0.0753,0.0385,0,0,0,0",0.1689453125,0.1739913374185562,1,1.2425837516784668,0.2647453546524048
25,k_proj,gptq,256,1536,0,0.0020243326822916665,0.00142669677734375,11.876530416078026,0.07375161247832855,22.325885772705078,11.900057792663574,15.8114013671875,31.57198143005371,33.3094482421875,33.3803596496582,0.6901421546936035,11.76443862915039,0.19193029403686523,"1222,1073,147,1173,1215,713,865,1248,1412,1360,251,1424,1166,1214,185,574",69.46235656738281,,,,,0,19.52649688720703,18.14545249938965,19.59949493408203,18.14495277404785,"0.313,0.901,1.363,0.594,1.072,1.091,1.320,1.622",1025.8651123046875,1517.6744384765625,"154.3,551.5,1174,1034,1802,1562,788.1,1142",44.98228454589844,46.611427307128906,"21.76,44.21,39.14,46.22,51.28,67.65,49.89,39.71","1.101,3.941,4.395,3.242,5.021,6.617,4.952,4.014","1.969,4.151,3.765,4.208,4.85,6.335,4.31,3.152",100,0.055306993424892426,241,0.09000765532255173,"147,1073,1166,95,368,23,499,1441",0.27069467306137085,0.42578125,0.4189453125,"0.413,0.559,0.5,0.595,0.307,0.318,0.302,0.296","15.4,10.8,9.12,8.19,7.19,6.62,6.59,6.22","-2.88e-05,0.0771,-0.0282,-0.0142,0.0275,0.0259,-0.000152,0.00653","0,0.0759,-0.0379,-0.0249,0.0379,0.0379,0,0","0,0.0661,-0.0244,-0.0131,0.0315,0.0262,0,0",0.1328125,0.1138392835855484,2,1.1808611154556274,0.49397537112236023
25,v_proj,gptq,256,1536,0,0.00213623046875,0.0015157063802083333,63.794254798281095,0.16578530662916544,93.05548858642578,49.989715576171875,97.06876373291016,125.49816131591797,190.7589111328125,139.8955841064453,0.6901421546936035,63.206504821777344,0.18118762969970703,"1215,1222,1412,251,1073,335,574,147,844,1214,316,185,1173,718,676,1166",69.46235656738281,,,,,0,102.37666320800781,75.45514678955078,111.53964233398438,72.979736328125,"0.254,1.146,1.943,0.934,1.718,1.355,1.226,1.570",1025.8651123046875,1517.6744384765625,"154.3,551.5,1174,1034,1802,1562,788.1,1142",44.98228454589844,46.611427307128906,"21.76,44.21,39.14,46.22,51.28,67.65,49.89,39.71","1.534,8.218,9.744,8.33,11.38,15.85,10.94,9.189","3.046,7.677,6.991,8.622,8.682,13.62,9.883,7.333",45,0.050360988825559616,45,0.02941502071917057,"147,1073,1166,95,368,23,499,1441",0.23326057195663452,0.62744140625,0.52490234375,"0.16,0.192,0.218,0.277,1.09,1.15,1.02,1.17","15.4,10.8,9.12,8.19,7.19,6.62,6.59,6.22","0.00209,-0.026,0.000334,-0.0198,0.0339,-0.0757,-0.0815,0.0361","0,0,0,0,0.0589,-0.0589,-0.0943,0.0589","0,-0.0458,0,-0.0374,0.0589,-0.0748,-0.0561,0.031",0.330078125,0.28286153078079224,1,2.553654432296753,1.4890470504760742
25,o_proj,gptq,1536,1536,0,0.0021341111924913195,0.001460605197482639,61.60270466651309,0.0286297027106985,208.62576293945312,128.5613250732422,27.741500854492188,158.44259643554688,64.18196105957031,168.54531860351562,0.9890658855438232,61.126007080078125,0.05809463560581207,"1002,445,411,442,419,394,427,405,410,468,481,392,448,441,508,491",123.32616424560547,,,,,0,26.297971725463867,80.5038833618164,12.536676406860352,64.4293212890625,"0.010,0.578,0.405,0.110,0.356,0.082,0.453,0.248",1219.1689453125,577.8919677734375,"17.75,3462,1981,294.7,1172,334.8,1769,721.4",23.07571792602539,20.66692543029785,"16.68,29.17,27.46,18.63,26.81,18.08,25.97,21.79","0.7353,7.727,6.424,2.555,6.13,2.154,6.522,4.194","7.253,10.16,10.09,7.69,10.28,7.535,9.691,8.415",559,0.05645260214805603,446,0.04209619015455246,"1386,1514,1002,1130,874,1258,409,455",0.20675085484981537,0.5814616084098816,0.7899577021598816,"0.304,0.302,0.305,0.304,0.305,0.301,1.44,1.49","6.69,6.44,6.44,6.41,6.41,6.38,4.53,4.16","-0.000782,-0.00165,-0.000603,-0.000269,-0.00143,-0.000771,-0.17,-0.208","0,0,0,0,0,0,-0.193,-0.193","0,0,0,0,0,0,-0.193,-0.193",0.337890625,0.2896205484867096,4,1.4564272165298462,0.838646650314331
25,gate_proj,gptq,8960,1536,0,0.002132960728236607,0.0015030633835565476,228.02138139653653,0.02112537350818423,873.1878051757812,651.1517333984375,405.25372314453125,1061.218505859375,1043.323974609375,1107.4609375,0.7468724250793457,227.39956665039062,0.12291791290044785,"553,154,713,1248,147,1395,286,1272,1229,1173,1068,1428,1301,872,408,102",234.84568786621094,,,,,0,594.5304565429688,668.8226928710938,772.42431640625,698.8736572265625,"0.374,0.945,1.527,0.900,1.084,1.072,1.161,0.942",1629.16552734375,2477.79443359375,"200.1,778.6,1951,1684,2821,2499,1298,1803",38.183406829833984,40.03929138183594,"57.75,25.61,33.33,36.62,44.54,41.19,29.67,36.76","23.43,16.49,26.94,22.88,30.02,28.01,20.89,23.74","38.32,16.97,21.8,24.11,28.83,27.06,19.38,24.45",5975,0.004109224304556847,4502,0.005181238986551762,"553,147,1361,74,909,154,1170,1414",0.1128656268119812,0.3370256721973419,0.3327288031578064,"2.83,2.54,2.53,2.7,2.65,3.12,2.64,2.61","9.31,6.56,5.53,5.34,4.88,4.59,4.47,4.03","-0.042,0.00934,-0.00183,0.085,-0.0535,0.0898,0.0157,-0.00108","-0.0516,0.0516,0,0.103,-0.0516,0.103,0,0","0,0,0,0.0695,-0.0522,0.11,0,0",0.302734375,0.34553951025009155,1,1.9245927333831787,0.12844517827033997
25,up_proj,gptq,8960,1536,0,0.0021082560221354165,0.0014370146251860118,239.69950032618362,0.01882323177988443,990.1702880859375,755.2437744140625,464.6618347167969,1180.537109375,1154.533935546875,1251.4583740234375,0.7468724250793457,239.2812957763672,0.1015692725777626,"553,154,713,1248,1395,147,286,1272,1229,1173,1068,1301,1428,872,1423,408",234.84568786621094,,,,,0,641.7774658203125,755.4779663085938,873.4359130859375,797.549072265625,"0.297,0.922,1.402,0.905,1.044,1.024,1.117,0.975",1629.16552734375,2477.79443359375,"200.1,778.6,1951,1684,2821,2499,1298,1803",38.183406829833984,40.03929138183594,"57.75,25.61,33.33,36.62,44.54,41.19,29.67,36.76","21.94,17.3,27.74,24.36,31.53,29.58,21.95,25.3","40.25,18.01,23.43,25.6,30.86,29.24,20.76,25.61",4813,0.001978234387934208,7240,0.002725650556385517,"553,147,1361,74,909,154,1170,1414",0.09567362070083618,0.43311941623687744,0.4735212028026581,"1.47,2.03,2.36,2.78,1.76,1.61,2.98,2.67","9.31,6.56,5.53,5.34,4.88,4.59,4.47,4.03","0.03,0.0369,-0.0237,0.0114,-0.0083,0.0237,-0.0292,0.00781","0.0287,0.0287,-0.0287,0.0287,0,0.0287,-0.036,0","0.028,0.0287,-0.024,0,0,0.0287,-0.0227,0",0.126953125,0.11695147305727005,1,1.4024226665496826,0.4093834161758423
25,down_proj,gptq,1536,8960,0,0.0020070393880208333,0.001448422386532738,458.3193687267485,0.03752061500103295,1199.5390625,731.8839111328125,148.5143280029297,378.611572265625,510.492431640625,414.8983459472656,0.8221965432167053,457.26885986328125,0.13218624889850616,"4105,2178,8511,353,5709,8676,7364,2347,5049,5989,622,7283,2099,5880,4627,3724",348.5715026855469,,,,,0,237.7677001953125,224.53916931152344,482.26031494140625,347.3438415527344,"0.066,0.709,1.096,1.099,1.222,1.101,1.076,0.968",12301.9248046875,24891.91796875,"193.9,4117,1.204e+04,1.081e+04,2.641e+04,2.29e+04,8444,1.35e+04",49.49272155761719,63.378387451171875,"20.99,37.34,49.2,48.41,72.96,68.61,41.23,57.19","1.607,9.002,15.27,14.65,23.02,20.46,12.23,16.51","6.269,10.69,14.58,13.97,20.82,19.51,11.79,16.78",1119,0.008886666968464851,387,0.010595663450658321,"2123,603,4105,7607,7283,6834,2057,41",0.16116856038570404,0.4652506709098816,0.4737955927848816,"1.02,1.21,0.715,0.611,0.573,1.2,1.17,1.11","14.1,12.6,11.6,10.4,10.1,9.81,9.75,9.44","-0.0137,0.0388,0.0167,0.00714,0.00327,0.0238,-0.00989,-0.0119","0,0.0479,0.0234,0,0,0.0276,-0.024,0","-0.0247,0.0483,0.029,0,0,0.0331,0,0",0.1279296875,0.14948555827140808,1,2.1698014736175537,0.39400818943977356
26,q_proj,gptq,1536,1536,0,0.0020929972330729165,0.0014334784613715278,83.71532844601825,0.048708504707577614,191.80323791503906,114.3062744140625,88.173095703125,227.61227416992188,179.07528686523438,245.63906860351562,0.702328622341156,82.12760925292969,0.22966761887073517,"1222,1073,1360,1248,865,1173,742,1166,147,574,185,1412,713,1424,1215,251",52.043880462646484,,,,,0,91.97803497314453,126.69842529296875,110.96085357666016,135.13426208496094,"0.198,0.607,1.069,0.551,0.905,0.769,0.626,0.771",882.7333984375,1358.33056640625,"167.9,481,905.5,862.8,1517,1555,661.5,910.7",42.17594528198242,44.07362747192383,"21.56,40.96,33.36,45.33,45.77,67.38,46.55,36.5","2.636,8.663,9.49,8.783,11.45,14.24,8.973,8.49","5.926,11.12,9.179,11.83,12.04,16.24,11.34,9.666",1292,0.03006306290626526,678,0.01265682466328144,"147,1073,742,1424,1166,95,253,793",0.28283578157424927,0.4175618588924408,0.465576171875,"0.677,0.872,0.905,0.676,0.923,1,1.25,1.48","12.5,12,8.5,8.25,8.25,8.19,7.47,6.12","0.000151,-0.00897,-0.0166,-0.0322,-0.0708,-0.0845,0.0281,0.0284","0,0,0,0,-0.0658,-0.0658,0,0.0658","0,0,-0.0264,-0.0306,-0.0645,-0.0824,0,0.0331",0.23046875,0.1975446492433548,1,1.9856548309326172,0.23837870359420776
26,k_proj,gptq,256,1536,0,0.0020472208658854165,0.0013249715169270833,13.384775635084225,0.07465668185763914,25.054122924804688,14.329978942871094,13.935151100158691,31.51297950744629,29.182540893554688,34.00153350830078,0.702328622341156,13.123618125915527,0.2346915453672409,"1073,1222,1360,865,1248,147,742,1173,1215,1166,1412,574,1424,185,713,335",52.043880462646484,,,,,0,15.765040397644043,17.964035034179688,16.837078094482422,17.658985137939453,"0.162,0.637,0.955,0.551,1.109,1.216,0.902,0.779",882.7333984375,1358.33056640625,"167.9,481,905.5,862.8,1517,1555,661.5,910.7",42.17594528198242,44.07362747192383,"21.56,40.96,33.36,45.33,45.77,67.38,46.55,36.5","0.8412,3.46,3.786,3.536,4.536,6.17,4.065,3.379","2.091,4.334,3.876,4.764,4.307,5.595,4.281,3.828",248,0.07306192815303802,56,0.08198722451925278,"147,1073,742,1424,1166,95,253,793",0.3602335453033447,0.30322265625,0.3837890625,"0.466,0.648,0.512,0.522,0.492,0.603,0.54,0.415","12.5,12,8.5,8.25,8.25,8.19,7.47,6.12","0.0164,-0.00598,0.113,-0.0327,-0.0204,-0.165,0.0159,0.0256","0,0,0.0999,-0.0499,0,-0.15,0,0","0.029,0,0.0971,-0.0325,-0.0239,-0.141,0.029,0.0312",0.1748046875,0.1498326063156128,2,1.2261370420455933,0.731880784034729
26,v_proj,gptq,256,1536,0,0.002044677734375,0.0014470418294270833,90.13346434683626,0.09990974646097235,147.15061950683594,82.67704772949219,114.33663940429688,165.75746154785156,206.3648223876953,164.2952880859375,0.702328622341156,88.49146270751953,0.16945908963680267,"1222,574,1412,335,251,1215,844,713,1214,316,147,694,1073,1248,223,718",52.043880462646484,,,,,0,113.90853118896484,83.62062072753906,128.68724060058594,90.9202880859375,"0.207,0.818,1.458,1.088,1.952,1.642,1.033,1.426",882.7333984375,1358.33056640625,"167.9,481,905.5,862.8,1517,1555,661.5,910.7",42.17594528198242,44.07362747192383,"21.56,40.96,33.36,45.33,45.77,67.38,46.55,36.5","1.769,7.156,7.913,9.37,11.7,19.34,11.05,8.576","3.886,7.911,6.553,8.983,8.376,15.09,10.87,7.182",250,0.036073267459869385,137,0.033758509904146194,"147,1073,742,1424,1166,95,253,793",0.12410805374383926,0.9638671875,0.94580078125,"0.185,0.178,0.154,0.091,0.215,0.313,0.116,0.0816","12.5,12,8.5,8.25,8.25,8.19,7.47,6.12","0.00458,0.022,0.00513,0.00282,0.00626,0.0312,6.15e-05,0.0017","0,0,0,0,0,0.0725,0,0","0,0,0,0,0,0.0374,0,0",0.25390625,0.2901785969734192,1,2.2228763103485107,0.4606674313545227
26,o_proj,gptq,1536,1536,0,0.002162933349609375,0.0014398362901475695,65.27987880149158,0.02417388140117555,225.93429565429688,153.70761108398438,16.73066520690918,302.3761901855469,25.750247955322266,290.6654357910156,0.9931747913360596,64.96997833251953,0.040994349867105484,"849,853,1267,1477,390,307,1057,947,248,530,1331,6,1313,977,383,120",99.55774688720703,,,,,0,6.941789150238037,136.2356414794922,7.9563798904418945,134.027099609375,"0.002,0.144,0.089,0.024,0.051,0.016,0.013,0.012",415.9636535644531,452.02056884765625,"16.51,1671,793.6,172.4,396.3,111.6,85.64,80.28",22.802085876464844,22.266128540039062,"20.54,31.42,26.34,20.63,22.37,20.45,20.34,20.34","0.5279,5.179,3.684,1.724,2.628,1.386,1.258,1.218","11.1,13.66,12.34,11.18,11.64,11.05,11.08,11.07",229,0.008774664252996445,609,0.010016457177698612,"136,264,392,8,520,648,1361,1105",1.2614011764526367,0.8499349355697632,0.954345703125,"0.367,0.361,0.361,0.375,0.36,0.366,0.352,0.36","6.53,6.44,6.41,6.38,6.34,6.28,4.16,4.16","-0.00732,-0.00394,-0.00516,-0.00488,-0.00345,-0.00644,0.00147,0.00246","0,-0.0243,0,0,0,0,0,0","0,0,0,0,0,0,0,0",0.1064453125,0.1249636858701706,1,0.24615857005119324,0.3855905532836914
26,gate_proj,gptq,8960,1536,0,0.002115086146763393,0.001502046130952381,220.9840314935136,0.021171181880423346,846.19189453125,631.5162353515625,396.3273620605469,1081.4903564453125,1012.385009765625,1299.09423828125,0.3977106511592865,220.2270965576172,0.14452138543128967,"553,408,520,713,940,154,1248,1272,286,147,1068,1173,1395,1301,1229,1105",201.64285278320312,,,,,0,543.4549560546875,1150.142578125,767.0691528320312,702.3260498046875,"0.066,0.871,1.350,0.925,0.980,1.064,1.076,0.980",1539.1385498046875,2426.48583984375,"202.4,802.2,1675,1549,2708,2602,1148,1627",45.49225616455078,40.81932830810547,"112.7,27.4,33.54,36.36,45.53,42.81,29.47,36.09","18.7,16.75,25.45,22.45,29.25,28.28,19.63,22.92","73.04,17.95,21.9,23.34,29.55,27.43,18.92,23.16",2908,0.017560280859470367,2908,0.009864061139523983,"553,1361,147,408,1200,154,1414,1105",0.1246517151594162,0.40358537435531616,0.3987165093421936,"2.49,2.63,2.32,1.65,2.19,2.95,2.49,2.53","9.56,7.5,6.69,5.5,5.19,4.75,4.72,4.19","-0.218,0.318,-0.181,-0.176,0.273,0.443,-0.0245,0.773","-0.221,0.221,-0.221,-0.221,0.221,0.442,0,0.663","-0.154,0.31,-0.161,-0.22,0.315,0.482,0,0.663",0.7734375,0.749042809009552,1,3.8758230209350586,2.934804916381836
26,up_proj,gptq,8960,1536,0,0.0021054949079241073,0.0014427548363095239,243.5117765617324,0.018765077860892855,1003.7366333007812,763.5740356445312,472.0567932128906,1245.5450439453125,1178.01904296875,1518.31982421875,0.3977106511592865,243.02108764648438,0.1232144683599472,"553,520,408,713,940,154,1248,1272,286,147,1173,1068,1395,1301,1229,1105",201.64285278320312,,,,,0,624.4637451171875,1315.050048828125,907.5883178710938,844.3160400390625,"0.061,0.823,1.307,0.867,0.981,1.091,1.035,0.962",1539.1385498046875,2426.48583984375,"202.4,802.2,1675,1549,2708,2602,1148,1627",45.49225616455078,40.81932830810547,"112.7,27.4,33.54,36.36,45.53,42.81,29.47,36.09","19.03,17.65,26.97,23.85,31.61,31.07,21.32,24.64","77.17,19.45,23.59,25.62,31.92,29.74,20.95,25.12",974,0.003062453120946884,7035,0.006552452687174082,"553,1361,147,408,1200,154,1414,1105",0.09644951671361923,0.5106585025787354,0.5537109375,"1.62,2.16,2.05,1.12,2.18,1.73,2.63,2.16","9.56,7.5,6.69,5.5,5.19,4.75,4.72,4.19","0.136,0.00531,0.125,0.129,-0.0767,-0.161,0.0554,-0.0342","0.156,0,0.156,0.156,-0.0781,-0.156,0.0781,0","0.154,0,0.0954,0.103,-0.0993,-0.191,0.11,0",0.38671875,0.40996912121772766,1,1.7490522861480713,0.30851155519485474
26,down_proj,gptq,1536,8960,0,0.00197906494140625,0.00144195556640625,56.306068249061354,0.004711285496445486,768.0673828125,721.807373046875,287.10638427734375,10822.927734375,891.8331298828125,78742.2578125,0.9985948204994202,55.45347213745117,0.3860999643802643,"5006,1153,974,4299,2538,2776,2908,7035,3821,8498,980,6363,8733,431,5016,6203",4572.08837890625,,,,,0,1349.6260986328125,199948.453125,423.1139831542969,468.5306396484375,"0.006,0.320,0.486,0.430,0.709,0.793,0.655,0.533",1954.5084228515625,3228.97509765625,"1908,783.4,879.6,1328,3331,4677,1022,1706",718.9243774414062,75.14256286621094,"5227,70.78,60.66,83.09,98.8,89.02,51.67,70.67","94.72,11.18,11.37,14.6,22.18,23.11,11.74,13.94","1264,19.77,16.31,22.26,26.35,25.95,14.51,19.1",611,0.009901009500026703,609,0.07290587574243546,"1153,2776,4427,6203,2289,4506,5016,8922",0.3977462947368622,0.5252279043197632,0.5689290761947632,"0.759,0.534,1.01,0.527,0.682,1.17,0.753,1.19","56.2,27.8,14,13.8,13.8,12.2,10,9.69","-0.01,-0.00389,0.0378,0.0104,0.000755,0.0308,0.0898,-0.015","0,0,0.0358,0,0,0.0231,0.067,0","0,0,0.0286,0,0,0.0336,0.0896,-0.0264",0.2373046875,0.2681140899658203,1,2.2074499130249023,0.2676754593849182
27,q_proj,gptq,1536,1536,0,0.0020620557996961805,0.0014525519476996528,77.77376788754191,0.04809557857536049,178.70059204101562,109.56869506835938,86.30099487304688,217.8658447265625,182.32330322265625,235.89907836914062,0.7579072117805481,76.51533508300781,0.24091605842113495,"1073,1173,1222,1360,865,1248,742,1412,1424,1166,1215,185,335,251,574,147",63.683719635009766,,,,,0,91.90631103515625,139.7388458251953,106.0927734375,121.55007934570312,"0.405,0.576,1.025,0.518,0.945,0.787,0.630,0.799",881.141845703125,1276.76025390625,"1136,392.9,707.5,625.6,1232,1565,635.8,755.3",44.680084228515625,42.92102813720703,"64.95,35.94,31.66,39.59,41.08,63.1,46.17,34.95","10.86,7.545,9.003,7.354,10.36,12.81,9.35,8.149","17.07,9.943,8.894,10.22,10.66,14.44,11.78,9.117",629,0.014967337250709534,1463,0.013276828452944756,"1073,147,95,742,223,253,1166,44",0.2699475884437561,0.4175618588924408,0.466064453125,"0.808,0.789,0.987,0.903,1.35,1.34,1.06,0.352","10.5,10.2,8.62,8.19,6.06,5.91,5.88,5.84","-0.0101,0.0273,0.0742,0.031,-0.0908,0.0503,0.00356,-0.0024","0,0.0419,0.0837,0.0419,-0.0837,0.0419,0,0","0,0.0259,0.0787,0.0319,-0.0778,0.0519,0,0",0.146484375,0.1674107164144516,1,1.2675714492797852,0.3015555441379547
27,k_proj,gptq,256,1536,0,0.002197265625,0.0014088948567708333,13.486273698438708,0.09758966695237307,22.899982452392578,11.628410339355469,14.82266902923584,26.809659957885742,30.69095230102539,28.6729793548584,0.7579072117805481,13.29576301574707,0.258301705121994,"1073,1173,1222,1248,865,1360,185,742,1215,1424,1412,1166,147,251,574,335",63.683719635009766,,,,,0,13.966797828674316,17.36322784423828,17.74337387084961,13.818435668945312,"0.395,0.763,1.329,0.685,1.271,0.932,0.893,1.043",881.141845703125,1276.76025390625,"1136,392.9,707.5,625.6,1232,1565,635.8,755.3",44.680084228515625,42.92102813720703,"64.95,35.94,31.66,39.59,41.08,63.1,46.17,34.95","3.934,2.959,3.47,2.96,4.057,4.929,3.952,3.213","6.259,3.387,3.01,3.577,3.598,5.105,4.182,3.147",248,0.09146155416965485,180,0.08488277345895767,"1073,147,95,742,223,253,1166,44",0.3972201943397522,0.359375,0.35205078125,"0.582,0.446,0.594,0.511,0.499,0.533,0.523,0.234","10.5,10.2,8.62,8.19,6.06,5.91,5.88,5.84","0.0771,0.0253,-0.185,0.0219,-0.125,-0.0669,-0.0854,-0.00534","0.0527,0,-0.158,0.0527,-0.105,-0.0527,-0.105,0","0.0792,0.0357,-0.158,0.0424,-0.107,-0.0714,-0.0812,0",0.1845703125,0.1582031399011612,3,1.226983666419983,0.2431149035692215
27,v_proj,gptq,256,1536,0,0.0019989013671875,0.0013580322265625,85.84876092007471,0.10691722247467776,137.41644287109375,80.58302307128906,113.33595275878906,167.67657470703125,204.82003784179688,172.63026428222656,0.7579072117805481,84.57453155517578,0.17024309933185577,"1412,251,574,1222,1173,1215,335,1214,1073,844,316,147,185,223,718,1166",63.683719635009766,,,,,0,113.01731872558594,102.386962890625,122.05057525634766,89.4043197631836,"0.589,1.088,1.630,0.848,1.170,1.437,1.097,1.163",881.141845703125,1276.76025390625,"1136,392.9,707.5,625.6,1232,1565,635.8,755.3",44.680084228515625,42.92102813720703,"64.95,35.94,31.66,39.59,41.08,63.1,46.17,34.95","10.35,7.493,8.557,7.319,9.515,18.48,10.8,8.095","13.49,7.185,6.702,7.948,8.795,15.41,10.31,7.507",156,0.02522234432399273,200,0.03927990421652794,"1073,147,95,742,223,253,1166,44",0.23216485977172852,0.82958984375,0.75732421875,"0.176,0.239,0.33,0.163,0.513,0.221,0.245,1.39","10.5,10.2,8.62,8.19,6.06,5.91,5.88,5.84","0.0153,-0.0232,0.00717,0.00443,0.0598,0.0132,0.00732,0.0376","0,-0.0589,0,0,0.0589,0,0,0.0589","0,-0.0402,0,0,0.0402,0,0,0.0393",0.2060546875,0.235491082072258,1,1.5111867189407349,1.1148991584777832
27,o_proj,gptq,1536,1536,0,0.002181159125434028,0.0014801025390625,93.12037964830233,0.03454536813686006,285.77838134765625,156.9832763671875,68.37391662597656,561.707763671875,128.19725036621094,963.6350708007812,0.908916711807251,92.53641510009766,0.045317765325307846,"1360,1403,1331,1386,1383,1283,1296,1387,1385,1381,1406,1314,1334,1281,1392,1377",68.81419372558594,,,,,0,64.85549926757812,764.4970703125,55.54756546020508,336.9632873535156,"0.045,0.088,0.107,0.117,0.179,0.102,0.193,0.108",1238.488037109375,868.3812866210938,"2728,1741,780.9,1015,1634,620.2,751.8,637.5",67.55033874511719,43.56186294555664,"164.3,89.01,46.22,52.39,56.08,42.03,47.29,43.11","11.55,9.259,6.15,7.043,8.795,5.689,8.301,5.803","54.23,31.24,18.82,20.56,20.82,17.84,18.92,17.7",865,0.054733097553253174,793,0.03065994568169117,"219,91,603,731,347,475,776,1032",0.1447262465953827,0.478515625,0.8074544668197632,"0.468,0.465,0.47,0.465,0.467,0.468,1.1,0.65","8.38,8.38,8.38,8.38,8.38,8.38,4.28,4.16","0.011,0.0114,0.011,0.0113,0.0105,0.0112,0.186,-0.0198","0,0,0,0,0,0.0555,0.199,0","0,0,0,0,0,0,0.201,0",0.7734375,0.6719899773597717,5,2.057490348815918,0.6616536974906921
27,gate_proj,gptq,8960,1536,0,0.0020909627278645833,0.0014809744698660715,187.12503638875205,0.017688312351490345,812.7897338867188,646.8076782226562,530.7771606445312,2216.53466796875,1460.6051025390625,1918.39111328125,0.7480921149253845,186.4991455078125,0.19230113923549652,"553,713,1272,1200,154,1248,1105,222,286,1301,403,503,589,582,735,1395",421.2469177246094,,,,,0,769.833740234375,979.750244140625,1131.309326171875,1269.321533203125,"0.496,0.844,1.172,0.782,0.837,1.020,0.832,0.724",1507.13330078125,2202.8173828125,"1740,702.5,1333,1139,2137,2738,958.4,1310",47.03826904296875,54.68864440917969,"70.19,33.73,41.51,40.86,55.15,53.07,36.59,45.2","32.25,19.95,28.77,23.38,32.21,34.56,21.97,25.14","45.79,21.73,26.57,26.44,35.21,34.21,24.09,29.55",4503,0.0031210684683173895,6994,0.004988330882042646,"1200,553,1361,154,529,1105,147,286",0.21227599680423737,0.39549386501312256,0.4148995578289032,"1.63,2.31,2.58,3.01,1.34,2.24,2.13,2.58","17.2,15.4,10.9,7.81,7.78,7.34,6.78,5.62","0.0601,-0.139,-0.158,-0.01,0.0649,-0.00812,0.0588,0.0102","0.065,-0.13,-0.195,0,0.065,0,0.065,0","0.065,-0.119,-0.136,0,0.0792,0,0.0427,0",0.2275390625,0.1950334906578064,3,1.7994019985198975,0.13426102697849274
27,up_proj,gptq,8960,1536,0,0.0020966302780877975,0.0014485677083333334,186.1187356099399,0.016708004595537826,842.73486328125,669.5931396484375,549.9005737304688,2084.1318359375,1498.686767578125,1928.978271484375,0.7480921149253845,185.70977783203125,0.17613095045089722,"553,713,1272,1200,154,1248,1105,222,1301,286,403,529,589,1395,582,503",421.2469177246094,,,,,0,785.9635009765625,993.7593383789062,1177.719970703125,1312.3443603515625,"0.480,0.817,1.211,0.777,0.814,1.019,0.856,0.803",1507.13330078125,2202.8173828125,"1740,702.5,1333,1139,2137,2738,958.4,1310",47.03826904296875,54.68864440917969,"70.19,33.73,41.51,40.86,55.15,53.07,36.59,45.2","31.77,20.13,29.2,23.57,32.67,35.17,22.12,25.92","45.84,22.28,26.53,26.75,36.21,34.83,23.92,28.93",1283,0.0023898864164948463,4490,0.004103370010852814,"1200,553,1361,154,529,1105,147,286",0.19186703860759735,0.5055524706840515,0.5585240125656128,"2.17,1.49,1.75,1.6,3.67,1.68,1.94,1.74","17.2,15.4,10.9,7.81,7.78,7.34,6.78,5.62","0.108,-0.0571,0.00854,-0.0737,-0.0205,-0.0195,0.0522,0.0444","0.126,-0.0421,0,-0.0843,0,0,0.0421,0.0421","0.114,-0.0402,0,-0.0672,-0.0402,-0.0253,0.0672,0.0379",0.1474609375,0.1685267984867096,1,1.5969570875167847,0.9379537105560303
27,down_proj,gptq,1536,8960,0,0.0020238240559895832,0.0015192667643229166,197.16639533796115,0.022355253706591787,794.1038818359375,614.2880859375,285.6645202636719,3535.764892578125,835.7554931640625,2068.96484375,0.7541681528091431,194.52520751953125,0.26766237616539,"7926,2646,8276,2015,1548,6691,8849,3062,8524,6163,6932,174,5641,6988,1683,2975",818.4434814453125,,,,,0,514.1966552734375,1284.909912109375,513.145751953125,809.6075439453125,"0.607,0.186,0.363,0.287,0.482,0.638,0.171,0.254",7622.8115234375,7889.53759765625,"2.053e+04,2710,2978,2826,4650,2.118e+04,3086,3025",139.2446746826172,111.30183410644531,"183.7,154.8,114.5,118.2,97.08,167.9,158.5,119.2","36.72,17.12,17.27,15.63,17.55,33.81,16.14,14.78","47.11,39.72,28.65,29.19,25.29,42.31,38.96,29.33",580,0.034851301461458206,1424,0.020396720618009567,"3062,174,8524,3051,6163,5618,918,666",0.6142165660858154,0.5336100459098816,0.7249349355697632,"0.765,0.433,0.745,0.426,0.384,0.624,0.998,0.534","31.9,25.2,19.4,18.8,17.9,17.4,17,17","-0.0199,-0.0199,0.0144,0.00488,-0.000103,0.0398,0.123,0.0374","0,0,0,0,0,0.0882,0.14,0","0,0,0,0,0,0.0494,0.132,0.0511",0.337890625,0.3526785969734192,1,3.275834798812866,1.5804328918457031
