layer,proj,quantizer,rows,cols,n_dead_cols,clip_frac,clip_frac_rtn,comp_disp,comp_disp_rel,wdisp_gptq,wdisp_rtn,obj_gptq,obj_rtn,obj_gptq_alt,obj_rtn_alt,hdiag_alt_corr,send_total,send_top1pct,send_top16_cols,hdiag_max_over_mean,cond_damped,awq_alpha,obj_awq,obj_awq_alt,protected,obj_gptq_tpl,obj_rtn_tpl,obj_gptq_ord,obj_rtn_ord,tplpos_ratio,lev_tpl,lev_ord,levpos,xnorm_tpl,xnorm_ord,xnormpos,tplpos_err_gptq,tplpos_err_rtn,p4_toprow_gptq,p4_toprow_share_gptq,p4_toprow_rtn,p4_toprow_share_rtn,p4_topcols,p4_topcols_share_gptq,p4_topcols_zero_gptq,p4_topcols_zero_rtn,p4_topcols_wnorm,p4_topcols_x,p4_toprow_w,p4_toprow_qg,p4_toprow_qr,p4_toprow_maxw,p4_toprow_maxqg,p4_toprow_nclip,p4_toprow_err_g,p4_toprow_err_r
0,q_proj,gptq,4096,5120,0,0.0021004676818847656,0.0014543533325195312,1161.027709163072,0.44617578353411114,1383.633544921875,191.24346923828125,10.272480010986328,113.60950469970703,10.090179443359375,97.16954040527344,0.9994404911994934,1071.8433837890625,0.851594090461731,"1646,1727,1280,4174,1102,3486,2929,4751,4695,3200,2441,3810,3392,2539,3020,3332",3644.509033203125,,,,,0,4.74808406829834,42.88469696044922,5.579319953918457,61.177696228027344,"0.025,0.025,1.031,0.431,0.051,0.160,0.126,0.082",447.19036865234375,471.3478088378906,"202.4,202.4,22.45,1125,320.2,668.6,605.3,431.4",11.651296615600586,13.956189155578613,"12.78,12.78,1.398,10.68,15.42,12.71,13.06,14.38","0.9785,0.9785,0.6474,3.546,1.926,2.778,2.529,2.291","6.202,6.202,0.6377,5.399,8.553,6.954,7.137,8.01",1125,0.033520668745040894,1383,0.03365888074040413,"1646,1727,4751,4656,634,3448,374,4174",2.4695911407470703,0.233123779296875,0.17291259765625,"3.86,3.02,2.5,2.04,1.82,1.83,1.98,2.29","13.5,3,0.667,0.598,0.57,0.55,0.53,0.504","-0.498,0.285,0.293,0.22,0.138,0.187,-0.187,0.242","-0.427,0.427,0.427,0.285,0.142,0.142,-0.285,0.142","-0.427,0.244,0.251,0.188,0.12,0.16,-0.181,0.208",0.498046875,1.075810194015503,1,0.3525983691215515,1.1427018642425537
0,k_proj,gptq,1024,5120,0,0.0020666122436523438,0.0014646530151367187,489.50067069834427,0.35830705765433324,604.2030029296875,107.93527221679688,4.902061939239502,39.92218780517578,4.7705078125,35.13995361328125,0.9994404911994934,464.7753601074219,0.8287196755409241,"1646,1727,1280,4174,1102,3486,4751,2929,2441,4695,3200,3332,3810,3392,2539,289",3644.509033203125,,,,,0,2.275176525115967,16.195627212524414,2.6131093502044678,21.339075088500977,"0.029,0.029,0.953,0.578,0.068,0.212,0.174,0.107",447.19036865234375,471.3478088378906,"202.4,202.4,22.45,1125,320.2,668.6,605.3,431.4",11.651296615600586,13.956189155578613,"12.78,12.78,1.398,10.68,15.42,12.71,13.06,14.38","0.7209,0.7209,0.4566,2.468,1.311,1.904,1.761,1.555","4.238,4.238,0.4678,3.247,5.037,4.138,4.225,4.747",293,0.010304061695933342,676,0.01767621748149395,"1646,1727,4751,4656,634,3448,374,4174",1.8163851499557495,0.2607421875,0.166259765625,"2.15,1.66,1.66,1.28,1.34,1.24,1.58,1.62","13.5,3,0.667,0.598,0.57,0.55,0.53,0.504","-0.268,0.133,0.172,0.108,0.0806,0.0364,-0.0952,0.112","-0.229,0.229,0.229,0.0765,0.0765,0.0765,-0.0765,0.0765","-0.229,0.114,0.147,0.0925,0.0724,0.0377,-0.109,0.0963",0.267578125,0.4891263544559479,1,0.1331230252981186,0.6352030634880066
0,v_proj,gptq,1024,5120,0,0.0019992828369140626,0.0014789581298828125,2.086568828936694,0.014434967219977782,10.886585235595703,12.92774486541748,0.04909605532884598,0.27440890669822693,0.04472541809082031,0.23566454648971558,0.9994404911994934,2.011336088180542,0.1705329865217209,"1646,1727,1280,4174,3486,1102,1564,2929,820,4695,4707,712,4113,1630,374,4300",3644.509033203125,,,,,0,0.022848492488265038,0.12066411972045898,0.02304990030825138,0.12598258256912231,"0.064,0.064,0.303,0.366,0.157,0.259,0.212,0.181",447.19036865234375,471.3478088378906,"202.4,202.4,22.45,1125,320.2,668.6,605.3,431.4",11.651296615600586,13.956189155578613,"12.78,12.78,1.398,10.68,15.42,12.71,13.06,14.38","0.09705,0.09705,0.03641,0.2438,0.1321,0.1842,0.173,0.148","0.3835,0.3835,0.0662,0.4028,0.3337,0.3618,0.3759,0.3479",572,0.010000583715736866,357,0.025852927938103676,"1646,1727,4751,4656,634,3448,374,4174",0.2844447195529938,0.5498046875,0.887451171875,"0.0156,0.0456,0.0471,0.0771,0.0617,0.0875,0.0661,0.0437","13.5,3,0.667,0.598,0.57,0.55,0.53,0.504","0.000178,0.000759,0.00133,0.000311,0.0025,0.00482,0.00243,-0.00212","0,0,0,0,0.00338,0.00338,0.00338,-0.00338","0,0,0,0,0,0.0046,0,0",0.0301513671875,0.03437860682606697,1,0.013209854252636433,0.009974612854421139
0,o_proj,gptq,5120,4096,0,0.0020792484283447266,0.0014725208282470703,39.115314320901234,0.04797704746590861,96.6423568725586,54.13655090332031,0.0036710596177726984,0.018995769321918488,0.005119845736771822,0.04649072140455246,0.37359458208084106,38.926612854003906,0.15628433227539062,"1381,1548,1333,1283,1390,1301,1334,1317,1372,1299,468,1386,1125,1087,1323,1385",201.11463928222656,,,,,0,0.002505622338503599,0.03188680484890938,0.0025817814748734236,0.01511300913989544,"0.001,0.001,0.005,0.101,0.157,0.149,0.199,0.178",1538.080078125,1827.6636962890625,"185.9,185.9,199.8,1580,2948,2189,2673,2344",1.4943491220474243,1.0092417001724243,"1.864,1.864,1.465,1.613,1.454,1.282,1.23,1.182","0.00818,0.00818,0.01269,0.05998,0.06892,0.05852,0.06602,0.06017","0.2173,0.2173,0.1716,0.1891,0.1737,0.1515,0.1482,0.1425",3448,0.01847059093415737,402,0.008823306299746037,"6,390,262,1215,134,1784,1471,692",2.267639398574829,0.475341796875,0.4489990174770355,"0.481,0.524,0.437,0.47,0.424,0.486,0.38,0.481","0.433,0.402,0.306,0.226,0.225,0.219,0.194,0.18","0.0649,0.0386,-0.111,-0.112,0.0325,0.0757,-0.17,-0.082","0.116,0,-0.116,-0.116,0,0.116,-0.116,-0.116","0.0485,0.0513,-0.107,-0.104,0,0.082,-0.152,-0.0848",0.404296875,0.3588564097881317,1,0.00936617236584425,0.013724958524107933
0,gate_proj,gptq,14336,5120,0,0.0020607130868094308,0.0014426776341029575,201.25712794350693,0.031579672258214606,593.77734375,419.6209716796875,4.740904808044434,13.659811019897461,7.126988410949707,23.04995346069336,0.5686814785003662,200.79885864257812,0.06419982016086578,"1646,3212,3108,1237,374,1681,4806,220,4296,3633,3975,1902,1573,297,756,3075",115.8702163696289,,,,,0,3.696326971054077,12.814476013183594,3.0355114936828613,9.518184661865234,"0.016,0.016,0.494,0.733,0.269,0.407,0.413,0.312",3003.09326171875,2745.0400390625,"214.3,214.3,1896,8871,2442,3859,3918,2611",11.608600616455078,9.74246883392334,"14.74,14.74,11.09,12.25,10.03,10.24,10.26,9.534","0.5488,0.5488,2.333,3.084,1.644,2.046,2.063,1.694","4.398,4.398,3.321,3.603,3.171,3.207,3.208,3.031",2270,0.012027272954583168,10570,0.10711776465177536,"1681,3212,1646,4311,1727,1150,852,3245",0.2875535488128662,0.483616441488266,0.4809221625328064,"1.22,1.27,0.874,1.09,1.33,1.28,1.41,1.2","2.23,1.83,1.28,0.548,0.501,0.492,0.485,0.47","-0.484,0.727,0.218,0.155,0.318,-0.0193,0.216,0.664","-0.415,0.623,0.208,0,0.415,0,0.208,0.623","-0.415,0.623,0.187,0.169,0.277,0,0.185,0.623",0.7265625,0.6227679252624512,4,0.18034429848194122,0.5821759700775146
0,up_proj,gptq,14336,5120,0,0.002050917489188058,0.0014216014317103795,166.92285786622188,0.028729060918301828,518.129638671875,361.9892578125,4.347496032714844,10.89942741394043,6.159703731536865,18.01622772216797,0.5686814785003662,166.9107666015625,0.04752558097243309,"1646,3108,3212,1237,374,1681,4806,220,4296,3633,1902,297,3975,1573,442,4649",115.8702163696289,,,,,0,3.183074712753296,9.896905899047852,2.7201321125030518,7.309267044067383,"0.019,0.019,0.423,0.780,0.333,0.499,0.512,0.397",3003.09326171875,2745.0400390625,"214.3,214.3,1896,8871,2442,3859,3918,2611",11.608600616455078,9.74246883392334,"14.74,14.74,11.09,12.25,10.03,10.24,10.26,9.534","0.5359,0.5359,1.958,2.898,1.554,1.946,1.962,1.615","3.9,3.9,3.011,3.281,2.693,2.753,2.744,2.562",2270,0.002058495068922639,10570,0.015340711921453476,"1681,3212,1646,4311,1727,1150,852,3245",0.20248934626579285,0.5618460774421692,0.6133597493171692,"0.642,0.616,0.726,0.858,0.967,0.985,0.887,0.542","2.23,1.83,1.28,0.548,0.501,0.492,0.485,0.47","-0.0479,0.0386,-0.297,0.00339,-0.113,-0.00528,-0.0114,0.0269","0,0,-0.323,0,-0.108,0,0,0.108","-0.0363,0.0371,-0.254,0,-0.109,0,0,0.0371",0.376953125,0.4308035969734192,1,0.07049193978309631,0.12851160764694214
0,down_proj,gptq,5120,14336,0,0.0019794191632952008,0.0014140946524483816,2211.3131514862735,0.37775826662466166,1201.2686767578125,349.8639221191406,27.834285736083984,88.76365661621094,464.94232177734375,1464.0284423828125,1.0,881.3827514648438,0.9998721480369568,"13708,8090,6001,4563,13609,862,7461,14026,9054,4291,13225,2270,9699,10570,11244,4018",14220.2958984375,,,,,0,3.2682383060455322,9.675442695617676,274.5220947265625,872.6394653320312,"0.038,0.038,60.137,7.814,7.528,7.459,4.102,18.704",235.10414123535156,141.66720581054688,"216.5,216.5,616.2,256.1,132.1,166.2,158.1,119.2",10.325969696044922,46.28533935546875,"35.29,35.29,3.624,2.171,1.524,1.675,1.602,1.422","1.21,1.21,4.474,0.9634,0.67,0.7369,0.527,1","6.193,6.193,0.577,0.3446,0.2442,0.2698,0.2602,0.2313",3448,0.5875166654586792,1268,0.006307981442660093,"14013,11898,4332,8104,5570,7461,815,3316",0.06026759743690491,0.4953857362270355,0.5335693359375,"0.611,0.559,0.639,0.552,0.56,0.491,0.526,0.503","0.206,0.179,0.176,0.165,0.158,0.143,0.138,0.134","-0.104,0.0273,-0.0271,-0.026,0.084,-0.0581,-0.0427,-0.00458","0,0,0,-0.204,0,-0.817,0,1.35","-0.0896,0.0213,-0.0347,0,0.0938,-0.0689,0,0",0.71484375,6.25471830368042,1,0.5135573744773865,0.01607050560414791
1,q_proj,gptq,4096,5120,0,0.0020444393157958984,0.0014883995056152344,90.35098308086856,0.028577471459738202,277.0716857910156,198.78195190429688,15.024165153503418,210.2332000732422,18.030038833618164,132.720458984375,0.9494706988334656,89.84300231933594,0.1603311151266098,"1226,3212,3245,2929,3448,476,4101,4263,2021,4673,2594,1682,4938,402,3371,926",1403.382568359375,,,,,0,9.636693954467773,64.60121154785156,7.815182209014893,78.3973617553711,"0.921,0.921,0.235,0.179,0.085,0.124,0.123,0.096",1000.117919921875,1010.2081298828125,"164.8,164.8,418.1,1697,1176,1541,1677,1163",36.08972930908203,42.856544494628906,"12.6,12.6,26.21,43.19,50.62,47.12,49.66,46.71","2.662,2.662,2.581,3.775,3.021,3.395,3.549,2.959","2.774,2.774,5.327,8.914,10.35,9.647,10.11,9.545",3200,0.002949584973976016,165,0.007293174508959055,"3245,476,2929,3212,4101,4709,4263,1226",1.9971140623092651,0.5045166015625,0.542816162109375,"0.54,0.981,0.6,0.703,0.594,0.499,1.04,0.745","27.6,16.1,15.4,15.1,12.8,5.86,5.3,4.6","0.0112,0.00687,-0.0128,0.00491,0.00946,0.0061,0.00427,0.00134","0,0,0,0,0,0,0,0","0.00949,0.0105,-0.0101,0.00949,0.00886,0.00949,0,0",0.458984375,0.3934152126312256,1,0.1640509068965912,0.24113862216472626
1,k_proj,gptq,1024,5120,0,0.002032470703125,0.0014760971069335937,49.97101899796533,0.03811513644690628,128.5707550048828,88.75697326660156,7.771295547485352,86.73440551757812,9.956089973449707,52.51910400390625,0.9494706988334656,49.63661193847656,0.18282391130924225,"3448,3212,1226,476,3245,2929,4101,4673,4263,2021,1682,2594,4938,402,926,4849",1403.382568359375,,,,,0,5.408880233764648,25.285234451293945,4.185129165649414,30.897001266479492,"0.955,0.955,0.388,0.244,0.119,0.168,0.163,0.132",1000.117919921875,1010.2081298828125,"164.8,164.8,418.1,1697,1176,1541,1677,1163",36.08972930908203,42.856544494628906,"12.6,12.6,26.21,43.19,50.62,47.12,49.66,46.71","2.232,2.232,1.966,2.74,2.194,2.454,2.54,2.156","2.284,2.284,3.158,5.547,6.355,5.991,6.295,5.933",164,0.004236982669681311,423,0.0316360667347908,"3245,476,2929,3212,4101,4709,4263,1226",2.3398540019989014,0.607421875,0.5712890625,"0.315,0.462,0.336,0.404,0.388,0.403,0.415,0.407","27.6,16.1,15.4,15.1,12.8,5.86,5.3,4.6","0.00504,-0.0449,0.00436,0.00129,0.00583,0.0135,-0.0197,0.000946","0,-0.0525,0,0,0,0.0262,-0.0262,0","0,-0.0523,0,0,0,0.0233,-0.0183,0",0.095703125,0.1049107164144516,1,0.14281727373600006,0.26328426599502563
1,v_proj,gptq,1024,5120,0,0.0020288467407226563,0.0014818191528320312,4.090511479009813,0.01787394087080347,17.594318389892578,14.29985237121582,0.7775968909263611,5.742534637451172,0.7530421018600464,3.7376277446746826,0.9494706988334656,4.062443733215332,0.10630303621292114,"3212,4101,1226,2594,4673,476,1682,4263,2929,926,4849,3304,402,3379,3371,1433",1403.382568359375,,,,,0,0.3829963207244873,1.8044766187667847,0.37620240449905396,2.166922092437744,"0.724,0.724,0.324,0.263,0.162,0.210,0.207,0.172",1000.117919921875,1010.2081298828125,"164.8,164.8,418.1,1697,1176,1541,1677,1163",36.08972930908203,42.856544494628906,"12.6,12.6,26.21,43.19,50.62,47.12,49.66,46.71","0.2131,0.2131,0.4686,0.8139,0.6832,0.7569,0.7874,0.6569","0.2505,0.2505,0.8233,1.586,1.696,1.654,1.73,1.586",847,0.004283150192350149,606,0.010994330048561096,"3245,476,2929,3212,4101,4709,4263,1226",0.9839237332344055,0.8731689453125,0.95849609375,"0.0226,0.0397,0.0315,0.0554,0.0472,0.0457,0.0455,0.0335","27.6,16.1,15.4,15.1,12.8,5.86,5.3,4.6","-0.000877,-0.00179,0.000114,-0.00189,-0.000269,9.06e-05,0.0016,-0.00203","0,0,0,0,0,0,0,0","0,0,0,0,0,0,0,0",0.03173828125,0.03272711858153343,1,0.044709984213113785,0.08236765116453171
1,o_proj,gptq,5120,4096,0,0.0021115779876708985,0.001473855972290039,43.86947822866978,0.03989902813916578,116.02263641357422,65.37116241455078,0.012996573001146317,0.039691127836704254,0.027580130845308304,0.08182565867900848,0.7656798362731934,43.730865478515625,0.08019881695508957,"858,1977,1721,730,1593,1506,1122,732,986,679,860,807,935,2100,668,1378",47.900428771972656,,,,,0,0.010135154239833355,0.025234287604689598,0.014328021556138992,0.03943462669849396,"0.036,0.036,0.367,0.380,0.442,0.460,0.483,0.472",2974.933349609375,4176.01318359375,"83.13,83.13,4821,4800,3597,3780,3137,3500",1.2056552171707153,1.4256527423858643,"0.6585,0.6585,1.42,1.52,1.382,1.421,1.269,1.317","0.01617,0.01617,0.1092,0.1182,0.1167,0.1229,0.1131,0.1146","0.08537,0.08537,0.1804,0.1917,0.1756,0.1812,0.1628,0.1669",3448,0.011745871044695377,3448,0.007138757035136223,"919,3398,3415,3435,535,2162,3400,3526",0.13982513546943665,0.35087892413139343,0.33195802569389343,"0.466,0.478,0.471,0.521,0.436,0.47,0.548,0.591","0.138,0.124,0.114,0.109,0.106,0.0994,0.0988,0.0928","0.000858,-0.0337,0.0164,0.125,-0.0201,0.0383,-0.00909,-0.135","0,0,0,0.135,0,0.0949,0,-0.19","0,-0.0405,0,0.121,-0.028,0.0276,0,-0.133",0.33203125,0.30455073714256287,1,0.012649072334170341,0.014837665483355522
1,gate_proj,gptq,14336,5120,0,0.0020673206874302456,0.0014279638017926897,171.51515972451307,0.025975801370170058,556.397216796875,385.5274963378906,11.535407066345215,26.12582778930664,12.60313606262207,24.01790428161621,0.9279206991195679,171.38180541992188,0.08328588306903839,"3357,3212,3732,2614,634,1702,14,4716,2594,4296,3746,3304,2507,5044,3975,1561",260.80328369140625,,,,,0,6.167871952056885,12.854227066040039,6.433322906494141,11.29153060913086,"0.051,0.051,0.442,0.679,0.538,0.642,0.669,0.579",2341.409912109375,2319.864501953125,"208.2,208.2,876.6,4303,2873,3630,3887,2745",12.838250160217285,11.963703155517578,"12.32,12.32,10.05,14.48,13.46,13.66,13.9,12.52","0.772,0.772,1.852,3.296,2.738,3.049,3.152,2.67","3.426,3.426,2.786,4,3.732,3.806,3.855,3.51",1261,0.0021402037236839533,1261,0.0035419543273746967,"3357,3212,3732,476,634,4849,4101,645",0.16976653039455414,0.3954642415046692,0.4312831461429596,"0.776,1.26,0.551,1.12,0.924,1.04,1.06,1.14","2.5,2.05,1.07,1.01,0.786,0.69,0.635,0.608","0.0205,0.301,0.00824,0.262,0.0776,0.0854,0.32,-0.0266","0,0.275,0,0.275,0.0915,0.0915,0.275,0","0.034,0.258,0,0.224,0.0533,0.0732,0.275,-0.0202",0.3203125,0.2745535671710968,6,0.12665410339832306,0.2221132516860962
1,up_proj,gptq,14336,5120,0,0.0020585877554757256,0.0014076777866908483,147.46758588406374,0.02532639945869044,485.5981750488281,337.372802734375,10.141195297241211,22.598175048828125,10.912408828735352,20.805828094482422,0.9279206991195679,147.43328857421875,0.06997467577457428,"3357,3732,3212,2614,634,1702,14,2594,4716,3304,4296,3746,2507,5044,4605,3975",260.80328369140625,,,,,0,5.383984565734863,11.181941986083984,5.574449062347412,9.748533248901367,"0.047,0.047,0.422,0.689,0.539,0.652,0.676,0.585",2341.409912109375,2319.864501953125,"208.2,208.2,876.6,4303,2873,3630,3887,2745",12.838250160217285,11.963703155517578,"12.32,12.32,10.05,14.48,13.46,13.66,13.9,12.52","0.6936,0.6936,1.684,3.1,2.559,2.86,2.949,2.499","3.206,3.206,2.591,3.735,3.486,3.541,3.586,3.268",6956,0.0007574391202069819,9706,0.0013312466908246279,"3357,3212,3732,476,634,4849,4101,645",0.1386757344007492,0.490025132894516,0.596505343914032,"0.643,0.627,0.633,0.682,0.792,0.822,0.62,0.999","2.5,2.05,1.07,1.01,0.786,0.69,0.635,0.608","-0.0175,-0.00351,-0.402,-0.0115,-0.0996,0.0113,-0.0167,-0.00537","0,0,-0.345,0,-0.115,0,-0.115,0","-0.0227,-0.00387,-0.345,-0.0131,-0.0854,0.00968,-0.0143,-0.00607",0.40234375,0.3448660969734192,1,0.07041534781455994,0.09769582748413086
1,down_proj,gptq,5120,14336,0,0.002013192858014788,0.0014112336294991629,268.5154212546113,0.04593441316674834,619.8831787109375,344.22503662109375,0.05063946545124054,0.12518128752708435,0.0872473418712616,0.14854280650615692,0.8492600321769714,268.5164794921875,0.0766582116484642,"1219,1261,6956,67,9706,2341,9081,11118,11841,13056,5921,3257,7115,8352,3747,8824",270.88946533203125,,,,,0,0.04112132266163826,0.08154188841581345,0.041385356336832047,0.053292617201805115,"0.034,0.034,0.168,0.705,0.717,0.866,1.025,0.858",8425.1796875,8900.7705078125,"202.9,202.9,2507,1.203e+04,1.137e+04,1.29e+04,1.653e+04,1.166e+04",1.6868815422058105,1.3963018655776978,"1.453,1.453,2.284,1.738,1.733,1.638,1.676,1.521","0.04724,0.04724,0.1656,0.2398,0.2316,0.2435,0.2722,0.2292","0.256,0.256,0.4036,0.2855,0.2736,0.2616,0.2689,0.2475",3448,0.004926856607198715,3448,0.008716064505279064,"1219,19,3252,10738,8909,14110,12802,6956",0.33604198694229126,0.3887939453125,0.40520021319389343,"0.575,0.652,0.584,0.612,0.591,0.649,0.633,0.467","0.308,0.288,0.234,0.182,0.181,0.176,0.158,0.139","0.232,0.0583,0.0332,0.0674,-0.0442,0.00311,0.021,0.167","0.2,0.0404,0.0321,0.0999,0,0,0.0282,0.2","0.213,0.0653,0.0234,0.0848,-0.0488,0,0.0285,0.204",0.36328125,0.3995535969734192,1,0.01625671237707138,0.025543102994561195
2,q_proj,gptq,4096,5120,0,0.0020366191864013674,0.0014657020568847657,84.4896805197842,0.026922609004018758,268.80230712890625,188.700439453125,15.945220947265625,211.15426635742188,22.800914764404297,161.5088653564453,0.9675315618515015,84.11541748046875,0.29047122597694397,"3212,4938,3245,1226,476,2594,4101,1320,2929,4849,402,634,4263,1532,2523,138",1550.1085205078125,,,,,0,10.262868881225586,75.35366821289062,9.934589385986328,93.56559753417969,"0.861,0.861,0.215,0.157,0.094,0.115,0.119,0.101",1206.9058837890625,1313.6923828125,"174.6,174.6,616.1,1966,1543,1791,1918,1472",37.813682556152344,46.047542572021484,"9.902,9.902,31.03,48.66,53.42,49.92,51.02,48.65","2.113,2.113,2.978,4.06,3.396,3.528,3.664,3.229","2.277,2.277,6.423,10.23,11.05,10.4,10.63,10.16",1992,0.002227953402325511,3495,0.008686782792210579,"3245,3212,476,4101,2929,4709,4849,2523",2.2000346183776855,0.46868896484375,0.459991455078125,"0.581,0.886,1.07,0.659,0.618,0.501,0.943,1.04","29.5,19.5,17.2,15.7,14.8,6.83,6.27,5.18","-0.0101,0.0123,-0.0121,-0.0128,0.00601,-0.017,-0.0151,-0.0024","0,0,0,0,0.0292,-0.0292,-0.0292,0","-0.00739,0.0148,-0.0162,-0.00942,0.00781,-0.0144,-0.0133,0",0.10205078125,0.0874720960855484,1,0.16027876734733582,0.11036416888237
2,k_proj,gptq,1024,5120,0,0.0020420074462890623,0.0014736175537109375,43.8692220198105,0.03471883087385432,119.04743957519531,79.95088195800781,7.501834869384766,97.81693267822266,11.814800262451172,72.31040954589844,0.9675315618515015,43.38902282714844,0.3183615505695343,"3212,4938,2594,1226,476,1320,3245,4101,2929,4849,634,402,1532,2523,2646,4263",1550.1085205078125,,,,,0,5.369167804718018,33.4993896484375,4.911370277404785,41.977638244628906,"0.825,0.825,0.246,0.184,0.103,0.130,0.131,0.110",1206.9058837890625,1313.6923828125,"174.6,174.6,616.1,1966,1543,1791,1918,1472",37.813682556152344,46.047542572021484,"9.902,9.902,31.03,48.66,53.42,49.92,51.02,48.65","1.859,1.859,2.177,2.857,2.366,2.464,2.547,2.232","2.047,2.047,4.389,6.664,7.39,6.831,7.029,6.728",1003,0.006842045113444328,549,0.021397700533270836,"3245,3212,476,4101,2929,4709,4849,2523",2.546037197113037,0.5064697265625,0.4241943359375,"0.396,0.554,0.594,0.505,0.417,0.473,0.628,0.582","29.5,19.5,17.2,15.7,14.8,6.83,6.27,5.18","-0.000534,0.00115,0.0104,-0.00375,-0.00565,-0.0065,-0.0219,-0.0135","0,0,0,0,0,0,-0.0324,0","0,0,0,0,0,0,-0.0147,-0.0168",0.11328125,0.1294642984867096,1,0.1957225352525711,0.21059533953666687
2,v_proj,gptq,1024,5120,0,0.0020168304443359377,0.0014425277709960937,5.2614688537832945,0.017343939422977083,22.82463836669922,17.964059829711914,1.2208836078643799,6.474412441253662,1.3418593406677246,4.944332599639893,0.9675315618515015,5.2182817459106445,0.15499445796012878,"3212,4938,2594,1320,4849,402,1226,1532,634,138,4101,3371,2646,926,476,3304",1550.1085205078125,,,,,0,0.6248543858528137,2.3112168312072754,0.668821394443512,2.7552361488342285,"0.897,0.897,0.346,0.305,0.208,0.268,0.285,0.240",1206.9058837890625,1313.6923828125,"174.6,174.6,616.1,1966,1543,1791,1918,1472",37.813682556152344,46.047542572021484,"9.902,9.902,31.03,48.66,53.42,49.92,51.02,48.65","0.2505,0.2505,0.64,1.016,0.8959,0.9542,0.9851,0.8648","0.2645,0.2645,1.089,1.841,1.966,1.842,1.845,1.765",946,0.005407620687037706,348,0.01022020447999239,"3245,3212,476,4101,2929,4709,4849,2523",1.1079756021499634,0.8626708984375,0.9307861328125,"0.0253,0.0645,0.0361,0.0413,0.0329,0.0456,0.101,0.0571","29.5,19.5,17.2,15.7,14.8,6.83,6.27,5.18","0.00252,0.00534,0.00233,0.00079,-0.00394,0.000278,0.00319,0.000542","0,0.00935,0,0,-0.00935,0,0,0","0.00471,0.00471,0,0,-0.00471,0,0.00488,0",0.03271484375,0.0373883955180645,1,0.06587962061166763,0.047887302935123444
2,o_proj,gptq,5120,4096,0,0.0020809173583984375,0.0014458179473876953,47.1559271525648,0.03738458941924128,129.1132049560547,74.95909881591797,0.02963637374341488,0.09384533762931824,0.06507474184036255,0.16354861855506897,0.7807216644287109,47.0206298828125,0.051312245428562164,"1082,1775,525,1032,1160,2031,1288,2950,3200,1903,1466,1338,1548,1951,1210,134",59.37622833251953,,,,,0,0.01820717751979828,0.04875217750668526,0.030751168727874756,0.07617639005184174,"0.030,0.030,0.357,0.396,0.410,0.395,0.467,0.459",2303.049072265625,3937.45849609375,"75.49,75.49,4465,3790,2428,2186,2466,2939",1.4704558849334717,1.7910717725753784,"0.8893,0.8893,1.805,1.841,1.61,1.488,1.56,1.68","0.02423,0.02423,0.1563,0.1696,0.1481,0.1353,0.155,0.1644","0.1393,0.1393,0.2615,0.2694,0.2313,0.2152,0.2267,0.2428",3448,0.006258199457079172,3448,0.03309042379260063,"4,260,132,388,1082,1466,1932,1548",0.17376819252967834,0.5046631097793579,0.550610363483429,"0.457,0.457,0.447,0.445,0.448,0.299,0.641,0.452","0.211,0.211,0.211,0.21,0.171,0.167,0.159,0.141","0.301,0.303,0.295,0.297,0.0294,-0.0476,0.137,0.11","0.275,0.275,0.275,0.275,0,0,0.0915,0.0915","0.258,0.259,0.253,0.254,0.0206,-0.0497,0.117,0.103",0.3203125,0.3660714328289032,1,0.011716683395206928,0.042079947888851166
2,gate_proj,gptq,14336,5120,0,0.0020559038434709823,0.00143890380859375,150.0428462140917,0.02186366766344631,547.76611328125,406.985107421875,25.823572158813477,58.998313903808594,82.72708129882812,175.9021453857422,0.7880740165710449,150.00656127929688,0.2014470100402832,"3357,3732,2614,3212,984,3382,2594,308,4296,138,3304,1268,4716,692,4806,4001",2024.1990966796875,,,,,0,31.03733253479004,113.29013061523438,31.696208953857422,44.70493698120117,"0.067,0.067,0.971,0.903,0.629,0.747,0.731,0.635",2265.39501953125,2408.151123046875,"211.1,211.1,1281,3828,2890,3310,3634,2758",41.42057418823242,26.208087921142578,"85.45,85.45,52.15,24.66,21.96,20.43,19.72,21.55","4.676,4.676,9.258,6.132,4.439,4.634,4.585,4.366","18.13,18.13,9.396,6.453,5.598,5.362,5.361,5.478",4471,0.006091545335948467,7018,0.008224536664783955,"3357,3732,3212,476,4849,4101,3382,2112",0.27852845191955566,0.4951695203781128,0.5283726453781128,"0.31,0.372,1.3,1.19,1.07,1.08,0.898,1.14","9.18,3.52,2.32,1.49,1.25,1.25,1.13,0.85","0.0981,0.167,0.247,0.155,0.00879,0.123,-0.196,0.0167","0.0706,0.212,0.212,0.141,0,0.212,-0.141,0","0.112,0.143,0.212,0.159,0.0149,0.105,-0.168,0.0176",0.2470703125,0.2117745727300644,9,0.34648314118385315,0.29013797640800476
2,up_proj,gptq,14336,5120,0,0.002054241725376674,0.0014069693429129464,121.45474598833243,0.02093859083454788,457.7423400878906,341.47650146484375,21.59823226928711,48.65319061279297,62.83283996582031,139.09828186035156,0.7880740165710449,121.3839111328125,0.17959703505039215,"3357,3732,2614,3212,3382,984,2594,308,4296,138,3304,1268,4716,14,692,4001",2024.1990966796875,,,,,0,22.664104461669922,88.69869232177734,25.1461181640625,36.416038513183594,"0.037,0.037,0.925,0.885,0.633,0.747,0.738,0.634",2265.39501953125,2408.151123046875,"211.1,211.1,1281,3828,2890,3310,3634,2758",41.42057418823242,26.208087921142578,"85.45,85.45,52.15,24.66,21.96,20.43,19.72,21.55","3.072,3.072,8.072,5.454,4.044,4.218,4.196,3.973","15.92,15.92,8.39,5.798,5.084,4.881,4.884,4.99",7018,0.005398958455771208,7018,0.004235593602061272,"3357,3732,3212,476,4849,4101,3382,2112",0.24652215838432312,0.5392805337905884,0.6532157063484192,"0.289,0.305,0.769,0.722,0.829,0.659,0.782,0.959","9.18,3.52,2.32,1.49,1.25,1.25,1.13,0.85","-0.167,-0.0306,-0.0654,-0.000511,0.0317,0.0182,0.0615,-0.00025","-0.191,0,-0.0477,-0.0477,0.0477,0.143,0.0954,0","-0.191,-0.035,-0.0561,0,0.0272,0.0156,0.0477,0",0.1669921875,0.1908482164144516,1,0.2971252202987671,0.3308798670768738
2,down_proj,gptq,5120,14336,0,0.0019591331481933595,0.0014063426426478795,189.18883832779647,0.03250377720648876,430.36126708984375,345.0919189453125,1.1283776760101318,75.61402130126953,22.891571044921875,3819.71728515625,0.9992756247520447,55.067378997802734,0.9876431822776794,"5984,5477,4471,9764,2665,2919,6299,5261,7018,5524,12057,4821,14075,6510,4853,5862",13430.140625,,,,,0,13.208517074584961,3716.990966796875,4.293248176574707,67.90104675292969,"0.003,0.003,4.133,2.726,3.295,2.886,2.547,1.483",495.1706848144531,317.6986389160156,"217.2,217.2,1492,442.3,459.9,371.3,394,367.4",240.1304931640625,14.963297843933105,"938.8,938.8,27.77,2.834,3.068,2.718,2.606,4.358","6.189,6.189,5.026,0.747,0.8702,0.7182,0.6504,1.241","121.9,121.9,2.472,0.4524,0.4794,0.4228,0.4075,1.019",3448,0.4681069552898407,3357,0.03471095487475395,"5634,2919,11022,14128,7899,10909,195,4915",1.2991468906402588,0.4620605409145355,0.485107421875,"0.619,0.656,0.584,0.633,0.642,0.627,0.554,0.64","0.528,0.387,0.353,0.317,0.279,0.277,0.249,0.246","0.021,0.0123,-0.539,0.00546,-0.0112,-0.0212,0.00598,0.00491","0.0574,0.68,-0.906,0,0,-0.0824,0.227,0","0.0236,0.0149,-0.462,0,-0.0204,-0.0176,0,0",0.79296875,1.9592039585113525,1,0.595361590385437,0.048434074968099594
3,q_proj,gptq,4096,5120,0,0.002029895782470703,0.0014814376831054688,110.48770668285624,0.037896499426891946,284.1911926269531,184.72784423828125,45.23406219482422,297.34039306640625,57.040283203125,212.0433349609375,0.9718130826950073,109.97062683105469,0.20129314064979553,"3212,2594,4938,3245,4101,138,4296,4849,4311,1226,476,4001,4716,4263,2593,3304",1308.900390625,,,,,0,28.865232467651367,98.3858871459961,26.207870483398438,122.32650756835938,"0.962,0.962,0.956,0.269,0.195,0.228,0.227,0.206",1320.6402587890625,1529.126953125,"96.45,96.45,366.8,2114,1872,2021,2274,1724",44.14842987060547,54.486446380615234,"13.82,13.82,24.97,58.51,61.4,60.11,63.53,57.03","3.035,3.035,7.224,6.031,5.396,5.674,5.937,5.232","3.095,3.095,7.39,11.62,12.23,11.88,12.45,11.52",1773,0.005893857683986425,2855,0.007370989769697189,"3245,3212,4101,476,2929,4849,4311,2523",0.8939491510391235,0.45709228515625,0.515838623046875,"0.506,0.811,0.564,0.917,0.512,0.748,0.833,0.774","30.8,17.1,15.6,15.2,11.3,9.57,9.18,7.89","-0.00534,-0.0251,-0.000736,-0.0212,-0.00867,0.0259,0.0231,0.0083","0,-0.0324,0,-0.0324,0,0.0324,0.0324,0.0324","0,-0.0171,0,-0.0276,0,0.0282,0.0304,0.00991",0.11328125,0.1294642984867096,1,0.41425642371177673,0.17056049406528473
3,k_proj,gptq,1024,5120,0,0.002013969421386719,0.0014556884765625,47.643407302127635,0.043394525948119066,113.52944946289062,71.96014404296875,18.704753875732422,112.82632446289062,22.516756057739258,77.39479064941406,0.9718130826950073,47.44270706176758,0.19980467855930328,"3212,2594,4938,3245,4296,3024,4101,4849,1226,138,4311,476,4001,3304,4716,4806",1308.900390625,,,,,0,10.997085571289062,34.79009246826172,10.816861152648926,45.422645568847656,"1.097,1.097,1.087,0.299,0.231,0.264,0.263,0.233",1320.6402587890625,1529.126953125,"96.45,96.45,366.8,2114,1872,2021,2274,1724",44.14842987060547,54.486446380615234,"13.82,13.82,24.97,58.51,61.4,60.11,63.53,57.03","1.94,1.94,3.71,3.851,3.531,3.663,3.827,3.364","1.852,1.852,3.559,7.049,7.341,7.13,7.463,6.977",426,0.010188484564423561,167,0.0253723356872797,"3245,3212,4101,476,2929,4849,4311,2523",0.8654097318649292,0.4974365234375,0.49072265625,"0.321,0.468,0.442,0.519,0.332,0.452,0.404,0.438","30.8,17.1,15.6,15.2,11.3,9.57,9.18,7.89","-0.00357,-0.000599,-0.0128,-0.0195,0.00291,-0.0187,-0.00507,0.00732","0,0,-0.0215,-0.0215,0,-0.0215,0,0","0,0,-0.0102,-0.0146,0,-0.0215,0,0.0123",0.1318359375,0.11723323166370392,3,0.35642966628074646,0.37039512395858765
3,v_proj,gptq,1024,5120,0,0.002073860168457031,0.0014963150024414062,4.341999485750755,0.01796482622438706,18.22831916809082,14.219221115112305,2.474824905395508,12.963046073913574,2.3065733909606934,8.634788513183594,0.9718130826950073,4.3368754386901855,0.09536205977201462,"3212,2594,4938,3245,138,4101,4849,4296,1226,4001,3024,2825,3304,4806,1573,317",1308.900390625,,,,,0,1.0813251733779907,3.9773709774017334,1.2450281381607056,5.002571105957031,"0.661,0.661,0.576,0.290,0.219,0.269,0.276,0.250",1320.6402587890625,1529.126953125,"96.45,96.45,366.8,2114,1872,2021,2274,1724",44.14842987060547,54.486446380615234,"13.82,13.82,24.97,58.51,61.4,60.11,63.53,57.03","0.329,0.329,0.653,1.309,1.201,1.28,1.345,1.185","0.4045,0.4045,0.8603,2.43,2.566,2.469,2.561,2.368",850,0.0052006845362484455,890,0.008032313548028469,"3245,3212,4101,476,2929,4849,4311,2523",0.279593825340271,0.6759033203125,0.8956298828125,"0.0253,0.0957,0.0532,0.0433,0.0366,0.116,0.0544,0.0642","30.8,17.1,15.6,15.2,11.3,9.57,9.18,7.89","-0.00032,0.00157,0.000977,-9.78e-05,0.00131,0.000406,-0.000303,-0.000307","0,0.0023,0,0,0.0023,0,0,0","0,0,0,0,0,0,0,0",0.035400390625,0.03366092965006828,1,0.08664529770612717,0.07693073153495789
3,o_proj,gptq,5120,4096,0,0.0020837306976318358,0.0014693260192871094,41.1044184153626,0.03686614393975711,113.55532836914062,65.14982604980469,0.06044831499457359,0.18704873323440552,0.07830458134412766,0.21945101022720337,0.7717110514640808,40.94820785522461,0.07718667387962341,"2650,788,3034,532,1110,1366,916,1494,1926,660,1238,2906,900,528,2778,3466",49.3965950012207,,,,,0,0.02656729705631733,0.08243072032928467,0.05741134658455849,0.14977076649665833,"0.016,0.016,0.298,0.279,0.464,0.446,0.486,0.381",1263.828369140625,3078.924072265625,"49.17,49.17,2087,365.6,1539,1503,951.1,3567",1.939563512802124,2.540036678314209,"1.76,1.76,2.432,1.295,1.989,1.959,1.727,2.595","0.03033,0.03033,0.2019,0.08779,0.1869,0.1827,0.158,0.2626","0.237,0.237,0.3699,0.1663,0.2744,0.2736,0.2265,0.4257",3448,0.010287958197295666,3448,0.019297774881124496,"2778,3034,2650,2906,788,660,3082,2310",0.226738840341568,0.3505615293979645,0.3390136659145355,"0.794,0.855,0.386,0.476,0.63,0.752,0.435,0.515","0.332,0.323,0.302,0.274,0.213,0.205,0.178,0.157","-0.22,0.441,0.213,-0.252,-0.235,0.0527,0.126,-0.0305","-0.252,0.378,0.252,-0.252,-0.252,0.126,0.126,0","-0.188,0.378,0.182,-0.228,-0.202,0.0455,0.108,-0.0247",0.44140625,0.3783482313156128,2,0.018952524289488792,0.03811860829591751
3,gate_proj,gptq,14336,5120,0,0.00203467777797154,0.0014528955732073102,139.95064038361306,0.019488709533806537,555.14794921875,421.2729797363281,39.937225341796875,73.96493530273438,65.66288757324219,79.84371185302734,0.6006274223327637,139.71920776367188,0.07322078198194504,"3357,3212,2594,711,138,4849,3112,4656,4338,4605,3379,1059,3304,1702,1561,1277",54.95808029174805,,,,,0,38.68452072143555,43.752079010009766,25.492835998535156,35.425819396972656,"0.868,0.868,1.097,0.791,0.670,0.756,0.788,0.710",2190.106689453125,2573.182373046875,"83.63,83.63,467.5,3504,3166,3429,3845,2943",21.404476165771484,20.361980438232422,"11.55,11.55,40.09,21.08,22.09,21.61,22.4,20.85","3.095,3.095,12.02,5.461,5.229,5.443,5.744,5.112","3.323,3.323,11.47,6.14,6.387,6.258,6.47,6.066",2925,0.0006183447549119592,13115,0.0027940424624830484,"3212,3357,4849,476,4101,711,2112,1625",0.14263606071472168,0.3498186469078064,0.350498765707016,"1.27,1.01,1.27,1.3,1.23,1.09,1.19,1.21","2.94,2.14,2.04,1.56,1.52,1.44,0.969,0.921","0.0247,0.00729,0.01,0.0199,0.011,-0.00017,0.00439,0.00287","0.0268,0.00893,0.00893,0.0179,0.00893,0,0.00893,0","0.0272,0.00914,0.0125,0.0202,0.0108,0,0,0",0.054931640625,0.049103446304798126,1,0.13003461062908173,0.07493310421705246
3,up_proj,gptq,14336,5120,0,0.0020356178283691406,0.0014152935573032925,105.10364528791979,0.018758442565404595,429.12725830078125,328.67120361328125,31.18817138671875,57.28923416137695,46.67262649536133,61.866790771484375,0.6006274223327637,105.04877471923828,0.05885928124189377,"3357,3212,2594,138,711,4849,3112,4656,4338,4605,1059,3379,3304,1277,1561,4001",54.95808029174805,,,,,0,26.67710304260254,33.925865173339844,19.271163940429688,27.399333953857422,"0.693,0.693,0.867,0.788,0.669,0.757,0.793,0.706",2190.106689453125,2573.182373046875,"83.63,83.63,467.5,3504,3166,3429,3845,2943",21.404476165771484,20.361980438232422,"11.55,11.55,40.09,21.08,22.09,21.61,22.4,20.85","2.433,2.433,9.41,4.785,4.617,4.79,5.074,4.487","2.923,2.923,10.1,5.39,5.645,5.506,5.698,5.34",13972,0.00044987016008235514,13115,0.0007595948991365731,"3212,3357,4849,476,4101,711,2112,1625",0.11142630875110626,0.4366281032562256,0.5074288845062256,"0.816,0.807,0.781,0.772,0.687,0.845,0.968,0.904","2.94,2.14,2.04,1.56,1.52,1.44,0.969,0.921","-0.00259,0.000854,0.000595,-0.000828,-0.00418,0.00302,0.00119,-0.00507","0,0,0,0,0,0,0,-0.00868","0,0,0,0,0,0.00603,0,-0.00861",0.035400390625,0.0347377248108387,1,0.09792226552963257,0.05765821412205696
3,down_proj,gptq,5120,14336,0,0.001996190207345145,0.0014052391052246094,175.7268393703631,0.031257385608839096,516.2208251953125,335.4105224609375,0.3646382689476013,0.682827353477478,0.4741674065589905,1.390761375427246,0.7292420864105225,175.688720703125,0.05942115560173988,"8818,3003,4608,6262,6379,13957,11381,5119,13198,10474,5262,1877,6112,6546,10197,2204",115.51719665527344,,,,,0,0.2264421284198761,1.0202518701553345,0.2854379713535309,0.3477075695991516,"0.161,0.161,0.023,1.118,0.988,1.103,1.085,0.994",7537.66845703125,9725.3017578125,"119.4,119.4,3860,8674,1.139e+04,1.232e+04,1.307e+04,1.075e+04",4.599334716796875,3.5999679565429688,"0.9876,0.9876,16.95,3.007,3.771,3.654,3.84,3.597","0.06701,0.06701,0.3886,0.4991,0.5828,0.599,0.6178,0.5677","0.1671,0.1671,2.557,0.4721,0.5863,0.5704,0.5932,0.5695",3448,0.005815115291625261,3448,0.00827350839972496,"6331,12522,11034,10907,7805,3475,7297,4184",0.19125179946422577,0.33710938692092896,0.34575197100639343,"0.628,0.574,0.62,0.597,0.638,0.631,0.635,0.627","0.605,0.562,0.507,0.42,0.358,0.305,0.278,0.255","-0.00381,0.188,0.0184,0.0225,0.0128,0.00983,0.0187,-0.00702","0,0.187,0,0.0334,0,0,0,0","0,0.162,0.0331,0,0,0,0,0",0.625,0.7142857313156128,1,0.04444136470556259,0.0533304400742054
4,q_proj,gptq,4096,5120,0,0.0020259857177734376,0.0014758586883544921,75.01270797167672,0.02764755659788113,235.0415496826172,165.29278564453125,35.4086799621582,230.44705200195312,47.797821044921875,172.30087280273438,0.9447016716003418,74.77063751220703,0.27497896552085876,"3245,1320,4938,4101,4263,2594,402,476,3212,4311,138,2523,4849,1226,4605,1538",1359.24169921875,,,,,0,24.26967430114746,77.73849487304688,21.987497329711914,99.26957702636719,"0.870,0.870,1.177,0.228,0.206,0.223,0.228,0.215",1518.18115234375,1878.624755859375,"123.6,123.6,452.3,2275,2211,2315,2587,2058",40.51713562011719,49.0871467590332,"17.46,17.46,26.47,53.41,52.91,52.42,54.28,49.71","3.521,3.521,6.887,5.139,4.798,4.925,5.138,4.677","3.775,3.775,6.348,10.76,10.56,10.42,10.76,10.08",1572,0.002893383614718914,2789,0.010687925852835178,"3245,4101,476,2929,3212,4849,4311,2523",1.4118646383285522,0.503082275390625,0.46502685546875,"0.59,0.584,0.98,0.577,0.895,0.82,0.863,0.788","27.9,13.2,13.2,10.4,9.86,9.25,8.76,7.03","0.0349,0.0206,0.117,0.0216,0.00793,0.0125,-0.0806,-0.0444","0.0522,0,0.104,0,0,0,-0.0522,-0.0522","0.029,0.0236,0.1,0.0191,0.0145,0.0164,-0.104,-0.0381",0.1826171875,0.1565290242433548,2,0.2580598294734955,0.16866372525691986
4,k_proj,gptq,1024,5120,0,0.0020326614379882813,0.001485443115234375,32.97237233520718,0.029353755197582192,99.09221649169922,68.85603332519531,14.960960388183594,95.80518341064453,19.542682647705078,70.23149871826172,0.9447016716003418,32.83070373535156,0.28279033303260803,"3245,1320,4938,4101,2594,402,476,4263,138,4849,3212,2523,4605,1226,4311,2929",1359.24169921875,,,,,0,9.698525428771973,31.451276779174805,9.348451614379883,40.95318603515625,"0.803,0.803,1.199,0.237,0.208,0.235,0.242,0.227",1518.18115234375,1878.624755859375,"123.6,123.6,452.3,2275,2211,2315,2587,2058",40.51713562011719,49.0871467590332,"17.46,17.46,26.47,53.41,52.91,52.42,54.28,49.71","2.268,2.268,3.918,3.357,3.116,3.234,3.347,3.051","2.531,2.531,3.578,6.899,6.834,6.667,6.803,6.4",443,0.01079618465155363,488,0.019847309216856956,"3245,4101,476,2929,3212,4849,4311,2523",1.5320979356765747,0.483154296875,0.4068603515625,"0.383,0.512,0.64,0.359,0.529,0.519,0.484,0.45","27.9,13.2,13.2,10.4,9.86,9.25,8.76,7.03","-0.00516,0.00705,-0.019,0.000805,-0.0206,0.0131,0.00118,-0.00255","0,0,-0.0225,0,-0.0225,0.0225,0,0","0,0,-0.0181,0,-0.0199,0.0178,0,0",0.0908203125,0.1080680713057518,1,0.3237210214138031,0.2642694413661957
4,v_proj,gptq,1024,5120,0,0.002058601379394531,0.0014501571655273437,5.509197945799315,0.017792284959774588,23.387409210205078,18.111379623413086,3.375922203063965,11.464893341064453,3.297069549560547,7.978681564331055,0.9447016716003418,5.492280960083008,0.10541003197431564,"2594,402,138,4938,3212,4849,1320,3245,4263,4101,2523,4605,1226,4311,2646,476",1359.24169921875,,,,,0,1.525660514831543,3.61053204536438,1.8212521076202393,4.656963348388672,"0.786,0.786,0.755,0.419,0.367,0.406,0.422,0.399",1518.18115234375,1878.624755859375,"123.6,123.6,452.3,2275,2211,2315,2587,2058",40.51713562011719,49.0871467590332,"17.46,17.46,26.47,53.41,52.91,52.42,54.28,49.71","0.4409,0.4409,0.9102,1.501,1.451,1.489,1.56,1.406","0.4973,0.4973,1.048,2.319,2.396,2.336,2.401,2.225",21,0.005956690758466721,463,0.011176361702382565,"3245,4101,476,2929,3212,4849,4311,2523",0.4347204864025116,0.8043212890625,0.906005859375,"0.0324,0.054,0.0512,0.0441,0.1,0.0918,0.0488,0.0495","27.9,13.2,13.2,10.4,9.86,9.25,8.76,7.03","1.36e-05,7.34e-05,0.000706,0.00033,0.00143,-0.00137,0.000679,0.000161","0,0,0,0,0.00286,0,0,0","0,0,0,0,0,0,0,0",0.03955078125,0.0428888313472271,1,0.11200504750013351,0.08314403891563416
4,o_proj,gptq,5120,4096,0,0.0020989418029785157,0.0014423847198486329,47.077960105666534,0.03594961469369773,132.66372680664062,76.45677185058594,0.13290998339653015,0.375859797000885,0.1387070119380951,0.3648970127105713,0.7843934893608093,46.96946716308594,0.04333961009979248,"1014,3762,758,3890,630,3634,2238,4018,1198,886,1254,3038,1510,1070,2106,1326",29.70197868347168,,,,,0,0.05331802740693092,0.1747228503227234,0.09396953880786896,0.19944913685321808,"0.022,0.022,0.286,0.290,0.367,0.361,0.443,0.484",1401.573486328125,2434.97119140625,"57.95,57.95,3933,759.4,1024,990.3,1300,3091",2.856275796890259,3.108309745788574,"2.311,2.311,5.345,2.304,2.416,2.398,2.527,3.237","0.04879,0.04879,0.3814,0.1736,0.1999,0.1969,0.2301,0.3384","0.3266,0.3266,0.7129,0.3221,0.33,0.3276,0.3458,0.4865",3448,0.012358362786471844,3448,0.04248504340648651,"3890,3762,758,3634,4018,630,1014,886",0.30997905135154724,0.35710451006889343,0.3432373106479645,"0.378,0.575,0.547,0.554,0.629,0.436,0.538,0.786","0.438,0.419,0.375,0.352,0.327,0.316,0.309,0.308","-0.0786,0.0403,0.102,0.188,0.332,-0.0923,-0.241,-0.191","-0.0949,0,0.0949,0.19,0.285,-0.0949,-0.285,-0.19","-0.0882,0.0336,0.0871,0.162,0.285,-0.0791,-0.207,-0.164",0.33203125,0.2845982313156128,3,0.02222375012934208,0.06801404803991318
4,gate_proj,gptq,14336,5120,0,0.002024568830217634,0.001471505846296038,139.17631988495668,0.018577789835061503,573.47607421875,444.404052734375,54.28973388671875,101.552490234375,72.55949401855469,89.14259338378906,0.2874622046947479,139.05078125,0.07180722057819366,"3357,2594,4849,138,711,3212,4656,3112,4338,1059,1320,4605,3371,2646,402,4716",68.07901000976562,,,,,0,36.258636474609375,42.1864013671875,35.68362045288086,47.84365463256836,"0.818,0.818,1.309,0.819,0.712,0.780,0.800,0.734",2222.795654296875,2801.500244140625,"99.3,99.3,504.5,3586,3252,3455,3770,3017",21.114919662475586,23.12912940979004,"11.39,11.39,24.85,24.04,24.58,24.24,25.05,23.38","3.077,3.077,8.426,6.485,6.154,6.356,6.631,5.987","3.401,3.401,7.363,7.167,7.291,7.198,7.415,6.988",1576,0.0006142829079180956,8940,0.0009008384658955038,"4849,3212,3357,476,4101,711,3245,3371",0.0829978957772255,0.302001953125,0.3053240180015564,"1.31,1.32,1.26,1.3,1.3,1.06,1.3,1.23","2.69,2.1,1.81,1.78,1.71,1.45,1.36,1.08","0.0226,0.0684,-0.0417,0.0645,0.0359,0.031,0.0645,-0.00458","0.0306,0.0611,-0.0306,0.0611,0.0306,0.0306,0.0611,0","0.0201,0.0661,-0.0343,0.0557,0.0399,0.0374,0.0661,0",0.12158203125,0.10110124200582504,3,0.15252810716629028,0.17672578990459442
4,up_proj,gptq,14336,5120,0,0.002038424355643136,0.001409435272216797,99.76106900982404,0.017914107901841395,422.6544189453125,331.624755859375,40.4161262512207,75.05421447753906,51.30119323730469,66.18937683105469,0.2874622046947479,99.66925048828125,0.05946885794401169,"3357,2594,4849,138,711,3212,4656,3112,1059,4338,1320,4605,3371,2646,402,3304",68.07901000976562,,,,,0,25.254709243774414,31.288700103759766,25.992259979248047,35.549285888671875,"0.670,0.670,1.030,0.823,0.720,0.783,0.800,0.733",2222.795654296875,2801.500244140625,"99.3,99.3,504.5,3586,3252,3455,3770,3017",21.114919662475586,23.12912940979004,"11.39,11.39,24.85,24.04,24.58,24.24,25.05,23.38","2.374,2.374,6.46,5.587,5.339,5.49,5.707,5.158","2.899,2.899,6.366,6.158,6.29,6.203,6.381,6.024",13373,0.0004344328190200031,5034,0.0007164113339968026,"4849,3212,3357,476,4101,711,3245,3371",0.06506744027137756,0.4493495523929596,0.5439104437828064,"0.805,0.879,0.821,0.798,0.731,0.883,0.585,0.933","2.69,2.1,1.81,1.78,1.71,1.45,1.36,1.08","0.0187,0.00232,-0.00193,0.0255,-0.00391,-0.0173,-0.0112,0.0142","0.0243,0,0,0.0243,0,-0.0243,-0.0243,0","0.016,0,0,0.0224,-0.00565,-0.0149,-0.0149,0.0122",0.0849609375,0.0728236585855484,2,0.11127129197120667,0.08442386984825134
4,down_proj,gptq,5120,14336,0,0.002005277361188616,0.0014046260288783482,162.31110055181296,0.029102613294791076,504.284912109375,337.5482177734375,0.5813899040222168,1.074945330619812,0.8262476325035095,0.872957170009613,0.21604761481285095,162.20379638671875,0.05552251264452934,"9669,11027,13685,9156,3484,560,2380,4717,10664,4918,9921,12253,11656,2759,9927,6730",88.79867553710938,,,,,0,0.36012011766433716,0.40446755290031433,0.5269030332565308,0.5102498531341553,"0.150,0.150,0.235,1.097,1.001,1.053,1.090,1.060",7781.11669921875,11449.5185546875,"171.9,171.9,2403,9291,1.27e+04,1.165e+04,1.395e+04,1.192e+04",3.875152587890625,4.485626697540283,"1.805,1.805,4.482,3.966,4.918,4.546,4.937,4.542","0.1101,0.1101,0.3355,0.6527,0.77,0.7327,0.8,0.7405","0.2843,0.2843,0.6924,0.6231,0.7696,0.714,0.7661,0.7193",3448,0.0037694836501032114,3448,0.0034871266689151525,"5220,7739,7746,9993,213,879,4498,6869",0.2903287708759308,0.33320313692092896,0.3360595703125,"0.613,0.63,0.593,0.591,0.614,0.609,0.625,0.626","1.73,0.5,0.381,0.333,0.328,0.316,0.293,0.279","-0.0195,0.0219,-0.00294,-0.085,-0.0303,-0.0154,0.0137,0.0101","-0.0282,0,0,-0.0865,-0.0361,0,0,0","-0.0301,0.0174,0,-0.0988,-0.0321,0,0.0201,0",0.4765625,0.4084821343421936,2,0.047277163714170456,0.04544889181852341
5,q_proj,gptq,4096,5120,0,0.0020195960998535155,0.001480865478515625,93.15571686613839,0.033929894015043496,254.86410522460938,170.92758178710938,47.935386657714844,267.8249816894531,62.949745178222656,190.4490966796875,0.9164384603500366,92.81889343261719,0.2376813292503357,"1320,3245,4938,4605,402,4101,2523,4263,4311,138,2594,1538,4849,3212,476,4296",1141.4019775390625,,,,,0,30.311243057250977,83.23397064208984,31.2841796875,111.19732666015625,"0.803,0.803,1.310,0.302,0.282,0.287,0.284,0.268",1537.9603271484375,1983.67626953125,"128.2,128.2,473.9,2270,2289,2334,2560,2121",43.76852035522461,53.75516891479492,"19.13,19.13,29.73,56.88,55.86,56.96,58.46,54","3.464,3.464,6.916,6.067,5.74,5.882,5.993,5.512","3.866,3.866,6.043,11.04,10.8,10.99,11.25,10.65",3769,0.003088271012529731,3367,0.005537811201065779,"3245,476,4101,4849,2929,1320,3212,2523",0.8590742349624634,0.471832275390625,0.48052978515625,"0.581,0.906,0.601,0.759,0.56,0.61,0.846,0.74","27.6,11.4,11.3,9.69,8.65,8.6,8.06,7.63","-0.00226,-0.002,0.00574,-0.00818,0.00671,-0.00455,-0.0172,-0.0282","0,0,0,0,0,0,-0.0193,-0.0193","0,0,0,-0.0117,0,0,-0.0181,-0.0303",0.076171875,0.06762199848890305,3,0.31898510456085205,0.19696393609046936
5,k_proj,gptq,1024,5120,0,0.002031898498535156,0.0014734268188476562,38.93657953580259,0.03842386576738239,99.03099060058594,65.14222717285156,19.157608032226562,99.86872863769531,24.88482666015625,70.45752716064453,0.9164384603500366,38.77900695800781,0.23360708355903625,"3245,1320,4605,4938,4101,402,2523,4263,4311,2594,138,4849,476,1538,3212,1226",1141.4019775390625,,,,,0,11.895397186279297,30.979063034057617,12.549522399902344,41.354896545410156,"0.765,0.765,1.241,0.336,0.310,0.307,0.315,0.292",1537.9603271484375,1983.67626953125,"128.2,128.2,473.9,2270,2289,2334,2560,2121",43.76852035522461,53.75516891479492,"19.13,19.13,29.73,56.88,55.86,56.96,58.46,54","2.149,2.149,4.06,3.903,3.645,3.737,3.839,3.495","2.458,2.458,3.644,6.738,6.552,6.745,6.845,6.466",442,0.008900088258087635,871,0.012048892676830292,"3245,476,4101,4849,2929,1320,3212,2523",0.894193708896637,0.460205078125,0.4156494140625,"0.367,0.636,0.499,0.503,0.388,0.373,0.47,0.479","27.6,11.4,11.3,9.69,8.65,8.6,8.06,7.63","0.00461,-0.00879,-0.00659,-0.00699,-0.00143,-0.00174,0.000793,-0.000189","0.00778,-0.00778,-0.00778,-0.00778,0,0,0,0","0,-0.0167,0,0,0,0,0,0",0.08447265625,0.09362970292568207,1,0.3438783884048462,0.18144717812538147
5,v_proj,gptq,1024,5120,0,0.0020664215087890627,0.0014339447021484374,4.931891033322245,0.01783892066983328,20.758995056152344,16.11516761779785,3.4435977935791016,14.075462341308594,3.562394618988037,9.847848892211914,0.9164384603500366,4.917176246643066,0.10041870176792145,"1320,3245,4938,4605,402,2523,4263,4101,138,2594,4311,4849,3212,1538,2646,476",1141.4019775390625,,,,,0,1.611588716506958,4.382596492767334,2.018040180206299,5.756432056427002,"0.569,0.569,0.621,0.356,0.324,0.358,0.379,0.348",1537.9603271484375,1983.67626953125,"128.2,128.2,473.9,2270,2289,2334,2560,2121",43.76852035522461,53.75516891479492,"19.13,19.13,29.73,56.88,55.86,56.96,58.46,54","0.4646,0.4646,0.9014,1.539,1.486,1.537,1.607,1.458","0.6162,0.6162,1.144,2.58,2.611,2.568,2.611,2.471",276,0.003991176839917898,915,0.006935806944966316,"3245,476,4101,4849,2929,1320,3212,2523",0.29430776834487915,0.6937255859375,0.8656005859375,"0.0367,0.0577,0.0698,0.11,0.055,0.0445,0.0932,0.0543","27.6,11.4,11.3,9.69,8.65,8.6,8.06,7.63","0.0012,1.66e-05,-0.00134,-0.00273,-0.00069,7.53e-05,0.000452,0.000866","0.00203,0,-0.00203,-0.00203,0,0,0,0","0,0,0,0,0,0,0,0",0.0322265625,0.0355580672621727,1,0.09390603005886078,0.11482307314872742
5,o_proj,gptq,5120,4096,0,0.0020969867706298827,0.0014536857604980468,42.72024902454996,0.03609552221412247,119.3494873046875,68.34550476074219,0.1377491056919098,0.4308502674102783,0.17767135798931122,0.42539530992507935,0.7578390836715698,42.61668395996094,0.05043147876858711,"1907,1651,1779,2035,2865,242,1537,370,3724,3022,114,2993,1793,143,2638,3156",31.39252281188965,,,,,0,0.07345536351203918,0.2062350958585739,0.10832278430461884,0.2268693447113037,"0.021,0.021,0.456,0.348,0.461,0.408,0.428,0.479",1682.2508544921875,2479.956298828125,"65.83,65.83,4221,976,1763,1453,1620,3293",3.4675822257995605,3.6202304363250732,"3.212,3.212,4.539,2.954,3.328,3.276,3.304,3.916","0.05914,0.05914,0.3957,0.2229,0.293,0.2685,0.2795,0.3719","0.4056,0.4056,0.586,0.3781,0.4314,0.4205,0.4274,0.5375",3448,0.009279620833694935,3448,0.011111868545413017,"1779,2035,1651,1907,114,242,271,2693",0.28296732902526855,0.33447265625,0.2870849668979645,"0.643,0.642,0.552,0.56,0.401,0.482,0.53,0.645","0.669,0.652,0.611,0.463,0.358,0.336,0.331,0.318","0.0289,-0.142,0.128,0.00476,-0.00812,0.0437,0.0356,-0.0136","0,-0.157,0.157,0,0,0.0787,0,0","0.0336,-0.129,0.11,0,0,0.041,0.0408,0",0.3125,0.37183794379234314,1,0.028224360197782516,0.04547196626663208
5,gate_proj,gptq,14336,5120,0,0.002029269082205636,0.0014790534973144532,133.18677670623583,0.017979014747328638,561.516845703125,441.7686767578125,68.42691802978516,129.47018432617188,90.00663757324219,109.42086029052734,0.23470976948738098,133.07745361328125,0.07938876003026962,"3357,138,2594,4849,4605,1320,2646,4656,402,3212,4338,3371,1059,3379,4716,3938",105.66632080078125,,,,,0,43.54528045654297,50.577232360839844,46.4807243347168,60.778533935546875,"0.790,0.790,1.351,0.846,0.752,0.779,0.804,0.744",2221.992919921875,2916.649658203125,"114.2,114.2,523,3416,3374,3426,3733,3075",23.212779998779297,26.131650924682617,"12.61,12.61,24.91,26.37,27.63,27.21,28.04,26.32","3.351,3.351,8.575,7.138,7.067,7.113,7.422,6.766","3.771,3.771,7.377,7.762,8.152,8.06,8.279,7.846",6624,0.0005171521916054189,12698,0.0012517760042101145,"4849,4101,3245,3212,476,3357,3371,1320",0.07494858652353287,0.2809012532234192,0.2870745062828064,"1.33,1.31,1.23,1.25,1.19,1.34,1.25,1.32","3.28,1.97,1.95,1.82,1.57,1.56,1.42,1.38","0.00476,0.00812,0.0106,-0.00488,-0.000896,-0.00723,-0.0332,-0.00513","0,0,0,0,0,0,-0.0421,0","0,0,0,0,0,-0.0111,-0.0333,0",0.1474609375,0.1263951063156128,7,0.16071148216724396,0.09628022462129593
5,up_proj,gptq,14336,5120,0,0.0020302772521972657,0.0014205660138811385,99.62291817082041,0.017313110557511613,432.947021484375,344.237548828125,53.209800720214844,99.34257507324219,66.72819519042969,84.74337768554688,0.23470976948738098,99.55276489257812,0.06437069922685623,"3357,138,2594,4849,4605,2646,1320,4656,402,3371,4338,3212,1059,4716,3379,3304",105.66632080078125,,,,,0,31.82183074951172,39.25306701660156,35.36475372314453,46.96392822265625,"0.629,0.629,1.085,0.827,0.754,0.776,0.800,0.742",2221.992919921875,2916.649658203125,"114.2,114.2,523,3416,3374,3426,3733,3075",23.212779998779297,26.131650924682617,"12.61,12.61,24.91,26.37,27.63,27.21,28.04,26.32","2.609,2.609,6.788,6.239,6.248,6.249,6.522,5.944","3.289,3.289,6.515,6.859,7.195,7.096,7.291,6.901",5017,0.0007341589080169797,240,0.0013194538187235594,"4849,4101,3245,3212,476,3357,3371,1320",0.06030038744211197,0.4806169867515564,0.5778721570968628,"0.82,0.771,0.618,0.874,0.827,0.764,0.924,0.543","3.28,1.97,1.95,1.82,1.57,1.56,1.42,1.38","0.00656,-0.00235,0.00195,0.0107,0.00699,-0.0142,-0.0182,-0.000984","0.00963,0,0.00963,0.00963,0,-0.00963,-0.0193,0","0.00753,0,0,0.0163,0.0119,-0.0176,-0.0176,0",0.05712890625,0.0476384237408638,1,0.16929949820041656,0.058242298662662506
5,down_proj,gptq,5120,14336,0,0.002000154767717634,0.0014163017272949218,150.1432763651144,0.026308972500654466,499.3228759765625,346.94061279296875,0.8564757108688354,1.5355315208435059,1.198415756225586,1.2320947647094727,0.5144059062004089,150.13296508789062,0.05918053165078163,"3465,10720,6554,10874,6101,2844,6006,10810,6624,5407,6189,7479,5017,7622,3625,12812",156.41995239257812,,,,,0,0.5135817527770996,0.5456029772758484,0.7669482827186584,0.7522510290145874,"0.087,0.087,0.441,1.090,1.008,1.054,1.102,1.022",7538.70361328125,11302.1435546875,"165,165,1394,8756,1.172e+04,1.204e+04,1.441e+04,1.166e+04",4.363809108734131,5.371799468994141,"2.343,2.343,2.918,4.641,5.619,5.548,6.012,5.486","0.1255,0.1255,0.3197,0.7728,0.8927,0.9032,0.9859,0.8905","0.4257,0.4257,0.4813,0.7403,0.8893,0.88,0.939,0.8808",3448,0.005315054208040237,3448,0.009921777062118053,"1761,12846,6062,4546,12571,10130,5186,8372",0.15393798053264618,0.3335937559604645,0.33918458223342896,"0.643,0.59,0.649,0.656,0.637,0.635,0.577,0.55","0.798,0.519,0.504,0.488,0.466,0.418,0.343,0.321","0.00983,-0.0354,-0.00787,-0.00346,0.0188,0.00037,0.0182,0.0126","0.0242,0,0,0,0,0,0.0262,0.0185","0,-0.0366,0,0,0.022,0,0.0178,0",0.56640625,0.6473214626312256,1,0.06507856398820877,0.08858107030391693
6,q_proj,gptq,4096,5120,0,0.002041196823120117,0.0014743804931640625,94.44359184045976,0.03275280189086963,263.74652099609375,178.60421752929688,50.28761672973633,310.6329040527344,68.08332061767578,207.22125244140625,0.8638684749603271,94.14949798583984,0.25579336285591125,"1320,4605,3245,4311,2523,4296,4101,4938,402,2594,840,138,4849,1538,374,4263",915.986083984375,,,,,0,32.54107666015625,88.74408721923828,33.689876556396484,121.88428497314453,"0.919,0.919,0.996,0.308,0.289,0.280,0.277,0.268",1484.54833984375,1949.79345703125,"133.3,133.3,438.4,2178,2285,2237,2417,2054",44.790199279785156,54.47248077392578,"22.14,22.14,33.6,55.26,55.58,56.94,58,54.67","4.276,4.276,6.825,6.096,5.873,5.986,6.09,5.71","4.461,4.461,6.84,10.98,10.92,11.32,11.57,11.02",1124,0.0030462329741567373,613,0.008454381488263607,"3245,1320,4101,4849,4311,2929,476,3212",0.6364309787750244,0.44842529296875,0.507110595703125,"0.636,0.606,0.6,0.715,0.794,0.578,0.753,0.824","23.5,11.2,10.9,10.8,10.4,8.37,8.05,7.19","0.0496,-0.051,0.0588,0.03,-0.0864,0.00571,0.0728,0.00885","0.0631,-0.0631,0.0631,0.0315,-0.0946,0.0315,0.0631,0","0.0425,-0.0583,0.0504,0.0248,-0.0946,0,0.0624,0.0142",0.1103515625,0.126116082072258,1,0.3241193890571594,0.2001970112323761
6,k_proj,gptq,1024,5120,0,0.0020170211791992188,0.0014589309692382812,44.800026220885655,0.04182864527734651,108.1459732055664,71.0538330078125,21.83477783203125,119.27076721191406,30.039939880371094,79.39402770996094,0.8638684749603271,44.61265182495117,0.2697089612483978,"1320,4605,4311,2523,4101,4296,3245,4938,2594,4849,138,402,3304,374,4716,1444",915.986083984375,,,,,0,14.080657005310059,34.089500427246094,15.010590553283691,47.12106704711914,"1.047,1.047,1.165,0.363,0.313,0.316,0.315,0.302",1484.54833984375,1949.79345703125,"133.3,133.3,438.4,2178,2285,2237,2417,2054",44.790199279785156,54.47248077392578,"22.14,22.14,33.6,55.26,55.58,56.94,58,54.67","2.906,2.906,4.274,4.13,3.806,3.947,4.003,3.787","2.84,2.84,3.96,6.856,6.802,7.019,7.131,6.893",808,0.008935770951211452,997,0.019612668082118034,"3245,1320,4101,4849,4311,2929,476,3212",0.7771884202957153,0.4112548828125,0.403076171875,"0.383,0.402,0.546,0.521,0.5,0.419,0.633,0.511","23.5,11.2,10.9,10.8,10.4,8.37,8.05,7.19","-0.00136,0.00446,-0.00485,-0.0486,-0.00537,-0.00964,0.00479,0.00977","0,0,0,-0.0419,0,0,0,0","0,0,0,-0.0519,0,-0.0164,0,0.0187",0.146484375,0.1255580335855484,2,0.3598251938819885,0.2765061557292938
6,v_proj,gptq,1024,5120,0,0.0020124435424804686,0.0014783859252929688,4.349338029847847,0.015493467477761893,20.434978485107422,16.47754669189453,3.300267219543457,15.500202178955078,3.521979331970215,10.592823028564453,0.8638684749603271,4.334474086761475,0.10373375564813614,"1320,4605,3245,4311,4101,2523,4296,4938,2594,138,840,3304,4849,402,4716,3212",915.986083984375,,,,,0,1.5961086750030518,4.600127220153809,1.9935920238494873,6.307661533355713,"0.763,0.763,0.512,0.338,0.333,0.313,0.329,0.312",1484.54833984375,1949.79345703125,"133.3,133.3,438.4,2178,2285,2237,2417,2054",44.790199279785156,54.47248077392578,"22.14,22.14,33.6,55.26,55.58,56.94,58,54.67","0.6124,0.6124,1.016,1.488,1.497,1.48,1.528,1.417","0.7012,0.7012,1.419,2.56,2.593,2.646,2.664,2.535",579,0.00717559177428484,374,0.006803616881370544,"3245,1320,4101,4849,4311,2929,476,3212",0.2313653826713562,0.57080078125,0.8612060546875,"0.0441,0.0422,0.0684,0.102,0.0649,0.0723,0.0819,0.0988","23.5,11.2,10.9,10.8,10.4,8.37,8.05,7.19","-6.77e-05,-0.00114,-0.0024,0.000584,0.0016,0.000256,0.0016,0.0024","0,0,-0.00274,0,0,0,0.00274,0.00274","0,0,0,0,0,0,0,0",0.03369140625,0.037683792412281036,1,0.1268206685781479,0.046881161630153656
6,o_proj,gptq,5120,4096,0,0.0020946979522705076,0.0014516830444335938,40.517580985128916,0.03366821910127366,117.23077392578125,69.33026123046875,0.28809675574302673,0.7974838018417358,0.2866876721382141,0.7181755900382996,0.6857414245605469,40.471771240234375,0.049982018768787384,"1594,1978,2912,1722,3340,2784,3410,2343,3040,3154,558,3084,3212,3282,2087,3538",25.692626953125,,,,,0,0.1098146140575409,0.333177775144577,0.20135663449764252,0.41889306902885437,"0.034,0.034,0.318,0.329,0.389,0.417,0.445,0.465",1269.005126953125,2239.102294921875,"72.65,72.65,1157,1250,1584,1531,1763,2722",4.341361999511719,4.899717330932617,"3.887,3.887,4.419,4.127,4.261,4.328,4.539,5.282","0.09452,0.09452,0.329,0.3041,0.351,0.3683,0.4017,0.4896","0.5115,0.5115,0.5838,0.5305,0.5625,0.5705,0.602,0.7181",3448,0.0031833075918257236,3448,0.0031405503395944834,"3282,3212,3410,2784,3340,3943,1850,1722",0.34343913197517395,0.32770997285842896,0.2881835997104645,"0.616,0.616,0.522,0.57,0.547,0.469,0.644,0.524","0.786,0.712,0.611,0.6,0.577,0.556,0.54,0.535","-0.0593,-0.0659,-0.0317,0.101,-0.0278,0.0123,-0.0972,0.0155","-0.07,-0.07,0,0.07,-0.07,0,-0.07,0","-0.0565,-0.0565,-0.031,0.0862,-0.031,0.0237,-0.0999,0.0194",0.2451171875,0.2101004421710968,6,0.019803857430815697,0.031520623713731766
6,gate_proj,gptq,14336,5120,0,0.0020246097019740515,0.0014739036560058594,129.12860074924538,0.01717381642270891,562.4230346679688,445.08636474609375,82.57511138916016,157.96530151367188,108.13260650634766,131.72457885742188,0.20219175517559052,128.9784393310547,0.08796249330043793,"1320,4605,3357,138,4849,2594,2646,4338,4656,4101,1702,2523,3379,402,3212,3371",197.1380615234375,,,,,0,50.44145202636719,59.690025329589844,57.90779113769531,74.54547119140625,"0.818,0.818,1.295,0.818,0.776,0.783,0.805,0.752",2235.286376953125,3031.69921875,"125.9,125.9,517.6,3307,3473,3451,3707,3175",25.05229949951172,28.847768783569336,"13.71,13.71,24.55,28.75,30.27,29.89,30.53,29.02","3.691,3.691,8.27,7.751,7.905,7.864,8.139,7.566","4.081,4.081,7.268,8.569,8.976,8.887,9.073,8.723",12548,0.000727090344298631,1164,0.0011979354312643409,"4849,3245,4101,1320,4311,476,3212,4972",0.06889855861663818,0.2914690375328064,0.2869088351726532,"1.38,1.31,1.42,1.41,1.27,1.17,1.26,1.28","3.53,2.68,2.27,2.22,2.02,1.94,1.65,1.65","0.0239,0.0131,0.0126,-0.0126,-0.0159,0.00671,0.0155,-0.0124","0.0274,0.0183,0.00914,-0.00914,-0.0183,0.00914,0.0183,-0.00914","0.0219,0.0107,0.0104,-0.00949,-0.012,0.00984,0.0107,-0.0108",0.05712890625,0.0609082356095314,1,0.21314746141433716,0.09196295589208603
6,up_proj,gptq,14336,5120,0,0.0020438058035714287,0.0014176232474190848,93.90782450823463,0.01637992271729645,424.7663879394531,341.1422119140625,63.0367431640625,117.32119750976562,78.91818237304688,99.37841033935547,0.20219175517559052,93.81076049804688,0.06945609301328659,"4605,3357,1320,138,4849,2594,2646,4656,4101,4338,1702,2523,3379,402,3371,3212",197.1380615234375,,,,,0,36.43993377685547,44.95354080200195,43.1600227355957,56.21574401855469,"0.672,0.672,1.053,0.817,0.777,0.788,0.806,0.761",2235.286376953125,3031.69921875,"125.9,125.9,517.6,3307,3473,3451,3707,3175",25.05229949951172,28.847768783569336,"13.71,13.71,24.55,28.75,30.27,29.89,30.53,29.02","2.884,2.884,6.459,6.72,6.883,6.849,7.087,6.596","3.517,3.517,6.295,7.435,7.806,7.717,7.893,7.563",12931,0.0006257319473661482,10036,0.0007102634408511221,"4849,3245,4101,1320,4311,476,3212,4972",0.05085659399628639,0.4978027641773224,0.586739718914032,"0.79,0.599,0.748,0.471,0.734,0.875,0.865,0.984","3.53,2.68,2.27,2.22,2.02,1.94,1.65,1.65","-0.00687,0.00586,0.0058,-0.00446,-0.0175,0.0151,-0.00745,0.0184","-0.00711,0.00711,0.00711,-0.00711,-0.0142,0.0142,-0.00711,0.0213","-0.0067,0,0.00666,-0.00837,-0.0146,0.0163,0,0.0161",0.1181640625,0.10121414065361023,1,0.17216558754444122,0.11952590942382812
6,down_proj,gptq,5120,14336,0,0.0019946234566824775,0.0014119829450334822,151.96257091258985,0.026867238615713943,499.7369384765625,347.20294189453125,1.2049487829208374,2.163696765899658,1.824291467666626,1.8004170656204224,0.2703012228012085,151.86380004882812,0.06008794158697128,"4163,10262,10578,8709,9600,13305,1808,8982,327,13994,7940,3235,9362,7346,1436,8432",58.50045394897461,,,,,0,0.7847155332565308,0.7758700847625732,1.1596293449401855,1.1223119497299194,"0.202,0.202,0.359,1.115,1.040,1.054,1.089,1.035",8219.37890625,12252.068359375,"150.2,150.2,939.6,1.049e+04,1.257e+04,1.351e+04,1.547e+04,1.248e+04",5.041299819946289,6.556885719299316,"1.676,1.676,3.119,6.149,6.782,6.948,7.348,6.633","0.1307,0.1307,0.3084,1.017,1.096,1.126,1.208,1.089","0.2907,0.2907,0.5149,0.963,1.075,1.097,1.158,1.071",3448,0.006641135551035404,3448,0.02268538810312748,"4286,6281,7374,8685,12267,12621,7730,11972",0.10749108344316483,0.35773926973342896,0.36127930879592896,"0.679,0.565,0.561,0.5,0.664,0.498,0.667,0.579","1.34,0.701,0.432,0.431,0.413,0.356,0.333,0.332","-0.0281,0.0376,-0.01,0.0581,-0.00479,-0.0315,0.0378,0.00607","0,0,0,0.107,0,0,0.043,0","-0.0209,0.0346,0,0.0672,0,-0.0578,0.0433,0",0.373046875,0.3197544813156128,2,0.089302659034729,0.16184483468532562
7,q_proj,gptq,4096,5120,0,0.002033567428588867,0.0014780044555664062,74.59034414880443,0.0278090886498413,232.33358764648438,167.328857421875,57.58055877685547,280.56231689453125,78.0155258178711,191.46157836914062,0.8596270680427551,74.32371520996094,0.246160626411438,"1320,3245,4605,2523,4311,4101,4938,476,4263,1538,1226,2646,4709,3212,402,4849",880.2245483398438,,,,,0,35.8651008605957,82.65870666503906,40.94625473022461,110.75972747802734,"0.537,0.537,1.155,0.410,0.379,0.365,0.371,0.358",1788.2496337890625,2393.3447265625,"142.7,142.7,475.6,2704,2731,2722,2887,2500",44.49551010131836,54.167110443115234,"22.54,22.54,32.47,55.08,55.33,56.25,57.25,54.5","3.465,3.465,6.758,6.793,6.557,6.534,6.712,6.352","4.728,4.728,6.287,10.61,10.64,10.82,11.01,10.62",308,0.004266801755875349,805,0.007938392460346222,"3245,1320,4311,4101,476,2929,4849,2523",0.5817425847053528,0.48992919921875,0.5018310546875,"0.686,0.679,0.78,0.6,0.685,0.617,0.724,0.731","23.5,12.3,11,10,8.59,8.53,8.17,6.31","0.00209,-0.00101,0.004,-0.00307,-0.004,-0.00217,0.00327,0.0076","0,0,0,0,0,0,0,0","0,0,0,0,0,0,0,0",0.1669921875,0.1545514017343521,1,0.4283195734024048,0.2269916534423828
7,k_proj,gptq,1024,5120,0,0.00203399658203125,0.0014497756958007813,33.19635343243135,0.03419123833218304,90.96859741210938,65.02200317382812,22.982276916503906,108.75918579101562,31.335115432739258,73.46310424804688,0.8596270680427551,33.117923736572266,0.27290722727775574,"1320,4605,2523,4311,3245,476,4101,4938,1226,3212,4263,1538,3448,4849,2646,138",880.2245483398438,,,,,0,14.009824752807617,32.143680572509766,16.67135238647461,42.55321502685547,"0.509,0.509,1.108,0.449,0.380,0.379,0.377,0.359",1788.2496337890625,2393.3447265625,"142.7,142.7,475.6,2704,2731,2722,2887,2500",44.49551010131836,54.167110443115234,"22.54,22.54,32.47,55.08,55.33,56.25,57.25,54.5","2.174,2.174,3.939,4.371,4.121,4.152,4.223,3.994","3.046,3.046,3.742,6.526,6.688,6.749,6.879,6.662",439,0.005778034683316946,934,0.019023509696125984,"3245,1320,4311,4101,476,2929,4849,2523",0.6916627883911133,0.4423828125,0.3843994140625,"0.425,0.458,0.536,0.601,0.65,0.481,0.533,0.532","23.5,12.3,11,10,8.59,8.53,8.17,6.31","0.00571,0.0032,0.00842,0.00507,-0.0183,0.00412,-0.00394,0.0216","0,0,0,0,-0.0212,0,0,0.0212","0,0,0,0,-0.0163,0,0,0.0186",0.076171875,0.08587939292192459,1,0.3132372498512268,0.16569826006889343
7,v_proj,gptq,1024,5120,0,0.0020009994506835936,0.0014347076416015626,5.191544369681651,0.01651453374716893,23.299686431884766,18.374805450439453,5.500813961029053,17.206951141357422,6.001657009124756,11.946882247924805,0.8596270680427551,5.186923980712891,0.09113984555006027,"4605,3245,1320,2523,4311,4101,4938,476,2646,1226,1538,4263,3212,4709,138,4849",880.2245483398438,,,,,0,2.647084951400757,5.170165061950684,3.4731128215789795,7.015591621398926,"0.466,0.466,0.622,0.532,0.501,0.499,0.513,0.493",1788.2496337890625,2393.3447265625,"142.7,142.7,475.6,2704,2731,2722,2887,2500",44.49551010131836,54.167110443115234,"22.54,22.54,32.47,55.08,55.33,56.25,57.25,54.5","0.5177,0.5177,1.12,2.003,1.966,1.963,2.019,1.892","0.7583,0.7583,1.42,2.748,2.778,2.78,2.819,2.693",533,0.006477926857769489,358,0.007650057319551706,"3245,1320,4311,4101,476,2929,4849,2523",0.15184801816940308,0.7186279296875,0.91259765625,"0.0452,0.0385,0.0516,0.0697,0.0581,0.0805,0.106,0.0588","23.5,12.3,11,10,8.59,8.53,8.17,6.31","-0.000127,0.00166,0.0013,0.00104,0.000492,-0.00169,-0.00726,0.00195","0,0.00265,0,0,0,-0.00265,-0.00795,0.00265","0,0,0,0,0,0,-0.00809,0",0.035888671875,0.04034809023141861,1,0.1582222431898117,0.05412725359201431
7,o_proj,gptq,5120,4096,0,0.002094268798828125,0.001436901092529297,43.77174691679011,0.032093739365266424,127.12647247314453,78.14614868164062,0.4307117760181427,1.312372088432312,0.48279038071632385,0.9614672660827637,0.7560858726501465,43.63338851928711,0.04608900099992752,"3177,3358,2759,3561,2456,3486,3230,1804,1676,3015,3102,1548,4045,3305,2200,22",15.726207733154297,,,,,0,0.183021679520607,0.4109340310096741,0.3557569682598114,0.6265215873718262,"0.038,0.038,0.359,0.601,0.595,0.490,0.535,0.543",1406.339111328125,2671.029541015625,"57.52,57.52,1012,1921,2175,1389,1758,2881",4.578252792358398,5.632023811340332,"3.79,3.79,4.631,4.507,4.566,4.433,5.026,5.884","0.1008,0.1008,0.3717,0.4837,0.4938,0.4267,0.5119,0.6196","0.5179,0.5179,0.62,0.6237,0.6399,0.6098,0.6997,0.8406",3448,0.015260796062648296,3448,0.007111933548003435,"3305,3177,3433,3015,2631,3917,2759,2887",0.1142793744802475,0.35297852754592896,0.33332520723342896,"0.643,0.402,0.635,0.604,0.534,0.498,0.418,0.633","0.522,0.52,0.514,0.509,0.508,0.507,0.502,0.472","0.0449,0.0376,-0.0928,-0.102,0.0189,-0.0942,-0.0112,0.0376","0,0,-0.108,-0.108,0,-0.108,0,0","0.055,0.0499,-0.0816,-0.117,0.0174,-0.0808,0,0.0345",0.37890625,0.3247767984867096,2,0.06099725514650345,0.05396701768040657
7,gate_proj,gptq,14336,5120,0,0.002043615068708147,0.001470742906842913,126.07627774028515,0.01723536893681231,547.1168212890625,429.6966552734375,86.67080688476562,170.68588256835938,119.61398315429688,143.38626098632812,0.24667425453662872,125.92608642578125,0.09798579663038254,"1320,4605,4338,1702,3357,138,4101,4849,711,2646,4267,2594,2523,4656,2342,3379",264.1665344238281,,,,,0,55.46961975097656,64.58036804199219,64.3483657836914,81.07787322998047,"0.818,0.818,1.265,0.863,0.818,0.801,0.813,0.772",2353.325439453125,3201.465576171875,"137.6,137.6,533.9,3647,3658,3604,3797,3312",26.736080169677734,30.637571334838867,"16.48,16.48,24.66,30.49,31.53,31.41,32.08,30.77","4.355,4.355,8.118,8.29,8.316,8.218,8.445,7.949","4.814,4.814,7.219,8.927,9.196,9.181,9.367,9.049",6401,0.000762751791626215,11443,0.0010569527512416244,"3245,4849,1320,4101,4311,2929,476,4605",0.056414905935525894,0.2752947211265564,0.2674124836921692,"1.35,1.33,1.41,1.39,1.28,1.17,1.15,1.61","3.39,3.28,3.2,2.31,2.2,2.09,1.68,1.63","0.0522,0.0342,-0.0559,0.0361,-0.0435,-0.0393,0.0243,-0.0403","0.0544,0.0363,-0.0544,0.0363,-0.0363,-0.0363,0.0181,-0.0363","0.0523,0.0374,-0.0509,0.0331,-0.046,-0.0462,0.0176,-0.0452",0.0703125,0.07797017693519592,1,0.22966212034225464,0.20281602442264557
7,up_proj,gptq,14336,5120,0,0.0020376614161900113,0.001412337166922433,96.70603261674842,0.016395767699757455,437.2597351074219,348.597412109375,70.09860229492188,133.27783203125,91.93822479248047,113.65021514892578,0.24667425453662872,96.63066101074219,0.07551198452711105,"4605,1320,4338,3357,138,1702,4101,4849,711,2646,4267,2594,4656,2523,3379,3268",264.1665344238281,,,,,0,42.01603698730469,51.24776840209961,50.68940734863281,64.17051696777344,"0.643,0.643,0.991,0.855,0.822,0.816,0.823,0.774",2353.325439453125,3201.465576171875,"137.6,137.6,533.9,3647,3658,3604,3797,3312",26.736080169677734,30.637571334838867,"16.48,16.48,24.66,30.49,31.53,31.41,32.08,30.77","3.423,3.423,6.402,7.39,7.424,7.376,7.567,7.094","4.269,4.269,6.432,7.993,8.187,8.163,8.34,8.064",8644,0.0006136622978374362,258,0.0005836238851770759,"3245,4849,1320,4101,4311,2929,476,4605",0.04268744960427284,0.53961181640625,0.6243025064468384,"0.556,0.801,0.437,0.731,0.756,0.849,0.897,0.54","3.39,3.28,3.2,2.31,2.2,2.09,1.68,1.63","0.0153,0.0172,0.00613,-0.00284,-0.000759,-0.0243,0.024,0.0102","0.0209,0.0209,0,0,0,-0.0209,0.0209,0.0209","0.0112,0.0202,0,0,0,-0.0198,0.0271,0.00809",0.140625,0.12002462148666382,1,0.18390430510044098,0.07268959283828735
7,down_proj,gptq,5120,14336,0,0.0020034517560686385,0.0014166559491838727,152.79229663856222,0.026323302207322357,503.09185791015625,347.24774169921875,1.4268615245819092,2.6032934188842773,2.056434154510498,2.0549564361572266,0.38377949595451355,152.73345947265625,0.05399354174733162,"1905,8567,1351,2911,4160,1261,3871,5482,11300,11443,11719,12270,718,2044,1679,4310",122.39734649658203,,,,,0,0.8495569229125977,0.8933519721031189,1.348422646522522,1.2910492420196533,"0.089,0.089,0.589,1.111,1.075,1.066,1.083,1.037",7471.7578125,12036.974609375,"195.7,195.7,881.3,8327,1.122e+04,1.203e+04,1.436e+04,1.256e+04",5.698379039764404,7.081313610076904,"3.88,3.88,2.7,5.967,6.925,7.16,7.778,7.298","0.1866,0.1866,0.3354,0.9865,1.127,1.158,1.271,1.19","0.6264,0.6264,0.4371,0.9358,1.087,1.121,1.221,1.168",3448,0.006036470644176006,3448,0.006619698368012905,"11508,4310,7129,435,3302,258,13602,3072",0.09436211735010147,0.3430419862270355,0.34101563692092896,"0.632,0.541,0.692,0.647,0.65,0.661,0.687,0.639","0.862,0.739,0.563,0.479,0.437,0.411,0.38,0.34","0.00166,0.0771,0.061,0.00964,0.00391,-0.177,-0.00266,0.000771","0,0.136,0,0.0185,0.033,-0.136,0,0","0,0.0748,0.0544,0,0,-0.202,0,0",0.474609375,0.4068080484867096,2,0.08757362514734268,0.08846306055784225
8,q_proj,gptq,4096,5120,0,0.0020409107208251955,0.0014806747436523437,66.07305644941516,0.025535659048118026,218.1074981689453,159.61862182617188,56.75383758544922,302.1306457519531,76.27694702148438,215.92835998535156,0.8712122440338135,65.86325073242188,0.2971883714199066,"1320,3245,4605,2523,4311,4101,4938,4709,476,2646,4263,1538,138,1226,1150,4267",1089.2503662109375,,,,,0,35.13408660888672,93.99551391601562,40.155792236328125,122.61290740966797,"0.486,0.486,0.952,0.359,0.330,0.308,0.319,0.315",1740.5635986328125,2288.1435546875,"150.1,150.1,442.7,2723,2687,2588,2759,2424",50.60547637939453,60.831085205078125,"26.89,26.89,36.24,62.93,62.23,63.69,64.58,61.4","3.428,3.428,6.536,6.858,6.534,6.431,6.624,6.316","4.918,4.918,6.7,11.45,11.37,11.58,11.72,11.26",215,0.003632682142779231,2086,0.0071465144865214825,"3245,1320,2929,4311,4101,4849,476,2523",0.7005904316902161,0.489715576171875,0.51458740234375,"0.61,0.578,0.607,0.698,0.563,0.663,0.618,0.656","33.6,15.5,10.4,10.1,9.69,8.97,7.87,7.41","-0.0111,0.00952,-0.00188,0.0112,-0.0165,-0.00145,0.00934,-0.0139","-0.0191,0,0,0.0191,-0.0191,0,0.0191,-0.0191","-0.0119,0.0139,0,0.01,-0.017,0,0.00882,-0.016",0.06689453125,0.0764508992433548,1,0.3938443064689636,0.11580271273851395
8,k_proj,gptq,1024,5120,0,0.00205078125,0.0014614105224609376,29.021103107370436,0.029966160151554375,86.25958251953125,63.81665802001953,22.77434730529785,114.61203002929688,30.692338943481445,81.6499252319336,0.8712122440338135,28.948678970336914,0.3179563581943512,"1320,4605,3245,2523,4311,4101,4938,476,4709,2646,4263,1226,1538,138,4267,3212",1089.2503662109375,,,,,0,13.839925765991211,35.071075439453125,16.31353187561035,47.01457977294922,"0.460,0.460,0.939,0.399,0.352,0.338,0.348,0.340",1740.5635986328125,2288.1435546875,"150.1,150.1,442.7,2723,2687,2588,2759,2424",50.60547637939453,60.831085205078125,"26.89,26.89,36.24,62.93,62.23,63.69,64.58,61.4","2.001,2.001,3.829,4.451,4.179,4.104,4.218,4.017","2.949,2.949,3.953,7.043,7.04,7.063,7.147,6.885",1008,0.012054591439664364,1002,0.014392498880624771,"3245,1320,2929,4311,4101,4849,476,2523",0.7736786007881165,0.4674072265625,0.456787109375,"0.355,0.41,0.457,0.484,0.495,0.498,0.577,0.484","33.6,15.5,10.4,10.1,9.69,8.97,7.87,7.41","-0.00546,-0.000364,0.0115,-0.00543,-0.0173,0.0131,-0.00427,0.00168","0,0,0,0,0,0,0,0","0,0,0.0205,0,-0.0265,0.0137,0,0",0.15625,0.14188221096992493,1,0.45878735184669495,0.31565040349960327
8,v_proj,gptq,1024,5120,0,0.0019992828369140626,0.001454925537109375,4.901404888958496,0.017320770572666806,21.33509063720703,16.635759353637695,5.36721134185791,20.404756546020508,6.171184062957764,14.711740493774414,0.8712122440338135,4.886444568634033,0.16262373328208923,"1320,4605,3245,2523,4938,4101,4311,476,4709,1538,2646,4263,138,1226,4267,4849",1089.2503662109375,,,,,0,2.785553455352783,6.418830871582031,3.442976236343384,8.496073722839355,"0.332,0.332,0.649,0.454,0.442,0.411,0.415,0.408",1740.5635986328125,2288.1435546875,"150.1,150.1,442.7,2723,2687,2588,2759,2424",50.60547637939453,60.831085205078125,"26.89,26.89,36.24,62.93,62.23,63.69,64.58,61.4","0.6737,0.6737,1.407,2.025,1.995,1.938,1.994,1.893","1.17,1.17,1.747,3.005,3.002,3.024,3.096,2.964",484,0.012698587961494923,929,0.00596946245059371,"3245,1320,2929,4311,4101,4849,476,2523",0.29339808225631714,0.6832275390625,0.81982421875,"0.0539,0.0602,0.116,0.0736,0.102,0.141,0.0857,0.0841","33.6,15.5,10.4,10.1,9.69,8.97,7.87,7.41","0.00775,0.0024,-0.00641,0.00702,-0.00659,0.00427,0.0199,-0.000866","0.0117,0,0,0.0117,-0.0117,0,0.0117,0","0.00534,0,-0.00555,0.00596,-0.00579,0.00527,0.0206,0",0.1025390625,0.09030626714229584,1,0.22484257817268372,0.0856957659125328
8,o_proj,gptq,5120,4096,0,0.002115011215209961,0.0014621734619140625,48.14885010108219,0.035792177536149695,134.1973876953125,77.2869873046875,0.46304094791412354,1.640296220779419,0.3766482472419739,1.3913955688476562,0.6458768844604492,48.015289306640625,0.04563363268971443,"3117,3653,2838,2710,1944,2582,2020,2966,1995,3373,1892,242,1816,1867,498,2090",22.919193267822266,,,,,0,0.14418275654315948,0.6988859176635742,0.24857856333255768,0.7214549779891968,"0.018,0.018,0.280,0.179,0.264,0.257,0.290,0.335",987.4037475585938,1762.5711669921875,"83.04,83.04,1534,782.7,1185,1155,1290,1787",5.99680757522583,6.158377647399902,"5.985,5.985,6.511,5.435,5.915,5.86,5.944,6.341","0.1135,0.1135,0.4758,0.322,0.4174,0.4112,0.4416,0.5092","0.848,0.848,0.8992,0.7607,0.8132,0.8111,0.82,0.8799",3448,0.00755094550549984,3448,0.011835695244371891,"2966,2582,2838,2710,1867,1739,1995,1611",0.5155988335609436,0.3100341856479645,0.3068603575229645,"0.702,0.685,0.551,0.525,0.531,0.743,0.569,0.618","1.31,1.28,1.23,1.15,0.821,0.811,0.808,0.8","-0.0654,0.0261,-0.0718,-0.0942,0.0295,0.0094,-0.00729,0.0215","-0.0882,0,-0.0882,-0.0882,0,0,0,0","-0.0653,0.0184,-0.082,-0.0808,0.0199,0.0111,0,0.0149",0.40625,0.47442561388015747,1,0.03627344220876694,0.08846931904554367
8,gate_proj,gptq,14336,5120,0,0.0020368712288992745,0.0014518465314592634,120.63480873047956,0.01748179263244683,519.5455322265625,409.18218994140625,89.27294921875,180.64175415039062,133.6409912109375,157.22940063476562,0.2516050338745117,120.55503845214844,0.11768927425146103,"1320,4605,4101,3357,2646,4338,2523,711,4267,138,1702,4656,4709,3245,4849,4311",333.70556640625,,,,,0,62.743255615234375,71.38849639892578,69.59101104736328,86.95134735107422,"0.873,0.873,1.322,0.876,0.811,0.804,0.808,0.773",2370.292724609375,3254.162841796875,"147.6,147.6,504.8,3734,3682,3577,3820,3351",29.150585174560547,32.47475051879883,"20.8,20.8,28.23,32.08,32.94,32.58,33.39,32.37","5.564,5.564,9.243,8.556,8.452,8.348,8.59,8.155","5.954,5.954,8.038,9.141,9.384,9.307,9.555,9.276",10502,0.0012119049206376076,9980,0.0009531630203127861,"3245,1320,4849,4101,2929,4311,3371,2646",0.07611116021871567,0.3080269992351532,0.2950265109539032,"1.34,1.44,1.29,1.47,1.18,1.31,1.22,1.33","4.84,3.92,3.38,2.7,2.49,1.9,1.79,1.78","0.0496,-0.0459,0.0674,0.033,-0.0124,-0.0352,-0.0625,-0.0234","0.0564,-0.0564,0.0564,0.0282,0,-0.0282,-0.0564,-0.0282","0.0424,-0.0479,0.0695,0.035,-0.0193,-0.0399,-0.0541,-0.0227",0.1455078125,0.12276183068752289,1,0.2942214012145996,0.22501011192798615
8,up_proj,gptq,14336,5120,0,0.0020426886422293526,0.00142669677734375,99.47067531980974,0.016430348119890244,450.0649108886719,358.28643798828125,78.21772766113281,147.85781860351562,108.91293334960938,133.64907836914062,0.2516050338745117,99.39678192138672,0.08543059974908829,"1320,4605,3357,2646,4101,4338,711,2523,4267,138,4656,1702,3245,4849,4311,4709",333.70556640625,,,,,0,50.187923431396484,60.955101013183594,58.835872650146484,73.46338653564453,"0.651,0.651,0.980,0.878,0.823,0.822,0.830,0.788",2370.292724609375,3254.162841796875,"147.6,147.6,504.8,3734,3682,3577,3820,3351",29.150585174560547,32.47475051879883,"20.8,20.8,28.23,32.08,32.94,32.58,33.39,32.37","4.441,4.441,7.382,7.963,7.89,7.775,8.004,7.576","5.504,5.504,7.458,8.5,8.698,8.575,8.784,8.535",8158,0.00043131501297466457,6390,0.0006913547404110432,"3245,1320,4849,4101,2929,4311,3371,2646",0.05159740895032883,0.5188162922859192,0.5950753688812256,"0.552,0.433,0.864,0.734,0.864,0.731,0.961,0.847","4.84,3.92,3.38,2.7,2.49,1.9,1.79,1.78","-0.00143,-0.00189,0.00256,0.000656,0.00111,0.00218,-0.00531,0.0013","0,0,0.00603,0,0,0,-0.00603,0","0,0,0,0,0,0,-0.00767,0",0.0390625,0.03460202366113663,1,0.16386470198631287,0.13543440401554108
8,down_proj,gptq,5120,14336,0,0.0019954545157296315,0.0014183998107910156,153.9326192192866,0.025689015391138628,523.635986328125,367.8289794921875,1.6833672523498535,2.9255142211914062,2.3177719116210938,2.534048557281494,0.49344050884246826,153.96412658691406,0.06331977248191833,"6390,12072,3692,4577,13331,6248,4348,5775,1688,7657,13955,1573,9551,7649,12258,476",56.85955810546875,,,,,0,1.0026901960372925,1.082671880722046,1.4633097648620605,1.5157408714294434,"0.122,0.122,0.312,1.100,1.043,1.056,1.058,1.050",7408.52392578125,11034.4755859375,"184.2,184.2,1347,8913,1.218e+04,1.167e+04,1.27e+04,1.208e+04",6.039281845092773,7.470418930053711,"2.895,2.895,5.502,6.57,7.691,7.495,7.731,7.534","0.1785,0.1785,0.5245,1.107,1.272,1.247,1.294,1.269","0.5118,0.5118,0.9395,1.056,1.246,1.213,1.258,1.238",3448,0.005372221115976572,3448,0.009798281826078892,"6878,3362,4196,11372,9013,10084,4093,4746",0.13476230204105377,0.36433106660842896,0.3526855409145355,"0.728,0.655,0.481,0.674,0.735,0.585,0.575,0.707","1.23,1.1,0.577,0.492,0.486,0.479,0.478,0.476","-0.00806,-0.0144,0.0425,0.0889,-0.0801,-0.146,0.00339,0.0214","0,-0.0314,0,0.0812,-0.0841,-0.152,0,0.0287","0,0,0.055,0.0778,-0.0859,-0.157,0,0.0371",0.671875,0.5758929252624512,1,0.09326189756393433,0.12333501130342484
9,q_proj,gptq,4096,5120,0,0.002046489715576172,0.0014731407165527344,65.35201962233987,0.025801572602282077,215.0929412841797,158.78488159179688,64.56304931640625,299.0011291503906,89.82833862304688,223.7567138671875,0.8325610160827637,65.13006591796875,0.2972773015499115,"1320,3245,4605,2523,4311,4938,4101,1226,4709,1538,4267,2646,4263,1840,266,476",901.20263671875,,,,,0,41.35564041137695,97.85406494140625,47.41133117675781,127.6557388305664,"0.421,0.421,1.002,0.421,0.381,0.349,0.362,0.366",1877.3983154296875,2495.972412109375,"165.1,165.1,458.9,2990,2865,2784,2948,2643",50.908843994140625,59.95491027832031,"30.51,30.51,38.86,61.43,60.84,62.06,63.11,59.96","3.702,3.702,7.368,7.398,7.038,6.9,7.129,6.817","5.708,5.708,7.361,11.4,11.4,11.68,11.84,11.27",2289,0.005469135940074921,3813,0.011454763822257519,"3245,1320,2929,4311,4101,4849,3448,476",0.55837482213974,0.5242919921875,0.549102783203125,"0.738,0.694,0.614,0.767,0.633,0.682,0.508,0.534","31.3,14.3,11.4,9.28,8.23,7.46,5.91,5.87","0.00272,-0.0015,-0.00467,0.00282,0.00188,-0.000858,0.00175,0.00452","0,0,0,0,0,0,0,0","0,0,0,0,0,0,0,0",0.2294921875,0.1967076063156128,3,0.5204760432243347,0.6138886213302612
9,k_proj,gptq,1024,5120,0,0.002067375183105469,0.0014684677124023437,30.142544517526403,0.03224464166861144,86.65693664550781,63.71296691894531,26.134765625,126.85076904296875,37.20195007324219,91.09112548828125,0.8325610160827637,30.095691680908203,0.3426298201084137,"1320,4605,2523,3245,4311,4938,4101,1226,4267,476,4709,2646,1538,266,1840,2929",901.20263671875,,,,,0,16.92658042907715,39.74703598022461,19.72612190246582,52.400489807128906,"0.429,0.429,1.081,0.448,0.375,0.352,0.357,0.365",1877.3983154296875,2495.972412109375,"165.1,165.1,458.9,2990,2865,2784,2948,2643",50.908843994140625,59.95491027832031,"30.51,30.51,38.86,61.43,60.84,62.06,63.11,59.96","2.357,2.357,4.616,4.797,4.472,4.439,4.559,4.414","3.598,3.598,4.44,7.167,7.307,7.488,7.629,7.304",573,0.009801710024476051,677,0.017085786908864975,"3245,1320,2929,4311,4101,4849,3448,476",0.751816987991333,0.451416015625,0.40380859375,"0.458,0.488,0.535,0.574,0.628,0.588,0.491,0.656","31.3,14.3,11.4,9.28,8.23,7.46,5.91,5.87","-0.00333,-0.0147,-0.0179,0.0054,-0.000919,0.0208,0.00638,-0.00349","0,0,0,0,0,0,0,0","0,-0.0187,-0.0135,0,0,0.0194,0,0",0.2109375,0.1808035671710968,3,0.44275808334350586,0.39177486300468445
9,v_proj,gptq,1024,5120,0,0.00204620361328125,0.0014875411987304687,6.287622034542437,0.017096806860394647,27.9736270904541,22.025699615478516,8.209122657775879,21.940814971923828,9.253213882446289,16.56525993347168,0.8325610160827637,6.2685418128967285,0.11245664954185486,"1320,4605,2523,4311,3245,4101,4938,4709,1226,4267,2646,476,1840,2929,4263,1538",901.20263671875,,,,,0,4.148613929748535,7.456901550292969,5.3251166343688965,9.397600173950195,"0.276,0.276,0.591,0.624,0.557,0.560,0.572,0.557",1877.3983154296875,2495.972412109375,"165.1,165.1,458.9,2990,2865,2784,2948,2643",50.908843994140625,59.95491027832031,"30.51,30.51,38.86,61.43,60.84,62.06,63.11,59.96","0.721,0.721,1.485,2.566,2.423,2.415,2.474,2.353","1.372,1.372,1.931,3.25,3.246,3.227,3.273,3.152",883,0.010468733496963978,769,0.010641705244779587,"3245,1320,2929,4311,4101,4849,3448,476",0.1498277485370636,0.704345703125,0.856689453125,"0.04,0.0554,0.0969,0.0721,0.0928,0.129,0.112,0.0782","31.3,14.3,11.4,9.28,8.23,7.46,5.91,5.87","0.000641,-0.0005,0.000173,0.000399,0.00123,0.00203,-0.000404,-0.00037","0,0,0,0,0,0.00548,0,0","0,0,0,0,0,0,0,0",0.0537109375,0.05421759560704231,1,0.24793367087841034,0.16449981927871704
9,o_proj,gptq,5120,4096,0,0.002106380462646484,0.0014523506164550782,54.870247715290134,0.0359641905767011,157.02162170410156,87.6984634399414,0.8677505850791931,2.579956531524658,0.6915020942687988,1.913747787475586,0.7381349802017212,54.773590087890625,0.03569834306836128,"3634,3646,4030,2238,1099,3762,3890,2110,3774,3902,1297,3805,895,1522,3677,4018",19.792774200439453,,,,,0,0.27080655097961426,0.9553787112236023,0.49031975865364075,1.03526771068573,"0.039,0.039,0.288,0.271,0.380,0.393,0.443,0.462",938.6911010742188,1768.6640625,"103.8,103.8,1055,637.3,1187,1087,1357,1978",6.834081649780273,7.185609340667725,"7.577,7.577,6.334,6.015,6.69,6.371,6.677,7.432","0.2076,0.2076,0.4943,0.4467,0.6049,0.5675,0.6326,0.7405","1.045,1.045,0.9217,0.8588,0.9817,0.9048,0.9507,1.09",3448,0.002931327559053898,3448,0.004263509530574083,"4018,3634,2238,923,2494,3890,2110,3762",0.21838802099227905,0.3328857421875,0.31804201006889343,"0.479,0.473,0.534,0.597,0.673,0.627,0.528,0.638","1.19,1.02,0.864,0.805,0.799,0.797,0.786,0.783","-0.0583,-0.0437,-0.0417,0.137,0.00114,-0.0141,-0.0258,-0.207","0,0,0,0.128,0,0,0,-0.256","-0.0474,-0.0427,-0.043,0.117,0,0,-0.0223,-0.256",0.447265625,0.3833705484867096,1,0.03275198116898537,0.06409978121519089
9,gate_proj,gptq,14336,5120,0,0.0020396232604980467,0.0014525958469935826,121.55610203830292,0.01822601365752329,509.5623779296875,401.64166259765625,89.17424011230469,184.95907592773438,163.5684051513672,198.4948272705078,0.22590675950050354,121.3892593383789,0.15902435779571533,"3357,1320,4605,711,4101,4267,4338,1702,2646,2523,4709,3245,138,4311,4849,4656",286.91497802734375,,,,,0,82.77363586425781,95.71039581298828,76.79597473144531,99.48248291015625,"0.938,0.938,0.986,0.875,0.798,0.777,0.793,0.758",2385.493896484375,3317.05029296875,"173,173,495.4,3750,3682,3575,3793,3443",34.60513687133789,34.758663177490234,"33.56,33.56,42.16,32.69,33.57,33.29,33.92,34.09","9.096,9.096,11.66,8.632,8.501,8.333,8.577,8.425","9.393,9.393,11.74,9.226,9.516,9.453,9.63,9.677",3091,0.000818175554741174,11961,0.001483466592617333,"3245,1320,2929,4849,4101,2739,4311,3262",0.10826141387224197,0.2907889485359192,0.2757568359375,"1.33,1.46,1.21,1.27,1.45,1.22,1.28,1.6","6.21,3.56,3.35,3.3,2.61,2.02,2.01,1.95","0.0118,-0.0134,0.0225,0.0623,-0.0654,-0.0102,0.00522,0.0289","0,0,0,0.0589,-0.0589,0,0,0","0.0174,0,0.0215,0.0534,-0.0628,-0.0158,0,0.0349",0.2060546875,0.1766183078289032,1,0.24315401911735535,0.19591887295246124
9,up_proj,gptq,14336,5120,0,0.0020415033612932476,0.0014367921011788503,106.51037059614464,0.016827895070178386,474.58001708984375,377.43206787109375,83.89909362792969,164.3226318359375,137.64593505859375,181.557373046875,0.22590675950050354,106.3794174194336,0.11712817847728729,"3357,1320,4605,711,4101,4267,2646,4338,2523,3245,138,1702,4311,4709,4849,4656",286.91497802734375,,,,,0,67.61527252197266,87.87593841552734,68.36979675292969,90.47920989990234,"0.702,0.702,0.731,0.862,0.809,0.792,0.812,0.766",2385.493896484375,3317.05029296875,"173,173,495.4,3750,3682,3575,3793,3443",34.60513687133789,34.758663177490234,"33.56,33.56,42.16,32.69,33.57,33.29,33.92,34.09","7.547,7.547,9.641,8.253,8.194,8.059,8.287,8.073","9.008,9.008,11.28,8.889,9.108,9.054,9.193,9.224",1271,0.0005377523484639823,9713,0.0021096630953252316,"3245,1320,2929,4849,4101,2739,4311,3262",0.07523885369300842,0.5021101236343384,0.5776803493499756,"0.607,0.551,0.902,0.952,0.789,0.986,0.813,0.81","6.21,3.56,3.35,3.3,2.61,2.02,2.01,1.95","-0.00319,0.00439,-0.00302,-0.00262,-0.00525,0.00336,0.00409,0.00705","0,0.00792,-0.00792,0,-0.00792,0,0.00792,0.00792","0,0,0,0,0,0,0,0.0106",0.06298828125,0.0599074512720108,1,0.19002331793308258,0.10774090141057968
9,down_proj,gptq,5120,14336,0,0.0020017760140555244,0.001422664097377232,165.9890158763883,0.02690345591627784,551.9921875,383.7052001953125,1.9198651313781738,5.905411720275879,3.0720880031585693,73.60586547851562,0.9513082504272461,165.36167907714844,0.15312740206718445,"13266,158,10615,6617,13895,6708,7779,10611,7425,1999,3233,4757,1974,5011,72,9860",3633.409912109375,,,,,0,1.3792567253112793,40.80952072143555,2.052729845046997,20.531442642211914,"0.001,0.001,0.010,1.090,1.028,1.044,1.043,1.029",6803.98779296875,10772.322265625,"216.4,216.4,1198,8137,1.007e+04,1.058e+04,1.232e+04,1.169e+04",24.862262725830078,12.656082153320312,"54.86,54.86,49,6.956,7.74,7.816,8.301,9.362","0.2838,0.2838,0.9737,1.193,1.292,1.316,1.405,1.769","10.58,10.58,9.659,1.142,1.274,1.288,1.376,1.743",3357,0.00783800520002842,3448,0.0043893433175981045,"3233,9713,4138,7185,8584,4357,1445,3193",0.10292868316173553,0.3499511778354645,0.38164064288139343,"0.602,0.61,0.515,0.588,0.608,0.567,0.736,0.657","0.672,0.665,0.457,0.437,0.435,0.402,0.399,0.392","-0.0728,-0.0413,-0.00601,-0.00243,0.00613,0.00243,0.00214,0.00641","-0.348,0.174,0,0,0,-0.0159,0,-0.0109","-0.0624,-0.0354,-0.0101,0,0.00417,0,0,0.00635",0.609375,0.5223214626312256,2,0.1143510639667511,0.045541707426309586
10,q_proj,gptq,4096,5120,0,0.0020247459411621093,0.0014906883239746093,62.04048747103661,0.02451178447747707,211.04061889648438,152.9658660888672,62.68577575683594,300.3193359375,83.60939025878906,241.79403686523438,0.939614474773407,61.84654998779297,0.32816851139068604,"1320,3245,4605,2523,4311,4267,4938,4709,1538,4101,476,1226,2646,1150,3202,1840",1303.7650146484375,,,,,0,38.8409309387207,104.99082946777344,45.10681915283203,138.12994384765625,"0.500,0.500,0.791,0.382,0.322,0.306,0.315,0.322",1842.0748291015625,2467.415283203125,"172.6,172.6,411.6,2961,2797,2741,2886,2595",53.96361541748047,64.43173217773438,"28.27,28.27,39.75,66.44,67.07,68.24,68.61,65.07","3.567,3.567,6.657,7.312,6.871,6.808,6.972,6.732","5.047,5.047,7.484,11.84,12.1,12.31,12.42,11.86",1844,0.003911142237484455,2918,0.007845964282751083,"3245,2929,1320,4311,4101,4709,2523,3448",1.0968964099884033,0.577606201171875,0.59149169921875,"0.645,0.57,0.568,0.684,0.573,0.483,0.635,0.504","43.5,14.2,9.68,7.48,6.99,6.73,6.25,6.15","0.0562,-0.05,-0.0564,0.00224,0.0151,0.0598,0.0554,0.0596","0.0385,-0.077,-0.077,0,0,0.077,0.0385,0.077","0.0481,-0.0572,-0.0645,0,0.016,0.0513,0.0475,0.077",0.134765625,0.1155133992433548,1,0.4296884536743164,0.2812280058860779
10,k_proj,gptq,1024,5120,0,0.0020416259765625,0.001483917236328125,26.9605238091317,0.02933423725342287,82.36492919921875,58.8338623046875,24.45044708251953,118.20454406738281,33.90852355957031,93.3614501953125,0.939614474773407,26.90996551513672,0.3753831386566162,"1320,3245,4605,2523,4311,4267,4709,4938,476,4101,1538,1226,2646,1840,2929,3212",1303.7650146484375,,,,,0,15.631447792053223,40.429176330566406,18.165498733520508,53.35854721069336,"0.552,0.552,1.057,0.368,0.329,0.319,0.323,0.327",1842.0748291015625,2467.415283203125,"172.6,172.6,411.6,2961,2797,2741,2886,2595",53.96361541748047,64.43173217773438,"28.27,28.27,39.75,66.44,67.07,68.24,68.61,65.07","2.211,2.211,4.43,4.588,4.31,4.328,4.405,4.23","2.976,2.976,4.309,7.558,7.513,7.667,7.755,7.393",889,0.006673293653875589,933,0.03867592290043831,"3245,2929,1320,4311,4101,4709,2523,3448",1.3448728322982788,0.5201416015625,0.4610595703125,"0.418,0.486,0.465,0.544,0.596,0.409,0.513,0.432","43.5,14.2,9.68,7.48,6.99,6.73,6.25,6.15","-0.0317,0.0815,0.0864,0.0708,-0.0845,-0.0752,-0.0449,0.0869","-0.0444,0.0887,0.0887,0.0887,-0.0887,-0.0887,-0.0444,0.0887","-0.0287,0.0699,0.0741,0.0607,-0.0724,-0.0645,-0.0513,0.0745",0.1552734375,0.1330915242433548,1,0.3520514667034149,0.518646240234375
10,v_proj,gptq,1024,5120,0,0.001970863342285156,0.0014890670776367188,5.77129970396345,0.017512988029674346,25.193649291992188,19.67975616455078,7.4743547439575195,20.542388916015625,8.447357177734375,15.185078620910645,0.939614474773407,5.7629828453063965,0.15270087122917175,"1320,4605,3245,2523,4311,4267,4709,2646,4938,1226,4101,476,1538,1840,4263,2929",1303.7650146484375,,,,,0,3.7644596099853516,6.620870113372803,4.869349002838135,8.829081535339355,"0.426,0.426,0.676,0.603,0.565,0.550,0.570,0.561",1842.0748291015625,2467.415283203125,"172.6,172.6,411.6,2961,2797,2741,2886,2595",53.96361541748047,64.43173217773438,"28.27,28.27,39.75,66.44,67.07,68.24,68.61,65.07","0.7433,0.7433,1.416,2.371,2.315,2.306,2.363,2.264","1.138,1.138,1.722,3.054,3.081,3.108,3.131,3.022",976,0.005092868115752935,263,0.0063271005637943745,"3245,2929,1320,4311,4101,4709,2523,3448",0.35362836718559265,0.767333984375,0.87255859375,"0.0385,0.11,0.0691,0.0823,0.111,0.0652,0.0743,0.0997","43.5,14.2,9.68,7.48,6.99,6.73,6.25,6.15","0.000954,0.000801,0.000992,0.00195,0.00348,0.0016,-0.000835,0.00176","0,0,0,0,0.0052,0,0,0","0,0,0,0,0.00607,0,0,0",0.04150390625,0.038522373884916306,1,0.16520561277866364,0.0861767828464508
10,o_proj,gptq,5120,4096,0,0.002100563049316406,0.001442861557006836,50.317948618520916,0.034441892625300265,144.30014038085938,83.54267883300781,0.9354337453842163,3.3215742111206055,0.6942912936210632,2.2996535301208496,0.7878072261810303,50.060089111328125,0.04316947981715202,"3343,3215,3087,2916,3471,2310,3044,1569,1825,2416,712,2856,2180,2660,2613,1953",40.14252853393555,,,,,0,0.22476021945476532,1.0517181158065796,0.5190499424934387,1.3197146654129028,"0.042,0.042,0.080,0.211,0.257,0.288,0.332,0.352",675.7044677734375,1659.1605224609375,"86.36,86.36,262.1,654.8,811.9,947.8,1183,1373",7.375500679016113,8.168468475341797,"6.884,6.884,7.296,7.241,7.41,7.512,7.733,8.044","0.1926,0.1926,0.2856,0.4658,0.5255,0.5594,0.6215,0.6708","0.9396,0.9396,1.007,1.013,1.037,1.043,1.079,1.13",3448,0.029744531959295273,3448,0.0030290812719613314,"3343,3471,3087,3215,2788,2916,2660,1007",0.5817198753356934,0.327880859375,0.31147462129592896,"0.535,0.587,0.652,0.597,0.783,0.535,0.58,0.574","1.58,1.49,1.46,1.41,1.18,1.17,1.14,1.11","0.0679,0.11,0.084,-0.0427,0.0845,-0.151,-0.0302,0.0226","0.096,0.096,0.096,0,0.096,-0.192,0,0","0.0598,0.0946,0.072,-0.046,0.0917,-0.13,-0.0368,0.0272",0.458984375,0.5113599896430969,1,0.09063836932182312,0.057089585810899734
10,gate_proj,gptq,14336,5120,0,0.0020422254289899555,0.0014581271580287388,121.46325176849496,0.01863497119031934,503.8320007324219,396.3232116699219,90.46892547607422,188.92822265625,143.56712341308594,176.7052001953125,0.3281398415565491,121.29290771484375,0.1522127091884613,"4605,3357,4267,1320,4338,711,4709,2646,1702,4101,138,2523,2342,3262,3245,4311",129.8776397705078,,,,,0,68.74761962890625,81.76368713378906,73.83281707763672,95.20088195800781,"1.190,1.190,0.742,0.866,0.807,0.775,0.784,0.770",2409.072265625,3357.509521484375,"178.9,178.9,437.6,3813,3742,3629,3814,3479",31.615013122558594,34.39341354370117,"22.69,22.69,36.68,33.67,34.22,34.14,34.7,34.13","7.083,7.083,8.879,8.798,8.623,8.488,8.668,8.479","6.493,6.493,10.3,9.453,9.598,9.639,9.787,9.666",515,0.0016510820714756846,4151,0.0009952206164598465,"3245,2929,711,3262,4849,4101,4709,2739",0.1282394826412201,0.308323472738266,0.286228746175766,"1.35,1.26,1.55,1.81,1.18,1.4,1.62,1.22","6.8,4.48,2.94,2.89,2.75,2.25,2.13,2.06","0.00952,0.0269,-0.00195,-0.0142,0.266,-0.107,-0.0249,-0.113","0,0,0,0,0.228,-0.0759,0,-0.152","0,0.024,0,-0.0216,0.228,-0.104,-0.017,-0.129",0.265625,0.2276785671710968,1,0.3503635823726654,0.17312338948249817
10,up_proj,gptq,14336,5120,0,0.0020331791469029017,0.00144458498273577,110.74972550767416,0.017163977309957962,488.8348388671875,388.37353515625,88.88352966308594,175.6929931640625,128.59877014160156,166.28543090820312,0.3281398415565491,110.66808319091797,0.10921492427587509,"4605,3357,4267,1320,4338,2646,711,4709,4101,1702,138,2523,4311,2342,3245,3262",129.8776397705078,,,,,0,59.79376220703125,77.1805419921875,69.16465759277344,89.36495971679688,"0.848,0.848,0.541,0.876,0.818,0.795,0.809,0.780",2409.072265625,3357.509521484375,"178.9,178.9,437.6,3813,3742,3629,3814,3479",31.615013122558594,34.39341354370117,"22.69,22.69,36.68,33.67,34.22,34.14,34.7,34.13","5.697,5.697,7.356,8.648,8.503,8.344,8.58,8.308","6.185,6.185,10,9.24,9.403,9.36,9.539,9.407",253,0.0005447507137432694,10212,0.001226790132932365,"3245,2929,711,3262,4849,4101,4709,2739",0.08493088185787201,0.4886474907398224,0.559212863445282,"0.606,0.933,0.673,0.753,1.01,0.848,0.663,0.992","6.8,4.48,2.94,2.89,2.75,2.25,2.13,2.06","-0.00233,0.00708,-0.00586,0.0027,0.00995,0.00485,0.00378,-0.00525","0,0.0117,0,0,0.0117,0.0117,0,0","0,0.00809,-0.0116,0,0.00921,0.00778,0,-0.00645",0.041015625,0.036095935851335526,1,0.1984509527683258,0.11766093969345093
10,down_proj,gptq,5120,14336,0,0.001988002232142857,0.0014257567269461496,181.6184172803405,0.028994759615755105,580.1658325195312,395.5932922363281,2.113833427429199,4.199621200561523,2.9916577339172363,3.9863831996917725,0.7685895562171936,181.53482055664062,0.06046376749873161,"244,5766,8713,5295,8936,2902,188,7138,14119,13136,6104,8825,13044,12370,8052,10098",121.32830810546875,,,,,0,1.2341241836547852,1.7454235553741455,1.901336431503296,2.262934684753418,"0.043,0.043,0.089,1.080,0.960,0.929,0.971,0.891",7142.42138671875,11038.546875,"196.8,196.8,884.5,1.005e+04,9924,1.1e+04,1.343e+04,1.146e+04",7.1180524826049805,8.551218032836914,"4.79,4.79,6.119,7.62,7.884,8.343,8.902,8.497","0.2153,0.2153,0.4028,1.328,1.31,1.376,1.507,1.404","1.033,1.033,1.347,1.278,1.337,1.428,1.53,1.487",3448,0.01571161299943924,3448,0.04180660471320152,"244,10212,7732,10269,12309,3339,11030,4439",0.10537061840295792,0.4117187559604645,0.3997558653354645,"0.674,0.577,0.626,0.69,0.632,0.715,0.757,0.595","0.927,0.912,0.699,0.66,0.633,0.499,0.405,0.379","-0.605,0.0118,0.332,-0.0302,0.0031,-0.0223,0.00778,0.00552","-0.552,0,0.368,0,0,0,0,0","-0.519,0,0.285,0,0,0,0,0",0.64453125,0.5524554252624512,3,0.16419808566570282,0.273348867893219
11,q_proj,gptq,4096,5120,0,0.0020400047302246093,0.001466083526611328,65.97105082630878,0.025917665422074937,217.3816680908203,154.50682067871094,74.55364227294922,309.4554748535156,101.36322021484375,241.9267578125,0.956316351890564,65.74842834472656,0.3073869049549103,"3245,2523,4605,4938,1320,4311,4267,4709,476,2929,1538,1226,266,1840,4263,4101",1121.896484375,,,,,0,47.866302490234375,107.08432006835938,53.106781005859375,134.70126342773438,"0.609,0.609,0.841,0.438,0.385,0.365,0.390,0.387",1853.04052734375,2459.094970703125,"172.3,172.3,388.4,2957,2845,2729,2957,2603",55.24925994873047,64.17439270019531,"31.43,31.43,46.88,65.55,68.09,66.89,67.18,64.55","4.507,4.507,7.76,7.831,7.6,7.278,7.578,7.252","5.777,5.777,8.461,11.83,12.25,12.05,12.13,11.66",1903,0.004276776686310768,2810,0.007289031520485878,"3245,2929,3448,4709,1226,266,4849,4101",1.0622799396514893,0.520843505859375,0.537811279296875,"0.691,0.565,0.52,0.531,0.67,0.719,0.644,0.558","41.5,20.3,8.51,7.75,7.29,5.95,5.85,5.79","0.0109,0.0133,0.0105,0.0161,0.00066,-0.00128,0.0033,-0.0233","0.019,0.019,0.019,0.019,0,0,0,-0.019","0.0202,0.0206,0.0123,0.0186,0,0,0,-0.0239",0.08349609375,0.07967063039541245,1,0.4970099925994873,0.35473713278770447
11,k_proj,gptq,1024,5120,0,0.0020490646362304687,0.001473236083984375,30.61178643871972,0.03278254560378667,86.80216979980469,60.17115783691406,29.772058486938477,126.339111328125,43.3924560546875,101.249267578125,0.956316351890564,30.544677734375,0.3919776678085327,"3245,2523,1320,4605,4311,4267,4938,4709,476,2929,1226,266,4101,1538,4263,1840",1121.896484375,,,,,0,20.86113166809082,44.03399658203125,22.62137794494629,56.80857849121094,"0.924,0.924,1.216,0.424,0.381,0.357,0.391,0.380",1853.04052734375,2459.094970703125,"172.3,172.3,388.4,2957,2845,2729,2957,2603",55.24925994873047,64.17439270019531,"31.43,31.43,46.88,65.55,68.09,66.89,67.18,64.55","3.137,3.137,5.313,5.118,4.986,4.686,4.893,4.692","3.264,3.264,4.817,7.856,8.082,7.843,7.829,7.61",249,0.0078034186735749245,548,0.030354134738445282,"3245,2929,3448,4709,1226,266,4849,4101",1.3344576358795166,0.462646484375,0.38818359375,"0.485,0.55,0.416,0.471,0.612,0.577,0.617,0.697","41.5,20.3,8.51,7.75,7.29,5.95,5.85,5.79","-0.00818,0.000336,-0.0115,0.0114,-0.0204,0.0123,-0.0144,0.0115","0,0,-0.0184,0.0184,-0.0184,0.0184,-0.0184,0.0184","0,0,-0.0188,0.0154,-0.0152,0.0176,-0.0184,0.0169",0.0830078125,0.09617398679256439,1,0.4404681921005249,0.3462167978286743
11,v_proj,gptq,1024,5120,0,0.0020061492919921874,0.0014425277709960937,5.873518513001727,0.019161254165904112,23.75594711303711,18.183639526367188,8.131712913513184,22.432085037231445,9.436790466308594,16.594070434570312,0.956316351890564,5.856424331665039,0.1765919327735901,"3245,4605,2523,1320,4311,4267,2929,4709,4938,476,266,1226,1840,4263,1538,4101",1121.896484375,,,,,0,4.266085624694824,7.269186019897461,5.312859058380127,9.47140884399414,"0.572,0.572,0.597,0.648,0.581,0.559,0.586,0.563",1853.04052734375,2459.094970703125,"172.3,172.3,388.4,2957,2845,2729,2957,2603",55.24925994873047,64.17439270019531,"31.43,31.43,46.88,65.55,68.09,66.89,67.18,64.55","0.9736,0.9736,1.725,2.491,2.436,2.372,2.468,2.324","1.288,1.288,2.233,3.094,3.196,3.172,3.225,3.098",955,0.005093276500701904,176,0.007256211247295141,"3245,2929,3448,4709,1226,266,4849,4101",0.49842146039009094,0.697265625,0.806884765625,"0.0479,0.0902,0.142,0.0649,0.103,0.118,0.15,0.116","41.5,20.3,8.51,7.75,7.29,5.95,5.85,5.79","-0.00237,-0.0032,0.00107,-0.0029,0.00226,-0.00671,0.00314,0.000484","-0.00471,-0.00471,0,-0.00471,0,-0.00471,0.00471,0","0,0,0,0,0,-0.00771,0,0",0.038818359375,0.03686358407139778,1,0.1738240122795105,0.07447674125432968
11,o_proj,gptq,5120,4096,0,0.002088022232055664,0.0014434814453125,49.01276891010639,0.03376206612579473,143.45828247070312,83.24024963378906,0.9094834923744202,3.8112611770629883,0.7486567497253418,2.841890573501587,0.7697535753250122,48.74892044067383,0.04324482008814812,"3865,1277,3294,3550,3166,421,3704,438,1724,4088,1149,493,1276,418,465,3422",22.588682174682617,,,,,0,0.26329079270362854,1.3746123313903809,0.514877200126648,1.4634824991226196,"0.030,0.030,0.055,0.305,0.255,0.269,0.295,0.343",825.2101440429688,1602.5826416015625,"98.84,98.84,335.9,1216,962.3,1088,1201,1601",8.11441707611084,8.541528701782227,"7.677,7.677,9.263,7.882,8.02,7.786,7.998,8.613","0.1998,0.1998,0.3127,0.6192,0.5735,0.5749,0.6155,0.7121","1.156,1.156,1.338,1.121,1.136,1.108,1.133,1.216",3448,0.02033277042210102,3448,0.012551658786833286,"385,1,129,257,1149,293,165,1533",0.44896432757377625,0.32380372285842896,0.3274169862270355,"0.568,0.454,0.71,0.597,0.602,0.559,0.652,0.804","1.33,1.19,1.16,1.15,0.991,0.99,0.97,0.965","-0.011,-0.0554,-0.0679,-0.176,0.193,0.0762,0.00221,0.0189","0,-0.0815,-0.0815,-0.163,0.163,0.0815,0,0.0815","0,0,-0.0527,-0.211,0.166,0.105,0,0.0216",0.462890625,0.48288694024086,1,0.08177731186151505,0.12723803520202637
11,gate_proj,gptq,14336,5120,0,0.0020411763872419087,0.0014685767037527903,126.82846635990427,0.018615019922604652,529.3492431640625,411.77545166015625,105.44522094726562,210.2139434814453,170.85000610351562,202.55245971679688,0.4118248224258423,126.67765045166016,0.1288440078496933,"4605,4267,4338,711,4709,1702,3357,1320,2646,4101,3262,3448,3245,2342,138,3268",101.18083953857422,,,,,0,77.26628112792969,91.0958251953125,91.85893249511719,111.26105499267578,"0.801,0.801,0.964,0.877,0.833,0.820,0.849,0.799",2469.83056640625,3593.86328125,"173.4,173.4,371.5,3876,3754,3737,3967,3706",32.762786865234375,36.6524543762207,"24.17,24.17,34.78,35.07,35.49,35.66,36.19,36.57","6.283,6.283,9.86,9.454,9.312,9.268,9.569,9.403","7.02,7.02,10.04,10.1,10.21,10.23,10.39,10.52",2697,0.0012108167866244912,10928,0.001596231246367097,"3245,2929,711,3262,3448,4709,4849,2739",0.11118444800376892,0.2737514078617096,0.2479509711265564,"1.52,1.38,1.73,1.88,1.36,1.65,1.16,1.2","5.74,4.63,3.89,3.76,2.63,2.46,2.42,1.87","0.0732,-0.0664,0.0138,0.0393,0.0298,0.032,0.0304,-0.0131","0.0586,-0.0586,0,0.0586,0,0.0586,0,0","0.0753,-0.0742,0.0266,0.0377,0.0342,0.0265,0.0396,-0.0219",0.205078125,0.1757812649011612,2,0.3240342140197754,0.2552655339241028
11,up_proj,gptq,14336,5120,0,0.0020293099539620534,0.0014300482613699777,108.87134147920005,0.01752438708440031,476.6518859863281,374.37908935546875,95.92098999023438,185.47274780273438,143.39309692382812,177.450439453125,0.4118248224258423,108.78524017333984,0.09092777967453003,"4605,4267,4338,711,4709,1320,3357,1702,2646,4101,3448,3262,3245,138,2342,2523",101.18083953857422,,,,,0,63.453163146972656,79.43021392822266,79.93594360351562,97.89474487304688,"0.595,0.595,0.717,0.884,0.848,0.836,0.865,0.813",2469.83056640625,3593.86328125,"173.4,173.4,371.5,3876,3754,3737,3967,3706",32.762786865234375,36.6524543762207,"24.17,24.17,34.78,35.07,35.49,35.66,36.19,36.57","4.913,4.913,7.831,8.957,8.847,8.811,9.084,8.908","6.366,6.366,9.247,9.525,9.605,9.636,9.768,9.88",7197,0.0007277103140950203,13936,0.005620811600238085,"3245,2929,711,3262,3448,4709,4849,2739",0.07244186848402023,0.5319650173187256,0.6043614149093628,"0.555,0.901,0.577,0.7,0.598,0.612,1.02,1","5.74,4.63,3.89,3.76,2.63,2.46,2.42,1.87","0.0471,0.00671,0.000228,0.0128,-0.00121,-0.0102,0.0284,-0.0381","0.0368,0,0,0,0,0,0.0368,-0.0368","0.0472,0,0,0.0236,0,-0.00694,0.0244,-0.0326",0.12890625,0.1104910746216774,3,0.23866771161556244,0.10324906557798386
11,down_proj,gptq,5120,14336,0,0.0019980566842215403,0.0014293806893484933,183.3233487129304,0.030253766602799496,563.5530395507812,376.2304382324219,2.182830333709717,4.739118576049805,3.603675365447998,4.054288387298584,0.5338180065155029,183.10154724121094,0.06560507416725159,"13936,8531,1403,8714,9120,425,2604,13532,13058,11430,14115,11364,10633,8476,10450,981",110.80433654785156,,,,,0,1.3788336515426636,1.7876070737838745,2.389700412750244,2.356428384780884,"0.032,0.032,0.325,0.984,0.959,1.005,1.089,1.047",7534.58447265625,13107.5810546875,"207.2,207.2,529.9,1.034e+04,9581,1.155e+04,1.413e+04,1.373e+04",7.717988014221191,9.268155097961426,"6.885,6.885,4.074,8.428,8.188,8.778,9.261,9.243","0.2267,0.2267,0.4442,1.381,1.336,1.448,1.585,1.559","1.261,1.261,0.7792,1.392,1.364,1.444,1.519,1.523",3448,0.03911978006362915,3448,0.034529294818639755,"6483,5926,13936,10840,12173,10217,7923,7888",0.11685031652450562,0.428466796875,0.42524415254592896,"0.597,0.61,0.829,0.575,0.632,0.62,0.671,0.53","1.75,1.1,0.771,0.625,0.582,0.534,0.456,0.442","-0.0898,0.084,-0.789,0.0442,0.0403,-0.148,-0.0591,0.106","0,0,-0.676,0,0,-0.0928,-0.0616,0.225","-0.108,0.0893,-0.902,0,0,-0.167,-0.0837,0.0837",0.7890625,0.6763392686843872,1,0.264207124710083,0.2534126341342926
12,q_proj,gptq,4096,5120,0,0.0020234107971191405,0.001484060287475586,67.81625856654136,0.02836303190383993,209.45010375976562,144.5941162109375,69.47801208496094,284.3682861328125,107.76862335205078,232.1967010498047,0.957683265209198,67.59329223632812,0.3345065712928772,"3245,2523,1320,2929,4311,4605,4267,4938,476,1226,1538,4709,266,1840,4263,3060",1067.728271484375,,,,,0,47.15999984741211,101.86174774169922,59.345985412597656,129.93795776367188,"0.776,0.776,0.912,0.421,0.368,0.372,0.423,0.437",1960.7327880859375,2856.96923828125,"172.1,172.1,310.4,3158,2838,2857,3178,2999",55.14090347290039,64.92425537109375,"30.06,30.06,40.93,68.47,69.81,68.19,67.37,66.24","4.643,4.643,7.061,7.793,7.36,7.262,7.632,7.642","5.272,5.272,7.392,12.01,12.13,11.91,11.73,11.56",3009,0.0031364508904516697,3560,0.006604247726500034,"3245,2929,4709,1226,3448,266,4849,3262",1.2420483827590942,0.524139404296875,0.520355224609375,"0.723,0.63,0.558,0.741,0.538,0.815,0.664,0.615","41.5,25.8,8.57,7.62,7.37,6.27,6.08,5.31","0.025,-0.00668,0.0162,0.000129,0.0013,-0.00742,0.132,0.0325","0.0377,0,0,0,0,0,0.113,0.0377","0.0278,-0.0112,0.0125,0,0,-0.0121,0.113,0.0278",0.1318359375,0.1130022406578064,1,0.41217371821403503,0.1850747913122177
12,k_proj,gptq,1024,5120,0,0.0020458221435546873,0.001442718505859375,29.96668763642083,0.03493716460944879,81.8606185913086,54.854583740234375,27.339492797851562,118.28388977050781,44.369911193847656,93.41024017333984,0.957683265209198,29.857097625732422,0.4080372452735901,"3245,2523,1320,2929,4267,4605,4311,476,4938,1226,4709,1538,1840,266,3060,4263",1067.728271484375,,,,,0,19.887451171875,40.890438079833984,24.16588592529297,52.99765396118164,"1.046,1.046,1.218,0.439,0.363,0.373,0.419,0.431",1960.7327880859375,2856.96923828125,"172.1,172.1,310.4,3158,2838,2857,3178,2999",55.14090347290039,64.92425537109375,"30.06,30.06,40.93,68.47,69.81,68.19,67.37,66.24","3.209,3.209,4.617,5.031,4.743,4.677,4.87,4.878","3.138,3.138,4.185,7.59,7.872,7.656,7.521,7.427",638,0.007291826419532299,38,0.02960522659122944,"3245,2929,4709,1226,3448,266,4849,3262",1.4822393655776978,0.469970703125,0.3984375,"0.478,0.531,0.479,0.622,0.452,0.6,0.548,0.572","41.5,25.8,8.57,7.62,7.37,6.27,6.08,5.31","-0.00592,0.0352,0.00922,-0.0635,-0.000227,0.131,-0.0273,0.00356","0,0.0374,0,-0.0748,0,0.112,-0.0374,0","0,0.041,0.0154,-0.0544,0,0.112,-0.0299,0",0.130859375,0.1121651828289032,1,0.4050237834453583,0.3153591454029083
12,v_proj,gptq,1024,5120,0,0.002031707763671875,0.0014329910278320312,7.83482191197254,0.020955636662462137,30.21202850341797,22.943458557128906,9.882007598876953,26.44122886657715,12.753149032592773,20.901500701904297,0.957683265209198,7.818969249725342,0.16536565124988556,"1320,2929,4605,4267,3245,4311,2523,4709,1226,2646,4101,1840,1538,266,4263,4938",1067.728271484375,,,,,0,5.431637763977051,9.113999366760254,7.415804862976074,11.908470153808594,"0.498,0.498,0.793,0.621,0.538,0.558,0.633,0.608",1960.7327880859375,2856.96923828125,"172.1,172.1,310.4,3158,2838,2857,3178,2999",55.14090347290039,64.92425537109375,"30.06,30.06,40.93,68.47,69.81,68.19,67.37,66.24","1.078,1.078,1.758,2.835,2.678,2.673,2.844,2.756","1.528,1.528,1.974,3.598,3.653,3.578,3.574,3.534",466,0.00619595218449831,859,0.006261039525270462,"3245,2929,4709,1226,3448,266,4849,3262",0.47671234607696533,0.7431640625,0.8702392578125,"0.0423,0.068,0.0687,0.0737,0.151,0.0618,0.158,0.0676","41.5,25.8,8.57,7.62,7.37,6.27,6.08,5.31","0.00334,0.00922,-0.000904,0.00879,-0.0278,0.0117,-0.0216,-0.00186","0,0.0133,0,0.0133,-0.0265,0.0133,-0.0265,-0.0133","0,0.00729,0,0.00785,-0.0265,0.0143,-0.0247,0",0.04638671875,0.0397600457072258,1,0.21082919836044312,0.07010670006275177
12,o_proj,gptq,5120,4096,0,0.0021123409271240233,0.0014478683471679688,56.76952413288382,0.036449886861920314,156.84251403808594,88.5120620727539,0.9693515300750732,3.1670074462890625,1.0843032598495483,2.3483822345733643,0.7788965106010437,56.54615783691406,0.04747653380036354,"2978,2987,2962,3064,3017,3061,3026,3001,3036,3060,3756,1516,3045,2973,2950,3012",22.721914291381836,,,,,0,0.3407077193260193,0.8849781155586243,0.748521089553833,1.4398479461669922,"0.061,0.061,0.073,0.385,0.453,0.463,0.496,0.521",970.4942016601562,2310.774169921875,"65.81,65.81,126.1,1019,1353,1347,1621,2165",6.488964080810547,8.175420761108398,"4.686,4.686,5.044,6.246,7.933,7.519,7.69,8.107","0.1708,0.1708,0.1965,0.5615,0.7277,0.7033,0.758,0.8453","0.6941,0.6941,0.7286,0.9047,1.081,1.033,1.076,1.172",3448,0.008904999122023582,3448,0.02807513438165188,"2987,3047,3064,2506,628,3036,2122,2250",0.2161022275686264,0.3714355528354645,0.32768556475639343,"0.58,0.434,0.54,0.657,0.58,0.441,0.587,0.509","1.1,0.975,0.91,0.796,0.767,0.741,0.738,0.736","-0.0486,-0.00592,0.0223,-0.0352,-0.219,-0.0796,-0.184,-0.159","-0.0633,0,0,-0.0633,-0.19,-0.0633,-0.19,-0.127","-0.0345,0,0.0345,-0.0264,-0.25,-0.0689,-0.21,-0.136",0.28125,0.3324275612831116,1,0.06867357343435287,0.18118996918201447
12,gate_proj,gptq,14336,5120,0,0.0020456314086914062,0.0014735221862792968,133.66908212282578,0.019630925735346645,538.55126953125,417.2401123046875,110.6162338256836,224.90272521972656,160.38644409179688,192.87051391601562,0.44338831305503845,133.51730346679688,0.11281295120716095,"4605,4267,4338,1702,4709,2646,1320,4101,3262,138,3357,711,2929,2342,2739,3268",93.80367279052734,,,,,0,67.59469604492188,82.16374969482422,92.48388671875,112.16954040527344,"0.859,0.859,0.930,0.867,0.776,0.777,0.827,0.797",2395.288818359375,3618.455078125,"139.1,139.1,293.2,3960,3463,3527,3923,3717",30.099609375,36.510894775390625,"16.86,16.86,24.95,36.45,35.86,36.11,36.87,36.83","4.588,4.588,7.019,9.793,9.163,9.195,9.707,9.526","4.95,4.95,7.277,10.52,10.4,10.43,10.67,10.67",11826,0.0035931484308093786,5483,0.002388638211414218,"3245,2929,3262,711,4709,4849,2739,3357",0.13806742429733276,0.290012925863266,0.280674546957016,"1.39,1.29,1.7,1.55,1.61,1.13,1.18,1.26","6.32,5.95,4.47,3.8,2.73,2.72,2.14,2","0.0767,-0.024,0.00754,-0.041,0.0825,-0.124,0.0325,-0.0566","0.0865,0,0,-0.0432,0.0865,-0.13,0.0432,-0.0432","0.0837,-0.0477,0,-0.0379,0.0921,-0.116,0.0244,-0.0432",0.1806640625,0.164778932929039,1,0.5492363572120667,0.45596280694007874
12,up_proj,gptq,14336,5120,0,0.002042252676827567,0.0014377593994140624,117.42568230583856,0.018690358593490216,490.094970703125,381.23553466796875,101.52792358398438,198.87484741210938,141.001708984375,171.4998779296875,0.44338831305503845,117.28224182128906,0.08541996777057648,"4605,4267,4338,1702,4709,2646,1320,4101,138,3357,711,2929,3262,5107,3268,2739",93.80367279052734,,,,,0,58.941162109375,72.71023559570312,82.67279815673828,99.57914733886719,"0.726,0.726,0.751,0.880,0.790,0.792,0.842,0.812",2395.288818359375,3618.455078125,"139.1,139.1,293.2,3960,3463,3527,3923,3717",30.099609375,36.510894775390625,"16.86,16.86,24.95,36.45,35.86,36.11,36.87,36.83","3.891,3.891,5.899,9.307,8.684,8.769,9.246,9.058","4.566,4.566,6.808,9.924,9.773,9.852,10.08,10.05",10718,0.0006098292651586235,4018,0.0006639391649514437,"3245,2929,3262,711,4709,4849,2739,3357",0.10172213613986969,0.482945054769516,0.560494601726532,"0.593,0.894,0.766,0.715,0.647,0.998,0.985,0.76","6.32,5.95,4.47,3.8,2.73,2.72,2.14,2","-0.000223,-0.00363,0.00079,0.00256,-5.01e-05,0.00436,0.000713,0.00824","0,0,0,0,0,0,0,0.00921","0,0,0,0,0,0,0,0.00865",0.0615234375,0.05561472102999687,1,0.21445141732692719,0.1370343118906021
12,down_proj,gptq,5120,14336,0,0.00200237546648298,0.0014279093061174664,176.6974680303125,0.028825795576985624,558.5537719726562,378.0152587890625,2.2831759452819824,4.640417098999023,3.4281506538391113,3.711935520172119,0.939702033996582,176.60305786132812,0.08312433212995529,"99,4543,8453,9666,11566,7919,2445,1296,6798,13635,5429,7012,7563,944,2108,2055",319.63946533203125,,,,,0,1.2951228618621826,1.3561334609985352,2.2448489665985107,2.338402032852173,"0.958,0.958,0.109,1.038,0.949,0.966,1.036,1.005",6879.84619140625,12234.6572265625,"104.9,104.9,261.7,9816,9135,1.048e+04,1.289e+04,1.225e+04",6.370590686798096,9.282352447509766,"1.603,1.603,4.13,8.19,8.33,8.71,9.231,9.167","0.2542,0.2542,0.2425,1.364,1.319,1.395,1.536,1.507","0.2597,0.2597,0.7351,1.338,1.355,1.419,1.509,1.502",3448,0.010259652510285378,3448,0.01701630838215351,"99,971,8907,13607,6389,6009,6600,2889",0.11364395171403885,0.41191408038139343,0.4041748046875,"0.795,0.682,0.653,0.647,0.519,0.657,0.657,0.644","1.63,0.84,0.648,0.611,0.519,0.497,0.493,0.479","-0.746,0.0693,0.0315,-0.0294,0.0679,0.434,-0.0366,-0.00433","-0.853,0.104,0,0,0,0.426,-0.0562,0","-0.853,0.117,0.0472,0,0.0592,0.372,-0.0424,0",0.74609375,0.8526785969734192,1,0.13364170491695404,0.17671974003314972
13,q_proj,gptq,4096,5120,0,0.0020398616790771483,0.0014681816101074219,77.26653722007177,0.03153868210896641,226.22496032714844,157.60247802734375,89.18016052246094,345.5819091796875,124.91043090820312,270.94000244140625,0.9503026604652405,77.03958892822266,0.3393523693084717,"3245,2929,4267,2523,4311,1320,4605,266,476,4938,1322,4263,1538,1840,3202,4709",874.7374877929688,,,,,0,53.67772674560547,117.79988861083984,70.43585205078125,155.08961486816406,"0.755,0.755,0.860,0.470,0.371,0.364,0.405,0.427",1754.666748046875,2658.136474609375,"169,169,294.3,2873,2467,2509,2844,2712",56.19721603393555,68.2264633178711,"28.68,28.68,38.86,69.91,71.82,70.94,70.85,69.83","4.678,4.678,7.017,8.702,7.935,7.816,8.245,8.285","5.385,5.385,7.569,12.69,13.03,12.95,12.95,12.69",1330,0.007391832768917084,487,0.008584768511354923,"3245,2929,4709,3448,1226,4849,266,3262",1.0392332077026367,0.502532958984375,0.540130615234375,"0.752,0.591,0.527,0.574,0.747,0.635,0.723,0.617","38.7,28.6,9.74,8.35,8.31,7.02,6.19,6.1","0.00775,-0.0168,0.00793,-0.00586,-0.00317,0.0276,0.00183,-0.00252","0,0,0,0,0,0,0,0","0,-0.0218,0,0,0,0.0223,0,0",0.20703125,0.2366071492433548,1,0.6822571754455566,0.6926574110984802
13,k_proj,gptq,1024,5120,0,0.002035713195800781,0.0014711380004882812,33.78077715271502,0.03767688280140256,88.85310363769531,58.98753356933594,35.26274108886719,145.09823608398438,51.75312423706055,110.87815856933594,0.9503026604652405,33.729007720947266,0.39802780747413635,"3245,2929,4311,2523,4267,476,1320,266,4938,4605,1226,4263,4709,1840,3202,1322",874.7374877929688,,,,,0,22.69014549255371,47.78826904296875,28.5771427154541,64.66845703125,"0.795,0.795,1.327,0.482,0.372,0.362,0.404,0.430",1754.666748046875,2658.136474609375,"169,169,294.3,2873,2467,2509,2844,2712",56.19721603393555,68.2264633178711,"28.68,28.68,38.86,69.91,71.82,70.94,70.85,69.83","2.993,2.993,4.874,5.648,5.129,5.031,5.266,5.348","3.358,3.358,4.231,8.13,8.409,8.363,8.285,8.153",315,0.01684706285595894,680,0.017778439447283745,"3245,2929,4709,3448,1226,4849,266,3262",1.3510963916778564,0.44921875,0.400146484375,"0.499,0.558,0.475,0.478,0.646,0.625,0.637,0.536","38.7,28.6,9.74,8.35,8.31,7.02,6.19,6.1","-0.0029,-0.0227,-0.00121,0.00583,-0.0249,0.0117,-0.00246,0.00543","0,-0.0379,0,0,0,0,0,0","0,-0.0197,0,0,-0.0187,0.0194,0,0",0.1328125,0.13853678107261658,1,0.6656671762466431,0.268363893032074
13,v_proj,gptq,1024,5120,0,0.0020122528076171875,0.0014600753784179688,7.321744382941688,0.023250205779612527,26.469894409179688,19.580036163330078,10.255749702453613,27.714481353759766,12.114142417907715,19.979429244995117,0.9503026604652405,7.274503707885742,0.2077733874320984,"4267,1320,2929,3442,4605,4311,2523,266,1840,1226,4263,3060,4938,4709,2864,1322",874.7374877929688,,,,,0,5.0123162269592285,8.457551002502441,7.226827144622803,11.8434419631958,"0.560,0.560,0.900,0.637,0.532,0.545,0.599,0.584",1754.666748046875,2658.136474609375,"169,169,294.3,2873,2467,2509,2844,2712",56.19721603393555,68.2264633178711,"28.68,28.68,38.86,69.91,71.82,70.94,70.85,69.83","0.9618,0.9618,1.661,2.764,2.566,2.573,2.735,2.678","1.285,1.285,1.751,3.464,3.518,3.483,3.535,3.505",163,0.007783109322190285,740,0.009722434915602207,"3245,2929,4709,3448,1226,4849,266,3262",0.41908201575279236,0.7200927734375,0.866943359375,"0.0367,0.0733,0.0688,0.108,0.0906,0.166,0.0832,0.0964","38.7,28.6,9.74,8.35,8.31,7.02,6.19,6.1","-0.000343,-0.00127,-0.00034,0.00105,-0.00214,-0.000235,0.000187,0.00549","0,0,0,0.00432,0,0,0,0.00865","0,0,0,0,0,0,0,0.00854",0.0419921875,0.04726908728480339,1,0.22635672986507416,0.1230277493596077
13,o_proj,gptq,5120,4096,0,0.002082681655883789,0.001453733444213867,60.801519198223104,0.04112395684743746,168.93838500976562,84.5306396484375,1.0643157958984375,3.8036715984344482,1.0011670589447021,2.3814938068389893,0.6816431879997253,60.443546295166016,0.03856654837727547,"3451,1522,3323,1394,1630,3209,3081,1100,3195,596,2377,3777,2014,3579,3337,1266",28.198280334472656,,,,,0,0.26778826117515564,0.9125754833221436,0.7480008602142334,1.466177225112915,"0.040,0.040,0.081,0.304,0.402,0.370,0.432,0.478",766.8995971679688,2073.761962890625,"76.64,76.64,180.7,749.4,1179,930.4,1211,1732",6.54268741607666,8.12051010131836,"6.017,6.017,6.134,6.393,6.738,6.506,6.969,7.569","0.1751,0.1751,0.2516,0.5097,0.6188,0.5684,0.6647,0.7811","0.8769,0.8769,0.8838,0.925,0.9761,0.9343,1.012,1.13",3448,0.029380053281784058,3448,0.002742643700912595,"3323,3195,3579,2014,1630,1758,1886,3451",0.24212880432605743,0.37456056475639343,0.32902833819389343,"0.628,0.507,0.809,0.527,0.572,0.54,0.737,0.5","1.27,1.27,1.11,1.05,1.02,1.01,0.967,0.966","-0.373,-0.14,-0.2,-0.0972,-0.0811,-0.0635,0.122,-0.232","-0.426,-0.107,-0.213,-0.107,-0.107,0,0.107,-0.213","-0.426,-0.16,-0.229,-0.0833,-0.0695,-0.0539,0.104,-0.266",0.50390625,0.5922052264213562,1,0.1060740202665329,0.05111829563975334
13,gate_proj,gptq,14336,5120,0,0.002046680450439453,0.0014591080801827567,128.38240874977055,0.01942771189512411,521.4893798828125,405.508056640625,111.18412017822266,225.20870971679688,154.75701904296875,195.308837890625,0.4111882448196411,128.24365234375,0.11330696195363998,"3357,4267,4605,4338,1702,4709,2646,3262,2342,4101,1320,138,711,4673,3268,2929",94.06542205810547,,,,,0,64.4310531616211,82.8713150024414,90.46066284179688,112.74459075927734,"1.004,1.004,0.507,0.824,0.746,0.764,0.803,0.779",2278.10546875,3551.720703125,"170.1,170.1,324.8,3788,3228,3304,3684,3557",30.763389587402344,37.07856750488281,"18.3,18.3,26.8,36.86,35.91,35.9,36.95,37.08","5.369,5.369,5.568,9.578,8.864,8.949,9.441,9.342","5.357,5.357,7.818,10.55,10.26,10.24,10.54,10.58",9730,0.001669481978751719,5431,0.004723060876131058,"2929,3245,3262,4709,711,4849,3448,2739",0.15609394013881683,0.2754778265953064,0.2604544758796692,"1.36,1.46,1.71,1.61,1.52,1.13,1.32,1.17","5.99,5.86,5.35,3.07,2.98,2.7,2.11,2.06","-0.0162,0.00568,-0.00574,-0.00491,0.000158,0.000484,0.00363,0.0118","0,0,0,0,0,0,0,0","-0.0191,0,0,-0.00872,0,0,0,0.0212",0.12451171875,0.10841566324234009,1,0.3621636629104614,0.178773894906044
13,up_proj,gptq,14336,5120,0,0.0020352772303989957,0.0014283725193568637,116.23502645631379,0.018239919413315098,492.6434020996094,384.4061279296875,106.23538208007812,205.84909057617188,141.00076293945312,177.89324951171875,0.4111882448196411,116.14833068847656,0.08212126046419144,"3357,4267,4605,4338,1702,4709,2646,3262,1320,4101,138,2342,711,2929,4673,3379",94.06542205810547,,,,,0,57.95944595336914,75.23474884033203,83.99238586425781,103.00213623046875,"0.804,0.804,0.410,0.856,0.770,0.783,0.821,0.795",2278.10546875,3551.720703125,"170.1,170.1,324.8,3788,3228,3304,3684,3557",30.763389587402344,37.07856750488281,"18.3,18.3,26.8,36.86,35.91,35.9,36.95,37.08","4.469,4.469,4.672,9.29,8.6,8.698,9.163,9.057","4.983,4.983,7.296,10.04,9.804,9.829,10.11,10.16",7307,0.0006121425540186465,13801,0.0011978097027167678,"2929,3245,3262,4709,711,4849,3448,2739",0.10477375984191895,0.4811576008796692,0.5794416666030884,"0.839,0.541,0.764,0.632,0.763,1.02,0.562,0.995","5.99,5.86,5.35,3.07,2.98,2.7,2.11,2.06","0.0203,-0.00739,0.000165,-0.00162,-0.0009,0.00644,0.00711,-0.0118","0.0363,0,0,0,0,0,0,0","0.023,0,0,0,0,0,0,-0.0119",0.126953125,0.1088169738650322,1,0.2127777487039566,0.21808068454265594
13,down_proj,gptq,5120,14336,0,0.001996898651123047,0.0014361654009137834,171.73164197868027,0.027647779112678662,551.510009765625,376.3150939941406,2.529512405395508,6.598893642425537,3.5807199478149414,4.997992038726807,0.4658909738063812,171.44229125976562,0.12322241812944412,"356,13145,13800,625,2222,3766,7508,7106,8278,8612,13963,7982,5094,6974,3438,13535",3703.69775390625,,,,,0,1.3002375364303589,1.630784511566162,2.3250679969787598,2.8738322257995605,"0.516,0.516,0.028,1.072,0.905,0.896,0.954,0.943",5901.71435546875,10908.9931640625,"113.4,113.4,232.8,8377,7560,8730,1.116e+04,1.093e+04",6.8739848136901855,9.807708740234375,"1.938,1.938,7.02,8.278,8.157,8.71,9.47,9.478","0.2629,0.2629,0.2401,1.388,1.282,1.378,1.541,1.537","0.366,0.366,1.431,1.34,1.348,1.456,1.578,1.583",3448,0.017051998525857925,3448,0.05646813288331032,"13145,12761,8241,5651,11319,13277,13535,9425",0.17338915169239044,0.4300537109375,0.4287353456020355,"0.834,0.541,0.687,0.741,0.616,0.563,0.5,0.591","1.94,0.782,0.707,0.641,0.478,0.468,0.452,0.427","-0.793,-0.0864,-0.0222,-0.0525,0.0669,0.0505,-0.0693,-0.11","-0.68,0,0,-0.0689,0.0991,0.0814,0,0","-0.68,-0.111,-0.0382,-0.0405,0.0848,0.0692,-0.0709,-0.0915",0.79296875,0.6796875596046448,2,0.16746586561203003,0.32035768032073975
14,q_proj,gptq,4096,5120,0,0.00203857421875,0.0014887809753417968,76.65123116625182,0.03198040237425782,222.93313598632812,158.14051818847656,93.99746704101562,366.5119323730469,132.57254028320312,295.15692138671875,0.9438959360122681,76.40286254882812,0.3190053403377533,"3442,3245,2929,4605,4267,1320,4709,2523,4311,1226,476,4938,3060,2646,266,1840",854.0789794921875,,,,,0,57.0125732421875,129.43881225585938,72.74069213867188,167.18348693847656,"0.691,0.691,0.881,0.469,0.353,0.341,0.373,0.407",1712.3447265625,2628.431884765625,"169.1,169.1,280.3,2997,2414,2339,2654,2677",59.6221923828125,70.75920104980469,"33.19,33.19,39.95,73.67,75.62,74.15,74.09,73.12","5.385,5.385,7.237,9.007,8.073,7.825,8.196,8.43","6.478,6.478,7.708,13.15,13.59,13.4,13.42,13.22",3064,0.009391347877681255,2989,0.00535000953823328,"3245,2929,3448,4709,4849,1226,3262,266",1.2229211330413818,0.51361083984375,0.551544189453125,"0.679,0.567,0.775,0.506,0.651,0.694,0.582,0.705","39.9,29.9,11.9,11.6,7.84,7.26,6.96,5.87","-0.000153,-0.00208,-0.00287,-0.0116,0.0508,-0.0016,-0.0157,-0.0127","0,0,0,0,0.0569,0,0,0","0,0,0,-0.0121,0.0508,0,0,0",0.19921875,0.18986837565898895,1,0.7823003530502319,0.36518216133117676
14,k_proj,gptq,1024,5120,0,0.00205535888671875,0.0014669418334960938,31.015221596426272,0.03568252605992672,85.02046203613281,61.14744567871094,35.9970817565918,153.26528930664062,49.75994110107422,119.19735717773438,0.9438959360122681,30.89899253845215,0.3352641761302948,"3245,4267,2929,2523,4605,3442,1320,4709,4311,476,4938,266,1226,1840,2646,3060",854.0789794921875,,,,,0,21.006860733032227,51.19556427001953,27.998680114746094,68.85990142822266,"0.649,0.649,1.004,0.447,0.324,0.319,0.343,0.378",1712.3447265625,2628.431884765625,"169.1,169.1,280.3,2997,2414,2339,2654,2677",59.6221923828125,70.75920104980469,"33.19,33.19,39.95,73.67,75.62,74.15,74.09,73.12","3.033,3.033,4.362,5.505,4.935,4.841,5.036,5.213","3.766,3.766,4.354,8.232,8.676,8.565,8.603,8.476",952,0.007298492360860109,566,0.016471177339553833,"3245,2929,3448,4709,4849,1226,3262,266",1.6127010583877563,0.4517822265625,0.44580078125,"0.438,0.465,0.424,0.435,0.624,0.535,0.465,0.509","39.9,29.9,11.9,11.6,7.84,7.26,6.96,5.87","0.00209,0.00787,0.00346,0.013,-0.0116,0.00537,0.0115,0.0126","0,0,0,0.0209,0,0,0.0209,0.0209","0,0.0133,0,0.0174,-0.0174,0,0.019,0.0176",0.0908203125,0.08321525901556015,1,0.42163848876953125,0.18693475425243378
14,v_proj,gptq,1024,5120,0,0.0020420074462890623,0.0014850616455078125,8.037150696771732,0.026163165483536855,26.605995178222656,18.699983596801758,11.053417205810547,33.704612731933594,13.49592399597168,24.870912551879883,0.9438959360122681,7.9755353927612305,0.2693026065826416,"3442,4605,4267,2523,4709,1320,2929,4311,3245,2646,1226,3060,4263,4101,4938,1840",854.0789794921875,,,,,0,5.57595682144165,10.308732986450195,7.7873382568359375,14.582592964172363,"0.640,0.640,0.770,0.633,0.473,0.479,0.510,0.528",1712.3447265625,2628.431884765625,"169.1,169.1,280.3,2997,2414,2339,2654,2677",59.6221923828125,70.75920104980469,"33.19,33.19,39.95,73.67,75.62,74.15,74.09,73.12","1.13,1.13,1.703,3.061,2.699,2.646,2.761,2.805","1.414,1.414,1.94,3.849,3.925,3.825,3.866,3.862",880,0.008210311643779278,280,0.012676660902798176,"3245,2929,3448,4709,4849,1226,3262,266",0.6777130961418152,0.7406005859375,0.824462890625,"0.0477,0.0844,0.0742,0.0825,0.173,0.104,0.0721,0.112","39.9,29.9,11.9,11.6,7.84,7.26,6.96,5.87","0.00172,0.0256,-0.0117,0.00854,-0.012,0.000374,0.00546,0.00623","0,0.0315,0,0,0,0,0,0","0,0.022,0,0.00827,-0.0105,0,0.0045,0.00453",0.1103515625,0.0945870578289032,1,0.24454602599143982,0.1718999743461609
14,o_proj,gptq,5120,4096,0,0.002119779586791992,0.0014403820037841796,50.754898938380535,0.03494300258605008,148.05731201171875,82.52659606933594,0.8667801022529602,3.242475986480713,0.6522191762924194,2.247972011566162,0.743857741355896,50.3878059387207,0.04362155497074127,"446,2297,1763,318,1721,1747,3201,2553,3457,3556,442,3312,2169,3329,1593,3300",29.27684211730957,,,,,0,0.15413689613342285,0.926241934299469,0.4897994101047516,1.3083221912384033,"0.020,0.020,0.078,0.209,0.196,0.202,0.205,0.344",531.84375,1677.984130859375,"53.45,53.45,458.3,761.2,519.1,506.1,523.1,1380",6.785550594329834,8.03864860534668,"6.387,6.387,6.861,6.591,6.824,6.758,6.793,7.684","0.1292,0.1292,0.2808,0.4263,0.4169,0.4223,0.4265,0.6365","0.9209,0.9209,1.005,0.9323,0.9411,0.9399,0.9424,1.085",3448,0.022924508899450302,3448,0.016588538885116577,"1721,1593,1849,1977,446,318,2297,190",0.9688218235969543,0.33857423067092896,0.32038575410842896,"0.488,0.707,0.58,0.582,0.589,0.612,0.595,0.537","1.45,1.38,1.32,1.28,1.21,1.11,0.984,0.976","0.0879,0.0225,0.0211,0.00394,0.231,0.0147,0.0356,0.0708","0.0661,0.0661,0,0,0.198,0,0.0661,0.0661","0.0791,0.0294,0.0202,0,0.198,0,0.0413,0.0741",0.486328125,0.5813239216804504,1,0.06311985850334167,0.1212150901556015
14,gate_proj,gptq,14336,5120,0,0.00204120363507952,0.00145984377179827,125.84282635435143,0.01990376023053214,502.00177001953125,392.9039001464844,111.02044677734375,226.87741088867188,150.80056762695312,184.78761291503906,0.4376826286315918,125.6920166015625,0.13129328191280365,"3442,4267,4605,4338,4709,2646,1702,3262,4101,138,2929,3379,1320,2342,4673,5107",101.81416320800781,,,,,0,60.416786193847656,75.71944427490234,88.40319061279297,109.52989196777344,"0.826,0.826,1.055,0.833,0.744,0.737,0.779,0.776",2128.869384765625,3412.831298828125,"127.4,127.4,274.1,3671,3019,2992,3397,3422",29.38477325439453,36.95964813232422,"15.38,15.38,23.09,36.98,35.49,35.21,36.56,36.99","4.023,4.023,6.735,9.467,8.662,8.559,9.121,9.192","4.426,4.426,6.558,10.37,10.04,9.971,10.33,10.44",5583,0.003493399126455188,13248,0.003948691301047802,"2929,3245,3262,4709,4849,711,4338,2739",0.15941163897514343,0.2914341688156128,0.2812761664390564,"1.35,1.38,1.68,1.6,1.15,1.44,1.64,1.18","6.24,5.6,5.37,3.57,2.78,2.51,2.21,2.09","-0.054,0.0579,0.0562,0.0378,-0.0579,-0.0287,0.0442,-0.0141","-0.0798,0.0798,0,0,-0.0798,0,0.0798,0","-0.0731,0.0444,0.0444,0.0441,-0.0485,0,0,0",0.33984375,0.34157079458236694,1,0.511966347694397,0.2654217779636383
14,up_proj,gptq,14336,5120,0,0.0020477703639439175,0.0014411653791155134,119.0787969762013,0.018207922095277496,504.4271240234375,394.14703369140625,113.18605041503906,218.03097534179688,144.16177368164062,177.91778564453125,0.4376826286315918,119.00660705566406,0.08960902690887451,"3442,4605,4267,4338,2646,4709,1702,4101,3262,138,2929,3379,1320,4673,5107,2342",101.81416320800781,,,,,0,57.070587158203125,72.44744873046875,86.50435638427734,105.54119110107422,"0.600,0.600,0.751,0.864,0.768,0.773,0.809,0.803",2128.869384765625,3412.831298828125,"127.4,127.4,274.1,3671,3019,2992,3397,3422",29.38477325439453,36.95964813232422,"15.38,15.38,23.09,36.98,35.49,35.21,36.56,36.99","3.309,3.309,5.574,9.453,8.597,8.552,9.104,9.181","4.273,4.273,6.433,10.17,9.807,9.725,10.12,10.25",10941,0.000653423834592104,114,0.0008543049916625023,"2929,3245,3262,4709,4849,711,4338,2739",0.10172565281391144,0.473728746175766,0.555794894695282,"0.824,0.562,0.747,0.653,1.03,0.822,0.671,0.993","6.24,5.6,5.37,3.57,2.78,2.51,2.21,2.09","-0.0126,0.00126,0.00182,-0.00121,-0.00748,0.00513,0.00374,0.0342","-0.023,0,0,0,0,0,0,0.046","-0.011,0,0,0,-0.00666,0,0,0.0293",0.1357421875,0.163580983877182,1,0.2197517603635788,0.11856856942176819
14,down_proj,gptq,5120,14336,0,0.001994051252092634,0.0014392035348074776,189.9051672464957,0.02985412765795219,581.5267333984375,389.406982421875,2.7603302001953125,5.328266620635986,3.5910837650299072,3.8505821228027344,0.8985298275947571,189.70648193359375,0.11053690314292908,"12307,10076,2576,4444,3178,3192,9030,10156,14230,13381,2108,2295,7959,8303,2850,5583",223.7042236328125,,,,,0,1.3254743814468384,1.3545736074447632,2.3513402938842773,2.4276323318481445,"0.724,0.724,0.190,1.042,0.949,0.989,1.039,1.018",5732.85546875,10340.181640625,"102,102,195.4,8419,7441,8307,1.07e+04,1.06e+04",6.13866662979126,9.219926834106445,"1.493,1.493,3.181,8.238,8.076,8.295,9.112,9.221","0.227,0.227,0.2621,1.406,1.313,1.381,1.552,1.554","0.2668,0.2668,0.6021,1.378,1.348,1.389,1.522,1.54",3448,0.00844051968306303,3448,0.022767623886466026,"104,3388,5316,12307,4594,2807,4529,9468",0.12687739729881287,0.4254394471645355,0.3971923887729645,"0.659,0.56,0.743,0.707,0.592,0.734,0.619,0.651","1.41,0.812,0.692,0.601,0.597,0.415,0.405,0.388","0.00754,0.0688,0.000526,-0.648,0.0752,0.0111,0.252,0.0269","0,0,0,-0.556,0.0742,0,0.185,0","0,0.0898,0,-0.556,0.104,0,0.209,0",0.6484375,0.5558035969734192,1,0.12061920762062073,0.2033517211675644
15,q_proj,gptq,4096,5120,0,0.0020277023315429686,0.0014545917510986328,69.72150500807038,0.02854023350653158,215.9769744873047,149.18008422851562,77.90454864501953,304.5096435546875,108.06663513183594,246.3111572265625,0.9417387843132019,69.47224426269531,0.3612767159938812,"3442,2929,4267,3245,2523,4311,4605,476,1320,1226,4709,266,3060,1840,4263,4938",859.0612182617188,,,,,0,47.20994567871094,107.59869384765625,59.88564682006836,140.33132934570312,"0.811,0.811,0.906,0.447,0.349,0.340,0.381,0.416",1760.2510986328125,2652.439697265625,"177.1,177.1,278.8,2996,2499,2445,2735,2774",55.903804779052734,67.08007049560547,"28.98,28.98,36.9,69.83,72.3,70.48,70.2,69.54","4.686,4.686,6.269,8.192,7.5,7.219,7.596,7.83","5.203,5.203,6.588,12.25,12.7,12.38,12.3,12.14",3304,0.005407500546425581,806,0.005200700368732214,"3245,2929,4709,1226,3448,3262,4849,266",1.2713379859924316,0.529083251953125,0.55517578125,"0.676,0.574,0.505,0.693,0.487,0.595,0.664,0.744","38.4,31.7,11.8,7.91,7.9,7.26,6.33,6.28","0.0752,-0.0579,0.0542,5.22e-05,0.0693,0.0649,-0.025,-0.0142","0.0759,-0.0759,0.0379,0,0.0759,0.0759,0,0","0.0645,-0.0661,0.0582,0,0.0759,0.0645,-0.0286,-0.0114",0.1328125,0.1138392835855484,1,0.5514957308769226,0.19424399733543396
15,k_proj,gptq,1024,5120,0,0.002046012878417969,0.0014493942260742187,32.820789617835544,0.03557238667860962,89.333251953125,60.1854248046875,32.473854064941406,135.94772338867188,47.43821334838867,110.67800903320312,0.9417387843132019,32.783790588378906,0.44145065546035767,"3442,2929,3245,2523,4311,4267,476,1320,4605,1226,4709,266,1840,3060,4263,1538",859.0612182617188,,,,,0,21.363567352294922,48.394775390625,26.004518508911133,63.60196304321289,"0.797,0.797,1.253,0.464,0.340,0.331,0.356,0.397",1760.2510986328125,2652.439697265625,"177.1,177.1,278.8,2996,2499,2445,2735,2774",55.903804779052734,67.08007049560547,"28.98,28.98,36.9,69.83,72.3,70.48,70.2,69.54","3.262,3.262,4.468,5.512,4.978,4.784,4.964,5.193","3.655,3.655,3.992,8.09,8.538,8.311,8.319,8.238",953,0.01474000234156847,38,0.026939082890748978,"3245,2929,4709,1226,3448,3262,4849,266",1.6412403583526611,0.47998046875,0.4381103515625,"0.477,0.52,0.459,0.588,0.577,0.523,0.573,0.591","38.4,31.7,11.8,7.91,7.9,7.26,6.33,6.28","-0.011,0.0103,-0.0236,-0.0417,-0.0094,-0.00232,-0.0454,-0.0309","0,0,0,-0.0516,0,-0.0516,0,-0.0516","0,0.0156,-0.0299,-0.0416,-0.0137,0,-0.0481,-0.0319",0.1806640625,0.2064732164144516,1,0.6043747663497925,0.4106403589248657
15,v_proj,gptq,1024,5120,0,0.0020046234130859375,0.0014440536499023438,8.358107874153575,0.026415824777682066,27.35618782043457,18.94289779663086,9.956842422485352,26.855239868164062,12.282999038696289,20.141748428344727,0.9417387843132019,8.287797927856445,0.3336220979690552,"3442,4267,4605,2929,1320,4311,2523,1226,1840,3060,4709,476,4263,266,3245,2646",859.0612182617188,,,,,0,5.178715705871582,8.384392738342285,7.074118137359619,11.57972526550293,"0.815,0.815,1.071,0.691,0.532,0.531,0.576,0.587",1760.2510986328125,2652.439697265625,"177.1,177.1,278.8,2996,2499,2445,2735,2774",55.903804779052734,67.08007049560547,"28.98,28.98,36.9,69.83,72.3,70.48,70.2,69.54","1.252,1.252,1.752,2.898,2.55,2.516,2.625,2.665","1.387,1.387,1.693,3.486,3.498,3.452,3.459,3.477",570,0.007952571846544743,519,0.016352025792002678,"3245,2929,4709,1226,3448,3262,4849,266",0.9154692888259888,0.7720947265625,0.858642578125,"0.0436,0.0827,0.0724,0.103,0.0998,0.0697,0.153,0.0887","38.4,31.7,11.8,7.91,7.9,7.26,6.33,6.28","0.000462,0.000717,0.00461,0.000492,0.000454,0.00176,-0.00592,-0.000889","0,0,0,0,0,0,-0.0102,0","0,0,0.00788,0,0,0,-0.00746,0",0.038330078125,0.04651055112481117,1,0.22743463516235352,0.21818317472934723
15,o_proj,gptq,5120,4096,0,0.0021008968353271483,0.001447772979736328,52.892425631638616,0.03538574364162697,151.9363250732422,85.33830261230469,1.1899292469024658,4.514571189880371,0.9593549966812134,3.0762295722961426,0.766320526599884,52.71953582763672,0.042890433222055435,"3865,3993,3609,1251,4066,3938,747,3946,4074,3690,3682,3856,1507,3984,3600,2827",22.30816650390625,,,,,0,0.2685092091560364,1.2578195333480835,0.7225499153137207,1.907304286956787,"0.027,0.027,0.073,0.232,0.234,0.257,0.298,0.378",666.1876220703125,1800.3399658203125,"60.55,60.55,198.7,708.8,714.9,812.9,1043,1730",7.7559614181518555,9.484601020812988,"6.962,6.962,7.308,7.584,7.707,7.885,8.339,9.302","0.1643,0.1643,0.282,0.5366,0.5397,0.5727,0.6486,0.8286","0.9924,0.9924,1.047,1.114,1.116,1.13,1.189,1.348",3448,0.014858453534543514,3448,0.02931571938097477,"4066,3682,3938,3810,3015,2699,2571,2887",0.4477054178714752,0.38056641817092896,0.3438476622104645,"0.539,0.522,0.424,0.848,0.624,0.477,0.504,0.633","1.25,1.25,1.25,1.25,1.19,1.09,1.04,0.976","-0.00885,-0.119,-0.0422,-0.041,-0.0135,0.106,-0.0104,0.0198","0,-0.0943,0,-0.0943,0,0.0943,0,0","0,-0.136,-0.0362,-0.036,0,0.0908,0,0.0276",0.439453125,0.53087317943573,1,0.06578901410102844,0.1911463588476181
15,gate_proj,gptq,14336,5120,0,0.0020390238080705914,0.0014493942260742187,125.42831654098717,0.020733603080496116,484.38262939453125,380.8804626464844,107.24542236328125,227.349365234375,147.0321044921875,188.62274169921875,0.43084844946861267,125.2301025390625,0.14794772863388062,"4605,4267,3442,4338,2646,4709,1702,3262,138,4101,3379,2929,2342,2739,4673,5107",107.89765930175781,,,,,0,59.29216766357422,78.36324310302734,85.57843017578125,110.90968322753906,"0.817,0.817,1.020,0.780,0.697,0.693,0.725,0.728",2050.795654296875,3294.498046875,"122,122,255.4,3452,2915,2915,3300,3326",30.39068603515625,37.75040817260742,"16.68,16.68,25.36,37.15,36.08,36.05,37.4,37.73","4.314,4.314,7.337,9.097,8.406,8.367,8.887,8.993","4.774,4.774,7.266,10.3,10.07,10.05,10.43,10.54",7151,0.0028471611440181732,488,0.0032519090455025434,"2929,3245,3262,4709,4849,711,4338,2739",0.21046215295791626,0.3061436414718628,0.2929164469242096,"1.34,1.36,1.66,1.57,1.15,1.39,1.59,1.15","6.96,5.95,5.81,3.95,3.18,2.76,2.49,2.36","-0.064,0.0688,0.0603,0.0339,-0.00928,-0.0366,0.0381,-0.0203","-0.0737,0.0737,0,0,0,0,0.0737,0","-0.0804,0.0681,0.0681,0.0396,0,-0.0328,0.0639,0",0.265625,0.3192726969718933,1,0.44852694869041443,0.3150588572025299
15,up_proj,gptq,14336,5120,0,0.002037606920514788,0.0014481135777064732,122.94659286762692,0.01829850249159998,516.974365234375,406.30963134765625,116.04905700683594,230.3579559326172,146.4453887939453,192.97201538085938,0.43084844946861267,122.81612396240234,0.09792447835206985,"4605,4267,3442,2646,4338,4709,1702,138,4101,3262,3379,2929,2739,5107,4673,1320",107.89765930175781,,,,,0,58.37801742553711,80.25204467773438,87.83314514160156,113.34823608398438,"0.572,0.572,0.721,0.788,0.704,0.710,0.749,0.750",2050.795654296875,3294.498046875,"122,122,255.4,3452,2915,2915,3300,3326",30.39068603515625,37.75040817260742,"16.68,16.68,25.36,37.15,36.08,36.05,37.4,37.73","3.586,3.586,6.112,9.34,8.597,8.606,9.146,9.224","4.741,4.741,7.197,10.52,10.25,10.22,10.57,10.65",628,0.0005570623325183988,7133,0.00075568538159132,"2929,3245,3262,4709,4849,711,4338,2739",0.11848273873329163,0.4668753743171692,0.5546439290046692,"0.796,0.557,0.746,0.678,1.02,0.851,0.691,1.02","6.96,5.95,5.81,3.95,3.18,2.76,2.49,2.36","0.0014,0.00194,-0.0061,0.00491,-0.00378,0.00206,0.00681,-0.00412","0,0.00333,-0.00666,0.00333,-0.00333,0.00333,0.00666,-0.00333","0,0,-0.00792,0.00739,0,0,0.00921,0",0.042724609375,0.04510361701250076,1,0.20290276408195496,0.09436198323965073
15,down_proj,gptq,5120,14336,0,0.002001885005405971,0.001443685804094587,190.33427584579135,0.029233755915279557,594.1624755859375,401.092041015625,3.073453426361084,5.894960880279541,3.721281051635742,4.0602312088012695,0.9188031554222107,190.1680908203125,0.07606026530265808,"12240,12818,1355,9295,5367,7151,159,8427,488,5286,7496,2646,1296,4870,4877,8618",240.21974182128906,,,,,0,1.3948407173156738,1.515799641609192,2.404860258102417,2.579162836074829,"0.463,0.463,0.261,0.983,0.895,0.901,0.954,0.955",5394.0673828125,9511.015625,"99.84,99.84,190.9,8137,7398,7751,9644,9832",6.432607173919678,9.484796524047852,"1.628,1.628,2.607,8.817,8.782,8.804,9.531,9.664","0.1942,0.1942,0.2389,1.461,1.389,1.413,1.562,1.59","0.2854,0.2854,0.4677,1.474,1.468,1.488,1.599,1.627",3448,0.018738867715001106,3448,0.007544065825641155,"8862,10492,6315,908,6033,9029,6444,9378",0.09752968698740005,0.3635009825229645,0.3773193359375,"0.597,0.792,0.57,0.587,0.501,0.591,0.613,0.715","1.05,1.02,0.926,0.736,0.626,0.579,0.557,0.556","-0.154,0.0306,-0.0083,0.0354,-0.0261,0.122,-0.0159,0.0693","-0.19,0.0614,0,0,0,0.0904,-0.0273,0","-0.132,0.0511,0,0,0,0.114,0,0.0586",0.6640625,0.5691964626312256,1,0.19015607237815857,0.12754260003566742
16,q_proj,gptq,4096,5120,0,0.0020260334014892576,0.00148162841796875,64.76874424175185,0.02658190982287084,209.00433349609375,146.4563751220703,82.4092025756836,315.3223571777344,114.55323028564453,258.68194580078125,0.9187973737716675,64.5702896118164,0.34199076890945435,"3442,2929,2523,4605,4267,3245,4311,476,1320,4709,3060,1226,266,1840,4263,2864",763.6436767578125,,,,,0,49.726444244384766,114.23097229003906,62.47974395751953,146.30487060546875,"0.750,0.750,0.869,0.456,0.339,0.334,0.359,0.393",1722.0556640625,2622.666015625,"177.8,177.8,273.2,3035,2439,2348,2632,2693",59.01940155029297,69.42652893066406,"34.17,34.17,42.93,71.33,74.16,72.04,72.01,71.35","5.196,5.196,7.036,8.278,7.516,7.218,7.527,7.781","6.001,6.001,7.546,12.25,12.91,12.49,12.57,12.41",2303,0.004142334219068289,2534,0.006650811061263084,"3245,2929,4709,3448,1226,3262,4849,2523",1.302482008934021,0.5333251953125,0.57781982421875,"0.606,0.549,0.481,0.477,0.649,0.591,0.645,0.597","37.3,33.4,12,9.65,8.06,7.84,6.87,6.39","-0.0388,0.0221,-0.0172,-0.0259,0.00677,-0.0425,-0.0182,-0.0327","-0.0268,0.0268,-0.0268,-0.0268,0,-0.0536,-0.0268,-0.0268","-0.0364,0.0187,-0.022,-0.0268,0.0121,-0.0485,-0.0186,-0.0341",0.09375,0.0803571492433548,1,0.48371273279190063,0.14977072179317474
16,k_proj,gptq,1024,5120,0,0.00199737548828125,0.0014575958251953126,31.82150305242976,0.036321771417865266,85.63109588623047,58.63652801513672,34.103919982910156,131.72024536132812,52.47182846069336,103.36518859863281,0.9187973737716675,31.761415481567383,0.4385325312614441,"2929,4267,476,3442,4605,3245,2523,4311,3060,1320,1226,4709,1840,266,2864,4263",763.6436767578125,,,,,0,23.642305374145508,45.53649139404297,27.6777286529541,59.04751205444336,"0.903,0.903,1.514,0.528,0.386,0.361,0.391,0.436",1722.0556640625,2622.666015625,"177.8,177.8,273.2,3035,2439,2348,2632,2693",59.01940155029297,69.42652893066406,"34.17,34.17,42.93,71.33,74.16,72.04,72.01,71.35","3.794,3.794,5.367,5.692,5.033,4.753,4.94,5.178","3.994,3.994,4.362,7.831,8.098,7.908,7.901,7.842",950,0.007670306600630283,754,0.015889523550868034,"3245,2929,4709,3448,1226,3262,4849,2523",1.7860966920852661,0.4742431640625,0.443115234375,"0.45,0.511,0.451,0.492,0.615,0.499,0.608,0.559","37.3,33.4,12,9.65,8.06,7.84,6.87,6.39","-0.021,0.0276,0.012,-0.0176,-0.0688,0.00598,0.0032,0.0581","-0.0356,0.0356,0,-0.0356,-0.0711,0.0356,0,0.0711","-0.0197,0.0314,0.0115,-0.023,-0.059,0.00984,0,0.0498",0.12451171875,0.1422991156578064,1,0.44083231687545776,0.6665728688240051
16,v_proj,gptq,1024,5120,0,0.002018165588378906,0.0014360427856445312,9.457032046821041,0.028562924841324645,30.425186157226562,22.274734497070312,12.011351585388184,31.73099708557129,14.5958890914917,24.44475555419922,0.9187973737716675,9.393671035766602,0.3055543899536133,"3442,4267,2929,4605,1320,2523,4311,2864,1226,4709,3060,4263,266,3212,476,1532",763.6436767578125,,,,,0,6.0525383949279785,10.342692375183105,8.418267250061035,14.059185028076172,"0.715,0.715,0.802,0.674,0.526,0.506,0.549,0.568",1722.0556640625,2622.666015625,"177.8,177.8,273.2,3035,2439,2348,2632,2693",59.01940155029297,69.42652893066406,"34.17,34.17,42.93,71.33,74.16,72.04,72.01,71.35","1.268,1.268,1.83,3.182,2.811,2.702,2.85,2.899","1.5,1.5,2.044,3.876,3.877,3.798,3.846,3.846",439,0.009191891178488731,459,0.00889501441270113,"3245,2929,4709,3448,1226,3262,4849,2523",0.7298560738563538,0.81591796875,0.8575439453125,"0.0444,0.0797,0.0761,0.123,0.116,0.069,0.175,0.0866","37.3,33.4,12,9.65,8.06,7.84,6.87,6.39","0.0136,-0.0126,-0.00659,-0.03,0.0369,0.000112,-0.0187,-0.0065","0.0271,0,0,-0.0271,0.0271,0,-0.0271,0","0.0119,-0.0145,-0.00509,-0.0271,0.0316,0,-0.0197,-0.00509",0.0947265625,0.0811941996216774,1,0.26945486664772034,0.10100233554840088
16,o_proj,gptq,5120,4096,0,0.0021029949188232423,0.0014415740966796874,50.75762923877528,0.033891557085192904,144.25421142578125,84.77716827392578,1.6410508155822754,5.183311939239502,1.1429238319396973,3.3800597190856934,0.6605201363563538,50.67543411254883,0.035697054117918015,"2686,3528,3070,946,2814,1126,1591,953,986,1615,1510,3032,1254,996,995,2942",19.0524959564209,,,,,0,0.2991730272769928,1.257091760635376,0.8357067704200745,2.1447560787200928,"0.051,0.051,0.065,0.218,0.270,0.274,0.309,0.352",482.6474304199219,1523.9306640625,"52.24,52.24,90.74,409.5,581.9,613.5,821,1240",7.746947288513184,9.993246078491211,"5.89,5.89,6.484,7.838,8.528,8.476,9.023,9.847","0.1919,0.1919,0.2372,0.5166,0.6238,0.6295,0.7107,0.8403","0.8467,0.8467,0.9318,1.107,1.201,1.203,1.278,1.417",3448,0.021051060408353806,3448,0.006759787444025278,"935,679,3070,2686,2814,2942,807,2016",0.4994991719722748,0.32792970538139343,0.32011720538139343,"0.565,0.604,0.583,0.648,0.511,0.642,0.572,0.747","1.78,1.7,1.62,1.59,1.52,1.4,1.21,0.851","0.0277,0.0136,0.0623,0.0669,0.0275,-0.00989,0.052,0.0718","0,0,0,0.136,0,0,0,0.136","0,0.0219,0.0534,0.0573,0.0312,0,0.0611,0.0749",0.4765625,0.5181781053543091,1,0.09050252288579941,0.0987527072429657
16,gate_proj,gptq,14336,5120,0,0.002043764931815011,0.0014519963945661273,126.56691337580742,0.021344062406944416,476.71942138671875,374.43475341796875,110.54051208496094,240.1834716796875,153.05294799804688,202.12232971191406,0.445990651845932,126.41624450683594,0.16120867431163788,"3442,4605,4267,4338,4709,1702,2646,3262,138,4101,2929,2739,4673,3379,2342,402",112.07633972167969,,,,,0,62.12971496582031,83.37396240234375,87.2712631225586,119.20537567138672,"1.004,1.004,1.127,0.761,0.657,0.650,0.683,0.688",2004.7841796875,3227.4541015625,"119.7,119.7,251.5,3496,2818,2821,3191,3221",31.65052032470703,39.420921325683594,"17.37,17.37,26.05,39,37.56,37.64,38.99,39.21","4.881,4.881,7.658,9.401,8.426,8.411,8.922,9.001","4.873,4.873,7.215,10.77,10.4,10.44,10.8,10.85",2324,0.0017680309247225523,4066,0.0036902923602610826,"2929,3262,3245,4709,711,4849,2739,4338",0.24610216915607452,0.3076695203781128,0.2980434000492096,"1.3,1.66,1.32,1.58,1.34,1.14,1.14,1.58","8.05,6.46,6.34,4.56,3.81,3.53,2.69,2.64","-0.041,0.0332,0.032,0.0126,-0.0103,-0.0317,-0.0425,0.0165","-0.0544,0.0544,0.0544,0,0,-0.0544,-0.0544,0","-0.0374,0.0399,0.0399,0,0,-0.0578,-0.0449,0",0.2080078125,0.2073352038860321,1,0.3542846739292145,0.3040618896484375
16,up_proj,gptq,14336,5120,0,0.0020325796944754464,0.0014482498168945312,126.47729532134872,0.018479166029456612,526.414794921875,411.9803161621094,123.86839294433594,250.0036163330078,155.98983764648438,213.36264038085938,0.445990651845932,126.36727905273438,0.10595761239528656,"3442,4605,4267,4338,4709,1702,2646,138,4101,3262,2929,2739,4673,3379,5107,402",112.07633972167969,,,,,0,61.884979248046875,87.56059265136719,92.22203826904297,125.64456176757812,"0.625,0.625,0.692,0.791,0.681,0.677,0.707,0.714",2004.7841796875,3227.4541015625,"119.7,119.7,251.5,3496,2818,2821,3191,3221",31.65052032470703,39.420921325683594,"17.37,17.37,26.05,39,37.56,37.64,38.99,39.21","3.914,3.914,6.174,9.806,8.797,8.783,9.328,9.414","4.951,4.951,7.421,11.03,10.66,10.67,11.1,11.14",10933,0.0005706343217752874,7759,0.0022240120451897383,"2929,3262,3245,4709,711,4849,2739,4338",0.13866432011127472,0.477696031332016,0.5651506781578064,"0.763,0.741,0.567,0.678,0.866,1.04,1.01,0.667","8.05,6.46,6.34,4.56,3.81,3.53,2.69,2.64","-0.00319,0.00372,-0.00916,-0.00123,-0.00214,0.00607,0.00119,0.00158","0,0,0,0,0,0,0,0","0,0,0,0,0,0,0,0",0.357421875,0.33260247111320496,2,0.21014268696308136,0.3189815282821655
16,down_proj,gptq,5120,14336,0,0.002000481741768973,0.0014458247593470983,198.84456308992594,0.030189778462127587,611.9630737304688,410.7703857421875,3.695091962814331,7.242244720458984,4.592774391174316,5.67319393157959,0.9128190875053406,198.71112060546875,0.069926917552948,"5905,490,1664,11899,12840,1698,14278,4066,13622,13358,14332,4882,12461,5986,2324,4544",224.59637451171875,,,,,0,1.6903481483459473,1.997290015220642,2.889172315597534,3.530503034591675,"0.367,0.367,0.182,0.950,0.855,0.827,0.853,0.870",5405.5322265625,9378.1025390625,"108,108,212.4,8642,7650,7748,9380,9396",7.191036224365234,10.659793853759766,"1.866,1.866,2.901,9.957,9.836,9.928,10.61,10.56","0.2152,0.2152,0.2626,1.667,1.545,1.558,1.701,1.696","0.3552,0.3552,0.6156,1.711,1.67,1.713,1.842,1.818",3448,0.009920605458319187,3448,0.013318016193807125,"5905,6046,7759,6304,7048,10311,5836,8060",0.10534662753343582,0.38886719942092896,0.40593263506889343,"0.73,0.68,0.562,0.632,0.721,0.64,0.581,0.706","1.16,1.03,0.936,0.578,0.561,0.55,0.532,0.528","0.652,0.0425,-0.0275,-0.0121,-0.00169,0.0295,0.223,-0.00249","0.559,0.0582,0,0,0,0.0359,0.186,0","0.559,0,-0.0441,0,0,0.0522,0.191,0",0.65234375,0.5591517686843872,4,0.15384696424007416,0.19272485375404358
17,q_proj,gptq,4096,5120,0,0.002037668228149414,0.0014780044555664062,62.29742796782375,0.027047458234388668,198.56092834472656,138.72972106933594,83.97698211669922,306.36456298828125,105.51010131835938,250.38870239257812,0.9338311553001404,62.238014221191406,0.36792194843292236,"3442,2929,2523,4311,3245,476,4267,4605,3060,1226,266,1320,1840,4263,4938,2864",732.022705078125,,,,,0,45.15102767944336,109.90899658203125,58.46726989746094,142.18240356445312,"0.832,0.832,0.949,0.401,0.315,0.309,0.338,0.383",1582.06640625,2457.34765625,"176.5,176.5,271.3,2700,2239,2165,2411,2517",57.34879684448242,69.29027557373047,"30.18,30.18,37.1,70.96,74.36,72.02,72.38,71.61","4.979,4.979,6.404,7.8,7.194,6.898,7.255,7.602","5.457,5.457,6.575,12.31,12.82,12.4,12.48,12.29",357,0.005408871918916702,1830,0.007491408847272396,"3245,2929,4709,3448,1226,2523,3262,4849",1.262337565422058,0.5146484375,0.5411376953125,"0.725,0.543,0.517,0.511,0.685,0.589,0.63,0.663","37.7,34.3,11.7,10,8.23,7.19,6.99,6.62","-0.085,0.0469,-0.0518,-0.064,0.0275,-0.051,-0.0845,0.0283","-0.0915,0.0458,-0.0458,-0.0458,0.0458,-0.0458,-0.0915,0.0458","-0.0971,0.0402,-0.0569,-0.0458,0.0251,-0.0583,-0.0728,0.0254",0.16015625,0.1372767835855484,1,0.5290975570678711,0.22886687517166138
17,k_proj,gptq,1024,5120,0,0.0020572662353515623,0.0014757156372070313,28.865256882745598,0.037496292915528896,75.27876281738281,50.60271453857422,31.952043533325195,136.3847198486328,44.95292663574219,107.79530334472656,0.9338311553001404,28.747051239013672,0.4821786880493164,"2929,2523,476,3442,4311,3245,1226,4267,4605,266,1320,3060,1840,4263,2864,4938",732.022705078125,,,,,0,19.83942985534668,47.405311584472656,23.80715560913086,62.28047561645508,"1.065,1.065,1.453,0.380,0.311,0.290,0.308,0.359",1582.06640625,2457.34765625,"176.5,176.5,271.3,2700,2239,2165,2411,2517",57.34879684448242,69.29027557373047,"30.18,30.18,37.1,70.96,74.36,72.02,72.38,71.61","3.559,3.559,4.643,4.9,4.73,4.476,4.63,4.896","3.449,3.449,3.852,7.952,8.486,8.311,8.342,8.168",360,0.016184309497475624,37,0.03330979868769646,"3245,2929,4709,3448,1226,2523,3262,4849",2.0361406803131104,0.455322265625,0.3983154296875,"0.513,0.52,0.486,0.521,0.578,0.584,0.556,0.584","37.7,34.3,11.7,10,8.23,7.19,6.99,6.62","-0.1,0.0718,-0.0437,-0.0126,-0.0105,-0.0562,-0.0776,-0.0317","-0.114,0.0572,-0.0572,0,0,-0.0572,-0.0858,-0.0286","-0.114,0.0615,-0.0419,-0.0142,-0.0151,-0.0642,-0.0858,-0.0366",0.10498046875,0.1143973246216774,1,0.6017982363700867,0.3782804310321808
17,v_proj,gptq,1024,5120,0,0.002020263671875,0.0014497756958007813,9.63609391348109,0.023143968677867274,34.35102844238281,24.883481979370117,14.641374588012695,35.774444580078125,15.856698989868164,26.46045684814453,0.9338311553001404,9.594427108764648,0.3054783344268799,"3442,4605,2523,1320,2929,4311,4267,2864,4263,266,4709,1226,3212,476,1840,3060",732.022705078125,,,,,0,6.324398040771484,11.057426452636719,9.404522895812988,15.382087707519531,"0.630,0.630,0.868,0.634,0.504,0.522,0.545,0.583",1582.06640625,2457.34765625,"176.5,176.5,271.3,2700,2239,2165,2411,2517",57.34879684448242,69.29027557373047,"30.18,30.18,37.1,70.96,74.36,72.02,72.38,71.61","1.164,1.164,1.662,3.185,2.919,2.85,2.974,3.081","1.466,1.466,1.783,4,4.114,3.943,4.028,4.035",832,0.004486145451664925,728,0.012049234472215176,"3245,2929,4709,3448,1226,2523,3262,4849",0.6790165305137634,0.82470703125,0.868408203125,"0.0498,0.0902,0.0908,0.111,0.107,0.0978,0.0875,0.16","37.7,34.3,11.7,10,8.23,7.19,6.99,6.62","0.00124,0.000847,-0.000778,-0.00237,0.00127,0.00058,0.00351,-0.00331","0,0,0,0,0,0,0.00708,0","0,0,0,0,0,0,0.00642,-0.00565",0.0267333984375,0.029580898582935333,1,0.19552986323833466,0.056437570601701736
17,o_proj,gptq,5120,4096,0,0.002098369598388672,0.001450824737548828,59.78577602437235,0.036394929730532606,167.74700927734375,94.63538360595703,2.1812548637390137,8.366939544677734,1.617994785308838,4.3912787437438965,0.6120834946632385,59.52898025512695,0.027228469029068947,"2059,858,3572,3286,602,3158,3542,986,3316,3212,3302,3010,2700,3558,1505,1598",15.482461929321289,,,,,0,0.421528160572052,1.594939112663269,1.1909234523773193,2.7863011360168457,"0.038,0.038,0.081,0.277,0.337,0.347,0.358,0.389",530.3839111328125,1564.5023193359375,"49.8,49.8,156.1,504.8,719.6,740.9,849.7,1172",8.345728874206543,10.925203323364258,"7.003,7.003,7.694,8.144,8.783,8.885,9.235,10.02","0.206,0.206,0.3315,0.6464,0.7637,0.7758,0.8218,0.9482","1.058,1.058,1.161,1.229,1.315,1.317,1.374,1.519",3448,0.025146683678030968,4311,0.007822847925126553,"1249,1121,1505,1580,1377,2956,2572,2828",0.23708593845367432,0.3262939453125,0.338623046875,"0.54,0.65,0.581,0.623,0.635,0.603,0.554,0.723","1.4,1.33,1.26,1.14,1.13,1.09,1.07,1.04","0.0183,0.136,0.161,-0.236,0.0413,-0.0126,-0.0972,-0.0297","0,0.135,0.135,-0.27,0.0675,0,-0.0675,-0.0675","0.0137,0.116,0.138,-0.288,0.0343,-0.0229,-0.0833,-0.0229",0.50390625,0.43030989170074463,3,0.12110746651887894,0.0903567373752594
17,gate_proj,gptq,14336,5120,0,0.002040427071707589,0.0014561653137207032,131.33313097656355,0.02231299453760638,477.5709228515625,376.068115234375,117.5545654296875,266.3453369140625,161.57749938964844,221.13027954101562,0.49390390515327454,131.18743896484375,0.1721586138010025,"4605,4267,4338,1702,3442,4709,2646,3262,2342,4673,2739,4101,2929,402,138,3379",121.79071807861328,,,,,0,65.51141357421875,91.4372787475586,92.11157989501953,130.06887817382812,"0.994,0.994,1.104,0.728,0.634,0.617,0.652,0.669",1960.981201171875,3143.390869140625,"177.3,177.3,299.2,3356,2780,2721,3054,3123",33.24623489379883,41.15082931518555,"18.8,18.8,26.23,41.06,39.84,39.64,40.74,40.86","5.142,5.142,7.576,9.614,8.792,8.637,9.143,9.269","5.157,5.157,7.211,11.27,11.04,10.99,11.32,11.33",3501,0.0018981597386300564,10151,0.005829313304275274,"2929,3262,3245,4709,711,4849,3448,2739",0.28702089190483093,0.3065708875656128,0.2952096164226532,"1.3,1.74,1.3,1.55,1.33,1.14,1.28,1.16","8.56,6.9,6.43,5.08,3.87,3.73,3.17,3.02","-0.0806,0.0588,0.0737,0.00714,-0.0383,-0.0491,0.0708,0.0608","-0.0831,0.0831,0.0831,0,-0.0416,-0.0416,0.0831,0.0416","-0.0645,0.0407,0.0815,0,-0.043,-0.0497,0.0607,0.0586",0.2275390625,0.19686278700828552,3,0.38302847743034363,0.2821621000766754
17,up_proj,gptq,14336,5120,0,0.002034568786621094,0.0014571462358747209,132.11992652749177,0.018891928418065817,539.3280029296875,422.6203918457031,134.652587890625,287.2992858886719,167.08738708496094,239.64547729492188,0.49390390515327454,131.9683074951172,0.1149064227938652,"4605,4267,4338,3442,1702,4709,2646,3262,2739,4101,4673,2342,138,2929,402,3379",121.79071807861328,,,,,0,66.06309509277344,99.18907165527344,98.62548065185547,140.69798278808594,"0.623,0.623,0.715,0.719,0.631,0.625,0.664,0.685",1960.981201171875,3143.390869140625,"177.3,177.3,299.2,3356,2780,2721,3054,3123",33.24623489379883,41.15082931518555,"18.8,18.8,26.23,41.06,39.84,39.64,40.74,40.86","4.225,4.225,6.385,10.04,9.137,9.034,9.577,9.714","5.352,5.352,7.553,11.84,11.5,11.43,11.75,11.74",2765,0.0004477215697988868,13539,0.0010924981907010078,"2929,3262,3245,4709,711,4849,3448,2739",0.1710813194513321,0.4933297634124756,0.5871843695640564,"0.793,0.748,0.677,0.738,0.898,1.02,0.617,0.984","8.56,6.9,6.43,5.08,3.87,3.73,3.17,3.02","-0.00818,-0.00482,0.00184,-0.00598,0.000641,-0.00333,-0.00787,0.00922","0,0,0,0,0,0,0,0","-0.00624,0,0,0,0,0,-0.009,0.0107",0.28125,0.2419017255306244,1,0.1933346688747406,0.23344530165195465
17,down_proj,gptq,5120,14336,0,0.002000795091901507,0.0014539582388741628,224.95950179533065,0.033786605604924844,647.4361572265625,419.640625,4.776801586151123,9.887107849121094,5.9888458251953125,7.727475166320801,0.9412248730659485,224.69677734375,0.07125858962535858,"3001,3378,12432,6329,4715,11421,10953,11981,636,2637,13482,10151,7904,4651,3501,4023",295.57940673828125,,,,,0,2.264021873474121,2.8892202377319336,3.771902084350586,4.808406352996826,"0.590,0.590,0.137,0.886,0.766,0.744,0.798,0.812",5332.45361328125,9252.1943359375,"69.8,69.8,196.4,8431,7408,7940,9298,9247",8.44149112701416,12.421689987182617,"1.369,1.369,3.933,12,11.56,12.31,12.71,12.28","0.1997,0.1997,0.275,1.942,1.754,1.849,1.978,1.943","0.26,0.26,0.7435,2.063,2.005,2.144,2.214,2.157",3448,0.009059189818799496,3448,0.017963407561182976,"3001,4871,2108,13270,1362,14096,8563,5641",0.14183518290519714,0.40583497285842896,0.4289794862270355,"0.727,0.607,0.551,0.692,0.727,0.657,0.616,0.798","2.07,1.88,1.59,1.22,0.856,0.854,0.787,0.769","0.668,-0.0479,-0.0483,-0.0255,0.0137,-0.0305,-0.0226,-0.0194","0.573,0,0,-0.0688,0,-0.0453,0,-0.0332","0.573,-0.0589,-0.0636,-0.0239,0.0226,-0.0285,-0.0377,0",0.66796875,0.5725446343421936,2,0.16698560118675232,0.2686735689640045
18,q_proj,gptq,4096,5120,0,0.002039384841918945,0.00147552490234375,72.3452379493101,0.028950704568627954,220.86221313476562,151.80093383789062,93.73143768310547,352.676513671875,117.64476013183594,294.9940490722656,0.9211746454238892,72.16482543945312,0.33997589349746704,"2929,4267,476,3060,2523,3245,4311,3442,4605,1320,1226,4709,266,1840,2864,4938",634.5640869140625,,,,,0,49.25429153442383,127.43180847167969,65.26435089111328,170.07989501953125,"1.031,1.031,0.846,0.368,0.288,0.292,0.320,0.362",1568.227294921875,2461.290771484375,"176.6,176.6,267.6,2694,2176,2137,2401,2517",59.31452941894531,72.93511962890625,"28.17,28.17,34.35,76.42,78.9,76.27,76.59,75.65","5.494,5.494,5.849,8.197,7.466,7.275,7.681,8.037","5.411,5.411,6.359,13.51,13.92,13.47,13.57,13.36",754,0.005207223817706108,424,0.009121536277234554,"3245,2929,4709,3448,1226,2523,3262,4849",1.495844841003418,0.501678466796875,0.568695068359375,"0.67,0.552,0.496,0.514,0.693,0.627,0.565,0.579","38.3,36.5,13.4,9.71,8.8,7.94,7.61,7.24","0.0752,-0.0442,0.041,0.052,-0.0146,0.0457,0.0591,-0.00238","0.0977,-0.0488,0.0488,0.0488,0,0.0488,0.0488,0","0.0645,-0.0505,0.0477,0.0488,-0.014,0.0391,0.0645,0",0.1708984375,0.1953125149011612,1,0.5387612581253052,0.16738362610340118
18,k_proj,gptq,1024,5120,0,0.0020565032958984376,0.0014873504638671874,37.38287485422916,0.04479828092235464,87.9318618774414,55.96604919433594,37.536468505859375,146.7247772216797,54.23689651489258,120.39750671386719,0.9211746454238892,37.25358200073242,0.44330865144729614,"2929,4267,476,2523,3060,3245,4311,4605,4709,1320,266,1226,4938,1840,4263,2864",634.5640869140625,,,,,0,23.120399475097656,52.36472702026367,29.091707229614258,69.13842010498047,"1.366,1.366,1.329,0.433,0.319,0.307,0.339,0.382",1568.227294921875,2461.290771484375,"176.6,176.6,267.6,2694,2176,2137,2401,2517",59.31452941894531,72.93511962890625,"28.17,28.17,34.35,76.42,78.9,76.27,76.59,75.65","3.78,3.78,4.555,5.612,5.102,4.837,5.1,5.359","3.234,3.234,3.952,8.528,9.028,8.73,8.761,8.671",1016,0.0073877670802176,362,0.021442782133817673,"3245,2929,4709,3448,1226,2523,3262,4849",2.0331482887268066,0.4371337890625,0.3861083984375,"0.482,0.527,0.484,0.544,0.663,0.627,0.519,0.634","38.3,36.5,13.4,9.71,8.8,7.94,7.61,7.24","0.004,-0.0322,-0.00934,-0.0097,0.00252,0.0131,0.00891,0.0454","0,-0.0455,0,0,0,0,0,0.0455","0,-0.0455,-0.0173,-0.0147,0,0.0121,0,0.0389",0.1591796875,0.1364397406578064,1,0.43852218985557556,0.2555484473705292
18,v_proj,gptq,1024,5120,0,0.0020223617553710937,0.0014446258544921875,11.338019595107653,0.03126225173942156,33.55711364746094,25.270172119140625,14.175973892211914,40.89811706542969,16.315963745117188,29.92070960998535,0.9211746454238892,11.264912605285645,0.2798653841018677,"3442,2929,4267,1320,4311,4605,2523,266,2864,3060,476,1840,1532,1226,4263,4709",634.5640869140625,,,,,0,6.456514358520508,12.480751991271973,9.564149856567383,17.715532302856445,"0.879,0.879,1.007,0.567,0.452,0.444,0.482,0.512",1568.227294921875,2461.290771484375,"176.6,176.6,267.6,2694,2176,2137,2401,2517",59.31452941894531,72.93511962890625,"28.17,28.17,34.35,76.42,78.9,76.27,76.59,75.65","1.211,1.211,1.592,3.279,2.931,2.859,3.015,3.095","1.292,1.292,1.587,4.356,4.361,4.292,4.342,4.327",387,0.006104223430156708,643,0.009066129103302956,"3245,2929,4709,3448,1226,2523,3262,4849",0.8066173791885376,0.8009033203125,0.8768310546875,"0.0362,0.068,0.0855,0.0836,0.0875,0.0779,0.0955,0.184","38.3,36.5,13.4,9.71,8.8,7.94,7.61,7.24","0.00102,-0.00333,-0.000402,-0.000622,0.000336,0.0022,-0.00226,-0.00494","0,0,0,0,0,0,0,-0.00848","0,-0.00649,0,0,0,0,0,-0.00603",0.042724609375,0.04636228457093239,1,0.22901470959186554,0.142115980386734
18,o_proj,gptq,5120,4096,0,0.0021112442016601564,0.0014376163482666016,53.26385635269003,0.03385365393610028,152.68881225585938,89.2715072631836,2.1478822231292725,6.289029598236084,1.4705147743225098,3.399188995361328,0.6710088849067688,53.138160705566406,0.03392721712589264,"274,146,2546,3453,3347,2517,2290,2601,2162,3396,402,2410,3349,3412,3434,2133",16.800174713134766,,,,,0,0.45694902539253235,1.3075848817825317,1.0468064546585083,2.172081232070923,"0.056,0.056,0.136,0.347,0.424,0.439,0.412,0.474",547.7040405273438,1482.3018798828125,"46.68,46.68,132.3,498.7,651.8,807,835.7,1363",7.604131698608398,9.776519775390625,"5.772,5.772,5.809,7.439,8.32,8.726,9.001,9.994","0.2091,0.2091,0.3232,0.6363,0.7846,0.8408,0.8398,1.015","0.8874,0.8874,0.8771,1.081,1.205,1.269,1.308,1.475",3448,0.01451619528234005,3448,0.012848210521042347,"274,146,3396,1478,1094,1350,2601,2857",0.17497244477272034,0.3514160215854645,0.3513427674770355,"0.428,0.576,0.526,0.636,0.42,0.658,0.559,0.687","1.43,1.18,0.927,0.918,0.776,0.696,0.667,0.664","-0.0505,-0.234,0.0796,-0.146,-0.00977,-0.0737,-0.00362,0.0356","-0.0787,-0.236,0.0787,-0.157,0,-0.0787,0,0","-0.0513,-0.201,0.0682,-0.173,0,-0.0632,0,0.0393",0.40234375,0.3451245129108429,13,0.09453292191028595,0.13660040497779846
18,gate_proj,gptq,14336,5120,0,0.0020493507385253907,0.001447500501360212,142.54929047462065,0.023341743142357634,499.46337890625,383.962890625,133.07107543945312,299.8383483886719,181.86561584472656,249.904052734375,0.4660557508468628,142.42184448242188,0.16376355290412903,"4338,4605,4267,1702,4709,2342,3262,2646,3442,4673,2929,4101,138,3268,2739,5107",126.7143325805664,,,,,0,73.5595703125,104.90003967285156,104.15876007080078,145.2690887451172,"0.861,0.861,1.058,0.725,0.623,0.617,0.645,0.670",1968.635009765625,3147.6982421875,"179.3,179.3,303.5,3370,2777,2766,3061,3113",35.433597564697266,43.26667785644531,"20.58,20.58,27.99,43.64,42.32,42.18,43.19,42.99","5.355,5.355,7.928,10.31,9.333,9.24,9.683,9.781","5.77,5.77,7.708,12.11,11.83,11.76,12.06,11.95",2141,0.0018137138104066253,13722,0.00254707015119493,"2929,3245,3262,4709,711,3448,4849,2342",0.3010190725326538,0.2816423773765564,0.2663661539554596,"1.33,1.32,1.74,1.56,1.32,1.31,1.15,1.66","8.97,6.55,6.47,5.69,4.26,3.78,3.46,3.31","-0.00336,0.00302,0.00867,-0.00357,0.00601,0.00386,0.00751,0.00531","0,0,0,0,0,0,0,0","0,0,0.0151,0,0,0,0,0",0.28515625,0.2444196492433548,1,0.3974739909172058,0.29367563128471375
18,up_proj,gptq,14336,5120,0,0.0020456041608537946,0.0014547075544084822,134.96088608037098,0.01960935751892153,534.3443603515625,410.7313232421875,145.02822875976562,308.45648193359375,179.4676971435547,257.53173828125,0.4660557508468628,134.83323669433594,0.10827596485614777,"4605,4338,4267,1702,4709,2646,2342,3442,3262,4673,4101,2929,138,5107,2739,3379",126.7143325805664,,,,,0,71.02217864990234,107.55540466308594,106.06375122070312,149.62100219726562,"0.596,0.596,0.660,0.720,0.633,0.627,0.661,0.685",1968.635009765625,3147.6982421875,"179.3,179.3,303.5,3370,2777,2766,3061,3113",35.433597564697266,43.26667785644531,"20.58,20.58,27.99,43.64,42.32,42.18,43.19,42.99","4.399,4.399,6.37,10.46,9.498,9.46,9.938,10.05","5.697,5.697,7.843,12.32,11.94,11.94,12.22,12.15",11311,0.0009508243529126048,4174,0.0010333838872611523,"2929,3245,3262,4709,711,3448,4849,2342",0.1672542542219162,0.503976047039032,0.5945347547531128,"0.76,0.627,0.754,0.714,0.903,0.564,1,0.785","8.97,6.55,6.47,5.69,4.26,3.78,3.46,3.31","0.0107,-0.00368,0.00732,0.00616,0.00464,-0.00204,0.0383,0.00287","0,0,0,0,0,0,0.0765,0","0,0,0,0.011,0.00802,0,0.0329,0",0.267578125,0.3058035969734192,1,0.2928653657436371,0.13295352458953857
18,down_proj,gptq,5120,14336,0,0.0019965989249093193,0.001439394269670759,223.54283308281447,0.03429920633205467,631.34765625,403.0452575683594,5.782131195068359,12.16845417022705,8.242809295654297,10.905740737915039,0.9680942296981812,223.0848388671875,0.08491607010364532,"3710,10319,6532,5613,14333,12204,9528,5107,5514,14137,13795,13722,9053,4548,11137,3610",469.907470703125,,,,,0,3.326706886291504,4.062993049621582,4.8791117668151855,6.454045295715332,"0.749,0.749,0.104,0.899,0.845,0.839,0.868,0.853",6502.43603515625,9997.2919921875,"100.4,100.4,269.4,9608,9857,1.053e+04,1.101e+04,1.054e+04",10.456528663635254,14.517975807189941,"2.061,2.061,7.19,14.02,14.6,14.83,14.5,14.39","0.3237,0.3237,0.423,2.246,2.272,2.313,2.327,2.291","0.3742,0.3742,1.312,2.369,2.472,2.526,2.499,2.481",3448,0.016238978132605553,3448,0.02074606344103813,"3710,740,6091,12926,7990,10703,7902,12685",0.2352784126996994,0.4057861268520355,0.42512208223342896,"0.72,0.779,0.524,0.772,0.701,0.657,0.632,0.623","2.14,1.53,1.52,1.5,1.39,1.24,1.23,1.14","0.668,0.0289,0.0297,-0.00333,0.0544,0.0806,-0.0503,-0.0544","0.573,0.0321,0,0,0.0574,0,-0.0574,-0.0949","0.573,0.0257,0.0363,0,0.0432,0.0921,-0.0421,-0.0449",0.66796875,0.5725446343421936,1,0.2895372807979584,0.35611093044281006
19,q_proj,gptq,4096,5120,0,0.0020418643951416017,0.0014700889587402344,68.18364355654921,0.030437102985360773,201.6075439453125,136.7061767578125,108.85039520263672,375.2745361328125,146.6778106689453,312.7391357421875,0.9203080534934998,68.08146667480469,0.34758809208869934,"2929,476,3245,2523,4267,4311,3060,1226,4605,1320,266,4938,4709,1840,4263,3442",543.7379760742188,,,,,0,62.6787109375,135.3229522705078,78.81270599365234,179.1654052734375,"1.080,1.080,1.072,0.445,0.377,0.368,0.381,0.409",1718.4898681640625,2549.91259765625,"176.5,176.5,272,2852,2526,2504,2591,2650",63.08194351196289,77.12513732910156,"29.35,29.35,36.01,82.36,84.1,81.48,81.86,80.14","5.799,5.799,6.951,9.288,8.749,8.424,8.651,8.789","5.581,5.581,6.714,13.92,14.25,13.89,14.01,13.75",1895,0.002360201207920909,2408,0.007147061172872782,"3245,2929,4709,1226,3448,2523,1320,4849",1.1357756853103638,0.4910888671875,0.51702880859375,"0.785,0.568,0.532,0.751,0.591,0.616,0.597,0.581","38.9,34.9,13.2,10.1,9.33,8.01,7.99,7.51","-0.0923,0.054,-0.0386,0.0486,-0.0635,-0.0293,0.0454,0.0349","-0.101,0.0672,-0.0336,0.0672,-0.0336,-0.0336,0.0336,0.0336","-0.0791,0.0462,-0.0404,0.0416,-0.0672,-0.0251,0.0389,0.0299",0.11767578125,0.1008649617433548,3,0.42504140734672546,0.6513731479644775
19,k_proj,gptq,1024,5120,0,0.002056884765625,0.0014680862426757813,29.600150348356692,0.0436634632109882,69.97581481933594,44.17498779296875,37.920005798339844,134.38973999023438,56.58397674560547,109.0809555053711,0.9203080534934998,29.52545738220215,0.42351022362709045,"2929,476,2523,4267,3245,4311,3060,4605,1226,266,1320,4938,4709,2864,1840,4263",543.7379760742188,,,,,0,24.366127014160156,48.273799896240234,30.03069305419922,62.582862854003906,"1.683,1.683,1.560,0.440,0.384,0.383,0.404,0.447",1718.4898681640625,2549.91259765625,"176.5,176.5,272,2852,2526,2504,2591,2650",63.08194351196289,77.12513732910156,"29.35,29.35,36.01,82.36,84.1,81.48,81.86,80.14","3.804,3.804,4.407,5.635,5.409,5.198,5.333,5.487","2.932,2.932,3.528,8.492,8.727,8.395,8.394,8.207",165,0.00949107576161623,679,0.018376965075731277,"3245,2929,4709,1226,3448,2523,1320,4849",1.5350756645202637,0.408447265625,0.35595703125,"0.476,0.524,0.496,0.58,0.416,0.614,0.579,0.587","38.9,34.9,13.2,10.1,9.33,8.01,7.99,7.51","-0.129,0.0262,-0.0128,-0.017,-0.0286,-0.0635,-0.0464,0.017","-0.147,0.0368,0,0,0,-0.0737,-0.0368,0.0368","-0.147,0.0257,0,-0.014,-0.0322,-0.0544,-0.0398,0.0156",0.1455078125,0.1473214328289032,1,0.5269145369529724,0.4005148112773895
19,v_proj,gptq,1024,5120,0,0.0020229339599609373,0.0014692306518554687,13.03588725305599,0.028936559215944797,39.890708923339844,27.442855834960938,21.161338806152344,55.13726043701172,25.03558349609375,40.04695129394531,0.9203080534934998,13.005497932434082,0.23441874980926514,"4267,3442,2929,4311,1320,476,4605,3060,2523,1532,1226,4709,2864,4263,3212,5107",543.7379760742188,,,,,0,10.134501457214355,16.887094497680664,14.537837028503418,23.55544090270996,"1.072,1.072,1.204,0.605,0.547,0.548,0.563,0.600",1718.4898681640625,2549.91259765625,"176.5,176.5,272,2852,2526,2504,2591,2650",63.08194351196289,77.12513732910156,"29.35,29.35,36.01,82.36,84.1,81.48,81.86,80.14","1.397,1.397,1.908,3.997,3.807,3.716,3.787,3.862","1.349,1.349,1.739,5.139,5.149,5.019,5.045,4.986",972,0.006964100059121847,712,0.007826055400073528,"3245,2929,4709,1226,3448,2523,1320,4849",0.5650991201400757,0.8004150390625,0.8355712890625,"0.0425,0.0841,0.0971,0.105,0.0945,0.0906,0.142,0.211","38.9,34.9,13.2,10.1,9.33,8.01,7.99,7.51","0.000587,-0.00653,-0.00348,0.00246,0.000275,0.00169,-0.00757,-0.0153","0,0,0,0,0,0,-0.0143,-0.0143","0,-0.00722,-0.00656,0,0,0,-0.00621,-0.0158",0.050048828125,0.0428989976644516,3,0.3176647424697876,0.15746822953224182
19,o_proj,gptq,5120,4096,0,0.0021066665649414062,0.0014349460601806641,60.03852829608877,0.03373578002692625,182.97698974609375,101.04519653320312,1.9041104316711426,7.222316741943359,1.459639310836792,3.1541333198547363,0.632336437702179,59.73741149902344,0.035367272794246674,"3063,611,995,739,2679,2935,3909,2807,4016,1593,2989,3048,3336,1721,867,1849",29.37590217590332,,,,,0,0.3662850558757782,1.2087719440460205,1.0165938138961792,1.8337441682815552,"0.071,0.071,0.155,0.281,0.300,0.311,0.378,0.547",518.0718383789062,1488.4110107421875,"49.66,49.66,212.1,437.7,471,458.3,637,1829",7.129451751708984,8.574590682983398,"6.446,6.446,6.335,7.319,7.316,7.097,7.456,8.62","0.2569,0.2569,0.3788,0.5862,0.6028,0.5944,0.6903,1.057","0.9661,0.9661,0.9631,1.106,1.1,1.067,1.123,1.43",4616,0.003483336418867111,3448,0.0026060794480144978,"611,739,867,995,2816,1977,1721,3464",0.3726285994052887,0.3458496034145355,0.33903810381889343,"0.565,0.551,0.645,0.689,0.643,0.524,0.524,0.569","1.32,1.29,1.28,1.25,0.914,0.853,0.829,0.812","-0.00525,-0.00504,0.000376,-0.00946,0.0129,-0.000296,0.000254,-0.00421","0,0,0,0,0,0,0,0","-0.00614,-0.00443,0,-0.01,0.0181,0,0,-0.00785",0.103515625,0.0887276828289032,4,0.035579945892095566,0.039946552366018295
19,gate_proj,gptq,14336,5120,0,0.0020329066685267857,0.001444802965436663,146.12634620140307,0.023468731011524756,508.7846984863281,383.51531982421875,140.82711791992188,314.65289306640625,193.53358459472656,247.5836181640625,0.41164571046829224,145.95205688476562,0.1542382687330246,"4338,4267,4605,1702,2342,4709,2646,3262,4673,3268,3548,4101,3379,138,5107,2929",133.22726440429688,,,,,0,78.10211944580078,102.58460998535156,110.8873062133789,144.21533203125,"0.898,0.898,1.099,0.778,0.714,0.701,0.719,0.731",2101.659423828125,3235.93115234375,"176.6,176.6,294.7,3511,3085,3073,3239,3257",34.8549690246582,43.21670150756836,"18.18,18.18,25.13,44.42,43.26,42.94,43.45,43.28","4.779,4.779,7.298,10.76,10.06,9.941,10.24,10.26","5.043,5.043,6.962,12.2,11.91,11.87,12.07,11.99",3860,0.0012259981594979763,5645,0.0022706028539687395,"2929,4709,3262,3245,711,2342,417,4972",0.2089366763830185,0.30029296875,0.277378648519516,"1.29,1.51,1.62,1.28,1.28,1.62,1.46,1.17","7.51,5.76,5.75,4.79,3.76,3.62,3.07,2.96","-0.0272,0.0359,-0.0199,0.0471,-0.00873,0.024,0.0054,0.0076","-0.0342,0.0342,-0.0342,0.0342,0,0.0342,0,0","-0.0285,0.0388,-0.0206,0.0413,0,0.0236,0,0",0.11962890625,0.1025390625,3,0.35236167907714844,0.15562804043293
19,up_proj,gptq,14336,5120,0,0.0020376886640276226,0.001450620378766741,137.91560499486513,0.02041195625011852,528.6172485351562,400.7161865234375,148.74061584472656,319.419189453125,190.00137329101562,253.60508728027344,0.41164571046829224,137.83477783203125,0.10573840141296387,"4338,4267,4605,1702,2342,4709,2646,4673,3262,3548,3268,4101,3379,138,5107,2739",133.22726440429688,,,,,0,75.61072540283203,105.51609802246094,111.55437469482422,147.31349182128906,"0.589,0.589,0.757,0.753,0.699,0.700,0.726,0.733",2101.659423828125,3235.93115234375,"176.6,176.6,294.7,3511,3085,3073,3239,3257",34.8549690246582,43.21670150756836,"18.18,18.18,25.13,44.42,43.26,42.94,43.45,43.28","3.9,3.9,6.118,10.82,10.14,10.08,10.38,10.39","5.08,5.08,7.034,12.47,12.12,12.04,12.18,12.13",7493,0.0005954066873528063,458,0.0006965407519601285,"2929,4709,3262,3245,711,2342,417,4972",0.12723854184150696,0.4370989203453064,0.5091552734375,"0.777,0.774,0.787,0.691,0.924,0.83,0.888,1.08","7.51,5.76,5.75,4.79,3.76,3.62,3.07,2.96","-0.00464,-0.00163,0.000572,0.000576,-0.000839,0.00159,-0.0012,0.00656","0,0,0,0,0,0,0,0.011","-0.00816,0,0,0,0,0,0,0.00757",0.0419921875,0.03545311838388443,1,0.24737431108951569,0.09625376015901566
19,down_proj,gptq,5120,14336,0,0.0020064762660435267,0.0014387130737304687,221.6837011288212,0.03421938736736748,620.385986328125,393.43511962890625,6.488973617553711,14.070878028869629,8.897241592407227,9.685481071472168,0.9165368676185608,221.60012817382812,0.10524577647447586,"7424,13942,10,11634,8119,555,4711,7334,6928,10162,12481,7977,11635,14152,2083,3609",299.9946594238281,,,,,0,3.5487916469573975,3.8862130641937256,5.3675031661987305,5.674600601196289,"1.298,1.298,0.100,0.924,0.945,0.930,0.933,0.938",6311.32763671875,9943.33203125,"64.92,64.92,155.3,9843,1.041e+04,1.018e+04,1.006e+04,9708",10.16954517364502,14.117502212524414,"1.653,1.653,5.117,15.01,14.71,14.7,14.56,13.95","0.3181,0.3181,0.2898,2.428,2.402,2.378,2.372,2.271","0.2792,0.2792,0.9181,2.526,2.471,2.465,2.455,2.345",3448,0.01254191529005766,711,0.004207250662147999,"2788,12203,12767,10388,7435,10722,89,11446",0.18356750905513763,0.3587890565395355,0.3650146424770355,"0.586,0.61,0.528,0.686,0.57,0.712,0.675,0.749","2.37,1.85,1.79,1.49,1.4,1.37,1.06,1.03","0.0522,0.0304,0.00249,-0.00824,0.0347,0.0219,0.00418,0.0544","0,0.0455,0,0,0,0,0,0.0452","0.0517,0.0227,0,-0.0146,0,0.0262,0,0.0496",0.72265625,0.8258928656578064,1,0.2690405249595642,0.12917549908161163
20,q_proj,gptq,4096,5120,0,0.0020595550537109374,0.0014818668365478515,65.52165304247865,0.028400166739753627,201.81491088867188,138.06394958496094,106.682861328125,373.4980773925781,145.42672729492188,305.23492431640625,0.8981560468673706,65.41015625,0.2962511479854584,"2929,3060,476,2523,3245,4605,4267,4311,1226,4709,1320,1532,266,4263,1840,4938",505.38739013671875,,,,,0,60.70235061645508,132.55990600585938,81.1682357788086,173.94845581054688,"0.762,0.762,0.985,0.454,0.407,0.395,0.404,0.436",1834.977294921875,2738.481689453125,"176.1,176.1,270.2,3041,2818,2702,2720,2776",60.66082000732422,75.72628021240234,"25.3,25.3,31.85,80.93,82.96,80,80.27,78.69","4.713,4.713,6.102,9.356,9.102,8.689,8.817,8.963","5.4,5.4,6.148,13.88,14.27,13.83,13.88,13.57",2215,0.005474323406815529,3688,0.008082636632025242,"3245,2929,4709,1226,2523,4656,4849,1320",0.8536065220832825,0.47686767578125,0.5196533203125,"0.734,0.604,0.517,0.74,0.635,0.44,0.562,0.598","37.5,32.3,14.1,9.58,9.56,8.49,7.33,7","0.132,-0.0669,0.0476,-0.0771,0.043,-0.0396,-0.0137,-0.0239","0.113,-0.0753,0.0377,-0.0753,0.0377,-0.0377,-0.0377,0","0.113,-0.0573,0.0477,-0.0661,0.0368,-0.0318,-0.0101,-0.0228",0.1318359375,0.13615547120571136,1,0.673474907875061,1.0010707378387451
20,k_proj,gptq,1024,5120,0,0.00204010009765625,0.0014812469482421875,27.862991556481575,0.03703542003676014,72.21353149414062,47.549617767333984,38.22067642211914,136.12640380859375,56.24976348876953,105.6976318359375,0.8981560468673706,27.78998374938965,0.37482312321662903,"2929,3060,476,2523,4267,4311,4605,3245,1226,1320,1532,4709,266,4263,1840,4101",505.38739013671875,,,,,0,23.273086547851562,45.41936111450195,31.423622131347656,61.083274841308594,"1.156,1.156,1.366,0.499,0.442,0.434,0.439,0.494",1834.977294921875,2738.481689453125,"176.1,176.1,270.2,3041,2818,2702,2720,2776",60.66082000732422,75.72628021240234,"25.3,25.3,31.85,80.93,82.96,80,80.27,78.69","2.859,2.859,3.627,5.892,5.663,5.361,5.436,5.622","2.659,2.659,3.103,8.338,8.519,8.137,8.2,8.002",305,0.0113186901435256,499,0.01438151579350233,"3245,2929,4709,1226,2523,4656,4849,1320",1.0513206720352173,0.424072265625,0.379150390625,"0.409,0.462,0.475,0.537,0.533,0.434,0.559,0.545","37.5,32.3,14.1,9.58,9.56,8.49,7.33,7","0.0278,0.00742,0.00873,0.0471,-0.0187,0.0322,0.0253,-0.0327","0.0299,0,0,0.0299,-0.0299,0.0299,0.0299,-0.0299","0.0346,0.00991,0.0157,0.05,-0.013,0.0314,0.0268,-0.028",0.1044921875,0.0895647406578064,7,0.6025339961051941,0.5158517360687256
20,v_proj,gptq,1024,5120,0,0.0020282745361328127,0.0014600753784179688,11.477646216514302,0.02858599769386786,35.28136444091797,25.548877716064453,18.512767791748047,51.73341369628906,23.217397689819336,38.00090789794922,0.8981560468673706,11.428958892822266,0.26497676968574524,"3442,2929,4267,4311,1320,1532,2523,3060,4605,266,1226,4709,4263,476,4101,5107",505.38739013671875,,,,,0,9.309853553771973,15.84152889251709,13.593226432800293,22.374055862426758,"1.138,1.138,1.032,0.606,0.548,0.535,0.554,0.582",1834.977294921875,2738.481689453125,"176.1,176.1,270.2,3041,2818,2702,2720,2776",60.66082000732422,75.72628021240234,"25.3,25.3,31.85,80.93,82.96,80,80.27,78.69","1.291,1.291,1.639,3.874,3.721,3.593,3.633,3.673","1.21,1.21,1.613,4.976,5.029,4.914,4.883,4.813",477,0.005718326196074486,427,0.01220967061817646,"3245,2929,4709,1226,2523,4656,4849,1320",0.505979061126709,0.7596435546875,0.841552734375,"0.0443,0.0759,0.104,0.0924,0.0876,0.0757,0.196,0.138","37.5,32.3,14.1,9.58,9.56,8.49,7.33,7","-0.000622,0.0032,0.00314,0.000744,-0.000603,-0.00296,0.0019,0.00909","0,0,0,0,0,0,0,0.0147","0,0.00551,0.00586,0,0,-0.00586,0,0.0125",0.051513671875,0.04431220144033432,1,0.28138893842697144,0.20665863156318665
20,o_proj,gptq,5120,4096,0,0.002121639251708984,0.0014209270477294922,56.012416115941505,0.03424620067445421,157.36122131347656,92.50186157226562,1.5860683917999268,5.607176780700684,1.512178659439087,2.8631367683410645,0.6527044177055359,55.748779296875,0.0404307059943676,"3966,4094,3710,3317,321,3838,449,1359,193,1036,1292,1420,2996,1164,2949,3189",25.838111877441406,,,,,0,0.45306670665740967,1.042889952659607,1.1018385887145996,1.8376561403274536,"0.039,0.039,0.187,0.605,0.596,0.469,0.528,0.653",1151.504150390625,2503.42529296875,"50.56,50.56,305.4,1815,1787,1141,1393,2669",6.659395694732666,8.662053108215332,"6.13,6.13,5.191,6.669,6.683,6.762,7.316,8.396","0.1858,0.1858,0.3402,0.7774,0.7734,0.6893,0.7987,1.06","0.9432,0.9432,0.7865,0.9996,1.002,1.006,1.099,1.312",3448,0.0051115769892930984,4656,0.009258583188056946,"321,193,1292,1420,1164,1036,449,3838",0.1201750710606575,0.3431640565395355,0.34650880098342896,"0.438,0.59,0.553,0.659,0.572,0.696,0.659,0.647","1.09,1.05,1.01,0.995,0.982,0.925,0.775,0.703","-0.0192,-0.171,-0.00323,0.0459,0.0566,-0.0306,-0.126,-0.187","-0.0533,-0.16,0,0.0533,0.0533,-0.0533,-0.107,-0.213","-0.0146,-0.146,0,0.0393,0.0458,-0.0335,-0.144,-0.213",0.408203125,0.44224533438682556,1,0.05529176443815231,0.09000876545906067
20,gate_proj,gptq,14336,5120,0,0.0020370074680873328,0.0014422552926199777,145.0281034053039,0.022510405769209554,519.3992309570312,389.94561767578125,166.14732360839844,355.21990966796875,243.7802734375,288.1605224609375,0.2896296977996826,144.84884643554688,0.13823464512825012,"4338,2342,4267,1702,4605,4709,4673,2646,107,3548,3262,3268,4101,788,3357,3379",119.59087371826172,,,,,0,98.41912078857422,120.67095947265625,138.06776428222656,163.6179962158203,"0.827,0.827,1.075,0.830,0.785,0.762,0.776,0.794",2137.328125,3343.476318359375,"107.1,107.1,232.5,3620,3289,3168,3263,3311",38.040130615234375,45.78010559082031,"22.45,22.45,31.23,46.88,45.65,45.06,45.39,45.2","5.763,5.763,9.052,11.85,11.3,10.97,11.15,11.23","6.337,6.337,8.728,13.01,12.75,12.57,12.66,12.6",9424,0.0012527578510344028,11778,0.001857231603935361,"2929,4709,3262,711,3245,417,2342,1625",0.163563534617424,0.3003801703453064,0.2739345133304596,"1.3,1.5,1.54,1.25,1.3,1.48,1.63,1.21","6.9,6.2,5.08,4.38,4.13,3.68,3.55,3.27","-0.0645,0.0277,0.0427,-0.0179,0.0781,0.0277,0.022,0.00446","-0.0416,0.0416,0.0416,0,0.0831,0.0416,0.0416,0","-0.0737,0.0213,0.0446,-0.018,0.067,0.0297,0.015,0",0.1455078125,0.1567721664905548,1,0.4000028073787689,0.24294833838939667
20,up_proj,gptq,14336,5120,0,0.002035999298095703,0.0014404841831752232,130.39211804026536,0.019935535569635017,507.1941833496094,383.66912841796875,164.6466522216797,340.8133544921875,221.367431640625,278.29058837890625,0.2896296977996826,130.32498168945312,0.09465548396110535,"4338,4267,2342,1702,4605,4709,2646,4673,3548,107,3268,4101,3262,788,3357,3379",119.59087371826172,,,,,0,88.0413589477539,116.50524139404297,128.90097045898438,158.428955078125,"0.567,0.567,0.717,0.805,0.770,0.755,0.768,0.786",2137.328125,3343.476318359375,"107.1,107.1,232.5,3620,3289,3168,3263,3311",38.040130615234375,45.78010559082031,"22.45,22.45,31.23,46.88,45.65,45.06,45.39,45.2","4.64,4.64,7.208,11.51,11,10.74,10.92,11","6.161,6.161,8.512,12.83,12.54,12.35,12.46,12.41",11060,0.0005202774773351848,5363,0.0008606591145507991,"2929,4709,3262,711,3245,417,2342,1625",0.09953568130731583,0.4348144829273224,0.5036534070968628,"0.767,0.735,0.805,0.872,0.678,0.846,0.795,1","6.9,6.2,5.08,4.38,4.13,3.68,3.55,3.27","-0.0025,-0.00592,-2.75e-05,0.00238,3.89e-05,0.00491,-0.00153,0.011","0,-0.00809,0,0,0,0.00809,0,0.00809","0,-0.00861,0,0,0,0.00816,0,0.0121",0.031494140625,0.03545859083533287,1,0.25096097588539124,0.14792077243328094
20,down_proj,gptq,5120,14336,0,0.0019991329738071988,0.0014224188668387277,208.36550356466978,0.03286389511498511,591.1605834960938,377.0391540527344,7.233500003814697,15.079910278320312,13.64177131652832,17.465606689453125,0.5131191611289978,208.1656494140625,0.10941709578037262,"4984,4013,769,11974,13151,4017,9331,2284,6664,9058,4920,11540,7134,11276,6186,712",198.9348907470703,,,,,0,7.783234596252441,11.81298542022705,6.088894367218018,5.741959571838379,"0.462,0.462,0.517,1.034,1.034,1.035,1.083,1.085",6926.3828125,10341.9716796875,"216,216,188.1,1.023e+04,1.073e+04,1.118e+04,1.181e+04,1.084e+04",17.646835327148438,14.40793514251709,"31.05,31.05,3.088,15.05,15.1,15.56,15.53,14.75","3.81,3.81,0.4068,2.527,2.534,2.611,2.661,2.524","5.604,5.604,0.5657,2.484,2.491,2.566,2.557,2.423",3448,0.011253131553530693,3448,0.012136607430875301,"7949,4013,10352,7097,13969,4417,10895,11974",0.09616640955209732,0.4278320372104645,0.4447021484375,"0.521,0.762,0.693,0.57,0.654,0.651,0.579,0.709","2.03,1.66,1.53,1.3,1.14,1.1,1.08,1","0.145,0.66,0.0143,-0.225,0.00699,0.0276,-0.0187,0.535","0.189,0.566,0,-0.189,0,0.0381,-0.0751,0.566","0.124,0.566,0.0234,-0.257,0,0.0206,-0.0248,0.459",0.66015625,0.5658482313156128,2,0.2687682807445526,0.27445581555366516
21,q_proj,gptq,4096,5120,0,0.0020351409912109375,0.001496124267578125,72.88648358089267,0.031220872484241366,210.26113891601562,139.5028533935547,98.87101745605469,371.4176940917969,141.532470703125,289.4638671875,0.8887496590614319,72.75833129882812,0.3446507453918457,"2929,3060,2523,476,4605,4267,4311,3442,1532,3245,4709,1226,2646,1320,4101,4263",514.2391357421875,,,,,0,58.980712890625,123.41388702392578,80.05342864990234,168.58863830566406,"1.148,1.148,1.069,0.459,0.413,0.403,0.415,0.453",1809.2467041015625,2746.915283203125,"175.2,175.2,259.4,2957,2691,2657,2754,2804",58.80375671386719,74.79656982421875,"22.71,22.71,29.93,79.72,80.57,78.27,79.14,77.37","4.76,4.76,5.885,9.17,8.851,8.53,8.755,8.947","4.443,4.443,5.691,13.53,13.78,13.44,13.6,13.3",1649,0.004664413630962372,2601,0.011242922395467758,"3245,2929,4709,4656,2523,1226,3212,4849",0.9247680306434631,0.510345458984375,0.54345703125,"0.662,0.566,0.515,0.417,0.591,0.737,0.779,0.624","35.6,33.4,14.8,11.8,10.7,7.8,7.16,6.96","0.0635,-0.0576,0.0298,-0.0306,0.0449,-0.0164,0.04,-0.00964","0.0706,-0.0706,0.0353,-0.0353,0.0353,-0.0353,0.0353,0","0.0544,-0.0658,0.0282,-0.0282,0.0385,-0.0137,0.0363,-0.00921",0.12353515625,0.1411830484867096,1,0.6044902205467224,0.5553392171859741
21,k_proj,gptq,1024,5120,0,0.002050018310546875,0.0014963150024414062,29.825297228417185,0.03959934261101861,74.33794403076172,48.87688064575195,35.4561767578125,136.07220458984375,54.4558219909668,103.58527374267578,0.8887496590614319,29.72112274169922,0.38912099599838257,"2929,3060,2523,4267,4605,476,4311,1532,4709,3245,1226,1320,2646,4101,3442,3212",514.2391357421875,,,,,0,23.14344024658203,43.657413482666016,30.14518928527832,61.687416076660156,"1.427,1.427,1.591,0.539,0.455,0.437,0.431,0.478",1809.2467041015625,2746.915283203125,"175.2,175.2,259.4,2957,2691,2657,2754,2804",58.80375671386719,74.79656982421875,"22.71,22.71,29.93,79.72,80.57,78.27,79.14,77.37","2.948,2.948,3.79,5.892,5.575,5.298,5.376,5.536","2.468,2.468,3.005,8.029,8.262,8.012,8.186,8.008",1015,0.019432567059993744,168,0.020726056769490242,"3245,2929,4709,4656,2523,1226,3212,4849",1.152477502822876,0.4749755859375,0.4554443359375,"0.391,0.434,0.432,0.373,0.483,0.522,0.43,0.534","35.6,33.4,14.8,11.8,10.7,7.8,7.16,6.96","-0.0364,0.0649,-0.0654,0.0439,-0.00644,0.01,0.00775,0.0197","-0.0424,0.0848,-0.0848,0.0424,0,0,0,0","-0.03,0.0557,-0.0561,0.0374,-0.00949,0.00743,0.015,0.0191",0.1484375,0.1272321492433548,1,0.7771008610725403,0.284769207239151
21,v_proj,gptq,1024,5120,0,0.0020366668701171874,0.0014484405517578125,10.978750704078266,0.028076402344002598,33.93122100830078,23.52941131591797,15.719619750976562,45.51695251464844,20.586624145507812,33.91056823730469,0.8887496590614319,10.934534072875977,0.266864150762558,"3442,2929,4267,4605,3060,1532,4101,4311,4709,2523,476,1320,2646,1226,2739,3212",514.2391357421875,,,,,0,8.245450019836426,14.129606246948242,12.105359077453613,20.004695892333984,"1.065,1.065,1.036,0.613,0.530,0.533,0.545,0.584",1809.2467041015625,2746.915283203125,"175.2,175.2,259.4,2957,2691,2657,2754,2804",58.80375671386719,74.79656982421875,"22.71,22.71,29.93,79.72,80.57,78.27,79.14,77.37","1.205,1.205,1.618,3.641,3.431,3.372,3.437,3.496","1.168,1.168,1.589,4.65,4.713,4.62,4.654,4.576",641,0.011676600202918053,928,0.009723003022372723,"3245,2929,4709,4656,2523,1226,3212,4849",0.5474977493286133,0.7874755859375,0.837158203125,"0.0423,0.0725,0.0974,0.0644,0.0755,0.0963,0.112,0.183","35.6,33.4,14.8,11.8,10.7,7.8,7.16,6.96","-0.0112,0.00711,-0.0175,0.0168,-0.00952,-0.00232,-0.00272,0.00748","0,0,-0.0332,0.0332,0,0,0,0","-0.00907,0.00568,-0.0199,0.015,-0.00889,0,-0.00453,0.00921",0.1162109375,0.1328125,1,0.37077632546424866,0.17277470231056213
21,o_proj,gptq,5120,4096,0,0.0021085262298583983,0.00142974853515625,51.26946929763653,0.03212438120230678,149.576904296875,90.43881225585938,1.5570087432861328,4.35572624206543,1.0264620780944824,2.10617733001709,0.7848361730575562,50.828033447265625,0.044394586235284805,"2561,2689,1223,1351,1095,1479,2945,3355,3227,2817,1220,2267,556,3748,1251,1092",21.329143524169922,,,,,0,0.29282891750335693,0.7873506546020508,0.7770401239395142,1.418552279472351,"0.030,0.030,0.231,0.398,0.497,0.534,0.542,0.601",537.9913940429688,1507.34716796875,"47.04,47.04,220.9,436,549.4,739,795.4,1469",5.892071723937988,7.812218189239502,"6.046,6.046,4.545,4.863,5.559,6.154,6.408,7.516","0.1626,0.1626,0.3189,0.4515,0.5678,0.6518,0.6892,0.8729","0.9381,0.9381,0.664,0.7153,0.8051,0.8916,0.9362,1.126",3448,0.050921592861413956,3448,0.009583761915564537,"2689,556,2561,940,3227,3355,3483,812",0.17244192957878113,0.3663574159145355,0.36127930879592896,"0.763,0.412,0.521,0.47,0.555,0.501,0.509,0.586","0.785,0.685,0.653,0.628,0.609,0.563,0.552,0.456","-0.0732,0.00144,-0.122,-0.0302,-0.0513,-0.052,0.000328,-0.0259","0,0,-0.193,0,0,0,0,0","-0.0854,0,-0.14,-0.0269,-0.0598,-0.0497,0,-0.0325",0.67578125,0.661186933517456,1,0.12813372910022736,0.07882067561149597
21,gate_proj,gptq,14336,5120,0,0.002031012943812779,0.0014400482177734375,142.13177048977127,0.021532873733193895,523.8568115234375,394.58624267578125,188.8622589111328,387.3457946777344,247.84022521972656,290.5876159667969,0.4378297030925751,142.08944702148438,0.12775588035583496,"4338,4267,2342,1702,4605,4709,2646,4673,107,3548,3268,788,4101,3262,4616,417",106.61443328857422,,,,,0,97.8939437866211,117.85592651367188,147.864013671875,172.37452697753906,"0.890,0.890,1.128,0.831,0.808,0.792,0.813,0.835",2119.61376953125,3346.796630859375,"100.8,100.8,229,3499,3174,3178,3316,3358",35.92726516723633,46.60741424560547,"15.43,15.43,20.9,48.16,46.49,46.9,47.18,46.92","4.125,4.125,6.289,12.29,11.7,11.64,11.92,12","4.372,4.372,5.921,13.49,13.02,13.08,13.22,13.13",9481,0.000980575568974018,8545,0.0019179309019818902,"2929,4709,711,3245,3262,417,2342,1625",0.12550489604473114,0.2942592203617096,0.2720424234867096,"1.33,1.51,1.28,1.32,1.49,1.47,1.61,1.22","6.42,6.04,4.31,3.88,3.81,3.73,3.44,3.39","-0.0201,-0.0496,0.00568,0.0173,0.0361,0.0203,-0.00105,-0.00403","0,-0.0416,0,0,0.0416,0.0416,0,0","-0.0204,-0.0425,0,0.0123,0.0368,0,0,0",0.1640625,0.1439047008752823,1,0.366453617811203,0.32864880561828613
21,up_proj,gptq,14336,5120,0,0.002039950234549386,0.0014314242771693638,125.1595218971745,0.01952485734897678,493.8559265136719,373.1527099609375,180.51181030273438,359.2806091308594,224.89959716796875,270.38037109375,0.4378297030925751,125.05360412597656,0.08913855999708176,"4338,4267,2342,1702,4605,4709,4673,2646,107,3548,3268,4101,788,3262,4616,2739",106.61443328857422,,,,,0,88.1935043334961,109.73089599609375,135.358642578125,160.15940856933594,"0.654,0.654,0.818,0.832,0.805,0.784,0.805,0.821",2119.61376953125,3346.796630859375,"100.8,100.8,229,3499,3174,3178,3316,3358",35.92726516723633,46.60741424560547,"15.43,15.43,20.9,48.16,46.49,46.9,47.18,46.92","3.377,3.377,5.132,11.83,11.24,11.23,11.46,11.51","4.177,4.177,5.675,12.97,12.53,12.69,12.77,12.7",12141,0.000508398690726608,1578,0.0007169219898059964,"2929,4709,711,3245,3262,417,2342,1625",0.08122164756059647,0.4306727945804596,0.4924752712249756,"0.736,0.716,0.858,0.65,0.824,0.838,0.779,0.976","6.42,6.04,4.31,3.88,3.81,3.73,3.44,3.39","0.0347,-0.0101,0.00964,-0.0359,-0.0144,-0.0147,-0.0129,-0.0177","0.0244,0,0.0244,-0.0488,-0.0244,-0.0244,-0.0244,-0.0244","0.0287,-0.00935,0.0119,-0.0244,-0.0244,-0.0173,-0.0123,-0.0236",0.08544921875,0.0976562574505806,1,0.2535039186477661,0.14640706777572632
21,down_proj,gptq,5120,14336,0,0.0020035879952566963,0.001421070098876953,195.61951549447804,0.03127966799185999,571.042724609375,370.43682861328125,7.977954864501953,15.550678253173828,11.44987964630127,10.619611740112305,0.3459601104259491,195.55145263671875,0.10375137627124786,"6314,11702,10472,10103,11656,192,5466,11750,13765,10418,10894,13252,3327,1455,2574,1587",188.57736206054688,,,,,0,4.577181816101074,4.327702522277832,6.698941230773926,6.051516532897949,"0.829,0.829,0.620,1.049,1.043,1.058,1.094,1.064",6942.11962890625,10309.5517578125,"47.96,47.96,164.9,1.32e+04,1.051e+04,1.083e+04,1.049e+04,1.025e+04",10.66590404510498,14.937178611755371,"1.443,1.443,2.391,17.93,15.56,15.89,15.39,15.28","0.2128,0.2128,0.3274,3.029,2.588,2.666,2.614,2.57","0.2336,0.2336,0.4157,2.957,2.534,2.593,2.499,2.491",3448,0.00950655061751604,4656,0.0025835996493697166,"3499,4709,13381,12744,11091,11720,4427,9126",0.10760361701250076,0.3576904237270355,0.36198732256889343,"0.707,0.604,0.61,0.488,0.551,0.56,0.661,0.657","1.83,1.25,1.2,1.19,1.17,1.13,1.11,1.04","-0.0161,0.0101,-0.0148,0.0247,0.03,0.0378,-0.00137,0.00641","-0.0227,0,0,0,0,0,0,0","-0.0244,0,-0.018,0.0237,0.0396,0.0455,0,0",0.6875,0.5892857313156128,2,0.2523486912250519,0.12256132066249847
22,q_proj,gptq,4096,5120,0,0.00202484130859375,0.0014883041381835937,67.83425302308751,0.030016479179565615,200.70135498046875,135.51846313476562,104.66514587402344,369.9685363769531,153.89633178710938,293.29412841796875,0.8715828657150269,67.6826171875,0.3253748118877411,"2929,3060,4605,476,2523,4267,4709,3245,4311,2646,1532,1226,4101,1320,3442,4338",453.685302734375,,,,,0,63.958351135253906,125.90983581542969,86.77237701416016,170.20265197753906,"1.308,1.308,1.098,0.478,0.422,0.424,0.435,0.481",1868.3497314453125,2876.840087890625,"175.2,175.2,261.6,3078,2757,2750,2827,2923",58.66779327392578,75.28813171386719,"23.07,23.07,30.29,78.32,80.1,77.91,78.87,77.71","5.439,5.439,6.053,9.472,9.037,8.783,9.03,9.262","4.755,4.755,5.777,13.69,13.91,13.49,13.69,13.35",1957,0.0032484857365489006,1062,0.012520644813776016,"3245,2929,4656,4709,2523,4849,1226,3212",0.9950424432754517,0.508941650390625,0.517730712890625,"0.739,0.594,0.4,0.559,0.678,0.629,0.819,0.799","33.5,30.9,15,14.5,9.91,7.82,6.72,6.26","-0.159,0.0713,0.0469,-0.0557,-0.0337,0.025,0.0933,-0.0415","-0.136,0.091,0.0455,-0.0455,-0.0455,0.0455,0.091,-0.0455","-0.136,0.0611,0.0548,-0.0548,-0.0312,0.0274,0.0799,-0.0455",0.1591796875,0.1364397406578064,1,0.5150750875473022,1.1498675346374512
22,k_proj,gptq,1024,5120,0,0.002054595947265625,0.00146026611328125,24.546605737945356,0.03403282024742954,66.7173843383789,44.30255889892578,35.03388595581055,131.3831787109375,52.33209228515625,97.25299072265625,0.8715828657150269,24.504615783691406,0.3606641888618469,"2929,3060,4605,476,2523,4267,4709,3245,2646,1532,1226,4311,4101,1320,4338,4849",453.685302734375,,,,,0,21.732553482055664,41.185791015625,29.743803024291992,57.521270751953125,"1.372,1.372,1.413,0.510,0.451,0.437,0.447,0.499",1868.3497314453125,2876.840087890625,"175.2,175.2,261.6,3078,2757,2750,2827,2923",58.66779327392578,75.28813171386719,"23.07,23.07,30.29,78.32,80.1,77.91,78.87,77.71","2.859,2.859,3.628,5.523,5.387,5.177,5.306,5.465","2.441,2.441,3.052,7.73,8.02,7.831,7.937,7.736",63,0.006796758621931076,358,0.019365709275007248,"3245,2929,4656,4709,2523,4849,1226,3212",1.0290571451187134,0.462646484375,0.4144287109375,"0.372,0.408,0.356,0.436,0.481,0.477,0.54,0.426","33.5,30.9,15,14.5,9.91,7.82,6.72,6.26","0.00903,-0.0334,-0.00641,-0.0194,-0.00175,-0.00019,0.0299,-0.0359","0,-0.0237,-0.0237,-0.0237,0,0,0.0237,-0.0237","0.0132,-0.0385,0,-0.0133,0,0,0.0299,-0.0396",0.0830078125,0.0948660746216774,1,0.44414710998535156,0.27364376187324524
22,v_proj,gptq,1024,5120,0,0.0020696640014648436,0.0015123367309570312,12.10295839306059,0.02272920124699827,43.01888656616211,33.01667404174805,21.81783676147461,61.952392578125,27.434616088867188,45.87147521972656,0.8715828657150269,12.066333770751953,0.16910965740680695,"4605,2929,4267,3442,3060,2646,4101,4709,476,4849,2523,1532,1320,2739,4338,4311",453.685302734375,,,,,0,10.973445892333984,18.84963035583496,16.467269897460938,27.30991554260254,"1.007,1.007,0.887,0.576,0.559,0.541,0.562,0.591",1868.3497314453125,2876.840087890625,"175.2,175.2,261.6,3078,2757,2750,2827,2923",58.66779327392578,75.28813171386719,"23.07,23.07,30.29,78.32,80.1,77.91,78.87,77.71","1.309,1.309,1.629,4.169,4.001,3.908,4.026,4.104","1.305,1.305,1.729,5.493,5.352,5.314,5.372,5.337",940,0.004677047487348318,474,0.0077463011257350445,"3245,2929,4656,4709,2523,4849,1226,3212",0.35620683431625366,0.7769775390625,0.87060546875,"0.0398,0.0633,0.0596,0.102,0.0745,0.173,0.0892,0.118","33.5,30.9,15,14.5,9.91,7.82,6.72,6.26","0.00034,0.00494,0.000483,0.00354,0.00061,-0.00415,0.00427,0.00246","0,0.00481,0,0.00481,0,-0.00481,0.00481,0","0,0,0,0,0,0,0,0",0.046875,0.041065797209739685,2,0.2736431956291199,0.32435739040374756
22,o_proj,gptq,5120,4096,0,0.0021225929260253905,0.0014398574829101562,66.02441120314688,0.036954313286886455,178.96414184570312,101.74659729003906,2.0301241874694824,4.9302263259887695,1.5332386493682861,2.5186378955841064,0.7468349933624268,65.77302551269531,0.04059343412518501,"2382,2254,1815,2510,3054,1687,2126,2670,3468,2798,2926,249,2347,3084,1133,760",52.31757354736328,,,,,0,0.48223862051963806,0.9219285249710083,1.1922459602355957,1.7735289335250854,"0.042,0.042,0.421,0.616,0.668,0.598,0.645,0.725",903.6740112304688,2556.7666015625,"45.26,45.26,406.8,888.6,1035,925.6,1327,2556",6.002460479736328,7.890721321105957,"5.626,5.626,4.139,5.16,6.395,6.045,6.948,8.081","0.1782,0.1782,0.4118,0.6304,0.8124,0.7191,0.8839,1.127","0.87,0.87,0.6346,0.8033,0.9937,0.9303,1.1,1.323",3448,0.010763140395283699,3448,0.0023232554085552692,"2126,3084,2510,2325,2254,2798,3054,3446",0.12114955484867096,0.4167724549770355,0.40642091631889343,"0.794,0.352,0.448,0.618,0.329,0.528,0.582,0.452","0.733,0.703,0.695,0.629,0.566,0.535,0.524,0.475","0.011,0.0281,-0.000105,-0.0154,0.0459,0.0205,-0.0547,-0.0549","0,0,0,0,0,0,0,0","0.0219,0.0315,0,-0.0254,0.0366,0.0208,-0.0485,-0.0625",0.5859375,0.6696428656578064,1,0.0842796042561531,0.04789763316512108
22,gate_proj,gptq,14336,5120,0,0.0020340374537876674,0.0014452389308384486,141.84108343381558,0.021133774739686296,530.0496215820312,400.0018005371094,217.30255126953125,436.9613952636719,288.2421569824219,331.3738708496094,0.476455956697464,141.71585083007812,0.128292977809906,"4338,2342,4267,1702,4605,4709,107,4673,2646,3548,788,4616,3268,2739,4101,3262",100.08700561523438,,,,,0,112.02310180664062,133.67694091796875,171.3208770751953,196.72964477539062,"0.953,0.953,1.159,0.850,0.803,0.800,0.818,0.836",2128.95703125,3388.4208984375,"98.08,98.08,230.2,3579,3168,3187,3295,3376",37.745216369628906,49.43009948730469,"15.68,15.68,21.32,51.13,49.23,49.42,49.79,49.7","4.314,4.314,6.483,13.31,12.47,12.49,12.74,12.89","4.42,4.42,6.022,14.43,13.92,13.96,14.09,14.09",3557,0.0011596055701375008,11037,0.0016216309741139412,"2929,4709,711,417,3245,2342,1625,3262",0.11729326099157333,0.2958548665046692,0.275425523519516,"1.3,1.47,1.26,1.49,1.33,1.59,1.23,1.44","6.99,6.67,4.24,4.16,4.09,3.66,3.53,3.37","-0.0659,0.0178,-0.0125,0.0216,0.0698,0.021,0.00226,0.0148","-0.0555,0,0,0,0.0555,0,0,0","-0.072,0.0181,0,0.0317,0.0611,0.0303,0,0.0204",0.1943359375,0.2220982313156128,1,0.4247179925441742,0.2922993004322052
22,up_proj,gptq,14336,5120,0,0.0020301001412527902,0.001426424298967634,122.33215353626247,0.019281419698485732,487.9421691894531,369.7630615234375,202.46788024902344,396.3545837402344,256.8454284667969,301.7108459472656,0.476455956697464,122.24960327148438,0.09193626046180725,"4338,4267,2342,4605,1702,107,4709,4673,2646,3548,788,3268,2739,4616,4101,402",100.08700561523438,,,,,0,99.2928237915039,121.58642578125,154.3428955078125,178.54141235351562,"0.661,0.661,0.815,0.837,0.807,0.806,0.824,0.840",2128.95703125,3388.4208984375,"98.08,98.08,230.2,3579,3168,3187,3295,3376",37.745216369628906,49.43009948730469,"15.68,15.68,21.32,51.13,49.23,49.42,49.79,49.7","3.463,3.463,5.214,12.64,11.93,11.94,12.16,12.28","4.261,4.261,5.774,13.81,13.28,13.3,13.39,13.41",7257,0.000708939041942358,4001,0.0010112442541867495,"2929,4709,711,417,3245,2342,1625,3262",0.07554131746292114,0.4426880180835724,0.5052141547203064,"0.741,0.718,0.856,0.814,0.654,0.751,0.951,0.843","6.99,6.67,4.24,4.16,4.09,3.66,3.53,3.37","0.0107,-0.0327,0.024,-0.0138,-0.0386,-0.0159,0.0227,-0.0019","0,-0.0332,0.0332,-0.0332,0,-0.0332,0.0332,0","0.0075,-0.028,0.0283,-0.0116,-0.0393,-0.0133,0.0275,0",0.1162109375,0.099609375,1,0.3176394999027252,0.2135155349969864
22,down_proj,gptq,5120,14336,0,0.001994609832763672,0.0014233452933175223,200.35865518392347,0.032236752133093294,574.0266723632812,369.74371337890625,9.687627792358398,18.908889770507812,13.464695930480957,13.185333251953125,0.7869266867637634,200.22491455078125,0.12118888646364212,"9589,10256,5212,4898,7525,7042,14310,1430,3270,9431,5264,13329,475,13444,113,10463",202.85853576660156,,,,,0,5.542821884155273,5.389122486114502,8.060123443603516,7.868523120880127,"0.622,0.622,0.852,1.034,1.029,1.035,1.019,1.035",6915.95166015625,10071.0048828125,"44.89,44.89,150.9,1.164e+04,9764,1.167e+04,1.126e+04,1.076e+04",11.779808044433594,16.72095489501953,"1.556,1.556,2.31,18.51,16.64,18.34,18.21,17.12","0.2006,0.2006,0.351,3.062,2.757,3.063,3.057,2.905","0.2544,0.2544,0.3803,3.011,2.718,3.011,3.029,2.855",3448,0.0044022114016115665,3448,0.012502951547503471,"10256,5353,9589,10818,5651,1040,12606,13600",0.08123146742582321,0.40874025225639343,0.41862794756889343,"0.707,0.563,0.782,0.648,0.638,0.628,0.685,0.624","2.25,1.29,1.23,1.11,0.905,0.903,0.866,0.837","0.559,-0.108,0.645,0.0305,0.0177,-0.0128,-0.0113,0.0193","0.552,-0.184,0.552,0.0337,0,-0.0486,0,0.0244","0.479,-0.0938,0.552,0.0435,0.031,-0.0158,-0.0187,0.0299",0.64453125,0.5524554252624512,4,0.18291671574115753,0.30387187004089355
23,q_proj,gptq,4096,5120,0,0.0020336627960205076,0.0014831066131591798,66.46554207595182,0.030862317504329752,193.45028686523438,129.3975830078125,107.89520263671875,356.0187683105469,154.64859008789062,271.806640625,0.8554279804229736,66.33049774169922,0.3338630497455597,"2929,3060,2523,4605,4267,476,2646,3245,1532,1226,4311,4101,4709,1840,4673,1320",358.0873718261719,,,,,0,64.23504638671875,115.86483764648438,87.74616241455078,158.48159790039062,"1.025,1.025,1.128,0.539,0.481,0.491,0.491,0.534",1872.0494384765625,2812.918212890625,"174.7,174.7,264.8,3122,2695,2808,2833,2904",58.95014572143555,75.27633666992188,"23.27,23.27,31.03,79.61,80.06,78,78.85,77.52","4.796,4.796,6.107,9.674,9.204,9.019,9.121,9.367","4.738,4.738,5.75,13.18,13.27,12.87,13.01,12.82",673,0.0037230555899441242,1381,0.011043012142181396,"2929,3245,4709,4656,2523,4849,1226,3060",0.7253936529159546,0.524200439453125,0.5550537109375,"0.6,0.742,0.532,0.408,0.64,0.581,0.758,0.483","32.3,30.5,14.5,11,10.3,7.29,7.07,6.89","-0.0103,0.0366,-0.00192,0.00212,0.017,-0.00537,-0.0383,-0.00757","0,0.0374,0,-0.0187,0.0187,0,-0.0374,0","-0.00802,0.0314,0,0,0.0158,-0.00596,-0.0438,-0.0119",0.0654296875,0.0560825914144516,4,0.5616257786750793,0.3024352192878723
23,k_proj,gptq,1024,5120,0,0.0020221710205078126,0.001476287841796875,27.17328935398109,0.04004463238555004,67.28820037841797,42.981475830078125,38.10258483886719,131.87527465820312,58.899452209472656,98.58717346191406,0.8554279804229736,27.10812759399414,0.38286182284355164,"2929,3060,2523,4267,4605,476,2646,1532,3245,4311,4101,1226,4709,4673,1320,5107",358.0873718261719,,,,,0,24.595874786376953,41.392757415771484,33.1528205871582,58.93735885620117,"1.492,1.492,1.738,0.595,0.503,0.490,0.496,0.545",1872.0494384765625,2812.918212890625,"174.7,174.7,264.8,3122,2695,2808,2833,2904",58.95014572143555,75.27633666992188,"23.27,23.27,31.03,79.61,80.06,78,78.85,77.52","2.876,2.876,4.196,5.92,5.657,5.487,5.649,5.794","2.354,2.354,3.183,7.672,7.973,7.842,8.023,7.851",805,0.010653447359800339,1001,0.041780173778533936,"2929,3245,4709,4656,2523,4849,1226,3060",0.891757607460022,0.444091796875,0.391357421875,"0.442,0.434,0.437,0.413,0.513,0.529,0.5,0.477","32.3,30.5,14.5,11,10.3,7.29,7.07,6.89","-0.0276,0.127,-0.00158,-0.0884,0.0776,-0.0674,0.0226,-0.0981","-0.0363,0.109,0,-0.0725,0.0725,-0.0725,0.0363,-0.109","-0.0272,0.109,0,-0.101,0.0665,-0.0578,0.0193,-0.0841",0.126953125,0.1088169738650322,3,0.5838615298271179,0.8275686502456665
23,v_proj,gptq,1024,5120,0,0.0020111083984375,0.001480865478515625,12.852148284111536,0.026619904966983063,40.974708557128906,28.710861206054688,22.327835083007812,59.653194427490234,28.30724334716797,42.682281494140625,0.8554279804229736,12.808979034423828,0.22084841132164001,"2929,4605,4267,3060,4101,1532,2646,4709,2523,4311,476,1226,5107,1320,1657,3442",358.0873718261719,,,,,0,11.433164596557617,17.637575149536133,16.82732391357422,25.483591079711914,"1.190,1.190,1.135,0.670,0.593,0.612,0.620,0.642",1872.0494384765625,2812.918212890625,"174.7,174.7,264.8,3122,2695,2808,2833,2904",58.95014572143555,75.27633666992188,"23.27,23.27,31.03,79.61,80.06,78,78.85,77.52","1.247,1.247,1.781,4.335,4.054,4.037,4.066,4.138","1.143,1.143,1.671,5.295,5.264,5.16,5.162,5.165",51,0.00679276417940855,95,0.007541409227997065,"2929,3245,4709,4656,2523,4849,1226,3060",0.3626154363155365,0.791748046875,0.843017578125,"0.076,0.0451,0.118,0.0753,0.0816,0.189,0.0856,0.0702","32.3,30.5,14.5,11,10.3,7.29,7.07,6.89","0.0023,-0.000679,-0.00443,-0.00105,0.000557,-0.0138,-9.68e-05,8.88e-06","0,0,0,0,0,-0.0134,0,0","0,0,0,0,0,-0.0107,0,0",0.046875,0.0535714328289032,1,0.33416324853897095,0.15742310881614685
23,o_proj,gptq,5120,4096,0,0.0021122455596923827,0.0014404296875,58.02844792572432,0.03339047536884925,172.168212890625,99.38375091552734,1.7845637798309326,4.780808448791504,1.4714597463607788,2.493436098098755,0.7718479633331299,57.53996276855469,0.05089262127876282,"1144,1400,1528,1272,2129,2385,3311,3644,2513,1496,3183,1794,1104,915,659,2257",39.04146957397461,,,,,0,0.42719778418540955,0.939708948135376,1.0657322406768799,1.6892510652542114,"0.096,0.096,0.429,0.537,0.503,0.572,0.578,0.624",677.5743408203125,1893.7247314453125,"47.65,47.65,338.7,693.6,803.7,910.6,985.8,1593",6.29461669921875,8.136117935180664,"5.915,5.915,4.555,5.907,6.559,6.919,6.991,7.597","0.2833,0.2833,0.4557,0.6497,0.7042,0.7881,0.7955,0.9367","0.9153,0.9153,0.696,0.8865,0.9926,1.042,1.047,1.185",3448,0.02298649214208126,4656,0.017122987657785416,"1272,1502,1433,1459,915,2319,1457,531",0.2523094117641449,0.34736329317092896,0.3577880859375,"0.486,0.595,0.605,0.612,0.576,0.662,0.572,0.556","0.75,0.736,0.682,0.618,0.611,0.604,0.599,0.585","-0.0598,-0.015,0.0427,-0.0659,-0.0659,-0.439,0.0518,-0.0043","0,0,0,0,0,-0.446,0,0","-0.0598,0,0.0318,-0.0636,-0.0565,-0.377,0.0636,0",0.78125,0.6696429252624512,1,0.10676620900630951,0.08727393299341202
23,gate_proj,gptq,14336,5120,0,0.002033901214599609,0.001433631352015904,141.40381972079877,0.0210637050405233,529.4075317382812,397.8363037109375,230.9920654296875,462.94293212890625,304.2669982910156,351.4002990722656,0.47193822264671326,141.29486083984375,0.13271239399909973,"4338,2342,4267,1702,4605,4709,107,2646,4673,788,4616,3548,3268,4101,2929,2739",96.81441497802734,,,,,0,120.68181610107422,142.9651641845703,180.65451049804688,208.62246704101562,"0.900,0.900,1.112,0.853,0.817,0.814,0.825,0.850",2152.1875,3359.746337890625,"94.95,94.95,233.8,3610,3149,3291,3356,3388",39.22444534301758,51.07002639770508,"16.53,16.53,22.27,52.94,50.97,51.55,51.73,51.27","4.438,4.438,6.596,13.78,12.96,13.09,13.24,13.33","4.678,4.678,6.257,14.92,14.34,14.51,14.58,14.46",10198,0.0016585763078182936,13675,0.001695241779088974,"2929,4709,417,711,3245,2342,1625,4819",0.10006124526262283,0.3088553547859192,0.2886788547039032,"1.3,1.39,1.45,1.17,1.29,1.55,1.18,1.21","7.3,7.23,4.57,4.55,4.27,3.94,3.84,3.35","-0.0493,0.0403,0.0153,0.00374,0.0457,0.00705,0.021,-0.0178","-0.0686,0.0343,0,0,0.0686,0,0,-0.0343","-0.0557,0.0427,0.0161,0,0.0343,0,0.0272,-0.0191",0.1201171875,0.1372767984867096,1,0.527997612953186,0.26750314235687256
23,up_proj,gptq,14336,5120,0,0.0020402090890066964,0.0014318602425711497,124.4876928054291,0.019404381705452133,494.15167236328125,373.7392578125,217.8604278564453,429.27923583984375,274.2025451660156,325.20947265625,0.47193822264671326,124.38714599609375,0.09777694195508957,"4338,2342,4267,1702,4605,4709,107,2646,4673,788,3548,4616,3268,4101,2739,3262",96.81441497802734,,,,,0,108.42359161376953,131.880859375,164.7274627685547,193.54025268554688,"0.671,0.671,0.825,0.854,0.802,0.813,0.827,0.844",2152.1875,3359.746337890625,"94.95,94.95,233.8,3610,3149,3291,3356,3388",39.22444534301758,51.07002639770508,"16.53,16.53,22.27,52.94,50.97,51.55,51.73,51.27","3.672,3.672,5.491,13.2,12.34,12.56,12.74,12.79","4.482,4.482,6.045,14.29,13.78,13.93,14.01,13.92",235,0.0005364265525713563,6105,0.0018466379260644317,"2929,4709,417,711,3245,2342,1625,4819",0.0721045583486557,0.4288417398929596,0.4888480305671692,"0.764,0.764,0.826,0.872,0.661,0.783,0.968,1.02","7.3,7.23,4.57,4.55,4.27,3.94,3.84,3.35","-0.0238,-0.00977,0.0103,0.00476,0.0195,0.00485,0.01,0.00121","-0.0211,0,0,0,0.0211,0,0,0","-0.0244,-0.00764,0.0134,0.00767,0.0204,0.00795,0.00691,0",0.07861328125,0.0842633992433548,1,0.2858177125453949,0.1396569162607193
23,down_proj,gptq,5120,14336,0,0.0019950730460030694,0.0014189856392996653,207.80863721055198,0.033151388521181484,587.101318359375,375.906494140625,11.761119842529297,23.48735809326172,15.576826095581055,15.608413696289062,0.819737434387207,207.5019073486328,0.12628214061260223,"12841,1220,6579,10678,6573,6105,10264,4588,6784,1575,3911,14189,2701,6962,2469,2173",198.0050811767578,,,,,0,6.28446102142334,6.417945861816406,9.648170471191406,9.311408996582031,"0.792,0.792,0.656,0.961,0.969,0.974,0.993,1.014",6463.8388671875,9969.619140625,"52.28,52.28,159.7,1.073e+04,9756,1.077e+04,1.057e+04,9627",12.825277328491211,18.181427001953125,"1.912,1.912,2.793,20.3,18.59,19.73,19.28,18.09","0.2806,0.2806,0.3898,3.279,3.051,3.236,3.191,3.042","0.3154,0.3154,0.4812,3.345,3.099,3.279,3.201,3.021",3448,0.019711997359991074,3448,0.024874335154891014,"12841,1824,9633,8594,2320,10451,11753,13588",0.09935208410024643,0.43403321504592896,0.4527831971645355,"0.789,0.557,0.605,0.539,0.575,0.59,0.584,0.6","2.92,2.15,1.99,1.95,1.76,1.38,1.33,1.25","-0.672,-0.00172,-0.00322,-0.158,-0.0479,0.224,-0.0664,-0.00467","-0.576,0,0,-0.192,0,0.192,-0.0926,0","-0.576,0,0,-0.136,-0.0405,0.192,-0.058,0",0.671875,0.5758929252624512,2,0.4283096194267273,0.4887184798717499
24,q_proj,gptq,4096,5120,0,0.002038097381591797,0.0014886856079101562,66.02589877775631,0.029691936061348425,196.95248413085938,133.4937744140625,120.54441833496094,384.180908203125,170.6385040283203,292.8286437988281,0.8669366836547852,65.86872863769531,0.33120232820510864,"2929,3060,2523,4605,476,4267,3245,4311,1532,2646,4101,1226,1320,4709,4673,1840",342.2395935058594,,,,,0,70.8957290649414,123.5535888671875,96.91031646728516,171.78477478027344,"1.176,1.176,1.208,0.563,0.494,0.496,0.495,0.545",1853.9139404296875,2864.289306640625,"174.7,174.7,268.6,3051,2632,2774,2846,2911",59.257408142089844,76.06985473632812,"23.32,23.32,31.36,80.03,80.28,78.25,79.38,78.12","5.182,5.182,6.561,10.19,9.603,9.38,9.528,9.779","4.778,4.778,5.969,13.58,13.67,13.32,13.54,13.25",165,0.002970776753500104,3880,0.00923372246325016,"2929,3245,4656,4709,2523,4849,1226,3060",0.6924114227294922,0.548431396484375,0.562774658203125,"0.591,0.757,0.408,0.52,0.654,0.617,0.79,0.502","31.5,30.4,15,14.5,9.86,7.12,7.01,6.76","-0.0491,0.114,-0.0437,0.0361,0.0311,-0.0544,-0.0747,-0.0459","-0.0333,0.1,-0.0667,0.0333,0.0333,-0.0667,-0.0667,-0.0333","-0.0421,0.0979,-0.0371,0.0371,0.0352,-0.0622,-0.0854,-0.0525",0.11669921875,0.1000279113650322,3,0.5234126448631287,0.7293375730514526
24,k_proj,gptq,1024,5120,0,0.0020267486572265623,0.0015338897705078126,26.771657735799295,0.03787886829973976,68.25799560546875,45.926361083984375,42.06880187988281,143.30963134765625,62.749786376953125,106.80519104003906,0.8669366836547852,26.747356414794922,0.3866715431213379,"2929,3060,476,2523,4267,4605,3245,1532,4311,2646,4709,4101,1226,1320,3212,2739",342.2395935058594,,,,,0,25.946548461914062,44.457393646240234,36.01545715332031,63.720733642578125,"1.664,1.664,1.755,0.582,0.506,0.486,0.489,0.535",1853.9139404296875,2864.289306640625,"174.7,174.7,268.6,3051,2632,2774,2846,2911",59.257408142089844,76.06985473632812,"23.32,23.32,31.36,80.03,80.28,78.25,79.38,78.12","2.975,2.975,3.922,6.199,5.909,5.702,5.804,5.911","2.307,2.307,2.96,8.125,8.309,8.181,8.301,8.084",101,0.0076345354318618774,167,0.02676376886665821,"2929,3245,4656,4709,2523,4849,1226,3060",0.8288257122039795,0.461669921875,0.4080810546875,"0.432,0.401,0.401,0.455,0.514,0.578,0.546,0.479","31.5,30.4,15,14.5,9.86,7.12,7.01,6.76","0.0454,-0.0957,0.0972,0.00653,-0.0459,0.0996,-0.02,0.0835","0.0343,-0.103,0.103,0,-0.0343,0.103,0,0.0686","0.0506,-0.082,0.0833,0,-0.0525,0.0854,-0.0212,0.0716",0.1201171875,0.1029575988650322,5,0.5162672400474548,0.42277467250823975
24,v_proj,gptq,1024,5120,0,0.0020208358764648438,0.001462554931640625,11.05129765039554,0.02213218142368791,39.88984680175781,28.988893508911133,23.720787048339844,60.854759216308594,28.914993286132812,42.96392822265625,0.8669366836547852,11.033761978149414,0.17907078564167023,"2929,3060,4605,4267,2523,476,4101,2646,1532,4709,4311,1320,4673,1226,2739,4849",342.2395935058594,,,,,0,11.59709644317627,17.936460494995117,17.404233932495117,25.765445709228516,"1.049,1.049,1.026,0.676,0.594,0.622,0.610,0.651",1853.9139404296875,2864.289306640625,"174.7,174.7,268.6,3051,2632,2774,2846,2911",59.257408142089844,76.06985473632812,"23.32,23.32,31.36,80.03,80.28,78.25,79.38,78.12","1.192,1.192,1.721,4.409,4.048,4.089,4.117,4.181","1.163,1.163,1.699,5.363,5.254,5.185,5.27,5.184",210,0.008277853019535542,328,0.007354851346462965,"2929,3245,4656,4709,2523,4849,1226,3060",0.2751862704753876,0.7930908203125,0.8687744140625,"0.0714,0.0446,0.067,0.122,0.0826,0.169,0.0865,0.0641","31.5,30.4,15,14.5,9.86,7.12,7.01,6.76","0.0165,-0.00218,0.00928,-0.0189,-0.00916,0.00751,-0.00262,0.00812","0.0255,0,0,-0.0255,0,0,0,0","0.0162,0,0.00684,-0.0205,-0.0068,0.00638,0,0.00677",0.08935546875,0.102120541036129,1,0.3683393895626068,0.2182752788066864
24,o_proj,gptq,5120,4096,0,0.002116823196411133,0.001432514190673828,58.92108450466367,0.033553966412925254,167.0465545654297,99.28103637695312,2.031136989593506,5.740240573883057,1.9902647733688354,3.2375926971435547,0.6042424440383911,58.671722412109375,0.04760143905878067,"488,104,722,360,232,594,1177,3083,73,589,3058,978,717,4063,2674,3679",45.248958587646484,,,,,0,0.5950285196304321,1.2706544399261475,1.3866411447525024,1.9978106021881104,"0.029,0.029,0.328,0.584,0.579,0.613,0.645,0.690",951.4173583984375,2383.05078125,"39.52,39.52,608.4,1001,1082,1403,1413,2025",6.985615253448486,8.669027328491211,"6.77,6.77,4.979,6.139,7.14,7.778,7.859,8.45","0.1853,0.1853,0.5017,0.7311,0.8516,0.9689,0.9966,1.117","1.084,1.084,0.8754,0.9567,1.119,1.237,1.241,1.345",4656,0.012038041837513447,3448,0.044207435101270676,"594,978,232,722,850,104,360,3339",0.16806113719940186,0.38469240069389343,0.37553712725639343,"0.706,0.715,0.413,0.725,0.663,0.679,0.744,0.612","1.18,1.06,0.947,0.929,0.842,0.824,0.739,0.645","-0.0123,0.291,0.0225,-0.168,0.314,0.102,-0.0129,-0.104","0,0.27,0,-0.18,0.27,0.0898,0,-0.0898","-0.0174,0.249,0.0205,-0.144,0.27,0.0875,-0.0112,-0.106",0.314453125,0.32944127917289734,1,0.09343387931585312,0.08511165529489517
24,gate_proj,gptq,14336,5120,0,0.0020297186715262277,0.001438413347516741,139.97246440308066,0.02056614862119786,532.3310546875,398.224853515625,252.58712768554688,500.6426086425781,326.36260986328125,375.695556640625,0.5030050873756409,139.8050079345703,0.12278877198696136,"4338,2342,1702,107,4709,788,4267,4616,4673,4605,3548,3268,4262,2646,417,4101",98.01070404052734,,,,,0,131.92123413085938,154.75875854492188,195.70309448242188,224.1748809814453,"1.318,1.318,0.772,0.852,0.815,0.822,0.832,0.860",2189.998779296875,3402.1787109375,"158.7,158.7,285.8,3598,3125,3324,3417,3453",40.60763168334961,52.91625213623047,"16.79,16.79,22.22,55.11,52.59,53.74,54.13,53.49","5.545,5.545,5.641,14.32,13.43,13.73,13.91,13.95","4.83,4.83,6.418,15.52,14.87,15.14,15.25,15.04",4330,0.0025099441409111023,11996,0.0038842034991830587,"4709,2929,417,711,788,2342,1625,4819",0.09873833507299423,0.3063180148601532,0.2896205484867096,"1.32,1.3,1.46,1.16,1.42,1.51,1.21,1.23","7.3,6.25,5.31,4.88,4.14,4.05,3.98,3.93","0.0291,-0.0703,0.0204,-0.0205,0.0299,0.0132,-0.000212,-0.0325","0,-0.0597,0,-0.0597,0,0,0,-0.0597","0.0268,-0.0776,0.0199,-0.0153,0.0597,0.0128,0,-0.0391",0.208984375,0.1791294813156128,2,0.6727703809738159,0.3055609166622162
24,up_proj,gptq,14336,5120,0,0.0020375524248395648,0.0014176232474190848,121.4031436202635,0.019106051375284344,486.22772216796875,367.036865234375,233.21961975097656,456.8529052734375,291.4285888671875,342.005126953125,0.5030050873756409,121.30815887451172,0.09072118252515793,"4338,2342,1702,107,4709,4267,788,4616,4673,4605,3548,3268,4262,2646,417,4101",98.01070404052734,,,,,0,116.50382995605469,140.40968322753906,176.56724548339844,204.18995666503906,"1.029,1.029,0.654,0.846,0.804,0.817,0.826,0.846",2189.998779296875,3402.1787109375,"158.7,158.7,285.8,3598,3125,3324,3417,3453",40.60763168334961,52.91625213623047,"16.79,16.79,22.22,55.11,52.59,53.74,54.13,53.49","4.548,4.548,4.831,13.6,12.68,13.05,13.24,13.27","4.484,4.484,5.972,14.79,14.14,14.44,14.57,14.42",3701,0.001040755189023912,3701,0.0016989073483273387,"4709,2929,417,711,788,2342,1625,4819",0.06800240278244019,0.4102173149585724,0.4610421657562256,"0.786,0.765,0.816,0.878,0.796,0.804,0.94,0.988","7.3,6.25,5.31,4.88,4.14,4.05,3.98,3.93","-0.106,0.0601,-0.0537,0.135,-0.0674,-0.064,-0.0977,0.0278","-0.121,0.0402,-0.0402,0.121,-0.0804,-0.0804,-0.121,0.0402","-0.0912,0.0515,-0.0624,0.116,-0.0578,-0.0548,-0.0837,0.0326",0.140625,0.1205357238650322,4,0.4089568555355072,0.5827025175094604
24,down_proj,gptq,5120,14336,0,0.0019941466195242744,0.0014197758265904019,197.24635769790854,0.03160531901920967,568.50048828125,366.42706298828125,12.348822593688965,25.171585083007812,15.783923149108887,15.453547477722168,0.9102109670639038,197.04330444335938,0.11918020248413086,"13151,8316,5345,11996,2043,12763,247,4330,90,86,919,9460,6265,9873,6172,13628",311.5905456542969,,,,,0,6.532754898071289,6.337313652038574,9.579503059387207,9.370083808898926,"0.562,0.562,0.929,1.066,1.022,1.027,1.025,1.020",6471.24853515625,9557.3369140625,"39.83,39.83,109,1.105e+04,9513,1.064e+04,1.085e+04,9529",12.749676704406738,18.2194766998291,"1.731,1.731,2.172,19.85,18.46,19.73,19.74,18.59","0.2123,0.2123,0.3396,3.348,3.079,3.293,3.306,3.097","0.2831,0.2831,0.3523,3.243,3.046,3.249,3.265,3.067",3448,0.004052495583891869,3448,0.046447813510894775,"13151,3701,7570,2362,10254,206,11607,1412",0.12327486276626587,0.4031982421875,0.407470703125,"0.82,0.713,0.66,0.656,0.602,0.635,0.666,0.539","6,1.4,1.21,1.16,1.08,1.05,0.875,0.814","0.672,0.0542,0.0491,-0.0123,-0.1,-0.00714,-0.0113,-0.0249","0.576,0.192,0.0517,-0.0416,-0.151,0,0,0","0.576,0.05,0.0619,0,-0.114,-0.0133,0,-0.0314",0.671875,0.5758929252624512,2,0.19599033892154694,0.6563918590545654
25,q_proj,gptq,4096,5120,0,0.0020404338836669924,0.0014850616455078125,62.0588627007819,0.02772842225385205,193.8478546142578,134.30006408691406,125.58541107177734,393.43890380859375,170.26470947265625,296.1325378417969,0.8711323142051697,61.894351959228516,0.2573308050632477,"2929,3060,2523,476,1532,4267,4605,3245,2646,4101,4709,1226,4311,4673,4849,1320",309.7435607910156,,,,,0,70.59196472167969,124.77535247802734,99.48664093017578,174.57159423828125,"0.975,0.975,1.058,0.566,0.502,0.511,0.514,0.549",1908.44091796875,2918.68798828125,"172.9,172.9,281.8,3182,2673,2869,2927,2989",58.69308090209961,76.40216064453125,"20.54,20.54,29.39,80.57,80.16,79.22,80.1,79.03","4.501,4.501,6.094,10.28,9.662,9.631,9.798,9.967","4.557,4.557,5.925,13.66,13.63,13.48,13.66,13.45",2533,0.0043173423036932945,1191,0.01016111858189106,"3245,2929,4656,4709,2523,3060,4849,1226",0.5225344300270081,0.507415771484375,0.548309326171875,"0.743,0.614,0.415,0.549,0.702,0.505,0.598,0.779","29.1,28.8,16.4,13.7,9.52,8.26,7.1,6.77","-0.154,0.0801,0.0239,-0.0211,-0.0559,0.0562,0.0352,0.0981","-0.132,0.0882,0.0441,-0.0441,-0.0441,0.0441,0.0441,0.0882","-0.132,0.0686,0.0311,-0.0156,-0.0639,0.0481,0.0312,0.0841",0.154296875,0.1322544813156128,1,0.6348616480827332,0.8612096905708313
25,k_proj,gptq,1024,5120,0,0.002033424377441406,0.0014867782592773438,25.543511708281585,0.033994662927039086,69.60974884033203,46.051475524902344,45.26721954345703,134.79034423828125,63.979698181152344,94.3471450805664,0.8711323142051697,25.503623962402344,0.3149888813495636,"2929,3060,2523,476,4267,1532,4605,4101,2646,4709,4311,3245,1226,2739,4673,4849",309.7435607910156,,,,,0,26.580297470092773,38.71744918823242,37.472999572753906,56.967430114746094,"1.755,1.755,1.377,0.679,0.591,0.622,0.615,0.649",1908.44091796875,2918.68798828125,"172.9,172.9,281.8,3182,2673,2869,2927,2989",58.69308090209961,76.40216064453125,"20.54,20.54,29.39,80.57,80.16,79.22,80.1,79.03","2.817,2.817,3.568,6.342,5.918,5.917,6.018,6.129","2.126,2.126,3.041,7.695,7.696,7.501,7.674,7.605",295,0.009393304586410522,39,0.017503956332802773,"3245,2929,4656,4709,2523,3060,4849,1226",0.6618748903274536,0.4560546875,0.4039306640625,"0.403,0.402,0.394,0.458,0.467,0.462,0.535,0.472","29.1,28.8,16.4,13.7,9.52,8.26,7.1,6.77","-0.0142,-0.0386,-0.0151,0.0334,0.0168,-0.024,-0.0216,-0.00748","0,-0.0296,0,0.0296,0.0296,-0.0296,-0.0296,0","-0.0142,-0.0331,-0.0191,0.0287,0.0144,-0.0206,-0.0188,-0.00767",0.103515625,0.0887276828289032,1,0.573600172996521,0.2950133979320526
25,v_proj,gptq,1024,5120,0,0.0020311355590820314,0.001458740234375,11.933981648670851,0.02498611321411174,39.625091552734375,28.012928009033203,25.232929229736328,64.68821716308594,31.706806182861328,44.877113342285156,0.8711323142051697,11.915271759033203,0.1982630491256714,"2929,3060,1532,4267,4605,4101,2646,2523,476,4709,4849,2739,4311,4673,1320,5107",309.7435607910156,,,,,0,12.883283615112305,18.271106719970703,18.99083709716797,27.311691284179688,"1.808,1.808,1.283,0.705,0.648,0.684,0.660,0.682",1908.44091796875,2918.68798828125,"172.9,172.9,281.8,3182,2673,2869,2927,2989",58.69308090209961,76.40216064453125,"20.54,20.54,29.39,80.57,80.16,79.22,80.1,79.03","1.464,1.464,1.824,4.567,4.214,4.317,4.359,4.381","1.089,1.089,1.611,5.439,5.236,5.22,5.366,5.306",991,0.00670345313847065,464,0.006851991172879934,"3245,2929,4656,4709,2523,3060,4849,1226",0.3696613907814026,0.808349609375,0.836181640625,"0.0528,0.0703,0.0747,0.128,0.0881,0.0751,0.202,0.107","29.1,28.8,16.4,13.7,9.52,8.26,7.1,6.77","0.00665,-0.00662,0.00343,0.00861,0.0108,-0.0029,0.0162,0.00389","0,0,0,0,0,0,0,0","0.0045,-0.00488,0.00431,0.00861,0.0126,-0.00391,0.0148,0.0061",0.11865234375,0.1017020121216774,1,0.3450150489807129,0.1592155247926712
25,o_proj,gptq,5120,4096,0,0.0021370887756347657,0.0014324665069580078,51.80747926587719,0.030214219201186134,156.7650146484375,96.68167114257812,1.7784688472747803,4.600704193115234,2.171405792236328,2.5874695777893066,0.6037396192550659,51.59785461425781,0.049759235233068466,"868,996,2145,1200,1328,880,612,1072,740,2529,624,2401,1008,1456,2273,3935",50.27638244628906,,,,,0,0.7989845275878906,0.9451968669891357,1.5725932121276855,1.860819697380066,"0.079,0.079,0.500,0.831,0.906,0.917,0.944,0.916",1849.1463623046875,3225.936279296875,"31.24,31.24,443.8,1914,2520,2898,3093,3862",5.794865608215332,8.353848457336426,"2.806,2.806,4.021,6.673,7.026,7.408,7.399,8.221","0.1227,0.1227,0.422,0.9616,1.053,1.099,1.144,1.278","0.4358,0.4358,0.5971,1.055,1.106,1.148,1.178,1.335",3448,0.010875481180846691,1840,0.0020301921758800745,"808,868,1328,3807,802,833,1456,873",0.03436070680618286,0.3506103456020355,0.32373046875,"0.548,0.63,0.553,0.704,0.549,0.549,0.64,0.567","0.496,0.485,0.406,0.404,0.404,0.378,0.374,0.372","-0.0415,-0.0206,-0.0214,0.148,0.0128,0.000374,0.149,-0.00131","-0.0609,0,0,0.133,0.0211,0,0.133,0","-0.0448,-0.0149,-0.0194,0.127,0.0149,0,0.128,0",0.435546875,0.47929254174232483,1,0.10982688516378403,0.043607234954833984
25,gate_proj,gptq,14336,5120,0,0.0020367213657924107,0.0014288902282714843,137.93874874850735,0.020026734404655175,534.8780517578125,402.43609619140625,271.52105712890625,535.9064331054688,341.6808166503906,382.7320861816406,0.4715171754360199,137.7759246826172,0.11025910079479218,"4338,1702,107,2342,4616,4267,788,4709,4605,3548,4673,4262,3268,2646,417,2929",86.95822143554688,,,,,0,137.70811462402344,156.7418975830078,207.75408935546875,230.11497497558594,"0.886,0.886,1.030,0.891,0.864,0.857,0.864,0.886",2165.889892578125,3367.826171875,"164.3,164.3,286.2,3598,3041,3283,3372,3419",40.941226959228516,53.45713424682617,"17.45,17.45,22.49,55.66,52.22,53.97,54.35,53.95","4.674,4.674,6.536,14.81,13.66,14.1,14.27,14.39","4.965,4.965,6.439,15.69,14.7,15.22,15.35,15.29",8567,0.0013173787156119943,8722,0.0015631824498996139,"4709,2929,417,711,788,1625,4819,3245",0.06779154390096664,0.3181065320968628,0.3097708821296692,"1.26,1.33,1.42,1.11,1.38,1.18,1.22,1.26","6.59,6.32,5.15,4.37,3.98,3.75,3.71,3.51","0.0192,-0.0859,0.0222,-0.0209,0.027,0.00522,-0.0181,0.0693","0.0385,-0.077,0.0385,0,0.0385,0,0,0.0385","0.0225,-0.0737,0.0385,-0.0187,0.0266,0,-0.0139,0.0594",0.1376953125,0.12366679310798645,2,0.49581947922706604,0.24227403104305267
25,up_proj,gptq,14336,5120,0,0.002039963858468192,0.0014267104012625558,118.67606100306148,0.01881901475234131,480.998779296875,364.10980224609375,246.57432556152344,481.0084533691406,300.6741943359375,343.1319885253906,0.4715171754360199,118.62205505371094,0.0833248719573021,"4338,1702,107,2342,4616,788,4267,4605,4709,3548,4673,3268,4262,2646,3442,417",86.95822143554688,,,,,0,120.48661041259766,140.26698303222656,184.40716552734375,207.23243713378906,"0.682,0.682,0.816,0.888,0.861,0.852,0.858,0.879",2165.889892578125,3367.826171875,"164.3,164.3,286.2,3598,3041,3283,3372,3419",40.941226959228516,53.45713424682617,"17.45,17.45,22.49,55.66,52.22,53.97,54.35,53.95","3.835,3.835,5.422,13.98,12.89,13.31,13.49,13.58","4.644,4.644,6.001,14.83,13.89,14.42,14.57,14.48",10922,0.0008402490639127791,5662,0.0006606100942008197,"4709,2929,417,711,788,1625,4819,3245",0.050634317100048065,0.4135567843914032,0.4732230305671692,"0.811,0.73,0.848,0.898,0.808,0.932,0.989,0.698","6.59,6.32,5.15,4.37,3.98,3.75,3.71,3.51","0.0225,0.00191,0.00595,-0.0142,0.0121,-0.00304,0.00516,0.000139","0,0,0,0,0,0,0,0","0.0319,0,0.00441,-0.0127,0.0127,0,0.00502,0",0.18359375,0.1573660671710968,1,0.37363290786743164,0.16355788707733154
25,down_proj,gptq,5120,14336,0,0.00200000490461077,0.0014193126133510044,204.97109225628856,0.03296384576587429,574.4365234375,365.20660400390625,13.782661437988281,28.068235397338867,17.379859924316406,14.70262622833252,0.14389954507350922,204.8729248046875,0.1658657342195511,"13243,11575,10707,13553,2918,5380,9949,10879,3760,12779,12699,8168,1896,1864,5349,1670",297.958251953125,,,,,0,7.041546821594238,5.930927753448486,11.10375690460205,9.43686580657959,"0.668,0.668,1.439,1.211,1.197,1.178,1.180,1.177",6412.36328125,9939.8466796875,"38.76,38.76,101.6,1.061e+04,9720,1.069e+04,1.076e+04,9335",12.505593299865723,18.458999633789062,"1.821,1.821,2.027,19.4,18.25,19.28,19.28,18.16","0.244,0.244,0.3936,3.448,3.223,3.42,3.427,3.216","0.2986,0.2986,0.328,3.133,2.946,3.151,3.154,2.964",3448,0.004767302889376879,3448,0.019472815096378326,"117,5722,3114,865,4928,12386,490,10571",0.1578233540058136,0.37504884600639343,0.3793701231479645,"0.569,0.66,0.488,0.747,0.66,0.704,0.727,0.62","3.22,2.6,1.32,1.18,1.16,0.942,0.881,0.813","-0.0393,-0.015,0.00302,-0.461,0.0065,0.0233,-0.00385,0.00406","0,-0.0175,0,-0.406,0,0.0427,0.0214,0","0,-0.013,0,-0.527,0,0.0181,0,0",0.7109375,0.6093750596046448,3,0.22250647842884064,0.411104679107666
26,q_proj,gptq,4096,5120,0,0.00203857421875,0.0014828205108642577,62.30987431446556,0.028283966131667407,191.53419494628906,131.30508422851562,123.02897644042969,378.2760009765625,168.0262451171875,291.276123046875,0.8611805438995361,62.199798583984375,0.2352306991815567,"2929,3060,2523,1532,476,4605,4101,4267,2646,3245,4311,1226,4709,2739,1840,4849",266.97613525390625,,,,,0,68.49028015136719,121.41311645507812,100.43913269042969,173.08602905273438,"0.996,0.996,1.142,0.557,0.498,0.521,0.518,0.560",1943.19921875,3033.419677734375,"160.9,160.9,271.3,3239,2709,2949,3020,3035",58.143341064453125,77.29467010498047,"18.01,18.01,27.91,81.5,79.74,79.66,80.84,79.47","4.006,4.006,5.673,10.21,9.486,9.653,9.831,9.976","4.014,4.014,5.309,13.69,13.44,13.37,13.66,13.33",935,0.0025321412831544876,2791,0.009255656972527504,"2929,3245,4656,4709,2523,1226,3060,3212",0.41783490777015686,0.476806640625,0.545623779296875,"0.602,0.718,0.417,0.577,0.67,0.759,0.512,0.819","28.2,28.1,16,13.3,9.03,7.78,7.24,6.95","-0.0918,0.0874,-0.0559,0.0425,0.0708,-0.0322,-0.0757,0.0303","-0.105,0.0787,-0.0525,0.0525,0.0787,-0.0262,-0.0787,0.0262","-0.105,0.0749,-0.0532,0.0354,0.0607,-0.0285,-0.0649,0.025",0.1875,0.21567696332931519,1,0.47734129428863525,0.6934928894042969
26,k_proj,gptq,1024,5120,0,0.002039527893066406,0.0015005111694335938,26.390000415500253,0.03745103454864488,67.76045227050781,43.8223762512207,44.51484680175781,142.225341796875,64.61347961425781,105.54029846191406,0.8611805438995361,26.382061004638672,0.32047829031944275,"2929,3060,476,2523,1532,4605,2646,4267,4101,4311,1226,4709,3245,2739,4849,4673",266.97613525390625,,,,,0,26.778165817260742,44.221595764160156,38.492774963378906,63.422245025634766,"1.866,1.866,1.662,0.595,0.509,0.538,0.545,0.579",1943.19921875,3033.419677734375,"160.9,160.9,271.3,3239,2709,2949,3020,3035",58.143341064453125,77.29467010498047,"18.01,18.01,27.91,81.5,79.74,79.66,80.84,79.47","2.639,2.639,3.622,6.414,5.916,5.979,6.102,6.169","1.932,1.932,2.81,8.318,8.29,8.148,8.268,8.108",36,0.017256420105695724,679,0.04196324199438095,"2929,3245,4656,4709,2523,1226,3060,3212",0.6510826349258423,0.4156494140625,0.3636474609375,"0.457,0.468,0.391,0.487,0.526,0.554,0.542,0.432","28.2,28.1,16,13.3,9.03,7.78,7.24,6.95","-0.0454,0.152,-0.0557,-0.0444,0.0483,0.0288,-0.0781,-0.00349","-0.0435,0.131,-0.0435,-0.0435,0.0435,0.0435,-0.0871,0","-0.041,0.131,-0.0477,-0.0477,0.0419,0.0254,-0.0893,0",0.15234375,0.1305803656578064,1,0.7771047353744507,1.2021701335906982
26,v_proj,gptq,1024,5120,0,0.0020578384399414064,0.0014392852783203125,14.917031603523355,0.029657675701348075,44.25330352783203,30.43643569946289,28.33620834350586,70.28700256347656,37.33315658569336,49.44725799560547,0.8611805438995361,14.864306449890137,0.19705966114997864,"4101,1532,2929,4267,4605,2646,2739,3060,4849,3442,1657,1320,5107,4790,3371,3379",266.97613525390625,,,,,0,15.056662559509277,20.016984939575195,22.878334045410156,30.36602783203125,"2.572,2.572,1.821,0.766,0.715,0.708,0.698,0.716",1943.19921875,3033.419677734375,"160.9,160.9,271.3,3239,2709,2949,3020,3035",58.143341064453125,77.29467010498047,"18.01,18.01,27.91,81.5,79.74,79.66,80.84,79.47","1.32,1.32,2.054,4.929,4.62,4.697,4.732,4.761","0.8229,0.8229,1.522,5.631,5.465,5.582,5.664,5.627",730,0.005174643825739622,614,0.006036545615643263,"2929,3245,4656,4709,2523,1226,3060,3212",0.2581942081451416,0.878173828125,0.9149169921875,"0.0619,0.0362,0.0773,0.113,0.0587,0.0746,0.0658,0.0989","28.2,28.1,16,13.3,9.03,7.78,7.24,6.95","4.58e-05,-0.000633,-0.00403,0.000368,0.00101,-0.00204,-0.00359,0.00212","0,0,0,0,0,0,0,0","0,0,-0.0075,0,0,0,0,0",0.05078125,0.0580357164144516,1,0.33231186866760254,0.12724551558494568
26,o_proj,gptq,5120,4096,0,0.0021244049072265624,0.001425313949584961,57.81614624643589,0.03251386334664511,165.3261260986328,101.64460754394531,1.5812631845474243,3.3898558616638184,1.3363499641418457,1.7201898097991943,0.6265618205070496,57.665855407714844,0.05170636624097824,"3338,3736,589,3082,1076,1380,1332,2054,3608,973,3992,3466,617,821,335,1001",23.494630813598633,,,,,0,0.4431612491607666,0.5825039148330688,0.9894062876701355,1.2944504022598267,"0.085,0.085,0.501,1.018,0.799,0.734,0.823,0.808",1122.04150390625,2361.34814453125,"21.4,21.4,542.8,1866,1265,968.3,1500,2792",4.331877708435059,6.389973163604736,"2.498,2.498,3.538,4.871,4.674,4.367,5.494,6.715","0.1169,0.1169,0.4002,0.8291,0.7146,0.6198,0.8231,1.048","0.4007,0.4007,0.5656,0.8217,0.7992,0.7234,0.9073,1.166",3448,0.010220681317150593,3448,0.029388174414634705,"1332,1484,1204,1380,2438,1076,1437,2182",0.04870651662349701,0.35822755098342896,0.37019044160842896,"0.446,0.631,0.616,0.541,0.573,0.697,0.608,0.485","0.387,0.371,0.348,0.346,0.344,0.335,0.326,0.317","0.0625,0.0674,-0.00327,0.0928,-0.108,0.13,-0.0562,0.0493","0,0,0,0,0,0,0,0","0.0424,0.0583,0,0.0848,-0.0925,0.14,-0.0583,0.0519",0.93359375,0.8002232909202576,1,0.07224104553461075,0.1370067447423935
26,gate_proj,gptq,14336,5120,0,0.0020215443202427456,0.001427595955984933,134.58377546270685,0.019278151076459082,536.5498046875,406.0376281738281,297.44122314453125,574.4898681640625,367.852783203125,406.92523193359375,0.4663271903991699,134.38034057617188,0.10289274156093597,"4338,4616,107,788,1702,2342,4709,3548,4605,4267,4262,2646,4673,3268,417,2929",78.92225646972656,,,,,0,147.4719696044922,165.22645568847656,225.66453552246094,246.8540496826172,"0.858,0.858,1.011,0.910,0.887,0.872,0.877,0.902",2155.648193359375,3387.72607421875,"160.4,160.4,285,3581,3026,3275,3363,3396",41.739410400390625,55.017845153808594,"17.59,17.59,22.66,56.92,53.08,55.22,55.68,55.16","4.658,4.658,6.456,15.36,14.18,14.65,14.83,14.93","5.028,5.028,6.421,16.11,15.05,15.69,15.84,15.72",11198,0.0011291814735159278,2133,0.0015466550830751657,"4709,2929,417,711,788,1625,3245,4819",0.0622708834707737,0.3140694797039032,0.3068062961101532,"1.24,1.35,1.41,1.09,1.4,1.18,1.25,1.22","6.81,6.53,4.72,4.48,4.01,3.77,3.71,3.66","0.0242,-0.0315,0.0199,-0.0156,0.0176,-0.0025,0.0398,-0.0178","0.0335,-0.0335,0,0,0.0335,0,0.0335,-0.0335","0.029,-0.0314,0.0244,-0.0167,0.0197,0,0.0377,-0.0127",0.1171875,0.1260044425725937,1,0.4764404892921448,0.19117683172225952
26,up_proj,gptq,14336,5120,0,0.002036285400390625,0.0014197758265904019,114.06396678343185,0.01824451901962498,472.8016357421875,360.3461608886719,264.7821350097656,506.3658752441406,318.8627014160156,357.4218444824219,0.4663271903991699,113.96652221679688,0.07866450399160385,"4338,4616,107,788,1702,2342,4709,4605,3548,4267,4262,2646,4673,3268,417,2929",78.92225646972656,,,,,0,126.83277130126953,145.205322265625,197.1385498046875,216.96063232421875,"0.685,0.685,0.801,0.905,0.878,0.866,0.871,0.896",2155.648193359375,3387.72607421875,"160.4,160.4,285,3581,3026,3275,3363,3396",41.739410400390625,55.017845153808594,"17.59,17.59,22.66,56.92,53.08,55.22,55.68,55.16","3.84,3.84,5.425,14.36,13.22,13.7,13.88,13.94","4.639,4.639,6.063,15.1,14.1,14.73,14.87,14.73",2380,0.00042267629760317504,12904,0.0009489868534728885,"4709,2929,417,711,788,1625,3245,4819",0.0465160496532917,0.4238891899585724,0.484470933675766,"0.803,0.689,0.843,0.896,0.783,0.911,0.666,0.977","6.81,6.53,4.72,4.48,4.01,3.77,3.71,3.66","-0.0398,-0.0137,-0.0161,0.0659,-0.0461,-0.032,-0.0209,0.00452","-0.0396,-0.0198,-0.0198,0.0594,-0.0396,-0.0396,-0.0198,0","-0.0465,-0.0149,-0.0147,0.0565,-0.0396,-0.0274,-0.0249,0.00823",0.0693359375,0.0792410746216774,1,0.2717139422893524,0.18756137788295746
26,down_proj,gptq,5120,14336,0,0.001992184775216239,0.0014189992632184709,187.7953670621432,0.03036675734809447,552.78271484375,359.73858642578125,14.064187049865723,27.40989875793457,16.80324363708496,14.49339485168457,0.7845170497894287,187.71597290039062,0.11406788229942322,"1925,9658,5248,8969,12119,7069,14207,13406,2889,5166,9316,2385,5022,12052,8946,5155",261.35595703125,,,,,0,6.995491027832031,6.0468645095825195,10.860376358032227,9.397143363952637,"0.671,0.671,1.166,1.163,1.149,1.164,1.145,1.173",6126.26806640625,9448.44140625,"36.29,36.29,93.52,1.037e+04,9173,9571,1.07e+04,9028",12.670653343200684,18.64547348022461,"1.81,1.81,2.022,19.72,18.31,19.14,20.09,18.47","0.2302,0.2302,0.349,3.432,3.166,3.344,3.505,3.234","0.2811,0.2811,0.3231,3.182,2.954,3.1,3.277,2.986",3448,0.0030460748821496964,3448,0.027964696288108826,"1925,9346,1730,7858,11688,8811,9658,2385",0.14706580340862274,0.4393554627895355,0.4401611387729645,"0.751,0.555,0.729,0.656,0.613,0.621,0.647,0.574","3.38,2.14,2.12,1.69,1.38,1.01,0.927,0.913","0.648,0.19,-0.00739,-0.000431,-0.107,0.0415,0.0292,-0.194","0.556,0.185,0,0.0158,-0.106,0.0369,0,-0.185","0.556,0.163,0,0,-0.0921,0.055,0.023,-0.167",0.6484375,0.5558035969734192,1,0.17475545406341553,0.493991881608963
27,q_proj,gptq,4096,5120,0,0.00203704833984375,0.0014875411987304687,56.15164893725887,0.026464111005088574,180.7413330078125,127.21983337402344,132.25047302246094,389.0618896484375,177.08726501464844,292.3167724609375,0.8809143900871277,56.02016830444336,0.2238009124994278,"2929,3060,2646,2523,1532,4267,4605,3245,1226,476,4101,4709,4849,4311,4673,2739",275.2263488769531,,,,,0,73.17960357666016,122.318603515625,105.75315856933594,175.86363220214844,"1.138,1.138,1.241,0.589,0.519,0.549,0.557,0.592",1991.542724609375,3101.814697265625,"164,164,285.8,3273,2747,3012,3136,3151",59.14791488647461,78.88771057128906,"17.81,17.81,27.3,82.78,81.28,81.65,82.86,81.69","4.228,4.228,5.751,10.47,9.734,10.02,10.21,10.37","3.963,3.963,5.162,13.64,13.51,13.52,13.69,13.49",2471,0.003665739204734564,807,0.010094959288835526,"3245,2929,4656,4709,2523,3060,1226,4849",0.4196580648422241,0.47552490234375,0.5211181640625,"0.753,0.663,0.445,0.636,0.728,0.549,0.787,0.617","29.3,24.8,18.8,13.9,8.41,7.74,7.45,7.2","0.139,-0.0762,-0.0479,0.0557,0.0569,-0.0649,-0.0981,-0.0339","0.119,-0.0792,-0.0396,0.0396,0.0792,-0.0792,-0.0792,-0.0396","0.119,-0.0653,-0.0477,0.0477,0.0488,-0.0742,-0.0841,-0.0388",0.138671875,0.1188616156578064,1,0.589364230632782,0.9034132361412048
27,k_proj,gptq,1024,5120,0,0.002054595947265625,0.0014646530151367187,21.73064843112661,0.031703176257041436,61.85258483886719,42.060829162597656,45.75639343261719,137.60751342773438,63.68495178222656,100.80308532714844,0.8809143900871277,21.68653678894043,0.2779015302658081,"2929,3060,2646,2523,1532,476,4267,4605,3245,4101,4709,1226,4311,4849,4673,1657",275.2263488769531,,,,,0,26.2563419342041,41.56667709350586,38.344932556152344,62.03604507446289,"1.514,1.514,1.469,0.655,0.559,0.568,0.574,0.607",1991.542724609375,3101.814697265625,"164,164,285.8,3273,2747,3012,3136,3151",59.14791488647461,78.88771057128906,"17.81,17.81,27.3,82.78,81.28,81.65,82.86,81.69","2.319,2.319,3.33,6.309,5.933,6.007,6.156,6.263","1.885,1.885,2.748,7.793,7.935,7.97,8.127,8.037",870,0.007003452628850937,231,0.04069695621728897,"3245,2929,4656,4709,2523,3060,1226,4849",0.48477232456207275,0.414794921875,0.3621826171875,"0.434,0.431,0.372,0.456,0.509,0.524,0.475,0.502","29.3,24.8,18.8,13.9,8.41,7.74,7.45,7.2","-0.116,0.101,0.125,-0.0332,-0.0952,0.115,0.041,0.0598","-0.107,0.107,0.107,-0.0357,-0.107,0.107,0.0357,0.0714","-0.132,0.0866,0.107,-0.0357,-0.109,0.0984,0.0352,0.0494",0.125,0.1071428656578064,9,0.49649491906166077,0.3265329599380493
27,v_proj,gptq,1024,5120,0,0.002028656005859375,0.0014804840087890626,13.625648485565762,0.024820969001227853,45.428245544433594,33.49346160888672,32.95810317993164,79.8017578125,42.07630157470703,56.356414794921875,0.8809143900871277,13.591465950012207,0.15743131935596466,"2646,4267,4101,1532,4849,2929,4605,3060,2739,1657,4709,138,4673,5107,646,402",275.2263488769531,,,,,0,17.19376564025879,23.040739059448242,25.85710906982422,34.47401809692383,"2.077,2.077,1.526,0.739,0.697,0.702,0.721,0.736",1991.542724609375,3101.814697265625,"164,164,285.8,3273,2747,3012,3136,3151",59.14791488647461,78.88771057128906,"17.81,17.81,27.3,82.78,81.28,81.65,82.86,81.69","1.432,1.432,2.069,5.288,4.844,5.029,5.123,5.119","0.9932,0.9932,1.675,6.151,5.804,6.001,6.034,5.968",252,0.009771108627319336,446,0.008534972555935383,"3245,2929,4656,4709,2523,3060,1226,4849",0.199276402592659,0.8485107421875,0.8941650390625,"0.0343,0.0642,0.0648,0.112,0.065,0.0632,0.0773,0.179","29.3,24.8,18.8,13.9,8.41,7.74,7.45,7.2","0.00218,-0.00513,-0.00607,0.00818,0.00549,-0.00549,-0.00104,-0.0173","0,0,0,0,0,0,0,0","0,-0.00739,-0.00516,0.0103,0.00691,-0.00935,0,-0.0165",0.126953125,0.1088169738650322,1,0.4788459837436676,0.18917784094810486
27,o_proj,gptq,5120,4096,0,0.002130746841430664,0.0014467716217041015,59.29583252318116,0.03193478525753396,169.37594604492188,105.08853912353516,1.2316782474517822,3.1246418952941895,1.2562882900238037,1.6099555492401123,0.7092595100402832,59.190086364746094,0.0324590839445591,"1386,1130,1514,1258,1209,2600,1465,2595,2666,2660,3044,2562,1236,2589,1492,1435",29.90703773498535,,,,,0,0.45520004630088806,0.5977584719657898,0.9763142466545105,1.1700149774551392,"0.051,0.051,0.682,0.822,0.782,0.794,0.939,0.908",1504.925048828125,3256.081298828125,"23.9,23.9,912.6,1858,1197,1529,2652,3842",4.5415778160095215,6.165274620056152,"3.192,3.192,3.75,4.741,4.756,5.353,5.389,5.96","0.1133,0.1133,0.4848,0.7214,0.6771,0.7794,0.8849,1.006","0.5023,0.5023,0.5873,0.7956,0.7658,0.8746,0.9134,1.055",3448,0.008825435303151608,3868,0.0018226730171591043,"2752,2720,1386,2728,1413,2756,2759,2745",0.08003220707178116,0.3095703125,0.3162597715854645,"0.709,0.678,0.574,0.636,0.675,0.639,0.677,0.648","0.396,0.385,0.362,0.349,0.331,0.31,0.301,0.299","-0.014,0.0107,-0.0278,0.0288,0.00276,-0.0109,0.00281,-0.0115","-0.0223,0,-0.0625,0.0334,0,0,0,0","0,0,-0.0301,0.0294,0,0,0,0",0.359375,0.4060268700122833,1,0.06360914558172226,0.030960774049162865
27,gate_proj,gptq,14336,5120,0,0.0020289012363978796,0.0014368602207728795,132.85369206187897,0.018807106200572563,539.734130859375,411.4071044921875,324.51019287109375,616.0587768554688,398.59161376953125,435.7642822265625,0.4558121860027313,132.79629516601562,0.09782087057828903,"4616,4338,107,1702,788,2342,4605,4709,4262,4267,3548,4673,2646,3268,2929,4101",71.95044708251953,,,,,0,161.19033813476562,178.6913299560547,245.0955352783203,264.540283203125,"0.826,0.826,0.939,0.915,0.904,0.885,0.897,0.920",2156.340576171875,3375.66064453125,"167.7,167.7,294.7,3561,2974,3259,3404,3422",43.36147689819336,56.59318923950195,"19.51,19.51,24.39,58.58,54.14,56.73,57.31,56.72","5.112,5.112,6.848,15.98,14.67,15.28,15.57,15.62","5.626,5.626,7.068,16.7,15.43,16.24,16.44,16.28",10737,0.0017767039826139808,11136,0.0018221020000055432,"4709,2929,3448,711,417,3245,788,1625",0.05528394505381584,0.3037632703781128,0.302952378988266,"1.26,1.36,1.12,1.1,1.4,1.28,1.4,1.17","6.75,6.46,4.72,4.46,4.4,3.92,3.9,3.66","0.0137,-0.0762,0.0527,-0.00647,0.0103,0.0737,0.0361,-0.0149","0,-0.0589,0.0589,0,0,0.118,0.0589,0","0,-0.0776,0.065,0,0,0.0632,0.0349,-0.0135",0.2060546875,0.1766183078289032,1,0.618337869644165,0.4771510660648346
27,up_proj,gptq,14336,5120,0,0.0020396505083356583,0.0014210019792829241,111.35814028108143,0.01788744498608134,469.1299743652344,359.68768310546875,284.648681640625,534.3924560546875,339.49139404296875,378.44818115234375,0.4558121860027313,111.26678466796875,0.07440537214279175,"4616,4338,107,1702,788,2342,4267,4605,4709,4262,3548,4673,2646,3268,4101,2929",71.95044708251953,,,,,0,136.48814392089844,154.91722106933594,210.1973419189453,229.95071411132812,"0.652,0.652,0.793,0.904,0.890,0.874,0.889,0.917",2156.340576171875,3375.66064453125,"167.7,167.7,294.7,3561,2974,3259,3404,3422",43.36147689819336,56.59318923950195,"19.51,19.51,24.39,58.58,54.14,56.73,57.31,56.72","4.224,4.224,5.745,14.81,13.59,14.14,14.45,14.51","5.23,5.23,6.45,15.57,14.41,15.12,15.32,15.15",4536,0.0004999519442208111,11538,0.0009162259520962834,"4709,2929,3448,711,417,3245,788,1625",0.04181579872965813,0.4628383219242096,0.5312238931655884,"0.811,0.693,0.653,0.89,0.844,0.659,0.789,0.912","6.75,6.46,4.72,4.46,4.4,3.92,3.9,3.66","-0.00528,0.00112,-0.000479,0.0184,-0.00867,-0.00406,-0.0102,-0.00964","-0.0082,0,0,0.0164,-0.0082,-0.0082,-0.0082,-0.0082","-0.00684,0,0,0.0209,-0.00659,-0.00694,-0.00684,-0.00781",0.044677734375,0.04166589677333832,1,0.3038179576396942,0.15957286953926086
27,down_proj,gptq,5120,14336,0,0.002006966727120536,0.0014136178152901785,187.50839201629526,0.030367121822250424,551.5557861328125,359.19677734375,15.092000007629395,28.705398559570312,17.923709869384766,15.636408805847168,0.5186532139778137,187.470703125,0.12008415907621384,"13096,3160,10737,1623,13883,12564,11151,10972,2714,10258,11970,12783,13840,6025,13902,11136",143.43089294433594,,,,,0,7.366491317749023,6.375794410705566,11.624428749084473,9.94403076171875,"0.654,0.654,1.250,1.213,1.114,1.141,1.166,1.151",6011.4169921875,9505.6962890625,"43.59,43.59,97.16,1.007e+04,8784,9894,1.032e+04,8840",13.157565116882324,19.114425659179688,"2.257,2.257,2.177,20.02,19.21,20.17,20.36,18.82","0.2984,0.2984,0.3798,3.527,3.255,3.493,3.56,3.271","0.3691,0.3691,0.3398,3.202,3.084,3.269,3.297,3.048",3448,0.0025328458286821842,3448,0.0067780776880681515,"5295,10235,13096,7681,5671,13695,14109,13860",0.16287179291248322,0.4311279356479645,0.43486329913139343,"0.622,0.66,0.789,0.601,0.557,0.66,0.612,0.678","5.17,3.42,1.8,1.18,1.13,1.03,1.02,0.998","0.0361,0.133,-0.633,0.0991,-0.0245,0.0125,0.00589,-0.0164","0,0.181,-0.542,0.0875,0,0.0207,0,-0.014","0.0419,0.114,-0.542,0.085,-0.0264,0.0241,0,-0.0153",0.6328125,0.5424107313156128,1,0.1638335883617401,0.25390923023223877
28,q_proj,gptq,4096,5120,0,0.0020378589630126952,0.0014790058135986327,69.60311164854193,0.03145013541282985,200.3165283203125,133.3487091064453,138.9917755126953,456.8653564453125,190.2681427001953,349.2381286621094,0.8525012731552124,69.44281005859375,0.2842711806297302,"2929,3060,1532,4267,2523,4101,2646,476,4605,4311,3245,4709,1657,4849,2739,4673",277.6260070800781,,,,,0,79.45635223388672,148.1372528076172,111.57552337646484,206.37142944335938,"0.954,0.954,1.037,0.533,0.452,0.486,0.486,0.520",1771.556640625,2766.91796875,"176.4,176.4,280.9,2920,2394,2650,2780,2795",65.91425323486328,85.0521469116211,"24.07,24.07,35.55,89.84,88.48,87.72,89.46,88.12","4.863,4.863,7.035,10.83,9.91,10.16,10.42,10.56","4.979,4.979,6.907,14.83,14.74,14.58,14.96,14.65",1763,0.004743574652820826,2533,0.007314002141356468,"3245,2929,4656,4709,2523,4849,1226,3060",0.5056095123291016,0.4776611328125,0.5634765625,"0.765,0.592,0.375,0.537,0.659,0.563,0.778,0.492","33.6,32.7,18.1,17.6,10.6,9.04,8.28,8.21","-0.129,0.00848,0.0016,-0.0236,-0.000599,-0.00739,0.124,-0.00172","-0.147,0,-0.0368,-0.0368,0,0,0.11,0","-0.147,0.00991,0,-0.0213,0,-0.00914,0.106,0",0.12890625,0.1473214328289032,1,0.6825381517410278,0.45867326855659485
28,k_proj,gptq,1024,5120,0,0.0020277023315429686,0.001457977294921875,28.30344700065764,0.04124509861751698,68.94574737548828,43.290496826171875,49.55472946166992,165.4052734375,72.03346252441406,123.15756225585938,0.8525012731552124,28.15679931640625,0.36185503005981445,"2929,3060,1532,4267,4101,2646,2523,476,4605,4311,4849,4709,1657,2739,4673,5107",277.6260070800781,,,,,0,30.177160263061523,52.18830490112305,41.90453338623047,73.68265533447266,"1.270,1.270,1.486,0.569,0.496,0.502,0.508,0.550",1771.556640625,2766.91796875,"176.4,176.4,280.9,2920,2394,2650,2780,2795",65.91425323486328,85.0521469116211,"24.07,24.07,35.55,89.84,88.48,87.72,89.46,88.12","2.812,2.812,4.482,6.685,6.24,6.209,6.388,6.521","2.495,2.495,3.677,8.86,8.861,8.766,8.963,8.794",826,0.014966335147619247,231,0.020419759675860405,"3245,2929,4656,4709,2523,4849,1226,3060",0.5914795994758606,0.4119873046875,0.3892822265625,"0.424,0.417,0.359,0.418,0.512,0.504,0.516,0.487","33.6,32.7,18.1,17.6,10.6,9.04,8.28,8.21","-0.012,-0.0422,0.00163,0.0381,0.00383,0.000999,-0.0267,-0.0234","0,-0.0357,0.0357,0.0357,0,0,-0.0357,-0.0357","-0.00963,-0.0412,0,0.0328,0.00649,0,-0.0306,-0.0201",0.125,0.1071428656578064,1,0.7634046673774719,0.1670420914888382
28,v_proj,gptq,1024,5120,0,0.0020538330078125,0.0015172958374023438,17.42828003244292,0.031845887491804996,49.60310745239258,34.79403305053711,34.43886184692383,96.00154113769531,44.765586853027344,65.46002197265625,0.8525012731552124,17.389575958251953,0.2529897093772888,"1532,4101,4267,2646,2929,2739,3060,4849,1657,402,4790,5107,4605,3379,3314,646",277.6260070800781,,,,,0,18.324260711669922,27.505748748779297,27.332048416137695,39.51310729980469,"1.475,1.475,1.605,0.650,0.589,0.618,0.628,0.681",1771.556640625,2766.91796875,"176.4,176.4,280.9,2920,2394,2650,2780,2795",65.91425323486328,85.0521469116211,"24.07,24.07,35.55,89.84,88.48,87.72,89.46,88.12","1.555,1.555,2.701,5.374,4.894,5.089,5.224,5.334","1.28,1.28,2.132,6.665,6.376,6.474,6.59,6.466",1013,0.006488748826086521,1018,0.006485368125140667,"3245,2929,4656,4709,2523,4849,1226,3060",0.3182288110256195,0.7943115234375,0.8485107421875,"0.0663,0.0978,0.0956,0.129,0.114,0.228,0.128,0.0992","33.6,32.7,18.1,17.6,10.6,9.04,8.28,8.21","-0.00185,0.00209,-0.00334,0.000992,-0.00179,-0.00977,-0.00149,0.00148","0,0,0,0,0,-0.0193,0,0","0,0,0,0,0,-0.00774,0,0",0.0673828125,0.0577566996216774,2,0.3942202627658844,0.1932627558708191
28,o_proj,gptq,5120,4096,0,0.002112674713134766,0.0014399051666259765,61.62702689890284,0.033257637179869216,181.23236083984375,105.82456970214844,2.3980917930603027,5.348276138305664,2.054098129272461,2.7454957962036133,0.8084172606468201,61.382667541503906,0.05782323703169823,"3450,3578,3322,2263,2391,2135,1355,2519,1701,3271,3941,3527,3685,3813,4069,1299",35.061981201171875,,,,,0,0.6697338223457336,1.0354540348052979,1.4910736083984375,1.7969317436218262,"0.054,0.054,0.566,0.781,0.695,0.798,0.756,0.819",1173.5203857421875,2367.506103515625,"29.9,29.9,1073,1731,1202,1641,1292,2390",6.220938205718994,7.862824440002441,"4.99,4.99,5.847,6.684,6.492,6.849,6.401,7.515","0.1821,0.1821,0.6887,0.9566,0.8588,0.9853,0.8844,1.188","0.7868,0.7868,0.9153,1.083,1.03,1.103,1.017,1.312",3448,0.020016511902213097,4058,0.0032206717878580093,"3194,3578,3450,2263,3322,2391,2135,3813",0.2512248754501343,0.4347167909145355,0.42888185381889343,"0.399,0.632,0.357,0.603,0.71,0.631,0.378,0.49","1.05,0.946,0.919,0.903,0.856,0.788,0.766,0.52","-0.137,0.0796,0.061,-0.0801,0.031,-0.177,-0.0366,0.119","-0.209,0,0,0,0,-0.209,0,0.209","-0.156,0.0758,0.0711,-0.0824,0.036,-0.202,-0.0458,0.102",0.73046875,0.7465726137161255,1,0.12150286883115768,0.03838818892836571
28,gate_proj,gptq,14336,5120,0,0.0020285742623465403,0.0014394487653459822,128.52242485503666,0.018315083775114854,532.4682006835938,407.8406677246094,343.2926025390625,646.623046875,401.16534423828125,436.1838073730469,0.44263774156570435,128.38314819335938,0.09549460560083389,"4338,4616,107,1702,4605,2342,788,4709,4267,4262,3548,3268,4673,2646,2929,417",70.24626159667969,,,,,0,161.1596221923828,177.1274871826172,247.64183044433594,266.3912353515625,"0.896,0.896,1.045,0.918,0.895,0.884,0.904,0.927",2054.21923828125,3238.02099609375,"158.4,158.4,287.2,3394,2795,3088,3255,3298",43.14274215698242,57.0288200378418,"18.35,18.35,23.41,58.88,54.24,56.99,57.69,57.25","4.97,4.97,6.825,16,14.55,15.27,15.63,15.76","5.25,5.25,6.677,16.7,15.39,16.24,16.44,16.37",8513,0.0008581606671214104,9168,0.0024383310228586197,"4709,2929,711,417,3245,1625,4819,788",0.061473727226257324,0.3250383734703064,0.3235648274421692,"1.22,1.35,1.04,1.39,1.24,1.16,1.19,1.39","6.94,6.7,4.51,4.43,4.09,3.75,3.5,3.43","0.015,-0.0737,-0.00333,0.0225,0.0728,0.00977,0.0094,0.0299","0,-0.0661,0,0.0331,0.0661,0,0,0.0331","0.0254,-0.0632,0,0.0168,0.0624,0,0.0155,0.0296",0.16015625,0.1759537309408188,1,0.4262923300266266,0.3890107572078705
28,up_proj,gptq,14336,5120,0,0.002036775861467634,0.0014182499476841518,109.11832733859774,0.01739134931898224,468.8769226074219,361.124267578125,305.0738220214844,568.2205810546875,346.47808837890625,385.4050598144531,0.44263774156570435,109.01927185058594,0.07212884724140167,"4338,4616,107,1702,2342,4605,788,4709,4267,4262,3548,3268,4673,2646,1625,417",70.24626159667969,,,,,0,138.43931579589844,156.72134399414062,215.7734832763672,235.505126953125,"0.678,0.678,0.850,0.901,0.882,0.871,0.893,0.915",2054.21923828125,3238.02099609375,"158.4,158.4,287.2,3394,2795,3088,3255,3298",43.14274215698242,57.0288200378418,"18.35,18.35,23.41,58.88,54.24,56.99,57.69,57.25","4.052,4.052,5.712,14.93,13.61,14.28,14.62,14.71","4.921,4.921,6.194,15.73,14.49,15.3,15.46,15.37",6556,0.0004131024470552802,3480,0.0006842836155556142,"4709,2929,711,417,3245,1625,4819,788",0.044527411460876465,0.4278477430343628,0.4907837212085724,"0.807,0.69,0.926,0.864,0.669,0.918,0.985,0.801","6.94,6.7,4.51,4.43,4.09,3.75,3.5,3.43","-0.00415,0.00546,0.00626,0.0117,-0.00424,-0.00555,-0.0107,0.0015","-0.00544,0.00544,0.00544,0.0109,0,-0.00544,-0.0109,0","0,0.00774,0.00991,0.00788,0,-0.00854,-0.0135,0",0.04296875,0.03627990186214447,1,0.2765982747077942,0.10587025433778763
28,down_proj,gptq,5120,14336,0,0.001998560769217355,0.0014228957039969308,190.34370558637465,0.0304825081202904,558.46923828125,362.8377990722656,17.179195404052734,31.996843338012695,18.558748245239258,15.585800170898438,0.8818155527114868,190.30287170410156,0.13605919480323792,"1601,4136,6867,9168,2805,3480,8513,12486,314,9065,4940,8076,12902,9550,595,4933",266.5832214355469,,,,,0,7.615152359008789,6.300690650939941,12.129345893859863,10.169913291931152,"0.661,0.661,1.346,1.185,1.289,1.204,1.202,1.189",5498.966796875,8743.6318359375,"39.7,39.7,95.05,9433,8094,8648,9325,8316",12.944731712341309,19.229291915893555,"2.107,2.107,2.173,20.45,18,19.49,19.89,19.34","0.2727,0.2727,0.4004,3.634,3.292,3.482,3.569,3.422","0.3354,0.3354,0.3452,3.338,2.899,3.174,3.255,3.138",3448,0.004806171171367168,3448,0.003957383334636688,"5979,1672,1601,9065,11645,9316,10811,9607",0.09518057852983475,0.3997802734375,0.40087890625,"0.644,0.654,0.795,0.562,0.689,0.59,0.674,0.646","1.75,1.47,1.47,1.15,1.06,1.02,0.987,0.884","-0.00162,-0.0118,0.637,-0.154,-0.027,0.0908,-0.00696,-0.0179","0.0201,-0.019,0.546,-0.182,0,0,-0.0162,-0.0396","0,-0.019,0.546,-0.132,-0.0236,0.0778,0,-0.0209",0.63671875,0.5457589626312256,2,0.2282174974679947,0.18238256871700287
29,q_proj,gptq,4096,5120,0,0.0020314693450927735,0.001495218276977539,61.487403993182625,0.030565968278820625,180.84146118164062,123.3600845336914,136.04263305664062,412.59332275390625,176.30224609375,311.5769348144531,0.8648827075958252,61.367069244384766,0.2643234431743622,"2929,3060,2523,4267,1532,476,4311,4605,2646,3245,4709,4101,1226,2739,1657,5107",243.59194946289062,,,,,0,73.32262420654297,132.55474853515625,104.08851623535156,185.2412872314453,"0.962,0.962,1.236,0.524,0.472,0.502,0.511,0.549",1814.879150390625,2810.06591796875,"173.3,173.3,285.2,3048,2472,2674,2817,2876",62.20432662963867,81.01200866699219,"21.03,21.03,31.93,86.83,84.03,83.71,84.99,84.07","4.497,4.497,6.494,10.43,9.602,9.778,10.05,10.31","4.584,4.584,5.841,14.41,13.97,13.8,14.06,13.91",1973,0.004442929290235043,2740,0.013162260875105858,"3245,2929,4656,4709,2523,1226,4849,3060",0.4095824658870697,0.462615966796875,0.516632080078125,"0.811,0.697,0.456,0.585,0.726,0.8,0.61,0.568","30.6,27.7,16.4,15.9,10.4,8.14,7.36,7.19","0.0723,-0.0771,-0.0713,0.0586,0.0588,-0.00497,-0.0557,-0.0879","0.0675,-0.0675,-0.0675,0.0675,0.0675,0,-0.0675,-0.101","0.0619,-0.0661,-0.0815,0.0611,0.0504,0,-0.0477,-0.0753",0.2080078125,0.17527060210704803,1,0.6399931907653809,0.4438641369342804
29,k_proj,gptq,1024,5120,0,0.0020404815673828124,0.001483154296875,24.45872830377266,0.040960302786685436,59.9908447265625,39.28948211669922,47.160526275634766,140.46026611328125,65.24763488769531,99.12196350097656,0.8648827075958252,24.3685302734375,0.3374989926815033,"2929,3060,2523,1532,476,4267,2646,4311,4605,4709,4101,2739,1226,5107,3245,4790",243.59194946289062,,,,,0,27.837839126586914,41.417667388916016,38.43377685546875,59.7198600769043,"1.721,1.721,1.747,0.625,0.589,0.592,0.598,0.646",1814.879150390625,2810.06591796875,"173.3,173.3,285.2,3048,2472,2674,2817,2876",62.20432662963867,81.01200866699219,"21.03,21.03,31.93,86.83,84.03,83.71,84.99,84.07","2.677,2.677,4.162,6.395,5.978,6.019,6.156,6.346","2.04,2.04,3.149,8.09,7.792,7.821,7.961,7.899",421,0.010909241624176502,809,0.027779363095760345,"3245,2929,4656,4709,2523,1226,4849,3060",0.5035068392753601,0.3951416015625,0.335205078125,"0.465,0.468,0.395,0.472,0.526,0.523,0.574,0.585","30.6,27.7,16.4,15.9,10.4,8.14,7.36,7.19","-0.121,0.0115,0.0737,0.00348,-0.0659,-0.00264,0.0645,0.117","-0.105,0,0.105,0,-0.0698,0,0.0698,0.105","-0.103,0.0123,0.0632,0,-0.0565,0,0.059,0.1",0.1220703125,0.1046316996216774,4,0.624382734298706,0.9779379367828369
29,v_proj,gptq,1024,5120,0,0.0020376205444335937,0.0015277862548828125,19.37830632031995,0.02777777570492077,60.07268142700195,44.3765869140625,44.562705993652344,111.14666748046875,53.79448699951172,77.70354461669922,0.8648827075958252,19.338821411132812,0.16941295564174652,"4267,4790,2646,4849,4101,2739,402,1657,2929,3379,5107,3371,3314,1532,98,4605",243.59194946289062,,,,,0,21.777727127075195,32.080589294433594,32.88572692871094,47.332820892333984,"1.853,1.853,1.391,0.687,0.629,0.621,0.652,0.693",1814.879150390625,2810.06591796875,"173.3,173.3,285.2,3048,2472,2674,2817,2876",62.20432662963867,81.01200866699219,"21.03,21.03,31.93,86.83,84.03,83.71,84.99,84.07","1.384,1.384,2.455,6.033,5.493,5.548,5.752,5.824","1.017,1.017,2.082,7.28,6.926,7.039,7.126,6.997",748,0.005817557219415903,284,0.007889722473919392,"3245,2929,4656,4709,2523,1226,4849,3060",0.17768074572086334,0.8145751953125,0.88427734375,"0.0549,0.0918,0.0885,0.104,0.0969,0.0931,0.199,0.0758","30.6,27.7,16.4,15.9,10.4,8.14,7.36,7.19","0.000599,-0.000435,0.000881,0.00121,0.000126,-0.00172,-0.0051,0.00115","0,0,0,0,0,0,0,0","0,0,0,0,0,0,0,0",0.056640625,0.05238598212599754,1,0.4189935326576233,0.2220851182937622
29,o_proj,gptq,5120,4096,0,0.002130460739135742,0.00146484375,64.79060706857126,0.031731335411774725,186.40042114257812,114.38552856445312,2.631969451904297,6.643284797668457,2.109591007232666,3.3830971717834473,0.7123737335205078,64.68470764160156,0.04170021414756775,"748,876,1004,620,623,569,1074,879,532,530,572,953,580,559,625,632",43.22053909301758,,,,,0,0.6471625566482544,1.2503228187561035,1.63112473487854,2.3432023525238037,"0.095,0.095,0.386,0.611,0.560,0.505,0.570,0.658",1068.48486328125,2428.640625,"31.19,31.19,514.8,2045,1087,1128,1195,2517",6.669704914093018,8.677812576293945,"4.864,4.864,5.729,7.2,7.4,6.889,7.534,8.878","0.235,0.235,0.5572,0.9116,0.908,0.7913,0.9284,1.27","0.7607,0.7607,0.8971,1.166,1.214,1.114,1.23,1.566",3448,0.013416913338005543,3448,0.010350322350859642,"748,1004,623,876,585,546,618,551",0.17329038679599762,0.32976076006889343,0.3419189453125,"0.492,0.624,0.681,0.599,0.605,0.682,0.685,0.648","1.75,1.33,0.731,0.716,0.625,0.607,0.592,0.566","0.117,0.052,0.022,0.133,0.0422,0.0332,0.0498,-0.0177","0.0988,0.0494,0,0.148,0.0494,0.0494,0.0494,0","0.1,0.0477,0,0.143,0.0494,0.0494,0.0494,0",0.4140625,0.36204642057418823,10,0.10517788678407669,0.12349563091993332
29,gate_proj,gptq,14336,5120,0,0.0020314761570521763,0.0014382089887346541,127.04142614590819,0.01792266899261672,533.9927978515625,409.45892333984375,371.5018005371094,686.2113037109375,429.27764892578125,464.867431640625,0.4375692307949066,126.91437530517578,0.09694387763738632,"4616,4338,107,1702,2342,788,4605,3548,4709,4262,4267,3268,4673,2646,2929,417",68.30658721923828,,,,,0,174.02789306640625,190.59210205078125,264.8006591796875,282.92724609375,"0.832,0.832,0.982,0.923,0.905,0.890,0.911,0.940",2058.802001953125,3204.53369140625,"163.6,163.6,302.7,3480,2768,3061,3227,3305",44.76057434082031,58.59765625,"19.82,19.82,25.07,61.3,55.5,58.4,59.16,59","5.237,5.237,7.175,16.77,15.01,15.76,16.18,16.4","5.742,5.742,7.241,17.46,15.78,16.7,16.95,16.92",7748,0.0007659020484425128,4469,0.0011533077340573072,"4709,2929,711,417,3448,3245,1625,788",0.05426381155848503,0.3183158040046692,0.3164149820804596,"1.22,1.39,1.02,1.41,1.12,1.27,1.13,1.39","6.98,6.68,4.69,4.51,4.14,4.02,3.63,3.62","-0.00867,-0.0569,-0.0188,0.00391,0.0356,0.0493,0.0101,0.0155","0,-0.0664,0,0,0.0664,0.0664,0,0","0,-0.0658,-0.0366,0,0.0293,0.0455,0,0.0268",0.232421875,0.19921875,1,0.41551390290260315,0.4899963140487671
29,up_proj,gptq,14336,5120,0,0.0020285470145089287,0.0014169011797223773,107.67240289229085,0.017106519751459857,468.5190734863281,361.6012878417969,328.9434509277344,601.9722900390625,370.56219482421875,405.54022216796875,0.4375692307949066,107.57689666748047,0.07350793480873108,"4616,4338,107,1702,2342,4605,788,3548,4709,4262,4267,3268,4673,2646,2929,417",68.30658721923828,,,,,0,149.68283081054688,166.0824432373047,229.6882781982422,246.677978515625,"0.677,0.677,0.831,0.921,0.902,0.896,0.913,0.936",2058.802001953125,3204.53369140625,"163.6,163.6,302.7,3480,2768,3061,3227,3305",44.76057434082031,58.59765625,"19.82,19.82,25.07,61.3,55.5,58.4,59.16,59","4.353,4.353,6.04,15.69,14.02,14.74,15.12,15.31","5.291,5.291,6.625,16.35,14.77,15.57,15.82,15.83",693,0.0004633028875105083,4757,0.0006788944010622799,"4709,2929,711,417,3448,3245,1625,788",0.0390721894800663,0.4661865532398224,0.529296875,"0.806,0.669,0.912,0.839,0.613,0.656,0.927,0.788","6.98,6.68,4.69,4.51,4.14,4.02,3.63,3.62","0.000225,0.00565,-0.00867,-0.0104,0.00787,-0.00793,-0.00989,-0.0136","0,0,0,-0.0206,0.0206,0,0,-0.0206","0,0,-0.0119,-0.0128,0.0103,-0.0149,-0.00935,-0.0151",0.123046875,0.1040986180305481,1,0.3018219769001007,0.11791763454675674
29,down_proj,gptq,5120,14336,0,0.0020012174333844867,0.0014268738882882255,184.1052179979397,0.02940031736333892,551.954833984375,362.216796875,18.290054321289062,33.880523681640625,19.53289031982422,16.25490951538086,0.46652114391326904,184.05792236328125,0.10743706673383713,"7748,9329,13160,4879,7532,12293,9875,4424,13652,1547,10980,11211,5179,3378,4469,2914",58.96657943725586,,,,,0,7.7556328773498535,6.371413707733154,13.211613655090332,10.902124404907227,"0.629,0.629,1.112,1.278,1.220,1.195,1.206,1.210",5278.77587890625,8883.1494140625,"43.46,43.46,105.5,8507,7930,8526,8935,8139",13.090960502624512,19.797670364379883,"2.415,2.415,2.46,19.33,18.83,19.8,20.09,19.39","0.3098,0.3098,0.4148,3.522,3.388,3.534,3.623,3.49","0.3906,0.3906,0.3934,3.116,3.067,3.234,3.298,3.172",4656,0.004834930878132582,4656,0.021928695961833,"7145,11666,468,13652,7489,781,13645,4469",0.09177887439727783,0.37785646319389343,0.3833984434604645,"0.68,0.678,0.446,0.63,0.719,0.626,0.611,0.641","2.39,1.45,1.24,1.22,1.2,1.12,1.1,0.987","-0.33,0.00346,0.00449,-0.254,-0.00482,0.0134,-0.198,-0.0287","-0.337,0.017,0,-0.169,0,0.0208,-0.169,0","-0.283,0,0,-0.218,0,0.0116,-0.218,-0.0536",0.58984375,0.6741071939468384,1,0.23556622862815857,0.4541284143924713
30,q_proj,gptq,4096,5120,0,0.0020403385162353514,0.0014953136444091797,55.04374746148824,0.026525150406267777,177.1046142578125,125.39420318603516,143.9015655517578,398.3437194824219,182.28932189941406,296.6451110839844,0.8771432042121887,54.89790725708008,0.2241978943347931,"2929,3060,2646,4267,2523,1532,4101,476,4605,4311,3245,2739,4709,4849,1226,402",201.57260131835938,,,,,0,75.9953842163086,124.57780456542969,107.92606353759766,176.57928466796875,"1.201,1.201,1.105,0.623,0.535,0.539,0.556,0.582",1856.3607177734375,2899.841552734375,"168.5,168.5,300.8,3173,2465,2745,2882,2949",59.732460021972656,78.73474884033203,"19.85,19.85,30.83,83.68,79.72,80.73,81.91,81.27","4.741,4.741,6.196,10.87,9.717,9.928,10.26,10.41","4.326,4.326,5.894,13.77,13.28,13.52,13.76,13.64",2152,0.0033642263151705265,2280,0.008046283386647701,"3245,2929,4656,4709,2523,1226,4849,3060",0.49137628078460693,0.459869384765625,0.500946044921875,"0.802,0.686,0.548,0.634,0.715,0.795,0.616,0.584","26.1,23.1,22.6,13.9,7.67,6.88,6.74,6.62","0.119,-0.0776,-0.0469,0.0508,0.05,-0.0583,-0.0364,-0.0608","0.102,-0.0681,-0.034,0.0681,0.034,-0.034,-0.034,-0.0681","0.102,-0.0665,-0.0377,0.0565,0.0429,-0.05,-0.0312,-0.0521",0.13671875,0.11894357204437256,1,0.5635964274406433,0.8146783709526062
30,k_proj,gptq,1024,5120,0,0.002055931091308594,0.001497650146484375,23.190655407393933,0.035158464553983436,62.00914001464844,43.75889587402344,51.570762634277344,142.83062744140625,70.75042724609375,99.90162658691406,0.8771432042121887,23.13039207458496,0.30834415555000305,"2929,3060,4267,2523,1532,2646,4605,4101,476,4311,4709,2739,4849,3245,402,1657",201.57260131835938,,,,,0,29.729856491088867,41.624725341796875,41.547306060791016,60.148033142089844,"2.329,2.329,1.941,0.666,0.607,0.609,0.639,0.676",1856.3607177734375,2899.841552734375,"168.5,168.5,300.8,3173,2465,2745,2882,2949",59.732460021972656,78.73474884033203,"19.85,19.85,30.83,83.68,79.72,80.73,81.91,81.27","2.974,2.974,4.197,6.72,6.032,6.146,6.369,6.53","1.949,1.949,3.013,8.232,7.742,7.877,7.965,7.945",746,0.009623942896723747,488,0.018564118072390556,"3245,2929,4656,4709,2523,1226,4849,3060",0.7138673663139343,0.410888671875,0.3465576171875,"0.45,0.475,0.327,0.461,0.545,0.513,0.56,0.586","26.1,23.1,22.6,13.9,7.67,6.88,6.74,6.62","-0.0121,-0.0116,-0.00781,0.011,0.00415,-0.0117,-0.0239,-0.0236","0,0,0,0,0,0,-0.0388,-0.0388","-0.0153,-0.0181,-0.00823,0.00823,0,-0.01,-0.0246,-0.0269",0.1357421875,0.1551339328289032,1,0.5917882323265076,0.21508851647377014
30,v_proj,gptq,1024,5120,0,0.0020336151123046876,0.0015300750732421876,14.11924425532925,0.02283918929601678,49.97875213623047,37.05166244506836,39.77355194091797,95.91339874267578,46.7906494140625,66.84304809570312,0.8771432042121887,14.100900650024414,0.1530357003211975,"4267,2929,2646,4101,1532,3060,4605,2739,4849,402,4790,4709,5107,1657,3371,2523",201.57260131835938,,,,,0,19.184900283813477,27.6131591796875,28.51510238647461,40.58583068847656,"1.618,1.618,1.179,0.698,0.631,0.651,0.665,0.707",1856.3607177734375,2899.841552734375,"168.5,168.5,300.8,3173,2465,2745,2882,2949",59.732460021972656,78.73474884033203,"19.85,19.85,30.83,83.68,79.72,80.73,81.91,81.27","1.564,1.564,2.34,5.705,5.035,5.23,5.326,5.43","1.229,1.229,2.155,6.83,6.341,6.48,6.533,6.458",700,0.005835871212184429,579,0.006042816676199436,"3245,2929,4656,4709,2523,1226,4849,3060",0.23061144351959229,0.7593994140625,0.8216552734375,"0.0868,0.0933,0.0864,0.117,0.114,0.139,0.211,0.0937","26.1,23.1,22.6,13.9,7.67,6.88,6.74,6.62","0.00171,-0.00124,0.00146,0.00261,0.00195,0.00106,-0.00879,0.00124","0,0,0,0,0,0,-0.0121,0","0,0,0,0,0,0,-0.00596,0",0.058837890625,0.06829158216714859,1,0.3846684396266937,0.18172886967658997
30,o_proj,gptq,5120,4096,0,0.0021296024322509767,0.0014540195465087891,63.221819628022786,0.032232097723743684,181.0726318359375,112.09932708740234,1.8334054946899414,4.186485290527344,2.4556822776794434,2.795929431915283,0.7414090633392334,62.78765106201172,0.05499209091067314,"452,509,3034,3310,3305,635,3322,196,3231,3244,3318,3290,3206,3215,3283,3243",168.48678588867188,,,,,0,1.0424225330352783,1.2545924186706543,1.6225172281265259,1.7405213117599487,"0.051,0.051,0.819,1.007,0.924,0.908,0.963,0.975",2641.01708984375,3904.853515625,"41.21,41.21,1762,4817,3496,3082,3525,4363",6.810642242431641,7.920873641967773,"4.958,4.958,5.109,7.78,8.284,7.395,7.687,8.313","0.1809,0.1809,0.7744,1.262,1.265,1.113,1.192,1.35","0.8006,0.8006,0.8555,1.257,1.316,1.169,1.214,1.367",3448,0.02332250401377678,3448,0.010268420912325382,"3318,3210,3211,3213,3271,3260,3248,763",0.09975774586200714,0.3392333984375,0.3230224549770355,"0.451,0.657,0.544,0.556,0.584,0.56,0.615,0.9","1.11,0.834,0.824,0.777,0.747,0.713,0.708,0.704","-0.0786,0.00806,0.0102,-0.0134,-0.0138,0.0195,-0.043,-0.00211","0,0,0,0,0,0,0,0","-0.0938,0,0,0,0,0.0312,-0.0312,0",0.77734375,0.6662946939468384,3,0.1931830197572708,0.1333615630865097
30,gate_proj,gptq,14336,5120,0,0.002031489780970982,0.0014384814671107701,125.85226297675399,0.01760131362937336,537.2882080078125,417.120361328125,401.77020263671875,744.6246337890625,443.81951904296875,486.3194885253906,0.418541818857193,125.73699188232422,0.09793072193861008,"4616,4338,107,4605,1702,788,3548,4709,2342,4267,2646,4262,3268,4673,2929,4101",70.59675598144531,,,,,0,178.88687133789062,197.48220825195312,273.6063537597656,297.3041687011719,"0.853,0.853,0.989,0.924,0.901,0.881,0.900,0.917",1954.47265625,3063.87744140625,"166.5,166.5,309,3344,2575,2896,3048,3131",45.47706604003906,59.5289421081543,"20.86,20.86,26.42,62.08,55.63,58.85,59.54,59.57","5.589,5.589,7.594,17.06,15.07,15.92,16.3,16.55","6.053,6.053,7.635,17.75,15.87,16.96,17.18,17.28",3164,0.0007111472659744322,774,0.0018083269242197275,"2929,4709,417,711,3448,3245,1625,788",0.06004778668284416,0.3220302164554596,0.3265904188156128,"1.36,1.19,1.37,1,1.14,1.26,1.13,1.36","7.38,7.25,4.74,4.57,4.12,3.93,3.66,3.63","-0.0284,0.0479,0.0133,-0.02,0.0403,0.0425,0.0164,0.0461","-0.0241,0.0483,0.0241,-0.0241,0.0483,0.0241,0.0241,0.0483","-0.0264,0.041,0.0183,-0.0241,0.0408,0.0416,0.0138,0.0396",0.10693359375,0.09334507584571838,4,0.4017987549304962,0.2413206249475479
30,up_proj,gptq,14336,5120,0,0.0020347322736467633,0.0014147894723074777,106.15725358587224,0.01677627756895251,469.6412048339844,365.64166259765625,354.332763671875,647.8995361328125,381.408935546875,424.9776611328125,0.418541818857193,106.020263671875,0.0743771344423294,"4616,4338,107,4605,1702,3548,788,4709,2342,4267,4262,3268,2646,4673,2929,4101",70.59675598144531,,,,,0,153.31617736816406,172.5125274658203,236.94436645507812,259.4801330566406,"0.652,0.652,0.811,0.924,0.889,0.882,0.900,0.920",1954.47265625,3063.87744140625,"166.5,166.5,309,3344,2575,2896,3048,3131",45.47706604003906,59.5289421081543,"20.86,20.86,26.42,62.08,55.63,58.85,59.54,59.57","4.573,4.573,6.391,15.97,14.03,14.86,15.22,15.47","5.666,5.666,7.098,16.61,14.88,15.82,16.05,16.13",10157,0.0008162646554410458,9841,0.0009715997730381787,"2929,4709,417,711,3448,3245,1625,788",0.043150369077920914,0.468845933675766,0.54345703125,"0.658,0.817,0.84,0.934,0.666,0.652,0.923,0.792","7.38,7.25,4.74,4.57,4.12,3.93,3.66,3.63","0.0036,-0.00684,-0.000744,-0.00114,0.0127,-0.0024,0.00824,-0.00238","0,0,0,0,0,0,0,0","0.00624,-0.00991,0,0,0.0128,0,0,0",0.171875,0.14560449123382568,1,0.40076616406440735,0.3315183222293854
30,down_proj,gptq,5120,14336,0,0.0019985198974609374,0.0014181409563337054,195.44639096156243,0.03106146163326923,566.9785766601562,366.73809814453125,20.533164978027344,38.07991027832031,20.42466163635254,17.617385864257812,0.5312421917915344,195.41326904296875,0.11615800112485886,"774,6609,11759,5491,4238,3932,12699,13636,9400,444,2159,6325,12902,13656,3461,6071",60.514278411865234,,,,,0,8.237162590026855,7.097330570220947,13.851150512695312,11.78419017791748,"0.545,0.545,1.143,1.207,1.158,1.164,1.178,1.120",4963.17822265625,8387.5341796875,"48.34,48.34,113.8,8110,7146,7944,8554,7742",13.760601043701172,20.308307647705078,"2.791,2.791,2.722,20.57,19.53,20.13,20.83,20.72","0.34,0.34,0.4627,3.675,3.42,3.611,3.758,3.619","0.4608,0.4608,0.4328,3.345,3.178,3.347,3.462,3.419",4656,0.006950251758098602,4656,0.01774759404361248,"11907,11141,9214,3874,12114,5489,6609,12699",0.1863979548215866,0.3905273377895355,0.39433595538139343,"0.648,0.613,0.611,0.664,0.702,0.658,0.732,0.682","4.24,2.43,1.95,1.82,1.67,1.33,1.26,1.16","0.0115,-0.139,0.084,0.00193,0.000212,0.00345,0.408,0.312","0.025,-0.176,0.0966,0,0,0.0121,0.35,0.35","0.0153,-0.119,0.072,0,0,0,0.35,0.268",0.408203125,0.3498883843421936,2,0.28507915139198303,0.42340752482414246
31,q_proj,gptq,4096,5120,0,0.0020409584045410155,0.0014934062957763672,60.73960744723445,0.029042383848745357,184.2833709716797,126.90306091308594,133.07421875,412.6631164550781,169.3072967529297,302.26458740234375,0.8576552271842957,60.53169631958008,0.25729823112487793,"2929,4267,3060,2523,2646,1532,4101,4709,4605,476,4849,2739,4311,1657,1226,1320",205.31964111328125,,,,,0,70.94613647460938,128.3945770263672,98.630126953125,176.63385009765625,"0.962,0.962,1.035,0.546,0.460,0.501,0.501,0.534",1706.6904296875,2657.967041015625,"178.7,178.7,309.1,2966,2252,2499,2616,2655",61.524051666259766,79.13563537597656,"23.2,23.2,34.88,85.12,80.94,80.95,82.45,81.44","4.857,4.857,6.644,10.47,9.179,9.546,9.706,9.853","4.953,4.953,6.531,14.17,13.53,13.48,13.71,13.48",1702,0.00610576756298542,3173,0.013003252446651459,"2929,3245,4656,4709,2523,4849,1625,1226",0.49040380120277405,0.4439697265625,0.5126953125,"0.646,0.766,0.416,0.521,0.709,0.629,0.549,0.763","26.9,25.8,20.6,17.3,8.6,8.26,7.25,7.14","0.0503,-0.103,0.0288,-0.0243,-0.0277,0.0535,-0.0161,0.0664","0.0342,-0.103,0.0342,-0.0342,-0.0342,0.0684,-0.0342,0.0684","0.0431,-0.0879,0.0272,-0.0272,-0.0238,0.0458,-0.0166,0.0569",0.11962890625,0.1025390625,2,0.717217743396759,0.7901492714881897
31,k_proj,gptq,1024,5120,0,0.0020572662353515623,0.0015165328979492188,24.868715260490717,0.03906583400436345,62.534332275390625,41.87977981567383,46.92797088623047,143.73097229003906,63.4197998046875,101.22917938232422,0.8576552271842957,24.78577423095703,0.35144177079200745,"2929,3060,2523,1532,2646,4267,4709,476,4101,4605,2739,4311,4849,1320,1657,402",205.31964111328125,,,,,0,26.44978141784668,41.809051513671875,36.610870361328125,60.72085952758789,"1.613,1.613,1.664,0.591,0.524,0.555,0.542,0.592",1706.6904296875,2657.967041015625,"178.7,178.7,309.1,2966,2252,2499,2616,2655",61.524051666259766,79.13563537597656,"23.2,23.2,34.88,85.12,80.94,80.95,82.45,81.44","2.975,2.975,4.319,6.257,5.607,5.768,5.897,6.049","2.343,2.343,3.349,8.139,7.748,7.745,8.013,7.862",443,0.014577955938875675,294,0.02027754858136177,"2929,3245,4656,4709,2523,4849,1625,1226",0.5863866806030273,0.3870849609375,0.349609375,"0.44,0.455,0.397,0.426,0.511,0.501,0.447,0.535","26.9,25.8,20.6,17.3,8.6,8.26,7.25,7.14","-0.0309,-0.0635,0.00656,0.0101,0.013,-0.00848,-0.000165,-0.122","-0.0347,-0.0695,0,0,0,0,0,-0.104","-0.0265,-0.0678,0.00949,0.00949,0.0126,0,0,-0.104",0.12158203125,0.1042131781578064,3,0.6769714951515198,0.2943035364151001
31,v_proj,gptq,1024,5120,0,0.00204315185546875,0.0014875411987304687,18.4730271927765,0.028729675742703454,56.18326950073242,41.88418960571289,40.3704833984375,109.84356689453125,48.26707077026367,73.56332397460938,0.8576552271842957,18.42517852783203,0.2300357073545456,"4267,2929,2646,1532,3060,4101,2739,4605,4709,4849,2523,1657,1320,4311,402,3314",205.31964111328125,,,,,0,19.783544540405273,30.360612869262695,28.979393005371094,44.564186096191406,"1.746,1.746,1.503,0.642,0.585,0.590,0.602,0.624",1706.6904296875,2657.967041015625,"178.7,178.7,309.1,2966,2252,2499,2616,2655",61.524051666259766,79.13563537597656,"23.2,23.2,34.88,85.12,80.94,80.95,82.45,81.44","1.932,1.932,3.002,5.695,5.032,5.189,5.314,5.372","1.462,1.462,2.449,7.106,6.578,6.756,6.851,6.802",485,0.009390439838171005,94,0.008864033967256546,"2929,3245,4656,4709,2523,4849,1625,1226",0.3836115896701813,0.7353515625,0.80517578125,"0.101,0.066,0.0807,0.14,0.113,0.249,0.256,0.14","26.9,25.8,20.6,17.3,8.6,8.26,7.25,7.14","0.0147,0.00211,-0.00916,0.0332,0.0327,-0.0349,0.00195,-0.00562","0,0,0,0.0332,0.0332,-0.0332,0,0","0.00991,0,-0.00949,0.0285,0.028,-0.0399,0,-0.00548",0.1162109375,0.099609375,1,0.4876389503479004,0.44335126876831055
31,o_proj,gptq,5120,4096,0,0.002117776870727539,0.0014648914337158203,65.45919759242315,0.03311565161965852,187.60977172851562,113.495849609375,4.063177108764648,10.70642375946045,2.666780710220337,4.119297981262207,0.591303825378418,65.36217498779297,0.04488231614232063,"1852,542,670,798,926,2750,2878,3996,3006,2582,2966,3612,3987,4075,3603,3859",27.54274559020996,,,,,0,0.8671005964279175,1.4466623067855835,1.838882327079773,2.7404050827026367,"0.088,0.088,0.523,0.686,0.726,0.620,0.617,0.674",676.45703125,1484.8414306640625,"29.41,29.41,466.8,774.5,910,759.8,857.2,1585",6.961349964141846,9.587525367736816,"4.482,4.482,5.733,6.989,8.089,8.024,8.263,9.628","0.2198,0.2198,0.6726,0.9581,1.135,1.026,1.073,1.405","0.7409,0.7409,0.9303,1.157,1.333,1.303,1.367,1.712",3448,0.009156101383268833,3448,0.002317768521606922,"1893,1637,2021,3144,3150,1765,3108,3102",0.09643597900867462,0.40681153535842896,0.39704591035842896,"0.511,0.385,0.4,0.612,0.605,0.934,0.615,0.586","0.928,0.903,0.882,0.836,0.787,0.758,0.695,0.67","-0.0815,0.123,0.109,0.0459,-0.0161,0.0537,-0.022,0.0835","-0.0822,0.126,0.126,0.0411,0,0.0628,0,0.0628","-0.0815,0.105,0.0933,0.0353,0,0.0491,-0.0353,0.0706",0.228515625,0.2637273371219635,1,0.10865318030118942,0.0641646534204483
31,gate_proj,gptq,14336,5120,0,0.0020314080374581474,0.001439258030482701,123.7250734272011,0.017505559700009592,530.1032104492188,409.7144775390625,422.61761474609375,792.5318603515625,472.9633483886719,520.5654907226562,0.43727025389671326,123.61073303222656,0.10318394750356674,"4616,4338,107,4605,1702,2342,4709,4267,788,4262,3548,3268,2646,4673,2929,417",79.8786392211914,,,,,0,190.8367919921875,210.9363250732422,289.3923645019531,315.8729248046875,"0.853,0.853,1.005,0.929,0.900,0.882,0.894,0.908",1958.3016357421875,3061.559814453125,"167.5,167.5,327.3,3446,2606,2885,3016,3051",47.39960479736328,61.93959045410156,"21.9,21.9,27.6,65.27,58.24,61,61.7,61.58","5.804,5.804,7.94,17.9,15.66,16.36,16.71,16.84","6.285,6.285,7.919,18.58,16.51,17.42,17.67,17.67",9553,0.0009345925645902753,9907,0.0013258256949484348,"4709,2929,711,417,3448,4819,3245,1625",0.06806320697069168,0.3344116508960724,0.3338710367679596,"1.21,1.41,1.02,1.41,1.16,1.18,1.28,1.13","8.12,7.57,5.19,5.05,4.35,4.08,4.02,3.9","0.0322,-0.0547,-0.0187,0.00781,0.0544,0.00613,0.0669,0.0233","0.0304,-0.0608,-0.0304,0.0304,0.0304,0,0.0608,0.0304","0.0236,-0.0625,-0.0241,0,0.0608,0,0.0709,0.029",0.271484375,0.3120189309120178,1,0.4787987768650055,0.30772969126701355
31,up_proj,gptq,14336,5120,0,0.0020327431815011163,0.001424407958984375,106.75464205938624,0.016663450864882183,474.17755126953125,369.01416015625,381.3919677734375,707.927001953125,414.5024108886719,466.228515625,0.43727025389671326,106.66059112548828,0.07874984294176102,"4616,4338,107,1702,4605,2342,4709,4267,788,3548,4262,3268,2646,4673,417,2929",79.8786392211914,,,,,0,166.34014892578125,189.39865112304688,255.7052001953125,283.25457763671875,"0.672,0.672,0.830,0.921,0.883,0.870,0.882,0.893",1958.3016357421875,3061.559814453125,"167.5,167.5,327.3,3446,2606,2885,3016,3051",47.39960479736328,61.93959045410156,"21.9,21.9,27.6,65.27,58.24,61,61.7,61.58","4.878,4.878,6.796,16.87,14.69,15.41,15.73,15.86","5.952,5.952,7.459,17.58,15.63,16.52,16.75,16.79",2217,0.000759298272896558,2217,0.0008201119489967823,"4709,2929,711,417,3448,4819,3245,1625",0.05141723155975342,0.4611206352710724,0.5284860134124756,"0.837,0.648,0.923,0.841,0.674,0.991,0.664,0.952","8.12,7.57,5.19,5.05,4.35,4.08,4.02,3.9","-0.104,0.0588,0.105,-0.0747,-0.0153,0.0309,-0.131,-0.0339","-0.112,0.0748,0.112,-0.0748,0,0.0374,-0.112,-0.0374","-0.0896,0.0504,0.09,-0.0674,-0.016,0.0269,-0.112,-0.0296",0.130859375,0.1121651828289032,5,0.4048320949077606,0.4476475715637207
31,down_proj,gptq,5120,14336,0,0.001985645294189453,0.0014289311000279018,197.28839579133273,0.030896278221956907,574.7520751953125,371.3201904296875,24.603668212890625,45.93368911743164,23.712608337402344,21.329151153564453,0.8417273163795471,197.3442840576172,0.10171440988779068,"9355,7854,9384,9625,8288,10556,8475,1596,10910,1593,13971,7062,4280,11098,11025,13661",181.0078887939453,,,,,0,9.168545722961426,8.305596351623535,16.06660270690918,14.271527290344238,"0.558,0.558,1.050,1.144,1.084,1.095,1.111,1.102",4598.8720703125,7898.52587890625,"54.01,54.01,124.8,7944,6765,7062,7646,7141",14.729286193847656,22.392940521240234,"2.971,2.971,3.035,22.49,20.95,21.43,22.06,21.93","0.3602,0.3602,0.5044,3.963,3.625,3.738,3.887,3.861","0.4823,0.4823,0.4923,3.706,3.481,3.572,3.688,3.677",3448,0.007319811265915632,4656,0.029828885570168495,"9355,8475,2217,7000,13971,12135,10246,10842",0.09545956552028656,0.4054199159145355,0.4103759825229645,"0.741,0.648,0.934,0.652,0.639,0.554,0.647,0.593","4.87,2.25,1.48,1.32,1.23,1.2,1.15,1.13","-0.586,0.0762,0.0107,0.00174,0.00455,-0.0277,0.000675,-0.054","-0.67,0.167,0,0.0157,0,-0.0316,0,-0.0284","-0.67,0.0653,0.0148,0,0,-0.0269,0,-0.0481",0.5859375,0.6696428656578064,1,0.3101034164428711,0.46855291724205017
32,q_proj,gptq,4096,5120,0,0.0020212650299072264,0.0014785289764404296,57.7589674002229,0.029298010355859015,174.73342895507812,121.2883529663086,143.05740356445312,401.5313720703125,178.61000061035156,292.7144775390625,0.8736026883125305,57.64716339111328,0.2393973171710968,"2929,3060,1532,2523,4267,476,4311,4101,2739,2646,3245,4709,1226,4605,4849,402",222.3075714111328,,,,,0,74.59808349609375,123.41487121582031,104.74605560302734,174.18931579589844,"0.986,0.986,1.347,0.600,0.516,0.536,0.545,0.568",1734.0308837890625,2706.490234375,"175.3,175.3,329.7,3020,2281,2537,2656,2697",61.615230560302734,80.20397186279297,"21.93,21.93,34.92,85.81,80.66,82,83.34,82.32","4.462,4.462,7.403,10.74,9.418,9.769,10.02,10.11","4.494,4.494,6.38,13.87,13.11,13.34,13.58,13.41",2336,0.0031066376250237226,1530,0.010925217531621456,"3245,2929,4656,4709,2523,1226,4849,3060",0.3717503249645233,0.4603271484375,0.508697509765625,"0.825,0.676,0.443,0.609,0.718,0.837,0.618,0.552","28.2,23.9,19.3,14.8,8.48,7.26,7.24,6.69","0.0864,-0.0113,-0.0125,0.00397,0.0237,-0.0654,-0.00305,-0.00674","0.0741,0,-0.0247,0,0.0247,-0.0494,0,0","0.0741,-0.0142,-0.00935,0,0.0227,-0.0561,0,-0.0123",0.08642578125,0.0740792453289032,1,0.5249167680740356,0.2964387834072113
32,k_proj,gptq,1024,5120,0,0.002036857604980469,0.001483154296875,22.166114748597465,0.041256092262452145,54.36005401611328,36.91856384277344,46.56336975097656,133.8207550048828,62.72145462036133,94.2665786743164,0.8736026883125305,22.123998641967773,0.33777517080307007,"2929,3060,2523,1532,4101,476,2646,4267,4311,4709,2739,3245,1226,4849,4605,4790",222.3075714111328,,,,,0,26.466840744018555,39.42461013793945,36.84360122680664,56.80125045776367,"1.574,1.574,2.170,0.656,0.562,0.561,0.571,0.597",1734.0308837890625,2706.490234375,"175.3,175.3,329.7,3020,2281,2537,2656,2697",61.615230560302734,80.20397186279297,"21.93,21.93,34.92,85.81,80.66,82,83.34,82.32","2.692,2.692,4.751,6.344,5.572,5.762,5.895,5.951","2.146,2.146,3.225,7.83,7.43,7.693,7.799,7.699",1004,0.007980073802173138,104,0.03833502531051636,"3245,2929,4656,4709,2523,1226,4849,3060",0.587178647518158,0.376953125,0.3099365234375,"0.477,0.482,0.345,0.469,0.575,0.529,0.593,0.649","28.2,23.9,19.3,14.8,8.48,7.26,7.24,6.69","-0.005,0.00125,-0.00182,0.00586,-0.00989,-0.0105,-0.0294,-0.0295","0,0,0,0,-0.0222,-0.0222,-0.0222,-0.0222","0,0,0,0.00889,-0.00882,-0.00844,-0.0267,-0.0314",0.07763671875,0.0665457621216774,1,0.4977458417415619,0.3795488178730011
32,v_proj,gptq,1024,5120,0,0.002024078369140625,0.0015041351318359375,20.91250924350834,0.026475717838339945,66.96882629394531,50.62596893310547,54.02064514160156,132.67398071289062,61.04316711425781,88.19819641113281,0.8736026883125305,20.85724639892578,0.16822287440299988,"2739,4849,402,4790,4267,4101,1657,5107,2646,3314,98,4605,3371,138,2929,1532",222.3075714111328,,,,,0,24.57611656188965,36.38599395751953,37.432960510253906,53.89618682861328,"1.344,1.344,1.367,0.710,0.631,0.623,0.642,0.655",1734.0308837890625,2706.490234375,"175.3,175.3,329.7,3020,2281,2537,2656,2697",61.615230560302734,80.20397186279297,"21.93,21.93,34.92,85.81,80.66,82,83.34,82.32","1.437,1.437,2.85,6.573,5.669,5.916,6.092,6.075","1.24,1.24,2.437,7.803,7.135,7.492,7.601,7.508",347,0.007303959224373102,356,0.007123935502022505,"3245,2929,4656,4709,2523,1226,4849,3060",0.1991143375635147,0.7802734375,0.9075927734375,"0.0463,0.0819,0.0893,0.128,0.0668,0.0585,0.181,0.0863","28.2,23.9,19.3,14.8,8.48,7.26,7.24,6.69","-0.00156,0.00183,0.000984,-0.00818,-0.00279,0.000243,0.00232,-0.00227","0,0,0,0,0,0,0,0","0,0,0,-0.00921,0,0,0,0",0.0927734375,0.07940319180488586,4,0.4844762086868286,0.20795859396457672
32,o_proj,gptq,5120,4096,0,0.0021231651306152345,0.001465177536010742,75.28966642576458,0.03391178038277256,212.52865600585938,126.00717163085938,3.268038272857666,8.357175827026367,2.2993361949920654,2.7510104179382324,0.816399872303009,75.12787628173828,0.05808572471141815,"1837,1709,2894,1581,1472,2865,2819,2828,2903,2855,2839,2874,2823,2843,2872,2940",146.10501098632812,,,,,0,0.7538625597953796,1.002962350845337,1.5967227220535278,1.7994812726974487,"0.208,0.208,0.651,0.849,0.789,0.873,0.759,0.918",919.34130859375,1960.664306640625,"25.5,25.5,949.4,1141,900.9,1247,1093,1972",5.510299205780029,7.341823101043701,"3.736,3.736,5.41,5.897,5.758,6.235,6.239,7.071","0.3047,0.3047,0.7711,0.9516,0.8984,1.077,0.9569,1.209","0.668,0.668,0.9559,1.033,1.011,1.152,1.099,1.262",3448,0.07068228721618652,3448,0.011674083769321442,"1837,1709,2452,2196,2324,2068,1581,1965",0.11336610466241837,0.3744140565395355,0.431884765625,"0.395,0.96,0.541,0.474,0.503,0.502,1.21,0.615","0.846,0.614,0.565,0.534,0.532,0.511,0.502,0.471","0.12,-0.385,-0.133,-0.133,-0.136,-0.121,-0.848,0.172","0,-0.484,0,-0.242,-0.242,0,-0.727,0.242","0.103,-0.33,-0.16,-0.152,-0.136,-0.102,-0.727,0.147",0.84765625,0.7265625596046448,1,0.2388526052236557,0.10925247520208359
32,gate_proj,gptq,14336,5120,0,0.0020414624895368303,0.001430102757045201,122.19272648086326,0.017415937548106507,527.0026245117188,410.1811218261719,437.1789855957031,830.2745971679688,485.3798828125,543.6376342773438,0.4382239580154419,122.05874633789062,0.10614030808210373,"4616,4338,107,4605,2342,1702,4709,4267,3548,788,2646,3268,4262,4673,3387,1625",83.21430969238281,,,,,0,196.8981475830078,220.91500854492188,295.5008850097656,330.6312255859375,"0.836,0.836,0.983,0.924,0.889,0.868,0.880,0.887",1929.782958984375,3009.190185546875,"171.1,171.1,345.7,3393,2552,2835,2960,3010",48.65629959106445,63.24176025390625,"23.34,23.34,29.38,66.39,59.05,62.09,62.83,62.83","6.208,6.208,8.363,18.16,15.82,16.53,16.87,17.03","6.789,6.789,8.433,18.89,16.78,17.75,17.99,18.08",2294,0.0010377370053902268,1907,0.0020595190580934286,"4709,2929,417,3448,711,4819,1625,3245",0.07730850577354431,0.3623308539390564,0.3663766086101532,"1.18,1.34,1.38,1.06,1.01,1.18,1.12,1.2","8.15,7.66,5.29,5.13,4.96,4.18,4.1,3.77","0.0564,-0.03,0.0132,0.0302,-0.0201,0.00388,0.00592,0.0444","0.0497,-0.0497,0,0.0497,0,0,0,0","0.0527,-0.0356,0.025,0.0318,-0.0244,0,0,0.0391",0.173828125,0.1489955335855484,1,0.5096806883811951,0.4519961476325989
32,up_proj,gptq,14336,5120,0,0.0020343916756766184,0.00143280029296875,107.3590991651638,0.016508505431790325,481.0390930175781,375.93524169921875,402.50506591796875,759.0565185546875,432.1524658203125,495.38458251953125,0.4382239580154419,107.24787902832031,0.08103860914707184,"4616,4338,107,4605,2342,1702,4267,4709,3548,2646,788,3268,4262,4673,3387,1625",83.21430969238281,,,,,0,174.4284210205078,202.174072265625,266.8355407714844,300.5435791015625,"0.642,0.642,0.812,0.909,0.872,0.855,0.871,0.874",1929.782958984375,3009.190185546875,"171.1,171.1,345.7,3393,2552,2835,2960,3010",48.65629959106445,63.24176025390625,"23.34,23.34,29.38,66.39,59.05,62.09,62.83,62.83","5.109,5.109,7.26,17.25,14.98,15.73,16.08,16.2","6.375,6.375,8.056,18.1,16.04,17.01,17.23,17.33",10035,0.0005860812379978597,8483,0.0014311588602140546,"4709,2929,417,3448,711,4819,1625,3245",0.057240668684244156,0.4527500867843628,0.521728515625,"0.863,0.682,0.859,0.686,0.943,1,0.935,0.732","8.15,7.66,5.29,5.13,4.96,4.18,4.1,3.77","-0.00436,-0.00209,0.00806,-0.000381,0.00147,-0.00235,0.000824,0.00244","-0.0067,0,0.0067,0,0,0,0,0.0067","0,0,0.00865,0,0,0,0,0",0.036865234375,0.04010479897260666,1,0.3625781238079071,0.10778385400772095
32,down_proj,gptq,5120,14336,0,0.001989378247942243,0.001436138153076172,212.89465024408048,0.03285710351870896,597.6835327148438,378.8553771972656,28.558368682861328,54.169342041015625,27.054553985595703,24.80322265625,0.6256969571113586,212.91773986816406,0.12458137422800064,"10142,156,8483,7300,13892,1799,14069,7492,270,11889,9298,12610,802,10214,7796,3602",79.37541961669922,,,,,0,11.184876441955566,10.1414794921875,17.569700241088867,16.072830200195312,"0.628,0.628,1.045,1.185,1.127,1.110,1.078,1.030",4629.9150390625,7378.26220703125,"53.13,53.13,115.4,8816,6722,7035,7458,6786",16.143356323242188,23.659894943237305,"3.058,3.058,3.225,24.94,22.79,23.28,24.45,24.34","0.3895,0.3895,0.5333,4.513,4.044,4.096,4.27,4.143","0.4915,0.4915,0.5217,4.146,3.808,3.888,4.112,4.081",3448,0.005305217579007149,3448,0.011565190739929676,"156,14225,5300,2492,12185,3917,1015,13631",0.18411129713058472,0.36943361163139343,0.36589357256889343,"0.701,0.759,0.621,0.686,0.696,0.64,0.587,0.679","3.98,2.84,2.06,1.84,1.62,1.27,1.21,1.21","-0.473,-0.0422,-0.203,0.0598,-0.0168,0.0107,0.152,-0.000561","-0.462,-0.0605,-0.154,0.0494,-0.0155,0,0.154,0","-0.405,-0.0419,-0.174,0.0565,-0.0151,0.0174,0.131,0",0.5390625,0.6160714626312256,1,0.29453474283218384,0.4095494747161865
33,q_proj,gptq,4096,5120,0,0.0020336627960205076,0.0014805793762207031,61.73542451475805,0.030853362731987317,180.3951873779297,126.30352783203125,148.72412109375,450.3245849609375,191.4929656982422,332.1219177246094,0.8769522309303284,61.55168151855469,0.29362186789512634,"2929,3060,2523,1532,2646,4267,4101,4709,476,4849,4311,2739,4605,402,3245,1657",245.53314208984375,,,,,0,81.9651107788086,141.1007080078125,108.96324157714844,195.95816040039062,"1.277,1.277,1.279,0.554,0.463,0.497,0.492,0.526",1655.447998046875,2572.382568359375,"182.5,182.5,341.5,2874,2155,2441,2497,2569",66.4724349975586,84.86180114746094,"25.81,25.81,39.65,90.52,86.45,87.23,88.63,87.69","5.891,5.891,8.279,10.9,9.518,9.981,10.08,10.34","5.212,5.212,7.322,14.65,13.99,14.16,14.37,14.26",23,0.0039267754182219505,1638,0.006129757035523653,"2929,3245,4656,4709,2523,3060,4849,3212",0.8822551965713501,0.52880859375,0.543365478515625,"0.55,0.716,0.344,0.519,0.625,0.457,0.629,0.717","29.7,29.2,27.9,17.9,10.1,9.15,8.76,7.56","-0.00696,0.000607,0.00134,-0.00305,0.0164,0.0018,-0.000265,0.00394","0,0,0,0,0.0301,0,0,0","-0.00502,0,0,0,0.019,0,0,0",0.10546875,0.1205357164144516,1,0.5964149832725525,0.2858842611312866
33,k_proj,gptq,1024,5120,0,0.0020124435424804686,0.0014804840087890626,23.342912524967687,0.040091304623151504,57.91876220703125,40.65868377685547,49.42656707763672,156.04969787597656,67.40336608886719,111.9788818359375,0.8769522309303284,23.338184356689453,0.3877352476119995,"2929,3060,1532,4267,2523,2646,4709,4101,476,4311,2739,4849,3379,3245,1657,4605",245.53314208984375,,,,,0,29.687381744384766,47.045654296875,37.82377624511719,66.64409637451172,"1.996,1.996,2.086,0.567,0.485,0.518,0.505,0.549",1655.447998046875,2572.382568359375,"182.5,182.5,341.5,2874,2155,2441,2497,2569",66.4724349975586,84.86180114746094,"25.81,25.81,39.65,90.52,86.45,87.23,88.63,87.69","3.524,3.524,5.342,6.47,5.745,5.98,5.972,6.15","2.494,2.494,3.698,8.59,8.245,8.31,8.401,8.298",62,0.010730879381299019,101,0.019722163677215576,"2929,3245,4656,4709,2523,3060,4849,3212",1.1137497425079346,0.4449462890625,0.4085693359375,"0.418,0.447,0.285,0.417,0.506,0.482,0.48,0.442","29.7,29.2,27.9,17.9,10.1,9.15,8.76,7.56","-0.103,0.0342,-0.0391,0.0544,0.0532,-0.083,-0.00644,0.0233","-0.111,0.0371,-0.0371,0.0742,0.0371,-0.0742,0,0.0371","-0.0879,0.031,-0.0336,0.0504,0.0456,-0.0949,-0.00928,0.031",0.1298828125,0.1484375,1,0.5950866937637329,0.775743842124939
33,v_proj,gptq,1024,5120,0,0.0020391464233398436,0.0015272140502929688,14.045283885918252,0.019322866590233623,55.894935607910156,42.284332275390625,43.15884780883789,119.86402893066406,45.64208984375,80.23145294189453,0.8769522309303284,14.00963306427002,0.17513881623744965,"2929,3060,1532,4709,4267,2646,4101,2523,2739,476,4849,4311,402,1657,3379,4605",245.53314208984375,,,,,0,18.768218994140625,33.33795166015625,27.667556762695312,48.93632507324219,"1.366,1.366,1.126,0.557,0.505,0.526,0.525,0.545",1655.447998046875,2572.382568359375,"182.5,182.5,341.5,2874,2155,2441,2497,2569",66.4724349975586,84.86180114746094,"25.81,25.81,39.65,90.52,86.45,87.23,88.63,87.69","1.783,1.783,2.818,5.603,4.852,5.121,5.197,5.261","1.525,1.525,2.656,7.505,6.825,7.06,7.175,7.125",340,0.007390990387648344,880,0.007335968781262636,"2929,3245,4656,4709,2523,3060,4849,3212",0.4925892651081085,0.7161865234375,0.824462890625,"0.128,0.0789,0.102,0.148,0.142,0.121,0.209,0.176","29.7,29.2,27.9,17.9,10.1,9.15,8.76,7.56","0.00812,-0.00476,0.00385,-0.00298,0.00235,-0.000214,-0.00589,0.00705","0,0,0,0,0,0,0,0","0.009,-0.00795,0,0,0,0,-0.0103,0.00795",0.078125,0.06348590552806854,2,0.41711506247520447,0.2257731705904007
33,o_proj,gptq,5120,4096,0,0.002117776870727539,0.0014837265014648437,63.946535802769176,0.03064307706297979,194.01068115234375,118.75631713867188,4.437518119812012,9.775145530700684,3.7773027420043945,5.48869514465332,0.8150450587272644,63.821075439453125,0.06677339971065521,"2035,2255,2860,1598,2732,1854,1907,2511,1651,1779,1726,2127,2604,2988,1982,2383",50.962669372558594,,,,,0,1.493444561958313,2.421469211578369,2.380298137664795,3.234816312789917,"0.050,0.050,0.525,0.821,0.735,0.703,0.680,0.750",1142.4732666015625,1885.8814697265625,"36.65,36.65,1012,1518,1892,1547,1310,1788",9.26064395904541,10.398066520690918,"7.515,7.515,7.873,8.969,11.24,10.9,9.949,10.12","0.2656,0.2656,0.9305,1.327,1.673,1.522,1.343,1.503","1.185,1.185,1.284,1.465,1.952,1.815,1.629,1.735",3448,0.008403638377785683,3448,0.0040481663309037685,"1651,1907,430,507,481,384,1982,1854",0.09913656115531921,0.37556153535842896,0.3713134825229645,"0.391,0.503,0.702,0.661,0.683,0.796,0.821,0.556","1.05,1.02,0.928,0.883,0.858,0.823,0.821,0.795","0.085,0.121,-0.0527,0.00291,0.0654,0.0179,0.000546,-0.00922","0.0904,0.0904,-0.0357,0,0.0904,0,0,0","0.0996,0.119,-0.0505,0,0.0758,0.0253,0,0",0.31640625,0.2712053656578064,4,0.15340624749660492,0.12419071048498154
33,gate_proj,gptq,14336,5120,0,0.002036707741873605,0.0014356340680803572,122.40648243081523,0.01777653828855971,520.2764892578125,403.1982421875,443.9296875,852.9757080078125,484.71673583984375,553.593994140625,0.46207326650619507,122.23626708984375,0.11605417728424072,"4338,4616,107,2342,4605,1702,4267,3548,788,4709,3268,2646,4262,4673,417,3387",89.85210418701172,,,,,0,196.6255645751953,226.1559295654297,293.77593994140625,334.67132568359375,"0.855,0.855,1.063,0.900,0.856,0.844,0.847,0.856",1883.6793212890625,2928.54931640625,"172.4,172.4,363.2,3323,2484,2783,2836,2935",49.608177185058594,64.3126449584961,"23.89,23.89,30.03,67.43,60.16,63.5,63.76,64.22","6.356,6.356,8.838,18.08,15.74,16.55,16.66,16.96","6.873,6.873,8.573,19.05,17.02,18.01,18.11,18.34",9573,0.001162017579190433,3153,0.0015162616036832333,"4709,2929,417,711,3448,4819,1625,3245",0.08429226279258728,0.367893785238266,0.3642752766609192,"1.21,1.33,1.38,0.993,1.08,1.18,1.11,1.22","8.4,8,5.85,5.36,5.11,4.56,4.28,4.2","0.0223,-0.0522,0.00806,-0.0125,0.0298,-0.0192,0.016,0.0664","0,-0.0809,0,0,0.0809,0,0,0.0809","0.0356,-0.0366,0,0,0.022,-0.0209,0,0.0686",0.283203125,0.2427455484867096,2,0.5366366505622864,0.40091556310653687
33,up_proj,gptq,14336,5120,0,0.002036857604980469,0.001419830322265625,110.41422502791102,0.016660866881113397,491.00982666015625,382.8109130859375,422.9303283691406,802.0532836914062,445.84991455078125,524.1935424804688,0.46207326650619507,110.29270935058594,0.08649212121963501,"4616,4338,107,2342,4605,1702,3548,4267,788,3268,4709,2646,4262,4673,417,3387",89.85210418701172,,,,,0,179.43496704101562,213.765625,273.82611083984375,316.99468994140625,"0.638,0.638,0.807,0.891,0.835,0.833,0.841,0.854",1883.6793212890625,2928.54931640625,"172.4,172.4,363.2,3323,2484,2783,2836,2935",49.608177185058594,64.3126449584961,"23.89,23.89,30.03,67.43,60.16,63.5,63.76,64.22","5.242,5.242,7.481,17.5,15.14,16.02,16.17,16.46","6.565,6.565,8.326,18.54,16.56,17.55,17.63,17.81",9984,0.00048612014506943524,12990,0.0012661742512136698,"4709,2929,417,711,3448,4819,1625,3245",0.06476234644651413,0.4493582844734192,0.5163138508796692,"0.879,0.699,0.875,0.958,0.724,1.03,0.97,0.714","8.4,8,5.85,5.36,5.11,4.56,4.28,4.2","-0.0083,-0.00279,0.000763,-0.00394,0.000771,-0.00748,-0.0134,-0.00114","0,0,0,0,0,0,0,0","-0.00889,0,0,0,0,-0.00827,-0.0114,0",0.09033203125,0.0774274542927742,3,0.333717942237854,0.21908162534236908
33,down_proj,gptq,5120,14336,0,0.0019988604954310828,0.0014420509338378905,219.5309016282913,0.03319227234057131,613.42724609375,386.869140625,34.25511932373047,65.66828155517578,31.293781280517578,29.436664581298828,0.9341068267822266,219.58700561523438,0.11989325284957886,"9002,317,6471,11919,4087,5830,9573,958,7315,2756,1608,4788,13526,7283,3952,8726",403.6539306640625,,,,,0,12.610262870788574,11.841079711914062,20.313413619995117,19.106056213378906,"0.772,0.772,1.081,1.191,1.029,1.057,1.054,0.996",4407.13818359375,6981.51220703125,"52.69,52.69,131,8417,6277,6778,6953,6595",17.37957191467285,25.71964454650879,"3.165,3.165,3.664,26.52,25.13,25.36,25.82,26.21","0.4575,0.4575,0.6393,4.833,4.247,4.384,4.491,4.391","0.5206,0.5206,0.615,4.428,4.187,4.264,4.375,4.398",3448,0.007725046016275883,3448,0.014467282220721245,"9002,3591,13072,5385,12710,1487,3952,1608",0.15794157981872559,0.4241699278354645,0.42680665850639343,"0.792,0.678,0.627,0.672,0.641,0.584,0.576,0.537","5.39,2.88,2.79,2.23,1.61,1.56,1.52,1.44","0.609,-0.021,0.0427,-0.0117,-0.0361,0.00751,-0.178,0.104","0.522,-0.0217,0,-0.0144,0,0,-0.174,0.174","0.522,-0.0246,0.0475,0,-0.0432,0,-0.152,0.0887",0.609375,0.5223214626312256,1,0.3732708990573883,0.5036494731903076
34,q_proj,gptq,4096,5120,0,0.0020223140716552736,0.0014875411987304687,63.33569219403944,0.03590892112624778,169.00064086914062,110.42265319824219,141.96969604492188,430.48651123046875,183.0225830078125,323.1944580078125,0.8787980675697327,63.12936019897461,0.27462661266326904,"2929,1532,4267,2523,4101,4311,476,2739,402,2646,3060,4709,4605,4849,5107,1657",216.4890594482422,,,,,0,77.27001190185547,136.23724365234375,104.30776977539062,189.2841796875,"0.885,0.885,1.175,0.562,0.470,0.491,0.489,0.523",1575.1768798828125,2448.86865234375,"184.1,184.1,353.5,2779,2063,2282,2317,2438",69.07636260986328,87.41194915771484,"28.83,28.83,45.49,93.73,87.22,88.91,90.04,89.55","5.109,5.109,8.606,10.78,9.3,9.645,9.767,10.04","5.431,5.431,7.94,14.38,13.56,13.76,13.97,13.88",3259,0.0033025378361344337,3568,0.007683882024139166,"2929,3245,4656,4709,2523,1226,4849,3060",0.40009984374046326,0.454620361328125,0.51287841796875,"0.626,0.777,0.438,0.556,0.688,0.764,0.576,0.533","28.3,27.3,20.6,17.7,9.83,8.48,8.48,8.16","-0.0737,0.0698,-0.0442,0.0457,0.051,-0.0122,-0.0408,-0.0654","-0.0632,0.0632,-0.0632,0.0421,0.0421,0,-0.0421,-0.0632","-0.0632,0.0598,-0.0356,0.0534,0.0437,-0.0149,-0.0466,-0.0561",0.16796875,0.14387989044189453,1,0.5344486236572266,1.1151095628738403
34,k_proj,gptq,1024,5120,0,0.0020376205444335937,0.0014612197875976563,23.694526877945464,0.05890770288975706,48.59514617919922,29.23657989501953,44.919105529785156,133.03286743164062,62.2451057434082,97.03871154785156,0.8787980675697327,23.596569061279297,0.3797512948513031,"2929,4267,1532,2523,3060,476,4311,4101,2739,4605,402,2646,5107,4709,4849,1657",216.4890594482422,,,,,0,26.804981231689453,41.03512954711914,35.053409576416016,57.26644515991211,"1.225,1.225,2.390,0.589,0.506,0.533,0.531,0.580",1575.1768798828125,2448.86865234375,"184.1,184.1,353.5,2779,2063,2282,2317,2438",69.07636260986328,87.41194915771484,"28.83,28.83,45.49,93.73,87.22,88.91,90.04,89.55","2.834,2.834,5.748,6.137,5.449,5.597,5.659,5.885","2.56,2.56,3.718,7.994,7.66,7.67,7.763,7.726",937,0.009013071656227112,167,0.03676949068903923,"2929,3245,4656,4709,2523,1226,4849,3060",0.567777156829834,0.35546875,0.2840576171875,"0.452,0.472,0.343,0.443,0.537,0.55,0.569,0.604","28.3,27.3,20.6,17.7,9.83,8.48,8.48,8.16","0.082,-0.0566,0.0464,-0.0491,-0.0659,0.00885,0.0134,0.107","0.0921,-0.0614,0.0307,-0.0614,-0.0614,0,0,0.0921","0.0703,-0.0502,0.0485,-0.0485,-0.0565,0.00631,0.0107,0.0921",0.107421875,0.0920758992433548,3,0.5173159241676331,0.7214810252189636
34,v_proj,gptq,1024,5120,0,0.0020380020141601562,0.0014688491821289063,37.83888090315213,0.03360537488477046,104.22196960449219,75.19096374511719,87.11434936523438,212.55368041992188,99.99957275390625,143.82333374023438,0.8787980675697327,37.693660736083984,0.2055179476737976,"402,2739,5107,4849,4790,4267,1657,4101,98,3379,3314,3304,4416,3371,2646,5044",216.4890594482422,,,,,0,40.607460021972656,59.03572463989258,59.91379928588867,86.71800994873047,"0.843,0.843,1.225,0.705,0.639,0.650,0.649,0.685",1575.1768798828125,2448.86865234375,"184.1,184.1,353.5,2779,2063,2282,2317,2438",69.07636260986328,87.41194915771484,"28.83,28.83,45.49,93.73,87.22,88.91,90.04,89.55","1.958,1.958,4.248,8.409,7.223,7.553,7.599,7.841","2.132,2.132,3.839,10.01,9.038,9.37,9.433,9.473",405,0.008230108767747879,886,0.007523392792791128,"2929,3245,4656,4709,2523,1226,4849,3060",0.19270463287830353,0.7713623046875,0.8936767578125,"0.0847,0.0513,0.0972,0.134,0.0751,0.0747,0.251,0.0963","28.3,27.3,20.6,17.7,9.83,8.48,8.48,8.16","-0.00282,0.00258,0.000232,0.00458,0.00352,0.00185,-0.0114,0.00336","0,0,0,0,0,0,-0.0159,0","0,0,0,0,0,0,-0.0106,0",0.0693359375,0.06763866543769836,1,0.6552901268005371,0.49924713373184204
34,o_proj,gptq,5120,4096,0,0.002121114730834961,0.00149688720703125,85.51792377977836,0.03378610685579648,244.26271057128906,143.7265625,7.492291450500488,18.653732299804688,5.048480033874512,7.4563188552856445,0.841172993183136,85.3333740234375,0.0521814227104187,"4016,3888,3632,3760,429,2511,173,2383,3243,3088,1296,2255,3699,3491,301,2127",35.37726593017578,,,,,0,1.8325645923614502,2.991898536682129,3.3178341388702393,4.470005512237549,"0.069,0.069,0.480,0.689,0.708,0.821,0.819,0.773",853.46142578125,1498.3643798828125,"35,35,753.9,856,902.9,1369,1289,1588",9.404151916503906,11.55681324005127,"7.924,7.924,8.54,9.377,9.563,9.98,10.59,11.34","0.3849,0.3849,1.1,1.373,1.454,1.619,1.736,1.877","1.46,1.46,1.588,1.653,1.728,1.787,1.918,2.134",3448,0.04766476899385452,3448,0.007302293088287115,"4016,3888,3632,2563,2947,2644,3028,301",0.14029069244861603,0.5224609375,0.4656982421875,"0.294,0.465,0.598,0.511,0.586,0.568,0.722,0.568","1.73,1.72,1.6,0.852,0.844,0.819,0.729,0.609","0.105,0.0879,-0.129,-0.235,-0.181,-0.214,0.424,0.224","0.249,0,-0.249,-0.249,-0.249,-0.249,0.498,0.249","0.0904,0.0753,-0.147,-0.202,-0.121,-0.202,0.363,0.192",0.87109375,0.7466517686843872,1,0.3173608183860779,0.1476430892944336
34,gate_proj,gptq,14336,5120,0,0.0020297867911202565,0.001427391597202846,120.8357408797524,0.01758446038300955,518.2842407226562,402.7291564941406,462.00048828125,907.1975708007812,507.0272216796875,604.4640502929688,0.5232138633728027,120.74159240722656,0.12114018946886063,"4338,4616,107,4605,2342,3548,4709,3268,4267,788,1702,2646,4262,417,4673,3387",110.82496643066406,,,,,0,207.4488067626953,247.5603790283203,305.6775817871094,364.62310791015625,"0.815,0.815,0.994,0.873,0.820,0.818,0.813,0.827",1880.0140380859375,2911.0380859375,"180.3,180.3,411.2,3357,2429,2750,2784,2949",52.2372932434082,66.89282989501953,"27.31,27.31,33.56,70.11,61.74,65.3,65.63,66.93","6.987,6.987,9.553,18.63,15.9,16.8,16.89,17.41","7.741,7.741,9.584,19.94,17.55,18.58,18.74,19.15",1447,0.0012582967756316066,11410,0.002539037261158228,"4709,2929,3448,417,711,4819,3245,1625",0.10597781091928482,0.3838588297367096,0.3807634711265564,"1.18,1.29,1.02,1.39,0.978,1.18,1.17,1.1","9.8,8.61,6.95,6.33,6.07,4.89,4.5,4.39","0.0505,-0.0576,0.0364,0.0108,-0.00601,0.00601,0.05,0.0275","0.0876,-0.0876,0,0,0,0,0,0","0.0582,-0.0658,0.0289,0,0,0,0.0416,0",0.306640625,0.3504464328289032,1,0.563961923122406,0.7736532688140869
34,up_proj,gptq,14336,5120,0,0.0020288876124790736,0.001434680393763951,110.77686023677416,0.016535660130097645,495.7752685546875,386.61968994140625,445.77984619140625,863.25830078125,471.5668029785156,571.0621948242188,0.5232138633728027,110.6239013671875,0.09234926104545593,"4338,4616,107,4605,2342,4709,3268,3548,4267,1702,788,2646,4262,417,4673,3387",110.82496643066406,,,,,0,190.6423797607422,233.4348907470703,287.86395263671875,344.1324157714844,"0.606,0.606,0.825,0.868,0.816,0.818,0.818,0.829",1880.0140380859375,2911.0380859375,"180.3,180.3,411.2,3357,2429,2750,2784,2949",52.2372932434082,66.89282989501953,"27.31,27.31,33.56,70.11,61.74,65.3,65.63,66.93","5.932,5.932,8.333,18,15.4,16.37,16.43,16.92","7.618,7.618,9.173,19.32,17.05,18.1,18.17,18.59",2836,0.0004904491943307221,9989,0.0010461827041581273,"4709,2929,3448,417,711,4819,3245,1625",0.08132951706647873,0.4618007242679596,0.5247367024421692,"0.884,0.732,0.727,0.856,0.952,1.04,0.722,0.981","9.8,8.61,6.95,6.33,6.07,4.89,4.5,4.39","0.0201,-0.0306,0.021,0.00778,-0.00334,-0.00346,0.0239,-0.00638","0.0218,-0.0326,0.0218,0.0109,0,0,0.0109,0","0.0162,-0.0299,0.0264,0.00914,0,0,0.0263,-0.0083",0.046142578125,0.04942230507731438,1,0.34100374579429626,0.14548461139202118
34,down_proj,gptq,5120,14336,0,0.001999528067452567,0.0014391490391322545,227.7531883126212,0.034163969969556604,625.715087890625,390.511962890625,38.475242614746094,77.56607818603516,35.577880859375,37.83369445800781,0.6238098740577698,227.6140899658203,0.1118934154510498,"8715,9900,3579,12503,10495,4020,14110,3163,1363,14260,82,9716,12893,3858,4968,14076",86.1054458618164,,,,,0,14.358226776123047,15.08210563659668,22.973739624023438,24.360857009887695,"0.546,0.546,1.055,1.074,0.882,0.949,0.928,0.928",4366.67724609375,6784.2333984375,"66.39,66.39,151.8,8790,5836,6580,6534,6909",19.43181610107422,28.49267578125,"4.352,4.352,4.236,29.7,26.98,27.77,28.82,29.24","0.5897,0.5897,0.7261,5.287,4.3,4.64,4.726,4.831","0.798,0.798,0.7068,5.103,4.579,4.762,4.906,5.014",4656,0.005294680595397949,4656,0.05858144536614418,"8715,5053,3758,9089,8402,1957,12827,11534",0.195349782705307,0.41606447100639343,0.425537109375,"0.659,0.583,0.663,0.656,0.691,0.635,0.543,0.625","6.06,5.95,2.23,2.13,2.02,1.95,1.9,1.88","-0.508,-0.0135,-0.00861,0.0757,-0.107,0.0102,0.109,0.184","-0.435,0,0.0205,0.0734,-0.145,0.0296,0.109,0.145","-0.435,-0.0225,-0.0162,0.0709,-0.122,0.0153,0.0933,0.157",0.5078125,0.4352678954601288,3,0.3128963112831116,1.1082122325897217
35,q_proj,gptq,4096,5120,0,0.0020244598388671877,0.0014771461486816407,51.25128875533119,0.027735097993825494,160.75857543945312,114.18441772460938,144.27642822265625,409.593994140625,172.21702575683594,301.186279296875,0.8926206231117249,51.095176696777344,0.2284812480211258,"2929,1532,3060,2523,2739,4709,2646,4267,476,4311,4605,4101,3245,402,1226,5107",185.56642150878906,,,,,0,72.7718276977539,126.42198181152344,98.3094253540039,178.13987731933594,"0.946,0.946,1.095,0.596,0.484,0.500,0.494,0.529",1653.846923828125,2540.364990234375,"184.8,184.8,420.7,2960,2082,2384,2411,2603",65.21317291259766,83.39883422851562,"26.96,26.96,42.41,88.55,81.21,84.2,85.41,86.01","4.941,4.941,7.852,10.67,8.902,9.462,9.531,9.915","5.08,5.08,7.504,13.81,12.8,13.39,13.56,13.63",4006,0.002790536032989621,2920,0.011991529725492,"3245,4656,2929,4709,2523,1226,3060,4849",0.6411018967628479,0.455291748046875,0.491546630859375,"0.791,0.493,0.656,0.566,0.706,0.821,0.538,0.62","24.8,23.5,22.3,16.7,8.6,7.6,7.13,6.6","0.0713,-0.0615,-0.0874,0.0369,0.0693,-0.0275,-0.0679,-0.0483","0.0749,-0.0499,-0.0999,0.025,0.0749,-0.025,-0.0749,-0.0499","0.0611,-0.0703,-0.0749,0.0352,0.0594,-0.0297,-0.0776,-0.0552",0.1328125,0.1525575965642929,1,0.47026336193084717,0.9022600650787354
35,k_proj,gptq,1024,5120,0,0.002033042907714844,0.0014947891235351563,18.11298493781942,0.03528221372753581,48.65069580078125,34.203189849853516,45.10377883911133,129.79421997070312,56.49519348144531,90.77972412109375,0.8926206231117249,18.104267120361328,0.3032363951206207,"2929,3060,1532,476,2523,4267,4311,2646,4709,2739,4101,4605,5107,3245,1226,402",185.56642150878906,,,,,0,24.243703842163086,38.157413482666016,32.000858306884766,53.98497772216797,"1.379,1.379,1.729,0.604,0.513,0.537,0.528,0.572",1653.846923828125,2540.364990234375,"184.8,184.8,420.7,2960,2082,2384,2411,2603",65.21317291259766,83.39883422851562,"26.96,26.96,42.41,88.55,81.21,84.2,85.41,86.01","2.812,2.812,4.814,6.102,5.112,5.422,5.455,5.695","2.395,2.395,3.661,7.849,7.138,7.399,7.508,7.531",53,0.007265056949108839,615,0.025089262053370476,"3245,4656,2929,4709,2523,1226,3060,4849",0.8583288788795471,0.383544921875,0.3245849609375,"0.458,0.33,0.451,0.406,0.531,0.51,0.615,0.549","24.8,23.5,22.3,16.7,8.6,7.6,7.13,6.6","0.0123,0.00546,0.00928,-0.00543,-0.0723,0.0703,-0.00702,0.0192","0,0,0,0,-0.0731,0.0731,0,0.0366","0.0201,0.00928,0.00882,-0.00928,-0.0619,0.0603,0,0.0141",0.1279296875,0.1462053656578064,1,0.4356875717639923,0.270132452249527
35,v_proj,gptq,1024,5120,0,0.00200347900390625,0.0014781951904296875,26.757859186083806,0.026234159143695385,86.51431274414062,66.81275177001953,77.12643432617188,193.6898193359375,84.98352813720703,128.66769409179688,0.8926206231117249,26.677371978759766,0.1655542552471161,"2739,4101,402,5107,4267,4849,4790,2646,1657,1532,3314,3379,98,3060,4416,3371",185.56642150878906,,,,,0,34.7101936340332,52.60247039794922,50.59392166137695,78.39158630371094,"0.938,0.938,1.303,0.697,0.612,0.617,0.595,0.631",1653.846923828125,2540.364990234375,"184.8,184.8,420.7,2960,2082,2384,2411,2603",65.21317291259766,83.39883422851562,"26.96,26.96,42.41,88.55,81.21,84.2,85.41,86.01","1.858,1.858,4.251,7.875,6.524,6.934,6.958,7.185","1.919,1.919,3.724,9.431,8.341,8.825,9.024,9.042",19,0.012567655183374882,89,0.008474493399262428,"3245,4656,2929,4709,2523,1226,3060,4849",0.22973915934562683,0.8006591796875,0.88623046875,"0.0629,0.0871,0.0992,0.143,0.0835,0.0997,0.108,0.271","24.8,23.5,22.3,16.7,8.6,7.6,7.13,6.6","0.000526,0.000229,0.00346,-0.00305,0.00261,-0.00748,-0.00327,-0.00772","0,0,0,0,0,0,0,0","0,0,0,0,0,-0.0117,0,0",0.1376953125,0.1180245578289032,1,0.7313233613967896,0.2204803228378296
35,o_proj,gptq,5120,4096,0,0.0021373748779296873,0.001501178741455078,82.86738184194624,0.03333945553442777,238.7399139404297,140.89715576171875,6.112462043762207,16.324321746826172,6.118340492248535,8.853975296020508,0.8301083445549011,82.62152099609375,0.03679634630680084,"786,530,1209,171,1465,30,1337,914,3816,1472,282,1216,1369,1346,3424,1497",36.203880310058594,,,,,0,2.2625670433044434,3.488832950592041,4.170233726501465,5.567123889923096,"0.063,0.063,0.687,0.697,0.759,0.765,0.700,0.759",1286.4482421875,2298.771728515625,"48.77,48.77,1271,1617,1774,1862,1715,1956",9.847372055053711,12.242816925048828,"7.395,7.395,7.829,10.16,12.06,11.31,11.13,11.5","0.3337,0.3337,1.22,1.576,1.986,1.829,1.739,1.896","1.334,1.334,1.472,1.887,2.28,2.091,2.079,2.176",3448,0.08825020492076874,3448,0.003749663243070245,"1081,1465,1411,1155,1421,1499,1165,3280",0.07285504043102264,0.39006349444389343,0.37373048067092896,"0.582,0.604,0.769,0.67,0.773,0.769,0.693,0.418","1.11,1.06,0.945,0.932,0.91,0.896,0.848,0.808","-0.34,0.156,0.00897,0.028,-0.000448,-0.0184,-0.00279,-0.146","-0.357,0.179,0,0,0,0,0,-0.179","-0.388,0.134,0,0.0427,0,0,0,-0.128",0.625,0.5357142686843872,1,0.5898719429969788,0.13958634436130524
35,gate_proj,gptq,14336,5120,0,0.0020365442548479352,0.0014276368277413504,120.74868747277651,0.017586186337990205,518.408447265625,404.80169677734375,475.8219909667969,978.4224853515625,524.9610595703125,655.2025146484375,0.5169361233711243,120.57814025878906,0.12956681847572327,"4338,107,4616,4605,4709,2646,3268,3548,2342,4267,788,4262,1702,2929,4673,417",128.69000244140625,,,,,0,215.61813354492188,268.2234802246094,309.95330810546875,389.04547119140625,"0.759,0.759,1.017,0.850,0.784,0.778,0.767,0.785",1855.2410888671875,2833.385009765625,"186.7,186.7,473.9,3336,2348,2682,2710,2919",54.777061462402344,69.1449203491211,"30.32,30.32,37.41,72.27,63.46,67.12,67.78,69.53","7.565,7.565,10.85,18.9,15.91,16.91,16.92,17.62","8.685,8.685,10.75,20.49,17.97,19.17,19.32,19.88",5358,0.0010366046335548162,1843,0.0010280166752636433,"4709,2929,417,3448,711,4616,4656,4819",0.11479570716619492,0.3799700140953064,0.384739488363266,"1.12,1.19,1.34,0.89,0.96,1.43,0.949,1.18","10.7,9.46,7.33,6.52,6.49,5.24,4.86,4.8","0.0649,-0.028,0.0227,0.0447,0.000265,-0.00903,-0.0515,-0.031","0.0698,-0.0349,0.0349,0.0349,0,0,-0.0698,-0.0349","0.0557,-0.0247,0.0349,0.0525,0,0,-0.0557,-0.0317",0.1220703125,0.1395089328289032,1,0.5123047232627869,0.4900189936161041
35,up_proj,gptq,14336,5120,0,0.0020418575831821985,0.001442936488560268,112.92363246093737,0.016484435691429697,507.2232666015625,396.71234130859375,469.53460693359375,952.9765014648438,497.7529296875,639.5157470703125,0.5169361233711243,112.7996597290039,0.09897409379482269,"4338,107,4616,4605,2646,4709,3268,3548,2342,4267,788,4262,1702,2929,4673,417",128.69000244140625,,,,,0,201.9208221435547,262.0765380859375,298.7416076660156,380.9743347167969,"0.573,0.573,0.836,0.841,0.763,0.774,0.754,0.771",1855.2410888671875,2833.385009765625,"186.7,186.7,473.9,3336,2348,2682,2710,2919",54.777061462402344,69.1449203491211,"30.32,30.32,37.41,72.27,63.46,67.12,67.78,69.53","6.462,6.462,9.565,18.52,15.56,16.65,16.66,17.33","8.54,8.54,10.46,20.2,17.81,18.93,19.19,19.74",6580,0.0006648185080848634,11114,0.0008530439808964729,"4709,2929,417,3448,711,4616,4656,4819",0.08233077824115753,0.4706944227218628,0.5561436414718628,"0.895,0.789,0.846,0.739,0.987,0.671,0.688,1.07","10.7,9.46,7.33,6.52,6.49,5.24,4.86,4.8","0.00443,-0.00452,-0.0212,-0.00696,-0.00995,0.00534,-0.00421,0.00446","0,0,0,0,0,0,0,0","0,0,-0.0176,-0.0105,-0.0193,0,0,0",0.2060546875,0.1766183078289032,1,0.40116173028945923,0.13472452759742737
35,down_proj,gptq,5120,14336,0,0.001997293744768415,0.0014493806021554129,240.26155659880715,0.03545551674888056,646.4237060546875,397.9925842285156,45.884979248046875,118.93502807617188,42.5013542175293,58.28524398803711,0.9304523468017578,239.775146484375,0.14208170771598816,"13170,12010,4416,9563,11883,6382,1960,6095,13320,8701,6312,14133,13307,13003,12876,6620",1871.0137939453125,,,,,0,17.36974334716797,24.118074417114258,26.981082916259766,37.5577507019043,"0.272,0.272,1.093,0.900,0.680,0.714,0.693,0.659",4186.759765625,6225.96337890625,"85.97,85.97,179.4,9065,5204,6208,6112,6554",24.825756072998047,34.787391662597656,"8.423,8.423,4.926,36.77,32.74,34.34,35.09,37.88","0.8431,0.8431,0.8595,6.004,4.622,5.034,5.038,5.354","1.616,1.616,0.8221,6.328,5.606,5.957,6.052,6.592",3448,0.014845352619886398,4656,0.06567984074354172,"12010,5620,13170,8912,13296,11722,12142,4957",0.4162551760673523,0.420166015625,0.4385009706020355,"0.47,0.585,0.725,0.633,0.581,0.653,0.573,0.667","10.2,8.43,7.23,5.11,2.25,2.21,1.81,1.77","0.00775,-0.0476,0.527,0.0757,0.0327,0.0107,-0.0115,-0.0154","0,0,0.452,0.0386,0.0773,-0.0208,0,0","0,-0.0402,0.452,0.0649,0.0318,0,-0.0219,-0.0181",0.52734375,0.45521247386932373,1,0.5632064938545227,0.4402243494987488
36,q_proj,gptq,4096,5120,0,0.0020225048065185547,0.0014691352844238281,55.5567880339222,0.03301765789800498,156.35659790039062,104.67412567138672,137.21189880371094,398.54742431640625,177.7002410888672,302.34820556640625,0.9127522110939026,55.43194580078125,0.2577110528945923,"2929,1532,3060,4267,2739,2646,4605,4709,4101,2523,402,4311,476,1226,4849,5107",279.9090270996094,,,,,0,76.75538635253906,130.4375,96.86587524414062,173.1915740966797,"0.780,0.780,1.391,0.575,0.461,0.492,0.486,0.525",1580.5631103515625,2397.4677734375,"193.7,193.7,483.4,2854,1998,2259,2244,2419",70.70792388916016,86.8509750366211,"35.04,35.04,51.04,92.77,85.7,88.06,89.13,88.88","5.646,5.646,9.766,10.53,8.815,9.29,9.334,9.635","6.394,6.394,8.28,13.89,12.99,13.25,13.39,13.29",1150,0.003966255579143763,167,0.008129812777042389,"4656,3245,2929,4709,3448,1226,2523,3060",0.7556772232055664,0.4586181640625,0.46990966796875,"0.567,0.793,0.638,0.545,0.648,0.854,0.752,0.532","29.6,24,23.2,18.6,9.36,8.83,8.06,7.61","0.0562,-0.0603,0.084,-0.0537,-0.0815,-0.00227,-0.0503,0.0811","0.048,-0.072,0.072,-0.048,-0.096,0,-0.048,0.072","0.0624,-0.0517,0.072,-0.0624,-0.0664,0,-0.0465,0.0695",0.232421875,0.19592490792274475,1,0.5551489591598511,0.7765540480613708
36,k_proj,gptq,1024,5120,0,0.0020456314086914062,0.001454925537109375,19.104667657637037,0.04573026725749559,44.37437438964844,29.07359504699707,41.02390670776367,121.77362060546875,56.8502311706543,92.10252380371094,0.9127522110939026,19.059959411621094,0.33791878819465637,"2929,1532,3060,2646,4267,4709,476,2739,4605,4101,2523,4311,402,1226,4849,5107",279.9090270996094,,,,,0,25.35003662109375,39.78907775878906,29.700143814086914,53.42451858520508,"1.227,1.227,1.926,0.595,0.464,0.493,0.484,0.523",1580.5631103515625,2397.4677734375,"193.7,193.7,483.4,2854,1998,2259,2244,2419",70.70792388916016,86.8509750366211,"35.04,35.04,51.04,92.77,85.7,88.06,89.13,88.88","3.272,3.272,6.063,5.973,5.007,5.23,5.242,5.39","2.955,2.955,4.369,7.744,7.355,7.447,7.532,7.451",498,0.009645647369325161,103,0.022502558305859566,"4656,3245,2929,4709,3448,1226,2523,3060",0.9721969962120056,0.4058837890625,0.3240966796875,"0.284,0.485,0.461,0.416,0.305,0.508,0.555,0.592","29.6,24,23.2,18.6,9.36,8.83,8.06,7.61","0.0225,0.0104,0.0432,-0.0371,0.0364,0.0107,-0.0405,0.0898","0.0257,0,0.0513,-0.0257,0.0513,0.0257,-0.0513,0.077","0.0212,0.00809,0.037,-0.0318,0.0312,0.00886,-0.0347,0.077",0.08984375,0.0770089328289032,3,0.4917842745780945,0.42119845747947693
36,v_proj,gptq,1024,5120,0,0.0020412445068359376,0.0014453887939453124,35.226887468772475,0.031152231154144252,101.9947738647461,76.78267669677734,89.12066650390625,235.6898956298828,101.12149047851562,158.4965057373047,0.9127522110939026,35.09504699707031,0.20229096710681915,"402,2739,4267,4101,2646,4849,1532,4790,3314,3379,5107,4605,3371,1657,5044,138",279.9090270996094,,,,,0,41.6960334777832,65.40010833740234,58.67399978637695,95.57041931152344,"0.728,0.728,1.531,0.656,0.565,0.583,0.573,0.584",1580.5631103515625,2397.4677734375,"193.7,193.7,483.4,2854,1998,2259,2244,2419",70.70792388916016,86.8509750366211,"35.04,35.04,51.04,92.77,85.7,88.06,89.13,88.88","2.278,2.278,5.798,8.497,6.944,7.431,7.498,7.598","2.67,2.67,4.686,10.49,9.24,9.728,9.905,9.943",329,0.01399179920554161,818,0.007364669349044561,"4656,3245,2929,4709,3448,1226,2523,3060",0.2829633355140686,0.8272705078125,0.91455078125,"0.0888,0.0687,0.12,0.162,0.109,0.118,0.124,0.138","29.6,24,23.2,18.6,9.36,8.83,8.06,7.61","-0.000961,-0.000534,0.000748,0.00775,-0.000296,-0.00113,-0.00391,-0.00169","0,0,0,0,0,0,0,0","0,0,0,0,0,0,0,0",0.1376953125,0.11860048770904541,2,0.8214336633682251,0.7687565088272095
36,o_proj,gptq,5120,4096,0,0.002123451232910156,0.001485586166381836,82.28426494170162,0.03239064140211651,244.0067596435547,143.46852111816406,9.771553039550781,32.3287353515625,7.980483531951904,13.68270206451416,0.8672193288803101,82.06649017333984,0.03274504095315933,"752,1054,1008,3021,1412,880,3359,2765,3231,3103,2637,1264,2041,2893,3315,2125",43.46599578857422,,,,,0,2.2526776790618896,4.70824670791626,5.017605781555176,7.929957866668701,"0.052,0.052,0.475,0.568,0.557,0.577,0.568,0.630",824.7040405273438,1615.3927001953125,"49.38,49.38,693.6,1138,939.1,1087,1112,1529",11.486584663391113,14.8887357711792,"9.735,9.735,10.61,12.14,11.28,11.9,12.53,13.96","0.414,0.414,1.377,1.713,1.562,1.691,1.767,2.104","1.824,1.824,1.998,2.272,2.092,2.226,2.345,2.65",3448,0.013112294487655163,4758,0.0022237321827560663,"3209,3081,3337,3465,3487,3359,880,1008",0.07283410429954529,0.38920900225639343,0.43791505694389343,"0.469,0.543,0.562,0.718,0.597,0.564,0.577,0.614","1.64,1.37,1.22,1.13,1.08,1.01,0.872,0.785","0.129,0.142,0.146,0.126,0.0854,-0.0293,0.0762,0.204","0.0904,0.181,0.181,0.0904,0.0904,0,0.0904,0.181","0.11,0.121,0.126,0.108,0.072,-0.0419,0.0653,0.175",0.31640625,0.34237444400787354,1,0.17885951697826385,0.08746451884508133
36,gate_proj,gptq,14336,5120,0,0.0020428521292550224,0.0014291082109723773,119.71419670104933,0.017679887630526962,512.328369140625,397.57861328125,473.675537109375,1025.8917236328125,534.031005859375,701.3197631835938,0.6018508076667786,119.45378112792969,0.13073591887950897,"4338,107,4605,4616,2646,2342,3548,3268,788,4709,4267,1702,4262,417,2929,4673",164.5790557861328,,,,,0,221.6082000732422,289.3552551269531,312.1590881347656,414.86944580078125,"0.693,0.693,1.042,0.823,0.743,0.746,0.724,0.731",1885.836181640625,2841.81689453125,"191.5,191.5,569.4,3440,2412,2707,2695,2880",57.601593017578125,71.88925170898438,"33.03,33.03,39.54,75.76,66.68,69.82,70.57,72.38","7.813,7.813,11.36,19.31,16.16,17.03,17.01,17.56","9.384,9.384,11.13,21.29,18.75,19.72,19.99,20.53",9748,0.001462289015762508,8459,0.0007930154679343104,"4709,2929,417,3448,711,4819,1702,3268",0.1876293420791626,0.4095546305179596,0.3963797688484192,"1.16,1.05,1.33,0.803,0.978,1.18,1.31,1.08","11.3,10.4,7.48,7.28,7.21,5.69,5.46,5.17","0.00879,-0.0229,0.00528,0.0117,-0.00153,-0.00235,0.016,-0.0243","0,0,0,0,0,0,0,0","0,-0.0204,0,0.0165,0,0,0.019,-0.0223",0.21484375,0.1841517984867096,1,0.6178865432739258,0.3542964458465576
36,up_proj,gptq,14336,5120,0,0.0020324979509626115,0.0014478955950055804,116.38325096955032,0.016656503398740665,518.5845336914062,403.24298095703125,483.1636657714844,1037.63330078125,525.5494384765625,705.8307495117188,0.6018508076667786,116.24501037597656,0.10396035760641098,"4338,107,4605,2646,4616,2342,3548,3268,4709,788,4267,1702,4262,417,4673,2929",164.5790557861328,,,,,0,216.26356506347656,292.7629089355469,310.78570556640625,417.1850891113281,"0.553,0.553,0.843,0.807,0.738,0.742,0.719,0.728",1885.836181640625,2841.81689453125,"191.5,191.5,569.4,3440,2412,2707,2695,2880",57.601593017578125,71.88925170898438,"33.03,33.03,39.54,75.76,66.68,69.82,70.57,72.38","7.032,7.032,10.36,19.24,16.21,17.09,17.01,17.6","9.457,9.457,11.28,21.42,18.86,19.84,20.07,20.62",12992,0.0006572427810169756,3841,0.002302376786246896,"4709,2929,417,3448,711,4819,1702,3268",0.14177551865577698,0.4425746500492096,0.4827096462249756,"0.922,0.876,0.865,0.812,1.06,1.1,0.996,0.962","11.3,10.4,7.48,7.28,7.21,5.69,5.46,5.17","-0.00149,0.00739,-0.00769,-0.00296,0.00343,0.000454,-0.00403,0.0175","0,0.0145,-0.0145,0,0.0145,0,0,0.0145","0,0.0105,-0.0133,0,0,0,0,0.0226",0.0546875,0.055549006909132004,1,0.4154975712299347,0.18226763606071472
36,down_proj,gptq,5120,14336,0,0.002004023960658482,0.001459026336669922,257.0275065368487,0.03750786621292695,673.0621948242188,407.5720520019531,60.32907485961914,144.92324829101562,59.06024932861328,76.40596771240234,0.9617653489112854,256.77587890625,0.11560068279504776,"6590,125,11611,5725,14032,5346,7942,12420,2435,2871,295,9182,4721,4291,12934,4429",546.6009521484375,,,,,0,23.850534439086914,31.143726348876953,36.679969787597656,47.21269607543945,"0.428,0.428,0.935,0.900,0.656,0.762,0.748,0.751",4398.13720703125,6451.6044921875,"94.23,94.23,249.3,9428,5350,6494,6327,7149",28.946115493774414,40.038429260253906,"7.808,7.808,8.29,44.19,39.26,39.97,40.44,43.8","0.8459,0.8459,1.344,6.991,5.294,5.853,5.88,6.468","1.293,1.293,1.39,7.369,6.534,6.705,6.8,7.462",4656,0.0060556912794709206,4656,0.010401397943496704,"6590,10260,14306,4120,14032,232,4429,3801",0.19606998562812805,0.46357423067092896,0.4862304627895355,"0.566,0.598,0.499,0.64,0.576,0.594,0.588,0.593","16.4,7.68,4.88,3.97,2.54,2.31,2.3,2.23","-0.461,-0.00175,-0.316,0.209,0.26,0.0104,0.0315,-0.0101","-0.527,0,-0.263,0.132,0.263,0,0,0","-0.527,0,-0.271,0.179,0.223,0,0.0247,0",0.4609375,0.5267857313156128,1,0.4119493365287781,0.6663627028465271
37,q_proj,gptq,4096,5120,0,0.0020417213439941407,0.0014689445495605468,53.762134594260715,0.03573622687156458,144.6905517578125,99.67189025878906,136.631103515625,390.5892333984375,184.09457397460938,297.71429443359375,0.8984405398368835,53.64453125,0.29718852043151855,"2929,3060,2646,402,1532,2739,4311,2523,476,4605,4709,4849,3314,4267,3379,4101",247.7362518310547,,,,,0,82.01235961914062,128.51295471191406,97.63880157470703,170.3780517578125,"0.812,0.812,1.510,0.616,0.495,0.520,0.509,0.533",1607.4832763671875,2444.217529296875,"195.3,195.3,571,2893,2031,2274,2269,2432",72.6888656616211,88.85702514648438,"38.1,38.1,56.04,93.62,86.44,88.58,90.18,90.46","5.905,5.905,11.21,10.66,8.927,9.328,9.376,9.618","6.551,6.551,9.121,13.58,12.68,12.93,13.14,13.18",2340,0.011573857627809048,1638,0.005222425330430269,"4656,2929,3245,4709,1226,4849,3060,2523",0.9836012721061707,0.505950927734375,0.4481201171875,"0.414,0.59,0.806,0.525,0.878,0.671,0.501,0.74","29.1,26.1,20.4,19.1,8.75,8.15,8.06,7.73","-0.0303,-0.0332,0.13,0.0242,-0.084,-0.0583,-0.0176,0.0164","-0.043,-0.043,0.129,0.043,-0.0859,-0.043,0,0","-0.0296,-0.0341,0.111,0.0296,-0.072,-0.05,-0.0119,0.0133",0.1669921875,0.18902496993541718,1,0.960430920124054,0.26914969086647034
37,k_proj,gptq,1024,5120,0,0.002042198181152344,0.001459503173828125,14.766004973091185,0.0423311906074359,35.892974853515625,25.60261344909668,34.66826248168945,111.78964233398438,48.19602584838867,80.70823669433594,0.8984405398368835,14.76405143737793,0.3723738491535187,"2929,3060,402,2646,1532,476,4709,4311,2739,2523,4605,4267,4849,4101,3379,3314",247.7362518310547,,,,,0,21.900697708129883,34.61655807495117,25.334794998168945,46.903629302978516,"0.973,0.973,2.054,0.562,0.463,0.489,0.462,0.499",1607.4832763671875,2444.217529296875,"195.3,195.3,571,2893,2031,2274,2269,2432",72.6888656616211,88.85702514648438,"38.1,38.1,56.04,93.62,86.44,88.58,90.18,90.46","2.975,2.975,6.194,5.397,4.574,4.777,4.727,4.893","3.015,3.015,4.321,7.196,6.725,6.829,6.958,6.929",357,0.012236040085554123,997,0.012462828308343887,"4656,2929,3245,4709,1226,4849,3060,2523",1.2195463180541992,0.3941650390625,0.351806640625,"0.283,0.443,0.443,0.386,0.533,0.473,0.494,0.54","29.1,26.1,20.4,19.1,8.75,8.15,8.06,7.73","-0.0581,-0.0167,0.101,-0.0123,0.0271,-0.0261,-0.0728,0.064","-0.0578,-0.0289,0.0866,0,0.0289,-0.0289,-0.0866,0.0578","-0.0664,-0.0122,0.0866,-0.0166,0.0259,-0.0236,-0.0624,0.0548",0.10107421875,0.0866350531578064,4,0.505974292755127,0.4311712086200714
37,v_proj,gptq,1024,5120,0,0.0020263671875,0.0014476776123046875,30.331555345259403,0.022264001854797957,110.919189453125,90.6718978881836,97.50547790527344,272.0377502441406,103.86860656738281,184.2978973388672,0.8984405398368835,30.27972412109375,0.14895173907279968,"402,3379,2739,5107,4790,4849,3314,2646,5044,3371,1657,1682,98,926,4416,138",247.7362518310547,,,,,0,42.03038024902344,75.87506103515625,60.42169189453125,110.76586151123047,"0.456,0.456,1.034,0.582,0.519,0.525,0.509,0.517",1607.4832763671875,2444.217529296875,"195.3,195.3,571,2893,2031,2274,2269,2432",72.6888656616211,88.85702514648438,"38.1,38.1,56.04,93.62,86.44,88.58,90.18,90.46","2.102,2.102,5.529,8.521,7.197,7.551,7.53,7.662","3.113,3.113,5.436,11.17,9.993,10.42,10.56,10.65",661,0.014219020493328571,732,0.009721828624606133,"4656,2929,3245,4709,1226,4849,3060,2523",0.20565585792064667,0.708740234375,0.893798828125,"0.13,0.119,0.0844,0.161,0.11,0.211,0.12,0.13","29.1,26.1,20.4,19.1,8.75,8.15,8.06,7.73","0.000877,0.00262,0.00261,-0.00215,0.000341,0.00187,0.000835,0.00226","0,0,0,0,0,0,0,0","0,0,0,0,0,0,0,0",0.1181640625,0.12661638855934143,1,0.8581512570381165,0.5140715837478638
37,o_proj,gptq,5120,4096,0,0.0021114349365234375,0.0014963150024414062,93.03340938761266,0.03440352319266536,271.32293701171875,154.4105682373047,23.010726928710938,64.01554870605469,14.618232727050781,27.09178924560547,0.6680828332901001,92.87319946289062,0.03165650740265846,"422,2048,2305,2304,2067,3681,3809,4065,2323,1721,2451,3173,2176,38,3301,3429",42.5295295715332,,,,,0,4.732119083404541,10.437525749206543,9.081599235534668,15.402732849121094,"0.054,0.054,0.497,0.499,0.525,0.527,0.560,0.611",736.1860961914062,1356.6995849609375,"52.47,52.47,904.8,879,801.6,813.5,1083,1302",16.757413864135742,19.82349395751953,"14.93,14.93,16.52,17.69,16.54,16.38,17.83,19.24","0.6378,0.6378,2.255,2.437,2.292,2.301,2.591,2.959","2.739,2.739,3.198,3.452,3.163,3.169,3.461,3.785",3448,0.004524770192801952,4656,0.009755823761224747,"372,244,116,500,1840,1968,1819,3809",0.09437583386898041,0.44526368379592896,0.4829345643520355,"0.431,0.522,0.579,0.668,0.653,0.483,0.543,0.438","1.95,1.9,1.89,1.88,1.71,1.55,1.53,1.49","-0.0593,-0.0732,-0.053,-0.0513,0.0684,-0.00879,0.0952,-0.0801","-0.0876,-0.0876,0,-0.0876,0.0876,0,0.0876,-0.0876","-0.0639,-0.0837,-0.0525,-0.046,0.053,0,0.106,-0.0977",0.306640625,0.2628348171710968,1,0.15414416790008545,0.1802651584148407
37,gate_proj,gptq,14336,5120,0,0.002032470703125,0.0014355387006487164,126.58088970114113,0.018310793711829768,529.28466796875,407.70245361328125,471.7916259765625,1146.298828125,605.8458251953125,916.486572265625,0.5371817946434021,126.17384338378906,0.14771316945552826,"3448,4338,107,4605,2646,3548,3268,4616,2342,2929,4709,4267,1702,4262,788,4673",210.1845703125,,,,,0,272.02337646484375,429.1049499511719,318.67816162109375,471.7978210449219,"0.453,0.453,0.697,0.770,0.683,0.684,0.651,0.653",1829.78173828125,2701.576416015625,"199.4,199.4,684.8,3360,2290,2597,2560,2747",71.28801727294922,75.64619445800781,"67.77,67.77,71.64,77.11,67.97,71.29,72.32,74.43","13.69,13.69,17.62,19.29,16.01,16.86,16.71,17.29","20.33,20.33,21.11,21.98,19.37,20.39,20.71,21.39",11527,0.001364063355140388,1586,0.0018288905266672373,"3448,2929,4709,417,711,4616,1702,3268",0.2955235540866852,0.427830308675766,0.4192417860031128,"0.885,0.915,1.14,1.26,1.08,1.26,1.34,1.02","13.8,13.2,11.8,7.48,6.98,6.57,6.42,6.22","-0.191,-0.0398,0.0645,-0.00227,0.129,-0.013,0.0147,-0.0228","-0.211,0,0.105,0,0.105,0,0,0","-0.211,-0.0341,0.0552,0,0.11,-0.0184,0.00984,-0.0248",0.369140625,0.4218750298023224,1,0.5913901329040527,0.6050112247467041
37,up_proj,gptq,14336,5120,0,0.002035236358642578,0.0014477593558175222,122.00465206031367,0.01723208394772492,531.5220947265625,410.3491516113281,476.242919921875,1137.250244140625,571.1793212890625,882.8323974609375,0.5371817946434021,121.88554382324219,0.11976014077663422,"3448,4338,4605,107,2646,3268,4616,3548,2342,2929,4709,1702,4267,4262,788,3262",210.1845703125,,,,,0,250.86636352539062,404.1184387207031,309.926025390625,464.7528381347656,"0.423,0.423,0.618,0.762,0.675,0.679,0.644,0.657",1829.78173828125,2701.576416015625,"199.4,199.4,684.8,3360,2290,2597,2560,2747",71.28801727294922,75.64619445800781,"67.77,67.77,71.64,77.11,67.97,71.29,72.32,74.43","12.13,12.13,15.51,19.13,15.84,16.77,16.62,17.25","18.65,18.65,19.73,21.91,19.28,20.36,20.71,21.29",4254,0.0009659038623794913,6821,0.0014726623194292188,"3448,2929,4709,417,711,4616,1702,3268",0.22040288150310516,0.4741298258304596,0.5112130641937256,"0.704,0.887,0.927,0.904,1.12,0.747,1.05,0.946","13.8,13.2,11.8,7.48,6.98,6.57,6.42,6.22","-0.000687,0.00061,0.004,-0.000542,-0.000801,0.0025,0.008,-0.000357","0,0,0,0,0,0,0.0158,0","0,0,0,0,0,0,0,0",0.1328125,0.12029016017913818,1,0.4922601282596588,0.2385198473930359
37,down_proj,gptq,5120,14336,0,0.001997252873011998,0.0014475277491978237,274.067253115747,0.040497147426385535,690.63818359375,411.181396484375,88.39579772949219,269.47308349609375,111.26133728027344,207.7449951171875,0.762211799621582,273.37646484375,0.23410135507583618,"8852,4258,7881,2822,11712,7504,1007,12127,663,13581,12649,11273,9749,6058,11036,7347",921.383544921875,,,,,0,60.3491096496582,119.93907165527344,52.92534255981445,90.6839370727539,"0.010,0.010,0.891,0.830,0.569,0.574,0.576,0.601",5696.1591796875,5955.83935546875,"208.8,208.8,1.036e+04,1.001e+04,5380,6156,6167,7080",54.26285171508789,52.73625183105469,"48.69,48.69,67.87,54.91,49.95,53,53.93,57.07","1.215,1.215,13.77,8.841,6.739,7.193,7.307,7.849","11.99,11.99,14.59,9.701,8.936,9.491,9.632,10.12",3448,0.01041997317224741,3448,0.07156121730804443,"7943,8852,9076,4258,3650,663,9816,11273",0.31916746497154236,0.44267579913139343,0.47661134600639343,"0.706,0.533,0.556,0.68,0.658,0.634,0.605,0.64","9.21,7.88,6.74,6.66,5.52,5.25,4.83,4.45","-0.0645,-0.0747,-0.322,0.41,-0.00595,0.185,-0.178,0.0134","0,0,-0.306,0.459,-0.0257,0.153,-0.153,0","-0.0711,-0.0854,-0.276,0.352,0,0.158,-0.152,0.0206",0.5546875,0.5117169618606567,1,0.6879192590713501,2.390432119369507
38,q_proj,gptq,4096,5120,0,0.0020382881164550783,0.001460123062133789,59.24404449299618,0.03880405558292326,152.79550170898438,98.04546356201172,153.72531127929688,448.29132080078125,207.16213989257812,349.7181701660156,0.9110663533210754,59.113067626953125,0.2326226383447647,"2929,2739,1532,402,2523,476,4311,4605,3060,3314,4101,4267,3379,4709,5107,2646",216.82994079589844,,,,,0,95.44300842285156,155.5876007080078,106.04535675048828,193.75531005859375,"0.754,0.754,1.085,0.620,0.489,0.510,0.491,0.521",1802.908935546875,2320.82763671875,"202.9,202.9,2344,2928,2035,2178,2166,2367",80.57270050048828,94.9256820678711,"42.3,42.3,76.83,102.6,92.47,94.74,96.46,96.88","6.896,6.896,12.25,11.57,9.422,9.809,9.834,10.13","7.942,7.942,11.76,14.7,13.47,13.74,14.04,14.04",2519,0.0030017748940736055,423,0.005999287590384483,"4656,2929,3245,4709,1226,2739,4849,3060",0.7031002044677734,0.451873779296875,0.45416259765625,"0.595,0.608,0.812,0.513,0.831,0.579,0.57,0.5","27.9,26.7,20.4,17.9,10.4,8.23,7.6,7.17","-0.00793,-0.00781,-0.000473,-0.0047,-0.00568,-0.0135,-0.00325,0.00867","0,0,0,0,0,0,0,0","-0.00854,-0.00534,0,-0.00854,-0.00921,-0.0167,-0.00617,0",0.10400390625,0.09105446934700012,2,0.5162234902381897,0.30951106548309326
38,k_proj,gptq,1024,5120,0,0.002043914794921875,0.0014581680297851562,19.143316509012948,0.05916721919375589,39.310081481933594,24.153934478759766,43.073890686035156,126.67567443847656,60.35923767089844,93.92532348632812,0.9110663533210754,19.1633358001709,0.3486451208591461,"2929,2739,1532,402,476,4311,3060,4605,2523,2646,4849,5107,4101,4790,3379,4267",216.82994079589844,,,,,0,27.822509765625,41.49113082885742,30.890087127685547,53.360862731933594,"0.569,0.569,1.524,0.700,0.551,0.520,0.521,0.550",1802.908935546875,2320.82763671875,"202.9,202.9,2344,2928,2035,2178,2166,2367",80.57270050048828,94.9256820678711,"42.3,42.3,76.83,102.6,92.47,94.74,96.46,96.88","2.539,2.539,7.302,6.373,5.295,5.299,5.394,5.526","3.366,3.366,5.915,7.619,7.134,7.347,7.473,7.451",742,0.01309879682958126,103,0.028020182624459267,"4656,2929,3245,4709,1226,2739,4849,3060",1.144066572189331,0.349365234375,0.2513427734375,"0.301,0.499,0.468,0.434,0.575,0.472,0.558,0.621","27.9,26.7,20.4,17.9,10.4,8.23,7.6,7.17","-0.0718,-0.0228,0.104,-0.00946,0.0107,-0.0718,0.00307,-0.115","-0.0658,-0.0329,0.0988,0,0,-0.0658,0,-0.132","-0.082,-0.0262,0.0896,0,0.00858,-0.082,0,-0.132",0.115234375,0.1316964328289032,1,0.6060668230056763,0.4136546850204468
38,v_proj,gptq,1024,5120,0,0.002043914794921875,0.0014636993408203125,54.91882604555758,0.035071718362115305,147.85556030273438,107.95420837402344,146.88307189941406,381.12713623046875,176.72239685058594,266.1018981933594,0.9110663533210754,54.728729248046875,0.1987958699464798,"402,2739,4790,4849,2594,5044,3379,5107,98,1682,3314,3371,3304,4296,1532,1657",216.82994079589844,,,,,0,77.90567016601562,114.26602172851562,95.30211639404297,152.47149658203125,"0.762,0.762,1.141,0.671,0.593,0.626,0.595,0.607",1802.908935546875,2320.82763671875,"202.9,202.9,2344,2928,2035,2178,2166,2367",80.57270050048828,94.9256820678711,"42.3,42.3,76.83,102.6,92.47,94.74,96.46,96.88","3.325,3.325,10.61,11.3,9.057,9.603,9.521,9.791","3.81,3.81,9.934,13.8,11.76,12.14,12.34,12.57",461,0.005494920536875725,871,0.008226891979575157,"4656,2929,3245,4709,1226,2739,4849,3060",0.21077615022659302,0.83935546875,0.8966064453125,"0.0622,0.0912,0.0615,0.141,0.0777,0.252,0.296,0.11","27.9,26.7,20.4,17.9,10.4,8.23,7.6,7.17","0.000549,-0.00101,0.000721,-0.00598,0.00314,0.00178,-0.0179,0.00616","0,0,0,0,0,0,0,0","0,0,0,0,0,0,-0.022,0.011",0.1337890625,0.1529017984867096,1,0.6713999509811401,0.38427093625068665
38,o_proj,gptq,5120,4096,0,0.0020865440368652345,0.0014880180358886718,106.35583981576747,0.03724282074068728,299.40313720703125,161.5789337158203,17.953142166137695,58.63628005981445,20.499652862548828,32.25007629394531,0.8242529034614563,106.11636352539062,0.0365421287715435,"3437,3116,3561,3305,2746,1158,2973,2705,2689,2723,2797,2446,2172,2690,1268,2440",45.75334167480469,,,,,0,7.082705497741699,12.592141151428223,12.583222389221191,18.308612823486328,"0.049,0.049,0.447,0.690,0.694,0.590,0.675,0.741",1190.0625,2103.948974609375,"49.01,49.01,1186,1586,1562,1324,1693,2072",18.158536911010742,21.013504028320312,"14.42,14.42,18.34,19.09,19.7,18.56,19.52,21.22","0.5756,0.5756,2.53,3.051,3.144,2.815,3.114,3.575","2.61,2.61,3.783,3.673,3.775,3.664,3.791,4.154",4656,0.010300962254405022,4656,0.02421090193092823,"3585,3841,3713,3969,280,382,24,408",0.06453529000282288,0.4702392518520355,0.40727540850639343,"0.523,0.491,0.625,0.639,0.428,0.622,0.358,0.618","2.94,2.87,2.86,2.83,2.09,1.76,1.59,1.57","0.12,0.112,0.105,0.1,0.12,0.0967,0.112,0.128","0.134,0.0893,0.0893,0.0893,0.134,0.0893,0.134,0.134","0.0815,0.0859,0.0711,0.124,0.126,0.0837,0.112,0.115",0.388671875,0.5002619624137878,1,0.31913888454437256,0.5874419808387756
38,gate_proj,gptq,14336,5120,0,0.0020457948957170757,0.0014495168413434709,132.58051771641476,0.018201147491067337,558.7960205078125,430.557373046875,501.1982421875,1497.318359375,772.532958984375,1671.1778564453125,0.2457277625799179,132.25381469726562,0.1567590981721878,"3448,107,4605,4338,2646,2929,3268,3548,3357,4616,711,4709,4262,2342,4267,3262",361.44305419921875,,,,,0,395.0752258300781,955.7921142578125,349.53973388671875,662.9673461914062,"0.255,0.255,0.491,0.665,0.547,0.555,0.522,0.535",2159.1474609375,2658.98193359375,"210.5,210.5,3099,3443,2329,2617,2579,2784",100.2616195678711,85.63176727294922,"137.2,137.2,125.4,83.99,75.82,78.73,80.68,83.15","20.88,20.88,25.86,20.16,16.63,17.49,17.37,18.14","41.37,41.37,36.91,24.72,22.5,23.48,24.03,24.79",6132,0.0027164844796061516,322,0.0029853717423975468,"2929,4656,4709,4616,417,711,3268,107",0.4709554612636566,0.409947007894516,0.4266968071460724,"0.839,1.02,1.15,1.17,1.16,1.1,0.998,0.999","18,17.2,13.2,11.3,8.35,8.29,8.22,7.51","-0.0354,-0.0199,0.0432,-0.0256,-0.0223,0.042,0.0349,-0.0117","0,0,0.0781,0,0,0.0781,0,0","-0.0444,-0.028,0.0561,-0.028,0,0.0317,0.0502,-0.0187",0.310546875,0.35919368267059326,1,0.8668919205665588,0.41923102736473083
38,up_proj,gptq,14336,5120,0,0.0020340102059500558,0.001463031768798828,127.4601694730809,0.01749301234120356,550.99365234375,424.934326171875,496.2646484375,1416.430419921875,744.1043701171875,1563.764404296875,0.2457277625799179,127.36109924316406,0.14023835957050323,"3448,107,4338,4605,2646,3268,3357,2929,3548,711,4616,4709,4262,2342,4267,3262",361.44305419921875,,,,,0,379.097900390625,877.5894775390625,340.3837585449219,631.707763671875,"0.272,0.272,0.486,0.672,0.556,0.576,0.541,0.555",2159.1474609375,2658.98193359375,"210.5,210.5,3099,3443,2329,2617,2579,2784",100.2616195678711,85.63176727294922,"137.2,137.2,125.4,83.99,75.82,78.73,80.68,83.15","20.17,20.17,25.22,19.9,16.4,17.32,17.19,17.95","38.67,38.67,36.18,24.28,21.99,22.83,23.38,24.1",9443,0.001849811407737434,14087,0.008943291381001472,"2929,4656,4709,4616,417,711,3268,107",0.4131021201610565,0.4733276665210724,0.5264195203781128,"0.882,0.852,0.931,0.755,0.93,1.2,0.942,0.795","18,17.2,13.2,11.3,8.35,8.29,8.22,7.51","-0.00366,-0.00528,0.00418,0.00108,-0.00879,-0.00421,0.00806,-0.00537","0,0,0,0,0,-0.0227,0,0","0,0,0,0,0,0,0,0",0.10791015625,0.12117727845907211,1,0.7054077386856079,0.31543242931365967
38,down_proj,gptq,5120,14336,0,0.001993152073451451,0.0014418057032993862,275.1462087629752,0.041980194383511714,693.4404296875,422.15826416015625,151.8316650390625,810.3636474609375,945.2752075195312,1905.1339111328125,0.12410300970077515,273.47601318359375,0.31144341826438904,"11715,11103,11567,24,13945,7402,7254,8814,5160,5546,1074,11491,7541,1539,4584,167",91.95696258544922,,,,,0,841.7481079101562,1636.60205078125,99.7558364868164,281.1482849121094,"0.000,0.000,1.357,0.479,0.287,0.345,0.342,0.380",42038.8515625,5295.73193359375,"217.1,217.1,3.041e+05,8825,4777,5223,5655,7248",170.66485595703125,93.13971710205078,"247.7,247.7,386.8,95.64,96.44,91.29,98.51,101.4","1.271,1.271,78.6,11.79,9.385,9.641,10.32,11.26","59.28,59.28,67.47,17.04,17.5,16.42,17.65,18.28",3448,0.00870814360678196,2056,0.02299310266971588,"6978,12521,4130,12798,4896,6758,13945,6158",0.39472874999046326,0.3935546875,0.5524658560752869,"0.527,0.554,0.581,0.602,0.43,0.475,0.497,0.441","13.2,11.5,11.1,10.4,10.4,10.1,9.85,9.74","0.0247,0.0413,0.0315,0.0505,0.0231,0.0144,0.021,0.00531","0,0.0742,0.0742,0.0742,0,0,0,0","0.0385,0.0336,0.031,0.0405,0.0179,0.0226,0.0221,0",0.546875,0.5537381768226624,2,0.8757926821708679,1.5942977666854858
39,q_proj,gptq,4096,5120,0,0.002042341232299805,0.0014468193054199218,45.040833995524736,0.02723609881934344,142.50799560546875,99.1550064086914,120.13844299316406,383.33258056640625,167.98477172851562,324.21844482421875,0.6997894048690796,44.971160888671875,0.20061935484409332,"3357,2646,2739,3060,1532,4101,402,2929,476,1226,4849,2523,4605,4311,4709,1320",226.2733917236328,,,,,0,88.38256072998047,143.41981506347656,76.0170669555664,171.349853515625,"0.120,0.120,1.572,0.540,0.451,0.479,0.457,0.476",2455.19384765625,2361.06884765625,"207.5,207.5,7369,2898,1992,2230,2241,2497",81.65446472167969,89.42013549804688,"62.66,62.66,98.51,89.8,80.9,84.05,85.97,88.7","3.315,3.315,17.8,9.49,7.816,8.35,8.357,8.795","9.56,9.56,14.2,12.92,11.64,12.07,12.36,12.74",1765,0.002883737673982978,2408,0.0029240292496979237,"4656,2929,2056,1226,4709,107,3245,2739",0.5676243305206299,0.469970703125,0.454681396484375,"0.622,0.556,0.351,0.839,0.553,0.461,0.723,0.585","26.4,17.5,12,10.1,9.21,7.35,5.66,5.42","-0.0281,-0.0305,0.016,0.0664,0.00677,0.0242,-0.00632,-0.0442","-0.019,-0.0379,0.019,0.0569,0,0.019,0,-0.0379","-0.0237,-0.0349,0.0201,0.0569,0.0119,0.0278,0,-0.0505",0.06640625,0.0569196417927742,1,0.419723242521286,0.1581113338470459
39,k_proj,gptq,1024,5120,0,0.002032470703125,0.0014795303344726563,13.5901757237516,0.03151033363546408,39.12007141113281,27.84929084777832,33.56325149536133,112.17512512207031,46.304786682128906,88.05772399902344,0.6997894048690796,13.587026596069336,0.2246764451265335,"3357,3060,2646,2739,1532,476,402,4101,1226,2929,2523,4849,4311,4605,4267,4709",226.2733917236328,,,,,0,23.50181770324707,40.29538345336914,21.73194694519043,46.52799606323242,"0.102,0.102,1.406,0.561,0.448,0.477,0.466,0.481",2455.19384765625,2361.06884765625,"207.5,207.5,7369,2898,1992,2230,2241,2497",81.65446472167969,89.42013549804688,"62.66,62.66,98.51,89.8,80.9,84.05,85.97,88.7","1.595,1.595,8.738,5.167,4.192,4.469,4.481,4.716","4.998,4.998,7.368,6.899,6.265,6.472,6.566,6.803",827,0.006762190721929073,821,0.013746000826358795,"4656,2929,2056,1226,4709,107,3245,2739",0.6460421085357666,0.3980712890625,0.339111328125,"0.329,0.44,0.194,0.471,0.389,0.256,0.382,0.426","26.4,17.5,12,10.1,9.21,7.35,5.66,5.42","-0.0182,-0.00742,-0.00436,0.0273,0.00191,0.00197,0.0164,0.0884","-0.0253,0,0,0.0253,0,0,0.0253,0.0758","-0.0173,-0.0075,0,0.0234,0,0,0.0132,0.0758",0.08837890625,0.0757533460855484,2,0.34473085403442383,0.17488086223602295
39,v_proj,gptq,1024,5120,0,0.0020252227783203124,0.0014804840087890626,30.297271136312702,0.030601119483469056,90.23847961425781,65.4913101196289,77.43196868896484,233.89080810546875,113.75496673583984,205.46261596679688,0.6997894048690796,30.295787811279297,0.19601351022720337,"3357,2739,402,4849,4296,692,2594,4790,1561,98,1532,1682,4101,3371,3746,3397",226.2733917236328,,,,,0,60.64772415161133,87.90518951416016,49.90304183959961,106.6712417602539,"0.140,0.140,1.657,0.634,0.526,0.562,0.524,0.539",2455.19384765625,2361.06884765625,"207.5,207.5,7369,2898,1992,2230,2241,2497",81.65446472167969,89.42013549804688,"62.66,62.66,98.51,89.8,80.9,84.05,85.97,88.7","3.035,3.035,14.9,7.855,6.359,6.804,6.782,7.086","8.113,8.113,11.58,9.868,8.767,9.075,9.373,9.649",56,0.011180664412677288,786,0.007558150682598352,"4656,2929,2056,1226,4709,107,3245,2739",0.25608518719673157,0.6953125,0.759521484375,"0.253,0.141,0.147,0.235,0.206,0.17,0.158,0.241","26.4,17.5,12,10.1,9.21,7.35,5.66,5.42","0.00198,0.00641,0.00322,-0.00488,-0.00812,0.00388,6.05e-06,0.00705","0,0,0,0,0,0,0,0","0,0.0102,0,-0.00956,-0.0124,0,0,0.00949",0.306640625,0.2628348171710968,2,0.6724328398704529,0.21820668876171112
39,o_proj,gptq,5120,4096,0,0.0020555973052978514,0.0014669418334960938,40.23608152239103,0.01818409199035905,185.83465576171875,124.14157104492188,24.151683807373047,300.4868469238281,34.73088836669922,236.2943878173828,0.5047640204429626,39.55709457397461,0.05263420566916466,"617,524,1812,1899,1895,1901,1866,1912,1871,1807,1882,1916,1906,625,569,1875",113.53083801269531,,,,,0,17.112014770507812,98.3840103149414,16.75159454345703,123.39466857910156,"0.011,0.011,0.362,0.365,0.224,0.216,0.178,0.195",1812.6951904296875,1541.88232421875,"214.7,214.7,5685,2682,1500,1355,1261,1589",58.12779998779297,58.85594940185547,"79.13,79.13,71.89,46.24,44.46,44.87,47.93,51.37","1.247,1.247,7.13,4.855,3.773,3.746,3.699,4.176","11.98,11.98,11.85,8.036,7.976,8.052,8.776,9.454",3357,0.022415082901716232,3245,0.024679848924279213,"1803,1866,1850,1675,1738,1849,1722,1906",0.29599547386169434,0.3691650331020355,0.37067872285842896,"0.706,0.654,0.702,0.527,0.489,0.72,0.535,0.77","7.11,6.29,5.94,5.71,5.1,4.97,4.69,4.39","0.0139,-0.00525,0.00249,0.00221,-0.00928,-0.00577,-0.00158,-0.00117","0.0108,0,0,0,-0.0108,0,0,0","0.0124,0,0,0,-0.00977,0,0,0",0.671875,0.5864136219024658,10,0.5649240612983704,0.5857778787612915
39,gate_proj,gptq,14336,5120,0,0.002037715911865234,0.0014730181012834822,135.4841793923406,0.01709606200088721,594.5548095703125,462.2550048828125,537.0081176757812,2271.666015625,715.7958374023438,1942.86328125,0.8844195604324341,135.1864013671875,0.09682559221982956,"107,2646,4616,4338,4605,3268,788,3548,2929,4656,711,4262,1625,2538,4709,4673",785.812255859375,,,,,0,363.3970947265625,1008.4586181640625,330.2850036621094,915.2128295898438,"0.026,0.026,1.071,0.504,0.359,0.377,0.354,0.368",2759.402099609375,2502.834716796875,"213.3,213.3,9183,3216,2054,2328,2284,2583",103.68780517578125,97.83638000488281,"124.4,124.4,111.9,94.73,88.82,92.25,94.68,98.41","5.937,5.937,34.54,20.58,16.42,17.53,17.4,18.45","37.18,37.18,33.37,29,27.42,28.56,29.25,30.42",1010,0.0006808947073295712,9385,0.0014146326575428247,"4656,107,2056,2929,4616,4197,3781,3577",0.5255016684532166,0.4051949679851532,0.4638236165046692,"1.24,1.31,0.741,0.89,1.44,0.906,0.982,0.955","32,19.4,18.7,17.9,16.3,10.8,7.3,6.81","-0.0776,-0.0159,0.0289,0.0195,0.0359,-0.0398,0.0835,-0.00644","-0.0513,0,0.0513,0,0.0513,-0.0513,0.103,0","-0.0674,-0.019,0.0371,0.0204,0.0449,-0.0345,0.0716,0",0.1796875,0.1540178656578064,1,0.42854762077331543,0.45844271779060364
39,up_proj,gptq,14336,5120,0,0.00204688480922154,0.0014867237636021205,127.5641342230374,0.01666226892749247,569.4295043945312,443.49407958984375,516.365234375,1968.927734375,680.0733642578125,1738.619873046875,0.8844195604324341,127.33097076416016,0.08424486219882965,"107,2646,4616,4338,4605,3268,711,2929,3548,788,4656,4262,4709,2538,1625,3060",785.812255859375,,,,,0,343.6585998535156,924.9519653320312,315.8435363769531,791.9443969726562,"0.026,0.026,1.037,0.530,0.398,0.417,0.389,0.405",2759.402099609375,2502.834716796875,"213.3,213.3,9183,3216,2054,2328,2284,2583",103.68780517578125,97.83638000488281,"124.4,124.4,111.9,94.73,88.82,92.25,94.68,98.41","5.862,5.862,33.38,19.98,16.12,17.14,16.97,18.04","36.53,36.53,32.78,27.45,25.57,26.55,27.21,28.35",13477,0.0014163721352815628,11483,0.0010348628275096416,"4656,107,2056,2929,4616,4197,3781,3577",0.459993839263916,0.5162702798843384,0.6095494031906128,"0.898,0.589,0.638,0.761,0.596,0.827,0.889,0.962","32,19.4,18.7,17.9,16.3,10.8,7.3,6.81","0.0232,-0.0192,-0.00836,0.0229,0.0187,-0.0225,-0.0187,-0.0344","0.0258,-0.0258,0,0.0258,0.0258,-0.0258,-0.0258,-0.0258","0.0211,-0.0259,0,0.0191,0.0211,-0.0195,-0.0226,-0.0248",0.115234375,0.09529061615467072,1,0.6066970825195312,0.4098961055278778
39,down_proj,gptq,5120,14336,0,0.0019875526428222655,0.0014387266976492745,153.1196264412356,0.024423832776831817,568.7218017578125,436.4022521972656,376.72235107421875,4824.0625,656.1875,4953.6240234375,0.7459558844566345,151.45843505859375,0.33431652188301086,"3875,11428,2939,9049,4993,931,7454,8549,362,2283,7483,12762,10239,366,13234,10863",1349.2349853515625,,,,,0,412.127197265625,3269.11669921875,235.56956481933594,1834.6134033203125,"0.001,0.001,0.732,0.182,0.088,0.105,0.108,0.131",8247.1640625,2356.14794921875,"220.1,220.1,5.241e+04,3913,1912,1960,2038,3300",320.2514953613281,251.3337860107422,"453.7,453.7,303.6,241.2,297.9,260.3,273.2,278.6","2.439,2.439,45.16,17.53,14.97,14.19,15,16.97","80.45,80.45,52.78,41.06,50.48,43.71,45.61,46.88",4656,0.050959743559360504,4656,0.044775787740945816,"7581,2665,1963,13075,4993,7483,1530,7558",1.242915153503418,0.681567370891571,0.878491222858429,"0.259,0.268,0.416,0.188,0.341,0.343,0.151,0.417","92.6,78.9,78.6,50.4,39.7,36.4,32.9,26.8","0.224,0.199,-0.105,0.119,-0.0054,-0.0315,-0.119,0.318","0.273,0.182,-0.091,0.091,0,0,-0.091,0.273","0.182,0.171,-0.09,0.102,0,0,-0.117,0.273",0.359375,0.41567885875701904,1,3.3784055709838867,10.682302474975586
