layer,proj,quantizer,rows,cols,n_dead_cols,clip_frac,clip_frac_rtn,comp_disp,comp_disp_rel,wdisp_gptq,wdisp_rtn,obj_gptq,obj_rtn,obj_gptq_alt,obj_rtn_alt,hdiag_alt_corr,send_total,send_top1pct,send_top16_cols,hdiag_max_over_mean,cond_damped,awq_alpha,obj_awq,obj_awq_alt,protected
0,q_proj,gptq,5120,5120,0,0.0020459365844726564,0.001488037109375,156.36205721783335,0.012411772640295256,882.31298828125,757.6541748046875,11.651162147521973,44.73919677734375,17.148273468017578,40.37944793701172,0.8376689553260803,156.02508544921875,0.07639002054929733,"3760,4131,1486,4963,613,188,1397,4942,4717,2832,2533,1013,1303,2261,95,4395",119.6910629272461,,,,,0
0,k_proj,gptq,1024,5120,0,0.0020273208618164064,0.0014455795288085937,56.798085280897794,0.012236436606708005,323.73175048828125,273.73223876953125,4.299062728881836,15.991745948791504,6.184650421142578,13.989126205444336,0.8376689553260803,56.63628387451172,0.06719453632831573,"3760,4131,1486,4963,188,1397,2832,4942,4717,613,2533,1303,1013,2261,95,4395",119.6910629272461,,,,,0
0,v_proj,gptq,1024,5120,0,0.002040863037109375,0.0014659881591796875,10.772657266816168,0.011696684645148257,63.79227828979492,53.045318603515625,0.8701039552688599,2.834561586380005,1.0881750583648682,2.4302139282226562,0.8376689553260803,10.732780456542969,0.0398389957845211,"3760,4131,1486,188,4963,1397,613,4942,2832,4717,2533,1013,1303,2261,95,4054",119.6910629272461,,,,,0
0,o_proj,gptq,5120,5120,0,0.0020172882080078127,0.0014682769775390624,45.37107574741822,0.007403092754822609,447.4348449707031,390.7049560546875,4.566944122314453,12.211013793945312,6.246991157531738,13.493636131286621,0.9974719882011414,44.243858337402344,0.12669473886489868,"3607,2936,1138,2254,2193,2876,2408,81,2301,593,61,2279,2878,5055,1808,4206",492.72796630859375,,,,,0
0,gate_proj,gptq,13824,5120,0,0.002046189484772859,0.0014290421097366897,377.6869142015271,0.01564876996631627,1789.979248046875,1457.06884765625,6.387640476226807,30.295116424560547,10.013949394226074,28.767494201660156,0.97081458568573,375.9188537597656,0.1250985860824585,"3593,1711,1542,927,1684,1158,1679,5000,4930,3170,575,1787,4597,3638,1974,4141",224.13125610351562,,,,,0
0,up_proj,gptq,13824,5120,0,0.0020294613308376734,0.0014192934389467592,301.4743724484449,0.014155747431810733,1545.2520751953125,1251.0654296875,5.479606628417969,25.430397033691406,8.116250038146973,24.25000762939453,0.97081458568573,300.2713928222656,0.09131603688001633,"1711,3593,1542,927,1158,1679,1684,5000,4930,3170,575,1787,1974,3638,129,4141",224.13125610351562,,,,,0
0,down_proj,gptq,5120,13824,0,0.0019697401258680558,0.0014574121545862268,436.7806352047628,0.01569332604811713,2163.47314453125,1720.331298828125,7.426567554473877,16.359010696411133,12.151464462280273,15.491605758666992,0.14396485686302185,434.8623962402344,0.22509509325027466,"78,1642,7835,2033,10465,8538,11058,10932,5451,879,3172,7591,12901,8670,12413,6699",471.16522216796875,,,,,0
1,q_proj,gptq,5120,5120,0,0.0019505691528320312,0.0014424896240234374,68.33152319930431,0.07755826297172146,141.9707489013672,85.12911987304688,0.7007918357849121,5.104603290557861,1.328536033630371,5.24451208114624,0.9802046418190002,66.40621185302734,0.6100203394889832,"4517,2657,3388,11,4775,1477,28,1093,351,4139,1290,415,4373,3553,157,2428",1500.885986328125,,,,,0
1,k_proj,gptq,1024,5120,0,0.0019824981689453127,0.0014616012573242187,16.78825238448938,0.03448138434980602,47.214332580566406,60.8409423828125,0.18091773986816406,1.5429704189300537,0.30937957763671875,1.4286150932312012,0.9802046418190002,16.384601593017578,0.5121711492538452,"4517,2657,4775,3388,1477,28,1093,11,351,3553,4139,2428,415,4373,1290,4794",1500.885986328125,,,,,0
1,v_proj,gptq,1024,5120,0,0.0019411087036132813,0.0014768600463867187,5.0503961983471335,0.00928348011125043,38.217105865478516,55.70306396484375,0.06109217181801796,0.28684502840042114,0.08784358203411102,0.2759305536746979,0.9802046418190002,4.819493293762207,0.3492356836795807,"4517,2657,3388,4775,28,1093,1477,11,4139,351,415,2428,4373,1290,157,1685",1500.885986328125,,,,,0
1,o_proj,gptq,5120,5120,0,0.002042884826660156,0.0014830398559570312,46.700770846917294,0.010877458841489804,329.60760498046875,249.19705200195312,0.0709361732006073,0.3696664571762085,0.18294504284858704,0.5260595083236694,0.8348164558410645,46.23095703125,0.10936032980680466,"1138,3614,1266,3615,3684,3644,3703,3594,3660,3674,882,3632,3706,3686,3688,3662",75.29178619384766,,,,,0
1,gate_proj,gptq,13824,5120,0,0.0019243028428819445,0.001485301830150463,30.956589144082404,0.012622929892974494,184.28457641601562,219.74441528320312,62.52306365966797,10628.935546875,112.2940673828125,10831.5625,0.9838203191757202,29.18555450439453,0.6437776684761047,"2657,228,4395,3850,4794,2099,1093,1466,3593,1372,4517,655,4610,4436,4437,28",815.3771362304688,,,,,0
1,up_proj,gptq,13824,5120,0,0.0019353795934606481,0.0014633037425853589,8.683149833059204,0.006474411943725458,96.12489318847656,116.0422134399414,23.002254486083984,459.7193298339844,35.8913688659668,488.6311950683594,0.9838203191757202,8.418993949890137,0.4929591715335846,"2657,228,4794,1093,4517,4436,2099,4395,4610,655,3593,1372,4437,2950,4675,28",815.3771362304688,,,,,0
1,down_proj,gptq,5120,13824,0,0.002034222638165509,0.0014643916377314816,106.28829847707857,0.03881073608831697,281.70733642578125,304.2669982910156,0.7738114595413208,1.1920322179794312,1.07892906665802,1.6202073097229004,0.8903588652610779,105.20695495605469,0.6474174857139587,"5472,4733,13674,6881,13373,5573,5738,7895,12990,6365,8951,6375,11849,9305,2889,3501",1839.5557861328125,,,,,0
2,q_proj,gptq,5120,5120,0,0.0019831085205078126,0.00145050048828125,119.5420311298463,0.04005208915529209,318.9581298828125,317.8221435546875,2.3820784091949463,13.57332992553711,4.42392110824585,11.927227020263672,0.7910637855529785,117.85603332519531,0.469860315322876,"3388,28,157,2428,415,11,1372,4344,1824,2347,4373,1881,5021,1093,4775,892",518.6851806640625,,,,,0
2,k_proj,gptq,1024,5120,0,0.0020198822021484375,0.0014682769775390624,42.0563813441394,0.03329978242920244,119.70132446289062,129.717041015625,0.84742271900177,5.412295341491699,1.5573925971984863,4.7768235206604,0.7910637855529785,41.533294677734375,0.45847222208976746,"3388,28,157,2428,415,1372,1824,11,4344,1881,2347,1093,4373,4794,4775,5021",518.6851806640625,,,,,0
2,v_proj,gptq,1024,5120,0,0.0020162582397460936,0.0014440536499023438,7.885582719696572,0.0067994924528585465,75.32015991210938,81.86629486083984,0.20563170313835144,1.0352044105529785,0.2740422487258911,0.9318034648895264,0.7910637855529785,7.7255659103393555,0.19103261828422546,"3388,28,157,2428,415,1372,11,1824,4373,4344,2347,5021,1881,1093,5009,892",518.6851806640625,,,,,0
2,o_proj,gptq,5120,5120,0,0.0020342636108398437,0.001451568603515625,79.03451251154183,0.01141962765008527,525.1400146484375,399.5978698730469,0.5038301944732666,1.333207130432129,0.9423471689224243,1.6446669101715088,0.7330159544944763,78.31548309326172,0.06408114731311798,"2561,2530,2476,2562,2524,2677,2140,1729,1674,2146,1687,3073,2092,1857,1964,4644",35.072113037109375,,,,,0
2,gate_proj,gptq,13824,5120,0,0.0019455379909939236,0.0014360922354239006,38.62077257241332,0.004460054238147003,539.3357543945312,580.3665771484375,103.26241302490234,14722.7744140625,160.0179443359375,13571.48046875,0.9666719436645508,37.845489501953125,0.6173322200775146,"2657,2099,4395,4610,3593,655,4437,1466,1567,320,4020,3891,228,1148,3850,136",537.7015380859375,,,,,0
2,up_proj,gptq,13824,5120,0,0.0019784432870370372,0.001453329015661169,13.22164818102408,0.0024087282559439823,339.10662841796875,361.250244140625,48.11941909790039,676.9691772460938,65.95805358886719,646.8316650390625,0.9666719436645508,12.90707778930664,0.41183608770370483,"2657,2099,4437,655,3593,4395,4610,1148,3891,320,4020,228,1466,136,1567,388",537.7015380859375,,,,,0
2,down_proj,gptq,5120,13824,0,0.0020157142921730323,0.0014484264232494212,175.45708526229703,0.02607669759928246,637.3109741210938,413.944580078125,3.12906551361084,3.464559555053711,3.4513368606567383,2.932415008544922,0.39797911047935486,174.6180419921875,0.40645134449005127,"1798,32,12298,331,11977,986,2184,11776,4063,3604,4632,6758,7448,4178,8181,10778",223.05062866210938,,,,,0
3,q_proj,gptq,5120,5120,0,0.001980018615722656,0.0014574813842773437,153.21735136147177,0.024481042106844816,527.5982055664062,509.72314453125,14.02591323852539,44.93488311767578,20.857383728027344,37.977848052978516,0.7010712027549744,152.3487548828125,0.2600555419921875,"3388,157,3720,3887,3978,4402,3005,4141,4287,369,3135,1299,28,3896,4061,1974",307.0988464355469,,,,,0
3,k_proj,gptq,1024,5120,0,0.002017784118652344,0.0014892578125,59.12496548269379,0.025497912544298222,199.2587890625,191.24017333984375,5.3038434982299805,17.688636779785156,7.89477014541626,14.711132049560547,0.7010712027549744,58.65052795410156,0.2806240916252136,"3388,157,4402,3720,3978,3887,3135,4287,3005,1299,4141,369,1974,3896,415,316",307.0988464355469,,,,,0
3,v_proj,gptq,1024,5120,0,0.0020099639892578124,0.00143585205078125,8.09006268878181,0.006181848581875431,83.72384643554688,82.6392593383789,0.9867490530014038,5.190701484680176,1.2493712902069092,4.352281093597412,0.7010712027549744,8.024839401245117,0.12691177427768707,"3388,4402,3720,3978,3887,157,3896,3005,3135,4287,369,9,4141,3479,1277,1974",307.0988464355469,,,,,0
3,o_proj,gptq,5120,5120,0,0.0020470046997070313,0.0014333724975585938,87.46711915131891,0.010878981705380994,582.6867065429688,467.2813720703125,1.448753833770752,3.125114917755127,2.5729260444641113,3.812260866165161,0.8287124037742615,87.11630249023438,0.09215748310089111,"5088,4704,4960,4576,4832,1051,5043,795,923,4998,1179,4547,4486,4931,5086,693",55.263553619384766,,,,,0
3,gate_proj,gptq,13824,5120,0,0.001975250244140625,0.0014543180112485533,86.514648492359,0.005113998334732357,1038.43115234375,1044.1732177734375,138.4400634765625,10809.228515625,241.79873657226562,9284.986328125,0.9534322619438171,83.5663833618164,0.5968181490898132,"2657,4395,4610,4437,655,3593,388,1567,2099,1466,1148,3850,136,3891,4020,3799",768.6930541992188,,,,,0
3,up_proj,gptq,13824,5120,0,0.001969358656141493,0.001443552087854456,21.929269195645464,0.002344895865083312,563.958984375,565.7303466796875,55.7855110168457,583.9869384765625,74.97312927246094,511.36541748046875,0.9534322619438171,21.700490951538086,0.38100335001945496,"2657,4610,4395,4437,3593,388,655,2099,1148,1466,136,1567,3891,4020,320,4436",768.6930541992188,,,,,0
3,down_proj,gptq,5120,13824,0,0.002027553982204861,0.0014236732765480324,207.72714959517623,0.017771493288083775,957.271484375,732.2809448242188,6.092447280883789,7.616787910461426,17.108823776245117,13.865999221801758,0.033223915845155716,206.93653869628906,0.22174832224845886,"5437,2597,2541,11287,7700,5471,6127,5768,6727,7904,2429,9140,5409,2470,8001,12351",53.000404357910156,,,,,0
4,q_proj,gptq,5120,5120,0,0.002004852294921875,0.0014835739135742188,155.08555347706843,0.01718585446405191,685.6724853515625,625.8878173828125,14.526565551757812,47.74174499511719,23.615142822265625,40.481224060058594,0.7569699883460999,154.29769897460938,0.22189384698867798,"3388,1093,28,2428,157,415,4061,1372,1696,548,3890,1719,892,4775,1290,3553",241.78494262695312,,,,,0
4,k_proj,gptq,1024,5120,0,0.0020162582397460936,0.0014530181884765624,60.150525372143896,0.019022171348501617,245.830810546875,233.53341674804688,5.47498893737793,19.014564514160156,8.870292663574219,15.785593032836914,0.7569699883460999,59.729164123535156,0.22956663370132446,"3388,1093,28,2428,157,415,4061,1696,1719,1372,892,548,4775,3890,1290,3553",241.78494262695312,,,,,0
4,v_proj,gptq,1024,5120,0,0.0019939422607421877,0.001407623291015625,12.323405435374397,0.007933583081129467,102.67835998535156,92.91201782226562,1.4869955778121948,5.646828651428223,2.0920357704162598,4.856293678283691,0.7569699883460999,12.264047622680664,0.10950914025306702,"1093,28,3388,2428,1696,415,1719,1372,157,892,3890,4061,4517,351,1290,1685",241.78494262695312,,,,,0
4,o_proj,gptq,5120,5120,0,0.0020294952392578124,0.0014327239990234374,101.78143941231394,0.011177488953875407,685.400634765625,522.878662109375,2.5798377990722656,5.165260314941406,4.700411796569824,6.646666526794434,0.565735399723053,101.32878112792969,0.04906386509537697,"4571,4955,4596,1266,4980,4023,4939,4279,3777,3735,20,754,3821,3895,3823,4064",15.518497467041016,,,,,0
4,gate_proj,gptq,13824,5120,0,0.0019414972375940394,0.0014766127974898727,112.6584957621343,0.004746027571024661,1447.9036865234375,1407.760009765625,225.32798767089844,8255.892578125,389.71429443359375,7106.02197265625,0.9528319239616394,109.93247985839844,0.5969658493995667,"2657,1307,1567,655,388,1466,3593,4610,4395,3850,4020,4437,136,4436,3799,4794",758.5924682617188,,,,,0
4,up_proj,gptq,13824,5120,0,0.001997502644856771,0.0014399775752314814,35.63597837486971,0.0025504403784690176,846.9439086914062,839.1514892578125,108.37088012695312,973.7647705078125,150.52969360351562,854.2880249023438,0.9528319239616394,35.27885437011719,0.4189375936985016,"2657,388,1567,1307,655,1466,4610,3593,4395,4437,136,4020,4436,3850,3799,4794",758.5924682617188,,,,,0
4,down_proj,gptq,5120,13824,0,0.0018209386754918981,0.0014366008617259839,426.3326146942763,0.024597813279171248,1241.9876708984375,1077.136962890625,4534.2568359375,13087.4658203125,513.96630859375,48.774253845214844,-0.00018731274758465588,236.00196838378906,0.9999869465827942,"1368,4620,11305,7184,1997,11696,6504,5567,3614,10794,3613,9675,9143,11737,238,2842",9553.25,,,,,0
5,q_proj,gptq,5120,5120,0,0.00201202392578125,0.00148895263671875,120.86466374230915,0.011116755284729949,753.147216796875,668.777587890625,51.67601013183594,183.41302490234375,73.08778381347656,150.74612426757812,0.9157894849777222,120.3939437866211,0.18111225962638855,"3388,4436,533,3978,3135,316,1464,2657,853,3720,1298,28,3029,1974,3896,1470",299.5428161621094,,,,,0
5,k_proj,gptq,1024,5120,0,0.0020275115966796875,0.0014856338500976562,40.56022778421476,0.012333939037937143,230.86172485351562,207.3575439453125,16.5424747467041,62.898582458496094,23.66559600830078,51.76438522338867,0.9157894849777222,40.36021423339844,0.20124320685863495,"3388,4436,533,3135,3978,3720,316,1464,3029,28,853,1298,2657,3896,71,460",299.5428161621094,,,,,0
5,v_proj,gptq,1024,5120,0,0.0020168304443359377,0.0014629364013671875,12.183932133325811,0.007011904481767647,112.29023742675781,101.19845581054688,6.470454692840576,23.20893669128418,8.597898483276367,20.01381492614746,0.9157894849777222,12.134292602539062,0.12053295224905014,"3388,4436,3135,533,3978,316,1464,1299,3720,853,1298,71,3029,3672,1236,1810",299.5428161621094,,,,,0
5,o_proj,gptq,5120,5120,0,0.0020502471923828126,0.0014381027221679688,80.51977122724747,0.008569157582432782,643.60888671875,536.2771606445312,3.037585496902466,5.3311262130737305,17.891891479492188,20.227861404418945,0.252933531999588,80.3193588256836,0.08820166438817978,"1797,1285,2570,2698,282,1413,1669,2826,3082,154,1541,338,410,4885,210,2954",28.041933059692383,,,,,0
5,gate_proj,gptq,13824,5120,0,0.0020068557174117477,0.0015083030418113427,185.48185177573404,0.006007920589527689,1930.28564453125,1824.63525390625,364.13555908203125,5507.0439453125,672.3347778320312,4308.57421875,0.9600206017494202,181.39096069335938,0.620613694190979,"1307,2657,1466,388,1567,3593,11,655,4610,3850,4020,3799,136,4437,892,4395",728.3450317382812,,,,,0
5,up_proj,gptq,13824,5120,0,0.001981141832139757,0.0014304832175925926,51.01568562078823,0.002864942267187091,1076.818603515625,1050.72802734375,168.721923828125,937.03955078125,244.0507049560547,789.5081176757812,0.9600206017494202,50.64806365966797,0.37422969937324524,"1307,2657,388,1466,1567,11,3593,4610,655,3799,136,4437,4020,4395,892,3850",728.3450317382812,,,,,0
5,down_proj,gptq,5120,13824,0,0.001965614601417824,0.0014436086018880208,354.4791658942613,0.017016055490116665,1635.292236328125,1280.75048828125,41.67178726196289,149.73025512695312,144.2939453125,722.951416015625,0.9999783039093018,332.3513488769531,0.9586210250854492,"10445,8355,1886,11580,6564,1158,10069,6903,7013,6872,12021,6915,11916,2489,1692,9238",12720.7236328125,,,,,0
6,q_proj,gptq,5120,5120,0,0.002007408142089844,0.001471710205078125,103.45628835048163,0.009856589892288785,711.6826171875,642.0806884765625,54.061065673828125,173.37957763671875,82.944580078125,150.2296142578125,0.8721399307250977,103.06858825683594,0.20611874759197235,"3388,157,28,2657,2099,4436,1093,1696,415,1290,4517,4925,3653,4344,1824,693",335.88958740234375,,,,,0
6,k_proj,gptq,1024,5120,0,0.0019962310791015623,0.0014654159545898437,30.463436513626228,0.010197719558895648,202.93841552734375,185.91421508789062,15.802444458007812,56.56774139404297,23.789785385131836,48.87720489501953,0.8721399307250977,30.336883544921875,0.1868261843919754,"3388,157,28,2657,2099,4436,1093,1696,415,4517,3653,1290,4925,1824,693,3483",335.88958740234375,,,,,0
6,v_proj,gptq,1024,5120,0,0.0020050048828125,0.001435089111328125,12.013244256571342,0.006284945395922191,121.82075500488281,111.84269714355469,8.119359970092773,24.73346710205078,11.100547790527344,21.865169525146484,0.8721399307250977,11.966225624084473,0.09208397567272186,"3388,28,157,2657,4436,1093,1696,415,4517,1290,2099,3653,4925,1824,693,3039",335.88958740234375,,,,,0
6,o_proj,gptq,5120,5120,0,0.002037239074707031,0.0014384078979492187,87.83988607370884,0.009164664984163772,682.3842163085938,550.4534912109375,3.1545286178588867,5.984525680541992,12.064102172851562,14.348777770996094,0.6142075061798096,87.15510559082031,0.10780848562717438,"1659,1403,1915,2759,3143,1787,1531,2631,3015,1376,1078,1037,1364,2887,1876,1620",63.18111801147461,,,,,0
6,gate_proj,gptq,13824,5120,0,0.0020131994176793983,0.0015169638174551505,220.32827621785813,0.006656891184354556,2105.624755859375,1976.441162109375,533.5609741210938,6433.61962890625,1010.8418579101562,5476.3525390625,0.8437604308128357,217.02859497070312,0.6393134593963623,"1307,2657,3593,1466,11,388,4437,4020,1567,3799,655,3850,136,4597,4395,892",744.8055419921875,,,,,0
6,up_proj,gptq,13824,5120,0,0.001980661462854456,0.0014344109429253473,67.86777906923035,0.0034041846068720216,1221.1884765625,1178.1171875,265.81561279296875,1242.891357421875,411.9601745605469,1180.802490234375,0.8437604308128357,67.25786590576172,0.41758739948272705,"1307,11,2657,3593,388,1466,4437,1567,3799,4020,655,136,4597,4395,4610,892",744.8055419921875,,,,,0
6,down_proj,gptq,5120,13824,0,0.0019670133237485532,0.0014321927671079283,273.05740027378874,0.012150885315202488,1668.554931640625,1448.546875,22.337785720825195,67.9073715209961,75.32830047607422,342.9774169921875,0.9999071359634399,256.67510986328125,0.7582963705062866,"1809,9185,11369,7611,5481,5823,7992,11230,4397,3416,3475,8238,2940,3599,8104,13506",10141.6630859375,,,,,0
7,q_proj,gptq,5120,5120,0,0.0019941329956054688,0.0014794158935546875,99.2536805541029,0.009150827371098548,727.3438110351562,656.44677734375,73.09095764160156,207.68276977539062,114.22842407226562,188.97064208984375,0.8673596978187561,98.98567962646484,0.1897984892129898,"3388,2657,157,693,28,1093,1824,4344,3931,2099,415,3089,1696,3593,2428,4925",276.85211181640625,,,,,0
7,k_proj,gptq,1024,5120,0,0.002026939392089844,0.0014860153198242188,30.457697749965973,0.010243067183012131,201.82855224609375,187.55905151367188,21.058212280273438,66.37642669677734,33.461647033691406,59.31098175048828,0.8673596978187561,30.31746482849121,0.19077113270759583,"3388,2657,157,693,28,1093,1824,2099,3931,1696,415,3593,4344,2428,1290,4517",276.85211181640625,,,,,0
7,v_proj,gptq,1024,5120,0,0.00198822021484375,0.0014432907104492188,12.829093238280166,0.006523218081297162,126.16361999511719,115.10673522949219,11.834485054016113,29.299654006958008,17.007530212402344,28.4617919921875,0.8673596978187561,12.797061920166016,0.08052577078342438,"3388,2657,157,28,1093,693,1824,3931,415,1696,2428,1290,4436,548,4517,3696",276.85211181640625,,,,,0
7,o_proj,gptq,5120,5120,0,0.0020241546630859375,0.0014350509643554687,85.63007532357324,0.00858181209287881,685.8284912109375,568.34423828125,3.439762830734253,6.93172025680542,11.825190544128418,13.835262298583984,0.33767005801200867,85.3919906616211,0.07371918112039566,"3755,3243,1204,5078,820,4822,3627,2285,4566,4694,3600,948,4327,3499,3472,4071",32.27415084838867,,,,,0
7,gate_proj,gptq,13824,5120,0,0.0020042560718677663,0.0015139685736762153,290.26472141410954,0.007195777177149845,2626.380859375,2472.63232421875,676.0759887695312,5978.3525390625,1514.1744384765625,4986.212890625,0.9027064442634583,288.572509765625,0.6776373386383057,"1307,3593,1567,1466,4020,4597,4437,655,11,388,2657,136,3850,3799,4395,4610",1300.7689208984375,,,,,0
7,up_proj,gptq,13824,5120,0,0.0019906220612702545,0.0014414469401041667,78.07203248172519,0.0031359277386391647,1504.35595703125,1445.31884765625,330.2601318359375,1218.314208984375,517.5908203125,1149.942138671875,0.9027064442634583,77.40049743652344,0.393903523683548,"1307,3593,1567,1466,4437,4020,4597,388,655,11,136,3799,2657,4395,3850,4610",1300.7689208984375,,,,,0
7,down_proj,gptq,5120,13824,0,0.0019867508499710647,0.0014432271321614583,263.2830009939005,0.01013663434311565,1861.0439453125,1612.508544921875,16.115747451782227,29.213275909423828,29.231401443481445,30.63306999206543,0.013786002062261105,261.60711669921875,0.11867102235555649,"13396,1021,11276,12313,8240,12778,7523,10660,3339,3697,9194,816,11611,5217,8482,7986",203.4049072265625,,,,,0
8,q_proj,gptq,5120,5120,0,0.0020020294189453127,0.0014623260498046874,109.0359413154407,0.010285007194903708,727.0865478515625,674.3430786132812,80.0299072265625,244.1613006591797,126.52809143066406,218.57687377929688,0.8682985901832581,108.40451049804688,0.25510698556900024,"3388,2657,1093,3720,316,3005,157,533,3887,4402,4517,4141,2187,1464,72,693",336.1820068359375,,,,,0
8,k_proj,gptq,1024,5120,0,0.0019809722900390623,0.0014530181884765624,34.94202159630444,0.011782619152927833,208.5821533203125,201.27896118164062,24.578380584716797,73.92133331298828,39.20841979980469,69.32518005371094,0.8682985901832581,34.79990005493164,0.27571603655815125,"3388,2657,1093,3720,316,3005,533,3887,4402,157,2187,72,2015,4141,3479,4517",336.1820068359375,,,,,0
8,v_proj,gptq,1024,5120,0,0.0019998550415039062,0.001479339599609375,9.573103225739288,0.00482845044444851,124.29371643066406,118.1798324584961,9.988090515136719,34.4429931640625,14.179914474487305,32.262847900390625,0.8682985901832581,9.544669151306152,0.12486722320318222,"3388,2657,1093,3720,316,4402,533,4517,2187,4141,3005,3887,3135,157,72,693",336.1820068359375,,,,,0
8,o_proj,gptq,5120,5120,0,0.002036285400390625,0.0014444732666015626,84.53593151665882,0.009174998947843892,666.5504150390625,535.4654541015625,3.2538907527923584,7.434957981109619,10.871001243591309,13.572722434997559,0.6906091570854187,84.13111877441406,0.11793356388807297,"94,478,350,860,1116,222,988,732,606,1244,2056,2165,2101,1226,2647,3551",80.07425689697266,,,,,0
8,gate_proj,gptq,13824,5120,0,0.001996895118995949,0.0015178962990089698,315.00113554441975,0.0076806348215498425,2721.059814453125,2559.393310546875,424.6068115234375,3185.8798828125,919.6057739257812,2544.32080078125,0.8949831128120422,313.61761474609375,0.6368699073791504,"3593,1307,1567,4020,4597,1466,655,3850,4395,4437,11,4610,388,2657,136,1145",979.0202026367188,,,,,0
8,up_proj,gptq,13824,5120,0,0.001993419505931713,0.0014472537570529515,83.1648769274273,0.0032064728388763765,1579.80322265625,1526.6365966796875,221.1239013671875,589.0203857421875,325.89068603515625,558.2733154296875,0.8949831128120422,82.44637298583984,0.2813645601272583,"1307,3593,1567,4597,4020,1466,4395,4437,11,655,388,3850,4610,2657,136,1145",979.0202026367188,,,,,0
8,down_proj,gptq,5120,13824,0,0.0019893081099898726,0.0014364030626085069,292.1845269701756,0.011250940400073517,1915.331787109375,1630.4619140625,21.41666603088379,39.26822280883789,46.09960174560547,47.60758590698242,0.15535372495651245,290.61968994140625,0.08873341232538223,"3574,5389,4448,12718,1383,9932,0,11165,793,4965,11809,3264,10176,6540,10954,12425",131.5703887939453,,,,,0
9,q_proj,gptq,5120,5120,0,0.0020044326782226564,0.0014718246459960937,97.2925761187689,0.008749233266226395,742.1017456054688,675.3400268554688,69.81571197509766,194.9532012939453,111.36038208007812,175.24935913085938,0.8874988555908203,96.99004364013672,0.2312500774860382,"3388,2657,1093,157,693,3931,4925,4517,4344,28,2099,415,2428,1696,548,351",350.7476806640625,,,,,0
9,k_proj,gptq,1024,5120,0,0.00200042724609375,0.0015079498291015625,31.065956159153938,0.010252465333365013,207.88519287109375,194.79132080078125,20.74045753479004,64.24508666992188,34.25439453125,57.21345520019531,0.8874988555908203,30.940378189086914,0.23863396048545837,"3388,2657,1093,157,693,3931,4517,2099,4925,4344,28,2428,415,1696,548,351",350.7476806640625,,,,,0
9,v_proj,gptq,1024,5120,0,0.0020244598388671877,0.0014568328857421874,12.449087649256244,0.005952154294854374,134.154052734375,125.43782043457031,11.412443161010742,27.689376831054688,16.22574806213379,26.44335174560547,0.8874988555908203,12.411504745483398,0.09936162084341049,"2657,1093,3388,157,3931,693,4517,28,415,2428,1696,4925,351,4436,4373,388",350.7476806640625,,,,,0
9,o_proj,gptq,5120,5120,0,0.00202117919921875,0.0014468765258789063,93.85071902576601,0.009311523596760858,730.6571044921875,577.3948364257812,5.7972564697265625,11.758685111999512,14.256791114807129,16.743022918701172,0.49147090315818787,93.5248031616211,0.07364562153816223,"4513,1575,4897,236,364,108,4769,4004,620,1447,1703,4641,4043,5025,2350,1319",42.1453742980957,,,,,0
9,gate_proj,gptq,13824,5120,0,0.002010077017324942,0.0015017191569010417,255.03121999485484,0.007782547380194416,2163.9931640625,1984.6527099609375,162.6869354248047,307.61932373046875,244.57830810546875,309.1064453125,0.6206780076026917,254.508544921875,0.11046356707811356,"11,2657,1307,2853,1145,3593,1093,4437,4597,388,4517,2442,4610,4863,4020,1696",117.27719116210938,,,,,0
9,up_proj,gptq,13824,5120,0,0.002007095902054398,0.0014863332112630208,211.06462776821263,0.007060939151980038,1948.28076171875,1771.37548828125,147.84222412109375,258.3973083496094,217.04898071289062,263.6383056640625,0.6206780076026917,210.84912109375,0.06435411423444748,"11,2657,1307,2853,1145,3593,1093,4437,4597,388,4517,2442,4863,4610,4020,1696",117.27719116210938,,,,,0
9,down_proj,gptq,5120,13824,0,0.001986058553059896,0.0014748184769241897,318.1692560075434,0.010534315770554982,2211.50146484375,1884.0908203125,31.70258140563965,53.46369934082031,51.032981872558594,51.465396881103516,0.08125980198383331,316.9031982421875,0.07000909000635147,"4987,12529,11675,9580,12392,8509,7828,8797,4573,4900,7101,1195,10092,10072,2773,9381",66.45777130126953,,,,,0
10,q_proj,gptq,5120,5120,0,0.0020012283325195313,0.0014763641357421874,98.57672969199366,0.008424400997666157,780.6383056640625,718.0498046875,100.0689697265625,249.80482482910156,152.61378479003906,225.27444458007812,0.8935744762420654,98.21651458740234,0.18464714288711548,"3388,157,2657,693,1093,4610,4517,415,4344,2099,3931,1696,28,4925,4436,2428",271.4172668457031,,,,,0
10,k_proj,gptq,1024,5120,0,0.002012825012207031,0.0014705657958984375,29.250403838243777,0.009138587729165872,217.37994384765625,202.0467529296875,28.49880027770996,77.33576965332031,43.01400375366211,69.10237884521484,0.8935744762420654,29.144092559814453,0.1795426607131958,"3388,693,157,2657,1093,4610,4517,2099,415,3931,1696,4436,28,4344,4925,2428",271.4172668457031,,,,,0
10,v_proj,gptq,1024,5120,0,0.00201873779296875,0.0014675140380859375,13.264364577918592,0.006910494614387757,125.1857681274414,119.14181518554688,15.515215873718262,34.7259521484375,22.29037857055664,32.71997833251953,0.8935744762420654,13.191364288330078,0.09516077488660812,"2657,157,1093,693,3388,4517,415,4610,1696,4436,28,3931,388,2428,1824,3696",271.4172668457031,,,,,0
10,o_proj,gptq,5120,5120,0,0.002019309997558594,0.0014515304565429687,93.70472878626606,0.009325528204024554,723.52099609375,573.3026123046875,5.839363098144531,13.62476634979248,14.663448333740234,17.730497360229492,0.5585336685180664,93.42538452148438,0.11390145123004913,"282,1462,1590,1846,26,4072,1718,1334,1321,154,284,1705,1449,4200,3442,1833",78.28010559082031,,,,,0
10,gate_proj,gptq,13824,5120,0,0.001998491640444155,0.0014965905083550346,263.07225278165424,0.00797834051742419,2195.23486328125,2016.23486328125,183.37576293945312,332.116455078125,273.5442199707031,332.6930847167969,0.6219027638435364,262.4869689941406,0.10964608937501907,"11,1307,2853,2657,1093,1145,2442,4610,3593,4517,388,3653,2317,1696,993,351",81.26502227783203,,,,,0
10,up_proj,gptq,13824,5120,0,0.0020044114854600695,0.0014949516013816552,214.2954007496228,0.007075377547942227,1973.2083740234375,1810.92138671875,166.62237548828125,291.96026611328125,241.39215087890625,294.0467224121094,0.6219027638435364,214.04205322265625,0.06260796636343002,"11,2853,1307,2657,1093,1145,2442,4610,3593,4517,388,3653,1696,2317,993,3978",81.26502227783203,,,,,0
10,down_proj,gptq,5120,13824,0,0.0019821449562355325,0.0014901196515118634,317.8662691252757,0.010519998985936934,2235.46533203125,1913.9483642578125,38.80641174316406,67.97149658203125,52.39027404785156,61.959964752197266,0.9093967080116272,315.00506591796875,0.08951780945062637,"648,4305,11768,9645,12199,355,9002,7300,9919,3417,12239,8187,3207,7060,12114,216",340.260498046875,,,,,0
11,q_proj,gptq,5120,5120,0,0.0019927597045898437,0.0014934158325195313,102.40590551907715,0.008493186997787524,806.381103515625,748.0084838867188,77.9880142211914,242.0706329345703,126.16880798339844,212.40699768066406,0.9282035231590271,101.79623413085938,0.25777289271354675,"2657,4610,3388,4517,388,1093,1696,3653,369,3978,693,351,4436,157,993,1180",478.6524353027344,,,,,0
11,k_proj,gptq,1024,5120,0,0.002001190185546875,0.0014528274536132813,30.31303096881676,0.009077818768227771,224.26388549804688,209.341796875,22.47365379333496,74.49423217773438,37.44358444213867,66.09638977050781,0.9282035231590271,30.192583084106445,0.26414215564727783,"2657,3388,4610,1093,388,4517,1696,3653,369,3978,157,4436,693,415,1180,993",478.6524353027344,,,,,0
11,v_proj,gptq,1024,5120,0,0.0019895553588867186,0.0014688491821289063,11.620836962422247,0.0057723871031449565,127.63166046142578,121.41710662841797,10.586307525634766,33.577354431152344,15.596420288085938,31.288616180419922,0.9282035231590271,11.508997917175293,0.1868307888507843,"4610,2657,1093,4517,3388,3978,388,1696,369,3653,4436,4743,1180,4287,351,2317",478.6524353027344,,,,,0
11,o_proj,gptq,5120,5120,0,0.0020236587524414063,0.00145538330078125,94.46773192313776,0.009631223346539012,713.5029296875,568.3901977539062,9.55685806274414,18.414697647094727,18.10247802734375,23.733388900756836,0.7739980220794678,94.17756652832031,0.10630422085523605,"1270,2364,2236,1980,758,2492,3805,886,2108,2096,4196,1142,1024,1366,568,4007",31.914552688598633,,,,,0
11,gate_proj,gptq,13824,5120,0,0.0019987742106119793,0.0014986532705801505,239.00017026577552,0.006617462976134205,2328.36181640625,2143.166015625,237.91448974609375,959.3097534179688,328.584716796875,871.1422119140625,0.9984024167060852,238.30453491210938,0.25714853405952454,"1567,2657,4610,11,1307,1093,388,228,2853,1145,4517,351,4436,3593,1696,3653",1694.536376953125,,,,,0
11,up_proj,gptq,13824,5120,0,0.0020011336715133102,0.0014801590530960649,148.10834404399793,0.005086909953750263,1826.927734375,1715.916259765625,188.13229370117188,353.74530029296875,253.1063232421875,345.0556335449219,0.9984024167060852,147.8627471923828,0.08746809512376785,"1567,2657,11,4610,1307,1093,388,1145,2853,4517,351,228,4436,1696,3593,3653",1694.536376953125,,,,,0
11,down_proj,gptq,5120,13824,0,0.0019845609311704283,0.001476217199254919,289.2554010692462,0.009930530322061253,2025.5556640625,1736.62060546875,32.131378173828125,52.792240142822266,47.36613845825195,48.69659423828125,0.2058791071176529,288.7481384277344,0.051135968416929245,"5378,11563,12428,13445,7295,3697,12085,13365,167,5383,13313,13727,2068,2052,4239,3249",36.70915985107422,,,,,0
12,q_proj,gptq,5120,5120,0,0.002001152038574219,0.0015032196044921875,108.89926347765154,0.009344288029771844,787.411865234375,739.9881591796875,93.70619201660156,267.15142822265625,148.63064575195312,239.67506408691406,0.8941779732704163,108.28121185302734,0.2802428901195526,"3388,4610,157,693,2657,1696,3653,4517,4436,3978,415,1093,3039,369,388,1180",401.1087646484375,,,,,0
12,k_proj,gptq,1024,5120,0,0.0020320892333984377,0.0014495849609375,31.66228828744448,0.010034289987188928,215.73435974121094,207.38824462890625,26.82823944091797,79.42314147949219,41.50556945800781,72.46575164794922,0.8941779732704163,31.500812530517578,0.2576013505458832,"3388,4610,157,693,2657,3653,3978,4517,4436,1696,1093,388,3039,369,415,1180",401.1087646484375,,,,,0
12,v_proj,gptq,1024,5120,0,0.0020114898681640623,0.0014677047729492188,8.900137364270408,0.004392348864313884,125.4694595336914,120.3709716796875,11.500858306884766,33.17551040649414,15.392446517944336,31.49335479736328,0.8941779732704163,8.886869430541992,0.11004243791103363,"4610,3388,693,157,2657,4517,1696,3653,3978,4436,369,3039,388,1093,415,1299",401.1087646484375,,,,,0
12,o_proj,gptq,5120,5120,0,0.0020418548583984375,0.0014637374877929687,88.41516171776883,0.009274436734634439,673.5414428710938,545.0076904296875,9.699771881103516,18.131919860839844,18.15375518798828,24.692955017089844,0.7447121739387512,88.16110229492188,0.06966462731361389,"526,2824,270,1835,398,2218,2474,2346,3080,1707,1962,142,2568,1424,1323,1579",29.531917572021484,,,,,0
12,gate_proj,gptq,13824,5120,0,0.0020011760570384837,0.0015123155381944445,223.64346660589945,0.0068001104417296015,2116.379150390625,1918.634765625,211.84228515625,353.5694885253906,292.697021484375,350.73150634765625,0.6701599955558777,223.26324462890625,0.07704854011535645,"11,2657,1307,4610,3593,1145,228,1093,388,2853,4517,4597,415,1290,351,2143",144.85670471191406,,,,,0
12,up_proj,gptq,13824,5120,0,0.0020022074381510417,0.0014938919632523147,194.82438479322445,0.006367477710121058,1959.340576171875,1793.763427734375,199.02880859375,322.915283203125,269.5401916503906,321.173583984375,0.6701599955558777,194.68911743164062,0.05015011504292488,"11,1307,2657,4610,3593,1145,228,1093,388,2853,415,4517,4597,1290,351,2143",144.85670471191406,,,,,0
12,down_proj,gptq,5120,13824,0,0.0019873725043402777,0.0015020441125940392,286.0971153019582,0.009342138469591187,2105.063720703125,1815.2686767578125,38.75722122192383,60.575836181640625,78.29715728759766,74.25572967529297,0.04014059901237488,285.5575866699219,0.06626079976558685,"10229,10983,6105,8819,9628,9626,12694,7308,11426,8441,9631,8299,10871,8019,3547,6978",61.587425231933594,,,,,0
13,q_proj,gptq,5120,5120,0,0.0019779586791992187,0.0014797210693359374,101.81559356011901,0.008954790641281147,762.5806884765625,710.7762451171875,98.6650161743164,271.8519287109375,155.925048828125,243.97842407226562,0.835921585559845,101.32644653320312,0.3103465139865875,"3388,693,4610,157,1696,3653,4436,3978,4517,369,415,993,3039,4287,1299,1180",374.1111145019531,,,,,0
13,k_proj,gptq,1024,5120,0,0.0020109176635742187,0.0014675140380859375,32.059354328100945,0.01089106303515173,205.81488037109375,197.9669189453125,29.07387924194336,82.18370056152344,46.82270812988281,74.22793579101562,0.835921585559845,31.888072967529297,0.3152424097061157,"3388,693,4610,157,3653,3978,1696,4436,4517,4287,369,993,3039,388,415,2317",374.1111145019531,,,,,0
13,v_proj,gptq,1024,5120,0,0.001996421813964844,0.001476287841796875,9.954600446925875,0.00453814495543536,137.37713623046875,131.3724365234375,13.98418140411377,40.618865966796875,19.475963592529297,37.883628845214844,0.835921585559845,9.934762001037598,0.13189080357551575,"3388,693,4610,3653,157,4436,1696,3978,4517,415,369,3039,993,4287,1299,1093",374.1111145019531,,,,,0
13,o_proj,gptq,5120,5120,0,0.0020335769653320314,0.0014548873901367187,92.8229217456028,0.009351305540016347,719.0474243164062,572.93603515625,10.984286308288574,22.044788360595703,21.25576400756836,28.024044036865234,0.640292763710022,92.18151092529297,0.08197961002588272,"3245,3629,4014,348,760,3886,1144,1877,1272,4270,1621,1016,1365,4398,604,220",49.73101806640625,,,,,0
13,gate_proj,gptq,13824,5120,0,0.0020117865668402776,0.0015126687509042244,217.8589803927849,0.006593913302930039,2126.884521484375,1946.612060546875,237.6716766357422,408.38690185546875,346.37225341796875,415.6217956542969,0.6496565341949463,217.4956512451172,0.10811232030391693,"4610,2657,11,1307,228,3593,1145,388,1093,4597,4020,2950,3850,415,4517,351",188.33499145507812,,,,,0
13,up_proj,gptq,13824,5120,0,0.0020053157099971064,0.0014954743561921297,185.28203972345182,0.0060609548326112615,1964.0521240234375,1817.3101806640625,223.07254028320312,366.11883544921875,316.39727783203125,377.8100280761719,0.6496565341949463,185.02725219726562,0.06273633241653442,"4610,11,1307,2657,228,3593,388,1145,1093,4597,2950,4020,415,3850,4517,3931",188.33499145507812,,,,,0
13,down_proj,gptq,5120,13824,0,0.0019804354067201966,0.0014985684995298032,296.21312076960294,0.009752992327567756,2147.3955078125,1847.2955322265625,45.68882751464844,72.32876586914062,71.84439086914062,70.26675415039062,0.054567962884902954,295.52069091796875,0.08099432289600372,"4694,3831,4633,6725,12010,10372,12312,5104,5705,12178,6081,7100,4555,1838,4660,8543",24.459178924560547,,,,,0
14,q_proj,gptq,5120,5120,0,0.0019965362548828125,0.001485443115234375,100.00722326304917,0.008290612637799205,803.5104370117188,758.5830078125,113.77131652832031,295.9131164550781,182.46548461914062,271.0326232910156,0.82920241355896,99.40139770507812,0.2335289716720581,"4610,3388,693,157,2657,415,1093,2099,4436,388,3931,4517,4373,228,2950,1696",355.5169982910156,,,,,0
14,k_proj,gptq,1024,5120,0,0.0019802093505859376,0.0014768600463867187,32.57977626357456,0.010316263856895175,220.73342895507812,218.2600860595703,33.99462127685547,89.67347717285156,55.38629150390625,79.85494232177734,0.82920241355896,32.311946868896484,0.23353613913059235,"693,4610,3388,157,2657,415,2099,1093,4436,3931,4517,4373,388,228,2950,1696",355.5169982910156,,,,,0
14,v_proj,gptq,1024,5120,0,0.002006340026855469,0.001436614990234375,9.836090454344857,0.00497253859291695,123.46612548828125,117.50403594970703,14.967453002929688,39.33795166015625,21.345552444458008,37.201717376708984,0.82920241355896,9.802240371704102,0.1092994213104248,"4610,3388,693,157,2657,415,1093,4517,2099,4436,3931,388,4373,228,2950,1696",355.5169982910156,,,,,0
14,o_proj,gptq,5120,5120,0,0.0020194625854492187,0.0014396286010742187,88.1686008243123,0.009039002393399805,685.1703491210938,556.923583984375,10.989710807800293,22.345691680908203,18.73282241821289,24.6943416595459,0.7232886552810669,87.87271118164062,0.10948407649993896,"3940,2371,1263,2967,2115,2711,4452,879,555,427,751,2243,1007,4324,1135,2499",37.55683135986328,,,,,0
14,gate_proj,gptq,13824,5120,0,0.0020003283465350116,0.0014996987802010995,218.80537662675397,0.006656648144055361,2128.61865234375,1952.7314453125,242.74366760253906,423.034423828125,370.8746032714844,439.8905334472656,0.6418849229812622,218.1638946533203,0.11879219859838486,"1307,4610,11,2657,228,3593,4020,2950,388,1093,1145,415,3850,4597,3931,4517",170.894287109375,,,,,0
14,up_proj,gptq,13824,5120,0,0.0020077599419487846,0.0014940615053530093,186.9361541904491,0.006071759779168214,1982.9404296875,1836.164306640625,229.49591064453125,382.7537536621094,339.7965087890625,404.93719482421875,0.6418849229812622,186.6373291015625,0.06836506724357605,"1307,11,4610,2657,228,3593,2950,4020,388,1093,415,1145,4597,3850,3931,4517",170.894287109375,,,,,0
14,down_proj,gptq,5120,13824,0,0.0019904101336443865,0.001499303181966146,292.79246889823617,0.009598399615775037,2161.8115234375,1865.5552978515625,48.6022834777832,78.86417388916016,75.38493347167969,76.01673126220703,0.12344151735305786,292.25665283203125,0.07506107538938522,"9682,2466,3274,1526,8922,1645,4410,3513,10656,1269,8105,7288,6563,13500,7006,12767",25.41006851196289,,,,,0
15,q_proj,gptq,5120,5120,0,0.0020059967041015626,0.0014879608154296875,91.25128789128168,0.007977319496328891,751.9608154296875,690.52099609375,99.5499496459961,245.0787353515625,161.67242431640625,229.20457458496094,0.7894836664199829,91.010986328125,0.27129217982292175,"693,3388,157,4610,2099,415,2657,3931,3089,4925,2953,4373,4344,28,1031,2797",359.460205078125,,,,,0
15,k_proj,gptq,1024,5120,0,0.00204010009765625,0.0014719009399414063,28.364319539978165,0.009715753597363302,203.06695556640625,191.1112060546875,28.128490447998047,76.3180160522461,47.167335510253906,71.10227966308594,0.7894836664199829,28.146581649780273,0.2895689606666565,"693,157,3388,4610,2099,415,2657,3931,2953,4373,4925,28,4344,2797,1031,1093",359.460205078125,,,,,0
15,v_proj,gptq,1024,5120,0,0.0019884109497070312,0.0014623641967773438,11.01325864788741,0.005000893239444466,141.3706817626953,134.2008056640625,16.7447509765625,36.58712387084961,23.428787231445312,35.95355224609375,0.7894836664199829,10.99590015411377,0.0815279483795166,"693,157,4610,3388,415,2099,2657,3931,4373,2953,28,1031,4925,2797,4344,2950",359.460205078125,,,,,0
15,o_proj,gptq,5120,5120,0,0.002030792236328125,0.001484222412109375,95.08598010911373,0.009079291175532368,723.7073974609375,597.5669555664062,13.720012664794922,29.82210922241211,20.256433486938477,28.1484375,0.6987116932868958,94.91778564453125,0.06699230521917343,"3326,4804,3710,4932,3454,4676,3838,4548,1300,1812,1428,1684,2160,3582,1556,5118",43.91402053833008,,,,,0
15,gate_proj,gptq,13824,5120,0,0.002016251175491898,0.0015091224952980323,226.76907146599842,0.006740360983885427,2193.732421875,1997.96484375,262.4454650878906,465.93829345703125,403.0919189453125,475.959716796875,0.6610247492790222,226.32745361328125,0.12662282586097717,"1307,4610,2657,11,228,4020,3593,2950,3850,1145,388,4597,415,1093,655,4938",185.75054931640625,,,,,0
15,up_proj,gptq,13824,5120,0,0.002000851101345486,0.001483083654333044,191.63528402589145,0.006345850703767888,1975.08837890625,1808.298828125,237.98171997070312,403.21844482421875,356.4908142089844,417.94476318359375,0.6610247492790222,191.27955627441406,0.07388069480657578,"1307,4610,11,2657,228,3593,4020,2950,3850,1145,388,415,4597,1093,655,3931",185.75054931640625,,,,,0
15,down_proj,gptq,5120,13824,0,0.0019792909975405093,0.001497508861400463,297.06868952313926,0.009909532770850627,2146.938720703125,1847.01416015625,49.941680908203125,87.51922607421875,79.5168685913086,82.2319107055664,0.4311686158180237,296.1446533203125,0.08400707691907883,"4977,6833,9017,8874,4966,3073,7912,12797,1080,8133,1651,12708,3811,5021,3028,6582",198.58642578125,,,,,0
16,q_proj,gptq,5120,5120,0,0.002006378173828125,0.0014752960205078125,100.90104662572706,0.008249500187967851,817.1143798828125,772.30419921875,91.30751037597656,258.781982421875,158.56143188476562,238.03085327148438,0.776495099067688,100.52580261230469,0.2798590362071991,"693,4610,3388,157,2657,415,2099,4373,3931,2950,4436,1093,2953,4517,2797,388",356.10870361328125,,,,,0
16,k_proj,gptq,1024,5120,0,0.00201873779296875,0.0014730453491210937,35.48545403943454,0.01019795542947042,242.61109924316406,241.77847290039062,29.515613555908203,86.05653381347656,52.34745788574219,80.0975570678711,0.776495099067688,35.31841278076172,0.28627750277519226,"693,3388,4610,157,2657,2099,415,4373,3931,1093,4436,2950,2797,4517,2953,228",356.10870361328125,,,,,0
16,v_proj,gptq,1024,5120,0,0.0020044326782226564,0.0014715194702148438,9.380317057434631,0.004840485380099377,122.86170959472656,117.1173095703125,11.50936508178711,31.16512680053711,17.28524398803711,29.72396469116211,0.776495099067688,9.340903282165527,0.11934769153594971,"693,4610,157,3388,415,2657,2099,4373,3931,4436,1093,2950,2953,4517,228,4794",356.10870361328125,,,,,0
16,o_proj,gptq,5120,5120,0,0.002023582458496094,0.0014611053466796874,94.58579913120775,0.010034796758221791,704.2821044921875,542.5335083007812,12.432462692260742,28.875516891479492,19.969161987304688,26.69189453125,0.6752983331680298,93.65043640136719,0.0802694633603096,"3475,3731,3159,3219,3031,2903,3603,1065,937,4136,3383,1451,809,3347,4264,4008",29.30010223388672,,,,,0
16,gate_proj,gptq,13824,5120,0,0.001998887238679109,0.0014894838686342594,226.09422306936176,0.0070693899361016195,2114.310546875,1929.1119384765625,224.45974731445312,413.9216613769531,351.4526672363281,414.77508544921875,0.6897556185722351,225.35891723632812,0.11960569024085999,"4610,11,1307,2657,228,2950,4020,3593,1093,4938,388,415,655,3850,1145,2099",193.6607666015625,,,,,0
16,up_proj,gptq,13824,5120,0,0.0020037191885489006,0.0015057316532841435,208.81748823384987,0.006669049938566459,2067.250732421875,1894.724609375,220.8343048095703,391.48602294921875,338.51617431640625,397.01202392578125,0.6897556185722351,208.20181274414062,0.07635534554719925,"4610,11,1307,2657,228,2950,4020,3593,1093,4938,655,415,388,3850,1145,2099",193.6607666015625,,,,,0
16,down_proj,gptq,5120,13824,0,0.0019881919578269677,0.0014976360179759839,302.14765733376225,0.009773929164727226,2230.016845703125,1925.997314453125,48.929664611816406,83.2467041015625,75.56348419189453,76.34855651855469,0.12216825783252716,301.3027648925781,0.07399243116378784,"3183,3853,5635,12507,752,4479,9250,12179,9638,12989,5173,11883,1144,5305,3681,2960",61.80718994140625,,,,,0
17,q_proj,gptq,5120,5120,0,0.002010345458984375,0.0014752197265625,97.93248510468611,0.007923862355917796,820.114013671875,758.248779296875,107.0660400390625,290.80517578125,175.79290771484375,268.5906982421875,0.7493492960929871,97.74270629882812,0.2720031142234802,"693,4610,157,3388,2657,2099,415,3931,2950,4373,2953,4344,3089,2797,1031,228",350.92181396484375,,,,,0
17,k_proj,gptq,1024,5120,0,0.0020082473754882814,0.00146484375,29.850607713558887,0.00865488383500075,235.35740661621094,220.39495849609375,31.67299461364746,87.56415557861328,51.865665435791016,80.76436614990234,0.7493492960929871,29.74148941040039,0.257328599691391,"693,4610,3388,157,2099,2657,415,2950,3931,2953,4373,2797,4344,228,1031,1824",350.92181396484375,,,,,0
17,v_proj,gptq,1024,5120,0,0.0019891738891601564,0.0014478683471679688,10.57131480227814,0.006046936602860412,115.42705535888672,106.90980529785156,13.940051078796387,34.43138122558594,20.357051849365234,32.9573860168457,0.7493492960929871,10.526975631713867,0.1425345242023468,"693,4610,157,2657,3388,2099,415,3931,4344,2953,2950,4373,1031,2797,228,4517",350.92181396484375,,,,,0
17,o_proj,gptq,5120,5120,0,0.0020278167724609377,0.0014506912231445313,87.58463134375052,0.00935842890412784,689.548828125,538.578369140625,12.54792594909668,28.97759246826172,21.620628356933594,31.32712173461914,0.6941957473754883,87.2852783203125,0.08511161804199219,"3788,3404,3660,4960,3532,3276,4704,5088,2411,4287,4576,3219,3903,1299,2155,923",53.16204071044922,,,,,0
17,gate_proj,gptq,13824,5120,0,0.0020103878445095484,0.0014963220666956017,224.76543132046936,0.007135946776015182,2086.07421875,1898.6055908203125,216.02117919921875,389.20123291015625,336.99566650390625,394.6700134277344,0.6563313007354736,224.29193115234375,0.11072452366352081,"4610,11,1307,2657,2950,228,3593,4020,4938,1093,2099,415,655,3553,1145,3850",143.4069366455078,,,,,0
17,up_proj,gptq,13824,5120,0,0.0019985764114945023,0.0014987097846137153,216.91430433141068,0.006812315925839827,2103.0458984375,1923.3914794921875,218.63356018066406,383.4040832519531,334.8869323730469,392.72161865234375,0.6563313007354736,216.4563446044922,0.07090600579977036,"4610,11,1307,2657,2950,228,3593,4020,4938,1093,415,2099,3553,655,1145,3850",143.4069366455078,,,,,0
17,down_proj,gptq,5120,13824,0,0.0019845750596788193,0.001514561971028646,293.5441334944617,0.009379037138838042,2222.46240234375,1928.833984375,45.754817962646484,76.46138763427734,72.08351135253906,72.70255279541016,0.15551136434078217,292.6321105957031,0.06550057232379913,"2843,275,3151,1276,12002,2485,8745,13740,10118,6346,9825,13493,3428,13,6717,11159",34.33164978027344,,,,,0
18,q_proj,gptq,5120,5120,0,0.0020013427734375,0.0014663314819335937,96.39064381181606,0.008184554034041353,789.929443359375,731.7200927734375,107.44562530517578,291.4068908691406,177.33612060546875,270.0089111328125,0.7523193955421448,95.91865539550781,0.29780203104019165,"693,4610,157,3388,2099,2657,415,3931,4373,2953,2950,1031,2797,1824,4344,28",392.08294677734375,,,,,0
18,k_proj,gptq,1024,5120,0,0.0020107269287109376,0.0014589309692382812,29.326599732803412,0.009027501048425597,225.2181396484375,210.6163787841797,31.591806411743164,91.11904907226562,53.16437530517578,83.38594055175781,0.7523193955421448,29.262929916381836,0.30289050936698914,"693,4610,157,3388,2099,2657,415,3931,2953,4373,1824,2950,2797,1031,4344,28",392.08294677734375,,,,,0
18,v_proj,gptq,1024,5120,0,0.001983833312988281,0.0014757156372070313,10.759946340282621,0.005523132674679529,128.0120391845703,120.427490234375,15.386683464050293,36.84730911254883,22.473224639892578,35.853485107421875,0.7523193955421448,10.690423965454102,0.1394830346107483,"693,4610,157,3388,2099,2657,415,3931,2797,1824,2950,4373,4436,2953,1031,2428",392.08294677734375,,,,,0
18,o_proj,gptq,5120,5120,0,0.002033653259277344,0.0014669418334960938,92.41269567465815,0.009489972650524618,713.0247802734375,560.48486328125,15.87295150756836,40.703887939453125,26.19913673400879,38.94918441772461,0.7861185073852539,92.2093276977539,0.08625860512256622,"1508,1380,296,436,1636,180,564,3446,52,3574,358,3830,2042,3318,2170,308",43.599422454833984,,,,,0
18,gate_proj,gptq,13824,5120,0,0.0020035072609230326,0.0014865310103804976,222.97334113520628,0.007211047700276827,2057.02099609375,1875.70751953125,208.03216552734375,383.7157287597656,328.42669677734375,386.6115417480469,0.664470374584198,222.285888671875,0.12190969288349152,"4610,11,1307,2950,2657,228,3593,4020,4938,655,2099,1093,3553,415,2468,1145",137.52870178222656,,,,,0
18,up_proj,gptq,13824,5120,0,0.002008056640625,0.0015077520299840858,221.88770216510602,0.00686676355191144,2140.443359375,1962.3333740234375,216.87437438964844,390.9809265136719,332.91851806640625,396.762939453125,0.664470374584198,221.2830810546875,0.08451616019010544,"4610,11,2950,1307,2657,228,3593,4020,4938,655,1093,2099,3553,415,2468,157",137.52870178222656,,,,,0
18,down_proj,gptq,5120,13824,0,0.0019803506356698497,0.0015177126283998843,294.3252459165087,0.009338033084065457,2245.915283203125,1950.81396484375,45.58854675292969,76.76991271972656,71.12423706054688,72.5017318725586,0.30109333992004395,293.69757080078125,0.06900294870138168,"4865,7322,1440,9069,2982,13195,6040,1935,990,358,9731,1188,3265,11041,108,12334",79.583984375,,,,,0
19,q_proj,gptq,5120,5120,0,0.001998481750488281,0.0014738082885742188,106.84215074304991,0.009354380293885148,800.1644287109375,748.5637817382812,130.14956665039062,350.3896789550781,215.0121612548828,321.892822265625,0.7319492697715759,105.87646484375,0.3272891342639923,"693,4610,157,3388,2099,4373,415,3931,4436,1824,2953,2657,1031,2950,2797,28",387.1779479980469,,,,,0
19,k_proj,gptq,1024,5120,0,0.0020120620727539064,0.001459503173828125,28.446008639279476,0.009395813419421513,212.84677124023438,201.38848876953125,34.83047103881836,98.41481018066406,55.355133056640625,91.02806091308594,0.7319492697715759,28.308277130126953,0.3164459764957428,"693,4610,157,3388,2099,1824,3931,4373,2953,415,4436,2657,2797,4517,1031,2950",387.1779479980469,,,,,0
19,v_proj,gptq,1024,5120,0,0.0019775390625,0.001458740234375,9.474473734057055,0.005121256390487626,118.90338134765625,112.1544418334961,16.174522399902344,43.190452575683594,22.93146514892578,40.164695739746094,0.7319492697715759,9.441268920898438,0.14465592801570892,"693,4610,157,3388,2099,415,4373,3931,1824,4436,2797,2953,1031,2657,2950,4517",387.1779479980469,,,,,0
19,o_proj,gptq,5120,5120,0,0.002026481628417969,0.0014572525024414062,86.09978374182356,0.00921030978377736,692.2979736328125,537.60986328125,12.057548522949219,33.13542938232422,25.524438858032227,38.52732849121094,0.7239301800727844,85.82494354248047,0.10446532815694809,"3131,2619,803,1059,1187,3003,931,2535,675,4524,5036,2151,3247,750,2023,2407",73.67696380615234,,,,,0
19,gate_proj,gptq,13824,5120,0,0.002009370591905382,0.0014870961507161458,222.51205504243967,0.007244165458262375,2058.28759765625,1882.25341796875,215.74923706054688,401.87591552734375,345.30126953125,411.79296875,0.6892454028129578,221.92453002929688,0.13273632526397705,"11,4610,2950,1307,228,4020,4938,3593,2099,655,4675,2657,1093,3553,2468,3850",117.70887756347656,,,,,0
19,up_proj,gptq,13824,5120,0,0.002008621780960648,0.001505138255931713,220.37017935562108,0.0068481363669158435,2143.55224609375,1969.713623046875,225.1040496826172,406.9874572753906,352.64849853515625,424.60260009765625,0.6892454028129578,219.80194091796875,0.08728472888469696,"11,4610,2950,1307,228,4020,4938,3593,2099,655,4675,2657,1093,3553,3850,2468",117.70887756347656,,,,,0
19,down_proj,gptq,5120,13824,0,0.0019826394540292244,0.0015057457817925347,297.8414137586265,0.009504962435383797,2296.412841796875,2000.003662109375,47.472232818603516,81.45156860351562,80.35012817382812,86.85099792480469,0.6275035738945007,297.0632629394531,0.07665251195430756,"12114,1669,8282,9916,5459,9427,1592,6764,4135,300,8834,1445,11764,333,6004,6892",163.94381713867188,,,,,0
20,q_proj,gptq,5120,5120,0,0.001987266540527344,0.0014795684814453126,107.63861822418276,0.009037264246645822,827.3553466796875,781.36865234375,126.8734130859375,347.19146728515625,220.69900512695312,337.48455810546875,0.7138687968254089,106.37094116210938,0.3444823622703552,"693,4610,157,2099,3388,3931,2953,4436,2657,2950,1031,415,4373,2797,2428,4344",492.599609375,,,,,0
20,k_proj,gptq,1024,5120,0,0.001979637145996094,0.0014469146728515625,32.980916204445045,0.01061690701690533,230.75357055664062,222.362548828125,37.330718994140625,106.46533966064453,66.11353302001953,104.8464126586914,0.7138687968254089,32.7160530090332,0.3544391691684723,"693,4610,3388,157,2099,3931,2950,2953,4436,1031,1824,4373,2428,415,2657,4517",492.599609375,,,,,0
20,v_proj,gptq,1024,5120,0,0.001998710632324219,0.001445770263671875,9.26989510206033,0.005173645846180977,119.0982894897461,113.39244079589844,15.028523445129395,41.591758728027344,22.25864028930664,39.86370849609375,0.7138687968254089,9.24243450164795,0.15534678101539612,"693,4610,157,2099,3388,2953,2950,2657,4436,3931,415,2428,1031,4373,2797,1824",492.599609375,,,,,0
20,o_proj,gptq,5120,5120,0,0.002014427185058594,0.0014401626586914061,81.9296357230487,0.008897004192653506,673.1944580078125,527.3201904296875,16.187070846557617,40.781944274902344,24.355613708496094,43.62738800048828,0.7968290448188782,81.73133850097656,0.07470069080591202,"1034,4395,906,3861,1162,3989,4117,650,778,3387,3259,3643,4245,3070,3515,411",86.91303253173828,,,,,0
20,gate_proj,gptq,13824,5120,0,0.0020024193657769097,0.0014747902199074073,217.91851003555803,0.007353627244260226,1982.3233642578125,1811.447998046875,194.6909942626953,363.88336181640625,323.1942443847656,385.71002197265625,0.6684257388114929,217.34860229492188,0.14712412655353546,"11,4610,2950,2099,228,4020,655,4938,1307,3593,2657,3553,1093,693,2710,2468",114.5230484008789,,,,,0
20,up_proj,gptq,13824,5120,0,0.0020026312934027777,0.001507709644458912,227.48375432185185,0.006941854373524908,2175.41357421875,2000.7509765625,213.750732421875,387.282958984375,345.995361328125,415.84295654296875,0.6684257388114929,226.80712890625,0.10043114423751831,"11,4610,2950,2099,228,655,4020,4938,1307,3593,2657,3553,693,1093,2710,1466",114.5230484008789,,,,,0
20,down_proj,gptq,5120,13824,0,0.0019864400227864584,0.001514576099537037,320.8175901219147,0.010084573746169157,2351.335205078125,2045.251220703125,47.225669860839844,79.34054565429688,82.01719665527344,85.875732421875,0.30124032497406006,320.0078430175781,0.14643412828445435,"9651,5069,12363,10156,12630,13304,7472,10482,500,13708,4985,9022,3327,6379,6768,12351",77.15601348876953,,,,,0
21,q_proj,gptq,5120,5120,0,0.0020047760009765624,0.0014807510375976563,94.82538008673995,0.007721849290180815,819.4404907226562,750.59033203125,111.28660583496094,293.38671875,191.33355712890625,298.2760009765625,0.7206223607063293,94.2927474975586,0.3546779453754425,"693,2099,157,3388,4610,2953,2657,4344,228,1031,3931,4373,28,2797,2950,2428",641.1948852539062,,,,,0
21,k_proj,gptq,1024,5120,0,0.002010345458984375,0.001468658447265625,28.635004459300788,0.00832766352405423,238.54649353027344,217.95590209960938,32.840728759765625,93.22427368164062,57.47931671142578,89.64981842041016,0.7206223607063293,28.490276336669922,0.3610939681529999,"693,2099,157,4610,3388,2657,2953,4344,228,1031,3931,2950,4373,1824,2428,28",641.1948852539062,,,,,0
21,v_proj,gptq,1024,5120,0,0.0019842147827148437,0.0014326095581054688,10.491416443360905,0.006022227902079229,114.5503158569336,105.71363067626953,14.750738143920898,34.914127349853516,22.730125427246094,35.60270690917969,0.7206223607063293,10.447096824645996,0.2102796733379364,"693,2099,157,4610,3388,2953,2657,228,1031,4344,3931,4373,2797,28,2428,1824",641.1948852539062,,,,,0
21,o_proj,gptq,5120,5120,0,0.002009239196777344,0.0014491653442382812,80.49588394012972,0.008662417188796463,648.553466796875,532.8709716796875,15.085830688476562,44.733665466308594,28.59025001525879,55.22814178466797,0.7320986986160278,80.31642150878906,0.06556166708469391,"3258,3642,4115,3514,3987,4243,3770,4371,3859,2272,3076,2528,3386,3678,4113,2400",40.877174377441406,,,,,0
21,gate_proj,gptq,13824,5120,0,0.0020100205032913773,0.0014860930266203704,213.0632364944322,0.007326574866643426,1940.68798828125,1784.270263671875,192.85784912109375,361.86309814453125,327.5644836425781,393.24493408203125,0.6458553671836853,212.376220703125,0.14911942183971405,"11,4610,2950,2099,228,655,4938,4020,1307,3593,693,3553,2468,2710,1093,1466",87.69564056396484,,,,,0
21,up_proj,gptq,13824,5120,0,0.0019991415518301504,0.001503894947193287,225.0750317883212,0.0069155218317587435,2146.552734375,1981.170654296875,213.07818603515625,388.1320495605469,352.2491760253906,428.9897155761719,0.6458553671836853,224.4332275390625,0.10171414166688919,"11,4610,2950,2099,655,228,4020,4938,1307,3593,693,3553,1093,2468,2710,1466",87.69564056396484,,,,,0
21,down_proj,gptq,5120,13824,0,0.001982611197012442,0.0015144206859447338,295.67785268460284,0.009337571615212084,2312.302001953125,2024.0477294921875,43.7216682434082,72.48281860351562,74.433349609375,78.42303466796875,0.3975892663002014,294.92791748046875,0.07164541631937027,"11493,2872,10710,13753,7415,4500,583,12382,949,9477,8172,7512,13754,10985,9638,9688",78.972900390625,,,,,0
22,q_proj,gptq,5120,5120,0,0.0019894027709960937,0.0014707183837890626,94.47013969832277,0.00808689058306768,781.23583984375,706.9508056640625,123.63822174072266,312.038330078125,220.83067321777344,350.57440185546875,0.7043746709823608,93.84494018554688,0.36061203479766846,"693,157,2099,3388,4610,2953,4344,3931,1824,1031,2428,2657,28,228,2673,3799",509.0638122558594,,,,,0
22,k_proj,gptq,1024,5120,0,0.001995849609375,0.001477813720703125,31.04040108265205,0.010199584531383556,221.5203399658203,201.42977905273438,36.518798828125,98.51737976074219,70.86752319335938,114.23087310791016,0.7043746709823608,30.97748565673828,0.42767268419265747,"693,2099,3388,157,4610,2953,1824,3931,4344,2428,1031,2657,28,228,3799,2673",509.0638122558594,,,,,0
22,v_proj,gptq,1024,5120,0,0.0019742965698242186,0.001470184326171875,12.911336355927775,0.006583528629803874,145.01565551757812,135.99032592773438,21.59224510192871,44.51416015625,31.61194610595703,46.239105224609375,0.7043746709823608,12.828939437866211,0.1499660760164261,"693,157,2099,4610,3388,2953,1824,2428,3931,1031,4344,2657,28,3799,2797,415",509.0638122558594,,,,,0
22,o_proj,gptq,5120,5120,0,0.002017669677734375,0.0014687347412109374,94.407639406214,0.009422726412970322,737.749755859375,574.037109375,18.27129364013672,45.829383850097656,31.18627166748047,49.06340408325195,0.6683814525604248,94.07330322265625,0.056111082434654236,"4966,5094,4838,4710,3937,2557,4667,627,2173,4449,115,2301,371,4193,4582,499",29.17707061767578,,,,,0
22,gate_proj,gptq,13824,5120,0,0.0020074915002893517,0.0014710744222005208,210.48484805736894,0.007277890856557157,1935.9814453125,1783.2474365234375,192.74465942382812,359.3743896484375,327.6183166503906,394.49591064453125,0.6076066493988037,209.90325927734375,0.1488160938024521,"11,4610,2950,655,4938,4020,228,2099,1307,3593,2468,3553,2710,1466,1093,2896",73.0838851928711,,,,,0
22,up_proj,gptq,13824,5120,0,0.0020017835828993057,0.0014998118082682292,224.4364736372891,0.006863425293389122,2161.115234375,1993.30712890625,215.05809020996094,387.8778076171875,355.94317626953125,431.71160888671875,0.6076066493988037,223.80441284179688,0.10345060378313065,"11,2950,4610,655,4938,2099,4020,228,3593,1307,3553,2468,2710,1466,1093,693",73.0838851928711,,,,,0
22,down_proj,gptq,5120,13824,0,0.001979757238317419,0.0015150705973307292,230.2301693873378,0.007268277448210694,2260.521484375,2041.80419921875,49.60134506225586,104.03616333007812,76.82862854003906,162.01304626464844,0.9975539445877075,240.9801788330078,0.2270277440547943,"11214,13790,8269,8083,2526,2955,13173,12207,11892,154,3589,6278,3109,3487,8928,1373",4755.3408203125,,,,,0
23,q_proj,gptq,5120,5120,0,0.0020095443725585936,0.001474456787109375,96.3524498535017,0.008623149921200404,758.6859130859375,691.260009765625,124.4295883178711,288.78131103515625,214.54458618164062,308.18426513671875,0.6731643676757812,95.88945007324219,0.3444855809211731,"693,157,2099,3388,2953,4344,1031,4610,28,1824,3931,2657,2428,1754,2673,3089",450.5252380371094,,,,,0
23,k_proj,gptq,1024,5120,0,0.0020282745361328127,0.0014484405517578125,28.284670569610952,0.009858921517542822,203.2986297607422,184.9358367919922,33.94988250732422,86.87825012207031,61.06377410888672,95.40264892578125,0.6731643676757812,28.111282348632812,0.3967759609222412,"693,2099,157,3388,2953,4344,1824,4610,1031,28,2428,3931,2657,2673,1754,3799",450.5252380371094,,,,,0
23,v_proj,gptq,1024,5120,0,0.0019771575927734373,0.0014617919921875,13.42548913921071,0.006279255922380792,141.7801513671875,132.49818420410156,21.7886962890625,43.391929626464844,31.990455627441406,43.838623046875,0.6731643676757812,13.35114860534668,0.15654638409614563,"693,157,2099,3388,2953,4344,1824,1031,4610,3931,2428,28,2657,3799,2673,4373",450.5252380371094,,,,,0
23,o_proj,gptq,5120,5120,0,0.001999778747558594,0.0014679336547851563,100.41535859933921,0.009414775671374453,787.5035400390625,614.59375,19.861520767211914,55.53844451904297,39.974510192871094,60.89310073852539,0.6096148490905762,100.13812255859375,0.060537368059158325,"3679,3807,3551,778,650,1162,4477,3295,1034,4221,426,4349,3014,2758,4093,3750",25.949129104614258,,,,,0
23,gate_proj,gptq,13824,5120,0,0.0020070676450376157,0.0014815012613932292,224.66307211906678,0.0074861805872306906,2047.364501953125,1878.109619140625,204.67015075683594,387.0639343261719,352.1725769042969,414.2889404296875,0.6147751212120056,223.06451416015625,0.1585139036178589,"11,4610,2950,655,4938,4020,2099,3593,228,1307,2468,3553,2710,1093,1466,2896",89.178466796875,,,,,0
23,up_proj,gptq,13824,5120,0,0.0020042984573929398,0.0015005888762297454,225.14038255230753,0.00693668754560083,2173.73486328125,1999.302001953125,216.89675903320312,399.7537841796875,361.82855224609375,436.13995361328125,0.6147751212120056,224.24105834960938,0.10846167057752609,"11,2950,4610,655,4938,4020,2099,3593,228,1307,3553,2468,2710,1093,1466,1145",89.178466796875,,,,,0
23,down_proj,gptq,5120,13824,0,0.0019782737449363427,0.001514576099537037,306.3512718766942,0.009723172200081334,2326.54345703125,2034.818359375,47.188140869140625,88.89897155761719,82.27490997314453,99.84611511230469,0.699134111404419,305.04351806640625,0.1069352924823761,"7833,9808,11335,8734,8095,9651,6620,7254,4742,8482,6962,11813,10013,8616,12845,1325",679.3125,,,,,0
24,q_proj,gptq,5120,5120,0,0.00198822021484375,0.001465606689453125,102.35771928166469,0.008533069561600487,828.8951416015625,774.5968017578125,139.55313110351562,351.40057373046875,237.90081787109375,376.28265380859375,0.668441653251648,100.75546264648438,0.32895222306251526,"693,2099,157,3388,2953,4344,1031,1824,28,4610,3931,2428,2673,3799,1754,228",555.4452514648438,,,,,0
24,k_proj,gptq,1024,5120,0,0.0020208358764648438,0.0014812469482421875,38.13470269620848,0.011632762339791011,247.3979949951172,231.1263885498047,44.811798095703125,118.52645111083984,82.79157257080078,130.75872802734375,0.668441653251648,36.35688781738281,0.40788352489471436,"693,2099,157,2953,3388,1824,4344,1031,28,3931,4610,2428,3799,2673,2797,228",555.4452514648438,,,,,0
24,v_proj,gptq,1024,5120,0,0.001969146728515625,0.0014642715454101563,10.717877253526865,0.005830583121786957,122.08485412597656,114.9853515625,18.35684585571289,41.44773483276367,27.374732971191406,41.800506591796875,0.668441653251648,10.655935287475586,0.18195092678070068,"693,157,2099,3388,2953,1824,4344,1031,28,4610,3931,2673,2657,3799,2428,1754",555.4452514648438,,,,,0
24,o_proj,gptq,5120,5120,0,0.002016639709472656,0.0014758682250976562,87.58479489574984,0.009004837419564335,702.9644775390625,562.005615234375,18.950050354003906,53.23607635498047,33.3558235168457,58.10597229003906,0.7110220193862915,86.74166870117188,0.06892840564250946,"2786,4552,154,2027,282,3042,749,2914,3170,2658,1133,1261,2488,538,4462,3699",28.339345932006836,,,,,0
24,gate_proj,gptq,13824,5120,0,0.0020070817735460067,0.0014791841860170717,225.298436649201,0.007447746597356047,2017.923583984375,1854.10791015625,196.66329956054688,368.15826416015625,328.1604309082031,388.2939758300781,0.5586071014404297,224.3481903076172,0.1328430324792862,"11,2950,4610,655,4938,2099,4020,2710,228,3593,3553,1307,2468,1466,1093,693",101.44696807861328,,,,,0
24,up_proj,gptq,13824,5120,0,0.0020032388192635997,0.0015085008409288195,232.29989105654204,0.007147986645173956,2158.36474609375,1985.776611328125,210.54693603515625,383.765625,343.78631591796875,410.569580078125,0.5586071014404297,231.43682861328125,0.0971711203455925,"11,2950,4610,4938,655,2099,4020,228,2710,3593,3553,2468,1307,1466,1093,3931",101.44696807861328,,,,,0
24,down_proj,gptq,5120,13824,0,0.0019802799931278934,0.0015108885588469329,288.3778831623713,0.00914487051022638,2238.19873046875,1957.0732421875,43.166114807128906,76.02945709228516,85.85795593261719,95.31233978271484,0.10047654807567596,287.72314453125,0.07530636340379715,"11501,4504,1769,2497,13682,9601,12522,6878,7824,12333,9653,10710,10250,10471,5243,7491",231.212890625,,,,,0
25,q_proj,gptq,5120,5120,0,0.0020066070556640624,0.0014714813232421875,101.38005467052668,0.008912643992843602,788.9393920898438,721.8294067382812,157.14431762695312,399.05908203125,277.65875244140625,453.86767578125,0.6755468249320984,100.76839447021484,0.3801411986351013,"693,157,2099,3388,1031,4344,1824,2953,28,4610,3931,2428,2673,228,3799,212",487.976318359375,,,,,0
25,k_proj,gptq,1024,5120,0,0.0019945144653320313,0.0014627456665039062,31.256224093289035,0.010523657640710019,220.7972869873047,202.40200805664062,45.15184020996094,122.64814758300781,81.66775512695312,132.32156372070312,0.6755468249320984,31.11423683166504,0.4311438202857971,"693,2099,157,3388,1031,1824,4344,2953,28,3931,4610,2428,2673,228,212,3799",487.976318359375,,,,,0
25,v_proj,gptq,1024,5120,0,0.001991081237792969,0.0014207839965820312,12.860544891822647,0.007612414870215532,131.86456298828125,123.10472106933594,24.437515258789062,53.82714080810547,38.07493209838867,53.484737396240234,0.6755468249320984,12.603351593017578,0.2085166722536087,"693,157,2099,1824,1031,4610,3388,2953,28,3799,4344,2428,2797,3931,2673,228",487.976318359375,,,,,0
25,o_proj,gptq,5120,5120,0,0.002013397216796875,0.0014675521850585937,88.01271347244983,0.009238564923986347,723.9805908203125,549.4004516601562,14.97991943359375,41.87400817871094,22.659130096435547,37.46327209472656,0.7817106246948242,87.85189819335938,0.07113395631313324,"2967,2583,2325,2839,2453,1941,3095,2197,1053,3994,797,3866,4122,4250,2069,4378",42.43014144897461,,,,,0
25,gate_proj,gptq,13824,5120,0,0.00201028894495081,0.0014686301902488426,217.22938010904545,0.0073991279903366375,1968.2939453125,1798.580322265625,194.1243896484375,356.2942199707031,322.3741760253906,386.0103454589844,0.5771006941795349,216.61822509765625,0.1320580244064331,"11,2950,4610,4938,655,4020,2710,2099,3593,228,3553,1093,2468,1466,1307,1567",106.4330825805664,,,,,0
25,up_proj,gptq,13824,5120,0,0.0019987318250868054,0.0015097017641420717,231.41027460342775,0.0070418059301194345,2177.1103515625,1993.7059326171875,214.90673828125,384.51910400390625,349.5825500488281,422.7605285644531,0.5771006941795349,230.8123016357422,0.0965212732553482,"11,2950,4610,4938,655,4020,2099,2710,3593,3553,228,1093,1466,2468,1567,1307",106.4330825805664,,,,,0
25,down_proj,gptq,5120,13824,0,0.0019889548972800925,0.0015123861807364006,286.7145068473883,0.009067426548796375,2240.330078125,1962.759033203125,46.206153869628906,76.09475708007812,90.67634582519531,92.0772705078125,0.17897117137908936,285.7490234375,0.07923615723848343,"9569,8438,6785,11641,1267,5616,4788,9440,11856,2182,10947,3979,2794,4934,10483,4876",99.93598175048828,,,,,0
26,q_proj,gptq,5120,5120,0,0.0019860458374023437,0.00146514892578125,99.38843573731174,0.008428281525098011,832.9178466796875,760.177978515625,136.21762084960938,338.01287841796875,246.79833984375,377.8681640625,0.6564106941223145,98.60086822509766,0.3776147961616516,"693,2099,157,3388,2953,4344,228,1031,4610,2428,28,1824,3931,2657,3799,1754",570.7064208984375,,,,,0
26,k_proj,gptq,1024,5120,0,0.0019718170166015624,0.0014562606811523438,30.448395277501504,0.009174802146915137,234.896484375,216.28411865234375,39.264930725097656,104.07028198242188,73.3420639038086,113.90670776367188,0.6564106941223145,30.214031219482422,0.4149547219276428,"693,2099,157,3388,2953,228,4344,4610,1824,1031,2428,3931,28,2657,3799,2797",570.7064208984375,,,,,0
26,v_proj,gptq,1024,5120,0,0.0019931793212890625,0.0014408111572265625,10.049185990799515,0.0062804341032691524,104.91796875,96.71681213378906,16.3131103515625,37.93855285644531,26.171627044677734,39.879432678222656,0.6564106941223145,9.98723316192627,0.24742281436920166,"693,2099,157,3388,2953,228,4344,1031,1824,4610,2428,28,3931,2657,3799,2673",570.7064208984375,,,,,0
26,o_proj,gptq,5120,5120,0,0.002020225524902344,0.001448211669921875,79.16699831243022,0.00871714109708294,657.3536376953125,521.9948120117188,17.12276268005371,51.973052978515625,27.221759796142578,57.50151443481445,0.8422842621803284,78.69342041015625,0.0859665498137474,"4858,5114,4602,4986,4730,4115,2820,1514,2692,402,1770,1642,4243,1140,3859,1268",57.52143859863281,,,,,0
26,gate_proj,gptq,13824,5120,0,0.0019933064778645832,0.0014547277379918981,214.3564338462893,0.007612473644611247,1936.06884765625,1771.4984130859375,197.3464813232422,362.38385009765625,346.75323486328125,414.96630859375,0.5916264057159424,213.59878540039062,0.1488489955663681,"11,4610,2950,655,4938,2099,1093,4020,2710,228,3593,1567,1466,3553,4794,4436",112.37580871582031,,,,,0
26,up_proj,gptq,13824,5120,0,0.0020006674307364004,0.0015029342086226851,233.5467067293357,0.007019699144446833,2235.09130859375,2048.017578125,227.94549560546875,405.9629821777344,390.42626953125,472.23272705078125,0.5916264057159424,233.03273010253906,0.1051272451877594,"11,2950,4610,655,4938,2099,1093,4020,228,2710,3593,1567,1466,3553,4794,4436",112.37580871582031,,,,,0
26,down_proj,gptq,5120,13824,0,0.0019837414776837383,0.0015174724437572338,282.80866097770195,0.008853188084901233,2301.81103515625,2032.7554931640625,51.23450469970703,83.15882873535156,102.2838134765625,113.10588073730469,0.43039125204086304,281.70513916015625,0.08983071893453598,"10212,2641,1326,11593,10013,6730,9278,8577,2804,13306,5513,9900,10445,8887,1327,11920",416.2225341796875,,,,,0
27,q_proj,gptq,5120,5120,0,0.0019909286499023436,0.001480255126953125,96.06266817391014,0.008139182373869205,796.44921875,728.0626220703125,134.29629516601562,330.83740234375,245.7279815673828,375.9859313964844,0.6536164283752441,95.43600463867188,0.39097902178764343,"693,157,2099,3388,2953,4610,228,1031,4344,2428,3931,28,1824,3799,2657,2797",506.0453796386719,,,,,0
27,k_proj,gptq,1024,5120,0,0.0019731521606445312,0.0014957427978515626,29.182397023705676,0.008668736919349248,240.62393188476562,218.5855255126953,40.60182571411133,103.3430404663086,74.7425765991211,114.4616928100586,0.6536164283752441,29.038196563720703,0.390441358089447,"693,2099,157,3388,2953,228,4610,1031,4344,2428,1824,3931,2657,28,3799,2797",506.0453796386719,,,,,0
27,v_proj,gptq,1024,5120,0,0.0020341873168945312,0.0014568328857421874,12.031437022352144,0.006600239314361831,124.61811828613281,116.53738403320312,20.127952575683594,43.6165771484375,33.117942810058594,47.792274475097656,0.6536164283752441,11.936330795288086,0.23954950273036957,"693,2099,157,3388,2953,228,4610,1031,1824,4344,3799,3931,2428,2657,2797,4373",506.0453796386719,,,,,0
27,o_proj,gptq,5120,5120,0,0.002025794982910156,0.0014481735229492187,81.58268908248283,0.008678162000102053,660.6116333007812,536.44384765625,23.485477447509766,65.51852416992188,34.28551483154297,68.01739501953125,0.8693757653236389,81.35725402832031,0.06214641034603119,"3267,3395,3523,3779,3651,970,714,2943,2815,1226,1098,2144,3071,4562,2356,1972",76.0053939819336,,,,,0
27,gate_proj,gptq,13824,5120,0,0.002001416241681134,0.0014565503155743633,214.30140490794656,0.007816207553456127,1905.3978271484375,1762.1171875,206.43910217285156,391.87884521484375,368.73016357421875,456.87786865234375,0.6027100086212158,213.08856201171875,0.16432781517505646,"11,2950,4610,655,4938,1093,2099,2710,4020,228,1567,3593,3553,1466,4794,4436",136.60000610351562,,,,,0
27,up_proj,gptq,13824,5120,0,0.0020013738561559607,0.001506183765552662,229.00435555954027,0.006917691960795415,2220.5556640625,2045.069091796875,240.460205078125,439.1551513671875,417.7214660644531,515.214599609375,0.6027100086212158,228.25588989257812,0.11049073934555054,"11,4610,2950,655,1093,4938,2099,2710,4020,228,1567,3593,3553,4794,4436,1466",136.60000610351562,,,,,0
27,down_proj,gptq,5120,13824,0,0.001979827880859375,0.0015209904423466435,296.2372190651804,0.009264574141131326,2360.725341796875,2085.77001953125,61.846702575683594,100.68055725097656,260.9427795410156,215.64859008789062,0.8365605473518372,295.3277587890625,0.11334364861249924,"13181,5347,460,4185,8474,7730,3623,4235,9227,12846,10982,11201,12898,8013,4480,11960",326.8810119628906,,,,,0
28,q_proj,gptq,5120,5120,0,0.0020058441162109377,0.001470184326171875,94.35106504521957,0.008817727782733974,721.9244384765625,651.9463500976562,134.25917053222656,317.54315185546875,250.64517211914062,369.98382568359375,0.6630373597145081,93.80810546875,0.4142899513244629,"693,157,2099,3388,2953,1031,1824,28,2428,3931,4344,3799,228,2657,1754,2673",409.4747619628906,,,,,0
28,k_proj,gptq,1024,5120,0,0.0020151138305664062,0.0014768600463867187,25.75548028041168,0.010273094374933171,178.521484375,161.17372131347656,33.81966781616211,86.12564086914062,63.79380798339844,99.759521484375,0.6630373597145081,25.634288787841797,0.46888744831085205,"693,157,2099,3388,2953,1824,1031,28,3931,4344,2428,2657,228,3799,1754,2673",409.4747619628906,,,,,0
28,v_proj,gptq,1024,5120,0,0.0020000457763671873,0.0014537811279296876,15.491423349435113,0.006445682374318051,163.4100341796875,152.5079345703125,28.46208953857422,56.944236755371094,45.0217399597168,62.111122131347656,0.6630373597145081,15.396404266357422,0.21488463878631592,"693,157,1824,2099,2953,1031,28,2428,3388,3799,4344,3931,2657,2673,228,2797",409.4747619628906,,,,,0
28,o_proj,gptq,5120,5120,0,0.002016410827636719,0.0014737701416015624,105.6597158022596,0.009681332279633597,835.34521484375,627.1871337890625,27.944721221923828,72.33997344970703,48.38068771362305,77.49931335449219,0.737755537033081,104.83086395263672,0.05857511982321739,"3017,3068,818,1202,2968,2978,1074,3067,690,3013,2963,2992,2964,3070,3003,2989",34.389671325683594,,,,,0
28,gate_proj,gptq,13824,5120,0,0.001995340983072917,0.0014724166304976851,217.6256898419524,0.00774318489443562,1911.65478515625,1820.8724365234375,206.02987670898438,420.3210144042969,374.62261962890625,471.9837341308594,0.6420401930809021,216.25521850585938,0.18250973522663116,"4610,2950,655,4938,1093,2710,4020,11,2099,3593,3553,1567,228,1466,4794,4436",162.28466796875,,,,,0
28,up_proj,gptq,13824,5120,0,0.0020052026819299767,0.0015030189796730324,231.195805502226,0.006795257200334958,2262.577392578125,2119.79296875,243.385498046875,474.1630859375,428.6619873046875,539.0217895507812,0.6420401930809021,230.17898559570312,0.1281009167432785,"4610,2950,655,11,1093,4938,4020,3593,2099,2710,4794,1567,3553,228,1466,4436",162.28466796875,,,,,0
28,down_proj,gptq,5120,13824,0,0.0019833317509403937,0.001519846033166956,308.4320492693405,0.009496316457704464,2402.13525390625,2133.582763671875,70.59803771972656,125.26214599609375,125.39639282226562,140.67886352539062,0.8670990467071533,307.1756591796875,0.10116574168205261,"6193,1743,4418,12379,5743,1635,5528,4544,1596,5370,9215,6290,9849,1608,8984,7148",673.1106567382812,,,,,0
29,q_proj,gptq,5120,5120,0,0.00198486328125,0.0014670562744140624,97.91356909724394,0.008925868444048862,760.9609985351562,699.195068359375,158.02133178710938,399.9530944824219,284.469970703125,461.9337158203125,0.6857855916023254,97.14347839355469,0.39055290818214417,"693,157,2099,3388,2953,1031,1824,2428,3799,3931,4610,28,2797,2657,2673,4344",379.72705078125,,,,,0
29,k_proj,gptq,1024,5120,0,0.0020120620727539064,0.0014570236206054687,35.035454069958675,0.013807636111933303,198.14199829101562,184.65597534179688,45.39008712768555,117.84969329833984,89.44627380371094,139.3389892578125,0.6857855916023254,34.25495147705078,0.48717740178108215,"693,157,2099,1824,3388,2953,2428,1031,4610,3799,3931,28,2657,2797,2673,4344",379.72705078125,,,,,0
29,v_proj,gptq,1024,5120,0,0.0019954681396484376,0.001486968994140625,13.273947816349347,0.006015467842721714,152.7574005126953,142.63478088378906,28.834487915039062,65.1275405883789,45.089027404785156,65.64310455322266,0.6857855916023254,13.189716339111328,0.19588816165924072,"693,157,1824,2099,2953,3799,3388,2428,1031,4610,3931,28,2797,2657,2673,4373",379.72705078125,,,,,0
29,o_proj,gptq,5120,5120,0,0.002036590576171875,0.0014584732055664062,98.78214669841236,0.009273220355719662,783.2045288085938,608.1412353515625,29.297618865966797,74.09496307373047,47.344581604003906,79.86280059814453,0.7280293703079224,98.53356170654297,0.051052387803792953,"1536,2866,2794,1792,1408,1664,905,4104,777,2610,2738,4232,4360,1161,1033,1280",30.028398513793945,,,,,0
29,gate_proj,gptq,13824,5120,0,0.0019971211751302082,0.0014666945845992476,216.41205528477076,0.007656864229596568,1901.615234375,1800.4613037109375,212.99093627929688,441.2035827636719,383.077392578125,482.29693603515625,0.7546730637550354,215.2879180908203,0.1741579920053482,"655,2950,4610,4938,2710,4020,3593,1093,3553,2099,1567,4794,1466,4436,11,3532",182.07669067382812,,,,,0
29,up_proj,gptq,13824,5120,0,0.0020040441442418983,0.0014947114167390045,229.49989599038872,0.006734867475848374,2241.472900390625,2082.6064453125,251.020263671875,489.06500244140625,435.5195617675781,546.5169067382812,0.7546730637550354,228.9288787841797,0.12024950236082077,"2950,655,4610,4938,2710,4020,3593,1093,3553,1567,2099,4794,1466,11,4436,4775",182.07669067382812,,,,,0
29,down_proj,gptq,5120,13824,0,0.0019773695203993058,0.0015260484483506944,315.86977580124585,0.009672007338943408,2391.923828125,2104.48583984375,80.41329956054688,138.170654296875,137.05101013183594,147.4415283203125,0.4421502947807312,314.45623779296875,0.09478376805782318,"6549,1810,6114,3128,3918,3958,4698,3039,11690,9194,10797,278,9519,4107,11440,9514",162.33749389648438,,,,,0
30,q_proj,gptq,5120,5120,0,0.0019938278198242186,0.0014769744873046875,92.94563511469754,0.00827456643420686,758.2923583984375,686.3846435546875,144.32522583007812,356.06512451171875,263.56658935546875,398.9815673828125,0.6430919170379639,92.38676452636719,0.37700268626213074,"693,157,2099,3388,2953,1824,1031,3799,28,2428,3931,2657,2797,4344,1754,2673",434.6936950683594,,,,,0
30,k_proj,gptq,1024,5120,0,0.0020299911499023437,0.0014963150024414062,29.70139864542383,0.011082662924464453,189.14404296875,176.83389282226562,38.21295928955078,106.24961853027344,77.43548583984375,123.35509490966797,0.6430919170379639,29.59428596496582,0.4887428283691406,"693,2099,157,3388,2953,1824,3799,1031,28,3931,2428,2657,4610,4344,2797,1754",434.6936950683594,,,,,0
30,v_proj,gptq,1024,5120,0,0.002014923095703125,0.0015153884887695312,15.318540826783693,0.006483623034497418,170.22109985351562,164.22763061523438,30.420448303222656,65.47444915771484,47.213623046875,67.63117980957031,0.6430919170379639,15.158480644226074,0.194770947098732,"693,157,2099,3799,1824,2953,1031,2428,2797,4610,3931,3388,28,415,4373,4344",434.6936950683594,,,,,0
30,o_proj,gptq,5120,5120,0,0.0020199203491210937,0.0014788055419921876,105.97734697320266,0.009616364934675709,825.6190185546875,626.798095703125,37.239444732666016,91.87080383300781,57.54479217529297,93.95536804199219,0.8069124221801758,105.21138763427734,0.044411059468984604,"2186,2314,2442,2058,2849,3756,3869,3105,4125,2593,3880,3628,3916,3372,3940,1311",41.092403411865234,,,,,0
30,gate_proj,gptq,13824,5120,0,0.002001458627206308,0.0014650274206090856,220.27716637277035,0.007702654774459283,1901.454833984375,1804.11962890625,221.14210510253906,465.5186767578125,406.892578125,511.33001708984375,0.8086785078048706,219.43692016601562,0.17910067737102509,"655,2950,4938,2710,4610,4020,3593,1093,3553,2099,4794,1466,1567,4436,2468,3532",201.63507080078125,,,,,0
30,up_proj,gptq,13824,5120,0,0.002011602896231192,0.0015112841570818867,229.57805653885316,0.006718140089465462,2219.2900390625,2064.097900390625,257.5958557128906,516.4983520507812,456.4245910644531,573.2431640625,0.8086785078048706,228.92791748046875,0.12357672303915024,"2950,655,4938,4610,2710,4020,1093,3593,3553,1466,4794,2099,1567,4436,3532,2896",201.63507080078125,,,,,0
30,down_proj,gptq,5120,13824,0,0.001985846625434028,0.0015188429090711806,321.3293674393317,0.009792138448406654,2366.6220703125,2067.520263671875,92.64981079101562,160.40663146972656,160.00291442871094,168.78109741210938,0.5771573781967163,320.087646484375,0.11005157977342606,"5627,9289,5032,3252,11021,8768,5923,1023,9109,10944,1656,5758,8053,4875,9313,5741",302.9912109375,,,,,0
31,q_proj,gptq,5120,5120,0,0.0020109176635742187,0.0014737319946289062,91.82350746477277,0.00822179606415472,753.6055908203125,681.6909790039062,142.79164123535156,346.1826171875,267.612548828125,389.616943359375,0.6089165806770325,91.54135131835938,0.36556804180145264,"693,2099,157,3388,2953,1824,1031,3799,3931,2428,28,2797,4610,1754,2657,4925",517.59033203125,,,,,0
31,k_proj,gptq,1024,5120,0,0.00199432373046875,0.0014501571655273437,29.75066080180295,0.011113506222041282,187.73812866210938,173.64144897460938,37.75306701660156,101.08614349365234,80.73812103271484,112.4337158203125,0.6089165806770325,29.743812561035156,0.47703084349632263,"693,2099,157,3388,2953,1824,1031,3931,3799,2428,28,4610,2797,2657,1754,2673",517.59033203125,,,,,0
31,v_proj,gptq,1024,5120,0,0.0020038604736328123,0.0015031814575195313,15.055418657770474,0.006084633595072604,164.3126983642578,152.363525390625,29.56299591064453,65.62582397460938,48.61674880981445,67.13510131835938,0.6089165806770325,15.001197814941406,0.21559971570968628,"693,2099,157,2953,1031,1824,3388,3799,2428,28,2797,3931,4610,2657,1754,4373",517.59033203125,,,,,0
31,o_proj,gptq,5120,5120,0,0.0020201873779296877,0.0014809417724609376,105.87610147761734,0.009566534834031415,783.4160766601562,631.0928955078125,32.62920379638672,89.00044250488281,54.97793960571289,86.09461212158203,0.6111571788787842,105.445068359375,0.04460947960615158,"4597,4853,4981,4725,3809,4442,1421,5109,4186,1293,1549,3169,2022,3294,3930,1805",20.538076400756836,,,,,0
31,gate_proj,gptq,13824,5120,0,0.00200159991229022,0.0014622723614728008,229.32075418977,0.007862348638439416,1935.855224609375,1841.68798828125,255.4920196533203,565.0758056640625,464.28997802734375,588.6961669921875,0.8069870471954346,228.12942504882812,0.18827053904533386,"655,2710,4938,2950,4020,4610,3553,3593,2468,1093,3532,2896,1466,1307,1567,4794",259.7908935546875,,,,,0
31,up_proj,gptq,13824,5120,0,0.00200794361255787,0.0015026092529296874,230.0279086820392,0.006761711610395609,2207.99267578125,2054.343017578125,289.98236083984375,610.2889404296875,506.5787048339844,645.9224853515625,0.8069870471954346,229.4039306640625,0.1271689534187317,"655,2710,2950,4938,4610,4020,3553,3593,1093,2468,1466,3532,2896,1307,4794,4436",259.7908935546875,,,,,0
31,down_proj,gptq,5120,13824,0,0.00198410881890191,0.001524282384801794,319.0932709012309,0.009740661689493061,2334.072265625,2037.5576171875,114.16288757324219,200.68951416015625,186.8774871826172,195.67849731445312,0.38856446743011475,318.0648498535156,0.10256677865982056,"5755,308,6024,13773,9938,3976,3574,6550,3443,13072,5511,11123,3369,3811,520,7143",111.54945373535156,,,,,0
32,q_proj,gptq,5120,5120,0,0.001998443603515625,0.001471710205078125,86.55719014757233,0.00769762281463111,750.889404296875,689.3281860351562,156.39703369140625,409.31573486328125,291.28973388671875,451.9239196777344,0.6047328114509583,85.99334716796875,0.3098386526107788,"693,2099,157,2953,3388,3931,3799,1031,4610,1824,2428,2797,2657,28,4373,4436",387.9245910644531,,,,,0
32,k_proj,gptq,1024,5120,0,0.0019695281982421873,0.00146636962890625,29.373950283004888,0.011944025109476383,177.4498291015625,165.0245361328125,42.30862808227539,107.57463073730469,87.53600311279297,119.70870208740234,0.6047328114509583,29.192455291748047,0.4087652564048767,"693,2099,157,3388,3931,2953,1824,3799,4610,1031,2428,2797,4436,2657,28,4373",387.9245910644531,,,,,0
32,v_proj,gptq,1024,5120,0,0.001994895935058594,0.0014852523803710938,23.493551796686006,0.009679932965370164,173.86024475097656,183.4734344482422,40.04400634765625,93.65740966796875,70.42109680175781,95.94658660888672,0.6047328114509583,23.260940551757812,0.21503986418247223,"4610,4436,3799,2428,4373,693,2797,2099,4794,3931,415,157,1824,4517,1738,2953",387.9245910644531,,,,,0
32,o_proj,gptq,5120,5120,0,0.0020468521118164064,0.0014755630493164063,103.52220690989634,0.009080441849826567,794.9342041015625,648.198486328125,31.185989379882812,72.56344604492188,54.225807189941406,79.99296569824219,0.6456927061080933,103.32340240478516,0.06191711500287056,"3207,3591,3335,3022,3719,37,421,3463,165,799,293,671,2894,927,1183,4484",39.800113677978516,,,,,0
32,gate_proj,gptq,13824,5120,0,0.002015671906647859,0.0014707635950159143,233.26089266737557,0.007844822454394133,1968.115478515625,1844.380859375,281.9064636230469,599.0189819335938,510.18951416015625,622.3577880859375,0.789635956287384,232.2241973876953,0.17602546513080597,"2710,655,4938,2950,4020,3553,4610,3593,1093,2468,1307,2896,3286,1466,4794,3532",264.712158203125,,,,,0
32,up_proj,gptq,13824,5120,0,0.002010345458984375,0.0015128806785300927,232.3992588792134,0.006895070260427071,2184.04345703125,2009.15625,312.941162109375,634.3412475585938,544.2940673828125,668.94873046875,0.789635956287384,231.83592224121094,0.12336638569831848,"2710,655,4938,2950,4020,4610,3553,3593,1093,1307,2896,2468,4794,1466,3286,1567",264.712158203125,,,,,0
32,down_proj,gptq,5120,13824,0,0.001976592452437789,0.0015177691424334491,305.4188635032915,0.009351724440859743,2290.35302734375,1990.9722900390625,132.05844116210938,222.73828125,213.61642456054688,220.9077606201172,0.39665019512176514,304.5027770996094,0.08570694923400879,"3826,3349,6028,12830,3643,6267,13520,11443,8477,13129,13555,871,5043,6293,1551,13524",149.88177490234375,,,,,0
33,q_proj,gptq,5120,5120,0,0.0020142745971679686,0.001461334228515625,87.46233647052577,0.008067465901027972,729.947998046875,664.0772705078125,166.8371124267578,402.4839172363281,313.7489318847656,442.3387451171875,0.6041983962059021,87.0810546875,0.3305744230747223,"693,2099,157,2953,3388,3931,1824,3799,1031,2428,4610,2797,28,2657,4373,1754",431.3194885253906,,,,,0
33,k_proj,gptq,1024,5120,0,0.002009010314941406,0.0014669418334960938,28.491338040332266,0.011652931574251206,172.01480102539062,157.43382263183594,42.89054489135742,107.20005798339844,89.72442626953125,122.32980346679688,0.6041983962059021,28.36892318725586,0.44612917304039,"693,2099,157,2953,3388,1824,3799,3931,2428,1031,4610,2797,28,4373,2657,1754",431.3194885253906,,,,,0
33,v_proj,gptq,1024,5120,0,0.0020158767700195314,0.0014799118041992187,17.988047786036077,0.00690395190143223,175.27886962890625,163.03221130371094,38.583106994628906,85.18195343017578,65.22480773925781,88.31088256835938,0.6041983962059021,17.917522430419922,0.18536494672298431,"693,2099,157,1824,2953,3799,3931,1031,2428,4610,3388,2797,4373,28,2657,4436",431.3194885253906,,,,,0
33,o_proj,gptq,5120,5120,0,0.0020422744750976563,0.00149261474609375,101.27592141123023,0.008943909403060587,792.3936767578125,641.683837890625,37.131591796875,90.58457946777344,57.91598129272461,90.433837890625,0.7602364420890808,101.1046142578125,0.04912783205509186,"668,924,1180,1052,970,2996,796,2612,174,558,381,3124,1226,714,907,1915",25.70985221862793,,,,,0
33,gate_proj,gptq,13824,5120,0,0.0020062199345341437,0.0014719645182291667,243.31925455720466,0.008077363711127682,1996.59228515625,1889.872314453125,346.1689147949219,770.8804931640625,620.3042602539062,784.06591796875,0.8044283986091614,242.0382537841797,0.20729891955852509,"2710,655,4938,2950,4020,3553,4610,2468,3593,2896,1093,1307,1466,3286,1567,3532",299.1456298828125,,,,,0
33,up_proj,gptq,13824,5120,0,0.0020046375415943285,0.0015054773401331019,232.48080063238376,0.006874568494744857,2186.1376953125,2027.298095703125,376.6221008300781,800.7645263671875,648.641845703125,830.6876220703125,0.8044283986091614,231.79441833496094,0.1421073079109192,"2710,655,4938,2950,4020,3553,4610,3593,1093,2468,2896,1466,1307,3532,4794,1567",299.1456298828125,,,,,0
33,down_proj,gptq,5120,13824,0,0.0019873725043402777,0.0015178962990089698,316.47645599839234,0.009698776469761547,2306.86474609375,2016.489990234375,190.7789306640625,339.8101806640625,308.06439208984375,341.03399658203125,0.5993830561637878,314.66119384765625,0.125138059258461,"6192,5257,1439,8020,2685,6033,8618,3237,10304,4294,3255,10431,9456,11370,3172,5473",182.3740692138672,,,,,0
34,q_proj,gptq,5120,5120,0,0.0019968032836914064,0.0014646148681640625,82.9443968483856,0.007873251485265471,702.671630859375,647.9856567382812,182.54225158691406,465.0751037597656,350.1304016113281,512.5133056640625,0.6070967316627502,82.50636291503906,0.323594868183136,"693,2099,157,3931,2953,1824,3799,3388,2428,4610,1031,28,2797,2657,4373,4436",397.6560363769531,,,,,0
34,k_proj,gptq,1024,5120,0,0.0020050048828125,0.001480865478515625,26.38064185578483,0.012081279524367215,153.72508239746094,138.8337860107422,45.164703369140625,111.72466278076172,99.0025634765625,124.7864990234375,0.6070967316627502,26.256587982177734,0.4182873070240021,"693,2099,157,2953,3931,3799,1824,3388,2428,4610,1031,28,2797,4436,2657,4373",397.6560363769531,,,,,0
34,v_proj,gptq,1024,5120,0,0.00201416015625,0.0015096664428710938,22.7695313199931,0.00897409587039865,177.15371704101562,172.443115234375,47.92991638183594,111.93685913085938,84.18990325927734,117.49324035644531,0.6070967316627502,22.649181365966797,0.213678240776062,"693,2099,1824,3799,157,3931,2428,2953,4610,3388,2797,4436,1031,2657,4794,4373",397.6560363769531,,,,,0
34,o_proj,gptq,5120,5120,0,0.002034454345703125,0.0014980316162109375,99.28970184455466,0.008762805124924153,790.0374145507812,645.6344604492188,33.954612731933594,86.49945831298828,73.81790161132812,100.84237670898438,0.44893768429756165,99.03761291503906,0.05263489857316017,"5051,4667,4795,4539,1894,4923,926,3370,2073,1510,1945,2201,3754,2329,3924,798",26.998010635375977,,,,,0
34,gate_proj,gptq,13824,5120,0,0.002006672046802662,0.0014791418004918983,248.03315194167317,0.008050146298530436,2034.7471923828125,1905.7125244140625,415.13671875,937.4501953125,746.9576416015625,926.4112548828125,0.7923189997673035,246.9486541748047,0.20682337880134583,"2710,4938,655,4020,2950,2896,3553,2468,3286,3593,1145,4610,3532,1307,1684,1567",360.9960021972656,,,,,0
34,up_proj,gptq,13824,5120,0,0.0020119984944661456,0.0015175289577907987,228.29582102200584,0.006805547748936672,2155.90625,1994.070068359375,437.92987060546875,950.8812866210938,753.42236328125,952.1143188476562,0.7923189997673035,227.61639404296875,0.1358170509338379,"2710,4938,655,2950,4020,3553,2896,2468,4610,3593,1145,3286,1307,1684,3532,1567",360.9960021972656,,,,,0
34,down_proj,gptq,5120,13824,0,0.0019883756284360533,0.0015213153980396413,327.1708682692879,0.010027648345077073,2290.929931640625,1991.215087890625,234.5762481689453,430.07611083984375,379.78497314453125,393.927734375,0.308811753988266,325.84320068359375,0.15056093037128448,"4352,9804,3491,11994,2751,10456,8897,1990,12179,8317,5920,5814,3549,4107,716,6910",57.55294418334961,,,,,0
35,q_proj,gptq,5120,5120,0,0.0020026397705078126,0.0014872360229492188,88.49804028973449,0.00787171363025494,743.7340087890625,681.54150390625,169.00967407226562,468.0874328613281,328.0743408203125,485.1422119140625,0.621966540813446,88.0594253540039,0.3235757648944855,"693,2099,157,4610,3931,3799,2953,3388,1824,2428,4373,2797,4436,1031,4794,2950",486.3653564453125,,,,,0
35,k_proj,gptq,1024,5120,0,0.001995849609375,0.0014995574951171876,27.31591894351368,0.010846552206132377,174.80581665039062,163.75613403320312,44.216407775878906,123.55007934570312,98.36832427978516,124.77457427978516,0.621966540813446,27.229095458984375,0.39959579706192017,"2099,693,157,3931,4610,3799,2953,3388,2428,1824,4373,4436,1031,4794,2797,2950",486.3653564453125,,,,,0
35,v_proj,gptq,1024,5120,0,0.0019880294799804687,0.0014921188354492187,23.594448433639627,0.009092710991334699,178.65040588378906,176.65621948242188,43.0699462890625,107.1884765625,80.72647094726562,109.02174377441406,0.621966540813446,23.354095458984375,0.2838513255119324,"693,2099,157,3799,4610,3931,2953,1824,4436,2428,2797,4373,4794,3388,1031,415",486.3653564453125,,,,,0
35,o_proj,gptq,5120,5120,0,0.0020312881469726563,0.001466217041015625,111.04979938045653,0.009864862658410148,814.3487548828125,641.412109375,58.99553680419922,143.0108642578125,102.87474060058594,166.515380859375,0.7588065266609192,110.54847717285156,0.05783316120505333,"4124,4252,3996,3868,4380,4726,4598,4854,548,501,519,1313,391,629,1384,1344",49.16500473022461,,,,,0
35,gate_proj,gptq,13824,5120,0,0.0020064318621600117,0.001481557775426794,253.05422968947096,0.008022400496797859,2079.37939453125,1934.6083984375,481.21282958984375,1091.068115234375,842.9600219726562,1055.64111328125,0.7776331901550293,252.02320861816406,0.19146451354026794,"2710,4938,655,4020,2896,2950,3553,1307,2468,3593,3286,4610,1684,1145,3532,315",386.7049865722656,,,,,0
35,up_proj,gptq,13824,5120,0,0.0020103030734592016,0.001509786535192419,231.47655253678477,0.006930699139997824,2151.19873046875,1978.981201171875,495.751708984375,1085.96630859375,837.2626342773438,1057.73681640625,0.7776331901550293,230.9237823486328,0.129241943359375,"2710,4938,655,2950,4020,2896,3553,3593,1307,3286,4610,1684,2468,1145,3532,315",386.7049865722656,,,,,0
35,down_proj,gptq,5120,13824,0,0.0019768043800636576,0.0015175289577907987,325.643430193345,0.009986006263120724,2283.14208984375,1981.135009765625,293.68035888671875,536.775390625,403.8712158203125,438.68359375,0.8988214135169983,324.14483642578125,0.13723480701446533,"8724,335,51,11108,12221,12482,27,11644,10685,4201,13332,785,8977,4540,8737,11482",334.6496887207031,,,,,0
36,q_proj,gptq,5120,5120,0,0.0020059585571289063,0.00148101806640625,84.53354320279777,0.008324689896851555,681.0748291015625,615.0770263671875,210.1721649169922,536.7960815429688,393.76043701171875,559.644287109375,0.6296741962432861,84.13431549072266,0.29636454582214355,"693,2099,157,3931,3799,1824,2953,3388,2428,4610,4436,1031,2797,2657,415,4373",377.52978515625,,,,,0
36,k_proj,gptq,1024,5120,0,0.0020212173461914063,0.001479339599609375,24.767099725082517,0.013024031074270685,137.5662841796875,125.08297729492188,50.041107177734375,123.60408020019531,107.13965606689453,124.76937103271484,0.6296741962432861,24.680084228515625,0.38194042444229126,"693,2099,157,3931,3799,1824,2953,2428,3388,4436,4610,1031,2657,2797,4794,415",377.52978515625,,,,,0
36,v_proj,gptq,1024,5120,0,0.00195770263671875,0.0014795303344726563,34.00175207425514,0.011105309571835528,216.73062133789062,231.43673706054688,77.00859832763672,180.2523193359375,132.01637268066406,181.00997924804688,0.6296741962432861,33.4998664855957,0.2417018860578537,"693,3799,4610,4436,157,1824,3931,2428,415,4794,2099,2953,2797,4517,1031,4373",377.52978515625,,,,,0
36,o_proj,gptq,5120,5120,0,0.002042884826660156,0.001487579345703125,113.18455471988091,0.009007804161053979,915.9993896484375,710.8814697265625,48.412757873535156,115.70230865478516,122.43930053710938,172.56915283203125,0.48558560013771057,112.8143081665039,0.03701765462756157,"279,23,151,535,927,407,799,2788,3878,1183,4006,4134,3044,4158,2173,4262",46.227413177490234,,,,,0
36,gate_proj,gptq,13824,5120,0,0.0020077458134403936,0.0014677824797453703,250.34601840488358,0.00796485947865369,2062.112060546875,1901.49853515625,518.5639038085938,1168.7275390625,911.1990966796875,1110.3369140625,0.7701725959777832,249.64956665039062,0.1847526878118515,"2710,4938,2896,3593,655,4020,2950,3553,1307,3286,2468,1684,1576,4610,1145,315",388.65972900390625,,,,,0
36,up_proj,gptq,13824,5120,0,0.002001303213614005,0.001510549474645544,235.58925988121882,0.007026426088025398,2156.3955078125,1967.328857421875,540.937744140625,1179.123291015625,916.6241455078125,1134.876953125,0.7701725959777832,234.97113037109375,0.12876951694488525,"2710,4938,2896,3593,2950,655,4020,3553,1307,1684,3286,1576,4610,2468,1145,315",388.65972900390625,,,,,0
36,down_proj,gptq,5120,13824,0,0.0019849706579137733,0.0015235618308738427,322.9104028288896,0.009816269490822092,2278.35595703125,1976.2655029296875,360.2842712402344,663.7297973632812,519.33642578125,530.1868896484375,0.20142805576324463,321.83221435546875,0.13345091044902802,"3405,11446,8751,6475,11456,10432,2540,12298,7842,3901,17,1393,3030,4418,411,4876",116.90211486816406,,,,,0
37,q_proj,gptq,5120,5120,0,0.00201171875,0.0014780426025390624,87.77978015542863,0.008159484322917845,718.053955078125,649.8731079101562,211.4847412109375,543.443359375,393.44915771484375,559.7703247070312,0.6455910205841064,87.28530883789062,0.2599157989025116,"693,2099,157,3931,2953,3799,3388,4610,2428,1824,4436,4794,4373,2797,4517,1031",304.1815185546875,,,,,0
37,k_proj,gptq,1024,5120,0,0.0019906997680664063,0.0014583587646484375,27.44414769110051,0.012491141392123954,156.57974243164062,140.72341918945312,55.388816833496094,127.67081451416016,110.5317153930664,135.35061645507812,0.6455910205841064,27.300247192382812,0.32954731583595276,"693,2099,3931,157,3799,3388,4610,2953,1824,4436,2428,4794,2797,4373,4517,1031",304.1815185546875,,,,,0
37,v_proj,gptq,1024,5120,0,0.0020135879516601563,0.0015035629272460937,35.073871205110436,0.012770370042181853,197.003173828125,203.1039581298828,74.1813735961914,156.2393341064453,129.27117919921875,156.83090209960938,0.6455910205841064,34.57754135131836,0.23476779460906982,"4610,4436,3799,4794,4373,4517,1093,2245,415,2797,2099,1696,2428,3931,4338,351",304.1815185546875,,,,,0
37,o_proj,gptq,5120,5120,0,0.002047576904296875,0.0015009689331054689,110.29498689045431,0.009200273980988936,816.9491577148438,678.2444458007812,58.75983428955078,122.80416107177734,116.55816650390625,160.7334747314453,0.5425584316253662,109.5103988647461,0.06339399516582489,"1065,4630,681,937,1193,4758,4502,5014,809,1089,4886,2473,4256,961,976,2964",42.2491569519043,,,,,0
37,gate_proj,gptq,13824,5120,0,0.0020010206434461805,0.0014720775462962962,245.84270521182134,0.0077546692625204095,2066.867919921875,1878.5953369140625,568.693115234375,1253.7666015625,1011.89990234375,1196.864501953125,0.74176424741745,245.0116729736328,0.17627550661563873,"2710,4938,2896,3593,655,4020,1307,2950,3553,3286,1684,1576,2468,4610,1145,315",395.6706848144531,,,,,0
37,up_proj,gptq,13824,5120,0,0.0020115746392144096,0.0015187863950376157,233.24968236797486,0.006952897951388982,2152.447998046875,1951.884033203125,592.11669921875,1283.547607421875,1018.9835815429688,1226.0242919921875,0.74176424741745,232.68446350097656,0.12327714264392853,"2710,4938,2896,3593,4020,655,1307,2950,3553,1684,3286,1576,4610,1145,2468,315",395.6706848144531,,,,,0
37,down_proj,gptq,5120,13824,0,0.001979404025607639,0.001519775390625,316.24317230845736,0.009589053758249368,2259.29296875,1957.779541015625,398.941650390625,729.6768798828125,692.055908203125,682.7174072265625,0.035838671028614044,315.505126953125,0.13264711201190948,"7313,9895,5307,1229,1123,4302,2927,4620,10500,7386,8477,7104,10751,11350,6317,4413",162.05905151367188,,,,,0
38,q_proj,gptq,5120,5120,0,0.0020059967041015626,0.0014839553833007812,83.65737325508962,0.007866017817048838,701.0911254882812,636.8765869140625,206.16940307617188,528.4166870117188,390.1803894042969,557.3809814453125,0.6660499572753906,83.23487854003906,0.2742985486984253,"693,2099,3931,157,3799,2953,3388,4610,1824,2428,4436,4794,4373,415,2797,1031",317.5942687988281,,,,,0
38,k_proj,gptq,1024,5120,0,0.0020086288452148436,0.0014703750610351562,26.430633908094023,0.012876572863698255,146.79827880859375,137.3497314453125,52.283302307128906,125.54794311523438,105.6675033569336,128.37814331054688,0.6660499572753906,26.319541931152344,0.36145517230033875,"693,2099,3931,157,3799,2953,4610,1824,4436,3388,2428,4794,4373,2797,415,1031",317.5942687988281,,,,,0
38,v_proj,gptq,1024,5120,0,0.0019880294799804687,0.0015172958374023438,33.68823701282963,0.011360200716134581,207.7560272216797,207.76251220703125,72.84477996826172,158.1773681640625,138.6480712890625,161.50717163085938,0.6660499572753906,33.31821060180664,0.25734999775886536,"693,3931,2099,4436,3799,4610,4794,157,4517,1824,415,2428,4373,2797,2953,1093",317.5942687988281,,,,,0
38,o_proj,gptq,5120,5120,0,0.00204498291015625,0.0014857864379882813,104.25728958661784,0.008712274668868793,815.92333984375,676.9439697265625,57.00614929199219,137.18643188476562,112.80645751953125,171.33973693847656,0.6183410882949829,104.03292846679688,0.04658752679824829,"1512,1384,1768,1896,1640,2294,4786,4444,2383,2038,2208,5042,2080,4501,4837,5013",34.31062698364258,,,,,0
38,gate_proj,gptq,13824,5120,0,0.0020013738561559607,0.0014819533736617476,240.70479879087543,0.007604391794553533,2055.8271484375,1855.52001953125,624.497802734375,1366.69970703125,1133.772216796875,1316.854248046875,0.7293131351470947,240.0576629638672,0.16912336647510529,"2710,4938,2896,4020,3593,1307,2950,3553,1684,655,3286,1576,1145,2468,315,3489",377.3027038574219,,,,,0
38,up_proj,gptq,13824,5120,0,0.002011249683521412,0.0015208632857711226,232.77012451707196,0.006885210034405791,2163.97998046875,1951.162841796875,658.8583984375,1405.444580078125,1161.1187744140625,1370.139404296875,0.7293131351470947,232.385498046875,0.11970391869544983,"2710,4938,2896,4020,3593,1307,2950,1684,3286,3553,1576,655,1145,2468,315,3489",377.3027038574219,,,,,0
38,down_proj,gptq,5120,13824,0,0.001977623833550347,0.0015228130199291087,313.8209321159211,0.009417361941366236,2263.85302734375,1948.920654296875,450.96478271484375,822.4720458984375,710.64697265625,672.502197265625,0.11120584607124329,312.84521484375,0.12063093483448029,"11395,6880,7584,4237,6743,2803,1021,11727,4562,8265,744,3092,13745,8203,9081,8142",116.89057159423828,,,,,0
39,q_proj,gptq,5120,5120,0,0.0020016860961914063,0.001471710205078125,87.83354735051398,0.008608555658503545,682.970947265625,619.3330078125,210.0087890625,516.9923095703125,411.7320556640625,543.4486083984375,0.6568697094917297,87.32752990722656,0.2814103960990906,"693,2099,3931,157,3799,2953,1824,3388,2428,4610,4436,4373,4794,415,2797,1031",290.328369140625,,,,,0
39,k_proj,gptq,1024,5120,0,0.0020214080810546874,0.00146942138671875,23.835332263552118,0.011877193493060387,140.8253173828125,130.5104522705078,48.892364501953125,117.65394592285156,105.22357177734375,123.38645935058594,0.6568697094917297,23.799224853515625,0.3570408821105957,"693,2099,3931,157,3799,2953,3388,1824,2428,4436,4610,4373,4794,415,1031,2797",290.328369140625,,,,,0
39,v_proj,gptq,1024,5120,0,0.00201416015625,0.0014636993408203125,32.33882798229388,0.009403124446057315,232.578857421875,234.5402069091797,76.25187683105469,171.31964111328125,138.98406982421875,178.59762573242188,0.6568697094917297,31.97222137451172,0.211356058716774,"693,4436,2099,3799,3931,4794,4373,4517,4610,415,2428,1824,157,1093,2245,2953",290.328369140625,,,,,0
39,o_proj,gptq,5120,5120,0,0.002030754089355469,0.0015079498291015625,113.91949921420382,0.009157996252075674,860.7122802734375,704.3751831054688,75.71147918701172,168.4080047607422,174.10284423828125,255.8917236328125,0.4513060748577118,113.5839614868164,0.05690189450979233,"1176,2640,2664,920,2792,2768,3048,1048,3024,2896,3176,3152,664,1160,2920,1976",36.6304817199707,,,,,0
39,gate_proj,gptq,13824,5120,0,0.0020020096390335647,0.0014822076868127893,238.43806794269767,0.007551551886402687,2051.127197265625,1845.563720703125,679.5046997070312,1472.30224609375,1243.95166015625,1425.4586181640625,0.7414249181747437,237.777587890625,0.16030919551849365,"2710,4938,2896,4020,1307,3593,2950,655,3553,3286,1684,1145,1576,2468,315,3489",352.65228271484375,,,,,0
39,up_proj,gptq,13824,5120,0,0.002003408361364294,0.0015146326135706018,234.21451954811346,0.0068820112047406675,2179.6455078125,1962.2208251953125,724.0537109375,1534.7880859375,1286.001708984375,1498.8922119140625,0.7414249181747437,233.76483154296875,0.11403011530637741,"2710,4938,2896,4020,1307,3593,2950,655,3553,1684,3286,1145,1576,2468,315,3489",352.65228271484375,,,,,0
39,down_proj,gptq,5120,13824,0,0.001979842009367766,0.001530866269712095,316.79760683079076,0.009449378346372213,2270.3125,1952.2982177734375,535.44287109375,987.248046875,825.060546875,794.2935791015625,0.285771906375885,315.7953186035156,0.1268451064825058,"12742,9456,6663,9909,2344,1550,8467,1571,5996,430,12841,2541,7190,7049,1002,1036",125.12606811523438,,,,,0
40,q_proj,gptq,5120,5120,0,0.00199127197265625,0.0014599227905273437,86.03242110446475,0.008854667986731436,656.4140625,589.116455078125,229.27487182617188,535.322509765625,440.7120361328125,584.0798950195312,0.6559233665466309,85.65805053710938,0.23959948122501373,"693,2099,3931,157,3799,2953,1824,3388,2428,4436,4610,415,4373,4794,2797,4517",229.24270629882812,,,,,0
40,k_proj,gptq,1024,5120,0,0.0020162582397460936,0.00147705078125,24.62632686819509,0.013989029340392433,128.8686981201172,119.31971740722656,56.129127502441406,118.01712799072266,118.92598724365234,129.49395751953125,0.6559233665466309,24.522037506103516,0.33098000288009644,"693,2099,3931,157,3799,1824,2953,2428,3388,4436,4610,4517,4794,1031,415,4373",229.24270629882812,,,,,0
40,v_proj,gptq,1024,5120,0,0.0020246505737304688,0.0015003204345703125,42.8585316222621,0.012473843829221506,244.85394287109375,246.78378295898438,104.9504623413086,204.3168487548828,192.66790771484375,214.8783416748047,0.6559233665466309,42.186309814453125,0.24086402356624603,"3931,4436,3799,4517,4610,415,4794,4373,693,2245,3653,2428,2099,2797,1093,1738",229.24270629882812,,,,,0
40,o_proj,gptq,5120,5120,0,0.0020394134521484375,0.0015186309814453126,113.81334518074618,0.009015714139458324,862.10888671875,714.5858764648438,61.42561340332031,170.59716796875,161.55929565429688,208.13864135742188,0.5577135682106018,113.54693603515625,0.03830672800540924,"695,823,1207,1079,951,4137,4218,4346,4474,4265,4090,2948,2692,2820,3446,2132",44.62039566040039,,,,,0
40,gate_proj,gptq,13824,5120,0,0.0020040724012586808,0.0014869831226490163,237.95174987625796,0.0075545362474763655,2046.6221923828125,1835.583251953125,719.2197265625,1552.9805908203125,1336.3677978515625,1509.705078125,0.7054752111434937,236.9865264892578,0.15563490986824036,"2710,4938,2896,1307,4020,2950,3593,3286,1684,1145,3553,655,2468,1576,315,3489",309.8365173339844,,,,,0
40,up_proj,gptq,13824,5120,0,0.0020086924235026044,0.0015249888102213541,234.96620958379935,0.006873043357984244,2187.9091796875,1967.306396484375,771.4627685546875,1643.042236328125,1393.347900390625,1601.9495849609375,0.7054752111434937,234.4952850341797,0.10829158127307892,"2710,4938,2896,1307,2950,4020,3593,1684,3286,1145,3553,1576,655,2468,315,3489",309.8365173339844,,,,,0
40,down_proj,gptq,5120,13824,0,0.001977948789243345,0.0015313325104890046,311.45946998472937,0.009233522139190521,2270.67919921875,1953.283447265625,600.0994873046875,1149.64208984375,953.3685302734375,900.4129638671875,0.176837757229805,310.39501953125,0.10783137381076813,"2879,12973,5821,8058,5312,11743,9045,13668,4529,8898,4896,13484,6526,3719,2315,1579",251.09278869628906,,,,,0
41,q_proj,gptq,5120,5120,0,0.002017364501953125,0.0014498138427734375,85.52766308852006,0.008784374403789097,657.489990234375,589.0895385742188,226.472900390625,499.3403625488281,441.7125549316406,551.896484375,0.6808872818946838,85.09767150878906,0.2026692032814026,"693,3931,2099,157,3799,2428,4610,2953,4436,3388,4373,4794,1824,4517,415,2797",133.29190063476562,,,,,0
41,k_proj,gptq,1024,5120,0,0.0019968032836914064,0.0014642715454101563,22.343272815618548,0.012742653805218915,125.61216735839844,116.46585083007812,50.94576644897461,107.21866607666016,107.12635803222656,117.35223388671875,0.6808872818946838,22.268617630004883,0.2913373112678528,"693,3931,2099,157,4610,3388,2428,3799,4436,1824,2953,4373,4517,4794,415,1093",133.29190063476562,,,,,0
41,v_proj,gptq,1024,5120,0,0.0020120620727539064,0.00147857666015625,43.17834789551125,0.011679783230752817,258.4739990234375,247.88919067382812,104.42533874511719,202.66812133789062,197.70526123046875,217.4410858154297,0.6808872818946838,42.5690803527832,0.225312277674675,"4436,3799,4517,4794,4373,3931,415,1093,2428,2245,4610,3137,388,4775,351,1824",133.29190063476562,,,,,0
41,o_proj,gptq,5120,5120,0,0.002025299072265625,0.0015173721313476562,104.19459568195325,0.007998192641480223,871.4398803710938,737.54052734375,54.739295959472656,131.78189086914062,170.47315979003906,218.66983032226562,0.6349503993988037,104.00820922851562,0.05598834156990051,"4501,4629,4757,860,3904,4885,1114,5013,4513,1039,783,1242,1167,318,1088,4897",53.37245178222656,,,,,0
41,gate_proj,gptq,13824,5120,0,0.002005838464807581,0.0014834509955512153,233.93698947333178,0.007455105083833446,2039.2421875,1821.94287109375,759.7036743164062,1595.723876953125,1443.6368408203125,1589.1710205078125,0.6736729741096497,233.37583923339844,0.1432352066040039,"2710,4938,1307,3593,4020,2950,2896,1684,1145,3286,655,3553,1576,2468,3489,315",239.31143188476562,,,,,0
41,up_proj,gptq,13824,5120,0,0.0020119278519241898,0.001532194349500868,236.54706479200104,0.006865523840630575,2204.694091796875,1978.29150390625,824.794921875,1706.7257080078125,1530.9493408203125,1717.197265625,0.6736729741096497,236.08544921875,0.1011614203453064,"2710,4938,1307,3593,2950,2896,4020,1145,1684,3286,655,3553,1576,315,3489,2468",239.31143188476562,,,,,0
41,down_proj,gptq,5120,13824,0,0.00198985912181713,0.00153468096697772,311.3409014336685,0.00915168516911656,2279.99072265625,1959.709228515625,667.4915771484375,1237.7686767578125,1096.8408203125,1029.56884765625,0.3754064440727234,310.4653625488281,0.09678878635168076,"7024,181,5652,1748,12191,6942,9221,6200,3665,5112,2422,4707,7478,11373,2092,12743",292.4410705566406,,,,,0
42,q_proj,gptq,5120,5120,0,0.002000274658203125,0.0014557647705078125,86.03742886964837,0.008592166955781052,673.6683349609375,613.200439453125,225.07460021972656,532.45068359375,435.6011047363281,576.9610595703125,0.6784141063690186,85.53496551513672,0.22997382283210754,"693,3931,2099,157,3799,1824,4436,2428,2953,3388,415,4610,4517,4373,4794,1031",188.58938598632812,,,,,0
42,k_proj,gptq,1024,5120,0,0.001959228515625,0.0014556884765625,24.540988527234394,0.014389144773615798,125.14318084716797,114.69879150390625,55.58533477783203,110.00276184082031,116.71137237548828,121.66956329345703,0.6784141063690186,24.451007843017578,0.3381025493144989,"693,3931,2099,157,3799,1824,4436,2428,3388,2953,415,4610,4517,4373,4794,2657",188.58938598632812,,,,,0
42,v_proj,gptq,1024,5120,0,0.002002716064453125,0.0014841079711914063,49.63478641184537,0.013938203453294905,259.1951904296875,249.95362854003906,118.835693359375,205.53924560546875,216.35064697265625,216.48837280273438,0.6784141063690186,48.95597839355469,0.254459023475647,"4436,3799,3931,4517,415,4794,4373,3653,388,2245,993,4610,1696,1435,1738,3137",188.58938598632812,,,,,0
42,o_proj,gptq,5120,5120,0,0.0020233154296875,0.001517181396484375,104.9191996139707,0.008176274470827367,862.3152465820312,725.9287109375,58.688232421875,173.2188720703125,172.21604919433594,221.07997131347656,0.6657071113586426,104.60614776611328,0.05105142667889595,"1801,1545,1673,1417,1289,1131,4093,1489,1526,1502,1427,1527,1516,1412,1458,1519",82.87815856933594,,,,,0
42,gate_proj,gptq,13824,5120,0,0.0020114757396556713,0.0014874776204427083,230.54589434730678,0.007397434294274063,2030.212158203125,1820.796875,797.6934814453125,1661.7259521484375,1535.57080078125,1683.3153076171875,0.6636167764663696,229.7637939453125,0.1397669017314911,"4938,2710,1307,3593,2950,4020,655,1145,3286,1684,3489,1576,315,3553,2896,2468",177.1925048828125,,,,,0
42,up_proj,gptq,13824,5120,0,0.0020063470911096644,0.0015354297779224537,237.04112654506525,0.0068125926218628305,2231.064453125,2004.534912109375,880.1619873046875,1810.1087646484375,1653.435546875,1838.1407470703125,0.6636167764663696,236.69107055664062,0.09889141470193863,"4938,2710,1307,3593,2950,4020,655,1145,3286,1684,3489,2896,1576,3553,315,2468",177.1925048828125,,,,,0
42,down_proj,gptq,5120,13824,0,0.0019772988778573495,0.0015376196967230903,319.6008975811965,0.009311666133747195,2307.406494140625,1980.1737060546875,784.7901611328125,1448.325927734375,1238.802978515625,1159.9854736328125,0.19929908215999603,318.5625305175781,0.10306883603334427,"6350,11213,3570,12890,3951,9858,12964,5385,123,7609,331,5023,7528,6007,5006,4612",113.4286880493164,,,,,0
43,q_proj,gptq,5120,5120,0,0.0019879913330078124,0.0014498519897460937,84.75162581371634,0.009732368895868268,597.7922973632812,539.046875,249.236328125,539.8049926757812,489.34814453125,600.3585205078125,0.6724600791931152,84.23076629638672,0.2616131603717804,"693,3931,2099,157,3799,1824,2953,4436,2428,415,4610,4517,4373,3388,4794,2797",188.05813598632812,,,,,0
43,k_proj,gptq,1024,5120,0,0.0020076751708984373,0.0014522552490234375,21.218072009177895,0.015287034707312963,104.52664947509766,98.05857849121094,55.91954040527344,109.41009521484375,116.72923278808594,121.98797607421875,0.6724600791931152,21.141183853149414,0.35333937406539917,"693,3931,2099,157,3799,1824,4436,2428,4610,2953,3388,4373,4517,415,4794,351",188.05813598632812,,,,,0
43,v_proj,gptq,1024,5120,0,0.001989936828613281,0.001432037353515625,57.58475299729231,0.01264105248857132,324.36712646484375,338.6239929199219,165.88328552246094,304.297119140625,305.2340087890625,320.3740539550781,0.6724600791931152,56.641563415527344,0.2587287127971649,"4436,4517,3931,993,3653,4794,415,4610,3799,4373,2245,351,1696,388,1435,1093",188.05813598632812,,,,,0
43,o_proj,gptq,5120,5120,0,0.0020468521118164064,0.0015356826782226562,130.01420125172808,0.009123663540373939,966.13427734375,809.288330078125,103.78338623046875,285.4803466796875,244.03823852539062,357.3017578125,0.7508467435836792,129.67202758789062,0.035362694412469864,"3345,1250,2614,3895,3217,4149,3473,4396,3729,3601,866,1510,4925,4279,3408,2714",54.634681701660156,,,,,0
43,gate_proj,gptq,13824,5120,0,0.0020072371871383103,0.0014792407000506365,227.31211818191127,0.007403272046986696,2008.885986328125,1801.9693603515625,862.510009765625,1801.64599609375,1698.703369140625,1858.2095947265625,0.6542032361030579,226.16497802734375,0.1440735012292862,"4938,1307,655,2710,2950,3593,4020,3553,3286,1145,2468,2862,1684,3489,315,1576",144.61248779296875,,,,,0
43,up_proj,gptq,13824,5120,0,0.002013524373372396,0.0015363622594762733,238.40600160137592,0.006795984451124162,2251.019775390625,2024.7554931640625,969.2188720703125,2001.4007568359375,1850.0400390625,2068.69482421875,0.6542032361030579,237.82171630859375,0.1040068194270134,"4938,1307,655,2710,2950,3593,4020,3553,3286,2862,1145,1684,315,3489,1576,2468",144.61248779296875,,,,,0
43,down_proj,gptq,5120,13824,0,0.001981127703631366,0.0015333246301721644,312.07842108594195,0.00907602324396761,2306.03662109375,1990.65185546875,974.3302001953125,1901.2554931640625,1530.43408203125,1487.839599609375,0.2597591280937195,311.1015625,0.11874499171972275,"2750,5348,8463,10771,28,1439,1318,4588,11097,7077,3294,3994,2404,12634,9256,11315",202.35926818847656,,,,,0
44,q_proj,gptq,5120,5120,0,0.0020101165771484377,0.0014531707763671875,80.56279429565512,0.009606353724451438,573.1253662109375,514.22265625,242.6097869873047,521.987060546875,482.5390625,589.43896484375,0.6790552735328674,80.09661102294922,0.26266974210739136,"693,3931,2099,157,3799,1824,4436,2953,2428,3388,4373,4610,415,4794,4517,2797",178.1447296142578,,,,,0
44,k_proj,gptq,1024,5120,0,0.0020082473754882814,0.0014570236206054687,18.823485185313512,0.015327160136349162,92.20039367675781,87.1351318359375,50.0221061706543,99.24348449707031,110.83661651611328,111.136474609375,0.6790552735328674,18.763301849365234,0.35750612616539,"693,2099,3931,3799,157,1824,2428,4436,2953,3388,4610,4373,4794,415,4517,2245",178.1447296142578,,,,,0
44,v_proj,gptq,1024,5120,0,0.001993560791015625,0.001434326171875,60.71958879742819,0.012501492177841899,347.2240295410156,365.73126220703125,179.06398010253906,324.7148132324219,328.9278564453125,347.76776123046875,0.6790552735328674,59.872161865234375,0.2563766539096832,"4436,4517,4794,3931,415,3799,1696,2245,4373,1435,3653,993,3137,388,351,4610",178.1447296142578,,,,,0
44,o_proj,gptq,5120,5120,0,0.0020392608642578127,0.0015349197387695313,137.22709578176728,0.009234251796573462,1027.787353515625,841.362060546875,151.49313354492188,383.0356140136719,435.0733337402344,603.6798095703125,0.6770150661468506,136.96160888671875,0.03934768587350845,"2267,2139,135,519,2523,2395,1406,250,7,634,3880,391,122,1638,263,506",48.85136413574219,,,,,0
44,gate_proj,gptq,13824,5120,0,0.0020072654441550927,0.0014667510986328125,222.5263261051441,0.007363413050417952,1982.8812255859375,1781.3671875,902.4239501953125,1954.5128173828125,1813.392333984375,2053.837646484375,0.5681872367858887,221.7987518310547,0.1678663194179535,"1307,4938,655,11,2950,3593,2710,2862,2836,4020,3553,3286,2468,1684,1145,1576",146.0440216064453,,,,,0
44,up_proj,gptq,13824,5120,0,0.0019953974971064813,0.0015270657009548612,237.25540039531188,0.0067211087210199,2263.24267578125,2037.61572265625,1030.643310546875,2212.42236328125,2002.9273681640625,2334.85498046875,0.5681872367858887,236.7640380859375,0.12537655234336853,"1307,4938,655,11,2950,3593,2836,2862,2710,4020,3553,3286,2468,1576,315,1145",146.0440216064453,,,,,0
44,down_proj,gptq,5120,13824,0,0.0019719724301938656,0.0015303435149016205,144.33809444512008,0.004213336953816672,2126.594482421875,1991.8824462890625,1640.27392578125,5180.76708984375,3158.843017578125,3820.7783203125,0.9993751049041748,136.65005493164062,0.4704878032207489,"486,263,8744,10447,5952,11275,9452,12924,3317,10246,5537,1410,5170,227,12456,6339",9736.419921875,,,,,0
45,q_proj,gptq,5120,5120,0,0.0020048141479492186,0.0014478302001953126,80.00445875219889,0.00946971683081912,578.4888916015625,524.6968994140625,249.07106018066406,531.784423828125,512.5469970703125,623.24267578125,0.6902554035186768,79.53433227539062,0.2289721965789795,"693,3931,2099,3799,157,4436,1824,2428,415,2953,4610,4373,4517,3388,351,2245",140.03109741210938,,,,,0
45,k_proj,gptq,1024,5120,0,0.002009010314941406,0.0014623641967773438,18.806913120653075,0.01572211578140122,91.04446411132812,85.97320556640625,52.62202453613281,96.46773529052734,114.00933837890625,112.24655151367188,0.6902554035186768,18.720640182495117,0.3366791903972626,"693,3931,2099,157,3799,4436,1824,2428,2953,4610,3388,415,4373,4517,3653,2245",140.03109741210938,,,,,0
45,v_proj,gptq,1024,5120,0,0.0019956588745117187,0.0014207839965820312,73.2950290470148,0.014443108141424472,373.09783935546875,419.5795593261719,220.6866912841797,402.292236328125,410.47857666015625,437.9471435546875,0.6902554035186768,71.95928955078125,0.2649519145488739,"4436,4517,415,351,3653,2245,1696,993,4373,388,3931,4794,1738,3943,4610,3137",140.03109741210938,,,,,0
45,o_proj,gptq,5120,5120,0,0.002021064758300781,0.0015277862548828125,124.88611168960142,0.008505706239646789,1000.1639404296875,835.0702514648438,151.68502807617188,635.5588989257812,826.80712890625,1271.503662109375,0.5626887679100037,124.2017822265625,0.04262639954686165,"2442,3532,2058,2555,2529,2186,2494,2489,1930,1257,3890,2516,4018,2538,2495,2459",56.31989669799805,,,,,0
45,gate_proj,gptq,13824,5120,0,0.002001529269748264,0.0014742250795717594,217.19842342364063,0.007188781203633901,1991.4278564453125,1797.16748046875,975.8157958984375,2246.853271484375,2067.189453125,2330.69775390625,0.7609081864356995,216.0620574951172,0.1767336130142212,"1307,4938,655,2836,2862,2950,11,2468,3593,295,4020,2710,3286,958,3553,3710",169.6453857421875,,,,,0
45,up_proj,gptq,13824,5120,0,0.0020030551486545137,0.0015223609076605903,230.88767465217097,0.006607109889145589,2246.3779296875,2029.243408203125,1100.61865234375,2521.611572265625,2272.472412109375,2605.259033203125,0.7609081864356995,230.12664794921875,0.14194108545780182,"1307,4938,655,2836,2862,2950,11,2468,295,3593,4020,3286,2710,958,3553,3710",169.6453857421875,,,,,0
45,down_proj,gptq,5120,13824,0,0.0019713931613498264,0.0015181647406684027,157.63041423427057,0.004760050595501754,2108.964111328125,1967.7685546875,1882.34912109375,6014.146484375,3190.09130859375,3405.431396484375,0.04067208245396614,151.06654357910156,0.3531078100204468,"10607,7000,12337,12153,1552,2146,13145,6142,5820,1115,1553,2,11400,163,10990,12658",7660.9560546875,,,,,0
46,q_proj,gptq,5120,5120,0,0.0020055389404296875,0.001467742919921875,78.25559772861465,0.009464688549606855,564.9379272460938,513.9639282226562,246.54296875,545.124755859375,515.73046875,606.0672607421875,0.6824648976325989,77.59690856933594,0.2487451136112213,"2099,693,3931,157,3799,4436,1824,4610,2953,415,4373,4794,2428,4517,351,3653",158.75755310058594,,,,,0
46,k_proj,gptq,1024,5120,0,0.0020153045654296873,0.0014440536499023438,16.902301061829576,0.014339542031015085,87.44578552246094,83.93240356445312,49.281593322753906,96.63959503173828,112.66615295410156,108.60249328613281,0.6824648976325989,16.778392791748047,0.3436586856842041,"2099,693,3931,157,3799,1824,4436,2953,4610,415,4373,4794,3653,4517,3388,2428",158.75755310058594,,,,,0
46,v_proj,gptq,1024,5120,0,0.002000236511230469,0.001453399658203125,78.6755733442617,0.01387529768090089,415.2296447753906,468.6673583984375,247.92578125,451.84375,458.5484924316406,478.28924560546875,0.6824648976325989,77.21771240234375,0.2471240758895874,"4436,3653,415,351,4517,4610,2245,3137,993,4794,3931,3943,4373,1696,1180,2317",158.75755310058594,,,,,0
46,o_proj,gptq,5120,5120,0,0.0020333099365234374,0.0015202713012695311,126.26401779611479,0.008615794181560872,1016.1543579101562,831.0057983398438,278.8120422363281,990.56396484375,912.1224365234375,1601.66064453125,0.807230532169342,125.95174407958984,0.040581803768873215,"2017,2001,2257,2401,2273,2385,2145,2529,2129,2513,1965,605,1943,4961,4948,2221",69.32471466064453,,,,,0
46,gate_proj,gptq,13824,5120,0,0.002004595156069155,0.0014745924207899305,206.76188347979837,0.00670563053739869,2031.100341796875,1853.0482177734375,1038.592041015625,2945.930419921875,2379.995361328125,2809.89404296875,0.7666677832603455,205.4030303955078,0.2240627557039261,"1307,2836,4938,2862,655,2710,295,958,2468,11,3710,477,3489,1372,2847,2950",303.6813049316406,,,,,0
46,up_proj,gptq,13824,5120,0,0.002000370732060185,0.0015184331823278356,216.61344098801987,0.006333358866345598,2192.254638671875,1996.013427734375,1127.6890869140625,3125.6630859375,2509.09375,2978.1689453125,0.7666677832603455,215.6420135498047,0.21246859431266785,"1307,11,4938,2836,2862,655,2710,295,2468,958,477,2950,3710,3489,2847,1372",303.6813049316406,,,,,0
46,down_proj,gptq,5120,13824,0,0.0019675925925925924,0.001496957849573206,125.98603424389148,0.004103617753070639,1992.1676025390625,1925.60986328125,3123.71044921875,19480.47265625,5053.08251953125,10107.849609375,0.7053358554840088,122.29263305664062,0.46584463119506836,"10952,9045,6388,8027,6375,4658,5997,7417,12153,4464,483,6037,8404,3784,12606,1494",1439.36474609375,,,,,0
47,q_proj,gptq,5120,5120,0,0.001995124816894531,0.00146881103515625,59.92996472684899,0.006635334428292526,581.83447265625,532.1718139648438,189.1043243408203,563.8658447265625,422.80792236328125,617.1494140625,0.6156113743782043,59.60490417480469,0.22582083940505981,"1307,693,3931,2099,3799,157,4436,3388,2953,415,1754,4373,4610,4469,4517,3089",257.96807861328125,,,,,0
47,k_proj,gptq,1024,5120,0,0.0019769668579101562,0.0014312744140625,15.207999619698967,0.011707753043616528,91.55943298339844,85.42730712890625,43.95574951171875,97.23860168457031,102.3563232421875,110.97427368164062,0.6156113743782043,15.153485298156738,0.31701046228408813,"3931,1307,693,2099,3799,157,4436,3388,415,4373,4610,4517,2953,1824,3653,1754",257.96807861328125,,,,,0
47,v_proj,gptq,1024,5120,0,0.0020082473754882814,0.0015106201171875,53.55780591972871,0.0156178778583914,264.28265380859375,285.0688171386719,158.86631774902344,293.7499084472656,336.63360595703125,320.55755615234375,0.6156113743782043,52.785072326660156,0.2813723683357239,"1307,4436,3931,415,4517,4610,4373,3799,3653,351,3137,3943,4794,1180,993,1696",257.96807861328125,,,,,0
47,o_proj,gptq,5120,5120,0,0.0020343780517578123,0.0014731216430664063,86.55932916392703,0.007221991072876607,839.86865234375,676.1434326171875,127.41464233398438,521.9180908203125,648.3096923828125,1014.5264892578125,0.8038697242736816,85.2942886352539,0.04613851383328438,"4708,4033,4077,4006,4084,4964,3983,4018,4091,3975,4037,4082,4089,4034,4057,4027",74.54569244384766,,,,,0
47,gate_proj,gptq,13824,5120,0,0.002002786706995081,0.0015031461362485531,143.51456243591383,0.004414660046261022,2037.225830078125,1909.994873046875,1142.9444580078125,5650.9169921875,2965.6328125,4970.07568359375,0.7022039890289307,143.0974884033203,0.2562658488750458,"2012,655,2862,2836,295,3111,958,4938,4344,477,2710,4971,2847,1372,3710,4733",693.9660034179688,,,,,0
47,up_proj,gptq,13824,5120,0,0.002000370732060185,0.001514222886827257,141.02200707118027,0.004047701268748042,2138.5107421875,2009.258056640625,1191.5455322265625,5401.0146484375,3001.07958984375,4845.33935546875,0.7022039890289307,140.56124877929688,0.2149227112531662,"2012,655,2862,2836,295,3111,958,4938,4344,477,2710,4971,2847,1372,3710,4733",693.9660034179688,,,,,0
47,down_proj,gptq,5120,13824,0,0.0019655015733506943,0.0014902468080873843,74.94716798652371,0.002602765204002927,1912.3623046875,1934.206298828125,5222.9521484375,72458.890625,20860.22265625,44639.62890625,0.28673696517944336,72.86993408203125,0.6540162563323975,"1352,11815,3436,4713,7547,6696,910,9251,8801,6109,252,10153,12169,8185,5435,4842",587.53515625,,,,,0
