layer,proj,quantizer,rows,cols,n_dead_cols,clip_frac,clip_frac_rtn,comp_disp,comp_disp_rel,wdisp_gptq,wdisp_rtn,obj_gptq,obj_rtn,obj_gptq_alt,obj_rtn_alt,hdiag_alt_corr,send_total,send_top1pct,send_top16_cols,hdiag_max_over_mean,cond_damped,awq_alpha,obj_awq,obj_awq_alt,protected,obj_gptq_tpl,obj_rtn_tpl,obj_gptq_ord,obj_rtn_ord,tplpos_ratio,lev_tpl,lev_ord,levpos,xnorm_tpl,xnorm_ord,xnormpos,tplpos_err_gptq,tplpos_err_rtn,p4_toprow_gptq,p4_toprow_share_gptq,p4_toprow_rtn,p4_toprow_share_rtn,p4_topcols,p4_topcols_share_gptq,p4_topcols_zero_gptq,p4_topcols_zero_rtn,p4_topcols_wnorm,p4_topcols_x,p4_toprow_w,p4_toprow_qg,p4_toprow_qr,p4_toprow_maxw,p4_toprow_maxqg,p4_toprow_nclip,p4_toprow_err_g,p4_toprow_err_r
0,q_proj,gptq,5120,5120,0,0.0021071624755859375,0.001488037109375,654.7102043121122,0.051969859861094196,1403.636962890625,757.6541748046875,7.934446811676025,44.73919677734375,13.144079208374023,40.37944793701172,0.8376689553260803,653.8732299804688,0.04715971648693085,"3760,4131,1486,188,4963,1397,613,2508,4942,4448,249,4373,1013,4717,2832,2533",119.6910629272461,,,,,0,7.301156044006348,19.279640197753906,4.6119914054870605,22.4155330657959,"0.617,0.569,0.637,0.218,0.023,0.447,0.536,0.002",2725.94677734375,2055.14892578125,"171.8,6456,2555,1917,98.73,4392,6204,12.92",9.97662353515625,11.158710479736328,"1.934,13.04,9.929,12.04,9.169,12.67,13.1,7.934","0.5973,3.735,3.912,2.241,0.6151,3.178,3.642,0.1925","0.7607,4.951,4.899,4.798,4.025,4.753,4.973,4.312",254,0.004639882128685713,3711,0.027610352262854576,"4717,613,1486,2832,4963,4942,4131,2261",2.9310715198516846,0.28010255098342896,0.24086914956569672,"2.63,2.89,2.43,2.47,2.72,2.5,2.44,2.2","1.8,1.59,1.56,1.54,1.41,1.38,1.16,0.961","-0.00461,-0.00241,-0.00278,0.00934,0.0175,0.0493,-0.00357,-0.00763","0,0,0,0,0,0.0347,0,0","0,0,0,0,0.034,0.034,0,0",0.2109375,0.2378195971250534,1,0.041900139302015305,0.13033322989940643
0,k_proj,gptq,1024,5120,0,0.002117347717285156,0.0014455795288085937,238.5836932748498,0.05139987067722188,514.0751953125,273.73223876953125,2.953010082244873,15.991745948791504,4.822166919708252,13.989126205444336,0.8376689553260803,238.67752075195312,0.04138733819127083,"3760,4131,1486,188,1397,4963,2508,4448,2832,4942,4373,249,613,1013,4717,2533",119.6910629272461,,,,,0,2.6462063789367676,6.722672939300537,1.8229737281799316,7.956600189208984,"0.689,0.582,0.734,0.261,0.022,0.405,0.585,0.002",2725.94677734375,2055.14892578125,"171.8,6456,2555,1917,98.73,4392,6204,12.92",9.97662353515625,11.158710479736328,"1.934,13.04,9.929,12.04,9.169,12.67,13.1,7.934","0.3784,2.253,2.291,1.409,0.3671,1.956,2.178,0.1168","0.4558,2.954,2.673,2.755,2.449,3.074,2.848,2.56",543,0.01397637091577053,694,0.04888526722788811,"4717,613,1486,2832,4963,4942,4131,2261",2.538302183151245,0.422607421875,0.4205322265625,"1.48,1.24,1.27,1.53,1.44,1.25,1.4,1.25","1.8,1.59,1.56,1.54,1.41,1.38,1.16,0.961","0.00337,-0.00176,-0.0023,0.0051,0.00327,-0.00208,-0.000603,-0.00717","0,0,0,0,0,0,0,0","0,0,0,0,0,0,0,0",0.1396484375,0.17108143866062164,1,0.04339906573295593,0.07714095711708069
0,v_proj,gptq,1024,5120,0,0.0020938873291015624,0.0014659881591796875,45.70962237697677,0.04963037669816484,100.35589599609375,53.045318603515625,0.6104661226272583,2.834561586380005,0.8536195755004883,2.4302139282226562,0.8376689553260803,45.711578369140625,0.02546066790819168,"3760,4131,1486,188,1397,4942,613,2508,4963,249,4448,4373,2832,1013,2533,95",119.6910629272461,,,,,0,0.46757805347442627,1.1916923522949219,0.34167563915252686,1.3451650142669678,"0.674,0.561,0.561,0.249,0.033,0.445,0.539,0.003",2725.94677734375,2055.14892578125,"171.8,6456,2555,1917,98.73,4392,6204,12.92",9.97662353515625,11.158710479736328,"1.934,13.04,9.929,12.04,9.169,12.67,13.1,7.934","0.1639,0.9927,0.7781,0.6141,0.1733,0.869,0.9788,0.0502","0.1995,1.325,1.039,1.23,0.9564,1.302,1.333,0.8716",875,0.01145221944898367,81,0.061867404729127884,"4717,613,1486,2832,4963,4942,4131,2261",1.3505297899246216,0.7109375,0.799560546875,"0.289,0.3,0.346,0.3,0.289,0.315,0.283,0.298","1.8,1.59,1.56,1.54,1.41,1.38,1.16,0.961","-0.00101,0.000858,0.000263,0.00204,0.000881,-0.0011,0.00226,0.00185","0,0,0,0.00579,0,0,0,0.00579","0,0,0,0,0,0,0,0",0.050048828125,0.057478830218315125,1,0.01854211650788784,0.006667046807706356
0,o_proj,gptq,5120,5120,0,0.002096748352050781,0.0014682769775390624,235.65701059356797,0.03845160554403808,645.4976806640625,390.7049560546875,3.774686336517334,12.211013793945312,6.092334747314453,13.493636131286621,0.9974719882011414,233.85397338867188,0.08176442980766296,"2254,2193,1138,5055,2936,2283,2408,3607,2301,2279,2194,593,2269,2876,81,2463",492.72796630859375,,,,,0,4.440498352050781,8.920218467712402,3.3359057903289795,7.524129390716553,"0.370,0.537,0.726,0.388,0.355,0.514,0.663,0.262",5816.2744140625,3675.296875,"4985,1.395e+04,5242,6274,5057,3571,5839,1616",10.372730255126953,9.501890182495117,"11.83,13.78,8.341,9.815,9.926,9.962,12.27,7.06","2.02,2.852,1.972,1.721,1.606,2.02,2.973,0.9806","3.32,3.892,2.314,2.762,2.695,2.818,3.652,1.916",4675,0.0378299243748188,1466,0.03457707539200783,"3351,3223,3735,3607,3479,1138,1125,3042",0.684619128704071,0.726489245891571,0.7088379263877869,"0.693,0.72,0.696,0.717,0.636,1.04,1.23,1.41","2.72,2.66,2.59,2.58,2.52,2.22,1.21,1.04","0.287,0.301,0.287,0.301,0.281,-0.0718,-0.0137,-0.171","0.258,0.258,0.258,0.258,0.258,-0.0859,-0.0486,-0.173","0.246,0.258,0.246,0.258,0.241,-0.124,0,-0.146",0.43359375,0.5316267609596252,1,0.31243041157722473,0.45349714159965515
0,gate_proj,gptq,13824,5120,0,0.002112155490451389,0.0014290421097366897,1364.3183295942945,0.05652804716781383,2821.717041015625,1457.06884765625,3.31848406791687,30.295116424560547,6.376307487487793,28.767494201660156,0.97081458568573,1359.477783203125,0.10023382306098938,"927,1158,1542,1711,1679,3170,575,4930,1787,5000,129,3593,1684,4597,4808,4863",224.13125610351562,,,,,0,4.661383152008057,16.524887084960938,2.9860763549804688,17.26541519165039,"0.334,0.327,0.763,0.254,0.171,0.191,0.185,0.201",3543.494140625,2359.841064453125,"5322,6826,3750,3152,2693,2183,3033,1389",7.398901462554932,7.587688446044922,"8.063,9.158,5.705,7.236,8.135,7.015,8.538,5.341","2.553,2.833,2.683,1.954,1.826,1.66,1.992,1.294","4.418,4.953,3.071,3.877,4.412,3.801,4.632,2.885",13805,0.00567591330036521,6420,0.001371867605485022,"3850,4930,3390,28,890,1787,3170,3593",0.7621013522148132,0.3560565114021301,0.2953016459941864,"2.57,2.27,2.72,2.4,2.56,2.27,2.32,3","1.3,0.867,0.766,0.715,0.703,0.699,0.668,0.66","0.0757,-0.0417,-0.0272,-0.305,-0.004,0.0047,-0.0493,-0.0498","0.0871,0,0,-0.261,0,0,-0.0871,-0.0871","0.0516,-0.0382,-0.0308,-0.261,0,0,-0.0513,-0.0391",0.3046875,0.3420447111129761,1,0.13755708932876587,0.1440725475549698
0,up_proj,gptq,13824,5120,0,0.002095455593532986,0.0014192934389467592,1126.4685941256648,0.05289340111666291,2406.842041015625,1251.0654296875,2.927546739578247,25.430397033691406,5.229220390319824,24.25000762939453,0.97081458568573,1122.611572265625,0.07067898660898209,"927,1158,1542,1711,1679,575,3170,4930,1787,5000,129,3593,1684,4597,1145,4863",224.13125610351562,,,,,0,3.830780029296875,13.937368392944336,2.5982491970062256,14.644359588623047,"0.337,0.330,0.637,0.248,0.173,0.195,0.189,0.195",3543.494140625,2359.841064453125,"5322,6826,3750,3152,2693,2183,3033,1389",7.398901462554932,7.587688446044922,"8.063,9.158,5.705,7.236,8.135,7.015,8.538,5.341","2.332,2.63,2.27,1.789,1.677,1.525,1.837,1.193","4.019,4.578,2.843,3.595,4.03,3.455,4.232,2.702",9385,0.001249043270945549,2509,0.0012904247269034386,"3850,4930,3390,28,890,1787,3170,3593",0.5126863718032837,0.3946940004825592,0.39245152473449707,"0.929,2.18,2.12,1.84,2.18,2.13,2.08,1.68","1.3,0.867,0.766,0.715,0.703,0.699,0.668,0.66","-0.00148,0.00934,0.00577,-0.00125,0.00195,-0.00748,0.00507,0.0266","0,0.00882,0.00882,0,0,-0.00882,0.00882,0.0265","0,0.0171,0,0,0,0,0,0.0184",0.08154296875,0.07164512574672699,1,0.05926530063152313,0.05661415681242943
0,down_proj,gptq,5120,13824,0,0.002000300089518229,0.0014574121545862268,2707.132168287644,0.09726600574306099,4533.81396484375,1720.331298828125,4.373790740966797,16.359010696411133,16.838191986083984,15.491605758666992,0.14396485686302185,2698.646240234375,0.14302466809749603,"78,10932,8538,1642,7591,9330,11058,6699,12901,5451,8119,879,13296,3929,2300,7430",471.16522216796875,,,,,0,7.049461364746094,8.579010009765625,19.928565979003906,10.570796012878418,"1.642,0.693,2.128,0.382,0.498,0.928,1.638,0.309",14607.8251953125,45313.9765625,"3.107e+04,2.193e+04,8812,4419,1.352e+04,1.487e+04,2.084e+04,1397",7.560925006866455,8.418004989624023,"7.24,13.03,3.148,6.827,12.35,7.323,6.716,3.855","3.311,3.881,1.681,1.485,3.067,2.484,3.024,0.7889","2.583,4.662,1.152,2.403,4.345,2.578,2.363,1.418",2406,0.008274132385849953,2144,0.003953129053115845,"11834,9003,11455,218,5787,3135,11434,11205",1.6300575733184814,0.33354493975639343,0.3357177674770355,"1.4,1.4,1.39,1.47,1.31,1.48,1.41,1.41","9.12,5.22,2.16,1.87,1.78,1.4,1.34,1.11","0.0188,-0.0141,-0.0369,0.0015,0.0119,0.0203,0.012,0.0153","0.0388,-0.0255,-0.037,0,0,0.037,0,0.0298","0.0294,-0.0205,-0.0314,0,0,0.0254,0,0",0.150390625,0.1440366506576538,1,0.27899253368377686,0.050779763609170914
1,q_proj,gptq,5120,5120,0,0.0019980621337890624,0.0014424896240234374,338.50639091512323,0.3842145828891864,425.96502685546875,85.12911987304688,0.5023857951164246,5.109339714050293,1.076984167098999,5.307990074157715,0.9787313342094421,336.22576904296875,0.5268120765686035,"4517,2657,11,3388,4775,28,1477,351,3553,1093,4139,4847,157,1290,415,1685",1501.1800537109375,,,,,0,0.7319210767745972,2.2570419311523438,0.4209011495113373,1.9327778816223145,"0.991,0.319,0.303,0.371,0.344,0.213,0.080,0.136",624.7862548828125,539.92578125,"1457,757.8,417.8,318.5,619,649,630.1,148.8",3.494506597518921,3.3687591552734375,"4.367,3.419,3.345,2.681,3.203,3.576,4.482,2.883","1.636,0.7855,0.9075,0.5533,0.6391,0.6313,0.6559,0.4422","1.643,1.391,1.647,0.9085,1.089,1.369,2.32,1.198",3107,0.005904245190322399,997,0.016059212386608124,"2657,4775,4517,28,1477,11,1372,1435",1.6549137830734253,0.3216552734375,0.1390380859375,"2.56,2.32,2.59,2.75,2.24,4.28,2.19,1.68","0.914,0.676,0.609,0.543,0.512,0.494,0.477,0.449","0.187,0.0908,-0.11,0.0491,0.0747,0.118,-0.139,0.0332","0.16,0.107,-0.107,0.0533,0.0533,0.107,-0.16,0.0533","0.16,0.0798,-0.0946,0.0338,0.064,0.101,-0.119,0.0427",0.1865234375,0.1598772406578064,4,0.04910455644130707,0.06143932417035103
1,k_proj,gptq,1024,5120,0,0.0019771575927734373,0.0014616012573242187,86.67821678293794,0.178028352159491,120.40104675292969,60.8409423828125,0.1290762573480606,1.5458837747573853,0.2542640268802643,1.4359807968139648,0.9787313342094421,86.24154663085938,0.42278915643692017,"4517,2657,3388,4775,11,28,1477,3553,351,1093,4139,4847,157,1290,1372,1685",1501.1800537109375,,,,,0,0.16723176836967468,0.6466541886329651,0.10320235788822174,0.5750283002853394,"0.885,0.218,0.245,0.296,0.257,0.183,0.076,0.092",624.7862548828125,539.92578125,"1457,757.8,417.8,318.5,619,649,630.1,148.8",3.494506597518921,3.3687591552734375,"4.367,3.419,3.345,2.681,3.203,3.576,4.482,2.883","0.7693,0.3837,0.4068,0.2626,0.3247,0.3233,0.3355,0.2046","0.8177,0.8218,0.822,0.4829,0.6404,0.7564,1.218,0.6736",181,0.01675194688141346,117,0.06372557580471039,"2657,4775,4517,28,1477,11,1372,1435",1.3045101165771484,0.2861328125,0.1668701171875,"1.36,1.53,1.4,1.43,1.07,1.23,1.22,1.26","0.914,0.676,0.609,0.543,0.512,0.494,0.477,0.449","0.0116,-0.0522,0.0229,-0.132,-0.0522,-0.0425,-0.0217,-0.00861","0,-0.043,0.043,-0.129,-0.043,-0.043,-0.043,0","0,-0.0477,0.018,-0.113,-0.0471,-0.0377,-0.0166,-0.0157",0.150390625,0.1289062649011612,2,0.04202555492520332,0.010332997888326645
1,v_proj,gptq,1024,5120,0,0.0019506454467773438,0.0014768600463867187,28.75885084677026,0.052863618887125284,63.239471435546875,55.70306396484375,0.043301936239004135,0.28714755177497864,0.07309405505657196,0.276533842086792,0.9787313342094421,28.497285842895508,0.25985923409461975,"4517,2657,3388,11,4775,28,351,1477,4847,1093,4139,157,1685,1290,3553,2428",1501.1800537109375,,,,,0,0.047499969601631165,0.13019689917564392,0.032685939222574234,0.1203361377120018,"0.802,0.345,0.354,0.252,0.299,0.260,0.187,0.139",624.7862548828125,539.92578125,"1457,757.8,417.8,318.5,619,649,630.1,148.8",3.494506597518921,3.3687591552734375,"4.367,3.419,3.345,2.681,3.203,3.576,4.482,2.883","0.4001,0.2085,0.2077,0.1406,0.1747,0.1868,0.1908,0.1083","0.4468,0.3549,0.3493,0.2798,0.3197,0.3665,0.4414,0.2904",167,0.018962234258651733,744,0.010264396667480469,"2657,4775,4517,28,1477,11,1372,1435",0.8751223087310791,0.5849609375,0.635009765625,"0.204,0.211,0.238,0.26,0.327,0.267,0.292,0.37","0.914,0.676,0.609,0.543,0.512,0.494,0.477,0.449","-0.00751,0.00154,3.96e-05,0.014,0.0083,-0.0111,-0.00729,-0.00124","0,0,0,0.0226,0,-0.0226,0,0","0,0,0,0.0181,0.0117,-0.0181,-0.013,0",0.0791015625,0.07818818092346191,1,0.024058537557721138,0.01057740580290556
1,o_proj,gptq,5120,5120,0,0.002115325927734375,0.0014830398559570312,185.17544947222632,0.04313072982651797,475.20562744140625,249.19705200195312,0.05283046141266823,0.37125879526138306,0.14594534039497375,0.5232623815536499,0.8298276662826538,184.37841796875,0.0813337042927742,"1138,3614,3615,1266,3644,882,3688,3674,3627,3655,3660,3639,3657,795,3689,3652",75.18843841552734,,,,,0,0.13810758292675018,0.43702659010887146,0.05907184258103371,0.24477122724056244,"0.262,0.417,0.395,0.231,0.310,0.316,0.377,0.276",14691.3134765625,4873.09423828125,"3.615e+04,2.664e+04,1.217e+04,8541,9383,8928,8104,7618",2.447575807571411,1.7917450666427612,"4.215,2.913,2.305,2.146,2.165,2.009,1.886,1.94","0.5338,0.4874,0.3729,0.277,0.3203,0.3032,0.307,0.2788","1.044,0.7546,0.5934,0.5768,0.575,0.5391,0.5,0.5305",4344,0.013174416497349739,388,0.009855215437710285,"3558,3688,3430,3207,3204,1899,1132,876",0.4323709309101105,0.3834228515625,0.3575439453125,"1.02,1.34,0.953,1.04,0.99,0.977,1.18,1.23","0.33,0.273,0.214,0.212,0.191,0.188,0.185,0.181","-0.0408,0.0135,0.0713,-0.0928,0.00187,-0.0918,0.0131,-0.0272","0,0,0.0713,-0.1,0,-0.0915,0,0","-0.0287,0.0142,0.0762,-0.0942,0,-0.0871,0.0241,-0.0393",0.3203125,0.3521744906902313,1,0.036768727004528046,0.005247928202152252
1,gate_proj,gptq,13824,5120,0,0.001953393441659433,0.001485301830150463,129.33358463908198,0.052737359536210185,286.8388366699219,219.74441528320312,32.18304443359375,10613.6064453125,73.68501281738281,10807.9326171875,0.983832836151123,126.18434143066406,0.47901129722595215,"3593,2657,3850,228,4395,4794,1466,1372,1093,2099,4437,4436,655,4020,4517,28",814.3189086914062,,,,,0,51.98985290527344,4869.84130859375,25.4987850189209,4579.330078125,"0.044,0.010,0.009,0.004,0.007,0.005,0.008,0.002",649.49169921875,550.1449584960938,"1327,861.9,492.1,354.8,586.6,642.5,751.5,179.8",71.9400634765625,68.42927551269531,"77.07,57.83,83.37,68.67,62.99,70.3,68.3,86.98","13.96,6.427,7.083,4.304,5.523,4.789,6.632,3.701","66.83,64.54,76.07,70.15,64.56,67.11,72.56,75.4",8102,0.0044167074374854565,13373,0.0009323444683104753,"2099,4675,3850,4395,1466,1567,655,4437",13.347476959228516,0.02937825582921505,0.015172887593507767,"3.46,3.64,6.11,4.08,4.17,3.59,3.79,3.37","24.1,21.6,20.8,16.2,15.1,14.9,12.7,12.6","0.0194,-0.0156,-0.0322,0.0265,-0.00276,-0.0178,-0.00421,0.063","0,0,-0.053,0.053,0,0,0,0.053","0.0164,-0.0292,-0.0319,0.0183,0,-0.0233,0,0.0548",0.185546875,0.212053582072258,1,0.36708128452301025,0.048111021518707275
1,up_proj,gptq,13824,5120,0,0.0019865813078703705,0.0014633037425853589,43.6024420376982,0.0325112634161481,132.693115234375,116.0422134399414,12.396516799926758,459.3048400878906,23.896263122558594,488.44964599609375,0.983832836151123,43.11700439453125,0.32144811749458313,"3593,2657,228,4437,4436,4794,1372,4517,655,1093,4395,2099,4610,4020,4675,2950",814.3189086914062,,,,,0,16.322528839111328,226.68743896484375,9.37738037109375,206.46649169921875,"0.222,0.117,0.047,0.033,0.056,0.048,0.068,0.014",649.49169921875,550.1449584960938,"1327,861.9,492.1,354.8,586.6,642.5,751.5,179.8",71.9400634765625,68.42927551269531,"77.07,57.83,83.37,68.67,62.99,70.3,68.3,86.98","7.369,4.058,3.864,2.585,3.151,3.198,3.705,2.078","15.63,11.88,17.76,14.33,13.27,14.6,14.22,17.77",9920,0.023313410580158234,8794,0.19045387208461761,"2099,4675,3850,4395,1466,1567,655,4437",9.743233680725098,0.3368598222732544,0.16397207975387573,"0.601,0.859,0.587,0.565,0.522,0.629,0.544,0.681","24.1,21.6,20.8,16.2,15.1,14.9,12.7,12.6","-0.0019,-0.000372,-0.00143,-0.000896,0.00198,-0.00187,-0.00166,-0.00656","0,0,0,0,0,0,0,0","0,0,0,0,0,0,0,0",0.1806640625,0.1548549085855484,4,0.4811203181743622,0.5185784101486206
1,down_proj,gptq,5120,13824,0,0.0020632425944010417,0.0014643916377314816,614.8411571704419,0.2245067258492566,815.9754638671875,304.2669982910156,0.728975772857666,1.2033226490020752,1.3073546886444092,1.713334321975708,0.877312958240509,612.6107788085938,0.6450177431106567,"5472,4733,13674,10688,2889,5878,6881,5573,6375,5738,13373,12990,9305,4766,6365,5041",1809.138671875,,,,,0,0.9201750755310059,1.2133313417434692,0.7853511571884155,1.2804471254348755,"1.152,0.687,0.584,0.659,0.499,0.717,0.953,0.206",3440.4853515625,1431.13427734375,"1.455e+04,2598,2267,3339,2716,852.3,908.8,296.4",2.9143099784851074,2.7142269611358643,"4.256,2.578,3.345,2.719,2.759,2.382,2.359,2.916","1.872,0.8692,0.827,0.7549,0.9457,0.6137,0.6464,0.3987","1.744,1.049,1.082,0.9299,1.339,0.7247,0.6622,0.8794",3094,0.011233950965106487,2870,0.0038944247644394636,"9795,1823,5573,3052,1022,11355,11243,3055",0.6402040719985962,0.50048828125,0.3602294921875,"0.892,0.746,0.878,1.28,1.3,1.29,1.26,0.751","0.793,0.629,0.586,0.566,0.496,0.48,0.477,0.477","-0.194,0.17,0.173,-0.181,-0.0281,0.0762,-0.0593,-0.0146","-0.246,0.123,0.123,-0.122,0,0,0,0","-0.195,0.2,0.143,-0.167,0,0.0949,-0.0759,0",0.466796875,0.5192842483520508,1,0.10023456066846848,0.07974448800086975
2,q_proj,gptq,5120,5120,0,0.0020299911499023437,0.00145050048828125,578.8619218299921,0.19394541888413683,798.6998291015625,317.8221435546875,1.4747588634490967,13.59130573272705,3.588674783706665,12.06593132019043,0.7928492426872253,575.7578735351562,0.39010924100875854,"3388,28,157,2347,4344,11,1824,2428,1881,892,5021,5009,3890,1372,415,4061",516.9668579101562,,,,,0,2.097161293029785,5.943995475769043,1.502873182296753,5.460749626159668,"0.970,0.321,0.446,0.216,0.323,0.241,0.169,0.183",1199.1285400390625,1283.2464599609375,"1790,1754,776.8,671.1,1203,1432,1671,295.9",5.497258186340332,5.575769424438477,"5.582,5.878,4.439,5.242,5.731,5.646,7.213,4.248","2.48,1.426,1.403,1.021,1.288,1.181,1.383,0.7866","2.518,2.518,2.102,2.199,2.267,2.408,3.362,1.836",3257,0.013489095494151115,3637,0.007935943081974983,"28,892,1372,2657,4775,415,3890,1477",2.118802785873413,0.3298583924770355,0.18337403237819672,"2.87,2.87,2.56,2.15,2.53,2.53,2.86,2.49","1.7,1.45,1.17,1.12,1.01,0.98,0.781,0.637","-0.162,0.0356,-0.017,0.0159,-0.145,0.119,0.336,-0.121","-0.192,0,0,0,-0.192,0.096,0.288,-0.096","-0.139,0.0385,0,0,-0.124,0.125,0.288,-0.104",0.3359375,0.2879464626312256,2,0.1495939940214157,0.05113476514816284
2,k_proj,gptq,1024,5120,0,0.0020298004150390626,0.0014682769775390624,205.31176157656327,0.16256360562054306,290.07171630859375,129.717041015625,0.5240387320518494,5.418028831481934,1.305660605430603,4.855729103088379,0.7928492426872253,204.5191650390625,0.3756307363510132,"3388,28,157,1824,2347,2428,1881,11,4344,5009,415,892,5021,1372,3890,4061",516.9668579101562,,,,,0,0.7610100507736206,2.2036664485931396,0.5421059131622314,2.2489233016967773,"1.293,0.288,0.369,0.229,0.268,0.206,0.165,0.148",1199.1285400390625,1283.2464599609375,"1790,1754,776.8,671.1,1203,1432,1671,295.9",5.497258186340332,5.575769424438477,"5.582,5.878,4.439,5.242,5.731,5.646,7.213,4.248","1.539,0.8739,0.8418,0.6092,0.7698,0.6534,0.8069,0.4525","1.353,1.629,1.386,1.273,1.488,1.44,1.984,1.175",623,0.02976926788687706,690,0.05974608659744263,"28,892,1372,2657,4775,415,3890,1477",2.058070182800293,0.3056640625,0.17578125,"1.58,1.57,1.61,1.67,1.82,1.63,1.67,1.5","1.7,1.45,1.17,1.12,1.01,0.98,0.781,0.637","0.103,-0.0354,-0.0197,-0.0435,-0.0625,0.0986,-0.0571,0.0566","0.0859,0,0,0,-0.0859,0.0859,-0.0859,0.0859","0.096,-0.0385,0,-0.0356,-0.0711,0.101,-0.0628,0.0695",0.30078125,0.2578125298023224,1,0.13281556963920593,0.03448987752199173
2,v_proj,gptq,1024,5120,0,0.0020425796508789064,0.0014440536499023438,47.76629386844283,0.04118738794639109,117.08560180664062,81.86629486083984,0.127984419465065,1.0367785692214966,0.22642193734645844,0.9436416029930115,0.7928492426872253,47.349082946777344,0.12688365578651428,"3388,28,157,2347,1824,1881,5009,2428,892,11,5021,4344,3890,1372,415,4061",516.9668579101562,,,,,0,0.12515968084335327,0.4476112425327301,0.11239790916442871,0.4902380406856537,"0.635,0.282,0.426,0.153,0.223,0.248,0.219,0.125",1199.1285400390625,1283.2464599609375,"1790,1754,776.8,671.1,1203,1432,1671,295.9",5.497258186340332,5.575769424438477,"5.582,5.878,4.439,5.242,5.731,5.646,7.213,4.248","0.51,0.3867,0.3223,0.2572,0.3399,0.3426,0.3944,0.1822","0.64,0.7278,0.4936,0.6567,0.7192,0.6883,0.842,0.5165",637,0.014006279408931732,644,0.013955432921648026,"28,892,1372,2657,4775,415,3890,1477",0.8008345365524292,0.6307373046875,0.744140625,"0.205,0.241,0.215,0.208,0.186,0.23,0.292,0.256","1.7,1.45,1.17,1.12,1.01,0.98,0.781,0.637","0.00555,0.000282,-0.00452,0.00182,0.0038,-0.00294,-0.00301,-0.00279","0,0,0,0,0,0,0,0","0,0,0,0,0,0,0,0",0.07568359375,0.08412044495344162,1,0.040229134261608124,0.007248511537909508
2,o_proj,gptq,5120,5120,0,0.002120361328125,0.001451568603515625,305.85822597741935,0.044193187803463665,761.1499633789062,399.5978698730469,0.4118298888206482,1.338364601135254,0.9719470739364624,1.6752541065216064,0.7100625038146973,304.6164245605469,0.045840103179216385,"2476,2562,2530,2561,2524,2677,2140,1964,2092,3073,3074,2892,1674,2146,1729,2636",35.120269775390625,,,,,0,0.6823394298553467,1.1510138511657715,0.4954821467399597,0.9298114776611328,"0.623,0.639,0.884,0.586,0.431,0.510,0.615,0.565",10183.4970703125,6185.19775390625,"1.76e+04,1.781e+04,9302,7705,6902,8674,8707,4764",3.5849287509918213,3.1697278022766113,"4.279,4.638,2.64,3.026,3.441,3.902,3.857,2.897","0.9679,1.014,0.7102,0.6845,0.6732,0.8599,0.9467,0.6569","1.227,1.268,0.7554,0.8942,1.026,1.204,1.207,0.8741",5104,0.005248794332146645,3696,0.004449187312275171,"2976,2140,2870,2946,4286,2524,4977,4238",0.13480816781520844,0.36591798067092896,0.33771973848342896,"1.26,1.37,1.28,1.27,1.06,1.23,1.2,0.99","0.357,0.301,0.289,0.281,0.268,0.266,0.262,0.258","-0.00381,-0.011,-0.0181,0.0166,-0.0243,0.000412,0.0124,0.0227","0,-0.0121,-0.0233,0.0117,-0.0243,0,0.0121,0.0291","0,-0.0164,-0.0135,0.016,-0.0208,0,0.0118,0.0208",0.1484375,0.16692467033863068,1,0.04877360165119171,0.0065222871489822865
2,gate_proj,gptq,13824,5120,0,0.0020298004150390626,0.0014360922354239006,200.6797383570821,0.023175158287979492,708.2830200195312,580.3665771484375,49.37059020996094,14709.7939453125,104.48165893554688,13558.236328125,0.9660620093345642,198.58094787597656,0.39633268117904663,"3593,2099,4437,4395,655,2657,320,4610,3891,4020,1567,1466,892,136,3850,3183",536.2711791992188,,,,,0,59.297340393066406,6176.43896484375,43.836143493652344,6467.87109375,"0.021,0.018,0.009,0.005,0.006,0.008,0.013,0.002",919.9475708007812,970.3284912109375,"1150,1448,568.5,568.6,895.1,1080,1378,272.3",71.54427337646484,73.49789428710938,"68.53,64.45,75.44,70.96,71.93,73.3,65.89,81.85","11.33,9.037,7.64,5.695,6.313,6.851,8.478,3.847","78.2,66.82,81.87,80.3,79.4,76.73,73.18,90.19",8059,0.006788009312003851,9623,0.0006575112929567695,"1567,4437,2099,4395,655,1466,3593,4610",26.369041442871094,0.08269133418798447,0.05029296875,"4.28,3.29,3.67,4.4,4.26,4.34,2.6,3.69","23.6,23,22.8,21.1,17.2,17,16.5,15.8","-0.0193,0.0166,0.0289,0.0171,-0.0222,-0.0145,-0.004,0.0284","0,0,0.0608,0,-0.0608,0,0,0","-0.0173,0,0.0385,0,-0.0209,-0.0216,0,0.0368",0.212890625,0.243303582072258,1,0.5201483964920044,0.4032564163208008
2,up_proj,gptq,13824,5120,0,0.002012549506293403,0.001453329015661169,85.1578157291863,0.015514104909836913,414.4985656738281,361.250244140625,24.787689208984375,676.8805541992188,43.52684020996094,648.407470703125,0.9660620093345642,84.46829223632812,0.22501444816589355,"4437,3593,3891,2657,655,320,2099,4020,4395,136,892,1148,1466,4610,228,1567",536.2711791992188,,,,,0,23.764877319335938,294.7752685546875,20.108360290527344,316.2240295410156,"0.163,0.134,0.065,0.048,0.060,0.077,0.119,0.018",919.9475708007812,970.3284912109375,"1150,1448,568.5,568.6,895.1,1080,1378,272.3",71.54427337646484,73.49789428710938,"68.53,64.45,75.44,70.96,71.93,73.3,65.89,81.85","6.543,5.832,4.496,3.728,4.307,4.867,5.496,2.598","16.21,15.95,17.7,17.08,17.52,17.54,15.94,19.17",148,0.009565805085003376,1119,0.009772351011633873,"1567,4437,2099,4395,655,1466,3593,4610",7.231419563293457,0.5199019908905029,0.3755967915058136,"0.432,0.513,0.514,0.439,0.442,0.415,0.603,0.452","23.6,23,22.8,21.1,17.2,17,16.5,15.8","-0.00125,0.00534,-0.00595,-0.00181,0.0036,-0.00745,0.00668,0.00176","0,0,0,0,0,0,0,0","0,0,0,0,0,0,0,0",0.15234375,0.14905588328838348,1,0.4212624132633209,0.4800184965133667
2,down_proj,gptq,5120,13824,0,0.0020375428376374423,0.0014484264232494212,1011.9288983977144,0.1503944046263177,1511.0640869140625,413.944580078125,2.8437609672546387,3.4808053970336914,5.007018089294434,2.9302966594696045,0.3687233328819275,1009.0067138671875,0.38425925374031067,"1798,11977,12298,4063,32,7448,331,4178,9391,2184,11776,6758,986,9616,4632,3604",222.80824279785156,,,,,0,2.265308380126953,1.4998230934143066,1.0996098518371582,1.00428307056427,"2.253,1.587,1.583,0.692,1.277,1.503,1.655,0.312",6117.0625,1743.752197265625,"1.746e+04,6898,5687,1741,2403,7116,7293,337",3.8952128887176514,3.1396901607513428,"4.312,4.387,2.9,3.312,3.443,5.51,4.962,2.335","2.004,1.73,1.164,0.8503,1.143,2.002,1.88,0.434","1.335,1.373,0.925,1.022,1.011,1.633,1.462,0.7769",3094,0.010477819480001926,350,0.006148945074528456,"9950,875,10029,331,11633,3620,4767,12796",0.7824029922485352,0.4626708924770355,0.3977294862270355,"1.12,1.1,0.922,0.974,1.34,1.31,0.908,0.917","1.46,0.676,0.668,0.613,0.609,0.57,0.566,0.492","-0.0791,-0.188,-0.0166,0.0464,-0.0884,-0.05,-0.0165,0.0566","-0.0878,-0.164,0,0,-0.083,-0.117,0,0","-0.0926,-0.221,0,0.0837,-0.072,-0.0714,0,0",0.484375,0.5474491119384766,1,0.11697590351104736,0.03323286399245262
3,q_proj,gptq,5120,5120,0,0.0020441818237304688,0.0014574813842773437,800.1532908901037,0.12784835550379348,1203.763916015625,509.72314453125,8.144903182983398,44.971046447753906,17.893157958984375,38.811683654785156,0.700454831123352,795.7430419921875,0.20952631533145905,"3388,3720,4402,3887,3005,4141,3978,4061,3135,3896,316,157,1470,1954,1824,1974",305.72442626953125,,,,,0,8.46182918548584,18.01737403869629,7.316697597503662,19.899301528930664,"0.983,0.535,0.845,0.278,0.318,0.487,0.411,0.240",1368.1187744140625,1531.32080078125,"1408,2266,729.5,788.5,1387,1811,2210,345.7",11.112203598022461,12.075626373291016,"8.606,13.5,7.227,11.47,12.51,12.88,14.4,8.299","3.3,3.651,2.543,2.232,2.567,3.316,3.477,1.533","3.329,4.994,2.767,4.235,4.553,4.752,5.425,3.129",889,0.012254268862307072,1378,0.007422783877700567,"28,415,4775,1372,3896,4079,2418,1696",0.8616704940795898,0.3470703065395355,0.2552734315395355,"2.3,1.96,1.95,2.01,1.51,1.85,2.07,1.76","2.22,1.96,1.83,1.78,1.72,1.48,1.47,1.42","0.0444,0.0124,-0.0403,0.0176,-0.00522,-0.0791,-0.0698,0.0388","0.0525,0,-0.0525,0,0,-0.105,-0.0525,0.0525","0.0469,0,-0.0342,0.0319,0,-0.0887,-0.0474,0.0324",0.2138671875,0.2098214328289032,1,0.2841488718986511,0.0810035765171051
3,k_proj,gptq,1024,5120,0,0.0020277023315429686,0.0014892578125,304.8452499419801,0.13146591222688356,456.44219970703125,191.24017333984375,3.0686135292053223,17.700363159179688,6.638588905334473,15.085855484008789,0.700454831123352,302.66961669921875,0.2272617667913437,"3388,3720,4402,3005,3887,4141,3978,3135,316,4061,1470,1974,3896,1954,1824,3479",305.72442626953125,,,,,0,3.1986074447631836,6.832651615142822,2.708299160003662,7.670367240905762,"1.020,0.539,0.752,0.274,0.344,0.474,0.413,0.214",1368.1187744140625,1531.32080078125,"1408,2266,729.5,788.5,1387,1811,2210,345.7",11.112203598022461,12.075626373291016,"8.606,13.5,7.227,11.47,12.51,12.88,14.4,8.299","2.066,2.241,1.531,1.38,1.62,2.015,2.126,0.9215","2.046,3.051,1.765,2.638,2.763,2.926,3.307,1.991",823,0.020423365756869316,941,0.022112349048256874,"28,415,4775,1372,3896,4079,2418,1696",0.8188943862915039,0.35791015625,0.25537109375,"1.23,1.4,1.45,1.23,1.05,1.1,1.19,1.23","2.22,1.96,1.83,1.78,1.72,1.48,1.47,1.42","-0.0267,0.00595,0.0184,-0.0119,0.00909,-0.0659,0.00385,-0.0051","-0.0483,0,0,0,0,-0.0483,0,0","-0.0251,0,0.0287,0,0,-0.0714,0,0",0.1689453125,0.1448102742433548,2,0.23150427639484406,0.027019619941711426
3,v_proj,gptq,1024,5120,0,0.002063751220703125,0.00143585205078125,51.258975534649004,0.03916845114892082,128.76974487304688,82.6392593383789,0.6047236323356628,5.195000648498535,1.0804250240325928,4.434679985046387,0.700454831123352,50.90876770019531,0.08631251752376556,"3720,4402,3388,3005,3887,3978,4141,3896,1277,9,3135,316,1954,4061,3479,1974",305.72442626953125,,,,,0,0.5043643712997437,1.9959357976913452,0.5108420252799988,2.3823394775390625,"0.532,0.298,0.370,0.136,0.182,0.274,0.253,0.122",1368.1187744140625,1531.32080078125,"1408,2266,729.5,788.5,1387,1811,2210,345.7",11.112203598022461,12.075626373291016,"8.606,13.5,7.227,11.47,12.51,12.88,14.4,8.299","0.7535,0.9005,0.5409,0.5428,0.67,0.8476,0.8749,0.3692","1.033,1.651,0.8895,1.469,1.569,1.618,1.739,1.059",185,0.01156735047698021,454,0.011078099720180035,"28,415,4775,1372,3896,4079,2418,1696",0.28831610083580017,0.4788818359375,0.7244873046875,"0.225,0.189,0.175,0.22,0.234,0.315,0.295,0.241","2.22,1.96,1.83,1.78,1.72,1.48,1.47,1.42","0.00397,-0.00168,0.0047,-0.000305,-0.0094,-0.00952,0.00194,-0.0121","0.00694,0,0.00694,0,-0.00694,-0.00694,0.00694,-0.0139","0,0,0,0,-0.0144,-0.0117,0,-0.0152",0.060546875,0.06593137234449387,1,0.07205893844366074,0.012895328924059868
3,o_proj,gptq,5120,5120,0,0.0021104812622070312,0.0014333724975585938,335.634248393646,0.041745502577453034,840.4105224609375,467.2813720703125,1.2131497859954834,3.125598669052124,2.8073248863220215,3.899130344390869,0.8232585191726685,334.84527587890625,0.06483203917741776,"5088,4704,4960,4832,4576,4998,795,1051,5043,1179,923,5086,4486,693,4742,4870",55.253684997558594,,,,,0,1.850376844406128,2.6301963329315186,1.329341173171997,2.1197762489318848,"0.731,0.703,0.834,0.733,0.589,0.663,0.727,0.717",8542.8203125,5525.07958984375,"1.071e+04,1.385e+04,5982,6405,7034,8930,9481,5948",5.213011741638184,4.679762840270996,"5.703,6.454,3.91,4.304,5.22,5.866,5.938,4.309","1.484,1.674,1.052,1.108,1.196,1.486,1.623,1.091","1.735,1.996,1.151,1.295,1.559,1.825,1.904,1.289",4495,0.005390556063503027,3094,0.003663809271529317,"4967,4931,4958,4960,4832,4915,4916,4704",0.22417566180229187,0.4609375,0.44843751192092896,"1.3,1.32,0.804,0.716,0.877,1.1,1.35,0.732","0.777,0.672,0.578,0.574,0.547,0.492,0.473,0.471","0.012,-0.00443,-0.0198,-0.000463,-0.00732,-0.00394,0.0137,0.00156","0,0,0,0,0,0,0,0","0.0114,0,-0.0227,0,-0.0128,0,0.0114,0",0.263671875,0.2525349259376526,1,0.08784575760364532,0.03133852779865265
3,gate_proj,gptq,13824,5120,0,0.001969160857024016,0.0014543180112485533,419.37257147896224,0.02478968208910029,1386.308837890625,1044.1732177734375,68.68521118164062,10804.732421875,162.60391235351562,9261.515625,0.9520174860954285,412.8271484375,0.38685861229896545,"2657,4395,3593,4437,4610,655,3891,3850,1567,388,4020,1466,136,2099,320,1148",766.5828247070312,,,,,0,82.7106704711914,3891.171630859375,62.61164855957031,4644.5703125,"0.048,0.044,0.021,0.011,0.014,0.020,0.027,0.004",1299.33935546875,1414.635009765625,"1307,2250,781.6,822.6,1264,1612,1944,412.7",52.13787078857422,56.718894958496094,"45.71,50.07,53.28,52.94,55.69,54.27,47.28,57.87","11.82,12.23,9.849,6.812,7.75,8.586,8.732,4.38","53.73,58.57,67.45,64.45,65.01,60.51,53.44,73.23",3237,0.002911838935688138,522,0.0005599320866167545,"1567,4437,3593,3850,4395,4610,655,4020",19.31488609313965,0.1191677525639534,0.080946184694767,"4.89,3.81,3.81,6.07,4.59,4.9,4.95,4.04","20,17.8,15.7,14.5,14.4,13.9,13,12.9","-0.0127,-0.00479,0.0221,-0.00793,0.052,0.0194,-0.017,0.00319","0,0,0.0441,0,0.0441,0,-0.0441,0","-0.0179,0,0.018,0,0.0463,0.0244,-0.0204,0",0.154296875,0.1763392984867096,1,0.4181845486164093,0.3038399815559387
3,up_proj,gptq,13824,5120,0,0.0020183563232421876,0.001443552087854456,141.85436199728903,0.015168481171161237,689.1285400390625,565.7303466796875,31.583717346191406,584.217041015625,54.83619689941406,512.9326171875,0.9520174860954285,141.0290069580078,0.2049410194158554,"3593,4437,2657,4395,136,4610,3891,655,4020,388,1148,1466,320,1567,2099,892",766.5828247070312,,,,,0,27.923446655273438,227.19561767578125,25.540122985839844,268.56072998046875,"0.222,0.215,0.107,0.072,0.090,0.127,0.176,0.030",1299.33935546875,1414.635009765625,"1307,2250,781.6,822.6,1264,1612,1944,412.7",52.13787078857422,56.718894958496094,"45.71,50.07,53.28,52.94,55.69,54.27,47.28,57.87","6.019,6.987,4.898,4.128,4.853,5.565,5.911,2.802","12.77,15.08,14.99,15.34,16.19,15.6,14.09,16.23",12273,0.005028680898249149,8322,0.012944179587066174,"1567,4437,3593,3850,4395,4610,655,4020",4.545303821563721,0.603515625,0.48487234115600586,"0.521,0.563,0.558,0.529,0.642,0.57,0.463,0.513","20,17.8,15.7,14.5,14.4,13.9,13,12.9","-0.0164,-0.011,-0.0217,-0.0135,0.012,0.00674,-0.0151,-0.0113","0,0,0,0,0,0,-0.0393,0","-0.0271,-0.0177,-0.0188,-0.0212,0.0177,0,-0.0204,-0.0209",0.1376953125,0.1180245578289032,1,0.3441440463066101,0.4083417057991028
3,down_proj,gptq,5120,13824,0,0.002056051183629919,0.0014236732765480324,1432.5693970393963,0.12255931626566281,2233.4052734375,732.2809448242188,5.2655463218688965,7.627556324005127,29.419090270996094,12.859496116638184,0.034974247217178345,1429.7314453125,0.20324939489364624,"2597,5768,6127,2541,7700,5471,5437,3402,6727,6754,13448,7904,2429,11287,4983,117",54.04813766479492,,,,,0,7.342741012573242,3.878424644470215,22.557600021362305,4.65665864944458,"1.822,1.431,1.474,0.822,1.170,1.260,2.654,0.557",12773.32421875,45052.69140625,"3.653e+04,9699,3762,2243,2372,5704,4.141e+04,467.2",5.401422500610352,5.704343795776367,"8.706,5.882,2.88,3.447,3.717,5.61,10.28,2.686","3.997,2.282,1.222,1.015,1.318,2.032,5.361,0.6521","2.961,1.908,1.007,1.119,1.219,1.811,3.291,0.8739",4675,0.0075278133153915405,3094,0.016679173335433006,"13167,6103,6883,6094,11045,7074,8781,4434",0.4410354495048523,0.3583740293979645,0.327392578125,"1.42,1.53,1.4,1.23,1.03,1.38,1.42,1.07","0.789,0.766,0.711,0.707,0.68,0.629,0.559,0.539","0.11,0.0154,0.0121,-0.0435,0.0742,0.124,0.0183,0.0107","0.106,0,0,-0.0497,0.0376,0.115,0,0","0.107,0,0,-0.0742,0.0865,0.126,0,0",0.41796875,0.5200561285018921,1,0.1143709048628807,0.10338883101940155
4,q_proj,gptq,5120,5120,0,0.002058372497558594,0.0014835739135742188,749.8659845323101,0.08309663530085552,1306.2642822265625,625.8878173828125,8.946747779846191,47.77861785888672,21.5584659576416,41.5154914855957,0.7613615989685059,746.6337890625,0.15958735346794128,"3388,892,3890,28,4061,548,1093,2428,157,5021,2524,1824,407,415,4081,4874",241.07948303222656,,,,,0,12.269968032836914,19.53656768798828,8.990946769714355,21.465986251831055,"1.543,0.608,1.149,0.371,0.340,0.461,0.487,0.270",2205.93896484375,2432.318359375,"3410,3379,1230,1202,1878,2404,3492,652.1",11.412257194519043,12.245501518249512,"11.98,13.86,6.973,10.65,12.48,12.32,14.57,8.476","5.623,4.075,2.922,2.441,2.708,3.1,3.962,1.673","4.526,5.227,2.725,4.007,4.643,4.567,5.676,3.221",2420,0.003204782959073782,2795,0.0032689974177628756,"1372,4775,3553,28,415,892,3388,1477",1.094339370727539,0.3372802734375,0.24111329019069672,"2.09,1.98,2.2,2.39,2.08,2.03,1.99,2.03","2.23,2.19,1.9,1.87,1.8,1.58,1.49,1.4","0.0493,-0.0275,0.106,-0.103,-0.0356,-0.0143,0.0549,-0.0291","0.0642,-0.0321,0.0963,-0.0963,-0.0321,0,0.0642,-0.0321","0.0497,-0.024,0.103,-0.0883,-0.0255,-0.0265,0.0452,-0.0297",0.173828125,0.19341522455215454,1,0.15332074463367462,0.0492984838783741
4,k_proj,gptq,1024,5120,0,0.002026939392089844,0.0014530181884765624,285.690079788701,0.09034743448516074,481.61737060546875,233.53341674804688,3.3444905281066895,19.032024383544922,8.04281997680664,16.12545394897461,0.7613615989685059,284.32745361328125,0.16804037988185883,"3388,892,1093,4061,28,3890,2428,548,157,5021,1824,2524,415,407,4081,1719",241.07948303222656,,,,,0,4.7064595222473145,7.5955610275268555,3.281667709350586,8.523059844970703,"1.555,0.649,1.032,0.332,0.348,0.446,0.447,0.260",2205.93896484375,2432.318359375,"3410,3379,1230,1202,1878,2404,3492,652.1",11.412257194519043,12.245501518249512,"11.98,13.86,6.973,10.65,12.48,12.32,14.57,8.476","3.503,2.651,1.829,1.449,1.675,1.867,2.348,1.05","2.809,3.29,1.801,2.517,2.841,2.795,3.513,2.061",372,0.012892943806946278,906,0.015171240083873272,"1372,4775,3553,28,415,892,3388,1477",1.1257303953170776,0.2965087890625,0.2059326171875,"1.34,1.52,1.81,1.3,1.47,1.52,2.07,1.33","2.23,2.19,1.9,1.87,1.8,1.58,1.49,1.4","-0.0344,0.0369,-0.0361,0.0364,-0.0684,-0.0791,-0.155,0.0503","-0.0444,0,-0.0444,0.0444,-0.0887,-0.0887,-0.177,0.0444","-0.0321,0.0251,-0.0342,0.0287,-0.0791,-0.0678,-0.133,0.0527",0.1982421875,0.1774553656578064,1,0.1902294158935547,0.058198727667331696
4,v_proj,gptq,1024,5120,0,0.0020551681518554688,0.001407623291015625,68.98856624011631,0.04441357746316313,162.0138397216797,92.91201782226562,0.9636964201927185,5.652136325836182,1.9327709674835205,4.954460620880127,0.7613615989685059,68.64653015136719,0.07325006276369095,"892,3890,28,3388,1093,4061,2428,5021,1719,2524,1954,1696,533,1186,548,4081",241.07948303222656,,,,,0,0.9991070032119751,2.3181920051574707,0.8763251304626465,2.6424922943115234,"0.843,0.450,0.869,0.207,0.247,0.390,0.404,0.248",2205.93896484375,2432.318359375,"3410,3379,1230,1202,1878,2404,3492,652.1",11.412257194519043,12.245501518249512,"11.98,13.86,6.973,10.65,12.48,12.32,14.57,8.476","1.405,1.21,0.8244,0.6479,0.824,1.017,1.21,0.5259","1.531,1.804,0.8844,1.423,1.658,1.63,1.902,1.056",656,0.010598593391478062,983,0.01339920423924923,"1372,4775,3553,28,415,892,3388,1477",0.3753933310508728,0.682861328125,0.8245849609375,"0.162,0.174,0.129,0.199,0.195,0.246,0.143,0.267","2.23,2.19,1.9,1.87,1.8,1.58,1.49,1.4","0.00235,0.00659,0.00169,-0.000456,0.0013,-0.00121,-0.000357,0.0117","0,0,0,0,0,0,0,0.0124","0,0,0,0,0,0,0,0.0133",0.07568359375,0.08308442682027817,1,0.08482836931943893,0.008109359070658684
4,o_proj,gptq,5120,5120,0,0.002099151611328125,0.0014327239990234374,368.2567599331669,0.04044141928145032,961.8170166015625,522.878662109375,2.182533025741577,5.16307258605957,5.166059970855713,6.867920398712158,0.5454119443893433,367.4850158691406,0.0392402820289135,"4571,4955,4980,4596,1266,4023,4279,3895,3735,3777,4151,3821,4939,754,4064,4407",15.639979362487793,,,,,0,4.536985397338867,5.536187171936035,2.354257583618164,3.530315399169922,"0.797,0.931,1.080,0.809,0.591,0.812,0.770,0.795",10466.00390625,5412.79345703125,"1.877e+04,1.966e+04,6822,6826,6032,8926,1.021e+04,6491",7.1926398277282715,5.730737686157227,"9.67,9.38,5.27,5.561,6.425,7.379,7.771,6.085","2.697,2.9,1.7,1.584,1.613,2.146,2.253,1.711","3.02,3.006,1.636,1.76,2.098,2.382,2.568,1.919",38,0.005025938153266907,4469,0.01110103353857994,"3786,3735,3766,4571,1024,379,3834,2342",0.16745318472385406,0.35493165254592896,0.34699708223342896,"1.47,1.48,1.43,1.17,1.35,1.26,1.45,1.05","0.77,0.664,0.613,0.609,0.559,0.535,0.512,0.512","-0.00476,-0.0114,-0.00702,-0.00528,0.00891,-0.0103,0.0211,0.00964","0,0,0,0,0.0227,-0.015,0.023,0.023","0,0,0,0,0.0112,-0.00991,0.0331,0.00928",0.22265625,0.2549986243247986,1,0.11438483744859695,0.02839944325387478
4,gate_proj,gptq,13824,5120,0,0.002028316921657986,0.0014766127974898727,537.6847309339037,0.022651345912866272,1892.513916015625,1407.760009765625,126.99580383300781,8250.2109375,284.84918212890625,7123.943359375,0.951271653175354,532.0830688476562,0.3840002715587616,"1307,2657,3593,1567,1466,655,388,3850,4395,4020,4610,4437,136,11,4436,3799",756.6972045898438,,,,,0,174.11355590820312,3029.219970703125,114.919677734375,3507.774169921875,"0.119,0.093,0.076,0.036,0.034,0.039,0.068,0.013",1760.1893310546875,1761.965576171875,"2493,2831,1220,1051,1467,1920,2367,733.2",55.7959098815918,59.43052673339844,"55.6,55.15,56.15,58.66,59.47,58.45,46.92,55.97","18.65,16.16,15.48,10.75,10.82,11.03,12.05,6.686","53.98,52.92,56.26,57.02,58.97,55.83,46.1,58.16",128,0.0020404246170073748,1734,0.0005666888901032507,"1567,3850,655,3593,1466,4437,2657,4395",7.746676445007324,0.15461336076259613,0.10881438106298447,"4.47,5.08,4.59,3.61,4.72,3.14,4.04,3.48","30.2,18.2,16.6,16.2,14.2,12.4,12.1,10.6","-0.00148,-0.0226,0.00763,0.0289,-0.0253,0.0243,-0.0454,0.0146","0,0,0,0.0483,-0.0483,0.0483,-0.0483,0","0,-0.023,0,0.0201,-0.0183,0.0164,-0.0452,0.0164",0.1689453125,0.1448102742433548,1,0.488814115524292,0.12456315755844116
4,up_proj,gptq,13824,5120,0,0.0020301253707320603,0.0014399775752314814,214.60187098034248,0.015358895756577222,1034.059326171875,839.1514892578125,68.22561645507812,973.4901733398438,121.40516662597656,859.55517578125,0.951271653175354,213.46710205078125,0.22094698250293732,"2657,1307,388,3593,1567,1466,655,4437,4610,136,4395,4020,3850,4436,11,3799",756.6972045898438,,,,,0,66.8786849975586,385.4051208496094,54.805938720703125,439.5909423828125,"0.310,0.284,0.184,0.102,0.112,0.142,0.243,0.058",1760.1893310546875,1761.965576171875,"2493,2831,1220,1051,1467,1920,2367,733.2",55.7959098815918,59.43052673339844,"55.6,55.15,56.15,58.66,59.47,58.45,46.92,55.97","10.78,10.21,8.239,6.533,7.051,7.833,8.39,4.734","19.38,19.15,19.19,20.46,21.07,20.79,17.01,19.7",11696,0.01258097030222416,11696,0.0414804145693779,"1567,3850,655,3593,1466,4437,2657,4395",3.170445442199707,0.7011989951133728,0.6105685830116272,"0.846,0.726,0.689,0.76,0.671,0.881,0.644,0.915","30.2,18.2,16.6,16.2,14.2,12.4,12.1,10.6","0.369,0.377,-0.0312,-0.404,0.361,-0.381,-0.0938,-0.359","0.295,0.442,0,-0.442,0.295,-0.442,-0.147,-0.295","0.316,0.323,0,-0.347,0.31,-0.435,-0.0759,-0.326",0.515625,0.5278087854385376,1,0.7908265590667725,4.290555953979492
4,down_proj,gptq,5120,13824,0,0.001899846394856771,0.0014366008617259839,2888.974495664931,0.16668313134713583,2522.10400390625,1077.136962890625,805.447265625,12753.732421875,14212.1171875,55.34842300415039,-0.00017259566811844707,669.57177734375,0.9996287226676941,"1368,4620,7184,11305,1997,11696,1525,3614,8312,3613,9675,2842,6504,7515,3654,5567",9546.4921875,,,,,0,36193.8828125,116.82213592529297,32.850284576416016,6.3585920333862305,"11.615,10.673,455.584,12.058,1.750,3.177,1.581,64.902",940.263916015625,50.501914978027344,"1563,144.2,4880,72.36,142.9,55.02,648.6,15.46",22.238117218017578,6.7077131271362305,"38.89,11.87,69.73,8.437,12.21,7.556,25.15,4.056","45.93,13.23,535.6,10.24,5.426,4.728,10.67,12.53","13.48,4.048,25.09,2.948,4.102,2.653,8.483,1.556",3094,0.2653202414512634,1307,0.009744786657392979,"2336,12562,4480,3559,6728,8086,552,1881",0.5924637317657471,0.3626464903354645,0.3356689512729645,"1.33,1.4,1.14,1.33,1.12,1.44,1.27,1.47","9.25,4.38,3.52,2.81,1.11,0.832,0.797,0.785","-0.0291,0.0109,-0.0317,0.0239,0.0114,0.0083,0.0223,-0.00189","0,0,0,0,0,0,0,0","-0.0272,0,0,0,0,0,0,0",0.82421875,7.895967483520508,1,2.794952154159546,0.25839805603027344
5,q_proj,gptq,5120,5120,0,0.002051887512207031,0.00148895263671875,569.0087756646763,0.05233565475691412,1221.20068359375,668.777587890625,34.268577575683594,181.50643920898438,64.09981536865234,143.37509155273438,0.9180058836936951,567.5745239257812,0.13954336941242218,"3388,533,3720,316,1464,71,5117,2015,1974,1470,3978,1954,1810,3029,1298,2187",297.77557373046875,,,,,0,32.7102165222168,58.02323913574219,29.40686798095703,82.40917205810547,"1.653,0.634,1.691,0.417,0.293,0.437,0.765,0.296",2535.1337890625,2508.89013671875,"2541,3266,228.8,1853,2419,2738,6497,738.9",19.282386779785156,24.36543846130371,"13.3,23.12,4.162,20.97,26.27,24.61,26.35,15.46","6.243,6.688,1.985,4.986,5.21,6.039,8.713,3.108","4.856,8.402,1.526,7.719,9.631,9.138,9.96,5.713",3259,0.009569498710334301,432,0.003844847436994314,"2099,2657,892,3388,3799,28,4744,3896",0.7774434685707092,0.4064697325229645,0.40690919756889343,"1.25,1.23,1.42,1.6,1.35,1.79,1.37,1.36","6.41,4.75,4.16,3.92,3.7,3.33,3.19,2.94","0.0107,0.0234,0.0195,-0.00181,-0.0603,-0.0806,0.0212,-0.0211","0,0,0,0,-0.0485,-0.0971,0,0","0,0.0449,0.0377,0,-0.0753,-0.072,0.0371,-0.034",0.171875,0.20226295292377472,1,0.5096616148948669,0.11156930774450302
5,k_proj,gptq,1024,5120,0,0.0020599365234375,0.0014856338500976562,187.43027697420342,0.056995577597894746,384.99945068359375,207.3575439453125,10.88081169128418,62.21923065185547,20.554407119750977,49.13026809692383,0.9180058836936951,186.98898315429688,0.15731510519981384,"3388,3720,533,316,71,5117,1464,1186,1572,3029,1470,3978,1954,3135,4141,4402",297.77557373046875,,,,,0,10.989620208740234,19.96729850769043,9.064229011535645,28.202224731445312,"1.677,0.609,1.497,0.406,0.253,0.425,0.805,0.277",2535.1337890625,2508.89013671875,"2541,3266,228.8,1853,2419,2738,6497,738.9",19.282386779785156,24.36543846130371,"13.3,23.12,4.162,20.97,26.27,24.61,26.35,15.46","3.627,3.855,1.112,2.889,2.9,3.477,5.17,1.757","2.801,4.94,0.9088,4.536,5.771,5.335,5.762,3.336",179,0.014265598729252815,767,0.01764843799173832,"2099,2657,892,3388,3799,28,4744,3896",0.932115912437439,0.3887939453125,0.346435546875,"0.961,0.759,1.02,1.02,0.978,1,0.942,0.951","6.41,4.75,4.16,3.92,3.7,3.33,3.19,2.94","-0.166,0.122,-0.201,0.104,0.126,0.0291,-0.0256,-0.00365","-0.172,0.115,-0.23,0.115,0.115,0,0,0","-0.19,0.105,-0.172,0.0896,0.108,0.022,-0.0345,0",0.201171875,0.2299107313156128,1,0.3463990092277527,0.02033456414937973
5,v_proj,gptq,1024,5120,0,0.0020481109619140624,0.0014629364013671875,63.42305550146337,0.036500236725852175,165.8227081298828,101.19845581054688,4.483018398284912,22.98674774169922,7.4282708168029785,19.01837921142578,0.9180058836936951,63.25482940673828,0.08798132091760635,"533,1236,316,3720,2281,2015,591,71,1464,4348,1250,1810,3978,5117,3388,4141",297.77557373046875,,,,,0,3.8840739727020264,7.989536762237549,3.531586170196533,10.867809295654297,"1.260,0.504,1.143,0.382,0.270,0.391,0.678,0.254",2535.1337890625,2508.89013671875,"2541,3266,228.8,1853,2419,2738,6497,738.9",19.282386779785156,24.36543846130371,"13.3,23.12,4.162,20.97,26.27,24.61,26.35,15.46","2.024,2.236,0.6151,1.729,1.858,2.103,3.107,1.04","1.803,3.151,0.5753,2.798,3.577,3.362,3.772,2.062",786,0.012010116130113602,292,0.010873048566281796,"2099,2657,892,3388,3799,28,4744,3896",0.3369719982147217,0.590087890625,0.7249755859375,"0.119,0.187,0.291,0.204,0.192,0.343,0.425,0.388","6.41,4.75,4.16,3.92,3.7,3.33,3.19,2.94","0.00217,0.00132,-0.00415,-0.00385,0.00217,0.00243,0.0138,-0.0112","0,0,0,0,0,0,0.0139,-0.0139","0,0,0,0,0,0,0.017,-0.0169",0.07080078125,0.08666558563709259,1,0.20366023480892181,0.11551018804311752
5,o_proj,gptq,5120,5120,0,0.0021049118041992186,0.0014381027221679688,293.14075155420323,0.031196925371426137,864.2459716796875,536.2771606445312,2.6319127082824707,5.201829433441162,13.57969856262207,15.023639678955078,0.5470823645591736,292.8766174316406,0.05991380289196968,"282,2570,1797,1285,154,1413,2698,338,410,3082,1669,2826,1541,210,466,355",27.284055709838867,,,,,0,12.11012077331543,11.749076843261719,4.834205627441406,6.081292152404785,"1.073,1.086,1.154,1.018,1.047,0.821,0.895,0.845",36064.640625,10496.5107421875,"8.38e+04,1.233e+05,1.577e+04,1.02e+04,9711,1.755e+04,1.136e+04,1.686e+04",9.705636978149414,7.584330081939697,"16.06,18.49,7.564,5.948,5.299,8.751,6.791,8.745","5.226,6.152,2.714,1.933,1.753,2.559,2.074,2.59","5.044,5.902,2.526,1.916,1.713,2.825,2.193,2.817",4675,0.0028403555043041706,774,0.0030122571624815464,"3082,521,137,594,210,2526,1979,4680",0.06016533449292183,0.34809571504592896,0.33515626192092896,"1.39,1.21,1.1,1.38,1.25,1.34,1.32,1.3","0.551,0.406,0.402,0.391,0.387,0.387,0.377,0.369","0.0581,-0.0596,-0.0737,0.0371,0.0205,-0.00301,-0.0183,0.0022","0.0536,-0.0391,-0.0438,0.0536,0.0536,0,-0.0411,0","0.053,-0.0647,-0.0632,0.0324,0.0211,0,0,0",0.1875,0.2142857313156128,1,0.09341825544834137,0.032348521053791046
5,gate_proj,gptq,13824,5120,0,0.0020211820249204284,0.0015083030418113427,828.5042486281454,0.02683598252977655,2602.68505859375,1824.63525390625,235.7133331298828,5452.2470703125,488.30194091796875,4073.98876953125,0.9618578553199768,820.4632568359375,0.4500073194503784,"1307,11,2657,1466,388,1567,3593,655,3850,892,4020,136,3799,4610,4437,4395",716.7903442382812,,,,,0,347.3033447265625,1291.418701171875,208.1170196533203,2184.23583984375,"1.011,0.377,2.984,0.127,0.081,0.096,0.392,0.140",2233.71923828125,2159.0869140625,"2141,3278,308.2,1606,2038,2405,5078,1015",41.635623931884766,53.35036849975586,"29.89,42.84,20.54,47.64,55.59,53.8,42.28,40.51","23.65,20.3,24.48,14.56,13.77,14.13,20.59,13.52","23.52,33.04,14.17,40.86,48.44,45.65,32.89,36.12",4150,0.0013195176143199205,10531,0.0008254546555690467,"1567,3850,3593,1466,1307,2657,655,4437",5.213639259338379,0.186550572514534,0.13453957438468933,"5.1,5.14,3.89,5.08,4.31,3.85,4.71,3.58","28.2,15.8,14.1,13.7,12.2,11.2,10.1,8.88","-0.0583,-0.0244,0.0491,0.000683,0.0264,-0.0217,-0.0183,0.0142","-0.0647,-0.0324,0.0324,0,0.0324,-0.0324,0,0","-0.0506,-0.0324,0.0427,0,0.0265,-0.0198,-0.0193,0.024",0.11328125,0.1294642984867096,1,0.5001896619796753,0.30405914783477783
5,up_proj,gptq,13824,5120,0,0.0020262541594328705,0.0014304832175925926,289.5082388720814,0.016258222939682362,1325.3521728515625,1050.72802734375,120.9011459350586,927.057373046875,196.49057006835938,748.26171875,0.9618578553199768,288.365234375,0.22143839299678802,"1307,11,2657,1466,3593,388,1567,892,655,136,3799,4437,4610,4020,4395,3850",716.7903442382812,,,,,0,109.80180358886719,285.40875244140625,93.25416564941406,414.8355712890625,"0.946,0.497,1.111,0.226,0.187,0.225,0.669,0.223",2233.71923828125,2159.0869140625,"2141,3278,308.2,1606,2038,2405,5078,1015",41.635623931884766,53.35036849975586,"29.89,42.84,20.54,47.64,55.59,53.8,42.28,40.51","11.58,12.17,8.742,8.692,9.235,9.801,14.43,7.398","11.91,17.27,8.293,18.3,21.37,20.65,17.63,15.68",10445,0.0038153764326125383,13758,0.0030275508761405945,"1567,3850,3593,1466,1307,2657,655,4437",1.697771668434143,0.7868833541870117,0.7659505009651184,"0.801,0.541,0.631,0.656,0.764,0.52,0.659,0.893","28.2,15.8,14.1,13.7,12.2,11.2,10.1,8.88","0.0337,-0.0415,0.0334,-0.0752,-0.163,-0.14,-0.0952,0.0439","0.0737,-0.0737,0,-0.0737,-0.147,-0.147,-0.0737,0.0737","0.0547,-0.0544,0.0605,-0.0765,-0.144,-0.146,-0.108,0.0737",0.36328125,0.32344570755958557,2,0.5704402923583984,0.7004312872886658
5,down_proj,gptq,5120,13824,0,0.002007717556423611,0.0014436086018880208,1170.4405559162815,0.056184631886928245,2487.55322265625,1280.75048828125,16.8524169921875,136.54873657226562,87.438720703125,27.945152282714844,0.02211281657218933,1067.2259521484375,0.7869235277175903,"10445,6564,6903,9020,1692,10029,8355,3179,1886,6872,10041,1343,12021,1158,11231,2489",12640.5947265625,,,,,0,120.79248046875,25.87676239013672,61.1573486328125,22.115066528320312,"7.850,1.238,6.025,3.081,2.987,2.102,3.020,8.565",11769.7275390625,16750.46875,"1.689e+04,1.01e+04,8231,1943,4262,2688,4.849e+04,1559",11.44361400604248,11.151972770690918,"14.04,12.41,10.71,6.301,11.43,7.516,23.72,5.417","21.62,5.283,12.39,4.308,6.645,3.742,14.31,6.03","7.715,4.749,5.046,2.454,3.845,2.58,8.232,2.06",4675,0.2300940603017807,1307,0.004057696089148521,"12884,11841,2489,11233,12358,11491,5302,8994",0.3303346633911133,0.3521972596645355,0.34880372881889343,"1.37,1.28,1.27,1.26,1.07,1.08,1.42,1.6","7.28,5.66,3.39,2.06,1.02,0.836,0.785,0.73","0.141,0.0287,-0.0264,0.0322,-0.0247,-0.0615,-0.0187,-0.161","0.272,0,0,0,0,0,-0.191,-0.272","0.157,0,0,0.0511,0,-0.0611,0,-0.138",0.8515625,3.9356281757354736,1,3.1876161098480225,0.16794371604919434
6,q_proj,gptq,5120,5120,0,0.002053375244140625,0.001471710205078125,455.8098082738382,0.04342636315946171,1079.470703125,642.0806884765625,40.07148742675781,171.47946166992188,76.25227355957031,146.57699584960938,0.8790907263755798,454.6451416015625,0.13602714240550995,"3388,28,157,4925,2657,4874,4344,1824,1696,3653,4436,892,3696,415,1290,548",336.4847717285156,,,,,0,39.87146759033203,62.50381088256836,34.83571243286133,78.63832092285156,"1.364,0.757,1.579,0.463,0.349,0.478,0.881,0.391",2787.73779296875,2883.82177734375,"2065,3802,247.1,1806,2673,3078,7349,1281",20.272245407104492,24.241535186767578,"16.07,23.66,4.513,20.34,26.68,24.59,28.03,18.29","6.964,7.577,2.074,5.232,5.741,6.293,9.513,4.281","5.962,8.708,1.651,7.686,9.712,9.104,10.13,6.85",1086,0.004214553628116846,1142,0.00547440629452467,"2099,3388,2657,28,415,3593,693,1372",0.6201006174087524,0.4114990234375,0.3708740174770355,"1.19,1.74,1.37,1.84,1.64,1.47,1.82,1.62","7.38,5.5,4.66,4.22,3.45,3.27,3.12,3.03","0.0347,0.0332,-0.064,-0.0476,-0.043,0.04,-0.0103,0.0325","0.0569,0.0569,-0.0569,-0.0569,-0.0569,0.0569,-0.0569,0","0.0273,0,-0.0661,-0.0519,-0.0488,0.0458,0,0.0273",0.33984375,0.30428171157836914,1,0.37273240089416504,0.016966789960861206
6,k_proj,gptq,1024,5120,0,0.002021980285644531,0.0014654159545898437,134.85286759628414,0.0451423700948733,312.229248046875,185.91421508789062,11.676553726196289,55.99864196777344,22.400691986083984,48.03350830078125,0.8790907263755798,134.37460327148438,0.12197066098451614,"3388,157,28,4925,2657,1824,4874,3653,1696,4436,548,415,892,3696,4344,3483",336.4847717285156,,,,,0,11.650774002075195,19.7141056060791,10.468873023986816,25.000537872314453,"1.235,0.694,1.574,0.472,0.365,0.459,0.725,0.415",2787.73779296875,2883.82177734375,"2065,3802,247.1,1806,2673,3078,7349,1281",20.272245407104492,24.241535186767578,"16.07,23.66,4.513,20.34,26.68,24.59,28.03,18.29","3.618,4.044,1.106,2.935,3.263,3.487,5.039,2.394","3.255,4.856,0.8812,4.273,5.399,5.15,5.918,3.717",301,0.014625106006860733,439,0.04758679121732712,"2099,3388,2657,28,415,3593,693,1372",0.48050665855407715,0.3701171875,0.332275390625,"0.956,1.01,0.833,0.953,0.973,0.87,1.02,0.874","7.38,5.5,4.66,4.22,3.45,3.27,3.12,3.03","0.0157,-0.000301,-0.00095,-0.0123,3.39e-07,0.0133,-0.00418,0.0114","0.0272,0,0,0,0,0,0,0","0.0206,0,0,0,0,0.0244,0,0",0.1572265625,0.13496926426887512,1,0.39456841349601746,0.30014944076538086
6,v_proj,gptq,1024,5120,0,0.002060699462890625,0.001435089111328125,59.91817532113059,0.0313472740646728,171.85679626464844,111.84269714355469,6.209127426147461,24.462238311767578,10.519447326660156,21.341028213500977,0.8790907263755798,59.84687042236328,0.055373337119817734,"3388,28,157,4925,1824,4436,892,1696,3653,2657,3696,4874,415,1290,3483,1093",336.4847717285156,,,,,0,5.145851135253906,9.052567481994629,5.1667680740356445,11.543968200683594,"0.889,0.762,1.138,0.397,0.325,0.417,0.854,0.374",2787.73779296875,2883.82177734375,"2065,3802,247.1,1806,2673,3078,7349,1281",20.272245407104492,24.241535186767578,"16.07,23.66,4.513,20.34,26.68,24.59,28.03,18.29","2.149,2.698,0.6893,1.846,2.164,2.281,3.617,1.554","2.279,3.09,0.6462,2.93,3.796,3.533,3.914,2.541",616,0.015616057440638542,338,0.013877124525606632,"2099,3388,2657,28,415,3593,693,1372",0.2081887125968933,0.67236328125,0.8193359375,"0.146,0.135,0.184,0.377,0.271,0.13,0.153,0.407","7.38,5.5,4.66,4.22,3.45,3.27,3.12,3.03","-0.000218,-0.000286,6.48e-05,-0.00494,0.00215,-0.00504,0.00105,0.00885","0,0,0,0,0,0,0,0.0138","0,0,0,0,0,0,0,0.0176",0.078125,0.07578863203525543,1,0.2704826891422272,0.11034511774778366
6,o_proj,gptq,5120,5120,0,0.0021094131469726564,0.0014384078979492187,339.3384831771873,0.03540445751425035,944.2329711914062,550.4534912109375,2.6856460571289062,5.892519950866699,17.41717529296875,19.90203857421875,0.7358163595199585,338.23516845703125,0.0713522732257843,"1659,1403,1915,2759,1531,3143,1787,2887,2631,3015,1376,1037,1078,1364,1876,1054",64.08126068115234,,,,,0,12.828007698059082,13.173415184020996,7.916995525360107,9.805906295776367,"1.048,1.067,1.209,1.178,1.187,0.747,0.930,0.645",35968.53515625,18324.9140625,"8.513e+04,9.357e+04,1.267e+04,2.182e+04,1.855e+04,1.997e+04,1.521e+04,2.082e+04",10.495617866516113,9.606148719787598,"16.08,17.17,6.211,7.323,6.748,10.81,7.696,11.94","5.344,5.667,2.182,2.605,2.405,3.021,2.421,3.103","5.22,5.488,1.984,2.4,2.208,3.496,2.51,3.865",1754,0.005140312947332859,2077,0.0023295138962566853,"3143,674,4169,663,2540,2111,2440,2464",0.07191634178161621,0.31672364473342896,0.31291505694389343,"1.78,1.44,1.39,1.37,1.38,1.4,1.36,1.37","0.664,0.594,0.516,0.492,0.49,0.434,0.43,0.422","-0.0112,0.04,0.00179,0.00601,-0.0311,0.0135,0.00763,-0.0444","0,0.0719,0,0,0,0,0,-0.0363","-0.00984,0.0363,0,0,-0.0262,0.0147,0.0131,-0.0393",0.53125,0.4553571343421936,1,0.17244726419448853,0.0848080962896347
6,gate_proj,gptq,13824,5120,0,0.0020586649576822915,0.0015169638174551505,906.8451938888952,0.02739897883467392,2821.31103515625,1976.441162109375,370.8267517089844,6380.646484375,826.1312866210938,4754.970703125,0.955383837223053,900.1398315429688,0.46446314454078674,"1307,11,3593,1466,2657,388,4437,4020,1567,3850,3799,136,655,892,4597,4395",747.4261474609375,,,,,0,544.4942626953125,1769.281982421875,369.409912109375,2283.5126953125,"0.306,0.289,3.932,0.162,0.154,0.161,0.533,0.104",2471.85400390625,2631.50830078125,"1751,3560,354.9,1666,2376,2648,5927,1491",48.482460021972656,54.89668655395508,"54.04,48.04,25.32,45.94,57.88,54.5,48.9,53.25","25.89,21.43,35.57,16.15,19.9,18.8,26.58,15.62","46.82,39.9,17.94,40.12,50.66,46.82,36.42,48.52",3743,0.0015003657899796963,9656,0.0007630771724507213,"1567,3593,3850,1466,2657,1307,4437,3799",2.441500186920166,0.2280002236366272,0.16323061287403107,"4.68,4.43,4.9,5.1,3.8,4.77,3.89,4.23","22.2,18.5,17.5,15.6,11.5,10.1,10,9.81","0.00296,0.0286,0.00769,-0.0103,0.012,0.0238,0.0206,-0.05","0,0.0513,0,0,0,0.0513,0,-0.0513","0,0.0208,0,-0.0197,0,0.0352,0.0153,-0.0469",0.1884765625,0.17404717206954956,1,0.7706788778305054,0.2340097725391388
6,up_proj,gptq,13824,5120,0,0.0020377830222800927,0.0014344109429253473,341.4648642788013,0.017127559656546186,1507.136474609375,1178.1171875,200.27590942382812,1228.2503662109375,356.78228759765625,1022.305908203125,0.955383837223053,340.246826171875,0.2476089596748352,"1307,11,3593,388,2657,1466,4437,3799,4020,1567,136,655,892,4597,3850,4395",747.4261474609375,,,,,0,194.99609375,432.1305847167969,171.83628845214844,527.8436279296875,"0.417,0.519,1.756,0.296,0.270,0.339,0.767,0.233",2471.85400390625,2631.50830078125,"1751,3560,354.9,1666,2376,2648,5927,1491",48.482460021972656,54.89668655395508,"54.04,48.04,25.32,45.94,57.88,54.5,48.9,53.25","14.02,14.81,14.67,10.69,12.84,13.16,19.29,10.21","21.71,20.57,11.07,19.65,24.7,22.61,22.02,21.16",2914,0.002346927998587489,12429,0.0024241169448941946,"1567,3593,3850,1466,2657,1307,4437,3799",1.0958852767944336,0.7871636152267456,0.7719002962112427,"1.07,0.806,0.646,0.715,0.677,0.775,0.964,0.953","22.2,18.5,17.5,15.6,11.5,10.1,10,9.81","-0.0192,0.00264,-0.00129,-0.00146,-0.000862,0.0154,0.00152,0.00742","-0.0329,0,0,0,0,0,0,0","-0.0222,0,0,0,0,0.0227,0,0",0.115234375,0.1316964328289032,1,0.6220985054969788,0.4226607382297516
6,down_proj,gptq,5120,13824,0,0.001996965761537905,0.0014321927671079283,1140.1255977191431,0.050734883467437084,2569.9287109375,1448.546875,14.019394874572754,62.338584899902344,48.49339294433594,33.213645935058594,0.008825847879052162,1094.93896484375,0.43412017822265625,"1809,9185,11369,7611,5481,12840,5823,3599,4397,10609,271,3273,8954,756,10144,12218",10045.142578125,,,,,0,45.947696685791016,29.068710327148438,26.027544021606445,18.63439178466797,"1.020,1.073,0.945,2.253,1.113,1.236,2.242,1.165",35167.05859375,19777.498046875,"7.756e+04,8917,5.382e+04,3828,3968,1.127e+04,1.199e+05,2048",13.057466506958008,10.539115905761719,"15.4,9.942,16.65,6.759,7.542,13.35,28.7,6.113","5.582,3.523,7.098,3.549,2.762,5.046,14.9,2.41","5.526,3.401,7.302,2.365,2.618,4.539,9.955,2.232",655,0.004271076060831547,3094,0.02276703715324402,"10601,6790,5501,9676,11784,3687,6575,6216",0.5277085900306702,0.3862548768520355,0.37507325410842896,"1.47,1.2,1.24,1.18,1.24,1.43,0.982,1.05","3.17,2.39,2.06,2,0.977,0.758,0.715,0.648","0.02,-0.0043,-0.0094,0.00958,-0.00732,0.0129,-0.00595,-0.0036","0,0,0,0.0339,0,0,0,0","0.0172,0,0,0.0186,0,0.0107,0,0",0.34375,0.3703441023826599,1,0.1805228292942047,0.025329530239105225
7,q_proj,gptq,5120,5120,0,0.0020534515380859373,0.0014794158935546875,386.9604977070222,0.03567634665216412,1027.5828857421875,656.44677734375,59.01519012451172,205.42941284179688,115.7196273803711,186.09371948242188,0.890831708908081,386.2396240234375,0.1302848905324936,"3388,157,2657,28,4344,1824,3089,693,548,4925,1754,1093,4874,3931,382,892",278.20892333984375,,,,,0,56.322235107421875,77.1953125,53.34184265136719,98.17253112792969,"1.342,0.872,1.615,0.587,0.408,0.650,1.002,0.516",3194.006591796875,3300.8603515625,"1939,4175,364.9,2287,2944,4032,7894,1916",22.731647491455078,26.949176788330078,"15.68,26.29,5.916,23.92,29.64,27.91,30.47,22.04","6.723,8.922,2.727,6.689,6.895,8.261,11.09,5.894","5.803,9.556,2.146,8.732,10.79,10.25,11.08,8.204",2921,0.0032371049746870995,1257,0.003471614560112357,"2099,3388,693,2657,28,415,3593,3850",0.4253685176372528,0.4342041015625,0.393798828125,"1.19,1.52,1.64,1.36,1.84,1.54,1.55,1.51","7.84,6.03,4.47,4.31,4.19,4.16,3.69,2.86","-0.00134,0.0172,-0.0126,0.00313,-0.0217,-0.0203,-0.00781,0.0238","0,0.0144,-0.0144,0,-0.0289,-0.0144,-0.0144,0.0289","0,0.0194,-0.0162,0,-0.0165,-0.0167,0,0.0191",0.08154296875,0.0915052518248558,1,0.39231857657432556,0.03808406740427017
7,k_proj,gptq,1024,5120,0,0.0020565032958984376,0.0014860153198242188,116.6516768223023,0.039230508244937734,291.7764587402344,187.55905151367188,16.811912536621094,65.65536499023438,33.950233459472656,58.728302001953125,0.890831708908081,116.20855712890625,0.1320400834083557,"3388,157,2657,28,1824,693,4344,548,4874,1093,3931,3089,4925,1696,382,3696",278.20892333984375,,,,,0,16.334524154663086,24.23595428466797,15.518165588378906,30.423988342285156,"1.110,0.747,1.615,0.548,0.368,0.560,1.099,0.460",3194.006591796875,3300.8603515625,"1939,4175,364.9,2287,2944,4032,7894,1916",22.731647491455078,26.949176788330078,"15.68,26.29,5.916,23.92,29.64,27.91,30.47,22.04","3.496,4.603,1.476,3.628,3.693,4.452,6.206,3.155","3.319,5.325,1.161,4.9,6.089,5.951,5.919,4.65",818,0.018997270613908768,697,0.02276468090713024,"2099,3388,693,2657,28,415,3593,3850",0.45498520135879517,0.391357421875,0.3330078125,"1.01,1.01,1.07,0.844,0.998,1.06,0.842,0.81","7.84,6.03,4.47,4.31,4.19,4.16,3.69,2.86","0.0123,-0.00226,0.0221,0.000835,-0.0276,0.0115,-0.0143,0.0233","0,0,0,0,0,0,0,0","0,0,0.031,0,-0.0222,0,0,0.0413",0.203125,0.212053582072258,1,0.5089579224586487,0.13897627592086792
7,v_proj,gptq,1024,5120,0,0.0020425796508789064,0.0014432907104492188,54.889083543611854,0.02790949099731689,169.98333740234375,115.10673522949219,9.712669372558594,28.963134765625,17.415103912353516,28.068349838256836,0.890831708908081,54.79789352416992,0.053074974566698074,"3388,28,157,1824,2657,693,548,4874,1093,3931,4344,1696,4925,3696,415,382",278.20892333984375,,,,,0,8.384496688842773,11.909589767456055,8.671100616455078,14.805865287780762,"1.116,0.786,1.239,0.579,0.459,0.618,0.972,0.475",3194.006591796875,3300.8603515625,"1939,4175,364.9,2287,2944,4032,7894,1916",22.731647491455078,26.949176788330078,"15.68,26.29,5.916,23.92,29.64,27.91,30.47,22.04","2.277,3.347,0.9571,2.463,2.788,3.225,4.56,2.177","2.156,3.776,0.86,3.237,4.117,4.102,4.625,3.16",41,0.009778602980077267,467,0.013134398497641087,"2099,3388,693,2657,28,415,3593,3850",0.12348951399326324,0.7606201171875,0.884033203125,"0.0978,0.143,0.142,0.238,0.33,0.257,0.122,0.118","7.84,6.03,4.47,4.31,4.19,4.16,3.69,2.86","0.00117,0.00184,0.00168,0.00331,0.0047,0.00482,-0.00061,0.00302","0,0,0,0,0,0,0,0","0,0,0,0,0,0,0,0",0.080078125,0.07506996393203735,1,0.2757132351398468,0.3228808045387268
7,o_proj,gptq,5120,5120,0,0.002089805603027344,0.0014350509643554687,325.40910928140477,0.03261237151329823,934.3768310546875,568.34423828125,2.922104835510254,6.7991180419921875,17.2429141998291,18.368854522705078,0.39777469635009766,324.9967956542969,0.05165385082364082,"3755,1204,3243,5078,4822,4694,820,4566,3627,2285,3600,948,1076,3472,3371,3499",32.7364616394043,,,,,0,12.335006713867188,12.88054370880127,5.752012252807617,6.3855299949646,"0.928,0.901,1.052,1.121,0.983,0.995,1.080,0.933",33096.984375,14342.65234375,"7.636e+04,8.798e+04,1.993e+04,2.113e+04,1.461e+04,1.465e+04,1.724e+04,1.288e+04",9.824336051940918,7.488417625427246,"16,17.58,7.315,7.44,7.011,8.126,8.343,6.779","5.209,5.665,2.54,2.657,2.309,2.717,2.907,2.186","5.406,5.966,2.476,2.509,2.329,2.724,2.798,2.263",3909,0.003970334772020578,4675,0.011183785274624825,"80,464,46,435,51,430,63,444",0.04536071792244911,0.3255859315395355,0.3226074278354645,"1.3,1.59,1.23,1.4,1.38,1.54,1.39,1.43","0.574,0.543,0.461,0.459,0.457,0.451,0.434,0.4","0.0186,-0.02,0.00427,-0.0176,-0.000805,-0.00781,-0.0103,-0.0054","0.0254,-0.0254,0,-0.02,0,0,0,0","0.016,-0.0193,0,-0.0193,0,0,-0.016,0",0.130859375,0.12536905705928802,1,0.14550168812274933,0.00747784785926342
7,gate_proj,gptq,13824,5120,0,0.0020476305926287615,0.0015139685736762153,1125.0979687311042,0.027891623363704408,3496.064208984375,2472.63232421875,487.1437072753906,5905.2919921875,1273.1668701171875,4182.2607421875,0.9529402256011963,1120.81787109375,0.5007596015930176,"1307,3593,11,1466,4020,1567,4597,4437,655,3850,136,388,3799,2657,4395,1145",1308.681884765625,,,,,0,730.8597412109375,1572.327880859375,602.997802734375,2371.755859375,"0.353,0.451,5.159,0.222,0.162,0.353,0.923,0.155",2745.385986328125,2806.38134765625,"1678,3772,414.9,2075,2549,3446,6274,1753",44.27892303466797,53.775543212890625,"42.03,44.06,23.46,46.55,56.51,49.34,45.9,46.38","22.98,25.3,42.35,19.87,20.75,25.53,33.58,16.75","38.67,37.68,18.65,42.21,51.57,42.98,34.96,42.5",2289,0.0012507279170677066,387,0.0011821705847978592,"1567,3593,3850,1307,1466,655,1145,4597",3.90616512298584,0.3447265625,0.24897822737693787,"5.97,5.57,5.13,5.34,5.13,5.61,4.31,5.01","24.4,22.9,16.1,11.4,11.4,10.3,9.12,8.56","-0.0123,0.0195,-0.0325,0.0129,-0.0131,-0.0286,-0.0347,-0.0302","0,0,0,0,0,0,0,0","-0.0216,0,-0.0259,0,-0.0124,-0.0353,0,-0.0205",0.451171875,0.38671875,1,0.7339881658554077,0.4599071145057678
7,up_proj,gptq,13824,5120,0,0.002038249263057002,0.0014414469401041667,387.93746081435006,0.015582325777284311,1826.5010986328125,1445.31884765625,260.873046875,1201.809814453125,485.61260986328125,997.425048828125,0.9529402256011963,386.59375,0.2286137342453003,"1307,3593,11,1567,1466,4437,4597,4020,388,655,136,3799,2657,3850,4395,1145",1308.681884765625,,,,,0,245.2347412109375,421.20245361328125,237.1025390625,549.656494140625,"0.478,0.672,1.887,0.388,0.318,0.541,0.978,0.336",2745.385986328125,2806.38134765625,"1678,3772,414.9,2075,2549,3446,6274,1753",44.27892303466797,53.775543212890625,"42.03,44.06,23.46,46.55,56.51,49.34,45.9,46.38","12.7,17.02,15.54,12.85,14.16,16.6,22.19,11.65","18.37,20.76,11.31,20.62,25.13,22.57,22.43,20.09",3156,0.0025992279406636953,8249,0.003861355595290661,"1567,3593,3850,1307,1466,655,1145,4597",1.2720210552215576,0.839111328125,0.8840422630310059,"1.3,0.773,0.718,0.843,0.716,0.913,1.17,0.993","24.4,22.9,16.1,11.4,11.4,10.3,9.12,8.56","0.00443,-0.0205,-0.0187,-0.0159,-0.0083,0.303,0.0967,-0.0127","0,0,0,0,0,0.259,0.0865,0","0,-0.018,-0.0187,-0.0183,-0.0163,0.259,0.0829,-0.0161",0.302734375,0.2594866156578064,1,0.7220882773399353,0.789798378944397
7,down_proj,gptq,5120,13824,0,0.002010204173900463,0.0014432271321614583,1763.4471116525963,0.06789431329316976,3425.684326171875,1612.508544921875,12.246904373168945,28.74469566345215,46.07595443725586,30.88283920288086,0.02368021197617054,1758.759033203125,0.0913165807723999,"13396,1021,11276,8240,12313,12778,7523,10660,9194,816,415,8482,11266,3773,10513,12978",211.2974395751953,,,,,0,43.10608673095703,25.5529842376709,13.187444686889648,10.482006072998047,"1.481,1.192,2.049,0.959,1.021,1.328,1.909,0.987",64550.2109375,13363.115234375,"1.227e+04,1.758e+04,2.354e+05,9159,1.254e+04,2.157e+04,2.025e+05,5322",13.310766220092773,9.259626388549805,"8.572,10.57,22.13,9.299,12.74,11.16,25.11,6.916","3.693,3.991,11.14,3.096,4.402,4.448,11.7,2.385","3.034,3.655,7.782,3.162,4.356,3.859,8.466,2.401",3917,0.0029753255657851696,4675,0.013188658282160759,"10063,12161,11245,2116,1091,5590,9441,8952",0.8872511982917786,0.3719238340854645,0.38776856660842896,"1.34,1.37,1.4,1.02,0.983,1.02,1.25,1.2","8.69,5.66,2.97,1.71,1,0.965,0.863,0.824","-0.0281,-0.016,-0.00163,0.00616,0.0187,-0.00793,0.0201,0.00352","0,-0.0163,-0.0155,0,0.0271,-0.0124,0.0526,0","-0.03,-0.0116,0,0,0.0155,0,0.0199,0",0.259765625,0.22226129472255707,2,0.2400893270969391,0.05074762552976608
8,q_proj,gptq,5120,5120,0,0.002033424377441406,0.0014623260498046874,531.6821961108745,0.05015185952843395,1168.56298828125,674.3430786132812,58.672584533691406,242.38034057617188,131.84971618652344,216.14271545410156,0.901630163192749,529.8292236328125,0.2159692347049713,"3720,3388,316,3005,533,3887,4402,2187,4141,1464,2015,1810,3638,1572,3390,1954",338.4990234375,,,,,0,61.99650573730469,89.88104248046875,54.1319580078125,113.0994644165039,"1.619,0.792,1.700,0.519,0.364,0.608,0.983,0.484",2784.465576171875,2818.341064453125,"1719,4133,354,2094,2718,3404,6027,1827",24.144502639770508,28.296945571899414,"16.1,29.16,6.797,27.2,30.58,29.97,29.53,23.82","7.641,9.76,3.294,7.27,6.875,8.822,10.72,6.216","6.004,10.97,2.526,10.09,11.4,11.31,10.81,8.931",472,0.004635984543710947,4340,0.0037646102719008923,"3388,2099,2657,693,415,3390,28,4744",0.6447129845619202,0.412841796875,0.41301271319389343,"1.53,1.21,1.25,1.59,1.51,1.4,1.89,1.47","6.91,6.56,5.09,5.03,4.19,4.06,4.03,4","-0.00555,-0.0374,-0.000656,0.0232,0.0557,0.00522,-0.0557,-0.0305","0,-0.0303,0,0.0303,0.0605,0,-0.0605,-0.0303","0,-0.036,0,0.0188,0.0477,0,-0.0477,-0.0286",0.1396484375,0.16339212656021118,1,0.46813851594924927,0.13210642337799072
8,k_proj,gptq,1024,5120,0,0.0020360946655273438,0.0014530181884765624,167.7103951546292,0.05655275865043318,347.4390563964844,201.27896118164062,17.874279022216797,73.41014099121094,41.457706451416016,67.881591796875,0.901630163192749,167.42218017578125,0.23824550211429596,"3720,3388,316,533,3005,2015,4402,3887,2187,4141,1810,3390,1464,1954,1298,1470",338.4990234375,,,,,0,19.73055648803711,29.961875915527344,16.62561798095703,36.05463790893555,"1.489,0.730,1.716,0.485,0.356,0.635,0.941,0.417",2784.465576171875,2818.341064453125,"1719,4133,354,2094,2718,3404,6027,1827",24.144502639770508,28.296945571899414,"16.1,29.16,6.797,27.2,30.58,29.97,29.53,23.82","4.289,5.485,1.716,4.192,3.842,5.106,6.084,3.315","3.514,6.42,1.31,6.019,6.438,6.406,6.273,5.133",865,0.013908322900533676,628,0.03181206062436104,"3388,2099,2657,693,415,3390,28,4744",0.6548826694488525,0.4119873046875,0.3797607421875,"0.881,0.837,0.722,0.912,0.993,0.97,0.926,1","6.91,6.56,5.09,5.03,4.19,4.06,4.03,4","-0.0124,-0.00977,-0.00479,-0.0229,-0.0228,0.00244,-0.0182,0.0938","0,0,0,-0.0279,-0.0279,0,-0.0279,0.0837","-0.0144,-0.0166,0,-0.0162,-0.0272,0,-0.0233,0.0804",0.10693359375,0.0999496579170227,5,0.4530765116214752,0.10620883107185364
8,v_proj,gptq,1024,5120,0,0.0020082473754882814,0.001479339599609375,54.769218982233056,0.02762431925165401,171.59164428710938,118.1798324584961,7.6762776374816895,34.17399978637695,14.227829933166504,31.831523895263672,0.901630163192749,54.69156265258789,0.09293284267187119,"316,3720,4402,3388,533,2187,3005,4141,3887,9,591,1464,1810,3135,2281,3390",338.4990234375,,,,,0,6.6474761962890625,13.54758071899414,6.303583145141602,16.814579010009766,"0.932,0.612,0.867,0.313,0.293,0.451,0.733,0.342",2784.465576171875,2818.341064453125,"1719,4133,354,2094,2718,3404,6027,1827",24.144502639770508,28.296945571899414,"16.1,29.16,6.797,27.2,30.58,29.97,29.53,23.82","2.243,3.252,0.9702,2.254,2.396,2.928,3.633,2.01","2.324,4.156,1.042,4.028,4.425,4.36,4.242,3.436",315,0.013702536933124065,832,0.010572482831776142,"3388,2099,2657,693,415,3390,28,4744",0.19537171721458435,0.530517578125,0.80419921875,"0.185,0.134,0.225,0.187,0.301,0.21,0.328,0.251","6.91,6.56,5.09,5.03,4.19,4.06,4.03,4","0.00705,0.00211,0.00017,0.000191,0.00179,0.00208,-0.00671,-0.0103","0.0082,0,0,0,0,0,-0.0082,-0.0082","0,0,0,0,0,0,0,-0.0165",0.0771484375,0.08560048043727875,1,0.2804986238479614,0.10201725363731384
8,o_proj,gptq,5120,5120,0,0.0020959854125976564,0.0014444732666015626,320.830889509749,0.03482096927160128,912.0086059570312,535.4654541015625,2.7023377418518066,7.3646087646484375,23.139842987060547,27.743480682373047,0.6063368916511536,319.9441833496094,0.07927179336547852,"94,860,478,350,1116,988,732,222,1244,606,2056,2165,1226,4193,2101,1098",81.20316314697266,,,,,0,15.968914031982422,18.115333557128906,9.924125671386719,12.443235397338867,"0.851,0.821,1.200,0.913,0.957,0.925,0.861,0.803",37373.6640625,20726.412109375,"7.688e+04,8.828e+04,2.665e+04,1.71e+04,2.183e+04,2.632e+04,2.356e+04,1.837e+04",12.477303504943848,10.74170207977295,"18.74,20.35,9.842,8.522,9.319,11.72,11.35,9.98","5.57,5.866,3.467,2.662,3.009,3.703,3.43,2.947","6.038,6.475,3.166,2.785,3.075,3.85,3.697,3.288",3094,0.013565801084041595,693,0.007198046892881393,"5051,5116,478,5106,842,94,5093,860",0.12818306684494019,0.3532470762729645,0.3330322206020355,"1.44,1.62,1.42,1.49,1.5,1.42,1.45,0.994","1.34,0.949,0.922,0.918,0.883,0.848,0.738,0.719","-0.03,-0.0254,-0.00861,-0.014,-0.0265,-0.0217,0.00418,-0.131","-0.0315,-0.0315,0,0,0,0,0,-0.1","-0.0326,-0.0326,0,0,-0.0377,-0.0212,0,-0.113",0.3515625,0.3013392984867096,3,0.35046806931495667,0.05827971547842026
8,gate_proj,gptq,13824,5120,0,0.002041696619104456,0.0015178962990089698,1102.8339723329282,0.02689026817522048,3538.580322265625,2559.393310546875,326.7734069824219,3145.22216796875,906.9957885742188,2265.8955078125,0.9368277788162231,1099.3642578125,0.46754956245422363,"1307,3593,1567,4020,11,4597,1466,3850,655,4437,4395,388,4610,136,2657,1145",980.6784057617188,,,,,0,473.0623779296875,856.4750366210938,435.4823303222656,1243.45849609375,"0.493,0.681,5.089,0.223,0.212,0.404,0.933,0.272",3005.912109375,3052.937744140625,"1815,4247,526.8,2289,3023,3607,6514,2025",32.47819900512695,39.22334289550781,"27.56,31.16,18.46,36.7,43.59,35.45,33.97,32.94","17.65,21.29,34.27,16.36,18.76,19.62,24.59,15.37","25.14,25.8,15.19,34.61,40.7,30.88,25.46,29.45",10844,0.0014850783627480268,10999,0.001320358132943511,"1567,3593,3850,655,4597,1466,1307,1145",3.3275914192199707,0.4078143239021301,0.30477792024612427,"6.71,5.45,4.99,6.54,5.11,5.52,5.7,4.4","25.6,14.7,9.81,7.81,6.22,5.34,4.88,4.66","-0.169,0.0115,-0.00769,-0.0439,-0.0334,-0.0398,0.04,0.0114","-0.193,0,0,-0.0483,-0.0483,-0.0483,0.0483,0","-0.145,0.0198,0,-0.0481,-0.0407,-0.036,0.0399,0.0208",0.1689453125,0.1930803656578064,1,0.722784161567688,0.5338096618652344
8,up_proj,gptq,13824,5120,0,0.0020361865008318865,0.0014472537570529515,382.45677908568905,0.014745855696420389,1891.313720703125,1526.6365966796875,183.95455932617188,581.076416015625,331.9391784667969,509.4263916015625,0.9368277788162231,381.2149353027344,0.1603821963071823,"1307,3593,1567,11,4020,4597,1466,4437,4395,388,655,3850,4610,136,2657,1145",980.6784057617188,,,,,0,163.53134155273438,219.8927459716797,160.79415893554688,272.2127685546875,"0.708,0.910,1.545,0.531,0.468,0.700,1.031,0.549",3005.912109375,3052.937744140625,"1815,4247,526.8,2289,3023,3607,6514,2025",32.47819900512695,39.22334289550781,"27.56,31.16,18.46,36.7,43.59,35.45,33.97,32.94","10.06,14.5,11.27,10.88,12.47,13.34,17.72,10.2","11.95,15.2,9.067,14.92,18.23,15.94,17.46,13.76",5770,0.00186561094596982,2580,0.002800990594550967,"1567,3593,3850,655,4597,1466,1307,1145",0.6929678916931152,0.8672236800193787,0.9222005009651184,"0.633,0.432,0.433,0.513,0.588,0.563,0.478,1.14","25.6,14.7,9.81,7.81,6.22,5.34,4.88,4.66","0.011,-5.3e-06,-0.064,-0.00854,0.0645,-0.00235,-0.0491,0.0845","0,0,-0.1,0,0.1,0,0,0.1","0,0,-0.0749,0,0.0552,0,-0.0653,0.0724",0.3515625,0.3013392984867096,1,0.538755476474762,0.5859378576278687
8,down_proj,gptq,5120,13824,0,0.002005697179723669,0.0014364030626085069,1714.364523690413,0.06601380737047065,3395.511962890625,1630.4619140625,16.51361846923828,38.8576774597168,62.491065979003906,39.997169494628906,0.01617463491857052,1712.394287109375,0.0660632997751236,"5389,3574,4448,12718,1383,11165,0,10176,12425,3264,6540,4965,11809,793,11608,9932",124.83475494384766,,,,,0,33.30719757080078,22.62506675720215,44.137969970703125,24.227514266967773,"1.310,1.166,1.793,1.005,1.159,1.075,1.978,1.236",26413.80078125,38020.2265625,"8895,2.4e+04,2.029e+04,6939,1.323e+04,2.106e+04,1.069e+05,9968",13.021711349487305,13.835363388061523,"8.559,14.88,10.43,9.374,12.02,15.95,23.03,9.926","3.403,5.68,4.777,3.251,4.503,5.738,11.03,3.79","2.973,5.26,3.567,3.243,4.183,5.534,7.843,3.408",4675,0.006707645021378994,4675,0.021992908790707588,"3737,6311,9435,2014,9846,11280,787,12541",0.45877406001091003,0.355224609375,0.36279296875,"1.59,1.24,1.32,1.23,1.19,1.27,1.05,1.21","4.41,4.41,2.69,1.67,1.52,1.47,1.14,1.13","0.0168,-0.00946,0.0114,-0.0304,-0.125,0.00586,0.0271,0.0669","0,0,0,0,-0.118,0,0,0","0,0,0,0,-0.128,0,0.048,0.0799",1.1796875,1.0111608505249023,1,0.36879515647888184,0.6202857494354248
9,q_proj,gptq,5120,5120,0,0.0020398712158203125,0.0014718246459960937,398.05790880445807,0.03579616900414894,1055.279296875,675.3400268554688,56.1727294921875,193.32327270507812,128.96441650390625,185.88201904296875,0.9059362411499023,397.3265075683594,0.1492478996515274,"3388,2657,157,1093,4344,693,3931,4925,548,28,3089,4517,3696,415,1824,382",353.7498779296875,,,,,0,58.34370422363281,77.18878173828125,58.17951965332031,90.83221435546875,"1.368,0.892,1.703,0.546,0.475,0.669,0.957,0.559",3147.96337890625,3465.51708984375,"1927,4424,461.7,2126,3005,4073,7056,2110",22.625280380249023,25.843482971191406,"16.73,27.91,6.454,23.19,27.77,27.2,28.96,22.81","7.298,9.908,3.09,6.35,6.909,8.309,10.41,6.355","6.239,10.49,2.368,8.595,10.03,10.16,10.64,8.497",283,0.007791266776621342,626,0.0060758222825825214,"2099,3388,2657,693,415,157,1372,28",0.7405862212181091,0.43061524629592896,0.3843994140625,"1.14,1.57,1.25,1.68,1.57,1.76,1.53,1.92","8.81,4.88,4.78,4.62,3.89,3.5,3.38,3.16","0.0123,0.0339,0.0065,-0.0219,0.00726,-0.019,-0.00995,0.0474","0,0.0343,0,0,0,0,0,0.0343","0,0.0325,0,-0.0181,0,-0.0205,-0.0163,0.0388",0.1953125,0.16829319298267365,1,0.6098314523696899,0.020427130162715912
9,k_proj,gptq,1024,5120,0,0.002028656005859375,0.0015079498291015625,124.2333948007365,0.040999818802148494,305.0166931152344,194.79132080078125,16.54153823852539,63.81922149658203,39.5533561706543,60.503746032714844,0.9059362411499023,123.9217529296875,0.15561680495738983,"3388,2657,157,1093,693,4344,548,4925,3931,28,2428,1824,4517,3696,1696,415",353.7498779296875,,,,,0,18.213890075683594,24.56170082092285,17.00739288330078,28.90579605102539,"1.433,0.948,1.917,0.498,0.420,0.699,0.927,0.497",3147.96337890625,3465.51708984375,"1927,4424,461.7,2126,3005,4073,7056,2110",22.625280380249023,25.843482971191406,"16.73,27.91,6.454,23.19,27.77,27.2,28.96,22.81","4.17,5.682,1.699,3.556,3.689,4.72,5.733,3.427","3.484,5.835,1.227,5.041,5.695,5.644,5.956,4.861",959,0.02442459762096405,1010,0.016330191865563393,"2099,3388,2657,693,415,157,1372,28",0.8531572818756104,0.38232421875,0.31005859375,"1.02,1.05,0.899,1.08,1.1,0.982,0.947,0.943","8.81,4.88,4.78,4.62,3.89,3.5,3.38,3.16","-0.00238,-0.00995,-0.000862,0.0251,-0.0097,-0.0193,-0.00922,-0.00934","0,0,0,0.0558,0,0,0,0","0,0,0,0.0239,0,-0.0275,0,0",0.1953125,0.1674107313156128,1,0.5765382051467896,0.23989108204841614
9,v_proj,gptq,1024,5120,0,0.0020450592041015626,0.0014568328857421874,57.32993286772452,0.027410571421490972,180.89517211914062,125.43782043457031,9.361160278320312,27.427349090576172,18.0057373046875,27.22701072692871,0.9059362411499023,57.205482482910156,0.058429375290870667,"2657,3388,1093,157,28,3931,548,693,4517,1696,2428,415,1824,3696,4344,4925",353.7498779296875,,,,,0,8.146506309509277,11.885115623474121,8.833553314208984,13.773337364196777,"1.006,0.767,1.265,0.564,0.501,0.584,0.861,0.539",3147.96337890625,3465.51708984375,"1927,4424,461.7,2126,3005,4073,7056,2110",22.625280380249023,25.843482971191406,"16.73,27.91,6.454,23.19,27.77,27.2,28.96,22.81","2.384,3.487,1.12,2.472,2.745,3.097,4.168,2.337","2.378,3.981,0.9959,3.291,3.878,4.052,4.491,3.182",944,0.01278325729072094,926,0.010590425692498684,"2099,3388,2657,693,415,157,1372,28",0.21318350732326508,0.7181396484375,0.8428955078125,"0.118,0.139,0.183,0.148,0.249,0.18,0.372,0.309","8.81,4.88,4.78,4.62,3.89,3.5,3.38,3.16","0.00107,-0.00279,0.00167,0.0033,0.000383,-0.00143,-0.0176,0.0114","0,0,0,0,0,0,-0.0219,0.0219","0,0,0,0,0,0,-0.0144,0",0.08154296875,0.09609785676002502,1,0.310373455286026,0.19804491102695465
9,o_proj,gptq,5120,5120,0,0.002080078125,0.0014468765258789063,324.3438150102302,0.032180201902364126,970.4736328125,577.3948364257812,5.030973434448242,11.791805267333984,26.84597396850586,29.727127075195312,0.36270952224731445,323.4912109375,0.054902803152799606,"4513,1575,4897,364,236,4769,620,4004,108,1447,1831,1703,5025,4641,4043,2350",42.954689025878906,,,,,0,14.981893539428711,16.252971649169922,11.380924224853516,13.476280212402344,"0.902,0.911,0.981,0.904,0.868,0.972,0.928,0.982",16014.712890625,10530.935546875,"3.31e+04,4.202e+04,9020,6611,7440,7795,1.042e+04,1.171e+04",11.291297912597656,10.874712944030762,"17.17,19.26,8.339,7.52,9.001,8.515,9.933,10.59","5.47,6.151,2.79,2.444,2.804,2.833,3.195,3.498","5.76,6.443,2.818,2.571,3.009,2.874,3.317,3.531",157,0.007085737306624651,4675,0.0064966934733092785,"1263,4617,4711,926,2165,4680,2094,977",0.09386178106069565,0.37348634004592896,0.3344970643520355,"1.49,1.28,0.969,1.27,1.28,1.29,1.29,1.3","1.13,0.855,0.789,0.785,0.738,0.719,0.699,0.664","-0.0103,-0.00362,0.0034,-0.00172,-0.028,-0.00708,0.0286,-0.0181","0,0,0,0,-0.0403,0,0.0416,0","0,0,0,0,-0.0232,0,0.0232,-0.0173",0.2392578125,0.28171077370643616,1,0.23606306314468384,0.1261708289384842
9,gate_proj,gptq,13824,5120,0,0.0020414705629701966,0.0015017191569010417,676.2856296250538,0.020637571177394586,2603.290771484375,1984.6527099609375,149.77395629882812,303.78399658203125,277.7654724121094,305.82989501953125,0.9206995964050293,675.6842041015625,0.0957784503698349,"1307,11,2657,2853,1145,3593,1093,4597,4437,2442,388,4517,4863,1696,4020,3943",119.27273559570312,,,,,0,134.98109436035156,138.2373504638672,139.27529907226562,160.2520751953125,"1.091,1.008,1.533,0.820,0.725,0.942,1.171,0.773",3874.619873046875,4209.3486328125,"2421,5407,783.1,2627,3612,4815,8561,2771",18.124286651611328,19.93517303466797,"13.74,21.08,10.38,16.45,20.29,20.92,25.14,17.01","9.179,13.47,8.454,9.383,10.95,12.71,16.85,9.446","8.789,13.42,6.828,10.36,12.86,13.09,15.57,10.74",1404,0.0014737186720594764,654,0.0034209606237709522,"2657,3593,2636,1145,3850,4597,4517,2250",0.088102787733078,0.29637768864631653,0.25690826773643494,"3.41,3.56,2.8,3.72,3.5,3.7,3.04,2.58","2.08,2.02,1.66,1.55,1.38,1.33,1.18,1.16","-0.105,0.0593,-0.0586,-0.0698,-0.0913,-0.0698,0.082,0.00848","-0.0876,0.0438,-0.0876,-0.0876,-0.0876,-0.0876,0.0876,0","-0.121,0.059,-0.0603,-0.064,-0.0759,-0.0703,0.0703,0",0.1533203125,0.1752232164144516,1,0.4203895926475525,0.07776559889316559
9,up_proj,gptq,13824,5120,0,0.002045779758029514,0.0014863332112630208,565.0878932280757,0.01890440511891854,2315.57666015625,1771.37548828125,136.64393615722656,255.06210327148438,245.78131103515625,262.32147216796875,0.9206995964050293,564.7463989257812,0.05595259368419647,"1307,11,2657,2853,1145,3593,1093,4437,4597,2442,4517,388,4863,1696,3653,2746",119.27273559570312,,,,,0,115.63873291015625,119.15848541259766,124.7376480102539,137.1531219482422,"1.078,1.009,1.126,0.828,0.780,0.935,1.150,0.839",3874.619873046875,4209.3486328125,"2421,5407,783.1,2627,3612,4815,8561,2771",18.124286651611328,19.93517303466797,"13.74,21.08,10.38,16.45,20.29,20.92,25.14,17.01","8.342,12.41,6.374,8.785,10.39,11.88,15.88,9.08","8.033,12.36,6.006,9.652,11.76,12.28,14.8,9.911",1286,0.0018816833617165685,806,0.0016777650453150272,"2657,3593,2636,1145,3850,4597,4517,2250",0.0478748083114624,0.5452383756637573,0.5954138040542603,"0.774,1.07,2.24,1.28,1.1,1.32,1.74,2.4","2.08,2.02,1.66,1.55,1.38,1.33,1.18,1.16","0.000904,-0.00531,0.00772,-0.0311,0.00623,0.0332,0.00781,0.00687","0,0,0,-0.0257,0,0.0257,0,0","0,0,0,-0.0236,0,0.0432,0,0",0.13671875,0.15777261555194855,1,0.4506389796733856,0.16564014554023743
9,down_proj,gptq,5120,13824,0,0.0020030975341796876,0.0014748184769241897,1154.2562135549392,0.03821644990559551,3082.3154296875,1884.0908203125,27.529451370239258,52.804386138916016,59.92998123168945,47.15293502807617,0.08894906938076019,1154.3134765625,0.05872425064444542,"4987,11675,12529,9580,8509,12392,8797,7828,10092,4573,4900,2773,13609,7131,4212,10660",67.52916717529297,,,,,0,25.446712493896484,19.82636260986328,29.434429168701172,23.95827293395996,"1.321,1.401,1.620,1.084,0.981,1.243,1.543,1.122",11405.26171875,12676.9677734375,"3883,1.843e+04,1540,5661,1.166e+04,1.648e+04,2.637e+04,7223",11.224568367004395,13.095481872558594,"6.86,14.71,3.478,9.341,14.14,14.19,16.78,10.3","2.938,6.477,1.667,3.592,5.208,5.916,7.665,4.052","2.556,5.472,1.31,3.45,5.257,5.307,6.171,3.826",4675,0.005880648270249367,2853,0.003292747074738145,"11078,7079,333,1195,4438,4473,4666,11704",0.2843644618988037,0.33935546875,0.3426269590854645,"1.45,1.46,1.43,1.46,1.47,1.48,1.37,1.49","3.59,3.52,3.08,2.61,1.98,1.66,1.62,1.56","0.00507,0.0015,-0.00244,0.0757,0.0168,-0.0679,0.0342,0.00507","0,0,0,0,0,-0.0888,0,0.0381","0,0,0,0.0804,0,-0.07,0.036,0",0.9296875,0.796875,2,0.3994007110595703,0.04891110956668854
10,q_proj,gptq,5120,5120,0,0.0020307159423828126,0.0014763641357421874,347.3328940636181,0.029683187791017494,1039.954833984375,718.0498046875,85.20820617675781,247.97488403320312,185.10467529296875,245.56297302246094,0.9111413359642029,346.99346923828125,0.12446735054254532,"3388,157,693,2657,4344,1093,4517,28,415,4925,1696,3931,4610,1824,3089,784",272.7569580078125,,,,,0,82.85293579101562,103.79443359375,88.6353759765625,127.1823501586914,"1.278,0.958,1.549,0.558,0.456,0.784,1.002,0.624",3379.52880859375,3866.9150390625,"2150,4755,505.6,2169,2928,4580,7430,2517",25.654521942138672,29.8568115234375,"19.46,31.37,7.265,25.72,30.71,30.7,33.66,26.36","8.391,11.62,3.419,7.254,7.779,10.33,12.75,7.967","7.421,11.87,2.747,9.715,11.51,11.67,12.73,10.08",4799,0.0038979987148195505,3646,0.004317651968449354,"2099,3388,693,2657,415,157,4517,4775",0.5194385647773743,0.4830322265625,0.46223145723342896,"1.06,1.43,1.54,1.06,1.44,1.63,1.47,1.53","8.75,5.31,5.12,4.75,4.66,3.72,3.55,3.45","-0.00607,-0.0339,0.0284,0.0464,-0.00793,0.0413,0.0962,-0.0447","0,-0.0413,0.0413,0.0413,0,0.0413,0.0826,-0.0413","0,-0.0297,0.036,0.0564,0,0.0472,0.0904,-0.0594",0.14453125,0.1472581923007965,1,0.48565974831581116,0.09841107577085495
10,k_proj,gptq,1024,5120,0,0.0020475387573242188,0.0014705657958984375,102.81851869614937,0.03212318224677399,293.9786376953125,202.0467529296875,24.172122955322266,76.77537536621094,52.87010192871094,74.03943634033203,0.9111413359642029,102.6130142211914,0.1199369952082634,"3388,157,693,2657,1093,4344,4517,28,3931,1696,415,1824,4610,4436,4925,3696",272.7569580078125,,,,,0,23.56826400756836,30.939245223999023,26.025938034057617,38.57666015625,"1.165,0.899,1.472,0.571,0.442,0.729,0.978,0.586",3379.52880859375,3866.9150390625,"2150,4755,505.6,2169,2928,4580,7430,2517",25.654521942138672,29.8568115234375,"19.46,31.37,7.265,25.72,30.71,30.7,33.66,26.36","4.362,6.248,1.778,3.973,4.2,5.486,6.844,4.119","4.042,6.588,1.465,5.257,6.316,6.424,6.919,5.382",45,0.021575750783085823,441,0.019963236525654793,"2099,3388,693,2657,415,157,4517,4775",0.46738165616989136,0.4556884765625,0.4208984375,"0.87,0.791,0.898,0.824,0.955,0.842,0.877,0.992","8.75,5.31,5.12,4.75,4.66,3.72,3.55,3.45","0.00113,0.00336,0.00647,0.0157,-0.0248,0.000182,0.00668,-0.0283","0,0,0,0.0178,-0.0178,0,0,-0.0178","0,0,0,0.0246,-0.0209,0,0,-0.0275",0.11767578125,0.1307854950428009,1,0.6169255971908569,0.04097925126552582
10,v_proj,gptq,1024,5120,0,0.0020526885986328126,0.0014675140380859375,49.721153509366815,0.02590382385294349,163.25909423828125,119.14181518554688,13.324480056762695,34.431297302246094,26.112354278564453,34.32500076293945,0.9111413359642029,49.58423614501953,0.06158764660358429,"157,2657,3388,693,1093,4517,28,415,1696,1824,4436,3696,3931,388,4610,2428",272.7569580078125,,,,,0,11.835768699645996,15.341935157775879,13.20466423034668,18.190353393554688,"1.150,0.804,1.397,0.585,0.476,0.766,0.999,0.656",3379.52880859375,3866.9150390625,"2150,4755,505.6,2169,2928,4580,7430,2517",25.654521942138672,29.8568115234375,"19.46,31.37,7.265,25.72,30.71,30.7,33.66,26.36","2.92,4.143,1.269,2.806,3.064,3.98,5.03,2.997","2.723,4.62,1.073,3.668,4.44,4.547,5.031,3.699",772,0.009571382775902748,736,0.009528815746307373,"2099,3388,693,2657,415,157,4517,4775",0.16142910718917847,0.6966552734375,0.8253173828125,"0.161,0.123,0.15,0.268,0.281,0.2,0.369,0.309","8.75,5.31,5.12,4.75,4.66,3.72,3.55,3.45","-0.00313,-0.0013,0.00139,0.000824,0.00102,0.000359,0.00214,-0.0125","0,0,0,0,0,0,0,-0.0105","0,0,0,0,0,0,0,-0.0116",0.07080078125,0.07516136765480042,1,0.29980984330177307,0.26302146911621094
10,o_proj,gptq,5120,5120,0,0.0020833587646484374,0.0014515304565429687,341.07792024704213,0.03394419690695499,979.5595703125,573.3026123046875,4.834352016448975,13.53886604309082,27.385631561279297,31.204303741455078,0.4431195557117462,340.59197998046875,0.08480270951986313,"1590,1462,1846,282,1718,4072,26,1334,1321,1705,154,1449,1833,1577,284,3442",77.1492691040039,,,,,0,16.473892211914062,20.347564697265625,10.882343292236328,12.865547180175781,"0.803,0.791,0.798,0.773,0.795,0.846,0.902,0.834",16756.6875,10445.607421875,"3.795e+04,4.231e+04,7555,7384,7276,1.1e+04,1.011e+04,1.047e+04",12.456025123596191,10.720237731933594,"20.04,21.51,8.962,8.781,8.735,11.02,10.16,10.45","6.081,6.48,2.683,2.621,2.619,3.357,3.196,3.225","6.786,7.285,3.003,2.981,2.938,3.65,3.365,3.532",4675,0.00628114165738225,3566,0.0035261334851384163,"4160,1842,1186,1458,1203,4032,3904,1330",0.038232363760471344,0.3625244200229645,0.3294921815395355,"1,1.41,1.63,1.57,1.32,1.37,1.51,1.11","0.531,0.527,0.504,0.479,0.471,0.471,0.463,0.463","0.264,-0.0205,0.117,0.0586,-0.00464,-0.0603,-0.112,0.104","0.227,0,0.113,0.113,0,-0.0792,-0.0832,0.113","0.273,-0.0357,0.0804,0.0798,0,-0.0759,-0.104,0.116",0.4296875,0.5186253786087036,1,0.20755495131015778,0.09033934772014618
10,gate_proj,gptq,13824,5120,0,0.0020236262568721066,0.0014965905083550346,687.9704611140187,0.02086446801842172,2636.50439453125,2016.23486328125,169.0851287841797,328.35906982421875,316.4053955078125,327.781005859375,0.860457718372345,687.34228515625,0.09757861495018005,"1307,11,2853,2657,1145,1093,2442,4517,4610,3978,2317,3653,3593,388,4743,993",82.46713256835938,,,,,0,148.0458984375,149.01123046875,162.93846130371094,177.18411254882812,"1.109,1.045,1.453,0.825,0.728,0.967,1.166,0.859",3810.26220703125,4339.2548828125,"2483,5043,767.3,2581,3353,5019,8305,2930",18.793033599853516,20.999950408935547,"14.38,21.27,10.64,17.24,20.61,22.17,26.01,18.03","9.65,13.53,8.518,9.901,11.14,13.81,17.68,10.5","9.163,13.24,7.066,10.9,13.07,14.04,16.37,11.33",10078,0.0009959391318261623,5062,0.001443735440261662,"2657,2636,4517,3896,2250,1130,4744,3593",0.0728585422039032,0.32833296060562134,0.29621490836143494,"3.07,2.75,2.82,2.68,2.49,2.52,2.58,3.36","2.17,1.69,1.53,1.28,1.26,1.26,1.23,1.23","-0.026,-0.0159,0.0233,0.0334,-0.00555,0.00546,0.0181,0.0145","-0.0289,-0.0207,0.0289,0.0289,0,0,0.0144,0.0144","-0.0314,-0.0157,0.0205,0.0427,0,0,0.0164,0.0161",0.0986328125,0.11699767410755157,1,0.35170358419418335,0.3577698767185211
10,up_proj,gptq,13824,5120,0,0.002038560090241609,0.0014949516013816552,567.2071782357089,0.018727443145686196,2339.587890625,1810.92138671875,154.48135375976562,288.6181640625,277.85198974609375,289.7403564453125,0.860457718372345,566.841552734375,0.055368393659591675,"1307,11,2853,2657,1145,2442,1093,4517,3978,2317,4610,3653,3593,388,4743,1696",82.46713256835938,,,,,0,128.4635009765625,131.43270874023438,145.1298065185547,156.95083618164062,"1.113,1.051,1.037,0.791,0.731,0.987,1.172,0.846",3810.26220703125,4339.2548828125,"2483,5043,767.3,2581,3353,5019,8305,2930",18.793033599853516,20.999950408935547,"14.38,21.27,10.64,17.24,20.61,22.17,26.01,18.03","9.03,12.89,6.27,9.199,10.5,12.95,16.78,9.827","8.559,12.58,6.158,10.35,12.28,13.03,15.5,10.69",11273,0.0011511463671922684,5889,0.002537788124755025,"2657,2636,4517,3896,2250,1130,4744,3593",0.045553553849458694,0.42673972249031067,0.47899487614631653,"0.895,2.25,1.73,2.15,2.4,2.41,2.27,1.3","2.17,1.69,1.53,1.28,1.26,1.26,1.23,1.23","0.000475,0.0244,0.0156,-0.00772,-0.0177,-0.0101,-0.0107,-0.000215","0,0.0199,0.0136,-0.0136,-0.0171,-0.0199,-0.0136,0","0,0.0208,0.018,-0.0153,-0.0205,-0.0167,-0.0147,0",0.080078125,0.09475470334291458,1,0.3561486601829529,0.013136424124240875
10,down_proj,gptq,5120,13824,0,0.002010825828269676,0.0014901196515118634,1153.2235351586678,0.03816671222716755,3104.1728515625,1913.9483642578125,33.71013259887695,67.1253662109375,57.42660903930664,45.60805130004883,0.2361479252576828,1151.6295166015625,0.06994865089654922,"648,4305,9645,7300,11768,355,9002,12199,3207,216,3417,8187,3139,13604,9266,12239",332.7255859375,,,,,0,27.300785064697266,20.486501693725586,34.23757553100586,27.017553329467773,"1.355,1.385,1.516,1.023,1.122,1.313,1.553,1.216",9585.23828125,12470.69140625,"3829,1.836e+04,555.1,4716,7845,1.2e+04,2.153e+04,7849",11.270041465759277,13.664358139038086,"7.49,16.32,2.811,9.984,11.62,13.62,16.74,11.57","3.232,7.193,1.291,3.72,4.716,5.876,7.83,4.758","2.777,6.112,1.049,3.677,4.452,5.128,6.283,4.314",4675,0.010617537423968315,3094,0.011675763875246048,"1419,2450,377,10297,10311,12687,4239,5190",0.12242984026670456,0.3460937440395355,0.3477783203125,"1.49,1.53,1.48,1.23,1.42,1.39,1.53,1.48","2.12,1.32,1.24,1.2,1.14,1,0.949,0.93","-0.00391,0.0947,-0.0265,-0.101,0.0388,-0.0258,-0.0212,0.0184","-0.0531,0.0865,-0.0666,-0.105,0,-0.0482,0,0","0,0.0765,0,-0.116,0,0,0,0",1.1875,1.0178571939468384,2,0.48598605394363403,0.48080921173095703
11,q_proj,gptq,5120,5120,0,0.002034912109375,0.0014934158325195313,467.4779482261333,0.038770983094201975,1187.61962890625,748.0084838867188,59.98726272583008,240.984375,161.21141052246094,238.87448120117188,0.909446120262146,466.219970703125,0.17691634595394135,"3388,2657,4517,3978,4610,369,388,4743,3653,1696,2317,993,1180,1299,4287,1093",481.72418212890625,,,,,0,69.82209777832031,98.05192565917969,72.56185913085938,121.73289489746094,"1.379,0.881,1.733,0.466,0.372,0.641,0.868,0.556",2925.02880859375,3444.81396484375,"2127,4168,433.5,1714,2411,3755,6361,2431",24.233230590820312,28.14752960205078,"18.82,30.24,6.243,25.32,28.82,29.18,29.96,25.28","8.696,11.15,3.126,6.614,6.657,9.105,11.08,7.432","7.405,11.87,2.375,9.691,10.91,11.37,11.89,9.964",2801,0.012412765063345432,2745,0.006152490619570017,"2099,2657,1567,4517,415,3388,1372,693",0.7898152470588684,0.4316650331020355,0.44145509600639343,"1.04,1.12,1.21,1.59,1.48,1.63,1.5,1.71","8.56,6.75,5.16,5.06,5.03,4.03,3.81,3.77","0.00153,0.0258,0.0166,0.0166,-0.0117,0.0204,0.0344,0.00149","0,0,0,0,0,0,0,0","0,0.0319,0,0,0,0.0308,0.029,0",0.37109375,0.3180803656578064,1,0.7416954636573792,0.08938220143318176
11,k_proj,gptq,1024,5120,0,0.0020288467407226563,0.0014528274536132813,137.1992053427007,0.04108693460997444,335.7943115234375,209.341796875,17.22232437133789,74.125732421875,49.138038635253906,72.3778305053711,0.909446120262146,137.02626037597656,0.18420004844665527,"3388,2657,3978,369,388,4517,4743,3653,4610,1696,1093,2317,1180,4287,157,993",481.72418212890625,,,,,0,21.86075210571289,29.67496109008789,21.693395614624023,37.07073211669922,"1.454,0.914,1.854,0.471,0.353,0.574,1.053,0.617",2925.02880859375,3444.81396484375,"2127,4168,433.5,1714,2411,3755,6361,2431",24.233230590820312,28.14752960205078,"18.82,30.24,6.243,25.32,28.82,29.18,29.96,25.28","4.919,6.231,1.704,3.807,3.699,4.778,6.287,4.293","4.079,6.516,1.251,5.546,6.228,6.305,6.128,5.467",561,0.02820824645459652,372,0.03461739793419838,"2099,2657,1567,4517,415,3388,1372,693",0.7663292288780212,0.4031982421875,0.3731689453125,"0.857,0.744,0.784,0.857,0.936,0.908,0.926,0.937","8.56,6.75,5.16,5.06,5.03,4.03,3.81,3.77","-0.012,-0.0251,-0.042,-0.0327,-0.0228,0.0167,-0.0058,-0.027","0,0,-0.0667,0,0,0,0,0","0,-0.0232,-0.0631,-0.029,-0.0285,0,0,-0.03",0.2333984375,0.2000558227300644,1,0.62125563621521,0.3137292265892029
11,v_proj,gptq,1024,5120,0,0.0020322799682617188,0.0014688491821289063,57.56864813195439,0.028595919820315344,175.6534423828125,121.41710662841797,8.323558807373047,33.39945983886719,19.17247772216797,33.348594665527344,0.909446120262146,57.33642578125,0.12017810344696045,"3978,369,4743,3388,2657,4517,3653,388,1093,4610,4287,1696,2317,1180,4436,3037",481.72418212890625,,,,,0,8.064228057861328,14.669486999511719,9.202847480773926,17.481449127197266,"0.933,0.546,1.245,0.385,0.317,0.533,0.740,0.505",2925.02880859375,3444.81396484375,"2127,4168,433.5,1714,2411,3755,6361,2431",24.233230590820312,28.14752960205078,"18.82,30.24,6.243,25.32,28.82,29.18,29.96,25.28","2.777,3.519,1.049,2.329,2.459,3.108,3.934,2.591","2.876,4.761,0.9404,3.756,4.37,4.257,4.574,3.645",335,0.01779194548726082,344,0.01699645258486271,"2099,2657,1567,4517,415,3388,1372,693",0.3698829114437103,0.620849609375,0.7899169921875,"0.178,0.191,0.235,0.34,0.272,0.184,0.342,0.196","8.56,6.75,5.16,5.06,5.03,4.03,3.81,3.77","-0.00671,-0.0149,0.0126,0.0164,-0.0134,0.00528,0.0293,-0.00149","0,0,0,0,0,0,0.0647,0","0,-0.0137,0.0225,0.0122,-0.0151,0,0.029,0",0.2265625,0.1941964477300644,1,0.3279331624507904,0.28827646374702454
11,o_proj,gptq,5120,5120,0,0.002079429626464844,0.00145538330078125,350.2854689138339,0.03571248634296867,978.9081420898438,568.3901977539062,8.189593315124512,18.391149520874023,33.022491455078125,44.767059326171875,0.6835048794746399,349.6381530761719,0.08204315602779388,"2364,2236,1270,1980,758,1366,2492,3805,886,2108,1359,1397,1306,1314,1368,2096",31.67019271850586,,,,,0,17.722984313964844,21.405263900756836,13.045661926269531,17.645761489868164,"0.847,0.849,0.945,0.826,0.776,0.778,0.810,0.806",13426.97265625,7663.35595703125,"2.732e+04,3.241e+04,5335,5272,5835,9923,9649,1.167e+04",13.65025520324707,12.862934112548828,"17.55,19.35,8.892,9.371,10.16,14.34,14.34,15.2","5.366,5.963,2.848,2.71,2.829,4.083,4.189,4.445","5.832,6.47,2.929,2.981,3.212,4.627,4.655,4.951",4675,0.005671521183103323,4675,0.014439377933740616,"2364,886,822,1014,2350,943,950,815",0.18948447704315186,0.35627442598342896,0.30908203125,"2.07,1.16,1.37,2.01,1.15,1.16,1.22,1.19","1.95,1.49,1.42,1.12,1.09,1.01,0.996,0.969","0.0742,0.0454,0.11,-0.527,-0.0471,0.0649,0.173,0.0115","0,0,0.151,-0.603,-0.104,0,0.151,0","0.0871,0.0385,0.116,-0.452,-0.0435,0,0.151,0",0.52734375,0.6026785969734192,1,0.21307246387004852,0.3859553039073944
11,gate_proj,gptq,13824,5120,0,0.00203740155255353,0.0014986532705801505,704.7049231100827,0.019511947345454507,2812.16552734375,2143.166015625,213.04376220703125,947.122802734375,376.8506164550781,793.1910400390625,0.9993887543678284,703.212890625,0.1820058971643448,"1567,2657,11,4610,1307,388,1093,1145,2853,4517,228,351,3653,1696,3978,4436",1687.3929443359375,,,,,0,172.5027618408203,342.2543029785156,203.45376586914062,480.4132995605469,"0.686,0.850,1.341,0.179,0.215,0.468,1.114,0.535",3437.6474609375,4070.867431640625,"2294,4521,730.3,2030,2819,4325,7661,3121",22.992815017700195,27.35663604736328,"17.05,23.23,10.45,26.11,29.2,27.2,28.14,22.57","10.71,14.88,8.563,9.932,11.78,14.37,19.4,12.26","12.92,16.14,7.395,23.44,25.43,21,18.38,16.76",13004,0.0016945088282227516,9504,0.001084849121980369,"1567,2657,4610,4517,2636,4675,415,2099",1.2391585111618042,0.34530526399612427,0.36017072200775146,"6.77,3.71,4.31,2.89,2.82,4.61,3.01,5.18","20.2,3.81,1.66,1.62,1.62,1.52,1.49,1.44","-0.119,-0.061,0.0415,0.0137,0.03,-0.0825,-0.0308,0.0491","-0.136,-0.0681,0.034,0,0.027,-0.034,0,0.034","-0.136,-0.0578,0.0472,0.0213,0.0385,-0.0707,-0.0399,0.0488",0.119140625,0.1361607164144516,1,0.4850137531757355,0.2295484095811844
11,up_proj,gptq,13824,5120,0,0.00203329015661169,0.0014801590530960649,471.7653718369547,0.016203192205830025,2164.02197265625,1715.916259765625,170.53115844726562,350.1331481933594,290.581298828125,346.7285461425781,0.9993887543678284,471.30230712890625,0.06398596614599228,"1567,2657,11,1307,4610,388,1093,1145,2853,4517,351,3653,1696,228,3978,4287",1687.3929443359375,,,,,0,132.70928955078125,152.44863891601562,157.95462036132812,194.21701049804688,"1.035,1.008,1.138,0.553,0.593,0.829,1.137,0.799",3437.6474609375,4070.867431640625,"2294,4521,730.3,2030,2819,4325,7661,3121",22.992815017700195,27.35663604736328,"17.05,23.23,10.45,26.11,29.2,27.2,28.14,22.57","9.195,13.06,6.166,8.797,10.42,13.02,17.14,10.91","9.038,13.01,5.781,11.83,13.54,14.29,16.08,12.21",13793,0.0011387902777642012,6772,0.0017341148341074586,"1567,2657,4610,4517,2636,4675,415,2099",0.17374767363071442,0.6333098411560059,0.6869393587112427,"0.341,0.698,0.776,1.75,2.21,1.12,1.64,1.1","20.2,3.81,1.66,1.62,1.62,1.52,1.49,1.44","-0.000422,0.00568,0.00781,-0.00659,-0.0116,0.00885,0.00635,-0.00195","0,0.0119,0.0119,0,-0.0138,0.0119,0,0","0,0,0,0,-0.0201,0,0,0",0.0751953125,0.08055508136749268,1,0.35176050662994385,0.040459729731082916
11,down_proj,gptq,5120,13824,0,0.002007576271339699,0.001476217199254919,1147.3149890161571,0.03938888001836409,2920.45947265625,1736.62060546875,27.99484634399414,52.52349090576172,65.1136474609375,55.39080047607422,0.45643284916877747,1148.005615234375,0.04471757635474205,"5378,11563,12428,13445,3697,7295,12085,5383,6192,2068,1066,13365,4239,10659,13727,2199",40.05514907836914,,,,,0,31.876140594482422,25.656700134277344,33.085243225097656,29.28131103515625,"1.429,1.297,1.541,0.893,0.929,1.073,1.579,0.969",14359.140625,13760.015625,"9425,2.494e+04,592,3957,6530,1.728e+04,4.25e+04,9651",13.021641731262207,14.99159049987793,"9.966,17.03,2.53,9.308,11.35,18.58,21.26,14.14","4.273,6.983,1.115,3.165,3.991,6.838,9.445,4.984","3.574,6.132,0.8984,3.35,4.141,6.6,7.517,5.063",9,0.0037460816092789173,2917,0.0027140118181705475,"5378,2690,1797,13184,11230,4223,7771,13769",0.2612955868244171,0.35100099444389343,0.35490724444389343,"1.31,1.42,1.46,1.46,1.45,1.53,1.57,1.25","3.16,2.48,1.59,1.55,1.35,1.33,1.18,1.09","0.012,0.00607,-0.022,0.0325,0.0179,0.0248,0.0532,-0.0217","0.0211,0.0132,-0.0159,0.0285,0.0221,0.0351,0.0613,0","0.0201,0,-0.0165,0.0303,0.0144,0.0265,0.0498,-0.019",0.18359375,0.18714645504951477,1,0.24429725110530853,0.060196638107299805
12,q_proj,gptq,5120,5120,0,0.002029228210449219,0.0015032196044921875,449.8775722136539,0.03860251647855792,1143.3245849609375,739.9881591796875,74.61385345458984,266.0635681152344,203.3240966796875,286.92718505859375,0.8510857224464417,448.72991943359375,0.1992713212966919,"3388,3978,157,4610,3653,369,693,1696,1180,3039,2657,4517,4743,2317,4287,4436",402.9562072753906,,,,,0,86.43885803222656,114.3355941772461,91.82678985595703,143.62246704101562,"1.374,1.033,1.631,0.540,0.389,0.596,0.899,0.606",2950.072509765625,3465.57861328125,"1979,4066,413.5,1729,2369,3868,6553,2623",26.037540435791016,30.528656005859375,"20.85,32.3,6.58,25.93,30.03,31.72,32.89,27.99","9.634,12.78,3.276,7.385,7.241,9.738,12.21,8.58","8.218,12.58,2.565,10.05,11.6,12.62,12.89,11.02",4925,0.00432960269972682,2085,0.003825864288955927,"2099,2657,415,693,4517,3388,1691,4775",0.7986682653427124,0.4393310546875,0.42583009600639343,"1.1,1.23,1.56,1.67,1.57,1.53,1.55,1.6","9.44,5.59,5.28,5,4.78,4.72,3.92,3.83","-0.0219,-0.00607,-0.0121,-0.0613,-0.0413,-0.00461,-0.229,-0.0806","0,0,0,-0.0653,-0.0653,0,-0.261,-0.0653","-0.0363,0,0,-0.0658,-0.0472,0,-0.196,-0.0552",0.228515625,0.2611607313156128,1,0.4764230251312256,0.19037848711013794
12,k_proj,gptq,1024,5120,0,0.0020288467407226563,0.0014495849609375,131.38075640689956,0.04163668135906115,320.0898742675781,207.38824462890625,21.292892456054688,79.07734680175781,59.44987869262695,85.40486145019531,0.8510857224464417,131.1951446533203,0.18295975029468536,"3388,3978,157,4610,693,3653,369,3039,1180,2317,4517,2657,1299,4743,388,1696",402.9562072753906,,,,,0,24.878280639648438,32.85553741455078,26.172462463378906,42.99419021606445,"1.380,0.951,1.686,0.582,0.346,0.651,0.983,0.564",2950.072509765625,3465.57861328125,"1979,4066,413.5,1729,2369,3868,6553,2623",26.037540435791016,30.528656005859375,"20.85,32.3,6.58,25.93,30.03,31.72,32.89,27.99","5.335,6.706,1.729,4.086,3.78,5.219,6.592,4.575","4.541,6.879,1.331,5.353,6.428,6.467,6.65,6.092",48,0.01432774867862463,956,0.017687730491161346,"2099,2657,415,693,4517,3388,1691,4775",0.7317733764648438,0.366943359375,0.335693359375,"0.89,0.761,0.976,0.914,0.94,0.926,0.934,1.05","9.44,5.59,5.28,5,4.78,4.72,3.92,3.83","0.00322,0.0159,0.0315,-0.0022,0.0898,-0.0317,0.0869,0.00964","0,0,0.0527,0,0.105,-0.0527,0.105,0","0,0,0.043,0,0.0791,-0.0315,0.103,0",0.1845703125,0.1582031399011612,7,0.452419638633728,0.46358680725097656
12,v_proj,gptq,1024,5120,0,0.00206451416015625,0.0014677047729492188,43.989698207351104,0.021709563915074274,162.13951110839844,120.3709716796875,9.504484176635742,33.001930236816406,17.62555694580078,35.986000061035156,0.8510857224464417,43.93010330200195,0.06667536497116089,"3388,3978,4610,3653,693,369,157,1696,4743,4517,2317,3039,1299,2657,4287,388",402.9562072753906,,,,,0,7.867392539978027,14.983344078063965,8.89352035522461,18.450437545776367,"0.683,0.565,0.961,0.371,0.348,0.505,0.730,0.418",2950.072509765625,3465.57861328125,"1979,4066,413.5,1729,2369,3868,6553,2623",26.037540435791016,30.528656005859375,"20.85,32.3,6.58,25.93,30.03,31.72,32.89,27.99","2.437,3.437,0.9816,2.172,2.485,3.122,4.065,2.656","2.948,4.573,1.001,3.563,4.213,4.393,4.759,4.107",486,0.009236041456460953,238,0.011193409562110901,"2099,2657,415,693,4517,3388,1691,4775",0.21371620893478394,0.5799560546875,0.81103515625,"0.133,0.198,0.259,0.177,0.292,0.183,0.291,0.274","9.44,5.59,5.28,5,4.78,4.72,3.92,3.83","0.00111,0.000641,0.00464,0.000252,0.000423,-0.000259,-0.0122,0.00806","0,0,0,0,0,0,-0.00942,0.00942","0,0,0,0,0,0,-0.0202,0.0158",0.07666015625,0.08438445627689362,1,0.23886695504188538,0.04354596138000488
12,o_proj,gptq,5120,5120,0,0.002087249755859375,0.0014637374877929687,315.7353060755963,0.0331195132621701,909.6843872070312,545.0076904296875,8.49075698852539,18.118925094604492,29.479412078857422,40.907737731933594,0.6536291241645813,315.2567138671875,0.05025416240096092,"526,1707,2824,1323,2218,270,2474,1835,2346,1962,398,3080,142,1451,2402,1424",30.39565086364746,,,,,0,15.914358139038086,22.439851760864258,11.089086532592773,16.23598861694336,"0.710,0.681,0.928,0.740,0.727,0.682,0.765,0.675",12534.8515625,7354.1376953125,"2.511e+04,3.129e+04,5046,4696,4733,1.165e+04,7584,1.017e+04",14.006185531616211,12.542638778686523,"19.65,23.12,8.552,9.069,9.378,15.68,11.7,14.9","5.312,6.102,2.701,2.544,2.578,4.063,3.238,3.801","6.304,7.397,2.804,2.958,3.024,4.918,3.703,4.627",157,0.006115027703344822,4925,0.003140586894005537,"526,2328,142,2309,270,2359,398,513",0.08098747581243515,0.341552734375,0.30095216631889343,"1.52,1.34,1.39,1.33,1.42,1.29,1.12,1.34","1.21,0.918,0.891,0.77,0.758,0.719,0.715,0.656","0.0011,-0.0277,0.0571,-0.0115,-0.0508,-0.0101,-0.0239,-0.0139","0,0,0.043,0,-0.043,0,-0.043,0","0,-0.0273,0.0458,-0.0137,-0.0544,-0.0137,-0.0265,-0.0179",0.2890625,0.26374897360801697,1,0.20160211622714996,0.07492830604314804
12,gate_proj,gptq,13824,5120,0,0.002031241522894965,0.0015123155381944445,563.2354696781258,0.017125755814096595,2469.932373046875,1918.634765625,198.801025390625,350.305419921875,342.8730773925781,360.77569580078125,0.929318368434906,562.8316650390625,0.06847253441810608,"1307,11,2657,4610,1145,3593,228,388,1093,2853,4517,415,351,1290,4597,1696",145.79531860351562,,,,,0,159.866455078125,162.64222717285156,181.38304138183594,195.33399963378906,"1.102,1.058,1.509,0.778,0.786,0.931,1.139,0.801",3670.32666015625,4235.78076171875,"2410,4887,765.5,2135,2845,4955,8162,3203",20.143320083618164,22.65053939819336,"15.4,22.85,11.05,17.44,20.49,24.65,28.37,20.9","9.965,14.35,8.435,9.451,11.1,14.55,18.53,11.62","9.492,13.95,6.866,10.71,12.53,15.08,17.36,12.98",8159,0.0012026552576571703,11079,0.001225644606165588,"2657,1307,2636,4517,415,1130,4610,3593",0.08568040281534195,0.2740342915058136,0.25415942072868347,"2.9,3.18,2.72,2.71,2.65,2.59,2.97,3.19","3.19,1.88,1.65,1.35,1.35,1.32,1.24,1.23","-0.0703,0.0425,0.0304,0.0186,-0.0449,0.0043,0.0532,0.0718","-0.0778,0.0259,0.0259,0.0259,-0.0519,0,0.0519,0.0778","-0.0699,0.0342,0.0233,0.0178,-0.0416,0,0.0636,0.0695",0.09716796875,0.09307090193033218,1,0.3850211799144745,0.045890163630247116
12,up_proj,gptq,13824,5120,0,0.002041230378327546,0.0014938919632523147,492.6398369773815,0.016101029572866087,2268.669921875,1793.763427734375,187.32899475097656,319.8977966308594,313.0115051269531,330.1607666015625,0.929318368434906,492.3804931640625,0.04473543167114258,"1307,11,2657,4610,1145,3593,228,388,1093,2853,4517,415,1696,351,1290,4597",145.79531860351562,,,,,0,144.13504028320312,150.06979370117188,164.88279724121094,178.83444213867188,"1.076,1.016,1.134,0.777,0.750,0.920,1.139,0.843",3670.32666015625,4235.78076171875,"2410,4887,765.5,2135,2845,4955,8162,3203",20.143320083618164,22.65053939819336,"15.4,22.85,11.05,17.44,20.49,24.65,28.37,20.9","9.366,13.61,6.83,9.019,10.53,14,17.85,11.25","9.028,13.51,6.413,10.23,12.16,14.6,16.72,12.26",1802,0.0011057337978854775,8128,0.0016862604534253478,"2657,1307,2636,4517,415,1130,4610,3593",0.053689077496528625,0.5199291110038757,0.5906123518943787,"0.703,1.23,2.24,1.82,1.63,2.32,0.942,1.3","3.19,1.88,1.65,1.35,1.35,1.32,1.24,1.23","0.00424,0.0104,-0.000141,-0.00668,0.00659,0.00359,-0.00179,0.00343","0,0.0115,0,0,0.0115,0,0,0","0,0.0172,0,0,0,0,0,0",0.0859375,0.10207752138376236,1,0.3502481281757355,0.020200978964567184
12,down_proj,gptq,5120,13824,0,0.0020023204662181714,0.0015020441125940392,974.0490961966343,0.031806337939636053,2821.6982421875,1815.2686767578125,34.73182678222656,60.099037170410156,82.7982406616211,64.32073211669922,0.031200764700770378,974.3556518554688,0.05632350966334343,"10229,10983,6105,9628,9626,8819,12694,11426,7308,9631,8299,10871,8441,6316,3547,9289",61.09770202636719,,,,,0,76.88265991210938,54.16876220703125,37.04970932006836,29.626184463500977,"1.477,1.533,1.434,1.030,1.155,1.225,1.562,1.050",29639.27734375,12881.3349609375,"7.952e+04,8.857e+04,432.3,4132,9355,1.803e+04,2.617e+04,1.091e+04",17.735374450683594,14.792880058288574,"30.89,32.91,2.479,9.497,13.91,17.55,19.17,15.47","13.83,14.86,1.075,3.487,5.392,7.186,8.755,5.702","11.38,12,0.8979,3.437,5.018,6.492,7.004,5.563",4675,0.018948273733258247,4675,0.0162877906113863,"11314,9697,9555,11694,10229,9572,614,4068",0.2885598838329315,0.37556153535842896,0.3763427734375,"1.51,1.49,1.52,1.48,1.65,1.53,1.55,1.6","3.8,2.84,2.64,2.48,2.3,2.25,1.92,1.81","-0.011,0.0248,-0.0383,0.025,1.25,0.00812,0.0181,0.0128","0,0,-0.0637,0,1.07,0,0,0","0,0,-0.0328,0.0488,1.07,0,0.035,0",1.25,1.0714285373687744,1,0.7422440648078918,0.6404111981391907
13,q_proj,gptq,5120,5120,0,0.002029457092285156,0.0014797210693359374,424.7932044523463,0.03736101788242871,1099.631591796875,710.7762451171875,79.48114013671875,270.9607238769531,232.64483642578125,289.10498046875,0.8298267126083374,423.5469970703125,0.2246113419532776,"3388,3978,3653,693,1696,369,157,4610,993,4287,4436,2317,3039,4743,1180,1299",375.5306091308594,,,,,0,100.64769744873047,115.16177368164062,103.25173950195312,144.18759155273438,"1.872,1.371,1.687,0.554,0.451,0.710,0.905,0.614",3224.62451171875,3493.21826171875,"2747,4879,393.6,1850,2631,4442,6139,2717",26.773563385009766,31.462093353271484,"21.67,31.71,6.78,27.36,31.93,33.21,32.76,28.78","11.43,14.26,3.301,7.639,8.076,10.72,12.09,8.7","8.353,12.18,2.542,10.26,12.03,12.72,12.71,11.11",3638,0.007375510409474373,3515,0.009104249998927116,"2099,693,3388,415,4517,2657,4775,2428",0.6258986592292786,0.42521974444389343,0.4210205078125,"1.1,1.62,1.5,1.49,1.47,1.18,1.54,1.53","9.62,6.16,5.66,5.53,5.5,5,4.22,4.22","-0.00824,-0.0361,0.014,-0.0123,-0.0258,-0.00267,0.000216,0.0024","0,0,0,0,0,0,0,0","0,-0.0421,0.0187,0,-0.0379,0,0,0",0.2333984375,0.2000558227300644,3,0.6935600638389587,0.17768433690071106
13,k_proj,gptq,1024,5120,0,0.0020599365234375,0.0014675140380859375,131.24440176699798,0.044585771691672896,309.2996826171875,197.9669189453125,23.175783157348633,81.91617584228516,68.40263366699219,84.68753814697266,0.8298267126083374,130.61312866210938,0.23375239968299866,"3978,3388,3653,4287,693,369,1696,157,993,4610,3039,2317,4743,1180,1299,4517",375.5306091308594,,,,,0,29.929317474365234,34.07467269897461,30.410776138305664,43.532928466796875,"2.063,1.413,1.909,0.524,0.388,0.688,1.005,0.536",3224.62451171875,3493.21826171875,"2747,4879,393.6,1850,2631,4442,6139,2717",26.773563385009766,31.462093353271484,"21.67,31.71,6.78,27.36,31.93,33.21,32.76,28.78","6.473,7.989,1.841,4.189,4.192,5.684,6.58,4.426","4.507,6.721,1.333,5.785,6.729,6.851,6.565,6.046",702,0.028353573754429817,703,0.030977876856923103,"2099,693,3388,415,4517,2657,4775,2428",0.7487758994102478,0.36181640625,0.3331298828125,"0.959,0.962,0.932,0.97,0.933,0.813,1.02,1.05","9.62,6.16,5.66,5.53,5.5,5,4.22,4.22","-0.0728,-0.0243,0.0327,0.0303,0.107,-0.0356,0.0432,0.0205","-0.0792,0,0,0,0.0792,0,0,0","-0.0745,-0.0324,0.0485,0.0299,0.0917,-0.0463,0.0759,0",0.27734375,0.2861954867839813,1,0.7059273719787598,0.12018586695194244
13,v_proj,gptq,1024,5120,0,0.0020099639892578124,0.001476287841796875,49.168305641576325,0.02241505316102669,178.19915771484375,131.3724365234375,11.630766868591309,40.435325622558594,23.614816665649414,42.923362731933594,0.8298267126083374,49.052120208740234,0.08122524619102478,"3388,3653,3978,693,369,157,1696,4287,4610,993,1299,4436,1180,3039,4743,2317",375.5306091308594,,,,,0,11.194435119628906,17.615978240966797,11.48444938659668,21.774898529052734,"1.055,0.874,1.003,0.441,0.363,0.568,0.756,0.505",3224.62451171875,3493.21826171875,"2747,4879,393.6,1850,2631,4442,6139,2717",26.773563385009766,31.462093353271484,"21.67,31.71,6.78,27.36,31.93,33.21,32.76,28.78","3.375,4.357,1.057,2.601,2.873,3.788,4.416,3.032","3.287,4.66,1.055,3.916,4.766,5.025,5.081,4.265",17,0.012476000934839249,331,0.011103280819952488,"2099,693,3388,415,4517,2657,4775,2428",0.18946512043476105,0.6058349609375,0.838623046875,"0.133,0.209,0.248,0.27,0.233,0.176,0.277,0.276","9.62,6.16,5.66,5.53,5.5,5,4.22,4.22","0.00659,0.00046,0.014,-0.0159,-0.00928,0.00668,0.0083,-0.00464","0.0097,0,0.0097,-0.0194,-0.0097,0.0097,0.0097,0","0,0,0.0158,-0.0144,-0.0154,0,0.0131,0",0.091796875,0.08171653747558594,1,0.32090839743614197,0.08506461977958679
13,o_proj,gptq,5120,5120,0,0.00209197998046875,0.0014548873901367187,336.4223240889732,0.03389236067854567,971.6441650390625,572.93603515625,9.43316650390625,21.95379638671875,34.07585525512695,38.938201904296875,0.5394867062568665,335.2347412109375,0.06484458595514297,"1016,3245,604,4014,3629,1877,3886,4270,348,220,1144,760,1621,1365,1272,4398",50.555179595947266,,,,,0,23.65083122253418,26.6650447845459,13.780047416687012,16.63143539428711,"0.949,0.896,0.926,0.935,0.914,0.794,1.024,0.740",17382.796875,7587.8115234375,"4.472e+04,4.878e+04,5377,6180,6556,9184,7762,1.05e+04",14.542217254638672,12.083264350891113,"22.46,24.66,8.543,9.637,10.15,13.96,10.74,16.18","7.083,7.594,2.723,3.089,3.223,4.274,3.599,4.776","7.272,8.024,2.83,3.194,3.371,4.796,3.556,5.553",1145,0.005078983958810568,3167,0.0025788715574890375,"760,888,1144,809,10,1016,770,811",0.07577897608280182,0.3597412109375,0.3492675721645355,"1.05,1.87,1.34,1.29,1.35,0.967,1.31,1.31","1.33,1.08,0.875,0.836,0.754,0.676,0.664,0.652","0.00319,-0.0464,-0.0415,0.022,-0.004,-0.0221,-0.0215,-0.0178","0,-0.0725,-0.0725,0,0,0,0,0","0,-0.0552,-0.0465,0.0184,0,-0.0269,-0.0184,-0.0184",0.25390625,0.29565274715423584,1,0.22968946397304535,0.0800316110253334
13,gate_proj,gptq,13824,5120,0,0.002045525444878472,0.0015126687509042244,548.0780623976989,0.016588617187928395,2469.702880859375,1946.612060546875,223.3795166015625,404.86529541015625,412.54522705078125,421.7970275878906,0.8457260131835938,547.4363403320312,0.09541191160678864,"1307,4610,2657,11,228,3593,388,1145,4020,1093,3850,4597,415,4517,2950,351",188.67222595214844,,,,,0,210.66360473632812,206.59352111816406,212.10023498535156,224.62384033203125,"1.164,1.136,1.599,0.824,0.806,0.963,1.133,0.846",4104.35400390625,4378.40478515625,"3480,5969,707.7,2475,3351,5598,7709,3545",22.659086227416992,24.16811752319336,"20.22,27.1,11.47,19.64,23.05,27.4,29.37,23.02","13.56,17.96,9.217,10.98,12.75,16.61,19.1,13.05","12.57,16.85,7.289,12.09,14.21,16.92,17.94,14.18",11849,0.0025644695851951838,7669,0.0019399594748392701,"2657,1307,228,4610,2636,415,4517,3593",0.10324542969465256,0.25090423226356506,0.2200792133808136,"2.98,3.43,2.96,3.13,2.85,2.76,2.85,3.39","3.55,2.23,2.03,1.69,1.67,1.59,1.57,1.48","-0.0618,0.0688,-0.155,0.041,0.0635,-0.0659,0.117,0.0532","-0.0681,0.0681,-0.136,0.0681,0.0681,-0.0681,0.136,0.0681","-0.072,0.0569,-0.133,0.0321,0.072,-0.0686,0.1,0.0594",0.23828125,0.2042410671710968,3,0.6457351446151733,0.6078466176986694
13,up_proj,gptq,13824,5120,0,0.0020367233841507523,0.0014954743561921297,469.0494228713924,0.01534356686988725,2258.411865234375,1817.3101806640625,210.55703735351562,362.94512939453125,371.73492431640625,382.08270263671875,0.8457260131835938,468.57501220703125,0.055115848779678345,"1307,4610,11,2657,228,3593,388,1145,1093,4597,415,4020,4517,3850,2950,351",188.67222595214844,,,,,0,186.1824951171875,189.34031677246094,194.53369140625,203.75225830078125,"1.098,1.076,1.129,0.786,0.800,0.944,1.114,0.904",4104.35400390625,4378.40478515625,"3480,5969,707.7,2475,3351,5598,7709,3545",22.659086227416992,24.16811752319336,"20.22,27.1,11.47,19.64,23.05,27.4,29.37,23.02","12.46,16.49,7.13,10.35,12.22,15.89,18.41,12.79","11.89,15.89,6.71,11.68,13.67,16.35,17.44,13.45",12616,0.0011900314129889011,10866,0.0016326145268976688,"2657,1307,228,4610,2636,415,4517,3593",0.05448202043771744,0.5706741809844971,0.6582393050193787,"0.676,1.13,1.07,0.815,2.15,1.58,1.75,1.26","3.55,2.23,2.03,1.69,1.67,1.59,1.57,1.48","0.00314,-0.00258,-0.0339,0.000444,-0.00671,0.00421,-0.017,0.0104","0,-0.0176,-0.0353,0,0,0,-0.0176,0.0176","0,0,-0.0325,0,0,0,-0.0148,0.0147",0.08642578125,0.09721282124519348,1,0.4216025471687317,7.119029760360718e-06
13,down_proj,gptq,5120,13824,0,0.0020053863525390627,0.0014985684995298032,1009.3965746567337,0.033234979674507864,2891.440185546875,1847.2955322265625,40.953765869140625,71.87521362304688,75.00328063964844,61.579994201660156,0.11631185561418533,1009.4754638671875,0.0700744017958641,"3831,4694,4633,6725,12010,10372,12178,1838,5705,5104,12312,12420,6081,9569,5671,4555",24.83382797241211,,,,,0,37.78913497924805,29.784339904785156,44.274757385253906,35.181495666503906,"1.186,1.180,1.561,1.144,1.134,1.294,1.520,1.151",11405.955078125,13244.755859375,"4804,1.167e+04,442.3,4762,1.107e+04,1.804e+04,2.585e+04,1.461e+04",13.86474609375,16.02136993408203,"9.67,15.63,2.663,10.14,15.6,18.9,20.15,18.16","3.9,6.209,1.21,3.998,6.062,7.71,9.159,7.143","3.582,5.715,0.9686,3.739,5.694,6.777,7.429,6.658",2598,0.0029265116900205612,4675,0.017644843086600304,"2385,5104,10805,580,9818,6771,5355,2135",0.29283449053764343,0.3676513731479645,0.36445313692092896,"1.53,1.36,1.49,1.25,1.52,1.53,1.59,1.56","4.28,3.47,2.75,2.56,2.03,1.98,1.94,1.67","0.0238,-0.0136,-0.0132,-0.0134,-0.000387,-0.00397,0.00891,-0.00139","0.0194,0,-0.0136,-0.0233,0,0,0,0","0.0199,-0.0136,-0.0219,0,0,0,0,0",0.19140625,0.21540112793445587,1,0.32793545722961426,0.07153905928134918
14,q_proj,gptq,5120,5120,0,0.0020398712158203125,0.001485443115234375,384.58457292181464,0.03188211427670222,1100.1072998046875,758.5830078125,95.50686645507812,294.8252868652344,264.74761962890625,314.9747314453125,0.845570981502533,383.3729248046875,0.1591259390115738,"3388,4610,693,157,2657,415,388,1093,3931,4517,2099,3089,4436,228,4373,784",356.9042053222656,,,,,0,111.34112548828125,129.14752197265625,120.38191223144531,159.5419921875,"1.506,1.185,1.514,0.614,0.506,0.737,1.009,0.677",3525.29052734375,3891.167724609375,"2693,4705,438.1,2288,3186,4903,6616,3374",28.142852783203125,32.73454284667969,"23.11,33.08,7.197,28.82,34.13,34.42,34.39,29.98","11.07,13.99,3.414,8.626,9.167,11.55,13.35,9.531","9.019,12.85,2.775,11.01,12.88,13.45,13.29,11.59",2336,0.004537510685622692,4725,0.003925600089132786,"2099,693,3388,415,157,4517,2657,228",0.5825628042221069,0.47138673067092896,0.47124025225639343,"1.02,1.54,1.4,1.38,1.55,1.47,1.05,1.06","10.9,6.91,6.34,5.5,5.12,4.72,4.69,4.38","0.0072,-0.0151,-0.00433,-0.005,0.0275,0.0361,-0.0189,-0.00638","0,0,0,0,0.0413,0.0413,0,0","0,-0.0265,0,0,0.0226,0.0413,-0.0198,0",0.150390625,0.1262878179550171,3,0.6174818277359009,0.7995288968086243
14,k_proj,gptq,1024,5120,0,0.0020233154296875,0.0014768600463867187,122.27107466136172,0.03871667681410721,314.4676513671875,218.2600860595703,28.198040008544922,89.39698028564453,80.45783996582031,94.71832275390625,0.845570981502533,121.89169311523438,0.161241814494133,"693,3388,4610,157,2657,415,3931,388,4517,4436,2099,1093,228,3039,1696,4373",356.9042053222656,,,,,0,32.86669921875,37.85797119140625,35.676963806152344,47.879085540771484,"1.500,1.131,1.667,0.636,0.521,0.799,0.984,0.704",3525.29052734375,3891.167724609375,"2693,4705,438.1,2288,3186,4903,6616,3374",28.142852783203125,32.73454284667969,"23.11,33.08,7.197,28.82,34.13,34.42,34.39,29.98","5.958,7.38,1.911,4.708,5.163,6.417,7.274,5.138","4.866,6.941,1.481,5.903,7.153,7.18,7.333,6.122",240,0.015155138447880745,502,0.015491008758544922,"2099,693,3388,415,157,4517,2657,228",0.5693725943565369,0.43701171875,0.3870849609375,"0.884,0.866,0.896,0.982,0.826,0.928,0.694,0.778","10.9,6.91,6.34,5.5,5.12,4.72,4.69,4.38","-0.0221,-0.0303,-0.0349,-0.0262,-0.0188,0.031,-0.0371,0.00247","0,0,-0.0625,0,0,0.0625,-0.0625,0","-0.0282,-0.0269,-0.0541,-0.0225,-0.0319,0.0407,-0.043,0",0.21875,0.21746857464313507,1,0.6355692744255066,0.34417521953582764
14,v_proj,gptq,1024,5120,0,0.0020355224609375,0.001436614990234375,42.54648885769888,0.021508958139416594,157.75303649902344,117.50403594970703,12.835590362548828,39.15912628173828,26.460731506347656,41.92937088012695,0.845570981502533,42.466854095458984,0.06618491560220718,"4610,3388,693,157,2657,415,388,4517,1093,3931,4436,228,2099,1696,1031,4373",356.9042053222656,,,,,0,12.186408996582031,17.70524024963379,13.536038398742676,22.605331420898438,"0.949,0.912,1.218,0.470,0.432,0.639,0.895,0.544",3525.29052734375,3891.167724609375,"2693,4705,438.1,2288,3186,4903,6616,3374",28.142852783203125,32.73454284667969,"23.11,33.08,7.197,28.82,34.13,34.42,34.39,29.98","3.259,4.441,1.161,2.849,3.159,3.955,4.721,3.127","3.346,4.651,1.052,4.156,4.804,4.948,4.989,4.24",276,0.01023684348911047,662,0.011853274889290333,"2099,693,3388,415,157,4517,2657,228",0.22308102250099182,0.621337890625,0.83251953125,"0.143,0.179,0.173,0.295,0.224,0.357,0.204,0.215","10.9,6.91,6.34,5.5,5.12,4.72,4.69,4.38","0.00264,0.00138,0.0143,-0.00653,0.00319,0.0135,0.000256,-0.00507","0,0,0.0171,-0.00854,0,0.00854,0,-0.00854","0,0,0.0148,0,0,0.0183,0,0",0.08349609375,0.08269921690225601,1,0.31959179043769836,0.2992519736289978
14,o_proj,gptq,5120,5120,0,0.002079429626464844,0.0014396286010742187,301.38828805985395,0.030898181797668768,906.8244018554688,556.923583984375,9.578746795654297,22.36371612548828,27.877578735351562,35.74095916748047,0.6810965538024902,300.9090576171875,0.08586263656616211,"3940,2115,879,1263,2967,4452,4324,2711,1135,1007,555,2243,4196,2499,427,2839",37.72660446166992,,,,,0,15.982511520385742,20.515005111694336,12.612751960754395,16.57838249206543,"0.745,0.748,0.743,0.835,0.847,0.815,0.841,0.857",9452.12890625,6149.1728515625,"2.122e+04,2.496e+04,3382,5697,4912,5012,4723,5706",12.868711471557617,12.181984901428223,"20.78,22.28,8.369,9.964,9.471,10.46,10.01,11.6","5.837,6.286,2.424,3.029,2.884,3.1,3.004,3.504","6.762,7.269,2.811,3.316,3.134,3.434,3.274,3.785",4925,0.004044836387038231,1145,0.004604946821928024,"1912,1400,1792,1384,1899,1905,1406,1874",0.05320429429411888,0.3487304747104645,0.3214111328125,"1.14,1.51,1.24,1.33,1.24,1.19,1.51,1.22","0.781,0.691,0.605,0.598,0.574,0.562,0.555,0.547","0.0261,0.00218,-0.00197,0.0182,-0.0933,-0.00607,-0.0148,-0.0312","0,0,0,0.0331,-0.0731,0,-0.0259,0","0.0266,0,0,0.0218,-0.107,0,-0.0109,-0.0266",0.30859375,0.2574254274368286,2,0.1834409087896347,0.038686007261276245
14,gate_proj,gptq,13824,5120,0,0.002044819019458912,0.0014996987802010995,552.0859191956697,0.016795938774584913,2475.563232421875,1952.7314453125,228.26910400390625,420.03985595703125,419.70172119140625,433.74176025390625,0.8097843527793884,551.57958984375,0.1020384132862091,"1307,11,4610,2657,228,3593,388,4020,2950,1145,1093,415,3850,4517,4597,3931",172.09901428222656,,,,,0,218.4057159423828,218.6019744873047,220.42501831054688,234.7659912109375,"1.081,1.092,1.534,0.827,0.838,0.929,1.124,0.886",4109.0029296875,4416.80078125,"3219,5415,698.6,2847,3774,5528,7567,3823",23.137176513671875,24.649436950683594,"20.28,26.79,11.67,20.97,24.3,27.77,29.47,23.84","13.2,17.52,9.218,11.84,13.7,16.68,19.49,13.96","12.7,16.77,7.443,13.02,14.97,17.3,18.39,14.83",12671,0.001562896417453885,1080,0.001524121849797666,"228,2657,2099,1307,4610,415,4517,3593",0.09713082015514374,0.25483760237693787,0.22438332438468933,"3.04,3.03,2.71,3.47,3.26,2.83,2.86,3.49","2.81,2.69,2.17,2.06,1.98,1.8,1.7,1.69","-0.0505,-0.0383,0.0228,0.0269,0.0532,-0.0618,0.0347,0.0106","-0.0377,-0.0377,0.0377,0,0.0377,-0.0753,0.0377,0","-0.0573,-0.0413,0.0229,0.0266,0.0522,-0.0505,0.0237,0.0208",0.1318359375,0.1506696492433548,1,0.5417881011962891,0.2576439380645752
14,up_proj,gptq,13824,5120,0,0.002031820791739005,0.0014940615053530093,476.3072624774941,0.015470647138114305,2283.57568359375,1836.164306640625,216.73597717285156,379.9810791015625,375.17138671875,397.6409606933594,0.8097843527793884,475.9516296386719,0.05809352546930313,"1307,11,4610,2657,228,3593,388,4020,2950,1145,415,1093,4517,3850,4597,3931",172.09901428222656,,,,,0,192.23117065429688,198.63815307617188,199.58590698242188,216.46737670898438,"1.015,1.010,1.131,0.824,0.826,0.938,1.141,0.878",4109.0029296875,4416.80078125,"3219,5415,698.6,2847,3774,5528,7567,3823",23.137176513671875,24.649436950683594,"20.28,26.79,11.67,20.97,24.3,27.77,29.47,23.84","12.14,16.04,7.21,11.23,13.2,15.94,18.68,13.34","12.05,15.97,6.78,12.37,14.52,16.46,17.49,14.23",4594,0.0013953440356999636,6775,0.0016908803954720497,"228,2657,2099,1307,4610,415,4517,3593",0.05380616337060928,0.5961733460426331,0.6942274570465088,"0.988,0.782,1.53,1.1,0.853,1.6,1.78,1.26","2.81,2.69,2.17,2.06,1.98,1.8,1.7,1.69","0.00842,-0.00699,0.00763,-0.000664,0.00598,-0.0137,-0.0161,0.00879","0.011,-0.011,0,0,0.011,-0.011,-0.011,0.011","0.0161,0,0,0,0,-0.0137,-0.0174,0.0148",0.08642578125,0.08357067406177521,1,0.49291932582855225,0.16283345222473145
14,down_proj,gptq,5120,13824,0,0.0019981808132595487,0.001499303181966146,1003.0133810195425,0.032881048092604115,2903.119140625,1865.5552978515625,43.69367599487305,78.6506118774414,72.04878234863281,61.26787185668945,0.18497802317142487,1003.1971435546875,0.06524354964494705,"3274,9682,8922,2466,1526,4410,10656,1645,1269,3513,6563,7288,8105,7006,12767,7782",25.02801513671875,,,,,0,38.455787658691406,32.47126007080078,41.385231018066406,34.869483947753906,"1.056,1.067,1.483,1.091,1.216,1.198,1.415,1.062",10515.8603515625,11515.962890625,"4217,1.098e+04,471.8,5999,1.21e+04,1.709e+04,2.052e+04,1.274e+04",14.502750396728516,16.039215087890625,"10.7,17.26,2.848,11.95,16.19,19.36,19.43,18.28","4.102,6.625,1.258,4.578,6.565,7.822,8.557,6.847","3.992,6.414,1.033,4.383,5.953,7.146,7.195,6.644",4675,0.005798374768346548,863,0.002677849493920803,"5460,3238,4283,8270,5836,9479,5663,3891",0.2342647761106491,0.3209472596645355,0.3248291015625,"1.59,1.56,1.53,1.47,1.46,1.57,1.35,1.51","3.53,3.27,2.97,2.38,2.28,2.11,1.85,1.85","0.00781,-0.0491,0.00146,0.028,-0.0294,-0.0547,0.197,-0.0315","-0.029,0,0,0,-0.0611,0,0.267,0","0,-0.0541,0,0.0347,0,-0.0921,0.169,-0.0502",0.99609375,0.8537946939468384,4,0.4999346137046814,0.2096925973892212
15,q_proj,gptq,5120,5120,0,0.002029380798339844,0.0014879608154296875,321.47953992916007,0.02810420609737775,992.1356201171875,690.52099609375,85.96815490722656,244.303955078125,240.6053924560547,270.1778564453125,0.8557490706443787,321.2281494140625,0.19578440487384796,"693,3388,157,4610,2099,415,2657,3089,4344,4925,3931,28,1754,2953,1031,784",362.557861328125,,,,,0,97.79377746582031,110.01419830322266,106.87509155273438,134.141845703125,"1.460,1.083,1.743,0.680,0.550,0.806,1.039,0.726",3588.2099609375,3863.22802734375,"2527,4410,475.9,2549,3537,5050,6541,3615",26.773757934570312,30.9197940826416,"22.89,31.64,7.211,26.75,32.27,31.9,32.4,29.11","10.55,12.65,3.478,8.123,8.901,10.7,12.38,9.271","8.732,12.15,2.634,9.851,12.01,11.92,12.15,10.88",757,0.004680279642343521,2923,0.005680370610207319,"2099,3388,693,415,157,2428,2657,4775",0.5224801301956177,0.4653076231479645,0.4302734434604645,"0.95,1.45,1.62,1.48,1.6,1.48,1.22,1.53","11.8,7.19,7.06,4.94,4.75,4.28,3.7,3.67","-0.012,0.0149,-0.02,0.0147,0.0291,-0.00178,-0.0117,-0.043","0,0,-0.0345,0,0.0345,0.0345,0,-0.0345","0,0.0264,-0.0205,0.0262,0.0272,0,-0.0212,-0.0296",0.1416015625,0.15589545667171478,1,0.6089736819267273,0.38724884390830994
15,k_proj,gptq,1024,5120,0,0.002048301696777344,0.0014719009399414063,97.59798969974297,0.03343066341444249,275.7178039550781,191.1112060546875,24.104320526123047,76.1026840209961,72.99656677246094,85.0648193359375,0.8557490706443787,97.39584350585938,0.2110992968082428,"693,3388,157,4610,2099,415,2657,3931,4344,28,2953,4925,1031,4373,3089,1754",362.557861328125,,,,,0,28.517459869384766,32.488548278808594,31.081092834472656,42.71055603027344,"1.495,1.268,1.762,0.652,0.496,0.892,0.947,0.634",3588.2099609375,3863.22802734375,"2527,4410,475.9,2549,3537,5050,6541,3615",26.773757934570312,30.9197940826416,"22.89,31.64,7.211,26.75,32.27,31.9,32.4,29.11","5.605,7.032,1.87,4.53,4.715,5.973,6.419,4.914","4.584,6.246,1.409,5.611,6.695,6.323,6.597,6.171",823,0.027394521981477737,120,0.019024398177862167,"2099,3388,693,415,157,2428,2657,4775",0.6207472085952759,0.408935546875,0.3211669921875,"0.993,0.986,0.949,1.03,0.968,1.16,0.904,1.14","11.8,7.19,7.06,4.94,4.75,4.28,3.7,3.67","-0.0315,-0.0315,-0.00916,-0.00854,-0.0204,0.0535,0.0242,0.0217","-0.0477,-0.0477,0,0,0,0.0477,0.0477,0.0477","-0.0379,-0.0248,0,0,0,0.0592,0.0297,0.0292",0.1669921875,0.15276294946670532,1,0.7803149223327637,0.1687958836555481
15,v_proj,gptq,1024,5120,0,0.0020168304443359377,0.0014623641967773438,43.81079660752788,0.01989357769340046,175.4423370361328,134.2008056640625,14.760029792785645,36.40332794189453,27.33710289001465,38.55554962158203,0.8557490706443787,43.77735137939453,0.05233324319124222,"157,693,3388,4610,415,2657,2099,3931,28,4344,4373,1031,2953,3089,4925,1824",362.557861328125,,,,,0,13.107349395751953,17.11701202392578,14.066202163696289,20.072677612304688,"0.907,0.783,1.233,0.627,0.600,0.744,0.983,0.655",3588.2099609375,3863.22802734375,"2527,4410,475.9,2549,3537,5050,6541,3615",26.773757934570312,30.9197940826416,"22.89,31.64,7.211,26.75,32.27,31.9,32.4,29.11","3.145,4.123,1.209,3.05,3.546,4.127,5.04,3.492","3.302,4.658,1.089,3.853,4.579,4.784,5.083,4.316",347,0.010997575707733631,233,0.017187273129820824,"2099,3388,693,415,157,2428,2657,4775",0.10858271270990372,0.7054443359375,0.9033203125,"0.122,0.111,0.14,0.213,0.17,0.216,0.184,0.258","11.8,7.19,7.06,4.94,4.75,4.28,3.7,3.67","-0.00337,0.00129,0.000349,0.00229,-0.000679,0.00711,0.000607,0.0126","0,0,0,0,0,0.00921,0,0.00921","0,0,0,0,0,0,0,0.017",0.07568359375,0.08393419533967972,1,0.37185901403427124,0.0009392080828547478
15,o_proj,gptq,5120,5120,0,0.002072944641113281,0.001484222412109375,322.1108754277375,0.030756778501500177,958.9929809570312,597.5669555664062,11.858964920043945,29.95191192626953,28.630897521972656,39.562294006347656,0.4541653096675873,321.58038330078125,0.055444248020648956,"3326,3454,4804,3710,4932,3838,4676,4548,1300,1812,891,1428,2032,1684,2288,1556",44.215614318847656,,,,,0,14.920592308044434,21.270702362060547,12.784317016601562,17.245527267456055,"0.672,0.654,0.726,0.735,0.795,0.783,0.786,0.755",6179.1748046875,4970.74609375,"1.399e+04,1.54e+04,2605,3816,3599,3396,2991,3636",12.59134292602539,11.879474639892578,"20.52,21.98,8.607,10.6,9.979,9.567,8.955,10.53","5.704,6.034,2.501,3.084,3.014,2.896,2.726,3.123","6.956,7.463,2.936,3.598,3.381,3.274,3.075,3.594",817,0.003500343067571521,1968,0.0023493501357734203,"2553,4512,3326,3454,2258,3797,2472,1621",0.045657459646463394,0.3594970703125,0.3607177734375,"1.46,1.43,0.861,1.72,1.39,0.978,1.46,1.32","0.688,0.586,0.582,0.574,0.57,0.57,0.559,0.559","0.0083,-0.0245,-0.016,0.015,-0.00458,-0.00273,0.027,0.0231","0,-0.0278,-0.0139,0.0139,0,0,0.0195,0.0278","0,-0.0174,-0.0138,0.0175,0,0,0.0213,0.016",0.09619140625,0.10379529744386673,1,0.1783435046672821,0.07159925997257233
15,gate_proj,gptq,13824,5120,0,0.002040651109483507,0.0015091224952980323,597.5261735368986,0.01776054415587423,2578.68212890625,1997.96484375,245.7317657470703,462.9012451171875,442.802490234375,454.3500671386719,0.794021725654602,596.7657470703125,0.11238997429609299,"1307,4610,2657,11,228,4020,3593,2950,388,1145,3850,415,4597,4517,1093,4938",186.6743621826172,,,,,0,237.37554931640625,239.067138671875,228.8187255859375,244.32772827148438,"1.075,1.005,1.671,0.834,0.883,0.954,1.111,0.874",4115.1416015625,4220.63427734375,"3132,5152,714,3135,4065,5646,7218,3859",24.006004333496094,24.888750076293945,"21.19,27.7,12.32,22.89,25.21,28.46,29.63,24.66","13.88,17.63,10.09,13.02,14.88,17.45,19.7,14.5","13.38,17.59,7.808,14.26,15.84,17.87,18.69,15.51",11307,0.0013976751361042261,13753,0.001249318360351026,"228,2657,4610,3593,1307,2636,415,4597",0.09817604720592499,0.2440049946308136,0.21003328263759613,"3.18,3.1,3.37,3.63,3.52,2.87,2.96,3.5","3.59,2.41,2.14,1.97,1.95,1.82,1.7,1.6","-0.00812,-0.0214,0.0131,-0.00693,0.0242,0.033,-0.0105,-0.00934","0,-0.0432,0,0,0,0.0432,0,0","0,-0.0199,0.0144,0,0.0312,0.0399,0,-0.0186",0.1513671875,0.1297433078289032,2,0.5563192963600159,0.07984702289104462
15,up_proj,gptq,13824,5120,0,0.002037613480179398,0.001483083654333044,508.179795663571,0.01682797158333636,2304.03369140625,1808.298828125,223.49954223632812,400.58648681640625,381.96844482421875,401.0417175292969,0.794021725654602,507.8774108886719,0.06525128334760666,"1307,4610,11,2657,228,4020,3593,2950,388,1145,3850,415,4597,4517,1093,4938",186.6743621826172,,,,,0,201.75042724609375,209.44509887695312,202.58929443359375,216.037109375,"0.967,0.969,1.156,0.815,0.886,0.971,1.112,0.888",4115.1416015625,4220.63427734375,"3132,5152,714,3135,4065,5646,7218,3859",24.006004333496094,24.888750076293945,"21.19,27.7,12.32,22.89,25.21,28.46,29.63,24.66","12.36,16.02,7.715,12.13,13.97,16.55,18.45,13.73","12.56,16.27,7.175,13.44,14.85,16.8,17.5,14.57",2372,0.0031236927025020123,5952,0.001208535977639258,"228,2657,4610,3593,1307,2636,415,4597",0.0536225251853466,0.609130859375,0.6757721900939941,"0.869,0.727,0.807,1.26,1.07,2.15,1.58,1.49","3.59,2.41,2.14,1.97,1.95,1.82,1.7,1.6","-0.0422,-0.0192,0.0226,0.0645,0.0272,-0.0254,0.00339,0.0674","0,0,0,0.0804,0.0804,0,0,0.0804","-0.0491,-0.0266,0,0.0522,0.0199,-0.0266,0,0.06",0.28125,0.2410714477300644,2,0.7809861898422241,0.2382781207561493
15,down_proj,gptq,5120,13824,0,0.00200078045880353,0.001497508861400463,1049.4292600773501,0.03500656248936663,2930.831787109375,1847.01416015625,44.1664924621582,87.31922912597656,68.9202880859375,61.38531494140625,0.20891553163528442,1049.38818359375,0.06816692650318146,"9017,6833,4977,8874,4966,3073,1080,3811,12797,12708,5021,3028,8133,4758,3449,7912",191.691650390625,,,,,0,35.05046844482422,30.578346252441406,40.634605407714844,35.24076843261719,"1.131,1.106,1.504,1.049,1.149,1.156,1.270,1.055",9579.923828125,11253.47265625,"5177,1.135e+04,604.1,6834,1.057e+04,1.334e+04,1.848e+04,1.029e+04",14.37486743927002,16.240589141845703,"11.98,17.03,3.268,13.51,15.79,17.58,19.63,16.2","4.69,6.576,1.455,5.053,6.136,6.86,8.107,6.09","4.409,6.251,1.186,4.933,5.725,6.38,7.192,5.929",3664,0.0022075572051107883,4675,0.004188788589090109,"11498,9573,10758,3130,11013,12680,2021,117",0.22939874231815338,0.3365722596645355,0.3363037109375,"1.41,1.41,1.59,1.19,1.57,1.49,1.42,1.55","3.98,3.34,2.7,2.67,2.11,1.37,1.23,1.23","-0.0145,-0.00687,0.0383,-0.0359,0.0251,-0.0118,0.0204,0.0186","-0.0174,0,0.0461,-0.0349,0.0139,-0.019,0.0219,0.02","-0.018,0,0.0452,-0.0393,0.0282,-0.0176,0.0204,0.0137",0.09521484375,0.08595360070466995,1,0.2882855236530304,0.0032163355499505997
16,q_proj,gptq,5120,5120,0,0.002030029296875,0.0014752960205078125,396.60647096186557,0.032425879276409345,1125.69140625,772.30419921875,75.53616333007812,258.1376037597656,228.7587432861328,276.7822265625,0.8300878405570984,396.1695556640625,0.19634906947612762,"3388,693,4610,157,2657,415,2099,3089,4373,388,3931,4517,4436,1031,2950,4344",356.6097106933594,,,,,0,94.59276580810547,112.86343383789062,94.5940933227539,136.06060791015625,"1.559,1.155,1.737,0.605,0.520,0.681,0.908,0.633",3404.55517578125,3649.15478515625,"2664,4340,517.8,2479,3368,4488,6022,3357",25.703880310058594,29.50464630126953,"22.16,30.71,6.956,26.75,30.84,30.28,30.41,27.52","10.99,13,3.541,8.148,8.634,10.09,11.66,8.695","8.801,12.1,2.687,10.48,11.97,12.22,12.24,10.93",2602,0.007521091029047966,1587,0.004389696754515171,"2099,693,3388,2428,415,157,4775,228",0.5409160852432251,0.43903809785842896,0.4312500059604645,"1.08,1.69,1.54,1.57,1.55,1.62,1.49,1.16","10.5,6.88,6.34,4.75,4.44,4.38,4.25,4.22","-0.0204,0.00818,0.00592,-0.0215,0.0183,-0.00977,-0.00806,-0.00983","0,0,0,0,0.0413,0,0,0","-0.0216,0.0133,0,-0.0211,0,0,0,0",0.185546875,0.20463746786117554,1,0.7487344741821289,0.46013423800468445
16,k_proj,gptq,1024,5120,0,0.002033233642578125,0.0014730453491210937,136.65788157562324,0.03927330291012559,348.63690185546875,241.77847290039062,24.177515029907227,85.80546569824219,79.82752990722656,93.41354370117188,0.8300878405570984,136.38015747070312,0.20319737493991852,"693,3388,157,4610,2657,415,2099,388,4373,3931,4517,4436,1031,2797,1093,2953",356.6097106933594,,,,,0,31.39484405517578,36.01507568359375,32.208683013916016,48.22766876220703,"1.789,1.334,1.723,0.583,0.437,0.707,1.043,0.618",3404.55517578125,3649.15478515625,"2664,4340,517.8,2479,3368,4488,6022,3357",25.703880310058594,29.50464630126953,"22.16,30.71,6.956,26.75,30.84,30.28,30.41,27.52","6.385,7.716,1.974,4.644,4.642,5.724,6.658,5.173","4.773,6.681,1.504,6.082,7.021,6.807,6.519,6.582",49,0.018186042085289955,53,0.01983371376991272,"2099,693,3388,2428,415,157,4775,228",0.679328203201294,0.3848876953125,0.339111328125,"0.959,0.914,0.941,1.14,1.05,0.927,1.12,0.784","10.5,6.88,6.34,4.75,4.44,4.38,4.25,4.22","0.000299,-0.0113,0.00238,-0.0356,-0.0104,0.00139,-0.0276,0.0332","0,0,0,-0.0275,0,0,-0.0275,0.0275","0,0,0,-0.029,0,0,-0.035,0.0294",0.13671875,0.1429450958967209,1,0.6259781718254089,0.04152749106287956
16,v_proj,gptq,1024,5120,0,0.0020399093627929688,0.0014715194702148438,42.122450839162724,0.021736270342730124,157.23422241210938,117.1173095703125,9.768033027648926,31.0423583984375,19.46883773803711,32.103214263916016,0.8300878405570984,41.97964096069336,0.0727938562631607,"693,4610,157,3388,415,2657,2099,3931,4373,4436,388,4517,784,1031,2950,228",356.6097106933594,,,,,0,9.107721328735352,13.932037353515625,9.56068229675293,16.35881233215332,"0.854,0.697,1.264,0.504,0.447,0.607,0.840,0.625",3404.55517578125,3649.15478515625,"2664,4340,517.8,2479,3368,4488,6022,3357",25.703880310058594,29.50464630126953,"22.16,30.71,6.956,26.75,30.84,30.28,30.41,27.52","2.867,3.613,1.134,2.567,2.78,3.37,3.95,3.004","3.102,4.328,1.008,3.616,4.157,4.326,4.309,3.801",231,0.017307527363300323,143,0.011990785598754883,"2099,693,3388,2428,415,157,4775,228",0.18887768685817719,0.638916015625,0.8287353515625,"0.163,0.16,0.153,0.282,0.228,0.188,0.286,0.193","10.5,6.88,6.34,4.75,4.44,4.38,4.25,4.22","0.0144,-0.00583,0.000161,-0.0349,0.00708,-0.0113,-0.00842,0.00787","0.0168,0,0,-0.0336,0,-0.0168,-0.0168,0","0.0164,0,0,-0.0336,0,-0.0142,0,0.0142",0.1318359375,0.11648553609848022,1,0.3657941520214081,0.08060254901647568
16,o_proj,gptq,5120,5120,0,0.0020823287963867188,0.0014611053466796874,340.81471982997755,0.03615771582116629,959.5482177734375,542.5335083007812,10.4244966506958,28.937843322753906,33.79478454589844,42.68053436279297,0.5792935490608215,339.10833740234375,0.06501109898090363,"3475,3731,3603,2903,3219,3159,3031,1065,4136,937,3347,809,4008,3880,4264,1451",28.83443260192871,,,,,0,21.123767852783203,25.361896514892578,12.722187995910645,15.91097640991211,"0.780,0.802,0.982,0.967,0.884,0.850,0.960,0.742",10273.30078125,5142.068359375,"2.194e+04,2.542e+04,4970,6198,5424,5744,5964,6520",14.792810440063477,12.066335678100586,"22.22,23.87,9.539,12.16,11.56,12.59,12.26,14.14","6.327,6.852,3.115,3.838,3.535,3.732,3.869,4.024","7.163,7.651,3.142,3.903,3.759,4.047,3.95,4.67",2953,0.009267536923289299,2673,0.005405265372246504,"770,3347,3383,866,827,4791,839,806",0.06274289637804031,0.37849122285842896,0.3468994200229645,"1.26,1.53,1.1,1.28,1.21,0.92,1.38,1.33","1.02,1,0.984,0.871,0.836,0.797,0.773,0.742","-0.013,0.0273,-0.0118,0.00793,0.0131,0.0996,0.0051,0.0051","0,0,0,0,0,0.0965,0,0","-0.0219,0.0287,-0.0144,0,0.0219,0.0876,0,0",0.337890625,0.2936937212944031,1,0.3402939736843109,0.19648292660713196
16,gate_proj,gptq,13824,5120,0,0.0020328380443431714,0.0014894838686342594,588.5275865823496,0.018401757202027486,2490.91259765625,1929.1119384765625,209.53164672851562,411.3684387207031,371.2552185058594,391.56103515625,0.804844319820404,588.0809326171875,0.09784166514873505,"4610,1307,11,2657,228,2950,4020,3593,388,1093,4938,3850,415,1145,4517,655",194.4680633544922,,,,,0,189.16114807128906,193.135498046875,193.2637176513672,209.40121459960938,"1.121,1.020,1.535,0.790,0.856,0.934,1.135,0.854",3957.2529296875,4217.21533203125,"3155,4993,763.3,2989,3950,5074,6915,3818",22.050636291503906,23.423229217529297,"19.13,25.01,10.87,21.38,23.73,25.8,27.46,23.02","12.39,15.48,8.372,11.75,13.57,15.4,17.71,13.3","11.7,15.33,6.758,13.23,14.67,15.93,16.62,14.4",13073,0.00320399459451437,7523,0.0017360721249133348,"228,2099,4610,2657,2428,3593,4517,4775",0.08844272047281265,0.28017398715019226,0.2534450888633728,"2.95,2.76,3.19,2.91,2.45,3.31,2.71,2.58","3.27,2.91,2.34,2.02,1.95,1.86,1.73,1.72","-0.082,0.151,0.116,-0.0508,0.0195,0.0713,-0.0229,0.0889","-0.0661,0.132,0.132,-0.0661,0,0.0661,0,0.0661","-0.0949,0.126,0.132,-0.0564,0,0.0848,0,0.0915",0.37890625,0.44069188833236694,1,0.7683679461479187,0.44297999143600464
16,up_proj,gptq,13824,5120,0,0.002024360939308449,0.0015057316532841435,549.1376680075191,0.01753793018996968,2420.080810546875,1894.724609375,206.58233642578125,388.97955322265625,346.91571044921875,373.19903564453125,0.804844319820404,548.5169677734375,0.06171559542417526,"1307,4610,11,2657,228,2950,4020,3593,388,1093,4938,415,3850,4517,655,1145",194.4680633544922,,,,,0,175.66854858398438,185.55311584472656,184.33450317382812,201.4033203125,"0.985,0.944,1.207,0.797,0.854,0.953,1.090,0.881",3957.2529296875,4217.21533203125,"3155,4993,763.3,2989,3950,5074,6915,3818",22.050636291503906,23.423229217529297,"19.13,25.01,10.87,21.38,23.73,25.8,27.46,23.02","11.6,14.75,7.152,11.46,13.25,15.03,17.32,13.03","11.69,15.18,6.509,12.84,14.34,15.39,16.58,13.88",4809,0.0017322261119261384,10561,0.0013410201063379645,"228,2099,4610,2657,2428,3593,4517,4775",0.05372486263513565,0.5606372952461243,0.6468098759651184,"0.975,1.55,0.967,0.912,1.97,1.39,1.94,1.99","3.27,2.91,2.34,2.02,1.95,1.86,1.73,1.72","0.00531,-0.000885,-0.0204,0.0116,-0.0442,-0.014,0.0205,-0.0177","0,0,0,0,-0.0949,0,0,0","0,0,-0.0225,0,-0.0539,0,0.0317,-0.0164",0.33203125,0.2845982313156128,2,0.5513876080513,0.06777842342853546
16,down_proj,gptq,5120,13824,0,0.0019961039225260416,0.0014976360179759839,1007.1040004889564,0.03257798934849648,2964.220703125,1925.997314453125,43.81376647949219,82.90379333496094,66.48458862304688,58.5765495300293,0.12917649745941162,1006.9539794921875,0.06465250253677368,"3183,3853,5635,9250,4479,9638,12507,12179,11802,752,5305,2472,5173,948,11883,7163",60.3140754699707,,,,,0,36.3846435546875,31.639747619628906,35.72748947143555,31.90294075012207,"1.160,1.091,1.321,1.084,1.218,1.162,1.380,0.911",9923.8623046875,9946.6513671875,"6113,1.521e+04,372.9,7352,1.187e+04,1.211e+04,1.716e+04,9202",14.197004318237305,15.021953582763672,"12.13,19.66,2.6,13.27,15.3,16.7,17.91,16","4.902,7.823,1.145,5.151,6.37,6.568,7.862,5.699","4.552,7.488,0.996,4.947,5.771,6.092,6.692,5.972",4675,0.012312487699091434,4675,0.004245762247592211,"6195,480,4727,4528,670,2066,8208,8044",0.21702952682971954,0.3275146484375,0.33295899629592896,"1.49,1.45,1.59,1.55,1.47,1.55,1.48,1.51","3.62,3.03,2.97,1.55,1.52,1.41,1.3,1.24","0.0208,0.0114,-0.0337,0.000383,0.0332,-0.0398,-0.0182,0.0459","0,0,0,0,0,-0.0568,0,0.0444","0,0,0,0,0.0388,0,0,0.0619",1.25,1.0714285373687744,1,0.7068470120429993,0.3760559856891632
17,q_proj,gptq,5120,5120,0,0.002038421630859375,0.0014752197265625,379.4628599270376,0.0307029017800436,1114.228515625,758.248779296875,89.7245101928711,289.83453369140625,261.129150390625,307.9014892578125,0.8474138975143433,378.8503723144531,0.1905396580696106,"693,4610,157,3388,2657,2099,415,4469,4344,784,3931,3089,2950,2953,1031,228",353.3542785644531,,,,,0,104.84120178222656,127.10967254638672,115.75265502929688,152.04701232910156,"1.311,1.000,1.555,0.604,0.566,0.727,0.981,0.686",3299.964599609375,3605.697265625,"2572,4145,495.8,2553,3502,4133,5675,3324",27.878013610839844,31.656829833984375,"24.25,32.95,7.396,29.09,33.74,32.55,32.58,30.47","11,12.96,3.556,8.599,9.734,10.77,12.51,9.782","9.611,12.97,2.851,11.06,12.94,12.63,12.63,11.81",4774,0.005806037224829197,3636,0.0050561013631522655,"2099,693,3388,2428,4344,228,157,4775",0.5711292028427124,0.485595703125,0.48198243975639343,"0.909,1.5,1.3,1.46,1.76,0.888,1.53,1.47","12.3,9.38,7.5,5.72,5.25,5.12,4.84,4.25","-0.00598,0.00934,-0.00381,0.0317,0.0229,0.0137,-0.00427,-0.0186","0,0,0,0.0266,0.0266,0.0266,0,-0.0266","0,0,0,0.0296,0.0253,0.0237,0,-0.0319",0.12060546875,0.11791905760765076,1,0.7416837215423584,0.10922706127166748
17,k_proj,gptq,1024,5120,0,0.0020570755004882812,0.00146484375,115.7097794679178,0.03354888816596849,324.994384765625,220.39495849609375,26.468812942504883,87.30917358398438,80.25096130371094,92.85264587402344,0.8474138975143433,115.26040649414062,0.17940935492515564,"693,4610,3388,157,2657,2099,415,4344,2950,2953,3931,228,1031,784,4373,1824",353.3542785644531,,,,,0,32.15803527832031,38.10079574584961,34.1545524597168,46.77305603027344,"1.530,1.124,1.372,0.511,0.494,0.762,1.034,0.686",3299.964599609375,3605.697265625,"2572,4145,495.8,2553,3502,4133,5675,3324",27.878013610839844,31.656829833984375,"24.25,32.95,7.396,29.09,33.74,32.55,32.58,30.47","6.299,7.45,1.868,4.44,5.075,6.092,6.885,5.35","5.093,7.028,1.595,6.209,7.222,6.977,6.769,6.459",316,0.01608937606215477,120,0.015505790710449219,"2099,693,3388,2428,4344,228,157,4775",0.6354448199272156,0.449462890625,0.403564453125,"0.846,0.811,0.867,1.07,0.641,0.649,0.854,1.01","12.3,9.38,7.5,5.72,5.25,5.12,4.84,4.25","-0.0286,-0.0229,0.051,-0.0121,-0.0281,-0.00922,0.0942,-0.119","-0.0446,-0.0446,0.0446,0,-0.0446,0,0.0893,-0.0893","-0.0391,-0.0268,0.0519,0,-0.0435,0,0.0891,-0.122",0.1728515625,0.19109268486499786,1,0.6437646150588989,0.8343712091445923
17,v_proj,gptq,1024,5120,0,0.0020502090454101564,0.0014478683471679688,44.262671049509756,0.025318853020247827,150.50448608398438,106.90980529785156,11.828019142150879,34.28900146484375,24.539779663085938,36.264400482177734,0.8474138975143433,44.215885162353516,0.09395506978034973,"693,4610,157,2657,3388,415,4344,2099,3931,4469,784,1031,2953,228,28,2950",353.3542785644531,,,,,0,10.648755073547363,14.894947052001953,11.828849792480469,18.673480987548828,"0.963,0.764,1.478,0.521,0.556,0.719,0.815,0.689",3299.964599609375,3605.697265625,"2572,4145,495.8,2553,3502,4133,5675,3324",27.878013610839844,31.656829833984375,"24.25,32.95,7.396,29.09,33.74,32.55,32.58,30.47","3.149,3.787,1.224,2.789,3.281,3.621,4.104,3.307","3.209,4.333,1.006,3.865,4.4,4.271,4.545,3.984",624,0.01285836473107338,115,0.013794723898172379,"2099,693,3388,2428,4344,228,157,4775",0.26894083619117737,0.686767578125,0.825927734375,"0.163,0.19,0.183,0.294,0.239,0.189,0.249,0.288","12.3,9.38,7.5,5.72,5.25,5.12,4.84,4.25","-0.00336,0.00439,-0.000755,-0.00157,-0.000118,0.00045,0.00156,-0.00818","0,0,0,0,0,0,0,-0.0141","0,0,0,0,0,0,0,0",0.08056640625,0.07950379699468613,1,0.37202876806259155,0.1027524471282959
17,o_proj,gptq,5120,5120,0,0.002074432373046875,0.0014506912231445313,313.84161618683856,0.03353401626723495,924.958984375,538.578369140625,10.502290725708008,28.80681610107422,34.13922882080078,49.44538879394531,0.5691495537757874,313.27978515625,0.0684705600142479,"3788,3660,3404,3276,3532,4960,4704,3219,4287,3903,5088,4576,2155,2411,1299,4415",52.19613265991211,,,,,0,20.091930389404297,29.914119720458984,13.577473640441895,20.649507522583008,"0.640,0.620,0.708,0.734,0.704,0.756,0.772,0.737",10163.955078125,5588.98828125,"2.39e+04,2.741e+04,3070,5619,4753,4980,6246,5328",15.556144714355469,13.951595306396484,"25.31,27.42,8.933,12.08,11.89,12.13,13.81,12.88","6.535,7.035,2.49,3.412,3.272,3.419,3.941,3.573","8.171,8.937,2.96,3.982,3.899,3.931,4.484,4.161",344,0.009567076340317726,3924,0.0032879719510674477,"2539,268,2441,1555,2533,2510,4887,4503",0.09384065121412277,0.35124513506889343,0.31867676973342896,"1.98,1.24,1.45,1.22,1.1,1.07,1.14,1.54","1.08,1.06,1.04,1.04,1.03,0.965,0.953,0.941","-0.0688,0.00378,0.0356,0.0486,-0.0579,-2.24e-05,-0.00537,-0.0242","-0.0583,0,0.0268,0.0583,-0.0635,0,0,-0.0292","-0.059,0,0.0393,0.0396,-0.059,0,0,-0.0421",0.2734375,0.24598795175552368,1,0.320066899061203,0.13758939504623413
17,gate_proj,gptq,13824,5120,0,0.002041965060763889,0.0014963220666956017,587.3892393585993,0.0186486788659715,2461.842041015625,1898.6055908203125,201.8333740234375,386.9210205078125,349.47882080078125,360.2025146484375,0.8206174969673157,586.63037109375,0.09252328425645828,"1307,4610,11,2657,228,2950,3593,4020,4938,388,1093,415,4517,3850,3553,1145",144.09071350097656,,,,,0,174.11764526367188,179.11520385742188,183.38031005859375,194.24288940429688,"1.008,0.950,1.478,0.822,0.917,0.947,1.093,0.895",3825.275634765625,4153.3720703125,"2955,4637,776.1,3037,4027,4793,6527,3850",21.41635513305664,22.758094787597656,"18.74,24.05,11.24,20.8,22.91,24.51,26.27,22.82","11.43,14.35,8.457,11.56,13.47,14.57,16.89,13.12","11.39,14.73,6.956,12.75,14.06,14.97,16.16,13.87",3746,0.0014013416366651654,13813,0.0023464136756956577,"2099,228,4610,3593,4775,2428,693,4517",0.09277521818876266,0.31379303336143494,0.2894422709941864,"2.84,2.89,3.17,3.26,2.57,2.41,2.32,2.7","3.03,2.89,2.11,1.85,1.77,1.77,1.69,1.68","0.0188,-0.0157,0.0242,0.0208,0.00705,-0.0255,-0.0227,0.0232","0.017,-0.017,0.017,0.017,0.017,-0.017,-0.017,0.017","0.0227,-0.016,0.0218,0.0149,0,-0.0194,-0.0183,0.016",0.0869140625,0.07808543741703033,2,0.5041413903236389,0.06447620689868927
17,up_proj,gptq,13824,5120,0,0.0020277235243055555,0.0014987097846137153,570.8146170867258,0.017926754617071942,2469.60498046875,1923.3914794921875,204.50538635253906,381.13787841796875,341.2660827636719,357.65533447265625,0.8206174969673157,570.4219360351562,0.05864930897951126,"1307,4610,11,2657,228,2950,3593,4020,4938,388,1093,415,4517,4436,3553,1145",144.09071350097656,,,,,0,169.0011444091797,176.73765563964844,181.13771057128906,194.0635986328125,"0.949,0.936,1.165,0.831,0.903,0.965,1.099,0.892",3825.275634765625,4153.3720703125,"2955,4637,776.1,3037,4027,4793,6527,3850",21.41635513305664,22.758094787597656,"18.74,24.05,11.24,20.8,22.91,24.51,26.27,22.82","11.12,14.1,7.242,11.54,13.39,14.48,16.88,13.03","11.41,14.58,6.71,12.66,14.1,14.74,16.11,13.8",7002,0.001566769671626389,7834,0.0014974032528698444,"2099,228,4610,3593,4775,2428,693,4517",0.05704982951283455,0.5295138955116272,0.6141583323478699,"1.53,0.963,1.02,1.44,1.92,2.01,1.93,1.98","3.03,2.89,2.11,1.85,1.77,1.77,1.69,1.68","-0.000546,-0.00885,0.00168,0.01,0.00191,0.00757,-0.00485,0.0125","0,-0.0117,0,0.0117,0,0,-0.0117,0.0117","0,-0.0176,0,0,0,0,0,0.0193",0.09814453125,0.08904515206813812,1,0.5301398038864136,0.11831650137901306
17,down_proj,gptq,5120,13824,0,0.001997220074688947,0.001514561971028646,937.2152732593831,0.02994499242871717,2894.6865234375,1928.833984375,41.37421798706055,76.05311584472656,63.561737060546875,53.61955642700195,0.16112880408763885,937.2298583984375,0.058412227779626846,"2843,3151,275,10118,13740,2485,12002,1276,13813,9825,6346,8745,3428,4509,13493,11159",33.76356887817383,,,,,0,33.96476745605469,27.429325103759766,34.85804748535156,29.43355369567871,"1.244,1.242,1.325,1.162,1.150,1.229,1.380,1.159",9600.3330078125,10107.11328125,"5150,1.607e+04,366.7,6650,9524,1.079e+04,1.83e+04,9961",13.177413940429688,14.479986190795898,"10.34,17.84,2.501,12.34,14.36,15.03,18.18,14.83","4.254,7.426,1.087,5.062,5.811,6.201,8.011,5.94","3.814,6.662,0.9439,4.695,5.418,5.593,6.819,5.516",4675,0.020992858335375786,2673,0.00293702888302505,"8268,8568,7718,693,7755,7573,9984,11539",0.19189363718032837,0.34064942598342896,0.3416503965854645,"1.6,1.46,1.16,1.55,1.56,1.63,1.55,1.5","4.34,1.99,1.97,1.78,1.61,1.55,1.38,1.18","0.00237,0.0145,0.134,0.0889,-0.000854,0.0171,0.0371,0.0152","0,0.0618,0,0.139,0,0,0,0","0,0,0.155,0.0645,0,0,0,0",1.1328125,0.9709821939468384,2,0.8419108390808105,0.13603179156780243
18,q_proj,gptq,5120,5120,0,0.0020348358154296873,0.0014663314819335937,380.6536813881342,0.03232140071250395,1086.68603515625,731.7200927734375,89.22413635253906,290.66796875,267.1748046875,311.4910888671875,0.876015841960907,379.6900939941406,0.21261876821517944,"693,4610,157,3388,2657,415,2099,3931,1031,4344,4373,2953,2950,1824,3089,28",395.01202392578125,,,,,0,105.85885620117188,132.5171661376953,113.4822998046875,152.81936645507812,"1.310,0.955,1.607,0.567,0.504,0.696,0.988,0.702",3192.07861328125,3535.39599609375,"2436,4043,494.1,2547,3331,3851,5386,3449",28.75572395324707,32.21503448486328,"25.22,34.26,7.615,29.67,34.7,33.41,32.83,32.33","11.3,13.03,3.687,8.558,9.45,10.56,12.35,10.45","9.875,13.33,2.908,11.36,13.32,12.66,12.42,12.47",201,0.003940429072827101,3251,0.004120802041143179,"2099,693,3388,4344,2428,157,1824,228",0.7644513845443726,0.5015869140625,0.4944091737270355,"0.862,1.41,1.35,1.67,1.36,1.48,1.38,0.883","13.6,10.3,7.41,6.12,5.72,5.5,5.25,4.72","-0.00934,-0.0101,0.0166,-0.0581,0.041,0.0352,0.00378,-0.000759","0,0,0,-0.0391,0.0391,0.0391,0,0","-0.0184,-0.0166,0.0194,-0.0664,0.0371,0.0285,0,0",0.13671875,0.15625,1,0.593224823474884,0.13879312574863434
18,k_proj,gptq,1024,5120,0,0.0020158767700195314,0.0014589309692382812,115.20205649673979,0.0354622320787439,314.97735595703125,210.6163787841797,26.140201568603516,90.85955047607422,81.84759521484375,95.20458221435547,0.876015841960907,114.83502960205078,0.2168419063091278,"693,4610,157,3388,2099,2657,415,1824,2953,3931,4344,1031,2950,28,4373,2797",395.01202392578125,,,,,0,32.54783630371094,40.49167251586914,34.83502960205078,45.27915954589844,"1.318,0.907,1.608,0.567,0.532,0.658,1.054,0.764",3192.07861328125,3535.39599609375,"2436,4043,494.1,2547,3331,3851,5386,3449",28.75572395324707,32.21503448486328,"25.22,34.26,7.615,29.67,34.7,33.41,32.83,32.33","6.164,7.039,2.027,4.808,5.311,5.912,6.854,5.956","5.369,7.392,1.599,6.385,7.282,7.29,6.675,6.813",243,0.026189953088760376,701,0.02067919820547104,"2099,693,3388,4344,2428,157,1824,228",0.870151698589325,0.4495849609375,0.412353515625,"0.885,0.902,0.886,0.729,1.06,0.977,1.12,0.659","13.6,10.3,7.41,6.12,5.72,5.5,5.25,4.72","-0.0182,-0.0192,0.0217,0.0127,-0.0155,0.0076,-0.0537,-0.00879","0,0,0,0,0,0,-0.0499,0","0,-0.0324,0.0371,0,-0.0273,0,-0.0656,0",0.1748046875,0.1997767984867096,1,0.8595410585403442,0.0351233035326004
18,v_proj,gptq,1024,5120,0,0.0020275115966796875,0.0014757156372070313,47.021014352750015,0.024136114861092083,165.76718139648438,120.427490234375,13.004777908325195,36.699302673339844,25.840625762939453,39.75109100341797,0.876015841960907,46.90653610229492,0.08934994041919708,"4610,693,157,3388,2657,415,2099,1824,3931,4436,1031,2950,2797,4373,2953,4344",395.01202392578125,,,,,0,11.344207763671875,17.998571395874023,12.815650939941406,19.917251586914062,"0.720,0.689,1.501,0.513,0.537,0.553,0.774,0.566",3192.07861328125,3535.39599609375,"2436,4043,494.1,2547,3331,3851,5386,3449",28.75572395324707,32.21503448486328,"25.22,34.26,7.615,29.67,34.7,33.41,32.83,32.33","3.14,4.083,1.312,2.978,3.348,3.534,4.275,3.413","3.7,4.92,1.071,4.159,4.567,4.755,4.859,4.536",198,0.013877170160412788,211,0.01252540573477745,"2099,693,3388,4344,2428,157,1824,228",0.29598498344421387,0.676513671875,0.8438720703125,"0.174,0.193,0.259,0.242,0.289,0.253,0.285,0.197","13.6,10.3,7.41,6.12,5.72,5.5,5.25,4.72","-0.00424,0.00342,0.00446,-0.0121,-0.00842,0.00383,-0.00307,0.000771","-0.00799,0,0.00799,-0.016,-0.00799,0.00799,0,0","0,0,0,-0.0167,0,0,0,0",0.10107421875,0.09153953194618225,1,0.3944298028945923,0.0647873803973198
18,o_proj,gptq,5120,5120,0,0.002094879150390625,0.0014669418334960938,332.0821110495299,0.034101917800161335,961.1749267578125,560.48486328125,12.904290199279785,40.62060546875,42.94090270996094,65.79080963134766,0.7463070154190063,331.4539794921875,0.0710296630859375,"180,436,564,1508,296,1380,52,3446,1636,2042,3830,308,2170,2426,3574,358",43.656341552734375,,,,,0,23.540767669677734,36.1851806640625,19.723819732666016,30.17123794555664,"0.623,0.625,0.686,0.716,0.737,0.589,0.674,0.685",10526.6171875,6475.00537109375,"2.499e+04,2.722e+04,2892,6164,4547,4432,7479,6493",17.466739654541016,17.054080963134766,"25.57,27.71,10.09,15.04,12.87,13.76,17.61,17.09","6.638,7.197,2.739,4.217,3.611,3.438,4.662,4.537","8.412,9.103,3.306,4.983,4.206,4.481,5.68,5.482",4687,0.004277450498193502,4138,0.002591359196230769,"1636,320,967,308,576,564,1508,315",0.09809603542089462,0.343994140625,0.301513671875,"1.46,1.27,1.43,1.07,1.27,1.49,1.26,1.47","1.59,1.37,1.27,1.23,1.2,1.12,1.06,1.03","0.0549,0.0189,-0.00983,0.0266,-0.00153,-0.0222,-0.0723,-0.0288","0.0619,0.0206,-0.0203,0.0206,0,-0.0206,-0.0619,-0.0206","0.0458,0.0143,-0.0126,0.0286,0,-0.0223,-0.0619,-0.0286",0.12890625,0.11267520487308502,1,0.23616336286067963,0.04030152037739754
18,gate_proj,gptq,13824,5120,0,0.002036765769675926,0.0014865310103804976,582.7572888725554,0.018846605546426375,2430.07275390625,1875.70751953125,193.69259643554688,381.2650451660156,338.19305419921875,352.51983642578125,0.8341886401176453,581.90087890625,0.09923247992992401,"4610,1307,11,2657,2950,228,3593,4020,4938,655,1093,388,3553,3850,415,4517",138.29190063476562,,,,,0,170.69834899902344,174.5378875732422,179.7776336669922,192.29425048828125,"1.018,0.971,1.438,0.837,0.903,0.934,1.115,0.888",3851.84521484375,4142.98974609375,"3044,4819,1153,3135,3868,4545,6240,4011",21.42557144165039,22.77721405029297,"19,24.13,12.48,20.92,22.57,23.73,25.55,23.02","11.67,14.5,9.153,11.67,12.92,13.93,16.34,13.08","11.56,14.71,7.634,12.76,13.6,14.42,15.48,13.88",3449,0.0014003802789375186,4454,0.0030200821347534657,"2099,228,4610,3593,2428,4775,693,4597",0.10331272333860397,0.31533926725387573,0.2935384213924408,"2.79,2.83,3.08,3.11,2.38,2.51,2.33,2.94","3.22,2.42,2.02,1.94,1.89,1.8,1.71,1.7","0.0332,-0.0234,0.0209,0.0168,0.0164,-0.0312,-0.0212,-0.000698","0.0329,-0.0329,0.0329,0.0329,0.0329,-0.0329,-0.0329,0","0.0329,-0.0211,0.0216,0.0139,0.0225,-0.0363,-0.0158,0",0.115234375,0.0987723246216774,4,0.4835035502910614,0.05775608867406845
18,up_proj,gptq,13824,5120,0,0.002032131618923611,0.0015077520299840858,584.8226749924361,0.01809852006120301,2517.503662109375,1962.3333740234375,202.32997131347656,388.4351806640625,338.0028381347656,361.00537109375,0.8341886401176453,584.51708984375,0.06814365833997726,"4610,1307,11,2657,2950,228,3593,4020,4938,1093,655,388,3553,415,3850,4517",138.29190063476562,,,,,0,168.897705078125,178.99224853515625,180.94827270507812,197.43910217285156,"0.964,0.947,1.112,0.841,0.874,0.935,1.075,0.874",3851.84521484375,4142.98974609375,"3044,4819,1153,3135,3868,4545,6240,4011",21.42557144165039,22.77721405029297,"19,24.13,12.48,20.92,22.57,23.73,25.55,23.02","11.45,14.38,8.061,11.77,13.04,14.03,16.38,13.21","11.66,14.78,7.644,12.83,13.95,14.51,15.8,14.13",7305,0.001244948129169643,3232,0.0015276912599802017,"2099,228,4610,3593,2428,4775,693,4597",0.06941303610801697,0.5171622037887573,0.590440571308136,"1.58,1.03,1.15,1.54,2.14,2.05,2.02,1.9","3.22,2.42,2.02,1.94,1.89,1.8,1.71,1.7","0.00433,-0.000209,-0.00262,-0.0141,0.0146,-0.00304,-0.00708,0.00748","0,0,0,-0.0123,0.0123,0,-0.0123,0.0123","0,0,0,-0.018,0.0226,0,0,0",0.09716796875,0.08303410559892654,1,0.4602251648902893,0.05047391355037689
18,down_proj,gptq,5120,13824,0,0.0020056689227068865,0.0015177126283998843,933.3491592761784,0.029612292690576743,2912.2080078125,1950.81396484375,41.11700439453125,76.21270751953125,66.55030822753906,59.19371795654297,0.3298451602458954,932.8058471679688,0.06351465731859207,"4865,7322,1440,2982,13195,990,9069,1935,358,3265,6040,9731,11041,12334,12278,9155",79.40444946289062,,,,,0,34.937255859375,30.658634185791016,37.21476745605469,33.15225601196289,"1.107,1.110,1.185,1.024,1.058,1.108,1.324,1.153",9987.8330078125,10837.4794921875,"7097,1.612e+04,439.2,9040,8646,9706,1.713e+04,1.173e+04",13.986169815063477,15.273481369018555,"12.46,19.04,3.031,14.36,14.03,14.88,17.73,16.36","4.933,7.508,1.252,5.463,5.462,5.897,7.732,6.558","4.689,7.125,1.15,5.398,5.309,5.603,6.72,6.109",3094,0.006126824300736189,2017,0.0033356354106217623,"10208,12744,1269,13472,1623,7216,7978,5543",0.15011002123355865,0.35295411944389343,0.3597412109375,"1.62,1.2,1.34,1.44,1.63,1.53,1.64,1.37","2.59,2.08,1.98,1.67,1.63,1.4,1.39,1.26","-0.0058,0.0967,-0.0083,0.061,0.0214,-0.00647,0.0165,0.0198","0,0,0,0.0735,0,0,0.0401,0.0371","0,0.129,0,0.072,0,0,0.0328,0",0.734375,0.6294642686843872,2,0.4275050163269043,0.17104583978652954
19,q_proj,gptq,5120,5120,0,0.002030487060546875,0.0014738082885742188,415.23055156750274,0.03635479501291093,1122.8736572265625,748.5637817382812,106.95869445800781,349.4096984863281,330.22137451171875,365.48492431640625,0.856727659702301,413.806884765625,0.23794007301330566,"693,4610,157,3388,2099,415,4436,4373,1824,1031,3931,4517,2657,2953,28,4344",389.9362487792969,,,,,0,134.80746459960938,157.26373291015625,138.34814453125,173.39031982421875,"1.498,1.158,1.713,0.637,0.515,0.723,0.966,0.673",3133.9736328125,3447.629150390625,"2646,4232,483.7,2776,3089,3544,4976,3325",31.329532623291016,34.33026885986328,"28.35,37.81,8.128,33.08,38.18,35.31,35.04,34.73","13.23,15.55,4.126,10.14,10.46,11.66,13.29,10.94","10.81,14.45,3.153,12.71,14.57,13.71,13.52,13.33",3000,0.010473016649484634,2878,0.008730134926736355,"2099,693,3388,2428,1824,4344,157,4775",0.8455159068107605,0.4677490293979645,0.4756835997104645,"0.876,1.38,1.27,1.42,1.44,1.72,1.51,1.42","14.8,12.1,8.75,6.62,6.03,5.81,5.56,5.5","0.00351,0.00534,-0.00671,-0.0119,-0.0476,-0.0141,-0.0571,0.0234","0,0,0,0,-0.0698,0,-0.0698,0","0,0,0,0,-0.0396,0,-0.0645,0",0.244140625,0.2092633992433548,8,1.070449709892273,0.29407909512519836
19,k_proj,gptq,1024,5120,0,0.00204620361328125,0.001459503173828125,111.79439935766784,0.0369260704030901,299.8655700683594,201.38848876953125,28.683298110961914,98.14814758300781,86.96409606933594,102.21011352539062,0.856727659702301,111.2860107421875,0.22769245505332947,"693,4610,157,3388,2099,1824,4436,415,4373,4517,2953,3931,1031,2657,28,2797",389.9362487792969,,,,,0,34.82612991333008,45.68157958984375,35.4622802734375,47.32286834716797,"1.335,0.925,1.654,0.533,0.466,0.635,0.917,0.660",3133.9736328125,3447.629150390625,"2646,4232,483.7,2776,3089,3544,4976,3325",31.329532623291016,34.33026885986328,"28.35,37.81,8.128,33.08,38.18,35.31,35.04,34.73","6.789,7.74,2.052,5.203,5.288,5.613,7.005,5.727","5.875,8.047,1.595,7.128,7.744,7.044,7.316,7.051",638,0.03962569683790207,633,0.02414417639374733,"2099,693,3388,2428,1824,4344,157,4775",0.813581109046936,0.4024658203125,0.4071044921875,"0.729,0.766,0.795,0.99,1.05,0.72,0.898,0.84","14.8,12.1,8.75,6.62,6.03,5.81,5.56,5.5","-0.00775,0.0159,-0.0137,0.0603,0.0396,0.00467,-0.041,0.00687","0,0,0,0.096,0.096,0,0,0","0,0,0,0.043,0.0525,0,-0.0667,0",0.33984375,0.36251717805862427,1,1.0525977611541748,0.5645921230316162
19,v_proj,gptq,1024,5120,0,0.0019989013671875,0.001458740234375,42.38257601782182,0.022909139269274636,153.27923583984375,112.1544418334961,13.669187545776367,43.01946258544922,28.24323272705078,44.842891693115234,0.856727659702301,42.2337646484375,0.09115706384181976,"693,4610,157,3388,2099,415,4436,1824,1031,4373,3931,4517,2797,28,2657,2953",389.9362487792969,,,,,0,12.444145202636719,19.649608612060547,13.609278678894043,22.602344512939453,"0.854,0.707,1.243,0.584,0.444,0.547,0.780,0.557",3133.9736328125,3447.629150390625,"2646,4232,483.7,2776,3089,3544,4976,3325",31.329532623291016,34.33026885986328,"28.35,37.81,8.128,33.08,38.18,35.31,35.04,34.73","3.5,4.309,1.289,3.314,3.349,3.606,4.37,3.575","3.787,5.123,1.157,4.336,5.028,4.875,4.949,4.789",849,0.011979562230408192,256,0.015907345339655876,"2099,693,3388,2428,1824,4344,157,4775",0.3010353446006775,0.59130859375,0.81298828125,"0.171,0.182,0.22,0.287,0.261,0.241,0.243,0.287","14.8,12.1,8.75,6.62,6.03,5.81,5.56,5.5","0.00562,0.000414,0.00345,-0.0016,0.00516,-0.00348,0.00217,-0.00117","0,0,0,0,0,0,0,0","0,0,0,0,0,0,0,0",0.095703125,0.10925228148698807,1,0.36652085185050964,0.02890242636203766
19,o_proj,gptq,5120,5120,0,0.0020782089233398436,0.0014572525024414062,326.58691528505733,0.03493582132706904,942.0909423828125,537.60986328125,9.650079727172852,33.03046417236328,43.000057220458984,60.36767578125,0.6403772234916687,325.93145751953125,0.08546215295791626,"3131,803,1059,2619,1187,931,675,3003,2535,2151,5036,750,878,3247,2407,4524",73.69064331054688,,,,,0,26.328144073486328,37.12017822265625,16.80499267578125,28.533248901367188,"0.693,0.678,0.746,0.828,0.810,0.695,0.729,0.676",14799.5556640625,7359.47509765625,"3.918e+04,4.217e+04,4452,8046,7053,4847,6247,6396",17.38031005859375,16.484188079833984,"28.98,30.56,10.32,14.66,14.07,11.76,14.18,14.53","7.805,8.181,2.926,4.309,4.017,3.173,3.837,3.837","9.375,9.937,3.388,4.736,4.464,3.807,4.496,4.668",4675,0.00897917989641428,3799,0.0033444068394601345,"2619,2653,577,2573,2604,3131,2875,2747",0.15637235343456268,0.4010009765625,0.37158203125,"0.947,1.15,1.36,0.88,1.06,1.31,1.09,1.25","3.56,2.3,1.63,1.58,1.38,1.26,1.24,1.24","-0.00873,-0.014,-0.0197,-0.238,-0.0874,-0.0425,-0.0645,-0.166","0,0,0,-0.29,-0.0775,0,0,-0.145","0,0,0,-0.192,-0.096,-0.034,-0.0699,-0.19",0.5078125,0.5803571939468384,1,0.380653977394104,0.03583502769470215
19,gate_proj,gptq,13824,5120,0,0.002049114086009838,0.0014870961507161458,586.1513556535647,0.019082909477103817,2435.583984375,1882.25341796875,200.61575317382812,398.81329345703125,361.5691833496094,378.46844482421875,0.8219380974769592,585.5185546875,0.10729766637086868,"11,4610,1307,2950,228,4020,4938,3593,4675,2657,655,2099,3850,1093,3553,2468",118.5238265991211,,,,,0,182.53013610839844,185.59275817871094,187.9223175048828,201.0117645263672,"1.041,1.002,1.528,0.887,0.895,0.912,1.061,0.900",3830.03955078125,4141.5361328125,"3396,5140,767.5,3363,3807,4192,5975,4000",22.00733184814453,23.364032745361328,"20.78,25.29,12.6,21.41,22.7,23.79,25.93,23.56","12.92,15.5,9.501,12.3,13.04,13.88,16.29,13.53","12.67,15.48,7.687,13.06,13.79,14.54,15.81,14.26",11892,0.002612452954053879,2820,0.0017063759732991457,"2099,228,4775,4610,3593,2428,693,4597",0.11876137554645538,0.32335972785949707,0.2928331196308136,"2.93,2.84,2.57,3.13,3.19,2.42,2.44,2.99","3.62,2.72,1.96,1.93,1.93,1.9,1.78,1.66","0.0635,-0.0189,-0.0747,-0.0613,-0.028,-0.143,-0.083,-0.0315","0.0586,0,-0.0586,-0.0586,0,-0.117,-0.0586,-0.0586","0.0787,-0.0345,-0.0684,-0.0485,-0.0237,-0.126,-0.0879,-0.0328",0.205078125,0.189512237906456,1,0.6666020154953003,0.3340098261833191
19,up_proj,gptq,13824,5120,0,0.0020364408139829284,0.001505138255931713,586.7351767373184,0.018233149845013886,2523.0986328125,1969.713623046875,209.50466918945312,403.81781005859375,361.8258056640625,387.660888671875,0.8219380974769592,586.1483154296875,0.0696241557598114,"11,4610,1307,2950,228,4020,4938,3593,4675,2657,655,2099,1093,3850,3553,2468",118.5238265991211,,,,,0,180.30015563964844,188.2379150390625,187.937744140625,207.14442443847656,"1.002,0.996,1.187,0.896,0.902,0.897,1.060,0.859",3830.03955078125,4141.5361328125,"3396,5140,767.5,3363,3807,4192,5975,4000",22.00733184814453,23.364032745361328,"20.78,25.29,12.6,21.41,22.7,23.79,25.93,23.56","12.75,15.48,8.297,12.3,13.25,13.81,16.41,13.59","12.74,15.51,7.616,13,13.95,14.59,15.94,14.66",246,0.0019428638042882085,11844,0.0021413834765553474,"2099,228,4775,4610,3593,2428,693,4597",0.07606642693281174,0.5414677262306213,0.6037326455116272,"1.47,0.957,1.96,1.12,1.48,2.13,1.95,1.85","3.62,2.72,1.96,1.93,1.93,1.9,1.78,1.66","0.014,-0.00952,0.00983,0.00592,0.00443,-0.00261,-0.0027,0.00415","0.0161,-0.0161,0.0161,0,0,-0.0161,0,0","0.0195,-0.0172,0.0161,0,0,0,0,0",0.1923828125,0.17129431664943695,1,0.5839991569519043,0.015309188514947891
19,down_proj,gptq,5120,13824,0,0.002003818088107639,0.0015057457817925347,952.4547378553964,0.03039552623147142,2979.093017578125,2000.003662109375,42.764869689941406,80.768798828125,67.81468200683594,59.37122344970703,0.12966550886631012,952.6644897460938,0.06607387214899063,"12114,1669,8282,4135,9427,9916,1445,5459,1592,6764,6004,300,7285,9773,2150,8834",160.7314910888672,,,,,0,35.42176055908203,30.136417388916016,39.723106384277344,33.98573684692383,"1.239,1.191,0.991,1.041,1.074,1.167,1.320,1.111",10034.2451171875,11426.0859375,"8778,1.754e+04,418.6,7428,8521,9822,1.701e+04,1.075e+04",13.665430068969727,15.455116271972656,"13.23,18.98,3.018,13.2,13.95,14.43,17.38,15.13","5.657,7.939,1.171,5.117,5.515,5.949,7.646,6.044","5.081,7.275,1.177,5.014,5.321,5.506,6.656,5.735",4675,0.016204912215471268,5035,0.0033519689459353685,"1557,1812,3793,12827,1516,12832,1592,12759",0.18796588480472565,0.3521728515625,0.3519043028354645,"1.62,1.46,1.56,1.36,1.58,1.14,1.41,1.48","3.58,2.67,1.62,1.45,1.32,1.3,1.27,1.24","0.026,0.00549,-0.0618,-0.0189,-0.123,-0.15,-0.00766,0.0216","0,0,-0.0596,0,-0.154,-0.163,0,0","0,0,-0.0455,0,-0.151,-0.142,0,0",0.859375,0.8705357313156128,1,0.7020298838615417,0.20305010676383972
20,q_proj,gptq,5120,5120,0,0.002028656005859375,0.0014795684814453126,446.8411069989919,0.03751647156788174,1181.690185546875,781.36865234375,102.25881958007812,345.93353271484375,333.8935241699219,375.09332275390625,0.8583909273147583,444.7639465332031,0.24732983112335205,"693,4610,157,3388,2099,4436,3931,2657,2953,1031,3653,4517,2950,228,415,4344",494.48931884765625,,,,,0,132.149658203125,164.45974731445312,135.01123046875,179.73126220703125,"1.170,0.921,1.642,0.616,0.517,0.722,1.010,0.667",3051.87158203125,3355.9306640625,"2989,4238,471.9,2625,2882,3168,4997,3044",31.52080535888672,34.195377349853516,"30.94,39.68,7.805,34.31,37.57,33.44,34.48,33.95","13.32,15.13,3.919,10.28,10.39,11.06,13.52,10.82","12.31,15.77,3.058,13.1,14.45,13.02,13.45,13.24",2042,0.01316085085272789,2044,0.010853354819118977,"2099,693,3388,2428,4344,228,4775,4517",0.7984662055969238,0.505786120891571,0.519946277141571,"0.873,1.35,1.23,1.33,1.63,0.892,1.36,1.41","16,12.5,8.56,7.19,5.5,5.34,5.06,5.03","0.0464,-0.00867,0.0153,0.0479,-0.0317,0.0222,-0.0287,-0.0664","0.091,0,0,0.091,0,0,0,-0.091","0.0438,0,0,0.0681,-0.0502,0.0243,-0.0511,-0.0732",0.318359375,0.2728794813156128,6,1.1917451620101929,0.7569934725761414
20,k_proj,gptq,1024,5120,0,0.0020519256591796874,0.0014469146728515625,135.34886637710161,0.04357023680790167,337.3045349121094,222.362548828125,29.985271453857422,106.1451416015625,108.65330505371094,114.97650146484375,0.8583909273147583,135.13230895996094,0.25835010409355164,"693,4610,3388,157,2099,3653,4436,1031,2950,2953,3931,1824,4517,1696,4373,415",494.48931884765625,,,,,0,41.08940887451172,51.347267150878906,45.925811767578125,56.82231140136719,"1.301,0.907,1.870,0.504,0.463,0.723,1.060,0.743",3051.87158203125,3355.9306640625,"2989,4238,471.9,2625,2882,3168,4997,3044",31.52080535888672,34.195377349853516,"30.94,39.68,7.805,34.31,37.57,33.44,34.48,33.95","7.571,8.268,2.182,5.295,5.598,6.266,7.536,6.545","6.638,8.681,1.596,7.46,8.222,7.371,7.319,7.593",446,0.05267821624875069,510,0.02214718982577324,"2099,693,3388,2428,4344,228,4775,4517",0.9098241925239563,0.422607421875,0.414794921875,"0.776,0.829,0.895,1.03,0.785,0.669,0.94,0.907","16,12.5,8.56,7.19,5.5,5.34,5.06,5.03","0.00995,0.0201,-0.0137,-0.0459,0.0234,0.0249,0.000125,0.0298","0,0,0,-0.0703,0,0,0,0","0,0,0,-0.0541,0,0,0,0.0318",0.361328125,0.315534770488739,2,1.2847557067871094,0.5839956998825073
20,v_proj,gptq,1024,5120,0,0.002027130126953125,0.001445770263671875,44.80066524178161,0.025003818606617434,156.11593627929688,113.39244079589844,12.405808448791504,41.40910720825195,26.1400146484375,41.88255310058594,0.8583909273147583,44.643096923828125,0.09659672528505325,"693,4610,157,3388,2099,4436,2950,2953,3653,2657,4517,1031,4344,3931,415,1824",494.48931884765625,,,,,0,11.333490371704102,18.689586639404297,12.768508911132812,20.704212188720703,"0.702,0.585,1.247,0.522,0.476,0.567,0.784,0.569",3051.87158203125,3355.9306640625,"2989,4238,471.9,2625,2882,3168,4997,3044",31.52080535888672,34.195377349853516,"30.94,39.68,7.805,34.31,37.57,33.44,34.48,33.95","3.515,4.014,1.221,3.109,3.263,3.299,4.271,3.358","4.194,5.25,1.093,4.304,4.731,4.382,4.822,4.45",135,0.010383794084191322,420,0.01181123312562704,"2099,693,3388,2428,4344,228,4775,4517",0.3517005741596222,0.5689697265625,0.803955078125,"0.179,0.216,0.248,0.3,0.288,0.215,0.287,0.304","16,12.5,8.56,7.19,5.5,5.34,5.06,5.03","-0.00021,-0.0216,-0.0311,-0.043,-0.0244,0.0173,-0.00284,-0.0115","0,-0.0157,-0.0314,-0.0471,-0.0314,0.0157,0,-0.0157","0,-0.0261,-0.0293,-0.0383,-0.0174,0.0133,0,-0.0209",0.0732421875,0.06696728616952896,1,0.3325146734714508,0.23435434699058533
20,o_proj,gptq,5120,5120,0,0.002071685791015625,0.0014401626586914061,318.2220979929989,0.03455676709718627,919.0599365234375,527.3201904296875,13.03832721710205,40.358604431152344,32.60957336425781,55.36642837524414,0.5842499136924744,317.52520751953125,0.06478063017129898,"1034,906,1162,4395,3989,778,650,4117,3861,4245,3387,3070,3259,2686,3515,3643",86.48465728759766,,,,,0,23.641496658325195,41.46989059448242,11.913538932800293,20.730030059814453,"0.555,0.541,0.613,0.615,0.603,0.680,0.649,0.635",8358.4345703125,3604.5087890625,"2.263e+04,2.709e+04,2095,3951,2490,2654,2677,3289",17.673662185668945,14.602058410644531,"32.8,36.43,9.723,14.31,11.71,11.59,12.06,12.78","7.806,8.484,2.46,3.582,2.879,3.027,3.058,3.245","10.48,11.53,3.143,4.567,3.707,3.672,3.797,4.073",4675,0.01166445855051279,3094,0.012139220722019672,"4448,4449,4411,4366,4400,4395,4362,4367",0.14170539379119873,0.37236329913139343,0.3492187559604645,"1.1,1.22,1.24,1.24,1.22,0.719,1.22,1.27","1.42,1.27,1.27,1.19,1.15,1.07,1.04,0.895","-0.0209,0.0659,0.116,0.307,0.00763,-0.112,-0.083,-0.118","0,0,0.153,0.353,0,-0.176,0,-0.153","0,0,0.176,0.353,0,-0.176,0,-0.176",0.6171875,0.5290179252624512,3,0.31094297766685486,0.17168107628822327
20,gate_proj,gptq,13824,5120,0,0.002026282416449653,0.0014747902199074073,582.9993515572569,0.01967322516246072,2361.946533203125,1811.447998046875,180.69366455078125,361.2645568847656,325.58917236328125,338.02313232421875,0.8228740096092224,582.5491333007812,0.11607912927865982,"11,4610,1307,2950,228,2099,4020,4938,655,3593,2657,1093,3553,2710,1466,2468",115.2637710571289,,,,,0,166.32015991210938,166.5911865234375,167.34654235839844,181.92977905273438,"1.139,1.027,1.545,0.846,0.852,0.907,1.097,0.912",3779.00830078125,4081.121826171875,"3715,5074,780.9,3236,3502,3922,6123,3879",21.19283676147461,22.426464080810547,"20.58,24.46,12.25,20.71,21.53,22.25,25.44,22.32","13.08,14.83,9.187,11.49,11.95,12.76,15.95,12.78","12.26,14.63,7.391,12.49,12.94,13.4,15.22,13.38",6911,0.0029627934563905,13788,0.0023325078655034304,"2099,228,2428,693,4775,4610,3593,1466",0.14801982045173645,0.32699471712112427,0.29846644401550293,"2.88,2.71,2.35,2.39,2.5,3.05,3.16,2.96","4.72,2.39,2.23,2.16,1.96,1.81,1.8,1.6","0.0137,-0.008,-0.00418,-0.00374,0.0145,0.0444,0.0147,-9.25e-05","0,0,0,0,0,0.0371,0,0","0,0,0,0,0,0.0371,0,0",0.2314453125,0.25441014766693115,1,0.650356650352478,0.13931003212928772
20,up_proj,gptq,13824,5120,0,0.002034476951316551,0.001507709644458912,615.6820123474754,0.018788044372030067,2578.8095703125,2000.7509765625,198.70004272460938,384.40911865234375,342.4447937011719,364.9666748046875,0.8228740096092224,615.2291259765625,0.07780825346708298,"11,4610,1307,2950,228,2099,4020,4938,655,3593,2657,1093,2710,3553,1466,693",115.2637710571289,,,,,0,171.4747314453125,180.20425415039062,179.14181518554688,196.88201904296875,"1.017,0.955,1.180,0.864,0.863,0.869,1.100,0.873",3779.00830078125,4081.121826171875,"3715,5074,780.9,3236,3502,3922,6123,3879",21.19283676147461,22.426464080810547,"20.58,24.46,12.25,20.71,21.53,22.25,25.44,22.32","13.02,15.01,8.176,11.92,12.55,12.93,16.53,13.04","12.91,15.35,7.526,12.82,13.51,13.87,15.76,13.96",2810,0.0014832083834335208,205,0.0016049265395849943,"2099,228,2428,693,4775,4610,3593,1466",0.09798365086317062,0.5583134293556213,0.6112015247344971,"1.46,1.02,2.14,1.92,1.96,1.16,1.5,1.64","4.72,2.39,2.23,2.16,1.96,1.81,1.8,1.6","-0.0439,0.00717,0.05,0.137,-0.0369,-0.0299,-0.0184,0.00781","-0.0898,0,0,0.0898,0,0,0,0","-0.0444,0,0.0508,0.117,-0.0469,-0.0308,-0.0308,0.01",0.40234375,0.3204384446144104,1,0.4834652841091156,0.17456868290901184
20,down_proj,gptq,5120,13824,0,0.002002574779369213,0.001514576099537037,1006.8017591697626,0.03164778647038019,3068.931640625,2045.251220703125,42.5412712097168,78.68429565429688,66.4300765991211,66.44799041748047,0.5897058844566345,1006.5008544921875,0.13258269429206848,"9651,5069,12363,10156,12630,7472,13304,10482,500,13708,4985,3327,9022,6379,6768,12351",77.733154296875,,,,,0,36.89247131347656,34.44966125488281,34.93971252441406,36.1141357421875,"1.164,1.097,1.268,1.058,1.025,0.972,1.191,0.909",9703.8349609375,9596.77734375,"1.017e+04,1.945e+04,374,7607,7240,8669,1.521e+04,8906",14.460479736328125,15.37607192993164,"15.05,21.52,2.561,13.38,13.4,15.48,18.58,15.71","6.213,8.55,1.132,5.236,5.174,5.888,7.714,5.812","5.758,8.163,1.005,5.09,5.11,5.972,7.069,6.094",3094,0.005229789298027754,3032,0.00378655013628304,"9022,1771,4391,10156,10080,79,13252,1495",0.1568816900253296,0.3727783262729645,0.3750976622104645,"1.4,1.67,1.53,1.56,1.68,1.34,1.46,1.4","2.23,2.08,1.69,1.63,1.51,1.38,1.3,1.3","-0.0486,-0.00995,0.0356,-0.00546,0.0713,0.0752,0.033,0.033","0,0,0,0,0.0637,0.112,0,0","-0.0748,0,0.0527,0,0.0658,0.0815,0.034,0.0483",0.90625,0.7767857909202576,2,0.3741912245750427,0.285391628742218
21,q_proj,gptq,5120,5120,0,0.00203369140625,0.0014807510375976563,374.1174944404753,0.030465249981037303,1110.6734619140625,750.59033203125,92.6282730102539,292.10662841796875,280.2583923339844,317.0498962402344,0.8422500491142273,373.2923583984375,0.24776877462863922,"693,4610,157,2099,3388,4344,2953,228,2657,1031,784,28,4373,3931,3089,2950",643.9725952148438,,,,,0,109.9637451171875,145.62435913085938,118.07194519042969,148.75633239746094,"1.022,0.813,1.675,0.566,0.514,0.735,0.915,0.663",3178.1455078125,3437.197021484375,"3261,4486,515.3,2814,2903,3292,4876,3279",30.73632049560547,32.26317596435547,"32.2,39.61,8.392,33.08,36.31,31.38,31.76,33.15","12.52,13.62,4.116,9.18,9.511,10.14,11.83,10.15","12.38,15.11,3.181,12.21,13.27,11.83,12.37,12.47",3768,0.004341092426329851,3831,0.0038708155043423176,"2099,693,3388,4344,2428,157,228,4775",0.862661600112915,0.560620129108429,0.5523437857627869,"0.741,1.31,1.15,1.6,1.25,1.42,0.81,1.31","18,13.6,8.69,6.66,6.31,5.19,4.72,3.8","-0.0245,-0.0266,0.0225,0.0432,0.00677,0.0183,-0.00201,0.0137","-0.0333,-0.0333,0.0333,0.0333,0,0.0333,0,0.0333","-0.0399,-0.0332,0.0223,0.0332,0,0.0239,0,0.0197",0.1396484375,0.1333705484867096,1,0.6266281604766846,0.5310295224189758
21,k_proj,gptq,1024,5120,0,0.00204010009765625,0.001468658447265625,112.53631570772734,0.03272793523684249,326.12744140625,217.95590209960938,27.314105987548828,92.83430480957031,89.61788940429688,96.28763580322266,0.8422500491142273,112.32610321044922,0.2534560263156891,"693,4610,2099,157,3388,228,2657,4344,2953,1031,2950,784,3931,1824,4373,28",643.9725952148438,,,,,0,34.47083282470703,43.927940368652344,36.421241760253906,44.562442779541016,"1.131,0.880,1.718,0.551,0.495,0.681,0.960,0.743",3178.1455078125,3437.197021484375,"3261,4486,515.3,2814,2903,3292,4876,3279",30.73632049560547,32.26317596435547,"32.2,39.61,8.392,33.08,36.31,31.38,31.76,33.15","7.116,7.774,2.284,5.054,5.175,5.513,6.629,5.728","6.69,8.286,1.743,6.807,7.355,6.68,6.764,6.646",440,0.012620062567293644,883,0.022012289613485336,"2099,693,3388,4344,2428,157,228,4775",0.9383990168571472,0.4962158203125,0.4566650390625,"0.746,0.81,0.822,0.782,1.05,0.914,0.628,0.956","18,13.6,8.69,6.66,6.31,5.19,4.72,3.8","0.0544,0.1,-0.0674,0.00543,-0.0366,0.0122,0.017,-0.0371","0.058,0.116,-0.058,0,-0.058,0,0,-0.058","0.0513,0.114,-0.065,0,-0.0301,0,0.0255,-0.031",0.203125,0.2321428656578064,1,0.5813142657279968,0.12384820729494095
21,v_proj,gptq,1024,5120,0,0.0020349502563476564,0.0014326095581054688,44.8925068184971,0.025768961571220238,150.5193328857422,105.71363067626953,12.442071914672852,34.716590881347656,26.854307174682617,36.841224670410156,0.8422500491142273,44.84218215942383,0.13604934513568878,"693,4610,157,2099,3388,228,2953,2657,1031,4344,3931,784,4373,28,1824,2797",643.9725952148438,,,,,0,11.52920913696289,16.881816864013672,12.377954483032227,18.164588928222656,"0.801,0.644,1.367,0.626,0.535,0.714,0.806,0.628",3178.1455078125,3437.197021484375,"3261,4486,515.3,2814,2903,3292,4876,3279",30.73632049560547,32.26317596435547,"32.2,39.61,8.392,33.08,36.31,31.38,31.76,33.15","3.704,4.141,1.304,3.201,3.172,3.435,3.968,3.436","4.139,5.162,1.116,4.047,4.334,4.066,4.419,4.337",67,0.011154410429298878,983,0.011719929985702038,"2099,693,3388,4344,2428,157,228,4775",0.5110058784484863,0.7491455078125,0.82373046875,"0.192,0.198,0.189,0.257,0.326,0.264,0.24,0.318","18,13.6,8.69,6.66,6.31,5.19,4.72,3.8","-0.00323,0.00221,0.000679,-0.000889,-0.00302,0.00616,-0.0061,-0.0115","0,0,0,0,0,0,0,-0.0147","0,0,0,0,0,0,0,-0.0144",0.09912109375,0.10621525347232819,1,0.3349658250808716,0.10756593942642212
21,o_proj,gptq,5120,5120,0,0.002073211669921875,0.0014491653442382812,295.1850730794831,0.031765801252914776,871.5309448242188,532.8709716796875,12.071124076843262,44.623268127441406,34.48030090332031,72.86796569824219,0.4981394410133362,294.70556640625,0.05894874036312103,"3258,3642,3514,3770,3987,4115,4243,3386,4371,2272,3859,2820,3076,2528,3184,2400",41.17498779296875,,,,,0,21.217803955078125,44.94157028198242,14.161701202392578,32.23990249633789,"0.443,0.425,0.558,0.515,0.566,0.515,0.555,0.498",7166.21728515625,4737.3349609375,"1.517e+04,1.663e+04,2104,6455,4162,3820,4010,4976",19.616519927978516,17.820465087890625,"31.48,33.85,10.12,19.77,15.22,14.68,14.18,17.63","6.608,6.964,2.498,4.49,3.624,3.322,3.376,3.95","9.924,10.69,3.343,6.255,4.818,4.631,4.533,5.597",4675,0.004143575206398964,628,0.0032758298330008984,"3569,3499,3313,3243,4162,4883,3550,2924",0.1797877550125122,0.35004884004592896,0.3709960877895355,"1.2,1.25,1.18,1.08,1.27,1.07,1.18,1.22","1.71,1.63,1.59,1.47,1.38,1.33,1.3,1.27","0.0869,0.157,-0.0664,0.0166,-0.0491,0.428,-0.234,-0.0439","0.174,0.174,-0.11,0,0,0.348,-0.219,0","0.1,0.201,-0.0787,0,-0.0725,0.393,-0.201,-0.0463",0.6875,0.7806330919265747,1,0.23330409824848175,0.004296049475669861
21,gate_proj,gptq,13824,5120,0,0.0020478425202546295,0.0014860930266203704,575.4197507004719,0.019786876199838786,2317.326904296875,1784.270263671875,178.72137451171875,359.16778564453125,318.8900146484375,329.93597412109375,0.8272988796234131,574.7381591796875,0.11622396111488342,"11,4610,1307,2950,228,4938,2099,655,4020,3593,693,3553,1093,2468,2710,1466",88.04717254638672,,,,,0,163.97036743164062,168.10488891601562,166.02450561523438,178.06146240234375,"1.032,0.988,1.607,0.837,0.831,0.897,1.092,0.883",3753.085693359375,4083.699951171875,"3912,5154,812.9,3332,3438,3743,5739,3893",21.576257705688477,22.419612884521484,"22.07,25.29,13.19,21.41,21.66,21.88,24.66,22.44","13.43,14.95,9.868,11.59,11.71,12.32,15.22,12.47","13.22,15.04,7.784,12.67,12.84,13.01,14.56,13.27",7750,0.0017241283785551786,9385,0.0021151211112737656,"2099,693,2428,228,4775,3593,3388,4938",0.1429276317358017,0.35775643587112427,0.32618090510368347,"2.87,2.27,2.42,2.7,2.48,3.1,2.18,3.22","4.69,2.72,2.2,2.09,1.9,1.74,1.67,1.66","-0.0231,0.268,0.063,-0.0559,0.0723,0.0233,0.578,0.014","0,0.33,0.165,0,0,0,0.496,0","-0.0155,0.229,0.0511,-0.0636,0.0808,0.0202,0.496,0.0236",0.578125,0.4955357313156128,1,0.48620283603668213,0.17240628600120544
21,up_proj,gptq,13824,5120,0,0.0020300123426649306,0.001503894947193287,616.3463249593042,0.018937491343726666,2554.45458984375,1981.170654296875,197.8187255859375,385.1767578125,336.6753845214844,360.28363037109375,0.8272988796234131,615.7904052734375,0.07788015902042389,"11,4610,1307,2950,228,2099,4938,655,4020,3593,693,1093,3553,2710,1466,2468",88.04717254638672,,,,,0,172.04281616210938,183.6688232421875,179.56573486328125,195.8087158203125,"0.966,0.946,1.203,0.814,0.820,0.916,1.079,0.881",3753.085693359375,4083.699951171875,"3912,5154,812.9,3332,3438,3743,5739,3893",21.576257705688477,22.419612884521484,"22.07,25.29,13.19,21.41,21.66,21.88,24.66,22.44","13.45,15.21,8.813,12.03,12.18,12.94,15.84,13.22","13.68,15.64,8.036,13.33,13.46,13.52,15.25,14.09",13380,0.001772083225660026,8003,0.0017403744859620929,"2099,693,2428,228,4775,3593,3388,4938",0.09598303586244583,0.5724193453788757,0.6229473948478699,"1.35,1.79,2.05,0.921,1.9,1.5,1.83,1.29","4.69,2.72,2.2,2.09,1.9,1.74,1.67,1.66","0.025,-0.0269,-0.102,-0.00745,0.0947,0.0125,0.0203,-0.00958","0.0371,-0.0371,-0.111,0,0.0742,0,0,0","0.0188,-0.0326,-0.0871,-0.0148,0.0812,0.0168,0.0268,-0.0155",0.1298828125,0.111328125,5,0.5129256844520569,0.009279887191951275
21,down_proj,gptq,5120,13824,0,0.0019995512785734955,0.0015144206859447338,902.0374646071577,0.028486541514349557,2944.73193359375,2024.0477294921875,39.753318786621094,71.84437561035156,57.28728485107422,54.38324737548828,0.6060213446617126,901.5597534179688,0.06559743732213974,"11493,2872,10710,13753,4500,583,949,8172,7415,12382,13754,8993,7512,9688,6729,9477",77.98551940917969,,,,,0,33.4180908203125,32.31477355957031,32.23423385620117,28.39104461669922,"0.860,0.989,1.111,1.062,1.007,1.080,1.204,1.078",10166.02734375,10113.908203125,"9334,1.838e+04,414.8,1.045e+04,7821,9993,1.474e+04,1.02e+04",14.001993179321289,13.892566680908203,"15.95,20.6,2.76,15.01,12.9,14.18,16.2,14.41","5.818,7.87,1.136,5.809,4.969,5.638,6.846,5.759","6.274,7.912,1.078,5.636,4.951,5.424,6.239,5.546",4675,0.012286565266549587,4675,0.01730245165526867,"12801,582,3676,4740,5511,9099,6221,2629",0.09903503209352493,0.3523193299770355,0.35595703125,"1.39,1.68,1.55,1.27,1.26,1.68,1.35,1.6","2.19,1.44,1.32,1.25,1.16,1.16,1.12,1.1","-0.0275,-0.00674,-0.00818,0.416,-0.085,0.0322,0.129,0.00359","0,0,0,0.278,-0.0569,0,0.182,0","0,0,0,0.357,0,0,0.138,0",0.97265625,0.8337054252624512,6,0.5507829189300537,0.6513045430183411
22,q_proj,gptq,5120,5120,0,0.0020337295532226562,0.0014707183837890626,357.07326291326063,0.030566403485161396,1055.0516357421875,706.9508056640625,104.06639099121094,310.5173645019531,301.7772216796875,345.42755126953125,0.8054283857345581,356.4110107421875,0.2543397545814514,"693,157,3388,2099,4610,2953,4344,1031,1824,3931,2428,28,2657,228,2673,3089",510.6744079589844,,,,,0,128.73541259765625,175.59112548828125,130.94554138183594,168.3695831298828,"0.985,0.808,1.620,0.563,0.483,0.656,0.927,0.660",3238.75146484375,3490.456787109375,"3631,4552,518.8,2993,2922,3288,4545,3460",34.370330810546875,35.36899948120117,"38.62,44.39,8.759,37.36,39.74,34.7,33.74,37.65","14.26,14.86,4.176,10.3,10.11,10.4,11.95,11.35","14.37,16.53,3.281,13.73,14.56,12.84,12.41,13.96",1211,0.018921665847301483,564,0.004833801183849573,"693,2099,3388,4344,2428,157,1824,4775",1.0051231384277344,0.5259033441543579,0.527587890625,"1.27,0.749,1.11,1.51,1.27,1.45,1.25,1.25","18,16.9,10.4,8.31,8.25,5.47,4.59,3.92","0.0194,0.0278,-0.00209,-0.0172,-0.0388,0.000755,0.0698,0.0137","0,0,0,0,-0.0608,0,0.0608,0","0.0255,0.048,0,0,-0.0382,0,0.0469,0",0.2451171875,0.23076725006103516,1,1.3911279439926147,0.7599570751190186
22,k_proj,gptq,1024,5120,0,0.0020526885986328126,0.001477813720703125,113.15541853569704,0.037181808748726376,307.40521240234375,201.42977905273438,30.50498390197754,98.07373046875,103.81974792480469,113.56826782226562,0.8054283857345581,113.08218383789062,0.3130037784576416,"693,3388,2099,157,4610,2953,4344,1824,2428,1031,3931,28,2657,228,2673,3799",510.6744079589844,,,,,0,42.57268524169922,57.44597625732422,40.667762756347656,56.17245101928711,"1.117,0.887,1.715,0.523,0.501,0.599,0.821,0.604",3238.75146484375,3490.456787109375,"3631,4552,518.8,2993,2922,3288,4545,3460",34.370330810546875,35.36899948120117,"38.62,44.39,8.759,37.36,39.74,34.7,33.74,37.65","8.714,8.849,2.401,5.777,5.761,5.69,6.642,6.126","8.246,9.394,1.834,7.989,8.142,7.35,7.331,7.88",1014,0.026148350909352303,317,0.02137749455869198,"693,2099,3388,4344,2428,157,1824,4775",1.2599824666976929,0.4425048828125,0.38623046875,"0.866,0.905,0.953,0.904,1.07,1.01,1.16,1.06","18,16.9,10.4,8.31,8.25,5.47,4.59,3.92","0.0144,0.000572,-0.0342,0.0659,-0.0359,-0.0391,0.0461,0.0508","0,0,-0.0575,0.0575,-0.0575,-0.0575,0.0575,0.0575","0,0,-0.0319,0.046,-0.0283,-0.0382,0.0326,0.0583",0.201171875,0.1862010508775711,1,0.9316555261611938,0.19862957298755646
22,v_proj,gptq,1024,5120,0,0.0020111083984375,0.001470184326171875,54.70350816766454,0.027893480755551942,188.61032104492188,135.99032592773438,18.465633392333984,44.23008728027344,35.19931411743164,45.98677062988281,0.8054283857345581,54.57807922363281,0.09549622982740402,"693,157,4610,3388,2099,2953,1824,1031,2428,4344,3931,2657,228,28,415,2673",510.6744079589844,,,,,0,16.488489151000977,23.00436019897461,17.613401412963867,23.77195930480957,"0.821,0.743,1.296,0.680,0.608,0.664,0.805,0.616",3238.75146484375,3490.456787109375,"3631,4552,518.8,2993,2922,3288,4545,3460",34.370330810546875,35.36899948120117,"38.62,44.39,8.759,37.36,39.74,34.7,33.74,37.65","4.703,5.13,1.5,3.867,3.772,3.946,4.608,3.904","5.191,5.951,1.317,4.69,4.836,4.843,5.135,4.973",814,0.012231148779392242,749,0.014842621982097626,"693,2099,3388,4344,2428,157,1824,4775",0.3127340078353882,0.7967529296875,0.90234375,"0.12,0.128,0.129,0.167,0.206,0.197,0.233,0.252","18,16.9,10.4,8.31,8.25,5.47,4.59,3.92","0.0137,0.0264,0.0015,0.014,-0.0272,0.0583,0.0182,0.0113","0.0167,0.0333,0,0.0167,-0.0333,0.05,0.0167,0","0.0153,0.0266,0,0.0139,-0.0225,0.0544,0.0234,0.0148",0.07666015625,0.09052649885416031,1,0.41715580224990845,0.2565340995788574
22,o_proj,gptq,5120,5120,0,0.002075843811035156,0.0014687347412109374,336.9662123587332,0.03363224045682696,989.08056640625,574.037109375,14.906457901000977,45.63752746582031,43.94683074951172,70.19288635253906,0.5049839615821838,336.1607666015625,0.05110064893960953,"4966,5094,4838,4710,3937,4449,115,4667,4193,371,627,499,2557,4582,2173,4321",28.918373107910156,,,,,0,26.19700050354004,42.28584289550781,19.138813018798828,32.7896842956543,"0.596,0.596,0.652,0.630,0.650,0.684,0.657,0.704",7734.1015625,5172.30322265625,"1.827e+04,2.095e+04,2358,5678,3465,3118,3360,4676",17.7022762298584,16.82486343383789,"29.84,32.1,10.47,16.9,12.47,11.92,13.17,14.75","7.746,8.272,2.829,4.49,3.486,3.336,3.557,4.129","10.04,10.72,3.505,5.658,4.324,4.034,4.387,4.922",3094,0.01166636310517788,4675,0.06487911194562912,"2019,227,4962,4578,2044,4035,146,2403",0.0515068955719471,0.3424316346645355,0.3330322206020355,"1.19,1.47,1.12,1.7,1.26,1.12,1.46,1.41","0.938,0.859,0.824,0.785,0.781,0.75,0.734,0.707","0.00922,-0.0344,0.0104,-0.00269,0.0305,-0.0938,0.0024,0.0422","0,-0.12,0,0,0.0576,-0.0938,0,0","0,-0.0333,0,0,0.0555,-0.0926,0,0.0283",0.42578125,0.38019976019859314,1,0.3765694200992584,0.1851435899734497
22,gate_proj,gptq,13824,5120,0,0.0020392806441695602,0.0014710744222005208,563.4385753274037,0.019481898547344587,2302.388427734375,1783.2474365234375,178.90895080566406,356.4613037109375,326.0247802734375,336.5621337890625,0.8063421249389648,562.8877563476562,0.116967111825943,"11,1307,4610,2950,228,4938,655,4020,2099,3593,2468,3553,2710,1466,1093,3532",73.60406494140625,,,,,0,169.78338623046875,174.5333251953125,169.44908142089844,177.82708740234375,"1.004,0.975,1.524,0.842,0.843,0.929,1.089,0.884",3886.99951171875,4160.748046875,"4397,5392,809.2,3663,3556,3825,5378,4076",21.985271453857422,22.46804428100586,"23.77,25.9,14.07,21.94,21.57,21.75,23.91,22.99","14.17,15.21,10.24,12.06,11.77,12.45,14.75,12.85","14.15,15.4,8.293,13.14,12.81,12.91,14.13,13.67",7578,0.001665292540565133,7578,0.002170392544940114,"2099,693,2428,3593,655,4938,4775,1466",0.1761138141155243,0.34422925114631653,0.3136121928691864,"2.88,2.38,2.4,3.02,3.32,3.19,2.49,2.84","4.31,2.12,2.08,2.02,1.95,1.93,1.78,1.63","0.0054,-0.0122,0.00598,0.0144,-0.0201,0.0198,-0.0264,-0.0122","0,0,0,0,0,0,-0.058,0","0,0,0,0,0,0.0259,-0.0388,0",0.33203125,0.395767480134964,1,0.4801311194896698,0.5969467163085938
22,up_proj,gptq,13824,5120,0,0.002029616744429977,0.0014998118082682292,607.6110733328678,0.018581174181143623,2559.7412109375,1993.30712890625,199.78713989257812,384.6248474121094,347.4312744140625,368.516845703125,0.8063421249389648,607.081298828125,0.08029946684837341,"11,4610,1307,2950,228,655,4938,4020,2099,3593,3553,2710,2468,1466,1093,4597",73.60406494140625,,,,,0,177.22401428222656,192.33743286132812,181.99008178710938,195.62002563476562,"0.889,0.905,1.194,0.832,0.846,0.924,1.062,0.877",3886.99951171875,4160.748046875,"4397,5392,809.2,3663,3556,3825,5378,4076",21.985271453857422,22.46804428100586,"23.77,25.9,14.07,21.94,21.57,21.75,23.91,22.99","14.12,15.46,9.299,12.56,12.4,12.92,15.36,13.36","14.98,16.26,8.511,13.77,13.47,13.44,14.91,14.27",5016,0.001272098976187408,8083,0.003917340654879808,"2099,693,2428,3593,655,4938,4775,1466",0.11324534565210342,0.5199291110038757,0.5649323463439941,"1.43,2.03,2.16,1.59,1.47,1.4,2,1.74","4.31,2.12,2.08,2.02,1.95,1.93,1.78,1.63","0.0168,0.00867,0.054,0.0197,-0.00693,0.0132,-0.0101,-0.0106","0,0,0.0449,0,0,0,0,0","0.0163,0,0.0589,0.029,0,0.0239,-0.0183,-0.0137",0.169921875,0.19168515503406525,1,0.44215720891952515,0.02702779695391655
22,down_proj,gptq,5120,13824,0,0.0019963158501519096,0.0015150705973307292,893.2681681346075,0.028200130760162322,2944.54638671875,2041.80419921875,43.53356170654297,109.69821166992188,62.315792083740234,57.19341278076172,0.6037966012954712,941.7598876953125,0.2330034375190735,"11214,13790,8269,8083,2526,2955,12207,13173,3109,11892,6278,154,1373,3589,3487,8879",5539.1103515625,,,,,0,33.64228439331055,33.27275466918945,33.29924011230469,30.314125061035156,"1.019,1.018,0.089,1.059,1.048,1.027,1.245,1.112",8739.279296875,8890.5029296875,"1.075e+04,1.607e+04,366,8651,7006,6885,1.024e+04,9950",14.962407112121582,14.167569160461426,"16.46,19.57,13.48,14.32,13.02,12.83,14.8,15.21","6.523,7.82,1.19,5.728,5.143,5.046,6.369,6.224","6.463,7.75,3.991,5.566,5.024,4.978,5.708,5.902",11,0.02699975296854973,4675,0.041220568120479584,"6296,8269,10254,5029,4093,8138,13711,9404",0.18545788526535034,0.4176269471645355,0.4229980409145355,"1.47,1.5,1.39,1.32,1.37,1.51,1.41,1.28","2.98,2.78,2.36,1.7,1.7,1.16,1.09,1","-0.00331,-0.0464,0.0115,-0.0184,0.00165,0.00412,-0.00903,0.0244","0,0,0,0,0,-0.07,0,0","0,-0.0452,0,-0.0187,0,0,0,0.019",0.75,1.7738819122314453,1,0.8450676202774048,0.08806891739368439
23,q_proj,gptq,5120,5120,0,0.002034759521484375,0.001474456787109375,345.3954700891645,0.030911480976465414,1018.6595458984375,691.260009765625,106.41514587402344,286.890869140625,284.7621154785156,319.3492431640625,0.7786972522735596,344.984130859375,0.2526531517505646,"693,157,3388,2099,2953,4344,1031,4610,28,1824,3931,2428,2657,3089,2673,1754",451.8170166015625,,,,,0,121.49598693847656,158.58367919921875,128.62852478027344,160.61654663085938,"0.982,0.852,1.577,0.614,0.515,0.688,0.950,0.697",3320.320556640625,3733.67431640625,"3858,4533,517.3,3271,2988,3288,4441,3667",33.39547348022461,34.86186981201172,"38.57,41.61,9.068,36.66,38.05,33.52,33.12,36.58","13.91,13.86,4.134,10.31,9.856,10.14,11.81,11.11","14.04,15.02,3.292,13.16,13.73,12.23,12.12,13.31",692,0.006933750584721565,3774,0.0055112773552536964,"693,2099,3388,2428,4344,157,1824,4775",1.0271278619766235,0.5180420279502869,0.5042968988418579,"1.35,0.753,1.16,1.32,1.52,1.49,1.24,1.39","17,15.8,9.5,7.47,6.94,6,3.97,3.47","-0.0147,0.00317,0.00115,0.00732,0.0132,-0.0193,-0.0061,0.00781","-0.0251,0,0,0,0,-0.0251,0,0","0,0,0,0,0.0229,-0.0227,0,0",0.1240234375,0.11598837375640869,1,0.820694088935852,0.4651683270931244
23,k_proj,gptq,1024,5120,0,0.002028083801269531,0.0014484405517578125,99.12513803663569,0.034551116793588035,277.93634033203125,184.9358367919922,28.958097457885742,86.3831558227539,82.4640884399414,97.15994262695312,0.7786972522735596,98.90206909179688,0.2984200716018677,"693,157,2099,3388,2953,4344,4610,1824,1031,28,2428,2673,3931,2657,228,3089",451.8170166015625,,,,,0,33.29891586303711,51.14596176147461,36.42912673950195,48.225852966308594,"0.853,0.740,1.659,0.491,0.401,0.590,0.823,0.611",3320.320556640625,3733.67431640625,"3858,4533,517.3,3271,2988,3288,4441,3667",33.39547348022461,34.86186981201172,"38.57,41.61,9.068,36.66,38.05,33.52,33.12,36.58","7.517,7.431,2.294,5.359,5.141,5.11,5.981,5.688","8.139,8.64,1.781,7.65,8.116,6.656,6.592,7.278",702,0.018405593931674957,828,0.013520278036594391,"693,2099,3388,2428,4344,157,1824,4775",1.418166160583496,0.408447265625,0.3563232421875,"0.969,0.97,1.03,1.08,0.892,0.996,1.13,0.994","17,15.8,9.5,7.47,6.94,6,3.97,3.47","0.208,0.142,-0.147,0.00674,-0.0381,0.00958,-0.108,0.12","0.178,0.119,-0.178,0,-0.0594,0,-0.119,0.119","0.178,0.121,-0.126,0,-0.0368,0,-0.0929,0.103",0.2080078125,0.1782924234867096,3,0.6974062919616699,0.939980149269104
23,v_proj,gptq,1024,5120,0,0.0020374298095703126,0.0014617919921875,52.557394150308824,0.02458169866745208,182.59303283691406,132.49818420410156,18.89257049560547,43.035736083984375,35.79364776611328,44.556976318359375,0.7786972522735596,52.416866302490234,0.1054476648569107,"693,157,2099,4344,3388,2953,4610,1824,1031,3931,28,2428,2673,2657,3799,228",451.8170166015625,,,,,0,16.91573715209961,21.760326385498047,18.26398468017578,24.459157943725586,"0.831,0.750,1.172,0.674,0.617,0.783,1.048,0.746",3320.320556640625,3733.67431640625,"3858,4533,517.3,3271,2988,3288,4441,3667",33.39547348022461,34.86186981201172,"38.57,41.61,9.068,36.66,38.05,33.52,33.12,36.58","4.705,4.936,1.487,3.977,3.803,3.895,4.671,4.398","5.163,5.701,1.373,4.843,4.843,4.402,4.564,5.092",915,0.013733710162341595,990,0.015033183619379997,"693,2099,3388,2428,4344,157,1824,4775",0.32570770382881165,0.8258056640625,0.9046630859375,"0.126,0.133,0.125,0.21,0.171,0.197,0.251,0.265","17,15.8,9.5,7.47,6.94,6,3.97,3.47","0.000698,-0.00217,-4.41e-05,0.004,0.00123,-0.000105,-0.000224,-0.00136","0,0,0,0,0,0,0,0","0,0,0,0,0,0,0,0",0.12158203125,0.13834330439567566,1,0.4456788897514343,0.1140371561050415
23,o_proj,gptq,5120,5120,0,0.0020623397827148437,0.0014679336547851563,374.91621024286854,0.0351515153083534,1072.072998046875,614.59375,15.572845458984375,55.18557357788086,53.505741119384766,84.52513122558594,0.48247215151786804,374.1905212402344,0.05350080132484436,"3679,3807,3551,3295,4221,4477,426,778,1162,650,4349,3423,4093,3750,3014,1034",26.173736572265625,,,,,0,35.22332000732422,54.56826400756836,23.96298599243164,38.49256134033203,"0.645,0.644,0.641,0.649,0.718,0.663,0.644,0.600",9836.060546875,6179.93603515625,"2.344e+04,2.598e+04,2610,6881,4462,4017,4838,6457",19.78298568725586,18.09515380859375,"31.96,33.39,10.66,19.28,14.43,14.57,15.8,18.17","9.003,9.42,2.985,5.15,4.114,4.003,4.398,4.927","11.21,11.74,3.73,6.391,4.854,4.916,5.479,6.361",3094,0.007916932925581932,4675,0.006743654143065214,"3328,3712,1019,891,65,763,3083,4247",0.060771189630031586,0.36328125,0.34187012910842896,"1.67,1.2,1.48,1.07,1.34,1.34,1.29,1.33","1.03,1.02,1.02,0.965,0.926,0.91,0.891,0.875","-0.0097,0.0762,-0.0864,0.0908,-0.0217,0.0442,-0.0011,-0.0361","0,0.121,-0.121,0.121,0,0,0,-0.035","0,0.11,-0.0709,0.102,-0.0385,0.0435,0,0",0.66015625,0.7566948533058167,1,0.36602240800857544,0.11273150891065598
23,gate_proj,gptq,13824,5120,0,0.0020369211832682293,0.0014815012613932292,595.1476298693451,0.019831397261865034,2430.572265625,1878.109619140625,189.786376953125,384.2274169921875,366.885986328125,366.0937194824219,0.7854586243629456,593.5860595703125,0.12472553551197052,"11,1307,4610,2950,655,4938,228,4020,3593,2099,3553,2468,2710,1093,1466,2896",90.54568481445312,,,,,0,188.8099365234375,187.02647399902344,196.39686584472656,197.85693359375,"1.048,1.034,1.338,0.906,0.875,0.952,1.140,0.937",4090.3291015625,4506.572265625,"4911,5708,748.1,3978,3575,3815,5578,4411",22.299022674560547,23.17002296447754,"24.64,25.92,14.16,22.52,21.64,21.78,24.3,23.43","15.34,16.02,9.897,12.96,12.27,12.9,15.7,13.76","14.98,15.75,8.557,13.62,13.12,13.22,14.71,14.21",8522,0.0043200100772082806,11802,0.0022990915458649397,"2099,3593,693,655,2428,4938,4597,4775",0.19471941888332367,0.34446433186531067,0.31599029898643494,"2.87,3.1,2.4,3.53,2.44,3.37,2.87,2.51","4.25,2.31,2.3,2.27,2.08,1.93,1.93,1.76","0.00681,-0.00287,-0.00726,0.0349,-0.0688,0.0142,0.228,-0.132","0,0,0,0,0,0,0.249,0","0,0,0,0.0333,-0.0667,0.0248,0.195,-0.119",0.87109375,0.7466517686843872,1,0.8062474727630615,0.26153451204299927
23,up_proj,gptq,13824,5120,0,0.0020287549054181135,0.0015005888762297454,605.3249456242193,0.018650363669775974,2568.098388671875,1999.302001953125,201.42578125,396.76593017578125,374.98736572265625,383.3633728027344,0.7854586243629456,604.26806640625,0.08362588286399841,"11,4610,1307,2950,4938,655,228,4020,2099,3593,3553,2468,2710,1093,1466,1145",90.54568481445312,,,,,0,192.1785888671875,196.91595458984375,201.9107666015625,210.41201782226562,"1.028,1.034,1.047,0.917,0.880,0.906,1.081,0.912",4090.3291015625,4506.572265625,"4911,5708,748.1,3978,3575,3815,5578,4411",22.299022674560547,23.17002296447754,"24.64,25.92,14.16,22.52,21.64,21.78,24.3,23.43","15.3,16.14,8.815,13.45,12.73,13.1,15.91,14.05","15.09,15.87,8.616,14.04,13.57,13.76,15.31,14.71",4467,0.002000321401283145,5760,0.0020029579754918814,"2099,3593,693,655,2428,4938,4597,4775",0.11727434396743774,0.49927663803100586,0.5566315650939941,"1.53,1.61,1.97,1.44,2.14,1.41,1.97,2.04","4.25,2.31,2.3,2.27,2.08,1.93,1.93,1.76","0.0032,-0.00476,0.00586,-0.00879,-0.00427,0.00247,-0.0051,0.00583","0,0,0,-0.0135,-0.0135,0,0,0.0135","0,0,0,0,0,0,0,0",0.091796875,0.09645907580852509,1,0.5695424675941467,0.162455216050148
23,down_proj,gptq,5120,13824,0,0.00200031421802662,0.001514576099537037,992.0490160920162,0.031486284862777957,3040.91259765625,2034.818359375,41.93686294555664,88.11507415771484,78.90525817871094,70.19032287597656,0.5990204811096191,991.2516479492188,0.0899244025349617,"7833,9808,11335,8734,9651,6620,7254,6962,8482,8095,4742,8616,10013,12845,9276,11813",669.5626220703125,,,,,0,45.11309814453125,38.42950439453125,44.09912872314453,35.87404251098633,"1.363,1.282,0.431,1.070,1.048,1.090,1.117,1.056",12615.470703125,11650.1953125,"2.479e+04,2.52e+04,426.2,1.033e+04,7608,8889,1.283e+04,1.085e+04",15.246609687805176,15.586404800415039,"20.76,20.89,5.026,15.41,13.15,14.68,16.3,15.75","9.276,9.379,1.315,6.082,5.248,5.918,6.735,6.345","7.944,8.282,2.003,5.879,5.126,5.67,6.373,6.175",3094,0.01172245666384697,4675,0.01819121465086937,"6396,3466,3056,7833,3955,6477,3030,9518",0.16541624069213867,0.41169434785842896,0.41608887910842896,"1.66,1.67,1.52,1.49,1.69,1.29,1.5,1.64","2.98,2.05,1.7,1.61,1.48,1.44,1.38,1.24","0.243,-0.0366,0.062,0.82,0.0258,0.0466,0.0204,-0.00302","0.219,0,0.0907,0.703,0,0,0.0533,0","0.196,-0.0656,0.082,0.703,0,0.0603,0,0",0.8203125,0.7031250596046448,3,0.5681491494178772,0.21462294459342957
24,q_proj,gptq,5120,5120,0,0.0020313644409179687,0.001465606689453125,394.62304282842797,0.03289782049362853,1133.5279541015625,774.5968017578125,116.58908081054688,349.595703125,307.289794921875,397.3925476074219,0.8127543926239014,392.6872863769531,0.23440426588058472,"693,2099,157,4344,3388,2953,1031,1824,28,4610,2673,3931,2428,3799,228,1754",555.6334838867188,,,,,0,128.4376220703125,197.2288818359375,143.88690185546875,202.41897583007812,"0.776,0.668,1.643,0.559,0.460,0.603,0.811,0.659",3325.962646484375,3900.76416015625,"3962,4675,528.1,3357,2963,2995,4410,3719",35.34375,36.76746368408203,"40.17,43.85,8.67,40.02,41.69,34.83,35.39,38.13","13.51,13.86,4.166,11.41,10.52,10.41,12.2,11.73","15.33,16.96,3.25,15.26,15.5,13.41,13.55,14.44",2879,0.00991865061223507,2749,0.0057245902717113495,"2099,693,3388,157,2428,4344,1824,4775",1.0219902992248535,0.505297839641571,0.5546631217002869,"0.699,1.21,1.12,1.44,1.24,1.43,1.23,1.34","19.1,18.6,9.69,7.84,7.47,7.09,4.44,3.39","0.0072,-0.0459,0.0325,-0.0175,-0.00546,0.00525,0.021,-0.00781","0,-0.0837,0,0,0,0,0,0","0,-0.0391,0.0405,-0.0329,0,0,0,0",0.29296875,0.2511160671710968,6,1.0474326610565186,0.49581414461135864
24,k_proj,gptq,1024,5120,0,0.002024269104003906,0.0014812469482421875,138.50363615240167,0.04224970351526998,352.07086181640625,231.1263885498047,37.04724884033203,117.95989227294922,105.57454681396484,138.77157592773438,0.8127543926239014,136.0338134765625,0.3012141287326813,"693,2099,157,2953,3388,1824,4344,1031,28,4610,3931,2428,2673,3799,228,2797",555.6334838867188,,,,,0,47.64555358886719,67.7895278930664,45.65043640136719,69.3099365234375,"0.946,0.805,1.627,0.581,0.428,0.580,0.924,0.661",3325.962646484375,3900.76416015625,"3962,4675,528.1,3357,2963,2995,4410,3719",35.34375,36.76746368408203,"40.17,43.85,8.67,40.02,41.69,34.83,35.39,38.13","8.754,8.764,2.514,6.93,6.152,6.111,7.168,6.842","9,9.771,1.971,9.093,9.408,8.023,7.456,8.414",564,0.03150187060236931,629,0.024992331862449646,"2099,693,3388,157,2428,4344,1824,4775",1.4484165906906128,0.4327392578125,0.4024658203125,"0.891,0.889,0.957,1.05,1.11,0.869,1.15,1.06","19.1,18.6,9.69,7.84,7.47,7.09,4.44,3.39","0.0728,-0.0292,0.0128,-0.0175,-0.0771,-0.0152,-0.0125,0.0864","0.0809,0,0,0,-0.0809,0,0,0.0809","0.0614,-0.0308,0,-0.0306,-0.0843,0,0,0.0996",0.3203125,0.28426942229270935,1,1.0918399095535278,0.3348137438297272
24,v_proj,gptq,1024,5120,0,0.0020162582397460936,0.0014642715454101563,45.307415400431466,0.024647478719596067,158.20599365234375,114.9853515625,15.615530014038086,41.17286682128906,31.455810546875,44.55852127075195,0.8127543926239014,45.19683837890625,0.11958766728639603,"693,157,2099,3388,2953,4344,1824,1031,28,4610,2673,3931,3799,2428,2657,1754",555.6334838867188,,,,,0,14.295660972595215,21.39474105834961,15.727359771728516,22.57897186279297,"0.753,0.660,1.381,0.664,0.532,0.571,0.759,0.682",3325.962646484375,3900.76416015625,"3962,4675,528.1,3357,2963,2995,4410,3719",35.34375,36.76746368408203,"40.17,43.85,8.67,40.02,41.69,34.83,35.39,38.13","4.399,4.512,1.392,3.841,3.548,3.488,4.242,3.902","5.067,5.555,1.184,4.713,4.866,4.614,4.869,4.727",958,0.01184686366468668,20,0.011797015555202961,"2099,693,3388,157,2428,4344,1824,4775",0.48261919617652893,0.6624755859375,0.8348388671875,"0.15,0.173,0.189,0.256,0.286,0.204,0.295,0.37","19.1,18.6,9.69,7.84,7.47,7.09,4.44,3.39","0.015,0.00267,-0.00742,-0.0281,0.0104,0.000614,0.0143,0.00476","0,0,0,-0.0371,0,0,0,0.0371","0.0167,0,0,-0.0278,0.0103,0,0.0112,0",0.1298828125,0.111328125,1,0.3861987888813019,0.08489487320184708
24,o_proj,gptq,5120,5120,0,0.0020791244506835936,0.0014758682250976562,332.2927653842189,0.03416394742425239,957.19580078125,562.005615234375,15.024085998535156,52.91996383666992,57.66464614868164,97.29805755615234,0.6605092883110046,331.01611328125,0.06437224894762039,"2786,2914,2658,4552,282,4808,3042,3170,749,154,4936,2027,538,4462,1261,1133",28.52720832824707,,,,,0,32.472900390625,57.10991668701172,23.095958709716797,39.413909912109375,"0.560,0.554,0.561,0.586,0.603,0.611,0.595,0.561",9550.5205078125,6210.1357421875,"2.307e+04,2.416e+04,2280,7219,4114,5941,3674,5945",21.178274154663086,19.23311996459961,"35.8,36.52,11,20.1,15.09,17.95,14.61,18.35","8.818,8.946,2.75,5.029,3.837,4.557,3.635,4.522","11.78,12.02,3.672,6.572,4.94,5.828,4.713,6.035",157,0.011839604005217552,693,0.008354662917554379,"4733,4667,4718,2510,4795,4664,2254,4923",0.10324742645025253,0.34235841035842896,0.3172851502895355,"1.3,1.36,1.44,1.3,1.21,1.32,1.28,1.35","1.7,1.5,1.2,1.12,1.05,1.05,1.05,1.02","0.0854,-0.0259,-0.0176,-0.122,0.00555,-0.00372,-0.0659,0.0145","0.0597,0,0,-0.119,0,0,-0.0785,0","0.0748,-0.0374,0,-0.119,0,0,-0.0742,0",0.2734375,0.2873550057411194,1,0.41745898127555847,0.4089471995830536
24,gate_proj,gptq,13824,5120,0,0.0020403685393156827,0.0014791841860170717,604.6909502731869,0.01998941951985841,2413.3037109375,1854.10791015625,182.24484252929688,365.67034912109375,335.2879638671875,345.27691650390625,0.7110642790794373,603.582763671875,0.10490963608026505,"11,4610,2950,1307,4938,655,2099,2710,228,4020,3593,3553,2468,1466,1093,4436",102.96754455566406,,,,,0,177.6813507080078,180.32252502441406,177.38143920898438,187.5878448486328,"1.030,1.011,1.274,0.933,0.846,0.911,1.049,0.937",4030.5087890625,4405.41455078125,"4918,5694,1176,4020,3467,3507,5320,4144",21.944683074951172,22.57512664794922,"24.9,25.64,14.61,22.15,21.08,20.82,23.85,22.51","15.44,15.73,10.09,12.86,11.81,11.89,14.71,13.08","15.22,15.65,8.935,13.32,12.84,12.46,14.36,13.51",8743,0.00145982566755265,2383,0.0023193045053631067,"2099,693,2428,655,3593,3094,4938,4597",0.15311498939990997,0.31927263736724854,0.295220285654068,"2.88,2.35,2.37,3.32,3.05,2.86,3.28,2.78","4.19,2.33,2.06,2.03,1.91,1.84,1.82,1.66","0.0198,0.00178,0.0138,-0.0284,0.0491,0.0181,0.0212,-0.0282","0,0,0,0,0.0416,0.0416,0,-0.0416","0.025,0,0.0179,-0.0223,0.0466,0.0289,0.0186,-0.0262",0.216796875,0.25846168398857117,1,0.4513128101825714,0.2634758949279785
24,up_proj,gptq,13824,5120,0,0.0020341943811487267,0.0015085008409288195,628.2024709433317,0.019330111832360917,2569.3603515625,1985.776611328125,195.18502807617188,380.9826354980469,349.5513610839844,362.831298828125,0.7110642790794373,627.54296875,0.07620838284492493,"11,4610,2950,1307,4938,655,2099,228,4020,2710,3593,3553,2468,1093,1466,4436",102.96754455566406,,,,,0,181.96835327148438,188.79066467285156,188.16909790039062,198.56344604492188,"0.984,1.017,1.094,0.941,0.871,0.912,1.013,0.909",4030.5087890625,4405.41455078125,"4918,5694,1176,4020,3467,3507,5320,4144",21.944683074951172,22.57512664794922,"24.9,25.64,14.61,22.15,21.08,20.82,23.85,22.51","15.25,16.08,9.197,13.26,12.28,12.29,15.03,13.3","15.37,15.94,8.793,13.67,13.16,12.86,14.93,13.95",11232,0.001324223354458809,6354,0.0012870512437075377,"2099,693,2428,655,3593,3094,4938,4597",0.10429316759109497,0.5298122763633728,0.5801776051521301,"1.52,1.95,2.11,1.58,1.69,1,1.49,2.05","4.19,2.33,2.06,2.03,1.91,1.84,1.82,1.66","0.0153,-0.00261,-0.0381,0.00436,-0.0062,-0.0208,-0.00977,-0.00421","0,0,-0.0366,0,0,-0.0366,0,0","0.0199,0,-0.0399,0,0,0,0,0",0.2021484375,0.17456915974617004,4,0.44676443934440613,0.0007496429607272148
24,down_proj,gptq,5120,13824,0,0.002002249823676215,0.0015108885588469329,901.9303641604711,0.028601487392307307,2877.82373046875,1957.0732421875,38.82770919799805,75.23289489746094,71.41777038574219,68.97474670410156,0.37941309809684753,901.4779052734375,0.06820585578680038,"11501,4504,1769,2497,13682,12522,6878,7824,9653,9601,12333,10710,9523,10250,2762,4495",224.158447265625,,,,,0,38.906761169433594,37.176063537597656,43.44522476196289,39.73460388183594,"1.111,1.163,1.017,1.019,1.026,0.899,1.051,0.955",10880.435546875,12536.619140625,"1.498e+04,1.857e+04,483.1,9684,8748,9023,1.467e+04,1.088e+04",15.168506622314453,16.55196762084961,"18.35,19.71,3.326,14.71,15.27,15.46,17.85,16.67","7.584,8.258,1.265,5.673,5.795,5.599,7.002,6.148","7.197,7.656,1.254,5.618,5.72,5.906,6.831,6.293",3094,0.03383027762174606,2976,0.0029823463410139084,"2065,10212,4504,1529,5961,3372,13569,9980",0.40847742557525635,0.3871093690395355,0.39631348848342896,"1.69,1.59,1.55,1.68,1.42,1.42,1.52,1.68","7.72,2.77,2.47,2.2,1.81,1.64,1.37,1.32","0.00238,0.0247,0.805,-0.0212,0.0488,-0.262,-0.0586,0.0432","0,0,0.69,0,0.032,-0.23,-0.112,0.0619","0,0,0.69,0,0.0505,-0.224,-0.0706,0.0522",0.8046875,0.714347779750824,1,1.0658669471740723,0.26336202025413513
25,q_proj,gptq,5120,5120,0,0.002044219970703125,0.0014714813232421875,383.95265611634625,0.03375450274901613,1083.089599609375,721.8294067382812,130.4895782470703,397.3777160644531,373.8270568847656,466.56927490234375,0.8103173971176147,382.93548583984375,0.2749180197715759,"693,157,2099,3388,4344,1031,1824,28,2953,4610,2673,228,212,3931,2428,4469",487.3426818847656,,,,,0,164.00704956054688,240.10296630859375,166.754150390625,229.0711212158203,"0.875,0.746,1.602,0.580,0.477,0.574,0.808,0.607",3404.031005859375,4034.772216796875,"4326,4443,455.9,3501,3201,3126,4488,3691",40.30797576904297,40.95714569091797,"49.51,50.32,9.384,44.52,45.93,39.19,40.84,42.77","17.12,16,4.451,12.49,11.49,11.04,13.7,12.07","18.3,18.53,3.516,16.4,16.64,14.57,15.24,15.49",3188,0.005191487725824118,4535,0.007333277724683285,"693,2099,3388,2428,157,4344,1824,4775",1.0236783027648926,0.568554699420929,0.598437488079071,"1.08,0.698,0.981,1.2,1.35,1.27,1.23,1.33","21,19.6,10.5,8.88,8.56,6.56,5.03,4.19","0.00708,0.00275,-0.0102,0.000248,-0.0288,-0.0171,-0.00632,0.00964","0,0,-0.0177,0,-0.0354,-0.0177,0,0.0177","0,0,0,0,-0.0306,0,0,0",0.1455078125,0.15743623673915863,1,0.8280376195907593,0.5756518840789795
25,k_proj,gptq,1024,5120,0,0.0020620346069335936,0.0014627456665039062,115.46208216466725,0.03887492678443449,308.7660827636719,202.40200805664062,37.27023696899414,122.22470092773438,119.80335235595703,141.3974609375,0.8103173971176147,114.85629272460938,0.3188471794128418,"693,157,2099,3388,1031,4344,1824,28,2953,4610,2673,228,212,3931,2428,4469",487.3426818847656,,,,,0,51.88791275024414,71.69100952148438,49.563072204589844,67.11311340332031,"0.936,0.803,1.599,0.616,0.527,0.602,0.831,0.624",3404.031005859375,4034.772216796875,"4326,4443,455.9,3501,3201,3126,4488,3691",40.30797576904297,40.95714569091797,"49.51,50.32,9.384,44.52,45.93,39.19,40.84,42.77","9.672,9.204,2.36,6.945,6.593,6.046,7.417,6.929","10,10.27,1.866,8.848,9.082,7.792,8.137,8.768",765,0.017046302556991577,254,0.027477378025650978,"693,2099,3388,2428,157,4344,1824,4775",1.100043535232544,0.4241943359375,0.418212890625,"0.83,0.827,0.936,1.01,1.01,0.846,1.07,0.869","21,19.6,10.5,8.88,8.56,6.56,5.03,4.19","-0.0361,0.00522,0.0146,-0.15,-0.0106,-0.0859,-0.0486,-0.0187","-0.0692,0,0,-0.138,0,-0.0692,-0.0692,0","-0.0276,0,0,-0.144,0,-0.0824,-0.0516,-0.0307",0.2421875,0.2075892984867096,3,0.8607730269432068,0.37553468346595764
25,v_proj,gptq,1024,5120,0,0.0019983291625976563,0.0014207839965820312,53.1647893858352,0.031469306837064455,173.8498077392578,123.10472106933594,20.674747467041016,53.520484924316406,44.461524963378906,58.013671875,0.8103173971176147,52.76792907714844,0.1392558068037033,"693,157,1031,1824,4610,2099,3388,4344,28,2953,2428,3799,2673,2797,228,212",487.3426818847656,,,,,0,19.97065544128418,28.568899154663086,21.616287231445312,30.734859466552734,"0.703,0.737,1.228,0.702,0.617,0.673,0.767,0.640",3404.031005859375,4034.772216796875,"4326,4443,455.9,3501,3201,3126,4488,3691",40.30797576904297,40.95714569091797,"49.51,50.32,9.384,44.52,45.93,39.19,40.84,42.77","5.303,5.343,1.522,4.553,4.268,4.162,4.971,4.451","6.326,6.224,1.373,5.433,5.433,5.074,5.674,5.562",988,0.02341567352414131,991,0.0146967563778162,"693,2099,3388,2428,157,4344,1824,4775",0.3545741140842438,0.742919921875,0.865966796875,"0.127,0.141,0.158,0.236,0.207,0.165,0.244,0.356","21,19.6,10.5,8.88,8.56,6.56,5.03,4.19","-0.00252,-0.00117,-0.00394,0.00629,0.00299,-0.00659,0.012,-0.00314","0,0,0,0,0,0,0,0","0,0,0,0,0,-0.0127,0.0137,0",0.1962890625,0.21166637539863586,1,0.6531068086624146,0.2886292338371277
25,o_proj,gptq,5120,5120,0,0.0020992279052734373,0.0014675521850585937,333.6847495424445,0.03502639676888249,978.9320068359375,549.4004516601562,12.012289047241211,41.75281524658203,49.37091827392578,82.4195556640625,0.5285772681236267,332.9114074707031,0.06410326808691025,"2967,2453,2325,2583,1941,2839,2197,3095,3994,1053,797,3866,167,2711,4122,2069",41.92487335205078,,,,,0,26.32457160949707,45.4880256652832,20.676044464111328,42.33293914794922,"0.591,0.578,0.635,0.536,0.628,0.615,0.589,0.497",10482.9677734375,7617.85888671875,"2.983e+04,3.047e+04,2420,4813,3412,4039,3551,5328",18.372303009033203,19.773784637451172,"33.5,34.19,9.722,15.43,11.57,12.74,12.7,17.13","8.404,8.547,2.544,3.766,3.126,3.327,3.181,3.911","10.93,11.24,3.193,5.141,3.944,4.241,4.146,5.548",4675,0.021320125088095665,4675,0.04240408167243004,"1255,1152,1242,1172,2008,1901,1261,2868",0.06966617703437805,0.3491455018520355,0.35871583223342896,"1.21,1.22,1.25,1.15,1.35,1.48,1.24,1.23","0.941,0.883,0.793,0.793,0.773,0.77,0.77,0.723","0.0101,0.0261,0.0378,-0.242,-0.0115,-0.0186,-0.00258,-0.416","0,0,0,-0.321,0,0,0,-0.321","0,0,0,-0.271,0,0,0,-0.321",1.125,0.9642857909202576,1,0.4565105736255646,0.8121709823608398
25,gate_proj,gptq,13824,5120,0,0.0020346606219256366,0.0014686301902488426,579.6606183066033,0.01974402865604659,2346.406982421875,1798.580322265625,180.13516235351562,353.4306640625,323.607421875,344.0133056640625,0.752443790435791,579.00390625,0.10460617393255234,"11,4610,2950,4938,655,1307,2710,4020,228,2099,3593,1093,3553,1466,2468,1567",108.26150512695312,,,,,0,159.08193969726562,169.8309326171875,171.1611328125,188.9909210205078,"0.977,0.987,1.241,0.902,0.836,0.881,0.976,0.860",3837.822509765625,4308.3837890625,"4785,5363,750.7,3829,3582,3454,5043,3896",21.570947647094727,22.86355972290039,"24.36,24.69,12.85,21.73,21.82,20.9,23.88,22.33","14.29,14.62,8.501,12.33,11.99,11.68,14.11,12.29","14.46,14.72,7.63,12.98,13.1,12.44,14.28,13.26",4876,0.0018115354469045997,8684,0.0022733325604349375,"2099,655,3593,4597,2428,4775,4675,693",0.12020327150821686,0.33321577310562134,0.3125271201133728,"2.78,3.14,2.94,2.66,2.4,2.38,2.65,2.36","3.69,1.96,1.9,1.82,1.73,1.72,1.72,1.68","-0.0162,0.0354,-0.0289,0.2,-0.084,-0.0608,0.0713,-0.00711","0,0,0,0.166,-0.166,0,0.166,0","0,0.0237,-0.0356,0.172,-0.072,-0.0497,0.0572,0",0.58203125,0.4988839626312256,1,0.5101332664489746,0.32850050926208496
25,up_proj,gptq,13824,5120,0,0.002030874181676794,0.0015097017641420717,622.8074715104885,0.01895200787312097,2585.4765625,1993.7059326171875,199.69570922851562,381.30157470703125,349.22674560546875,373.2562255859375,0.752443790435791,622.2573852539062,0.07579116523265839,"11,4610,2950,4938,655,1307,4020,2099,228,2710,1093,3553,3593,1466,1567,2468",108.26150512695312,,,,,0,171.55255126953125,183.9257354736328,184.75408935546875,204.0645751953125,"0.960,0.984,0.991,0.927,0.851,0.898,0.972,0.886",3837.822509765625,4308.3837890625,"4785,5363,750.7,3829,3582,3454,5043,3896",21.570947647094727,22.86355972290039,"24.36,24.69,12.85,21.73,21.82,20.9,23.88,22.33","14.83,15.3,7.906,12.95,12.45,12.23,14.71,12.95","15.13,15.43,7.941,13.45,13.5,12.9,14.92,13.76",5079,0.001193961943499744,9985,0.0013010450638830662,"2099,655,3593,4597,2428,4775,4675,693",0.0856592208147049,0.5029477477073669,0.5443793535232544,"1.54,1.59,1.69,2.05,2.1,2.05,1.1,2.02","3.69,1.96,1.9,1.82,1.73,1.72,1.72,1.68","0.0415,-0.00137,0.000912,0.00732,-0.0859,-0.00613,0.0114,-0.0322","0.0497,0,0,0,-0.0993,0,0,-0.0497","0.0381,0,0,0,-0.0737,0,0.0199,-0.041",0.173828125,0.1489955335855484,1,0.4301883578300476,0.013606429100036621
25,down_proj,gptq,5120,13824,0,0.0019995654070818865,0.0015123861807364006,880.5736954512413,0.027848389647602688,2859.85205078125,1962.759033203125,41.91200256347656,75.32330322265625,69.27588653564453,62.05418395996094,0.5541313886642456,880.4396362304688,0.0742376446723938,"9569,8438,6785,11641,1267,5616,4788,11856,9440,4934,2794,10483,13608,2182,10947,4876",98.04742431640625,,,,,0,30.96599578857422,27.240772247314453,43.97724914550781,38.338111877441406,"1.057,1.161,1.099,1.115,1.157,1.087,1.266,1.088",8501.701171875,12577.1396484375,"9862,1.222e+04,316.4,8372,8477,6632,1.235e+04,9784",13.214822769165039,16.475881576538086,"15.56,16.61,2.587,13.93,13.38,12.51,16.1,15.05","6.074,6.672,1.072,5.614,5.471,4.922,6.729,5.849","5.908,6.193,1.023,5.317,5.086,4.721,5.98,5.606",4675,0.023433217778801918,3094,0.02411988191306591,"5833,9968,10300,1377,920,11122,8016,4510",0.1855364441871643,0.34602051973342896,0.3465820252895355,"1.53,1.62,1.49,1.44,1.55,1.37,1.3,1.39","4.09,2.17,1.19,1.13,1.03,1.02,0.918,0.914","-0.0522,-0.0693,-0.00928,0.0557,0.0432,0.0221,0.328,-0.0194","-0.0964,-0.0792,-0.0779,0,0,0,0.33,0","0,0,0,0.104,0,0,0.266,0",1.15625,0.9910714626312256,2,0.8374950289726257,0.6648803353309631
26,q_proj,gptq,5120,5120,0,0.002037200927734375,0.00146514892578125,374.5565836644263,0.031762934095737876,1119.951171875,760.177978515625,114.39433288574219,336.39422607421875,328.61175537109375,409.7914123535156,0.811382532119751,373.32110595703125,0.27100610733032227,"693,157,2099,3388,4344,2953,228,1031,4610,28,1824,2428,2657,1754,3931,3089",570.3607177734375,,,,,0,134.39910888671875,199.98355102539062,141.31851196289062,194.83071899414062,"0.753,0.664,1.242,0.623,0.578,0.658,0.756,0.612",3349.797119140625,4078.06396484375,"4229,4425,463.3,3392,3232,3091,4207,3759",36.30571746826172,36.96464920043945,"45.18,45.83,10.16,39.21,41.04,34.64,36,38.39","14.81,13.95,4.407,11.48,11.2,10.65,11.9,11.38","17.06,17.12,3.955,14.54,14.73,13.13,13.69,14.55",5067,0.006338172592222691,2844,0.004581685643643141,"2099,693,3388,2428,157,4344,4775,1824",0.8210893869400024,0.5818115472793579,0.5985107421875,"0.627,1.11,0.963,1.09,1.24,1.29,1.25,1.08","19,17.9,9.5,7.69,7.66,4.28,3.77,3.72","-0.0118,0.000212,0.00516,-0.0205,0.0047,0.00142,-0.0199,-0.0097","0,0,0,0,0,0,-0.0466,0","-0.0162,0,0,-0.0333,0,0,-0.0385,0",0.255859375,0.29706627130508423,1,0.8914910554885864,0.7217215299606323
26,k_proj,gptq,1024,5120,0,0.0020124435424804686,0.0014562606811523438,112.13085961479032,0.03378760825170279,320.79071044921875,216.28411865234375,32.85612487792969,103.61351013183594,102.04448699951172,124.34911346435547,0.811382532119751,111.94401550292969,0.3023923337459564,"693,2099,157,3388,4344,228,2953,4610,1031,1824,2428,28,3931,2673,2657,3799",570.3607177734375,,,,,0,42.99390411376953,61.32433319091797,40.787261962890625,59.15406799316406,"0.836,0.768,1.335,0.630,0.498,0.666,0.769,0.696",3349.797119140625,4078.06396484375,"4229,4425,463.3,3392,3232,3091,4207,3759",36.30571746826172,36.96464920043945,"45.18,45.83,10.16,39.21,41.04,34.64,36,38.39","8.455,8.098,2.238,6.505,6.342,5.834,6.452,6.609","9.248,9.239,1.937,8.194,8.991,7.15,7.356,7.922",761,0.018565628677606583,635,0.01746734417974949,"2099,693,3388,2428,157,4344,4775,1824",0.9453369975090027,0.50830078125,0.5068359375,"0.765,0.798,0.82,0.897,0.858,0.712,0.812,1.07","19,17.9,9.5,7.69,7.66,4.28,3.77,3.72","-0.00105,-0.0645,0.017,0.0366,-0.00281,0.0225,0.0128,-0.00824","0,-0.0578,0.0289,0.0289,0,0.0289,0.0289,0","0,-0.0541,0.0233,0.0477,0,0.0213,0.0241,0",0.1123046875,0.11931488662958145,1,0.8641166090965271,0.6160054206848145
26,v_proj,gptq,1024,5120,0,0.00207672119140625,0.0014408111572265625,40.59418598713913,0.025370125530714306,136.90435791015625,96.71681213378906,13.856719970703125,37.73155975341797,33.36901092529297,43.12445068359375,0.811382532119751,40.498756408691406,0.16604778170585632,"693,157,2099,3388,4344,228,2953,1031,4610,1824,2428,28,2657,3931,2673,3799",570.3607177734375,,,,,0,14.180776596069336,20.18153190612793,15.657994270324707,21.389739990234375,"0.781,0.749,1.332,0.651,0.534,0.645,0.842,0.653",3349.797119140625,4078.06396484375,"4229,4425,463.3,3392,3232,3091,4207,3759",36.30571746826172,36.96464920043945,"45.18,45.83,10.16,39.21,41.04,34.64,36,38.39","4.636,4.578,1.328,3.7,3.468,3.518,4.097,3.788","5.245,5.288,1.151,4.584,4.748,4.38,4.465,4.688",183,0.009726166725158691,96,0.014396801590919495,"2099,693,3388,2428,157,4344,4775,1824",0.53116774559021,0.72412109375,0.825927734375,"0.179,0.201,0.202,0.299,0.257,0.239,0.358,0.333","19,17.9,9.5,7.69,7.66,4.28,3.77,3.72","0.00659,-0.0033,-0.00108,-0.00449,0.0017,-0.00262,-0.00415,0.00106","0.01,0,0,-0.01,0,0,-0.01,0","0,0,0,0,0,0,0,0",0.078125,0.09061556309461594,1,0.34202754497528076,0.1231999322772026
26,o_proj,gptq,5120,5120,0,0.002074432373046875,0.001448211669921875,295.78410655702464,0.03256902302846765,882.5308227539062,521.9948120117188,13.444605827331543,51.58797073364258,39.92670440673828,92.15446472167969,0.735253095626831,295.08575439453125,0.08261475712060928,"5114,4986,4858,4730,4602,1514,1268,1012,4115,756,1140,4243,884,1770,2820,1386",57.57502746582031,,,,,0,20.473024368286133,49.963069915771484,16.806987762451172,41.83613204956055,"0.388,0.395,0.491,0.477,0.494,0.454,0.432,0.384",5682.95703125,4813.3994140625,"1.461e+04,1.458e+04,1275,4071,2662,2616,2552,3092",19.986125946044922,20.568233489990234,"36.5,36.79,9.435,16.87,13.67,14.51,15.26,16.85","7.277,7.366,2.097,3.717,2.993,3.029,3.112,3.248","11.68,11.71,2.993,5.379,4.26,4.495,4.736,5.239",3094,0.03316305950284004,4675,0.006244045216590166,"5114,4858,5106,1554,1555,4850,3498,1682",0.13252918422222137,0.36369630694389343,0.3779052793979645,"1.13,1.64,1.1,1.07,1.1,1.03,1.09,1.06","1.77,1.72,1.46,1.38,1.29,1.26,1.23,1.2","-0.0304,-0.656,-0.0288,0.0583,-0.0806,-0.208,0.0752,-0.0117","0,-0.75,0,0,0,-0.188,0.0678,0","-0.0402,-0.563,-0.0402,0.0438,-0.0876,-0.188,0.06,0",0.65625,0.7500000596046448,1,0.5450832843780518,0.21542420983314514
26,gate_proj,gptq,13824,5120,0,0.0020199528446903934,0.0014547277379918981,568.2652243601624,0.02018089201228666,2303.67333984375,1771.4984130859375,182.95205688476562,359.27984619140625,362.10406494140625,365.5427551269531,0.784040093421936,567.4439697265625,0.11665155738592148,"11,4610,2950,4938,655,2099,1093,228,1307,2710,4020,1466,3593,1567,3553,4436",114.38301849365234,,,,,0,166.80496215820312,171.16586303710938,186.99322509765625,196.17306518554688,"1.069,1.075,1.296,0.901,0.809,0.915,1.016,0.897",3819.84765625,4569.09619140625,"4450,5145,739.3,3902,3640,3485,4968,4229",21.941993713378906,23.739273071289062,"23.6,24.45,13.46,22.48,22.7,21.29,23.95,23.6","14.33,14.91,9.01,12.63,12.11,12.02,14.23,13.13","13.86,14.38,7.913,13.31,13.47,12.57,14.11,13.86",11603,0.0017335859593003988,6580,0.006743579171597958,"2099,4775,4597,655,1466,2428,4675,693",0.1474444419145584,0.3448893129825592,0.32524052262306213,"2.73,2.35,2.65,2.97,2.62,2.4,2.57,2.33","4.16,2.12,2.02,1.99,1.95,1.95,1.91,1.89","0.11,-0.0413,0.121,-0.015,0.0212,0.0061,-0.106,-0.0325","0.0893,0,0.0893,0,0,0,-0.0893,0","0.112,-0.0449,0.122,0,0.035,0,-0.121,-0.046",0.322265625,0.2761203944683075,1,0.5044220685958862,0.33858299255371094
26,up_proj,gptq,13824,5120,0,0.0020272996690538195,0.0015029342086226851,626.5288423139136,0.018831539266615602,2643.68017578125,2048.017578125,211.81634521484375,402.33001708984375,404.80596923828125,415.144287109375,0.784040093421936,626.2430419921875,0.08158119767904282,"11,4610,2950,4938,655,1093,2099,228,1307,4020,2710,1466,3593,1567,3553,4436",114.38301849365234,,,,,0,185.15374755859375,195.60989379882812,212.60745239257812,223.09359741210938,"1.010,1.044,1.032,0.891,0.817,0.895,1.036,0.873",3819.84765625,4569.09619140625,"4450,5145,739.3,3902,3640,3485,4968,4229",21.941993713378906,23.739273071289062,"23.6,24.45,13.46,22.48,22.7,21.29,23.95,23.6","14.96,15.72,8.472,13.4,12.97,12.69,15.36,13.92","14.88,15.39,8.341,14.19,14.35,13.41,15.09,14.89",10707,0.0015238726045936346,8632,0.0013587508583441377,"2099,4775,4597,655,1466,2428,4675,693",0.09770070761442184,0.5208694934844971,0.5741825699806213,"1.41,1.96,1.99,1.48,1.75,2,1.02,1.91","4.16,2.12,2.02,1.99,1.95,1.95,1.91,1.89","-0.0212,-0.00455,-0.0121,0.00772,-0.0022,0.0137,-0.000637,0.0131","-0.0219,0,-0.0219,0,0,0.0219,0,0.0219","-0.0155,0,-0.0153,0,0,0.0195,0,0.0188",0.12109375,0.10540838539600372,1,0.5062946081161499,0.0691758543252945
26,down_proj,gptq,5120,13824,0,0.001993984646267361,0.0015174724437572338,876.5320190556085,0.0274394100955394,2922.473876953125,2032.7554931640625,46.59513473510742,82.16302490234375,91.5221176147461,76.50285339355469,0.8852754235267639,876.2009887695312,0.07838951796293259,"10212,2641,11593,1326,10013,6730,9278,2804,8577,10445,9900,5513,13306,8887,1556,6084",417.1895751953125,,,,,0,43.20355224609375,33.9133415222168,46.038795471191406,43.37396240234375,"1.765,1.574,0.420,0.975,1.031,1.037,1.129,1.161",9468.041015625,11901.986328125,"1.442e+04,1.533e+04,265.3,8177,8696,6244,1.081e+04,1.179e+04",14.512127876281738,16.884553909301758,"17.48,18.23,5.07,15,15.07,12.81,16.07,16.37","9.023,8.948,1.366,5.753,5.821,5.096,6.592,6.774","6.792,7.133,2.109,5.826,5.733,5.005,6.204,6.286",4675,0.004633065778762102,3094,0.008015300147235394,"10212,11659,1700,11255,6172,1546,4614,9206",0.1846569925546646,0.4227539002895355,0.4376464784145355,"1.43,1.62,0.978,1.54,1.51,1.38,1.33,1.34","3.91,2.75,2.44,1.82,1.51,1.44,1.22,1.2","-1.09,-0.0374,-0.0854,0.00806,-0.0205,-0.0422,0.0557,0.68","-1.25,-0.0673,0,0,0,-0.0781,0,0.625","-1.25,0,-0.126,0,0,0,0.0871,0.583",1.09375,1.25,1,0.3962070047855377,0.023111164569854736
27,q_proj,gptq,5120,5120,0,0.0020257568359375,0.001480255126953125,358.8588029193288,0.030405331217128056,1071.31591796875,728.0626220703125,113.488037109375,328.96893310546875,375.99749755859375,413.624267578125,0.8011258840560913,357.9873046875,0.28603804111480713,"693,157,2099,3388,2953,4610,228,4344,1031,28,2428,1824,2657,3931,3799,2797",505.5097961425781,,,,,0,139.2147979736328,190.36026000976562,151.8511962890625,194.75514221191406,"0.898,0.776,0.971,0.589,0.538,0.693,0.856,0.713",3375.8173828125,4185.59326171875,"4028,4239,459.9,3432,3340,3182,4332,3993",36.468788146972656,37.599552154541016,"44.56,44.82,11.69,39.67,41.35,35.08,36.33,38.26","15.26,14.41,4.367,11.14,10.9,10.74,12.47,11.84","16.11,16.36,4.431,14.51,14.86,12.9,13.48,14.02",3063,0.0041490281000733376,4923,0.003542534075677395,"693,2099,3388,2428,157,4775,4344,1567",0.7135595083236694,0.5696777701377869,0.587353527545929,"1.14,0.653,0.966,1.1,1.34,1.16,1.42,0.989","18.2,18.1,9.5,7.84,6.91,4.62,4.06,3.44","-0.00668,-0.000378,-0.00151,-0.0065,-0.00173,-0.00191,-0.00369,0.0101","0,0,0,0,0,0,0,0","0,0,0,0,0,0,0,0.0183",0.1298828125,0.14331881701946259,1,0.7019592523574829,0.03881082311272621
27,k_proj,gptq,1024,5120,0,0.002022552490234375,0.0014957427978515626,108.98043123789876,0.0323730325165253,323.6817932128906,218.5855255126953,34.34893798828125,102.77938842773438,109.77986907958984,129.01776123046875,0.8011258840560913,108.82644653320312,0.28349989652633667,"693,2099,3388,157,2953,228,4610,4344,1031,1824,2428,28,2657,3931,2797,3799",505.5097961425781,,,,,0,41.572208404541016,60.501380920410156,45.61675262451172,58.44768524169922,"0.816,0.758,1.178,0.590,0.518,0.596,0.800,0.683",3375.8173828125,4185.59326171875,"4028,4239,459.9,3432,3340,3182,4332,3993",36.468788146972656,37.599552154541016,"44.56,44.82,11.69,39.67,41.35,35.08,36.33,38.26","8.088,7.798,2.305,6.296,6.244,5.831,6.726,6.57","8.952,8.957,2.124,8.195,8.675,7.551,7.52,7.947",767,0.01742050237953663,62,0.012213250622153282,"693,2099,3388,2428,157,4775,4344,1567",0.7627560496330261,0.486328125,0.4921875,"0.808,0.732,0.865,0.92,0.867,0.771,0.735,0.8","18.2,18.1,9.5,7.84,6.91,4.62,4.06,3.44","0.084,-0.00659,-0.0356,0.0574,0.188,0.0649,0.04,0.0315","0.0575,0,-0.0575,0.0575,0.172,0.0575,0.0575,0","0.0787,0,-0.031,0.0499,0.161,0.0598,0.0497,0.0285",0.208984375,0.22310693562030792,1,0.8241711854934692,0.12175510823726654
27,v_proj,gptq,1024,5120,0,0.0020532608032226562,0.0014568328857421874,48.26827869709251,0.026479147096166313,162.4289093017578,116.53738403320312,17.177154541015625,43.32049560546875,43.59431838989258,51.62605285644531,0.8011258840560913,48.2568244934082,0.16201108694076538,"693,2099,157,3388,2953,228,4610,4344,1031,1824,3799,2428,2657,2797,4373,3931",505.5097961425781,,,,,0,17.48255157470703,23.41973304748535,20.624916076660156,25.330106735229492,"0.890,0.801,1.255,0.573,0.574,0.758,0.861,0.737",3375.8173828125,4185.59326171875,"4028,4239,459.9,3432,3340,3182,4332,3993",36.468788146972656,37.599552154541016,"44.56,44.82,11.69,39.67,41.35,35.08,36.33,38.26","5.114,5.021,1.44,3.973,3.981,4.028,4.551,4.226","5.421,5.609,1.286,5.25,5.254,4.627,4.904,4.922",817,0.012019501999020576,806,0.010922340676188469,"693,2099,3388,2428,157,4775,4344,1567",0.38452449440956116,0.7587890625,0.8389892578125,"0.196,0.177,0.207,0.276,0.236,0.353,0.235,0.34","18.2,18.1,9.5,7.84,6.91,4.62,4.06,3.44","-0.000553,-0.0015,-0.00449,-0.00677,-0.000679,0.00739,0.00243,0.00613","0,0,-0.00844,-0.00844,0,0.00844,0,0.00844","0,0,0,-0.0128,0,0.0143,0,0",0.07373046875,0.07853513956069946,1,0.4364717900753021,0.14375849068164825
27,o_proj,gptq,5120,5120,0,0.0020778274536132815,0.0014481735229492187,301.4296803828329,0.032063856038828165,888.9134521484375,536.44384765625,18.910140991210938,65.16827392578125,51.11395263671875,109.9713134765625,0.6045121550559998,300.904296875,0.05850015953183174,"3267,3523,3395,3779,3651,3071,970,714,1098,2815,4562,842,1226,2943,4437,4946",75.53756713867188,,,,,0,20.739086151123047,47.137107849121094,20.69020652770996,46.032470703125,"0.414,0.409,0.481,0.593,0.551,0.407,0.431,0.518",4569.978515625,4076.989990234375,"1.159e+04,1.154e+04,1093,2737,2212,2312,2234,2840",19.798402786254883,20.857540130615234,"34.59,34.74,10.4,14.89,14.31,16.6,16.58,16.28","7.047,7.028,2.28,3.572,3.336,3.419,3.469,3.748","10.95,11,3.288,4.637,4.494,5.361,5.287,5.209",4925,0.010737758129835129,3094,0.007433922030031681,"1983,2646,2943,2561,3073,3071,2587,2689",0.10293196886777878,0.39912110567092896,0.42424318194389343,"0.923,0.903,0.505,1.28,1.19,1.3,1.3,1.21","1.58,1.5,1.47,1.45,1.4,1.38,1.29,1.27","-0.000184,-0.0583,0.0195,0.0303,-0.0162,0.00516,0.011,-0.0483","0,-0.0458,0,0.0458,-0.0458,0,0,-0.0458","0,-0.0502,0,0.0251,0,0,0,-0.0455",0.228515625,0.18112966418266296,1,0.3457273840904236,0.01386304572224617
27,gate_proj,gptq,13824,5120,0,0.0020206592701099537,0.0014565503155743633,568.6877797534689,0.020741729255468973,2270.979736328125,1762.1171875,190.49169921875,388.57806396484375,406.2525634765625,417.291015625,0.7851288318634033,567.4072265625,0.12480973452329636,"11,4610,2950,655,1093,4938,228,2710,2099,1307,4020,1567,3553,3593,4436,1466",137.56565856933594,,,,,0,182.279296875,194.66641235351562,200.76300048828125,222.99679565429688,"1.022,1.019,1.265,0.840,0.775,0.901,1.003,0.853",3943.7490234375,4688.7734375,"4613,4966,744,3962,3906,3541,5120,4699",23.354732513427734,25.257801055908203,"24.82,25.1,14.95,23.84,24.32,22.49,25.49,25.83","14.84,15.13,10,13.03,12.66,12.5,15.05,14.01","14.68,14.99,8.894,14.21,14.38,13.17,15.03,15.16",4408,0.002731629880145192,6766,0.0030285073444247246,"2099,4775,693,1466,1093,655,2428,1567",0.17558202147483826,0.37979239225387573,0.3732096254825592,"2.53,2.29,2.14,2.57,2.17,2.99,2.32,2.46","4.44,2.56,2.55,2.28,2.28,2.2,2.12,2.08","-0.0334,-0.0806,0.0105,-0.00812,0.0209,0.0588,-0.0398,0.0693","0,0,0,0,0,0,0,0","0,-0.0737,0,0,0.0339,0.0547,-0.0405,0.0522",0.76953125,0.6595982313156128,1,0.6617652773857117,0.06153026223182678
27,up_proj,gptq,13824,5120,0,0.0020329934579354746,0.001506183765552662,618.556295922026,0.01868515515848636,2625.38818359375,2045.069091796875,222.87693786621094,435.2490539550781,449.49713134765625,474.05328369140625,0.7851288318634033,618.052734375,0.08177224546670914,"11,4610,2950,1093,655,4938,2099,228,1307,2710,1567,4020,4436,3553,4794,3593",137.56565856933594,,,,,0,202.35971069335938,221.1961669921875,230.74891662597656,256.8461608886719,"0.982,1.007,0.972,0.867,0.802,0.863,0.988,0.859",3943.7490234375,4688.7734375,"4613,4966,744,3962,3906,3541,5120,4699",23.354732513427734,25.257801055908203,"24.82,25.1,14.95,23.84,24.32,22.49,25.49,25.83","15.43,15.73,9.072,14.02,13.83,13.23,16.11,15.11","15.57,15.68,9.201,15.06,15.44,14.25,16.21,16.3",10781,0.0015118392184376717,5378,0.0014566060854122043,"2099,4775,693,1466,1093,655,2428,1567",0.1002042293548584,0.47554072737693787,0.5621925592422485,"1.44,1.91,1.85,1.73,1.85,1.36,1.94,1.81","4.44,2.56,2.55,2.28,2.28,2.2,2.12,2.08","0.00256,0.0104,0.00243,0.0134,-0.00101,-0.000992,-0.00101,-0.00412","0,0.0128,0,0.0128,0,0,0,-0.0128","0,0.0183,0,0.0213,0,0,0,0",0.08544921875,0.08751805126667023,1,0.5377969741821289,0.032326456159353256
27,down_proj,gptq,5120,13824,0,0.002004326714409722,0.0015209904423466435,945.8132369235682,0.02957952712624473,3035.975341796875,2085.77001953125,55.876678466796875,99.60577392578125,126.87113952636719,114.2413101196289,0.8773772716522217,945.491455078125,0.09755464643239975,"13181,5347,460,4185,7730,8474,3623,4235,9227,3251,10982,11201,12898,12846,11960,4408",325.2079772949219,,,,,0,89.90633392333984,80.19395446777344,56.91260528564453,51.337554931640625,"1.110,0.953,1.458,1.042,1.153,1.038,1.167,1.070",9761.681640625,12102.01171875,"1.086e+04,1.245e+04,399.5,9449,9901,7789,1.171e+04,1.553e+04",21.25749969482422,18.382991790771484,"37.1,25.71,20.68,16.38,16.37,15.29,17.79,20.73","15.81,9.987,10.7,6.601,6.836,6.147,7.519,8.391","15.01,10.23,8.86,6.467,6.365,6.035,6.96,8.112",4675,0.007171531207859516,4675,0.014468762092292309,"13164,7854,5347,5870,617,6963,10117,5741",0.15844161808490753,0.3637451231479645,0.36933594942092896,"1.77,1.68,1.37,1.8,1.69,1.77,1.31,1.48","3.59,2.58,2.19,2.14,1.78,1.75,1.56,1.45","-0.0562,-0.0417,0.891,0.0649,-0.00288,-0.0206,-0.131,0.064","0,-0.0941,0.944,0.0643,0,0,-0.0905,0.12","0,0,0.763,0.0555,0,0,-0.0893,0.121",1.1015625,0.9441964626312256,3,0.5789216756820679,0.7656757235527039
28,q_proj,gptq,5120,5120,0,0.0020381927490234373,0.001470184326171875,332.8991303224689,0.031111613937644035,970.2662353515625,651.9463500976562,114.07389831542969,315.72314453125,401.4515380859375,408.6429138183594,0.7946056723594666,331.982177734375,0.31047502160072327,"693,157,2099,3388,2953,1031,1824,4344,28,2428,3931,228,2673,3799,1754,2657",408.66241455078125,,,,,0,139.97219848632812,187.369873046875,160.22357177734375,194.9629364013672,"0.885,0.794,1.043,0.581,0.540,0.731,0.912,0.771",3374.91162109375,4197.0341796875,"3290,4133,429.5,3619,3614,3285,4269,4361",37.462921142578125,39.286590576171875,"43.56,46.38,12.22,41.65,42.06,37.13,37.29,39.42","14.48,14.54,4.746,11.06,11.04,11.26,12.52,12.17","15.39,16.32,4.647,14.51,15.02,13.18,13.11,13.87",1223,0.00520768528804183,2733,0.004720288794487715,"693,2099,3388,2428,157,1824,4775,4344",0.8336729407310486,0.5565185546875,0.560839831829071,"1.23,0.666,1.09,1.23,1.41,1.21,1.23,1.4","18.9,16.6,8.69,7.75,6.69,4.5,4.34,4.12","0.0118,-0.03,0.00155,-0.0327,-0.0442,0.0237,-0.0179,0.0574","0,-0.0382,0,-0.0382,-0.0382,0.0382,-0.0382,0.0765","0.0204,-0.0303,0,-0.0326,-0.036,0.0199,-0.0264,0.0536",0.1337890625,0.1146763488650322,6,0.7967407703399658,0.27985817193984985
28,k_proj,gptq,1024,5120,0,0.002026939392089844,0.0014768600463867187,88.64878946942935,0.03535936315408803,244.27011108398438,161.17372131347656,28.634761810302734,85.61946105957031,112.49874877929688,113.12548828125,0.7946056723594666,88.19602966308594,0.3592987358570099,"693,157,2099,3388,1824,2953,1031,28,4344,2428,2657,228,3931,1754,2673,3799",408.66241455078125,,,,,0,38.0155143737793,52.08897018432617,43.09242248535156,52.10718536376953,"0.899,0.786,1.140,0.486,0.525,0.705,0.940,0.758",3374.91162109375,4197.0341796875,"3290,4133,429.5,3619,3614,3285,4269,4361",37.462921142578125,39.286590576171875,"43.56,46.38,12.22,41.65,42.06,37.13,37.29,39.42","7.771,7.861,2.317,5.494,5.672,5.684,6.552,6.242","8.195,8.869,2.17,7.879,7.826,6.77,6.757,7.167",504,0.029678570106625557,380,0.02882293239235878,"693,2099,3388,2428,157,1824,4775,4344",1.215704083442688,0.4344482421875,0.402587890625,"0.871,0.831,0.948,0.942,0.937,1.05,0.825,0.864","18.9,16.6,8.69,7.75,6.69,4.5,4.34,4.12","0.0449,0.0425,-0.0325,-0.00656,-0.0243,0.166,-0.0452,0.0161","0.0681,0.0681,0,0,0,0.136,-0.0681,0","0.0366,0.0385,-0.0229,0,-0.0304,0.142,-0.0594,0",0.23828125,0.2042410671710968,2,0.9771960973739624,0.0275590717792511
28,v_proj,gptq,1024,5120,0,0.0020147323608398437,0.0014537811279296876,60.38734207395975,0.025126007963124353,210.18406677246094,152.5079345703125,24.642345428466797,56.48674011230469,61.444847106933594,67.56365966796875,0.7946056723594666,60.282962799072266,0.1455937623977661,"693,157,1824,1031,2953,2099,4344,28,3388,2673,2428,3799,2657,228,2797,212",408.66241455078125,,,,,0,23.166419982910156,28.930513381958008,29.517745971679688,34.721221923828125,"0.839,0.773,1.200,0.727,0.747,0.762,0.926,0.819",3374.91162109375,4197.0341796875,"3290,4133,429.5,3619,3614,3285,4269,4361",37.462921142578125,39.286590576171875,"43.56,46.38,12.22,41.65,42.06,37.13,37.29,39.42","5.126,5.576,1.598,4.889,4.854,4.704,5.211,5.354","5.595,6.344,1.458,5.734,5.617,5.388,5.415,5.915",779,0.010324940085411072,306,0.012749207206070423,"693,2099,3388,2428,157,1824,4775,4344",0.267794132232666,0.8221435546875,0.9012451171875,"0.14,0.146,0.149,0.228,0.207,0.284,0.323,0.193","18.9,16.6,8.69,7.75,6.69,4.5,4.34,4.12","0.000858,-0.000633,0.000721,-0.00308,0.00146,-0.00109,-0.00604,0.00507","0,0,0,0,0,0,-0.0103,0","0,0,0,0,0,0,0,0",0.12060546875,0.10044340789318085,1,0.49327224493026733,0.13797906041145325
28,o_proj,gptq,5120,5120,0,0.002068939208984375,0.0014737701416015624,400.1858556979496,0.03666801688045518,1141.2952880859375,627.1871337890625,22.035127639770508,71.74417114257812,73.40735626220703,122.59481048583984,0.6877590417861938,398.96417236328125,0.06113871932029724,"3068,3017,1202,818,2978,2968,1074,3070,3025,3041,2989,3061,3015,2969,3013,3023",34.67181396484375,,,,,0,38.22392272949219,69.48847961425781,29.713420867919922,49.54296875,"0.567,0.543,0.619,0.530,0.531,0.534,0.568,0.550",7849.0009765625,5805.22607421875,"1.624e+04,1.723e+04,1960,8680,3901,4126,4501,6151",22.49877166748047,20.155853271484375,"33.53,35.26,11.04,24.83,17.9,18.19,17.66,21.58","8.85,9.142,3.045,6.397,4.516,4.591,4.621,5.556","11.75,12.41,3.871,8.789,6.198,6.282,6.128,7.493",344,0.0051447986625134945,4675,0.006863573100417852,"3029,2969,2761,2713,3043,3060,2979,2967",0.13235722482204437,0.3482421934604645,0.3580078184604645,"1.63,1.66,0.982,1.22,1.52,1.5,1.03,1.52","1.84,1.75,1.71,1.57,1.51,1.51,1.49,1.43","-0.0104,-0.000824,-0.00155,-0.00388,-0.0342,-0.00854,-0.033,-0.0217","0,0,0,0,-0.0296,0,-0.0296,0","-0.019,0,0,0,-0.0379,0,-0.0379,-0.019",0.3203125,0.29258960485458374,1,0.3239081799983978,0.09406866878271103
28,gate_proj,gptq,13824,5120,0,0.0020310578522858796,0.0014724166304976851,585.5955618745647,0.02083565921031058,2292.084716796875,1820.8724365234375,189.3268585205078,417.4390563964844,435.08245849609375,445.64434814453125,0.7486163973808289,584.1302490234375,0.13813604414463043,"4610,2950,655,2710,4938,1093,11,1307,4020,2099,228,3593,3553,4436,1567,4794",164.80062866210938,,,,,0,202.19546508789062,219.54782104492188,215.45590209960938,235.3693389892578,"0.980,1.020,1.271,0.855,0.800,0.825,0.931,0.875",4142.8369140625,4837.37060546875,"4291,5146,1154,4414,4163,3507,5198,5270",24.343826293945312,25.545419692993164,"26.71,26.21,15.76,25.25,25.13,22.64,26.11,26.94","15.88,15.94,10.61,14,13.66,12.53,15.24,15.07","16.04,15.78,9.407,15.14,15.28,13.79,15.79,16.11",1084,0.0024930040817707777,6684,0.0019785016775131226,"2099,4775,655,693,3094,1466,3593,1567",0.1980547457933426,0.3591579794883728,0.36034253239631653,"2.56,2.28,3.09,2.18,2.51,2.62,2.65,2.48","4.38,2.88,2.83,2.78,2.72,2.53,2.47,2.44","-0.0933,0.0325,-0.026,-0.0342,-0.0359,-0.115,-0.012,0.149","-0.0815,0,0,0,0,-0.0815,0,0.163","-0.108,0.0639,-0.0338,-0.0338,-0.0427,-0.11,0,0.128",0.28515625,0.2444196492433548,7,0.6822197437286377,0.37461647391319275
28,up_proj,gptq,13824,5120,0,0.002040297896773727,0.0015030189796730324,634.687754528597,0.018654605452534258,2680.906494140625,2119.79296875,224.69113159179688,470.67401123046875,480.4481201171875,505.730712890625,0.7486163973808289,633.666748046875,0.09520544111728668,"4610,2950,655,1093,11,4938,2710,1307,4020,228,2099,3593,4436,4794,3553,1567",164.80062866210938,,,,,0,219.66177368164062,248.0797119140625,244.2458953857422,267.45611572265625,"0.862,0.943,0.939,0.879,0.830,0.854,0.940,0.860",4142.8369140625,4837.37060546875,"4291,5146,1154,4414,4163,3507,5198,5270",24.343826293945312,25.545419692993164,"26.71,26.21,15.76,25.25,25.13,22.64,26.11,26.94","16.11,16.52,9.232,14.98,14.51,13.43,16.33,16.05","17.35,17.01,9.529,15.98,15.93,14.53,16.84,17.31",69,0.001479033031500876,11592,0.0012445533648133278,"2099,4775,655,693,3094,1466,3593,1567",0.12636308372020721,0.514892578125,0.5977828502655029,"1.56,1.99,1.47,1.85,1.06,1.84,1.71,1.86","4.38,2.88,2.83,2.78,2.72,2.53,2.47,2.44","0.00598,0.0114,0.00497,0.0184,-0.00629,-0.00203,-0.00386,0.0043","0.0116,0.0116,0,0.0116,-0.0116,0,0,0","0,0,0,0.0225,0,0,0,0",0.126953125,0.14630666375160217,1,0.5579564571380615,0.07193615287542343
28,down_proj,gptq,5120,13824,0,0.0019939422607421877,0.001519846033166956,1058.2344176462248,0.03258198666516492,3184.4873046875,2133.582763671875,62.73337936401367,123.95159912109375,127.69292449951172,123.44395446777344,0.9278197288513184,1057.510009765625,0.09071474522352219,"6193,1743,5528,5743,4418,4544,12379,5370,1635,1596,9849,6290,1608,9215,8984,7148",666.0568237304688,,,,,0,60.2973747253418,57.583892822265625,64.08832550048828,62.69103240966797,"1.049,1.052,0.943,0.903,1.115,0.891,1.161,1.124",10663.505859375,11805.46875,"1.225e+04,1.546e+04,356.8,1.169e+04,9466,6935,1.241e+04,1.674e+04",18.21381378173828,19.998363494873047,"21.97,22.46,3.71,21.18,17.52,16.32,19.27,23.28","8.938,9.164,1.43,7.868,7.358,6.23,8.238,9.682","8.727,8.933,1.473,8.282,6.967,6.599,7.647,9.131",1180,0.0030727561097592115,4675,0.0073970286175608635,"6193,5866,11848,190,1977,3923,1743,2554",0.12752443552017212,0.41108399629592896,0.4360595643520355,"1.35,1.44,1.64,1.54,1.32,1.16,1.36,1.36","3.39,2.88,2.67,1.91,1.69,1.66,1.55,1.4","-0.0325,0.00891,0.01,-0.0228,0.0139,0.00208,-0.0371,0.0103","-0.0586,0,0.0242,-0.0447,0.0254,0,-0.0586,0.0211","-0.0525,0,0,0,0.0218,0,-0.0301,0.0187",0.26953125,0.23554931581020355,2,0.40789347887039185,0.11116718500852585
29,q_proj,gptq,5120,5120,0,0.0020369720458984376,0.0014670562744140624,345.01128962008806,0.03145146695451457,1018.3260498046875,699.195068359375,133.23191833496094,398.00970458984375,476.09295654296875,519.3461303710938,0.8066272139549255,344.08642578125,0.2866601049900055,"693,157,2099,3388,1031,2953,1824,2428,28,4610,3799,3931,2797,2657,2673,4344",378.6162109375,,,,,0,170.48907470703125,251.84283447265625,191.91122436523438,245.32003784179688,"0.760,0.711,1.003,0.600,0.505,0.612,0.800,0.714",3505.26708984375,4268.79443359375,"3420,4287,415.4,3815,3573,3268,4600,4662",41.63771057128906,43.25531005859375,"48,52.77,11.95,46.5,46.5,41.11,43.04,43.22","15.54,16.39,4.638,13.22,11.98,11.82,14.18,13.16","17.83,19.43,4.632,17.06,16.86,15.11,15.86,15.58",954,0.007900654338300228,1016,0.0074562919326126575,"693,2099,2428,3388,157,4775,1824,1567",0.8301230072975159,0.5450439453125,0.5896240472793579,"1.04,0.678,1.13,0.96,1.3,1.2,1.07,1.09","22.1,17.5,9.62,8.94,7.19,5.97,5.47,4.59","-0.00362,0.0205,0.0101,0.00644,0.0165,0.0276,-0.0232,-0.0166","0,0,0,0,0,0,0,0","0,0.016,0,0,0.0251,0.0393,-0.0218,0",0.2578125,0.305048406124115,1,1.0651017427444458,0.33550822734832764
29,k_proj,gptq,1024,5120,0,0.002047157287597656,0.0014570236206054687,114.79458730342003,0.04524108310228194,281.498046875,184.65597534179688,37.491729736328125,117.36111450195312,176.23855590820312,154.41940307617188,0.8066272139549255,113.92973327636719,0.38046547770500183,"693,157,1824,3388,2099,2953,1031,2428,4610,3799,28,2657,3931,2673,2797,4344",378.6162109375,,,,,0,54.46003723144531,73.18315887451172,59.20551681518555,75.74726104736328,"0.841,0.843,1.381,0.626,0.530,0.653,0.962,0.715",3505.26708984375,4268.79443359375,"3420,4287,415.4,3815,3573,3268,4600,4662",41.63771057128906,43.25531005859375,"48,52.77,11.95,46.5,46.5,41.11,43.04,43.22","8.731,9.494,2.618,7.362,6.77,6.601,8.009,7.396","9.519,10.34,2.228,9.304,9.298,8.169,8.166,8.749",247,0.0322750024497509,511,0.020876938477158546,"693,2099,2428,3388,157,4775,1824,1567",1.0172598361968994,0.430908203125,0.4150390625,"0.841,0.775,0.893,0.915,0.959,0.845,1.04,0.86","22.1,17.5,9.62,8.94,7.19,5.97,5.47,4.59","-0.0203,-0.0369,-0.0613,0.0281,0.0713,-0.0566,-0.115,0.00684","0,0,-0.0988,0,0.0988,-0.0988,-0.0988,0","-0.0215,-0.0438,-0.0653,0.0271,0.0804,-0.0988,-0.124,0",0.3671875,0.4251407980918884,1,1.2163329124450684,0.8218892812728882
29,v_proj,gptq,1024,5120,0,0.0020030975341796876,0.001486968994140625,52.24283134721571,0.023675328269321193,193.41061401367188,142.63478088378906,24.828874588012695,64.75969696044922,61.68154525756836,74.013916015625,0.8066272139549255,52.13370132446289,0.12975549697875977,"693,157,1824,2953,3388,2099,1031,2428,3799,4610,28,3931,2657,2673,2797,4344",378.6162109375,,,,,0,23.81414222717285,32.26933288574219,28.75845718383789,36.66551971435547,"0.777,0.745,1.147,0.684,0.640,0.757,0.760,0.779",3505.26708984375,4268.79443359375,"3420,4287,415.4,3815,3573,3268,4600,4662",41.63771057128906,43.25531005859375,"48,52.77,11.95,46.5,46.5,41.11,43.04,43.22","5.183,5.747,1.49,4.932,4.804,4.71,5.427,5.419","5.878,6.66,1.391,5.963,6.003,5.413,6.224,6.139",683,0.010745514184236526,734,0.010319681838154793,"693,2099,2428,3388,157,4775,1824,1567",0.2658943831920624,0.6986083984375,0.86279296875,"0.16,0.164,0.23,0.165,0.236,0.302,0.276,0.313","22.1,17.5,9.62,8.94,7.19,5.97,5.47,4.59","0.00214,-0.00693,0.0016,0.00015,0.00212,-0.0117,0.00842,0.0027","0,-0.0107,0,0,0,-0.0107,0.0107,0","0,0,0,0,0,-0.0201,0.015,0",0.09423828125,0.09196984022855759,1,0.4979805052280426,0.27589333057403564
29,o_proj,gptq,5120,5120,0,0.0020948410034179687,0.0014584732055664062,370.2927001381163,0.03476140091365685,1065.329833984375,608.1412353515625,23.432003021240234,73.31317138671875,87.69749450683594,150.1372833251953,0.5799390077590942,369.38037109375,0.04642404988408089,"2866,1536,2794,1792,1664,1408,905,4232,4104,4360,777,2610,1280,1929,2738,1033",29.8668212890625,,,,,0,47.350547790527344,86.64974975585938,33.16064453125,59.08403778076172,"0.533,0.518,0.589,0.548,0.557,0.504,0.639,0.601",9483.3994140625,5908.666015625,"2.113e+04,2.3e+04,1943,5321,4492,5132,6117,8729",25.473140716552734,22.91107177734375,"39.37,41.71,10.9,21.27,19.65,23.02,21.81,26.05","9.943,10.31,2.929,5.248,4.898,5.39,6.017,6.941","13.61,14.34,3.815,7.09,6.561,7.593,7.525,8.952",3094,0.012268402613699436,3094,0.005922229494899511,"2640,961,3024,4152,2666,2922,2768,997",0.09799449145793915,0.3985595703125,0.37492677569389343,"0.972,1.21,1.13,1.52,0.905,0.922,1,1.31","1.89,1.89,1.73,1.63,1.48,1.43,1.38,1.36","-0.00204,-0.102,-0.0967,-0.0608,-0.144,0.04,-0.0703,-0.0267","0,-0.0725,-0.0725,-0.0793,-0.145,0.0725,-0.0725,0","0,-0.112,-0.117,-0.0505,-0.123,0.0645,-0.0603,-0.0374",0.396484375,0.452592134475708,1,0.5425366163253784,0.5049275755882263
29,gate_proj,gptq,13824,5120,0,0.0020325837311921295,0.0014666945845992476,578.7881146783475,0.020478073672766144,2277.650146484375,1800.4613037109375,195.69091796875,437.9257507324219,436.07159423828125,467.875244140625,0.7816178798675537,577.72412109375,0.13369736075401306,"655,2950,4610,2710,4938,1307,4020,1093,3593,3553,2099,4794,1567,4436,1466,11",185.04335021972656,,,,,0,194.5194854736328,220.1153564453125,211.5732879638672,242.08692932128906,"0.937,0.968,1.263,0.822,0.791,0.847,0.914,0.823",4132.0595703125,4722.55859375,"4165,5255,733.8,4382,4190,3877,5356,5097",24.31595802307129,26.037460327148438,"25.75,26.83,11.49,25.98,25.67,24.35,27.09,27.37","14.86,15.9,7.857,14.12,13.71,13.28,15.44,14.79","15.35,16.16,6.992,15.57,15.42,14.43,16.16,16.3",640,0.002888366812840104,3624,0.0018012752989307046,"2099,1567,4775,1466,4597,4675,655,3593",0.2009202241897583,0.3380533754825592,0.3296169638633728,"2.61,2.55,2.35,2.66,2.63,2.57,3.05,2.74","3.97,2.81,2.8,2.61,2.58,2.58,2.5,2.38","0.12,-0.061,0.0645,-0.0275,-0.0557,-0.0977,-0.0496,0.0723","0.125,-0.0416,0.0831,-0.0416,-0.0416,-0.0831,-0.0416,0.0831","0.111,-0.0592,0.0725,-0.0326,-0.043,-0.0804,-0.0349,0.0603",0.23828125,0.25906097888946533,1,0.7368364930152893,0.36628395318984985
29,up_proj,gptq,13824,5120,0,0.00204127276385272,0.0014947114167390045,625.6456279149861,0.018360097169838534,2653.0537109375,2082.6064453125,231.7293701171875,485.21514892578125,486.87164306640625,529.556640625,0.7816178798675537,625.03173828125,0.09081850200891495,"4610,2950,655,4938,2710,1093,4020,1307,3593,3553,4794,1567,2099,4436,1466,11",185.04335021972656,,,,,0,217.20068359375,246.96266174316406,241.57208251953125,273.69354248046875,"0.854,0.963,0.974,0.837,0.814,0.859,0.950,0.848",4132.0595703125,4722.55859375,"4165,5255,733.8,4382,4190,3877,5356,5097",24.31595802307129,26.037460327148438,"25.75,26.83,11.49,25.98,25.67,24.35,27.09,27.37","15.12,16.69,7.226,15.05,14.66,14.27,16.58,16.06","16.35,17.01,7.323,16.45,16.25,15.4,17.01,17.44",3144,0.0016828859224915504,8867,0.0011035146890208125,"2099,1567,4775,1466,4597,4675,655,3593",0.12650452554225922,0.487603098154068,0.5556007623672485,"1.58,1.86,2.06,1.89,2.06,1.1,1.5,1.79","3.97,2.81,2.8,2.61,2.58,2.58,2.5,2.38","-0.00903,-0.00748,0.0104,0.0176,-0.00897,-0.00568,-0.004,-0.00102","0,0,0,0.0211,0,0,0,0","0,0,0,0,0,0,0,0",0.203125,0.2310171276330948,1,0.6014454364776611,0.3603750467300415
29,down_proj,gptq,5120,13824,0,0.0019981949417679397,0.0015260484483506944,1083.0613467514013,0.033163594926843794,3192.878662109375,2104.48583984375,71.52001190185547,136.95721435546875,148.58425903320312,135.79107666015625,0.6126578450202942,1081.79296875,0.08735836297273636,"6549,1810,3918,6114,3958,3128,3039,4698,11690,4107,9194,10797,9519,278,9514,2843",161.18911743164062,,,,,0,68.27740478515625,63.209068298339844,70.51835632324219,65.57496643066406,"1.087,1.114,1.289,0.979,1.050,1.073,1.207,1.075",10750.9462890625,11393.326171875,"1.164e+04,1.517e+04,213.9,1.355e+04,1.045e+04,8245,1.223e+04,1.451e+04",19.2767276763916,20.526378631591797,"21.48,23.94,2.505,23.78,20.34,17.73,20.52,23.92","8.712,9.789,1.132,9.223,8.121,7.227,8.714,9.697","8.355,9.276,0.9971,9.323,7.927,6.976,7.931,9.355",1567,0.006794629618525505,3088,0.002781287534162402,"9131,1736,4306,9003,8399,1494,13627,7909",0.17868272960186005,0.3555664122104645,0.3781494200229645,"1.19,1.32,1.5,1.51,1.14,1.64,1.68,1.44","4.56,3.34,2.66,2.5,2.3,2.23,2.08,1.88","0.0229,0.0593,-0.0219,-0.000813,-0.00243,-0.0157,0.00152,-0.0249","0.0328,0.0656,-0.0328,0,0,0,0,-0.0343","0,0.0569,-0.0413,0,0,-0.0187,0,-0.0204",0.23046875,0.22805659472942352,1,0.6694130301475525,0.21691647171974182
30,q_proj,gptq,5120,5120,0,0.0020253753662109377,0.0014769744873046875,310.9072739882281,0.02767879191227279,986.077880859375,686.3846435546875,124.0001220703125,354.04248046875,415.5457763671875,458.73443603515625,0.8142669200897217,310.2174072265625,0.28329941630363464,"693,157,2099,3388,2953,1031,1824,28,3799,2428,2657,4344,3931,2797,1754,2673",433.34375,,,,,0,144.62782287597656,207.03903198242188,171.45272827148438,224.31500244140625,"0.721,0.711,1.102,0.603,0.519,0.726,0.925,0.697",3593.796875,4290.3623046875,"3478,4430,424.4,4036,3820,3544,4536,4482",38.435821533203125,41.36632537841797,"43.6,47.66,11.22,43.13,43.6,38.85,39.04,40.37","13.49,14.56,4.449,12.03,11.25,11.71,13.57,12.28","15.89,17.27,4.238,15.49,15.62,13.74,14.11,14.7",1526,0.004509834107011557,1075,0.005051691550761461,"693,2099,2428,157,3388,4775,1824,1567",0.6988776922225952,0.557202160358429,0.589111328125,"1.16,0.635,1.14,1.27,0.992,1.22,1.09,1.15","18.8,17.1,8.88,7.78,6.69,4.72,4.53,4.38","0.0103,0.0101,-0.00504,-0.021,-0.00769,0.0167,0.00885,0.00952","0.0194,0.0194,0,-0.0194,0,0.0194,0,0.0194","0,0,0,-0.0188,0,0.0236,0,0.0187",0.1181640625,0.11251431703567505,1,0.755631148815155,0.13775122165679932
30,k_proj,gptq,1024,5120,0,0.0020441055297851563,0.0014963150024414062,93.93922376689761,0.03505211201745109,256.2935791015625,176.83389282226562,32.32492446899414,105.68472290039062,134.42445373535156,139.59231567382812,0.8142669200897217,93.72599792480469,0.38798588514328003,"693,157,2099,3388,2953,1824,1031,3799,28,2428,2657,4344,3931,1754,4610,2797",433.34375,,,,,0,43.209754943847656,69.25577545166016,51.661537170410156,68.17832946777344,"0.656,0.623,1.536,0.505,0.471,0.626,0.822,0.650",3593.796875,4290.3623046875,"3478,4430,424.4,4036,3820,3544,4536,4482",38.435821533203125,41.36632537841797,"43.6,47.66,11.22,43.13,43.6,38.85,39.04,40.37","7.631,8.119,2.516,6.191,6.141,6.467,7.336,6.596","9.423,10.29,2.03,8.712,8.952,8.175,8.093,8.181",762,0.021005189046263695,123,0.020997995510697365,"693,2099,2428,157,3388,4775,1824,1567",1.0266214609146118,0.4287109375,0.3953857421875,"0.972,0.925,1.07,1,1,0.892,1.17,0.961","18.8,17.1,8.88,7.78,6.69,4.72,4.53,4.38","-0.0047,-0.0645,-0.145,0.0708,0.0669,-0.0244,0.0889,0.0557","0,-0.043,-0.129,0.0859,0.0859,-0.043,0.0859,0.043","0,-0.0762,-0.124,0.0787,0.0695,-0.0286,0.0942,0.0536",0.150390625,0.1289062649011612,7,0.8900816440582275,0.40896886587142944
30,v_proj,gptq,1024,5120,0,0.0020429611206054686,0.0015153884887695312,55.50562559524346,0.02349293948574281,212.00115966796875,164.22763061523438,26.567256927490234,65.040283203125,63.984962463378906,77.16058349609375,0.8142669200897217,55.35355758666992,0.13455207645893097,"693,157,1824,2099,3799,1031,2953,2428,2797,4610,3388,28,3931,4344,415,2657",433.34375,,,,,0,24.85362434387207,34.50897979736328,30.239479064941406,38.171424865722656,"0.766,0.700,1.085,0.662,0.575,0.719,0.802,0.801",3593.796875,4290.3623046875,"3478,4430,424.4,4036,3820,3544,4536,4482",38.435821533203125,41.36632537841797,"43.6,47.66,11.22,43.13,43.6,38.85,39.04,40.37","5.412,5.745,1.569,5.083,4.706,4.886,5.624,5.53","6.185,6.867,1.507,6.247,6.207,5.763,6.28,6.181",930,0.02068219892680645,797,0.012948748655617237,"693,2099,2428,157,3388,4775,1824,1567",0.25609058141708374,0.767822265625,0.8748779296875,"0.145,0.138,0.24,0.208,0.132,0.343,0.275,0.305","18.8,17.1,8.88,7.78,6.69,4.72,4.53,4.38","0.00109,0.00204,-0.00287,0.00212,-0.0005,0.00424,0.00374,-0.00577","0,0,0,0,0,0,0,0","0,0,0,0,0,0,0,0",0.1748046875,0.15034960210323334,2,0.6768380999565125,0.2534578740596771
30,o_proj,gptq,5120,5120,0,0.002064857482910156,0.0014788055419921876,378.18135702901236,0.03431610664495545,1107.835205078125,626.798095703125,30.164966583251953,91.00387573242188,92.50210571289062,161.92971801757812,0.6703067421913147,376.62689208984375,0.04170747101306915,"2314,2186,2058,2442,3756,2849,3628,3372,2593,3105,3244,2977,441,1823,1311,4125",41.8459358215332,,,,,0,40.872337341308594,78.24412536621094,49.23542785644531,89.881103515625,"0.491,0.479,0.550,0.578,0.580,0.510,0.552,0.565",5805.3955078125,6936.29150390625,"9800,1.129e+04,1103,4331,3295,4226,5554,6846",24.12088394165039,27.151382446289062,"33.26,36.13,10.38,21.2,19.18,21.9,24.04,26.89","8.118,8.743,2.67,5.695,5.075,5.498,6.298,7.032","11.59,12.63,3.6,7.492,6.663,7.697,8.479,9.355",4675,0.006414551287889481,4675,0.021743077784776688,"1998,1963,3867,1958,3902,1933,3906,3899",0.10010947287082672,0.34357911348342896,0.3421874940395355,"1.22,1.19,1.47,1.35,1.39,1.3,1.54,0.97","2.06,1.94,1.9,1.73,1.7,1.53,1.49,1.41","-0.063,-0.134,-0.426,0.162,-0.189,-0.0674,-0.625,0.0962","0,-0.179,-0.495,0.108,-0.179,0,-0.714,0.179","-0.109,-0.109,-0.357,0.109,-0.179,-0.109,-0.714,0.179",0.625,0.7142857313156128,1,0.4064757525920868,0.9824790954589844
30,gate_proj,gptq,13824,5120,0,0.002032400060583044,0.0014650274206090856,594.522317623574,0.020789264015754587,2290.373779296875,1804.11962890625,202.46307373046875,461.90093994140625,450.36846923828125,487.48248291015625,0.760963499546051,593.8148193359375,0.1361321210861206,"655,2710,2950,4938,4610,4020,1093,3553,3593,4794,11,4436,1466,2099,1567,3532",204.4645233154297,,,,,0,201.75405883789062,227.6668701171875,221.1750030517578,254.31204223632812,"0.951,0.964,1.606,0.807,0.801,0.837,0.902,0.818",4115.8115234375,4748.32373046875,"3976,5062,742.1,4282,4133,4064,5419,5248",24.666271209716797,26.73178482055664,"25.31,26.99,10.84,26.39,26.11,25.45,27.89,28.34","14.82,15.97,8.284,14.14,13.84,13.85,15.97,15.25","15.19,16.26,6.537,15.74,15.47,15.13,16.82,16.87",1602,0.002440322656184435,287,0.003323208075016737,"2099,655,4675,4775,1567,4597,1466,3593",0.20007088780403137,0.33662471175193787,0.32615378499031067,"2.55,3.03,2.58,2.32,2.52,2.64,2.63,2.73","3.64,3.14,2.92,2.72,2.72,2.64,2.47,2.2","-0.0247,-0.0267,-0.0231,0.0349,0.0284,-0.0554,-0.0601,0.0267","0,0,0,0,0,-0.0882,-0.0882,0.0882","0,-0.0321,-0.0215,0.0349,0.0319,-0.0575,-0.055,0.0325",0.447265625,0.377410352230072,1,0.6838100552558899,0.34457290172576904
30,up_proj,gptq,13824,5120,0,0.0020500606960720488,0.0015112841570818867,631.4222788004845,0.01847730305127516,2637.2392578125,2064.097900390625,237.11048889160156,512.3607788085938,500.4132080078125,552.054443359375,0.760963499546051,630.803466796875,0.09247485548257828,"2950,4610,655,4938,2710,1093,4020,3553,3593,11,4794,1466,4436,2099,1567,3532",204.4645233154297,,,,,0,223.0860595703125,256.1178283691406,248.50375366210938,287.1578369140625,"0.879,0.922,1.230,0.828,0.788,0.844,0.915,0.852",4115.8115234375,4748.32373046875,"3976,5062,742.1,4282,4133,4064,5419,5248",24.666271209716797,26.73178482055664,"25.31,26.99,10.84,26.39,26.11,25.45,27.89,28.34","15.17,16.49,7.596,15.14,14.66,14.78,16.92,16.63","16.17,17.17,6.85,16.64,16.51,16.09,17.68,18.01",10636,0.00129414489492774,3358,0.001682759029790759,"2099,655,4675,4775,1567,4597,1466,3593",0.12459234148263931,0.46410229802131653,0.5329138040542603,"1.66,1.58,1.14,2.14,1.94,2.13,1.97,1.88","3.64,3.14,2.92,2.72,2.72,2.64,2.47,2.2","-0.00952,0.00406,0.0156,0.0248,0.00916,0.0132,-0.012,0.00249","0,0,0.0227,0.0227,0,0,-0.0227,0","-0.0172,0,0.0244,0.0297,0,0.0188,-0.0215,0",0.10400390625,0.12156619131565094,1,0.5273092985153198,0.162165105342865
30,down_proj,gptq,5120,13824,0,0.0019972624602141204,0.0015188429090711806,1125.6737266467835,0.03430359654612121,3205.96044921875,2067.520263671875,81.58424377441406,158.7826690673828,178.12423706054688,164.441162109375,0.9140053987503052,1125.11669921875,0.09978461265563965,"5627,9289,3252,5032,8768,1023,11021,5923,10944,9109,8053,1656,5758,9313,5097,4456",300.9422912597656,,,,,0,87.89978790283203,80.95870208740234,84.61729431152344,80.94670104980469,"1.101,1.136,1.533,0.967,1.041,1.097,1.215,1.070",11196.9462890625,11975.046875,"1.081e+04,1.472e+04,208,1.341e+04,1.162e+04,8797,1.288e+04,1.713e+04",21.88363265991211,22.71062660217285,"23.78,27.52,2.544,25.81,24.82,19.59,23.03,27.98","9.575,11.18,1.183,10,9.824,8.032,9.924,11.21","9.126,10.49,0.9554,10.17,9.631,7.669,9.002,10.84",4675,0.04081254452466965,4675,0.022994711995124817,"13704,10714,2273,9525,5627,5781,12445,4843",0.3557291626930237,0.3794189393520355,0.3930908143520355,"1.74,1.49,1.45,1.15,1.33,1.56,1.68,1.67","7.53,6.66,6.22,5.19,4.97,3.03,2.48,2.44","-0.0208,-0.0242,0.0247,0.0374,0.953,-0.0165,0.0097,-0.0242","0,0,0,0,0.817,0,0,0","-0.03,-0.0444,0,0.0558,0.817,0,0,0",0.953125,0.8169642686843872,4,1.9847148656845093,1.460458517074585
31,q_proj,gptq,5120,5120,0,0.002062225341796875,0.0014737319946289062,297.2398754689857,0.02661459691221558,967.110595703125,681.6909790039062,123.5889663696289,344.0602111816406,422.89447021484375,445.3174133300781,0.8085051774978638,296.80291748046875,0.2857370972633362,"693,2099,157,3388,2953,1031,1824,28,3799,2797,2428,1754,3931,2657,4925,4610",515.5589599609375,,,,,0,143.32049560546875,193.28564453125,175.48452758789062,215.59857177734375,"0.744,0.771,1.166,0.613,0.598,0.803,0.955,0.708",3678.612060546875,4371.966796875,"3429,4166,514.1,4121,3858,3620,4842,4880",37.24652099609375,40.69049835205078,"40.99,44.53,10.9,41.85,42.08,37.68,38.77,41.17","12.71,13.89,4.408,11.74,11.62,12.17,13.78,12.73","14.73,15.81,4.082,14.99,15.02,13.59,14.11,15.13",4079,0.0048335278406739235,629,0.004234503023326397,"2099,693,2428,157,3388,4775,1567,1824",0.5621099472045898,0.543749988079071,0.577954113483429,"0.56,1.2,1.18,1.37,1.04,1.24,1.07,1.1","18.2,15.7,8.12,6.94,5.16,4.53,4.09,3.53","-0.00726,0.0762,-0.0287,-0.0106,0.033,-0.0747,-0.0219,-0.00601","0,0.0547,0,0,0,-0.109,0,0","0,0.0653,-0.0356,-0.0175,0.0363,-0.0854,-0.0198,0",0.19140625,0.1640625149011612,1,0.8075504302978516,0.25616687536239624
31,k_proj,gptq,1024,5120,0,0.0020364761352539063,0.0014501571655273437,91.90529769430213,0.03433167769175348,252.66403198242188,173.64144897460938,32.24793243408203,100.45117950439453,144.6459503173828,130.91957092285156,0.8085051774978638,91.78234100341797,0.3888978064060211,"693,2099,157,3388,2953,1824,1031,28,2428,3799,3931,2797,4610,2657,1754,2673",515.5589599609375,,,,,0,44.23309326171875,55.833251953125,56.52013397216797,63.43928527832031,"0.905,0.846,1.385,0.610,0.575,0.855,1.040,0.741",3678.612060546875,4371.966796875,"3429,4166,514.1,4121,3858,3620,4842,4880",37.24652099609375,40.69049835205078,"40.99,44.53,10.9,41.85,42.08,37.68,38.77,41.17","7.465,7.978,2.445,6.399,6.205,6.77,7.456,6.903","7.845,8.676,2.077,8.195,8.182,7.322,7.311,8.021",622,0.014727865345776081,255,0.01999768801033497,"2099,693,2428,157,3388,4775,1567,1824",1.0023452043533325,0.4512939453125,0.3896484375,"0.828,0.975,1.05,1.03,0.997,0.933,0.956,1.22","18.2,15.7,8.12,6.94,5.16,4.53,4.09,3.53","0.0131,-0.0315,-0.0801,-0.00699,-0.00488,-0.0143,0.0308,0.0713","0,-0.0264,-0.0791,0,0,-0.0264,0.0264,0.0791","0.0204,-0.0357,-0.0915,0,0,-0.0226,0.0257,0.0611",0.09228515625,0.1103731021285057,1,0.7530673146247864,0.0034766122698783875
31,v_proj,gptq,1024,5120,0,0.0020359039306640627,0.0015031814575195313,51.9972798179374,0.021014652785448697,202.93716430664062,152.363525390625,26.106740951538086,65.1942138671875,67.80429077148438,76.239501953125,0.8085051774978638,51.86478042602539,0.1567249298095703,"693,157,2099,2953,1031,1824,3388,3799,28,2797,2428,2657,4610,3931,1754,212",515.5589599609375,,,,,0,25.19677734375,32.5614128112793,32.37818145751953,37.70796203613281,"0.772,0.780,1.126,0.784,0.700,0.749,0.830,0.769",3678.612060546875,4371.966796875,"3429,4166,514.1,4121,3858,3620,4842,4880",37.24652099609375,40.69049835205078,"40.99,44.53,10.9,41.85,42.08,37.68,38.77,41.17","5.1,5.67,1.639,5.341,4.971,4.994,5.752,5.429","5.805,6.419,1.545,6.033,5.94,5.771,6.315,6.192",765,0.012016907334327698,816,0.010064441710710526,"2099,693,2428,157,3388,4775,1567,1824",0.2633068859577179,0.7315673828125,0.8265380859375,"0.125,0.134,0.245,0.203,0.148,0.35,0.35,0.273","18.2,15.7,8.12,6.94,5.16,4.53,4.09,3.53","-0.00138,-0.00102,0.00632,-0.00473,0.00356,0.00284,0.00053,0.00455","0,0,0.0107,0,0,0,0,0","0,0,0,0,0,0,0,0",0.10400390625,0.0929652750492096,1,0.5449619293212891,0.20328958332538605
31,o_proj,gptq,5120,5120,0,0.0020624923706054686,0.0014809417724609376,353.47718710894696,0.03193876404892048,1040.780517578125,631.0928955078125,26.542858123779297,88.50920104980469,92.66741943359375,164.49453735351562,0.5556584000587463,352.2860107421875,0.043021511286497116,"4597,4853,4725,4981,5109,3809,4442,1549,4186,1293,1421,2150,2022,3169,4058,3930",20.335796356201172,,,,,0,36.99768829345703,72.46912384033203,43.665016174316406,86.31242370605469,"0.494,0.488,0.564,0.527,0.521,0.504,0.529,0.537",5876.23828125,7045.87890625,"1.039e+04,1.147e+04,1290,3332,3072,3206,5633,8615",22.825828552246094,26.43902015686035,"32.07,33.96,10.89,17.68,17.13,18.19,23.55,29.13","8.042,8.496,2.838,4.653,4.373,4.569,5.947,7.352","11.44,12.16,3.777,6.407,6.059,6.437,8.177,10.04",4780,0.003102484392002225,3532,0.004834572318941355,"950,1206,196,1006,230,1262,2392,822",0.05195999518036842,0.33100587129592896,0.312255859375,"1.48,1.61,1.54,1.46,1.18,1.63,1.48,1.46","1.12,1.05,1.05,1.04,1.03,1.03,1.02,1.02","-0.0118,0.0061,-0.0132,-0.00516,-0.0109,-0.00037,0.0126,0.00215","-0.0211,0,0,0,0,0,0.0209,0.0152","-0.0178,0,-0.0177,0,-0.0177,0,0.0181,0",0.2001953125,0.16956079006195068,1,0.24358758330345154,0.10321544110774994
31,gate_proj,gptq,13824,5120,0,0.0020318773057725692,0.0014622723614728008,627.6733844895498,0.02152001896802684,2349.93310546875,1841.68798828125,232.31520080566406,561.1497802734375,533.038330078125,576.4949340820312,0.7247964143753052,626.316650390625,0.14101102948188782,"2710,655,4938,4610,2950,4020,3553,3593,1093,2468,3532,4436,2896,1466,4794,1567",262.79632568359375,,,,,0,233.0816650390625,263.2012634277344,258.2003173828125,302.2696533203125,"0.918,0.950,1.774,0.821,0.795,0.826,0.947,0.813",4057.67529296875,4773.224609375,"3654,4461,707.6,4355,4212,4077,5507,5487",26.123207092285156,28.656221389770508,"25.73,27.61,11.13,28.61,28.31,27.03,29.81,30.75","15.08,16.38,9.019,15.78,15.22,14.93,17.46,16.7","15.74,16.81,6.771,17.42,17.07,16.43,17.94,18.52",6872,0.004344223067164421,7143,0.002234718995168805,"655,2099,4675,4775,1466,1567,4597,1093",0.1874569207429886,0.33988896012306213,0.32342302799224854,"3.12,2.55,2.6,2.36,2.66,2.49,2.64,2.34","3.55,3.55,3.47,2.88,2.84,2.8,2.61,2.27","-0.0292,0.144,-0.121,0.0342,-0.0569,-0.0742,-0.0422,-0.0152","0,0.175,-0.0876,0,-0.0876,-0.0876,0,0","-0.0377,0.131,-0.122,0.0544,-0.0474,-0.0653,-0.0368,0",0.306640625,0.3504464328289032,1,1.0031166076660156,0.4306722581386566
31,up_proj,gptq,13824,5120,0,0.002038913302951389,0.0015026092529296874,643.1963567415951,0.01890687220547418,2636.76025390625,2054.343017578125,265.3441162109375,605.862548828125,572.1932373046875,631.8245239257812,0.7247964143753052,642.4905395507812,0.09350663423538208,"2710,655,4938,4610,2950,4020,3553,1093,3593,3532,4436,1466,2468,2896,4794,1307",262.79632568359375,,,,,0,250.82290649414062,286.48626708984375,283.8338928222656,329.34332275390625,"0.901,0.928,1.339,0.817,0.792,0.851,0.923,0.852",4057.67529296875,4773.224609375,"3654,4461,707.6,4355,4212,4077,5507,5487",26.123207092285156,28.656221389770508,"25.73,27.61,11.13,28.61,28.31,27.03,29.81,30.75","15.35,16.81,8.03,16.34,15.94,15.75,18.15,18.04","16.17,17.45,6.939,18.08,17.91,17.07,18.89,19.55",10112,0.0012859515845775604,10707,0.0016982186352834105,"655,2099,4675,4775,1466,1567,4597,1093",0.11302553862333298,0.465087890625,0.5374077558517456,"1.55,1.57,1.09,2.15,1.99,1.92,2.14,2.09","3.55,3.55,3.47,2.88,2.84,2.8,2.61,2.27","0.00891,-0.00455,0.000225,-0.0232,-0.0215,0.00516,0.012,0.0201","0.013,0,0,-0.0259,-0.0259,0,0.013,0.0259","0.0163,0,0,-0.0172,-0.019,0,0.0165,0.0197",0.0947265625,0.08385191112756729,1,0.57151198387146,0.30661076307296753
31,down_proj,gptq,5120,13824,0,0.0019964430067274308,0.001524282384801794,1155.1545451750699,0.035262321865488076,3207.375244140625,2037.5576171875,100.0140380859375,199.09808349609375,206.32106018066406,181.34954833984375,0.611680269241333,1154.5753173828125,0.09632473438978195,"5755,308,6024,9938,13773,6550,3976,3574,13072,3443,6995,6200,11123,520,5511,10287",112.15050506591797,,,,,0,85.82334899902344,79.28190612792969,102.24398040771484,88.35640716552734,"0.935,1.034,1.327,1.028,1.160,1.146,1.159,1.088",9843.078125,12413.1845703125,"6660,1.02e+04,263.8,1.186e+04,1.405e+04,9208,1.194e+04,1.456e+04",21.910736083984375,24.45102310180664,"20.79,24.83,3.202,25.41,26.82,22.1,24.36,27.77","8.118,9.869,1.427,9.834,10.92,8.994,10.11,11.05","8.394,9.707,1.239,9.698,10.14,8.402,9.395,10.59",3720,0.0034500781912356615,3578,0.0031162567902356386,"5248,7772,336,2011,2339,7014,9168,4426",0.24890032410621643,0.3428710997104645,0.3521728515625,"1.51,1.42,1.27,1.62,1.53,1.63,1.35,1.26","7.09,6.03,5.88,3.73,3.59,2.72,2.53,2.44","0.00806,0.00123,0.00381,-0.0259,0.0122,-0.000243,-0.00854,-0.000232","0.0111,0,0,-0.0282,0.018,-0.0139,-0.0381,0","0,0,0,-0.0268,0.0169,0,-0.0144,0",0.41015625,0.4890483021736145,1,0.6415554881095886,0.1842430680990219
32,q_proj,gptq,5120,5120,0,0.002033882141113281,0.001471710205078125,310.3172312936167,0.02759684083212929,983.8583984375,689.3281860351562,133.12338256835938,407.31243896484375,439.79949951171875,511.73065185546875,0.7742578387260437,309.5059509277344,0.2351893037557602,"693,157,2099,2953,3388,1031,3931,1824,3799,4610,2797,2428,28,2657,4373,4436",385.57147216796875,,,,,0,152.99575805664062,223.53453063964844,185.99639892578125,243.97274780273438,"0.648,0.655,1.205,0.586,0.559,0.712,0.916,0.695",3675.986328125,4425.44873046875,"3357,3918,503.1,3848,3924,3816,4960,5082",39.30107116699219,42.74889373779297,"43.28,46.79,10.75,42.89,43.22,41.04,42.86,43.59","12.75,13.92,4.458,12.04,11.75,12.78,14.87,13.43","15.84,17.2,4.061,15.73,15.72,15.15,15.54,16.11",3889,0.004463936202228069,4537,0.003385234624147415,"2099,693,2428,157,4775,1567,3388,1824",0.40527236461639404,0.506884753704071,0.5891357660293579,"0.604,1.22,1.22,1.35,1.17,1.1,1.04,1.04","17,13.3,7.75,6.56,5.31,5.06,4.22,4","-0.00323,-0.000809,0.026,0.0154,-0.00842,-0.00674,0.00488,-0.00592","0,0,0.0306,0.0102,-0.0102,-0.0102,0,-0.0102","0,0,0.0202,0.0237,0,0,0,0",0.10693359375,0.10664961487054825,1,0.7848979234695435,0.4331247806549072
32,k_proj,gptq,1024,5120,0,0.002046966552734375,0.00146636962890625,100.01669091771328,0.04066875092312919,251.16262817382812,165.0245361328125,35.15964889526367,107.06733703613281,151.1083526611328,135.3289794921875,0.7742578387260437,99.69475555419922,0.3244890868663788,"693,2099,157,3388,2953,1824,1031,3931,3799,4610,2797,2428,4436,2657,28,212",385.57147216796875,,,,,0,47.33074951171875,60.368038177490234,56.87737274169922,63.93082046508789,"0.781,0.783,1.848,0.542,0.565,0.882,1.102,0.787",3675.986328125,4425.44873046875,"3357,3918,503.1,3848,3924,3816,4960,5082",39.30107116699219,42.74889373779297,"43.28,46.79,10.75,42.89,43.22,41.04,42.86,43.59","7.407,8.075,2.569,6.041,6.119,7.4,8.549,7.086","8.384,9.128,1.89,8.202,8.139,7.881,8.146,7.987",127,0.020221786573529243,59,0.02034134790301323,"2099,693,2428,157,4775,1567,3388,1824",0.7341452836990356,0.4132080078125,0.3883056640625,"0.801,0.95,0.985,0.964,0.93,0.869,0.985,1.12","17,13.3,7.75,6.56,5.31,5.06,4.22,4","-0.0251,-0.0223,0.0271,-0.0222,-0.0435,-0.062,0.0162,-0.0496","0,0,0,0,-0.0645,-0.0645,0,-0.0645","-0.0234,-0.0241,0.0232,-0.0201,-0.0458,-0.0532,0.0215,-0.0425",0.2255859375,0.2578125,1,0.8700803518295288,0.2835251986980438
32,v_proj,gptq,1024,5120,0,0.00203094482421875,0.0014852523803710938,86.26265090039033,0.03554237713212413,239.17445373535156,183.4734344482422,33.61163330078125,93.13340759277344,91.42337036132812,104.92329406738281,0.7742578387260437,85.97766876220703,0.16262146830558777,"4436,4610,3799,2797,4373,2428,1738,415,693,157,4794,1824,4517,3931,2099,2953",385.57147216796875,,,,,0,35.67536163330078,45.62187957763672,42.11054229736328,50.4976921081543,"0.744,0.786,1.381,0.659,0.598,0.824,1.025,0.815",3675.986328125,4425.44873046875,"3357,3918,503.1,3848,3924,3816,4960,5082",39.30107116699219,42.74889373779297,"43.28,46.79,10.75,42.89,43.22,41.04,42.86,43.59","5.971,6.555,2.012,5.877,5.704,6.145,7.286,6.693","6.923,7.393,1.713,7.242,7.375,6.771,7.199,7.413",482,0.01449935045093298,389,0.012937844730913639,"2099,693,2428,157,4775,1567,3388,1824",0.22049075365066528,0.7452392578125,0.842529296875,"0.167,0.163,0.275,0.24,0.411,0.341,0.16,0.324","17,13.3,7.75,6.56,5.31,5.06,4.22,4","0.000121,-0.000793,-0.00256,0.000443,0.0168,-0.000835,-0.00119,0.00467","0,0,0,0,0.028,0,0,0","0,0,0,0,0.028,0,0,0",0.216796875,0.18534542620182037,1,0.6868833303451538,0.1289442777633667
32,o_proj,gptq,5120,5120,0,0.002101860046386719,0.0014755630493164063,365.21288885033573,0.03203461845533377,1066.4947509765625,648.198486328125,26.19399642944336,72.47535705566406,108.2054443359375,171.21661376953125,0.6745423674583435,364.68658447265625,0.05402717366814613,"3207,3591,3335,3719,37,3022,3463,421,165,671,799,549,293,4484,1183,927",39.778995513916016,,,,,0,49.57677459716797,74.09783935546875,40.40918731689453,73.34979248046875,"0.705,0.669,0.633,0.688,0.684,0.649,0.597,0.614",9475.2978515625,7082.6533203125,"2.557e+04,2.655e+04,2194,3766,3151,3742,4282,6543",22.086944580078125,24.532455444335938,"38.37,40.12,11.65,15.45,14.55,16.09,19.06,21.39","11.4,11.65,3.314,4.524,4.195,4.552,5.063,5.957","13.58,14.25,4.166,5.455,5.071,5.652,6.55,7.601",28,0.00414310023188591,1751,0.0029946770519018173,"4483,3591,51,4611,4509,4607,4521,4561",0.08233290165662766,0.34929201006889343,0.34074708819389343,"1.42,1.26,1,1.46,1.46,1.45,1.47,1.43","1.45,1.42,1.24,1.15,0.992,0.949,0.926,0.91","-0.0119,-0.0129,0.0134,0.00258,-0.0146,0.00775,0.0178,0.0143","-0.0121,0,0.0324,0,-0.0163,0.012,0.0186,0.0163","-0.0111,-0.0127,0.0199,0,-0.0111,0.0111,0.0222,0.0111",0.2109375,0.17899775505065918,1,0.27003300189971924,0.13688382506370544
32,gate_proj,gptq,13824,5120,0,0.002043844152379919,0.0014707635950159143,627.7623639296307,0.021112344346556157,2377.7607421875,1844.380859375,257.27923583984375,594.9075927734375,599.7682495117188,617.0335693359375,0.682117760181427,626.7445068359375,0.13320812582969666,"2710,655,4938,2950,4020,4610,3553,3593,1093,2896,2468,1307,4794,3286,4436,1466",267.45269775390625,,,,,0,261.1871643066406,277.44775390625,290.624267578125,316.5797119140625,"1.036,1.042,1.883,0.821,0.827,0.911,0.945,0.894",4104.1982421875,4841.08984375,"3876,4531,720.9,4258,4336,4175,5441,5496",26.857175827026367,29.481504440307617,"26.83,28.36,11.12,29.38,29.01,27.79,30.63,31.72","16.4,17.4,9.332,16.15,15.93,16.08,18.26,18","16.11,17.05,6.801,17.82,17.52,16.85,18.78,19.03",7419,0.002175174420699477,1551,0.002072936622425914,"655,2099,1567,4597,1466,4675,4775,2636",0.17657782137393951,0.33576568961143494,0.3143174946308136,"3.07,2.58,2.54,2.68,2.67,2.7,2.4,2.62","3.66,3.52,3.09,2.88,2.8,2.77,2.7,2.25","-0.0464,-0.0393,-0.0154,-0.04,0.0209,0.0708,-0.0913,-0.0171","0,0,0,0,0,0.158,-0.158,0","-0.041,-0.0266,-0.0191,-0.0357,0,0.0674,-0.0783,-0.0162",0.5546875,0.4754464626312256,1,0.742995023727417,0.06451315432786942
32,up_proj,gptq,13824,5120,0,0.002041131478768808,0.0015128806785300927,637.6356274079808,0.01891805710884204,2604.67041015625,2009.15625,287.2880554199219,629.9495849609375,629.22900390625,664.88037109375,0.682117760181427,636.8538818359375,0.09199196100234985,"2710,655,4938,2950,4610,4020,3553,3593,1093,4794,2896,1307,4436,3286,2468,1466",267.45269775390625,,,,,0,270.5688781738281,297.8681335449219,314.4238586425781,343.525634765625,"0.945,0.960,1.439,0.809,0.827,0.900,0.959,0.892",4104.1982421875,4841.08984375,"3876,4531,720.9,4258,4336,4175,5441,5496",26.857175827026367,29.481504440307617,"26.83,28.36,11.12,29.38,29.01,27.79,30.63,31.72","16.27,17.38,8.267,16.73,16.64,16.43,18.69,18.8","16.74,17.74,6.892,18.6,18.29,17.32,19.08,19.9",13634,0.0013889549300074577,11330,0.0017132621724158525,"655,2099,1567,4597,1466,4675,4775,2636",0.10949333757162094,0.44412797689437866,0.5061577558517456,"1.57,1.6,1.92,2.14,2.02,1.13,2.17,2.39","3.66,3.52,3.09,2.88,2.8,2.77,2.7,2.25","0.002,-0.0121,-0.0148,0.00162,-0.0119,-0.00421,0.014,0.00504","0,-0.014,-0.014,0,-0.014,0,0.014,0","0,-0.0173,-0.017,0,-0.0197,0,0.015,0",0.08544921875,0.07747124880552292,1,0.620036244392395,0.09328387677669525
32,down_proj,gptq,5120,13824,0,0.0020019813820167823,0.0015177691424334491,1073.3076591845165,0.03286397360603639,3090.958251953125,1990.9722900390625,116.94503784179688,221.02908325195312,248.68560791015625,220.1644744873047,0.706078827381134,1072.2388916015625,0.0788751095533371,"3826,3349,6028,12830,13520,871,1551,3643,6346,6267,13129,8477,13555,5805,5122,11443",150.0107421875,,,,,0,94.972412109375,90.42938232421875,117.27843475341797,107.66627502441406,"1.019,0.951,1.482,1.063,1.027,1.087,1.176,1.047",9363.57421875,11607.0078125,"7632,9739,231.1,1.208e+04,1.198e+04,7595,1.058e+04,1.507e+04",23.22967529296875,27.04726791381836,"23.51,25.95,3.209,27.74,27.21,21.47,25.17,31.59","9.29,10.02,1.468,10.98,10.75,8.696,10.46,12.24","9.204,10.28,1.206,10.65,10.61,8.341,9.649,11.96",4675,0.006946075242012739,4675,0.02275213971734047,"3826,666,5046,1251,12489,12863,171,8426",0.20405323803424835,0.3818603456020355,0.38994142413139343,"1.31,1.67,1.25,1.58,1.63,1.55,1.51,1.11","6.5,5.12,4.34,4.16,3.56,3.28,2.84,2.7","0.875,-0.0723,0.00983,-0.0204,-0.0249,-0.0532,-0.0157,-0.0258","0.75,-0.0774,0,-0.0386,0,-0.0387,-0.0483,0","0.75,-0.0932,0,0,-0.0385,-0.053,0,-0.0469",0.875,0.75,4,0.8956595659255981,1.5997340679168701
33,q_proj,gptq,5120,5120,0,0.0020420455932617185,0.001461334228515625,284.11346152911756,0.026206430738122264,934.3973388671875,664.0772705078125,145.2418670654297,400.4012451171875,507.4117431640625,515.9819946289062,0.7933197021484375,283.7255554199219,0.260267436504364,"693,2099,157,2953,3388,1031,3931,1824,3799,28,2428,2797,2657,4610,4373,1754",429.60150146484375,,,,,0,171.894775390625,221.88381958007812,209.7909393310547,241.96295166015625,"0.772,0.807,1.291,0.658,0.644,0.802,0.938,0.767",3804.33984375,4561.734375,"3644,4141,504.9,3994,4144,3928,4990,5088",40.162498474121094,43.78978729248047,"44.28,46.89,11.06,44.65,44.94,41.23,43.02,45.22","14.04,15.08,4.69,12.75,12.56,13.25,15.13,14.28","15.98,16.79,4.128,15.73,15.65,14.8,15.62,16.3",627,0.004448062274605036,237,0.00503926444798708,"2099,693,2428,157,1567,4775,4597,1824",0.43242454528808594,0.5189208984375,0.558642566204071,"0.564,1.18,1.17,1.36,1.04,1.21,1.06,1.05","18.1,14.2,8,6.78,5.22,5.03,4.44,4.38","-0.00818,0.000347,0.0289,0.0243,-0.0201,0.0248,0.0157,-0.0115","0,0,0.0352,0.0176,-0.0176,0.0176,0.0176,-0.0176","0,0,0.0237,0.023,-0.0265,0.0253,0.0286,0",0.1328125,0.1163383200764656,1,0.8376290798187256,0.4383722245693207
33,k_proj,gptq,1024,5120,0,0.0020206451416015627,0.0014669418334960938,88.1470641324322,0.03605206976774147,234.24411010742188,157.43382263183594,36.565513610839844,106.67010498046875,171.47491455078125,137.341552734375,0.7933197021484375,87.878173828125,0.3676508665084839,"693,2099,157,2953,3388,1824,3799,3931,1031,2428,28,2797,4610,1754,2657,4373",429.60150146484375,,,,,0,50.518924713134766,61.86901092529297,66.29682159423828,68.02491760253906,"0.893,0.914,1.598,0.629,0.611,0.856,0.980,0.816",3804.33984375,4561.734375,"3644,4141,504.9,3994,4144,3928,4990,5088",40.162498474121094,43.78978729248047,"44.28,46.89,11.06,44.65,44.94,41.23,43.02,45.22","8.065,8.491,2.501,6.822,6.718,6.987,7.925,7.58","8.533,8.883,1.978,8.598,8.594,7.552,8.005,8.392",887,0.01820533722639084,1022,0.02065029926598072,"2099,693,2428,157,1567,4775,4597,1824",0.73857581615448,0.415771484375,0.3577880859375,"0.887,0.991,1.01,1.01,0.886,0.877,0.907,1.15","18.1,14.2,8,6.78,5.22,5.03,4.44,4.38","0.0014,-0.0757,0.0243,-0.193,0.054,-0.0061,0.0469,0.143","0,-0.0552,0,-0.166,0.0552,0,0.0552,0.11","0,-0.0649,0.0208,-0.221,0.0499,0,0.0572,0.122",0.193359375,0.1657366156578064,1,0.9065036177635193,0.06736890226602554
33,v_proj,gptq,1024,5120,0,0.0020244598388671877,0.0014799118041992187,61.70130275970064,0.023681437339707685,221.10812377929688,163.03221130371094,33.83015441894531,84.70184326171875,90.03520202636719,100.08596801757812,0.7933197021484375,61.61034393310547,0.13799579441547394,"693,157,2099,1824,2953,1031,3799,3931,2797,2428,3388,4610,28,4373,2657,4436",429.60150146484375,,,,,0,33.31288146972656,43.50967788696289,41.222293853759766,49.73798370361328,"0.767,0.776,1.360,0.656,0.735,0.790,0.893,0.712",3804.33984375,4561.734375,"3644,4141,504.9,3994,4144,3928,4990,5088",40.162498474121094,43.78978729248047,"44.28,46.89,11.06,44.65,44.94,41.23,43.02,45.22","5.921,6.382,1.928,5.744,5.876,5.861,6.79,6.247","6.758,7.247,1.653,7.093,6.853,6.593,7.186,7.401",945,0.012904934585094452,330,0.011843202635645866,"2099,693,2428,157,1567,4775,4597,1824",0.20959796011447906,0.671875,0.778076171875,"0.148,0.163,0.261,0.241,0.355,0.379,0.403,0.305","18.1,14.2,8,6.78,5.22,5.03,4.44,4.38","-0.00215,0.00185,-0.00848,0.00122,-0.00314,0.014,-0.0327,0.0022","0,0,0,0,0,0.018,-0.036,0","0,0,-0.017,0,0,0,-0.0379,0",0.1064453125,0.12192603200674057,1,0.6675078868865967,0.003994062542915344
33,o_proj,gptq,5120,5120,0,0.0021033477783203125,0.00149261474609375,348.7209696949867,0.03079635037073627,1049.115966796875,641.683837890625,30.890827178955078,89.6763916015625,108.20449829101562,183.0911865234375,0.7143116593360901,348.3720703125,0.043843016028404236,"668,924,1052,1180,970,796,2996,558,381,174,2612,714,1915,1403,1226,302",25.851041793823242,,,,,0,50.41070556640625,86.62837219238281,54.417076110839844,94.59677124023438,"0.533,0.521,0.519,0.704,0.690,0.673,0.646,0.611",7196.82080078125,7356.23779296875,"1.406e+04,1.457e+04,1351,3972,4423,3911,4936,1.035e+04",25.20952033996582,28.131778717041016,"37.8,39.07,12.06,18.06,20.4,19.72,22.7,31.87","9.681,9.903,3.038,5.187,5.731,5.464,6.233,8.591","13.26,13.72,4.219,6.181,6.899,6.659,7.757,10.99",3094,0.015079841017723083,4969,0.0030860919505357742,"841,796,713,668,774,646,864,855",0.10501325875520706,0.33544921875,0.3486328125,"1.42,1.23,1.27,1.16,1.32,1.05,1.45,1.25","2.98,2.77,2.38,2.25,2.22,1.8,1.73,1.53","-0.0845,0.109,-0.0317,0.238,-0.0422,0.0361,0.212,0.0361","-0.0882,0.0882,0,0.265,0,0,0.155,0.0882","-0.155,0.155,0,0.204,0,0.0681,0.155,0",0.54296875,0.4649471640586853,3,0.7038150429725647,0.14038613438606262
33,gate_proj,gptq,13824,5120,0,0.0020467122395833332,0.0014719645182291667,667.2116490228364,0.02214913559252124,2437.3505859375,1889.872314453125,314.2615966796875,766.818359375,756.8565673828125,780.2926635742188,0.6973877549171448,665.9722290039062,0.155380979180336,"2710,655,4938,4020,2950,3553,4610,3593,2468,2896,1093,3286,1307,1145,3532,1466",302.2779846191406,,,,,0,320.87286376953125,347.87908935546875,354.8374938964844,395.454833984375,"0.989,1.013,1.950,0.784,0.751,0.890,1.021,0.875",3972.1962890625,4679.75,"3784,4294,685.5,4159,4227,4224,5350,5055",29.752208709716797,32.415313720703125,"29.47,31.15,12.41,32.88,32.5,31.47,34.1,34.04","18.04,19.22,10.73,17.84,17.45,18.14,20.78,19.34","18.14,19.09,7.681,20.14,20.14,19.22,20.56,20.67",8161,0.0025146028492599726,5662,0.0019631206523627043,"655,2099,4675,1567,4597,1466,4775,1093",0.21406207978725433,0.34427446126937866,0.31953486800193787,"3.18,2.5,2.54,2.52,2.65,2.67,2.34,2.34","4.44,4.19,3.95,3.72,3.41,3.36,3.22,2.5","-0.062,0.0569,-0.085,-0.0133,-0.0947,-0.0527,0.0286,0.00824","-0.0633,0.0633,-0.0633,0,-0.127,-0.0633,0.0633,0","-0.0753,0.043,-0.0896,0,-0.0812,-0.0485,0.036,0",0.2431640625,0.20899036526679993,6,0.8750308752059937,0.10374230146408081
33,up_proj,gptq,13824,5120,0,0.002033304285120081,0.0015054773401331019,653.988862646991,0.01933876354020421,2625.08984375,2027.298095703125,344.47967529296875,796.4347534179688,760.9154052734375,824.2086181640625,0.6973877549171448,653.0694580078125,0.10504022985696793,"2710,4938,655,2950,4020,4610,3553,1093,3593,2896,2468,4436,1466,1307,4794,1145",302.2779846191406,,,,,0,318.83038330078125,369.7266845703125,367.97076416015625,416.1588134765625,"0.906,0.905,1.478,0.788,0.792,0.833,0.889,0.844",3972.1962890625,4679.75,"3784,4294,685.5,4159,4227,4224,5350,5055",29.752208709716797,32.415313720703125,"29.47,31.15,12.41,32.88,32.5,31.47,34.1,34.04","17.67,18.72,9.4,18.29,18.35,18.09,20.45,19.57","18.56,19.67,7.732,20.6,20.62,19.83,21.69,21.3",4587,0.004133378621190786,9021,0.001976685831323266,"655,2099,4675,1567,4597,1466,4775,1093",0.11899471282958984,0.4640570878982544,0.5264124274253845,"1.58,1.6,1.18,1.91,2.16,2.02,2.19,2.08","4.44,4.19,3.95,3.72,3.41,3.36,3.22,2.5","-0.00726,0.00922,-0.00214,-0.00604,0.00381,0.0022,-0.00708,-0.00461","-0.0101,0.0101,0,-0.0101,0,0,-0.0101,0","0,0,0,0,0,0,0,0",0.5859375,0.5016998648643494,1,1.1795309782028198,0.3830476999282837
33,down_proj,gptq,5120,13824,0,0.0020017835828993057,0.0015178962990089698,1192.477375399818,0.03654480859489122,3219.618896484375,2016.489990234375,166.31936645507812,337.7136535644531,358.4052429199219,333.78271484375,0.7701747417449951,1190.7607421875,0.11427659541368484,"6192,5257,1439,8020,6033,8618,2685,10304,4294,3255,10431,3237,3172,5473,11370,9456",178.84449768066406,,,,,0,163.2274932861328,163.70684814453125,156.5294189453125,148.8744354248047,"0.836,0.872,1.455,1.072,1.096,1.094,1.053,1.022",10091.025390625,10912.3310546875,"8767,9221,247.6,1.232e+04,1.446e+04,1.105e+04,1.09e+04,1.377e+04",31.38678550720215,31.84333038330078,"39.37,35.68,4.056,34.08,35.63,33.79,31.68,36.81","14.12,12.83,1.893,13.56,14.31,13.55,12.67,14.33","15.45,13.75,1.569,13.1,13.67,12.96,12.35,14.17",693,0.004749276675283909,4675,0.01930827833712101,"10053,6192,9456,6497,3524,12395,13021,5702",0.24275895953178406,0.41157227754592896,0.42805176973342896,"1.72,1.34,1.3,1.64,1.41,1.58,1.62,1.54","6.88,6.72,5.75,5.69,5.56,4.91,4.38,4.06","0.00125,0.0549,-0.484,0.00952,0.00195,-0.0173,0.00363,0.000142","-0.0144,0,-0.516,0.0178,0,-0.0277,0,0","0,0.0483,-0.415,0,0,-0.0133,0,0",0.6015625,0.5156250596046448,3,0.9860274791717529,0.6134346723556519
34,q_proj,gptq,5120,5120,0,0.002039947509765625,0.0014646148681640625,282.31355615009215,0.02679777911137529,910.70849609375,647.9856567382812,157.37606811523438,463.1580810546875,558.5103759765625,598.8761596679688,0.79000324010849,281.8519287109375,0.2527407109737396,"693,2099,157,2953,1824,3388,3931,3799,2428,1031,28,4610,2797,2657,2673,1754",396.59991455078125,,,,,0,191.5659942626953,256.4946594238281,222.86590576171875,287.88812255859375,"0.785,0.879,1.305,0.650,0.595,0.715,0.869,0.699",3789.35009765625,4366.294921875,"3859,4149,485.5,4006,4183,4281,4849,4502",44.091712951660156,48.14098358154297,"49.69,51.24,11.36,48.64,49.45,46.73,47.54,48.09","15.18,16.49,4.716,13.62,13.42,13.99,15.67,14.19","17.14,17.59,4.129,16.89,17.39,16.55,16.81,16.96",1564,0.0036298376508057117,4861,0.008279761299490929,"2099,693,2428,157,1567,4775,1824,4597",0.4461047053337097,0.4989013671875,0.5626465082168579,"0.583,1.2,1.21,1.36,1.05,1.14,0.977,1.05","19.8,15.9,9.5,6.59,6.12,5.16,5.03,4.88","0.0142,0.0182,-0.00244,-0.0608,-0.021,-0.0118,-0.0182,0.00952","0,0,0,-0.0681,0,0,0,0","0.00997,0.016,0,-0.0566,-0.0322,-0.0195,-0.0127,0.0105",0.23828125,0.2042410671710968,1,0.8083234429359436,0.3371231257915497
34,k_proj,gptq,1024,5120,0,0.002044486999511719,0.001480865478515625,85.36500492244363,0.039093760178578595,215.22421264648438,138.8337860107422,37.81901550292969,111.27339172363281,170.19081115722656,144.98129272460938,0.79000324010849,85.19615936279297,0.3407008647918701,"693,2099,157,2953,1824,3388,3931,3799,2428,1031,4610,28,2797,2657,4436,1738",396.59991455078125,,,,,0,57.26620864868164,62.762054443359375,62.178443908691406,68.75569152832031,"0.980,1.155,1.692,0.740,0.653,0.856,1.040,0.885",3789.35009765625,4366.294921875,"3859,4149,485.5,4006,4183,4281,4849,4502",44.091712951660156,48.14098358154297,"49.69,51.24,11.36,48.64,49.45,46.73,47.54,48.09","8.787,9.787,2.603,7.351,6.935,7.287,8.221,7.453","8.876,9.105,2.001,8.546,8.581,7.874,8.062,7.922",636,0.03061007708311081,316,0.01806802675127983,"2099,693,2428,157,1567,4775,1824,4597",0.7808968424797058,0.4044189453125,0.3460693359375,"0.853,0.935,0.916,0.963,0.855,0.81,1.03,0.838","19.8,15.9,9.5,6.59,6.12,5.16,5.03,4.88","0.0398,-0.0222,-0.061,0.008,0.0583,0.0391,0.0679,-0.0233","0.0485,0,-0.0485,0,0.0485,0.0485,0.0485,-0.0485","0.041,-0.0204,-0.0608,0,0.0446,0.0276,0.0748,-0.0311",0.169921875,0.15852276980876923,1,1.2132694721221924,0.08092272281646729
34,v_proj,gptq,1024,5120,0,0.0020538330078125,0.0015096664428710938,80.02775815077848,0.03154113116538144,236.60305786132812,172.443115234375,40.75253677368164,111.47573852539062,123.10282135009766,134.884765625,0.79000324010849,79.79261779785156,0.1610313355922699,"693,2099,1824,157,3799,2953,3931,2428,4610,3388,1031,2797,2657,4436,1738,28",396.59991455078125,,,,,0,46.101558685302734,58.461124420166016,52.40224838256836,63.75075149536133,"0.794,0.831,1.308,0.658,0.713,0.869,0.899,0.737",3789.35009765625,4366.294921875,"3859,4149,485.5,4006,4183,4281,4849,4502",44.091712951660156,48.14098358154297,"49.69,51.24,11.36,48.64,49.45,46.73,47.54,48.09","7.099,7.618,2.185,6.789,6.785,7.311,7.732,7.088","7.967,8.354,1.91,8.367,8.036,7.842,8.155,8.256",592,0.015477973036468029,535,0.012739510275423527,"2099,693,2428,157,1567,4775,1824,4597",0.28152573108673096,0.6796875,0.7442626953125,"0.16,0.168,0.287,0.276,0.372,0.403,0.352,0.401","19.8,15.9,9.5,6.59,6.12,5.16,5.03,4.88","-0.00607,-0.00192,0.0154,-0.00016,0.00589,0.000206,0.00164,-0.0176","0,0,0.0251,0,0,0,0,-0.0251","0,0,0.0206,0,0,0,0,-0.0167",0.1376953125,0.15269654989242554,1,0.8441444635391235,0.35457319021224976
34,o_proj,gptq,5120,5120,0,0.0020830535888671873,0.0014980316162109375,352.3575781879117,0.03109729140676467,1052.870849609375,645.6344604492188,28.15428352355957,85.90721130371094,144.12750244140625,206.56454467773438,0.41016140580177307,351.6488952636719,0.046342410147190094,"5051,4795,4667,1894,4539,4923,926,2201,3242,798,2073,3370,3754,1945,1510,3626",27.190692901611328,,,,,0,69.8799819946289,109.24491119384766,58.77772903442383,86.18028259277344,"0.618,0.617,0.709,0.767,0.720,0.770,0.698,0.547",11740.5185546875,9046.5244140625,"2.841e+04,2.956e+04,2656,6043,4419,5867,7023,9950",26.99480438232422,25.866132736206055,"44.13,46.48,13.18,20,17.36,21.33,23.43,30.04","12.49,12.98,3.967,6.153,5.248,6.585,6.899,7.894","15.88,16.54,4.712,7.025,6.184,7.506,8.261,10.67",4675,0.013331230729818344,3094,0.010968564078211784,"1182,337,1054,926,283,209,4547,1232",0.05372970551252365,0.36540529131889343,0.38212892413139343,"1.02,1.56,1.01,0.996,1.41,1.75,1.4,1.61","1.32,1.15,1.14,1.08,1.05,1.01,1,0.996","-0.186,-0.621,-0.223,-0.285,-0.0649,0.1,-0.0454,-0.11","-0.199,-0.546,-0.199,-0.199,-0.115,0.056,0,-0.147","-0.164,-0.596,-0.191,-0.326,0,0.0876,-0.0536,-0.109",0.6953125,0.7274052500724792,1,0.605924129486084,0.3090325593948364
34,gate_proj,gptq,13824,5120,0,0.0020422335024233218,0.0014791418004918983,687.2949209602375,0.022306794961295773,2491.62060546875,1905.7125244140625,375.56829833984375,932.5967407226562,883.3729248046875,919.8223266601562,0.6852309107780457,685.6944580078125,0.153863325715065,"2710,4938,655,4020,3553,2896,2950,2468,4610,3286,1145,3593,3532,1307,1684,3489",364.253662109375,,,,,0,380.8358154296875,409.29168701171875,406.785400390625,468.6042175292969,"1.006,1.064,1.925,0.881,0.855,0.854,0.912,0.812",3929.154296875,4560.140625,"4019,4235,683.7,4124,4404,4470,4967,4531",32.09088897705078,35.0502815246582,"32.52,33.1,13.86,34.74,35.3,34.97,36.49,35.75","20.13,21.05,11.99,19.89,19.91,20.11,21.54,19.86","20.07,20.41,8.644,21.2,21.53,21.76,22.55,22.04",10250,0.0022469847463071346,3387,0.004203808959573507,"655,4675,2099,1567,4597,1466,1684,2896",0.1704249531030655,0.30744537711143494,0.27245190739631653,"3.26,2.66,2.71,2.57,2.73,2.72,3.04,3.32","4.97,4.09,4.06,3.88,3.67,3.33,2.92,2.77","-0.0483,-0.0752,0.0571,-0.0148,-0.0562,-0.00169,-0.0342,-0.0525","-0.0804,-0.0804,0.0804,0,-0.0804,0,0,-0.0804","-0.0631,-0.0672,0.0649,-0.0264,-0.0446,0,-0.0519,-0.0483",0.328125,0.2816180884838104,4,0.943838357925415,0.024685204029083252
34,up_proj,gptq,13824,5120,0,0.0020414705629701966,0.0015175289577907987,648.3995815843082,0.019328931616480263,2594.179931640625,1994.070068359375,399.3287353515625,945.6973876953125,870.042724609375,940.6033325195312,0.6852309107780457,647.91748046875,0.09910350292921066,"2710,4938,655,3553,4020,2896,2950,4610,1145,3593,3286,2468,3532,1307,1684,3489",364.253662109375,,,,,0,367.33087158203125,415.2357482910156,410.240966796875,474.0032958984375,"0.934,0.961,1.394,0.839,0.832,0.861,0.881,0.822",3929.154296875,4560.140625,"4019,4235,683.7,4124,4404,4470,4967,4531",32.09088897705078,35.0502815246582,"32.52,33.1,13.86,34.74,35.3,34.97,36.49,35.75","19.62,20.14,10.12,19.63,20.05,20.06,21.27,20.08","20.3,20.55,8.576,21.43,21.98,21.63,22.66,22.15",9604,0.0011534770019352436,5920,0.0013812282122671604,"655,4675,2099,1567,4597,1466,1684,2896",0.09411254525184631,0.47318071126937866,0.544189453125,"1.53,1.18,1.51,1.88,2.14,2.04,2.01,1.51","4.97,4.09,4.06,3.88,3.67,3.33,2.92,2.77","-0.000383,-0.011,-0.000694,0.00659,0.0242,-0.000755,-0.00449,-0.0102","0,0,0,0,0.0273,0,0,0","0,0,0,0,0.0292,0,0,0",0.109375,0.11222700774669647,1,0.6808382272720337,0.06138644739985466
34,down_proj,gptq,5120,13824,0,0.002005852593315972,0.0015213153980396413,1323.0666031821706,0.040551430217516886,3327.701904296875,1991.215087890625,199.95941162109375,427.9368896484375,443.7623291015625,371.1524963378906,0.27455684542655945,1321.605712890625,0.1416110247373581,"4352,3491,9804,10456,11994,2751,8897,5920,1990,12179,8317,5814,3549,1703,6910,716",58.3819694519043,,,,,0,231.67214965820312,213.6570587158203,218.39242553710938,181.12789916992188,"1.118,1.153,1.448,1.143,1.225,0.935,1.169,1.144",10616.455078125,13333.4814453125,"8164,9437,343.5,1.161e+04,2.023e+04,1.19e+04,1.245e+04,1.08e+04",35.3211555480957,35.127437591552734,"32.04,31.6,4.914,34.02,43.37,65.35,36.49,34.78","12.83,12.88,2.283,13.98,18.21,23.86,15.04,13.98","12.13,11.99,1.897,13.08,16.45,24.67,13.91,13.07",2383,0.002260340843349695,4963,0.002858088118955493,"13613,1371,1514,8908,5297,7192,8518,8676",0.5093153119087219,0.3325439393520355,0.3403076231479645,"1.69,1.66,1.2,1.56,1.4,1.47,1.53,1.38","22.2,13.1,9.25,5.72,5,4.94,4.12,3.7","-0.0106,-0.00873,0.0105,0.0214,0.00717,-0.0303,0.0261,-0.00623","0,0,0.0152,0.0177,0,-0.0307,0.0351,0","0,0,0,0.0248,0,-0.0208,0.0188,0",0.09814453125,0.09594357758760452,1,0.8655906915664673,0.1370648443698883
35,q_proj,gptq,5120,5120,0,0.0020560455322265626,0.0014872360229492188,330.2506922873954,0.02937510104595356,995.5645751953125,681.54150390625,140.65872192382812,466.384033203125,521.6639404296875,564.2530517578125,0.8295340538024902,329.59136962890625,0.25018882751464844,"693,2099,157,2953,3388,3799,3931,4610,1824,1031,2428,2797,4373,4436,2657,28",484.2364807128906,,,,,0,171.61126708984375,229.27212524414062,207.5826416015625,264.9884033203125,"0.831,0.849,1.313,0.623,0.622,0.692,0.847,0.720",3537.809326171875,4238.2978515625,"3856,3870,564.6,3689,4293,3832,4220,3978",41.16809844970703,45.43318176269531,"46.97,47.49,11.91,45.13,47.25,43.15,43.35,44.1","15.13,15.4,5.175,12.51,12.96,13.09,14.47,13.22","16.6,16.72,4.516,15.85,16.43,15.73,15.72,15.58",3030,0.003486728062853217,1835,0.0031797566916793585,"2099,693,2428,157,1567,4775,4597,4338",0.4452626407146454,0.4605468809604645,0.539111316204071,"0.616,1.21,1.2,1.4,1.06,1.15,1.01,1.2","21,12.6,9.19,6.41,6,5.19,5.12,4.53","0.0024,0.00989,0.0129,0.0344,-0.0062,0.00455,-0.00177,-0.0134","0,0,0,0.0279,0,0,0,0","0,0.0146,0.0251,0.0455,0,0,0,-0.0168",0.09765625,0.09626709669828415,1,0.7649929523468018,0.07103986293077469
35,k_proj,gptq,1024,5120,0,0.00204315185546875,0.0014995574951171876,98.23411290089734,0.039006611353841876,248.48570251464844,163.75613403320312,35.93951416015625,123.17174530029297,162.85772705078125,146.6862335205078,0.8295340538024902,98.15768432617188,0.3180411756038666,"693,2099,157,2953,3388,3931,4610,3799,2428,1824,1031,4436,4373,2797,4794,4517",484.2364807128906,,,,,0,52.35487365722656,60.129722595214844,64.06475830078125,68.53958129882812,"0.991,0.939,1.754,0.701,0.715,0.859,1.039,0.757",3537.809326171875,4238.2978515625,"3856,3870,564.6,3689,4293,3832,4220,3978",41.16809844970703,45.43318176269531,"46.97,47.49,11.91,45.13,47.25,43.15,43.35,44.1","8.621,8.67,2.793,6.656,6.983,7.311,8.197,6.917","8.662,8.949,2.109,7.951,8.256,7.888,8.04,7.952",317,0.03795293718576431,697,0.017867786809802055,"2099,693,2428,157,1567,4775,4597,4338",0.6812885403633118,0.4024658203125,0.402099609375,"0.686,0.901,0.885,0.886,0.785,0.848,0.761,0.857","21,12.6,9.19,6.41,6,5.19,5.12,4.53","0.0437,-0.105,0.119,-0.0123,0.0422,0.0664,0.0273,-0.0459","0.0798,-0.0798,0.0798,0,0.0798,0.0798,0,-0.0798","0.0474,-0.09,0.102,-0.0117,0.0354,0.0569,0.0368,-0.0462",0.279296875,0.2393973171710968,1,1.360411286354065,0.14519968628883362
35,v_proj,gptq,1024,5120,0,0.0020238876342773436,0.0014921188354492187,89.07447602064826,0.0343270778055391,246.98440551757812,176.65621948242188,35.45306396484375,106.78292083740234,118.04937744140625,126.69676208496094,0.8295340538024902,88.75015258789062,0.21833361685276031,"693,2099,157,2953,3799,4610,1824,2797,4436,3931,2428,4373,3388,1031,2657,4794",484.2364807128906,,,,,0,40.896278381347656,52.297332763671875,48.57344055175781,60.839996337890625,"0.852,0.955,1.545,0.680,0.701,0.681,0.870,0.676",3537.809326171875,4238.2978515625,"3856,3870,564.6,3689,4293,3832,4220,3978",41.16809844970703,45.43318176269531,"46.97,47.49,11.91,45.13,47.25,43.15,43.35,44.1","7.323,7.64,2.495,6.281,6.544,6.343,6.925,6.205","7.935,7.816,2.007,7.619,7.814,7.687,7.424,7.549",278,0.011054056696593761,151,0.011841123923659325,"2099,693,2428,157,1567,4775,4597,4338",0.3216465413570404,0.6822509765625,0.720947265625,"0.18,0.197,0.292,0.284,0.392,0.444,0.393,0.4","21,12.6,9.19,6.41,6,5.19,5.12,4.53","0.00595,0.0031,-0.0249,0.0393,-0.0106,0.0159,0.0132,-0.0193","0,0,-0.0419,0.0419,0,0,0,0","0,0,-0.0326,0.0429,-0.0149,0.0176,0.0176,-0.019",0.146484375,0.1674107164144516,1,0.6880240440368652,0.10447654128074646
35,o_proj,gptq,5120,5120,0,0.0020757293701171874,0.001466217041015625,384.82615627261384,0.03418517818287309,1098.7247314453125,641.412109375,48.91682815551758,142.5304412841797,193.5331268310547,354.2474670410156,0.6625754833221436,383.9441223144531,0.05204244703054428,"4124,4252,3868,3996,4380,4726,4598,4854,5110,501,1825,4982,391,1441,1569,629",49.19430923461914,,,,,0,81.89472961425781,147.48846435546875,79.14517211914062,150.294677734375,"0.553,0.545,0.599,0.785,0.571,0.587,0.518,0.506",7591.185546875,7289.1953125,"1.595e+04,1.623e+04,2241,3451,2774,5717,6566,7805",32.76020431518555,34.688289642333984,"49.99,50.27,17.99,20.24,20.51,31.08,34.89,37.11","12.88,12.86,4.818,6.252,5.419,8.249,8.8,9.31","17.32,17.42,6.225,7.057,7.169,10.77,12.22,13.08",2862,0.010850047692656517,4344,0.0030882665887475014,"501,2544,2288,2160,2032,2416,2467,420",0.06500082463026047,0.525708019733429,0.5460205078125,"0.8,0.779,0.831,0.877,0.786,0.756,1.55,0.966","2.25,2.14,1.85,1.84,1.79,1.72,1.67,1.65","0.0114,-0.0201,-0.0469,-0.0327,-0.0388,-0.0474,0.0442,0.000103","0,-0.0347,-0.0347,-0.0347,-0.0347,-0.0347,0.0525,0","0.022,-0.0229,-0.035,-0.034,-0.0419,0,0.0458,0",0.337890625,0.29665547609329224,1,0.5644382238388062,0.027309780940413475
35,gate_proj,gptq,13824,5120,0,0.0020472632514105904,0.001481557775426794,706.3345260405913,0.022392427344790952,2549.99755859375,1934.6083984375,434.3617858886719,1085.995361328125,1001.222412109375,1049.73193359375,0.7008144855499268,705.1260375976562,0.1417769193649292,"2710,4938,655,2896,4020,2950,3553,1307,3593,2468,3286,4610,1684,1145,3532,315",389.67559814453125,,,,,0,422.8893127441406,473.66656494140625,478.4124450683594,538.2374267578125,"1.026,1.034,2.071,0.815,0.832,0.747,0.887,0.785",3810.635986328125,4563.2890625,"4030,3970,700.5,4050,4616,4329,4569,4220",34.06995391845703,37.214637756347656,"34.45,34.31,14.61,36.77,38.18,38.59,38.01,37.63","21.78,21.65,13.15,20.71,21.64,21,22.33,20.73","21.5,21.29,9.137,22.95,23.73,24.3,23.71,23.41",13366,0.0014523058198392391,638,0.0034495051950216293,"655,2099,4597,1567,4675,1684,1466,3593",0.14924006164073944,0.3233416676521301,0.2860514223575592,"3.22,2.5,2.7,2.57,2.6,3,2.71,2.81","4.97,4.16,3.8,3.62,3.44,3.34,3.2,2.95","-0.0579,0.017,-0.0051,-0.0403,-0.0623,-0.0815,-0.026,0.0145","-0.048,0.024,0,-0.048,-0.072,-0.072,-0.024,0.024","-0.0661,0.0171,0,-0.0449,-0.0607,-0.0932,-0.0201,0.0211",0.0927734375,0.09963860362768173,1,0.8248240947723389,0.0370982363820076
35,up_proj,gptq,13824,5120,0,0.0020386731183087386,0.001509786535192419,661.8170872633054,0.01981563604288924,2599.0703125,1978.981201171875,450.93463134765625,1080.665283203125,966.7677001953125,1054.63037109375,0.7008144855499268,661.03369140625,0.09396455436944962,"2710,4938,2950,2896,655,4020,3553,3593,1307,4610,3286,1684,1145,2468,315,4436",389.67559814453125,,,,,0,400.95855712890625,470.1641540527344,470.4113464355469,534.1277465820312,"0.944,0.966,1.504,0.812,0.828,0.760,0.823,0.783",3810.635986328125,4563.2890625,"4030,3970,700.5,4050,4616,4329,4569,4220",34.06995391845703,37.214637756347656,"34.45,34.31,14.61,36.77,38.18,38.59,38.01,37.63","20.68,20.69,11.02,20.63,21.55,20.97,21.66,20.78","21.28,21.05,8.985,22.89,23.68,24.05,23.87,23.48",2110,0.0015661519719287753,584,0.001281940145418048,"655,2099,4597,1567,4675,1684,1466,3593",0.09020769596099854,0.4470486044883728,0.5210051536560059,"1.56,1.56,2.14,1.89,1.2,2.01,2.05,1.98","4.97,4.16,3.8,3.62,3.44,3.34,3.2,2.95","-0.00143,-0.00916,-0.0157,0.0238,-0.0132,0.0114,-0.00278,0.0189","0,-0.0165,-0.0165,0.0165,-0.0165,0.0165,0,0.0165","0,0,-0.0261,0.0219,-0.0216,0.0162,0,0.0226",0.095703125,0.10646019130945206,1,0.8528995513916016,0.42376449704170227
35,down_proj,gptq,5120,13824,0,0.0020069122314453126,0.0015175289577907987,1351.2104315253655,0.04143549226218078,3352.13623046875,1981.135009765625,249.2321014404297,534.8056640625,490.3917236328125,472.90118408203125,0.9146450757980347,1349.709228515625,0.12192545086145401,"8724,51,335,12221,11108,785,8737,12482,27,12478,11644,8969,4201,2434,10685,2475",330.2526550292969,,,,,0,215.1881103515625,243.65187072753906,223.45303344726562,212.38165283203125,"0.639,0.706,1.625,0.873,1.192,1.219,1.043,0.809",8370.576171875,10165.7021484375,"7605,7327,300.1,9587,1.419e+04,9949,8575,9433",38.88921356201172,37.954307556152344,"54.3,48.65,5.006,42.93,43.39,36.83,36.77,43.23","16.1,15.35,2.378,15.32,17.9,15.21,14.48,15","20.14,18.27,1.866,16.39,16.39,13.78,14.17,16.68",1685,0.003178962040692568,3094,0.016832740977406502,"8724,3053,5483,12706,6978,4911,3035,12428",0.32130327820777893,0.37824708223342896,0.38691407442092896,"1.25,1.61,1.71,1.49,1.56,1.45,1.57,1.53","13.5,12.5,8.88,7.22,5.84,5.72,5.53,5.09","0.00854,0.0315,-0.00374,0.016,-0.00452,-0.00388,-0.00191,-0.00446","0,0.0396,0,0.0218,-0.0116,-0.015,0,0","0,0.0278,0,0.0125,0,0,0,0",0.20703125,0.23496153950691223,1,1.0091726779937744,0.3082243800163269
36,q_proj,gptq,5120,5120,0,0.0020306015014648435,0.00148101806640625,311.0889324107842,0.030635399801586458,917.7138061523438,615.0770263671875,177.05487060546875,535.08837890625,622.54443359375,683.719970703125,0.8313608765602112,310.4014892578125,0.23317652940750122,"693,2099,157,3931,2953,3799,1824,3388,1031,2428,4436,2797,4610,2657,28,415",375.8457946777344,,,,,0,217.66552734375,285.020751953125,262.65826416015625,323.4369812011719,"0.845,0.913,1.302,0.607,0.686,0.758,0.783,0.692",3492.2958984375,4152.01953125,"3942,3861,487.2,3543,4414,3879,3780,4033",47.0953369140625,52.23426818847656,"55.14,54.46,12.46,51.36,52.97,50.46,48.91,50.99","17.59,17.87,5.01,13.79,14.82,14.94,15.28,14.87","19.13,18.7,4.391,17.69,17.89,17.16,17.26,17.87",4152,0.005450009368360043,3952,0.004638706333935261,"2099,693,2428,157,1567,1824,212,4775",0.42729368805885315,0.4674316346645355,0.5336670279502869,"0.595,1.21,1.18,1.36,1.07,1.07,1.44,1.17","21.2,14.2,9.75,7.47,5.62,5.34,5.22,4.75","-0.00708,0.0334,0.00461,0.0332,-0.0603,-0.0132,-0.0197,0.00298","0,0.043,0,0.043,-0.043,0,0,0","0,0.0299,0,0.0257,-0.0547,0,-0.0257,0",0.185546875,0.21003097295761108,1,1.0940361022949219,0.4229487180709839
36,k_proj,gptq,1024,5120,0,0.002068328857421875,0.001479339599609375,87.93856148928893,0.046243386192823456,203.59107971191406,125.08297729492188,41.049644470214844,123.08159637451172,203.2701416015625,156.438232421875,0.8313608765602112,87.63981628417969,0.31086376309394836,"693,2099,157,3931,1824,2953,3388,2428,3799,1031,4436,4610,2657,2797,28,4517",375.8457946777344,,,,,0,67.02874755859375,65.18074798583984,80.29544067382812,73.1470947265625,"1.181,1.311,1.803,0.715,0.781,1.135,1.046,0.976",3492.2958984375,4152.01953125,"3942,3861,487.2,3543,4414,3879,3780,4033",47.0953369140625,52.23426818847656,"55.14,54.46,12.46,51.36,52.97,50.46,48.91,50.99","10.24,10.2,2.785,7.194,8.105,8.436,8.051,8.13","9.421,8.913,2.074,8.51,9.171,7.918,7.872,8.231",820,0.017032787203788757,316,0.016542712226510048,"2099,693,2428,157,1567,1824,212,4775",0.6270762085914612,0.3861083984375,0.35009765625,"0.825,0.966,0.893,0.932,0.807,1.02,0.795,0.817","21.2,14.2,9.75,7.47,5.62,5.34,5.22,4.75","0.0137,-0.0542,-0.0493,0.0347,-0.0211,0.0615,-0.0072,-0.0132","0.0272,-0.0544,-0.0544,0.0272,-0.0272,0.0544,0,0","0,-0.0391,-0.0541,0.0268,-0.0248,0.0691,0,-0.0219",0.13671875,0.15805087983608246,1,1.0577428340911865,0.300295889377594
36,v_proj,gptq,1024,5120,0,0.0020641326904296876,0.0014795303344726563,126.40961992259295,0.04128663602489418,312.9524230957031,231.43673706054688,63.606475830078125,179.65472412109375,192.8729248046875,210.0424041748047,0.8313608765602112,125.79170989990234,0.19061370193958282,"693,157,3799,4436,1824,4610,3931,2428,415,2797,1031,4517,2953,1738,2245,2099",375.8457946777344,,,,,0,74.49940490722656,90.51394653320312,78.39265441894531,95.61466979980469,"0.903,1.029,1.524,0.698,0.749,0.762,0.837,0.703",3492.2958984375,4152.01953125,"3942,3861,487.2,3543,4414,3879,3780,4033",47.0953369140625,52.23426818847656,"55.14,54.46,12.46,51.36,52.97,50.46,48.91,50.99","10.18,10.6,3.017,8.234,8.494,8.954,9.121,8.224","10.71,10.45,2.444,9.854,9.815,10.26,9.971,9.811",828,0.021806975826621056,419,0.009185402654111385,"2099,693,2428,157,1567,1824,212,4775",0.2526986598968506,0.760498046875,0.8031005859375,"0.151,0.17,0.299,0.25,0.407,0.329,0.293,0.454","21.2,14.2,9.75,7.47,5.62,5.34,5.22,4.75","-0.0018,-0.00659,0.0305,-0.0103,-0.017,-0.00909,-0.0171,0.00224","0,0,0.0533,0,0,0,0,0","0,-0.0111,0.0259,-0.0146,-0.0137,0,-0.0146,0",0.1865234375,0.1598772406578064,2,1.254393458366394,0.16734746098518372
36,o_proj,gptq,5120,5120,0,0.0021214675903320312,0.001487579345703125,429.91656641552527,0.034214953139569876,1245.2957763671875,710.8814697265625,39.807579040527344,114.79891967773438,279.1961364746094,374.8891296386719,0.3656574785709381,428.816162109375,0.028326639905571938,"279,23,151,407,535,3878,2788,927,799,1183,4006,2173,4134,3044,4262,4158",46.54145431518555,,,,,0,144.116943359375,216.2349853515625,128.71780395507812,167.8035430908203,"0.625,0.614,0.680,0.720,0.781,0.759,0.780,0.814",21193.64453125,15851.40625,"6.079e+04,5.768e+04,4557,6367,6508,8022,1.072e+04,1.491e+04",34.677040100097656,34.373260498046875,"64.76,64.09,17.44,22.31,22.99,23.49,27.48,34.86","19.5,19.01,5.539,6.876,7.431,7.656,9.161,11.64","24.67,24.26,6.715,8.105,8.406,8.788,10.37,12.9",4675,0.01572837494313717,4338,0.0034415931440889835,"1117,1074,1202,2699,1120,1058,151,1659",0.07408421486616135,0.32861328125,0.3241210877895355,"1.52,1.46,1.31,1.57,1.53,1.52,1.23,1.8","1.99,1.98,1.96,1.88,1.77,1.76,1.7,1.69","0.275,-0.0806,-0.0869,-0.0559,-0.441,-0.293,-0.234,-0.0864","0.291,-0.126,-0.156,-0.0539,-0.468,-0.273,-0.241,-0.12","0.31,-0.155,-0.0725,-0.041,-0.465,-0.31,-0.201,-0.065",0.54296875,0.46779143810272217,4,0.9319401979446411,0.25045353174209595
36,gate_proj,gptq,13824,5120,0,0.0020449885615596063,0.0014677824797453703,706.1993072708719,0.02246801559766828,2536.614990234375,1901.49853515625,468.10247802734375,1163.272705078125,1091.14404296875,1119.64453125,0.695203423500061,705.246337890625,0.13808000087738037,"2710,4938,2896,3593,4020,3553,2950,655,1307,1576,1684,3286,2468,4610,1145,315",390.977783203125,,,,,0,462.0094909667969,496.9873962402344,544.7055053710938,578.2086181640625,"1.025,1.057,2.080,0.786,0.870,0.836,0.929,0.840",3884.99169921875,4832.3642578125,"4509,4231,695,3801,4713,4356,4374,4401",35.51295471191406,39.16243362426758,"37.75,36.5,15.24,37.98,39.39,39.2,38.7,39.35","23.47,23.07,13.67,20.67,22.45,21.95,22.97,22.04","23.18,22.44,9.476,23.31,24.08,24,23.83,24.05",5313,0.001613735337741673,7361,0.001649663201533258,"655,1567,4597,1684,2099,1466,3489,2847",0.15148751437664032,0.33252856135368347,0.3015407919883728,"3.13,2.54,2.69,2.98,2.54,2.67,3.03,2.85","5.09,3.78,3.7,3.66,3.55,3.44,3.36,3.31","0.0121,-0.0767,-0.0608,-0.0371,0.0488,-0.00699,-0.0557,-0.0025","0,-0.0831,-0.0831,-0.0416,0.0416,0,-0.0416,0","0.023,-0.0766,-0.0703,-0.0416,0.0441,0,-0.0519,0",0.2236328125,0.2574138343334198,1,0.9019235968589783,0.11338651180267334
36,up_proj,gptq,13824,5120,0,0.0020431377269603587,0.001510549474645544,676.9848696327826,0.020191005954959783,2616.014892578125,1967.328857421875,491.20733642578125,1173.6085205078125,1081.0638427734375,1142.1461181640625,0.695203423500061,676.240234375,0.09465091675519943,"2710,4938,2896,3593,2950,3553,4020,655,1307,1576,1684,3286,4610,1145,2468,315",390.977783203125,,,,,0,449.2257385253906,505.6437072753906,549.17041015625,590.2281494140625,"0.970,0.971,1.471,0.784,0.882,0.822,0.893,0.817",3884.99169921875,4832.3642578125,"4509,4231,695,3801,4713,4356,4374,4401",35.51295471191406,39.16243362426758,"37.75,36.5,15.24,37.98,39.39,39.2,38.7,39.35","22.99,22.28,11.61,20.77,22.86,22.2,22.51,21.92","23.34,22.61,9.57,23.45,24.34,24.49,23.82,24.24",8335,0.001246777013875544,10871,0.0012445355532690883,"655,1567,4597,1684,2099,1466,3489,2847",0.09527107328176498,0.41990378499031067,0.47308123111724854,"1.63,1.92,2.16,2.07,1.6,2.11,1.75,1.85","5.09,3.78,3.7,3.66,3.55,3.44,3.36,3.31","0.00319,0.0124,-0.00476,0.0248,0.0112,0.00659,-0.0208,0.00568","0,0.0141,0,0.0282,0.0141,0,-0.0141,0","0,0.0163,0,0.0171,0.0159,0,-0.0177,0",0.07958984375,0.08298107981681824,1,0.807215690612793,0.31812626123428345
36,down_proj,gptq,5120,13824,0,0.002007618656864873,0.0015235618308738427,1342.0271952324892,0.04079676745315319,3341.91064453125,1976.2655029296875,306.67138671875,661.3143310546875,606.4204711914062,503.90093994140625,0.3616868853569031,1340.719482421875,0.1197144165635109,"8751,10432,6475,3405,11456,11446,3901,7842,17,2540,13348,9806,4876,4418,10606,3669",117.23193359375,,,,,0,262.243408203125,233.4537353515625,317.70233154296875,262.09222412109375,"1.104,1.101,1.712,0.956,1.206,1.138,1.201,1.150",9525.2265625,11428.650390625,"1.419e+04,9987,338.9,9505,1.404e+04,1.131e+04,8344,8480",37.750431060791016,42.254119873046875,"48.49,40.74,5.837,40.61,45.83,42.83,38.05,39.63","19.7,16.55,2.868,15.52,19.29,17.44,15.98,15.98","18.75,15.78,2.192,15.88,17.56,16.35,14.58,14.9",2710,0.003932545427232981,3094,0.01856161653995514,"8751,2422,3327,13117,11103,1984,10593,598",0.17524410784244537,0.365234375,0.3726806640625,"1.11,1.53,1.53,1.51,1.41,1.57,1.48,1.47","9,7.34,7.09,6.72,6.06,5.81,5.03,4.88","0.0306,0.00491,0.0206,0.00388,-0.008,0.0119,-0.0527,-0.0153","0,0,0,0,0,0,-0.0543,-0.0209","0.0477,0,0.0151,0,0,0,-0.0366,-0.0151",0.26171875,0.2243303656578064,1,1.209421992301941,0.1724044531583786
37,q_proj,gptq,5120,5120,0,0.0020311737060546876,0.0014780426025390624,337.40191821714774,0.03136286804706663,978.418701171875,649.8731079101562,177.09457397460938,542.2406616210938,611.4462890625,697.0374755859375,0.8219761848449707,336.56097412109375,0.2081008106470108,"693,2099,157,2953,3388,3931,3799,1824,2428,4436,4610,2797,1031,4517,4373,4794",302.6866149902344,,,,,0,209.92062377929688,279.74188232421875,261.2852783203125,325.9217529296875,"0.868,0.869,1.342,0.565,0.599,0.727,0.808,0.737",3504.242919921875,4367.19677734375,"4171,3897,527.7,3262,3988,4208,3975,4004",45.775390625,51.241600036621094,"53.52,51.98,12.64,48.35,50.17,51.44,49.76,48.34","17.42,17.29,5.256,12.78,13.63,15.28,15.89,14.65","18.69,18.54,4.537,17,17.61,17.92,17.68,17.07",3195,0.004774590488523245,1097,0.0032962700352072716,"2099,693,157,2428,1824,4775,4338,1567",0.3963218629360199,0.43193361163139343,0.509716808795929,"0.659,1.28,1.49,1.27,1.13,1.19,1.31,1.16","20.2,11.9,8.94,8.31,5.06,5.06,4.97,4.94","-0.0161,-0.00757,0.0242,0.00446,0.00818,-0.0198,0.004,0.021","0,0,0.0328,0,0,-0.0328,0,0.0328","-0.0184,0,0.0191,0,0,-0.0212,0,0.0181",0.11474609375,0.1311383992433548,1,0.9419877529144287,0.021766014397144318
37,k_proj,gptq,1024,5120,0,0.0020412445068359376,0.0014583587646484375,102.94431019591165,0.04685486860970306,235.0782012939453,140.72341918945312,45.272789001464844,127.27688598632812,188.22735595703125,167.17947387695312,0.8219761848449707,102.60595703125,0.2688588798046112,"693,2099,157,3388,2953,3931,3799,1824,4610,4436,2428,2797,1031,4517,3653,4794",302.6866149902344,,,,,0,62.33024597167969,67.78117370605469,76.90953063964844,81.93070983886719,"1.079,1.052,2.035,0.694,0.711,0.852,1.010,0.900",3504.242919921875,4367.19677734375,"4171,3897,527.7,3262,3988,4208,3975,4004",45.775390625,51.241600036621094,"53.52,51.98,12.64,48.35,50.17,51.44,49.76,48.34","9.826,9.491,3.145,6.892,7.286,8.127,8.553,7.894","9.459,9.253,2.204,8.272,8.64,8.805,8.512,8.321",570,0.021107086911797523,444,0.014404360204935074,"2099,693,157,2428,1824,4775,4338,1567",0.5230441689491272,0.347412109375,0.32080078125,"0.847,0.946,0.953,0.974,1.14,0.934,0.95,0.858","20.2,11.9,8.94,8.31,5.06,5.06,4.97,4.94","-0.015,-0.0113,-0.0396,0.0152,-0.0674,-0.0554,-0.0083,0.0195","0,0,-0.0346,0.0346,-0.0692,-0.0692,0,0.0346","0,-0.0181,-0.0427,0.0191,-0.0586,-0.0624,0,0.0205",0.1455078125,0.11389070749282837,1,1.0585918426513672,0.22776764631271362
37,v_proj,gptq,1024,5120,0,0.0020532608032226562,0.0015035629272460937,135.83151245881456,0.049456151199972306,302.4040832519531,203.1039581298828,60.68791198730469,155.85972595214844,180.25209045410156,178.2222900390625,0.8219761848449707,135.37579345703125,0.19671839475631714,"4436,4610,4517,4373,2245,3653,3799,1696,2797,4794,415,993,388,1093,1738,351",302.6866149902344,,,,,0,66.68788146972656,75.30203247070312,83.39990234375,85.07191467285156,"1.010,0.947,1.966,0.740,0.733,0.753,1.046,0.897",3504.242919921875,4367.19677734375,"4171,3897,527.7,3262,3988,4208,3975,4004",45.775390625,51.241600036621094,"53.52,51.98,12.64,48.35,50.17,51.44,49.76,48.34","9.449,9.023,3.309,7.731,7.784,8.512,9.564,8.22","9.404,9.272,2.36,8.988,9.092,9.811,9.349,8.679",474,0.017203154042363167,1010,0.011518625542521477,"2099,693,157,2428,1824,4775,4338,1567",0.23917432129383087,0.7919921875,0.80126953125,"0.136,0.117,0.171,0.239,0.264,0.42,0.396,0.347","20.2,11.9,8.94,8.31,5.06,5.06,4.97,4.94","0.00842,-0.00148,-0.00273,0.0121,-0.00748,0.013,-0.0153,-0.00106","0,0,0,0,0,0,0,0","0.0157,0,0,0,-0.0147,0,-0.0181,0",0.212890625,0.1824776828289032,1,1.020984411239624,0.43093910813331604
37,o_proj,gptq,5120,5120,0,0.0021232986450195313,0.0015009689331054689,401.4328495868916,0.03348558538600423,1119.486083984375,678.2444458007812,50.19032287597656,122.28302001953125,274.56146240234375,388.0187683105469,0.6090531349182129,400.5937194824219,0.050887200981378555,"4630,681,1065,937,1193,4502,4886,4758,809,1089,5014,2473,961,4256,1104,2964",42.93275833129883,,,,,0,115.85725402832031,172.5062255859375,95.05857849121094,125.52946472167969,"0.617,0.611,0.677,0.977,0.782,0.802,0.747,0.825",14151.796875,8995.716796875,"3.809e+04,3.577e+04,3571,1.058e+04,6147,6011,4639,8410",31.78917694091797,29.838279724121094,"60.33,58.82,17.05,21.38,22.22,22.98,25.68,25.85","17.43,16.98,5.114,7.847,7.207,7.318,8.331,8.493","22.2,21.73,6.215,7.938,8.148,8.169,9.642,9.349",2258,0.008538276888430119,841,0.002776091918349266,"4630,2958,833,3086,863,2574,2830,2974",0.10080189257860184,0.4421630799770355,0.45344239473342896,"1.26,0.828,1.38,0.846,1.55,0.765,0.791,1.41","2.34,2.34,2.27,2.17,1.91,1.9,1.89,1.85","-0.0376,0.00717,-0.0189,0.00641,-0.0146,0.00178,0.00433,-0.00281","0,0,0,0,0,0,0,0","0,0.0126,-0.0152,0.0102,-0.0152,0,0,0",0.306640625,0.3437500298023224,1,0.6659698486328125,0.4003312587738037
37,gate_proj,gptq,13824,5120,0,0.0020308035391348378,0.0014720775462962962,692.3507340902725,0.021838967936458873,2531.06201171875,1878.5953369140625,514.2839965820312,1249.0260009765625,1178.4876708984375,1182.7958984375,0.6540190577507019,690.87939453125,0.13431067764759064,"2710,11,4938,2896,3593,1307,4020,655,3553,2950,1576,1684,3286,4610,1145,2468",398.1754150390625,,,,,0,489.71514892578125,514.1044921875,588.0053100585938,593.9071655273438,"1.051,1.085,1.863,0.823,0.886,0.879,0.956,0.854",3795.9775390625,4728.830078125,"4533,4145,715.4,3598,4384,4584,4103,4306",36.414955139160156,40.16822814941406,"38.73,37.14,16.19,38.35,39.92,41.34,39.08,40.57","24.11,23.79,13.71,21.27,22.85,23.49,23.06,22.89","23.52,22.83,10.05,23.45,24.28,25.06,23.59,24.77",13663,0.0014671777607873082,7914,0.0027287073899060488,"655,2099,1684,3489,4597,1567,2847,1466",0.15073315799236298,0.3315158486366272,0.30239981412887573,"3.06,2.49,2.95,2.98,2.72,2.51,2.88,2.67","5.47,4.03,3.97,3.86,3.8,3.61,3.55,3.23","-0.0138,0.0281,-0.00565,-0.0154,-0.05,0.00253,0.000492,-0.017","0,0,0,0,0,0,0,0","0,0.0494,0,0,-0.0379,0,0,0",0.4296875,0.37412649393081665,4,0.8754287958145142,0.9840693473815918
37,up_proj,gptq,13824,5120,0,0.0020443527786820023,0.0015187863950376157,668.2947227334371,0.01992107753993391,2604.869140625,1951.884033203125,538.5755615234375,1278.4835205078125,1168.668701171875,1215.43212890625,0.6540190577507019,667.3306884765625,0.09264929592609406,"2710,11,4938,2896,3593,1307,4020,3553,2950,655,1576,1684,3286,4610,1145,315",398.1754150390625,,,,,0,476.4488525390625,528.5301513671875,582.196044921875,620.7193603515625,"1.010,1.011,1.380,0.775,0.878,0.856,0.885,0.836",3795.9775390625,4728.830078125,"4533,4145,715.4,3598,4384,4584,4103,4306",36.414955139160156,40.16822814941406,"38.73,37.14,16.19,38.35,39.92,41.34,39.08,40.57","23.89,22.96,11.79,21.03,23.15,23.54,22.77,22.89","23.78,22.84,10.04,23.88,24.71,25.44,24.2,25.04",1338,0.001275199931114912,2758,0.0017158894333988428,"655,2099,1684,3489,4597,1567,2847,1466",0.09575525671243668,0.41952401399612427,0.4715440571308136,"1.68,1.63,2.12,1.78,2.1,1.96,1.8,2.1","5.47,4.03,3.97,3.86,3.8,3.61,3.55,3.23","0.00412,0.00677,-0.0479,0.0154,-0.0187,0.015,0.00842,-0.00989","0,0,-0.041,0.0137,-0.0137,0.0137,0.0137,-0.0137","0,0,-0.0479,0.0158,-0.0197,0.0212,0.0166,-0.0173",0.0908203125,0.08874614536762238,1,0.8267427086830139,0.33629110455513
37,down_proj,gptq,5120,13824,0,0.0019933206063729746,0.001519775390625,1317.0703423967216,0.03993590825834349,3302.5927734375,1957.779541015625,340.43731689453125,727.1646118164062,717.0849609375,542.8292846679688,0.09117569029331207,1316.02392578125,0.11834628880023956,"9895,7313,1123,4302,2927,4620,1229,7386,5307,10500,10751,8477,10016,981,13518,4413",159.50857543945312,,,,,0,313.39556884765625,260.159423828125,427.06109619140625,299.55584716796875,"1.061,1.092,1.639,1.169,1.311,1.216,1.347,1.272",10547.802734375,16284.81640625,"9715,7863,412.8,9987,1.122e+04,2.003e+04,1.142e+04,1.375e+04",40.314449310302734,44.93960952758789,"49.58,40.98,6.749,42.11,43.09,54.25,40.64,45.1","19.6,16.33,3.266,17.3,18.2,22.92,18.04,19.1","19.02,15.63,2.551,15.99,15.89,20.78,15.54,16.94",2015,0.003341962583363056,3094,0.013368984684348106,"5453,9813,12776,12617,6411,4302,9071,10143",0.1297006458044052,0.3792968690395355,0.38640138506889343,"1.6,1.5,1.54,1.62,1.26,1.16,1.36,1.58","6.44,5.34,5.19,5.09,4.91,4.91,4.75,4.72","-0.00391,-0.0254,0.0105,0.00143,0.0112,-0.0225,-0.00693,-0.0104","-0.0213,-0.0285,0,0,0,0,0,-0.0133","0,-0.0257,0.017,0,0.0109,-0.0266,0,-0.013",0.240234375,0.2745535969734192,1,1.0519914627075195,0.24944306910037994
38,q_proj,gptq,5120,5120,0,0.00205810546875,0.0014839553833007812,307.11501494608456,0.02887697862665259,934.3365478515625,636.8765869140625,174.7724609375,527.1885986328125,590.1982421875,703.05859375,0.8389758467674255,306.69384765625,0.22113944590091705,"693,2099,3931,157,2953,3388,3799,1824,2428,2797,4610,4436,415,1031,4373,4794",316.54718017578125,,,,,0,201.65872192382812,283.3601379394531,262.75177001953125,344.5522766113281,"0.809,0.804,1.281,0.526,0.643,0.722,0.724,0.670",3557.671142578125,4565.640625,"4097,3824,546.1,3092,3933,5080,3846,4043",45.73580551147461,52.20768356323242,"53.69,51.73,13.09,47.96,50.43,51.58,49.46,47.95","17.06,16.57,5.194,12.28,13.99,15.75,15.13,14.06","18.96,18.48,4.589,16.92,17.44,18.54,17.78,17.17",4695,0.003556962590664625,2597,0.0030688452534377575,"2099,693,157,2428,1824,1567,4775,212",0.42712217569351196,0.44658204913139343,0.5311523675918579,"0.592,1.21,1.41,1.17,1.05,1.04,1.16,1.47","21.2,12.1,10.1,9,5.78,5.44,5,4.81","-0.00327,0.0182,0.022,-0.0127,0.00403,-0.00806,-0.0031,-0.00351","0,0.0354,0.0354,0,0,0,0,0","0,0.0186,0.016,-0.0171,0,0,0,0",0.1240234375,0.1063058078289032,3,0.8341420888900757,0.44439077377319336
38,k_proj,gptq,1024,5120,0,0.0020473480224609377,0.0014703750610351562,93.9941965875696,0.04579243635749398,217.12484741210938,137.3497314453125,43.021583557128906,125.25672912597656,192.70159912109375,163.1085662841797,0.8389758467674255,93.88180541992188,0.30063796043395996,"693,2099,3931,157,2953,1824,3799,3388,4436,2428,4610,2797,1031,4794,4373,415",316.54718017578125,,,,,0,60.12529754638672,64.63202667236328,79.9209976196289,78.66028594970703,"1.096,1.133,1.824,0.654,0.707,1.000,0.899,0.870",3557.671142578125,4565.640625,"4097,3824,546.1,3092,3933,5080,3846,4043",45.73580551147461,52.20768356323242,"53.69,51.73,13.09,47.96,50.43,51.58,49.46,47.95","9.781,9.486,2.979,6.483,7.137,8.467,8.252,7.329","9.344,8.911,2.205,8.018,8.49,8.466,8.701,7.855",122,0.02309107407927513,887,0.022711390629410744,"2099,693,157,2428,1824,1567,4775,212",0.6961410641670227,0.4031982421875,0.3656005859375,"0.807,0.913,0.885,0.923,1.04,0.788,0.853,0.799","21.2,12.1,10.1,9,5.78,5.44,5,4.81","-0.0153,0.019,0.0693,-0.113,-0.129,-0.0669,-0.0537,0.0342","0,0.0368,0.0737,-0.11,-0.147,-0.0737,-0.0368,0.0368","0,0.0141,0.0699,-0.129,-0.147,-0.0573,-0.0561,0.0233",0.146484375,0.1473214328289032,1,1.0845681428909302,0.046474844217300415
38,v_proj,gptq,1024,5120,0,0.0020441055297851563,0.0015172958374023438,124.61219506332782,0.04202118226187979,302.8443908691406,207.76251220703125,60.46424865722656,157.78302001953125,204.39649963378906,188.60263061523438,0.8389758467674255,124.15470123291016,0.20967859029769897,"693,4436,2099,3931,3799,4610,157,4517,1824,415,2797,2428,4794,3653,2953,2245",316.54718017578125,,,,,0,73.3577651977539,77.53782653808594,95.76795959472656,92.940673828125,"1.183,1.061,1.633,0.683,0.752,0.928,1.061,0.864",3557.671142578125,4565.640625,"4097,3824,546.1,3092,3933,5080,3846,4043",45.73580551147461,52.20768356323242,"53.69,51.73,13.09,47.96,50.43,51.58,49.46,47.95","10.35,9.871,3.194,7.406,8.037,9.672,9.469,8.33","9.516,9.581,2.5,8.959,9.266,10.04,9.191,8.963",40,0.011786310002207756,5,0.01304337102919817,"2099,693,157,2428,1824,1567,4775,212",0.37106263637542725,0.7398681640625,0.7413330078125,"0.21,0.224,0.32,0.358,0.437,0.441,0.503,0.378","21.2,12.1,10.1,9,5.78,5.44,5,4.81","-0.000702,5.82e-05,0.00259,-0.00351,-0.00178,0.00169,-0.00525,-0.00378","0,0,0,0,0,0,0,0","0,0,0,0,0,0,0,0",0.158203125,0.14996862411499023,1,0.8725704550743103,0.2309616506099701
38,o_proj,gptq,5120,5120,0,0.002086181640625,0.0014857864379882813,353.815651924524,0.029566653362404254,1074.981201171875,676.9439697265625,48.525413513183594,136.20095825195312,268.64093017578125,418.4693603515625,0.5548104643821716,353.4848937988281,0.038543395698070526,"1512,1384,1768,1640,1896,2294,4444,2208,2038,4786,4837,5042,4501,4188,4227,1952",34.73179626464844,,,,,0,120.06916809082031,196.4541778564453,73.06866455078125,112.79103088378906,"0.573,0.577,0.543,0.659,0.575,0.821,0.761,0.582",12240.1474609375,6508.83837890625,"3.305e+04,3.037e+04,2896,4284,3542,8472,9104,6200",34.5433464050293,28.575611114501953,"63.26,61.32,19.66,21.91,21.44,28.88,31.14,28.74","17.45,16.9,5.498,6.748,6.117,9.623,9.971,8.093","23.05,22.24,7.461,8.312,8.069,10.62,11.43,10.61",341,0.0036157977301627398,655,0.005568296182900667,"1384,1512,2511,1999,2127,2383,1317,2255",0.05956759676337242,0.4971679747104645,0.5604248046875,"1.07,0.989,0.744,0.716,0.718,0.734,1.5,0.711","2.56,2.38,1.93,1.93,1.92,1.91,1.91,1.88","0.00995,0.0137,-0.00174,-0.00218,-0.00126,-0.00258,0.0131,2.77e-05","0.0148,0.0148,0,0,0,0,0.015,0","0.0151,0.0138,0,0,0,0,0.0151,0",0.08251953125,0.09474458545446396,1,0.3678433299064636,0.0827505812048912
38,gate_proj,gptq,13824,5120,0,0.0020271018699363425,0.0014819533736617476,667.0517990141525,0.02107362733292412,2498.16943359375,1855.52001953125,566.910888671875,1361.1297607421875,1302.473388671875,1299.154541015625,0.6458674669265747,666.2938232421875,0.12473893165588379,"2710,4938,2896,4020,3593,1307,1576,3553,3286,1684,2950,1145,655,11,2468,315",379.2503356933594,,,,,0,524.7078857421875,555.43359375,662.6751708984375,670.059814453125,"1.019,1.067,1.831,0.810,0.906,0.925,0.933,0.818",3795.19677734375,4947.048828125,"4285,3938,729.5,3336,4227,5439,4139,4268",37.90081024169922,42.64790344238281,"39.47,37.75,17.31,39.08,40.97,45.47,40.48,42.69","24.24,23.75,14.34,21.3,23.6,26.48,23.93,23.57","24.01,22.99,10.6,23.67,24.8,27.53,24.78,26.06",1298,0.0014042190741747618,4562,0.0015020092250779271,"655,1684,3489,4597,2099,1567,2847,1466",0.1380574107170105,0.32205766439437866,0.29110604524612427,"3.09,3.01,3.04,2.73,2.58,2.48,2.97,2.68","5.69,4.34,4.19,3.84,3.56,3.47,3.38,3.2","-0.122,-0.0245,-0.0449,-0.0454,0.063,-0.00308,0.0474,-0.00497","-0.123,-0.041,-0.041,-0.041,0.082,0,0.041,0","-0.14,-0.0285,-0.043,-0.0416,0.0699,0,0.0566,0",0.1435546875,0.12395182996988297,1,0.8844278454780579,0.3266831636428833
38,up_proj,gptq,13824,5120,0,0.0020563054967809606,0.0015208632857711226,657.3789603987243,0.019444901805740888,2604.8369140625,1951.162841796875,601.23583984375,1399.793212890625,1321.509765625,1355.1263427734375,0.6458674669265747,656.5616455078125,0.0869714766740799,"2710,4938,2896,4020,3593,1307,1576,1684,3286,3553,2950,1145,655,11,315,2468",379.2503356933594,,,,,0,527.6885375976562,576.5855102539062,677.3230590820312,694.098876953125,"0.999,1.026,1.428,0.767,0.874,0.919,0.912,0.836",3795.19677734375,4947.048828125,"4285,3938,729.5,3336,4227,5439,4139,4268",37.90081024169922,42.64790344238281,"39.47,37.75,17.31,39.08,40.97,45.47,40.48,42.69","24.37,23.64,12.66,21.27,23.78,27.16,23.91,24.11","24.38,23.33,10.59,24.29,25.43,28.33,25.03,26.37",8990,0.000987812178209424,3891,0.001573494984768331,"655,1684,3489,4597,2099,1567,2847,1466",0.0937017872929573,0.41279658675193787,0.46100080013275146,"1.69,2.08,1.78,2.08,1.68,2.01,1.79,2.13","5.69,4.34,4.19,3.84,3.56,3.47,3.38,3.2","-0.00232,0.0058,0.00729,0.0273,-0.00671,-0.000938,-0.00195,-0.0118","0,0,0,0.0354,0,0,0,-0.0177","0,0,0,0.0317,0,0,0,-0.0191",0.09521484375,0.09619244188070297,1,0.7472760677337646,0.007902223616838455
38,down_proj,gptq,5120,13824,0,0.0020026030363859953,0.0015228130199291087,1302.8528711733754,0.03909693646456863,3295.19189453125,1948.920654296875,384.309326171875,819.673095703125,799.5104370117188,589.9974975585938,0.09332841634750366,1301.731201171875,0.10030104964971542,"6880,6743,4237,11395,8265,7584,4562,2803,3473,3818,7964,1021,11509,1944,1736,10515",117.78156280517578,,,,,0,287.67437744140625,236.451416015625,423.5479736328125,288.75140380859375,"1.092,1.152,1.518,1.030,1.280,1.433,1.274,1.160",8679.34375,14059.6806640625,"8693,6690,438.9,8981,1.091e+04,1.797e+04,6901,8847",38.78337860107422,44.84104919433594,"45.24,37.73,7.609,44.7,45.7,53.1,34.29,41.89","17.9,15.1,3.585,17.17,19.35,23.87,14.69,16.9","17.13,14.06,2.91,16.92,17.1,19.94,13.01,15.69",3094,0.002467941027134657,4675,0.0038148928433656693,"5354,11317,13227,349,13740,8227,5422,11186",0.12354816496372223,0.3285156190395355,0.33073732256889343,"1.52,1.51,1.66,1.54,1.56,1.49,1.25,1.52","8,7.59,6.16,5.59,5.38,5.19,5.09,4.75","0.00424,-0.0317,-0.01,-0.0062,-0.00227,-0.0569,0.0449,0.0157","0,-0.0441,0,0.0302,0,-0.0744,0,0.0311","0,-0.0371,0,0,0,-0.0558,0.0438,0.0219",0.7421875,0.6361607313156128,3,0.9611445665359497,0.6163058280944824
39,q_proj,gptq,5120,5120,0,0.002035484313964844,0.001471710205078125,308.8812014780997,0.03027341027430459,913.5198364257812,619.3330078125,178.91445922851562,515.8375244140625,647.32373046875,695.4847412109375,0.8235092163085938,308.28436279296875,0.23196788132190704,"693,2099,157,3931,2953,3799,1824,3388,2428,4436,2797,1031,415,4373,4610,2657",289.6127014160156,,,,,0,210.57589721679688,263.92413330078125,284.37030029296875,332.6845703125,"0.899,0.871,1.404,0.599,0.670,0.873,0.838,0.739",3461.003662109375,4593.12646484375,"3933,3592,568.8,2959,3874,5419,3567,3776",44.776100158691406,52.01744842529297,"51.79,49.9,13.63,46.85,49.52,51.81,47.83,46.88","17.34,16.57,5.705,12.47,14.14,16.79,15.29,14.35","18.29,17.75,4.814,16.11,17.27,17.97,16.7,16.69",2682,0.005518033169209957,2673,0.006349063478410244,"2099,693,157,2428,1824,212,1567,4775",0.48161962628364563,0.4626708924770355,0.518994152545929,"0.664,1.27,1.42,1.26,1.14,1.47,1.08,1.24","20.2,11.9,10.4,9,5.62,5.34,5.34,4.91","-0.0466,0.0248,0.0396,0.0884,-0.0303,-0.0952,-0.0332,0.0125","-0.0349,0.0349,0.0349,0.105,-0.0349,-0.105,-0.0349,0.0349","-0.0474,0.0319,0.0272,0.0917,-0.0349,-0.109,-0.025,0",0.1220703125,0.13597115874290466,1,1.050010323524475,0.5242748260498047
39,k_proj,gptq,1024,5120,0,0.0020153045654296873,0.00146942138671875,82.24674138997943,0.04098371488432128,201.71701049804688,130.5104522705078,40.980743408203125,117.39912414550781,193.6949462890625,159.30581665039062,0.8235092163085938,82.30651092529297,0.2997099757194519,"693,2099,3931,157,2953,3799,3388,1824,4436,2428,1031,4373,415,2797,4610,2657",289.6127014160156,,,,,0,60.9837760925293,61.4354133605957,77.63043212890625,77.60381317138672,"1.169,1.130,1.927,0.709,0.721,1.061,1.064,0.990",3461.003662109375,4593.12646484375,"3933,3592,568.8,2959,3874,5419,3567,3776",44.776100158691406,52.01744842529297,"51.79,49.9,13.63,46.85,49.52,51.81,47.83,46.88","9.657,9.168,3.005,6.526,7.448,8.82,8.171,7.675","8.933,8.625,2.165,7.75,8.773,8.563,7.921,7.714",60,0.017542175948619843,828,0.013671907596290112,"2099,693,157,2428,1824,212,1567,4775",0.5945655703544617,0.4188232421875,0.387451171875,"0.81,0.896,0.849,0.873,1.01,0.751,0.799,0.876","20.2,11.9,10.4,9,5.62,5.34,5.34,4.91","-0.128,0.112,0.18,0.0415,0.0554,-0.0228,-0.0605,-0.0544","-0.103,0.103,0.154,0.0513,0.0513,0,-0.0513,-0.0513","-0.114,0.0963,0.154,0.0485,0.0475,0,-0.0519,-0.0642",0.1796875,0.1540178656578064,2,0.986443817615509,0.17851196229457855
39,v_proj,gptq,1024,5120,0,0.0020742416381835938,0.0014636993408203125,116.73936927838076,0.0339441744048323,320.61456298828125,234.5402069091797,64.63307189941406,170.9100341796875,206.33255004882812,208.16354370117188,0.8235092163085938,116.173828125,0.17214201390743256,"693,4436,3799,2099,3931,4517,415,4373,1824,2245,2428,157,4794,2953,2797,4610",289.6127014160156,,,,,0,71.01432037353516,82.08697509765625,94.43502044677734,100.60258483886719,"0.914,0.942,1.381,0.686,0.817,0.885,0.889,0.852",3461.003662109375,4593.12646484375,"3933,3592,568.8,2959,3874,5419,3567,3776",44.776100158691406,52.01744842529297,"51.79,49.9,13.63,46.85,49.52,51.81,47.83,46.88","9.382,9.146,3.187,7.494,8.45,10.1,9.211,8.473","9.813,9.425,2.712,9.047,9.35,10.74,9.77,9.177",77,0.01412589568644762,101,0.011324563063681126,"2099,693,157,2428,1824,212,1567,4775",0.248954176902771,0.7200927734375,0.784912109375,"0.184,0.215,0.276,0.327,0.373,0.393,0.412,0.475","20.2,11.9,10.4,9,5.62,5.34,5.34,4.91","-0.0117,0.011,-0.0176,0.0439,-0.0292,-0.00136,-0.00159,0.0161","0,0,-0.041,0.041,-0.041,0,0,0","0,0.0172,-0.0162,0.0496,-0.0244,0,0,0.0247",0.15625,0.13790133595466614,1,1.004355549812317,0.31018567085266113
39,o_proj,gptq,5120,5120,0,0.0020849227905273436,0.0015079498291015625,380.29637888252546,0.030572051637406415,1137.548828125,704.3751831054688,64.7196273803711,166.5183563232422,370.39569091796875,595.810302734375,0.4711647033691406,379.6502685546875,0.045848846435546875,"2664,1176,2640,2792,920,2768,3048,2896,1048,3024,3176,3152,664,2920,346,90",36.57477569580078,,,,,0,155.98065185546875,281.8349609375,124.19560241699219,171.30612182617188,"0.500,0.509,0.638,0.700,0.616,0.675,0.676,0.685",11997.37890625,9232.806640625,"3.278e+04,2.962e+04,3204,3687,5681,5555,6350,9100",39.99909210205078,35.22519302368164,"76.73,73.6,21.57,22.33,31.2,28.03,30.98,35.55","20.27,19.42,6.306,6.934,9.426,8.498,9.367,11.1","28.67,27.22,7.895,8.286,12.01,10.35,11.39,13.41",3094,0.004045811947435141,1648,0.002765610348433256,"2431,2559,2310,2438,2374,2322,2411,2502",0.101569764316082,0.31513673067092896,0.31733399629592896,"1.52,1.71,1.44,1.49,1.58,1.55,1.49,1.82","3.27,3.12,2.98,2.84,2.81,2.77,2.75,2.62","-0.0757,-0.0913,0.0427,0.042,-0.0625,-0.0574,-0.000322,-0.0811","-0.0956,-0.0662,0.106,0,-0.0721,-0.0475,0,-0.0648","-0.0731,-0.105,0.0366,0.0349,-0.0731,-0.0731,0,-0.0698",0.40625,0.4254569411277771,1,0.599582314491272,0.18358683586120605
39,gate_proj,gptq,13824,5120,0,0.0020417955186631943,0.0014822076868127893,661.3554689271841,0.02094573312915809,2489.963623046875,1845.563720703125,617.8359375,1466.8709716796875,1393.82177734375,1398.3477783203125,0.6761952638626099,660.1357421875,0.12186088413000107,"2710,11,4938,2896,1307,4020,3593,3553,1684,3286,1576,2950,1145,655,2468,315",354.57830810546875,,,,,0,553.9493408203125,576.8057861328125,714.8665161132812,725.9857788085938,"1.001,1.055,1.881,0.822,0.891,1.002,0.938,0.833",3677.63916015625,4942.42919921875,"4130,3750,750.9,3159,4024,5819,3807,3981",38.87325668334961,44.527244567871094,"40.42,38.41,18.18,39.84,42.11,47.94,40.81,43.27","24.49,23.92,15.2,21.68,24.04,29.04,23.89,23.79","24.48,23.29,11.09,23.91,25.47,29.02,24.66,26.06",5348,0.0014527317835018039,13420,0.0044411588460206985,"655,3489,1684,4597,1567,2099,2847,4938",0.13487601280212402,0.31741899251937866,0.2876790463924408,"3.05,3.02,2.99,2.74,2.47,2.43,2.98,3.05","5.78,4.31,4.31,4.03,3.66,3.58,3.38,3.3","-0.0278,-0.0552,-0.03,-0.106,0.024,0.0474,0.0566,0.0239","-0.0304,-0.0608,-0.0304,-0.122,0.0304,0.0608,0.0608,0.0304","-0.0225,-0.0628,-0.0234,-0.0912,0.0212,0.0363,0.0527,0.0234",0.126953125,0.121651791036129,1,0.9163206815719604,0.17989329993724823
39,up_proj,gptq,13824,5120,0,0.002043490939670139,0.0015146326135706018,658.8219126534241,0.01935840610376054,2620.46240234375,1962.2208251953125,661.3352661132812,1529.099609375,1430.6129150390625,1467.80224609375,0.6761952638626099,658.1263427734375,0.08570260554552078,"2710,11,4938,2896,1307,4020,3593,1576,1684,3553,1145,3286,2950,655,315,2468",354.57830810546875,,,,,0,557.519775390625,608.413818359375,731.1861572265625,764.6036987304688,"1.005,1.010,1.459,0.761,0.840,0.976,0.906,0.815",3677.63916015625,4942.42919921875,"4130,3750,750.9,3159,4024,5819,3807,3981",38.87325668334961,44.527244567871094,"40.42,38.41,18.18,39.84,42.11,47.94,40.81,43.27","25.03,23.89,13.44,21.79,24.05,29.38,24.13,24.16","24.97,23.78,11.13,24.99,26.23,29.73,25.34,26.76",2087,0.0012721882667392492,7154,0.0012665486428886652,"655,3489,1684,4597,1567,2099,2847,4938",0.09240727126598358,0.42779767513275146,0.47725874185562134,"1.73,1.78,2.1,2.05,2.02,1.7,1.82,1.79","5.78,4.31,4.31,4.03,3.66,3.58,3.38,3.3","-0.00446,0.00885,0.024,-0.0197,0.0168,0.0211,0.00421,0.00154","0,0,0.0306,-0.0153,0.0153,0.0153,0,0","0,0.017,0.0169,-0.0193,0.0264,0.0186,0,0",0.09228515625,0.10192635655403137,1,0.8576881885528564,0.11610473692417145
39,down_proj,gptq,5120,13824,0,0.0020004555031105323,0.001530866269712095,1341.483266763782,0.04001350597243936,3337.3701171875,1952.2982177734375,454.21807861328125,984.609619140625,955.39501953125,696.0665283203125,0.2778260409832001,1340.5479736328125,0.107074074447155,"9456,12742,1550,6663,5996,430,2344,9909,1036,12728,7049,8467,9081,11954,10913,1571",123.04517364501953,,,,,0,367.8045654296875,294.0797424316406,581.5816650390625,404.08331298828125,"1.289,1.209,1.589,1.147,1.163,1.425,1.156,1.105",9329.48828125,15401.705078125,"6377,6179,408.9,8233,1.183e+04,2.775e+04,6317,7535",42.33473205566406,52.50675964355469,"39.31,39.43,8.332,43.16,52.36,70.93,40.11,45.04","16.62,16.59,3.897,17.49,21.68,31.93,16.31,17.72","14.64,15.09,3.091,16.33,20.11,26.75,15.17,16.86",3094,0.004639558959752321,4675,0.015385543927550316,"2730,12337,13512,7173,3600,13814,12742,1550",0.3790782690048218,0.42878419160842896,0.43120118975639343,"1.7,1.21,1.52,1.55,1.53,1.54,1.11,1.1","23.6,10.8,8.69,6.88,6.44,6.38,5.62,5.25","0.0198,0.00433,-0.0167,-0.051,-0.02,-0.00264,-0.672,0.0104","0.0705,0,-0.0308,-0.0809,-0.0253,-0.0327,-0.623,0","0.0262,0,-0.0234,-0.0533,-0.025,0,-0.576,0",0.7265625,0.6227679252624512,4,1.4766305685043335,2.4667069911956787
40,q_proj,gptq,5120,5120,0,0.0020528411865234374,0.0014599227905273437,323.96225598478077,0.033342990702244286,904.4906616210938,589.116455078125,193.99774169921875,534.4816284179688,707.2053833007812,771.9864501953125,0.8323073983192444,323.386474609375,0.2016463428735733,"693,2099,3931,157,2953,3799,1824,3388,2428,4436,2797,1031,4517,415,3653,4373",228.84490966796875,,,,,0,232.42477416992188,292.8314208984375,309.6916198730469,370.37811279296875,"0.828,0.804,1.460,0.637,0.683,0.889,0.822,0.765",3426.84814453125,4606.021484375,"3984,3618,552.2,2762,3608,5807,3611,3474",48.11017608642578,55.84683609008789,"57.14,55.44,14.63,48.26,50,56.45,55.22,47.75","18.12,17.39,6.126,12.99,13.89,18.33,17,14.29","19.91,19.39,5.07,16.28,16.81,19.44,18.76,16.34",860,0.0073557631112635136,1097,0.0036104670725762844,"2099,693,157,2428,1824,212,1567,3896",0.40308499336242676,0.44108888506889343,0.5233398675918579,"0.765,1.35,1.52,1.34,1.21,1.66,1.12,0.575","18.9,11.1,9.81,9.19,5.84,5.03,4.97,4.94","-0.0315,0.00342,0.0537,0.019,0.000477,-0.0342,0.0143,-0.000736","-0.053,0,0.053,0,0,-0.053,0,0","-0.0315,0,0.046,0.0183,0,-0.0307,0.0259,0",0.185546875,0.1590401828289032,1,1.1912808418273926,0.005493347533047199
40,k_proj,gptq,1024,5120,0,0.0020452499389648437,0.00147705078125,91.14125080119572,0.051772951703350716,198.11984252929688,119.31971740722656,46.58141326904297,117.871826171875,215.8179931640625,172.87696838378906,0.8323073983192444,90.99850463867188,0.284008264541626,"693,2099,3931,157,1824,3799,2953,3388,2428,4436,1031,4517,2797,415,3653,1738",228.84490966796875,,,,,0,65.92365264892578,65.89176177978516,84.65989685058594,81.64834594726562,"1.168,1.082,1.840,0.724,0.773,1.172,1.029,0.842",3426.84814453125,4606.021484375,"3984,3618,552.2,2762,3608,5807,3611,3474",48.11017608642578,55.84683609008789,"57.14,55.44,14.63,48.26,50,56.45,55.22,47.75","9.929,9.298,3.238,6.542,7.365,9.711,9.492,7.102","9.186,8.938,2.387,7.688,8.379,8.968,9.356,7.738",634,0.027187464758753777,505,0.0161457397043705,"2099,693,157,2428,1824,212,1567,3896",0.5289470553398132,0.4190673828125,0.37451171875,"0.854,0.94,0.91,0.881,1.06,0.76,0.8,0.532","18.9,11.1,9.81,9.19,5.84,5.03,4.97,4.94","-0.0115,-0.0415,-0.0337,0.0238,-0.115,-0.0124,0.00215,0.0022","0,-0.0328,-0.0328,0.0328,-0.131,0,0,0","-0.0201,-0.0446,-0.0391,0.025,-0.0984,-0.0195,0,0",0.11474609375,0.1311383992433548,2,1.214386224746704,0.1453147530555725
40,v_proj,gptq,1024,5120,0,0.0020488739013671876,0.0015003204345703125,163.06590220428282,0.047459829372940424,370.5087890625,246.78378295898438,87.64578247070312,204.0345458984375,276.1372985839844,255.81951904296875,0.8323073983192444,162.13247680664062,0.21487967669963837,"3931,4436,4517,3653,3799,415,2245,993,1738,2797,4373,693,1696,3978,4610,1685",228.84490966796875,,,,,0,94.7840576171875,104.45733642578125,128.51507568359375,125.41438293457031,"1.072,1.088,1.864,0.689,0.760,0.914,0.848,0.853",3426.84814453125,4606.021484375,"3984,3618,552.2,2762,3608,5807,3611,3474",48.11017608642578,55.84683609008789,"57.14,55.44,14.63,48.26,50,56.45,55.22,47.75","11.55,11.08,4.01,8.336,8.519,11.8,10.98,9.179","11.15,10.62,2.937,10.05,9.771,12.35,11.92,9.94",999,0.00897211953997612,53,0.012181890197098255,"2099,693,157,2428,1824,212,1567,3896",0.24119940400123596,0.820068359375,0.8115234375,"0.162,0.14,0.186,0.275,0.252,0.21,0.418,1.28","18.9,11.1,9.81,9.19,5.84,5.03,4.97,4.94","-0.00101,0.0115,0.0107,0.00818,-0.0135,0.00427,0.0101,0.252","0,0,0,0,0,0,0,0.216","0,0.022,0.0181,0,-0.0229,0,0.0118,0.216",0.251953125,0.2159598171710968,1,0.8069682121276855,0.4725279211997986
40,o_proj,gptq,5120,5120,0,0.0021185302734375,0.0015186309814453126,416.603351691856,0.03300119790371819,1176.4422607421875,714.5858764648438,50.51250457763672,169.63101196289062,419.9603576660156,513.3426513671875,0.4097263216972351,416.0045166015625,0.029238246381282806,"695,823,1079,1207,951,4346,4218,4474,3446,4137,4090,3316,2692,2948,2820,3962",45.27482223510742,,,,,0,180.47132873535156,235.66571044921875,133.4364776611328,165.63485717773438,"0.799,0.776,0.664,0.733,0.774,0.725,0.703,0.692",19260.826171875,12128.4150390625,"5.927e+04,5.559e+04,4783,5370,6713,6883,6836,8643",36.309043884277344,32.8399658203125,"69.55,67.65,22.03,22.37,25.13,26.57,26.7,30.47","23.16,22.33,6.885,7.282,8.354,8.493,8.494,9.708","25.9,25.35,8.449,8.504,9.496,9.974,10.13,11.67",4675,0.009045114740729332,938,0.0043104165233671665,"3881,4009,4265,4393,4137,1090,2306,1131",0.04284925386309624,0.4941162168979645,0.5279785394668579,"0.73,0.748,0.719,0.714,0.718,1.61,1.46,1.63","2.33,2.3,2.28,2.27,2.23,1.91,1.88,1.7","0.16,0.166,0.156,0.156,0.156,-0.052,-0.139,-0.00989","0.196,0.196,0.196,0.0982,0.0982,-0.0625,-0.144,0","0.154,0.186,0.134,0.134,0.134,-0.091,-0.181,0",0.34375,0.392857164144516,1,0.7944700121879578,0.24708598852157593
40,gate_proj,gptq,13824,5120,0,0.0020375852231626157,0.0014869831226490163,653.9633603342809,0.020762149943154118,2479.337158203125,1835.583251953125,655.4530029296875,1547.9114990234375,1470.3076171875,1441.0823974609375,0.6611621379852295,652.5087890625,0.11878722161054611,"2710,4938,11,2896,1307,4020,3593,2950,3286,1145,1684,3553,1576,655,2468,315",311.691162109375,,,,,0,586.672119140625,585.485595703125,751.638671875,760.1411743164062,"1.104,1.141,1.899,0.834,0.927,1.049,0.935,0.821",3688.546875,4968.30078125,"4292,3812,795.1,2962,3819,6309,3825,3694",39.51860046386719,45.680267333984375,"41.21,38.97,19.1,39.38,41.91,50.65,42.05,42.87","26.19,25.07,16.05,21.4,24.2,30.63,24.22,23.51","24.92,23.47,11.64,23.43,25.14,29.91,25.05,25.95",7613,0.0027298838831484318,11923,0.002356644719839096,"655,3489,1684,4597,1567,2847,4938,2099",0.12974970042705536,0.31248190999031067,0.28381800651550293,"3.04,3.04,3.01,2.76,2.45,3,3.05,2.5","5.5,4.53,4.5,3.72,3.62,3.48,3.47,3.23","-0.00461,-0.00357,-0.0371,-0.0679,-0.0366,0.0133,0.0253,-0.024","0,0,0,0,0,0,0,0","0,0,-0.0321,-0.0787,-0.034,0,0.0279,0",0.6328125,0.5424107313156128,1,1.2646050453186035,0.6740769147872925
40,up_proj,gptq,13824,5120,0,0.0020433072690610532,0.0015249888102213541,655.6371192194056,0.01917817185492683,2625.0087890625,1967.306396484375,706.2715454101562,1637.7900390625,1514.6292724609375,1545.408935546875,0.6611621379852295,654.86767578125,0.08164703845977783,"2710,11,4938,1307,2896,4020,3593,2950,1684,3286,1576,1145,3553,655,315,3489",311.691162109375,,,,,0,589.7322387695312,631.1305541992188,784.1085205078125,805.2237548828125,"1.027,1.048,1.402,0.790,0.869,0.988,0.871,0.831",3688.546875,4968.30078125,"4292,3812,795.1,2962,3819,6309,3825,3694",39.51860046386719,45.680267333984375,"41.21,38.97,19.1,39.38,41.91,50.65,42.05,42.87","25.93,24.63,14.15,21.63,24.34,31.54,24.43,24.21","25.59,24.06,11.95,24.33,26.11,31.74,26.18,26.57",10650,0.001629417296499014,5443,0.0010618780506774783,"655,3489,1684,4597,1567,2847,4938,2099",0.08660142868757248,0.42159467935562134,0.4743923544883728,"1.77,1.77,2.11,2.05,2.01,1.81,1.77,1.72","5.5,4.53,4.5,3.72,3.62,3.48,3.47,3.23","-0.0304,0.0197,-0.00467,-0.0457,-0.000854,0.0223,0.0177,0.00397","-0.0339,0.0339,0,-0.0339,0,0.0339,0,0","-0.0342,0.0241,0,-0.0494,0,0.0208,0.0197,0",0.11865234375,0.12222500145435333,1,0.9824958443641663,0.16866245865821838
40,down_proj,gptq,5120,13824,0,0.0020034366183810763,0.0015313325104890046,1310.3780131202293,0.0388474442451448,3311.47900390625,1953.283447265625,508.73236083984375,1147.204833984375,973.1875,718.898193359375,0.4258018434047699,1308.732666015625,0.08869116753339767,"2879,8058,12973,9045,5821,4529,5312,13484,11743,4896,8898,13668,3719,3413,6526,4480",251.19752502441406,,,,,0,400.412353515625,307.79925537109375,640.1259155273438,462.8212585449219,"1.188,1.189,1.471,0.982,1.195,1.616,1.290,1.264",9076.6435546875,15639.208984375,"7232,6411,445.4,6503,7361,2.702e+04,7316,1.033e+04",43.9603271484375,55.28705596923828,"49.73,46.19,9.326,44.18,42.7,67.88,41.92,49.75","20.52,18.77,4.308,16.7,18.02,32.51,17.66,20.96","18.83,17.21,3.551,16.85,16.49,25.57,15.55,18.64",3869,0.0033122135791927576,4675,0.033440329134464264,"7799,8058,8517,11925,7495,4619,9761,6457",0.1248670369386673,0.36933594942092896,0.374755859375,"1.47,1.1,1.53,1.62,1.53,1.56,1.57,1.49","6.5,6.12,5.38,5.34,4.62,4.53,4.5,4.41","0.0136,-0.00928,0.00885,0.012,0.0155,0.005,0.0123,0.0339","0.0182,0,0.0157,0.0259,0.0157,0,0.0196,0.0321","0.0165,-0.0161,0,0.0155,0.0206,0,0.0155,0.0363",0.09326171875,0.10851898789405823,1,1.0371742248535156,0.16823932528495789
41,q_proj,gptq,5120,5120,0,0.0020517349243164063,0.0014498138427734375,296.07808148835466,0.03040958476624606,877.444091796875,589.0895385742188,196.7808837890625,498.4445495605469,648.85498046875,675.5675048828125,0.7731183767318726,295.52117919921875,0.17214785516262054,"693,3931,2099,157,2953,2428,3799,3388,4436,1824,4517,4373,4610,2797,415,1738",133.1319580078125,,,,,0,214.0017852783203,253.1754150390625,293.5564880371094,326.5677185058594,"0.856,0.843,1.406,0.636,0.774,0.968,0.846,0.852",3501.214599609375,4914.8203125,"4190,3619,647,2541,3410,6489,3540,3574",44.623687744140625,52.20261764526367,"52.69,49.66,14.89,43.68,45.3,55.84,50.42,44.51","17.09,15.83,6.168,11.98,13.59,18.73,15.94,14.07","18.47,17.24,5.202,15.03,15.45,19.04,17.33,15.25",2110,0.0037146294489502907,2492,0.004605468828231096,"2099,2428,693,157,1824,1567,212,4775",0.301647424697876,0.38896486163139343,0.4502929747104645,"0.828,1.45,1.4,1.58,1.17,1.21,1.71,1.28","14.1,8.62,8.06,7.47,4.78,4.75,4.72,4.62","0.0289,0.00766,-0.0366,-0.00687,0.0304,0.0486,-0.0147,0.0544","0.0275,0,-0.0275,0,0.0275,0.055,0,0.055","0.0333,0,-0.0393,0,0.0353,0.041,-0.0239,0.0586",0.09619140625,0.09442886710166931,1,0.8283434510231018,0.1491115838289261
41,k_proj,gptq,1024,5120,0,0.002056884765625,0.0014642715454101563,76.61986628086743,0.04369728815810599,182.19615173339844,116.46585083007812,43.43181610107422,107.07121276855469,180.79660034179688,144.90281677246094,0.7731183767318726,76.3210678100586,0.25209927558898926,"693,3931,2099,157,2953,3388,1824,2428,4436,4517,3799,4610,415,4373,1738,388",133.1319580078125,,,,,0,55.016876220703125,54.54474639892578,75.65452575683594,67.79217529296875,"1.187,1.113,2.044,0.717,0.801,0.992,1.036,0.988",3501.214599609375,4914.8203125,"4190,3619,647,2541,3410,6489,3540,3574",44.623687744140625,52.20261764526367,"52.69,49.66,14.89,43.68,45.3,55.84,50.42,44.51","9.096,8.554,3.201,5.585,6.585,8.907,8.359,7.087","8.349,8.109,2.239,6.595,7.359,8.943,8.212,7.129",624,0.01682610623538494,447,0.019580626860260963,"2099,2428,693,157,1824,1567,212,4775",0.4289597272872925,0.36181640625,0.32861328125,"0.912,0.84,1.03,0.914,1.05,0.823,0.715,0.829","14.1,8.62,8.06,7.47,4.78,4.75,4.72,4.62","0.0192,-0.0265,0.0303,0.0223,-0.131,0.00659,0.0259,-0.0732","0.0374,-0.0374,0.0374,0.0374,-0.112,0,0.0374,-0.0748","0.0215,-0.0312,0.0236,0.022,-0.112,0,0.022,-0.0674",0.2236328125,0.19240061938762665,1,0.8541628122329712,0.3401919901371002
41,v_proj,gptq,1024,5120,0,0.0020299911499023437,0.00147857666015625,150.47326198618794,0.04070315719989971,370.006103515625,247.88919067382812,89.38796997070312,202.2906494140625,271.93505859375,245.82412719726562,0.7731183767318726,149.8826904296875,0.20417843759059906,"4436,4517,3799,388,4373,3653,3931,993,415,2245,1685,4794,1738,2428,2317,1696",133.1319580078125,,,,,0,94.8392105102539,92.66737365722656,131.7987060546875,122.75318908691406,"1.162,1.017,1.892,0.759,0.875,1.037,1.180,0.964",3501.214599609375,4914.8203125,"4190,3619,647,2541,3410,6489,3540,3574",44.623687744140625,52.20261764526367,"52.69,49.66,14.89,43.68,45.3,55.84,50.42,44.51","10.89,10.01,4.268,8.168,8.788,12.6,11.56,9.242","10.1,9.931,3.103,9.373,9.397,12.37,10.64,9.414",406,0.010125622153282166,454,0.011525602079927921,"2099,2428,693,157,1824,1567,212,4775",0.20210762321949005,0.8326416015625,0.8135986328125,"0.178,0.303,0.147,0.197,0.304,0.407,0.198,0.522","14.1,8.62,8.06,7.47,4.78,4.75,4.72,4.62","-0.0043,-0.0154,-0.00204,-0.00464,0.0265,-0.00342,0.00726,0.00406","0,0,0,0,0,0,0,0","0,-0.0236,0,0,0.023,0,0,0",0.205078125,0.1757812649011612,2,0.884263813495636,0.04719477891921997
41,o_proj,gptq,5120,5120,0,0.0020891571044921874,0.0015173721313476562,396.4359935615173,0.030431246704965272,1175.316650390625,737.54052734375,47.04360580444336,132.03585815429688,522.1057739257812,656.3958740234375,0.5192292928695679,395.86541748046875,0.03879924118518829,"4501,4629,4757,860,4885,5013,3904,1114,4513,783,1039,1242,4641,318,1167,1132",53.55915451049805,,,,,0,205.7551727294922,259.41009521484375,125.63109588623047,159.3616485595703,"0.803,0.756,0.731,0.822,0.785,0.858,0.751,0.859",26737.892578125,14983.880859375,"7.209e+04,6.369e+04,8388,1.149e+04,1.271e+04,1.486e+04,1.202e+04,1.867e+04",38.998077392578125,32.972991943359375,"67.17,64.45,23.19,25.61,30.52,33.02,30.27,37.75","22.7,21.34,7.78,9.014,10.24,12.04,10.14,13.44","25.33,24.54,9.101,9.939,11.56,13,11.71,14.5",3094,0.005156209692358971,3011,0.0028679787646979094,"1039,1114,1138,1151,1167,1125,1242,1128",0.08243512362241745,0.37421876192092896,0.3632568418979645,"1.15,1.03,1.48,1.33,1.62,1.55,1.29,1.31","4.88,4,3.34,3.23,3.09,2.95,2.77,2.72","-0.0393,-0.123,0.0449,0.0108,-0.0845,0.0243,-0.102,0.0996","-0.0792,-0.158,0.0431,0,-0.0792,0.0437,-0.0792,0.0792","-0.0388,-0.116,0.0388,0,-0.0748,0.0388,-0.112,0.116",0.27734375,0.3169642984867096,1,0.7355911135673523,0.36015042662620544
41,gate_proj,gptq,13824,5120,0,0.0020401424831814237,0.0014834509955512153,632.2112438618205,0.02014731090103311,2452.615966796875,1821.94287109375,695.2978515625,1589.90576171875,1599.05419921875,1528.004638671875,0.6677111387252808,631.4210815429688,0.11059334874153137,"11,4938,2710,1307,3593,2896,4020,1145,1684,2950,1576,3286,3553,655,315,3489",240.62631225585938,,,,,0,618.86962890625,599.60498046875,824.981201171875,809.91845703125,"1.121,1.145,1.975,0.801,0.936,1.080,0.976,0.898",3735.6806640625,5171.35791015625,"4519,3868,844.7,2723,3592,6816,3691,3830",40.176631927490234,47.1876335144043,"43.05,40.02,19.99,38.71,41.74,52.97,41.41,43.51","27.3,25.69,16.97,20.82,24.04,32.38,24.44,24.5","25.79,24.01,12.08,23.26,24.85,31.15,24.73,25.85",12191,0.008183775469660759,8157,0.0014853833708912134,"655,3489,1684,2847,4597,4801,1567,4938",0.11511252820491791,0.3138020932674408,0.28492113947868347,"2.99,2.99,3,2.96,2.77,2.63,2.44,3.07","5.5,4.72,4.34,3.92,3.67,3.41,3.39,3.38","-0.0552,-0.0742,-0.0469,0.0237,-0.0339,0.0189,0.0332,0.0664","-0.107,-0.107,-0.107,0,0,0,0,0.107","-0.0575,-0.0709,-0.0642,0.0385,-0.0533,0,0.0427,0.0664",0.373046875,0.3197544813156128,2,2.1746766567230225,0.7244388461112976
41,up_proj,gptq,13824,5120,0,0.00203974688494647,0.001532194349500868,646.9683165135793,0.018777558728375342,2631.458251953125,1978.29150390625,758.1744384765625,1700.361328125,1664.4613037109375,1653.1259765625,0.6677111387252808,646.4520263671875,0.07710263878107071,"11,4938,2710,1307,3593,2896,1145,2950,1684,4020,1576,3553,3286,655,315,3489",240.62631225585938,,,,,0,637.45361328125,661.6354370117188,864.1942138671875,873.91845703125,"1.042,1.069,1.469,0.785,0.861,1.044,0.911,0.858",3735.6806640625,5171.35791015625,"4519,3868,844.7,2723,3592,6816,3691,3830",40.176631927490234,47.1876335144043,"43.05,40.02,19.99,38.71,41.74,52.97,41.41,43.51","27.37,25.71,15.06,21.4,24.38,34.04,24.85,25.18","26.81,24.87,12.43,24.17,26.27,33.32,26.04,27.18",8887,0.0011476685758680105,8980,0.0013227863237261772,"655,3489,1684,2847,4597,4801,1567,4938",0.07654236257076263,0.41328486800193787,0.460015207529068,"1.8,1.8,2.11,1.82,2.06,2.21,2.07,1.77","5.5,4.72,4.34,3.92,3.67,3.41,3.39,3.38","-0.0126,-0.0141,0.00461,-0.0216,0.00861,0.0255,0.000397,-0.00261","-0.0212,-0.0212,0,-0.0212,0,0.0212,0,0","-0.0184,-0.0244,0,-0.0193,0.0161,0.018,0,0",0.09375,0.09034654498100281,1,0.8258106112480164,0.2143179029226303
41,down_proj,gptq,5120,13824,0,0.002001105414496528,0.00153468096697772,1291.3099425010223,0.0379573065893404,3301.659423828125,1959.709228515625,568.40869140625,1233.9139404296875,1093.105224609375,765.921875,0.5850976705551147,1289.892333984375,0.0858391672372818,"7024,181,1748,5652,6942,12191,6200,11373,2422,4707,5112,9221,2092,12408,10155,3665",291.79962158203125,,,,,0,380.42974853515625,286.60699462890625,776.8187255859375,525.158935546875,"1.217,1.236,1.549,1.191,1.190,1.517,1.283,1.230",7856.84716796875,16938.27734375,"5707,4950,401.1,4922,6464,2.793e+04,5564,6919",41.45684051513672,58.075538635253906,"43.65,37.74,9.352,38.88,46.17,73.5,38.16,44.2","18.06,15.76,4.357,15.55,19.08,34.92,16.61,18.68","16.37,14.18,3.5,14.25,17.49,28.35,14.67,16.84",3913,0.0036616551224142313,3094,0.0028004010673612356,"4334,9897,301,8445,4013,10645,9357,7024",0.2672646641731262,0.39497071504592896,0.39643555879592896,"1.61,1.52,1.59,1.63,1.45,1.54,1.58,1.08","19.4,6.34,5.53,5.44,5.12,5.06,5.03,4.44","-0.0288,-0.00891,0.00108,-0.0114,-0.000435,-0.0277,-0.00388,0.00516","-0.0174,-0.014,0,0,0,-0.0307,0,0","-0.0312,0,0,-0.0177,0,-0.0343,0,0",0.10302734375,0.1120295599102974,1,1.1542706489562988,0.15142187476158142
42,q_proj,gptq,5120,5120,0,0.0020417022705078126,0.0014557647705078125,334.6881368456122,0.033423782970707326,932.6997680664062,613.200439453125,189.74819946289062,531.8235473632812,675.8472900390625,738.9749755859375,0.801904559135437,334.0699462890625,0.19748848676681519,"693,3931,2099,157,3799,1824,2953,4436,2428,3388,415,4517,993,3653,1031,388",188.23214721679688,,,,,0,220.20909118652344,280.07598876953125,305.2734375,356.1105651855469,"0.820,0.804,1.461,0.563,0.645,0.911,0.794,0.796",3285.72900390625,4631.27587890625,"4128,3527,627,2321,3051,6143,3219,3270",46.068363189697266,53.819881439208984,"56.07,53.15,15.71,44.47,46,55.84,52.88,44.44","17.83,16.76,6.579,11.75,12.91,18.47,16.62,14.05","19.69,18.69,5.442,15.66,16.07,19.35,18.65,15.75",2870,0.003923474811017513,1459,0.0033749653957784176,"2099,157,2428,693,1824,212,3896,4517",0.4187461733818054,0.43352052569389343,0.537182629108429,"0.788,1.55,1.39,1.42,1.2,1.73,0.543,1.18","16.8,9.69,9.25,8.88,6,5.41,5.28,4.88","0.00699,0.00317,-0.0273,0.00424,-0.0454,0.00142,0.0101,-0.0381","0,0,-0.0197,0,-0.0393,0,0.0197,-0.0393","0,0,-0.0271,0,-0.0379,0,0.0178,-0.0472",0.11669921875,0.10183209925889969,1,0.8085130453109741,0.0942939817905426
42,k_proj,gptq,1024,5120,0,0.001988792419433594,0.0014556884765625,94.44247620914817,0.055374560867591224,197.80322265625,114.69879150390625,46.054962158203125,109.87395477294922,207.06307983398438,156.16973876953125,0.801904559135437,94.37095642089844,0.2975200414657593,"693,3931,2099,157,1824,3799,4436,2953,3388,2428,415,3653,993,4517,388,1031",188.23214721679688,,,,,0,63.59199142456055,58.204498291015625,83.99801635742188,76.619140625,"1.192,1.182,2.262,0.726,0.810,1.212,1.153,1.060",3285.72900390625,4631.27587890625,"4128,3527,627,2321,3051,6143,3219,3270",46.068363189697266,53.819881439208984,"56.07,53.15,15.71,44.47,46,55.84,52.88,44.44","10.11,9.525,3.767,6.044,6.652,9.306,8.976,7.324","9.261,8.762,2.504,7.092,7.39,8.451,8.359,7.114",637,0.016464782878756523,503,0.014455479569733143,"2099,157,2428,693,1824,212,3896,4517",0.6511635184288025,0.39501953125,0.3388671875,"0.91,0.944,0.889,1.05,1.05,0.768,0.636,0.863","16.8,9.69,9.25,8.88,6,5.41,5.28,4.88","0.107,0.0386,-0.0408,-0.0233,-0.0186,0.017,0.0496,-0.0613","0.107,0.0356,-0.0356,-0.0356,0,0,0.0356,-0.0711","0.0921,0.0427,-0.0399,-0.024,-0.0174,0.0142,0.0425,-0.07",0.12451171875,0.1422991156578064,1,0.8535046577453613,0.14693927764892578
42,v_proj,gptq,1024,5120,0,0.002029228210449219,0.0014841079711914063,196.34644342682756,0.05513706965727693,412.3507080078125,249.95362854003906,98.67088317871094,205.28857421875,310.839599609375,250.89198303222656,0.801904559135437,195.53509521484375,0.23795488476753235,"4436,4517,3653,388,2317,3799,993,3931,415,2245,1696,3943,3896,1738,4402,1435",188.23214721679688,,,,,0,110.05659484863281,99.48832702636719,139.64434814453125,122.51435089111328,"1.159,1.147,2.153,0.745,0.996,1.215,1.160,1.063",3285.72900390625,4631.27587890625,"4128,3527,627,2321,3051,6143,3219,3270",46.068363189697266,53.819881439208984,"56.07,53.15,15.71,44.47,46,55.84,52.88,44.44","12.11,11.55,4.731,8.158,9.262,13.31,12.54,9.559","11.24,10.78,3.224,9.454,9.281,12.08,11.64,9.271",924,0.016320185735821724,212,0.010808820836246014,"2099,157,2428,693,1824,212,3896,4517",0.2518745958805084,0.8157958984375,0.760009765625,"0.186,0.177,0.282,0.142,0.264,0.201,1.26,0.69","16.8,9.69,9.25,8.88,6,5.41,5.28,4.88","0.00562,0.0117,-0.00203,0.00436,-0.000341,0.00613,-0.0143,-0.0439","0,0,0,0,0,0,0,-0.0798","0,0.0215,0,0,0,0,-0.0218,-0.0293",0.279296875,0.2393973171710968,1,1.1831912994384766,0.04041384905576706
42,o_proj,gptq,5120,5120,0,0.0021002960205078127,0.001517181396484375,406.41134887363296,0.031671331354757394,1176.1533203125,725.9287109375,47.40856170654297,172.6180419921875,459.32501220703125,586.7679443359375,0.6470010280609131,405.751220703125,0.03480345010757446,"1545,1801,1673,1417,1289,1131,1489,765,1458,1526,846,4477,1502,1427,1408,1527",83.15476989746094,,,,,0,211.66757202148438,302.3612060546875,136.71734619140625,164.1095733642578,"0.651,0.641,0.675,0.723,0.747,0.755,0.909,0.894",21224.55078125,12436.533203125,"5.308e+04,5.012e+04,5827,7723,8952,1.415e+04,1.478e+04,1.516e+04",42.26617431640625,34.74496841430664,"74.36,72.2,24.58,28.4,29.64,39.31,34.74,34.9","22.69,22.14,7.651,8.992,9.381,12.78,12.15,12.24","28.13,27.66,9.312,10.58,10.85,14.71,12.75,12.95",3931,0.004655362106859684,2099,0.002563194837421179,"1545,1417,1801,1289,1673,4093,1652,4477",0.08429983258247375,0.50732421875,0.5473877191543579,"2.27,0.829,0.659,0.652,0.899,0.669,1.22,0.715","3.61,2.92,2.86,2.48,2.34,2.22,2.2,2.19","0.312,-0.000938,0.0027,0.0178,0.0991,-0.0121,0.024,-0.016","0.268,0,0,0,0.0893,0,0.0246,0","0.268,0,0,0.0237,0.0942,-0.0133,0,-0.0151",0.3125,0.2678571343421936,1,0.6400558352470398,0.23622830212116241
42,gate_proj,gptq,13824,5120,0,0.0020470513237847224,0.0014874776204427083,614.3012631181482,0.019710839976878336,2428.74560546875,1820.796875,732.341064453125,1655.4205322265625,1675.0220947265625,1605.9287109375,0.6761969923973083,613.3414306640625,0.10762180387973785,"11,4938,2710,1307,3593,2950,4020,1145,1576,315,1684,655,2896,3286,3489,3553",178.07847595214844,,,,,0,624.1871337890625,614.86376953125,865.4049072265625,847.0050659179688,"1.095,1.122,1.978,0.803,0.879,1.085,0.959,0.866",3594.576171875,5218.69287109375,"4368,3772,878.3,2577,3365,6789,3411,3595",40.32237243652344,48.151512145996094,"43.4,40.55,20.6,38.78,41.76,53.44,40.78,43.27","27.36,25.99,17.46,20.88,23.62,33.24,23.94,24.35","26.15,24.53,12.41,23.31,25.19,31.92,24.45,26.17",10807,0.0014331243000924587,4407,0.003486624686047435,"655,3489,2847,1684,4597,4801,4938,1567",0.11545934528112411,0.3148328959941864,0.28568071126937866,"2.97,2.99,2.98,2.92,2.74,2.59,3.01,2.38","5.34,5.25,3.94,3.91,3.81,3.48,3.47,3.34","-0.0708,-0.0273,0.0479,-0.00668,-0.0645,0.0203,0.0591,0.00546","-0.0737,0,0.0737,0,-0.0737,0,0.0737,0","-0.0607,0,0.0826,0,-0.0485,0,0.077,0",0.39453125,0.33928200602531433,3,0.8940558433532715,0.1409105509519577
42,up_proj,gptq,13824,5120,0,0.002040848908600984,0.0015354297779224537,640.0785474697477,0.018395940204393446,2649.9169921875,2004.534912109375,811.445556640625,1803.35888671875,1773.075439453125,1747.428466796875,0.6761969923973083,639.1868286132812,0.0753081664443016,"11,4938,2710,1307,3593,2950,1145,4020,1576,315,1684,2896,3286,655,3553,3489",178.07847595214844,,,,,0,649.2388305664062,665.913818359375,928.0740356445312,928.662353515625,"1.037,1.051,1.475,0.795,0.889,1.063,0.948,0.849",3594.576171875,5218.69287109375,"4368,3772,878.3,2577,3365,6789,3411,3595",40.32237243652344,48.151512145996094,"43.4,40.55,20.6,38.78,41.76,53.44,40.78,43.27","27.61,26.06,15.63,21.74,24.54,34.54,24.68,25.12","27.11,25.42,12.87,24.38,26.03,33.51,25.35,27.27",10355,0.0032739753369241953,5235,0.001277630915865302,"655,3489,2847,1684,4597,4801,4938,1567",0.07879944145679474,0.41388165950775146,0.45861363410949707,"1.79,1.76,1.82,2.2,2.08,2.21,1.8,2.09","5.34,5.25,3.94,3.91,3.81,3.48,3.47,3.34","0.0874,0.0664,-0.063,0.0197,0.0364,-0.0371,-0.0728,-0.00842","0.0502,0.0502,-0.0502,0,0.0502,-0.0502,-0.0502,0","0.0749,0.0731,-0.0566,0,0.0244,-0.0265,-0.0624,0",0.279296875,0.2571229338645935,1,1.404049277305603,0.23633815348148346
42,down_proj,gptq,5120,13824,0,0.0020066437897858797,0.0015376196967230903,1331.6869145843048,0.03879908985593075,3361.4072265625,1980.1737060546875,669.6864624023438,1447.72705078125,1251.25439453125,872.55615234375,0.22325079143047333,1330.53955078125,0.09196247905492783,"6350,11213,12890,3570,3951,5385,7683,9858,12964,123,5023,7528,5006,3023,4612,12244",122.13455200195312,,,,,0,398.1793212890625,320.8772888183594,882.636962890625,570.0740356445312,"0.972,1.066,1.432,1.048,1.169,1.494,1.298,1.219",6890.4970703125,17134.958984375,"5560,4688,402.6,4143,4905,2.495e+04,4300,6172",43.64617156982422,59.72552490234375,"51.88,46.81,10.61,40.41,41.84,76.14,35.59,45.88","19.68,18.3,4.722,15.75,17.23,35.98,15.53,18.98","19.96,17.73,3.946,15.39,15.94,29.44,13.63,17.19",477,0.002707078354433179,4675,0.016065964475274086,"12890,10972,13657,1047,13000,2334,10365,9651",0.19878894090652466,0.3451171815395355,0.3514648377895355,"1.22,1.5,1.51,1.57,1.54,1.49,1.53,1.59","9.38,8.12,7.03,6.44,6.38,5.72,5.53,5.34","0.0378,-0.0118,0.0023,-0.0103,-0.00275,-0.0123,0.00328,0.00656","0.0541,0,0,0,0,0,0,0","0.0404,-0.0134,0,-0.0137,0,-0.0191,0,0",0.26171875,0.22144170105457306,1,0.896499514579773,0.10289604961872101
43,q_proj,gptq,5120,5120,0,0.0020337677001953124,0.0014498519897460937,324.37148664245206,0.037248877965413985,847.1697998046875,539.046875,210.3932342529297,538.94384765625,836.0360717773438,779.268798828125,0.7941176295280457,323.6214599609375,0.22496730089187622,"693,3931,2099,157,1824,3799,2953,4517,993,4436,2428,415,3388,2797,4373,3653",187.82244873046875,,,,,0,258.71234130859375,280.0484924316406,354.16424560546875,368.94647216796875,"0.972,0.983,1.608,0.598,0.762,1.072,0.920,0.946",3219.599609375,4688.146484375,"4088,3538,632.6,2271,2995,6023,2993,3217",49.36481475830078,57.95577621459961,"60.58,57.53,17.22,48.16,49.19,58.69,55.63,47.91","19.76,18.89,7.269,12.15,13.79,19.64,17.78,15.17","20.05,19.05,5.732,15.71,15.79,18.97,18.54,15.6",4858,0.005870555527508259,4863,0.003200753591954708,"2099,157,2428,693,1824,212,3896,4517",0.4872955083847046,0.46757814288139343,0.528369128704071,"0.775,1.52,1.34,1.37,1.22,1.67,0.762,1.18","17.9,10.4,10.3,9.75,6.72,5.78,5.5,5.25","0.0152,-0.00356,-0.0908,0.000656,0.0264,0.164,0.00195,0.00934","0,0,-0.0938,0,0.0469,0.141,0,0","0.0202,0,-0.0778,0,0.0289,0.141,0,0.017",0.1640625,0.1406250149011612,1,1.0563137531280518,0.39826056361198425
43,k_proj,gptq,1024,5120,0,0.002035713195800781,0.0014522552490234375,80.54177053826055,0.05802812060748261,166.5587158203125,98.05857849121094,46.6215705871582,109.26571655273438,221.4214630126953,165.1521453857422,0.7941176295280457,80.59678649902344,0.3079800307750702,"693,3931,2099,157,1824,3799,2953,4436,2428,993,4517,3388,3653,415,388,4373",187.82244873046875,,,,,0,66.39511108398438,59.47047805786133,88.2689208984375,76.0665054321289,"1.094,1.124,2.277,0.680,0.802,1.339,1.408,1.123",3219.599609375,4688.146484375,"4088,3538,632.6,2271,2995,6023,2993,3217",49.36481475830078,57.95577621459961,"60.58,57.53,17.22,48.16,49.19,58.69,55.63,47.91","10.09,9.632,3.856,5.942,6.771,9.692,9.465,7.554","9.645,9.087,2.555,7.204,7.562,8.375,7.975,7.127",255,0.015292474068701267,46,0.013046905398368835,"2099,157,2428,693,1824,212,3896,4517",0.6229661107063293,0.4326171875,0.3897705078125,"0.828,0.896,0.884,0.959,1,0.725,0.506,0.785","17.9,10.4,10.3,9.75,6.72,5.78,5.5,5.25","0.0283,-0.116,0.028,0.0264,-0.0947,-0.022,-0.000117,0.0181","0.0346,-0.104,0.0346,0.0346,-0.104,0,0,0.0346","0.0366,-0.132,0.0321,0.03,-0.0812,-0.0331,0,0.0135",0.12109375,0.1037946492433548,4,0.8372876644134521,0.2897818684577942
43,v_proj,gptq,1024,5120,0,0.002050018310546875,0.001432037353515625,224.65533074563427,0.04931652355835315,498.8428039550781,338.6239929199219,139.17330932617188,303.9198303222656,419.0976867675781,370.14031982421875,0.7941176295280457,223.94140625,0.24361933767795563,"993,4517,4436,3653,388,1696,3931,2317,3978,2245,1180,3943,1435,415,351,4287",187.82244873046875,,,,,0,143.01992797851562,141.03643798828125,194.54388427734375,188.84230041503906,"1.168,1.164,1.658,0.612,0.844,1.101,0.993,1.000",3219.599609375,4688.146484375,"4088,3538,632.6,2271,2995,6023,2993,3217",49.36481475830078,57.95577621459961,"60.58,57.53,17.22,48.16,49.19,58.69,55.63,47.91","13.97,13.71,5.308,8.977,10.31,15.59,13.66,10.8","12.92,12.71,4.122,11.48,11.22,14.85,13.71,10.8",961,0.014989085495471954,826,0.00880907941609621,"2099,157,2428,693,1824,212,3896,4517",0.23961469531059265,0.8170166015625,0.8192138671875,"0.159,0.181,0.286,0.145,0.249,0.201,1.5,0.717","17.9,10.4,10.3,9.75,6.72,5.78,5.5,5.25","-0.0136,0.00256,-0.0123,0.00659,-0.00485,0.00934,-0.0151,0.0154","0,0,0,0,0,0,0,0","-0.0158,0,-0.0178,0,0,0,0,0.0205",0.2138671875,0.1833147406578064,1,1.261970043182373,0.14879627525806427
43,o_proj,gptq,5120,5120,0,0.002105903625488281,0.0015356826782226562,478.9600258874666,0.03361071393289781,1327.930908203125,809.288330078125,85.26760864257812,281.759765625,719.8170776367188,954.7208251953125,0.29637521505355835,477.951416015625,0.03284046798944473,"3345,3895,2614,4149,3217,3473,3729,4396,1250,3601,710,766,690,745,670,754",55.464332580566406,,,,,0,255.78237915039062,375.199462890625,236.03797912597656,281.31787109375,"0.674,0.683,0.634,0.648,0.618,0.733,0.743,0.688",16463.9609375,16049.865234375,"4.285e+04,3.879e+04,4938,5951,6502,9831,1.261e+04,1.024e+04",44.828468322753906,41.55311584472656,"78.24,74.51,26.97,29.82,33.19,36.45,40.55,38.88","25.42,24.28,8.641,9.809,10.69,12.64,13.97,13.05","30.97,29.38,10.85,12.18,13.6,14.77,16.21,15.73",3094,0.003396791173145175,4675,0.004278171341866255,"3447,3319,1250,3426,1122,994,866,738",0.0425148531794548,0.5053955316543579,0.553662121295929,"1.67,1.77,0.766,1.72,0.764,0.719,0.747,0.744","2.94,2.89,2.7,2.7,2.7,2.7,2.69,2.69","0.0967,0.0918,-0.213,0.0732,-0.209,-0.218,-0.21,-0.223","0.0859,0.0859,-0.172,0.0864,-0.172,-0.172,-0.258,-0.258","0.0977,0.0792,-0.182,0.0488,-0.179,-0.2,-0.18,-0.191",0.30078125,0.3437500298023224,1,0.6229574084281921,0.6181082725524902
43,gate_proj,gptq,13824,5120,0,0.0020337705258969907,0.0014792407000506365,601.8135659022555,0.019600316892810946,2397.92578125,1801.9693603515625,792.44677734375,1794.4591064453125,1877.592529296875,1786.55322265625,0.6570132970809937,600.4601440429688,0.11097148060798645,"11,4938,1307,655,2950,3593,2710,4020,3553,315,1145,1684,3286,1576,2836,3489",145.426025390625,,,,,0,700.1588134765625,674.931396484375,952.4296875,925.1090087890625,"1.082,1.152,1.973,0.805,0.912,1.142,0.976,0.866",3637.59912109375,5283.7294921875,"4689,4024,909.2,2532,3282,6704,3369,3592",42.6641731262207,50.66901397705078,"47.46,44.16,22.03,40.81,43.43,54.84,42.75,45.82","29.76,28.51,18.48,21.83,24.58,34.6,25.24,25.41","28.6,26.57,13.16,24.34,25.74,32.39,25.55,27.32",4589,0.0017992699285969138,3027,0.0026593757793307304,"655,3489,2847,4597,4938,4801,1684,1567",0.1349971741437912,0.31980612874031067,0.28988534212112427,"2.96,2.96,2.96,2.69,2.98,2.59,2.87,2.32","6.41,5.38,4.25,4.06,3.98,3.86,3.81,3.73","-0.0527,-0.0522,0.043,-0.0212,0.0361,0.0197,-0.0518,-0.0386","-0.0446,-0.0446,0.0446,-0.0446,0.0446,0.0446,-0.0446,-0.0446","-0.0368,-0.0357,0.0511,-0.0205,0.028,0,-0.06,-0.0463",0.2734375,0.2592097818851471,1,1.0428407192230225,0.3806990683078766
43,up_proj,gptq,13824,5120,0,0.0020413151493778934,0.0015363622594762733,639.4440886044285,0.018227947511091,2667.302490234375,2024.7554931640625,893.9413452148438,1993.6162109375,2032.1600341796875,1987.493896484375,0.6570132970809937,638.6002197265625,0.07931625097990036,"11,4938,1307,655,2950,3593,2710,4020,3553,1684,3286,1145,315,2836,1576,3489",145.426025390625,,,,,0,737.4681396484375,759.084716796875,1049.784912109375,1037.541259765625,"1.022,1.038,1.528,0.767,0.863,1.108,0.934,0.827",3637.59912109375,5283.7294921875,"4689,4024,909.2,2532,3282,6704,3369,3592",42.6641731262207,50.66901397705078,"47.46,44.16,22.03,40.81,43.43,54.84,42.75,45.82","30.5,28.59,17.09,22.59,25.43,36.36,26.08,26.48","30.17,28.06,13.82,25.79,27.38,34.54,26.99,29.12",5861,0.0011032874463126063,7880,0.002964871469885111,"655,3489,2847,4597,4938,4801,1684,1567",0.09045789390802383,0.41068974137306213,0.45446324348449707,"1.82,1.81,1.9,2.15,1.88,2.24,2.24,2.13","6.41,5.38,4.25,4.06,3.98,3.86,3.81,3.73","-0.0102,0.0198,-0.0239,0.00879,-0.00909,-0.0197,0.0129,-0.00604","-0.018,0.018,-0.018,0.018,-0.018,-0.018,0.018,0","0,0.0198,-0.0191,0,-0.0167,-0.0208,0,0",0.10009765625,0.10030047595500946,1,0.8446559309959412,0.141168475151062
43,down_proj,gptq,5120,13824,0,0.0020020520245587385,0.0015333246301721644,1356.3462857246668,0.03944595199267606,3394.19921875,1990.65185546875,822.0986938476562,1898.519287109375,1681.681884765625,1195.8560791015625,0.29711246490478516,1355.87109375,0.10433443635702133,"2750,5348,10771,8463,28,3994,1439,1318,7077,4588,3294,11097,8663,10324,2404,9390",195.70260620117188,,,,,0,498.6022033691406,397.35455322265625,1132.4205322265625,796.0262451171875,"1.129,1.149,1.282,0.857,1.034,1.638,1.142,1.029",6921.5830078125,17336.12109375,"5139,4261,420.6,3694,5122,2.712e+04,3842,5774",48.33384704589844,70.32769775390625,"50.41,44.21,12.56,45.04,50.46,87.73,39.81,56.46","20.55,18.03,5.45,16.44,19.7,42.28,16.77,22.02","19.34,16.82,4.814,17.75,19.37,33.03,15.69,21.7",3710,0.002949362387880683,4675,0.018188167363405228,"12682,13658,7278,857,11255,5988,5185,11204",0.2733793556690216,0.33073732256889343,0.33588868379592896,"1.64,1.43,1.58,1.33,1.45,1.68,1.41,1.55","15.6,9.75,7.16,6.62,5.94,5.78,5.69,5.5","-0.0269,-0.0327,0.00272,0.00653,0.000908,-0.0327,0.00989,-0.0118","-0.0282,0,0,0.0127,0,-0.0282,0.0153,-0.0164","-0.03,-0.028,0,0,0,-0.031,0.014,-0.0137",0.33203125,0.2845982313156128,1,1.0699548721313477,0.0652816966176033
44,q_proj,gptq,5120,5120,0,0.0020348739624023436,0.0014531707763671875,296.46634796888026,0.03535081709720393,797.7239990234375,514.22265625,207.1685333251953,521.1146240234375,852.6934814453125,796.385498046875,0.7930497527122498,295.6488037109375,0.22507819533348083,"693,3931,2099,157,3799,2953,1824,2428,4436,3388,4517,4373,415,2797,1696,388",178.05511474609375,,,,,0,270.65869140625,291.0906982421875,356.46954345703125,370.3076171875,"0.967,0.946,1.575,0.615,0.745,1.135,0.976,0.909",3336.7177734375,4764.80126953125,"4572,3900,669.5,2225,3000,5926,3084,3317",50.75000762939453,58.69403076171875,"64.95,60.99,18.25,48.29,50.04,57.91,56.13,49.44","20.89,19.53,7.223,12.33,13.93,19.8,18.01,15.25","21.25,20.07,5.756,15.72,16.14,18.59,18.23,15.99",1021,0.006394403986632824,1010,0.004282194189727306,"2099,2428,157,693,1824,212,4517,4775",0.5008850693702698,0.40966796875,0.4536376893520355,"0.829,1.45,1.58,1.41,1.3,1.69,1.21,1.36","18.4,11,10.7,9.69,6.38,6.09,5.44,5.28","-0.0231,-0.0564,-0.0571,-0.0615,-0.0918,0.0544,-0.0186,-0.03","-0.0357,-0.0714,-0.0714,-0.0714,-0.107,0.0357,-0.0357,-0.0357","-0.03,-0.0472,-0.0682,-0.0564,-0.105,0.0455,-0.0293,-0.0209",0.125,0.1428571492433548,1,1.1140083074569702,0.17653049528598785
44,k_proj,gptq,1024,5120,0,0.0020580291748046875,0.0014570236206054687,68.70676187692408,0.055944982099237414,144.0316619873047,87.1351318359375,42.09907531738281,99.05516815185547,227.01992797851562,149.30001831054688,0.7930497527122498,68.54534912109375,0.3102823793888092,"693,2099,3931,157,3799,1824,2953,2428,4436,3388,4373,4517,388,2245,1031,2797",178.05511474609375,,,,,0,68.37837219238281,55.101226806640625,85.92568969726562,69.80148315429688,"1.363,1.391,2.139,0.702,0.780,1.434,1.444,1.210",3336.7177734375,4764.80126953125,"4572,3900,669.5,2225,3000,5926,3084,3317",50.75000762939453,58.69403076171875,"64.95,60.99,18.25,48.29,50.04,57.91,56.13,49.44","10.88,10.3,3.57,5.815,6.389,9.24,9.5,7.709","9.322,8.737,2.441,6.938,7.235,7.715,7.907,7.007",310,0.01824421063065529,695,0.020694326609373093,"2099,2428,157,693,1824,212,4517,4775",0.7400831580162048,0.38037109375,0.3154296875,"0.79,0.861,0.87,0.945,0.995,0.699,0.763,0.813","18.4,11,10.7,9.69,6.38,6.09,5.44,5.28","0.0354,-0.104,-0.0488,-0.0118,0.158,0.114,0.0058,0.0255","0.0452,-0.0904,-0.0452,0,0.136,0.136,0,0.0452","0.0329,-0.118,-0.065,-0.0151,0.136,0.0975,0,0.0296",0.158203125,0.1356026828289032,2,0.8630066514015198,0.28398051857948303
44,v_proj,gptq,1024,5120,0,0.002018165588378906,0.001434326171875,228.36780138115046,0.04701840607257748,522.551513671875,365.73126220703125,152.14834594726562,324.2616271972656,479.15509033203125,422.03326416015625,0.7930497527122498,227.71957397460938,0.2388574481010437,"4436,4517,993,1696,388,3653,3931,415,1435,2245,1180,3943,4794,1738,3799,2317",178.05511474609375,,,,,0,173.31375122070312,159.4654541015625,224.7289581298828,202.3759765625,"1.159,1.160,1.725,0.743,0.932,1.256,1.127,0.968",3336.7177734375,4764.80126953125,"4572,3900,669.5,2225,3000,5926,3084,3317",50.75000762939453,58.69403076171875,"64.95,60.99,18.25,48.29,50.04,57.91,56.13,49.44","15.89,15.13,6.128,10.24,11.55,16.33,14.93,11.82","14.76,14.05,4.666,11.88,11.97,14.57,14.07,12.01",608,0.010495312511920929,879,0.009749170392751694,"2099,2428,157,693,1824,212,4517,4775",0.22615230083465576,0.8436279296875,0.8516845703125,"0.167,0.271,0.161,0.137,0.282,0.223,0.748,0.536","18.4,11,10.7,9.69,6.38,6.09,5.44,5.28","-0.004,0.0121,-0.00275,0.00069,0.00339,-0.00266,0.0217,0.00818","0,0,0,0,0,0,0,0","0,0,0,0,0,0,0.0257,0",0.2138671875,0.18655505776405334,3,1.1837488412857056,0.04186970740556717
44,o_proj,gptq,5120,5120,0,0.002096061706542969,0.0015349197387695313,483.6561714539712,0.032546071493601336,1387.757080078125,841.362060546875,127.13760375976562,379.5110778808594,1009.9981689453125,1377.3621826171875,0.34059983491897583,482.7041015625,0.03198973461985588,"2267,2139,2523,2395,135,519,250,634,391,7,122,506,1638,1406,3880,2011",49.02803039550781,,,,,0,360.8324890136719,511.8120422363281,312.97576904296875,423.5356750488281,"0.649,0.677,0.664,0.710,0.764,0.971,0.763,0.741",15330.736328125,11638.25,"3.967e+04,4e+04,4037,5145,6310,8411,8257,1.081e+04",51.115875244140625,49.724586486816406,"89.45,88.9,29.34,33.56,36.26,42.43,41.69,47.29","29.31,29.75,9.875,11.29,12.63,16.52,14.59,16.51","36.4,36.15,12.12,13.4,14.45,16.76,16.7,19.18",3768,0.0031958557665348053,3094,0.003622618969529867,"391,1527,1655,1918,1406,1790,135,1534",0.05832863599061966,0.4692138731479645,0.4978271424770355,"1.03,1.21,1.75,0.826,0.864,0.857,1.33,0.812","3.53,2.83,2.73,2.72,2.72,2.67,2.55,2.52","0.00879,-0.0189,0.00757,-0.0127,-0.011,-0.00861,-0.0222,-0.0126","0,-0.0154,0,-0.0154,-0.0154,0,-0.0154,-0.0154","0.0171,-0.0186,0,-0.0186,0,-0.0158,-0.0154,-0.0186",0.115234375,0.10389024764299393,1,0.713977575302124,0.33064305782318115
44,gate_proj,gptq,13824,5120,0,0.002036469070999711,0.0014667510986328125,598.026524182409,0.019788743155630797,2373.71484375,1781.3671875,826.232177734375,1946.2918701171875,2072.5537109375,1962.971923828125,0.6922149062156677,596.6651000976562,0.13053850829601288,"1307,11,4938,655,2950,2836,3593,4020,3553,3286,2710,2468,2862,1576,3710,1145",147.0193634033203,,,,,0,822.840087890625,759.03955078125,1008.41015625,985.966552734375,"1.096,1.159,2.816,0.792,0.875,1.204,0.960,0.849",3737.929931640625,5260.365234375,"5148,4412,1012,2511,3227,6743,3394,3457",45.49105453491211,52.825191497802734,"52.22,48.52,26.16,42.93,45.14,56.4,45,47.56","32.59,31.41,26.04,22.73,25.26,36.28,26.4,26.23","31.14,29.17,15.52,25.55,27,33.07,26.95,28.46",3538,0.001749423099681735,13695,0.004074630793184042,"655,3489,2847,4938,4597,295,2862,4801",0.11217726767063141,0.32209381461143494,0.29080766439437866,"2.84,2.85,2.87,2.9,2.6,2.69,2.57,2.6","7.31,5.81,4.62,4.44,4.38,4.31,4.31,4.22","-0.0254,-0.042,0.0439,0.0457,0.0182,-0.0186,-0.124,0.0728","-0.0566,-0.0566,0.0566,0.0566,0,0,-0.113,0.0566","-0.0324,-0.0491,0.0353,0.058,0.0226,-0.023,-0.106,0.0624",0.1982421875,0.2265625149011612,1,1.0564299821853638,0.20276552438735962
44,up_proj,gptq,13824,5120,0,0.0020441408510561343,0.0015270657009548612,645.4854777022265,0.0182856873489395,2687.1220703125,2037.61572265625,946.7056884765625,2203.1826171875,2267.876708984375,2227.5908203125,0.6922149062156677,644.5950927734375,0.09632612019777298,"1307,11,4938,655,2836,2950,3593,4020,3553,3286,2710,1576,2862,2468,1145,315",147.0193634033203,,,,,0,861.398681640625,857.10595703125,1125.5843505859375,1119.861083984375,"1.033,1.066,2.123,0.746,0.870,1.124,0.923,0.815",3737.929931640625,5260.365234375,"5148,4412,1012,2511,3227,6743,3394,3457",45.49105453491211,52.825191497802734,"52.22,48.52,26.16,42.93,45.14,56.4,45,47.56","33.63,31.87,23.87,23.59,26.38,37.87,27.34,27.21","33.1,30.86,16.38,27.32,28.28,35.72,28.46,30.14",263,0.0032460715156048536,4482,0.0017822395311668515,"655,3489,2847,4938,4597,295,2862,4801",0.08070507645606995,0.4325086772441864,0.4732440114021301,"1.88,1.89,1.97,2,2.24,1.92,1.8,2.19","7.31,5.81,4.62,4.44,4.38,4.31,4.31,4.22","-0.217,-0.187,0.103,0.236,-0.218,-0.0302,0.0386,-0.000706","-0.263,-0.175,0.0876,0.263,-0.175,0,0,0","-0.186,-0.213,0.072,0.203,-0.249,0,0.072,0",0.314453125,0.2738034427165985,2,1.5032241344451904,0.0803537368774414
44,down_proj,gptq,5120,13824,0,0.00199503015588831,0.0015303435149016205,879.6336133927107,0.025677163214427475,2896.405029296875,1991.8824462890625,1158.458251953125,5083.19921875,2440.4677734375,1897.825439453125,0.024478740990161896,853.8764038085938,0.2918761968612671,"486,10447,263,8744,11275,5952,9452,10246,5537,5170,12456,1410,227,3317,12924,12163",9629.927734375,,,,,0,644.217529296875,575.1769409179688,1210.1085205078125,1082.7642822265625,"1.552,1.004,0.903,0.844,0.862,1.332,1.002,0.817",4165.96630859375,10120.50390625,"4063,3824,326.7,2843,3000,1.332e+04,2691,3265",59.84458923339844,82.45496368408203,"71.09,69.31,23.06,56.04,55.07,89.06,50.65,64.46","34.76,27.41,7.363,19.85,19.92,38.49,19.51,22.07","27.9,27.35,7.749,21.6,21.45,33.35,19.49,24.42",3094,0.015485196374356747,4675,0.019192082807421684,"3586,5952,2781,4649,3317,6124,9452,9668",0.37776249647140503,0.4012207090854645,0.42619630694389343,"1.53,1.01,1.39,1.62,0.874,1.38,1.29,1.37","18.5,9.44,9.25,8.69,7.94,7.38,7,6.47","0.0267,0.204,-0.0209,-0.00916,0.174,-0.0208,-0.734,-0.0165","0.039,0.21,0,-0.0273,0.21,0,-0.629,0","0.0525,0.175,-0.0366,0,0.149,0,-0.839,-0.0315",0.9140625,1.0373625755310059,1,2.478538990020752,2.488513469696045
45,q_proj,gptq,5120,5120,0,0.0020387649536132814,0.0014478302001953126,302.1881358505716,0.03576845741812311,809.7169799804688,524.6968994140625,212.6208953857422,530.7268676757812,825.2083129882812,801.302978515625,0.7609963417053223,301.2151794433594,0.20336659252643585,"693,3931,2099,157,3799,1824,2953,4436,2428,3653,4517,415,993,388,1696,1180",139.87518310546875,,,,,0,286.3534851074219,305.56085205078125,344.6748962402344,364.778564453125,"0.995,0.985,1.644,0.620,0.704,1.073,0.982,0.910",3530.13037109375,4798.77099609375,"5243,4514,805.1,2222,2947,6009,3294,3207",51.8826904296875,57.83380889892578,"67.05,63.14,20.08,48.56,49.51,59.08,58.64,49.01","22.16,20.63,8.479,12.27,13.58,19.72,18.64,15.2","22.22,20.78,6.614,15.58,16.18,19.04,18.81,15.94",2300,0.004778366535902023,996,0.003032458247616887,"2099,2428,157,693,212,1824,4517,3896",0.4502107799053192,0.4239501953125,0.48823243379592896,"0.837,1.45,1.63,1.48,1.72,1.28,1.19,0.63","16.4,11.9,9.94,7.91,7.16,6.28,5.75,5.16","-0.0126,-0.015,-0.0181,0.0762,-0.0221,0.0115,0.00928,-0.0229","0,0,-0.0421,0.0843,-0.0421,0,0,-0.0421","-0.0225,-0.017,-0.0208,0.0653,-0.0208,0.0218,0,-0.0261",0.1474609375,0.1685267984867096,1,0.9385358095169067,0.3034803569316864
45,k_proj,gptq,1024,5120,0,0.002040863037109375,0.0014623641967773438,70.92416339422016,0.059290852328041495,145.1275634765625,85.97320556640625,44.373443603515625,96.295166015625,211.94937133789062,148.5696563720703,0.7609963417053223,70.70249938964844,0.30426162481307983,"693,3931,2099,157,3799,1824,4436,2953,2428,4517,3653,3388,388,993,415,3943",139.87518310546875,,,,,0,70.61294555664062,55.65778732299805,85.89625549316406,65.96044921875,"1.257,1.246,2.412,0.870,0.887,1.582,1.423,1.259",3530.13037109375,4798.77099609375,"5243,4514,805.1,2222,2947,6009,3294,3207",51.8826904296875,57.83380889892578,"67.05,63.14,20.08,48.56,49.51,59.08,58.64,49.01","10.79,10.14,4.411,5.974,6.622,9.882,9.618,7.504","9.628,9.087,2.841,6.406,7.031,7.856,8.064,6.687",883,0.021832173690199852,890,0.020810607820749283,"2099,2428,157,693,212,1824,4517,3896",0.673544704914093,0.3946533203125,0.343994140625,"0.814,0.85,0.919,1.04,0.71,1.02,0.784,0.476","16.4,11.9,9.94,7.91,7.16,6.28,5.75,5.16","-0.032,-0.0322,-0.000717,-0.0228,0.0193,0.0547,-0.0244,0.0269","-0.0388,-0.0388,0,-0.0388,0,0.0388,-0.0388,0.0388","-0.0329,-0.0304,0,-0.0213,0.022,0.0469,-0.0223,0.0275",0.14453125,0.11877861618995667,1,0.9784511923789978,0.20961114764213562
45,v_proj,gptq,1024,5120,0,0.002032470703125,0.0014207839965820312,284.11031536701284,0.05598518838580234,593.4685668945312,419.5795593261719,187.06935119628906,401.4560546875,585.8250732421875,504.1134948730469,0.7609963417053223,283.04510498046875,0.262800931930542,"4436,4517,3653,993,388,2317,1696,3943,1180,4141,415,2245,3978,3896,1738,4402",139.87518310546875,,,,,0,216.3035430908203,202.0960693359375,255.76422119140625,236.35446166992188,"1.238,1.099,2.023,0.671,0.913,1.167,1.133,0.922",3530.13037109375,4798.77099609375,"5243,4514,805.1,2222,2947,6009,3294,3207",51.8826904296875,57.83380889892578,"67.05,63.14,20.08,48.56,49.51,59.08,58.64,49.01","18.47,17.18,7.672,11.03,12.16,17.68,17.12,12.65","16.6,16.39,5.394,13.47,12.73,16.36,16.08,13.17",621,0.011540680192410946,765,0.012068010866641998,"2099,2428,157,693,212,1824,4517,3896",0.22171063721179962,0.781005859375,0.821044921875,"0.16,0.277,0.183,0.145,0.242,0.255,0.88,1.85","16.4,11.9,9.94,7.91,7.16,6.28,5.75,5.16","-0.00653,0.0153,-0.00861,0.00264,-0.00113,-0.0113,-0.0618,-0.0688","0,0,0,0,0,0,-0.0776,-0.0776","0,0,0,0,0,-0.0187,-0.064,-0.0615",0.271484375,0.3102678656578064,1,1.3068100214004517,1.2011150121688843
45,o_proj,gptq,5120,5120,0,0.00209686279296875,0.0015277862548828125,481.6329332732842,0.03280291291271792,1371.09228515625,835.0702514648438,119.61476135253906,638.5267944335938,1238.200927734375,1827.7462158203125,0.38638946413993835,480.3705749511719,0.03313662111759186,"2442,3532,2058,2555,2529,2186,2489,2494,4018,3836,3890,1257,2528,4703,2516,2495",55.947139739990234,,,,,0,443.5711364746094,743.7898559570312,309.5211181640625,519.451416015625,"0.603,0.625,0.502,0.495,0.578,0.597,0.594,0.609",17528.638671875,10989.0546875,"4.672e+04,4.479e+04,5758,5946,7338,9110,1.029e+04,1.028e+04",58.531036376953125,51.74178695678711,"104.7,101.7,36.87,39.33,39.61,45.63,50.54,49.94","33.59,33.17,12.09,12.79,13.72,15.69,17.06,16.89","43.27,41.95,17.07,18.18,18.04,20.3,22.14,21.65",1445,0.0038356182631105185,1008,0.0033666545059531927,"4274,4013,3885,4141,4397,4018,3890,4402",0.052594706416130066,0.6001220941543579,0.6419922113418579,"0.706,0.787,0.765,0.765,0.772,0.844,0.716,0.717","3.66,3.27,3.25,3.25,3.22,3.08,3.06,3.03","0.0145,0.0198,0.0195,0.0193,0.0197,0.0194,0.0144,0.0159","0,0,0.0527,0,0,0,0,0","0.024,0.0322,0.0229,0,0.0229,0.0322,0.0229,0.0229",0.322265625,0.2848902642726898,1,0.8495817184448242,0.6281924247741699
45,gate_proj,gptq,13824,5120,0,0.0020371754964192707,0.0014742250795717594,595.1426745257282,0.019697889168219872,2383.18310546875,1797.16748046875,886.610595703125,2232.91455078125,2401.489990234375,2370.514404296875,0.7721824049949646,593.3768920898438,0.1344587504863739,"1307,11,4938,2836,655,2950,2862,3931,2468,3593,3710,295,4020,3286,2710,958",169.68649291992188,,,,,0,942.2647705078125,891.4317626953125,1098.3465576171875,1153.8316650390625,"1.142,1.164,3.132,0.703,0.846,1.122,0.868,0.760",3912.1240234375,5321.3076171875,"5584,4890,1150,2553,3247,6895,3513,3465",48.88901138305664,56.57229232788086,"55.71,53.54,28.04,46.28,47.99,59.39,48.89,51.27","35.69,34.83,30.18,23.39,26.51,37.73,27.44,26.71","33.39,32.28,17.05,27.9,28.82,35.63,29.44,30.63",201,0.0035822573117911816,4846,0.005041276104748249,"655,3489,2862,295,2847,4938,4801,4597",0.1464657336473465,0.35318106412887573,0.3259548544883728,"2.64,2.67,2.26,2.31,2.67,2.7,2.43,2.51","8.12,6.97,5.53,5.44,5,4.81,4.59,4.28","-0.0215,-0.0444,0.0243,-0.0282,-0.0032,0.0229,0.0422,-0.0219","0,0,0,0,0,0,0.14,0","-0.0156,-0.0491,0.022,-0.043,0,0.0276,0.0533,-0.0216",0.490234375,0.5602678656578064,1,1.5869446992874146,1.3060353994369507
45,up_proj,gptq,13824,5120,0,0.00203563548900463,0.0015223609076605903,639.4198196084794,0.018297715630838023,2671.0751953125,2029.243408203125,1003.5767211914062,2506.10107421875,2624.29638671875,2631.393798828125,0.7721824049949646,638.5679931640625,0.10646957159042358,"1307,11,4938,2836,655,2862,2950,3931,3593,2468,295,3710,4020,3286,2710,136",169.68649291992188,,,,,0,1003.6436157226562,982.2030029296875,1210.6185302734375,1273.3128662109375,"1.075,1.111,2.784,0.716,0.835,1.127,0.849,0.759",3912.1240234375,5321.3076171875,"5584,4890,1150,2553,3247,6895,3513,3465",48.88901138305664,56.57229232788086,"55.71,53.54,28.04,46.28,47.99,59.39,48.89,51.27","36.73,35.6,29.45,24.44,27.69,39.73,28.49,28.13","35.42,33.77,17.65,28.88,30.3,37.42,30.91,32.28",6308,0.0019631809554994106,6200,0.0030677500180900097,"655,3489,2862,295,2847,4938,4801,4597",0.11293323338031769,0.43514901399612427,0.47072121500968933,"1.92,1.96,1.87,1.94,2.06,2.06,2.17,2.34","8.12,6.97,5.53,5.44,5,4.81,4.59,4.28","0.00464,-0.0225,0.0116,-0.0177,-0.016,0.005,0.011,-0.0283","0,-0.0494,0,0,0,0,0,-0.0494","0,-0.0271,0.0232,0,-0.0232,0,0,-0.0264",0.1728515625,0.20910145342350006,1,1.2267162799835205,0.3309454619884491
45,down_proj,gptq,5120,13824,0,0.002002857349537037,0.0015181647406684027,913.1889490826306,0.027576058985838467,2894.882568359375,1967.7685546875,1401.437255859375,5889.796875,3721.08154296875,3460.07275390625,0.041898734867572784,902.3136596679688,0.19133631885051727,"10607,7000,12337,12153,1552,5820,2146,13145,6142,1553,2,1115,1332,10990,10461,184",7463.95751953125,,,,,0,950.94921875,1041.001953125,1583.931396484375,1787.646728515625,"1.367,1.032,1.066,0.607,0.704,1.132,0.723,0.664",5796.921875,10745.34375,"5280,5834,521.2,3766,3234,1.988e+04,4122,3743",79.69624328613281,108.02444458007812,"74.46,79.15,27.82,84.92,75.32,123.1,83.2,89.56","33.05,30.85,12.16,25.67,24.63,51.24,27.67,27.53","28.27,30.37,11.78,32.95,29.35,48.16,32.55,33.78",3094,0.018627818673849106,3094,0.043543145060539246,"6142,2146,1553,2482,12153,12677,10351,1312",0.30988460779190063,0.43254396319389343,0.49006348848342896,"0.874,1.11,1.15,1.56,1.1,1.18,1.41,1.48","23.2,18.8,14.6,10.6,10.5,9.56,9.19,8.19","0.247,-0.578,-0.465,-0.022,0.445,0.00317,-0.0366,0.0588","0.33,-0.661,-0.496,0,0.496,0,0,0","0.212,-0.496,-0.531,0,0.382,0,-0.0297,0",0.87109375,1.3869296312332153,1,3.3621668815612793,6.125148296356201
46,q_proj,gptq,5120,5120,0,0.002042427062988281,0.001467742919921875,310.39098596577423,0.03754049673174035,806.692138671875,513.9639282226562,206.528076171875,543.7532348632812,808.4521484375,763.2311401367188,0.7579277753829956,309.3916015625,0.2197929173707962,"2099,693,3931,157,3799,1824,2953,4436,3653,993,415,4517,4373,4610,2428,2317",158.67677307128906,,,,,0,290.2503662109375,297.81488037109375,339.3790283203125,353.3663330078125,"1.126,1.094,1.565,0.581,0.731,1.086,0.986,0.907",3433.949462890625,4647.3173828125,"5321,4574,835,2213,2985,5271,3050,3222",52.41202163696289,58.483551025390625,"66.91,63.06,21.95,50.24,52.43,56.36,57.68,50.67","22.93,21.28,8.894,12.43,14.21,18.71,17.93,15.36","21.61,20.34,7.11,16.3,16.63,17.96,18.06,16.13",3251,0.004911135882139206,2911,0.002896989695727825,"2099,2428,157,212,693,1824,3931,3896",0.4485071003437042,0.4850830137729645,0.527636706829071,"0.715,1.41,1.61,1.56,1.47,1.28,1.2,0.714","19.4,11.8,11.4,8.44,8.06,6.25,5.97,5.72","0.000687,0.00763,-0.0125,-0.00409,0.00403,-0.000793,-0.00754,-0.00304","0,0,-0.0258,0,0,0,0,0","0,0,-0.0208,0,0,0,0,0",0.12890625,0.10636740922927856,1,0.9958480596542358,0.5994663834571838
46,k_proj,gptq,1024,5120,0,0.0020481109619140624,0.0014440536499023438,66.88245778216628,0.05674161234003912,139.52322387695312,83.93240356445312,40.924072265625,96.46288299560547,195.55471801757812,138.02516174316406,0.7579277753829956,66.72512817382812,0.3079211413860321,"2099,693,3931,157,1824,3799,3653,2953,4436,993,4517,415,2428,2317,351,4373",158.67677307128906,,,,,0,68.07200622558594,55.549781799316406,75.49198913574219,66.00346374511719,"1.304,1.376,2.279,0.723,0.895,1.269,1.402,1.167",3433.949462890625,4647.3173828125,"5321,4574,835,2213,2985,5271,3050,3222",52.41202163696289,58.483551025390625,"66.91,63.06,21.95,50.24,52.43,56.36,57.68,50.67","10.83,10.45,4.47,5.712,6.72,8.892,9.375,7.297","9.486,8.913,2.96,6.718,7.105,7.893,7.917,6.755",60,0.0261662807315588,830,0.01839609071612358,"2099,2428,157,212,693,1824,3931,3896",0.6113231182098389,0.4178466796875,0.387451171875,"0.703,0.879,0.873,0.68,0.992,1,0.761,0.513","19.4,11.8,11.4,8.44,8.06,6.25,5.97,5.72","0.0302,-0.142,0.12,0.0464,-0.0374,0.203,0.00513,-0.0043","0.058,-0.116,0.116,0.058,-0.058,0.174,0,0","0.0204,-0.121,0.103,0.0342,-0.0339,0.174,0,0",0.203125,0.1741071492433548,1,1.0870742797851562,0.1292525976896286
46,v_proj,gptq,1024,5120,0,0.0020465850830078125,0.001453399658203125,324.23615718063957,0.057182591858682345,671.6859130859375,468.6673583984375,207.0150146484375,450.64093017578125,649.6722412109375,546.545166015625,0.7579277753829956,323.0394592285156,0.24225196242332458,"3653,993,4436,2317,3943,4517,1180,351,1696,415,3896,2245,4141,3978,4287,1685",158.67677307128906,,,,,0,238.88125610351562,213.48728942871094,283.593505859375,254.5514678955078,"1.313,1.240,1.740,0.732,0.873,1.304,1.093,1.009",3433.949462890625,4647.3173828125,"5321,4574,835,2213,2985,5271,3050,3222",52.41202163696289,58.483551025390625,"66.91,63.06,21.95,50.24,52.43,56.36,57.68,50.67","19.25,18.03,8.066,12.32,13.23,18.36,17.11,13.93","16.8,16.18,6.115,14.4,14.15,16.07,16.37,13.87",743,0.011268780566751957,543,0.01346598844975233,"2099,2428,157,212,693,1824,3931,3896",0.179430291056633,0.854736328125,0.8702392578125,"0.147,0.273,0.171,0.263,0.144,0.263,0.312,1.85","19.4,11.8,11.4,8.44,8.06,6.25,5.97,5.72","0.00115,-0.00267,0.0125,0.000488,-0.00671,0.00836,-0.00418,-0.0356","0,0,0,0,0,0,0,-0.0605","0,0,0,0,0,0,0,-0.0304",0.2119140625,0.1816406399011612,8,1.4040406942367554,0.21533825993537903
46,o_proj,gptq,5120,5120,0,0.002107086181640625,0.0015202713012695311,457.51403386099264,0.031219082203507047,1360.986328125,831.0057983398438,226.68150329589844,997.920166015625,1317.1317138671875,2430.155517578125,0.7051066756248474,456.49371337890625,0.03352871909737587,"2017,2001,2273,2257,2401,2145,2385,2129,2529,2513,1943,1855,1965,1842,1868,1854",69.86869812011719,,,,,0,464.47216796875,931.5482177734375,628.6015625,1175.507568359375,"0.456,0.498,0.416,0.412,0.444,0.548,0.564,0.543",9286.1298828125,11848.4560546875,"1.577e+04,1.62e+04,2568,3057,4246,9651,1.236e+04,1.044e+04",71.0978012084961,81.05386352539062,"97.75,95.94,41.64,47.56,56.5,74.51,79.75,75.13","27.22,27.76,11.55,12.88,15.49,22.42,24.87,23.32","40.31,39.35,17.9,20.08,23.25,30.27,33.13,31.65",2468,0.005510274786502123,4469,0.005032902583479881,"2273,2401,2529,2017,2145,93,221,477",0.07165458798408508,0.5414062738418579,0.604321300983429,"0.543,0.614,1.17,0.941,2.3,0.795,0.797,0.802","8.31,6.75,6.72,6.69,6.59,5.41,5.38,5.34","0.00273,0.00558,-0.0102,0.00069,0.00867,-0.00546,-0.00549,-0.00568","0,0,0,0,0,0,0,0","0,0,-0.0146,0,0.0124,0,0,0",0.197265625,0.20753909647464752,1,1.1496264934539795,0.37015500664711
46,gate_proj,gptq,13824,5120,0,0.0020395914713541665,0.0014745924207899305,611.2728718888611,0.01982459226737424,2451.00341796875,1853.0482177734375,920.6777954101562,2921.381591796875,2645.145751953125,2855.931640625,0.8298282623291016,609.0248413085938,0.16472403705120087,"1307,11,2836,4938,2862,655,2710,295,3710,958,2468,3489,477,2847,1372,3931",304.14593505859375,,,,,0,1202.97998046875,1121.366943359375,1097.895263671875,1379.318359375,"1.080,1.118,4.947,0.652,0.715,1.062,0.775,0.580",4117.8046875,5063.099609375,"6227,5432,1285,2587,3219,7155,3535,3503",54.55068588256836,60.57341003417969,"61.75,60.46,34.26,51.27,53.11,63.42,53.4,58.73","38.53,38.45,46.48,25.01,27.57,39.09,28.75,27.56","37.07,36.35,20.9,30.98,32.6,37.93,32.66,36.2",5955,0.005069621838629246,3349,0.005594934336841106,"3489,2012,655,295,2862,4801,2847,598",0.2902669310569763,0.41793256998062134,0.41399919986724854,"2.38,1.88,2.28,1.86,1.84,1.99,2.32,2.03","9.88,9.44,7.75,7.59,7.12,6.75,5.91,5.53","-0.00705,-0.0146,-0.0447,-0.0244,0.0183,0.0248,0.0229,-0.0114","0,0,0,0,0,0,0,0","0,-0.0118,-0.0407,-0.0163,0.0154,0.0307,0.0154,-0.0162",0.3671875,0.4196428656578064,1,1.9633150100708008,0.08281117677688599
46,up_proj,gptq,13824,5120,0,0.0020346041078920718,0.0015184331823278356,649.4418835784891,0.01898842700054561,2641.852294921875,1996.013427734375,1001.01220703125,3097.00341796875,2838.497314453125,3016.62353515625,0.8298282623291016,647.663330078125,0.16143876314163208,"1307,11,2836,4938,2862,655,2710,295,2468,958,3710,477,3489,2847,1372,3931",304.14593505859375,,,,,0,1287.7486572265625,1201.022216796875,1204.09521484375,1435.9989013671875,"1.075,1.136,4.080,0.714,0.778,1.095,0.817,0.623",4117.8046875,5063.099609375,"6227,5432,1285,2587,3219,7155,3535,3503",54.55068588256836,60.57341003417969,"61.75,60.46,34.26,51.27,53.11,63.42,53.4,58.73","40.46,40.89,44.12,26.78,29.21,41.6,30.15,28.92","39.03,38.36,21.84,31.68,33.12,39.76,33.34,36.65",3304,0.0038896130863577127,12800,0.0030582137405872345,"3489,2012,655,295,2862,4801,2847,598",0.2306690216064453,0.47128182649612427,0.515489399433136,"1.85,1.68,1.79,1.74,1.71,1.85,1.89,2","9.88,9.44,7.75,7.59,7.12,6.75,5.91,5.53","-0.00244,-0.00653,-0.0359,0.00285,-0.00555,-0.00842,-0.0161,0.0015","0,0,-0.0854,0,0,0,0,0","0,-0.0121,-0.0301,0,0,-0.0122,-0.014,0",0.298828125,0.2561383843421936,3,1.8218321800231934,0.18004901707172394
46,down_proj,gptq,5120,13824,0,0.0019904807761863424,0.001496957849573206,794.4122017411864,0.025875598306477596,2689.563232421875,1925.60986328125,2224.805419921875,19642.0625,6026.6806640625,10960.056640625,0.7567644119262695,785.6827392578125,0.32941192388534546,"10952,9045,6388,8027,6375,4658,5997,7417,12153,12606,483,8404,6037,3784,8041,1494",1465.09130859375,,,,,0,1976.336181640625,4624.71337890625,2217.167724609375,6109.34033203125,"0.847,0.606,0.269,0.205,0.227,0.818,0.325,0.239",5897.00634765625,6452.6484375,"8260,7808,745.9,3524,2955,1.646e+04,3732,3693",166.4014129638672,204.02005004882812,"153,177.3,65.61,187.6,178.1,179.4,175.5,214.6","53.43,54.61,18.24,35.62,34.65,64.46,39,38.66","58.07,70.14,35.19,78.59,72.65,71.27,68.47,79.02",3089,0.017094021663069725,4675,0.11136678606271744,"7285,12153,8027,7417,5981,8041,9045,6037",0.8790961503982544,0.5745849609375,0.743847668170929,"0.848,0.881,0.549,0.977,0.907,0.777,0.925,0.75","53.5,53,40.2,34.5,33.2,33.2,32.8,32.2","-0.0371,-0.21,-0.0918,0.0693,-0.032,-0.106,-0.0752,-0.289","0,-0.233,-0.117,0.117,0,-0.117,-0.117,-0.233","-0.0647,-0.18,-0.0932,0.0904,-0.0636,-0.0932,-0.0605,-0.248",0.408203125,0.4043693244457245,1,4.530393123626709,2.4471805095672607
47,q_proj,gptq,5120,5120,0,0.002032127380371094,0.00146881103515625,259.4906166968867,0.028730319309137383,789.6132202148438,532.1718139648438,155.52188110351562,563.5288696289062,577.9541015625,720.1956176757812,0.7232738733291626,258.57061767578125,0.19883762300014496,"693,3931,1307,2099,157,3799,2953,4436,3388,3653,993,415,4517,2317,1696,1824",259.6799621582031,,,,,0,198.02838134765625,283.8892517089844,205.54212951660156,318.48101806640625,"0.842,0.834,1.142,0.433,0.480,0.870,0.591,0.497",3547.239501953125,4357.5966796875,"6257,4993,1160,2002,2665,5775,2837,2689",51.03395080566406,54.68535614013672,"66.35,60.63,26.11,46.88,50.48,54.55,54.71,48.55","19.57,17.78,9.102,9.946,11.34,16.28,13.63,11.13","21.32,19.47,8.518,15.11,16.37,17.46,17.72,15.79",3814,0.005008047912269831,1259,0.0035732926335185766,"212,2099,28,693,2442,2428,157,3896",0.44323334097862244,0.41022950410842896,0.49187013506889343,"1.06,0.836,1.49,1.43,1,1.37,1.62,0.427","17,11,10.6,8,7.88,7.78,6.66,6.19","-0.0674,0.00739,-0.00513,0.064,-0.0242,-0.0361,-0.0396,-0.0108","-0.0791,0,0,0.0527,-0.0264,-0.0264,-0.0527,0","-0.0578,0,0,0.0548,-0.018,-0.029,-0.0385,-0.0162",0.09228515625,0.08321446180343628,1,0.8022270202636719,0.225844144821167
47,k_proj,gptq,1024,5120,0,0.002043342590332031,0.0014312744140625,66.531660378183,0.05121884986639366,145.16946411132812,85.42730712890625,35.53071594238281,97.29949951171875,154.59361267089844,135.68870544433594,0.7232738733291626,66.44261169433594,0.29019156098365784,"3931,693,2099,1307,157,3799,3653,4436,3388,2953,4517,993,2317,415,4139,388",259.6799621582031,,,,,0,54.36659622192383,53.185394287109375,52.591896057128906,57.179595947265625,"1.153,1.155,1.527,0.607,0.672,1.276,1.044,0.798",3547.239501953125,4357.5966796875,"6257,4993,1160,2002,2665,5775,2837,2689",51.03395080566406,54.68535614013672,"66.35,60.63,26.11,46.88,50.48,54.55,54.71,48.55","10.39,9.38,4.504,5.036,5.681,8.221,7.713,5.827","9.678,8.73,3.645,6.466,6.929,7.279,7.548,6.523",241,0.03743922710418701,438,0.021008804440498352,"212,2099,28,693,2442,2428,157,3896",0.6994884610176086,0.384521484375,0.3441162109375,"0.541,0.782,0.676,1.03,0.425,0.881,0.904,0.596","17,11,10.6,8,7.88,7.78,6.66,6.19","-0.0608,0.0398,0.0442,-0.102,-0.0188,-0.0114,-0.0205,-0.0132","-0.0438,0.0438,0.0438,-0.0876,0,0,0,0","-0.0521,0.0477,0.0506,-0.0871,-0.0149,-0.0153,-0.0174,-0.0174",0.1533203125,0.1314174085855484,3,1.09920334815979,0.3223347067832947
47,v_proj,gptq,1024,5120,0,0.002074432373046875,0.0015106201171875,241.85454277189274,0.07052668875513288,460.57562255859375,285.0688171386719,128.0226593017578,293.39306640625,458.955322265625,363.31805419921875,0.7232738733291626,240.75927734375,0.2767961919307709,"3653,1307,4436,2317,4517,993,3896,1180,3943,3931,1696,351,4323,3978,415,72",259.6799621582031,,,,,0,170.87838745117188,142.17559814453125,167.911865234375,156.2088623046875,"1.360,1.478,2.196,0.725,0.806,1.343,1.258,0.806",3547.239501953125,4357.5966796875,"6257,4993,1160,2002,2665,5775,2837,2689",51.03395080566406,54.68535614013672,"66.35,60.63,26.11,46.88,50.48,54.55,54.71,48.55","17.66,16.73,8.39,9.071,10.22,14.92,14.13,9.784","15.15,13.76,5.662,10.65,11.39,12.88,12.6,10.9",332,0.016992349177598953,437,0.012846794910728931,"212,2099,28,693,2442,2428,157,3896",0.3560071289539337,0.822265625,0.723876953125,"0.233,0.244,0.23,0.256,0.313,0.397,0.293,1.64","17,11,10.6,8,7.88,7.78,6.66,6.19","-0.00922,0.00178,-0.00125,-0.00227,0.0115,-0.0167,-0.0115,0.0107","0,0,0,0,0,0,0,0","-0.0181,0,0,0,0.019,-0.0296,-0.0181,0",0.1767578125,0.1858459860086441,1,1.3328430652618408,0.43665409088134766
47,o_proj,gptq,5120,5120,0,0.0021041107177734377,0.0014731216430664063,363.9404616276197,0.030365008489791033,1126.4736328125,676.1434326171875,102.83832550048828,519.9034423828125,1008.8463745117188,1635.4537353515625,0.5896552801132202,362.15484619140625,0.034582898020744324,"4033,4077,4084,3975,4038,3983,4006,4091,4082,4018,4073,4057,4089,4069,4022,4002",74.77709197998047,,,,,0,348.5155029296875,656.33837890625,319.131103515625,576.3045654296875,"0.571,0.510,0.525,0.460,0.429,0.608,0.469,0.598",17267.33203125,14832.1044921875,"3.484e+04,3.147e+04,6597,8259,7516,1.981e+04,1.436e+04,1.529e+04",64.38941192626953,61.05555725097656,"93.84,92.8,39.4,49.17,48.22,67.86,66.62,57.21","26.46,25.33,11.19,12.98,12.48,19.82,17.54,17.22","35.01,35.48,15.44,19.15,19.06,25.42,25.61,22.27",3094,0.00909106619656086,3094,0.10329586267471313,"3430,3686,3302,3814,3558,509,4836,386",0.06769447028636932,0.408935546875,0.46894532442092896,"0.828,0.832,0.822,0.813,0.838,1.71,1.68,1.49","4.91,4.84,4.84,4.72,4.47,3.52,3.27,3.17","-0.174,-0.178,-0.18,-0.179,-0.176,-0.656,-0.428,-0.48","-0.188,-0.188,-0.188,-0.188,-0.188,-0.563,-0.375,-0.576","-0.125,-0.192,-0.153,-0.209,-0.166,-0.563,-0.4,-0.563",0.671875,0.7113308310508728,1,1.1899545192718506,6.124661445617676
47,gate_proj,gptq,13824,5120,0,0.002040933679651331,0.0015031461362485531,532.9423844922567,0.016393872592738914,2442.8994140625,1909.994873046875,953.5208740234375,5642.57373046875,3351.810546875,5160.9189453125,0.9061481356620789,531.6729736328125,0.17051884531974792,"2012,655,2862,2836,295,3111,4344,477,2710,2847,4938,958,4971,3710,1372,4733",696.4944458007812,,,,,0,1195.85595703125,1943.431884765625,1129.378173828125,2311.182861328125,"0.970,0.926,0.983,0.336,0.362,0.879,0.451,0.283",4032.64892578125,4356.671875,"7279,5736,1597,2356,2806,6672,3040,2774",70.94636535644531,77.92048645019531,"77.46,77.1,41.94,73.42,74.38,71.12,69.72,82.43","46.62,45.62,25.93,26.03,27.47,40.78,28.54,27.01","47.34,47.4,26.15,44.92,45.65,43.5,42.48,50.77",8528,0.0013721078867092729,11200,0.001967690186575055,"2012,598,655,2442,3183,3489,295,2862",0.7256305813789368,0.4664442241191864,0.4864637553691864,"1.65,1.62,1.36,1.38,1.54,2.44,1.68,1.59","26.2,19,18.9,16.8,15.6,11.2,10.8,9.81","0.0457,0.0155,-0.0134,0.0024,0.0444,0.0262,0.0147,-0.0437","0.0413,0,0,0,0.0413,0.0413,0,-0.0413","0.0513,0.0255,-0.0184,0,0.058,0.0176,0.0226,-0.0566",0.16015625,0.165178582072258,1,1.0176177024841309,0.6883221864700317
47,up_proj,gptq,13824,5120,0,0.002040792394567419,0.001514222886827257,535.4493544157594,0.015368800063418713,2548.7451171875,2009.258056640625,998.3598022460938,5393.421875,3398.81640625,5122.74951171875,0.9061481356620789,533.92626953125,0.13974492251873016,"2012,655,2862,2836,295,3111,4344,477,4938,2847,2710,958,4971,3710,1372,4733",696.4944458007812,,,,,0,1184.174560546875,1942.451416015625,1170.682373046875,2268.72412109375,"0.926,0.880,0.880,0.326,0.370,0.905,0.470,0.298",4032.64892578125,4356.671875,"7279,5736,1597,2356,2806,6672,3040,2774",70.94636535644531,77.92048645019531,"77.46,77.1,41.94,73.42,74.38,71.12,69.72,82.43","46.19,44.31,24.55,25.73,27.75,42.09,28.91,27.1","48,47.25,26.17,45.1,45.62,44.25,42.17,49.66",3728,0.002446789527311921,12570,0.004301463719457388,"2012,598,655,2442,3183,3489,295,2862",0.5940000414848328,0.5954047441482544,0.6644513010978699,"1.29,1.44,1.08,1.51,1.4,1.57,1.29,1.2","26.2,19,18.9,16.8,15.6,11.2,10.8,9.81","-0.0065,0.0184,-0.0262,0.00775,0.00165,-0.00415,-0.0051,0.00909","0,0.0176,-0.0352,0,0,0,0,0.0176","0,0.0188,-0.0233,0,0,0,0,0",0.107421875,0.10184333473443985,1,1.3724695444107056,1.3891613483428955
47,down_proj,gptq,5120,13824,0,0.0019827807391131365,0.0014902468080873843,463.8523154320428,0.016108662926660498,2322.31591796875,1934.206298828125,3465.44287109375,73479.6640625,17215.19921875,44268.125,0.5018466114997864,457.4002685546875,0.5176067352294922,"1352,11815,3436,252,4713,6696,6109,7547,8801,910,9251,10153,13151,8852,3974,5079",595.3790893554688,,,,,0,4110.58642578125,22354.455078125,3030.066650390625,23313.162109375,"0.422,0.264,0.227,0.086,0.119,0.333,0.063,0.088",4055.594970703125,2181.9345703125,"1.131e+04,8396,844.7,1422,1366,6340,1505,1264",376.32177734375,383.153564453125,"389.5,516.9,201.4,395.2,363.1,262.2,437.1,445","95.34,100.9,35.63,43.81,47.33,59.79,43.84,51.89","146.7,196.3,74.7,149.4,137.2,103.5,174.9,175.3",3094,0.241805762052536,4675,0.04431847110390663,"4842,6109,8185,2283,518,540,6085,12481",1.2659786939620972,0.4288085997104645,0.7168945670127869,"0.76,0.74,0.889,0.84,0.967,0.671,0.757,1.02","108,87,84.5,84,66,64.5,63.2,62.5","-0.217,-0.0967,0.281,0.508,-0.192,-0.158,0.0981,-0.225","-0.295,0,0.295,0.589,-0.295,-0.295,0,-0.295","-0.217,-0.14,0.241,0.462,-0.207,-0.138,0.14,-0.205",1.0859375,1.1785714626312256,1,23.273468017578125,24.2525577545166
