layer,proj,quantizer,rows,cols,n_dead_cols,clip_frac,clip_frac_rtn,comp_disp,comp_disp_rel,wdisp_gptq,wdisp_rtn,obj_gptq,obj_rtn,obj_gptq_alt,obj_rtn_alt,hdiag_alt_corr,send_total,send_top1pct,send_top16_cols,hdiag_max_over_mean,cond_damped,awq_alpha,obj_awq,obj_awq_alt,protected,obj_gptq_tpl,obj_rtn_tpl,obj_gptq_ord,obj_rtn_ord,tplpos_ratio,lev_tpl,lev_ord,levpos,xnorm_tpl,xnorm_ord,xnormpos,tplpos_err_gptq,tplpos_err_rtn,p4_toprow_gptq,p4_toprow_share_gptq,p4_toprow_rtn,p4_toprow_share_rtn,p4_topcols,p4_topcols_share_gptq,p4_topcols_zero_gptq,p4_topcols_zero_rtn,p4_topcols_wnorm,p4_topcols_x,p4_toprow_w,p4_toprow_qg,p4_toprow_qr,p4_toprow_maxw,p4_toprow_maxqg,p4_toprow_nclip,p4_toprow_err_g,p4_toprow_err_r
0,q_proj,gptq,896,896,0,0.002189791932397959,0.00140380859375,196.72574576784973,0.05501299525638427,391.928466796875,279.10394287109375,1.7776789665222168,10.112129211425781,3.5898025035858154,11.44332504272461,0.9242881536483765,195.76583862304688,0.3112412393093109,"490,56,538,439,75,827,773,690,190,674,239,53,483,695,714,842",94.13720703125,,,,,0,1.5657261610031128,5.24003791809082,0.8777726888656616,4.501921653747559,"0.299,0.489,0.597,0.145,0.020,0.815,0.455,0.001",331.90606689453125,254.2749481201172,"219.3,494.6,585.7,155.7,74.95,551.5,560.7,12.66",3.4487385749816895,3.329718589782715,"5.316,2.662,3.826,2.814,3.07,2.615,2.736,4.553","1.951,1.248,1.873,0.649,0.2673,1.276,1.236,0.1002","3.568,1.784,2.423,1.702,1.869,1.413,1.832,2.896",126,0.0734175443649292,809,0.06640911847352982,"674,56,842,485,690,241,783,538",20.226375579833984,0.2672991156578064,0.2239118367433548,"4.72,3.25,4.22,2.66,4.23,3.48,3.04,3.94","0.996,0.941,0.688,0.656,0.613,0.598,0.539,0.52","0.871,0.137,-0.836,-0.361,0.574,-0.559,-0.158,-0.539","1,0,-0.67,-0.335,0.67,-0.67,0,-0.67","1,0.265,-0.777,-0.31,0.67,-0.549,-0.259,-0.58",1.171875,1.0044642686843872,23,0.07243795692920685,0.16380132734775543
0,k_proj,gptq,128,896,0,0.0022408621651785715,0.0013166155133928572,27.752880197771447,0.03725255136898171,67.51876831054688,44.80287551879883,0.26166027784347534,1.1739212274551392,0.4609225392341614,1.343307614326477,0.9242881536483765,26.811840057373047,0.2680606544017792,"490,56,538,439,75,827,773,674,559,483,53,410,250,695,85,429",94.13720703125,,,,,0,0.2369958907365799,0.6201151609420776,0.14727970957756042,0.5106030702590942,"0.300,0.987,0.474,0.293,0.044,1.058,0.708,0.004",331.90606689453125,254.2749481201172,"219.3,494.6,585.7,155.7,74.95,551.5,560.7,12.66",3.4487385749816895,3.329718589782715,"5.316,2.662,3.826,2.814,3.07,2.615,2.736,4.553","0.6726,0.5891,0.5773,0.3481,0.1162,0.5619,0.5562,0.05999","1.227,0.5931,0.8385,0.6429,0.5547,0.5462,0.661,0.9714",94,0.17751173675060272,123,0.11192101985216141,"674,56,842,485,690,241,783,538",15.112435340881348,0.2939453125,0.27734375,"1.24,1.49,1.11,0.699,1.31,0.872,0.971,1.64","0.996,0.941,0.688,0.656,0.613,0.598,0.539,0.52","-0.00934,0.0479,0.0349,-0.143,-0.26,0.139,0.307,0.742","0,0,0,0,-0.252,0.252,0.252,0.757","0,0,0,-0.208,-0.252,0.172,0.333,0.74",0.8828125,1.008928656578064,1,0.04894094541668892,0.0008528623729944229
0,v_proj,gptq,128,896,0,0.002197265625,0.0016043526785714285,0.5456725238742024,0.03615205700796851,1.6080241203308105,1.1107819080352783,0.005590565502643585,0.025342615321278572,0.007890738546848297,0.02934156358242035,0.9242881536483765,0.5446270704269409,0.19425348937511444,"490,56,538,439,75,53,239,483,827,190,714,674,842,173,773,695",94.13720703125,,,,,0,0.0037545659579336643,0.013866335153579712,0.0025794378016144037,0.012176977470517159,"0.167,0.580,0.432,0.181,0.035,0.604,0.734,0.003",331.90606689453125,254.2749481201172,"219.3,494.6,585.7,155.7,74.95,551.5,560.7,12.66",3.4487385749816895,3.329718589782715,"5.316,2.662,3.826,2.814,3.07,2.615,2.736,4.553","0.0716,0.06833,0.07924,0.03925,0.01942,0.06949,0.08458,0.007828","0.1752,0.08969,0.1206,0.09228,0.1041,0.0894,0.09871,0.1435",92,0.0517161600291729,120,0.16608500480651855,"674,56,842,485,690,241,783,538",8.261277198791504,0.515625,0.51953125,"0.156,0.039,0.14,0.138,0.0828,0.139,0.134,0.0527","0.996,0.941,0.688,0.656,0.613,0.598,0.539,0.52","0.0157,-0.00374,-0.0104,0.00301,0.000189,-0.0083,-0.00656,0.00343","0.0208,0,0,0,0,0,0,0","0.0123,0,-0.0165,0,0,-0.0118,0,0",0.07275390625,0.0623604953289032,2,0.0044162580743432045,0.02015605941414833
0,o_proj,gptq,896,896,0,0.0022333884725765306,0.001462352519132653,7.441357300704112,0.05377388840421724,18.468563079833984,9.84000301361084,0.0010006055235862732,0.005425742827355862,0.0020893372129648924,0.007489001844078302,0.9180518984794617,7.393467903137207,0.08056796342134476,"94,83,122,736,103,350,339,762,112,71,864,286,91,127,79,82",51.24116516113281,,,,,0,0.0017588967457413673,0.005500592291355133,0.0006362572894431651,0.002977146999910474,"0.226,0.329,0.395,0.590,0.232,0.322,0.401,0.244",1451.023193359375,477.7026062011719,"2845,1820,2496,1602,689.3,505.5,791.1,858.9",0.6907845139503479,0.5176781415939331,"1.064,0.7525,0.8333,0.5959,0.5693,0.4742,0.5156,0.722","0.05194,0.0467,0.05282,0.045,0.02806,0.02675,0.03914,0.03665","0.1092,0.08144,0.08409,0.05856,0.05831,0.04714,0.06181,0.07418",842,0.05023995786905289,258,0.023730359971523285,"416,158,30,352,94,224,288,96",1.189244270324707,0.7370256781578064,0.5750558376312256,"0.355,0.251,0.254,0.296,0.716,0.329,0.365,0.279","0.125,0.106,0.0933,0.0898,0.0898,0.0747,0.0742,0.0723","0.328,0.212,0.171,0.254,0.305,0.291,0.303,0.0952","0.321,0.161,0.161,0.321,0.321,0.321,0.321,0.161","0.281,0.249,0.161,0.259,0.321,0.249,0.259,0.161",0.5625,0.4821428954601288,2,0.006289045792073011,0.005787459202110767
0,gate_proj,gptq,4864,896,0,0.0022069027549342104,0.0014480935003524436,41.46639134082943,0.01791389951673484,177.8999786376953,140.97547912597656,48.60669708251953,122.47933197021484,104.89422607421875,133.0072784423828,0.9640665054321289,41.42830276489258,0.1676441729068756,"842,674,56,827,439,538,690,783,490,53,190,485,75,769,434,483",176.4040985107422,,,,,0,47.098731994628906,65.96159362792969,24.6263370513916,58.77367401123047,"0.749,0.966,1.698,0.348,0.177,0.706,0.887,0.123",602.6084594726562,392.58148193359375,"911.5,840.1,894.9,236.3,139.5,730.8,1005,63.21",19.916959762573242,18.95645523071289,"25.92,20.14,17.67,18.97,18.75,19.44,21.03,17.41","9.4,7.796,9.228,4.424,3.139,6.714,7.855,2.511","10.86,7.931,7.083,7.501,7.467,7.991,8.34,7.159",2700,0.005437118466943502,2406,0.00623511616140604,"842,538,674,221,800,572,18,173",1.6555638313293457,0.3188733458518982,0.31016138195991516,"1.93,1.86,2.46,1.77,1.74,1.37,1.65,1.79","9.12,3.3,3.14,2.09,1.96,1.75,1.55,1.48","-0.102,-0.0476,0.147,-0.0107,0.00352,-0.0278,-0.0723,0.0708","-0.0843,-0.0421,0.126,-0.0421,0,-0.0421,-0.0843,0.0843","-0.117,-0.0325,0.126,0,0,-0.0325,-0.0824,0.0783",0.1474609375,0.1263951063156128,4,0.23144584894180298,0.04274222254753113
0,up_proj,gptq,4864,896,0,0.0021353126468515037,0.0014435043908599624,24.097452187677845,0.01659143008007646,111.38308715820312,90.12730407714844,30.91398048400879,68.00032043457031,55.89448928833008,74.07559967041016,0.9640665054321289,24.057287216186523,0.11724723875522614,"842,674,56,827,439,538,690,783,490,190,53,75,485,769,483,591",176.4040985107422,,,,,0,26.54979705810547,37.38703918457031,15.552484512329102,32.84001159667969,"0.711,0.877,1.585,0.335,0.178,0.872,0.894,0.125",602.6084594726562,392.58148193359375,"911.5,840.1,894.9,236.3,139.5,730.8,1005,63.21",19.916959762573242,18.95645523071289,"25.92,20.14,17.67,18.97,18.75,19.44,21.03,17.41","6.761,5.95,6.462,3.296,2.393,5.562,6.241,1.745","8.018,6.355,5.133,5.693,5.676,5.955,6.598,4.945",2854,0.003965658135712147,4615,0.003144602058455348,"842,538,674,221,800,572,18,173",1.1643214225769043,0.47941508889198303,0.5002312660217285,"0.521,0.9,0.749,1.06,1.24,1.29,1.33,1.02","9.12,3.3,3.14,2.09,1.96,1.75,1.55,1.48","0.0135,0.0128,-0.0471,0.161,0.0386,0.00702,-0.0248,0.019","0,0,-0.046,0.138,0.046,0,-0.046,0","0.016,0.0194,-0.0515,0.138,0.0321,0,-0.0272,0",0.1611328125,0.1381138563156128,1,0.15071707963943481,0.022591939195990562
0,down_proj,gptq,896,4864,0,0.0020690000146851503,0.001384534333881579,69.89165142769343,0.04864192358825298,166.09979248046875,99.95711517333984,0.5681790709495544,2.0306429862976074,1.8730616569519043,2.324676990509033,0.25524887442588806,69.57305908203125,0.11188323050737381,"2290,2203,2581,760,1349,3063,4329,2138,4450,1685,2206,2921,2279,3010,630,4230",125.6953125,,,,,0,1.243192195892334,1.2933337688446045,0.507449209690094,0.9615333080291748,"1.312,0.712,0.784,0.344,0.278,0.711,1.319,0.137",8580.0302734375,3289.273681640625,"3.838e+04,6233,2054,1921,1210,4273,1.421e+04,357",7.37162971496582,6.461376190185547,"14.15,7.855,4.278,6.553,5.933,6.909,8.849,4.451","2.303,0.9382,0.5555,0.5628,0.452,0.8162,1.486,0.2359","2.011,1.112,0.6273,0.9597,0.8567,0.9677,1.294,0.6378",490,0.03674567863345146,477,0.023687683045864105,"1375,1557,1480,2825,2805,539,13,704",2.0115866661071777,0.3604910969734192,0.3804408609867096,"0.529,0.529,0.543,0.551,0.523,0.536,0.502,0.48","3.12,1.86,1.19,1.16,0.992,0.98,0.688,0.656","-0.0415,0.0525,-0.051,-0.00534,-0.0383,-0.0239,0.0113,0.0283","-0.0703,0.0794,-0.0686,0,0,0,0,0.058","-0.0661,0.0653,-0.0385,0,-0.0611,0,0,0",0.302734375,0.31761401891708374,1,0.08665131032466888,0.0492812916636467
1,q_proj,gptq,896,896,0,0.0023504763233418366,0.001467334980867347,25.982429492869414,0.03922870745633958,66.85939025878906,41.575050354003906,10.375009536743164,34.17359924316406,17.69122314453125,32.55451202392578,0.8654511570930481,25.848955154418945,0.13484306633472443,"591,757,483,285,773,70,559,100,777,636,142,67,386,578,181,173",68.86255645751953,,,,,0,10.19121265411377,16.91447639465332,5.355257034301758,14.661195755004883,"0.908,0.675,0.560,0.358,0.236,0.645,0.915,0.133",600.0700073242188,345.8214111328125,"1450,722.2,426.6,304.4,254.5,534.8,999.3,108.3",18.609317779541016,17.69332504272461,"24.53,18.83,17.4,18.02,18.23,16.14,18.3,17.44","5.382,3.303,2.84,2.246,1.892,2.738,3.932,1.417","5.648,4.022,3.793,3.755,3.893,3.41,4.111,3.88",347,0.01917591504752636,716,0.0165458582341671,"591,757,636,208,373,578,704,671",1.6634037494659424,0.4122489094734192,0.3936942219734192,"0.94,0.684,1.02,0.721,0.763,0.738,0.757,0.703","6.84,4.5,3.8,3.41,2.44,2.38,2.3,2.28","-0.0167,-0.0618,0.0664,-0.0742,0.0232,0.011,0.022,0.0388","0,-0.0792,0.0792,-0.0792,0,0,0,0.0396","-0.0265,-0.0441,0.0795,-0.0622,0.0326,0,0,0.0441",0.154296875,0.1723497211933136,1,0.26200881600379944,0.2635332942008972
1,k_proj,gptq,128,896,0,0.0024239676339285715,0.0017264229910714285,7.934385360451415,0.0420460436728321,19.69859504699707,11.669962882995605,3.0347654819488525,9.931373596191406,5.210723400115967,9.760843276977539,0.8654511570930481,7.927591323852539,0.13771922886371613,"757,591,483,773,285,70,173,386,636,777,142,100,67,559,578,208",68.86255645751953,,,,,0,3.1406331062316895,4.767007827758789,1.5523381233215332,4.455305099487305,"1.284,0.814,0.573,0.330,0.256,0.642,1.024,0.123",600.0700073242188,345.8214111328125,"1450,722.2,426.6,304.4,254.5,534.8,999.3,108.3",18.609317779541016,17.69332504272461,"24.53,18.83,17.4,18.02,18.23,16.14,18.3,17.44","2.868,1.872,1.463,1.387,1.079,1.606,2.249,0.7288","2.531,2.074,1.934,2.417,2.134,2.004,2.223,2.082",24,0.06935615837574005,90,0.06140250340104103,"591,757,636,208,373,578,704,671",1.4396023750305176,0.34375,0.3076171875,"0.711,0.484,0.697,0.439,0.48,0.485,0.504,0.467","6.84,4.5,3.8,3.41,2.44,2.38,2.3,2.28","0.0228,-0.0151,0.0938,0.00436,0.0569,-0.00897,0.0161,-0.0459","0.0393,0,0.0787,0,0.0787,0,0.0393,-0.0393","0,0,0.113,0,0.0505,0,0,-0.0502",0.20703125,0.21490779519081116,1,0.284076452255249,0.11689405143260956
1,v_proj,gptq,128,896,0,0.0020664760044642855,0.0014822823660714285,0.8197294710589631,0.05378458411727713,1.9546701908111572,1.2919702529907227,0.29934245347976685,0.9062082767486572,0.511300802230835,0.8811464309692383,0.8654511570930481,0.8197446465492249,0.11001572012901306,"757,773,70,142,100,591,181,67,483,777,559,578,675,285,507,386",68.86255645751953,,,,,0,0.27971115708351135,0.4724971055984497,0.137748122215271,0.42614471912384033,"0.886,0.600,0.554,0.311,0.264,0.592,1.074,0.150",600.0700073242188,345.8214111328125,"1450,722.2,426.6,304.4,254.5,534.8,999.3,108.3",18.609317779541016,17.69332504272461,"24.53,18.83,17.4,18.02,18.23,16.14,18.3,17.44","0.8656,0.5711,0.425,0.3688,0.3409,0.4826,0.6624,0.2402","0.9196,0.7375,0.5708,0.661,0.6641,0.6273,0.6391,0.6202",24,0.07471037656068802,24,0.05168943107128143,"591,757,636,208,373,578,704,671",1.117747187614441,0.5693359375,0.5400390625,"0.0365,0.0932,0.0502,0.0774,0.136,0.152,0.153,0.158","6.84,4.5,3.8,3.41,2.44,2.38,2.3,2.28","0.00218,-0.0168,-0.00485,-0.0133,0.0256,0.000292,0.0222,0.00977","0,-0.017,0,-0.017,0.017,0,0.017,0","0,-0.017,0,-0.0121,0.0209,0,0.017,0.017",0.0732421875,0.06322412192821503,2,0.09319178760051727,0.15099340677261353
1,o_proj,gptq,896,896,0,0.002181072624362245,0.0014162647480867347,4.1082722294013365,0.02315275491971135,16.199729919433594,11.18846321105957,0.10953208804130554,1.376020908355713,0.23808205127716064,1.3003345727920532,0.9972514510154724,4.086667060852051,0.08261750638484955,"696,628,564,824,623,625,631,608,600,585,586,638,567,500,692,445",105.61649322509766,,,,,0,0.20785656571388245,0.7770353555679321,0.07777349650859833,0.6222912073135376,"0.253,0.296,0.354,0.373,0.184,0.242,0.213,0.185",997.589599609375,360.8306884765625,"2102,2217,1018,717.1,532.3,462.7,516.3,414.8",7.392557144165039,6.377349376678467,"10.24,9.691,7.637,6.012,6.67,6.11,6.603,6.179","0.5757,0.6114,0.5423,0.4389,0.3438,0.3479,0.3659,0.3128","1.144,1.124,0.9117,0.7185,0.8011,0.7068,0.7921,0.7271",459,0.04894878715276718,53,0.02458026073873043,"696,504,888,824,568,760,632,36",0.5839754343032837,0.8074777126312256,0.8768136501312256,"0.14,0.139,0.143,0.145,0.125,0.127,0.116,0.54","1.88,1.86,1.73,1.71,1.66,1.59,1.49,0.809","-0.000675,-0.000965,-0.000648,-0.00243,-0.00928,-0.000961,-0.00412,0.00433","-0.0285,0,0,0,0,0,0,0","0,0,0,0,0,0,0,0",0.2060546875,0.17884400486946106,1,0.0760546326637268,0.0157029926776886
1,gate_proj,gptq,4864,896,0,0.0021525218074483084,0.0015075224682800752,45.043030015251134,0.01908082646607522,188.97584533691406,149.35179138183594,84.10255432128906,181.64407348632812,132.11175537109375,174.9672393798828,0.8580906987190247,44.96958923339844,0.11669835448265076,"208,570,646,70,757,53,773,262,450,100,67,263,578,728,181,58",126.13529205322266,,,,,0,78.10643005371094,92.52241516113281,46.9312629699707,83.17781066894531,"1.204,0.927,1.166,0.569,0.445,0.777,1.008,0.307",699.7965698242188,430.02880859375,"1427,980,538.8,383.8,366.4,606.1,1121,174.8",23.032306671142578,21.787242889404297,"28.43,25.65,18.65,21.24,23.04,22.18,26.59,18.48","12.63,10.24,8.394,6.588,6.369,8.104,11.02,4.352","11.51,10.64,7.773,8.737,9.549,9.195,10.97,7.85",1277,0.005394661799073219,4310,0.024986393749713898,"570,208,646,373,53,374,578,757",0.4839822053909302,0.34531763195991516,0.3456517159938812,"1.99,1.75,2,1.59,1.89,1.64,1.57,1.57","7.31,5.69,2.81,2.52,2.39,2.38,2.38,2.33","-0.0569,0.154,-0.342,0.0413,0.186,0.184,0.033,0.00842","0,0.118,-0.353,0,0.235,0.225,0,0","-0.0711,0.148,-0.293,0.0536,0.235,0.161,0,0",0.412109375,0.470982164144516,1,0.4678272306919098,0.3841802477836609
1,up_proj,gptq,4864,896,0,0.002166289135925752,0.0014109217134633458,22.503210990111256,0.017765246609982948,99.16831970214844,78.17789459228516,44.85912322998047,88.70812225341797,68.01542663574219,87.7479248046875,0.8580906987190247,22.48119354248047,0.10256548225879669,"208,646,570,70,757,53,773,262,67,100,450,578,263,728,181,142",126.13529205322266,,,,,0,40.392066955566406,47.545921325683594,24.156890869140625,41.05937957763672,"1.086,0.946,1.152,0.576,0.472,0.854,1.011,0.346",699.7965698242188,430.02880859375,"1427,980,538.8,383.8,366.4,606.1,1121,174.8",23.032306671142578,21.787242889404297,"28.43,25.65,18.65,21.24,23.04,22.18,26.59,18.48","8.909,7.483,5.955,4.778,4.655,5.935,7.921,3.14","8.55,7.692,5.548,6.296,6.776,6.423,7.878,5.335",2003,0.004697276279330254,3934,0.0030332356691360474,"570,208,646,373,53,374,578,757",0.3614480197429657,0.4916478097438812,0.5107421875,"0.527,0.662,0.928,1.14,0.606,1.18,1.14,1.09","7.31,5.69,2.81,2.52,2.39,2.38,2.38,2.33","0.0097,-0.032,0.0391,-0.00854,-0.00146,0.0117,-0.008,0.0415","0,-0.0681,0.0681,0,0,0,0,0.0681","0,-0.0363,0.0377,0,0,0.0225,0,0.0377",0.23828125,0.2723214328289032,1,0.3190677762031555,0.1678587794303894
1,down_proj,gptq,896,4864,0,0.0020373351591870302,0.0014214766652960527,39.192850607360015,0.03112687797210935,120.32659912109375,80.69795227050781,0.6795180439949036,1.340210199356079,1.821577548980713,1.679793119430542,0.30240705609321594,39.109596252441406,0.08203192800283432,"1277,4058,219,1401,3948,1253,2673,3898,671,3855,3025,3266,1742,260,2623,2259",28.3548583984375,,,,,0,1.32378089427948,1.1779921054840088,0.48255854845046997,0.6003603935241699,"1.184,1.215,1.382,0.825,0.743,1.126,1.300,0.662",8715.2998046875,3047.1552734375,"3.471e+04,7303,3154,2585,4360,3970,1.259e+04,1042",7.5263237953186035,5.866476058959961,"16.03,7.356,4.698,5.252,8.131,6.013,8.892,3.838","2.281,1.02,0.7041,0.6163,0.9096,0.8068,1.349,0.4175","2.096,0.9252,0.5989,0.6785,1.055,0.7602,1.184,0.5131",450,0.019027190282940865,354,0.014833393506705761,"24,4182,4475,51,3561,451,759,1573",0.7662577629089355,0.349888414144516,0.3466797173023224,"0.506,0.512,0.502,0.501,0.505,0.519,0.489,0.488","3.31,2.81,2.31,1.43,1.3,1.27,1.12,1.09","-0.00181,-0.0117,2.96e-05,0.000992,0.0244,0.00142,-0.0147,-0.0283","-0.0134,0,0,0,0.0206,0,0,-0.0268","0,-0.0151,0,0,0.022,0,-0.0126,-0.0488",0.1708984375,0.1468835473060608,1,0.12547001242637634,0.023751575499773026
2,q_proj,gptq,896,896,0,0.0021300023915816328,0.0014523875956632653,22.989428358647274,0.043604477921712764,58.57481002807617,39.43295669555664,23.316898345947266,60.68720245361328,43.083465576171875,64.664794921875,0.9494117498397827,22.867685317993164,0.18503975868225098,"208,70,757,773,646,100,591,285,578,181,67,459,559,483,263,350",110.97792053222656,,,,,0,26.655807495117188,32.44792175292969,14.235580444335938,29.284141540527344,"1.374,1.119,0.888,0.510,0.438,0.828,0.956,0.149",649.322509765625,402.2872619628906,"1433,746.8,394,379.1,426.9,596.5,1070,147.9",26.742727279663086,26.100589752197266,"31.46,25.26,24.35,25.99,25.34,26.29,28.29,26.97","8.19,5.745,4.778,3.923,3.662,4.915,5.717,2.165","6.987,5.431,5.072,5.492,5.534,5.402,5.846,5.604",624,0.03182071074843407,188,0.03788132593035698,"208,591,757,570,578,373,595,291",0.7981472015380859,0.4380580484867096,0.441685289144516,"0.694,0.718,0.64,0.705,0.599,0.757,0.774,0.714","11.1,5.97,4.69,4.25,3.36,3.11,3.08,2.78","-0.000778,0.00418,0.00301,-0.0112,-0.0106,-0.00946,-0.0069,0.041","0,0,0,0,0,0,0,0","0,0,0,0,0,0,0,0.0324",0.34765625,0.2979910671710968,1,0.6532702445983887,0.3798406720161438
2,k_proj,gptq,128,896,0,0.00213623046875,0.0015869140625,7.328801691488479,0.046855626598035105,17.517135620117188,10.743125915527344,7.1834025382995605,17.279132843017578,13.767229080200195,18.40380859375,0.9494117498397827,7.270754814147949,0.18326321244239807,"208,757,70,773,100,591,578,646,67,181,547,559,620,784,263,837",110.97792053222656,,,,,0,8.699620246887207,9.950718879699707,4.397853851318359,9.16958236694336,"2.023,1.283,0.996,0.592,0.385,0.942,0.584,0.183",649.322509765625,402.2872619628906,"1433,746.8,394,379.1,426.9,596.5,1070,147.9",26.742727279663086,26.100589752197266,"31.46,25.26,24.35,25.99,25.34,26.29,28.29,26.97","4.894,3.207,2.529,2.333,1.857,2.985,3.065,1.328","3.441,2.832,2.534,3.033,2.992,3.076,4.011,3.102",81,0.06885096430778503,121,0.10676907747983932,"208,591,757,570,578,373,595,291",1.0754834413528442,0.412109375,0.357421875,"0.353,0.421,0.447,0.47,0.531,0.401,0.392,0.565","11.1,5.97,4.69,4.25,3.36,3.11,3.08,2.78","-0.0184,-0.0121,0.0388,-0.0388,-0.0864,-0.0178,-0.00244,-0.0811","0,0,0.0416,-0.0416,-0.0831,0,0,-0.0831","0,0,0.0379,-0.0377,-0.0753,-0.034,0,-0.0681",0.177734375,0.2016879916191101,1,0.4872579276561737,0.1465490758419037
2,v_proj,gptq,128,896,0,0.002049037388392857,0.0015607561383928572,0.8169871069030705,0.057122360957188964,1.8957107067108154,1.4143004417419434,0.7898733019828796,2.1136083602905273,1.5249972343444824,2.1952264308929443,0.9494117498397827,0.8082762360572815,0.18800558149814606,"208,70,757,773,646,100,67,578,181,350,547,620,784,555,291,837",110.97792053222656,,,,,0,0.9520133137702942,1.223958134651184,0.4442654252052307,1.019984245300293,"1.673,0.703,0.793,0.537,0.320,0.674,0.904,0.161",649.322509765625,402.2872619628906,"1433,746.8,394,379.1,426.9,596.5,1070,147.9",26.742727279663086,26.100589752197266,"31.46,25.26,24.35,25.99,25.34,26.29,28.29,26.97","1.664,0.9379,0.8451,0.8052,0.5955,0.9628,1.077,0.403","1.287,1.118,0.9491,1.099,1.053,1.173,1.133,1.004",77,0.08192502707242966,112,0.057910799980163574,"208,591,757,570,578,373,595,291",1.1061736345291138,0.5986328125,0.5830078125,"0.0807,0.0564,0.111,0.0819,0.129,0.124,0.125,0.19","11.1,5.97,4.69,4.25,3.36,3.11,3.08,2.78","-0.0219,0.0125,-0.0221,0.00436,0.0305,0.00598,0.0186,0.0339","-0.0244,0.0244,-0.0244,0,0.0244,0,0,0.0244","-0.0219,0.0244,-0.0181,0,0.0244,0.0118,0.0244,0.0354",0.08544921875,0.0732421949505806,2,0.17045646905899048,0.20393802225589752
2,o_proj,gptq,896,896,0,0.0022346340880102043,0.0014797911352040817,9.284081082725606,0.050652306877538036,23.0255126953125,12.160299301147461,0.21786144375801086,0.5697511434555054,0.3197348415851593,0.6440845727920532,0.7667738199234009,9.069939613342285,0.059466633945703506,"574,525,638,589,185,182,246,310,510,54,438,766,830,13,249,121",22.92981719970703,,,,,0,0.3019995391368866,0.6368946433067322,0.10153241455554962,0.2526954412460327,"0.257,0.842,0.591,0.654,0.330,0.482,0.602,0.519",1265.209716796875,383.3491516113281,"3330,3746,417.5,461.9,318.1,738.2,699.3,410.9",6.080372333526611,4.161803245544434,"13.61,9.394,3.634,3.853,4.039,5.262,5.224,3.623","0.7925,1.009,0.307,0.3309,0.2476,0.4176,0.4948,0.293","1.562,1.1,0.3991,0.4092,0.4311,0.6016,0.6379,0.4068",501,0.020496707409620285,490,0.04774800315499306,"19,211,99,572,403,539,21,339",0.5340636372566223,0.3652344048023224,0.3171038031578064,"0.49,0.501,0.553,0.466,0.455,0.439,0.431,0.467","0.508,0.477,0.471,0.436,0.436,0.436,0.426,0.408","-0.0153,0.0122,-0.0157,0.00537,0.0171,0.0309,-0.0258,0.00726","-0.0259,0,-0.0335,0,0.026,0.0335,-0.0335,0.019","0,0,0,0.0103,0.0138,0.0308,-0.0335,0",0.1171875,0.1004464328289032,3,0.03544887527823448,0.010471357963979244
2,gate_proj,gptq,4864,896,0,0.002147703242481203,0.0015382695018796994,40.28819254878647,0.016401494307133058,186.607666015625,150.80979919433594,118.61509704589844,231.0213623046875,194.0908660888672,245.5899658203125,0.719410240650177,40.194522857666016,0.13909323513507843,"208,570,62,646,53,757,70,262,801,773,263,578,591,100,67,559",124.29969787597656,,,,,0,126.43498229980469,157.9541473388672,73.39381408691406,112.38685607910156,"0.721,1.025,1.110,0.721,0.637,0.830,1.013,0.449",741.49560546875,486.75439453125,"1361,888.1,468.9,509.2,546.6,688.4,1220,249.4",29.298294067382812,25.505691528320312,"51.47,27.94,20.29,24.89,27.52,27.23,32.7,22.35","17.59,11.67,9.083,8.624,9.103,10.27,13.44,6.312","20.72,11.53,8.62,10.16,11.4,11.27,13.35,9.419",1197,0.004687767941504717,598,0.006405229680240154,"570,208,62,373,757,595,578,671",0.20161433517932892,0.3213147521018982,0.31900185346603394,"1.88,1.56,1.88,1.56,1.5,1.62,1.59,1.6","7.59,4.66,3.39,3.12,3.09,2.83,2.56,2.53","-0.128,-0.00334,-0.0248,0.0293,-0.0155,-0.00087,-0.0688,0.014","-0.11,0,-0.0366,0.0366,0,0,-0.0731,0","-0.11,0,-0.0315,0.0329,-0.0262,0,-0.0731,0.0262",0.1455078125,0.16037589311599731,1,0.6232553720474243,0.09079061448574066
2,up_proj,gptq,4864,896,0,0.002147244331531955,0.0013980722068843985,20.89524077677718,0.01602581191238519,99.83171844482422,81.52915954589844,64.02033233642578,118.06509399414062,103.08069610595703,129.62384033203125,0.719410240650177,20.960365295410156,0.13050660490989685,"208,62,646,570,53,757,70,262,773,263,801,578,100,591,67,559",124.29969787597656,,,,,0,66.82743072509766,85.0487289428711,39.41693115234375,58.92118835449219,"0.683,1.019,1.164,0.699,0.604,0.860,0.989,0.496",741.49560546875,486.75439453125,"1361,888.1,468.9,509.2,546.6,688.4,1220,249.4",29.298294067382812,25.505691528320312,"51.47,27.94,20.29,24.89,27.52,27.23,32.7,22.35","12.84,8.288,6.576,6.405,6.493,7.545,9.843,4.549","15.54,8.212,6.095,7.658,8.354,8.135,9.896,6.457",813,0.005982460919767618,813,0.03549712523818016,"570,208,62,373,757,595,578,671",0.1898241937160492,0.4940892159938812,0.5049599409103394,"0.484,0.791,0.883,1.15,1.02,1.15,1.13,1.16","7.59,4.66,3.39,3.12,3.09,2.83,2.56,2.53","0.145,-0.0649,-0.602,-0.0825,0.157,-0.0781,0.083,0.109","0.172,0,-0.516,0,0.172,0,0.172,0.172","0.148,-0.129,-0.516,-0.14,0.166,-0.148,0.148,0.166",0.63671875,0.6684433221817017,1,0.5022421479225159,1.5739742517471313
2,down_proj,gptq,896,4864,0,0.002174320077537594,0.0014315727061795112,99.5852537686842,0.07926140777222575,139.99684143066406,80.59544372558594,6.0926923751831055,87.54696655273438,157.70094299316406,833.4083862304688,1.0,31.66722869873047,0.9585134387016296,"813,4376,2818,4684,2661,3250,2278,2594,4692,3235,2059,2900,2822,2139,1980,2834",4807.08447265625,,,,,0,395.2945556640625,2124.894287109375,2.27734637260437,1.1622658967971802,"0.185,1.072,7.337,0.995,0.931,2.040,1.050,0.934",1135.730712890625,453.3721008300781,"5359,514.9,167.5,334.4,634.6,467.5,1417,190.2",190.24566650390625,7.787104606628418,"1464,8.859,4.829,6.948,9.732,8.032,13.57,5.621","56.12,1.225,1.732,0.9444,1.313,1.546,1.798,0.7148","130.3,1.183,0.6394,0.9468,1.361,1.082,1.755,0.7397",62,0.032152701169252396,490,0.04880843684077263,"4048,4744,3007,3729,3493,485,220,341",0.2303382307291031,0.3458426594734192,0.3374721109867096,"0.505,0.481,0.49,0.52,0.513,0.514,0.53,0.522","2.25,2.14,1.74,1.54,1.43,1.42,1.12,1.11","0.0107,0.00389,0.0134,0.0115,0.0097,0.00406,-0.00742,-0.000182","0,0,0,0,0,0,-0.0754,0","0.00844,0.00548,0.0151,0.00935,0.011,0,-0.00722,0",0.44140625,2.112241268157959,1,0.23544973134994507,0.02416587993502617
3,q_proj,gptq,896,896,0,0.0021187918526785715,0.0014710718271683674,17.48049098082265,0.04131602393640201,44.517372131347656,30.80577850341797,27.989316940307617,72.00760650634766,50.95819854736328,73.16878509521484,0.8203242421150208,17.306339263916016,0.21552926301956177,"208,70,591,757,646,773,483,62,459,590,674,91,416,263,878,285",96.8914566040039,,,,,0,32.50519561767578,39.4345703125,19.19974136352539,35.95238494873047,"0.901,1.108,1.016,0.693,0.585,0.988,0.894,0.259",531.861328125,451.59747314453125,"111.5,744.1,517.8,472.6,582.7,564.8,1010,251.8",32.08123779296875,32.80467987060547,"30.25,34.13,31.11,31.29,32.83,33.16,33.29,30.6","6.663,7.156,6.218,4.729,4.673,5.973,6.065,3.016","7.019,6.799,6.17,5.68,6.107,6.01,6.417,5.921",350,0.03431946784257889,382,0.029411999508738518,"208,591,570,757,483,386,494,819",0.49168092012405396,0.479771226644516,0.4542410969734192,"0.654,0.566,0.513,0.577,0.716,0.698,0.836,0.852","8.06,8,7.19,6.59,5.66,5.12,4.94,4.88","-0.027,-0.0112,0.00711,-0.0211,-0.042,-0.0417,-0.0289,-0.152","0,0,0,0,-0.0597,0,-0.0597,-0.179","-0.0522,0,0,0,-0.0597,-0.0597,0,-0.167",0.208984375,0.1791294813156128,11,0.8656417727470398,0.059472352266311646
3,k_proj,gptq,128,896,0,0.0021449497767857145,0.0015084402901785715,4.20171025732634,0.04128084271882724,10.34298324584961,7.219133377075195,6.867547512054443,16.988473892211914,11.544760704040527,15.732034683227539,0.8203242421150208,4.188914775848389,0.20200638473033905,"208,591,757,70,646,773,483,691,590,91,878,743,831,674,205,605",96.8914566040039,,,,,0,7.13987922668457,7.373642444610596,4.92791223526001,7.94752836227417,"0.839,1.270,1.421,1.047,0.837,0.932,1.229,0.268",531.861328125,451.59747314453125,"111.5,744.1,517.8,472.6,582.7,564.8,1010,251.8",32.08123779296875,32.80467987060547,"30.25,34.13,31.11,31.29,32.83,33.16,33.29,30.6","2.344,3.271,2.986,2.536,2.452,3.008,2.899,1.45","2.56,2.903,2.505,2.479,2.681,3.117,2.615,2.802",25,0.08431608229875565,81,0.12482653558254242,"208,591,570,757,483,386,494,819",0.43434232473373413,0.4384765625,0.4013671875,"0.332,0.351,0.359,0.368,0.261,0.344,0.213,0.495","8.06,8,7.19,6.59,5.66,5.12,4.94,4.88","0.0183,-0.0121,-0.00739,0.00375,-0.0276,-0.0227,-0.000119,-0.0605","0,0,0,0,-0.0485,0,0,-0.0485","0,0,0,0,-0.0405,-0.0405,0,-0.0485",0.169921875,0.1456473171710968,11,0.7121036052703857,0.1553546041250229
3,v_proj,gptq,128,896,0,0.002162388392857143,0.0016130719866071428,0.7306977106811701,0.02473650228168402,2.648942470550537,1.9530518054962158,1.3774363994598389,3.8235626220703125,2.2040669918060303,4.013896942138672,0.8203242421150208,0.7241658568382263,0.1760556697845459,"208,70,646,591,757,773,483,459,350,263,173,559,709,100,285,675",96.8914566040039,,,,,0,1.2251145839691162,2.0221667289733887,0.9227557182312012,1.9003310203552246,"0.540,0.669,0.768,0.604,0.505,0.602,0.915,0.230",531.861328125,451.59747314453125,"111.5,744.1,517.8,472.6,582.7,564.8,1010,251.8",32.08123779296875,32.80467987060547,"30.25,34.13,31.11,31.29,32.83,33.16,33.29,30.6","0.9845,1.355,1.19,1.032,1.002,1.155,1.316,0.6667","1.339,1.657,1.358,1.328,1.411,1.488,1.376,1.39",102,0.06516247242689133,80,0.08039540797472,"208,591,570,757,483,386,494,819",0.2990555167198181,0.6806640625,0.7421875,"0.0983,0.086,0.0762,0.112,0.132,0.135,0.0955,0.03","8.06,8,7.19,6.59,5.66,5.12,4.94,4.88","0.00629,0.00146,0.00302,0.00308,0.00354,0.004,0.00504,-0.0018","0.00997,0,0,0,0.00997,0,0.00997,0","0,0,0,0,0,0,0,0",0.068359375,0.06269973516464233,1,0.2558257281780243,0.14052459597587585
3,o_proj,gptq,896,896,0,0.002260792012117347,0.0014723174426020409,7.760097029939061,0.03686122133488701,23.866878509521484,13.97397232055664,0.31933632493019104,0.8868261575698853,0.4998871386051178,0.8490515351295471,0.8625878095626831,7.730858325958252,0.12419454008340836,"317,381,61,189,253,445,125,459,658,91,659,27,523,651,715,682",94.93524169921875,,,,,0,0.1803109347820282,0.28395622968673706,0.2809411883354187,0.48407429456710815,"0.529,0.718,0.657,0.757,0.611,0.552,0.637,0.656",383.98443603515625,646.9838256835938,"43.9,215,208,428.1,448.4,564.3,176.2,987.9",4.100859642028809,5.598380088806152,"1.993,3.23,3.228,3.582,5.56,5.476,2.912,6.826","0.1782,0.3232,0.3256,0.3739,0.5613,0.4744,0.2612,0.6724","0.2449,0.3815,0.4016,0.4298,0.7181,0.6387,0.3273,0.8302",56,0.031175103038549423,276,0.026533083990216255,"125,658,93,691,689,669,648,699",0.5133140683174133,0.3988560438156128,0.3955078423023224,"0.255,0.428,0.382,0.514,0.519,0.512,0.495,0.502","1.51,1.23,1.12,1.06,0.996,0.98,0.973,0.941","0.00153,0.00665,-0.165,0.00714,0.00369,0.0148,-0.00903,-0.00455","0,0,-0.141,0,0,0,0,0","0,0,-0.141,0.0138,0,0.0138,-0.0138,0",0.302734375,0.3692556321620941,1,0.09910959005355835,0.05654638633131981
3,gate_proj,gptq,4864,896,0,0.002274821575422932,0.0015288618274201127,64.91066655119761,0.02914375334393368,199.5178985595703,137.49710083007812,250.84979248046875,456.16668701171875,1272.1829833984375,1317.44970703125,0.9844029545783997,64.64251708984375,0.622815728187561,"62,208,801,262,570,646,53,757,70,450,591,263,728,578,773,559",381.9333801269531,,,,,0,2175.365234375,2331.9755859375,130.50213623046875,253.4355010986328,"0.970,1.056,0.231,0.673,1.525,0.678,0.766,0.658",570.62060546875,495.3949279785156,"156.4,701.6,515.4,514.1,578.2,625.6,1113,360.3",80.14236450195312,38.12931823730469,"338.1,31.78,66.36,36.91,32.22,60.69,45.34,29.78","126.5,12.77,12.08,11.89,15.77,19.3,15.47,9.299","128.5,12.42,25.16,14.5,12.77,23.45,17.68,11.47",2395,0.003913796041160822,1316,0.00434954883530736,"570,62,801,208,373,757,57,483",0.25855135917663574,0.28993627429008484,0.28577303886413574,"2.03,1.16,1.92,1.64,1.58,1.56,1.57,1.43","6.53,6,5.12,4.41,3.88,3.84,3.56,3.39","-0.0483,-0.0168,-0.0483,-0.00928,-0.00159,-0.0192,-0.0205,-0.00121","0,-0.0311,-0.0622,0.0311,0,0,-0.0221,0","-0.0396,-0.0202,-0.0544,0,0,-0.0253,-0.0202,0",0.10888671875,0.0933314710855484,4,0.9865887761116028,0.18505841493606567
3,up_proj,gptq,4864,896,0,0.0021536690848214285,0.0014134457236842106,25.82212625958516,0.019489501433695402,106.35145568847656,82.23640441894531,116.40333557128906,214.08694458007812,421.70635986328125,521.5167236328125,0.9844029545783997,25.753955841064453,0.47287848591804504,"62,208,801,570,646,757,262,53,70,450,591,263,578,559,773,728",381.9333801269531,,,,,0,653.4909057617188,847.1188354492188,66.12722778320312,119.14572143554688,"0.792,0.981,0.284,0.693,1.082,0.629,0.855,0.578",570.62060546875,495.3949279785156,"156.4,701.6,515.4,514.1,578.2,625.6,1113,360.3",80.14236450195312,38.12931823730469,"338.1,31.78,66.36,36.91,32.22,60.69,45.34,29.78","67.62,9.305,8.425,8.353,10.04,11.95,11.75,6.828","76,9.393,15.82,10.03,9.653,15.07,12.71,8.977",1673,0.005078914575278759,2032,0.004178288392722607,"570,62,801,208,373,757,57,483",0.23298844695091248,0.5368266701698303,0.6150287985801697,"0.382,0.298,0.463,0.775,1.11,0.933,1.23,0.962","6.53,6,5.12,4.41,3.88,3.84,3.56,3.39","-0.000977,0.00861,-0.0113,-0.00156,-0.0156,-0.00958,-0.0208,-0.015","-0.0169,0.0169,-0.0169,-0.0169,-0.0169,-0.0169,-0.0174,-0.0169","0,0.0145,-0.0169,0,-0.0166,0,-0.0145,-0.0139",0.07470703125,0.08502695709466934,1,0.7157096862792969,0.12853167951107025
3,down_proj,gptq,896,4864,0,0.002002687382518797,0.0014274425076362782,52.65874682946742,0.040037248581972794,140.1405029296875,84.66532897949219,9.870591163635254,94.32292938232422,55.40222930908203,811.5064697265625,0.999472439289093,52.53314971923828,0.9387625455856323,"3016,2247,4554,3499,2673,143,3847,1225,1329,2249,4258,3185,4381,2,2761,2379",3313.435791015625,,,,,0,127.5876693725586,2065.001708984375,3.449958086013794,2.981135845184326,"0.059,1.907,1.399,1.357,1.490,6.344,8.743,1.150",1064.337890625,1496.3193359375,"459.8,941.1,2567,508.4,1110,699.2,1422,808.2",147.18325805664062,11.356712341308594,"1096,9.972,17.94,7.84,11.4,12.07,12.46,9.587","31.08,1.806,2.832,1.224,1.925,3.594,4.842,1.337","128.5,1.308,2.394,1.05,1.577,1.427,1.638,1.247",494,0.02041168138384819,490,0.015885645523667336,"1719,4209,1950,1225,702,2661,1419,2093",0.14113348722457886,0.3444475531578064,0.3378906548023224,"0.517,0.524,0.545,0.536,0.532,0.537,0.495,0.492","3.08,2.5,1.74,1.63,1.34,1.32,1.31,1.27","-0.00175,-0.00757,0.0188,0.00671,0.00452,0.0149,0.00928,-0.000607","0,0,0.027,0,0,0,0.0517,0","0,-0.0121,0.0222,0,0,0.017,0,0",0.1875,0.1816508024930954,1,0.2750183641910553,0.00028705131262540817
4,q_proj,gptq,896,896,0,0.002115055006377551,0.0014611069036989796,13.574650752270827,0.03179407784457954,39.9884033203125,27.988096237182617,24.005233764648438,67.05431365966797,47.97618103027344,75.17869567871094,0.7785211801528931,13.641199111938477,0.2637060880661011,"208,62,591,56,53,757,459,559,646,483,173,494,709,570,263,70",137.5042266845703,,,,,0,31.58025550842285,35.39539337158203,20.541288375854492,38.13920593261719,"1.022,1.014,1.472,0.773,0.669,0.656,0.867,0.496",497.08819580078125,497.8050537109375,"59.87,547.2,964.3,375.1,517.3,339.5,741.4,432.1",33.784908294677734,35.19198226928711,"38.18,33.12,36.91,30.41,33.85,30.81,32.46,34.54","6.702,6.03,7.808,4.638,4.841,4.33,5.234,4.395","6.628,5.987,6.436,5.274,5.918,5.346,5.622,6.241",637,0.029847534373402596,93,0.022156061604619026,"208,844,570,591,483,56,386,757",0.8449816703796387,0.4107142984867096,0.4051339328289032,"0.594,0.562,0.517,0.606,0.75,0.844,0.703,0.6","10.9,10.3,8.12,7.31,6.44,6.25,5.38,4.75","0.0688,0.0649,-0.0197,0.082,-0.02,0.169,0.0483,0.0894","0.0483,0.0965,0,0.0965,0,0.145,0.0483,0.0965","0.0714,0.0749,-0.0304,0.0912,-0.0227,0.145,0.0455,0.0954",0.1689453125,0.15883275866508484,1,0.8363609313964844,0.22098582983016968
4,k_proj,gptq,128,896,0,0.0022757393973214285,0.0014125279017857143,3.1067607293007313,0.03714111396076225,8.37844467163086,5.5066938400268555,5.1694231033325195,15.307595252990723,10.458419799804688,15.94597053527832,0.7785211801528931,3.060576915740967,0.26718810200691223,"208,591,62,56,53,483,559,757,646,173,263,494,709,70,570,285",137.5042266845703,,,,,0,7.077426910400391,6.837317943572998,4.311132431030273,8.558603286743164,"1.025,2.089,2.026,0.710,0.622,0.565,1.011,0.460",497.08819580078125,497.8050537109375,"59.87,547.2,964.3,375.1,517.3,339.5,741.4,432.1",33.784908294677734,35.19198226928711,"38.18,33.12,36.91,30.41,33.85,30.81,32.46,34.54","2.966,3.051,4.017,2.144,2.174,1.78,2.508,1.894","2.929,2.111,2.822,2.544,2.756,2.368,2.495,2.792",124,0.12279405444860458,58,0.0937504917383194,"208,844,570,591,483,56,386,757",1.1155664920806885,0.31640625,0.2939453125,"0.362,0.438,0.334,0.453,0.4,0.387,0.482,0.428","10.9,10.3,8.12,7.31,6.44,6.25,5.38,4.75","-0.00806,-0.162,-0.0223,0.181,-0.0854,-0.123,-0.0214,0.0625","0,-0.155,0,0.155,-0.103,-0.155,0,0.0516","0,-0.139,0,0.155,-0.0732,-0.14,-0.0244,0.0446",0.1806640625,0.1548549085855484,5,0.7618597149848938,0.1073695570230484
4,v_proj,gptq,128,896,0,0.0021449497767857145,0.0015956333705357143,1.1506456813740442,0.03089930362679814,3.606656074523926,2.6121838092803955,2.17840576171875,5.750190734863281,3.7941884994506836,6.125424385070801,0.7785211801528931,1.1371769905090332,0.17737196385860443,"208,62,53,646,56,591,757,263,559,709,173,483,262,570,494,459",137.5042266845703,,,,,0,2.2619340419769287,2.965590715408325,1.8169816732406616,3.338052272796631,"0.749,0.720,1.087,0.737,0.651,0.763,0.719,0.549",497.08819580078125,497.8050537109375,"59.87,547.2,964.3,375.1,517.3,339.5,741.4,432.1",33.784908294677734,35.19198226928711,"38.18,33.12,36.91,30.41,33.85,30.81,32.46,34.54","1.42,1.507,2.099,1.282,1.476,1.313,1.544,1.211","1.641,1.776,2.014,1.493,1.829,1.504,1.821,1.635",118,0.09334549307823181,108,0.06234457343816757,"208,844,570,591,483,56,386,757",0.5685985684394836,0.7568359375,0.767578125,"0.107,0.0836,0.125,0.0798,0.0983,0.077,0.102,0.0884","10.9,10.3,8.12,7.31,6.44,6.25,5.38,4.75","0.000656,0.00656,0.00443,-0.000435,0.00287,-0.00209,0.00989,-0.00626","0,0,0,0,0,0,0.0167,0","0,0,0,0,0,0,0.016,0",0.0673828125,0.07678034901618958,1,0.45108863711357117,0.007068917155265808
4,o_proj,gptq,896,896,0,0.002162388392857143,0.001424984056122449,10.712002542701157,0.04237168559824264,29.730762481689453,17.50438690185547,0.5935705900192261,1.3009366989135742,0.8981631994247437,1.539433479309082,0.8444007635116577,10.7479248046875,0.04702964797616005,"831,801,778,795,776,792,796,823,794,802,818,786,781,774,805,790",13.179109573364258,,,,,0,0.3673040270805359,0.6469986438751221,0.6489032506942749,1.162339448928833,"0.172,0.424,0.721,0.651,0.757,0.433,0.590,0.437",381.96893310546875,941.2990112304688,"41.77,193.5,556.6,360.1,439.4,390.5,529.1,544.7",5.562195301055908,7.5003581047058105,"3.54,4.407,7.842,4.289,5.884,5.354,6.238,6.944","0.2112,0.4143,0.9755,0.478,0.6741,0.4869,0.6559,0.6485","0.5098,0.6363,1.149,0.5925,0.7747,0.7398,0.8541,0.9811",694,0.027279740199446678,846,0.020841393619775772,"779,820,769,785,774,788,67,320",0.4776134788990021,0.3741629719734192,0.3542131781578064,"0.53,0.527,0.488,0.527,0.532,0.54,0.416,0.493","1.4,1.36,1.22,1.04,0.977,0.883,0.855,0.797","-0.0193,-0.0359,0.0312,0.00412,0.0559,0.0466,0.011,0.00357","-0.0407,-0.0407,0.0407,0,0.0407,0.0407,0,0","-0.0233,-0.0466,0.0233,0,0.0466,0.0466,0.0169,0",0.306640625,0.3407822847366333,1,0.11133123189210892,0.02295185998082161
4,gate_proj,gptq,4864,896,0,0.0021263638833411654,0.0014999504376174812,37.550060975152974,0.016948480048307818,175.79544067382812,141.0388641357422,160.4531707763672,310.8846130371094,262.60137939453125,323.0393981933594,0.5845285058021545,37.42728805541992,0.21409443020820618,"62,208,646,570,262,801,450,757,53,70,728,697,263,578,591,773",119.97406768798828,,,,,0,168.64358520507812,188.850341796875,122.19352722167969,161.92161560058594,"0.968,1.160,1.101,0.847,0.801,0.576,0.880,0.711",574.778564453125,597.692138671875,"72.71,663.7,1027,447.2,586.3,415.9,864.4,521.4",33.841026306152344,31.580354690551758,"44.18,29.27,38.46,27.69,30.83,33.69,36.16,30.44","17.4,12.74,16.04,10.15,11.29,10.37,13.47,10.34","17.68,11.83,15.29,11.03,12.62,13.67,14.36,12.26",4541,0.003882098477333784,3486,0.004636187106370926,"570,208,262,421,757,373,573,646",0.19432322680950165,0.3374537527561188,0.32655736804008484,"1.98,1.83,2.17,1.52,1.58,1.61,1.56,1.92","6.69,6.06,4.25,3.91,3.67,3.5,3.33,3.27","-0.0369,0.0486,0.129,-0.0603,-0.0403,0.0168,-0.0464,-0.0762","-0.0368,0.0368,0.11,-0.0737,-0.0368,0.0368,-0.0296,-0.0737","-0.0303,0.0508,0.11,-0.0544,-0.0311,0,-0.0605,-0.0622",0.12890625,0.1104910746216774,1,0.7037214040756226,0.1830611228942871
4,up_proj,gptq,4864,896,0,0.002105483435150376,0.0014451105791823309,20.759601457826648,0.014816889347158836,109.3044204711914,91.4349365234375,101.39730834960938,189.32009887695312,156.6923065185547,198.63818359375,0.5845285058021545,20.67841339111328,0.1745755821466446,"62,208,646,801,570,450,262,757,53,70,728,697,263,578,773,591",119.97406768798828,,,,,0,94.29597473144531,114.36286926269531,78.23099517822266,99.94091796875,"0.803,1.072,0.994,0.792,0.742,0.579,0.874,0.709",574.778564453125,597.692138671875,"72.71,663.7,1027,447.2,586.3,415.9,864.4,521.4",33.841026306152344,31.580354690551758,"44.18,29.27,38.46,27.69,30.83,33.69,36.16,30.44","11.96,9.485,12.19,7.743,8.533,8.018,10.48,8.106","13.35,9.162,12.23,8.7,9.908,10.54,11.21,9.625",3440,0.004655604250729084,167,0.009399348869919777,"570,208,262,421,757,373,573,646",0.1555536389350891,0.4924444854259491,0.5359786152839661,"0.528,0.779,0.54,1.15,1.03,1.12,1.26,0.939","6.69,6.06,4.25,3.91,3.67,3.5,3.33,3.27","0.00424,0.000912,-0.00282,0.00519,0.00964,0.0141,0.0165,-0.00595","0,0,0,0,0,0,0.0258,0","0,0,0,0,0.0181,0.0268,0.0236,0",0.11279296875,0.12890625,1,0.5822225213050842,0.16321660578250885
4,down_proj,gptq,896,4864,0,0.0020311398613721806,0.0014361618156719924,40.589221249053026,0.030013630009779493,136.06666564941406,96.11683654785156,2.0795905590057373,3.79048228263855,3.6793785095214844,3.986638307571411,0.3864317238330841,40.4169921875,0.06995811313390732,"3340,787,4769,1524,1574,1684,410,3838,1267,1431,2705,4684,3970,3949,1225,1313",60.00221633911133,,,,,0,1.6480987071990967,2.0305237770080566,2.0233540534973145,2.2757015228271484,"0.111,1.058,0.997,0.643,0.635,0.774,0.803,0.823",3471.2978515625,4446.423828125,"151.8,3399,8523,2281,2961,2774,4898,2782",9.679498672485352,10.54465103149414,"5.521,8.758,13.91,8.516,10.78,8.575,11.14,10.24","0.2655,1.29,2.061,1.022,1.197,1.083,1.412,1.25","0.7983,1.254,2.064,1.274,1.502,1.232,1.576,1.377",42,0.01078595407307148,95,0.009429744444787502,"1574,1524,15,272,3532,1468,173,1580",0.5671887397766113,0.4199219048023224,0.426060289144516,"0.428,0.488,0.45,0.535,0.398,0.499,0.538,0.511","5.81,2.27,1.44,1.37,0.914,0.867,0.855,0.824","0.0179,0.00261,-0.00836,0.00723,-0.0145,0.0051,-0.0276,0.0173","0.0232,0,-0.0151,0,-0.0225,0,-0.0249,0.0225","0.0212,0,-0.0156,0.0114,-0.0135,0,-0.0353,0.0212",0.10205078125,0.1064099371433258,1,0.12429067492485046,0.035980451852083206
5,q_proj,gptq,896,896,0,0.0021561603156887753,0.001512177136479592,13.135375316051068,0.03339890033609664,38.34198760986328,26.545913696289062,32.24835968017578,73.78219604492188,64.57801818847656,79.55155944824219,0.8257990479469299,13.188404083251953,0.22174307703971863,"208,591,56,494,559,62,173,483,757,646,709,844,263,777,70,570",82.67166900634766,,,,,0,31.82278823852539,36.33103942871094,30.861772537231445,44.82502365112305,"1.222,1.057,1.251,0.757,0.567,0.702,0.771,0.603",449.0004577636719,536.9927978515625,"87.72,527,859.4,325,419.2,320.7,611.8,441.2",34.935890197753906,38.369903564453125,"31.4,35.24,42.72,31.89,36.54,28.12,34.6,38.97","5.976,6.319,7.885,4.722,4.837,4.013,5.478,4.997","5.405,6.146,7.05,5.426,6.426,4.787,6.238,6.433",56,0.025701822713017464,57,0.021664129570126534,"208,844,483,591,56,570,386,757",0.9948848485946655,0.4439174234867096,0.4056919813156128,"0.607,0.503,0.76,0.55,0.792,0.528,0.717,0.58","11.1,10.6,8.81,8.06,7.59,5.94,5.81,5.34","-0.0361,-0.0242,0.00946,-0.00485,0.0623,-0.051,-0.0232,0.0374","-0.0519,0,0,0,0.0519,-0.0519,0,0.0519","-0.0511,-0.043,0,0,0.0519,-0.065,-0.0294,0.034",0.181640625,0.2075892984867096,1,0.7754073143005371,0.26475751399993896
5,k_proj,gptq,128,896,0,0.002345493861607143,0.0015345982142857143,2.8816208150637976,0.038361920119414826,7.68476676940918,5.254720211029053,6.64482307434082,14.187477111816406,13.167215347290039,15.745634078979492,0.8257990479469299,2.8710761070251465,0.23629823327064514,"208,591,56,494,173,483,757,559,62,646,844,263,709,70,53,570",82.67166900634766,,,,,0,6.502480506896973,8.04105281829834,6.611108779907227,8.688899993896484,"1.292,0.674,1.306,0.589,0.362,1.044,0.897,0.684",449.0004577636719,536.9927978515625,"87.72,527,859.4,325,419.2,320.7,611.8,441.2",34.935890197753906,38.369903564453125,"31.4,35.24,42.72,31.89,36.54,28.12,34.6,38.97","2.688,2.433,3.488,1.983,2.109,2.388,2.541,2.485","2.364,2.964,3.051,2.583,3.503,2.338,2.683,3.005",24,0.05655764043331146,28,0.08312547951936722,"208,844,483,591,56,570,386,757",1.1735073328018188,0.3271484375,0.2666015625,"0.287,0.419,0.395,0.425,0.363,0.368,0.424,0.4","11.1,10.6,8.81,8.06,7.59,5.94,5.81,5.34","0.00372,0.0337,0.0337,0.00824,-0.0679,0.0322,0.0801,0.00739","0,0.0396,0.0396,0,-0.0792,0.0396,0.0792,0","0,0.0296,0.0315,0,-0.0776,0.0333,0.0946,0",0.138671875,0.1584821492433548,1,0.5015804767608643,0.5720721483230591
5,v_proj,gptq,128,896,0,0.0017874581473214285,0.00146484375,0.9022908974038728,0.02290541829637953,3.4917073249816895,2.6164538860321045,2.693206787109375,6.0870208740234375,4.34132194519043,7.119533538818359,0.8257990479469299,0.898224949836731,0.11881153285503387,"208,483,646,559,56,591,62,757,173,263,709,494,70,53,570,777",82.67166900634766,,,,,0,2.048758029937744,3.357097625732422,2.2197928428649902,3.751774311065674,"0.680,0.721,0.903,0.463,0.530,0.512,0.564,0.417",449.0004577636719,536.9927978515625,"87.72,527,859.4,325,419.2,320.7,611.8,441.2",34.935890197753906,38.369903564453125,"31.4,35.24,42.72,31.89,36.54,28.12,34.6,38.97","1.094,1.65,2.05,1.18,1.411,1.073,1.44,1.29","1.327,1.942,2.157,1.733,1.938,1.499,1.917,1.998",106,0.07364089787006378,103,0.057917769998311996,"208,844,483,591,56,570,386,757",0.5641354322433472,0.765625,0.8330078125,"0.0701,0.0545,0.0886,0.0468,0.047,0.119,0.0783,0.103","11.1,10.6,8.81,8.06,7.59,5.94,5.81,5.34","-0.00323,-0.00124,0.0104,-0.00555,-0.000364,0.00977,-0.0061,-0.00345","0,0,0.0177,0,0,0.0177,-0.0177,0","0,0,0.0146,0,0,0,0,0",0.07275390625,0.070870541036129,1,0.3829929232597351,0.22275416553020477
5,o_proj,gptq,896,896,0,0.0022520727040816328,0.0014910016741071428,8.911995318022491,0.03437953101686706,26.584585189819336,16.153852462768555,0.4734486937522888,1.1946403980255127,0.62141352891922,1.088046669960022,0.6396801471710205,8.899328231811523,0.02995341084897518,"449,641,513,577,717,182,845,769,584,54,621,634,374,589,833,246",19.537099838256836,,,,,0,0.20437076687812805,0.3897612988948822,0.3084956407546997,0.5832350254058838,"0.121,0.341,0.612,0.546,0.451,0.559,0.691,0.502",343.81365966796875,463.5843811035156,"32.57,122.7,369.6,192.3,161.7,369.7,898.9,603",4.6771345138549805,5.774140357971191,"3.519,3.554,4.856,3.759,4.071,4.758,6.247,6.654","0.1623,0.2716,0.5149,0.3515,0.357,0.4502,0.6741,0.6014","0.4673,0.4653,0.6582,0.4759,0.5316,0.6023,0.8108,0.8489",35,0.024072086438536644,490,0.034577131271362305,"653,717,637,615,781,580,598,461",0.5079085826873779,0.3670479953289032,0.4015067219734192,"0.66,0.441,0.497,0.494,0.408,0.526,0.5,0.27","0.75,0.734,0.734,0.723,0.707,0.699,0.691,0.594","-0.012,0.041,-0.0289,-0.0112,0.00343,0.00394,0.00446,-0.00671","0,0,0,0,0,0,0,0","-0.023,0.046,-0.0218,-0.0218,0,0,0,-0.0104",0.240234375,0.2059151977300644,1,0.05538684129714966,0.007987899705767632
5,gate_proj,gptq,4864,896,0,0.002138754478970865,0.00145750117481203,44.96567702517416,0.017410967554420873,198.928955078125,157.13314819335938,237.51634216308594,574.8963623046875,427.93212890625,571.343505859375,0.6376128196716309,44.786163330078125,0.26941943168640137,"62,208,570,262,53,450,646,697,728,757,70,801,263,35,67,58",177.34429931640625,,,,,0,262.20770263671875,334.7411804199219,193.15382385253906,273.9928894042969,"0.976,0.897,0.980,0.575,0.689,0.483,0.737,0.575",504.71795654296875,584.2682495117188,"89.64,623.6,898.7,372,453,411.6,679.1,510",42.16650390625,38.702693939208984,"64.17,35.8,44.48,33.65,36.23,42.64,40.78,39.58","26.81,14.32,18.75,10.92,12.61,12.63,14.63,13.03","27.14,15.12,18.94,14.4,15.19,18.17,17.04,17.18",859,0.00413557467982173,1872,0.0052919103763997555,"208,570,262,373,58,757,646,483",0.24281847476959229,0.31136924028396606,0.3007555603981018,"2.53,2.11,2.38,1.77,1.84,1.61,1.98,1.54","10.4,10.3,6.59,4.59,4.38,3.67,3.58,3.28","0.129,-0.00368,0.0703,0.00346,-0.0227,0.0479,0.0179,0.0645","0.11,0,0.0737,0,-0.0368,0.0737,0.0368,0.0737","0.11,0,0.0608,0,-0.022,0.0402,0.0201,0.0749",0.12890625,0.11578553915023804,1,0.8108369708061218,0.39179569482803345
5,up_proj,gptq,4864,896,0,0.0021213158628994363,0.0014074798813439849,19.18162332980245,0.014964439075656467,97.09898376464844,79.61767578125,117.23785400390625,246.09022521972656,192.8553466796875,252.43458557128906,0.6376128196716309,19.134130477905273,0.2061944603919983,"62,208,262,570,53,450,646,697,728,757,70,801,263,35,67,578",177.34429931640625,,,,,0,109.41490936279297,147.1065673828125,91.26106262207031,123.17460632324219,"0.814,0.893,0.941,0.615,0.682,0.510,0.745,0.610",504.71795654296875,584.2682495117188,"89.64,623.6,898.7,372,453,411.6,679.1,510",42.16650390625,38.702693939208984,"64.17,35.8,44.48,33.65,36.23,42.64,40.78,39.58","15.49,9.649,12.53,7.574,8.596,8.473,10.05,9.016","17.16,10.21,12.92,9.66,10.41,11.86,11.64,11.54",308,0.004579140804708004,3580,0.0037201412487775087,"208,570,262,373,58,757,646,483",0.1784919649362564,0.5294253826141357,0.5805150270462036,"0.527,0.433,0.452,1.08,0.958,0.992,0.881,1.1","10.4,10.3,6.59,4.59,4.38,3.67,3.58,3.28","-0.00507,-0.00101,0.00385,0.0179,-0.0184,-0.0129,0.0245,-0.0148","0,0,0,0.0128,-0.0128,-0.0128,0.0257,-0.0128","0,0,0,0.0165,-0.0135,-0.014,0.028,-0.0151",0.057861328125,0.06479489058256149,1,0.5816575288772583,0.27451851963996887
5,down_proj,gptq,896,4864,0,0.0020201259985902255,0.001388664532424812,44.25928962141825,0.03654520085871283,124.53240966796875,79.19752502441406,1.7939362525939941,3.980053186416626,3.246347427368164,5.55430793762207,0.9371996521949768,44.15428924560547,0.1412404626607895,"956,2706,4372,4099,2171,347,4847,1890,3117,4207,1526,533,1224,2234,3105,174",366.6976013183594,,,,,0,1.657273769378662,6.429933071136475,2.0243330001831055,2.1872353553771973,"0.011,0.786,0.835,0.355,0.747,0.805,0.743,0.964",4026.38623046875,4929.310546875,"168.3,3551,7084,1829,3908,1658,3934,1.008e+04",16.378576278686523,11.621542930603027,"50.08,9.841,13.8,10.33,11,8.524,11.25,16.2","0.6106,1.156,1.607,0.8641,1.221,1.014,1.272,2.02","5.904,1.304,1.759,1.449,1.414,1.13,1.475,2.057",62,0.03348775953054428,490,0.021483002230525017,"2706,1224,3906,3021,2284,1148,186,1879",0.4849487543106079,0.4160156548023224,0.4197823703289032,"0.512,0.395,0.508,0.356,0.555,0.522,0.455,0.436","3.2,2.83,2.16,1.81,1.73,1.29,1.15,1.14","0.0811,0.00307,-0.0137,-0.00204,0.0233,-0.0153,0.0199,0.0121","0.145,0,-0.0432,0,0.024,0.0185,0,0","0.0695,0,-0.0154,0,0.0243,-0.0205,0.0143,0.0116",0.5078125,0.4352678954601288,1,0.2235022783279419,0.010856044478714466
6,q_proj,gptq,896,896,0,0.0021113181600765306,0.0015059490593112245,15.52479949768167,0.03674803920115632,43.07117462158203,28.890756607055664,24.890222549438477,65.45426940917969,48.618980407714844,74.34825897216797,0.8184603452682495,15.529088020324707,0.24588270485401154,"208,62,591,494,56,757,173,844,559,709,646,285,459,570,483,263",103.92527770996094,,,,,0,30.795207977294922,40.220916748046875,22.158578872680664,39.62200927734375,"1.065,0.850,1.123,0.477,0.643,0.364,0.524,0.593",462.70068359375,603.8861694335938,"82.48,482.5,811.2,265,396,332.1,546.7,785.6",34.4976806640625,34.437156677246094,"47.3,31.72,37.83,27.73,31.98,33.01,32.8,33.6","8.738,5.393,7.256,3.414,4.54,3.599,4.411,4.858","8.466,5.848,6.846,4.944,5.663,5.966,6.094,6.307",537,0.035447146743535995,28,0.025002053007483482,"208,844,483,591,570,757,386,56",0.8605648279190063,0.5037667751312256,0.4868861734867096,"0.53,0.446,0.714,0.528,0.411,0.491,0.636,0.719","11.3,10.1,6.88,6.72,6.28,5.53,4.94,4.69","-0.0476,-0.0762,-0.0203,-0.0131,-0.0215,-0.000178,0.0957,-0.186","-0.0667,-0.0667,-0.0667,0,0,0,0.133,-0.2","-0.0363,-0.0833,0,0,-0.0304,0,0.096,-0.159",0.2333984375,0.2000558227300644,3,0.8547930121421814,0.04224756732583046
6,k_proj,gptq,128,896,0,0.002415248325892857,0.0015694754464285715,3.618930907219692,0.03943547914555109,9.748538970947266,6.598842620849609,5.657038688659668,14.767549514770508,11.521526336669922,15.720161437988281,0.8184603452682495,3.5655832290649414,0.23309484124183655,"208,62,591,56,494,757,844,173,570,559,646,709,483,70,263,648",103.92527770996094,,,,,0,6.94489860534668,8.424081802368164,5.742178440093994,8.173233032226562,"1.173,0.976,1.477,0.429,0.595,0.361,0.504,0.657",462.70068359375,603.8861694335938,"82.48,482.5,811.2,265,396,332.1,546.7,785.6",34.4976806640625,34.437156677246094,"47.3,31.72,37.83,27.73,31.98,33.01,32.8,33.6","4.118,2.606,3.554,1.499,2.131,1.725,2.071,2.264","3.802,2.638,2.925,2.288,2.764,2.87,2.918,2.792",88,0.09883657842874527,126,0.07770802825689316,"208,844,483,591,570,757,386,56",0.8540343642234802,0.4384765625,0.419921875,"0.293,0.413,0.31,0.357,0.324,0.352,0.315,0.306","11.3,10.1,6.88,6.72,6.28,5.53,4.94,4.69","0.0226,-0.00284,0.0417,-0.00252,0.0427,-0.00583,0.01,0.00458","0.0441,0,0.0441,0,0.0441,0,0,0","0.0393,0,0.0399,0,0.0508,0,0,0",0.19140625,0.2131582349538803,1,0.6700464487075806,0.16868722438812256
6,v_proj,gptq,128,896,0,0.00225830078125,0.0015956333705357143,0.9570951724354018,0.03238932822811702,2.8439602851867676,1.9200516939163208,1.586932897567749,4.527316570281982,3.0714826583862305,5.084280967712402,0.8184603452682495,0.9427762031555176,0.2080642431974411,"208,62,56,591,757,844,646,494,559,709,173,263,570,483,53,70",103.92527770996094,,,,,0,1.7559998035430908,2.7754712104797363,1.5314723253250122,2.6913492679595947,"0.916,0.715,0.853,0.460,0.400,0.309,0.583,0.561",462.70068359375,603.8861694335938,"82.48,482.5,811.2,265,396,332.1,546.7,785.6",34.4976806640625,34.437156677246094,"47.3,31.72,37.83,27.73,31.98,33.01,32.8,33.6","2.017,1.219,1.594,0.8615,0.9603,0.9288,1.302,1.315","2.108,1.442,1.726,1.271,1.519,1.67,1.705,1.755",85,0.053231850266456604,66,0.08856524527072906,"208,844,483,591,570,757,386,56",1.09775710105896,0.56640625,0.5537109375,"0.125,0.102,0.137,0.0849,0.188,0.125,0.17,0.0997","11.3,10.1,6.88,6.72,6.28,5.53,4.94,4.69","0.0234,-0.00772,0.00516,0.00308,0.0393,-0.00525,-0.0125,-0.00571","0.0271,-0.0135,0,0,0.0406,0,-0.0135,0","0.0311,0,0,0,0.0382,0,-0.0162,0",0.06982421875,0.07737471908330917,1,0.2215641885995865,0.040139950811862946
6,o_proj,gptq,896,896,0,0.002250827088647959,0.0014150191326530613,10.912283695142833,0.04454234416989474,29.960172653198242,16.280715942382812,0.30445998907089233,1.1299102306365967,0.4378044009208679,1.0859267711639404,0.5981346368789673,10.856891632080078,0.053623348474502563,"806,8,678,742,200,136,550,614,392,328,486,870,264,503,619,72",24.76997184753418,,,,,0,0.16556057333946228,0.5187097191810608,0.26614832878112793,0.6117706298828125,"0.072,0.179,0.261,0.372,0.219,0.381,0.226,0.543",245.78958129882812,522.361328125,"58.88,130.2,179.1,246.1,133.7,362.2,216,640.1",5.353264808654785,5.991416931152344,"5.511,5.033,5.224,4.904,4.708,5.513,4.794,7.139","0.1924,0.281,0.3452,0.3785,0.2887,0.4391,0.2997,0.7616","0.7173,0.6645,0.6764,0.6206,0.6167,0.711,0.6306,1.033",490,0.0533679723739624,694,0.031134353950619698,"8,328,200,742,136,806,72,392",1.229120135307312,0.4185267984867096,0.4412667751312256,"0.314,0.447,0.517,0.41,0.354,0.312,0.712,0.699","1.38,1.23,1.21,1.09,1.04,0.973,0.953,0.891","-0.0723,0.0288,-0.0708,0.0811,-0.0442,-0.158,-0.0762,0.0845","-0.122,0,-0.122,0.122,0,-0.122,-0.122,0.122","-0.0854,0.0391,-0.0809,0.0942,-0.0405,-0.136,-0.0854,0.0809",0.427734375,0.4888392984867096,1,0.06669396162033081,0.018727676942944527
6,gate_proj,gptq,4864,896,0,0.0021346242804276315,0.0015251905398261279,38.50206553391763,0.018296964022819696,167.5689697265625,133.21453857421875,134.1639862060547,309.8416748046875,242.68875122070312,311.9716796875,0.6854651570320129,38.300994873046875,0.20164267718791962,"62,208,570,262,646,757,53,450,728,263,70,578,697,773,67,373",182.4744415283203,,,,,0,137.09228515625,175.44021606445312,123.67060089111328,162.4583282470703,"0.958,0.792,1.225,0.463,0.653,0.432,0.660,0.749",547.374755859375,724.7554931640625,"89.54,574.6,972.8,318.1,460.6,407.5,640.9,915",33.489620208740234,32.79475021362305,"46.91,28.69,34.17,26.91,29.28,33.19,33.17,35.6","17.55,10.03,14.83,7.266,9.306,8.47,10.4,12.22","17.93,11.27,13.39,10.67,11.52,12.89,12.8,14.12",2833,0.00617593340575695,2833,0.006041691172868013,"570,208,262,646,62,483,757,373",0.20524728298187256,0.3100842833518982,0.3032483458518982,"1.92,1.73,2.02,1.72,1.75,1.39,1.52,1.61","7.78,6.5,4.81,4.28,4.16,3.91,3.61,3.3","-0.00461,-0.0381,-0.0248,-0.0214,0.0227,0.0493,0.0461,-0.00638","0,0,0,0,0,0.0926,0,0","0,0,-0.0393,0,0.028,0.0647,0.082,0",0.32421875,0.27997031807899475,1,0.7312983274459839,0.89532071352005
6,up_proj,gptq,4864,896,0,0.0020662465489896618,0.0014118395353618421,23.802773401293962,0.01608782746234311,114.34469604492188,93.52784729003906,92.41232299804688,193.65655517578125,158.6601104736328,206.09133911132812,0.6854651570320129,23.750492095947266,0.16236379742622375,"62,208,570,262,646,757,450,53,728,263,70,697,578,773,67,373",182.4744415283203,,,,,0,86.30897521972656,114.762451171875,85.45399475097656,110.09906005859375,"0.830,0.779,1.104,0.524,0.636,0.430,0.693,0.819",547.374755859375,724.7554931640625,"89.54,574.6,972.8,318.1,460.6,407.5,640.9,915",33.489620208740234,32.79475021362305,"46.91,28.69,34.17,26.91,29.28,33.19,33.17,35.6","12.89,8.134,11.46,6.059,7.503,6.905,8.818,10.41","14.15,9.218,10.91,8.368,9.412,10.53,10.59,11.5",2814,0.005166171584278345,1590,0.005285424645990133,"570,208,262,646,62,483,757,373",0.17295372486114502,0.5672029256820679,0.6256938576698303,"0.503,0.807,0.554,0.922,0.501,1.12,1.05,1.14","7.78,6.5,4.81,4.28,4.16,3.91,3.61,3.3","-0.014,-0.0227,0.00427,0.00406,0.0129,0.0356,-0.00977,-0.00903","0,0,0,0,0,0.0536,0,0","0,-0.0336,0,0.00722,0.0101,0.0354,-0.00722,-0.00984",0.1875,0.2142857313156128,1,0.5393050909042358,0.11289820820093155
6,down_proj,gptq,896,4864,0,0.0020244856526080825,0.0014368501820958646,43.48145266251413,0.030976539163819317,137.39920043945312,94.17721557617188,1.7786400318145752,3.557342529296875,3.2349038124084473,3.7532424926757812,0.7641903162002563,43.406402587890625,0.07648792862892151,"3856,3092,1590,378,4497,1845,1506,1073,4778,1695,1811,3255,3733,1488,435,4111",75.2399673461914,,,,,0,1.365760326385498,1.8635426759719849,2.0528724193573,2.2448346614837646,"0.079,0.934,0.863,0.611,0.722,0.691,0.777,0.797",3347.847412109375,5196.662109375,"154.3,2892,6603,1831,3230,2002,4364,5708",9.550004959106445,10.710809707641602,"7.478,8.267,12.09,7.933,9.192,8.346,11.3,11.79","0.2925,1.089,1.583,0.864,1.114,0.9502,1.439,1.479","1.039,1.127,1.705,1.105,1.311,1.143,1.632,1.657",557,0.011441849172115326,490,0.018119584769010544,"1894,1987,3775,2918,4755,2032,3993,948",0.2570713758468628,0.3759765923023224,0.3766741156578064,"0.513,0.527,0.517,0.515,0.498,0.552,0.576,0.459","2.7,1.39,1.21,1.2,1.12,1.07,1.05,1.02","0.0083,-0.00616,0.0138,0.0168,0.00848,-0.00302,-0.0179,-0.00928","0.0163,-0.0129,0.0154,0.0133,0,0,-0.0149,-0.0146","0.0143,0,0.014,0.0142,0.0165,0,-0.0144,-0.0132",0.1064453125,0.09074045717716217,1,0.11916238069534302,0.007946138270199299
7,q_proj,gptq,896,896,0,0.002143704161352041,0.0014835279815051021,16.90867664736288,0.040289436701228004,44.640472412109375,29.984981536865234,30.4191951751709,91.90818786621094,66.7021484375,95.14790344238281,0.755246639251709,16.78485107421875,0.23078563809394836,"208,646,591,570,56,757,494,559,285,459,624,173,709,483,263,262",194.29641723632812,,,,,0,32.56965255737305,41.94757843017578,30.10010528564453,50.52983856201172,"1.240,0.783,1.397,0.441,0.591,0.534,0.579,0.617",472.9429931640625,623.6326904296875,"91.82,513,857.7,330.2,426.7,359.6,514,690.5",36.17845916748047,39.81206512451172,"25.12,38.08,42.28,34.8,36.71,35.51,36.81,40.12","4.997,6.203,9.014,4.014,4.876,4.629,5.088,5.353","4.487,7.01,7.625,6.047,6.344,6.337,6.688,6.817",498,0.04183701053261757,533,0.02028621919453144,"208,570,483,56,646,386,757,591",0.9111946225166321,0.452427476644516,0.4433594048023224,"0.553,0.428,0.695,0.711,0.578,0.631,0.573,0.484","12.9,10.2,8.31,7.72,6.84,6.53,6.41,6.22","-0.0107,-0.00488,-0.0192,0.0104,0.00616,-0.0251,-0.015,0.00014","0,0,0,0,0,0,0,0","0,0,0,0,0,-0.0458,0,0",0.2099609375,0.204241082072258,1,0.9973129034042358,0.6339023113250732
7,k_proj,gptq,128,896,0,0.001953125,0.0014910016741071428,4.488472864897631,0.050438773713356595,11.037750244140625,7.334177017211914,7.714936256408691,22.01593017578125,18.15089225769043,22.82720375061035,0.755246639251709,4.517912864685059,0.24039794504642487,"208,646,591,757,570,56,559,494,173,262,709,218,483,781,784,541",194.29641723632812,,,,,0,8.247444152832031,9.94805908203125,7.8750410079956055,12.378852844238281,"0.950,1.026,1.687,0.533,0.602,0.597,0.641,0.543",472.9429931640625,623.6326904296875,"91.82,513,857.7,330.2,426.7,359.6,514,690.5",36.17845916748047,39.81206512451172,"25.12,38.08,42.28,34.8,36.71,35.51,36.81,40.12","2.224,2.869,4.638,2.143,2.571,2.504,2.635,2.621","2.282,2.832,3.571,2.936,3.313,3.241,3.293,3.559",86,0.16215673089027405,121,0.10888760536909103,"208,570,483,56,646,386,757,591",1.0981897115707397,0.3837890625,0.3486328125,"0.341,0.324,0.346,0.302,0.412,0.449,0.423,0.384","12.9,10.2,8.31,7.72,6.84,6.53,6.41,6.22","-0.041,-0.0125,0.00922,0.0143,-0.0796,0.00281,-0.0317,0.0097","-0.0583,0,0,0,-0.0583,0,0,0","-0.0483,0,0,0,-0.0809,0,-0.0405,0",0.2041015625,0.1749441921710968,5,1.035423994064331,0.10568664222955704
7,v_proj,gptq,128,896,0,0.0019444056919642857,0.0013427734375,0.9601923446662113,0.024627702227392783,3.3973870277404785,2.516282081604004,2.0335121154785156,6.535672187805176,3.84757137298584,6.768404006958008,0.755246639251709,0.9325052499771118,0.14500461518764496,"208,646,591,757,570,56,559,218,483,263,494,541,802,784,555,837",194.29641723632812,,,,,0,1.6481258869171143,3.05281400680542,1.9225678443908691,3.575566530227661,"0.727,0.710,0.829,0.392,0.578,0.503,0.466,0.329",472.9429931640625,623.6326904296875,"91.82,513,857.7,330.2,426.7,359.6,514,690.5",36.17845916748047,39.81206512451172,"25.12,38.08,42.28,34.8,36.71,35.51,36.81,40.12","0.9279,1.351,1.728,1.027,1.323,1.193,1.282,1.282","1.088,1.604,1.897,1.641,1.74,1.682,1.878,2.235",81,0.05701709911227226,8,0.05170533061027527,"208,570,483,56,646,386,757,591",0.52950119972229,0.728515625,0.7900390625,"0.0598,0.0612,0.131,0.108,0.111,0.116,0.128,0.0967","12.9,10.2,8.31,7.72,6.84,6.53,6.41,6.22","0.0134,-0.0106,0.00879,0.0703,-0.02,-0.0371,0.0183,0.0374","0.0201,-0.0201,0.0201,0.0603,-0.0201,-0.0402,0.0201,0.0402","0.0184,-0.0149,0.0162,0.0603,-0.0155,-0.0324,0.0155,0.0446",0.0703125,0.07487845420837402,1,0.3159107565879822,0.02452819235622883
7,o_proj,gptq,896,896,0,0.002253318319515306,0.0014150191326530613,8.814965834293389,0.03447106011607502,27.28778839111328,17.160524368286133,0.6342999935150146,1.631720781326294,0.723168671131134,1.441590666770935,0.6952285766601562,8.779016494750977,0.05582804977893829,"355,419,473,163,99,793,729,537,35,227,51,644,5,857,665,452",26.4209041595459,,,,,0,0.24695143103599548,0.5708574056625366,0.29831463098526,0.536371111869812,"0.202,0.308,0.401,0.838,0.840,0.374,0.302,0.384",275.2978210449219,350.898681640625,"20.34,55.09,81.17,361.1,335,774.7,266.5,308.4",5.371636390686035,5.481090545654297,"3.696,3.466,3.419,4.89,4.799,9.564,6.69,6.448","0.2213,0.2568,0.2903,0.5867,0.5561,0.8049,0.467,0.507","0.4919,0.4626,0.4585,0.641,0.6067,1.316,0.8492,0.8184",490,0.09198293834924698,513,0.014774640090763569,"308,35,355,537,163,729,258,793",0.22036616504192352,0.3991350531578064,0.4511719048023224,"0.481,0.268,0.347,0.537,0.555,0.612,0.496,0.336","0.949,0.941,0.891,0.801,0.801,0.777,0.754,0.75","-0.000355,-0.0703,-0.0889,0.262,0.334,0.0118,0.00546,-0.0135","0,0,-0.136,0.272,0.272,0,0,0","0,-0.0645,-0.136,0.224,0.286,0,0,0",0.4765625,0.4084821343421936,1,0.1686665117740631,0.029405362904071808
7,gate_proj,gptq,4864,896,0,0.0021795975534539473,0.0014889365748355264,38.27321467077809,0.019483989360540795,160.1497039794922,127.59648895263672,119.00621032714844,296.5827941894531,229.76458740234375,301.0652160644531,0.7586857676506042,38.06317138671875,0.2050267457962036,"208,62,570,646,262,53,757,263,450,578,559,697,70,67,591,728",189.8809051513672,,,,,0,121.71354675292969,158.6746826171875,116.17384338378906,157.03131103515625,"0.972,0.740,1.314,0.557,0.649,0.484,0.583,0.653",545.6558837890625,718.1608276367188,"95.7,570.2,946.3,413.9,501,474.2,592.8,771.2",32.879703521728516,32.910770416259766,"41.01,29.57,33.89,28.25,30.17,32.13,32.81,35.21","15.16,9.789,14.57,8.108,9.356,8.525,9.651,10.8","15.38,11.38,12.71,10.87,11.61,12.26,12.64,13.37",4461,0.0050817374140024185,2102,0.01246082503348589,"570,208,646,483,757,262,386,373",0.268395334482193,0.33221113681793213,0.32339638471603394,"2.02,1.94,1.88,1.4,1.53,2.09,1.57,1.56","8.62,6.94,5.28,4.88,4.53,4.31,3.94,3.75","-0.0493,0.0835,-0.0737,0.0194,0.0232,0.0615,-0.063,0.0386","-0.0363,0.0725,-0.0725,0.0363,0.0363,0.0725,-0.0725,0.0363","-0.0424,0.096,-0.0865,0,0.0432,0.0725,-0.0792,0.0363",0.16796875,0.18997754156589508,1,0.6669564247131348,0.38153791427612305
7,up_proj,gptq,4864,896,0,0.002136459924224624,0.001457271719337406,26.235526066579496,0.017030384798194152,122.58613586425781,100.32723236083984,92.91653442382812,202.03932189941406,169.7157440185547,220.57298278808594,0.7586857676506042,26.147993087768555,0.160230353474617,"208,62,570,646,262,757,53,263,450,578,559,70,591,697,728,67",189.8809051513672,,,,,0,85.61360931396484,116.59054565429688,89.19976806640625,118.34642791748047,"0.800,0.727,1.175,0.572,0.646,0.523,0.613,0.703",545.6558837890625,718.1608276367188,"95.7,570.2,946.3,413.9,501,474.2,592.8,771.2",32.879703521728516,32.910770416259766,"41.01,29.57,33.89,28.25,30.17,32.13,32.81,35.21","11.65,8.315,12.01,7.012,7.912,7.673,8.446,9.688","13.02,9.75,11.08,9.268,9.841,10.61,10.79,11.56",2300,0.00462994072586298,4338,0.0065726591274142265,"570,208,646,483,757,262,386,373",0.21358919143676758,0.5315583944320679,0.5907432436943054,"0.491,0.711,0.857,1.12,1.01,0.592,1.06,1.16","8.62,6.94,5.28,4.88,4.53,4.31,3.94,3.75","-0.00522,-0.00247,0.0344,0.0669,-0.0173,0.0016,0.0164,0.00391","0,0,0.0382,0.0573,-0.0191,0.0191,0.0191,0","0,0,0.043,0.0631,-0.0215,0,0.0315,0",0.275390625,0.315187931060791,1,0.5383400917053223,0.4154682755470276
7,down_proj,gptq,896,4864,0,0.0020430715460526315,0.0014698917704417294,53.918010676134145,0.03749387915707518,161.302978515625,111.11907196044922,2.0675711631774902,4.146801948547363,4.406044960021973,4.781583786010742,0.38161394000053406,53.63225173950195,0.0833396166563034,"3219,3429,1962,2472,821,382,2523,4034,3212,1364,244,2413,421,2565,1473,4524",25.075807571411133,,,,,0,2.2324628829956055,2.3346781730651855,2.508512020111084,2.646554946899414,"0.149,0.978,1.216,0.818,0.945,0.719,0.783,1.172",4372.1044921875,5458.56591796875,"142.9,4708,8016,2584,4354,3159,3770,8244",9.884481430053711,10.780282974243164,"4.33,9.861,11.2,7.79,9.335,10.98,11.05,14.52","0.2579,1.497,1.829,1.052,1.373,1.423,1.451,2.255","0.6675,1.514,1.658,1.163,1.412,1.678,1.64,2.083",242,0.018941937014460564,420,0.015389914624392986,"2588,2648,1239,3271,586,1028,3594,4401",0.21668727695941925,0.3750000298023224,0.3854631781578064,"0.503,0.57,0.509,0.563,0.525,0.407,0.581,0.546","1.72,1.56,1.45,1.09,1.07,1.02,0.988,0.961","-0.0234,0.0111,-0.008,-0.0193,0.00653,0.0113,-0.00922,-0.0255","-0.0203,0,0,-0.0277,0.0122,0.0181,-0.0137,-0.0203","-0.0177,0.0177,-0.0133,-0.0187,0,0.0145,-0.0172,-0.0296",0.0791015625,0.090401791036129,1,0.1889750212430954,0.11120406538248062
8,q_proj,gptq,896,896,0,0.0021449497767857145,0.0014399314413265306,33.60381495032925,0.06310262396269102,69.78132629394531,36.13349914550781,32.49707794189453,89.59908294677734,85.2967529296875,106.37866973876953,0.7531962394714355,33.55247497558594,0.3311190903186798,"208,5,62,624,646,483,56,570,173,757,285,386,591,459,263,146",185.67698669433594,,,,,0,55.544010162353516,59.13282012939453,38.57504653930664,57.11402130126953,"1.262,0.972,1.830,0.825,0.295,0.481,0.747,0.579",555.757568359375,649.6563110351562,"108.4,795.3,892.1,345.7,526.2,473.9,525.6,778.8",33.65269088745117,34.18305587768555,"39.63,33.66,36.44,28.14,33.43,31.7,31.45,34.78","12.77,6.955,10.49,5.096,4.802,4.499,5.167,5.19","11.37,7.055,7.752,5.612,8.839,6.488,5.979,6.822",222,0.056909047067165375,222,0.3114306628704071,"5,208,56,570,483,386,591,646",1.4584695100784302,0.4831194281578064,0.4938616156578064,"2.62,0.739,0.84,0.646,0.775,0.706,0.857,0.679","12.4,9.5,8.62,8.44,8,6.09,5.75,5.28","-1.31,0.19,0.125,-0.0713,0.127,-0.123,0.0449,-0.148","-1.13,0.375,0,0,0.375,-0.375,0,0","-1.13,0.18,0,-0.0505,0.11,-0.11,0.0505,-0.166",1.3125,1.1250001192092896,1,1.1455512046813965,4.9325385093688965
8,k_proj,gptq,128,896,0,0.002101353236607143,0.0015869140625,4.515543999743386,0.03801434035930713,12.122747421264648,7.814410209655762,5.082212448120117,18.08088493347168,12.281364440917969,20.532642364501953,0.7531962394714355,4.503371715545654,0.20359846949577332,"208,285,62,570,173,5,757,56,591,646,559,459,709,494,483,386",185.67698669433594,,,,,0,8.113349914550781,11.567474365234375,5.012274265289307,11.218620300292969,"1.102,0.835,1.183,0.415,0.564,0.332,0.438,0.522",555.757568359375,649.6563110351562,"108.4,795.3,892.1,345.7,526.2,473.9,525.6,778.8",33.65269088745117,34.18305587768555,"39.63,33.66,36.44,28.14,33.43,31.7,31.45,34.78","3.804,3.486,3.788,1.833,2.497,1.98,2.211,2.353","3.624,3.816,3.483,2.845,3.326,3.436,3.34,3.257",28,0.15344229340553284,29,0.06579357385635376,"5,208,56,570,483,386,591,646",0.9958288073539734,0.4560546875,0.4345703125,"0.127,0.331,0.429,0.344,0.324,0.436,0.464,0.424","12.4,9.5,8.62,8.44,8,6.09,5.75,5.28","-0.0144,-0.0258,0.128,-0.0284,-0.0127,-0.135,0.00479,0.026","0,-0.0499,0.0999,-0.0499,0,-0.15,0,0","0,-0.0499,0.11,-0.0292,0,-0.116,0,0.0366",0.1748046875,0.1997767984867096,1,0.9781144261360168,0.8051537871360779
8,v_proj,gptq,128,896,0,0.0020054408482142855,0.0016043526785714285,1.9991576329066447,0.06544331393937222,4.299569129943848,2.7382826805114746,1.935153841972351,6.3628950119018555,4.94465970993042,7.083652496337891,0.7531962394714355,1.9628751277923584,0.2327502965927124,"208,62,591,559,709,757,646,173,570,56,285,483,494,386,777,263",185.67698669433594,,,,,0,3.2851858139038086,3.703855514526367,1.889456033706665,3.7697787284851074,"1.851,1.230,1.263,0.365,0.477,0.472,0.501,0.546",555.757568359375,649.6563110351562,"108.4,795.3,892.1,345.7,526.2,473.9,525.6,778.8",33.65269088745117,34.18305587768555,"39.63,33.66,36.44,28.14,33.43,31.7,31.45,34.78","2.812,2.155,2.358,1.087,1.337,1.171,1.286,1.474","2.067,1.943,2.099,1.798,1.938,1.705,1.817,1.995",5,0.06620954722166061,12,0.06623523682355881,"5,208,56,570,483,386,591,646",1.501948595046997,0.6611328125,0.59765625,"0.0254,0.139,0.136,0.152,0.166,0.156,0.136,0.18","12.4,9.5,8.62,8.44,8,6.09,5.75,5.28","-0.00101,-0.00751,-0.00122,0.0121,-0.00751,0.0065,0.0132,0.00916","0,0,0,0,0,0,0.0276,0","0,0,0,0.0146,0,0,0.0146,0.0116",0.0966796875,0.1104910746216774,1,0.3441484868526459,0.11621598899364471
8,o_proj,gptq,896,896,0,0.0022059849330357145,0.0014050542091836734,10.873438936600905,0.04577492205396436,27.58325958251953,15.712074279785156,1.0097533464431763,2.778904676437378,1.099560022354126,2.3269309997558594,0.8356422781944275,10.718212127685547,0.04836936295032501,"489,478,500,494,474,452,449,224,490,460,466,509,458,209,463,472",17.363309860229492,,,,,0,0.4567102789878845,0.9819294214248657,0.5686783790588379,1.2737541198730469,"0.299,0.214,0.668,0.483,0.540,0.325,0.446,0.533",275.570556640625,365.149169921875,"40.28,45.47,181.7,381.6,181.5,391.7,580.5,401.7",7.056552886962891,8.206578254699707,"4.477,4.297,6.862,7.094,6.724,8.905,9.204,8.888","0.3146,0.2621,0.8103,0.6787,0.686,0.7053,0.8025,0.8699","0.5758,0.5673,0.9916,0.9764,0.9331,1.238,1.202,1.191",718,0.06832305341959,293,0.03444201499223709,"449,209,228,480,246,470,241,227",0.6883725523948669,0.386021226644516,0.4033203423023224,"0.728,0.524,0.545,0.326,0.606,0.304,0.547,0.533","1.7,1.07,1.06,1.02,0.953,0.902,0.898,0.891","0.229,-0.054,-0.0187,-0.0515,-0.1,0.00537,0.063,0.025","0.286,-0.0954,0,-0.0767,-0.0767,0,0.0954,0","0.191,-0.0463,0,-0.0954,-0.0926,0,0.0463,0.0463",0.333984375,0.2862723171710968,2,0.17930397391319275,0.032156310975551605
8,gate_proj,gptq,4864,896,0,0.0021956594366776315,0.0014905427631578948,44.33735614526586,0.021539402534476643,170.97421264648438,131.72323608398438,103.22433471679688,262.31103515625,208.54931640625,261.25311279296875,0.750650942325592,44.175079345703125,0.18207667768001556,"208,570,62,262,646,53,757,591,559,483,450,263,386,697,276,777",203.38356018066406,,,,,0,119.96292114257812,148.27871704101562,100.50703430175781,134.0216522216797,"0.989,0.865,1.242,0.625,0.703,0.522,0.660,0.690",601.6470947265625,711.7172241210938,"112.3,726.1,910.4,454.4,578.6,544.6,657.8,828.9",31.031139373779297,29.76838493347168,"41.66,28.7,30.12,26.2,28.24,30.15,30.36,32.81","16.06,10.23,12.91,8.16,9.267,8.427,9.604,10.71","16.15,11,11.59,10.32,11.05,11.66,11.82,12.88",993,0.006346560083329678,3727,0.008757485076785088,"570,483,208,646,386,757,56,262",0.24360325932502747,0.3505345284938812,0.34554892778396606,"2.04,1.47,1.93,1.98,1.61,1.52,1.31,2.19","7.66,5.34,4.91,4.62,4.09,3.67,3.34,2.94","-0.185,0.021,0.0366,-0.0325,0.00775,0.011,0.0339,-0.0391","-0.158,0.0527,0.0527,-0.0527,0,0,0.0527,0","-0.158,0.0253,0.0388,-0.0271,0,0,0.0272,-0.0303",0.1845703125,0.1582031399011612,1,0.738237202167511,0.10857616364955902
8,up_proj,gptq,4864,896,0,0.002142655222039474,0.001476087068256579,29.760365164493706,0.01922101637635041,125.9842758178711,100.88603210449219,77.17784881591797,180.62709045410156,146.926025390625,189.67620849609375,0.750650942325592,29.6092529296875,0.1423068344593048,"208,62,570,646,262,53,757,591,483,559,450,263,386,276,697,777",203.38356018066406,,,,,0,80.34882354736328,107.11885070800781,75.55382537841797,97.57366943359375,"0.795,0.798,1.077,0.635,0.685,0.557,0.667,0.725",601.6470947265625,711.7172241210938,"112.3,726.1,910.4,454.4,578.6,544.6,657.8,828.9",31.031139373779297,29.76838493347168,"41.66,28.7,30.12,26.2,28.24,30.15,30.36,32.81","11.88,8.698,10.4,6.852,7.792,7.509,8.276,9.234","13.33,9.739,10.02,8.599,9.415,10.06,10.13,10.85",4362,0.0062348805367946625,7,0.005319688934832811,"570,483,208,646,386,757,56,262",0.19612881541252136,0.5033665895462036,0.5741673707962036,"0.483,1.08,0.862,0.95,1.04,1.08,1.1,0.597","7.66,5.34,4.91,4.62,4.09,3.67,3.34,2.94","-0.0062,0.0359,0.00571,-0.00479,-0.0262,0.00494,-0.0938,0.00861","0,0.0416,0,0,-0.0416,0,-0.0831,0","0,0,0,0,0,0,-0.0804,0",0.265625,0.21678203344345093,2,0.6152663230895996,0.0654064193367958
8,down_proj,gptq,896,4864,0,0.0020233383752349624,0.0014742514244595864,40.222146335396246,0.02818561066742245,135.44631958007812,96.37820434570312,1.4420406818389893,2.794147491455078,2.996793031692505,3.3655738830566406,0.3103058636188507,40.20711135864258,0.06534895300865173,"3387,7,2057,530,3572,4464,220,3838,2564,2316,3730,686,2864,1691,2861,413",19.65619468688965,,,,,0,1.5327385663986206,1.8797338008880615,1.6385787725448608,1.792125940322876,"0.100,0.833,1.101,0.670,1.006,0.777,0.765,0.781",4985.720703125,5254.220703125,"163.1,4117,6749,2428,4995,5234,3660,1.254e+04",9.209163665771484,9.376299858093262,"4.94,9.025,9.685,7.588,8.915,10.28,8.849,14.39","0.2234,1.176,1.396,0.8474,1.263,1.346,1.09,1.888","0.7077,1.289,1.331,1.035,1.26,1.527,1.246,2.136",490,0.03599226474761963,512,0.018781960010528564,"1376,2597,4617,776,4158,2325,415,4646",0.2362222969532013,0.3590959906578064,0.3719308078289032,"0.646,0.391,0.499,0.612,0.565,0.543,0.713,0.573","2.69,1.1,1.05,1.03,1.02,0.984,0.961,0.883","0.00674,-0.0134,-0.22,0.232,-0.0287,-0.134,-0.0349,-0.0771","0,0,-0.196,0.195,-0.065,-0.0982,0,-0.0704","0,0,-0.188,0.199,0,-0.142,-0.0469,-0.0628",0.34375,0.31133341789245605,1,0.2396562248468399,0.13949067890644073
9,q_proj,gptq,896,896,0,0.00213623046875,0.0014847735969387755,16.41260771222278,0.03996454294209207,42.419776916503906,27.88437271118164,50.58123016357422,122.8572998046875,92.88858032226562,127.32231140136719,0.7949289679527283,16.204992294311523,0.20526093244552612,"208,646,483,56,559,591,620,276,781,218,547,494,291,570,837,156",98.68821716308594,,,,,0,42.55356979370117,57.63884735107422,45.07147979736328,69.42062377929688,"0.978,0.692,1.035,0.618,0.616,0.683,0.661,0.750",458.0315246582031,563.0967407226562,"98.28,469.9,667.2,310.3,468,466.2,453.6,730.8",49.415916442871094,55.683921813964844,"18.29,52.96,52.1,50.11,51.85,56.58,57.96,55.47","3.362,7.117,8.668,5.596,6.161,6.05,6.676,7.274","3.4,8.554,8.52,7.118,7.849,7.318,8.21,8.4",474,0.06963296979665756,757,0.02215470001101494,"56,483,606,547,718,291,646,208",0.6724967360496521,0.7307478189468384,0.7328404188156128,"0.696,0.553,0.2,0.679,0.187,0.699,0.453,0.489","14.1,13.4,13.1,10.8,10.2,10.1,10,10","-0.00595,0.0496,-0.0282,-0.0613,0.00308,-0.0236,0.016,0.0165","0,0.0396,-0.0396,-0.0792,0,-0.0396,0,0","0,0.0525,-0.0303,-0.0605,0,-0.0177,0.0271,0",0.138671875,0.1584821492433548,1,1.625720500946045,0.12699349224567413
9,k_proj,gptq,128,896,0,0.002110072544642857,0.0015433175223214285,4.02261954051437,0.05871060157134233,8.697129249572754,5.789185523986816,13.457269668579102,30.727380752563477,23.161331176757812,30.924041748046875,0.7949289679527283,3.957916736602783,0.23382984101772308,"208,646,734,468,96,103,838,606,354,483,836,559,718,745,591,466",98.68821716308594,,,,,0,10.470344543457031,13.819984436035156,13.210529327392578,16.358205795288086,"0.993,0.707,1.001,0.818,0.630,0.653,0.564,0.875",458.0315246582031,563.0967407226562,"98.28,469.9,667.2,310.3,468,466.2,453.6,730.8",49.415916442871094,55.683921813964844,"18.29,52.96,52.1,50.11,51.85,56.58,57.96,55.47","1.355,3.004,3.818,3.604,2.955,3.074,3.116,4.177","1.36,3.573,3.817,3.986,3.723,3.805,4.15,4.464",119,0.09442425519227982,87,0.06387674808502197,"56,483,606,547,718,291,646,208",0.7531839609146118,0.6748046875,0.6689453125,"0.304,0.298,0.523,0.018,0.526,0.0398,0.282,0.237","14.1,13.4,13.1,10.8,10.2,10.1,10,10","0.0227,0.0781,-0.0461,0.00107,0.0337,-0.00135,0.0388,0.00253","0,0.0628,-0.0628,0,0.0628,0,0.0628,0","0.0253,0.0691,-0.0419,0,0.0285,0,0.0285,0",0.2197265625,0.2511160969734192,1,0.9079028367996216,0.5219423770904541
9,v_proj,gptq,128,896,0,0.002101353236607143,0.0015171595982142857,0.8502135561295745,0.023506514694951103,3.095473289489746,2.3289239406585693,2.8594460487365723,7.295112133026123,5.053781509399414,8.449642181396484,0.7949289679527283,0.8305947780609131,0.18736384809017181,"208,646,483,56,591,276,559,494,96,836,468,709,757,173,386,570",98.68821716308594,,,,,0,2.2731733322143555,3.5867457389831543,2.827117919921875,4.939731597900391,"0.875,0.706,0.975,0.508,0.654,0.346,0.515,0.704",458.0315246582031,563.0967407226562,"98.28,469.9,667.2,310.3,468,466.2,453.6,730.8",49.415916442871094,55.683921813964844,"18.29,52.96,52.1,50.11,51.85,56.58,57.96,55.47","0.5676,1.744,1.955,1.322,1.558,1.204,1.472,1.792","0.6069,2.076,1.98,1.854,1.926,2.047,2.05,2.136",66,0.0471336655318737,31,0.12153509259223938,"56,483,606,547,718,291,646,208",0.4432356357574463,0.830078125,0.857421875,"0.109,0.134,0.066,0.0103,0.0535,0.0117,0.1,0.0881","14.1,13.4,13.1,10.8,10.2,10.1,10,10","0.0223,-0.00377,0.013,0.00106,-0.00659,0.00325,-0.00574,0.00577","0.0275,0,0.0137,0,0,0,0,0","0.0158,0,0.011,0,-0.013,0,0,0",0.055419921875,0.0549665205180645,1,0.33818429708480835,0.19260188937187195
9,o_proj,gptq,896,896,0,0.002300651705994898,0.0014573700573979591,8.888511088040332,0.039209312398037724,25.879104614257812,15.347039222717285,0.5312039852142334,2.208599090576172,0.7182856202125549,1.8298804759979248,0.7495124340057373,8.81905460357666,0.06512941420078278,"409,281,705,833,153,683,641,747,345,577,513,25,875,555,217,89",42.66908645629883,,,,,0,0.27976322174072266,0.5648773312568665,0.5377125144004822,1.2528605461120605,"0.210,0.175,0.486,0.395,0.278,0.362,0.346,0.843",206.82713317871094,580.898193359375,"23.65,24.65,171.3,117.3,75.98,332.3,127.7,781.7",5.4682087898254395,8.356618881225586,"4.59,4.359,4.84,4.534,4.328,6.231,4.858,10.01","0.2819,0.2408,0.4711,0.3795,0.3045,0.5472,0.3715,1.098","0.615,0.5761,0.6756,0.6037,0.5772,0.9099,0.6313,1.195",490,0.0369955338537693,490,0.0334080308675766,"281,153,25,409,345,217,117,245",0.8828102350234985,0.417271226644516,0.4811663031578064,"0.401,0.354,0.329,0.334,0.398,0.508,0.423,0.656","1.52,1.48,1.26,1.2,1.16,0.902,0.797,0.75","0.187,0.0723,0.0898,0.0762,0.164,-0.0723,-0.0234,0.0171","0.132,0.132,0.132,0.132,0.132,-0.132,0,0","0.16,0.0642,0.132,0.0879,0.16,-0.0642,0,0.0321",0.4609375,0.3950892984867096,1,0.058564044535160065,0.10549484193325043
9,gate_proj,gptq,4864,896,0,0.0022002485461701127,0.0014843474653430451,37.010746878972896,0.020183618395544334,150.745361328125,119.28164672851562,95.97927856445312,223.9040069580078,193.8743896484375,236.75819396972656,0.7134012579917908,36.816219329833984,0.18670867383480072,"208,570,62,646,262,53,757,483,559,450,263,591,386,697,56,337",170.69154357910156,,,,,0,105.03438568115234,128.6470184326172,101.17127990722656,125.51966094970703,"0.985,0.779,1.076,0.680,0.767,0.636,0.656,0.753",590.8316650390625,770.1414794921875,"112.6,611.3,864.6,415.8,616.6,599.3,599.4,907.1",30.127384185791016,30.41438102722168,"38.9,27.87,31,24.25,27.61,29.5,28.71,33.17","14.39,9.264,11.99,7.379,9.119,8.683,8.707,10.72","14.49,10.5,11.56,8.949,10.41,10.89,10.75,12.36",4597,0.00890535768121481,2508,0.011753352358937263,"570,483,646,208,56,386,757,844",0.3096361756324768,0.3608912527561188,0.3486842215061188,"1.96,1.42,1.77,1.85,1.26,1.53,1.43,1.36","6.62,5,4.69,4.5,3.88,3.73,2.95,2.94","-0.168,-0.0145,-0.0845,0.0986,0.0146,-0.0596,0.0322,0.00218","-0.156,0,-0.0781,0.0781,0,-0.0781,0.0781,0","-0.144,0,-0.0698,0.0942,0,-0.0731,0.0349,0",0.2734375,0.234375,1,0.860508382320404,0.25340139865875244
9,up_proj,gptq,4864,896,0,0.002124757695018797,0.001415510822955827,29.170352450626524,0.019104402971878223,126.36839294433594,102.37612915039062,82.26036071777344,169.5631103515625,156.68038940429688,192.2465362548828,0.7134012579917908,29.057283401489258,0.1436866670846939,"208,62,646,570,262,53,757,483,559,263,450,591,386,697,56,276",170.69154357910156,,,,,0,82.638671875,103.97550964355469,85.1076889038086,105.5315933227539,"0.842,0.798,0.978,0.711,0.807,0.622,0.682,0.832",590.8316650390625,770.1414794921875,"112.6,611.3,864.6,415.8,616.6,599.3,599.4,907.1",30.127384185791016,30.41438102722168,"38.9,27.87,31,24.25,27.61,29.5,28.71,33.17","11.71,8.395,10.4,6.798,8.291,8.031,7.962,10.13","12.76,9.399,10.52,8.061,9.231,10.18,9.641,11.11",4353,0.012303071096539497,1697,0.00592350447550416,"570,483,646,208,56,386,757,844",0.238925963640213,0.5056023597717285,0.5360814332962036,"0.47,1.08,0.902,0.791,1.03,1.01,1.05,1.16","6.62,5,4.69,4.5,3.88,3.73,2.95,2.94","-0.00174,0.0245,-0.0242,0.00659,-0.00549,-0.00169,0.00299,0.0464","0,0.0466,-0.0466,0,0,0,0,0.0466","0,0.0374,0,0,0,0,0,0.0321",0.185546875,0.21879616379737854,1,0.9196391105651855,0.33804500102996826
9,down_proj,gptq,896,4864,0,0.0020272391183035715,0.001430195973331767,45.1621856626125,0.032076992780774576,145.13333129882812,108.484619140625,1.5988554954528809,3.055260181427002,3.584810256958008,3.9166009426116943,0.27850326895713806,44.96910095214844,0.1258542835712433,"3777,608,1208,1712,804,1632,4803,2124,190,647,2962,1697,1186,4188,3841,2697",26.7963924407959,,,,,0,1.6383795738220215,1.8778563737869263,2.375426769256592,2.407479763031006,"0.085,0.847,1.012,0.654,0.940,0.907,0.751,1.000",4149.49365234375,6269.6513671875,"163.7,3084,6516,2101,3996,4121,3219,9997",8.903629302978516,10.369194030761719,"4.997,7.99,10.08,7.24,8.47,10.17,9.046,13.24","0.2243,1.106,1.505,0.8772,1.219,1.454,1.181,1.95","0.7679,1.202,1.496,1.084,1.257,1.527,1.363,1.95",337,0.01748572289943695,585,0.012254460714757442,"3584,4686,401,4424,3113,1033,4055,1514",0.33966419100761414,0.3699776828289032,0.3770926594734192,"0.76,0.533,0.57,0.579,0.405,0.415,0.498,0.892","2.17,1.57,1.42,1.26,1.09,1.03,0.879,0.871","0.0146,-0.00148,0.00427,-0.000197,0.0146,0.0137,-0.00446,0.013","0.0199,0,0.0196,0,0.0199,0,0,0.0172","0,0,0,0,0.0127,0.0232,0,0.0128",0.1240234375,0.12069527804851532,1,0.16117465496063232,0.06181192398071289
10,q_proj,gptq,896,896,0,0.0022147042410714285,0.0014910016741071428,14.704375092522241,0.039863009280195844,38.60861587524414,25.358558654785156,23.258216857910156,65.66834259033203,52.191009521484375,79.76065826416016,0.6991892457008362,14.699936866760254,0.2337867021560669,"208,56,646,591,173,494,648,709,844,712,459,483,285,694,559,276",83.11503601074219,,,,,0,26.04021453857422,40.19251251220703,28.932579040527344,49.328617095947266,"1.169,0.584,0.854,0.439,0.567,0.509,0.359,0.735",496.02386474609375,696.1749267578125,"117.6,496.5,630.8,282.2,576.7,554.7,432.6,877",36.59309768676758,41.10491180419922,"33.51,39.79,37.77,28.59,36.73,37.31,36.88,42.19","6.12,5.197,5.903,3.381,4.861,4.49,3.924,6.197","5.661,6.8,6.386,5.101,6.453,6.295,6.551,7.23",825,0.02804476208984852,229,0.023111479356884956,"56,844,483,646,208,386,570,712",0.93161940574646,0.4695870876312256,0.4751674234867096,"0.629,0.391,0.624,0.523,0.526,0.571,0.434,0.647","13,12.6,7.94,7.47,6.34,5.5,5.34,5.25","-0.0033,0.0106,-0.0167,-0.0129,0.00366,-0.00616,-0.00522,0.0111","0,0,0,0,0,0,0,0","0,0,0,0,0,0,0,0",0.158203125,0.1422242820262909,1,0.8140619397163391,0.41136837005615234
10,k_proj,gptq,128,896,0,0.0022147042410714285,0.0015694754464285715,3.1894812404207187,0.04661326114275168,7.761462688446045,4.800288200378418,4.787247657775879,12.699956893920898,10.13583755493164,14.67547607421875,0.6991892457008362,3.1213579177856445,0.23572631180286407,"208,56,646,173,844,591,709,494,648,712,559,570,483,285,694,276",83.11503601074219,,,,,0,4.807015419006348,7.241473197937012,6.000603675842285,9.232837677001953,"1.064,0.619,0.980,0.483,0.401,0.640,0.452,0.708",496.02386474609375,696.1749267578125,"117.6,496.5,630.8,282.2,576.7,554.7,432.6,877",36.59309768676758,41.10491180419922,"33.51,39.79,37.77,28.59,36.73,37.31,36.88,42.19","2.64,2.385,2.546,1.451,1.901,1.85,1.769,2.655","2.559,3.031,2.572,2.088,3.001,2.313,2.63,3.155",57,0.041318975389003754,127,0.10934342443943024,"56,844,483,646,208,386,570,712",0.9459853172302246,0.3681640625,0.326171875,"0.355,0.414,0.385,0.351,0.339,0.393,0.352,0.369","13,12.6,7.94,7.47,6.34,5.5,5.34,5.25","0.0349,-0.0544,0.0161,-0.022,0.0581,-0.0228,0.0234,-0.0369","0.0272,-0.0544,0.0272,-0.0272,0.0544,-0.0272,0.0272,-0.0272","0.029,-0.0544,0.0158,-0.0165,0.0498,-0.0158,0.0181,-0.0331",0.09521484375,0.0816127210855484,1,0.38636597990989685,0.21605156362056732
10,v_proj,gptq,128,896,0,0.0020839146205357145,0.00146484375,1.7338994539677515,0.03708144207584017,4.861605644226074,3.5810275077819824,3.0389113426208496,7.347151756286621,5.9721479415893555,7.872598648071289,0.6991892457008362,1.7359380722045898,0.1609228104352951,"56,646,208,591,712,648,173,709,483,494,844,559,276,144,694,285",83.11503601074219,,,,,0,2.694869041442871,4.050368309020996,3.8886492252349854,4.68927001953125,"1.236,0.549,0.657,0.706,0.646,0.641,0.308,0.986",496.02386474609375,696.1749267578125,"117.6,496.5,630.8,282.2,576.7,554.7,432.6,877",36.59309768676758,41.10491180419922,"33.51,39.79,37.77,28.59,36.73,37.31,36.88,42.19","1.477,1.599,1.879,1.203,1.696,1.631,1.263,2.171","1.328,2.157,2.319,1.432,2.11,2.037,2.276,2.186",49,0.0709533616900444,62,0.048533517867326736,"56,844,483,646,208,386,570,712",0.6821396350860596,0.8212890625,0.80859375,"0.0803,0.0545,0.128,0.111,0.0709,0.125,0.12,0.142","13,12.6,7.94,7.47,6.34,5.5,5.34,5.25","0.0038,-0.0103,-0.0121,0.00381,0.00246,0.000984,-0.00479,-0.0135","0,0,0,0,0,0,0,-0.025","0,-0.0163,-0.0194,0,0,0,0,-0.0201",0.08740234375,0.07699014991521835,1,0.45182037353515625,0.02649126946926117
10,o_proj,gptq,896,896,0,0.0022358797034438774,0.0014162647480867347,10.386836639620014,0.039131528765756235,30.128108978271484,17.881784439086914,0.9186344146728516,3.2151005268096924,1.043402910232544,2.9845762252807617,0.6984235048294067,10.39022445678711,0.030761178582906723,"399,436,72,8,392,430,388,793,423,264,385,389,400,416,292,420",13.90311050415039,,,,,0,0.29521650075912476,1.3587100505828857,0.7120201587677002,1.6297768354415894,"0.109,0.161,0.183,0.189,0.227,0.252,0.258,0.302",138.00579833984375,486.9425964355469,"53.14,80.43,137.7,91.85,103.1,196.2,240.6,201.1",7.997226238250732,9.139364242553711,"7.159,7.653,8.123,7.288,7.866,8.777,8.773,8.338","0.3378,0.4584,0.5107,0.4367,0.5442,0.6786,0.6271,0.6604","1.021,1.142,1.193,1.005,1.141,1.351,1.234,1.201",694,0.03311946615576744,234,0.015782438218593597,"389,72,264,8,328,793,665,133",0.7862958312034607,0.4354074001312256,0.532784640789032,"0.462,0.491,0.272,0.451,0.395,0.532,0.437,0.291","2.34,1.93,1.73,1.64,1.48,1.43,1.41,1.41","0.0201,0.142,0.0282,-0.11,-0.0153,0.0212,-0.0134,1e-05","0.0405,0.121,0.0405,-0.0809,0,0.0405,-0.0405,0","0.024,0.121,0.0463,-0.121,0,0.019,-0.0176,0",0.162109375,0.1582745760679245,1,0.09903272241353989,0.07362614572048187
10,gate_proj,gptq,4864,896,0,0.0022059849330357145,0.0015024744478383458,41.683079849753994,0.021175805914900623,164.67108154296875,128.84918212890625,88.6075439453125,222.01248168945312,174.5153350830078,219.52359008789062,0.743992805480957,41.44734191894531,0.16859760880470276,"208,570,646,262,62,53,483,559,450,757,591,386,263,697,728,337",189.9053955078125,,,,,0,90.32487487792969,112.32467651367188,95.72755432128906,120.6888427734375,"0.970,0.721,1.063,0.588,0.792,0.644,0.596,0.913",589.48779296875,790.6029052734375,"117.9,597.2,811.9,372.5,644.2,639.6,534.6,998",27.411436080932617,28.46483039855957,"30.02,25.96,28.7,22.46,26.2,28.37,26.83,30.75","11.55,8.622,11.11,6.744,8.984,8.656,8.049,11.21","11.73,10.15,10.77,8.796,10.09,10.78,10.43,11.73",3948,0.014894070103764534,6,0.005670994054526091,"570,483,646,386,56,208,844,757",0.27737849950790405,0.37810957431793213,0.3726100027561188,"1.93,1.37,1.75,1.49,1.27,1.65,1.4,1.42","5.38,5.28,4.59,3.81,3.59,3.5,2.84,2.64","-0.11,0.05,-0.0435,-0.0366,0.0144,0.0292,-0.0376,0.0231","-0.123,0.0617,-0.0617,0,0,0,0,0.0617","-0.0893,0.0617,-0.048,-0.0617,0,0.0438,-0.0444,0",0.2158203125,0.2466517984867096,1,1.0964245796203613,0.5668611526489258
10,up_proj,gptq,4864,896,0,0.002159864382636278,0.0014717274142387218,29.41673832590459,0.019671508536345503,124.72691345214844,99.61105346679688,68.47144317626953,155.18092346191406,129.08453369140625,162.65139770507812,0.743992805480957,29.27365493774414,0.1324608474969864,"208,570,646,62,262,483,559,53,757,450,591,263,386,697,728,337",189.9053955078125,,,,,0,65.41468811035156,84.33102416992188,73.54003143310547,89.82855224609375,"0.832,0.734,0.975,0.597,0.798,0.644,0.617,0.900",589.48779296875,790.6029052734375,"117.9,597.2,811.9,372.5,644.2,639.6,534.6,998",27.411436080932617,28.46483039855957,"30.02,25.96,28.7,22.46,26.2,28.37,26.83,30.75","8.988,7.547,9.391,5.843,7.834,7.648,7.028,9.694","9.856,8.812,9.51,7.562,8.772,9.532,8.947,10.22",3446,0.006857721135020256,1827,0.006149525288492441,"570,483,646,386,56,208,844,757",0.2231837660074234,0.4953227937221527,0.5305561423301697,"0.524,1.07,0.956,1,1.07,0.842,1.16,1.05","5.38,5.28,4.59,3.81,3.59,3.5,2.84,2.64","0.011,-0.0132,-0.0623,0.0145,0.0452,-0.0238,0.0283,-0.0361","0,0,-0.0472,0,0.0472,0,0,-0.0472","0,0,-0.0725,0,0.0324,-0.0282,0.0303,-0.0363",0.2421875,0.27777132391929626,1,0.6487174034118652,0.24172362685203552
10,down_proj,gptq,896,4864,0,0.002026321296405075,0.0014726452361372181,43.28377035456691,0.03215537340942936,136.47320556640625,96.48907470703125,1.216921091079712,2.4510576725006104,2.640807628631592,2.779757261276245,0.4378740191459656,43.12962341308594,0.11376213282346725,"1567,2666,1760,3525,3949,321,69,4422,400,747,540,1398,4337,774,2545,650",35.31190872192383,,,,,0,1.1171259880065918,1.2881786823272705,1.759537935256958,1.6038850545883179,"0.089,0.880,1.103,0.680,0.904,0.870,0.776,0.953",3779.2607421875,6135.04296875,"176,3112,5932,1734,4493,3839,2914,8035",7.694408416748047,9.138648986816406,"4.715,7.257,8.868,6.156,8.006,8.415,7.926,10.21","0.2036,1.001,1.277,0.7275,1.097,1.104,0.9965,1.522","0.6833,1.067,1.216,0.8819,1.154,1.184,1.131,1.559",538,0.020294327288866043,490,0.014185835607349873,"2622,1612,254,287,2313,1165,1304,1792",0.14914938807487488,0.3929966688156128,0.3976004719734192,"0.54,0.639,0.545,0.529,0.555,0.454,0.387,0.333","1.34,0.953,0.883,0.879,0.855,0.855,0.801,0.766","-0.0145,-0.0308,-0.0137,-0.00229,0.000694,0.0162,-0.00516,0.00656","-0.0167,-0.0351,-0.0136,0,0.0151,0.0126,0,0","-0.0142,-0.0312,-0.0156,0,0,0.0145,0,0",0.0751953125,0.07599174976348877,1,0.15630756318569183,0.07221609354019165
11,q_proj,gptq,896,896,0,0.0021125637755102043,0.001486019212372449,17.67055294481179,0.05168773787416567,41.17761993408203,25.781814575195312,58.42298126220703,126.05988311767578,101.90277862548828,133.332275390625,0.7787599563598633,17.426639556884766,0.1792117804288864,"208,646,591,559,483,56,712,494,276,96,709,570,606,218,837,718",67.84259033203125,,,,,0,46.846717834472656,65.16444396972656,54.88203048706055,70.491455078125,"1.273,0.537,0.866,0.618,0.661,0.682,0.658,0.811",420.07366943359375,645.25,"114.4,438,555.2,236.9,499.3,415.7,396.9,704.2",51.61299133300781,56.960357666015625,"29.48,56.68,53.08,48.54,55.39,55.71,58.71,55.33","5.786,6.786,7.885,5.503,6.61,6.609,7.461,7.731","5.129,9.259,8.474,7.001,8.133,8.001,9.198,8.585",895,0.05063425004482269,474,0.025098061189055443,"56,483,606,547,718,386,291,646",0.941353976726532,0.706612765789032,0.7126116156578064,"0.508,0.541,0.19,0.697,0.183,0.484,0.737,0.409","16.2,14.3,13,12.1,11.5,11.2,9.62,9.44","0.0106,0.0547,-0.0386,0.00116,0.0244,-0.0282,0.0125,-0.0513","0,0.0661,-0.0661,0,0,-0.0661,0,-0.0661","0,0.0527,-0.0382,0,0.019,-0.0264,0.0208,-0.0569",0.2314453125,0.1983816921710968,1,1.4873621463775635,0.03554537892341614
11,k_proj,gptq,128,896,0,0.0021885463169642855,0.0014299665178571428,4.1697773388359565,0.0663340409471676,8.723592758178711,5.799629211425781,13.40502643585205,32.33568572998047,22.79902458190918,34.69990539550781,0.7787599563598633,4.120038032531738,0.2180548459291458,"208,646,734,606,466,745,56,712,468,96,559,591,483,293,836,276",67.84259033203125,,,,,0,10.288683891296387,14.857084274291992,12.463403701782227,19.39156723022461,"1.048,0.392,0.990,0.522,0.712,0.489,0.964,0.935",420.07366943359375,645.25,"114.4,438,555.2,236.9,499.3,415.7,396.9,704.2",51.61299133300781,56.960357666015625,"29.48,56.68,53.08,48.54,55.39,55.71,58.71,55.33","1.76,2.856,3.793,2.87,3.386,3.126,3.458,3.904","1.719,4.56,3.812,3.973,4.012,4.471,3.521,4.038",121,0.10231926292181015,94,0.12253455817699432,"56,483,606,547,718,386,291,646",0.9636347889900208,0.65625,0.642578125,"0.294,0.334,0.545,0.0225,0.55,0.289,0.0474,0.272","16.2,14.3,13,12.1,11.5,11.2,9.62,9.44","-0.00558,0.0119,0.0952,-0.00644,0.162,0.0102,0.00258,0.0306","0,0,0.067,0,0.134,0,0,0","0,0,0.0816,0,0.139,0,0,0.0463",0.234375,0.2008928656578064,3,1.0830473899841309,0.4607612192630768
11,v_proj,gptq,128,896,0,0.0022059849330357145,0.0014212472098214285,0.8598576511229794,0.026286162438182346,2.9648189544677734,2.1804847717285156,2.9361448287963867,8.258504867553711,5.298775672912598,8.445655822753906,0.7787599563598633,0.845501184463501,0.1703185737133026,"208,646,483,591,559,56,494,276,848,709,712,209,570,386,648,694",67.84259033203125,,,,,0,2.3279175758361816,3.7709403038024902,3.1143078804016113,4.415771484375,"0.950,0.511,0.628,0.329,0.713,0.648,0.506,0.990",420.07366943359375,645.25,"114.4,438,555.2,236.9,499.3,415.7,396.9,704.2",51.61299133300781,56.960357666015625,"29.48,56.68,53.08,48.54,55.39,55.71,58.71,55.33","0.7833,1.612,1.788,1.15,1.754,1.394,1.469,1.927","0.8037,2.254,2.257,2.005,2.078,1.731,2.064,1.937",92,0.07515926659107208,63,0.06213733181357384,"56,483,606,547,718,386,291,646",0.37644532322883606,0.783203125,0.8271484375,"0.132,0.179,0.0312,0.00698,0.0254,0.135,0.0129,0.118","16.2,14.3,13,12.1,11.5,11.2,9.62,9.44","-0.0134,0.0216,0.00273,-0.000717,-0.00255,-0.0222,-0.000479,-0.00394","-0.0175,0.0175,0,0,0,-0.0175,0,0","-0.0138,0.0193,0,0,0,-0.0193,0,0",0.061279296875,0.0525251105427742,4,0.4809812307357788,0.02571311965584755
11,o_proj,gptq,896,896,0,0.002276985012755102,0.0014748086734693877,8.726703865871968,0.035720104065806994,26.413475036621094,16.772003173828125,0.44757258892059326,2.396300792694092,0.44017744064331055,2.1558074951171875,0.6655457019805908,8.694500923156738,0.0922967717051506,"123,686,315,622,187,59,443,379,251,558,78,814,630,206,83,211",35.36574172973633,,,,,0,0.12025929987430573,1.1313095092773438,0.11085342615842819,0.8347383141517639,"0.086,0.075,0.096,0.065,0.068,0.198,0.141,0.059",95.32621765136719,106.62022399902344,"29.96,24.18,74.27,25.84,24.09,431.2,121.5,31.62",7.3196563720703125,6.6920485496521,"7.78,7.205,6.937,6.545,6.956,9.859,6.55,6.726","0.3357,0.292,0.3162,0.2429,0.2664,0.605,0.3322,0.2408","1.145,1.068,1.02,0.9553,1.019,1.359,0.8842,0.9891",762,0.05716139078140259,669,0.1119099035859108,"123,187,315,443,251,59,379,339",1.8143736124038696,0.4169922173023224,0.4695870876312256,"0.337,0.5,0.315,0.297,0.475,0.565,0.52,0.418","2.88,2.69,2.62,2.58,2.56,2.33,2.16,0.594","-0.00342,-0.000269,0.0103,0.0126,-0.0247,0.0253,0.0112,-0.0226","0,0,0,0,0,0,0,0","0,0,0.0178,0,0,0.0239,0.0178,-0.0178",0.2080078125,0.1782924234867096,1,0.06368452310562134,0.05461231619119644
11,gate_proj,gptq,4864,896,0,0.002193594337406015,0.0014735630580357143,34.802221320715034,0.021140473919139487,139.8889617919922,112.27581024169922,84.52255249023438,198.01641845703125,168.84007263183594,208.53134155273438,0.6703354120254517,34.59992980957031,0.16644403338432312,"208,570,646,62,757,262,483,559,386,53,591,263,450,56,337,276",146.61456298828125,,,,,0,81.75764465332031,104.93814086914062,97.78923797607422,115.27183532714844,"0.959,0.738,0.934,0.582,0.792,0.589,0.593,0.882",563.2774658203125,846.94677734375,"121.7,590.8,767.7,334.7,647.9,533.8,549.2,960.3",28.195762634277344,29.82471466064453,"31.59,27.26,29.52,22.78,27.37,27.72,27.96,31.37","11.1,8.51,10.37,6.334,8.723,7.591,7.858,10.73","11.33,9.904,10.74,8.306,9.803,9.89,10.21,11.43",3995,0.00470960047096014,123,0.01647484116256237,"483,386,570,646,208,56,757,844",0.29043006896972656,0.3698858916759491,0.36610814929008484,"1.36,1.38,1.96,1.63,1.61,1.21,1.29,1.3","5.94,4.88,4.72,4.66,4.22,4.09,3.2,3.16","-0.11,0.0688,0.0122,-0.00307,0.0176,0.0918,-0.00766,-0.0466","-0.113,0.0566,0,0,0,0.113,0,-0.0566","-0.119,0.0597,0,0,0.0279,0.109,0,-0.0502",0.208984375,0.1780848354101181,1,0.598663330078125,0.46614620089530945
11,up_proj,gptq,4864,896,0,0.002155963639567669,0.001434326171875,29.22080910441582,0.01952800861007139,125.24347686767578,102.09364318847656,77.3449478149414,161.1864013671875,148.3599395751953,177.01693725585938,0.6703354120254517,29.11383819580078,0.13149794936180115,"208,646,570,62,757,483,386,559,591,262,53,263,56,450,276,337",146.61456298828125,,,,,0,70.19668579101562,88.7561264038086,87.30048370361328,99.24585723876953,"0.794,0.728,0.925,0.585,0.792,0.626,0.686,1.047",563.2774658203125,846.94677734375,"121.7,590.8,767.7,334.7,647.9,533.8,549.2,960.3",28.195762634277344,29.82471466064453,"31.59,27.26,29.52,22.78,27.37,27.72,27.96,31.37","9.439,7.89,9.456,5.891,8.156,7.267,7.557,10.47","10.6,9.245,9.833,7.703,9.162,9.186,9.126,10.23",1086,0.009554479271173477,4282,0.007635881192982197,"483,386,570,646,208,56,757,844",0.24558775126934052,0.5052168965339661,0.5433799624443054,"1.03,0.975,0.496,0.873,0.774,1.06,0.992,1.13","5.94,4.88,4.72,4.66,4.22,4.09,3.2,3.16","-0.0306,-0.0369,0.00964,0.0156,0.0342,-0.00879,0.0459,0.00928","0,-0.0848,0,0,0,0,0.0848,0","-0.0466,-0.0466,0.0179,0.0131,0.0335,-0.0114,0.0393,0.0179",0.296875,0.3392857313156128,1,0.7971805930137634,0.07363273203372955
11,down_proj,gptq,896,4864,0,0.002048349021968985,0.001449240777725564,63.68596493481073,0.045541747877266434,164.63815307617188,106.31969451904297,1.737127423286438,3.312171459197998,3.592071294784546,3.6272172927856445,0.8968253135681152,63.636322021484375,0.3974107801914215,"3660,2542,3599,2308,1911,3900,2965,2594,3706,2666,4052,2506,289,1366,3489,4231",82.15110778808594,,,,,0,1.5568821430206299,1.5355565547943115,2.266875743865967,2.267828941345215,"0.086,1.233,1.348,0.533,1.112,0.879,0.670,1.442",3296.41796875,5464.2900390625,"179,3138,4161,1228,4829,2867,2716,7253",8.46993637084961,10.275540351867676,"5.304,8.369,8.495,6.761,9.183,9.484,9.011,11.15","0.2303,1.292,1.384,0.7763,1.389,1.237,1.113,1.875","0.7841,1.163,1.192,1.063,1.317,1.32,1.36,1.562",354,0.028423909097909927,96,0.019593218341469765,"1920,1735,3706,884,1878,3214,3705,2506",0.30924174189567566,0.538644015789032,0.5106027126312256,"0.757,0.517,0.611,0.49,0.43,0.548,0.422,0.611","2.61,2.02,1.57,1.17,1.15,1.1,1.05,1.02","-0.0388,-0.0171,0.0884,0.0231,-0.0352,0.0105,0.0109,-0.21","-0.0742,-0.0197,0.0737,0.027,-0.0371,0,0.027,-0.221","-0.0265,-0.0187,0.0758,0.0285,-0.0639,0,0,-0.18",0.2578125,0.2946428656578064,1,0.23409438133239746,0.11314205825328827
12,q_proj,gptq,896,896,0,0.0021748445471938774,0.0014685805963010204,13.99163670741109,0.037654103987851434,37.48005676269531,24.561098098754883,24.682743072509766,61.94771194458008,53.19707107543945,74.31425476074219,0.6897287964820862,14.023544311523438,0.2092336267232895,"208,56,591,646,494,173,709,459,694,624,559,648,483,285,712,570",57.46745300292969,,,,,0,25.308731079101562,38.16100311279297,32.224361419677734,41.1956787109375,"1.014,0.671,0.745,0.363,0.743,0.466,0.416,0.766",512.789306640625,748.53564453125,"130.5,604.8,652.5,239.8,658.5,508.7,473.6,833.9",37.552528381347656,38.845699310302734,"39.76,40.12,38.12,29.35,37.04,37.2,37.82,41.01","6.371,5.258,5.401,3.012,5.22,4.125,4.189,5.846","6.326,6.419,6.259,4.999,6.056,6.041,6.491,6.678",545,0.0279996395111084,217,0.030963385477662086,"56,483,646,208,386,844,455,687",0.5016915202140808,0.435825914144516,0.4489397406578064,"0.681,0.644,0.516,0.547,0.572,0.435,0.638,0.447","13.7,7.91,7.19,6.25,5.94,5.88,5.12,4.97","0.000446,0.0396,-0.0117,-0.0278,0.0981,-0.0344,-0.00449,-0.0187","0,0.0631,0,0,0.0631,-0.0631,0,0","0,0.028,-0.0229,-0.0282,0.0841,-0.0432,0,-0.0229",0.220703125,0.1891741156578064,1,0.8733959197998047,0.192933589220047
12,k_proj,gptq,128,896,0,0.002345493861607143,0.0013340541294642857,2.7528987574769417,0.04300805479669752,6.951084613800049,4.438973903656006,4.615151405334473,11.824759483337402,9.877653121948242,12.808712005615234,0.6897287964820862,2.727592706680298,0.21510693430900574,"208,646,56,591,494,709,173,483,712,648,559,757,570,694,459,844",57.46745300292969,,,,,0,4.956957817077637,6.685332298278809,5.515111923217773,7.609604835510254,"0.940,0.754,0.942,0.440,0.759,0.614,0.494,0.828",512.789306640625,748.53564453125,"130.5,604.8,652.5,239.8,658.5,508.7,473.6,833.9",37.552528381347656,38.845699310302734,"39.76,40.12,38.12,29.35,37.04,37.2,37.82,41.01","2.541,2.445,2.532,1.337,2.297,1.884,1.839,2.61","2.621,2.816,2.609,2.017,2.636,2.404,2.616,2.869",127,0.06133806332945824,127,0.08935036510229111,"56,483,646,208,386,844,455,687",0.6689804196357727,0.33984375,0.3115234375,"0.363,0.366,0.375,0.286,0.421,0.381,0.348,0.156","13.7,7.91,7.19,6.25,5.94,5.88,5.12,4.97","0.0698,0.0688,-0.0288,0.014,-0.0311,0.000847,-0.0298,-0.0138","0.0804,0.0804,-0.0402,0,-0.0402,0,-0.0402,0","0.0837,0.0787,-0.0388,0,-0.0262,0,-0.0262,0",0.140625,0.1205357238650322,5,0.5688865184783936,0.7880541682243347
12,v_proj,gptq,128,896,0,0.0021798270089285715,0.0014299665178571428,1.6322542091440937,0.040722570292508954,4.2996625900268555,2.8732752799987793,2.8972721099853516,6.4306135177612305,6.179525852203369,7.219773292541504,0.6897287964820862,1.6144905090332031,0.16545873880386353,"208,56,591,646,494,483,709,694,173,559,712,648,276,386,570,830",57.46745300292969,,,,,0,2.620435953140259,3.3681159019470215,4.011213302612305,3.8512446880340576,"1.012,0.718,1.023,0.436,0.714,0.601,0.754,0.952",512.789306640625,748.53564453125,"130.5,604.8,652.5,239.8,658.5,508.7,473.6,833.9",37.552528381347656,38.845699310302734,"39.76,40.12,38.12,29.35,37.04,37.2,37.82,41.01","1.278,1.712,1.973,1.012,1.837,1.434,1.468,1.974","1.27,2.02,1.951,1.532,2.173,1.85,1.691,2.023",55,0.05491110682487488,59,0.08731121569871902,"56,483,646,208,386,844,455,687",0.4442306458950043,0.6962890625,0.6748046875,"0.0873,0.135,0.0943,0.0895,0.11,0.0838,0.175,0.291","13.7,7.91,7.19,6.25,5.94,5.88,5.12,4.97","-0.0104,0.00195,0.00276,-0.00412,-0.0151,0.00964,-0.0133,0.00928","0,0,0,0,-0.0216,0,-0.0216,0","-0.0165,0,0,0,-0.0126,0.0156,-0.0126,0",0.07568359375,0.0648716539144516,7,0.43036672472953796,0.07350105047225952
12,o_proj,gptq,896,896,0,0.002265774473852041,0.0014910016741071428,10.689801014742443,0.04169843893681683,29.024879455566406,16.930822372436523,0.9490138292312622,2.916452169418335,0.8895286917686462,2.268935441970825,0.795502245426178,10.63904857635498,0.04220249876379967,"2,17,10,43,63,21,49,16,26,47,7,46,36,23,9,25",8.22104263305664,,,,,0,0.27111825346946716,0.799848735332489,0.5609461069107056,1.2879559993743896,"0.143,0.302,0.347,0.298,0.445,0.266,0.387,0.393",161.8858642578125,382.152587890625,"38.1,168.1,115.1,81.05,122.6,201.1,343.1,226",6.491372108459473,8.588977813720703,"4.345,6.848,5.769,5.21,6.617,7.956,8.107,7.079","0.2159,0.5325,0.4669,0.3719,0.6002,0.5435,0.7054,0.5737","0.5704,0.9683,0.7931,0.6812,0.8995,1.054,1.134,0.9157",838,0.028778379783034325,694,0.020198971033096313,"35,40,61,41,16,46,512,832",0.4849579930305481,0.3542131781578064,0.4468471109867096,"0.45,0.457,0.466,0.408,0.491,0.445,0.486,0.645","1.48,1.3,1.26,1.2,1.09,1.08,0.961,0.941","0.00812,0.0498,-0.0728,-0.0356,0.0255,-0.025,-0.0151,0.00302","0,0.0366,-0.0731,-0.0366,0.0366,-0.0366,0,0","0,0.0366,-0.0731,-0.0366,0.0366,-0.0366,-0.0198,0",0.1279296875,0.1096540242433548,2,0.1018257737159729,0.03281038999557495
12,gate_proj,gptq,4864,896,0,0.002189693594337406,0.0014820529105968045,37.74344936157422,0.021577060594339996,149.96632385253906,118.95448303222656,76.93876647949219,202.75706481933594,158.62149047851562,205.59732055664062,0.7005759477615356,37.60779571533203,0.1706256866455078,"208,570,646,757,483,262,53,62,559,591,386,263,450,337,56,58",185.4991455078125,,,,,0,74.29790496826172,101.9881591796875,86.12328338623047,111.03850555419922,"0.937,0.700,0.919,0.463,0.733,0.618,0.578,0.769",575.807861328125,817.2367553710938,"128.4,656.9,753.8,298.7,684.1,589.4,580.1,915.1",27.061782836914062,28.559301376342773,"27.42,27.36,28.61,21.87,26.37,27.26,27.62,30","9.789,8.543,10.1,5.563,8.47,7.8,7.933,9.854","10.11,10.21,10.53,8.173,9.89,9.926,10.44,11.24",1946,0.018606655299663544,1394,0.007802317850291729,"483,646,208,386,56,570,757,800",0.39872321486473083,0.3629985749721527,0.35873252153396606,"1.41,1.7,1.65,1.43,1.21,1.97,1.38,1.57","5.44,5.22,4.41,4.22,4.12,3.98,3,2.88","0.0123,0.00074,0.0232,-0.00118,0.0127,0.000992,-0.0125,0.0209","0,0,0,0,0,0,0,0","0,0,0.0424,0,0,0,0,0.0368",0.228515625,0.2087053656578064,1,1.1554056406021118,0.3591806888580322
12,up_proj,gptq,4864,896,0,0.002151374530075188,0.00147218632518797,31.856236970451846,0.019977090992164565,134.07138061523438,106.75267028808594,69.88677978515625,163.1367645263672,138.3671417236328,176.92288208007812,0.7005759477615356,31.77931022644043,0.1421002894639969,"208,646,570,483,757,62,386,591,559,53,262,263,450,337,56,58",185.4991455078125,,,,,0,63.06021499633789,86.57925415039062,78.2531509399414,96.8844223022461,"0.837,0.744,0.888,0.460,0.755,0.610,0.614,0.797",575.807861328125,817.2367553710938,"128.4,656.9,753.8,298.7,684.1,589.4,580.1,915.1",27.061782836914062,28.559301376342773,"27.42,27.36,28.61,21.87,26.37,27.26,27.62,30","8.56,8.091,9.122,5.125,7.992,7.23,7.36,9.27","9.357,9.381,9.679,7.556,9.195,9.257,9.391,10.39",189,0.005058526061475277,3375,0.00636241864413023,"483,646,208,386,56,570,757,800",0.33353257179260254,0.5002055764198303,0.5308388471603394,"1.14,0.932,0.845,1.09,1.12,0.579,1.05,1.07","5.44,5.22,4.41,4.22,4.12,3.98,3,2.88","0.0238,-0.0298,0.000236,-0.017,0.133,-0.0156,-0.01,0.00307","0.0444,-0.0444,0,-0.0444,0.133,0,0,0","0,-0.0444,0,0,0.114,0,0,0",0.212890625,0.19088464975357056,1,0.5684059858322144,0.724329948425293
12,down_proj,gptq,896,4864,0,0.002017831443843985,0.00141964102149906,46.341695466262536,0.03202410563068665,148.17318725585938,103.77407836914062,1.312590479850769,2.7150373458862305,3.0263359546661377,3.374466896057129,0.5467131733894348,46.26679611206055,0.099382683634758,"1292,2154,424,4101,1311,952,2585,3367,3115,1468,4201,334,4548,1031,1111,529",33.5486946105957,,,,,0,1.2536036968231201,1.514491319656372,1.805735468864441,1.8920198678970337,"0.089,0.795,1.040,0.513,1.053,0.734,0.760,1.004",3994.952392578125,5590.3203125,"180.4,4798,5323,1471,5351,4199,3807,6831",8.25568675994873,9.486867904663086,"4.569,9.128,8.861,6.609,8.306,9.72,8.755,10.1","0.2148,1.212,1.301,0.694,1.229,1.196,1.136,1.452","0.7214,1.36,1.275,0.9691,1.197,1.396,1.303,1.449",490,0.05778089910745621,496,0.02686302736401558,"3212,2555,1824,4797,1775,63,3367,3332",0.18501415848731995,0.3719308078289032,0.372349351644516,"0.64,0.582,0.651,0.512,0.496,0.625,0.404,0.444","1.55,1.28,1.12,0.871,0.852,0.734,0.699,0.691","-0.0457,0.0283,-0.0728,-0.0525,-0.022,-0.355,0.0461,-0.00604","-0.0827,0,-0.0486,-0.0621,0,-0.308,0,0","-0.0555,0.0382,-0.0586,-0.0859,0,-0.305,0.046,0",0.439453125,0.40270307660102844,1,0.2954140305519104,0.010679997503757477
13,q_proj,gptq,896,896,0,0.0021324936224489796,0.0014723174426020409,18.128103136230493,0.04674343039307435,43.350982666015625,28.01717185974121,37.82521057128906,100.95478820800781,84.88013458251953,112.90357971191406,0.6461178660392761,17.943984985351562,0.24647440016269684,"208,56,646,591,494,709,173,712,483,276,559,570,648,694,386,830",78.08887481689453,,,,,0,37.426116943359375,57.48468780517578,42.86188507080078,59.39654541015625,"1.330,0.457,0.935,0.422,0.836,0.438,0.525,0.654",526.5361328125,694.9356689453125,"132.1,556.3,728.4,244.6,675.6,583.6,496.2,795.5",45.02985382080078,44.862205505371094,"33.75,50.14,49.34,38.27,42.7,49.86,48.12,48.06","6.377,5.974,7.609,4.061,6.416,5.678,5.725,6.518","5.529,8.841,7.868,6.249,7.015,8.576,7.903,8.061",676,0.029452523216605186,156,0.028573157265782356,"56,483,646,386,455,208,830,547",0.7616463303565979,0.548409640789032,0.5450614094734192,"0.601,0.531,0.475,0.514,0.656,0.499,0.615,0.821","16.8,11.9,9.88,8.5,7.66,6.88,6.81,5.91","0.0157,-0.04,0.0058,-0.0215,0.0031,0.0118,0.00193,0.00028","0,-0.0617,0,0,0,0,0,0","0.0139,-0.0617,0,0,0,0.0194,0,0",0.2158203125,0.2466517984867096,1,1.1010651588439941,0.1678161323070526
13,k_proj,gptq,128,896,0,0.0021885463169642855,0.0014997209821428572,3.8854458589526075,0.057922889189098936,8.50944995880127,5.161535263061523,7.457210540771484,19.709415435791016,16.082759857177734,27.605337142944336,0.6461178660392761,3.7769479751586914,0.27907755970954895,"208,56,646,591,709,173,494,483,712,570,694,276,648,559,386,42",78.08887481689453,,,,,0,6.800278663635254,14.116510391235352,8.334592819213867,12.659546852111816,"0.974,0.339,0.452,0.372,0.659,0.387,0.460,0.568",526.5361328125,694.9356689453125,"132.1,556.3,728.4,244.6,675.6,583.6,496.2,795.5",45.02985382080078,44.862205505371094,"33.75,50.14,49.34,38.27,42.7,49.86,48.12,48.06","2.342,2.639,3.06,1.796,2.766,2.454,2.497,3.075","2.372,4.536,4.549,2.944,3.408,3.944,3.68,4.082",21,0.13975229859352112,62,0.07517804205417633,"56,483,646,386,455,208,830,547",0.8443725109100342,0.4677734375,0.421875,"0.397,0.428,0.344,0.429,0.307,0.278,0.346,0.479","16.8,11.9,9.88,8.5,7.66,6.88,6.81,5.91","-0.00151,-0.0549,-0.027,0.00854,0.00586,0.0271,-0.0112,-0.00677","0,-0.0466,-0.0466,0,0,0.0466,0,0","0,-0.0463,-0.029,0,0,0.0261,0,0",0.1630859375,0.1397879421710968,5,1.0340087413787842,0.22532203793525696
13,v_proj,gptq,128,896,0,0.002223423549107143,0.0014997209821428572,1.0824117829217812,0.02800384491365198,3.5925722122192383,2.555248498916626,2.8175048828125,7.527974605560303,5.575118064880371,8.689004898071289,0.6461178660392761,1.0839594602584839,0.15968650579452515,"208,646,591,56,712,709,494,483,276,648,173,559,694,386,570,830",78.08887481689453,,,,,0,2.387537956237793,4.082109451293945,3.010803699493408,4.687137126922607,"0.957,0.521,0.832,0.483,0.600,0.435,0.545,0.581",526.5361328125,694.9356689453125,"132.1,556.3,728.4,244.6,675.6,583.6,496.2,795.5",45.02985382080078,44.862205505371094,"33.75,50.14,49.34,38.27,42.7,49.86,48.12,48.06","1.007,1.556,1.973,1.117,1.548,1.57,1.578,1.781","1.029,2.156,2.164,1.608,1.998,2.381,2.137,2.336",116,0.06624524295330048,106,0.05865752324461937,"56,483,646,386,455,208,830,547",0.5233414173126221,0.671875,0.7265625,"0.0935,0.125,0.106,0.124,0.137,0.0776,0.132,0.0142","16.8,11.9,9.88,8.5,7.66,6.88,6.81,5.91","-0.0009,0.00212,0.00775,-0.0115,0.0109,-0.00528,0.00592,0.000755","0,0,0,-0.0181,0.0181,0,0,0","0,0,0,0,0,0,0,0",0.08984375,0.07835622876882553,6,0.39837440848350525,0.35817262530326843
13,o_proj,gptq,896,896,0,0.002194774394132653,0.0014523875956632653,9.195116290841725,0.037811597394160436,26.374874114990234,15.246139526367188,0.6753841638565063,2.3064541816711426,0.6960529685020447,2.0108838081359863,0.7209916710853577,9.169439315795898,0.03530428186058998,"133,535,5,389,855,207,325,69,812,599,15,143,791,284,262,28",15.924933433532715,,,,,0,0.20111826062202454,0.7467508316040039,0.34926724433898926,1.0117955207824707,"0.137,0.170,0.274,0.102,0.204,0.402,0.341,0.313",160.87332153320312,326.4080810546875,"32.24,81.3,95.92,30.08,60.75,359.2,348.2,279.3",6.411581993103027,7.806134223937988,"5.324,6.263,5.849,5.072,5.512,7.865,8.091,7.316","0.265,0.3512,0.4089,0.2256,0.3389,0.6386,0.6207,0.5379","0.715,0.8518,0.7814,0.7049,0.7511,1.007,1.062,0.9607",42,0.025735020637512207,490,0.023296890780329704,"133,389,5,325,261,69,197,255",0.8398178219795227,0.4359654188156128,0.460239976644516,"0.313,0.351,0.237,0.33,0.407,0.661,0.54,0.544","1.77,1.74,1.72,1.67,1.32,1.25,0.973,0.844","0.00386,-0.0199,-0.00458,-0.00934,-0.0143,-0.00897,0.0125,0.0645","0,0,0,0,0,0,0,0.0792","0,-0.0396,0,0,-0.0248,-0.0133,0.0195,0.0586",0.138671875,0.1584821492433548,1,0.05436968058347702,0.0008922889828681946
13,gate_proj,gptq,4864,896,0,0.0021392133899201127,0.001476316523731203,36.105957227416184,0.022111833457106676,140.25628662109375,113.83763885498047,76.45303344726562,217.0464630126953,169.8426055908203,225.38577270507812,0.6868442296981812,35.93330764770508,0.17206063866615295,"208,570,646,757,262,483,386,53,263,591,337,62,559,450,578,697",190.5328369140625,,,,,0,78.1873779296875,109.35746002197266,86.24514770507812,117.22149658203125,"0.921,0.691,0.934,0.469,0.791,0.574,0.557,0.711",605.47216796875,794.5805053710938,"131.2,657.5,865.6,312,738,636,597.1,906.4",28.55767250061035,29.797687530517578,"26.43,29.18,31.36,23.06,27.73,29.76,29.03,31.9","9.291,8.736,11.07,5.851,8.939,8.13,8.002,9.795","9.682,10.51,11.46,8.545,10.05,10.73,10.73,11.62",3545,0.008557431399822235,2637,0.009570739232003689,"483,646,386,208,56,800,570,757",0.3672075867652893,0.35634252429008484,0.35148540139198303,"1.41,1.66,1.38,1.67,1.2,1.57,1.99,1.36","5.66,5.34,4.88,4.56,4.09,3.5,3.27,3.12","-0.0104,0.00555,-0.0342,-0.00229,-0.011,0.0544,-0.134,0.00525","0,0,-0.0583,0,0,0.0583,-0.117,0","0,0,-0.0583,0,0,0.0658,-0.115,0",0.2041015625,0.1749441921710968,2,0.8269051909446716,0.3400186598300934
13,up_proj,gptq,4864,896,0,0.0021759262658599624,0.0014692034040178572,32.645946881553755,0.019755624052328176,137.3341064453125,112.67582702636719,76.34954833984375,191.03302001953125,160.94369506835938,212.4695587158203,0.6868442296981812,32.500144958496094,0.1436336785554886,"208,646,570,757,483,386,263,262,591,53,62,559,337,450,578,697",190.5328369140625,,,,,0,71.5557632446289,101.48616027832031,83.64178466796875,112.47516632080078,"0.803,0.631,0.892,0.494,0.812,0.566,0.590,0.773",605.47216796875,794.5805053710938,"131.2,657.5,865.6,312,738,636,597.1,906.4",28.55767250061035,29.797687530517578,"26.43,29.18,31.36,23.06,27.73,29.76,29.03,31.9","8.333,8.277,10.25,5.678,8.79,7.959,7.795,9.79","9.299,10.42,10.85,8.075,9.756,10.57,10.15,11.13",374,0.0076248799450695515,124,0.00412987032905221,"483,646,386,208,56,800,570,757",0.30392691493034363,0.4892835021018982,0.5255448222160339,"1.13,0.939,1.09,0.856,1.08,1.06,0.588,1.09","5.66,5.34,4.88,4.56,4.09,3.5,3.27,3.12","0.0181,-0.0131,0.0171,-0.0204,0.0315,0.00806,-0.0212,0.0161","0,0,0,0,0,0,0,0","0,-0.0155,0,-0.0212,0.0266,0.0122,0,0.0155",0.3203125,0.2745535671710968,1,0.7675670385360718,0.3116334080696106
13,down_proj,gptq,896,4864,0,0.0020150779781484963,0.0014969675164473685,56.219545700798335,0.037555593785923325,166.4346923828125,114.7401123046875,1.7183971405029297,3.595460891723633,4.330865859985352,4.689311981201172,0.5843377709388733,56.00623321533203,0.11450010538101196,"2219,858,1778,3983,2133,1819,4309,574,2565,1867,446,2393,1,2155,1852,3343",81.51800537109375,,,,,0,1.9579119682312012,2.1039469242095947,2.187453508377075,2.4228529930114746,"0.105,0.847,1.076,0.624,1.053,0.822,0.826,1.161",4593.931640625,5146.56689453125,"181.1,4271,6143,1414,7983,4478,4096,8185",9.280494689941406,9.9915771484375,"4.611,9.492,10.32,7.239,10.9,10.27,9.333,12.08","0.2334,1.309,1.613,0.8778,1.722,1.415,1.316,1.956","0.7197,1.423,1.554,1.111,1.678,1.56,1.447,1.815",712,0.020201880484819412,848,0.02156529761850834,"1511,1056,448,619,4271,2004,367,3016",0.3243615925312042,0.3966239094734192,0.3925781548023224,"0.42,0.591,0.569,0.457,0.478,0.653,0.673,0.41","3.12,2.5,1.84,1.76,1.41,1.4,1.27,1.23","0.00702,-0.00339,0.000414,0.00891,-0.00766,0.033,-0.00891,0.00983","0,0,0,0,0,0.0459,-0.0253,0.0152","0,0,0,0,0,0.025,0,0.0158",0.2021484375,0.23155052959918976,1,0.24481627345085144,0.001015479676425457
14,q_proj,gptq,896,896,0,0.0020714584661989796,0.0014586156728316326,14.956303646004471,0.04185006502862025,39.69336700439453,26.793546676635742,34.46348571777344,91.43868255615234,78.04737854003906,112.82963562011719,0.6336010694503784,14.750173568725586,0.20940697193145752,"56,646,208,591,494,173,709,570,712,648,844,694,386,483,559,144",69.4344711303711,,,,,0,38.89160919189453,57.17192840576172,36.69550704956055,58.985755920410156,"1.179,0.619,0.797,0.338,0.719,0.591,0.585,0.607",578.132080078125,673.1964111328125,"137.2,683.3,759.8,239.7,773.9,597.7,577.2,856.2",43.574485778808594,43.47392272949219,"39.22,47.89,46.96,34.27,42.46,44.28,45.24,48.29","7.242,6.577,7.43,3.505,6.11,5.738,5.61,6.797","6.668,8.356,8.322,6.031,7.203,7.465,7.333,8.722",455,0.01796719990670681,116,0.02030051313340664,"56,844,646,483,386,455,208,591",0.45306023955345154,0.4638672173023224,0.4814453423023224,"0.585,0.365,0.462,0.666,0.595,0.631,0.572,0.434","17.6,10.9,9.62,8.25,6.16,5.91,5.34,5.25","-0.000389,0.0038,-0.0228,0.0322,0.00964,0.0123,0.00757,0.0228","0,0,0,0.0678,0,0,0,0","0,0,-0.016,0.0216,0,0.0216,0.0125,0",0.2373046875,0.2034040242433548,1,0.8189350366592407,0.0439702570438385
14,k_proj,gptq,128,896,0,0.0022670200892857145,0.0015433175223214285,2.6635252551930364,0.047424380650771626,6.459929466247559,4.167445659637451,5.731320381164551,14.937868118286133,13.98312759399414,19.02904510498047,0.6336010694503784,2.672459602355957,0.23886829614639282,"56,208,646,591,494,173,712,844,570,709,648,694,276,757,386,263",69.4344711303711,,,,,0,6.3852386474609375,10.093591690063477,6.189266204833984,10.265138626098633,"1.204,0.571,0.696,0.361,0.545,0.433,0.527,0.763",578.132080078125,673.1964111328125,"137.2,683.3,759.8,239.7,773.9,597.7,577.2,856.2",43.574485778808594,43.47392272949219,"39.22,47.89,46.96,34.27,42.46,44.28,45.24,48.29","2.966,2.618,2.949,1.506,2.431,2.121,2.271,2.983","2.704,3.465,3.534,2.505,3.292,3.223,3.128,3.415",92,0.10937254130840302,127,0.07339578121900558,"56,844,646,483,386,455,208,591",0.7883111238479614,0.318359375,0.2939453125,"0.385,0.398,0.348,0.389,0.416,0.382,0.323,0.36","17.6,10.9,9.62,8.25,6.16,5.91,5.34,5.25","-0.0249,0.00836,-0.0859,0.0206,0.0143,0.064,-0.0209,-0.0135","-0.0402,0,-0.0804,0.0402,0,0.0804,-0.0402,-0.0402","-0.0204,0,-0.0804,0.0259,0.0259,0.0519,-0.0339,0",0.140625,0.1205357238650322,4,0.8039524555206299,0.1449187844991684
14,v_proj,gptq,128,896,0,0.0019618443080357145,0.00140380859375,1.7159261802339785,0.03547551047958419,4.987531661987305,3.7837653160095215,4.19781494140625,9.965324401855469,9.17637825012207,11.355449676513672,0.6336010694503784,1.6887199878692627,0.10166408121585846,"646,208,712,56,263,494,570,709,559,648,694,728,697,144,483,830",69.4344711303711,,,,,0,4.02610969543457,5.447970867156982,4.9935102462768555,5.51695442199707,"0.674,0.921,0.984,0.462,0.686,0.620,0.705,0.709",578.132080078125,673.1964111328125,"137.2,683.3,759.8,239.7,773.9,597.7,577.2,856.2",43.574485778808594,43.47392272949219,"39.22,47.89,46.96,34.27,42.46,44.28,45.24,48.29","1.443,2.352,2.386,1.152,1.983,2.016,2.021,2.345","1.758,2.451,2.404,1.695,2.394,2.56,2.408,2.785",7,0.044445693492889404,87,0.05657465383410454,"56,844,646,483,386,455,208,591",0.2794123589992523,0.8154296875,0.86328125,"0.0591,0.0431,0.0998,0.101,0.091,0.0883,0.061,0.0504","17.6,10.9,9.62,8.25,6.16,5.91,5.34,5.25","-0.00241,-0.00166,0.00134,0.00421,0.000828,0.0145,0.00105,0.00294","0,0,0,0,0,0.012,0,0","0,0,0,0,0,0.0122,0,0",0.091796875,0.07999767363071442,2,0.41799139976501465,0.22892817854881287
14,o_proj,gptq,896,896,0,0.0022994060905612247,0.0014075454400510204,10.863175913178594,0.04030573681616785,29.883472442626953,18.30370330810547,1.6978919506072998,5.096205711364746,2.042191982269287,4.007481098175049,0.6559699773788452,10.848712921142578,0.029992874711751938,"114,74,519,455,69,839,68,77,83,81,96,127,87,109,94,100",6.7870402336120605,,,,,0,0.45114853978157043,1.2500638961791992,1.1575403213500977,2.483368158340454,"0.142,0.257,0.508,0.212,0.434,0.389,0.329,0.408",135.70236206054688,465.912841796875,"22.36,89.59,130.9,62.99,86.75,198.6,243.7,250.8",7.726748466491699,10.989786148071289,"5.697,7.369,8.304,6.197,7.05,8.396,9.268,9.534","0.3015,0.5197,0.8591,0.4123,0.6642,0.7671,0.7289,0.8828","0.8001,1.025,1.205,0.8962,1.008,1.23,1.271,1.382",313,0.01467063557356596,876,0.015880241990089417,"519,583,711,839,455,775,78,647",0.2850865423679352,0.4234096109867096,0.4483817219734192,"0.557,0.431,0.449,0.364,0.454,0.423,0.565,0.562","1.72,1.72,1.71,1.63,1.61,1.59,1.4,1.26","-0.00467,-0.000774,0.00455,-0.00577,-0.00409,-0.000488,-0.00623,-0.00304","0,0,0,0,0,0,0,0","0,0,0,0,0,0,0,0",0.0966796875,0.09759838134050369,1,0.08045098185539246,0.05323081463575363
14,gate_proj,gptq,4864,896,0,0.0021945121593045114,0.001480217266799812,46.29059057100949,0.02629199667795154,160.52061462402344,124.12330627441406,80.0665054321289,244.59605407714844,183.514892578125,247.94927978515625,0.7020739316940308,46.025516510009766,0.17026843130588531,"208,646,570,757,450,697,728,53,263,483,337,386,35,262,58,876",186.8022003173828,,,,,0,79.92345428466797,117.39811706542969,92.96210479736328,132.21221923828125,"0.965,0.661,0.874,0.368,0.794,0.471,0.585,0.762",627.5618286132812,813.4263916015625,"137,715,790.7,293.2,782.4,625.5,683,993.8",28.50022315979004,30.454044342041016,"22.46,29.99,30.69,24.31,28.14,29.58,30.24,32.58","8.23,9.268,10.66,5.56,9.326,7.889,8.895,10.62","8.377,11.4,11.41,9.164,10.46,11.5,11.63,12.17",1391,0.008371861651539803,274,0.007060386706143618,"646,483,208,386,373,800,757,56",0.3257800042629242,0.3698602020740509,0.36456620693206787,"1.67,1.36,1.53,1.44,1.52,1.6,1.31,1.28","6.19,5.47,4.72,4.09,3.8,3.73,3.61,3.47","-0.0586,0.0182,0.0325,-0.0396,-0.0483,0.0237,-0.0148,0.0442","-0.0497,0,0.0248,-0.0248,-0.0497,0.0248,0,0.0497","-0.0656,0.0352,0.0255,-0.0352,-0.0569,0.0275,0,0.0312",0.123046875,0.1049991250038147,5,0.8532820343971252,0.3107970356941223
14,up_proj,gptq,4864,896,0,0.0021220042293233084,0.0014602546405075188,36.74305683937928,0.022342123608582298,141.44073486328125,111.0502700805664,71.00703430175781,200.09716796875,156.36898803710938,212.54592895507812,0.7020739316940308,36.640689849853516,0.14351359009742737,"208,646,570,757,697,450,263,728,53,337,386,483,58,35,876,578",186.8022003173828,,,,,0,68.16429138183594,100.58747100830078,80.97611999511719,114.04290771484375,"0.815,0.638,0.841,0.373,0.778,0.573,0.598,0.750",627.5618286132812,813.4263916015625,"137,715,790.7,293.2,782.4,625.5,683,993.8",28.50022315979004,30.454044342041016,"22.46,29.99,30.69,24.31,28.14,29.58,30.24,32.58","7.103,8.35,9.596,5.194,8.785,7.715,8.242,10.07","7.866,10.45,10.46,8.5,9.957,10.19,10.65,11.63",999,0.007936571724712849,3572,0.005241429898887873,"646,483,208,386,373,800,757,56",0.2761630713939667,0.44711142778396606,0.4790295958518982,"0.953,1.16,0.9,1.09,1.2,1.04,1.08,1.19","6.19,5.47,4.72,4.09,3.8,3.73,3.61,3.47","-0.0117,0.0193,-0.00424,-0.0393,0.00204,-0.0112,-0.0209,0.0586","-0.0167,0.0167,0,-0.0335,0,-0.0167,-0.0167,0.0502","-0.0154,0,0,0,0,0,-0.0154,0.0938",0.474609375,0.4077093005180359,1,0.7826395034790039,0.5460487604141235
14,down_proj,gptq,896,4864,0,0.0020235678307095866,0.001449240777725564,58.415504168955295,0.039497714246715936,164.75350952148438,108.02129364013672,1.9123553037643433,4.374933242797852,5.031937122344971,5.55207633972168,0.5619922280311584,58.14778137207031,0.12707965075969696,"402,4652,3980,1263,583,4648,744,320,2723,1126,918,1911,688,3227,4707,2999",24.51432228088379,,,,,0,2.108527183532715,2.6100759506225586,2.6348495483398438,2.8866400718688965,"0.155,0.706,0.921,0.505,0.952,0.670,0.701,1.011",4155.201171875,5927.0380859375,"180.1,4219,6076,1707,5316,3172,3442,9128",10.331043243408203,11.190312385559082,"4.367,10.86,11.15,9.684,11.56,10.49,10.11,14.43","0.2511,1.39,1.627,1.028,1.733,1.294,1.264,2.213","0.6373,1.654,1.695,1.446,1.776,1.58,1.509,2.202",291,0.01645808480679989,490,0.027142828330397606,"998,4404,239,182,3370,3266,2690,4624",0.4107794761657715,0.4277344048023224,0.4261997938156128,"0.398,0.554,0.486,0.546,0.461,0.406,0.465,0.555","4.38,3.33,2.69,2.05,1.41,1.27,1.16,1.08","0.000229,-0.0175,0.0287,0.0212,0.0157,-0.00519,0.00159,0.00389","0,0,0,0,0.0189,0,0,0.0114","0,-0.019,0.0246,0.0246,0.0167,0,0,0",0.26953125,0.31742730736732483,1,0.22227512300014496,0.029897138476371765
15,q_proj,gptq,896,896,0,0.002237125318877551,0.0014748086734693877,15.137580728474404,0.043625740369387773,38.451324462890625,24.269298553466797,30.553226470947266,84.34891510009766,72.12287902832031,101.25326538085938,0.6420782804489136,15.158032417297363,0.22173136472702026,"56,646,208,494,712,591,173,709,483,559,570,694,386,757,648,276",79.67791748046875,,,,,0,36.831382751464844,54.232749938964844,34.61724090576172,52.13739013671875,"1.243,0.684,0.608,0.351,0.708,0.461,0.521,0.828",541.90283203125,753.791015625,"145.9,665.3,686,247.7,686.3,458.9,526.4,918.7",43.904449462890625,43.51576232910156,"41.77,49.42,46.4,37.2,41.88,42.31,44.48,47.77","7.535,6.784,6.355,3.637,6.13,4.853,5.234,7.051","6.759,8.202,8.152,6.139,7.285,7.145,7.25,7.75",824,0.025286247953772545,122,0.02188805676996708,"56,483,455,646,386,208,591,459",0.5768648982048035,0.4946986734867096,0.4849330484867096,"0.564,0.571,0.543,0.445,0.488,0.438,0.45,1.05","15.6,10.8,9.56,8.56,7.44,5.75,5.44,5.22","-0.0223,-0.0117,0.0176,0.0251,0.0228,0.00995,0.00983,-0.0083","-0.0271,0,0.0271,0.0271,0.0271,0,0,0","-0.0356,0,0.0264,0.0315,0.0264,0,0,0",0.130859375,0.11218761652708054,4,0.9748213887214661,0.4591970145702362
15,k_proj,gptq,128,896,0,0.002171107700892857,0.00152587890625,2.7854636211530988,0.04075262955380149,7.0999908447265625,4.676238536834717,5.608821868896484,16.763158798217773,13.055879592895508,20.299840927124023,0.6420782804489136,2.8044586181640625,0.232121080160141,"208,56,646,712,494,591,173,483,559,694,709,276,648,386,570,757",79.67791748046875,,,,,0,6.270195960998535,11.37085247039795,6.135383605957031,9.999741554260254,"1.113,0.624,0.538,0.250,0.605,0.392,0.519,0.575",541.90283203125,753.791015625,"145.9,665.3,686,247.7,686.3,458.9,526.4,918.7",43.904449462890625,43.51576232910156,"41.77,49.42,46.4,37.2,41.88,42.31,44.48,47.77","2.66,2.868,2.886,1.543,2.574,2.215,2.327,2.684","2.521,3.632,3.933,3.084,3.31,3.537,3.231,3.54",93,0.09724053740501404,119,0.1113794669508934,"56,483,455,646,386,208,591,459",0.628358781337738,0.3984375,0.3916015625,"0.353,0.283,0.304,0.33,0.306,0.269,0.323,0.141","15.6,10.8,9.56,8.56,7.44,5.75,5.44,5.22","0.0422,0.0325,-0.0588,-0.00934,-0.0139,0.0527,0.0342,-0.00781","0.0541,0.0541,-0.0541,0,0,0.0541,0.0541,0","0.0307,0.0541,-0.0541,0,0,0.0377,0.0324,0",0.189453125,0.2165178656578064,1,0.8025773167610168,0.20634731650352478
15,v_proj,gptq,128,896,0,0.0021187918526785715,0.0013950892857142857,1.507660273542541,0.03295648556082239,4.6279401779174805,3.3471415042877197,3.495467185974121,10.35195541381836,7.2106804847717285,12.063496589660645,0.6420782804489136,1.5229768753051758,0.1831759810447693,"56,494,646,208,591,712,483,559,709,173,694,648,757,276,386,144",79.67791748046875,,,,,0,3.202720880508423,5.792715072631836,3.673377752304077,6.481620788574219,"0.925,0.751,0.646,0.246,0.632,0.309,0.486,0.557",541.90283203125,753.791015625,"145.9,665.3,686,247.7,686.3,458.9,526.4,918.7",43.904449462890625,43.51576232910156,"41.77,49.42,46.4,37.2,41.88,42.31,44.48,47.77","1.416,2.303,1.93,1.048,1.999,1.388,1.685,2.174","1.473,2.657,2.402,2.113,2.515,2.497,2.418,2.912",121,0.03938692435622215,90,0.06904347240924835,"56,483,455,646,386,208,591,459",0.4652750492095947,0.6162109375,0.6630859375,"0.13,0.171,0.189,0.133,0.155,0.122,0.133,0.0748","15.6,10.8,9.56,8.56,7.44,5.75,5.44,5.22","-9.98e-07,0.0177,0.033,-0.00485,-0.0144,0.00519,-0.000238,0.00446","0,0.0265,0.0265,0,-0.0265,0,0,0","0,0.0206,0.0413,0,-0.0206,0,0,0",0.0927734375,0.07991128414869308,2,0.3966410458087921,0.25571954250335693
15,o_proj,gptq,896,896,0,0.0021511778539540817,0.0014461595184948979,10.763794605922612,0.04124179309284924,30.305828094482422,17.015220642089844,0.9365493059158325,3.9465627670288086,1.4881927967071533,3.952768564224243,0.7174813151359558,10.638961791992188,0.03428928181529045,"129,170,153,141,184,65,77,128,140,106,89,187,135,175,64,190",8.914912223815918,,,,,0,0.3191453218460083,0.9885754585266113,0.8355305790901184,2.6231448650360107,"0.121,0.175,0.267,0.221,0.235,0.375,0.414,0.364",183.76129150390625,596.847900390625,"36.29,57.16,105.8,76.33,61.43,307.6,667.2,158.3",7.148419380187988,11.598756790161133,"5.581,5.524,6.279,6.089,5.905,9.335,11.39,7.083","0.2518,0.2995,0.4239,0.3843,0.3819,0.7644,1.005,0.5775","0.7235,0.7164,0.8201,0.8178,0.7871,1.248,1.562,0.9567",546,0.055652912706136703,544,0.024113213643431664,"715,651,587,523,459,843,779,171",0.532781720161438,0.3809989094734192,0.437779039144516,"0.343,0.651,0.382,0.366,0.476,0.556,0.484,0.464","1.37,1.37,1.35,1.33,1.3,1.3,1.27,1.08","-0.0151,0.00273,0.00288,0.0129,-0.0171,0.0253,-0.0134,-0.0457","0,0,0,0,0,0,0,-0.0505","-0.0158,0,0,0.0119,-0.0198,0.0217,-0.0144,-0.0505",0.1767578125,0.2020089328289032,1,0.09008863568305969,0.016597867012023926
15,gate_proj,gptq,4864,896,0,0.002173861166588346,0.001453600431743421,45.71264631918166,0.02611285464903664,158.62852478027344,123.46057891845703,96.37394714355469,302.602294921875,218.59146118164062,302.5601806640625,0.7581644058227539,45.365108489990234,0.16544798016548157,"208,570,646,757,262,53,697,450,263,728,483,35,337,58,578,386",186.26536560058594,,,,,0,94.71662902832031,140.45614624023438,113.97675323486328,159.01779174804688,"0.983,0.641,0.847,0.359,0.823,0.454,0.555,0.755",596.3367919921875,857.7796630859375,"143.1,693.6,749.2,304.2,759.4,542.4,630.8,948.2",31.16693878173828,33.62636184692383,"26.76,32.56,32.24,27.8,30.83,31.5,33.05,34.59","10.22,10.01,10.92,6.289,10.42,8.129,9.354,11.49","10.31,12.51,11.87,10.5,11.49,12.06,12.55,13.22",2329,0.00526390178129077,4745,0.01010945439338684,"646,483,208,490,800,386,56,757",0.2846335768699646,0.37433183193206787,0.3633326590061188,"1.84,1.38,1.6,1.34,1.65,1.42,1.26,1.37","5.91,5.81,4.94,4.5,4.28,4.28,3.8,3.5","-0.111,-0.000241,0.0276,-0.0284,-0.0732,0.0118,0.0251,-0.0325","-0.121,0,0.0402,-0.0402,-0.0804,0,0,-0.0402","-0.117,0,0.0283,-0.0345,-0.0731,0,0.0402,-0.0391",0.140625,0.14803099632263184,1,0.755818247795105,0.4215180575847626
15,up_proj,gptq,4864,896,0,0.00218143319725094,0.0015093581120770676,38.80486604766338,0.02237210932860323,150.54563903808594,119.53857421875,92.38314819335938,266.46630859375,202.48077392578125,278.339599609375,0.7581644058227539,38.50778579711914,0.1362665295600891,"208,570,646,757,262,450,697,53,263,728,483,35,337,58,578,591",186.26536560058594,,,,,0,86.67361450195312,128.37802124023438,107.79327392578125,148.20309448242188,"0.857,0.668,0.793,0.368,0.811,0.498,0.589,0.785",596.3367919921875,857.7796630859375,"143.1,693.6,749.2,304.2,759.4,542.4,630.8,948.2",31.16693878173828,33.62636184692383,"26.76,32.56,32.24,27.8,30.83,31.5,33.05,34.59","8.944,9.633,10.26,6.081,10.08,8.039,9.199,11.29","9.66,11.79,11.52,10.03,11.19,11.4,11.99,12.75",1992,0.00832314696162939,2315,0.007257057819515467,"646,483,208,490,800,386,56,757",0.2263621985912323,0.5058850646018982,0.55810546875,"0.969,1.09,0.89,0.683,1.07,1.08,1.15,1.02","5.91,5.81,4.94,4.5,4.28,4.28,3.8,3.5","-0.01,0.0277,0.00461,-0.016,-0.0139,-0.0405,-0.0128,-0.0104","0,0,0,0,0,-0.0472,0,0","0,0.0446,0,0,0,-0.0446,0,0",0.423828125,0.3648863732814789,1,0.9193259477615356,0.048500776290893555
15,down_proj,gptq,896,4864,0,0.002032057683270677,0.0014900838522086467,67.93556856266287,0.04339111044707065,183.9442138671875,118.0860595703125,2.797642469406128,7.0376296043396,7.645005702972412,9.248373985290527,0.5833596587181091,67.48124694824219,0.1611514836549759,"2926,2370,1881,1368,1689,177,4394,2916,3827,3173,1841,2940,2154,1103,3334,185",24.84560203552246,,,,,0,3.018235206604004,4.070425510406494,4.440626621246338,4.73722505569458,"0.126,0.793,0.681,0.524,1.013,0.589,0.716,0.831",4182.9248046875,6674.06640625,"179.6,4224,5128,2194,6790,2736,4202,8010",12.437328338623047,13.833735466003418,"5.403,13.19,14.18,10.66,14.1,12.92,13.23,15.81","0.3104,1.813,1.912,1.219,2.215,1.522,1.704,2.343","0.8744,2.037,2.318,1.683,2.201,1.984,2.014,2.571",173,0.016548598185181618,494,0.016685079783201218,"1050,3829,4469,544,2643,1080,3593,2319",0.36029917001724243,0.3583984673023224,0.3692801594734192,"0.645,0.498,0.551,0.618,0.582,0.587,0.539,0.572","4.41,2.38,2.36,2.2,1.93,1.84,1.82,1.76","-0.00766,0.0161,-0.0381,0.00439,-0.000889,0.0206,-0.0062,-0.00296","0,0.0195,-0.0391,0.0159,0,0.0119,0,0","0,0.022,-0.0429,0,0,0.0363,0,0",0.216796875,0.24820542335510254,1,0.2849932909011841,0.05475713685154915
16,q_proj,gptq,896,896,0,0.0021873007015306123,0.001427475286989796,21.946878636321344,0.04414099425756875,54.99713134765625,34.450950622558594,52.437896728515625,166.28384399414062,125.76587677001953,209.71963500976562,0.7024639844894409,21.435161590576172,0.18115466833114624,"208,646,615,570,757,823,591,483,709,468,56,494,256,559,546,173",104.49482727050781,,,,,0,54.26485061645508,99.658447265625,66.18370819091797,111.81732940673828,"0.966,0.497,0.567,0.329,0.680,0.336,0.416,0.750",558.8543701171875,818.5599975585938,"150.3,610.4,695.7,296.9,821.8,425.9,571.1,898.7",51.504737854003906,55.549095153808594,"39.84,55.19,53.36,47.47,50.97,56.66,55.85,52.7","7.803,7.712,7.903,5.133,8.03,6.363,6.767,8.613","7.938,10.94,10.49,8.953,9.738,10.98,10.49,9.948",223,0.05151313170790672,63,0.03317440301179886,"483,56,646,386,823,455,757,208",0.3821263015270233,0.5694754719734192,0.6121652126312256,"0.524,0.678,0.434,0.493,0.232,0.672,0.473,0.441","12.8,12.4,12.4,10.4,8.06,7.44,7.09,6.75","0.0168,0.0796,0.0127,0.00607,0.00726,-0.0649,-0.0139,-0.0201","0,0.0915,0,0,0,-0.0915,0,0","0,0.0982,0,0,0,-0.07,0,0",0.2451171875,0.21684269607067108,1,1.8224453926086426,0.24058645963668823
16,k_proj,gptq,128,896,0,0.002040318080357143,0.0014910016741071428,4.8589006035617786,0.08279373722699929,8.809211730957031,5.353060722351074,9.738685607910156,31.102699279785156,23.27839469909668,37.72789001464844,0.7024639844894409,4.8350982666015625,0.25116121768951416,"646,208,546,615,474,470,468,823,544,423,628,256,570,103,591,757",104.49482727050781,,,,,0,9.580436706542969,17.90924835205078,12.128549575805664,20.790565490722656,"1.014,0.489,0.657,0.306,0.516,0.378,0.376,0.676",558.8543701171875,818.5599975585938,"150.3,610.4,695.7,296.9,821.8,425.9,571.1,898.7",51.504737854003906,55.549095153808594,"39.84,55.19,53.36,47.47,50.97,56.66,55.85,52.7","3.548,3.26,3.453,2.078,2.996,2.625,2.869,3.618","3.524,4.663,4.259,3.759,4.172,4.267,4.677,4.401",22,0.07594612240791321,58,0.1379743069410324,"483,56,646,386,823,455,757,208",0.9739960432052612,0.43359375,0.4169921875,"0.389,0.443,0.307,0.381,0.557,0.391,0.189,0.276","12.8,12.4,12.4,10.4,8.06,7.44,7.09,6.75","-0.00531,-0.0581,-0.0238,-0.00129,-0.102,-0.0415,0.0114,-0.00574","0,-0.0525,0,0,-0.105,-0.0525,0,0","0,-0.0656,-0.0211,0,-0.0925,-0.0388,0.0211,0",0.18359375,0.1573660671710968,1,0.8257330060005188,0.5777722001075745
16,v_proj,gptq,128,896,0,0.00238037109375,0.0015956333705357143,2.954855758097665,0.07710485712771654,6.167089462280273,4.9028520584106445,7.627229690551758,16.677635192871094,15.845165252685547,19.89078140258789,0.7024639844894409,2.90181303024292,0.18524573743343353,"757,208,646,483,578,773,70,100,386,591,67,559,821,56,709,181",104.49482727050781,,,,,0,6.372922897338867,9.398628234863281,8.903470039367676,9.907905578613281,"1.386,0.662,0.759,0.370,0.612,0.657,0.684,0.922",558.8543701171875,818.5599975585938,"150.3,610.4,695.7,296.9,821.8,425.9,571.1,898.7",51.504737854003906,55.549095153808594,"39.84,55.19,53.36,47.47,50.97,56.66,55.85,52.7","0.8842,2.849,2.71,1.717,2.722,2.656,2.856,3.029","0.751,3.503,3.111,2.824,3.479,3.276,3.452,3.154",37,0.0628945454955101,101,0.051381681114435196,"483,56,646,386,823,455,757,208",0.36722731590270996,0.853515625,0.806640625,"0.104,0.0771,0.0882,0.107,0.0358,0.106,0.208,0.101","12.8,12.4,12.4,10.4,8.06,7.44,7.09,6.75","-0.0117,0.0164,0.00586,0.000599,-0.000224,-0.00677,0.00842,0.000858","0,0.0317,0,0,0,0,0,0","0,0.0126,0,0,0,0,0,0",0.11083984375,0.0950055867433548,2,0.6827100515365601,0.03343576565384865
16,o_proj,gptq,896,896,0,0.0022645288584183672,0.0014922472895408164,10.223245597964137,0.03380282363014803,32.624794006347656,20.36623764038086,1.0028173923492432,2.0499813556671143,1.6472396850585938,2.21162748336792,0.5729497671127319,10.123333930969238,0.03233806788921356,"268,26,677,675,661,204,218,410,641,655,672,700,676,693,346,332",12.009552001953125,,,,,0,0.3551770746707916,0.608781635761261,0.5564817786216736,0.609246015548706,"0.432,0.585,0.462,0.617,0.504,0.547,0.672,0.561",255.4127655029297,381.47589111328125,"5.81,406.8,7.46,13.73,8.068,1315,219.8,67",4.184588432312012,4.745798110961914,"1.221,6.626,1.252,1.953,1.462,11.63,7.016,2.321","0.1111,0.7376,0.1188,0.2369,0.1539,1.164,0.8707,0.2808","0.1689,0.964,0.1747,0.3015,0.2168,1.573,1.062,0.3747",628,0.07105379551649094,864,0.03895667567849159,"700,674,675,669,679,667,668,654",0.41872236132621765,0.3272879719734192,0.3369140923023224,"0.703,0.689,0.698,0.653,0.698,0.673,0.686,0.688","0.318,0.307,0.252,0.222,0.192,0.172,0.172,0.156","-0.0228,0.0513,0.131,0.0559,0.0859,-0.0342,0.0825,0.008","0,0.0555,0.111,0.0555,0.0555,-0.0555,0.111,0","0,0.0555,0.111,0.0555,0.111,-0.0555,0.0555,0",0.1943359375,0.1665736734867096,3,0.041033461689949036,0.000849034171551466
16,gate_proj,gptq,4864,896,0,0.002159864382636278,0.0014827412770206767,56.735621431376785,0.028690471703580855,187.44717407226562,144.67147827148438,144.0860595703125,462.6425476074219,334.55438232421875,436.04376220703125,0.8381091356277466,56.414512634277344,0.16818206012248993,"208,570,646,757,53,450,263,578,697,337,262,728,490,58,773,821",238.64451599121094,,,,,0,138.34295654296875,197.27935791015625,176.1430206298828,234.36105346679688,"0.987,0.638,0.893,0.392,0.783,0.499,0.549,0.930",615.9581909179688,889.173583984375,"144.7,650.9,744.7,318.2,876,536.7,639.8,1017",34.58784484863281,37.344078063964844,"26.59,36.69,34.58,31.44,35.77,36.09,37.47,38.08","10.5,11.94,13.37,7.915,12.69,10.15,11.37,14.81","10.57,14.95,14.14,12.64,14.34,14.37,15.35,15.36",2420,0.007992899976670742,646,0.006701960694044828,"646,483,757,386,570,208,490,58",0.19967538118362427,0.3766704499721527,0.36950042843818665,"1.72,1.38,1.43,1.47,1.89,1.5,1.41,1.54","7.19,5.31,4.75,4.56,4.47,4.31,4.06,3.91","-0.0942,0.0908,-0.04,-0.0669,-0.0135,0.0359,-0.0342,-0.0471","-0.082,0.082,0,-0.082,0,0,-0.082,0","-0.112,0.0667,-0.0558,-0.0667,0,0.0597,-0.0667,-0.082",0.287109375,0.24609375,3,1.134709119796753,0.12307233363389969
16,up_proj,gptq,4864,896,0,0.0021288878935620302,0.0014719568697133458,39.479767384706065,0.024718595697335515,143.697998046875,112.47789001464844,110.42094421386719,324.4573974609375,245.4676513671875,318.5618896484375,0.8381091356277466,39.272735595703125,0.14274950325489044,"208,570,646,757,53,263,578,450,697,337,728,58,773,490,70,35",238.64451599121094,,,,,0,102.79634094238281,149.14739990234375,133.559814453125,169.1778564453125,"0.818,0.657,0.902,0.384,0.787,0.497,0.575,0.890",615.9581909179688,889.173583984375,"144.7,650.9,744.7,318.2,876,536.7,639.8,1017",34.58784484863281,37.344078063964844,"26.59,36.69,34.58,31.44,35.77,36.09,37.47,38.08","8.564,10.43,11.4,6.869,11.17,8.967,9.948,12.61","9.468,12.87,12,11.08,12.59,12.72,13.12,13.36",460,0.0038182693533599377,1550,0.003589609870687127,"646,483,757,386,570,208,490,58",0.15488511323928833,0.5173982381820679,0.5645302534103394,"0.981,1.13,1.15,1.04,0.658,0.913,0.617,1.16","7.19,5.31,4.75,4.56,4.47,4.31,4.06,3.91","0.00964,-0.0036,-0.0111,-0.00583,0.00224,0.00476,0.00238,0.00217","0,0,0,0,0,0,0,0","0,0,0,0,0,0,0,0",0.10986328125,0.0941685363650322,2,0.6903059482574463,0.08134818077087402
16,down_proj,gptq,896,4864,0,0.002018060899318609,0.0014554360755404136,79.5841267889574,0.05515513510088396,188.13040161132812,115.21309661865234,5.382628440856934,12.965394973754883,12.929868698120117,14.695302963256836,0.7246974110603333,78.8456802368164,0.20853574573993683,"3612,3044,3989,208,3985,4539,4342,1551,435,3411,3490,2985,2714,2386,3192,744",26.862306594848633,,,,,0,5.340683937072754,7.364907741546631,7.471430778503418,8.11907958984375,"0.309,1.003,0.929,0.366,0.896,0.551,0.604,0.796",3931.9658203125,5710.6005859375,"153.9,6193,3640,1957,6887,2944,2579,7103",16.67119598388672,18.81679916381836,"4.477,18.25,14.31,16.93,19.5,21.57,17.08,21.26","0.3581,2.692,2.086,1.59,2.955,2.496,2.059,3.045","0.644,2.687,2.165,2.627,3.122,3.361,2.648,3.412",490,0.02475728839635849,490,0.06890944391489029,"3477,579,1484,3872,4595,2907,3557,2985",0.22357673943042755,0.4637277126312256,0.490513414144516,"0.489,0.561,0.485,0.475,0.484,0.326,0.45,0.485","5.12,3.31,3.27,2.84,2.44,2.31,2.2,2.17","-0.0649,0.0554,0.0669,-0.0173,-0.0225,0.0452,-0.336,-0.0337","-0.096,0.0523,0.0712,0,0,0.096,-0.288,0","-0.096,0.0458,0.0605,0,-0.0446,0.048,-0.288,0",0.431640625,0.3561406135559082,3,0.4649636447429657,0.8194805383682251
17,q_proj,gptq,896,896,0,0.002138721699617347,0.0013701769770408164,16.946628010107247,0.04405838344498622,42.971923828125,27.336483001708984,43.3798713684082,116.10912322998047,102.57952880859375,125.81938171386719,0.6237149834632874,16.81768798828125,0.21625763177871704,"208,646,757,570,56,591,559,709,483,173,386,494,578,70,263,67",133.9720458984375,,,,,0,40.44776916503906,59.00275421142578,49.171783447265625,65.40121459960938,"1.215,0.744,0.926,0.342,0.755,0.406,0.499,0.845",535.0241088867188,796.0946044921875,"142.9,576.9,603.1,313.5,813.2,399.4,479.8,951.3",43.827823638916016,45.80012130737305,"28.15,47.64,44.85,40.94,47.21,44.98,46.03,50.83","5.435,6.926,7.544,4.271,7.253,5.06,5.61,7.826","4.931,8.029,7.841,7.303,8.35,7.944,7.943,8.516",572,0.030998416244983673,869,0.01917514204978943,"56,646,483,386,208,844,455,704",0.46142324805259705,0.4528459906578064,0.4362444281578064,"0.715,0.581,0.653,0.558,0.502,0.536,0.753,0.521","11.3,10.9,10.9,9.81,7.38,6.94,6.91,6.75","-0.143,0.0311,-0.0505,-0.00897,-0.00337,-0.0303,-0.0825,-0.0513","-0.124,0.0619,-0.0619,0,0,0,-0.0619,-0.0619","-0.163,0.0352,-0.0667,0,0,-0.0363,-0.0667,-0.0352",0.216796875,0.1858258992433548,2,1.277001142501831,0.5717661380767822
17,k_proj,gptq,128,896,0,0.002101353236607143,0.0015520368303571428,2.7997293319429275,0.05067412445932634,6.58709716796875,4.05601692199707,6.74089241027832,18.172313690185547,16.40453338623047,20.967145919799805,0.6237149834632874,2.78530216217041,0.2253299504518509,"208,646,757,570,56,591,483,559,173,709,494,578,386,70,263,777",133.9720458984375,,,,,0,6.043686866760254,9.353386878967285,7.637237071990967,10.0764741897583,"1.090,0.597,0.926,0.379,0.675,0.621,0.458,0.706",535.0241088867188,796.0946044921875,"142.9,576.9,603.1,313.5,813.2,399.4,479.8,951.3",43.827823638916016,45.80012130737305,"28.15,47.64,44.85,40.94,47.21,44.98,46.03,50.83","1.854,2.721,2.964,1.689,2.819,2.229,2.324,2.748","1.776,3.522,3.08,2.745,3.432,2.827,3.433,3.27",122,0.0917191356420517,122,0.16327805817127228,"56,646,483,386,208,844,455,704",0.5659169554710388,0.337890625,0.3076171875,"0.438,0.38,0.331,0.363,0.248,0.377,0.398,0.208","11.3,10.9,10.9,9.81,7.38,6.94,6.91,6.75","-0.0236,0.0325,0.0334,-0.0669,0.0247,-0.0303,-0.00653,0.00388","0,0.0586,0,-0.0586,0,-0.0586,0,0","-0.0419,0.0586,0.0405,-0.0607,0.0271,-0.0388,0,0",0.205078125,0.2343750149011612,1,0.8538144826889038,1.3869647979736328
17,v_proj,gptq,128,896,0,0.002101353236607143,0.0012991768973214285,2.34148249202336,0.04803318394421093,5.996438980102539,4.081915855407715,6.068615436553955,14.025718688964844,12.79155445098877,15.528371810913086,0.6237149834632874,2.2893056869506836,0.15500366687774658,"757,646,208,483,559,70,570,578,386,263,773,67,777,351,591,709",133.9720458984375,,,,,0,4.678993225097656,7.197198867797852,6.939547061920166,8.655462265014648,"1.385,0.599,0.818,0.358,0.834,0.378,0.653,0.699",535.0241088867188,796.0946044921875,"142.9,576.9,603.1,313.5,813.2,399.4,479.8,951.3",43.827823638916016,45.80012130737305,"28.15,47.64,44.85,40.94,47.21,44.98,46.03,50.83","1.419,2.3,2.334,1.617,2.85,1.632,1.993,2.703","1.206,2.971,2.58,2.703,3.121,2.655,2.467,3.233",111,0.09065113961696625,30,0.0512503944337368,"56,646,483,386,208,844,455,704",0.28507018089294434,0.7880859375,0.7607421875,"0.0467,0.0797,0.0983,0.101,0.0676,0.108,0.0761,0.3","11.3,10.9,10.9,9.81,7.38,6.94,6.91,6.75","0.00124,0.00452,0.00632,0.000504,-0.00103,-0.0228,-0.0061,0.0162","0,0,0,0,0,-0.0202,0,0.0202","0,0,0,0,0,-0.017,0,0.0163",0.08740234375,0.0740867555141449,2,0.8580222129821777,0.37225139141082764
17,o_proj,gptq,896,896,0,0.0022333884725765306,0.0014698262117346938,6.915955892926775,0.0238833026002998,27.412700653076172,19.260482788085938,0.6822200417518616,8.123427391052246,1.22197687625885,7.020084381103516,0.996161937713623,6.884370803833008,0.05849963799118996,"92,452,672,644,875,708,890,669,864,284,516,836,642,677,680,679",77.86003112792969,,,,,0,0.2133382260799408,3.1284632682800293,0.8406325578689575,3.5066845417022705,"0.010,0.084,0.014,0.012,0.015,0.059,0.209,0.097",200.76300048828125,711.1119384765625,"21.73,261.6,31.95,32.48,36.31,189,723.2,309.8",9.628045082092285,10.985225677490234,"9.082,9.903,9.122,9.108,9.103,9.586,11.42,9.697","0.1726,0.5217,0.2019,0.189,0.2109,0.424,0.8967,0.5478","1.717,1.803,1.724,1.713,1.714,1.745,1.963,1.757",85,0.03317698836326599,485,0.025540512055158615,"92,348,284,412,156,28,220,516",4.006732940673828,0.7533482313156128,0.8729074001312256,"0.161,0.171,0.162,0.167,0.16,0.175,0.183,0.439","3.31,3.31,3.31,3.31,3.31,3.3,3.3,0.465","-0.0137,-0.0159,-0.0135,-0.0139,-0.0151,-0.00873,-0.0162,0.0126","-0.0564,0,0,0,-0.0564,0,0,0","0,0,0,-0.0264,0,0,0,0.0181",0.23828125,0.21038581430912018,1,0.03841772302985191,0.2640739977359772
17,gate_proj,gptq,4864,896,0,0.002129117349036654,0.0014643848390507518,55.251819879282266,0.0257113496884165,193.40167236328125,147.5399932861328,200.15826416015625,683.6865844726562,444.88958740234375,593.8098754882812,0.9201886057853699,54.95714569091797,0.1676468551158905,"570,208,646,757,450,578,58,35,697,337,262,53,263,728,821,773",321.48333740234375,,,,,0,198.61465454101562,272.0259094238281,243.2161865234375,321.4716491699219,"0.990,0.747,0.855,0.431,0.855,0.511,0.554,0.886",596.7991943359375,885.3631591796875,"148.6,639.9,645.8,351.4,914.3,444.8,560.4,1069",40.11756134033203,43.72016906738281,"35.35,40.76,36.86,37.38,42.6,40.08,41.7,46.21","14.49,14.6,13.85,10.04,15.95,11.72,12.78,17.83","14.57,16.89,14.98,15.29,17.25,16.4,17.18,18.94",708,0.008934499695897102,2389,0.010036985389888287,"601,646,208,483,704,58,570,721",0.2634739577770233,0.3679584860801697,0.3579358458518982,"1.53,1.65,1.47,1.48,1.56,1.59,1.97,1.51","7.16,7.06,5.44,4.88,4.81,4.75,4.72,4.66","-0.0182,-0.0496,-0.0166,0.0116,0.04,-0.00748,-0.00476,-0.00497","0,-0.0572,0,0.0572,0.0572,0,0,0","-0.0346,-0.0589,0,0,0.0294,0,0,0",0.2001953125,0.21297581493854523,1,1.5079338550567627,1.1408106088638306
17,up_proj,gptq,4864,896,0,0.002124757695018797,0.001431113795230263,32.15430426085368,0.021306060402281807,124.85261535644531,95.20740509033203,129.33123779296875,394.2611083984375,279.16973876953125,364.17340087890625,0.9201886057853699,32.11985778808594,0.14104555547237396,"570,208,646,757,450,578,58,35,697,337,263,728,53,262,821,773",321.48333740234375,,,,,0,120.81289672851562,166.44937133789062,157.61302185058594,197.00457763671875,"0.836,0.804,0.836,0.432,0.864,0.542,0.574,0.860",596.7991943359375,885.3631591796875,"148.6,639.9,645.8,351.4,914.3,444.8,560.4,1069",40.11756134033203,43.72016906738281,"35.35,40.76,36.86,37.38,42.6,40.08,41.7,46.21","10.39,11.51,10.88,7.937,12.85,9.38,10,13.83","11.36,12.83,11.91,12.07,13.83,12.74,13.2,14.92",4192,0.002845143433660269,1651,0.0034132597502321005,"601,646,208,483,704,58,570,721",0.2016066014766693,0.44253700971603394,0.46569183468818665,"1.12,1.01,0.924,1.11,1.22,1.09,0.56,1.26","7.16,7.06,5.44,4.88,4.81,4.75,4.72,4.66","-0.00127,-0.00221,0.00304,0.00854,0.0245,0.00824,-0.00173,-0.0195","0,0,0,0,0.0254,0,0,-0.0254","0,0,0,0,0.0266,0,0,-0.0133",0.0888671875,0.09282629936933517,1,0.6856642961502075,0.14294056594371796
17,down_proj,gptq,896,4864,0,0.0020426126351033836,0.001426754141212406,53.611051768990706,0.03840289902280773,148.47898864746094,96.27462768554688,4.541441917419434,9.798822402954102,12.1784086227417,12.583575248718262,0.8386749625205994,53.46880340576172,0.12928694486618042,"964,4050,4787,2888,3956,4345,4643,2337,45,4550,2212,1266,3301,676,475,2126",140.7095947265625,,,,,0,5.188519477844238,5.676601409912109,7.400137901306152,7.295259475708008,"0.200,0.820,0.954,0.517,1.260,0.564,0.689,1.137",5186.123046875,6961.7431640625,"165.7,3698,6363,2900,1.36e+04,2147,2778,9836",16.602439880371094,18.72149658203125,"5.231,15.22,17.19,17.41,25.02,15.84,15.34,21.57","0.3484,1.907,2.403,1.791,3.708,1.587,1.745,3.075","0.7797,2.105,2.46,2.491,3.304,2.112,2.102,2.884",490,0.02478870190680027,713,0.011815929785370827,"779,2888,4809,110,1420,4663,256,3478",0.2944510579109192,0.4063895344734192,0.4122489094734192,"0.517,0.349,0.542,0.534,0.511,0.527,0.546,0.537","8.44,6.22,5.69,3.69,3.31,3.22,2.94,2.89","0.000904,0.104,-0.00174,0.0454,-0.0232,-0.0237,0.0352,0.021","0,0.103,0,0,0,0,0,0","0,0.0876,0,0.0424,-0.0315,0,0.035,0.0407",0.359375,0.3080357313156128,6,0.5838255882263184,0.13724739849567413
18,q_proj,gptq,896,896,0,0.0021873007015306123,0.001509685905612245,15.060887082105182,0.0422213865767679,41.57301712036133,28.790748596191406,41.25843811035156,107.01573181152344,103.16133117675781,124.31946563720703,0.6420902609825134,14.835295677185059,0.22958678007125854,"208,646,570,56,757,591,494,173,709,483,559,263,386,70,578,337",124.3142318725586,,,,,0,42.349308013916016,58.36249542236328,55.28507995605469,64.93084716796875,"1.278,0.845,0.843,0.411,0.950,0.471,0.452,0.681",605.5924072265625,904.7432861328125,"151.6,578.9,655.9,342.4,1105,392.5,491.1,1127",42.733917236328125,45.78451156616211,"32.84,45.3,44.78,38.01,45.67,42.1,42.83,50.34","6.62,6.957,7.293,4.315,7.999,5.114,5.15,7.622","5.856,7.57,7.943,6.728,8.207,7.453,7.659,9.239",236,0.041795242577791214,226,0.03322792425751686,"56,646,483,844,208,386,455,712",0.3145988881587982,0.4635881781578064,0.4312221109867096,"0.75,0.509,0.645,0.518,0.425,0.569,0.723,0.769","10,9.5,8.62,8.12,8,7.84,6.38,5.88","-0.00693,0.00842,0.00897,-0.0181,0.033,0.00394,0.0195,-0.00336","0,0,0,-0.0505,0.0505,0,0,0","0,0,0,0,0.0371,0,0,0",0.2333984375,0.26337766647338867,1,1.6353590488433838,0.1854533851146698
18,k_proj,gptq,128,896,0,0.0023193359375,0.00152587890625,2.7349649939260416,0.04549877960163574,7.347049713134766,5.471102237701416,7.195789337158203,21.859533309936523,17.902137756347656,24.509384155273438,0.6420902609825134,2.7328014373779297,0.2578495144844055,"208,646,570,56,591,757,494,709,173,483,386,712,578,777,263,559",124.3142318725586,,,,,0,7.720181941986084,10.99515438079834,9.356016159057617,13.808805465698242,"1.116,0.513,0.915,0.495,0.950,0.563,0.530,0.614",605.5924072265625,904.7432861328125,"151.6,578.9,655.9,342.4,1105,392.5,491.1,1127",42.733917236328125,45.78451156616211,"32.84,45.3,44.78,38.01,45.67,42.1,42.83,50.34","2.665,2.56,3.177,1.871,3.639,2.323,2.278,3.268","2.523,3.575,3.321,2.658,3.733,3.096,3.129,4.172",121,0.07622604072093964,120,0.06511781364679337,"56,646,483,844,208,386,455,712",0.3551724851131439,0.3603515625,0.36328125,"0.427,0.385,0.395,0.402,0.358,0.39,0.405,0.445","10,9.5,8.62,8.12,8,7.84,6.38,5.88","-0.0889,0.0198,0.0183,0.02,0.0586,-0.0339,0.0393,-0.0728","-0.0993,0,0,0,0.0497,-0.0497,0.0497,-0.0993","-0.0854,0,0.0349,0,0.0748,-0.0349,0.0349,-0.0497",0.173828125,0.1489955335855484,7,1.0046231746673584,0.36038240790367126
18,v_proj,gptq,128,896,0,0.0022495814732142855,0.0014735630580357143,1.5948150985664142,0.023221564937909785,5.980002403259277,4.474269866943359,5.401981353759766,12.50489330291748,12.017353057861328,15.008543968200684,0.6420902609825134,1.5795764923095703,0.1325777918100357,"646,208,570,757,483,709,56,263,70,337,591,559,386,578,777,276",124.3142318725586,,,,,0,4.455097198486328,6.659123420715332,6.97497034072876,7.8944621086120605,"0.695,0.750,0.865,0.320,0.711,0.551,0.662,0.748",605.5924072265625,904.7432861328125,"151.6,578.9,655.9,342.4,1105,392.5,491.1,1127",42.733917236328125,45.78451156616211,"32.84,45.3,44.78,38.01,45.67,42.1,42.83,50.34","0.9057,2.238,2.347,1.492,2.788,1.684,1.973,2.752","1.086,2.585,2.524,2.636,3.306,2.269,2.425,3.183",4,0.0759422704577446,45,0.06921965628862381,"56,646,483,844,208,386,455,712",0.18687555193901062,0.8271484375,0.8642578125,"0.0415,0.111,0.0949,0.105,0.0917,0.102,0.0756,0.0594","10,9.5,8.62,8.12,8,7.84,6.38,5.88","0.0114,0.00977,0.0038,0.0192,-0.00916,-0.000341,0.00519,0.00494","0.0206,0,0,0.0206,0,0,0,0","0.0179,0,0,0.0254,0,0,0,0",0.0888671875,0.09111505001783371,1,0.7682902216911316,0.11777783930301666
18,o_proj,gptq,896,896,0,0.002305634167729592,0.0015159139827806123,9.7118041353242,0.03172004845638149,30.828372955322266,19.771198272705078,1.075838565826416,3.2536234855651855,1.1317825317382812,1.9600493907928467,0.8511639833450317,9.677327156066895,0.07360251247882843,"193,321,65,257,1,385,853,55,469,725,789,661,129,597,533,38",27.008121490478516,,,,,0,0.19902479648590088,0.4181249141693115,0.7412374019622803,1.2183128595352173,"0.097,0.344,0.302,0.355,0.221,0.681,0.620,0.507",131.6389923095703,495.2752990722656,"8.14,54.58,51.62,40.19,23.04,169.4,330.4,375.8",4.04154109954834,7.262904644012451,"2.779,3,3.091,2.964,2.764,3.943,6.625,7.168","0.1397,0.2686,0.2856,0.2831,0.2078,0.4822,0.7366,0.7214","0.4483,0.458,0.5196,0.4755,0.4416,0.5845,0.9352,1.013",264,0.016769174486398697,490,0.09620083123445511,"257,321,385,1,65,725,469,789",1.0493258237838745,0.620675265789032,0.6622489094734192,"0.194,0.191,0.339,0.329,0.339,0.459,0.315,0.437","0.723,0.719,0.715,0.715,0.652,0.582,0.582,0.566","-0.00586,-0.00354,0.00671,0.00175,-0.00565,0.00772,0.00763,0.0104","0,0,0,0,0,0.0148,0,0.0148","0,0,0,0,0,0.0148,0,0.014",0.07421875,0.09101800620555878,1,0.02690550498664379,0.000661749392747879
18,gate_proj,gptq,4864,896,0,0.0022025431009163533,0.0014825118215460527,43.16742274072021,0.022118047709592373,164.9293212890625,124.43121337890625,167.61082458496094,499.64874267578125,371.56878662109375,455.3995056152344,0.9338126182556152,43.07238006591797,0.1585267037153244,"570,578,208,646,450,58,757,697,263,35,262,337,728,821,53,601",279.3832092285156,,,,,0,166.42051696777344,210.39614868164062,214.11709594726562,259.6014099121094,"0.929,0.826,0.959,0.443,0.948,0.615,0.625,0.857",656.552490234375,949.8756713867188,"155,635.4,726,373.8,1194,421.1,538.8,1209",38.4163932800293,42.831520080566406,"35.59,36.3,36.74,35.35,44.66,34.24,37.5,46.95","12.69,12.38,13.39,9.023,16.16,9.945,11.27,16.41","13.17,13.62,13.68,13.56,16.6,12.68,14.25,17.72",1933,0.004747186321765184,3747,0.014956481754779816,"601,58,721,646,570,208,611,649",0.18565286695957184,0.3412571847438812,0.3376079499721527,"1.48,1.55,1.48,1.53,1.93,1.43,1.53,1.46","6.94,5.34,5.22,5.06,4.84,4.84,4.75,4.72","-0.051,-0.0217,0.0415,-0.0684,-0.0103,0.0239,-0.0217,0.0229","-0.0527,-0.0527,0.0527,-0.0527,0,0,0,0.0246","-0.041,0,0.03,-0.06,0,0.0357,-0.041,0.03",0.189453125,0.20939938724040985,1,1.1137280464172363,0.03346080332994461
18,up_proj,gptq,4864,896,0,0.0021720255227913533,0.001449699688674812,31.521038672421128,0.019298172034987616,130.51739501953125,100.075439453125,134.10794067382812,369.3472900390625,292.7265625,358.9734191894531,0.9338126182556152,31.477787017822266,0.13394074141979218,"570,208,578,646,450,58,757,697,35,263,337,728,821,262,601,53",279.3832092285156,,,,,0,130.50112915039062,167.56967163085938,171.36972045898438,207.5543212890625,"0.786,0.841,0.910,0.465,0.959,0.606,0.631,0.848",656.552490234375,949.8756713867188,"155,635.4,726,373.8,1194,421.1,538.8,1209",38.4163932800293,42.831520080566406,"35.59,36.3,36.74,35.35,44.66,34.24,37.5,46.95","10.44,11.03,11.8,8.123,14.85,8.77,9.845,14.62","11.77,12.03,12.37,11.91,15.16,11.27,12.4,15.88",3537,0.004824741277843714,957,0.005150153301656246,"601,58,721,646,570,208,611,649",0.1364080309867859,0.4025750458240509,0.4250102937221527,"1.15,1.16,1.28,1.17,0.577,0.951,1.29,1.41","6.94,5.34,5.22,5.06,4.84,4.84,4.75,4.72","0.00305,0.0127,0.0122,-0.0105,0.0015,-0.00751,0.00952,-0.00146","0,0,0,0,0,0,0,-0.00866","0,0.0177,0,0,0,0,0,0",0.1982421875,0.1699218899011612,1,1.0312352180480957,0.4507330656051636
18,down_proj,gptq,896,4864,0,0.0020419242686795114,0.0014597957295582706,47.27417035457029,0.031158786593059814,144.39993286132812,97.13143157958984,4.77342414855957,9.634077072143555,14.06890869140625,13.49178695678711,0.44283953309059143,47.09923553466797,0.10813169926404953,"150,1445,3967,674,3194,1256,1803,1159,626,234,1149,1711,4249,3550,4212,3475",89.15165710449219,,,,,0,7.341706275939941,7.218103408813477,9.034575462341309,8.337875366210938,"0.198,1.249,1.096,0.469,1.329,0.859,0.787,1.112",6571.712890625,7971.0048828125,"172.6,4405,4517,3455,1.82e+04,4647,2416,1.476e+04",17.876502990722656,19.918262481689453,"5.876,14.71,15.78,19.95,27.86,19.62,12.89,26.33","0.3674,2.24,2.409,1.983,4.36,2.581,1.608,3.948","0.8251,2.004,2.302,2.897,3.781,2.785,1.813,3.744",490,0.015225290320813656,634,0.01167848240584135,"4212,4798,4427,2994,4311,2384,1794,4114",0.138722762465477,0.3600725531578064,0.3563058078289032,"0.432,0.634,0.59,0.604,0.554,0.527,0.585,0.521","5.06,4.75,4.25,3.69,3.25,3.14,2.92,2.8","0.32,0.0244,-0.0366,0.0266,-0.0144,-0.0231,0.0359,-0.064","0.258,0,-0.0393,0.0533,-0.0393,0,0.0414,-0.104","0.275,0.0283,-0.0536,0,0,-0.0402,0.0684,-0.0915",0.451171875,0.38671875,2,0.5379984974861145,0.03829105943441391
19,q_proj,gptq,896,896,0,0.002199756855867347,0.001441177056760204,14.530804281239398,0.03861635367809851,38.278907775878906,25.18364715576172,36.07183074951172,117.3992919921875,95.62919616699219,132.27487182617188,0.6101850271224976,14.475300788879395,0.24850638210773468,"646,208,570,483,56,591,757,559,494,709,173,386,337,276,712,263",148.76309204101562,,,,,0,38.42607879638672,60.65275573730469,43.852867126464844,67.69778442382812,"1.018,0.689,0.678,0.382,0.855,0.382,0.345,0.764",550.796630859375,786.114501953125,"152.8,479.4,489.7,300.5,1081,403.3,414.5,1086",46.004852294921875,49.37599182128906,"33.13,52.96,44.72,41.25,47.77,46.13,49.31,52.79","5.652,7.162,6.248,4.219,7.515,4.735,4.685,8.154","5.603,8.626,7.587,6.822,8.13,7.657,7.972,9.33",186,0.02990584261715412,224,0.02580472081899643,"483,56,646,386,455,844,712,208",0.4372555613517761,0.4712611734867096,0.4937221109867096,"0.486,0.553,0.455,0.459,0.534,0.579,0.523,0.527","12.8,12,9.69,9.06,8.81,8.38,7.97,7.28","-0.0171,0.0449,0.00418,0.051,-0.0505,0.00446,-0.0303,0.0106","0,0.043,0,0.043,-0.043,0.043,-0.043,0","0,0.0419,0,0.0371,-0.0371,0,-0.0282,0",0.150390625,0.17324386537075043,1,1.2995831966400146,0.6324940323829651
19,k_proj,gptq,128,896,0,0.002232142857142857,0.0014299665178571428,2.6825532810980803,0.04864037786779201,6.381577491760254,4.146945476531982,6.280797958374023,19.255918502807617,16.87233543395996,22.20734405517578,0.6101850271224976,2.668919563293457,0.2690434157848358,"646,570,208,483,56,709,591,757,494,173,559,386,712,337,276,263",148.76309204101562,,,,,0,7.286355018615723,10.779447555541992,7.915342330932617,11.251047134399414,"0.903,0.699,0.980,0.414,0.826,0.475,0.304,0.815",550.796630859375,786.114501953125,"152.8,479.4,489.7,300.5,1081,403.3,414.5,1086",46.004852294921875,49.37599182128906,"33.13,52.96,44.72,41.25,47.77,46.13,49.31,52.79","2.326,3.177,2.921,1.744,3.419,2.169,1.905,3.345","2.448,3.8,2.951,2.711,3.761,3.148,3.459,3.705",17,0.08743344992399216,23,0.05590089410543442,"483,56,646,386,455,844,712,208",0.4342987835407257,0.412109375,0.3896484375,"0.281,0.383,0.299,0.288,0.304,0.312,0.342,0.288","12.8,12,9.69,9.06,8.81,8.38,7.97,7.28","0.0104,-0.00711,0.00543,0.00616,0.015,0.0464,0.00885,0.0286","0,0,0,0,0.0254,0.0254,0,0.0254","0,0,0,0,0,0.0592,0,0.0366",0.1357421875,0.11979921162128448,1,1.0109702348709106,0.2950381636619568
19,v_proj,gptq,128,896,0,0.0022147042410714285,0.0017264229910714285,1.8572615224838955,0.031524896430539864,5.566954135894775,3.8503925800323486,4.937498569488525,16.346572875976562,13.451864242553711,19.476322174072266,0.6101850271224976,1.8382411003112793,0.19428153336048126,"646,483,56,570,709,208,757,494,591,386,559,337,173,263,777,276",148.76309204101562,,,,,0,5.157727241516113,8.849244117736816,6.860768795013428,10.905447959899902,"1.110,0.475,0.495,0.302,1.016,0.435,0.324,0.798",550.796630859375,786.114501953125,"152.8,479.4,489.7,300.5,1081,403.3,414.5,1086",46.004852294921875,49.37599182128906,"33.13,52.96,44.72,41.25,47.77,46.13,49.31,52.79","1.824,2.364,2.048,1.509,2.982,1.901,1.838,3.161","1.731,3.431,2.912,2.747,2.959,2.881,3.229,3.538",1,0.05528867617249489,119,0.05783676356077194,"483,56,646,386,455,844,712,208",0.23600497841835022,0.595703125,0.640625,"0.147,0.124,0.121,0.155,0.175,0.158,0.178,0.104","12.8,12,9.69,9.06,8.81,8.38,7.97,7.28","-0.0083,0.0107,-0.0154,-0.00909,-0.0166,0.0143,0.0271,0.00143","-0.0146,0.0146,-0.0146,0,-0.0146,0.0146,0.0293,0","0,0.0167,-0.0218,0,-0.023,0.0204,0.0218,0",0.08056640625,0.09341249614953995,1,0.7011465430259705,0.2354993373155594
19,o_proj,gptq,896,896,0,0.0022383709343112247,0.0015146683673469387,9.592620560129035,0.03638294400950843,29.27411651611328,17.41716957092285,1.3119709491729736,5.510493278503418,1.808617353439331,3.7959609031677246,0.7187671065330505,9.546940803527832,0.02373424544930458,"256,685,192,64,93,658,53,29,676,557,221,388,660,652,679,749",9.364679336547852,,,,,0,0.4798491299152374,1.0618140697479248,1.0063186883926392,2.3054566383361816,"0.137,0.334,0.276,0.356,0.389,0.519,0.614,0.374",232.3246307373047,487.60467529296875,"26.48,89.63,78.31,132.6,107.7,237.8,799,387.1",7.165461540222168,11.016584396362305,"4.592,5.583,4.793,6.116,5.804,7.619,12.89,9.929","0.2347,0.4611,0.3637,0.5064,0.489,0.7393,1.319,0.8111","0.6335,0.7979,0.6919,0.8481,0.7841,1.026,1.683,1.327",459,0.033408381044864655,144,0.029411207884550095,"493,685,877,256,557,277,273,625",0.3333175778388977,0.4341517984867096,0.4474051594734192,"0.418,0.457,0.283,0.244,0.621,0.386,0.341,0.526","1.11,1.09,0.984,0.871,0.82,0.77,0.727,0.648","0.0449,0.0156,-0.0248,0.0334,0.0527,-0.0146,-0.0376,0.0112","0.0547,0.0273,-0.0273,0.0273,0.0547,0,-0.0523,0","0.0544,0.0247,-0.0219,0.0312,0.0624,0,-0.0312,0.0208",0.28125,0.24294838309288025,1,0.08938178420066833,0.005671471823006868
19,gate_proj,gptq,4864,896,0,0.002182121563674812,0.001483659098919173,45.858051559422165,0.02358106585468743,173.30596923828125,132.81448364257812,220.87664794921875,761.800537109375,522.0162353515625,683.141357421875,0.8998127579689026,45.34299850463867,0.16972319781780243,"570,208,646,757,578,450,490,262,58,53,337,263,697,35,728,821",296.12896728515625,,,,,0,242.33685302734375,319.81707763671875,281.0021057128906,368.6432800292969,"0.937,0.716,0.777,0.438,1.002,0.610,0.558,0.823",655.2525634765625,930.1535034179688,"158.9,597,596,354.2,1277,516.3,522.4,1220",45.120574951171875,49.15076446533203,"46.41,42.71,41.42,40.1,50.87,41.9,44.69,52.87","17.63,14.35,14.55,10.48,20.11,12.98,12.88,19.03","18.21,16.95,16.51,15.83,20.08,16.61,17.24,20.97",1711,0.023676658049225807,4588,0.009674478322267532,"601,490,208,611,687,667,721,250",0.13777868449687958,0.3459858298301697,0.34529194235801697,"1.53,1.35,1.41,1.49,1.4,1.49,1.46,1.43","7.78,7.53,6.25,5.94,5.88,5.78,5.59,5.5","-0.0684,-0.0173,-0.0289,0.00141,0.0242,0.00386,0.00528,0.013","-0.0999,0,0,0,0,0,0,0","-0.0661,0,0,0,0,0,0,0",0.349609375,0.2996652126312256,2,3.0936567783355713,0.48057758808135986
19,up_proj,gptq,4864,896,0,0.0021392133899201127,0.0014508469660479324,34.376648934790865,0.01991531503893461,143.6480255126953,112.94432067871094,184.12954711914062,588.267578125,419.93865966796875,553.4354248046875,0.8998127579689026,34.250675201416016,0.14424921572208405,"570,208,646,757,578,450,490,337,58,263,697,35,262,53,728,821",296.12896728515625,,,,,0,192.25302124023438,255.86788940429688,232.21421813964844,301.3548889160156,"0.798,0.719,0.752,0.463,0.954,0.647,0.566,0.896",655.2525634765625,930.1535034179688,"158.9,597,596,354.2,1277,516.3,522.4,1220",45.120574951171875,49.15076446533203,"46.41,42.71,41.42,40.1,50.87,41.9,44.69,52.87","14.72,12.76,12.98,9.492,17.8,11.79,11.6,17.6","16.49,15.04,14.97,13.95,18.23,14.66,15.42,18.59",4327,0.003046795492991805,2588,0.00447814678773284,"601,490,208,611,687,667,721,250",0.1234331801533699,0.3988743722438812,0.43107524514198303,"1.14,0.681,0.953,1.33,1.39,1.39,1.3,1.43","7.78,7.53,6.25,5.94,5.88,5.78,5.59,5.5","0.00964,0.00139,0.000645,0.0435,0.00598,-0.0186,-0.0422,-0.0072","0,0,0,0.0382,0,-0.0231,-0.0382,0","0.0175,0,0,0.035,0,-0.0147,-0.0442,0",0.08251953125,0.07688601315021515,1,0.9825441837310791,0.3622661232948303
19,down_proj,gptq,896,4864,0,0.002017372532894737,0.0014928373179041354,68.42439748074457,0.042797822207382236,176.79901123046875,110.97505187988281,9.234992980957031,22.137765884399414,27.15528678894043,27.643104553222656,0.6262860894203186,68.05352020263672,0.19677869975566864,"4257,1361,3172,1116,1714,2009,4794,403,714,2614,2989,2764,4041,2812,2525,3616",42.23240661621094,,,,,0,12.514781951904297,12.373973846435547,16.239994049072266,16.691875457763672,"0.378,0.942,0.790,0.619,1.379,0.744,0.698,1.221",5557.6572265625,7024.22265625,"237.1,4009,3717,2733,1.807e+04,2186,2521,1.098e+04",22.083280563354492,26.851200103759766,"13.02,19.43,19.67,20.75,33.91,18.77,21.03,30.09","1.315,2.788,2.87,2.456,6.181,2.35,2.6,5.086","2.14,2.873,3.228,3.122,5.264,2.725,3.111,4.603",62,0.01130759809166193,601,0.01330146100372076,"4118,3148,2182,1730,3240,2658,942,2009",0.1817084699869156,0.3497489094734192,0.3705357313156128,"0.571,0.656,0.597,0.562,0.578,0.544,0.575,0.478","5.41,5.09,5,4.88,4.28,4.06,4,3.91","-0.000957,-0.0129,-0.00112,-0.00157,0.000721,0.00111,0.00154,0.0109","0,-0.0145,0,0,0,0,0,0","0,-0.0202,0,0,0,0,0,0.0162",0.1875,0.1607142984867096,1,0.6572595238685608,0.08401115983724594
20,q_proj,gptq,896,896,0,0.0020714584661989796,0.0014997209821428572,18.006957446414162,0.04817601127677385,42.759788513183594,26.53934097290039,49.7218017578125,138.22084045410156,121.82870483398438,161.94638061523438,0.6660835146903992,17.90133285522461,0.24007463455200195,"646,591,56,208,757,709,173,483,494,570,386,559,276,712,777,263",86.37542724609375,,,,,0,54.183135986328125,68.49982452392578,55.1405029296875,84.53471374511719,"0.946,0.907,0.840,0.487,1.097,0.641,0.515,0.847",553.5140991210938,761.481689453125,"169.4,497.1,503.4,309.3,1087,439.4,418.4,1004",49.401100158691406,53.50153350830078,"40.7,54.7,45.55,42.11,49.53,55.03,52.41,55.19","6.7,8.511,7.351,4.93,8.544,6.969,5.949,8.991","6.887,8.936,8.02,7.065,8.157,8.702,8.293,9.77",221,0.019096532836556435,413,0.016738420352339745,"208,483,56,844,386,646,712,420",0.33924341201782227,0.5118582844734192,0.5157645344734192,"0.348,0.577,0.585,0.495,0.496,0.446,0.696,0.316","13.4,11,11,9.69,8.31,7.88,7.47,6.38","-0.0231,-0.0601,-0.00349,-0.00647,-0.00217,0.04,-0.0112,-0.04","-0.0366,-0.0731,0,0,0,0.0366,0,-0.0366","-0.0208,-0.0645,0,0,0,0.0427,-0.0213,-0.043",0.1279296875,0.1462053656578064,1,1.1807596683502197,0.1967393159866333
20,k_proj,gptq,128,896,0,0.0021798270089285715,0.00152587890625,3.1458021336147794,0.06264284051354951,6.480597972869873,3.7974610328674316,8.292630195617676,20.273345947265625,20.892723083496094,24.22592544555664,0.6660835146903992,3.111726999282837,0.2639678120613098,"646,591,56,757,173,208,709,483,494,570,386,559,777,276,263,773",86.37542724609375,,,,,0,8.169061660766602,11.70944595336914,8.859609603881836,11.894759178161621,"1.241,0.932,0.826,0.434,1.000,0.518,0.364,0.668",553.5140991210938,761.481689453125,"169.4,497.1,503.4,309.3,1087,439.4,418.4,1004",49.401100158691406,53.50153350830078,"40.7,54.7,45.55,42.11,49.53,55.03,52.41,55.19","2.653,3.369,2.799,1.947,3.23,2.854,2.257,3.416","2.382,3.49,3.079,2.956,3.231,3.965,3.739,4.178",88,0.12765370309352875,125,0.09455489367246628,"208,483,56,844,386,646,712,420",0.3947901427745819,0.341796875,0.33203125,"0.31,0.351,0.442,0.445,0.36,0.347,0.383,0.245","13.4,11,11,9.69,8.31,7.88,7.47,6.38","0.026,-0.0381,0.053,0.022,0.00166,0.0171,-0.0435,-0.028","0.0441,-0.0441,0.0441,0,0,0,-0.0441,-0.0441","0.0265,-0.0388,0.0441,0.0227,0,0.0194,-0.0388,-0.0194",0.154296875,0.1322544813156128,2,1.1541999578475952,0.052723612636327744
20,v_proj,gptq,128,896,0,0.00225830078125,0.00146484375,5.826179666360986,0.08435546512096347,11.019790649414062,9.195816040039062,17.331195831298828,34.70777893066406,35.24610900878906,37.977699279785156,0.6660835146903992,5.665952682495117,0.18303975462913513,"757,646,483,386,773,263,208,70,559,777,100,181,350,821,578,142",86.37542724609375,,,,,0,15.690439224243164,17.963563919067383,17.169063568115234,18.4212703704834,"1.476,1.002,0.750,0.353,0.817,0.890,0.920,1.148",553.5140991210938,761.481689453125,"169.4,497.1,503.4,309.3,1087,439.4,418.4,1004",49.401100158691406,53.50153350830078,"40.7,54.7,45.55,42.11,49.53,55.03,52.41,55.19","2.196,4.712,3.211,2.486,4.317,4.661,4.048,5.026","1.807,4.707,3.708,4.184,4.775,4.94,4.22,4.692",72,0.09962158650159836,103,0.12125919759273529,"208,483,56,844,386,646,712,420",0.31305626034736633,0.8984375,0.8671875,"0.0821,0.133,0.0359,0.128,0.119,0.0989,0.0358,0.435","13.4,11,11,9.69,8.31,7.88,7.47,6.38","0.0206,0.014,-0.00372,-0.0033,-0.0138,0.00766,0.00464,-0.0187","0,0,0,0,0,0,0,0","0,0,0,0,0,0,0,-0.0357",0.2109375,0.1808035671710968,1,1.362413763999939,0.3487876057624817
20,o_proj,gptq,896,896,0,0.0022196867028061226,0.0014698262117346938,7.667047437586007,0.02142020100177275,33.635318756103516,23.43731689453125,1.7579489946365356,20.65594482421875,2.4263217449188232,19.555522918701172,0.9991897940635681,7.595583915710449,0.05515483021736145,"721,415,785,822,351,31,159,95,391,502,758,886,403,664,430,787",98.4500732421875,,,,,0,0.6247408390045166,8.975931167602539,1.4473564624786377,9.696449279785156,"0.006,0.026,0.096,0.047,0.036,0.136,0.119,0.065",202.364013671875,435.42724609375,"13.52,61.73,272.6,157,93.64,424,390.6,205.8",16.184234619140625,17.01506805419922,"15.19,15.48,16.79,15.89,15.74,17.69,16.44,16.26","0.2214,0.473,0.9396,0.6357,0.5557,1.203,1.054,0.755","2.849,2.917,3.03,2.945,2.931,3.259,3.057,2.961",419,0.019299454987049103,401,0.009920001029968262,"849,593,465,785,721,657,529,856",2.016172170639038,0.7679966688156128,0.866769015789032,"0.161,0.143,0.155,0.148,0.172,0.145,0.145,0.474","6,5.59,5.59,5.53,5.53,5.53,5.53,1.09","0.00565,0.00195,0.00252,0.00482,0.00577,0.00316,0.00455,-0.0282","0,0,0,0.0188,0.0188,0,0,-0.0188","0,0,0,0,0,0,0,-0.0229",0.09326171875,0.08186692744493484,1,0.07719872891902924,0.11793187260627747
20,gate_proj,gptq,4864,896,0,0.0021447203213110903,0.0014386858258928572,47.70331110386178,0.025314750480002788,171.62791442871094,129.9246826171875,231.5111541748047,756.0629272460938,555.492431640625,713.3602905273438,0.845260739326477,47.41261291503906,0.14216621220111847,"570,757,646,208,58,450,697,728,578,35,263,337,53,601,662,531",231.84214782714844,,,,,0,273.631103515625,347.4544677734375,279.515625,392.0247802734375,"0.909,0.816,0.885,0.451,0.974,0.648,0.540,0.836",658.6910400390625,917.81787109375,"177.4,592.4,586.9,367.1,1328,514.3,487.6,1215",47.56731033325195,51.113868713378906,"59.27,43.47,40.67,40.8,53.83,43.44,44.01,55.06","21.94,14.98,14.8,10.7,20.39,13.69,12.57,19.71","23.01,16.59,15.73,15.94,20.66,17.01,17.11,21.55",3114,0.006410403177142143,3570,0.019237317144870758,"208,601,490,485,250,58,852,539",0.14214211702346802,0.3616108298301697,0.3647975027561188,"1.36,1.48,1.26,1.41,1.4,1.45,1.42,1.45","9.56,8.44,7.12,6.91,6.16,6.06,5.84,5.22","0.0156,0.137,-0.0302,0.0295,0.0058,0.00909,0.00308,0.00928","0,0.13,-0.0432,0.0432,0,0,0,0.0211","0.0212,0.117,-0.0257,0.0257,0,0,0,0",0.1513671875,0.172991082072258,1,1.632124900817871,0.3668280839920044
20,up_proj,gptq,4864,896,0,0.0021348537359022557,0.0015013271704652255,40.315503168385476,0.02222579208180438,155.14712524414062,118.04828643798828,209.4957275390625,648.6378173828125,486.081298828125,616.6534423828125,0.845260739326477,40.04728698730469,0.12707526981830597,"570,646,757,208,58,450,697,578,728,263,35,337,53,601,531,662",231.84214782714844,,,,,0,235.5924072265625,302.328125,257.78424072265625,340.70037841796875,"0.838,0.801,0.856,0.465,0.969,0.695,0.560,0.841",658.6910400390625,917.81787109375,"177.4,592.4,586.9,367.1,1328,514.3,487.6,1215",47.56731033325195,51.113868713378906,"59.27,43.47,40.67,40.8,53.83,43.44,44.01,55.06","19.57,13.91,13.72,10.13,19.26,12.98,12,18.28","21.37,15.55,14.83,14.85,19.57,15.56,16.03,19.94",1588,0.0029211712535470724,2799,0.003809126326814294,"208,601,490,485,250,58,852,539",0.13150401413440704,0.4182514548301697,0.4467516541481018,"0.949,1.08,0.815,1.02,1.43,1.26,1.48,1.46","9.56,8.44,7.12,6.91,6.16,6.06,5.84,5.22","0.0123,-0.0178,0.0457,0.0374,0.00656,-0.00671,-0.0015,0.0114","0.013,-0.013,0.0391,0.0391,0.0107,0,0,0.0125","0.00984,-0.0151,0.0517,0.0345,0.00984,-0.0126,0,0.0151",0.0869140625,0.09931033104658127,1,1.0407251119613647,0.3279484212398529
20,down_proj,gptq,896,4864,0,0.002036417337288534,0.001529779649318609,70.18319648884062,0.042351655268594066,180.4398193359375,111.36431884765625,13.083480834960938,36.718292236328125,33.631256103515625,38.17101287841797,0.8083166480064392,69.81988525390625,0.16846559941768646,"4595,494,2858,1942,1588,3457,4588,3722,408,3925,4741,3279,137,4597,637,316",113.63579559326172,,,,,0,16.5372257232666,19.796810150146484,18.925983428955078,22.708053588867188,"0.076,0.798,0.493,0.538,1.137,0.968,0.676,0.906",5249.19775390625,6021.220703125,"172.8,3025,2637,2275,1.177e+04,9043,3394,9675",28.4449462890625,31.47867202758789,"14.01,22.99,26.36,25.53,37.82,34.62,25.67,40.56","0.5845,3.13,2.791,2.866,6.201,5.051,3.166,5.672","2.125,3.503,3.977,3.907,5.815,5.133,3.851,5.959",507,0.014116603881120682,490,0.046973131597042084,"4681,2858,1246,308,3459,1093,4741,1894",0.17855195701122284,0.4174107313156128,0.4257812798023224,"0.516,0.447,0.644,0.579,0.492,0.426,0.488,0.48","7.56,7.03,4.88,4.88,4.84,4.81,4.72,4.44","0.00488,-0.00671,0.00754,0.00793,-0.00806,0.000431,0.00818,0.000203","0.00807,0,0.0146,0,-0.0103,0,0,0","0.00785,-0.012,0.0142,0.00942,0,0,0.0129,0",0.1435546875,0.12602929770946503,1,0.7367182374000549,0.08005425333976746
21,q_proj,gptq,896,896,0,0.002149932238520408,0.0014698262117346938,19.756889634518302,0.05438392595447866,43.85432434082031,26.90027618408203,48.59370803833008,141.7596435546875,109.34866333007812,166.34951782226562,0.7600603699684143,19.393878936767578,0.24366183578968048,"646,483,591,757,56,208,173,709,386,70,559,494,276,773,337,712",45.28496551513672,,,,,0,49.76927947998047,73.0892333984375,45.66920471191406,81.1062240600586,"0.886,0.683,0.671,0.528,0.939,0.691,0.402,0.689",416.88397216796875,534.3858642578125,"193.5,390.8,262.4,248.3,765.4,470.9,333.4,670.4",50.825355529785156,54.81183624267578,"41.59,58.86,38.37,44.38,51.85,59.2,59.05,53.31","8.059,8.131,5.377,5.307,7.894,7.587,6.029,7.334","8.564,9.839,6.564,7.303,8.145,9.129,9.505,8.838",767,0.031453464180231094,579,0.029999475926160812,"56,208,386,483,804,712,733,699",0.37797629833221436,0.6208147406578064,0.6598772406578064,"0.635,0.477,0.512,0.603,0.112,0.745,0.116,0.136","14.1,12.9,11.2,10.8,9.56,8.25,7.91,7.25","-0.0903,-0.0216,0.0342,0.0115,-0.000576,0.054,0.00449,0.00348","-0.103,-0.0345,0.0345,0,0,0.0689,0,0","-0.103,-0.0264,0.0345,0,0,0.0552,0,0",0.12060546875,0.137834832072258,1,1.400008201599121,0.5856872200965881
21,k_proj,gptq,128,896,0,0.0022147042410714285,0.0012468610491071428,3.7314518097773544,0.09012582829268055,6.643068313598633,3.5757226943969727,8.940032005310059,19.26880645751953,19.971546173095703,24.243701934814453,0.7600603699684143,3.61380672454834,0.27719923853874207,"646,591,757,483,56,709,494,559,70,208,173,386,276,570,773,777",45.28496551513672,,,,,0,8.194230079650879,10.761509895324707,7.894907474517822,12.351717948913574,"0.870,1.011,0.690,0.797,1.094,0.513,0.437,0.837",416.88397216796875,534.3858642578125,"193.5,390.8,262.4,248.3,765.4,470.9,333.4,670.4",50.825355529785156,54.81183624267578,"41.59,58.86,38.37,44.38,51.85,59.2,59.05,53.31","2.739,3.48,2.229,2.432,3.402,2.77,2.423,3.152","2.936,3.462,2.683,2.724,3.253,3.867,3.668,3.446",61,0.08897393196821213,92,0.11386419087648392,"56,208,386,483,804,712,733,699",0.3015326261520386,0.533203125,0.5458984375,"0.465,0.294,0.336,0.317,0.0639,0.361,0.0588,0.0763","14.1,12.9,11.2,10.8,9.56,8.25,7.91,7.25","0.0178,0.000504,0.138,0.0405,0.00739,0.0608,-0.00191,0.00143","0,0,0.118,0.0393,0,0.0787,0,0","0.0251,0,0.118,0.0393,0,0.0698,0,0",0.1376953125,0.1180245578289032,3,1.0149075984954834,0.4560161828994751
21,v_proj,gptq,128,896,0,0.002197265625,0.0013950892857142857,9.100790167398372,0.08895064651743755,16.13957977294922,11.238320350646973,29.976295471191406,46.99031066894531,53.076026916503906,49.85822296142578,0.7600603699684143,8.915122032165527,0.16840630769729614,"757,70,646,208,773,483,507,100,386,807,181,263,351,519,81,2",45.28496551513672,,,,,0,23.509654998779297,22.49509620666504,22.611923217773438,26.269229888916016,"0.643,1.318,1.005,0.752,1.152,0.997,0.762,1.592",416.88397216796875,534.3858642578125,"193.5,390.8,262.4,248.3,765.4,470.9,333.4,670.4",50.825355529785156,54.81183624267578,"41.59,58.86,38.37,44.38,51.85,59.2,59.05,53.31","2.676,5.626,3.505,3.412,5.536,6.248,4.895,5.63","3.338,4.9,3.496,3.933,5.158,6.259,5.605,4.462",102,0.11158479005098343,29,0.06241830438375473,"56,208,386,483,804,712,733,699",0.2221159040927887,0.708984375,0.6669921875,"0.0275,0.156,0.086,0.0839,0.655,0.0389,0.651,0.622","14.1,12.9,11.2,10.8,9.56,8.25,7.91,7.25","-0.00356,-0.00677,0.00104,0.00885,-0.0108,0.000149,-0.0381,-0.0188","0,0,0,0,0,0,-0.0566,0","0,0,0,0,0,0,-0.0257,-0.0257",0.1982421875,0.1699218899011612,2,1.8492677211761475,0.43568629026412964
21,o_proj,gptq,896,896,0,0.0022695113201530613,0.0014984753667091836,8.685743161207938,0.022396207529643507,33.53759765625,24.115840911865234,7.16776704788208,58.32798767089844,11.052962303161621,66.55796813964844,0.9973999261856079,8.65439510345459,0.10268974304199219,"179,639,618,615,612,621,581,590,631,607,627,617,603,602,625,586",86.08119201660156,,,,,0,2.121757984161377,27.490354537963867,3.6144766807556152,28.10279083251953,"0.007,0.058,0.057,0.019,0.076,0.118,0.174,0.079",129.27264404296875,275.2484130859375,"12.31,109.5,68.08,31.83,36.62,496.7,201.7,77.44",23.474353790283203,24.005325317382812,"21.33,23.08,23.4,22.09,23,25.46,25.53,23.92","0.4202,1.242,1.237,0.7062,1.417,1.928,2.291,1.501","4.92,5.172,5.163,5.063,5.131,5.622,5.494,5.344",490,0.047719232738018036,278,0.00846240296959877,"51,435,243,371,307,179,115,612",0.811164915561676,0.786690890789032,0.9168527126312256,"0.14,0.141,0.137,0.129,0.132,0.142,0.145,0.619","8,7.94,7.94,7.91,7.91,7.91,7.88,3.12","-0.0483,-0.0486,-0.0515,-0.0486,-0.0479,-0.0496,-0.0491,-0.336","0,0,-0.096,-0.096,0,-0.096,-0.096,-0.384","-0.0396,-0.0511,-0.0516,-0.0491,-0.0491,-0.0516,-0.0396,-0.288",0.3359375,0.3839285969734192,1,0.30962157249450684,0.13740845024585724
21,gate_proj,gptq,4864,896,0,0.0022218173607847745,0.001460943006931391,49.33733527671211,0.02648564009847598,165.21221923828125,118.49122619628906,236.53021240234375,583.2835693359375,784.250732421875,911.4700927734375,0.5958151817321777,49.36011505126953,0.18200692534446716,"62,570,58,450,697,578,35,728,646,208,531,337,263,757,601,53",95.52685546875,,,,,0,919.8909301757812,1149.4693603515625,251.61602783203125,320.99993896484375,"0.790,0.955,1.043,0.525,0.897,0.874,0.686,0.918",632.7078857421875,872.2203369140625,"204.5,620.1,364,394.4,1198,795.9,454.5,1031",69.6969985961914,48.72348403930664,"258.3,40.66,31.38,39.86,53.17,44.89,38.97,50.39","76.88,14.26,11.73,10.48,18.22,15.15,11.53,17.41","86.52,14.59,11.49,14.45,19.23,16.21,13.92,18.17",340,0.007608156185597181,856,0.007394724991172552,"601,485,62,58,208,439,23,250",0.1731601357460022,0.3196186423301697,0.3198499083518982,"1.52,1.71,1.16,1.5,1.48,1.48,1.42,1.36","9.75,9.19,9,8.94,8.38,6.81,6.31,6.19","-0.0188,0.0654,-0.0156,-0.00565,0.0618,-0.063,0.00681,-0.012","-0.0251,0.0502,-0.0251,0,0.0753,-0.0753,0,0","-0.0304,0.0586,-0.0272,0,0.0594,-0.0586,0,0",0.1181640625,0.12442873418331146,1,1.5889179706573486,0.4127577245235443
21,up_proj,gptq,4864,896,0,0.0021435730439379698,0.001449929144149436,44.57437768975433,0.0236377002233613,158.70654296875,115.49695587158203,221.79598999023438,556.2788696289062,680.5736083984375,857.7338256835938,0.5958151817321777,44.1409912109375,0.15991489589214325,"62,570,58,697,35,450,728,578,646,531,208,337,757,601,263,662",95.52685546875,,,,,0,721.081787109375,1054.569091796875,241.16299438476562,316.56756591796875,"0.645,0.899,1.027,0.546,0.893,0.921,0.585,0.933",632.7078857421875,872.2203369140625,"204.5,620.1,364,394.4,1198,795.9,454.5,1031",69.6969985961914,48.72348403930664,"258.3,40.66,31.38,39.86,53.17,44.89,38.97,50.39","65.91,13.72,11.51,10.52,17.99,15.29,11.09,17.69","82.05,14.47,11.36,14.25,19.03,15.94,14.51,18.31",567,0.018698573112487793,567,0.01320174615830183,"601,485,62,58,208,439,23,250",0.14115658402442932,0.45106908679008484,0.48280736804008484,"1.02,0.993,0.566,1.21,1,1.01,1.49,1.4","9.75,9.19,9,8.94,8.38,6.81,6.31,6.19","-0.0422,-0.289,-0.109,-0.085,-0.0947,-0.0381,0.042,-0.0583","0,-0.368,-0.184,0,0,0,0,0","0,-0.201,-0.217,0,-0.176,0,0,0",0.7578125,0.6430130004882812,4,2.4595301151275635,2.18704891204834
21,down_proj,gptq,896,4864,0,0.001979971290531015,0.0014749397908834587,182.18739735183772,0.10673814675861613,281.0283203125,106.04133605957031,53.735801696777344,390.3183898925781,193.97021484375,2666.18603515625,0.9985520839691162,166.79550170898438,0.9277216196060181,"3435,3486,567,2930,3936,506,426,2164,4663,1091,2940,2260,3103,1507,4633,4730",3937.6962890625,,,,,0,387.6474609375,6731.8642578125,20.53305435180664,25.683813095092773,"0.054,1.230,0.293,2.211,1.731,0.985,0.903,0.920",1299.0703125,1777.286865234375,"1279,1485,327.6,645.8,1935,2201,751.3,1768",231.3636932373047,33.18665313720703,"1624,34.9,30.69,29.12,40.63,34.79,26.84,29.91","53.74,6.142,2.522,6.592,8.124,5.262,3.797,4.169","231.7,5.537,4.661,4.433,6.175,5.303,3.996,4.346",62,0.6697601675987244,490,0.03694532439112663,"2930,1091,266,2895,2940,3936,4663,1507",1.2485400438308716,0.5594308376312256,0.585519015789032,"0.35,0.435,0.569,0.482,0.431,0.445,0.4,0.498","19,13.3,10,6.91,6.75,6.72,6.56,6.31","0.0898,-0.0219,0.0288,0.00218,-0.0233,-0.0811,0.0554,0.0284","-0.357,0,0,0,0.179,0,0.357,0","0.077,-0.023,0.0218,0,-0.0257,-0.0695,0.0536,0.0208",0.625,5.84829568862915,1,6.648282051086426,0.008795826695859432
22,q_proj,gptq,896,896,0,0.002152423469387755,0.0014162647480867347,19.769966568444943,0.054882262152051504,43.07391357421875,25.9364070892334,45.28611373901367,122.39776611328125,101.46145629882812,144.36370849609375,0.7872540950775146,19.324623107910156,0.27817419171333313,"646,483,591,173,208,56,386,709,559,757,276,337,494,712,773,263",39.272804260253906,,,,,0,37.63707733154297,57.71082305908203,38.9254150390625,66.6056137084961,"0.668,0.575,0.979,0.377,0.885,0.759,0.391,0.784",345.5950012207031,492.6522216796875,"139.9,366.4,160.9,188.7,541.7,475.7,272,619.5",47.90335464477539,49.22127151489258,"36.06,62.18,32.47,40.76,43.33,63.25,55.88,49.29","5.09,7.155,5.298,4.225,6.741,7.409,5.228,7.1","6.225,9.433,5.354,6.882,7.165,8.505,8.363,8.02",520,0.020524658262729645,703,0.03492354229092598,"208,56,386,712,483,559,173,337",0.4976915121078491,0.4648437798023224,0.470005601644516,"0.425,0.615,0.521,0.735,0.601,0.484,0.451,0.578","13.2,12.1,10.4,9.19,9.06,8.56,6.53,5.72","0.0554,-0.0432,-0.032,0.00294,0.0625,0.00258,-0.0189,0.0304","0.0511,-0.0511,-0.0511,0,0.0511,0,0,0","0.0522,-0.0296,0,0,0.0737,0,-0.0261,0.0379",0.2578125,0.22704142332077026,1,0.965726912021637,0.3832607865333557
22,k_proj,gptq,128,896,0,0.0021885463169642855,0.0013776506696428572,3.7832161800680524,0.09732521281649638,6.419645309448242,3.266414165496826,9.441596984863281,18.343021392822266,19.491596221923828,22.705989837646484,0.7872540950775146,3.7705509662628174,0.27373263239860535,"646,591,483,757,208,173,559,56,386,709,276,494,773,263,337,712",39.272804260253906,,,,,0,7.086262226104736,9.708048820495605,7.657820224761963,10.704827308654785,"0.759,0.809,0.934,0.389,1.190,0.696,0.500,0.817",345.5950012207031,492.6522216796875,"139.9,366.4,160.9,188.7,541.7,475.7,272,619.5",47.90335464477539,49.22127151489258,"36.06,62.18,32.47,40.76,43.33,63.25,55.88,49.29","2.162,3.58,1.914,1.72,2.835,3.221,2.579,2.741","2.481,3.98,1.98,2.756,2.6,3.862,3.646,3.032",24,0.07863522320985794,118,0.09320477396249771,"208,56,386,712,483,559,173,337",0.6074904799461365,0.3798828125,0.375,"0.259,0.447,0.308,0.372,0.3,0.354,0.379,0.199","13.2,12.1,10.4,9.19,9.06,8.56,6.53,5.72","-0.00488,0.0474,0.00433,0.0947,0.00812,-0.0306,-0.0613,0.052","0,0.0405,0,0.0809,0,-0.0405,-0.0405,0.0405","0,0.0494,0,0.0812,0,-0.0379,-0.0594,0.0502",0.1416015625,0.1618303656578064,1,0.7950546741485596,0.7798150181770325
22,v_proj,gptq,128,896,0,0.0021187918526785715,0.0016392299107142857,9.019925085080985,0.10386659260710755,15.342508316040039,9.764190673828125,30.005298614501953,41.07769775390625,47.51655578613281,40.505496978759766,0.7872540950775146,8.862565994262695,0.18081460893154144,"757,646,208,773,507,350,842,674,70,181,675,541,426,630,802,691",39.272804260253906,,,,,0,21.478668212890625,19.634265899658203,18.64289093017578,17.971776962280273,"1.006,1.083,0.790,1.216,0.924,1.321,0.984,1.034",345.5950012207031,492.6522216796875,"139.9,366.4,160.9,188.7,541.7,475.7,272,619.5",47.90335464477539,49.22127151489258,"36.06,62.18,32.47,40.76,43.33,63.25,55.88,49.29","2.883,5.662,2.221,3.246,3.979,7.272,5.308,4.371","2.875,5.441,2.499,2.943,4.14,6.328,5.352,4.298",20,0.07265396416187286,49,0.07802338898181915,"208,56,386,712,483,559,173,337",0.24147938191890717,0.9873046875,0.9775390625,"0.102,0.0348,0.0844,0.0421,0.0733,0.0635,0.0418,0.0731","13.2,12.1,10.4,9.19,9.06,8.56,6.53,5.72","-0.0133,-0.00247,-0.00314,0.000652,0.00528,0.000797,0.00571,-0.00223","0,0,0,0,0,0,0,0","-0.0236,0,0,0,0,0,0,0",0.140625,0.1607142984867096,1,1.0725535154342651,0.011843301355838776
22,o_proj,gptq,896,896,0,0.002260792012117347,0.001448650749362245,13.101545936398907,0.03503972346078425,37.862430572509766,22.839900970458984,2.351592540740967,8.212936401367188,4.56059455871582,12.425283432006836,0.16710612177848816,13.119641304016113,0.030212171375751495,"875,355,113,247,628,811,187,683,114,820,500,377,822,224,379,619",21.24115562438965,,,,,0,2.670380115509033,14.508357048034668,1.2715368270874023,2.959078788757324,"0.159,0.163,0.199,0.199,0.197,0.329,0.240,0.402",745.1121826171875,356.5402526855469,"142.9,4142,161.8,144.6,158.3,452.2,251.1,508.6",17.54900360107422,10.85704231262207,"12.13,57.73,11.1,10.49,10.79,13.33,11.61,13.21","0.7571,3.846,0.7815,0.7452,0.7706,1.24,0.9276,1.358","1.901,9.525,1.753,1.672,1.737,2.16,1.891,2.142",305,0.011948705650866032,608,0.01516773272305727,"840,712,584,776,648,520,456,22",0.4206538200378418,0.345005601644516,0.3427734673023224,"0.552,0.657,0.55,0.597,0.653,0.854,0.655,0.737","1.33,1.32,1.32,1.32,1.3,1.3,1.3,0.941","0.0532,-0.0583,-0.0254,-0.014,0.00623,0.0315,-0.00443,0.0178","0.0456,-0.0488,-0.0325,0,0,0.053,0,0.0204","0.0594,-0.0682,-0.0187,-0.0198,0,0.0374,0,0.0164",0.08056640625,0.10598253458738327,1,0.08423532545566559,0.04178450629115105
22,gate_proj,gptq,4864,896,0,0.0021571109169407896,0.0014664499383223685,41.24563251249492,0.023540764736611784,151.62606811523438,112.87456512451172,184.5313720703125,492.7837219238281,387.2515869140625,467.6314697265625,0.8118983507156372,41.06018829345703,0.10562160611152649,"58,531,570,578,208,697,646,35,601,450,53,337,263,485,728,439",59.260398864746094,,,,,0,147.8353271484375,197.74935913085938,191.23388671875,249.78005981445312,"0.671,0.809,0.715,0.472,0.873,0.831,0.584,0.845",534.09375,773.22021484375,"154.7,601,251.6,282.9,868.2,701.1,408.3,1005",38.001853942871094,44.239585876464844,"37.37,37.91,26.51,33.97,44.38,39.24,36.16,48.46","11.73,12.7,8.275,8.468,14.65,13.02,10.17,15.99","14.32,14.12,9.787,12.33,15.69,14.28,13.3,17.4",1038,0.00915123987942934,4226,0.017252301797270775,"58,208,485,601,690,250,539,439",0.1835782527923584,0.36929482221603394,0.36412933468818665,"1.48,1.4,1.49,1.37,1.48,1.37,1.38,1.4","9.06,8.5,8.19,7.81,6.84,5.22,5.03,4.78","-0.0645,-0.155,0.0309,-0.0168,-0.051,0.0141,-0.0591,-0.0496","-0.0444,-0.133,0.0444,0,-0.0444,0,-0.0451,-0.0444","-0.0759,-0.108,0,0,-0.0396,0,-0.0792,-0.0737",0.390625,0.42450717091560364,1,1.4019005298614502,0.5089506506919861
22,up_proj,gptq,4864,896,0,0.002105024524201128,0.0015251905398261279,42.42262757674325,0.022397616448439912,159.7572021484375,118.9257583618164,194.62489318847656,500.05950927734375,406.8049621582031,484.3735656738281,0.8118983507156372,42.24403381347656,0.10227444767951965,"58,531,570,697,578,208,35,646,601,337,450,53,263,485,728,439",59.260398864746094,,,,,0,160.29698181152344,206.41030883789062,203.07005310058594,262.4032897949219,"0.664,0.899,0.795,0.497,0.909,0.881,0.599,0.851",534.09375,773.22021484375,"154.7,601,251.6,282.9,868.2,701.1,408.3,1005",38.001853942871094,44.239585876464844,"37.37,37.91,26.51,33.97,44.38,39.24,36.16,48.46","12.85,13.09,8.616,8.816,15.06,13.56,10.41,16.58","15.77,13.8,9.661,12.5,15.8,14.45,13.45,17.97",3663,0.0044731502421200275,2995,0.005937242414802313,"58,208,485,601,690,250,539,439",0.18451756238937378,0.43814247846603394,0.45299652218818665,"1.2,1,0.975,1.05,1.08,1.39,1.45,1.05","9.06,8.5,8.19,7.81,6.84,5.22,5.03,4.78","-0.032,0.0498,-0.0364,0.0277,-0.00592,-0.0239,-0.0149,0.00656","-0.0631,0.0631,-0.0631,0,0,0,0,0","-0.0631,0.0522,-0.0319,0.0218,0,-0.0261,-0.0218,0",0.220703125,0.1891741156578064,1,1.0074505805969238,0.11856537312269211
22,down_proj,gptq,896,4864,0,0.0020164547109962406,0.0014815939996475564,69.28704524415662,0.03971904937028741,180.10540771484375,111.08264923095703,20.410377502441406,73.3973159790039,48.340091705322266,58.660301208496094,0.9133202433586121,69.02293395996094,0.33682477474212646,"1069,3286,1439,1222,4486,1834,3027,2172,3035,4113,82,3752,2507,930,611,1904",305.9188232421875,,,,,0,15.400846481323242,30.604167938232422,23.1043643951416,31.22295379638672,"0.022,0.599,0.308,0.335,0.740,0.569,0.473,1.208",2575.14501953125,3779.646240234375,"296.8,3136,840.1,1569,3072,5220,1570,4899",36.3138427734375,36.29429244995117,"46.13,38.78,24.51,35.73,35.78,44.16,31.61,33.81","1.01,4.457,2.1,3.153,4.743,5.122,3.204,5.383","6.742,5.76,3.781,5.449,5.513,6.792,4.658,4.899",493,0.03432846814393997,490,0.01882084086537361,"3286,82,2507,1439,3027,930,1973,811",0.5929988622665405,0.495396226644516,0.5362723469734192,"0.447,0.42,0.519,0.481,0.482,0.516,0.624,0.465","12.5,10.7,8.75,8.31,7.72,5.44,5.03,4.69","-0.0449,0.0126,0.0732,-0.0165,0.0111,-0.0386,0.00269,-0.00922","-0.0527,0,0.105,0,0,-0.0527,0,-0.0527","-0.0485,0.0163,0.067,-0.0153,0.0169,-0.0339,0,0",0.2021484375,0.19828709959983826,1,0.878863513469696,0.16852259635925293
23,q_proj,gptq,896,896,0,0.0022284060108418366,0.0014685805963010204,14.644647889756016,0.03769326209020062,38.958003997802734,25.82732582092285,49.39631652832031,158.36642456054688,91.42081451416016,170.47808837890625,0.7470666170120239,14.410390853881836,0.21503038704395294,"483,56,646,591,494,386,709,42,173,208,757,822,559,502,144,712",44.2622184753418,,,,,0,37.10130310058594,70.21705627441406,36.737030029296875,76.43473815917969,"0.652,0.516,0.562,0.336,0.646,0.525,0.326,0.692",295.24102783203125,407.256591796875,"151.6,356.5,159.6,147.5,400.8,365.6,238,542.4",53.50439453125,55.921180725097656,"45.26,66.52,38.52,43.55,47.59,68.18,61.83,56.59","5.898,7.491,4.702,4.051,6.246,7.045,5.143,7.232","7.301,10.42,6.27,6.989,7.774,9.721,9.008,8.691",349,0.045722875744104385,289,0.021450622007250786,"56,490,674,173,712,208,289,822",0.4270631968975067,0.4698660969734192,0.5551060438156128,"0.452,0.452,0.137,0.451,0.695,0.458,0.7,0.575","14.7,10.9,10.1,9.5,9.19,8.75,8.5,8.12","-0.00262,0.0151,-0.014,-0.0173,-0.000168,-0.00873,-0.00626,0.0189","0,0,0,0,0,0,0,0","0,0,0,-0.029,0,0,0,0.0374",0.1611328125,0.15687523782253265,1,1.3355991840362549,0.5806667804718018
23,k_proj,gptq,128,896,0,0.0022059849330357145,0.0014735630580357143,3.5062023398222664,0.086611337430256,6.305121898651123,3.1683807373046875,12.381303787231445,22.645896911621094,22.330411911010742,26.849624633789062,0.7470666170120239,3.4923932552337646,0.23492485284805298,"646,591,483,56,386,494,709,173,208,757,559,694,42,144,712,337",44.2622184753418,,,,,0,8.768567085266113,10.447908401489258,8.105316162109375,11.687479019165039,"1.001,0.694,1.238,0.448,1.017,1.032,0.650,0.836",295.24102783203125,407.256591796875,"151.6,356.5,159.6,147.5,400.8,365.6,238,542.4",53.50439453125,55.921180725097656,"45.26,66.52,38.52,43.55,47.59,68.18,61.83,56.59","2.889,3.481,2.563,1.681,2.44,3.997,2.899,3.155","2.888,4.18,2.304,2.511,2.419,3.934,3.595,3.45",30,0.06568922847509384,13,0.053222667425870895,"56,490,674,173,712,208,289,822",0.5870140194892883,0.486328125,0.4599609375,"0.338,0.248,0.132,0.394,0.331,0.269,0.0928,0.098","14.7,10.9,10.1,9.5,9.19,8.75,8.5,8.12","0.0806,0.0259,-0.0112,-0.107,-0.00662,-0.0308,0.0047,-0.00185","0.0714,0.0357,0,-0.107,0,-0.0357,0,0","0.0791,0.0212,0,-0.0921,0,-0.0307,0,0",0.125,0.11640775948762894,1,0.6252907514572144,0.2453344464302063
23,v_proj,gptq,128,896,0,0.001953125,0.0014125279017857143,6.525493343604467,0.0879267208880166,11.976325035095215,6.508966445922852,27.676694869995117,39.639041900634766,42.024932861328125,37.03153991699219,0.7470666170120239,6.405150413513184,0.14388525485992432,"674,646,757,483,56,208,784,386,773,675,291,507,802,559,173,864",44.2622184753418,,,,,0,16.713212966918945,16.250926971435547,18.07176971435547,16.344972610473633,"1.167,1.036,1.158,0.569,0.781,1.392,0.963,0.917",295.24102783203125,407.256591796875,"151.6,356.5,159.6,147.5,400.8,365.6,238,542.4",53.50439453125,55.921180725097656,"45.26,66.52,38.52,43.55,47.59,68.18,61.83,56.59","3.982,5.088,2.736,2.615,3.132,5.809,4.397,3.84","3.686,4.998,2.542,3.466,3.545,4.923,4.481,4.011",60,0.06001533567905426,3,0.07852006703615189,"56,490,674,173,712,208,289,822",0.4050544798374176,0.849609375,0.7783203125,"0.133,0.245,0.322,0.0796,0.0853,0.108,0.2,0.186","14.7,10.9,10.1,9.5,9.19,8.75,8.5,8.12","-0.00166,-0.0464,-0.0104,-0.00118,-0.005,0.00163,0.00613,0.00656","0,-0.0583,0,0,0,0,0,0","0,-0.0393,-0.014,0,0,0,0,0",0.10205078125,0.1166294664144516,1,0.7672594785690308,0.28061023354530334
23,o_proj,gptq,896,896,0,0.002279476243622449,0.0014000717474489796,17.42378522621584,0.05220779752865323,42.34054183959961,25.447093963623047,7.0605926513671875,33.376625061035156,8.543140411376953,35.74409103393555,0.8152619004249573,16.84223175048828,0.07117055356502533,"70,262,109,84,301,69,107,118,276,65,96,108,95,83,116,101",15.064797401428223,,,,,0,4.722383499145508,27.731189727783203,3.5303890705108643,12.652291297912598,"0.025,0.168,0.123,0.177,0.351,0.238,0.268,0.379",533.1142578125,320.59735107421875,"189.1,2088,196.9,237.4,244,540.5,284.7,484",26.907981872558594,18.586383819580078,"37.45,54.19,18.91,19.18,17.19,25.82,22.26,20.28","1.076,3.855,1.225,1.531,1.775,2.256,2.187,2.213","6.841,9.406,3.497,3.642,2.997,4.621,4.224,3.593",490,0.2658073604106903,56,0.05716472119092941,"352,84,288,404,326,262,198,224",0.6026996374130249,0.4730747938156128,0.6149553656578064,"0.27,0.933,0.255,0.55,0.294,0.345,0.337,0.211","2.22,2.22,2.17,2.16,2.16,2.12,2.06,2.03","0.00668,-0.641,0.0151,0.0649,-0.155,-0.141,-0.149,0.00836","0,-0.732,0,0.2,-0.183,-0.183,-0.183,0","0,-0.732,0,0.0474,-0.177,-0.118,-0.151,0",0.640625,0.7321428656578064,1,0.9151085615158081,0.6940891146659851
23,gate_proj,gptq,4864,896,0,0.0021566520059915413,0.0014705801368656015,39.21307349490053,0.02126790207604092,150.6670379638672,113.876708984375,223.5064697265625,690.8067016601562,495.619384765625,678.0823364257812,0.7170555591583252,39.042354583740234,0.1117192953824997,"53,601,531,800,58,62,337,646,578,208,439,697,412,450,263,485",56.59579849243164,,,,,0,199.31202697753906,306.3863220214844,230.4481201171875,351.9730224609375,"0.501,0.772,0.661,0.421,0.741,0.735,0.515,0.810",540.5213623046875,736.6104736328125,"172.9,749.1,305.8,300.6,714.2,778.6,387.7,915.3",48.59783172607422,52.327301025390625,"60.59,50.11,36.05,42.78,50.64,49.59,42.87,56.15","15.64,15.82,10.28,9.866,15.22,15.09,10.95,17.81","22.11,18.01,12.65,15.21,17.69,17.61,15.25,19.78",222,0.008359645493328571,2294,0.008296949788928032,"53,601,58,800,208,690,337,250",0.2613449990749359,0.3540553152561188,0.3734837472438812,"1.16,1.15,1.38,1.06,1.32,1.31,1.16,1.4","11.6,10.4,9.69,9.5,7.28,7.19,6.75,6.38","5.13e-05,-0.00243,-0.04,0.000904,0.0221,-0.0347,0.0574,0.027","0,0,-0.0533,0,0,-0.0533,0.0533,0","0,0,-0.0333,0,0.0308,-0.0533,0.0686,0.0308",0.1865234375,0.22457905113697052,1,1.3917500972747803,0.4872719645500183
23,up_proj,gptq,4864,896,0,0.0021754673549107145,0.0014873303865131579,36.53809705952335,0.020147105807181064,144.44854736328125,109.94410705566406,214.50135803222656,650.6634521484375,477.2291564941406,651.352783203125,0.7170555591583252,36.44116973876953,0.10694607347249985,"800,601,53,531,58,62,337,578,646,208,439,697,412,450,263,485",56.59579849243164,,,,,0,192.49615478515625,294.86224365234375,219.47955322265625,332.11993408203125,"0.475,0.782,0.665,0.422,0.739,0.794,0.516,0.790",540.5213623046875,736.6104736328125,"172.9,749.1,305.8,300.6,714.2,778.6,387.7,915.3",48.59783172607422,52.327301025390625,"60.59,50.11,36.05,42.78,50.64,49.59,42.87,56.15","14.86,15.5,10.25,9.571,15.3,15.22,10.67,17.39","21.56,17.53,12.57,14.73,17.8,17.09,14.85,19.56",386,0.0039793215692043304,1568,0.005054815672338009,"53,601,58,800,208,690,337,250",0.2394992709159851,0.45883017778396606,0.5062448382377625,"0.73,0.85,1.07,1.6,0.986,0.988,0.895,1.28","11.6,10.4,9.69,9.5,7.28,7.19,6.75,6.38","0.0483,0.0796,-0.0879,-0.0437,0.0287,0.00671,0.0287,0.0111","0.0508,0.102,-0.102,-0.0508,0.0508,0,0.0508,0","0.0385,0.0933,-0.077,-0.0388,0.0508,0,0.0333,0",0.177734375,0.1523437649011612,3,0.9652931690216064,0.0962529182434082
23,down_proj,gptq,896,4864,0,0.0020201259985902255,0.0014210177543468045,37.93941030309361,0.027228220067250876,129.43795776367188,94.51567077636719,32.228965759277344,369.930908203125,66.24043273925781,273.1609802246094,0.9592370986938477,37.714271545410156,0.4489595592021942,"1121,2539,1863,2505,1341,3728,4144,3383,1396,900,1843,3423,2228,4101,2607,3994",620.7191162109375,,,,,0,27.105525970458984,143.8228302001953,26.102493286132812,136.32852172851562,"0.036,0.219,0.155,0.065,0.374,0.259,0.104,0.365",1438.8594970703125,1718.912109375,"251.1,2447,726.1,801.9,994.6,3614,1023,1653",81.27375793457031,77.80992889404297,"53.34,107.4,72.69,92.88,64.38,104,91.8,63.63","1.382,6.932,4.238,3.686,5.869,7.303,4.237,5.44","7.277,14.83,10.77,14.47,9.597,14.36,13.15,9.01",490,0.23740839958190918,490,0.22670701146125793,"2539,2345,4749,1121,4283,4144,925,3728",1.1200170516967773,0.501534640789032,0.7293527126312256,"0.342,0.325,0.346,0.309,0.371,0.407,0.303,0.336","24.2,18.9,15.4,13.1,12.4,11.9,11.5,11.1","0.23,0.213,0.00473,0.229,-0.281,0.19,-0.0762,0.0776","0.301,0.301,0,0.301,-0.301,0.151,0,0.151","0.198,0.182,0,0.197,-0.241,0.18,-0.0765,0.0809",0.52734375,0.4520089626312256,3,2.859689235687256,4.569613933563232
