layer,proj,quantizer,rows,cols,n_dead_cols,clip_frac,clip_frac_rtn,comp_disp,comp_disp_rel,wdisp_gptq,wdisp_rtn,obj_gptq,obj_rtn,obj_gptq_alt,obj_rtn_alt,hdiag_alt_corr,send_total,send_top1pct,send_top16_cols,hdiag_max_over_mean,cond_damped,awq_alpha,obj_awq,obj_awq_alt,protected,obj_gptq_tpl,obj_rtn_tpl,obj_gptq_ord,obj_rtn_ord,tplpos_ratio,lev_tpl,lev_ord,levpos,xnorm_tpl,xnorm_ord,xnormpos,tplpos_err_gptq,tplpos_err_rtn
0,q_proj,gptq,4096,4096,0,7.164478302001953e-05,3.081560134887695e-05,349.0018213343339,0.059683019955196204,645.03466796875,295.56158447265625,3.8696935176849365,19.324359893798828,5.286777496337891,15.667570114135742,0.982268214225769,343.52130126953125,0.18498563766479492,"2871,2650,3303,891,2646,162,565,1669,194,3608,4055,2333,2877,87,133,1384",613.0956420898438,,,,,0,2.988966226577759,6.342652797698975,2.7493793964385986,9.690164566040039,"0.110,0.110,2.124,0.724,1.526,0.651,0.634,0.469",777.8392944335938,789.6871948242188,"199.5,199.5,49.45,1637,36.83,1127,1624,1349",6.209587097167969,8.476394653320312,"7.273,7.273,0.9,8.473,0.6844,7.462,8.334,9.278","0.8961,0.8961,0.4885,2.447,0.3191,2.372,2.338,2.211","2.703,2.703,0.3351,2.875,0.2583,2.941,2.935,3.228"
0,k_proj,gptq,1024,4096,0,6.771087646484375e-05,3.361701965332031e-05,250.5943079324921,0.08232825621612014,473.725341796875,225.2379913330078,2.796837329864502,12.962116241455078,3.8088457584381104,10.825111389160156,0.982268214225769,248.54820251464844,0.18420922756195068,"2871,3303,2650,891,162,565,2646,1669,194,3608,4055,2082,2877,2333,133,3153",613.0956420898438,,,,,0,2.135794162750244,5.043306827545166,2.0719637870788574,6.62944221496582,"0.086,0.086,2.435,0.651,1.948,0.720,0.696,0.464",777.8392944335938,789.6871948242188,"199.5,199.5,49.45,1637,36.83,1127,1624,1349",6.209587097167969,8.476394653320312,"7.273,7.273,0.9,8.473,0.6844,7.462,8.334,9.278","0.8062,0.8062,0.4186,2.07,0.289,1.958,1.975,1.874","2.753,2.753,0.2683,2.564,0.2071,2.308,2.367,2.751"
0,v_proj,gptq,1024,4096,0,9.059906005859375e-05,3.24249267578125e-05,5.677678514134709,0.025934818493121334,13.712894439697266,8.014077186584473,0.064194455742836,0.2492496222257614,0.08489828556776047,0.1979212462902069,0.982268214225769,5.625583648681641,0.1390109360218048,"891,2650,2871,1669,194,2646,565,162,2333,87,3608,2082,264,3153,1384,2535",613.0956420898438,,,,,0,0.045404694974422455,0.07466209679841995,0.04430815204977989,0.124606192111969,"0.131,0.131,2.336,0.675,1.965,0.840,0.653,0.494",777.8392944335938,789.6871948242188,"199.5,199.5,49.45,1637,36.83,1127,1624,1349",6.209587097167969,8.476394653320312,"7.273,7.273,0.9,8.473,0.6844,7.462,8.334,9.278","0.05672,0.05672,0.06053,0.3163,0.0424,0.2797,0.3059,0.282","0.1568,0.1568,0.03961,0.385,0.03025,0.3052,0.3787,0.4011"
0,o_proj,gptq,4096,4096,0,7.706880569458008e-05,3.546476364135742e-05,28.526329932817617,0.02445597194161464,78.28530883789062,49.71200180053711,0.0021463236771523952,0.008070362731814384,0.005343686789274216,0.007642184384167194,0.5945128202438354,28.536020278930664,0.11228756606578827,"272,314,386,1311,1341,383,372,285,3129,511,357,1289,413,336,1297,258",100.36190032958984,,,,,0,0.0019364446634426713,0.0025128046981990337,0.0026429099962115288,0.003980518318712711,"0.097,0.097,0.245,0.562,0.919,1.147,0.809,0.936",4496.65771484375,4099.30078125,"115.6,115.6,641.6,700.8,1.668e+04,1.179e+04,1541,4383",0.43976396322250366,0.557219386100769,"0.3379,0.3379,0.2705,0.3739,0.6136,0.4913,0.4023,0.6908","0.01163,0.01163,0.01466,0.03118,0.06276,0.05712,0.0408,0.07189","0.03736,0.03736,0.0296,0.04157,0.06545,0.05334,0.04537,0.0743"
0,gate_proj,gptq,14336,4096,0,7.607255663190569e-05,2.7946063450404574e-05,107.63496939693516,0.011180780255291694,373.28955078125,266.1838073730469,2.2627410888671875,4.701287269592285,4.078936576843262,4.822198390960693,0.6468554735183716,107.48159790039062,0.03694567829370499,"1669,3488,1856,2461,2888,689,29,3261,199,2082,3303,2871,2300,2283,541,607",15.964418411254883,,,,,0,2.4754176139831543,3.072840690612793,1.6527457237243652,2.2704830169677734,"0.042,0.042,0.736,1.160,1.127,1.642,1.052,0.926",4215.6396484375,2769.432373046875,"206.7,206.7,1829,7544,3736,7776,6659,5769",6.71059513092041,5.813721656799316,"7.307,7.307,4.473,7.731,5.293,6.263,7.692,7.62","0.3863,0.3863,0.9966,2.156,1.431,2.065,1.991,1.893","1.894,1.894,1.162,2.002,1.348,1.611,1.941,1.967"
0,up_proj,gptq,14336,4096,0,7.767336709158761e-05,2.5050980704171316e-05,82.01031600252895,0.010144448348628743,285.9150085449219,203.97940063476562,1.7270184755325317,3.5915284156799316,3.1373703479766846,3.6714401245117188,0.6468554735183716,82.00021362304688,0.036689117550849915,"3488,1856,1669,689,2461,29,2888,3261,2283,199,2082,2871,541,607,3522,2300",15.964418411254883,,,,,0,1.892303228378296,2.3288025856018066,1.2872742414474487,1.7343616485595703,"0.041,0.041,0.744,1.171,1.135,1.655,1.044,0.924",4215.6396484375,2769.432373046875,"206.7,206.7,1829,7544,3736,7776,6659,5769",6.71059513092041,5.813721656799316,"7.307,7.307,4.473,7.731,5.293,6.263,7.692,7.62","0.3319,0.3319,0.8621,1.879,1.257,1.809,1.757,1.645","1.637,1.637,0.9993,1.737,1.18,1.406,1.72,1.711"
0,down_proj,gptq,4096,14336,0,2.8133392333984375e-05,6.794929504394531e-06,275.50299165597244,0.03395287259009948,584.7297973632812,307.99249267578125,0.009224144741892815,0.036583978682756424,0.03556239604949951,0.1073773056268692,0.9984935522079468,274.5114440917969,0.0828300341963768,"8268,10585,2605,5647,8001,8733,3106,13768,8509,8631,7749,1456,11381,3024,10002,3053",3447.137939453125,,,,,0,0.02981853485107422,0.2361949235200882,0.009709577076137066,0.01609509438276291,"0.001,0.001,0.750,0.796,1.951,1.846,0.749,0.976",28983.25,10197.8515625,"209.8,209.8,7.558e+04,3.082e+04,2.455e+04,4.098e+04,2.567e+04,3.386e+04",3.3595798015594482,0.7231204509735107,"9.668,9.668,2.239,1.254,0.7945,0.8782,1.275,1.099","0.02136,0.02136,0.2868,0.1814,0.1686,0.1847,0.1664,0.1796","0.9043,0.9043,0.3311,0.2033,0.1207,0.1359,0.1923,0.1818"
1,q_proj,gptq,4096,4096,0,7.987022399902344e-05,3.1113624572753906e-05,167.09718409423522,0.026530119279897343,422.18048095703125,255.0380859375,3.050015926361084,25.108896255493164,8.719392776489258,23.687580108642578,0.8603203296661377,166.701904296875,0.1812371164560318,"3572,1935,1306,1472,3829,1902,2345,3490,50,2593,3261,979,541,29,1163,103",109.91220092773438,,,,,0,4.135967254638672,9.286155700683594,3.02011775970459,11.705751419067383,"0.929,0.929,0.573,0.286,0.506,0.783,0.228,0.266",1456.95947265625,1339.89013671875,"174.8,174.8,1972,1664,1301,2867,1571,1931",11.058980941772461,13.550621032714844,"3.928,3.928,13.02,14.2,12.68,12.99,13.63,14.09","1.191,1.191,2.526,1.921,2.301,2.909,1.693,1.885","1.236,1.236,3.336,3.594,3.235,3.287,3.547,3.652"
1,k_proj,gptq,1024,4096,0,7.581710815429688e-05,3.314018249511719e-05,85.64629456776122,0.027142871046128,218.1939239501953,132.68064880371094,1.5643612146377563,13.211315155029297,4.484156608581543,12.110806465148926,0.8603203296661377,85.655029296875,0.1809866726398468,"3572,1935,1306,1472,3829,1902,2345,3490,2593,50,979,541,1163,3261,29,4091",109.91220092773438,,,,,0,2.0699970722198486,4.69446325302124,1.5391700267791748,6.07566499710083,"0.981,0.981,0.533,0.272,0.493,0.832,0.234,0.282",1456.95947265625,1339.89013671875,"174.8,174.8,1972,1664,1301,2867,1571,1931",11.058980941772461,13.550621032714844,"3.928,3.928,13.02,14.2,12.68,12.99,13.63,14.09","0.7322,0.7322,1.755,1.313,1.652,2.116,1.227,1.405","0.7391,0.7391,2.404,2.516,2.353,2.319,2.537,2.646"
1,v_proj,gptq,1024,4096,0,8.082389831542969e-05,3.361701965332031e-05,5.112287175616646,0.01525532088697594,13.078128814697266,7.970003128051758,0.09300562739372253,0.7666060924530029,0.25517189502716064,0.682608425617218,0.8603203296661377,5.101202964782715,0.17499375343322754,"1472,3572,1935,1902,1306,3829,3490,979,29,2345,50,1163,541,3261,103,3553",109.91220092773438,,,,,0,0.1170826405286789,0.24493524432182312,0.09119632840156555,0.348312109708786,"1.001,1.001,0.631,0.345,0.565,0.873,0.280,0.273",1456.95947265625,1339.89013671875,"174.8,174.8,1972,1664,1301,2867,1571,1931",11.058980941772461,13.550621032714844,"3.928,3.928,13.02,14.2,12.68,12.99,13.63,14.09","0.07303,0.07303,0.4289,0.3437,0.3954,0.5144,0.3088,0.328","0.07301,0.07301,0.5399,0.5854,0.526,0.5505,0.5837,0.6279"
1,o_proj,gptq,4096,4096,0,8.380413055419922e-05,3.7550926208496094e-05,42.60327760714925,0.027706943275960315,107.03618621826172,64.65390014648438,0.006643638014793396,0.02048974111676216,0.010590972378849983,0.013851180672645569,0.4176146388053894,42.470916748046875,0.07358445972204208,"2988,2996,2951,2429,2612,2589,2657,3066,3041,3001,2620,3004,3027,2643,2973,2682",32.205322265625,,,,,0,0.010312454774975777,0.009713860228657722,0.0035768100060522556,0.00568125257268548,"0.079,0.079,1.372,0.684,0.632,0.615,0.806,0.381",13467.6171875,1432.740234375,"65.24,65.24,9.838e+04,1433,3671,1324,2181,623",0.6531684398651123,0.5884081125259399,"0.3895,0.3895,1.706,0.5484,0.6518,0.5085,0.5858,0.446","0.01339,0.01339,0.2568,0.05926,0.06787,0.04966,0.06603,0.03515","0.04767,0.04767,0.2193,0.07164,0.08538,0.06333,0.07353,0.05692"
1,gate_proj,gptq,14336,4096,0,7.9171998160226e-05,2.7639525277273996e-05,96.61337094871848,0.009781103072285769,347.433837890625,251.12322998046875,4.1993279457092285,8.081921577453613,7.113250255584717,9.084524154663086,0.45355960726737976,96.56582641601562,0.04758325591683388,"2993,3823,2300,3475,1812,3939,1717,1075,4091,1515,535,689,2058,1884,561,3476",7.012233257293701,,,,,0,3.847663402557373,6.42613410949707,3.494105815887451,4.397696495056152,"0.019,0.019,1.034,0.815,0.992,1.544,0.841,1.001",3495.142333984375,3079.36865234375,"205.4,205.4,4572,4235,2946,7276,3548,4973",10.004239082336426,8.377894401550293,"13.38,13.38,8.907,9.733,7.228,8.996,8.907,9.497","0.4606,0.4606,2.244,2.178,1.778,2.772,2.017,2.38","3.321,3.321,2.207,2.412,1.785,2.231,2.199,2.378"
1,up_proj,gptq,14336,4096,0,7.83886228288923e-05,2.5272369384765625e-05,80.55780702911726,0.00962017415398051,288.9214172363281,208.8443145751953,3.49601411819458,6.732547760009766,5.958627700805664,7.59938907623291,0.45355960726737976,80.36857604980469,0.04764524847269058,"2993,3823,3475,2300,1812,1717,1075,3939,1515,1884,3476,535,4091,1163,2058,561",7.012233257293701,,,,,0,3.2217631340026855,5.4809370040893555,2.9173338413238525,3.657693862915039,"0.019,0.019,1.000,0.824,0.959,1.595,0.837,0.992",3495.142333984375,3079.36865234375,"205.4,205.4,4572,4235,2946,7276,3548,4973",10.004239082336426,8.377894401550293,"13.38,13.38,8.907,9.733,7.228,8.996,8.907,9.497","0.4317,0.4317,2.07,2,1.613,2.561,1.835,2.142","3.101,3.101,2.07,2.203,1.647,2.028,2.006,2.151"
1,down_proj,gptq,4096,14336,0,2.036775861467634e-05,7.96999250139509e-06,400.64730668900665,0.04799235539335804,402.90301513671875,306.88897705078125,1.045073390007019,9.3314208984375,17.64580535888672,163.27395629882812,1.0,98.0727310180664,0.9967855215072632,"198,12657,6412,591,73,12638,4949,3174,2427,5095,9581,11411,11717,3400,12545,11890",14138.8046875,,,,,0,51.475990295410156,486.6837158203125,0.0668993592262268,0.022534329444169998,"0.105,0.105,1.883,4.878,124.344,11.870,1.387,1.966",336.61895751953125,219.29672241210938,"209.8,209.8,1163,276.3,167.1,235.6,184.1,247.1",121.10995483398438,0.9611019492149353,"480.9,480.9,2.174,1.07,0.9358,0.9832,0.9061,1.02","14.3,14.3,0.4736,0.3641,1.505,0.5049,0.1574,0.209","44.12,44.12,0.3451,0.1648,0.1349,0.1465,0.1337,0.1491"
2,q_proj,gptq,4096,4096,0,8.106231689453125e-05,3.218650817871094e-05,125.27391520051556,0.021349413095642766,312.80426025390625,187.53550720214844,16.417827606201172,58.608497619628906,30.780977249145508,46.300086975097656,0.9257842302322388,125.41426086425781,0.16249620914459229,"2993,3823,3475,1812,1717,1075,1515,2300,3099,766,509,3488,3939,535,4028,3522",40.727359771728516,,,,,0,15.897882461547852,17.193172454833984,15.789026260375977,26.25886344909668,"1.067,1.067,1.297,0.783,0.906,1.519,0.593,0.601",2335.01171875,2485.614501953125,"124.3,124.3,4457,3139,1509,3854,2564,2909",17.416860580444336,23.775720596313477,"3.731,3.731,22.43,24.98,15.64,21.09,24.02,23.72","0.8521,0.8521,5.588,4.696,3.203,5.572,3.971,3.92","0.825,0.825,4.907,5.307,3.365,4.522,5.158,5.056"
2,k_proj,gptq,1024,4096,0,6.842613220214844e-05,2.8133392333984375e-05,81.02051233772873,0.024612235938025827,201.73159790039062,120.4441909790039,10.603121757507324,38.41881561279297,19.773723602294922,30.560352325439453,0.9257842302322388,80.98042297363281,0.16149333119392395,"2993,3475,1717,3823,1812,1515,1075,2300,3099,766,643,3522,4028,3939,3488,2717",40.727359771728516,,,,,0,9.735647201538086,11.096656799316406,10.21086311340332,17.545154571533203,"0.947,0.947,1.303,0.728,0.855,1.386,0.523,0.610",2335.01171875,2485.614501953125,"124.3,124.3,4457,3139,1509,3854,2564,2909",17.416860580444336,23.775720596313477,"3.731,3.731,22.43,24.98,15.64,21.09,24.02,23.72","0.6675,0.6675,4.428,3.594,2.523,4.346,3.008,3.19","0.6858,0.6858,3.879,4.212,2.728,3.691,4.16,4.083"
2,v_proj,gptq,1024,4096,0,9.036064147949219e-05,3.647804260253906e-05,3.657147319998668,0.015947767717502323,9.125732421875,5.479287624359131,0.4788452684879303,1.7162431478500366,0.900779128074646,1.3434606790542603,0.9257842302322388,3.6544930934906006,0.1624300479888916,"2993,3823,3475,1075,1812,1515,2300,3488,1717,509,766,3099,535,3939,4028,199",40.727359771728516,,,,,0,0.459094762802124,0.48611345887184143,0.4433363080024719,0.7645477056503296,"1.157,1.157,1.365,0.714,1.045,1.488,0.629,0.634",2335.01171875,2485.614501953125,"124.3,124.3,4457,3139,1509,3854,2564,2909",17.416860580444336,23.775720596313477,"3.731,3.731,22.43,24.98,15.64,21.09,24.02,23.72","0.09801,0.09801,0.9638,0.7697,0.5621,0.9459,0.6902,0.6671","0.09111,0.09111,0.8248,0.9107,0.5499,0.7755,0.8703,0.8375"
2,o_proj,gptq,4096,4096,0,8.13603401184082e-05,3.5881996154785156e-05,23.6796118861821,0.018329202979072284,65.68360900878906,42.02477264404297,0.006381722632795572,0.022109707817435265,0.016682179644703865,0.027780449017882347,0.5365197062492371,23.659751892089844,0.10527771711349487,"1819,1947,2938,3546,3162,2682,1691,3418,1563,3290,2868,2810,3066,2612,190,1218",162.8651885986328,,,,,0,0.013395430520176888,0.01803753711283207,0.0055842213332653046,0.006596729159355164,"0.020,0.020,1.033,0.347,0.765,0.722,0.566,0.474",8108.98193359375,2433.747314453125,"18.7,18.7,8564,541.1,5.098e+04,2574,1346,832.6",0.9780311584472656,0.7785403728485107,"0.4938,0.4938,1.142,0.5122,3.283,0.7402,0.6162,0.5434","0.007159,0.007159,0.1177,0.0312,0.2901,0.06721,0.04665,0.0376","0.05016,0.05016,0.1158,0.053,0.3316,0.07907,0.06202,0.05464"
2,gate_proj,gptq,14336,4096,0,7.651533399309431e-05,2.7418136596679688e-05,75.72626062005403,0.007305535264670348,329.8438720703125,254.479248046875,7.36923885345459,12.479692459106445,11.809234619140625,13.427281379699707,0.6346171498298645,75.63516235351562,0.04320577159523964,"4062,788,1384,1884,2005,3608,1686,3837,630,3632,2456,2978,2088,194,162,4",16.802019119262695,,,,,0,6.527837753295898,7.241397857666016,6.668878555297852,7.477874755859375,"0.230,0.230,1.251,1.013,0.831,1.251,0.926,0.999",3222.24609375,3408.94140625,"160.9,160.9,6078,4491,2446,5183,3352,3906",10.74435043334961,10.87321662902832,"9.55,9.55,12.12,11.81,9.743,11.04,10.89,11.26","1.135,1.135,3.43,2.964,2.197,3.121,2.585,2.801","2.364,2.364,3.067,2.946,2.41,2.79,2.687,2.803"
2,up_proj,gptq,14336,4096,0,7.515294211251395e-05,2.5323459080287387e-05,59.349457902483934,0.007154477480378059,258.3723449707031,199.30201721191406,5.773043632507324,9.75726318359375,9.239653587341309,10.504125595092773,0.6346171498298645,59.25249481201172,0.04322320595383644,"4062,788,1384,2005,1884,3608,3837,1686,2456,630,3632,2978,2088,162,194,4",16.802019119262695,,,,,0,5.0363922119140625,5.6907806396484375,5.210801124572754,5.77006196975708,"0.222,0.222,1.281,0.975,0.804,1.276,0.895,0.990",3222.24609375,3408.94140625,"160.9,160.9,6078,4491,2446,5183,3352,3906",10.74435043334961,10.87321662902832,"9.55,9.55,12.12,11.81,9.743,11.04,10.89,11.26","1.005,1.005,2.993,2.582,1.941,2.763,2.275,2.465","2.134,2.134,2.644,2.614,2.165,2.446,2.405,2.478"
2,down_proj,gptq,4096,14336,0,2.6992389133998324e-05,7.93593270438058e-06,200.97160764693672,0.024021816529549045,511.79010009765625,310.91815185546875,0.04875451326370239,0.10635542869567871,0.10065567493438721,0.09770812094211578,0.5663934946060181,200.81207275390625,0.07807591557502747,"4555,7307,4403,8406,1012,7994,11931,6833,5843,5470,12475,10346,4601,10006,10524,4786",283.7997131347656,,,,,0,0.06388335675001144,0.05751396715641022,0.05639072507619858,0.0554710328578949,"0.042,0.042,1.456,1.136,1.117,1.540,0.750,0.995",16196.2587890625,14127.39453125,"190.2,190.2,5.327e+04,1.906e+04,8995,1.841e+04,1.142e+04,1.805e+04",1.4805920124053955,1.5483708381652832,"0.7497,0.7497,2.489,1.672,1.332,1.451,1.581,1.821","0.02735,0.02735,0.4408,0.2826,0.2063,0.2698,0.2151,0.2715","0.1327,0.1327,0.3653,0.2651,0.1953,0.2174,0.2483,0.2722"
3,q_proj,gptq,4096,4096,0,7.539987564086914e-05,3.081560134887695e-05,64.48575951105158,0.010916057948045498,224.78582763671875,160.31927490234375,15.817485809326172,39.57796859741211,25.883413314819336,35.96131134033203,0.8344430923461914,64.46421813964844,0.09404720366001129,"4028,431,3488,2978,2456,1109,979,103,2561,2303,541,3869,2579,3837,3316,1884",66.83704376220703,,,,,0,13.078208923339844,14.82265567779541,14.072503089904785,20.09416389465332,"0.717,0.717,1.160,0.865,0.937,1.106,0.581,0.685",2655.8486328125,2934.687255859375,"157.6,157.6,4686,3622,2706,4248,2622,3049",17.825292587280273,22.648330688476562,"4.778,4.778,22.69,22.96,19.67,21.97,23.04,22.72","0.8108,0.8108,4.897,4.192,3.713,4.69,3.506,3.7","0.9578,0.9578,4.547,4.509,3.836,4.459,4.599,4.471"
3,k_proj,gptq,1024,4096,0,7.152557373046875e-05,3.337860107421875e-05,35.47225631501351,0.010831990417550693,124.05245208740234,88.57561492919922,8.725921630859375,22.157886505126953,14.415992736816406,20.48104476928711,0.8344430923461914,35.51393508911133,0.09285840392112732,"4028,431,3488,2978,979,2456,1109,103,2561,3475,2303,541,2579,3869,1884,3476",66.83704376220703,,,,,0,7.162923812866211,8.336932182312012,7.811859130859375,11.177854537963867,"0.565,0.565,1.051,0.789,1.020,1.167,0.589,0.676",2655.8486328125,2934.687255859375,"157.6,157.6,4686,3622,2706,4248,2622,3049",17.825292587280273,22.648330688476562,"4.778,4.778,22.69,22.96,19.67,21.97,23.04,22.72","0.6274,0.6274,3.487,3.121,2.76,3.481,2.647,2.806","0.8349,0.8349,3.401,3.514,2.732,3.222,3.448,3.412"
3,v_proj,gptq,1024,4096,0,8.296966552734375e-05,3.170967102050781e-05,3.0624612120973325,0.00964539878873562,10.690143585205078,7.634002208709717,0.7518502473831177,1.8815531730651855,1.232051134109497,1.6955790519714355,0.8344430923461914,3.0548949241638184,0.0927075445652008,"4028,431,3488,2978,979,541,2456,1109,103,3476,3869,2579,3475,2561,1686,1884",66.83704376220703,,,,,0,0.6249926090240479,0.6812191009521484,0.6730647087097168,0.9705418348312378,"0.851,0.851,1.186,0.926,0.974,1.180,0.614,0.691",2655.8486328125,2934.687255859375,"157.6,157.6,4686,3622,2706,4248,2622,3049",17.825292587280273,22.648330688476562,"4.778,4.778,22.69,22.96,19.67,21.97,23.04,22.72","0.1413,0.1413,1.054,0.9237,0.8211,1.013,0.7714,0.8377","0.1532,0.1532,0.9676,0.9597,0.8317,0.9323,0.9842,1.008"
3,o_proj,gptq,4096,4096,0,8.291006088256836e-05,3.069639205932617e-05,26.07267023415764,0.015501597140962624,73.09136199951172,47.00489044189453,0.014623581431806087,0.04689501225948334,0.01997784897685051,0.027891866862773895,0.6559544801712036,26.070789337158203,0.05862172320485115,"2132,993,1587,2516,2388,609,3222,1843,1195,1715,865,737,4045,3954,4082,1971",42.48394775390625,,,,,0,0.004755592904984951,0.007790765725076199,0.011964729055762291,0.01660539209842682,"0.031,0.031,0.295,0.757,0.980,0.630,0.662,0.362",1276.0224609375,2988.933837890625,"23.2,23.2,429.4,1289,5894,992,1196,362.2",0.8038111925125122,1.1585196256637573,"0.667,0.667,0.6741,0.8499,1.297,0.7977,0.8274,0.6507","0.0127,0.0127,0.03958,0.07865,0.1369,0.06793,0.07005,0.04119","0.07178,0.07178,0.07285,0.09037,0.1383,0.08559,0.08609,0.06844"
3,gate_proj,gptq,14336,4096,0,7.562977927071708e-05,2.9138156345912387e-05,83.98888055835835,0.007301467507050967,368.4714660644531,284.91864013671875,11.785266876220703,20.214719772338867,19.10831069946289,21.501060485839844,0.44695597887039185,83.80624389648438,0.04700550436973572,"788,4062,1384,3608,4,1884,2082,979,2595,2456,1985,630,2978,3632,301,2960",12.189311981201172,,,,,0,10.169133186340332,11.455907821655273,10.543008804321289,11.782426834106445,"0.282,0.282,1.230,1.008,0.941,1.296,0.836,0.929",3160.6953125,3382.0166015625,"179.9,179.9,5542,4381,3081,4849,3287,3785",12.780072212219238,13.019515991210938,"11.51,11.51,13.77,13.92,11.95,12.69,13.33,13.56","1.618,1.618,4.071,3.684,3.1,3.8,3.207,3.411","3.044,3.044,3.671,3.669,3.196,3.338,3.507,3.539"
3,up_proj,gptq,14336,4096,0,7.431847708565848e-05,2.581732613699777e-05,57.51788488029695,0.007156860529261227,252.98184204101562,195.74383544921875,8.079079627990723,13.849884986877441,13.05289077758789,14.70848274230957,0.44695597887039185,57.440818786621094,0.046916089951992035,"788,4062,1384,3608,4,1884,2082,979,2456,2595,1985,301,2978,3632,630,194",12.189311981201172,,,,,0,6.996702194213867,7.815919399261475,7.190180778503418,8.139485359191895,"0.274,0.274,1.309,1.024,0.970,1.263,0.835,0.917",3160.6953125,3382.0166015625,"179.9,179.9,5542,4381,3081,4849,3287,3785",12.780072212219238,13.019515991210938,"11.51,11.51,13.77,13.92,11.95,12.69,13.33,13.56","1.319,1.319,3.423,3.068,2.575,3.107,2.651,2.838","2.521,2.521,2.992,3.032,2.614,2.765,2.901,2.963"
3,down_proj,gptq,4096,14336,0,2.4999891008649555e-05,8.123261587960379e-06,141.66185389177963,0.017701515030083104,397.9223937988281,256.736083984375,0.08334359526634216,0.175240159034729,0.1546534150838852,0.14372755587100983,0.4600606858730316,141.50599670410156,0.06255056709051132,"7539,5869,4721,7677,7088,14087,11093,2278,2145,5819,2399,5530,3813,6506,8963,7708",171.9841766357422,,,,,0,0.07269510626792908,0.0644068568944931,0.09442328661680222,0.08568854629993439,"0.063,0.063,1.247,1.242,1.310,1.519,0.982,1.132",10572.1474609375,13746.0830078125,"187.9,187.9,1.684e+04,1.567e+04,8723,1.568e+04,1.228e+04,1.499e+04",1.7785789966583252,2.168889284133911,"0.8241,0.8241,2.38,2.163,1.635,1.984,2.182,2.236","0.03579,0.03579,0.352,0.3175,0.2486,0.3198,0.2937,0.3225","0.1422,0.1422,0.3152,0.2849,0.2172,0.2595,0.2965,0.3031"
4,q_proj,gptq,4096,4096,0,7.748603820800781e-05,3.2782554626464844e-05,74.11222498716597,0.012821739078631409,241.8094482421875,167.5883026123047,14.608091354370117,41.839111328125,24.729164123535156,36.48783874511719,0.854063868522644,74.12346649169922,0.12077253311872482,"979,1856,2303,4028,103,3909,2456,3488,541,1109,2560,2579,431,509,991,2978",78.58627319335938,,,,,0,12.0765962600708,14.651735305786133,13.287394523620605,19.993600845336914,"0.464,0.464,0.978,0.751,0.895,1.176,0.577,0.661",2405.58154296875,2842.7099609375,"170.1,170.1,3690,3264,2685,3837,2535,2894",17.733863830566406,22.039884567260742,"5.437,5.437,21.79,22.35,20.58,21.28,22.72,22.28","0.7362,0.7362,4.296,3.9,3.907,4.661,3.444,3.607","1.08,1.08,4.344,4.501,4.129,4.299,4.532,4.437"
4,k_proj,gptq,1024,4096,0,7.700920104980469e-05,3.0994415283203125e-05,42.67446489057511,0.013400454831583796,138.95941162109375,96.2911148071289,8.392290115356445,23.653060913085938,14.007871627807617,21.07494354248047,0.854063868522644,42.60508728027344,0.12076116353273392,"1856,979,2303,103,541,4028,2456,3488,3909,1109,2560,2579,431,2978,766,4",78.58627319335938,,,,,0,6.631425857543945,8.344255447387695,7.616250991821289,11.91061782836914,"0.329,0.329,0.937,0.846,0.844,1.147,0.526,0.611",2405.58154296875,2842.7099609375,"170.1,170.1,3690,3264,2685,3837,2535,2894",17.733863830566406,22.039884567260742,"5.437,5.437,21.79,22.35,20.58,21.28,22.72,22.28","0.5657,0.5657,3.123,2.961,2.93,3.471,2.52,2.629","0.9864,0.9864,3.226,3.219,3.189,3.241,3.473,3.362"
4,v_proj,gptq,1024,4096,0,8.0108642578125e-05,2.86102294921875e-05,3.8590726946796394,0.010563058713774554,12.575271606445312,8.725908279418945,0.7609795331954956,2.0987024307250977,1.2888262271881104,1.8516405820846558,0.854063868522644,3.8580691814422607,0.12056262791156769,"979,1856,2303,103,4028,3909,2456,541,431,3488,2560,1109,991,2579,314,766",78.58627319335938,,,,,0,0.6137699484825134,0.7473487854003906,0.7098647952079773,1.0336017608642578,"0.706,0.706,1.016,0.705,0.785,1.189,0.535,0.756",2405.58154296875,2842.7099609375,"170.1,170.1,3690,3264,2685,3837,2535,2894",17.733863830566406,22.039884567260742,"5.437,5.437,21.79,22.35,20.58,21.28,22.72,22.28","0.1485,0.1485,0.9793,0.8889,0.8576,1.062,0.7534,0.8278","0.1767,0.1767,0.9716,1.058,0.9681,0.9741,1.03,0.952"
4,o_proj,gptq,4096,4096,0,8.314847946166992e-05,3.0934810638427734e-05,33.70920045349885,0.019271264287930887,89.80328369140625,56.19194793701172,0.03048676624894142,0.11869180202484131,0.05254906415939331,0.08543112874031067,0.6997885704040527,33.61415481567383,0.06988020986318588,"1976,1138,2083,2048,2467,2112,841,1720,1848,2168,2129,2157,2144,3248,2135,1266",101.42289733886719,,,,,0,0.017409000545740128,0.03174053877592087,0.023844340816140175,0.04063853621482849,"0.030,0.030,0.495,0.668,0.750,0.648,0.714,0.423",3060.1953125,2675.261474609375,"36.68,36.68,1495,4515,8514,4747,3669,1469",1.4636051654815674,1.629936695098877,"1.148,1.148,1.297,1.74,1.88,1.573,1.513,1.41","0.02367,0.02367,0.1095,0.1749,0.191,0.1528,0.1525,0.1118","0.1363,0.1363,0.1555,0.214,0.2206,0.1897,0.1805,0.1719"
4,gate_proj,gptq,14336,4096,0,7.699217115129744e-05,3.094332558768136e-05,95.45310881171827,0.007547266433684323,420.0948486328125,325.26263427734375,17.192474365234375,30.112686157226562,28.354755401611328,31.54744529724121,0.462515264749527,95.23067474365234,0.05462786555290222,"4062,1800,1384,788,2978,1856,2560,2005,2629,2456,2219,3632,1884,2082,3608,4",19.350080490112305,,,,,0,14.01309585571289,16.472131729125977,16.296367645263672,17.743919372558594,"0.237,0.237,1.106,1.020,1.040,1.231,0.851,0.861",2958.048583984375,3507.30517578125,"188.1,188.1,4480,4123,3392,4544,3262,3487",14.364997863769531,14.796438217163086,"13.17,13.17,15.23,15.27,13.75,14.37,14.84,15.11","1.819,1.819,4.505,4.36,3.942,4.498,3.846,3.953","3.735,3.735,4.284,4.318,3.864,4.054,4.168,4.26"
4,up_proj,gptq,14336,4096,0,7.447174617222377e-05,2.5953565325055805e-05,59.8186229979965,0.007767906067509927,261.66729736328125,202.56219482421875,10.745769500732422,18.788963317871094,17.674278259277344,19.651371002197266,0.462515264749527,59.53410339355469,0.054847609251737595,"4062,1800,1384,788,1856,2978,2005,2560,2629,2219,3632,2456,1884,4,630,3608",19.350080490112305,,,,,0,8.777166366577148,10.37173843383789,10.18449592590332,10.936059951782227,"0.223,0.223,1.086,0.997,1.095,1.231,0.863,0.863",2958.048583984375,3507.30517578125,"188.1,188.1,4480,4123,3392,4544,3262,3487",14.364997863769531,14.796438217163086,"13.17,13.17,15.23,15.27,13.75,14.37,14.84,15.11","1.412,1.412,3.542,3.417,3.162,3.567,3.072,3.139","2.99,2.99,3.399,3.423,3.022,3.214,3.308,3.38"
4,down_proj,gptq,4096,14336,0,2.5306429181780133e-05,7.339886256626674e-06,139.89110171833005,0.01824690755083728,395.46551513671875,257.27752685546875,0.1506744623184204,0.3191561698913574,0.27792930603027344,0.26957792043685913,0.26869311928749084,139.0250701904297,0.055238138884305954,"2968,6929,9836,2900,6603,6012,3288,13271,1433,2833,6190,3853,8621,3672,13248,9650",110.91722106933594,,,,,0,0.12975072860717773,0.11068129539489746,0.1676224172115326,0.15283748507499695,"0.083,0.083,1.370,1.215,1.258,1.472,0.989,1.166",11021.037109375,13883.5078125,"181.4,181.4,1.921e+04,1.598e+04,1.089e+04,1.471e+04,1.206e+04,1.495e+04",2.279655933380127,2.9023542404174805,"0.9022,0.9022,2.989,2.841,2.315,2.559,2.791,2.937","0.04684,0.04684,0.48,0.4204,0.3602,0.4203,0.3698,0.4282","0.163,0.163,0.4101,0.3814,0.3211,0.3464,0.3719,0.3965"
5,q_proj,gptq,4096,4096,0,7.855892181396484e-05,3.039836883544922e-05,88.47074441976292,0.015424888670582945,259.599365234375,171.24143981933594,21.222421646118164,56.836692810058594,36.99878692626953,49.28040313720703,0.864558219909668,88.42018127441406,0.1298668533563614,"2303,2456,766,3488,3475,509,1109,2300,979,103,1515,1856,4028,199,3620,431",67.2531509399414,,,,,0,18.53290557861328,20.641014099121094,20.388813018798828,26.36283302307129,"0.466,0.466,1.009,0.839,1.067,1.183,0.660,0.706",2492.020751953125,2922.62255859375,"174.1,174.1,3803,3447,3033,3887,2627,2790",20.627460479736328,25.176273345947266,"6.099,6.099,25.4,26.19,24.8,24.53,26,25.91","0.8394,0.8394,5.204,4.909,5.239,5.558,4.302,4.339","1.229,1.229,5.181,5.359,5.072,5.11,5.295,5.165"
5,k_proj,gptq,1024,4096,0,7.867813110351562e-05,3.1948089599609375e-05,59.05098596539756,0.01843505038495918,171.96969604492188,113.06047058105469,14.1355562210083,37.82380676269531,24.524206161499023,33.33970642089844,0.864558219909668,58.98509216308594,0.12952645123004913,"2303,2456,3488,3475,766,509,103,1515,1109,2300,4028,3620,199,431,979,689",67.2531509399414,,,,,0,12.846208572387695,13.733485221862793,13.256525039672852,18.134403228759766,"0.278,0.278,0.968,0.878,1.135,1.189,0.755,0.805",2492.020751953125,2922.62255859375,"174.1,174.1,3803,3447,3033,3887,2627,2790",20.627460479736328,25.176273345947266,"6.099,6.099,25.4,26.19,24.8,24.53,26,25.91","0.6838,0.6838,4.516,4.302,4.342,4.465,3.436,3.513","1.296,1.296,4.59,4.592,4.076,4.095,3.954,3.916"
5,v_proj,gptq,1024,4096,0,7.82012939453125e-05,2.9325485229492188e-05,3.3200809293693965,0.013003368010831363,9.770587921142578,6.454094409942627,0.7985894083976746,2.128462314605713,1.3664007186889648,1.8439476490020752,0.864558219909668,3.3199901580810547,0.12738104164600372,"766,2456,2303,3488,3475,509,1109,1515,979,103,2300,1856,431,3620,199,4028",67.2531509399414,,,,,0,0.6653374433517456,0.7947271466255188,0.74656081199646,0.9926944971084595,"0.479,0.479,0.944,0.833,0.921,0.973,0.663,0.709",2492.020751953125,2922.62255859375,"174.1,174.1,3803,3447,3033,3887,2627,2790",20.627460479736328,25.176273345947266,"6.099,6.099,25.4,26.19,24.8,24.53,26,25.91","0.1592,0.1592,1,0.9751,0.9674,1.015,0.8112,0.8344","0.2301,0.2301,1.03,1.069,1.008,1.029,0.996,0.9912"
5,o_proj,gptq,4096,4096,0,8.243322372436523e-05,3.147125244140625e-05,27.046599191236965,0.017993848382497044,73.63507843017578,46.5687141418457,0.03712645173072815,0.1688704788684845,0.052811965346336365,0.10491807013750076,0.8188395500183105,27.03940200805664,0.07439175248146057,"563,819,3896,2245,4024,691,2373,947,3768,2117,1630,1528,666,4038,3543,213",59.13545227050781,,,,,0,0.012166047468781471,0.04338141530752182,0.02459036186337471,0.04839252680540085,"0.025,0.025,0.053,0.267,0.481,0.378,0.527,0.353",835.8861083984375,1716.99560546875,"33.98,33.98,127.5,875.3,1605,1414,1660,937.5",1.9031546115875244,2.0387039184570312,"1.759,1.759,1.688,1.913,2.126,2.181,2.011,1.787","0.03176,0.03176,0.04349,0.1102,0.1538,0.1431,0.1555,0.1138","0.1995,0.1995,0.1897,0.2132,0.2219,0.2328,0.2142,0.1916"
5,gate_proj,gptq,14336,4096,0,7.51359122140067e-05,3.172670091901507e-05,91.92531723116014,0.007294628297686066,408.49957275390625,316.9879150390625,20.185382843017578,35.7396354675293,32.88449478149414,36.12944030761719,0.4997967481613159,91.80635833740234,0.05154888331890106,"1800,2978,1384,3183,2261,2629,2082,788,2560,709,2219,1856,1656,4062,2265,1731",25.037988662719727,,,,,0,16.615909576416016,18.486351013183594,18.70538330078125,19.74823760986328,"0.287,0.287,1.145,1.061,1.095,1.287,0.879,0.909",2956.84716796875,3454.9638671875,"192.7,192.7,4540,4074,3599,4582,3173,3302",15.537734985351562,15.971423149108887,"14.28,14.28,16.55,16.33,15.22,15.79,15.87,16","2.117,2.117,4.864,4.629,4.41,4.962,4.115,4.228","3.949,3.949,4.546,4.494,4.214,4.375,4.39,4.435"
5,up_proj,gptq,14336,4096,0,7.321153368268694e-05,2.590247562953404e-05,56.94198557301323,0.007308589181606346,252.6566619873047,196.05755615234375,12.500946998596191,22.093318939208984,20.262470245361328,22.305824279785156,0.4997967481613159,56.83915710449219,0.05141298472881317,"1800,2978,1384,3183,2261,2629,2082,2560,788,709,1856,2219,2265,4062,1656,866",25.037988662719727,,,,,0,10.310466766357422,11.59592342376709,11.42219352722168,12.099528312683105,"0.289,0.289,1.153,1.015,1.110,1.240,0.871,0.889",2956.84716796875,3454.9638671875,"192.7,192.7,4540,4074,3599,4582,3173,3302",15.537734985351562,15.971423149108887,"14.28,14.28,16.55,16.33,15.22,15.79,15.87,16","1.664,1.664,3.894,3.632,3.494,3.843,3.25,3.325","3.094,3.094,3.626,3.606,3.316,3.451,3.481,3.527"
5,down_proj,gptq,4096,14336,0,2.4812562125069754e-05,8.157321384974889e-06,145.1515074918077,0.018759874678278096,423.43408203125,279.3921203613281,0.23127740621566772,0.4898931682109833,0.42764902114868164,0.40469130873680115,0.7498073577880859,144.80674743652344,0.06028077006340027,"3396,7951,5229,4685,4379,4205,9286,2978,6524,7652,643,5354,12154,10862,7994,3359",315.9698181152344,,,,,0,0.19590973854064941,0.1618346869945526,0.2455013394355774,0.22903025150299072,"0.137,0.137,1.293,1.313,1.309,1.374,0.995,1.225",10973.8701171875,13404.845703125,"179.6,179.6,1.682e+04,1.638e+04,1.308e+04,1.569e+04,1.103e+04,1.444e+04",2.6964924335479736,3.350645065307617,"1.039,1.039,3.35,3.413,2.975,3.261,3.111,3.384","0.05878,0.05878,0.5394,0.5451,0.4794,0.5278,0.438,0.5217","0.1585,0.1585,0.4743,0.4758,0.4189,0.4502,0.439,0.4714"
6,q_proj,gptq,4096,4096,0,7.88569450378418e-05,3.2961368560791016e-05,67.76998495639418,0.011370392038050422,225.52151489257812,157.7560577392578,18.314414978027344,49.3436164855957,31.1845760345459,44.53691482543945,0.8242437839508057,67.78092956542969,0.10565292090177536,"2303,2265,3585,1059,1731,2116,3488,2261,873,2560,3869,3183,991,3909,1856,2579",89.7513198852539,,,,,0,15.686605453491211,18.223323822021484,17.095367431640625,23.68933868408203,"0.421,0.421,0.953,0.871,0.955,1.107,0.636,0.694",2536.26123046875,3000.406005859375,"180,180,3841,3437,3161,4052,2574,2865",20.244077682495117,24.480239868164062,"6.604,6.604,25.06,24.49,24.32,25.03,25.11,24.73","0.8333,0.8333,4.812,4.523,4.612,5.26,3.89,4.053","1.285,1.285,4.929,4.847,4.718,4.998,4.876,4.866"
6,k_proj,gptq,1024,4096,0,7.700920104980469e-05,3.218650817871094e-05,38.16939956108399,0.01191194050791776,126.8365478515625,88.78265380859375,10.303472518920898,27.38654899597168,17.428123474121094,25.1868839263916,0.8242437839508057,38.13975143432617,0.1050686165690422,"2303,2265,3585,1059,2261,3488,1731,2116,2560,873,3183,1856,3909,2978,3869,2579",89.7513198852539,,,,,0,8.88497543334961,10.732389450073242,9.579140663146973,12.990373611450195,"0.289,0.289,0.990,0.927,0.928,1.014,0.560,0.691",2536.26123046875,3000.406005859375,"180,180,3841,3437,3161,4052,2574,2865",20.244077682495117,24.480239868164062,"6.604,6.604,25.06,24.49,24.32,25.03,25.11,24.73","0.6294,0.6294,3.727,3.47,3.561,3.681,2.911,3.107","1.17,1.17,3.745,3.603,3.696,3.656,3.889,3.736"
6,v_proj,gptq,1024,4096,0,8.392333984375e-05,3.0994415283203125e-05,3.010750701266261,0.010061725904933485,10.025423049926758,7.016968727111816,0.8136694431304932,2.145158290863037,1.387789011001587,1.907865285873413,0.8242437839508057,3.0033907890319824,0.10297504812479019,"2303,2265,3585,1059,1731,2261,2560,3488,2116,3183,873,3909,991,3869,1856,2977",89.7513198852539,,,,,0,0.6818054914474487,0.7909473180770874,0.757722020149231,1.027181625366211,"0.468,0.468,0.943,0.900,0.998,1.161,0.585,0.643",2536.26123046875,3000.406005859375,"180,180,3841,3437,3161,4052,2574,2865",20.244077682495117,24.480239868164062,"6.604,6.604,25.06,24.49,24.32,25.03,25.11,24.73","0.1718,0.1718,0.9851,0.9632,0.99,1.109,0.7945,0.8106","0.2511,0.2511,1.015,1.015,0.991,1.029,1.039,1.011"
6,o_proj,gptq,4096,4096,0,8.398294448852539e-05,3.2007694244384766e-05,25.597429720816763,0.01565629670779509,72.05810546875,46.5693473815918,0.0648631751537323,0.2528214752674103,0.06276468932628632,0.1503070592880249,0.8307145833969116,25.530731201171875,0.06029039993882179,"1582,2872,2239,2616,1593,1710,1838,1187,1966,1443,803,2343,2495,3977,3378,1059",34.59465026855469,,,,,0,0.012644484639167786,0.06344196945428848,0.028576919808983803,0.06751588732004166,"0.021,0.021,0.036,0.529,0.292,0.284,0.306,0.251",562.6318359375,1278.5224609375,"37.71,37.71,100.6,1317,897.5,750.2,805.6,554.4",2.193173885345459,2.432988166809082,"2.271,2.271,2.163,2.399,2.196,2.17,2.08,1.994","0.04133,0.04133,0.04975,0.1853,0.1274,0.1267,0.1284,0.1104","0.2831,0.2831,0.2609,0.2546,0.2356,0.2376,0.2322,0.2203"
6,gate_proj,gptq,14336,4096,0,7.373946053641183e-05,2.9189246041434152e-05,93.01462075681047,0.007331947697800986,409.8135986328125,317.10284423828125,22.082164764404297,40.18178939819336,36.32267379760742,40.75701904296875,0.5564026832580566,92.923095703125,0.05713430419564247,"1800,2261,1384,2082,2629,2978,3183,788,2219,709,1731,1658,2485,1656,1189,3585",27.00527000427246,,,,,0,18.142715454101562,21.09195327758789,20.419116973876953,21.89708137512207,"0.277,0.277,1.099,1.090,1.079,1.243,0.850,0.875",2907.89892578125,3454.7890625,"195.9,195.9,4430,3987,3577,4556,3010,3312",16.479236602783203,16.803958892822266,"15.92,15.92,17.26,16.85,15.89,16.79,16.41,16.8","2.345,2.345,5.054,4.862,4.605,5.17,4.208,4.396","4.457,4.457,4.822,4.656,4.433,4.637,4.563,4.701"
6,up_proj,gptq,14336,4096,0,7.56978988647461e-05,2.654961177280971e-05,56.22472522346379,0.007221354443151602,247.8080291748047,191.8172149658203,13.345968246459961,24.285785675048828,22.060733795166016,24.74312973022461,0.5564026832580566,56.15337371826172,0.057004161179065704,"1800,2261,1384,2629,2082,2978,3183,788,2219,709,1731,1658,2485,1189,3585,1656",27.00527000427246,,,,,0,11.10683822631836,12.875694274902344,12.328601837158203,13.195930480957031,"0.272,0.272,1.161,1.064,1.055,1.227,0.843,0.908",2907.89892578125,3454.7890625,"195.9,195.9,4430,3987,3577,4556,3010,3312",16.479236602783203,16.803958892822266,"15.92,15.92,17.26,16.85,15.89,16.79,16.41,16.8","1.822,1.822,4.054,3.755,3.593,4.033,3.259,3.448","3.493,3.493,3.763,3.639,3.498,3.641,3.55,3.619"
6,down_proj,gptq,4096,14336,0,2.4216515677315848e-05,7.782663617815291e-06,125.57772078623157,0.016255251204952074,377.336669921875,252.67843627929688,0.2590184509754181,0.5611648559570312,0.4790228009223938,0.4641507863998413,0.7420908808708191,125.23190307617188,0.04215516522526741,"1392,10831,5866,5153,4315,10420,7238,5134,3894,11408,1892,3409,6371,847,2764,29",334.4955749511719,,,,,0,0.20375856757164001,0.17949523031711578,0.27199822664260864,0.23924577236175537,"0.148,0.148,1.386,1.395,1.323,1.254,0.764,0.972",9524.521484375,12875.142578125,"176.6,176.6,1.457e+04,1.278e+04,1.386e+04,1.446e+04,9415,1.075e+04",2.912665843963623,3.7144815921783447,"1.081,1.081,3.591,3.524,3.533,3.635,3.357,3.5","0.06515,0.06515,0.5584,0.5453,0.5446,0.5557,0.4287,0.4725","0.1696,0.1696,0.4743,0.4617,0.4735,0.4962,0.4903,0.4791"
7,q_proj,gptq,4096,4096,0,7.706880569458008e-05,3.147125244140625e-05,59.74430507754823,0.010832475025405975,204.79432678222656,145.05282592773438,17.375423431396484,46.42228698730469,29.530376434326172,41.58885955810547,0.8073787093162537,59.726280212402344,0.11687613278627396,"2303,2116,3585,1059,1731,2977,2265,2261,2485,1298,3516,3183,2932,1815,873,2943",66.47431945800781,,,,,0,13.907068252563477,17.164688110351562,16.652320861816406,21.859996795654297,"0.408,0.408,1.057,0.852,0.917,1.068,0.546,0.532",2493.384765625,3197.7216796875,"182.5,182.5,3906,3445,3305,4013,2395,2518",20.575210571289062,24.93167495727539,"7.004,7.004,25.35,24.68,24.97,25.29,25.26,25.04","0.8425,0.8425,4.766,4.277,4.435,4.872,3.555,3.575","1.32,1.32,4.636,4.634,4.63,4.715,4.813,4.902"
7,k_proj,gptq,1024,4096,0,7.915496826171875e-05,3.361701965332031e-05,34.91193315465807,0.010711882991599779,119.62197875976562,84.78181457519531,10.159370422363281,26.609024047851562,17.505340576171875,24.033397674560547,0.8073787093162537,34.92448425292969,0.11652655154466629,"2303,2116,1059,3585,2265,1731,2977,2261,2932,1298,3516,873,3183,2485,2943,991",66.47431945800781,,,,,0,7.9937238693237305,10.448033332824707,9.991525650024414,12.207229614257812,"0.305,0.305,0.840,0.820,0.934,0.899,0.594,0.583",2493.384765625,3197.7216796875,"182.5,182.5,3906,3445,3305,4013,2395,2518",20.575210571289062,24.93167495727539,"7.004,7.004,25.35,24.68,24.97,25.29,25.26,25.04","0.6483,0.6483,3.47,3.22,3.449,3.651,2.81,2.754","1.173,1.173,3.786,3.555,3.569,3.851,3.645,3.606"
7,v_proj,gptq,1024,4096,0,8.654594421386719e-05,3.814697265625e-05,2.861648639574355,0.009811242891838398,9.831491470336914,6.982990741729736,0.8348707556724548,2.212362051010132,1.4298429489135742,2.0215232372283936,0.8073787093162537,2.861907482147217,0.11391399055719376,"2303,2116,1059,3585,1731,2977,2265,2485,2261,1298,3183,873,3516,2932,1815,2943",66.47431945800781,,,,,0,0.6401492953300476,0.8291620016098022,0.8339093327522278,1.067157506942749,"0.418,0.418,0.959,0.774,0.868,0.889,0.569,0.601",2493.384765625,3197.7216796875,"182.5,182.5,3906,3445,3305,4013,2395,2518",20.575210571289062,24.93167495727539,"7.004,7.004,25.35,24.68,24.97,25.29,25.26,25.04","0.1839,0.1839,1.023,0.9008,0.9684,1.021,0.7863,0.7729","0.2843,0.2843,1.044,1.024,1.039,1.083,1.043,0.9968"
7,o_proj,gptq,4096,4096,0,8.219480514526367e-05,2.956390380859375e-05,26.97403495677281,0.015993144373009943,75.8436279296875,48.976234436035156,0.09127119928598404,0.39990442991256714,0.10468360781669617,0.27725329995155334,0.8002111911773682,26.917463302612305,0.06325735151767731,"3506,1323,3122,3250,1195,1451,787,2123,2251,915,659,175,531,3378,303,3776",32.786407470703125,,,,,0,0.02580343559384346,0.124984011054039,0.031002216041088104,0.1084999144077301,"0.025,0.025,0.064,0.180,0.459,0.184,0.317,0.231",800.7129516601562,945.1434326171875,"62.6,62.6,215.7,575.4,2711,575.6,1329,873.3",3.2388806343078613,3.072841167449951,"3.169,3.169,3.029,3.12,4.103,3.057,3.247,3.017","0.05476,0.05476,0.08363,0.1441,0.2968,0.1419,0.1991,0.1575","0.3475,0.3475,0.3306,0.3397,0.4381,0.3305,0.3533,0.3281"
7,gate_proj,gptq,14336,4096,0,7.471016475132533e-05,2.9870441981724332e-05,93.47027931041227,0.0076430318855204285,406.28839111328125,313.44403076171875,22.752595901489258,41.93427276611328,37.923973083496094,42.11918640136719,0.5963411927223206,93.25083923339844,0.0638333112001419,"2629,2261,1800,1384,2082,3183,1658,2978,2485,1189,1731,1565,709,2219,2646,1421",25.422653198242188,,,,,0,17.58513641357422,20.801067352294922,21.30290412902832,22.596187591552734,"0.257,0.257,1.130,1.067,1.078,1.162,0.779,0.830",2750.05810546875,3498.57763671875,"197.8,197.8,4274,3865,3666,4342,2601,2858",16.40894317626953,17.199947357177734,"15.39,15.39,17.25,16.94,16.46,17.05,16.19,16.61","2.178,2.178,5.116,4.846,4.712,5.095,3.981,4.187","4.292,4.292,4.813,4.691,4.538,4.727,4.512,4.594"
7,up_proj,gptq,14336,4096,0,7.581710815429688e-05,2.5425638471330914e-05,62.06967936321195,0.007775007824987759,270.3984375,208.54847717285156,15.118830680847168,27.882160186767578,25.287078857421875,28.34231948852539,0.5963411927223206,61.958309173583984,0.06345835328102112,"2629,2261,1800,1384,3183,2082,1658,2978,2485,1731,1189,1565,2219,709,1421,2646",25.422653198242188,,,,,0,11.709559440612793,13.889333724975586,14.249994277954102,15.221360206604004,"0.266,0.266,1.123,1.046,1.069,1.150,0.786,0.806",2750.05810546875,3498.57763671875,"197.8,197.8,4274,3865,3666,4342,2601,2858",16.40894317626953,17.199947357177734,"15.39,15.39,17.25,16.94,16.46,17.05,16.19,16.61","1.786,1.786,4.159,3.929,3.88,4.172,3.246,3.4","3.462,3.462,3.924,3.842,3.753,3.892,3.662,3.788"
7,down_proj,gptq,4096,14336,0,2.445493425641741e-05,8.838517325265066e-06,123.24107877240385,0.015541714875308825,388.2786865234375,266.1335144042969,0.3052687644958496,0.6383999586105347,0.5630662441253662,0.5630836486816406,0.7229539155960083,122.74894714355469,0.04329300299286842,"1460,6673,12209,10948,2317,10087,2201,8272,11766,13018,10011,9353,7848,7983,5639,2934",233.23292541503906,,,,,0,0.23871323466300964,0.22084523737430573,0.30961909890174866,0.3125304579734802,"0.235,0.235,1.138,1.151,1.292,1.113,0.902,0.934",9956.19921875,12852.21875,"174.8,174.8,1.839e+04,1.273e+04,1.615e+04,1.533e+04,8149,8540",3.1408514976501465,3.929156541824341,"1.069,1.069,4.567,3.692,3.943,4.022,3.407,3.358","0.07235,0.07235,0.662,0.5608,0.6133,0.5907,0.4579,0.4603","0.1493,0.1493,0.6206,0.5228,0.5395,0.5599,0.4821,0.4762"
8,q_proj,gptq,4096,4096,0,7.981061935424805e-05,3.0219554901123047e-05,67.50281857045047,0.012233304473852498,227.72007751464844,160.20338439941406,23.096012115478516,61.744930267333984,39.977664947509766,55.1094856262207,0.8001876473426819,67.47427368164062,0.1490296572446823,"2303,2932,1815,2116,2977,3516,1298,1731,1059,1189,2692,2943,1565,133,1162,3231",89.23263549804688,,,,,0,17.910354614257812,24.051597595214844,22.85541534423828,28.696102142333984,"0.305,0.305,0.823,0.818,0.854,1.010,0.558,0.511",2364.982421875,3128.040771484375,"187.9,187.9,3346,3450,3349,3774,2210,2414",23.202735900878906,27.30873680114746,"9.17,9.17,27.89,27.29,28.27,27.89,27.95,27.98","1.021,1.021,4.976,5.059,5.181,5.543,4.1,4.057","1.847,1.847,5.484,5.595,5.606,5.517,5.489,5.676"
8,k_proj,gptq,1024,4096,0,7.033348083496094e-05,3.0279159545898438e-05,46.481331521077664,0.014722333146946556,156.38467407226562,109.8052978515625,15.850127220153809,43.438331604003906,28.53915023803711,40.29747772216797,0.8001876473426819,46.43285369873047,0.15286321938037872,"2303,2932,2116,2977,1815,3516,1298,1731,1059,133,1189,2692,1565,1162,2943,2261",89.23263549804688,,,,,0,13.112813949584961,17.31503677368164,15.86770248413086,21.320091247558594,"0.257,0.257,0.819,0.905,0.972,1.047,0.497,0.509",2364.982421875,3128.040771484375,"187.9,187.9,3346,3450,3349,3774,2210,2414",23.202735900878906,27.30873680114746,"9.17,9.17,27.89,27.29,28.27,27.89,27.95,27.98","0.8558,0.8558,4.221,4.249,4.469,4.827,3.501,3.47","1.688,1.688,4.664,4.468,4.532,4.718,4.967,4.862"
8,v_proj,gptq,1024,4096,0,7.82012939453125e-05,3.4332275390625e-05,3.2762585178111294,0.010104540578439672,11.137986183166504,7.860279083251953,1.1295368671417236,2.9149816036224365,1.922544240951538,2.628277540206909,0.8001876473426819,3.2743654251098633,0.1412721872329712,"2303,2932,1815,3516,2116,2977,1298,1059,1731,2943,1189,3231,2692,1565,1162,133",89.23263549804688,,,,,0,0.8292514085769653,1.101426362991333,1.074711799621582,1.4056016206741333,"0.394,0.394,0.764,0.865,0.922,0.950,0.544,0.520",2364.982421875,3128.040771484375,"187.9,187.9,3346,3450,3349,3774,2210,2414",23.202735900878906,27.30873680114746,"9.17,9.17,27.89,27.29,28.27,27.89,27.95,27.98","0.2139,0.2139,1.051,1.066,1.161,1.2,0.8744,0.8647","0.3409,0.3409,1.203,1.146,1.209,1.231,1.185,1.199"
8,o_proj,gptq,4096,4096,0,8.565187454223633e-05,2.7894973754882812e-05,29.869730854356664,0.01697839989811897,82.52709197998047,52.675750732421875,0.11735236644744873,0.5405718088150024,0.1225205659866333,0.3668135106563568,0.8020749092102051,29.85498809814453,0.061123669147491455,"2382,2254,1505,4052,1121,1810,3668,3796,2510,1938,1377,2590,1554,1249,2846,2718",40.50480651855469,,,,,0,0.02794506773352623,0.15448984503746033,0.03810403496026993,0.1401435136795044,"0.031,0.031,0.223,0.241,0.199,0.257,0.232,0.224",654.441162109375,919.2047119140625,"59.4,59.4,647.8,947.3,775,1006,895.2,845",3.514371871948242,3.3408362865448,"3.456,3.456,3.68,3.691,3.541,3.587,3.357,3.348","0.06824,0.06824,0.1954,0.2001,0.1782,0.2018,0.1809,0.1756","0.389,0.389,0.4138,0.4075,0.399,0.3978,0.3754,0.371"
8,gate_proj,gptq,14336,4096,0,7.278578622000558e-05,2.9478754316057477e-05,90.37427459393257,0.007348446576409597,400.92498779296875,310.732177734375,23.939586639404297,43.618873596191406,41.1646842956543,44.98496627807617,0.5892968773841858,90.312255859375,0.07108253985643387,"2629,2261,2082,1658,1384,709,1189,3183,1800,2978,2485,2646,1565,1731,1421,2219",30.200130462646484,,,,,0,18.407758712768555,21.88629150390625,22.96695327758789,23.84455108642578,"0.271,0.271,1.019,1.040,1.115,1.235,0.796,0.819",2698.7353515625,3566.590576171875,"198.4,198.4,3714,3830,3773,4404,2655,2817",16.98668670654297,17.689971923828125,"16.17,16.17,17.64,17.55,17.07,17.55,16.7,17.04","2.312,2.312,4.88,4.871,4.951,5.39,4.136,4.286","4.443,4.443,4.833,4.778,4.69,4.85,4.636,4.735"
8,up_proj,gptq,14336,4096,0,7.586819784981864e-05,2.5102070399693082e-05,59.21296576656914,0.0074673428176414485,262.74993896484375,203.75823974609375,15.700105667114258,28.570016860961914,27.035781860351562,29.443218231201172,0.5892968773841858,59.19110107421875,0.07058791816234589,"2629,2261,1658,2082,709,1384,1189,3183,1800,2978,2485,2646,1565,1731,2219,1421",30.200130462646484,,,,,0,11.938902854919434,14.397663116455078,15.131885528564453,15.674910545349121,"0.267,0.267,1.010,1.023,1.090,1.162,0.817,0.827",2698.7353515625,3566.590576171875,"198.4,198.4,3714,3830,3773,4404,2655,2817",16.98668670654297,17.689971923828125,"16.17,16.17,17.64,17.55,17.07,17.55,16.7,17.04","1.863,1.863,3.936,4.003,4.016,4.236,3.325,3.453","3.605,3.605,3.916,3.958,3.847,3.929,3.678,3.797"
8,down_proj,gptq,4096,14336,0,2.322878156389509e-05,8.106231689453125e-06,133.289920724406,0.01687392841938822,415.8043212890625,284.11785888671875,0.3552008271217346,0.7524281144142151,0.6573405265808105,0.6383161544799805,0.3160395324230194,132.84637451171875,0.04656275734305382,"13044,9197,1846,5103,6733,4642,6601,1156,23,64,3128,7503,7331,7955,13110,12312",20.798290252685547,,,,,0,0.21895244717597961,0.2000807225704193,0.3584168553352356,0.3251152038574219,"0.202,0.202,1.175,1.266,1.169,1.164,0.901,1.006",7959.15869140625,12546.5703125,"169.4,169.4,1.236e+04,1.182e+04,8894,1.459e+04,7395,8273",3.0182271003723145,4.032879829406738,"1.086,1.086,3.759,3.778,3.299,4.1,3.438,3.6","0.06962,0.06962,0.5783,0.5785,0.4993,0.6183,0.4479,0.4906","0.1549,0.1549,0.5334,0.5142,0.4619,0.5731,0.4719,0.4892"
9,q_proj,gptq,4096,4096,0,7.790327072143555e-05,3.24249267578125e-05,58.119244007597445,0.010565994626961398,202.127685546875,144.08258056640625,21.050891876220703,55.18400573730469,36.33891677856445,49.13563919067383,0.7714560031890869,58.10968780517578,0.19143572449684143,"2932,2303,1815,1298,2977,3516,1189,1731,2692,133,2943,2116,1162,1059,1565,3231",105.45795440673828,,,,,0,15.714872360229492,21.004243850708008,20.390010833740234,25.315950393676758,"0.306,0.306,0.884,0.842,0.845,0.906,0.565,0.539",2307.56005859375,3140.92138671875,"190.1,190.1,3404,3420,3210,3607,2165,2275",23.111919403076172,27.070281982421875,"9.683,9.683,27.35,27.24,28.21,27.76,27.23,27.75","1.004,1.004,4.872,4.647,4.942,5.01,3.75,3.845","1.813,1.813,5.182,5.064,5.375,5.264,4.992,5.239"
9,k_proj,gptq,1024,4096,0,7.271766662597656e-05,3.552436828613281e-05,38.30335655467934,0.01225846466708306,132.93516540527344,94.69239044189453,13.82972526550293,36.75291442871094,23.467506408691406,34.030364990234375,0.7714560031890869,38.27841567993164,0.19370701909065247,"2932,2303,1815,2977,3516,1298,1189,133,2692,1731,1162,2116,2943,1565,1059,3231",105.45795440673828,,,,,0,10.162406921386719,14.769359588623047,13.102289199829102,18.156185150146484,"0.262,0.262,0.830,0.839,0.755,0.828,0.476,0.530",2307.56005859375,3140.92138671875,"190.1,190.1,3404,3420,3210,3607,2165,2275",23.111919403076172,27.070281982421875,"9.683,9.683,27.35,27.24,28.21,27.76,27.23,27.75","0.7989,0.7989,3.92,3.906,3.821,3.907,2.997,3.25","1.561,1.561,4.302,4.265,4.398,4.293,4.345,4.465"
9,v_proj,gptq,1024,4096,0,7.677078247070312e-05,3.409385681152344e-05,4.20103935506495,0.009661821209874724,14.893511772155762,10.691685676574707,1.5508594512939453,3.8817672729492188,2.626434803009033,3.5732262134552,0.7714560031890869,4.199847221374512,0.16869564354419708,"1815,2932,2303,2977,3516,2116,1731,133,1189,1059,2943,1298,2692,1162,3231,3266",105.45795440673828,,,,,0,1.1861984729766846,1.5616534948349,1.4485666751861572,1.8447026014328003,"0.427,0.427,0.878,0.848,0.830,1.012,0.539,0.528",2307.56005859375,3140.92138671875,"190.1,190.1,3404,3420,3210,3607,2165,2275",23.111919403076172,27.070281982421875,"9.683,9.683,27.35,27.24,28.21,27.76,27.23,27.75","0.2521,0.2521,1.327,1.249,1.373,1.389,1.066,1.045","0.3857,0.3857,1.417,1.356,1.506,1.381,1.451,1.438"
9,o_proj,gptq,4096,4096,0,8.147954940795898e-05,2.6881694793701172e-05,37.36854750787188,0.018565239340636714,105.39787292480469,68.1079330444336,0.15530316531658173,0.8225623369216919,0.15980057418346405,0.5305913686752319,0.7937687635421753,37.369712829589844,0.06314776092767715,"1159,1287,2358,1415,2102,1031,2486,2230,2718,1146,3485,1274,220,1530,3229,410",52.03522491455078,,,,,0,0.03863443434238434,0.25351595878601074,0.05006326735019684,0.22232381999492645,"0.032,0.032,0.127,0.150,0.162,0.293,0.238,0.180",560.2916870117188,815.9803466796875,"57.95,57.95,461.2,621.3,656.3,1188,891.9,547.5",3.882951498031616,3.633714199066162,"3.935,3.935,3.873,3.86,3.81,4.039,3.926,3.686","0.09127,0.09127,0.179,0.1942,0.1977,0.2863,0.2466,0.2019","0.51,0.51,0.5026,0.5017,0.4919,0.5285,0.5054,0.4762"
9,gate_proj,gptq,14336,4096,0,7.525512150355748e-05,2.9325485229492188e-05,96.41086048791476,0.007654464082076921,420.7908935546875,325.080322265625,25.412883758544922,47.20369338989258,44.10402297973633,47.95021057128906,0.5932711958885193,96.16751861572266,0.07183446735143661,"2261,1658,2629,2082,761,1189,709,3183,1800,1384,2485,2646,2219,2978,1421,1731",31.858572006225586,,,,,0,19.02272605895996,23.289060592651367,23.943958282470703,24.96048927307129,"0.269,0.269,1.045,1.024,1.067,1.204,0.755,0.762",2599.92822265625,3504.396484375,"199.1,199.1,3764,3755,3608,4191,2499,2584",16.932954788208008,17.699405670166016,"16.27,16.27,17.68,17.43,16.98,17.3,16.62,16.9","2.402,2.402,5.104,5.054,5.044,5.371,4.139,4.198","4.627,4.627,4.994,4.994,4.882,4.896,4.763,4.809"
9,up_proj,gptq,14336,4096,0,7.832050323486328e-05,2.6413372584751676e-05,62.151190735145065,0.007684479320838584,271.6933288574219,209.88912963867188,16.387941360473633,30.474475860595703,28.325462341308594,30.74979019165039,0.5932711958885193,61.979190826416016,0.07136187702417374,"2261,1658,2629,761,2082,709,1189,2485,1384,1800,3183,2646,2219,2978,1731,1421",31.858572006225586,,,,,0,12.126209259033203,14.711966514587402,15.314584732055664,16.081762313842773,"0.271,0.271,1.025,1.047,1.075,1.216,0.767,0.784",2599.92822265625,3504.396484375,"199.1,199.1,3764,3755,3608,4191,2499,2584",16.932954788208008,17.699405670166016,"16.27,16.27,17.68,17.43,16.98,17.3,16.62,16.9","1.917,1.917,4.025,4.041,4.005,4.315,3.322,3.382","3.681,3.681,3.976,3.949,3.862,3.913,3.792,3.82"
9,down_proj,gptq,4096,14336,0,2.411433628627232e-05,7.867813110351562e-06,125.18990592361752,0.015735798002766567,388.3485412597656,264.1490478515625,0.35455286502838135,0.8040072321891785,0.6421006917953491,0.6884183883666992,0.7535994052886963,124.94233703613281,0.043858375400304794,"12724,4255,8641,13102,11928,4704,7204,5356,1065,4373,963,12500,4796,4597,2343,13456",280.6874084472656,,,,,0,0.19901278614997864,0.19356127083301544,0.36080917716026306,0.3868998885154724,"0.337,0.337,1.053,1.177,1.149,1.251,0.768,0.864",7236.4931640625,11976.634765625,"157.6,157.6,1.132e+04,1.107e+04,8464,1.207e+04,7123,7523",2.9676246643066406,4.230928421020508,"0.8903,0.8903,3.757,3.801,3.363,3.804,3.576,3.66","0.07176,0.07176,0.5532,0.5514,0.4829,0.5723,0.4441,0.4625","0.1236,0.1236,0.539,0.5082,0.4505,0.5117,0.5069,0.4975"
10,q_proj,gptq,4096,4096,0,7.516145706176758e-05,2.968311309814453e-05,74.4213709984906,0.013066737018212142,240.4711151123047,166.18470764160156,26.337581634521484,72.15396881103516,48.89876174926758,64.73684692382812,0.8024440407752991,74.37327575683594,0.17627470195293427,"2932,2303,3516,1815,1189,2692,2977,1731,1162,133,1298,2943,2116,3231,1565,2261",100.95550537109375,,,,,0,21.511960983276367,28.08171272277832,26.88387680053711,33.978309631347656,"0.359,0.359,0.865,0.827,0.966,1.040,0.492,0.480",2341.61865234375,3231.694580078125,"184.7,184.7,3589,3385,3458,3866,2007,2059",24.80434799194336,29.355220794677734,"8.643,8.643,29.99,29.76,30.78,29.65,30.3,30.67","1.065,1.065,5.641,5.435,6.061,6.018,4.271,4.157","1.777,1.777,6.064,5.976,6.166,5.901,6.087,5.997"
10,k_proj,gptq,1024,4096,0,7.557868957519531e-05,2.7894973754882812e-05,49.631001138011925,0.015498520861075199,160.00595092773438,110.39846801757812,17.568153381347656,47.847251892089844,32.29454040527344,43.82183074951172,0.8024440407752991,49.54743576049805,0.1747305542230606,"2932,2303,1815,3516,133,2977,2692,1189,1162,1731,1298,2943,2116,2261,3231,3266",100.95550537109375,,,,,0,14.081192016601562,18.940221786499023,17.148454666137695,22.995656967163086,"0.277,0.277,0.862,0.788,1.071,1.066,0.454,0.402",2341.61865234375,3231.694580078125,"184.7,184.7,3589,3385,3458,3866,2007,2059",24.80434799194336,29.355220794677734,"8.643,8.643,29.99,29.76,30.78,29.65,30.3,30.67","0.8182,0.8182,4.531,4.478,4.915,4.937,3.35,3.313","1.554,1.554,4.879,5.043,4.75,4.781,4.972,5.227"
10,v_proj,gptq,1024,4096,0,8.249282836914062e-05,3.218650817871094e-05,3.447656695398109,0.010609949812703903,11.193282127380371,7.746890544891357,1.2259854078292847,3.3309316635131836,2.3140525817871094,3.0187220573425293,0.8024440407752991,3.4419069290161133,0.1695670485496521,"2932,1815,2303,1189,3516,2692,2977,133,1731,1162,1298,2943,2116,3231,2485,709",100.95550537109375,,,,,0,1.0036518573760986,1.27260160446167,1.29107666015625,1.5745927095413208,"0.434,0.434,0.945,0.840,1.009,1.172,0.452,0.458",2341.61865234375,3231.694580078125,"184.7,184.7,3589,3385,3458,3866,2007,2059",24.80434799194336,29.355220794677734,"8.643,8.643,29.99,29.76,30.78,29.65,30.3,30.67","0.2215,0.2215,1.226,1.162,1.303,1.322,0.9017,0.903","0.3361,0.3361,1.262,1.269,1.297,1.222,1.341,1.334"
10,o_proj,gptq,4096,4096,0,8.779764175415039e-05,2.8908252716064453e-05,29.901948469657327,0.017207202496835796,84.06368255615234,54.19084167480469,0.13969986140727997,0.6659852862358093,0.12073609232902527,0.38823094964027405,0.837748110294342,29.90691566467285,0.06502685695886612,"4021,3637,3765,129,3893,257,385,2619,2747,2174,3003,1264,1,2558,1136,3431",59.534122467041016,,,,,0,0.02467181533575058,0.17262664437294006,0.050226058810949326,0.16896623373031616,"0.025,0.025,0.207,0.102,0.328,0.213,0.088,0.055",492.1419677734375,1127.3134765625,"43.48,43.48,524.6,313.8,1734,807.6,296.9,173.5",3.6793019771575928,3.669830322265625,"3.663,3.663,3.823,3.443,4.236,3.706,3.502,3.398","0.06519,0.06519,0.1962,0.1231,0.2778,0.1918,0.1158,0.08871","0.4134,0.4134,0.4316,0.3854,0.485,0.416,0.39,0.3795"
10,gate_proj,gptq,14336,4096,0,7.653236389160156e-05,2.9546873910086496e-05,89.30150378367398,0.007426383203801922,388.43426513671875,299.4356689453125,23.838468551635742,43.877349853515625,41.62820816040039,44.160377502441406,0.625171422958374,89.27314758300781,0.06884224712848663,"761,2261,1658,2082,2629,709,1189,1800,3183,2978,2646,2485,2219,1805,1421,1384",39.879859924316406,,,,,0,17.58173370361328,19.880014419555664,23.020187377929688,23.623336791992188,"0.278,0.278,1.096,1.104,1.155,1.207,0.764,0.747",2645.4521484375,3607.72509765625,"199,199,3954,3804,3895,4461,2310,2341",16.407867431640625,17.90509605407715,"14.27,14.27,17.74,17.53,17.19,17.58,16.12,16.57","2.036,2.036,5.025,4.986,4.987,5.297,3.796,3.86","3.865,3.865,4.8,4.745,4.64,4.822,4.344,4.467"
10,up_proj,gptq,14336,4096,0,7.595334734235491e-05,2.597059522356306e-05,61.461210648558335,0.007382980895099604,267.4640808105469,206.18096923828125,16.404415130615234,30.22897720336914,28.805633544921875,30.2937068939209,0.625171422958374,61.419654846191406,0.06840314716100693,"2261,761,1658,2082,2629,709,1800,1189,3183,2978,2485,2646,2219,1805,1384,1421",39.879859924316406,,,,,0,11.999839782714844,13.5855131149292,15.978530883789062,16.168075561523438,"0.276,0.276,1.072,1.080,1.162,1.247,0.785,0.738",2645.4521484375,3607.72509765625,"199,199,3954,3804,3895,4461,2310,2341",16.407867431640625,17.90509605407715,"14.27,14.27,17.74,17.53,17.19,17.58,16.12,16.57","1.683,1.683,4.13,4.098,4.136,4.368,3.186,3.184","3.204,3.204,3.988,3.944,3.837,3.912,3.596,3.706"
10,down_proj,gptq,4096,14336,0,2.3552349635532926e-05,8.123261587960379e-06,121.12713127189363,0.014825440882714383,377.6551513671875,257.48297119140625,0.3605915307998657,0.7815465927124023,0.6192376613616943,0.6970683336257935,0.5169010162353516,120.83075714111328,0.05380234494805336,"14295,1656,11570,2226,5755,9961,2140,14115,6730,5787,4690,7035,2277,789,8888,10587",230.35452270507812,,,,,0,0.21861976385116577,0.4322845935821533,0.33237922191619873,0.32616761326789856,"0.135,0.135,1.237,1.123,1.171,1.141,0.827,0.911",6350.0361328125,11901.171875,"207.9,207.9,9372,9371,9105,1.145e+04,5374,5713",4.489700794219971,4.27369499206543,"7.414,7.414,3.534,3.688,3.476,3.848,3.164,3.381","0.3775,0.3775,0.528,0.5276,0.5012,0.5685,0.3931,0.4219","1.026,1.026,0.4746,0.4978,0.4631,0.5323,0.4322,0.4421"
11,q_proj,gptq,4096,4096,0,7.683038711547852e-05,3.2901763916015625e-05,52.827505783425295,0.010232456675685146,182.43905639648438,129.61538696289062,20.970035552978516,56.30437469482422,37.870025634765625,52.50196838378906,0.7944106459617615,52.790409088134766,0.19974499940872192,"2932,2303,1815,1189,133,1731,2977,2692,3516,1298,1162,2116,2943,291,3231,3266",112.26571655273438,,,,,0,16.796972274780273,21.984180450439453,20.470718383789062,27.682193756103516,"0.295,0.295,0.962,0.804,0.996,1.070,0.457,0.427",2336.89892578125,3222.10107421875,"190.3,190.3,3547,3454,3464,3915,1957,1977",24.900466918945312,29.293155670166016,"9.898,9.898,29.48,29.78,30.34,30.01,29.33,30.46","0.9661,0.9661,4.969,4.765,5.368,5.534,3.616,3.549","1.78,1.78,5.066,5.314,5.379,5.349,5.347,5.431"
11,k_proj,gptq,1024,4096,0,6.914138793945312e-05,3.123283386230469e-05,36.78090876474744,0.011729473604500423,127.22325134277344,90.40619659423828,14.61380672454834,38.74896240234375,26.339824676513672,36.138702392578125,0.7944106459617615,36.78266525268555,0.19888903200626373,"2932,2303,1815,133,1189,1298,1731,2977,1162,2692,3516,2943,2116,291,3266,3231",112.26571655273438,,,,,0,12.257728576660156,15.864259719848633,13.841825485229492,18.758342742919922,"0.251,0.251,0.994,0.876,0.919,1.074,0.479,0.441",2336.89892578125,3222.10107421875,"190.3,190.3,3547,3454,3464,3915,1957,1977",24.900466918945312,29.293155670166016,"9.898,9.898,29.48,29.78,30.34,30.01,29.33,30.46","0.8237,0.8237,4.444,4.169,4.333,4.695,3.02,3.103","1.644,1.644,4.458,4.454,4.52,4.53,4.363,4.67"
11,v_proj,gptq,1024,4096,0,8.034706115722656e-05,2.956390380859375e-05,3.055286888983119,0.00974287506916252,10.606203079223633,7.551995277404785,1.2193784713745117,3.2633955478668213,2.170883893966675,2.9400410652160645,0.7944106459617615,3.0563743114471436,0.19491899013519287,"2932,2303,1815,133,1731,1189,2692,2977,3516,1298,2943,1162,2116,291,912,709",112.26571655273438,,,,,0,0.9650405645370483,1.2360559701919556,1.1908090114593506,1.580128788948059,"0.375,0.375,0.883,0.837,0.999,1.066,0.500,0.462",2336.89892578125,3222.10107421875,"190.3,190.3,3547,3454,3464,3915,1957,1977",24.900466918945312,29.293155670166016,"9.898,9.898,29.48,29.78,30.34,30.01,29.33,30.46","0.2379,0.2379,1.191,1.14,1.287,1.308,0.8808,0.8618","0.3884,0.3884,1.268,1.247,1.288,1.267,1.245,1.268"
11,o_proj,gptq,4096,4096,0,8.594989776611328e-05,2.753734588623047e-05,30.56946194678312,0.01696404971785504,86.19039916992188,55.69416809082031,0.15290546417236328,0.8697326183319092,0.13907253742218018,0.7190240621566772,0.8103979229927063,30.5289306640625,0.060040079057216644,"554,1047,1550,145,3403,810,17,273,682,3275,3531,3056,1175,2800,2506,1404",26.768075942993164,,,,,0,0.02487839385867119,0.3738352656364441,0.04811037331819534,0.327518105506897,"0.011,0.011,0.030,0.026,0.120,0.079,0.142,0.112",479.0008239746094,805.2201538085938,"45.8,45.8,207.8,155.4,1022,618.3,1014,723.4",5.151428699493408,4.831584930419922,"5.289,5.289,5.144,4.986,5.142,5.106,5.242,5.013","0.06604,0.06604,0.1062,0.09583,0.2137,0.1721,0.2338,0.1998","0.6223,0.6223,0.6106,0.5902,0.6175,0.6111,0.6208,0.5957"
11,gate_proj,gptq,14336,4096,0,7.511888231549944e-05,3.0142920357840402e-05,91.8148374442826,0.007835562187686456,395.3574523925781,304.134033203125,25.20404052734375,47.23293685913086,43.304718017578125,47.48871994018555,0.6389846205711365,91.67891693115234,0.07439510524272919,"2261,761,2082,1658,3183,1800,1421,2629,2978,2742,2646,2485,2219,709,1805,1189",44.44450378417969,,,,,0,18.394176483154297,21.755517959594727,24.020313262939453,25.13330078125,"0.299,0.299,1.056,1.051,1.158,1.187,0.706,0.660",2566.51513671875,3538.8916015625,"200.3,200.3,3855,3760,3832,4340,2155,2189",17.02069854736328,18.29099464416504,"15.37,15.37,18.19,17.94,17.79,18.06,16.44,17.01","2.259,2.259,5.102,5.001,5.224,5.389,3.822,3.87","4.135,4.135,4.964,4.879,4.855,4.946,4.548,4.764"
11,up_proj,gptq,14336,4096,0,7.665157318115234e-05,2.6668821062360492e-05,63.32281232270179,0.007518751182695152,273.8576965332031,210.68966674804688,17.407169342041016,32.473045349121094,30.151309967041016,32.720882415771484,0.6389846205711365,63.30400085449219,0.07389454543590546,"2261,761,2082,3183,1800,1658,1421,2629,2978,2742,2485,2646,709,1805,2219,1189",44.44450378417969,,,,,0,12.747421264648438,14.958772659301758,16.71076202392578,17.314956665039062,"0.291,0.291,1.031,1.080,1.139,1.223,0.720,0.695",2566.51513671875,3538.8916015625,"200.3,200.3,3855,3760,3832,4340,2155,2189",17.02069854736328,18.29099464416504,"15.37,15.37,18.19,17.94,17.79,18.06,16.44,17.01","1.875,1.875,4.236,4.22,4.327,4.498,3.159,3.205","3.477,3.477,4.171,4.06,4.054,4.067,3.723,3.843"
11,down_proj,gptq,4096,14336,0,2.4352754865373883e-05,8.259500776018416e-06,127.24185633755587,0.015361579879651891,404.3633117675781,277.94989013671875,0.4019143581390381,0.8720797300338745,0.6634945869445801,0.684944748878479,0.9488700032234192,126.94789123535156,0.04537877067923546,"11321,11824,12263,8711,7903,10961,9288,9734,1514,3032,1803,3328,13317,7684,6881,12269",388.3245849609375,,,,,0,0.20595523715019226,0.21568164229393005,0.3629697561264038,0.3553861975669861,"0.209,0.209,1.055,1.074,1.082,1.190,0.722,0.750",6472.22607421875,11164.076171875,"179.6,179.6,9913,1.009e+04,9236,1.066e+04,5815,5704",3.180095672607422,4.224373817443848,"1.402,1.402,3.832,3.917,3.736,3.971,3.578,3.603","0.08779,0.08779,0.5459,0.571,0.5352,0.5886,0.4327,0.4338","0.1919,0.1919,0.5316,0.5508,0.5144,0.5396,0.5091,0.5007"
12,q_proj,gptq,4096,4096,0,7.605552673339844e-05,3.30805778503418e-05,52.29477528485586,0.009912740775306673,188.13726806640625,135.747314453125,18.83807373046875,48.33360290527344,33.35919189453125,45.84043502807617,0.8190944194793701,52.33036422729492,0.195188507437706,"2303,2932,2977,2692,1189,1815,133,3266,1298,291,1162,3516,2943,2116,3231,1731",88.03852081298828,,,,,0,14.45760726928711,18.786376953125,18.036075592041016,24.044086456298828,"0.338,0.338,0.930,0.871,0.986,1.002,0.478,0.453",2321.96142578125,3226.910888671875,"191.2,191.2,3436,3490,3453,3831,2011,1972",22.788528442382812,26.698726654052734,"9.125,9.125,26.73,27.01,27.46,27.35,27.56,27.95","0.9458,0.9458,4.686,4.479,4.873,5.03,3.402,3.351","1.627,1.627,4.861,4.8,4.908,5.025,4.92,4.978"
12,k_proj,gptq,1024,4096,0,7.271766662597656e-05,3.0040740966796875e-05,30.09450914989793,0.010086423494560218,108.03549194335938,77.94593048095703,10.811555862426758,27.773475646972656,19.45795249938965,26.358135223388672,0.8190944194793701,30.07858657836914,0.1964329481124878,"2303,2932,2977,3266,1815,2692,1189,1298,133,291,2943,1162,3516,2485,2116,3231",88.03852081298828,,,,,0,8.235027313232422,11.085068702697754,10.856059074401855,13.301733016967773,"0.255,0.255,0.899,0.873,0.925,1.040,0.453,0.434",2321.96142578125,3226.910888671875,"191.2,191.2,3436,3490,3453,3831,2011,1972",22.788528442382812,26.698726654052734,"9.125,9.125,26.73,27.01,27.46,27.35,27.56,27.95","0.7108,0.7108,3.532,3.389,3.562,3.899,2.577,2.526","1.406,1.406,3.726,3.627,3.703,3.822,3.829,3.835"
12,v_proj,gptq,1024,4096,0,6.818771362304688e-05,3.0517578125e-05,3.956447106061205,0.00916917013713871,14.373781204223633,10.415748596191406,1.4390687942504883,3.6279168128967285,2.526909112930298,3.4748830795288086,0.8190944194793701,3.9554667472839355,0.18279092013835907,"2303,2932,2977,2692,1189,1815,133,2943,3266,3516,1298,1162,2485,3231,291,2116",88.03852081298828,,,,,0,1.0860332250595093,1.4441280364990234,1.3790836334228516,1.7880065441131592,"0.382,0.382,0.856,0.830,0.953,1.040,0.499,0.420",2321.96142578125,3226.910888671875,"191.2,191.2,3436,3490,3453,3831,2011,1972",22.788528442382812,26.698726654052734,"9.125,9.125,26.73,27.01,27.46,27.35,27.56,27.95","0.2575,0.2575,1.222,1.257,1.331,1.4,0.9613,0.9074","0.4169,0.4169,1.321,1.38,1.364,1.373,1.361,1.4"
12,o_proj,gptq,4096,4096,0,8.64267349243164e-05,2.6106834411621094e-05,30.046073557939962,0.014988905548001669,82.08624267578125,52.04862976074219,0.1802099496126175,0.8213869333267212,0.1417948603630066,0.4953743815422058,0.6306025385856628,30.00833511352539,0.059841837733983994,"1819,2095,2351,2479,3794,1691,1654,1563,1561,1539,3666,1596,1603,1947,1621,1612",75.18402099609375,,,,,0,0.02718743309378624,0.216117262840271,0.05250973999500275,0.20723983645439148,"0.037,0.037,0.102,0.106,0.256,0.212,0.141,0.119",398.99981689453125,833.388427734375,"67.72,67.72,317,314.1,908.8,757.9,466.9,291.8",4.013436317443848,4.023611068725586,"4.074,4.074,3.993,3.915,4.218,4.055,3.959,3.819","0.09279,0.09279,0.1483,0.1473,0.2419,0.214,0.1704,0.1523","0.4809,0.4809,0.4648,0.4524,0.4786,0.4644,0.4534,0.4421"
12,gate_proj,gptq,14336,4096,0,7.488046373639788e-05,2.9274395533970426e-05,101.36986223090207,0.008862384875231819,419.0616455078125,319.052734375,26.09556007385254,49.82044982910156,44.25617980957031,49.86941146850586,0.6238702535629272,100.8767318725586,0.08336162567138672,"761,1658,3183,2261,1800,2082,1189,2742,2978,2485,2219,1421,2646,2629,709,1384",54.1985969543457,,,,,0,18.88309097290039,24.06528091430664,24.695999145507812,25.96420669555664,"0.278,0.278,0.993,0.980,1.061,1.185,0.660,0.652",2452.658203125,3462.0869140625,"200.8,200.8,3696,3657,3650,4117,2084,2016",17.29608917236328,18.155752182006836,"16.62,16.62,18.14,17.93,17.84,17.79,16.68,16.74","2.492,2.492,5.132,5.093,5.264,5.502,3.78,3.755","4.724,4.724,5.149,5.144,5.11,5.054,4.654,4.649"
12,up_proj,gptq,14336,4096,0,7.656642368861608e-05,2.685614994594029e-05,73.82769713544985,0.00844641504769969,308.14019775390625,234.5721435546875,19.08684539794922,36.4129638671875,32.343692779541016,36.368507385253906,0.6238702535629272,73.72187805175781,0.08265366405248642,"761,1658,1189,3183,1800,2261,2082,2485,2978,2646,2219,2629,2742,1421,709,1384",54.1985969543457,,,,,0,13.978861808776855,17.11098861694336,18.08870506286621,18.91490936279297,"0.290,0.290,1.031,1.057,1.107,1.229,0.687,0.673",2452.658203125,3462.0869140625,"200.8,200.8,3696,3657,3650,4117,2084,2016",17.29608917236328,18.155752182006836,"16.62,16.62,18.14,17.93,17.84,17.79,16.68,16.74","2.139,2.139,4.425,4.367,4.483,4.702,3.315,3.291","3.976,3.976,4.358,4.248,4.262,4.241,3.998,4.013"
12,down_proj,gptq,4096,14336,0,2.3024422781808035e-05,8.92366681780134e-06,154.97252693865386,0.01817908074951844,465.2691650390625,313.0570373535156,0.4924249053001404,1.1002004146575928,0.8000609278678894,0.8513412475585938,0.8531469702720642,153.85768127441406,0.05769173055887222,"13868,4319,1559,7328,13806,10867,13973,11262,1576,7470,10372,9336,9422,13860,1575,4265",236.01174926757812,,,,,0,0.2572370171546936,0.27249306440353394,0.41821548342704773,0.4254087209701538,"0.217,0.217,1.094,1.035,1.155,1.089,0.687,0.678",6316.341796875,10839.9921875,"167.6,167.6,1.047e+04,9291,1.016e+04,9777,5375,5121",3.237445831298828,4.444194793701172,"1.182,1.182,4.17,3.992,4.096,4.015,3.649,3.613","0.08881,0.08881,0.6501,0.607,0.6527,0.6236,0.4766,0.4571","0.1906,0.1906,0.6215,0.5966,0.6074,0.5976,0.5752,0.5551"
13,q_proj,gptq,4096,4096,0,8.058547973632812e-05,2.8848648071289062e-05,56.24839053757023,0.010469548494249884,186.42796325683594,130.24391174316406,23.053775787353516,61.14961242675781,38.15557098388672,56.95594787597656,0.7744242548942566,56.27378845214844,0.24883703887462616,"2932,1189,3516,1298,2303,133,2977,2692,1162,3231,1815,1731,2943,291,1059,3266",103.3177261352539,,,,,0,17.375600814819336,24.223291397094727,21.53645133972168,30.896167755126953,"0.425,0.425,0.875,0.713,0.843,1.060,0.431,0.411",2235.12841796875,3077.953125,"187.4,187.4,3437,3267,3365,3826,1803,1808",25.993602752685547,31.264873504638672,"9.067,9.067,31.25,31.9,32.38,31.81,30.83,31.64","1.03,1.03,5.207,4.78,5.247,5.792,3.618,3.571","1.579,1.579,5.567,5.661,5.714,5.626,5.514,5.573"
13,k_proj,gptq,1024,4096,0,7.033348083496094e-05,2.7418136596679688e-05,46.3518687353353,0.01469236738352001,152.91726684570312,106.6550521850586,18.893421173095703,50.106285095214844,31.92388343811035,47.53945541381836,0.7744242548942566,46.25920104980469,0.25156107544898987,"2932,1189,3516,1298,133,2977,2303,2692,1815,1162,3231,1731,2943,291,1059,2720",103.3177261352539,,,,,0,14.99130630493164,19.713912963867188,18.189476013183594,26.193069458007812,"0.292,0.292,0.958,0.772,0.957,1.097,0.444,0.411",2235.12841796875,3077.953125,"187.4,187.4,3437,3267,3365,3826,1803,1808",25.993602752685547,31.264873504638672,"9.067,9.067,31.25,31.9,32.38,31.81,30.83,31.64","0.9044,0.9044,4.888,4.486,4.987,5.32,3.323,3.17","1.675,1.675,4.994,5.105,5.097,5.08,4.989,4.942"
13,v_proj,gptq,1024,4096,0,8.368492126464844e-05,3.886222839355469e-05,3.8448254040586107,0.01027467802260206,12.921626091003418,9.07875919342041,1.5961737632751465,4.1397809982299805,2.6168980598449707,3.844480037689209,0.7744242548942566,3.8364360332489014,0.23222561180591583,"2932,3516,133,1189,2977,2692,1298,2303,1815,1162,3231,1731,1059,2943,2720,291",103.3177261352539,,,,,0,1.2053650617599487,1.6206538677215576,1.5054782629013062,2.09922194480896,"0.513,0.513,0.995,0.701,0.979,1.013,0.417,0.401",2235.12841796875,3077.953125,"187.4,187.4,3437,3267,3365,3826,1803,1808",25.993602752685547,31.264873504638672,"9.067,9.067,31.25,31.9,32.38,31.81,30.83,31.64","0.2727,0.2727,1.389,1.248,1.46,1.468,0.9233,0.9318","0.3809,0.3809,1.392,1.491,1.475,1.459,1.429,1.472"
13,o_proj,gptq,4096,4096,0,8.231401443481445e-05,2.753734588623047e-05,30.54487841168921,0.015890599429780668,84.77948760986328,54.444454193115234,0.20074254274368286,1.1681370735168457,0.1528366059064865,0.6876108646392822,0.6934255361557007,30.243820190429688,0.045789897441864014,"2441,480,2313,3908,3413,2185,3780,2057,1245,1117,679,352,807,3157,224,3655",32.731689453125,,,,,0,0.018759362399578094,0.24598249793052673,0.04313291981816292,0.256152868270874,"0.028,0.028,0.040,0.062,0.131,0.098,0.118,0.096",204.17938232421875,541.151123046875,"43.74,43.74,74.47,133.9,426.4,278.3,360.9,271.9",4.206666946411133,4.248392105102539,"4.163,4.163,4.127,4.146,4.319,4.19,4.336,4.208","0.08148,0.08148,0.09619,0.1208,0.1863,0.159,0.1721,0.1528","0.491,0.491,0.4822,0.4841,0.5147,0.5091,0.5018,0.4929"
13,gate_proj,gptq,14336,4096,0,7.004397256033761e-05,2.8984887259347098e-05,106.47135380463442,0.009291571341639413,430.7131652832031,325.0633239746094,27.51137924194336,54.56399917602539,46.51044845581055,52.70378112792969,0.6055777072906494,106.12702941894531,0.07766830176115036,"761,2742,1658,2261,3183,2978,2219,2082,1805,1421,2629,1800,2646,2613,3608,325",63.32804870605469,,,,,0,20.323179244995117,24.13924789428711,25.5328369140625,27.73036766052246,"0.311,0.311,1.052,1.042,1.127,1.243,0.697,0.656",2484.369873046875,3430.108154296875,"201.1,201.1,3768,3573,3729,4334,2059,2009",17.45730209350586,18.664127349853516,"15.72,15.72,18.75,18.32,18.33,18.36,17.12,17.33","2.505,2.505,5.403,5.157,5.462,5.737,4.004,3.934","4.488,4.488,5.268,5.052,5.146,5.147,4.795,4.857"
13,up_proj,gptq,14336,4096,0,7.797990526471819e-05,2.8014183044433594e-05,74.93088729045121,0.008502774991619262,305.3197937011719,230.5877227783203,19.439010620117188,38.334190368652344,33.048912048339844,37.41078186035156,0.6055777072906494,74.94161987304688,0.07683206349611282,"761,2742,2261,3183,1658,2978,2219,1805,2082,1800,1421,2629,2646,2613,325,3608",63.32804870605469,,,,,0,14.448495864868164,17.279129028320312,18.328086853027344,19.60809326171875,"0.308,0.308,1.044,1.044,1.089,1.253,0.684,0.646",2484.369873046875,3430.108154296875,"201.1,201.1,3768,3573,3729,4334,2059,2009",17.45730209350586,18.664127349853516,"15.72,15.72,18.75,18.32,18.33,18.36,17.12,17.33","2.092,2.092,4.557,4.38,4.537,4.91,3.353,3.309","3.771,3.771,4.46,4.287,4.348,4.387,4.054,4.116"
13,down_proj,gptq,4096,14336,0,2.2990362984793527e-05,8.61712864467076e-06,147.34111226185087,0.01726246962951561,432.39263916015625,286.89794921875,0.5124720931053162,1.2679495811462402,0.7891481518745422,0.9693549871444702,0.9498646259307861,146.23849487304688,0.0589117705821991,"8310,4208,1317,12316,1125,5026,5102,3408,1738,5656,7224,4688,6576,13981,4097,724",407.9043273925781,,,,,0,0.257970929145813,0.27000343799591064,0.41200247406959534,0.5077292919158936,"0.149,0.149,1.214,1.122,1.231,1.310,0.686,0.632",5764.88720703125,9704.490234375,"185.7,185.7,1.006e+04,7943,9112,8608,4995,5032",3.574009656906128,4.620819091796875,"2.012,2.012,4.317,4.085,4.174,3.939,4.048,4.006","0.1158,0.1158,0.6557,0.6034,0.6277,0.6386,0.4737,0.4657","0.2997,0.2997,0.5951,0.5696,0.5657,0.5579,0.5721,0.5858"
14,q_proj,gptq,4096,4096,0,7.87973403930664e-05,3.2782554626464844e-05,66.24820309454299,0.012828376284940643,213.84268188476562,147.600830078125,25.768779754638672,74.17977905273438,45.287715911865234,70.69584655761719,0.8011897206306458,66.24811553955078,0.2297787070274353,"2932,3516,1298,2977,1189,2692,133,2303,1162,1815,2943,291,3231,3266,1059,1731",95.52859497070312,,,,,0,20.527122497558594,30.406673431396484,24.294212341308594,36.58918762207031,"0.404,0.404,0.829,0.642,0.820,0.988,0.401,0.369",2195.44775390625,3044.64306640625,"187.7,187.7,3330,3096,3434,4066,1643,1619",26.85826873779297,32.08344268798828,"9.26,9.26,32.9,32.8,33.77,32.99,31.76,32.12","1.119,1.119,5.745,4.982,5.887,6.331,3.898,3.735","1.761,1.761,6.309,6.216,6.5,6.37,6.159,6.151"
14,k_proj,gptq,1024,4096,0,7.343292236328125e-05,3.0040740966796875e-05,53.48845297990374,0.01727051854080524,171.85220336914062,118.36734008789062,20.72032356262207,60.937782287597656,36.92524719238281,58.58905029296875,0.8011897206306458,53.357421875,0.2307412475347519,"2932,3516,1298,2977,1189,2692,133,1815,2303,1162,291,2943,3231,1731,3266,1059",95.52859497070312,,,,,0,16.284950256347656,26.186851501464844,19.65176773071289,31.474811553955078,"0.325,0.325,0.770,0.567,0.835,0.926,0.354,0.323",2195.44775390625,3044.64306640625,"187.7,187.7,3330,3096,3434,4066,1643,1619",26.85826873779297,32.08344268798828,"9.26,9.26,32.9,32.8,33.77,32.99,31.76,32.12","0.9815,0.9815,5.106,4.44,5.41,5.553,3.332,3.371","1.723,1.723,5.817,5.899,5.921,5.771,5.602,5.932"
14,v_proj,gptq,1024,4096,0,8.153915405273438e-05,3.337860107421875e-05,4.6442567909018635,0.012649482882122686,15.173169136047363,10.532463073730469,1.825016975402832,5.086555480957031,3.243839740753174,4.7745819091796875,0.8011897206306458,4.64448356628418,0.2170453518629074,"2932,3516,1298,2977,1189,2692,133,1815,1162,3231,2943,2303,1059,291,1731,866",95.52859497070312,,,,,0,1.4264941215515137,1.9488871097564697,1.762620449066162,2.5632076263427734,"0.502,0.502,0.857,0.748,0.867,1.078,0.413,0.395",2195.44775390625,3044.64306640625,"187.7,187.7,3330,3096,3434,4066,1643,1619",26.85826873779297,32.08344268798828,"9.26,9.26,32.9,32.8,33.77,32.99,31.76,32.12","0.2843,0.2843,1.507,1.362,1.567,1.658,0.9849,0.9757","0.4014,0.4014,1.627,1.575,1.682,1.596,1.533,1.553"
14,o_proj,gptq,4096,4096,0,8.392333984375e-05,2.753734588623047e-05,36.15227964515498,0.018989550653774247,96.84797668457031,60.92074966430664,0.256045937538147,1.2218060493469238,0.17351670563220978,0.6532042622566223,0.7741224765777588,36.0117301940918,0.052350278943777084,"2492,2364,1276,3724,3001,2040,1656,2617,3396,1404,3980,1423,3596,1295,1514,1784",29.91830825805664,,,,,0,0.0359598770737648,0.26741471886634827,0.04833991825580597,0.25315365195274353,"0.036,0.036,0.063,0.131,0.252,0.233,0.155,0.166",278.54388427734375,469.3492126464844,"48.65,48.65,126.4,135,585.2,598.9,302.2,383.3",4.247126579284668,4.102741718292236,"4.253,4.253,4.139,4.221,4.302,4.38,4.168,4.261","0.09926,0.09926,0.127,0.1853,0.2625,0.257,0.1982,0.208","0.5241,0.5241,0.5069,0.5127,0.523,0.5322,0.5035,0.5098"
14,gate_proj,gptq,14336,4096,0,7.488046373639788e-05,3.0313219342912945e-05,119.22145605710102,0.009960554472624065,468.3884582519531,349.617431640625,32.72138977050781,64.83808135986328,55.145668029785156,61.62729263305664,0.5945823788642883,119.04170989990234,0.07931660860776901,"761,2742,1658,3183,2261,2978,2613,2219,2082,1805,1800,991,87,3837,1856,1656",56.55585479736328,,,,,0,24.42112159729004,28.92168426513672,29.84731674194336,32.075538635253906,"0.326,0.326,1.044,1.006,1.159,1.272,0.630,0.619",2399.73779296875,3326.79345703125,"201.3,201.3,3610,3333,3762,4444,1828,1818",18.24935531616211,19.56351089477539,"16.19,16.19,19.72,19.28,19.39,19.51,17.73,17.99","2.753,2.753,5.908,5.59,6.167,6.481,4.119,4.131","4.824,4.824,5.782,5.574,5.728,5.746,5.19,5.251"
14,up_proj,gptq,14336,4096,0,7.64812741960798e-05,2.7077538626534598e-05,78.0127678384888,0.008893039853451449,306.2247314453125,228.63800048828125,21.42928123474121,42.33098602294922,36.12395477294922,40.36518859863281,0.5945823788642883,77.85406494140625,0.07819937914609909,"761,2742,1658,3183,2978,2261,2219,2613,2082,991,87,1800,1656,1805,3837,1856",56.55585479736328,,,,,0,15.842695236206055,18.683475494384766,19.64379119873047,21.307512283325195,"0.335,0.335,1.036,0.955,1.165,1.335,0.636,0.602",2399.73779296875,3326.79345703125,"201.3,201.3,3610,3333,3762,4444,1828,1818",18.24935531616211,19.56351089477539,"16.19,16.19,19.72,19.28,19.39,19.51,17.73,17.99","2.218,2.218,4.773,4.447,4.936,5.289,3.336,3.298","3.832,3.832,4.688,4.55,4.573,4.577,4.183,4.25"
14,down_proj,gptq,4096,14336,0,2.4420874459402902e-05,8.566038949148996e-06,161.17649165289185,0.018920759717425822,451.8331298828125,293.3399658203125,0.6607521176338196,1.5385785102844238,0.9874262809753418,1.1394426822662354,0.563126266002655,160.06863403320312,0.07100176811218262,"12639,5932,11873,7712,4366,5641,7917,12760,57,6,4333,11603,242,5566,10372,6824",121.59969329833984,,,,,0,0.3646102547645569,0.3811301589012146,0.5561670660972595,0.6743661761283875,"0.146,0.146,1.050,1.074,1.070,1.276,0.877,0.822",6187.1357421875,9631.1640625,"172,172,8409,7388,7722,9827,8139,7667",4.0589447021484375,5.355383396148682,"1.92,1.92,4.626,4.331,4.402,4.478,5.518,5.276","0.1102,0.1102,0.6917,0.6363,0.6767,0.7185,0.7382,0.7001","0.2882,0.2882,0.675,0.6139,0.6542,0.636,0.7883,0.7724"
15,q_proj,gptq,4096,4096,0,7.76052474975586e-05,3.236532211303711e-05,72.07715634483611,0.011664655931583993,239.0198516845703,167.21835327148438,29.47465705871582,74.2152099609375,50.32046127319336,71.48675537109375,0.8177221417427063,72.05485534667969,0.21984541416168213,"2932,1189,2692,1298,133,291,3516,1815,1162,2303,2977,866,2943,2485,1039,3231",80.5888671875,,,,,0,22.79616355895996,30.39647674560547,26.7164306640625,38.38682174682617,"0.425,0.425,0.801,0.685,0.830,1.115,0.566,0.542",2348.529296875,2979.076171875,"185.4,185.4,3230,3074,3279,4245,2337,2253",25.417024612426758,30.56430435180664,"7.99,7.99,31.71,31.51,32.39,31.08,30.28,30.4","1.07,1.07,5.68,5.277,5.872,6.557,4.614,4.606","1.643,1.643,6.346,6.377,6.446,6.209,6.132,6.257"
15,k_proj,gptq,1024,4096,0,7.05718994140625e-05,3.600120544433594e-05,44.76225051886286,0.01498339804279827,148.16351318359375,103.4449691772461,18.259363174438477,46.95928955078125,31.502269744873047,45.308536529541016,0.8177221417427063,44.69074630737305,0.22152301669120789,"2932,1189,133,1815,291,2692,1298,2303,3516,1162,2977,2943,866,1059,3231,2485",80.5888671875,,,,,0,13.751811981201172,18.396907806396484,17.041217803955078,24.9955997467041,"0.372,0.372,0.773,0.657,0.922,1.192,0.523,0.494",2348.529296875,2979.076171875,"185.4,185.4,3230,3074,3279,4245,2337,2253",25.417024612426758,30.56430435180664,"7.99,7.99,31.71,31.51,32.39,31.08,30.28,30.4","0.879,0.879,4.529,4.046,4.81,5.054,3.435,3.334","1.44,1.44,5.149,4.992,5.01,4.629,4.75,4.743"
15,v_proj,gptq,1024,4096,0,7.939338684082031e-05,2.7418136596679688e-05,5.801319108040843,0.013317905424755581,19.559995651245117,13.74604320526123,2.4055588245391846,5.953204154968262,4.048507213592529,5.6225786209106445,0.8177221417427063,5.796778202056885,0.20020729303359985,"2932,1189,133,3516,2692,1162,1815,1298,291,3231,2943,866,2977,1039,2485,1059",80.5888671875,,,,,0,1.900923490524292,2.378115177154541,2.183830738067627,3.0580360889434814,"0.543,0.543,0.880,0.693,0.929,1.178,0.570,0.557",2348.529296875,2979.076171875,"185.4,185.4,3230,3074,3279,4245,2337,2253",25.417024612426758,30.56430435180664,"7.99,7.99,31.71,31.51,32.39,31.08,30.28,30.4","0.29,0.29,1.649,1.498,1.738,1.913,1.314,1.293","0.3937,0.3937,1.757,1.799,1.803,1.762,1.74,1.733"
15,o_proj,gptq,4096,4096,0,8.291006088256836e-05,2.7358531951904297e-05,35.82264354853396,0.017440859279039406,102.99706268310547,67.24522399902344,0.28866565227508545,1.210775375366211,0.20874270796775818,0.47807687520980835,0.7980130910873413,35.78569030761719,0.04462924972176552,"951,567,695,3405,4074,3959,3277,3533,3668,1174,823,3149,1430,676,1897,548",40.97900390625,,,,,0,0.033307358622550964,0.14640167355537415,0.10655732452869415,0.23051688075065613,"0.057,0.057,0.143,0.163,0.487,0.269,0.180,0.224",382.78765869140625,964.6002807617188,"43.12,43.12,193.3,241.6,1437,575,256,273.4",3.025578498840332,3.7777719497680664,"2.903,2.903,2.936,2.89,3.962,2.928,2.788,2.895","0.08679,0.08679,0.1385,0.1456,0.3494,0.1915,0.1499,0.1727","0.362,0.362,0.3656,0.3611,0.5008,0.3694,0.3529,0.365"
15,gate_proj,gptq,14336,4096,0,7.1542603628976e-05,2.934251512799944e-05,117.92485204047989,0.009413729523125577,465.8734436035156,348.25018310546875,34.97471618652344,70.39784240722656,59.191566467285156,65.00516510009766,0.585878849029541,117.8519058227539,0.0750313550233841,"2742,761,2082,1658,2613,2219,1805,3183,2978,2261,2629,325,1800,3837,87,2005",81.97370147705078,,,,,0,26.222930908203125,29.548885345458984,31.864917755126953,34.107269287109375,"0.360,0.360,1.029,0.944,1.098,1.359,0.743,0.708",2527.33935546875,3261.653564453125,"200.5,200.5,3500,3324,3621,4638,2390,2344",18.409147262573242,20.119434356689453,"14.86,14.86,20.03,19.79,19.79,20.05,18.86,19.01","2.594,2.594,5.925,5.621,6.075,6.834,4.808,4.784","4.323,4.323,5.842,5.786,5.799,5.861,5.579,5.684"
15,up_proj,gptq,14336,4096,0,7.825238364083427e-05,2.636228288922991e-05,73.21651853382355,0.008444197397085495,289.0879821777344,216.11766052246094,21.7252254486084,43.47714614868164,36.53953170776367,40.32355880737305,0.585878849029541,73.10015869140625,0.07420819252729416,"2742,761,2082,1658,2219,2613,1805,3183,2978,2629,1800,325,2261,87,3837,2005",81.97370147705078,,,,,0,16.34197235107422,18.037246704101562,19.370344161987305,21.427907943725586,"0.346,0.346,1.038,0.974,1.151,1.337,0.791,0.758",2527.33935546875,3261.653564453125,"200.5,200.5,3500,3324,3621,4638,2390,2344",18.409147262573242,20.119434356689453,"14.86,14.86,20.03,19.79,19.79,20.05,18.86,19.01","2.037,2.037,4.735,4.451,4.824,5.328,3.813,3.741","3.466,3.466,4.648,4.51,4.497,4.608,4.289,4.298"
15,down_proj,gptq,4096,14336,0,2.3058482578822543e-05,8.055141993931361e-06,156.56545818034283,0.01847702380516133,437.07061767578125,282.11090087890625,0.7640709280967712,1.8208119869232178,1.1092023849487305,1.1340378522872925,0.2737051546573639,155.8492889404297,0.064598947763443,"7669,12892,421,7691,4525,10641,8017,11228,10816,11604,4933,828,3498,11571,5000,1959",27.242023468017578,,,,,0,0.386879563331604,0.3910888135433197,0.5749484300613403,0.5750410556793213,"0.135,0.135,1.188,1.065,1.096,1.306,0.785,0.798",6212.673828125,9027.611328125,"181,181,9048,9011,7761,1.143e+04,5760,6331",4.223933219909668,5.34621524810791,"1.97,1.97,4.87,5.555,4.613,5.039,4.741,5.034","0.1138,0.1138,0.742,0.8098,0.692,0.8103,0.5802,0.625","0.3094,0.3094,0.6807,0.7845,0.6611,0.7091,0.6548,0.6999"
16,q_proj,gptq,4096,4096,0,8.249282836914062e-05,3.331899642944336e-05,79.61732413369464,0.013780467548126809,240.3885498046875,160.90017700195312,27.12201690673828,74.98243713378906,51.875831604003906,70.96287536621094,0.8184885382652283,79.61656188964844,0.24424704909324646,"2932,1189,3516,1815,133,2692,1298,291,1162,3231,2977,866,3266,2485,1039,2943",75.82235717773438,,,,,0,24.418926239013672,30.20832061767578,27.139310836791992,39.123802185058594,"0.478,0.478,0.959,0.746,0.962,1.265,0.489,0.436",2386.0859375,3016.88330078125,"175.5,175.5,3268,3412,3395,4722,2004,1935",25.946828842163086,31.417654037475586,"7.061,7.061,33.42,32.12,33.86,30.73,31.79,31.54","0.9417,0.9417,6.41,5.352,6.45,6.846,4.343,4.064","1.362,1.362,6.545,6.196,6.575,6.087,6.21,6.154"
16,k_proj,gptq,1024,4096,0,8.153915405273438e-05,3.170967102050781e-05,53.32921235694084,0.017474533263353242,161.16009521484375,107.87538146972656,18.18235969543457,51.99940490722656,34.13154220581055,49.795928955078125,0.8184885382652283,53.33966827392578,0.24557802081108093,"2932,3516,1815,133,1189,2692,1162,3231,291,1298,2977,3266,1059,866,2485,2943",75.82235717773438,,,,,0,16.872631072998047,21.58234405517578,18.339599609375,25.655118942260742,"0.383,0.383,0.871,0.774,0.934,1.355,0.424,0.430",2386.0859375,3016.88330078125,"175.5,175.5,3268,3412,3395,4722,2004,1935",25.946828842163086,31.417654037475586,"7.061,7.061,33.42,32.12,33.86,30.73,31.79,31.54","0.7992,0.7992,5.097,4.576,5.322,5.844,3.575,3.395","1.291,1.291,5.46,5.202,5.507,5.021,5.487,5.178"
16,v_proj,gptq,1024,4096,0,7.843971252441406e-05,2.9325485229492188e-05,6.602630510837116,0.017008623418915403,20.040250778198242,13.452128410339355,2.26084566116333,6.214585304260254,4.24259614944458,5.862658500671387,0.8184885382652283,6.600214004516602,0.23604851961135864,"2932,1189,3516,133,1162,1815,3231,2692,291,1298,866,1731,2977,2485,3266,1039",75.82235717773438,,,,,0,1.9514262676239014,2.5517826080322266,2.2548108100891113,3.1349270343780518,"0.573,0.573,0.805,0.669,0.792,1.236,0.542,0.513",2386.0859375,3016.88330078125,"175.5,175.5,3268,3412,3395,4722,2004,1935",25.946828842163086,31.417654037475586,"7.061,7.061,33.42,32.12,33.86,30.73,31.79,31.54","0.2745,0.2745,1.761,1.503,1.772,1.974,1.261,1.215","0.3627,0.3627,1.962,1.836,1.991,1.776,1.713,1.697"
16,o_proj,gptq,4096,4096,0,8.559226989746094e-05,2.6464462280273438e-05,34.28469652400054,0.01750049311923333,93.25898742675781,59.10163879394531,0.22187542915344238,0.9491482377052307,0.1663777232170105,0.35398218035697937,0.6939098238945007,34.25580596923828,0.049682896584272385,"2943,3602,2330,3986,1815,1687,1943,3730,965,3222,581,3350,1559,417,3478,289",31.4670467376709,,,,,0,0.036648452281951904,0.13488414883613586,0.08577756583690643,0.16222386062145233,"0.078,0.078,0.401,0.151,0.511,0.229,0.143,0.168",452.12744140625,1141.7469482421875,"51.57,51.57,823.6,143.1,1987,237.1,155.5,167.6",3.00036358833313,3.302090644836426,"2.758,2.758,3.225,2.648,4.478,2.793,2.56,2.784","0.09461,0.09461,0.243,0.1251,0.3782,0.1584,0.1183,0.1359","0.3394,0.3394,0.3838,0.3224,0.5292,0.3311,0.3127,0.3315"
16,gate_proj,gptq,14336,4096,0,7.203647068568639e-05,2.9308455330984934e-05,115.52663198551454,0.00883205678242433,458.284912109375,343.130126953125,37.78974914550781,74.115966796875,63.90850830078125,66.5538330078125,0.5667594075202942,115.34231567382812,0.0672372579574585,"2742,761,2613,2082,1805,1658,2219,2629,325,2978,3183,1800,2261,3837,1656,424",79.68561553955078,,,,,0,28.681442260742188,29.392704010009766,34.29253005981445,35.459625244140625,"0.368,0.368,1.101,1.089,1.165,1.491,0.807,0.721",2620.637939453125,3359.60009765625,"198.7,198.7,3548,3773,3704,5156,2240,2146",18.534534454345703,20.545446395874023,"14.24,14.24,20.31,20.67,20.27,20.88,18.65,19.03","2.505,2.505,6.17,6.272,6.33,7.333,4.847,4.706","4.132,4.132,5.881,6.011,5.863,6.005,5.396,5.541"
16,up_proj,gptq,14336,4096,0,7.920605795724052e-05,2.6668821062360492e-05,69.59798188758941,0.008224902203994296,276.89349365234375,207.37655639648438,22.792850494384766,44.7454948425293,38.65209197998047,40.679351806640625,0.5667594075202942,69.53866577148438,0.06650490313768387,"2742,761,2613,2082,1805,1658,2219,2629,325,1800,2978,3183,3837,2261,1656,424",79.68561553955078,,,,,0,16.98190689086914,18.0324649810791,20.835851669311523,21.72201919555664,"0.375,0.375,1.066,1.060,1.100,1.396,0.782,0.706",2620.637939453125,3359.60009765625,"198.7,198.7,3548,3773,3704,5156,2240,2146",18.534534454345703,20.545446395874023,"14.24,14.24,20.31,20.67,20.27,20.88,18.65,19.03","1.938,1.938,4.768,4.846,4.887,5.544,3.76,3.656","3.165,3.165,4.619,4.707,4.66,4.692,4.25,4.352"
16,down_proj,gptq,4096,14336,0,2.418245588030134e-05,8.021082196916853e-06,155.5496076386935,0.018793991387814436,431.428955078125,277.71197509765625,0.8557426929473877,2.063014507293701,1.226926565170288,1.2735342979431152,0.6627300381660461,154.63861083984375,0.07372935861349106,"11277,6521,2399,7048,12263,6644,13422,6078,10204,7919,7014,2719,12106,9394,6738,5213",161.6400604248047,,,,,0,0.5182492733001709,0.5028777122497559,0.6303147673606873,0.596268892288208,"0.159,0.159,1.239,1.214,1.117,1.396,0.734,1.027",6833.61083984375,9297.7880859375,"181.3,181.3,1.085e+04,7843,9367,1.101e+04,6746,8489",4.654282569885254,5.505273342132568,"2.117,2.117,5.844,4.816,5.451,5.162,5.426,6.302","0.1547,0.1547,0.8909,0.7403,0.8169,0.8809,0.7121,0.8978","0.3883,0.3883,0.8006,0.672,0.773,0.7457,0.831,0.8858"
17,q_proj,gptq,4096,4096,0,7.998943328857422e-05,3.552436828613281e-05,67.89772384124808,0.011637325197001733,218.0156707763672,150.1964111328125,27.017499923706055,67.79894256591797,50.78125,64.58320617675781,0.8018877506256104,67.84603118896484,0.2171417772769928,"2932,1189,291,1815,3266,133,1298,1162,3516,2692,866,2485,3231,3881,2977,709",67.71502685546875,,,,,0,24.140098571777344,28.40294075012207,28.48308563232422,35.25917434692383,"0.504,0.504,0.924,0.824,0.911,1.378,0.580,0.553",2523.4951171875,3192.7001953125,"178.2,178.2,3316,3575,3341,4929,2305,2365",25.583492279052734,30.554813385009766,"7.26,7.26,32.88,31.86,32.85,29.98,31.48,31.1","0.9948,0.9948,5.993,5.659,6.091,6.736,4.619,4.402","1.402,1.402,6.236,6.236,6.384,5.738,6.064,5.922"
17,k_proj,gptq,1024,4096,0,6.961822509765625e-05,3.3855438232421875e-05,50.35625830764184,0.016509442500334252,161.17691040039062,110.99954223632812,19.998655319213867,51.840538024902344,37.99586486816406,49.46995544433594,0.8018877506256104,50.348548889160156,0.22057358920574188,"2932,1189,291,1815,3266,1298,1162,133,3516,3231,2485,3881,866,2692,2977,2943",67.71502685546875,,,,,0,18.321544647216797,22.04768180847168,20.94683837890625,27.406356811523438,"0.428,0.428,0.756,0.750,0.861,1.435,0.631,0.621",2523.4951171875,3192.7001953125,"178.2,178.2,3316,3575,3341,4929,2305,2365",25.583492279052734,30.554813385009766,"7.26,7.26,32.88,31.86,32.85,29.98,31.48,31.1","0.8769,0.8769,4.826,4.85,5.284,6.155,4.051,4.001","1.34,1.34,5.549,5.602,5.693,5.138,5.101,5.078"
17,v_proj,gptq,1024,4096,0,8.606910705566406e-05,3.504753112792969e-05,5.0653535369683595,0.010858120279994039,16.63591194152832,11.554109573364258,2.0497941970825195,5.0118207931518555,3.8159074783325195,4.697990417480469,0.8018877506256104,5.064741134643555,0.1929505616426468,"2932,1189,1815,133,291,3266,866,3869,1162,2485,3881,3231,2265,2943,1059,709",67.71502685546875,,,,,0,1.8241801261901855,2.008054733276367,2.153465747833252,2.5559005737304688,"0.668,0.668,0.892,0.876,0.984,1.356,0.686,0.639",2523.4951171875,3192.7001953125,"178.2,178.2,3316,3575,3341,4929,2305,2365",25.583492279052734,30.554813385009766,"7.26,7.26,32.88,31.86,32.85,29.98,31.48,31.1","0.2618,0.2618,1.605,1.499,1.706,1.87,1.298,1.242","0.3202,0.3202,1.699,1.602,1.719,1.606,1.567,1.554"
17,o_proj,gptq,4096,4096,0,8.296966552734375e-05,2.86102294921875e-05,43.04329937553848,0.02044257755127686,116.0421371459961,73.04026794433594,0.227194681763649,0.9561344981193542,0.18307602405548096,0.30225247144699097,0.661718487739563,43.005149841308594,0.04621877148747444,"558,686,23,942,3444,3188,1953,407,1825,151,3316,814,1697,2989,2605,3877",38.429630279541016,,,,,0,0.031292665749788284,0.08664123713970184,0.1061709076166153,0.1640460044145584,"0.048,0.048,0.525,0.236,0.436,0.448,0.635,0.342",423.44500732421875,1236.534423828125,"31.07,31.07,950.2,244,689.3,545.4,660.4,236.1",2.2180280685424805,2.9505820274353027,"2.097,2.097,2.508,2.072,2.373,2.18,2.308,2.11","0.06035,0.06035,0.2439,0.1321,0.2077,0.1922,0.2439,0.1631","0.2767,0.2767,0.3365,0.2719,0.3146,0.2872,0.306,0.2787"
17,gate_proj,gptq,14336,4096,0,7.49826431274414e-05,3.0262129647391184e-05,117.03391305750847,0.008786068282185953,462.338134765625,345.8853759765625,40.00852966308594,80.29479217529297,69.57281494140625,70.31656646728516,0.5970877408981323,116.69786071777344,0.06407015025615692,"761,2742,2613,1805,1658,2082,2219,325,3183,2629,424,2978,1800,3837,87,2005",69.03804779052734,,,,,0,31.10593032836914,31.055328369140625,38.17101287841797,37.54672622680664,"0.390,0.390,1.099,1.108,1.133,1.484,0.836,0.780",2742.236083984375,3503.708984375,"196.9,196.9,3608,3866,3617,5408,2503,2542",18.87221336364746,21.17194938659668,"13.11,13.11,21,21.11,20.83,21.81,19.62,20.37","2.418,2.418,6.383,6.443,6.48,7.639,5.215,5.23","3.87,3.87,6.089,6.12,6.089,6.27,5.703,5.92"
17,up_proj,gptq,14336,4096,0,7.738385881696428e-05,2.5578907557896207e-05,69.54725975880046,0.008266946268862515,275.080078125,205.8074951171875,23.795066833496094,47.25,41.583702087402344,42.26940155029297,0.5970877408981323,69.38803100585938,0.06369505077600479,"761,2742,2613,1805,1658,2082,2219,325,2629,3183,424,2978,3837,1800,87,1656",69.03804779052734,,,,,0,18.528396606445312,18.657575607299805,22.989479064941406,22.93445587158203,"0.394,0.394,1.078,1.121,1.139,1.474,0.816,0.743",2742.236083984375,3503.708984375,"196.9,196.9,3608,3866,3617,5408,2503,2542",18.87221336364746,21.17194938659668,"13.11,13.11,21,21.11,20.83,21.81,19.62,20.37","1.861,1.861,4.927,4.988,4.976,5.937,4.011,4.006","2.966,2.966,4.745,4.711,4.662,4.89,4.44,4.648"
17,down_proj,gptq,4096,14336,0,2.559593745640346e-05,8.072171892438615e-06,157.67638632734997,0.01906614502816767,433.47894287109375,278.925537109375,1.0077978372573853,2.54327392578125,1.4266886711120605,1.5434701442718506,0.45795726776123047,156.10984802246094,0.07519089430570602,"14096,11983,2636,11142,10979,1241,9341,12384,11145,14318,6439,6215,9750,14230,724,7769",105.36683654785156,,,,,0,0.6373215913772583,0.6663341522216797,0.8329588770866394,0.8241965770721436,"0.189,0.189,1.004,1.204,1.009,1.249,0.837,0.817",7143.048828125,9603.78515625,"159.1,159.1,8444,9292,6990,1.15e+04,8311,1.229e+04",5.113691329956055,6.22856330871582,"1.775,1.775,5.9,5.622,5.913,5.711,6.304,7.91","0.143,0.143,0.8854,0.9055,0.8636,0.9492,0.8388,1.05","0.329,0.329,0.8835,0.8253,0.8597,0.8494,0.9169,1.162"
18,q_proj,gptq,4096,4096,0,7.814168930053711e-05,3.224611282348633e-05,66.8071043842956,0.011802461003845511,210.97134399414062,144.13436889648438,27.584022521972656,68.5344467163086,52.981964111328125,63.523162841796875,0.8141330480575562,66.81580352783203,0.20177388191223145,"2932,1189,1162,291,3266,1815,133,1298,2692,866,3516,3231,2977,3881,2943,2303",67.66088104248047,,,,,0,25.593605041503906,27.96175765991211,28.894611358642578,32.48252868652344,"0.563,0.563,0.867,0.953,0.885,1.487,0.674,0.654",2613.902099609375,3261.548095703125,"161.2,161.2,3190,3796,3035,5238,2586,2744",25.76511001586914,30.838397979736328,"5.858,5.858,33.77,32.35,33.77,31.03,31.99,31.5","0.8422,0.8422,5.856,6.005,5.991,7.182,4.857,4.682","1.122,1.122,6.289,6.15,6.369,5.889,5.918,5.791"
18,k_proj,gptq,1024,4096,0,6.747245788574219e-05,2.9087066650390625e-05,52.76789431943507,0.016498923108697848,166.5219268798828,113.79008483886719,21.756710052490234,54.88084030151367,41.53713607788086,52.24718475341797,0.8141330480575562,52.72686767578125,0.20174431800842285,"2932,1815,291,1189,1162,3266,133,1298,2692,3231,3881,866,3516,2977,2943,709",67.66088104248047,,,,,0,20.061965942382812,23.368316650390625,22.660837173461914,27.38994598388672,"0.490,0.490,0.747,1.022,0.850,1.458,0.569,0.584",2613.902099609375,3261.548095703125,"161.2,161.2,3190,3796,3035,5238,2586,2744",25.76511001586914,30.838397979736328,"5.858,5.858,33.77,32.35,33.77,31.03,31.99,31.5","0.7504,0.7504,5.152,5.318,5.537,6.387,4.083,4.053","1.072,1.072,5.96,5.261,6.005,5.289,5.412,5.303"
18,v_proj,gptq,1024,4096,0,7.605552673339844e-05,3.123283386230469e-05,6.145764160009321,0.015787626026230926,19.862550735473633,13.709949493408203,2.575617790222168,6.166478157043457,4.852241039276123,5.761281490325928,0.8141330480575562,6.143379211425781,0.17408055067062378,"2932,1189,291,866,3231,2485,3881,1162,1815,133,3869,912,1039,709,2943,1059",67.66088104248047,,,,,0,2.224789619445801,2.4470722675323486,2.6603565216064453,3.085752487182617,"0.719,0.719,0.896,0.992,0.885,1.417,0.647,0.628",2613.902099609375,3261.548095703125,"161.2,161.2,3190,3796,3035,5238,2586,2744",25.76511001586914,30.838397979736328,"5.858,5.858,33.77,32.35,33.77,31.03,31.99,31.5","0.2537,0.2537,1.769,1.746,1.761,2.108,1.414,1.396","0.2992,0.2992,1.869,1.753,1.872,1.771,1.758,1.761"
18,o_proj,gptq,4096,4096,0,8.219480514526367e-05,2.9146671295166016e-05,42.352819725007066,0.021092323789466863,110.1473159790039,68.02999877929688,0.1422114372253418,0.551816463470459,0.09219005703926086,0.1632392406463623,0.7408904433250427,42.225608825683594,0.06682848185300827,"934,1025,1153,1873,108,3388,1409,3260,3202,3330,2765,3021,3341,3074,3213,2001",62.803462982177734,,,,,0,0.017753612250089645,0.043658286333084106,0.06043868511915207,0.09021136164665222,"0.035,0.035,0.602,0.544,0.535,0.652,0.268,0.139",401.15069580078125,1149.16650390625,"15.71,15.71,624.9,548.7,663.2,950.7,292.8,97.49",1.6284828186035156,2.1639695167541504,"1.358,1.358,1.714,1.642,1.992,1.993,1.578,1.393","0.03314,0.03314,0.1662,0.1527,0.1842,0.1988,0.1039,0.06816","0.1772,0.1772,0.2142,0.207,0.2517,0.2463,0.2008,0.1825"
18,gate_proj,gptq,14336,4096,0,7.615770612444197e-05,2.9614993504115512e-05,109.33986593930604,0.008167009394119497,438.44512939453125,329.439453125,41.08570098876953,79.125732421875,69.99266052246094,69.27164459228516,0.5686883926391602,108.9781723022461,0.05679786577820778,"761,2742,2613,2082,1805,1658,325,2219,3183,424,3837,2629,2978,568,3608,2088",55.57208251953125,,,,,0,32.13450622558594,30.663909912109375,39.607330322265625,38.877601623535156,"0.421,0.421,1.107,1.171,1.099,1.496,0.896,0.846",2805.3310546875,3569.119140625,"194.4,194.4,3380,4073,3198,5681,2785,2935",19.06075668334961,21.94764518737793,"11.89,11.89,20.9,22.04,20.42,22.92,20.8,21.62","2.187,2.187,6.182,6.777,6.097,7.912,5.588,5.689","3.373,3.373,5.877,6.263,5.817,6.469,5.905,6.185"
18,up_proj,gptq,14336,4096,0,7.612364632742745e-05,2.568108694893973e-05,64.98560629388976,0.007795126995228189,261.369384765625,196.4949188232422,24.480546951293945,46.95624542236328,41.472347259521484,41.06981658935547,0.5686883926391602,64.94400787353516,0.05650104954838753,"761,2613,2742,1805,2082,1658,325,2219,3183,424,3837,2978,2629,568,3608,87",55.57208251953125,,,,,0,18.781417846679688,18.204851150512695,23.670578002929688,22.904863357543945,"0.416,0.416,1.091,1.143,1.093,1.480,0.866,0.847",2805.3310546875,3569.119140625,"194.4,194.4,3380,4073,3198,5681,2785,2935",19.06075668334961,21.94764518737793,"11.89,11.89,20.9,22.04,20.42,22.92,20.8,21.62","1.69,1.69,4.737,5.154,4.636,6.055,4.251,4.394","2.62,2.62,4.534,4.821,4.435,4.976,4.568,4.775"
18,down_proj,gptq,4096,14336,0,2.49828611101423e-05,7.96999250139509e-06,139.9478902866449,0.017000966703200764,396.1454162597656,257.4678649902344,0.9462262988090515,2.1663360595703125,1.3080315589904785,1.248665690422058,0.6062106490135193,139.04736328125,0.08114026486873627,"12797,1122,9419,11215,1597,6286,6613,8160,12063,6223,158,3870,1454,11689,11591,6720",166.1468505859375,,,,,0,0.6013084650039673,0.5628930330276489,0.7267425060272217,0.6594003438949585,"0.217,0.217,1.012,1.212,0.965,1.324,1.128,1.091",7833.08251953125,9074.052734375,"179,179,1.09e+04,1.105e+04,8890,1.25e+04,8736,1.023e+04",5.1744537353515625,5.844733238220215,"2.138,2.138,6.587,5.933,6.693,5.88,5.785,6.242","0.1568,0.1568,0.9251,0.9057,0.8699,0.9482,0.8119,0.8776","0.3366,0.3366,0.9197,0.8226,0.8858,0.8242,0.7643,0.8403"
19,q_proj,gptq,4096,4096,0,7.69495964050293e-05,3.0159950256347656e-05,65.87736179836133,0.011663201594767032,212.72915649414062,146.8568878173828,28.778892517089844,70.41252899169922,52.30206298828125,64.12223815917969,0.8121200799942017,65.86778259277344,0.17810699343681335,"2932,291,1189,133,1815,1162,2485,3266,709,3231,2692,1298,866,1039,2265,3516",56.826805114746094,,,,,0,24.89986801147461,28.592113494873047,30.078067779541016,33.66675567626953,"0.560,0.560,0.862,0.932,0.871,1.415,0.612,0.606",2593.55859375,3290.408935546875,"174.7,174.7,3041,3891,2681,5206,2731,2850",26.001832962036133,30.847286224365234,"6.987,6.987,33.68,32.58,32.32,31.25,32.31,31.9","0.9987,0.9987,5.906,5.967,5.706,6.971,4.823,4.723","1.335,1.335,6.361,6.181,6.113,5.859,6.164,6.067"
19,k_proj,gptq,1024,4096,0,7.462501525878906e-05,2.9802322387695312e-05,44.87338691943455,0.015284199369477829,144.4288787841797,99.60145568847656,19.550764083862305,47.28123092651367,35.78173065185547,43.08280944824219,0.8121200799942017,44.77876663208008,0.17923998832702637,"2932,1189,291,133,1815,3231,1162,709,2485,3266,2692,1039,866,912,2265,1298",56.826805114746094,,,,,0,16.612842559814453,18.02722930908203,19.758953094482422,23.78743553161621,"0.555,0.555,0.867,0.992,0.965,1.444,0.689,0.630",2593.55859375,3290.408935546875,"174.7,174.7,3041,3891,2681,5206,2731,2850",26.001832962036133,30.847286224365234,"6.987,6.987,33.68,32.58,32.32,31.25,32.31,31.9","0.8554,0.8554,4.749,4.842,4.696,5.734,3.963,3.847","1.148,1.148,5.1,4.862,4.782,4.772,4.775,4.847"
19,v_proj,gptq,1024,4096,0,7.367134094238281e-05,3.075599670410156e-05,5.860838892811785,0.013552729839380039,19.096393585205078,13.240133285522461,2.5777225494384766,6.208187580108643,4.797518253326416,5.7232208251953125,0.8121200799942017,5.86383056640625,0.16807064414024353,"2932,1189,291,1815,2485,133,3266,709,1162,3231,1039,866,2265,3869,912,3881",56.826805114746094,,,,,0,2.3462073802948,2.619123697280884,2.6306872367858887,2.9824509620666504,"0.706,0.706,0.889,0.906,0.962,1.447,0.642,0.581",2593.55859375,3290.408935546875,"174.7,174.7,3041,3891,2681,5206,2731,2850",26.001832962036133,30.847286224365234,"6.987,6.987,33.68,32.58,32.32,31.25,32.31,31.9","0.2947,0.2947,1.859,1.76,1.825,2.135,1.486,1.396","0.3508,0.3508,1.971,1.848,1.861,1.775,1.854,1.831"
19,o_proj,gptq,4096,4096,0,8.350610733032227e-05,2.5331974029541016e-05,31.362129449706117,0.015236841601435428,87.39912414550781,56.06025695800781,0.11340319365262985,0.405566543340683,0.11952413618564606,0.15371590852737427,0.7170905470848083,31.385229110717773,0.05488073080778122,"1163,1291,1035,1419,2618,2701,263,391,3601,3002,468,905,411,212,1156,283",63.84978485107422,,,,,0,0.02886039949953556,0.04720339551568031,0.05683395266532898,0.07110853493213654,"0.075,0.075,0.852,0.353,0.679,1.068,0.327,0.285",947.0972290039062,2027.215576171875,"17.65,17.65,2467,314.2,2773,1557,218.3,211.8",1.7751820087432861,2.275803565979004,"1.411,1.411,2.436,1.428,2.82,1.986,1.321,1.386","0.04424,0.04424,0.261,0.09857,0.2827,0.2327,0.08714,0.08652","0.1618,0.1618,0.2827,0.166,0.343,0.2252,0.1523,0.162"
19,gate_proj,gptq,14336,4096,0,7.600443703787667e-05,3.1811850411551336e-05,107.44843032372859,0.007939090809952096,436.5540771484375,329.6232604980469,43.78558349609375,83.30548858642578,72.90643310546875,72.20188903808594,0.540124773979187,107.04649353027344,0.05482926592230797,"761,2742,2613,1658,2082,1805,325,2219,3183,3837,568,424,2978,2629,667,1773",51.62189865112305,,,,,0,33.25526428222656,32.05937576293945,42.30001449584961,41.203636169433594,"0.420,0.420,1.082,1.163,1.106,1.412,0.898,0.898",2780.5830078125,3601.5517578125,"194.3,194.3,3249,4169,2882,5624,2891,3040",19.479202270507812,22.594528198242188,"12.41,12.41,20.76,22.9,19.72,23.89,21.46,22.28","2.275,2.275,6.094,6.964,5.881,8.06,5.842,6.031","3.511,3.511,5.859,6.456,5.592,6.783,6.167,6.364"
19,up_proj,gptq,14336,4096,0,7.903575897216797e-05,2.5698116847446988e-05,62.83235954404239,0.007586559452315457,256.4583740234375,193.7650146484375,25.68394660949707,48.67607116699219,43.09217834472656,42.55418395996094,0.540124773979187,62.78101348876953,0.05458179861307144,"761,2613,2742,1658,2082,1805,325,2219,3183,3837,424,568,2978,667,2629,87",51.62189865112305,,,,,0,19.694259643554688,18.793426513671875,24.985811233520508,24.41543960571289,"0.422,0.422,1.098,1.169,1.060,1.470,0.927,0.885",2780.5830078125,3601.5517578125,"194.3,194.3,3249,4169,2882,5624,2891,3040",19.479202270507812,22.594528198242188,"12.41,12.41,20.76,22.9,19.72,23.89,21.46,22.28","1.742,1.742,4.731,5.376,4.445,6.264,4.492,4.586","2.683,2.683,4.516,4.971,4.317,5.166,4.664,4.876"
19,down_proj,gptq,4096,14336,0,2.597059522356306e-05,7.96999250139509e-06,144.76888786783002,0.017636588717175043,403.34283447265625,259.77496337890625,1.0312997102737427,2.5573253631591797,1.3486385345458984,1.3284475803375244,0.5551300644874573,143.60231018066406,0.0960850715637207,"12164,494,5247,1762,11751,8675,8868,10931,9590,13985,1112,121,11138,5389,10257,11804",100.92208099365234,,,,,0,0.6557152271270752,0.5482457876205444,0.7830192446708679,0.7183441519737244,"0.307,0.307,0.977,1.330,0.826,1.697,0.966,1.202",8144.705078125,9532.306640625,"136.8,136.8,6142,1.103e+04,4258,2.173e+04,9898,1.182e+04",4.822171211242676,5.994751453399658,"1.359,1.359,4.842,5.822,4.582,7.526,6.319,6.769","0.1135,0.1135,0.7416,0.9132,0.6479,1.279,0.8825,1.001","0.205,0.205,0.7503,0.7918,0.713,0.9816,0.8977,0.9133"
20,q_proj,gptq,4096,4096,0,7.50422477722168e-05,3.069639205932617e-05,66.98912444063899,0.012135323433490181,212.17384338378906,145.2561492919922,29.631576538085938,73.4806137084961,57.88481140136719,67.71908569335938,0.8134713172912598,66.96868896484375,0.1928211748600006,"2932,1189,291,1815,3266,133,709,866,2485,3231,1162,2629,912,1298,3516,2265",60.166473388671875,,,,,0,28.20462989807129,29.235992431640625,31.827367782592773,36.13092803955078,"0.640,0.640,0.986,0.987,1.049,1.462,0.680,0.668",2656.298583984375,3427.026611328125,"165.3,165.3,2966,4122,2661,5310,2918,2943",26.392086029052734,31.939361572265625,"6.32,6.32,34.68,33.69,33.23,31.76,32.75,32.39","0.9712,0.9712,6.505,6.286,6.345,7.182,5.023,4.985","1.214,1.214,6.55,6.328,6.196,5.94,6.093,6.098"
20,k_proj,gptq,1024,4096,0,7.510185241699219e-05,2.765655517578125e-05,50.02155912547096,0.017557157523164005,158.27330017089844,108.32273864746094,22.123661041259766,55.322235107421875,42.93655014038086,49.822330474853516,0.8134713172912598,50.05821228027344,0.1938236802816391,"2932,1189,1815,3266,291,866,2485,709,133,3231,1162,2629,1298,912,3516,1731",60.166473388671875,,,,,0,20.81975555419922,20.809946060180664,23.359012603759766,25.909748077392578,"0.568,0.568,1.095,1.009,1.175,1.370,0.687,0.676",2656.298583984375,3427.026611328125,"165.3,165.3,2966,4122,2661,5310,2918,2943",26.392086029052734,31.939361572265625,"6.32,6.32,34.68,33.69,33.23,31.76,32.75,32.39","0.8361,0.8361,5.718,5.498,5.56,6.026,4.266,4.101","1.11,1.11,5.465,5.474,5.129,5.148,5.148,4.987"
20,v_proj,gptq,1024,4096,0,7.295608520507812e-05,2.9087066650390625e-05,6.100160765031887,0.01270455043477684,19.689022064208984,13.591862678527832,2.7305150032043457,6.680689811706543,5.236892223358154,6.046387672424316,0.8134713172912598,6.090716361999512,0.16949473321437836,"2932,291,1189,866,2485,1815,709,2261,912,3266,3231,2088,2629,1731,2265,3881",60.166473388671875,,,,,0,2.5140175819396973,2.494518756866455,3.009361505508423,3.2818570137023926,"0.680,0.680,0.972,1.165,1.001,1.412,0.744,0.733",2656.298583984375,3427.026611328125,"165.3,165.3,2966,4122,2661,5310,2918,2943",26.392086029052734,31.939361572265625,"6.32,6.32,34.68,33.69,33.23,31.76,32.75,32.39","0.2848,0.2848,1.907,1.992,1.867,2.122,1.482,1.471","0.3453,0.3453,1.934,1.845,1.866,1.786,1.717,1.719"
20,o_proj,gptq,4096,4096,0,8.630752563476562e-05,2.7060508728027344e-05,34.660487811056555,0.017133199561837006,93.10804748535156,58.429115295410156,0.13185831904411316,0.40728121995925903,0.19868266582489014,0.28238219022750854,0.45019370317459106,34.65931701660156,0.05703175440430641,"1165,1293,1037,1421,3775,1880,3647,422,166,1624,1752,3903,4031,3241,3369,3497",39.20346450805664,,,,,0,0.2126578986644745,0.2837983965873718,0.03877731412649155,0.059116117656230927,"0.035,0.035,0.842,0.661,0.675,1.084,0.227,0.232",5798.4052734375,1082.1485595703125,"15.16,15.16,1.923e+04,2015,1.594e+04,8773,215.5,173.9",3.4667890071868896,1.9630473852157593,"1.387,1.387,8.486,1.959,8.194,3.354,1.474,1.493","0.03102,0.03102,0.9181,0.1909,0.7962,0.4148,0.08262,0.08414","0.1658,0.1658,1.001,0.2348,0.9694,0.3985,0.1734,0.1746"
20,gate_proj,gptq,14336,4096,0,7.91379383632115e-05,3.148828233991351e-05,104.53118921720215,0.007733777680814368,428.0705261230469,323.9245910644531,46.20886993408203,86.40235900878906,79.01019287109375,76.81974029541016,0.5157106518745422,104.39329528808594,0.05373770371079445,"2613,761,2742,2082,1658,325,1805,2219,424,568,3183,3837,667,1384,2978,1773",46.78608322143555,,,,,0,36.7904167175293,34.048343658447266,45.66292953491211,43.93647766113281,"0.390,0.390,1.114,1.198,1.132,1.458,0.965,0.946",2894.466796875,3677.2177734375,"194,194,3333,4365,3080,5767,3095,3129",20.25731658935547,23.4859676361084,"12.48,12.48,21.65,24.05,20.87,25.14,22.48,22.9","2.201,2.201,6.449,7.421,6.205,8.526,6.171,6.221","3.525,3.525,6.111,6.779,5.833,7.061,6.281,6.396"
20,up_proj,gptq,14336,4096,0,7.571492876325334e-05,2.5953565325055805e-05,62.01355051824112,0.007436644091635358,254.3052215576172,192.4581756591797,27.452392578125,51.33201217651367,46.82154846191406,45.86028289794922,0.5157106518745422,61.99395751953125,0.05369669944047928,"761,2613,2742,1658,2082,1805,325,2219,424,568,3183,3837,667,2978,1384,1773",46.78608322143555,,,,,0,21.880226135253906,20.788776397705078,26.833036422729492,26.069381713867188,"0.385,0.385,1.081,1.172,1.074,1.421,0.956,0.916",2894.466796875,3677.2177734375,"194,194,3333,4365,3080,5767,3095,3129",20.25731658935547,23.4859676361084,"12.48,12.48,21.65,24.05,20.87,25.14,22.48,22.9","1.678,1.678,4.959,5.707,4.769,6.553,4.816,4.833","2.705,2.705,4.769,5.271,4.601,5.497,4.925,5.051"
20,down_proj,gptq,4096,14336,0,2.5153160095214844e-05,7.47612544468471e-06,136.5137616348055,0.0165029584551712,389.67010498046875,254.02117919921875,1.0833065509796143,2.3831539154052734,1.4788732528686523,1.275455117225647,0.5691946148872375,136.29190063476562,0.09020358324050903,"5270,6763,688,8083,273,7552,13509,13223,7642,1894,3917,10425,4748,2526,1404,6659",164.184814453125,,,,,0,0.7231512069702148,0.5721937417984009,0.8690758943557739,0.736271858215332,"0.312,0.312,1.315,1.347,1.258,1.452,1.159,1.181",8231.93359375,9896.1162109375,"147.2,147.2,6011,1.346e+04,4532,1.617e+04,1.163e+04,1.376e+04",5.181699752807617,6.359978675842285,"1.57,1.57,4.902,7.2,4.351,7.209,7.137,7.513","0.1285,0.1285,0.7384,1.107,0.6344,1.179,1.012,1.079","0.2303,0.2303,0.644,0.954,0.5656,0.9786,0.9401,0.9926"
21,q_proj,gptq,4096,4096,0,7.992982864379883e-05,3.159046173095703e-05,63.47803599003237,0.011785730396214937,204.86666870117188,141.4761505126953,28.347929000854492,69.00515747070312,54.678314208984375,65.38076782226562,0.8071165084838867,63.436485290527344,0.18906180560588837,"2932,1189,3266,291,133,3070,2265,1815,2485,1162,3585,3231,1298,2692,912,866",53.90219497680664,,,,,0,26.593461990356445,28.01827621459961,29.15938377380371,33.751007080078125,"0.615,0.615,0.928,0.972,0.966,1.534,0.684,0.682",2742.95654296875,3363.9765625,"168.6,168.6,3121,4117,2853,5347,3108,3060",26.111663818359375,31.296449661254883,"6.6,6.6,34.23,32.56,33.19,31.48,32.35,31.88","0.969,0.969,6.251,6.006,6.112,7.09,4.983,4.823","1.235,1.235,6.489,6.091,6.219,5.724,6.026,5.842"
21,k_proj,gptq,1024,4096,0,7.319450378417969e-05,2.9802322387695312e-05,47.60125372770926,0.01646540952615254,153.73989868164062,106.09253692626953,21.270771026611328,51.515464782714844,40.876800537109375,48.254119873046875,0.8071165084838867,47.62397003173828,0.18988443911075592,"2932,1189,291,3266,133,2265,1815,3070,1162,3231,2485,912,3585,2692,1039,3516",53.90219497680664,,,,,0,19.69399642944336,20.896068572998047,21.75202178955078,24.97970199584961,"0.623,0.623,0.891,1.075,0.908,1.321,0.759,0.714",2742.95654296875,3363.9765625,"168.6,168.6,3121,4117,2853,5347,3108,3060",26.111663818359375,31.296449661254883,"6.6,6.6,34.23,32.56,33.19,31.48,32.35,31.88","0.8504,0.8504,5.292,5.203,5.263,6.023,4.445,4.159","1.078,1.078,5.605,5.017,5.524,5.24,5.104,4.923"
21,v_proj,gptq,1024,4096,0,8.20159912109375e-05,2.9325485229492188e-05,7.094588760262468,0.013964565697732795,23.489818572998047,16.384885787963867,3.2134032249450684,7.630674839019775,6.036945343017578,7.022816181182861,0.8071165084838867,7.07172966003418,0.15955522656440735,"2265,1189,3585,291,3070,912,2485,3231,3266,2932,866,2088,2261,1815,3869,3881",53.90219497680664,,,,,0,2.7841684818267822,3.0558371543884277,3.399984359741211,3.650862693786621,"0.982,0.982,0.841,1.023,0.860,1.405,0.702,0.694",2742.95654296875,3363.9765625,"168.6,168.6,3121,4117,2853,5347,3108,3060",26.111663818359375,31.296449661254883,"6.6,6.6,34.23,32.56,33.19,31.48,32.35,31.88","0.3281,0.3281,1.918,2.013,1.894,2.254,1.676,1.687","0.331,0.331,2.092,1.99,2.043,1.901,2.001,2.025"
21,o_proj,gptq,4096,4096,0,8.672475814819336e-05,2.5391578674316406e-05,35.531587147012374,0.01678245287148539,96.05635070800781,60.86750030517578,0.19429242610931396,0.8408147692680359,0.18692830204963684,0.26810118556022644,0.6257774233818054,35.239837646484375,0.08103466778993607,"572,700,828,956,1518,1262,1390,1134,2547,2556,2552,2441,2553,1801,1929,1673",93.9297103881836,,,,,0,0.1128762811422348,0.14419463276863098,0.10445301234722137,0.13737186789512634,"0.075,0.075,1.026,0.589,0.907,0.901,0.389,0.437",3242.797119140625,2084.4375,"19.07,19.07,1.358e+04,1269,6549,3233,570.3,706.6",2.833207368850708,2.9094114303588867,"1.949,1.949,5.157,2.27,4.03,2.955,2.017,2.34","0.06577,0.06577,0.6589,0.2158,0.4837,0.3448,0.1559,0.1912","0.2402,0.2402,0.6505,0.2812,0.508,0.3631,0.2499,0.2893"
21,gate_proj,gptq,14336,4096,0,7.482937404087611e-05,3.039836883544922e-05,107.32850144321856,0.007833300438907884,441.6827087402344,334.74298095703125,50.45755386352539,98.13121795654297,88.903564453125,86.37045288085938,0.5483155846595764,106.94615173339844,0.05267076939344406,"2613,761,2742,2082,1658,325,1805,2219,424,568,3837,3183,667,2978,2629,2209",44.16922378540039,,,,,0,41.750850677490234,38.665557861328125,51.320472717285156,48.35271453857422,"0.388,0.388,1.177,1.191,1.134,1.400,0.960,0.946",3051.05224609375,3773.02734375,"194.6,194.6,3468,4591,3101,6077,3420,3363",21.114089965820312,24.198101043701172,"12.63,12.63,22.27,25.46,21.34,26.3,24.13,24.14","2.253,2.253,6.917,7.787,6.588,9.002,6.758,6.728","3.617,3.617,6.376,7.135,6.186,7.608,6.897,6.919"
21,up_proj,gptq,14336,4096,0,7.85759517124721e-05,2.562999725341797e-05,62.6429646841716,0.007464251422283552,257.6589660644531,195.26913452148438,29.4397029876709,56.98835372924805,51.85053253173828,50.24449157714844,0.5483155846595764,62.36570739746094,0.05289248749613762,"2613,761,2742,1658,2082,325,1805,2219,424,568,3837,3183,2629,667,2978,2352",44.16922378540039,,,,,0,24.35394287109375,22.903484344482422,30.109006881713867,28.064023971557617,"0.395,0.395,1.152,1.147,1.095,1.426,0.953,0.922",3051.05224609375,3773.02734375,"194.6,194.6,3468,4591,3101,6077,3420,3363",21.114089965820312,24.198101043701172,"12.63,12.63,22.27,25.46,21.34,26.3,24.13,24.14","1.753,1.753,5.265,6.019,4.994,6.867,5.146,5.115","2.792,2.792,4.905,5.621,4.773,5.749,5.271,5.326"
21,down_proj,gptq,4096,14336,0,2.658367156982422e-05,7.884843008858816e-06,152.8305153362552,0.018361343287469252,419.77447509765625,268.412109375,1.3075759410858154,3.322392702102661,1.8363406658172607,1.6831741333007812,0.4806358516216278,151.4952392578125,0.10814055055379868,"2359,10289,5087,9703,4312,9848,8077,8054,3477,12006,14245,5833,12529,4935,13230,13204",58.808834075927734,,,,,0,0.957069456577301,0.7593510150909424,1.0461454391479492,0.8827160596847534,"0.355,0.355,1.330,1.647,0.999,1.415,1.150,1.091",9041.744140625,9787.5107421875,"126.6,126.6,6678,1.615e+04,5432,1.608e+04,1.491e+04,1.282e+04",5.663660049438477,6.770459175109863,"1.5,1.5,5.898,7.701,5.532,7.578,7.912,7.689","0.1296,0.1296,0.9101,1.317,0.8323,1.245,1.195,1.179","0.2174,0.2174,0.7893,1.027,0.8329,1.046,1.114,1.129"
22,q_proj,gptq,4096,4096,0,7.796287536621094e-05,3.1113624572753906e-05,63.306469041330274,0.01238270353593029,198.0977783203125,134.85589599609375,28.690444946289062,72.90296936035156,58.03691864013672,68.1175537109375,0.8204894661903381,63.29942321777344,0.20723247528076172,"2932,1189,3266,1815,133,1162,291,3231,1298,866,3516,1059,1039,2485,709,2692",64.5342025756836,,,,,0,27.878620147705078,28.57220458984375,31.74625015258789,35.93526077270508,"0.597,0.597,1.043,1.070,1.002,1.445,0.731,0.629",2819.072021484375,3535.28466796875,"166.7,166.7,3063,4461,2753,5458,3339,3145",26.848201751708984,32.95523452758789,"6.739,6.739,34.5,33.92,33.7,32.71,33.43,33.05","0.9574,0.9574,6.339,6.39,6.169,7.107,5.267,4.887","1.239,1.239,6.205,6.177,6.164,5.913,6.159,6.161"
22,k_proj,gptq,1024,4096,0,8.034706115722656e-05,3.409385681152344e-05,49.53517011322401,0.018005857899850125,154.88406372070312,105.375732421875,22.449352264404297,57.04600524902344,45.33361053466797,52.31145477294922,0.8204894661903381,49.53044128417969,0.2073010355234146,"2932,1189,3266,133,1815,1162,3231,291,866,1298,3516,709,2485,1039,1059,3869",64.5342025756836,,,,,0,21.910688400268555,21.986846923828125,24.986188888549805,28.306230545043945,"0.508,0.508,1.099,0.936,1.111,1.485,0.729,0.741",2819.072021484375,3535.28466796875,"166.7,166.7,3063,4461,2753,5458,3339,3145",26.848201751708984,32.95523452758789,"6.739,6.739,34.5,33.92,33.7,32.71,33.43,33.05","0.8412,0.8412,5.712,5.413,5.337,6.277,4.741,4.645","1.181,1.181,5.448,5.596,5.062,5.151,5.552,5.397"
22,v_proj,gptq,1024,4096,0,6.890296936035156e-05,2.7418136596679688e-05,7.645790334180219,0.013528774132468389,24.68891143798828,17.04475212097168,3.5280447006225586,8.708027839660645,7.160688400268555,8.104949951171875,0.8204894661903381,7.6388349533081055,0.17120954394340515,"3231,1189,866,2088,1815,3585,2932,2485,291,3869,912,2265,133,2261,3070,3266",64.5342025756836,,,,,0,3.4486377239227295,3.5671119689941406,3.925009250640869,4.225820541381836,"1.106,1.106,0.945,1.117,0.967,1.519,0.696,0.624",2819.072021484375,3535.28466796875,"166.7,166.7,3063,4461,2753,5458,3339,3145",26.848201751708984,32.95523452758789,"6.739,6.739,34.5,33.92,33.7,32.71,33.43,33.05","0.337,0.337,2.197,2.233,2.159,2.552,1.836,1.732","0.3204,0.3204,2.26,2.113,2.196,2.071,2.201,2.192"
22,o_proj,gptq,4096,4096,0,8.165836334228516e-05,2.6881694793701172e-05,32.31842844980338,0.014705905615651245,88.36856079101562,56.066436767578125,0.13895997405052185,0.47695308923721313,0.19577720761299133,0.21360263228416443,0.3455239236354828,32.32493209838867,0.04745897650718689,"2263,2519,1042,2135,1298,1426,1625,2391,1170,3474,2249,1894,2505,3090,2121,2549",56.49346923828125,,,,,0,0.046904489398002625,0.055755022913217545,0.12430037558078766,0.1196661964058876,"0.063,0.063,0.899,0.698,0.943,1.136,0.481,0.534",1246.6640625,4728.15283203125,"10.97,10.97,2603,524.3,3491,2808,236.2,289.1",1.9014928340911865,2.8953113555908203,"1.006,1.006,2.799,1.648,3.268,2.562,1.403,1.519","0.02892,0.02892,0.3065,0.1562,0.3626,0.3077,0.1119,0.1286","0.1156,0.1156,0.3234,0.187,0.3735,0.2887,0.1613,0.176"
22,gate_proj,gptq,14336,4096,0,7.677078247070312e-05,3.044945853097098e-05,102.18972897267304,0.007465964212670971,423.8647766113281,321.907958984375,50.7464599609375,96.07306671142578,90.89067840576172,86.10244750976562,0.46188634634017944,102.06615447998047,0.05137304589152336,"2613,761,2742,1658,325,2082,1805,424,568,2209,2219,667,540,3183,4062,3837",46.646976470947266,,,,,0,42.39476776123047,38.48612976074219,53.239906311035156,49.47960662841797,"0.394,0.394,1.181,1.209,1.167,1.443,0.990,0.983",3055.67041015625,3904.165283203125,"194.7,194.7,3264,4909,2930,5979,3587,3387",21.532503128051758,25.136863708496094,"13.08,13.08,22.03,26.49,20.95,27.1,24.96,24.57","2.328,2.328,6.694,8.175,6.309,9.053,6.957,6.82","3.711,3.711,6.16,7.436,5.841,7.535,6.992,6.88"
22,up_proj,gptq,14336,4096,0,7.748603820800781e-05,2.5153160095214844e-05,60.75426764747317,0.0071954073827563995,252.51681518554688,191.80142211914062,30.198596954345703,57.07500076293945,54.091156005859375,51.41350173950195,0.46188634634017944,60.72569274902344,0.05112583935260773,"2613,761,2742,1658,325,2082,1805,568,424,2219,2209,540,667,3183,4062,3837",46.646976470947266,,,,,0,25.012388229370117,22.943389892578125,31.297544479370117,29.487346649169922,"0.395,0.395,1.139,1.227,1.150,1.403,0.994,0.978",3055.67041015625,3904.165283203125,"194.7,194.7,3264,4909,2930,5979,3587,3387",21.532503128051758,25.136863708496094,"13.08,13.08,22.03,26.49,20.95,27.1,24.96,24.57","1.802,1.802,5.089,6.304,4.835,6.925,5.379,5.264","2.869,2.869,4.769,5.691,4.509,5.847,5.396,5.322"
22,down_proj,gptq,4096,14336,0,2.4897711617606027e-05,8.055141993931361e-06,141.56400687986672,0.016896328449774116,394.923828125,253.90380859375,1.271954894065857,3.166811943054199,1.869873046875,1.5218380689620972,0.5465666651725769,141.0277557373047,0.09183479100465775,"4989,11106,4433,3642,10578,4861,12871,6032,6723,10995,10478,10984,1391,2940,5031,1861",66.49854278564453,,,,,0,0.9116371273994446,0.6580528616905212,1.0611858367919922,0.8068293333053589,"0.337,0.337,1.323,1.566,1.386,1.586,1.332,1.191",8879.6953125,10643.349609375,"116,116,6134,1.617e+04,4503,1.634e+04,1.511e+04,1.255e+04",5.465061187744141,6.760643005371094,"1.365,1.365,5.062,7.667,4.445,7.793,7.969,8.056","0.1146,0.1146,0.8008,1.268,0.7027,1.292,1.213,1.176","0.1975,0.1975,0.6962,1.013,0.5968,1.026,1.051,1.078"
23,q_proj,gptq,4096,4096,0,7.557868957519531e-05,3.170967102050781e-05,64.48786382505205,0.012585798927210418,211.81707763671875,147.33627319335938,31.776046752929688,77.30233001708984,65.23921203613281,72.66305541992188,0.812465488910675,64.5016098022461,0.1733473539352417,"2932,1189,291,3266,1162,133,1815,866,2485,3231,3869,1298,3070,2261,709,1039",49.251548767089844,,,,,0,30.311832427978516,30.193078994750977,37.20965576171875,38.97966384887695,"0.609,0.609,1.057,1.048,1.012,1.331,0.853,0.743",2878.12158203125,3779.11474609375,"164.5,164.5,3020,4707,2660,5523,3572,3213",26.180255889892578,32.70569610595703,"6.396,6.396,32.87,33.81,31.81,32.85,32.79,32.51","0.951,0.951,6.469,6.685,6.096,7.328,5.832,5.411","1.219,1.219,6.292,6.531,6.06,6.352,6.315,6.276"
23,k_proj,gptq,1024,4096,0,6.842613220214844e-05,2.6226043701171875e-05,48.76137670209573,0.017889569769863833,159.93377685546875,111.19175720214844,24.009353637695312,59.00777816772461,48.837310791015625,54.091819763183594,0.812465488910675,48.72624206542969,0.1724688857793808,"2932,1189,291,3266,133,1815,2485,866,1162,3231,3869,2261,1298,1039,1059,3516",49.251548767089844,,,,,0,22.71205711364746,22.699222564697266,27.53994369506836,28.176239013671875,"0.546,0.546,1.151,1.138,1.109,1.239,0.712,0.720",2878.12158203125,3779.11474609375,"164.5,164.5,3020,4707,2660,5523,3572,3213",26.180255889892578,32.70569610595703,"6.396,6.396,32.87,33.81,31.81,32.85,32.79,32.51","0.8698,0.8698,5.863,5.909,5.472,6.08,4.74,4.638","1.177,1.177,5.465,5.538,5.196,5.463,5.618,5.467"
23,v_proj,gptq,1024,4096,0,7.796287536621094e-05,3.337860107421875e-05,7.505987418879158,0.011984235085537474,25.312942504882812,17.800796508789062,3.756002902984619,8.842397689819336,7.5680999755859375,8.123045921325684,0.812465488910675,7.491219997406006,0.1434522569179535,"866,2261,3869,1189,3231,291,2485,3070,2265,3585,2646,2088,709,1731,1815,912",49.251548767089844,,,,,0,3.4558582305908203,3.3202502727508545,4.347006320953369,4.577492713928223,"0.997,0.997,1.046,1.057,0.930,1.449,0.915,0.816",2878.12158203125,3779.11474609375,"164.5,164.5,3020,4707,2660,5523,3572,3213",26.180255889892578,32.70569610595703,"6.396,6.396,32.87,33.81,31.81,32.85,32.79,32.51","0.3357,0.3357,2.185,2.208,2.01,2.555,1.984,1.808","0.3361,0.3361,2.137,2.148,2.084,2.122,2.075,2.002"
23,o_proj,gptq,4096,4096,0,8.386373519897461e-05,2.568960189819336e-05,29.795299831825105,0.013068514180095593,83.90138244628906,54.09611892700195,0.13724097609519958,0.4111129939556122,0.18007823824882507,0.19018013775348663,0.32890063524246216,29.80992889404297,0.05475699529051781,"3604,3988,3732,3860,1079,1015,3700,1207,228,100,2175,1463,2086,1335,759,484",135.12925720214844,,,,,0,0.04590192809700966,0.05662599578499794,0.15066055953502655,0.15473517775535583,"0.046,0.046,0.976,0.839,0.830,0.941,0.720,0.655",1570.4642333984375,5584.4501953125,"12.32,12.32,3029,2067,3557,2253,988.2,644.7",1.962498664855957,3.1871368885040283,"0.9877,0.9877,2.727,2.19,3.121,2.263,1.766,1.657","0.02422,0.02422,0.3056,0.2249,0.3236,0.2535,0.1726,0.1527","0.1134,0.1134,0.3092,0.2455,0.3551,0.2614,0.2034,0.1888"
23,gate_proj,gptq,14336,4096,0,7.746900830950056e-05,2.9887471880231586e-05,100.82026423790012,0.007350260482962305,420.90264892578125,320.54449462890625,53.03330612182617,101.17359924316406,97.82186889648438,92.58538818359375,0.4968871772289276,100.51055145263672,0.04809737578034401,"761,2613,2742,325,2082,1658,1805,2209,424,568,2219,540,1951,667,3183,4062",47.682857513427734,,,,,0,44.17355728149414,40.57276916503906,58.0025749206543,53.57368469238281,"0.375,0.375,1.114,1.193,1.106,1.344,1.062,1.022",3103.57080078125,4136.0732421875,"194.9,194.9,3177,5107,2804,5996,3893,3461",21.934471130371094,26.232009887695312,"12.65,12.65,22.23,27.55,21.04,27.93,26.08,25.32","2.22,2.22,6.612,8.47,6.233,9.068,7.442,7.185","3.625,3.625,6.265,7.753,5.926,7.821,7.221,7.107"
23,up_proj,gptq,14336,4096,0,7.677078247070312e-05,2.5153160095214844e-05,60.34088205042872,0.007099061059932541,253.044921875,192.7809295654297,31.811756134033203,60.75139617919922,59.33842086791992,55.828365325927734,0.4968871772289276,60.30504608154297,0.047690629959106445,"761,2613,2742,325,1658,2082,1805,2209,424,568,2219,540,1951,667,3183,4062",47.682857513427734,,,,,0,26.51885414123535,24.317386627197266,35.1229248046875,32.63450622558594,"0.390,0.390,1.142,1.200,1.146,1.327,1.032,0.993",3103.57080078125,4136.0732421875,"194.9,194.9,3177,5107,2804,5996,3893,3461",21.934471130371094,26.232009887695312,"12.65,12.65,22.23,27.55,21.04,27.93,26.08,25.32","1.7,1.7,5.189,6.625,4.886,7.011,5.745,5.434","2.721,2.721,4.855,6.048,4.565,6.087,5.654,5.452"
23,down_proj,gptq,4096,14336,0,2.5357518877301898e-05,7.867813110351562e-06,137.49380193760544,0.016291777267029288,386.37646484375,249.74732971191406,1.331359624862671,3.276130437850952,2.2623825073242188,1.8577017784118652,0.3957362174987793,137.06466674804688,0.08974012732505798,"2565,5901,13141,7298,5039,7782,6423,5679,11734,8714,1292,3098,5765,8221,2854,1609",132.606689453125,,,,,0,0.9557170867919922,0.728995144367218,1.469632625579834,1.0587520599365234,"0.361,0.361,1.319,1.465,1.279,1.314,1.435,1.201",8925.55859375,13205.349609375,"153.6,153.6,5330,1.796e+04,3916,1.768e+04,1.392e+04,1.23e+04",5.763038158416748,7.610013008117676,"2.154,2.154,5.031,8.434,4.507,8.516,7.718,7.591","0.1859,0.1859,0.7791,1.329,0.6854,1.366,1.215,1.179","0.3094,0.3094,0.6784,1.098,0.606,1.192,1.014,1.076"
24,q_proj,gptq,4096,4096,0,7.855892181396484e-05,3.135204315185547e-05,65.03288190883177,0.0131266454487544,213.0440673828125,148.0611572265625,32.29401397705078,79.98344421386719,68.02716064453125,74.78466796875,0.8130549788475037,65.06201934814453,0.175833597779274,"2932,1189,3266,1815,133,1162,291,3231,866,1039,1298,2485,3516,2692,3070,1059",52.45028305053711,,,,,0,30.922618865966797,30.239213943481445,37.89604187011719,40.54140853881836,"0.596,0.596,1.073,1.117,1.039,1.370,0.856,0.703",2866.637451171875,3903.983642578125,"159.3,159.3,2842,4923,2537,5503,3670,3139",26.476783752441406,33.26467514038086,"6.202,6.202,33.03,34.45,32.08,33.23,33.61,33.02","0.916,0.916,6.456,7.055,6.101,7.381,5.91,5.256","1.186,1.186,6.232,6.675,5.985,6.306,6.389,6.269"
24,k_proj,gptq,1024,4096,0,7.200241088867188e-05,2.6941299438476562e-05,50.03609855983814,0.020245655086014263,162.681396484375,112.85660552978516,24.78191566467285,61.4815559387207,51.002952575683594,56.765037536621094,0.8130549788475037,49.98643493652344,0.17771363258361816,"2932,1189,3266,1815,291,133,1162,3231,2485,1039,1298,866,3070,2943,3516,1059",52.45028305053711,,,,,0,23.838336944580078,22.352312088012695,28.588932037353516,29.671249389648438,"0.475,0.475,1.025,1.219,1.037,1.367,1.019,0.748",2866.637451171875,3903.983642578125,"159.3,159.3,2842,4923,2537,5503,3670,3139",26.476783752441406,33.26467514038086,"6.202,6.202,33.03,34.45,32.08,33.23,33.61,33.02","0.7903,0.7903,5.663,6.104,5.198,6.529,5.407,4.61","1.146,1.146,5.593,5.528,5.104,5.585,5.357,5.33"
24,v_proj,gptq,1024,4096,0,7.700920104980469e-05,2.8848648071289062e-05,10.056184439059507,0.013500846696846893,33.96014404296875,23.899658203125,5.083813190460205,12.179729461669922,10.545141220092773,11.169536590576172,0.8130549788475037,10.068979263305664,0.1433262974023819,"1189,2485,3231,866,3585,2088,912,3070,2943,1815,1039,3869,291,3266,2265,2932",52.45028305053711,,,,,0,4.871389865875244,4.549607276916504,5.955582618713379,6.182546615600586,"0.926,0.926,1.037,1.337,1.028,1.480,0.808,0.718",2866.637451171875,3903.983642578125,"159.3,159.3,2842,4923,2537,5503,3670,3139",26.476783752441406,33.26467514038086,"6.202,6.202,33.03,34.45,32.08,33.23,33.61,33.02","0.3637,0.3637,2.5,2.888,2.425,3.018,2.188,2.085","0.378,0.378,2.454,2.497,2.392,2.481,2.434,2.46"
24,o_proj,gptq,4096,4096,0,8.285045623779297e-05,2.771615982055664e-05,37.94172873003777,0.015299680604184447,101.35643768310547,63.42234802246094,0.14770850539207458,0.5565683245658875,0.24136358499526978,0.274882435798645,0.43984511494636536,37.9402961730957,0.06151397526264191,"3910,3782,3654,3323,3519,4038,3391,3243,439,3913,1701,3490,1573,311,1957,3267",116.28533935546875,,,,,0,0.12179382145404816,0.12308759987354279,0.1176748126745224,0.15049728751182556,"0.046,0.046,1.150,0.723,1.011,1.036,0.638,0.497",3804.9150390625,3596.208740234375,"10.51,10.51,1.492e+04,1022,1.123e+04,2122,735.3,390.1",2.418973922729492,2.8302712440490723,"1.102,1.102,5.181,1.872,4.886,2.299,1.437,1.471","0.02899,0.02899,0.6796,0.1961,0.5972,0.2827,0.14,0.1275","0.1351,0.1351,0.6337,0.2306,0.594,0.2777,0.1754,0.1809"
24,gate_proj,gptq,14336,4096,0,7.585116795131139e-05,3.1300953456333703e-05,99.69650994527906,0.007216654472742008,424.1922912597656,324.99688720703125,57.106170654296875,107.97996520996094,108.199462890625,100.75871276855469,0.4482077360153198,99.30458068847656,0.046413034200668335,"761,2613,2742,325,2082,1805,1658,2209,568,424,2219,540,4062,3183,2978,667",43.99043273925781,,,,,0,47.455711364746094,43.700321197509766,64.12040710449219,58.10374069213867,"0.370,0.370,1.159,1.195,1.195,1.354,1.017,0.949",3124.6796875,4215.515625,"196,196,3146,5342,2791,6002,3939,3384",22.60784339904785,27.123830795288086,"13.47,13.47,22.41,28.71,21.25,28.9,26.82,25.84","2.314,2.314,6.822,8.835,6.564,9.566,7.672,7.133","3.803,3.803,6.338,8.084,6.004,8.221,7.609,7.323"
24,up_proj,gptq,14336,4096,0,7.85759517124721e-05,2.5834356035505023e-05,59.91588499830007,0.007001932484426878,255.61669921875,195.80917358398438,34.36724090576172,65.29995727539062,65.1274185180664,60.614349365234375,0.4482077360153198,59.7713623046875,0.046309493482112885,"761,2613,2742,325,2082,1805,1658,2209,568,424,2219,540,4062,667,3183,1951",43.99043273925781,,,,,0,28.733356475830078,26.001705169677734,38.596397399902344,35.272216796875,"0.369,0.369,1.185,1.231,1.196,1.349,1.059,0.973",3124.6796875,4215.515625,"196,196,3146,5342,2791,6002,3939,3384",22.60784339904785,27.123830795288086,"13.47,13.47,22.41,28.71,21.25,28.9,26.82,25.84","1.795,1.795,5.325,6.959,5.082,7.342,6.002,5.557","2.953,2.953,4.891,6.271,4.646,6.322,5.834,5.635"
24,down_proj,gptq,4096,14336,0,2.602168491908482e-05,8.463859558105469e-06,135.1906640997463,0.015894063188552417,382.59088134765625,248.31405639648438,1.4280918836593628,3.3129141330718994,2.4375972747802734,1.9144536256790161,0.5130922198295593,134.69143676757812,0.09293224662542343,"11915,12744,2804,4668,10859,8989,8082,3408,7647,8303,9086,2819,10567,5318,5871,9978",227.74160766601562,,,,,0,1.122241497039795,0.8142529726028442,1.504338026046753,1.1259713172912598,"0.427,0.427,1.459,1.634,1.419,1.339,1.244,1.322",9808.2138671875,13190.9609375,"113.1,113.1,5898,1.876e+04,4539,1.881e+04,1.601e+04,1.422e+04",6.087305068969727,8.024747848510742,"1.454,1.454,5.184,8.847,4.679,8.952,9.287,8.842","0.1226,0.1226,0.8347,1.481,0.7232,1.409,1.356,1.308","0.1876,0.1876,0.691,1.159,0.6072,1.218,1.216,1.137"
25,q_proj,gptq,4096,4096,0,7.730722427368164e-05,3.314018249511719e-05,61.42886361843193,0.012763166243722708,210.29098510742188,149.04452514648438,33.31305694580078,82.40437316894531,69.25395202636719,75.3228530883789,0.8092135190963745,61.4233283996582,0.1577724814414978,"2932,1189,3266,2485,866,133,1162,1039,1059,1815,2265,1298,3070,291,709,3585",49.90945816040039,,,,,0,31.257843017578125,29.814559936523438,39.659175872802734,40.382843017578125,"0.572,0.572,1.087,1.158,1.018,1.446,0.842,0.756",2896.715087890625,3960.35888671875,"162.1,162.1,3020,4961,2683,5436,3651,3099",26.43873405456543,33.53834533691406,"6.271,6.271,32.49,34.5,31.6,33.47,33.76,33.13","0.9408,0.9408,6.388,7.042,5.981,7.647,5.873,5.4","1.244,1.244,6.126,6.545,5.928,6.358,6.399,6.209"
25,k_proj,gptq,1024,4096,0,6.866455078125e-05,3.170967102050781e-05,43.77613075324916,0.017815729347188773,147.99880981445312,104.57565307617188,23.618898391723633,58.02770233154297,49.24510955810547,53.65946960449219,0.8092135190963745,43.655975341796875,0.15940992534160614,"2932,1189,3266,866,3070,2485,133,1039,2265,1162,1059,1815,3585,291,709,1298",49.90945816040039,,,,,0,21.999635696411133,22.145404815673828,28.484289169311523,28.96471405029297,"0.437,0.437,1.046,1.080,0.981,1.316,0.865,0.709",2896.715087890625,3960.35888671875,"162.1,162.1,3020,4961,2683,5436,3651,3099",26.43873405456543,33.53834533691406,"6.271,6.271,32.49,34.5,31.6,33.47,33.76,33.13","0.7355,0.7355,5.32,5.937,5.01,6.299,5.035,4.609","1.113,1.113,5.203,5.714,5.058,5.491,5.412,5.472"
25,v_proj,gptq,1024,4096,0,8.058547973632812e-05,2.956390380859375e-05,9.78676946585756,0.013014773206633117,34.37456512451172,24.57718276977539,5.381994247436523,12.676607131958008,10.999862670898438,11.660972595214844,0.8092135190963745,9.774612426757812,0.12931017577648163,"2485,2088,2265,866,3585,1189,2330,3070,2040,3869,1059,2943,912,3231,1039,2629",49.90945816040039,,,,,0,4.842204570770264,4.637944221496582,6.244356155395508,6.3672285079956055,"0.972,0.972,1.060,1.144,1.008,1.444,0.878,0.731",2896.715087890625,3960.35888671875,"162.1,162.1,3020,4961,2683,5436,3651,3099",26.43873405456543,33.53834533691406,"6.271,6.271,32.49,34.5,31.6,33.47,33.76,33.13","0.3656,0.3656,2.517,2.757,2.337,2.994,2.338,2.154","0.3709,0.3709,2.445,2.578,2.327,2.492,2.495,2.52"
25,o_proj,gptq,4096,4096,0,8.493661880493164e-05,2.6226043701171875e-05,38.43701594509423,0.01538152377787506,104.16279602050781,65.79281616210938,0.18362544476985931,0.6063212156295776,0.19485799968242645,0.2559683918952942,0.7089629173278809,38.40906524658203,0.0651412308216095,"3041,2913,2657,2785,2310,2182,1418,2054,1443,1479,1445,2566,2438,1499,1524,1486",62.73653793334961,,,,,0,0.0934014841914177,0.12174057960510254,0.12475709617137909,0.13989704847335815,"0.048,0.048,0.825,0.757,0.827,1.110,0.778,0.833",2225.0400390625,3328.477294921875,"17.85,17.85,5181,1371,4671,3687,1168,1686",2.654128313064575,2.8165435791015625,"1.898,1.898,3.823,2.519,3.762,3.121,2.133,2.078","0.05251,0.05251,0.4379,0.2793,0.432,0.4094,0.2417,0.2433","0.2405,0.2405,0.4821,0.321,0.475,0.3887,0.274,0.2665"
25,gate_proj,gptq,14336,4096,0,7.394381931849889e-05,3.0347279139927457e-05,99.17012459080013,0.007088087018286203,428.8482666015625,330.0506591796875,61.11094665527344,115.25935363769531,117.86238861083984,110.9104995727539,0.4649856388568878,98.90690612792969,0.045580632984638214,"761,2613,325,2742,2082,1805,2209,1658,2219,2978,568,540,4062,1951,424,3183",40.97574996948242,,,,,0,52.175315856933594,47.328582763671875,69.43089294433594,64.02369689941406,"0.354,0.354,1.195,1.258,1.152,1.374,1.046,0.957",3155.380859375,4300.0947265625,"197.1,197.1,3261,5450,2864,5962,3968,3344",23.471675872802734,28.146240234375,"14.12,14.12,23.29,29.79,22.18,29.94,27.77,26.57","2.429,2.429,7.272,9.401,6.763,9.984,8.065,7.341","4.084,4.084,6.652,8.383,6.301,8.517,7.886,7.504"
25,up_proj,gptq,14336,4096,0,7.872922079903739e-05,2.4420874459402902e-05,59.86467062597944,0.006901234450320759,259.86279296875,200.05882263183594,36.967567443847656,69.9344253540039,71.55320739746094,67.05524444580078,0.4649856388568878,59.833885192871094,0.04528931900858879,"761,2613,2742,325,2082,1805,2209,1658,2219,568,540,2978,4062,1951,667,424",40.97574996948242,,,,,0,31.361724853515625,29.060466766357422,42.39420700073242,39.20816421508789,"0.376,0.376,1.181,1.246,1.150,1.308,0.996,0.935",3155.380859375,4300.0947265625,"197.1,197.1,3261,5450,2864,5962,3968,3344",23.471675872802734,28.146240234375,"14.12,14.12,23.29,29.79,22.18,29.94,27.77,26.57","1.898,1.898,5.604,7.303,5.285,7.654,6.256,5.77","3.093,3.093,5.157,6.541,4.928,6.694,6.268,5.965"
25,down_proj,gptq,4096,14336,0,2.4744442531040738e-05,7.833753313337053e-06,136.43331176566153,0.015824522107465048,386.6992492675781,251.40380859375,1.5785095691680908,3.486769199371338,2.786182403564453,2.261805295944214,0.7487894296646118,135.9604034423828,0.10361267626285553,"3897,8588,11622,9848,11080,1958,3256,9888,13045,1232,10315,2900,4720,4969,5065,5448",305.0146484375,,,,,0,1.2510321140289307,0.9281697869300842,1.6441551446914673,1.291463851928711,"0.317,0.317,1.342,1.486,1.424,1.353,1.388,1.213",9760.970703125,13484.53515625,"126,126,9411,1.955e+04,5725,1.639e+04,1.524e+04,1.153e+04",6.5993332862854,8.451484680175781,"1.974,1.974,7.078,9.62,5.724,9.081,8.978,8.366","0.1607,0.1607,1.081,1.562,0.8903,1.468,1.4,1.2","0.2856,0.2856,0.9331,1.281,0.7461,1.263,1.188,1.09"
26,q_proj,gptq,4096,4096,0,7.444620132446289e-05,3.0517578125e-05,65.7626684597235,0.013512839571210696,223.41261291503906,157.69351196289062,32.89073944091797,83.15713500976562,66.84188842773438,75.84783172607422,0.8020625710487366,65.73889923095703,0.17505650222301483,"2932,1189,1815,133,3266,1039,3516,709,1162,2943,1298,291,2485,3585,2629,2692",60.031803131103516,,,,,0,29.942834854125977,30.759780883789062,37.488216400146484,40.08110046386719,"0.523,0.523,1.006,1.123,0.938,1.352,0.791,0.664",2820.934326171875,3867.3271484375,"168.7,168.7,2959,4910,2664,5220,3549,2927",25.883522033691406,32.30592727661133,"6.8,6.8,31.76,33.45,31.05,32.26,32.84,32.1","0.9956,0.9956,6.202,7.111,5.915,7.337,5.739,5.175","1.376,1.376,6.183,6.709,6.109,6.309,6.451,6.35"
26,k_proj,gptq,1024,4096,0,6.604194641113281e-05,2.574920654296875e-05,49.026608391821355,0.01887153702889877,165.23886108398438,116.3189697265625,24.3996524810791,61.50002670288086,49.985252380371094,56.52508544921875,0.8020625710487366,48.82319641113281,0.1757730394601822,"2932,1815,1189,1039,133,3266,709,1162,2943,3516,1298,291,2629,2692,2485,3585",60.031803131103516,,,,,0,22.38227081298828,22.355745315551758,27.640438079833984,30.311220169067383,"0.460,0.460,1.062,1.126,1.068,1.501,0.724,0.646",2820.934326171875,3867.3271484375,"168.7,168.7,2959,4910,2664,5220,3549,2927",25.883522033691406,32.30592727661133,"6.8,6.8,31.76,33.45,31.05,32.26,32.84,32.1","0.868,0.868,5.436,5.963,5.222,6.504,4.829,4.423","1.279,1.279,5.275,5.619,5.052,5.309,5.674,5.502"
26,v_proj,gptq,1024,4096,0,8.368492126464844e-05,3.0517578125e-05,9.316215809182268,0.011372273423654922,32.429473876953125,23.111572265625,4.725290298461914,11.692543029785156,9.63774299621582,10.587913513183594,0.8020625710487366,9.295934677124023,0.14460702240467072,"2629,1189,3585,1815,2932,2485,291,3266,709,2943,2088,912,1039,3231,866,2265",60.031803131103516,,,,,0,4.194125175476074,4.117358207702637,5.586621284484863,5.746317386627197,"0.776,0.776,1.174,1.114,1.079,1.428,0.728,0.673",2820.934326171875,3867.3271484375,"168.7,168.7,2959,4910,2664,5220,3549,2927",25.883522033691406,32.30592727661133,"6.8,6.8,31.76,33.45,31.05,32.26,32.84,32.1","0.3677,0.3677,2.378,2.64,2.25,2.733,2.066,1.964","0.4175,0.4175,2.195,2.501,2.166,2.287,2.422,2.394"
26,o_proj,gptq,4096,4096,0,8.392333984375e-05,2.6226043701171875e-05,40.49586644774536,0.01564256944734235,106.88325500488281,66.43281555175781,0.2343014031648636,1.0091540813446045,0.38331472873687744,0.5044225454330444,0.6978954672813416,40.447532653808594,0.06281093508005142,"300,44,428,172,2693,1980,1724,2949,2027,2565,2821,1899,1643,3478,1364,2474",71.26283264160156,,,,,0,0.25188058614730835,0.35249534249305725,0.11705374717712402,0.18538051843643188,"0.091,0.091,0.801,0.483,0.870,0.614,0.161,0.270",4449.0595703125,1767.7674560546875,"19.85,19.85,1.772e+04,1073,1.468e+04,1460,232.1,389.5",3.9383304119110107,3.2116706371307373,"2.45,2.45,8.683,2.796,7.613,3.003,2.247,2.267","0.0953,0.0953,0.9895,0.2485,0.9116,0.2967,0.1162,0.1536","0.316,0.316,1.106,0.3575,0.9773,0.3787,0.2892,0.2957"
26,gate_proj,gptq,14336,4096,0,7.70432608468192e-05,3.002371106828962e-05,100.38430850094028,0.007083301623340124,441.28314208984375,341.2258605957031,66.98220825195312,127.2463607788086,132.73724365234375,125.24781799316406,0.40662142634391785,100.18405151367188,0.04619687423110008,"761,2613,2082,325,1805,1658,2742,2209,4062,2219,540,424,568,1951,2978,3183",40.59333419799805,,,,,0,58.487266540527344,55.58746337890625,79.02708435058594,72.41459655761719,"0.312,0.312,1.175,1.243,1.139,1.271,0.994,0.909",3264.5263671875,4365.4375,"198.6,198.6,3592,5626,3266,5949,4004,3283",24.904132843017578,29.281335830688477,"15.94,15.94,25.27,31.15,24.33,31.05,28.55,27","2.58,2.58,8.062,10.15,7.581,10.13,8.357,7.526","4.621,4.621,7.439,9.103,7.105,8.986,8.382,7.893"
26,up_proj,gptq,14336,4096,0,7.685593196323939e-05,2.556187765938895e-05,59.62157601974104,0.006779407194674283,262.4763488769531,202.96319580078125,39.8072395324707,75.36036682128906,78.48843383789062,73.52399444580078,0.40662142634391785,59.53009796142578,0.04596540704369545,"761,2613,325,2082,1658,1805,2742,2209,4062,2219,540,424,568,1951,2978,3183",40.59333419799805,,,,,0,34.77073287963867,32.22417449951172,46.58208465576172,42.77859878540039,"0.316,0.316,1.188,1.221,1.175,1.305,1.060,0.971",3264.5263671875,4365.4375,"198.6,198.6,3592,5626,3266,5949,4004,3283",24.904132843017578,29.281335830688477,"15.94,15.94,25.27,31.15,24.33,31.05,28.55,27","1.99,1.99,6.127,7.65,5.819,7.88,6.56,5.933","3.538,3.538,5.622,6.922,5.369,6.898,6.371,6.02"
26,down_proj,gptq,4096,14336,0,2.528939928327288e-05,8.855547223772322e-06,136.44182085196826,0.015605514896032298,385.7544250488281,250.2525634765625,1.7718641757965088,4.025819301605225,3.307797431945801,2.762112617492676,0.4890527129173279,135.85638427734375,0.10308175534009933,"2589,3082,2541,1478,11621,425,11322,12203,13688,13808,3601,3768,12517,14003,8347,12758",100.93143463134766,,,,,0,1.501497745513916,1.1486132144927979,1.9175522327423096,1.5088869333267212,"0.314,0.314,1.532,1.444,1.316,1.307,1.329,1.123",10196.818359375,13234.6796875,"128.3,128.3,9231,1.886e+04,7317,1.744e+04,1.604e+04,1.243e+04",7.377960205078125,9.216017723083496,"2.156,2.156,7.519,10.19,6.841,9.836,10.46,9.862","0.17,0.17,1.211,1.594,1.054,1.545,1.579,1.398","0.3037,0.3037,0.9789,1.327,0.9187,1.351,1.37,1.319"
27,q_proj,gptq,4096,4096,0,7.534027099609375e-05,3.30805778503418e-05,62.68489031799254,0.013330815083443462,218.13674926757812,155.44772338867188,35.585716247558594,85.41455078125,74.16685485839844,81.84033203125,0.819200873374939,62.620262145996094,0.14818334579467773,"2932,1189,3266,866,2485,1162,133,3231,709,1039,2629,1815,3516,2265,2943,3070",52.10781478881836,,,,,0,33.39692687988281,34.44488525390625,41.342838287353516,42.91385269165039,"0.570,0.570,0.978,1.133,0.947,1.290,0.798,0.687",3008.4169921875,3995.896728515625,"173.2,173.2,3460,5047,3263,5339,3595,3017",27.157672882080078,33.634578704833984,"7.399,7.399,33.06,35.16,32.96,34.07,34,33.2","1.101,1.101,6.629,7.284,6.575,7.678,5.973,5.467","1.459,1.459,6.702,6.843,6.755,6.761,6.686,6.597"
27,k_proj,gptq,1024,4096,0,7.581710815429688e-05,2.9325485229492188e-05,51.786168040838675,0.020452168159687478,177.8129119873047,126.2319564819336,29.26860809326172,70.21025085449219,61.03516387939453,66.4333724975586,0.819200873374939,51.60810852050781,0.15022756159305573,"2932,1189,3266,2485,866,3231,1162,2629,133,709,1815,3070,2265,1039,2088,3585",52.10781478881836,,,,,0,27.77033042907715,27.479650497436523,33.32498550415039,35.17219924926758,"0.479,0.479,1.178,1.179,1.163,1.270,0.711,0.681",3008.4169921875,3995.896728515625,"173.2,173.2,3460,5047,3263,5339,3595,3017",27.157672882080078,33.634578704833984,"7.399,7.399,33.06,35.16,32.96,34.07,34,33.2","0.9728,0.9728,6.066,6.783,6.167,6.792,5.186,5.139","1.405,1.405,5.589,6.246,5.718,6.028,6.151,6.226"
27,v_proj,gptq,1024,4096,0,7.915496826171875e-05,3.123283386230469e-05,13.410444257482595,0.014320428659521173,47.78728485107422,34.374244689941406,7.726661682128906,18.049625396728516,16.399789810180664,16.986129760742188,0.819200873374939,13.389281272888184,0.123123899102211,"2629,2485,866,3231,2265,1189,2261,3585,2330,2088,3070,2943,3266,912,2764,3869",52.10781478881836,,,,,0,7.333641052246094,6.84312105178833,9.359949111938477,9.082724571228027,"1.136,1.136,1.139,1.171,1.218,1.363,0.876,0.685",3008.4169921875,3995.896728515625,"173.2,173.2,3460,5047,3263,5339,3595,3017",27.157672882080078,33.634578704833984,"7.399,7.399,33.06,35.16,32.96,34.07,34,33.2","0.5142,0.5142,3.038,3.394,3.021,3.674,2.863,2.563","0.4825,0.4825,2.847,3.136,2.738,3.148,3.058,3.096"
27,o_proj,gptq,4096,4096,0,8.189678192138672e-05,2.658367156982422e-05,39.22490480324211,0.014427618562342396,108.49010467529297,69.32595825195312,0.27414339780807495,1.1881980895996094,0.4399174153804779,0.5541462302207947,0.533177375793457,39.22184753417969,0.05957380309700966,"3700,4084,3956,3828,2074,1279,1909,1911,2202,1048,1432,1151,1825,1895,2458,1233",77.44994354248047,,,,,0,0.19048157334327698,0.2323199063539505,0.1550070345401764,0.20752237737178802,"0.065,0.065,0.950,0.603,0.838,1.111,0.369,0.561",1977.8363037109375,1743.283447265625,"22.63,22.63,4973,750.3,5954,3156,276.9,667.4",3.256613254547119,3.444047212600708,"1.631,1.631,5.662,2.534,6.485,3.652,1.885,2.574","0.0556,0.0556,0.7187,0.255,0.7696,0.5093,0.1503,0.2487","0.2183,0.2183,0.7373,0.3282,0.8408,0.4833,0.2473,0.332"
27,gate_proj,gptq,14336,4096,0,7.436956678118025e-05,3.10795647757394e-05,99.87600673005102,0.006944285280708811,447.4229431152344,348.01556396484375,73.34149169921875,139.90029907226562,144.2041015625,138.4286651611328,0.3974267542362213,99.28028869628906,0.04372165724635124,"761,2613,2082,325,1805,4062,2978,3183,568,2209,2219,540,667,2742,424,4046",34.19757080078125,,,,,0,65.01336669921875,61.5451545715332,84.98518371582031,80.36032104492188,"0.279,0.279,1.190,1.216,1.195,1.269,1.028,0.978",3272.27734375,4344.0537109375,"199.9,199.9,3740,5551,3486,5855,3901,3245",26.279216766357422,30.39399528503418,"17.69,17.69,26.78,32.52,26.09,32.26,29.5,27.73","2.762,2.762,8.534,10.48,8.239,10.73,8.655,8.022","5.228,5.228,7.823,9.506,7.536,9.521,8.538,8.113"
27,up_proj,gptq,14336,4096,0,7.5357300894601e-05,2.552781786237444e-05,59.73259947395385,0.006649946560242985,269.50921630859375,209.7894744873047,44.088905334472656,82.892578125,86.64991760253906,83.0478286743164,0.3974267542362213,59.70992660522461,0.043462563306093216,"761,2613,2082,325,1805,4062,2978,568,2209,3183,2219,540,667,2742,424,4046",34.19757080078125,,,,,0,38.833194732666016,36.86024856567383,51.27226257324219,47.84764099121094,"0.280,0.280,1.209,1.210,1.187,1.258,1.020,0.981",3272.27734375,4344.0537109375,"199.9,199.9,3740,5551,3486,5855,3901,3245",26.279216766357422,30.39399528503418,"17.69,17.69,26.78,32.52,26.09,32.26,29.5,27.73","2.139,2.139,6.601,8.032,6.392,8.244,6.794,6.201","4.039,4.039,6.005,7.301,5.867,7.35,6.726,6.26"
27,down_proj,gptq,4096,14336,0,2.4250575474330356e-05,8.54900905064174e-06,135.31520126796204,0.01520925547465114,389.90093994140625,255.2369384765625,2.1099233627319336,5.717971324920654,3.8292834758758545,3.5094804763793945,0.5892246961593628,134.97650146484375,0.11251343786716461,"13857,8140,11829,3778,10139,9333,5116,3014,13135,8434,8051,4920,7111,8728,216,6497",1710.059326171875,,,,,0,1.6203453540802002,1.3356354236602783,2.3383073806762695,1.918864369392395,"0.195,0.195,1.356,1.302,1.315,1.358,1.217,0.986",9729.94140625,13268.3271484375,"145.5,145.5,8445,1.853e+04,7205,1.901e+04,1.363e+04,1.073e+04",8.086637496948242,10.332744598388672,"3.211,3.211,7.874,11.35,7.472,11.27,10.17,10.14","0.1875,0.1875,1.224,1.709,1.136,1.767,1.483,1.365","0.425,0.425,1.051,1.497,0.9905,1.516,1.344,1.375"
28,q_proj,gptq,4096,4096,0,7.712841033935547e-05,3.355741500854492e-05,56.40988129909965,0.012059473102232956,207.42617797851562,151.106201171875,32.866817474365234,81.96473693847656,66.52519226074219,74.41897583007812,0.8017891049385071,56.43169403076172,0.16122183203697205,"2932,1189,3266,291,2485,133,1815,866,1162,2629,3231,709,3585,3070,2265,2088",55.96995162963867,,,,,0,30.224178314208984,30.82406234741211,37.613006591796875,38.865089416503906,"0.471,0.471,1.089,1.038,0.990,1.309,0.815,0.691",2972.179931640625,3931.10986328125,"186.1,186.1,3557,4995,3297,5258,3437,2863",27.032608032226562,32.88344955444336,"8.943,8.943,32.56,34.48,32.36,33.52,33.08,32.37","1.222,1.222,6.459,6.84,6.219,7.335,5.6,5.143","1.779,1.779,6.189,6.714,6.25,6.41,6.202,6.186"
28,k_proj,gptq,1024,4096,0,7.152557373046875e-05,3.24249267578125e-05,38.40484761977859,0.016729408050365865,140.68702697753906,102.34117126464844,22.301450729370117,56.348793029785156,45.24280548095703,50.91645431518555,0.8017891049385071,38.36713409423828,0.1619884967803955,"2932,1189,3266,291,133,2485,1815,1162,3231,866,2629,3585,709,1298,2088,3070",55.96995162963867,,,,,0,19.645830154418945,20.319625854492188,26.579559326171875,27.140077590942383,"0.366,0.366,1.023,1.179,0.975,1.323,0.744,0.691",2972.179931640625,3931.10986328125,"186.1,186.1,3557,4995,3297,5258,3437,2863",27.032608032226562,32.88344955444336,"8.943,8.943,32.56,34.48,32.36,33.52,33.08,32.37","0.9415,0.9415,5.283,5.585,5.032,5.719,4.533,4.209","1.557,1.557,5.224,5.143,5.095,4.972,5.256,5.064"
28,v_proj,gptq,1024,4096,0,8.082389831542969e-05,3.4809112548828125e-05,10.55579890536319,0.010537599935162668,40.016929626464844,29.439748764038086,6.268453121185303,14.923746109008789,12.525339126586914,13.716821670532227,0.8017891049385071,10.526338577270508,0.1269572228193283,"2485,2629,1189,2088,291,3585,866,2265,3231,912,682,3070,2943,3837,3869,873",55.96995162963867,,,,,0,5.5794219970703125,5.41334342956543,7.245477676391602,7.663188934326172,"1.038,1.038,1.084,1.136,1.088,1.286,0.817,0.747",2972.179931640625,3931.10986328125,"186.1,186.1,3557,4995,3297,5258,3437,2863",27.032608032226562,32.88344955444336,"8.943,8.943,32.56,34.48,32.36,33.52,33.08,32.37","0.5258,0.5258,2.711,2.943,2.695,3.129,2.412,2.281","0.516,0.516,2.604,2.761,2.584,2.759,2.668,2.639"
28,o_proj,gptq,4096,4096,0,8.058547973632812e-05,2.962350845336914e-05,42.030714276074605,0.01469367075676455,119.21039581298828,77.25227355957031,0.5643649697303772,1.7901370525360107,0.7772493362426758,1.0789461135864258,0.6804084181785583,42.09717559814453,0.04927307739853859,"1154,1238,2046,1366,2878,3006,2622,3407,2384,1282,2750,4087,1494,1190,11,3959",45.88456344604492,,,,,0,0.4341679513454437,0.5948037505149841,0.31973984837532043,0.5018501281738281,"0.062,0.062,0.848,0.630,0.785,0.815,0.310,0.383",2145.998779296875,1956.3392333984375,"21.61,21.61,6674,868.1,6588,2397,233.3,364.1",4.7885422706604,5.040256977081299,"2.639,2.639,8.879,3.867,8.676,5.534,2.794,3.278","0.08968,0.08968,1.184,0.4201,1.122,0.7046,0.2152,0.2805","0.3604,0.3604,1.285,0.5292,1.266,0.7804,0.3865,0.4534"
28,gate_proj,gptq,14336,4096,0,7.355213165283203e-05,2.929142543247768e-05,99.87767121128945,0.007027229602317236,449.8375244140625,350.1336669921875,78.99822998046875,152.36965942382812,155.9988555908203,153.96435546875,0.4782065451145172,99.6827163696289,0.047389835119247437,"2613,761,2082,325,1805,2978,2219,3183,3608,1658,87,1168,667,424,568,2742",39.48094940185547,,,,,0,70.00604248046875,67.24559020996094,91.75996398925781,86.39495086669922,"0.311,0.311,1.169,1.167,1.133,1.204,1.028,0.961",3282.08154296875,4322.51171875,"200.8,200.8,3888,5593,3586,5880,3800,3108",27.15275001525879,31.765296936035156,"17.23,17.23,28.17,34.09,27.54,33.77,30.44,28.76","2.823,2.823,9.032,10.9,8.69,10.96,8.96,8.236","5.065,5.065,8.353,10.09,8.163,9.992,8.836,8.4"
28,up_proj,gptq,14336,4096,0,7.649830409458705e-05,2.6311193193708148e-05,62.38702509904533,0.006706186585406612,280.570556640625,218.32984924316406,49.341644287109375,96.16581726074219,97.51123046875,96.65552520751953,0.4782065451145172,62.22453308105469,0.04732336103916168,"2613,761,2082,325,1805,3183,2978,2219,1658,3608,87,568,2742,1168,424,667",39.48094940185547,,,,,0,43.139320373535156,42.35721206665039,57.386573791503906,55.363399505615234,"0.306,0.306,1.179,1.155,1.133,1.215,0.943,0.904",3282.08154296875,4322.51171875,"200.8,200.8,3888,5593,3586,5880,3800,3108",27.15275001525879,31.765296936035156,"17.23,17.23,28.17,34.09,27.54,33.77,30.44,28.76","2.24,2.24,7.135,8.473,6.837,8.72,6.975,6.399","4.048,4.048,6.572,7.884,6.424,7.911,7.183,6.729"
28,down_proj,gptq,4096,14336,0,2.5085040501185824e-05,8.055141993931361e-06,155.7840471247864,0.017035808114779182,428.94976806640625,273.5833435058594,2.8482699394226074,10.097183227539062,5.3336663246154785,6.4514875411987305,0.5864603519439697,155.11648559570312,0.10797099769115448,"5271,8131,12167,8364,12928,9589,447,11921,10898,14244,5952,11293,8911,1648,4101,2450",47.390663146972656,,,,,0,2.181849956512451,2.272768020629883,3.251467704772949,3.5163748264312744,"0.127,0.127,1.152,1.055,0.972,1.052,1.055,0.676",9264.107421875,13251.341796875,"149.5,149.5,8845,1.698e+04,7515,1.772e+04,1.3e+04,9751",9.205900192260742,12.521047592163086,"3.153,3.153,9.347,12.78,9.29,12.97,11.75,11.21","0.1921,0.1921,1.434,1.962,1.401,2.055,1.784,1.451","0.5389,0.5389,1.336,1.911,1.422,2.003,1.737,1.765"
29,q_proj,gptq,4096,4096,0,7.647275924682617e-05,3.0875205993652344e-05,59.486696514783034,0.01276607039321488,227.67074584960938,168.38479614257812,38.766456604003906,91.453125,79.62425231933594,87.48313903808594,0.8168136477470398,59.413055419921875,0.11788996309041977,"2932,1189,866,3070,1815,1162,133,291,3266,1039,912,2646,2943,2485,1298,2088",60.925228118896484,,,,,0,35.187049865722656,35.46172332763672,44.91384506225586,46.41515350341797,"0.644,0.644,1.078,1.077,1.053,1.269,0.778,0.706",3033.45263671875,3949.3837890625,"172.6,172.6,3883,5018,3665,5263,3332,2763",26.919485092163086,33.61623764038086,"7.045,7.045,32.97,35.46,32.77,34.69,33.22,32.17","1.128,1.128,6.979,7.601,6.793,7.674,6.063,5.538","1.405,1.405,6.722,7.324,6.621,6.812,6.872,6.592"
29,k_proj,gptq,1024,4096,0,8.082389831542969e-05,2.9325485229492188e-05,36.97771695270876,0.014653563658552816,141.4765625,104.53468322753906,24.086669921875,56.90599822998047,49.01885986328125,54.43748474121094,0.8168136477470398,36.94232940673828,0.11905054748058319,"2932,1189,866,291,133,1162,1815,1039,912,3266,3070,2485,2943,2088,3516,709",60.925228118896484,,,,,0,20.90424156188965,22.249492645263672,27.641704559326172,27.86416244506836,"0.588,0.588,1.053,1.057,1.000,1.277,0.709,0.621",3033.45263671875,3949.3837890625,"172.6,172.6,3883,5018,3665,5263,3332,2763",26.919485092163086,33.61623764038086,"7.045,7.045,32.97,35.46,32.77,34.69,33.22,32.17","0.8506,0.8506,5.29,5.75,5.151,6.04,4.8,4.322","1.109,1.109,5.155,5.592,5.151,5.345,5.701,5.485"
29,v_proj,gptq,1024,4096,0,7.534027099609375e-05,3.3855438232421875e-05,12.722667279361247,0.011830410015399513,49.588958740234375,36.815391540527344,8.39732551574707,19.20587158203125,16.758710861206055,18.26241683959961,0.8168136477470398,12.73475170135498,0.10108478367328644,"866,3070,912,1189,291,2646,2485,3266,1039,2330,2088,1815,2265,2943,3231,709",60.925228118896484,,,,,0,7.165436744689941,7.183228969573975,9.269579887390137,10.050363540649414,"0.971,0.971,1.140,1.038,1.067,1.135,0.868,0.724",3033.45263671875,3949.3837890625,"172.6,172.6,3883,5018,3665,5263,3332,2763",26.919485092163086,33.61623764038086,"7.045,7.045,32.97,35.46,32.77,34.69,33.22,32.17","0.5236,0.5236,3.261,3.257,3.111,3.353,2.815,2.587","0.5313,0.5313,3.053,3.196,3.011,3.147,3.023,3.042"
29,o_proj,gptq,4096,4096,0,8.195638656616211e-05,2.9325485229492188e-05,39.778625637009554,0.013128040324686398,114.53276824951172,74.76385498046875,0.42876654863357544,1.9363752603530884,0.9028677940368652,1.2845896482467651,0.7358596920967102,39.77730941772461,0.07228275388479233,"3987,2361,3568,1225,3312,3440,3603,1481,2105,3184,2489,3548,1097,3859,4015,3292",127.0431137084961,,,,,0,0.3875029683113098,0.5799834728240967,0.48078352212905884,0.6730413436889648,"0.033,0.033,0.884,0.443,0.917,0.614,0.286,0.837",3807.1474609375,3630.3125,"27,27,1.089e+04,1345,1.152e+04,2167,679.7,3806",5.420877933502197,5.936001777648926,"4.144,4.144,7.996,4.836,7.981,5.034,3.971,5.261","0.101,0.101,1.014,0.4351,1.037,0.5336,0.2871,0.6467","0.558,0.558,1.079,0.6539,1.083,0.6811,0.5373,0.7069"
29,gate_proj,gptq,14336,4096,0,7.130418504987444e-05,2.8218541826520648e-05,103.29451052769764,0.007299296917330574,462.3795471191406,359.3758544921875,82.82441711425781,166.21102905273438,168.17282104492188,170.54229736328125,0.47774001955986023,102.81071472167969,0.046445831656455994,"761,2613,325,2082,1805,2978,3183,2219,87,2742,3608,1168,1384,568,1800,667",41.12656021118164,,,,,0,74.92813110351562,76.56793212890625,96.65092468261719,94.48495483398438,"0.233,0.233,1.159,1.087,1.115,1.228,0.947,0.883",3361.31982421875,4306.3662109375,"202.2,202.2,4356,5540,4157,5807,3628,2999",28.651123046875,32.37726593017578,"19.81,19.81,30.48,34.72,30.15,34.21,30.84,29.19","2.901,2.901,9.76,11.1,9.414,11.29,9.024,8.152","6.009,6.009,9.067,10.65,8.914,10.19,9.275,8.677"
29,up_proj,gptq,14336,4096,0,7.447174617222377e-05,2.685614994594029e-05,66.45355031691997,0.00683168112859819,297.1275634765625,230.89495849609375,53.279083251953125,106.54541015625,108.3896713256836,108.63282012939453,0.47774001955986023,66.08406066894531,0.04626899212598801,"761,2613,325,2082,1805,3183,2978,2219,87,2742,3608,1168,1384,568,1800,540",41.12656021118164,,,,,0,48.227359771728516,48.686492919921875,62.10205078125,60.772308349609375,"0.234,0.234,1.164,1.116,1.138,1.234,0.954,0.883",3361.31982421875,4306.3662109375,"202.2,202.2,4356,5540,4157,5807,3628,2999",28.651123046875,32.37726593017578,"19.81,19.81,30.48,34.72,30.15,34.21,30.84,29.19","2.323,2.323,7.814,8.855,7.717,9.103,7.121,6.513","4.802,4.802,7.241,8.384,7.233,8.193,7.291,6.931"
29,down_proj,gptq,4096,14336,0,2.46082033429827e-05,7.952962602887834e-06,180.8106422812707,0.019248778999704556,485.4809875488281,306.02557373046875,4.231123924255371,30.446819305419922,8.589056968688965,15.849939346313477,0.5827578902244568,178.16033935546875,0.15199871361255646,"12657,12988,3746,7328,6227,9595,9228,5910,11270,9562,14025,7349,10666,13822,3490,417",210.00949096679688,,,,,0,3.800863742828369,5.8700995445251465,4.568105697631836,6.735889911651611,"0.040,0.040,1.032,1.160,0.879,0.731,0.698,0.291",9671.7568359375,12319.326171875,"193.3,193.3,1.253e+04,1.849e+04,1.051e+04,1.605e+04,1.153e+04,7871",12.87169361114502,14.708944320678711,"7.576,7.576,14.15,16.21,13.96,15.61,14.36,13.52","0.3531,0.3531,2.336,2.588,2.237,2.422,2.064,1.695","1.76,1.76,2.3,2.402,2.385,2.834,2.47,3.144"
30,q_proj,gptq,4096,4096,0,7.230043411254883e-05,3.1948089599609375e-05,66.18534976212686,0.01570890441374567,233.97531127929688,167.86441040039062,35.60082244873047,91.27501678466797,73.78663635253906,85.37448120117188,0.8319459557533264,66.12310791015625,0.14784416556358337,"2932,133,1189,1815,3266,2485,1162,3585,3231,3070,2629,2943,3516,709,866,912",61.93637466430664,,,,,0,32.852203369140625,35.12742614746094,39.4573860168457,44.32020568847656,"0.470,0.470,1.109,1.004,1.039,1.118,0.702,0.616",2964.553466796875,3758.556884765625,"185.6,185.6,4185,4791,4052,4800,3009,2509",27.26748275756836,32.48936462402344,"8.842,8.842,34.71,34.72,34.82,33.14,31.8,31.27","1.249,1.249,7.46,7.045,7.098,7.114,5.364,4.965","1.822,1.822,7.084,7.033,6.964,6.727,6.402,6.325"
30,k_proj,gptq,1024,4096,0,6.723403930664062e-05,3.8623809814453125e-05,54.204558168719814,0.028265102359123974,190.0432586669922,135.85986328125,28.992496490478516,77.09061431884766,60.61272048950195,70.3997802734375,0.8319459557533264,53.92259979248047,0.14847971498966217,"2932,1815,133,2485,1189,3266,1162,3585,2943,2629,709,3516,3231,912,866,3070",61.93637466430664,,,,,0,28.87363624572754,29.43510627746582,31.018558502197266,35.26823806762695,"0.405,0.405,1.259,1.050,1.114,1.134,0.697,0.657",2964.553466796875,3758.556884765625,"185.6,185.6,4185,4791,4052,4800,3009,2509",27.26748275756836,32.48936462402344,"8.842,8.842,34.71,34.72,34.82,33.14,31.8,31.27","1.112,1.112,6.957,6.765,6.71,6.475,4.989,4.743","1.748,1.748,6.2,6.601,6.357,6.081,5.976,5.853"
30,v_proj,gptq,1024,4096,0,7.510185241699219e-05,3.24249267578125e-05,19.870511633662773,0.013084315241929989,72.52787017822266,52.65903091430664,10.901956558227539,26.604951858520508,21.843666076660156,24.0815486907959,0.8319459557533264,19.801448822021484,0.1117100790143013,"3585,2629,2088,2485,3231,912,2330,2943,866,2764,2265,3070,2261,873,2040,3632",61.93637466430664,,,,,0,9.553292274475098,9.671427726745605,11.652315139770508,12.623568534851074,"0.742,0.742,1.221,1.149,1.104,1.190,0.686,0.595",2964.553466796875,3758.556884765625,"185.6,185.6,4185,4791,4052,4800,3009,2509",27.26748275756836,32.48936462402344,"8.842,8.842,34.71,34.72,34.82,33.14,31.8,31.27","0.6729,0.6729,3.932,4.004,3.721,3.734,3.022,2.666","0.7811,0.7811,3.559,3.736,3.542,3.423,3.65,3.456"
30,o_proj,gptq,4096,4096,0,7.778406143188477e-05,3.057718276977539e-05,48.65263604055781,0.014153351381124194,138.93435668945312,90.27506256103516,0.7941374778747559,3.515664577484131,2.770887613296509,3.436169147491455,0.6838616728782654,48.660118103027344,0.03191523626446724,"1263,3072,3328,1391,3456,3200,3225,218,3288,90,346,3282,3239,3325,3204,3238",64.0223159790039,,,,,0,1.3067333698272705,1.5655081272125244,1.3626376390457153,1.447472095489502,"0.049,0.049,0.787,0.913,0.766,0.659,1.002,1.247",6458.3857421875,6975.04296875,"33.19,33.19,1.661e+04,7032,9707,2397,3575,1.228e+04",7.560024261474609,7.782269477844238,"3.222,3.222,13.98,8.489,11.04,6.757,5.148,8.628","0.1049,0.1049,1.855,1.214,1.444,0.8296,0.7767,1.463","0.4746,0.4746,2.092,1.271,1.649,1.022,0.7758,1.31"
30,gate_proj,gptq,14336,4096,0,7.203647068568639e-05,2.7639525277273996e-05,114.18666800342976,0.007541749470265901,509.67462158203125,395.734619140625,90.88816833496094,192.8656005859375,194.52520751953125,212.50283813476562,0.38484781980514526,113.296875,0.0425681434571743,"2082,761,325,2613,2978,1384,1805,4062,3183,3608,2219,1168,4046,667,568,87",34.76139831542969,,,,,0,88.80104064941406,98.99961853027344,110.25757598876953,117.316650390625,"0.217,0.217,1.104,1.030,1.046,1.043,0.925,0.828",3616.56591796875,4502.017578125,"203.8,203.8,5333,5759,4971,5692,3628,3141",30.2247314453125,33.37188720703125,"22.61,22.61,33.29,35.74,32.95,34.84,30.49,29.28","3.456,3.456,11.32,11.76,10.99,11.72,9.388,8.589","7.421,7.421,10.78,11.58,10.75,11.48,9.761,9.44"
30,up_proj,gptq,14336,4096,0,7.690702165876116e-05,2.787794385637556e-05,73.52489072165145,0.007259183049414757,330.3314208984375,256.8913879394531,58.811256408691406,120.21240234375,126.42264556884766,128.30743408203125,0.38484781980514526,73.33844757080078,0.042387619614601135,"761,325,2082,2613,1384,1805,2978,4062,3183,3608,1168,2219,4046,87,568,667",34.76139831542969,,,,,0,58.37584686279297,59.0755615234375,71.43234252929688,70.42475891113281,"0.240,0.240,1.217,1.155,1.158,1.192,0.957,0.901",3616.56591796875,4502.017578125,"203.8,203.8,5333,5759,4971,5692,3628,3141",30.2247314453125,33.37188720703125,"22.61,22.61,33.29,35.74,32.95,34.84,30.49,29.28","2.819,2.819,9.111,9.661,8.884,9.462,7.548,7.024","5.748,5.748,8.258,8.99,8.255,8.666,7.715,7.398"
30,down_proj,gptq,4096,14336,0,2.6038714817592074e-05,8.940696716308594e-06,219.07185340708656,0.023202477227113785,571.64697265625,352.65032958984375,7.5250163078308105,55.93825149536133,17.725574493408203,38.164520263671875,0.8726863265037537,218.3892364501953,0.2496931105852127,"9247,10840,4497,7463,1130,12016,13607,1795,1529,1562,1969,10725,7675,13059,3903,9138",1230.625732421875,,,,,0,7.779528617858887,14.165103912353516,8.905549049377441,18.4796142578125,"0.020,0.020,0.916,0.598,0.626,0.595,0.449,0.409",10673.10546875,11881.435546875,"205.3,205.3,2.028e+04,1.81e+04,1.652e+04,1.587e+04,7905,6294",19.57196807861328,21.287626266479492,"14.95,14.95,22.21,22.53,22.04,23.5,17.83,18.57","0.3417,0.3417,3.831,3.606,3.421,3.427,2.34,2.322","2.419,2.419,4.004,4.664,4.323,4.444,3.493,3.632"
31,q_proj,gptq,4096,4096,0,7.11679458618164e-05,3.3974647521972656e-05,97.443761722614,0.019225726013043763,339.89093017578125,243.07186889648438,37.45707702636719,99.93681335449219,79.05541229248047,94.93611145019531,0.8007710576057434,97.11074829101562,0.10557732731103897,"133,2265,3266,1039,1189,3070,3231,291,2629,866,2932,1731,709,3788,1162,3869",26.143234252929688,,,,,0,35.466087341308594,39.50341796875,42.8305549621582,49.458126068115234,"0.290,0.290,1.088,0.971,0.960,1.057,0.741,0.658",3162.06103515625,3870.51611328125,"193.7,193.7,4748,4955,4518,4800,3114,2775",23.634262084960938,28.32582664489746,"8.744,8.744,29.56,29.64,29.8,28.66,27.23,26.69","1.232,1.232,7.506,7.361,7.17,7.224,6.049,5.476","2.289,2.289,7.195,7.472,7.319,7.028,7.029,6.751"
31,k_proj,gptq,1024,4096,0,7.128715515136719e-05,2.8133392333984375e-05,53.89681127859512,0.022976906766440017,186.83729553222656,133.4766387939453,20.669429779052734,54.220794677734375,43.49308776855469,50.6295166015625,0.8007710576057434,53.580039978027344,0.10507847368717194,"133,2265,1189,1039,3266,3231,3070,291,2932,866,709,2629,1731,2485,3869,630",26.143234252929688,,,,,0,19.481433868408203,21.014381408691406,23.690643310546875,27.23191261291504,"0.276,0.276,1.011,1.050,1.023,1.033,0.809,0.699",3162.06103515625,3870.51611328125,"193.7,193.7,4748,4955,4518,4800,3114,2775",23.634262084960938,28.32582664489746,"8.744,8.744,29.56,29.64,29.8,28.66,27.23,26.69","0.8879,0.8879,5.422,5.605,5.345,5.459,4.306,4.067","1.691,1.691,5.393,5.47,5.285,5.372,4.788,4.866"
31,v_proj,gptq,1024,4096,0,6.604194641113281e-05,2.7894973754882812e-05,18.161840873714027,0.015339123781196234,64.26509094238281,46.08966064453125,7.043993949890137,18.251506805419922,15.198862075805664,17.230899810791016,0.8007710576057434,18.195566177368164,0.0972631424665451,"2265,3231,3070,1039,1189,866,2629,1731,3266,291,133,3869,2040,3788,709,630",26.143234252929688,,,,,0,6.9243340492248535,7.09246826171875,8.158364295959473,8.970335960388184,"0.397,0.397,1.173,1.171,1.018,1.009,0.776,0.718",3162.06103515625,3870.51611328125,"193.7,193.7,4748,4955,4518,4800,3114,2775",23.634262084960938,28.32582664489746,"8.744,8.744,29.56,29.64,29.8,28.66,27.23,26.69","0.5529,0.5529,3.316,3.425,3.214,3.128,2.521,2.364","0.8775,0.8775,3.061,3.165,3.185,3.115,2.862,2.789"
31,o_proj,gptq,4096,4096,0,7.981061935424805e-05,2.968311309814453e-05,50.308813186362386,0.01515951979256393,168.90264892578125,118.5979995727539,2.189929723739624,17.86835289001465,3.614988088607788,9.620073318481445,0.8958106637001038,50.1553955078125,0.06770570576190948,"1860,1916,1913,1794,1844,1825,1835,1897,1882,1806,1793,1843,1849,1914,1901,1864",164.57565307617188,,,,,0,1.2920182943344116,3.9542183876037598,1.1313705444335938,3.5545620918273926,"0.101,0.101,0.470,0.363,0.528,0.406,0.230,0.194",1189.1689453125,1261.163330078125,"129.5,129.5,2386,1592,2824,1288,503.8,660.4",11.493364334106445,11.052099227905273,"9.705,9.705,13.21,11.82,13.7,11.22,10.67,11.93","0.5323,0.5323,1.515,1.227,1.667,1.229,0.8972,0.9363","1.673,1.673,2.21,2.036,2.294,1.929,1.873,2.125"
31,gate_proj,gptq,14336,4096,0,7.850783211844308e-05,3.2322747366768976e-05,178.6497550359918,0.009151126392065648,719.6971435546875,541.374755859375,84.3155517578125,195.16802978515625,187.8299560546875,218.9216766357422,0.5835835933685303,177.79641723632812,0.03340126946568489,"4062,4039,2664,2111,1384,2712,788,1805,192,1658,2082,3183,653,3596,1143,761",12.495527267456055,,,,,0,88.7787857055664,106.45266723632812,103.99764251708984,116.65209197998047,"0.170,0.170,1.056,1.043,0.985,0.976,0.891,0.831",3802.8955078125,4483.6865234375,"204.9,204.9,5902,6064,5496,5679,3683,3188",27.252403259277344,28.592424392700195,"22.9,22.9,29.86,31.15,29.8,30.11,26.23,25.06","3.554,3.554,11.53,11.88,11.13,11.33,9.233,8.567","8.632,8.632,11.22,11.63,11.22,11.47,9.783,9.398"
31,up_proj,gptq,14336,4096,0,7.682187216622489e-05,3.245898655482701e-05,130.64748682489312,0.00986966963829789,527.6708374023438,397.1507568359375,61.78697967529297,135.8112030029297,137.900146484375,152.46482849121094,0.5835835933685303,130.38687133789062,0.03411565348505974,"4039,4062,2664,2111,1384,2712,788,192,1805,2082,1658,653,3183,1143,3596,2440",12.495527267456055,,,,,0,65.37069702148438,75.47850036621094,75.977783203125,82.40298461914062,"0.187,0.187,1.107,1.057,1.052,1.062,0.914,0.823",3802.8955078125,4483.6865234375,"204.9,204.9,5902,6064,5496,5679,3683,3188",27.252403259277344,28.592424392700195,"22.9,22.9,29.86,31.15,29.8,30.11,26.23,25.06","3.193,3.193,9.894,10.14,9.585,9.762,7.892,7.234","7.389,7.389,9.403,9.865,9.347,9.472,8.257,7.976"
31,down_proj,gptq,4096,14336,0,2.3450170244489398e-05,9.025846208844865e-06,241.84769808685678,0.02449983190483374,648.102783203125,407.15576171875,24.515079498291016,330.7687683105469,62.52791976928711,436.7767333984375,0.33832576870918274,237.48052978515625,0.3169053792953491,"13336,2398,8118,12004,3387,1050,8350,311,13933,5772,10956,11488,13076,4512,2344,1186",699.385986328125,,,,,0,31.090625762939453,702.539794921875,26.189884185791016,120.79637908935547,"0.000,0.000,0.635,0.371,0.465,0.298,0.241,0.231",8322.6259765625,6311.7373046875,"209.8,209.8,1.898e+04,1.083e+04,1.691e+04,1.171e+04,4079,3645",107.8876724243164,47.287109375,"291.9,291.9,50.1,38.55,49.76,55.27,40.37,45.2","0.6854,0.6854,8.637,5.751,7.88,6.723,4.032,4.07","49.95,49.95,10.84,9.442,11.55,12.31,8.219,8.474"
