layer,proj,quantizer,rows,cols,n_dead_cols,clip_frac,clip_frac_rtn,comp_disp,comp_disp_rel,wdisp_gptq,wdisp_rtn,obj_gptq,obj_rtn,obj_gptq_alt,obj_rtn_alt,hdiag_alt_corr,send_total,send_top1pct,send_top16_cols,hdiag_max_over_mean,cond_damped,awq_alpha,obj_awq,obj_awq_alt,protected,obj_gptq_tpl,obj_rtn_tpl,obj_gptq_ord,obj_rtn_ord,tplpos_ratio,lev_tpl,lev_ord,levpos,xnorm_tpl,xnorm_ord,xnormpos,tplpos_err_gptq,tplpos_err_rtn,p4_toprow_gptq,p4_toprow_share_gptq,p4_toprow_rtn,p4_toprow_share_rtn,p4_topcols,p4_topcols_share_gptq,p4_topcols_zero_gptq,p4_topcols_zero_rtn,p4_topcols_wnorm,p4_topcols_x,p4_toprow_w,p4_toprow_qg,p4_toprow_qr,p4_toprow_maxw,p4_toprow_maxqg,p4_toprow_nclip,p4_toprow_err_g,p4_toprow_err_r
0,q_proj,gptq,4096,4096,0,0.0020894408226013184,0.0014861226081848145,55.78563717877114,0.04469303531274969,124.23857879638672,79.20263671875,3.0746989250183105,40.746612548828125,7.773200035095215,38.02335739135742,0.7400079965591431,55.75570297241211,0.2592235803604126,"830,1030,2100,4068,1680,1,856,1675,3041,398,532,1258,3617,2821,91,3406",246.95965576171875,,,,,0,6.068011283874512,19.397457122802734,1.6869953870773315,21.274173736572266,"0.619,0.619,0.629,0.496,0.046,0.142,0.126,0.072",1542.0457763671875,1499.8448486328125,"211.4,211.4,465.2,4612,1029,2278,2093,1437",20.528465270996094,20.283004760742188,"29.18,29.18,5.466,18.49,21.11,20.18,19.85,20.77","4.107,4.107,0.9522,2.442,1.112,1.618,1.565,1.277","5.22,5.22,1.201,3.469,5.159,4.292,4.408,4.769",1125,0.015682894736528397,1382,0.036266859620809555,"1675,1680,2100,398,3041,830,679,856",2.1242177486419678,0.2000732421875,0.1634521484375,"1.48,1.09,1.36,1.18,1.31,1.37,1.18,1.22","6.92,4.91,4.89,4.86,4.63,4.57,3.36,2.74","-0.273,0.188,-0.213,0.2,-0.26,-0.153,0.189,0.204","-0.312,0.156,-0.234,0.156,-0.312,-0.156,0.156,0.156","-0.312,0.156,-0.182,0.172,-0.297,-0.175,0.162,0.175",0.2734375,0.3125,3,0.1393047720193863,0.27309104800224304
0,k_proj,gptq,1024,4096,0,0.002111673355102539,0.0014650821685791016,33.23806209009854,0.05198697083648319,70.04806518554688,40.27616500854492,1.7714561223983765,15.881841659545898,5.970880508422852,18.06911849975586,0.7400079965591431,33.38654327392578,0.2952333390712738,"830,1030,4068,1680,1258,2100,1,856,3617,532,3041,398,91,2821,1675,3406",246.95965576171875,,,,,0,5.004464149475098,10.72344970703125,0.9633381962776184,8.302427291870117,"0.676,0.676,0.813,0.662,0.072,0.204,0.190,0.105",1542.0457763671875,1499.8448486328125,"211.4,211.4,465.2,4612,1029,2278,2093,1437",20.528465270996094,20.283004760742188,"29.18,29.18,5.466,18.49,21.11,20.18,19.85,20.77","3.965,3.965,0.7118,1.879,0.8183,1.229,1.193,0.9782","4.821,4.821,0.7897,2.309,3.056,2.724,2.741,3.012",180,0.00910123810172081,294,0.03717860206961632,"1675,1680,2100,398,3041,830,679,856",2.202080249786377,0.271728515625,0.1893310546875,"0.842,0.642,0.685,0.76,0.77,1.16,0.586,0.719","6.92,4.91,4.89,4.86,4.63,4.57,3.36,2.74","0.00409,-0.00836,-0.00558,0.0062,0.00607,0.0496,0.00598,0.011","0,0,0,0,0,0.0474,0,0","0,-0.0128,0,0,0,0.0462,0,0.0154",0.0830078125,0.08003157377243042,1,0.07806351780891418,0.06236143037676811
0,v_proj,gptq,1024,4096,0,0.002096891403198242,0.0014863014221191406,0.7947667974255523,0.026970162726384625,2.5203871726989746,1.773702621459961,0.05871950089931488,0.2507094740867615,0.0680161565542221,0.20443543791770935,0.7400079965591431,0.7932895421981812,0.062475234270095825,"830,1030,4068,1,1680,2100,532,856,3617,91,398,3041,3406,2821,224,10",246.95965576171875,,,,,0,0.037291817367076874,0.09382888674736023,0.030948646366596222,0.12058066576719284,"0.402,0.402,0.965,0.718,0.195,0.375,0.346,0.256",1542.0457763671875,1499.8448486328125,"211.4,211.4,465.2,4612,1029,2278,2093,1437",20.528465270996094,20.283004760742188,"29.18,29.18,5.466,18.49,21.11,20.18,19.85,20.77","0.1569,0.1569,0.09994,0.3091,0.1494,0.2175,0.2094,0.1736","0.2474,0.2474,0.1018,0.3647,0.3379,0.3552,0.3562,0.3429",587,0.011225110851228237,928,0.00744582200422883,"1675,1680,2100,398,3041,830,679,856",0.44439831376075745,0.7841796875,0.912353515625,"0.0159,0.0239,0.0184,0.0227,0.019,0.0206,0.0289,0.0238","6.92,4.91,4.89,4.86,4.63,4.57,3.36,2.74","-0.000469,-0.00034,-0.00024,-0.000744,-0.000462,3.89e-05,0.000343,-0.000401","0,0,0,0,0,0,0,0","0,0,0,0,0,0,0,0",0.0146484375,0.017604267224669456,1,0.01582818478345871,0.0074717202223837376
0,o_proj,gptq,4096,4096,0,0.0020792484283447266,0.0014785528182983398,5.452887716830219,0.03627392190988264,15.516572952270508,9.728771209716797,0.0008359738858416677,0.010982570238411427,0.0009339720127172768,0.009387467056512833,0.9907087087631226,5.366615295410156,0.1831936091184616,"1670,1381,2384,1343,1301,1125,1333,1374,1317,1283,2512,1129,1334,2128,1385,1364",463.0960998535156,,,,,0,0.00039007727173157036,0.004276810679584742,0.0005254189600236714,0.004979096818715334,"0.016,0.016,0.016,0.048,0.145,0.092,0.179,0.132",861.4178466796875,1278.7015380859375,"140,140,157.2,687.5,1846,965.6,1627,1328",0.9653753638267517,0.988646924495697,"0.9339,0.9339,0.8817,0.8934,1.056,0.9697,1.046,1.009","0.007474,0.007474,0.00761,0.01319,0.02774,0.02045,0.03054,0.02562","0.05938,0.05938,0.0596,0.05996,0.07282,0.06725,0.07222,0.07053",0,0.0635596215724945,0,0.4437730312347412,"1798,1670,1926,1542,1192,1448,4002,3874",1.7444770336151123,0.640380859375,0.641815185546875,"0.233,0.234,0.233,0.231,0.225,0.197,0.264,0.203","0.348,0.348,0.347,0.346,0.104,0.0942,0.0939,0.0789","0.229,0.229,0.228,0.227,0.0718,-0.0403,-0.23,0.126","0.198,0.198,0.198,0.198,0.0719,-0.0658,-0.263,0.0719","0.196,0.196,0.195,0.194,0.0865,-0.0312,-0.263,0.102",0.23046875,0.2633928656578064,1,0.00699312798678875,0.04850942641496658
0,gate_proj,gptq,12288,4096,0,0.002076884110768636,0.0014211734135945637,25.2273243177915,0.023362153519466758,87.164794921875,60.804351806640625,6.506111145019531,16.769285202026367,10.443044662475586,22.72641372680664,0.5246203541755676,25.191802978515625,0.07229690253734589,"830,0,1680,1258,4068,13,1030,36,2100,856,398,2821,1675,1614,49,6",727.4097290039062,,,,,0,6.028745651245117,13.91419506072998,3.9831998348236084,8.842427253723145,"0.026,0.026,2.637,0.972,0.447,0.602,0.585,0.449",2547.3486328125,2112.390869140625,"213,213,1332,7492,2153,3462,3337,2176",28.756425857543945,23.494752883911133,"41.6,41.6,17.37,30.17,23.69,25.82,25.95,23.86","0.8327,0.8327,3.555,3.684,2.009,2.522,2.483,2.017","5.165,5.165,2.189,3.737,3.006,3.25,3.247,3.009",3817,0.0029413634911179543,3817,0.006032353267073631,"0,1680,830,1675,1246,2100,1614,79",0.5561318397521973,0.387451171875,0.38238525390625,"0.426,0.541,0.467,0.561,0.513,0.555,0.503,0.501","9.52,2.33,1.94,1.84,1.73,1.6,1.51,1.43","-0.162,-0.0147,0.0649,0.00629,0.00885,0.0125,-0.00198,0.0952","-0.139,0,0.0463,0,0,0,0,0.0926","-0.139,-0.0183,0.0557,0,0.0146,0.0115,0,0.0926",0.162109375,0.17649401724338531,1,0.10894216597080231,0.2334441989660263
0,up_proj,gptq,12288,4096,0,0.0020653605461120605,0.0014109611511230469,21.726226388018404,0.022586332226483916,76.9453353881836,54.370689392089844,5.848109722137451,13.774284362792969,8.887809753417969,19.012399673461914,0.5246203541755676,21.725685119628906,0.057882677763700485,"830,0,1680,1258,4068,13,1030,2100,36,856,398,2821,1675,49,1614,1246",727.4097290039062,,,,,0,5.062729835510254,11.758844375610352,3.5409302711486816,7.294784069061279,"0.024,0.024,2.448,0.996,0.471,0.640,0.618,0.483",2547.3486328125,2112.390869140625,"213,213,1332,7492,2153,3462,3337,2176",28.756425857543945,23.494752883911133,"41.6,41.6,17.37,30.17,23.69,25.82,25.95,23.86","0.7319,0.7319,3.015,3.461,1.884,2.382,2.347,1.907","4.77,4.77,1.927,3.468,2.746,2.978,2.985,2.743",0,0.00048395898193120956,4,0.0037129796110093594,"0,1680,830,1675,1246,2100,1614,79",0.4179484248161316,0.4275004267692566,0.4434916377067566,"0.273,0.438,0.368,0.475,0.457,0.465,0.455,0.375","9.52,2.33,1.94,1.84,1.73,1.6,1.51,1.43","-0.0405,0.0234,0.0117,-0.0134,-0.00818,0.00458,-0.0234,0.0125","-0.036,0.024,0.012,-0.012,-0.012,0,-0.024,0.012","-0.046,0.0272,0.0142,-0.00907,-0.006,0.00795,-0.0258,0.0153",0.0537109375,0.04504748061299324,1,0.04144999384880066,0.06917577981948853
0,down_proj,gptq,4096,12288,0,0.0019544760386149087,0.0014074842135111492,51.798685526535735,0.051671836592235426,84.26029968261719,58.462867736816406,0.08776585757732391,3.207685947418213,1.2224812507629395,57.60006332397461,0.9999304413795471,14.517816543579102,0.9787777066230774,"40,3228,123,0,786,8429,6,3,214,4520,604,7153,1654,4,397,8",12096.5419921875,,,,,0,0.06897581368684769,3.537623405456543,0.6649079322814941,32.32209014892578,"0.012,0.012,0.777,1.189,1.299,1.267,1.148,1.054",737.8409423828125,530.593994140625,"216.8,216.8,1225,1477,617.6,842.3,778.1,529",11.425797462463379,23.518877029418945,"38.78,38.78,3.122,2.973,1.91,2.125,1.999,1.726","0.4185,0.4185,0.2371,0.224,0.1578,0.1708,0.1552,0.1301","3.749,3.749,0.2691,0.2054,0.1385,0.1518,0.1448,0.1267",2,0.3467431962490082,0,0.031245093792676926,"260,4,3817,12,34,732,404,21",0.5458877682685852,0.50189208984375,0.521392822265625,"0.266,0.328,0.321,0.245,0.282,0.275,0.285,0.285","0.374,0.346,0.253,0.215,0.196,0.189,0.183,0.176","-0.00204,0.115,0.147,-0.0249,-0.0439,-0.0199,0.00412,0.042","0.0837,0.0837,-0.0837,-0.335,0,-0.0537,0,0","0,0.0837,0.126,0,-0.0837,-0.018,0,0.0837",0.29296875,1.6666021347045898,2,0.09294350445270538,0.009866493754088879
1,q_proj,gptq,4096,4096,0,0.0020848512649536133,0.0014737844467163086,19.30527054596314,0.02897442322085406,58.023441314697266,37.89948272705078,17.756431579589844,98.93873596191406,19.23668670654297,84.30120086669922,0.887447714805603,19.243877410888672,0.08789321780204773,"0,2,29,13,6,79,22,34,112,39,19,4,49,36,25,10",314.1790466308594,,,,,0,9.087254524230957,40.56480407714844,10.050951957702637,45.87433624267578,"0.105,0.105,0.186,0.317,0.208,0.268,0.298,0.214",1438.4383544921875,1669.3941650390625,"166.7,166.7,781.9,2562,1592,2097,2427,1715",56.690460205078125,61.8919677734375,"44.06,44.06,49.31,63.78,62.17,62.91,64.2,63.03","1.792,1.792,2.475,3.828,3.075,3.5,3.721,3.154","5.525,5.525,5.744,6.803,6.736,6.765,6.818,6.826",2251,0.0016777090495452285,161,0.01971042901277542,"0,6,29,8,4,10,79,25",0.7048008441925049,0.492034912109375,0.514739990234375,"0.447,0.288,0.355,0.316,0.353,0.403,0.428,0.397","21.4,11.4,11.1,10.6,8.93,7.15,6.76,5.45","0.00775,-0.00317,0.00345,-0.00187,-0.00294,-0.00348,-0.00922,0.00781","0.0114,0,0,0,0,0,-0.0114,0.0114","0.0114,0,0,0,0,0,-0.0114,0.0114",0.039794921875,0.0341099351644516,1,0.12596650421619415,0.08431433886289597
1,k_proj,gptq,1024,4096,0,0.0021076202392578125,0.0014865398406982422,8.823169268701122,0.02836893844391852,26.74658966064453,17.494503021240234,8.127506256103516,35.87847900390625,8.497291564941406,31.0972900390625,0.887447714805603,8.800277709960938,0.06466994434595108,"0,2,29,13,6,79,39,34,19,22,112,49,36,25,4,96",314.1790466308594,,,,,0,4.044351577758789,14.945510864257812,4.509811878204346,17.03594398498535,"0.105,0.105,0.215,0.384,0.250,0.318,0.359,0.265",1438.4383544921875,1669.3941650390625,"166.7,166.7,781.9,2562,1592,2097,2427,1715",56.690460205078125,61.8919677734375,"44.06,44.06,49.31,63.78,62.17,62.91,64.2,63.03","1.026,1.026,1.571,2.63,2.073,2.356,2.531,2.145","3.174,3.174,3.387,4.247,4.149,4.181,4.223,4.168",687,0.0062031010165810585,101,0.008679443039000034,"0,6,29,8,4,10,79,25",0.47606128454208374,0.4461669921875,0.4583740234375,"0.367,0.232,0.2,0.192,0.227,0.23,0.278,0.267","21.4,11.4,11.1,10.6,8.93,7.15,6.76,5.45","-0.00534,-0.000881,0.00476,0.00278,-0.004,-0.000992,0.00101,0.00473","-0.00778,0,0.00778,0,-0.00778,0,0,0","-0.0061,0,0.0061,0,-0.0061,0,0,0.0061",0.0478515625,0.05451808497309685,1,0.16328008472919464,0.12756122648715973
1,v_proj,gptq,1024,4096,0,0.0021047592163085938,0.001508474349975586,0.7807489375983394,0.02630748084931796,2.5032482147216797,1.6870588064193726,0.7799509763717651,2.828596591949463,0.7617061138153076,2.0823187828063965,0.887447714805603,0.7798608541488647,0.04189154878258705,"29,13,34,79,6,112,19,39,22,25,49,0,4,73,36,280",314.1790466308594,,,,,0,0.35756003856658936,0.9262990951538086,0.41809117794036865,1.2808903455734253,"0.259,0.259,0.473,0.459,0.315,0.397,0.427,0.325",1438.4383544921875,1669.3941650390625,"166.7,166.7,781.9,2562,1592,2097,2427,1715",56.690460205078125,61.8919677734375,"44.06,44.06,49.31,63.78,62.17,62.91,64.2,63.03","0.1884,0.1884,0.4242,0.7967,0.6337,0.7258,0.7823,0.6591","0.37,0.37,0.617,1.176,1.129,1.151,1.197,1.157",783,0.004410572350025177,66,0.007399178110063076,"0,6,29,8,4,10,79,25",0.3212900161743164,0.7088623046875,0.7398681640625,"0.00842,0.0266,0.0353,0.023,0.0272,0.0363,0.0566,0.0407","21.4,11.4,11.1,10.6,8.93,7.15,6.76,5.45","-0.000113,0.000479,-0.00042,0.000303,-0.00117,0.000353,-0.00115,-0.000256","0,0,0,0,-0.00187,0,-0.00187,0","0,0,0,0,-0.00187,0,-0.00187,0",0.01116943359375,0.01126409973949194,1,0.042086340487003326,0.056124646216630936
1,o_proj,gptq,4096,4096,0,0.0021198391914367676,0.0014652013778686523,8.00729132493845,0.03822898835208759,21.422456741333008,12.379268646240234,0.005346603691577911,0.014758730307221413,0.0058068204671144485,0.011199290864169598,0.8725225925445557,8.005302429199219,0.10080582648515701,"858,730,1506,1721,986,64,1977,1122,1593,192,602,2884,2100,1424,1378,2144",76.3396224975586,,,,,0,0.0032125511206686497,0.005878894589841366,0.002936828415840864,0.0058461204171180725,"0.027,0.027,0.517,0.519,0.700,0.630,0.605,0.565",1661.2666015625,1815.8359375,"58.98,58.98,1363,1291,3127,2494,2413,2484",1.2929091453552246,1.3184497356414795,"0.917,0.917,0.942,1.037,1.814,1.644,1.531,1.542","0.008599,0.008599,0.03827,0.04214,0.08706,0.07462,0.06874,0.06663","0.05221,0.05221,0.0532,0.05847,0.104,0.094,0.08837,0.08865",0,0.07767979055643082,0,0.0075521464459598064,"203,320,75,459,1122,448,1506,64",0.12400338053703308,0.452606201171875,0.473907470703125,"0.243,0.246,0.22,0.213,0.275,0.198,0.209,0.258","0.211,0.211,0.206,0.184,0.177,0.176,0.17,0.155","-0.143,0.106,-0.113,-0.134,0.0201,0.112,-0.043,0.144","-0.115,0.115,-0.115,-0.172,0,0.115,-0.0575,0.172","-0.163,0.0954,-0.123,-0.115,0.0197,0.115,-0.0491,0.123",0.201171875,0.20329633355140686,1,0.024265863001346588,0.009042217396199703
1,gate_proj,gptq,12288,4096,0,0.0020568172136942544,0.0014240344365437825,24.144728350151127,0.021703205193360407,87.93142700195312,62.62908935546875,15.213253021240234,29.172321319580078,17.430313110351562,27.40567398071289,0.48411089181900024,24.125991821289062,0.035706259310245514,"2,1,13,0,227,25,26,79,82,40,7,52,61,830,49,34",44.36007308959961,,,,,0,8.58181381225586,13.616777420043945,9.092424392700195,14.509739875793457,"0.331,0.331,0.671,0.746,0.620,0.674,0.717,0.633",1953.7467041015625,2133.443359375,"189.1,189.1,1038,3376,2481,2842,3127,2388",29.082988739013672,30.22393798828125,"22.38,22.38,21.83,34.64,32.7,33.49,33.83,31.4","1.598,1.598,2.231,3.71,3.212,3.427,3.58,3.151","2.78,2.78,2.724,4.297,4.077,4.173,4.228,3.96",18,0.0020756847225129604,18,0.0048069339245557785,"2,0,79,19,29,61,73,10",0.06289892643690109,0.334381103515625,0.3294169306755066,"0.364,0.447,0.495,0.458,0.53,0.501,0.482,0.491","4.25,3.07,2.66,1.99,1.74,1.68,1.52,1.44","-0.00095,-0.0413,0.0586,0.0908,-0.15,-0.0461,-0.00134,-0.0952","0,-0.043,0.043,0.0859,-0.129,-0.043,0,-0.0859","0,-0.043,0.043,0.0859,-0.129,-0.043,0,-0.0859",0.150390625,0.1289062649011612,3,0.14631527662277222,0.2826801836490631
1,up_proj,gptq,12288,4096,0,0.002065757910410563,0.0014067292213439941,20.4056422492431,0.02151163214510174,74.78297424316406,53.48119354248047,13.013190269470215,24.62076759338379,14.716466903686523,22.801239013671875,0.48411089181900024,20.40158462524414,0.031405750662088394,"2,1,13,0,227,25,26,79,82,830,40,61,34,112,7,52",44.36007308959961,,,,,0,7.220901966094971,11.304484367370605,7.724377632141113,12.148872375488281,"0.320,0.320,0.679,0.749,0.624,0.688,0.726,0.640",1953.7467041015625,2133.443359375,"189.1,189.1,1038,3376,2481,2842,3127,2388",29.082988739013672,30.22393798828125,"22.38,22.38,21.83,34.64,32.7,33.49,33.83,31.4","1.382,1.382,2.011,3.423,2.963,3.169,3.304,2.907","2.443,2.443,2.441,3.955,3.75,3.821,3.878,3.634",18,0.0009875429095700383,18,0.0007634943467564881,"2,0,79,19,29,61,73,10",0.05562446266412735,0.4930827021598816,0.5077006220817566,"0.308,0.237,0.343,0.342,0.244,0.398,0.399,0.328","4.25,3.07,2.66,1.99,1.74,1.68,1.52,1.44","0.0723,0.0496,0.0097,-0.0131,0.0156,-0.0113,0.00824,0.0058","0.0589,0.0589,0,0,0,0,0,0","0.0631,0.0631,0,0,0,0,0,0",0.1103515625,0.12207157909870148,1,0.09310358762741089,0.10362112522125244
1,down_proj,gptq,4096,12288,0,0.002013405164082845,0.0014116366704305012,41.57880493224434,0.042678628820727905,99.23351287841797,55.68119812011719,0.017507627606391907,0.03944803774356842,0.041266635060310364,0.1056031584739685,0.8824892044067383,41.579345703125,0.06725618243217468,"23,3118,26,2589,4751,1584,3692,7,705,97,1938,5,5226,8,1019,1899",247.08566284179688,,,,,0,0.024270597845315933,0.08902335911989212,0.015354669652879238,0.016762880608439445,"0.002,0.002,1.875,1.036,0.770,0.906,1.038,0.929",9355.94140625,8463.5908203125,"216.1,216.1,1.547e+04,1.047e+04,1.066e+04,1.15e+04,1.516e+04,1.114e+04",3.532752752304077,1.8454629182815552,"7.274,7.274,2.776,1.976,2.328,2.206,2.322,2.107","0.02497,0.02497,0.2939,0.1375,0.1415,0.1445,0.1629,0.1421","0.5251,0.5251,0.2147,0.1351,0.1612,0.1518,0.1598,0.1474",0,0.011578147299587727,0,0.038535524159669876,"1781,636,4999,180,1655,945,2020,10",0.3059856593608856,0.336029052734375,0.33355712890625,"0.271,0.285,0.288,0.257,0.275,0.278,0.267,0.25","0.373,0.301,0.253,0.221,0.212,0.211,0.2,0.195","0.00528,-0.0287,-0.00337,0.0299,-0.008,-0.012,0.00571,-0.0283","0,-0.0236,0,0,-0.0147,-0.027,0,0","0.00956,-0.0247,0,0.0525,-0.0155,-0.0135,0,0",0.2255859375,0.193359375,6,0.01522652804851532,0.0316530242562294
2,q_proj,gptq,4096,4096,0,0.0020542144775390625,0.0014820098876953125,16.2165227404912,0.0246521343316305,54.595619201660156,37.5322380065918,20.389942169189453,132.68563842773438,28.31100845336914,117.7742919921875,0.9472331404685974,16.149124145507812,0.14958269894123077,"0,29,2,13,34,19,22,8,6,79,36,49,73,25,4,31",491.42816162109375,,,,,0,13.625968933105469,53.945838928222656,12.700148582458496,63.52379608154297,"0.173,0.173,0.423,0.251,0.230,0.249,0.270,0.211",1660.8018798828125,1748.6365966796875,"198.4,198.4,1876,2250,2048,2272,2469,1975",62.006927490234375,66.91582489013672,"48.22,48.22,59.7,67.42,68.14,67.9,68.2,68.26","2.433,2.433,4.663,3.939,3.793,3.938,4.083,3.652","5.853,5.853,7.166,7.863,7.91,7.89,7.863,7.95",3912,0.001839984324760735,3966,0.006592479068785906,"0,8,29,6,79,4,19,22",0.7250334024429321,0.481842041015625,0.504730224609375,"0.405,0.393,0.454,0.343,0.491,0.371,0.408,0.454","23,21.2,17.6,13,10.4,9.82,8.09,5.01","-0.000755,-0.00519,-0.0146,-0.00308,-0.00543,0.00735,0.00238,0.0127","0,-0.00907,-0.00907,0,-0.00907,0.00907,0,0.00907","0,-0.00907,-0.0181,0,-0.00907,0.00907,0,0.00907",0.041259765625,0.03486953303217888,1,0.16269852221012115,0.1025119349360466
2,k_proj,gptq,1024,4096,0,0.0020368099212646484,0.00142669677734375,6.863528282556217,0.024896033528867375,22.78241729736328,15.580743789672852,8.448005676269531,53.63603210449219,10.890059471130371,47.91645431518555,0.9472331404685974,6.833865165710449,0.13988181948661804,"0,29,13,34,8,19,6,22,79,36,49,73,2,25,4,39",491.42816162109375,,,,,0,5.333451747894287,22.865591049194336,5.0925726890563965,25.458179473876953,"0.109,0.109,0.371,0.250,0.229,0.253,0.275,0.215",1660.8018798828125,1748.6365966796875,"198.4,198.4,1876,2250,2048,2272,2469,1975",62.006927490234375,66.91582489013672,"48.22,48.22,59.7,67.42,68.14,67.9,68.2,68.26","1.377,1.377,2.824,2.514,2.419,2.52,2.624,2.344","4.176,4.176,4.637,5.032,5.053,5.014,5.002,5.054",957,0.0065222312696278095,1017,0.01687682420015335,"0,8,29,6,79,4,19,22",0.705495297908783,0.39013671875,0.402099609375,"0.421,0.29,0.315,0.323,0.348,0.297,0.356,0.329","23,21.2,17.6,13,10.4,9.82,8.09,5.01","0.00415,0.00129,0.00134,0.00983,-0.00146,0.0116,-0.0131,0.000877","0,0,0,0,0,0.0138,-0.0138,0","0,0,0,0.0117,0,0.0117,-0.0117,0",0.0517578125,0.05584213510155678,1,0.19532188773155212,0.376679003238678
2,v_proj,gptq,1024,4096,0,0.00202178955078125,0.0014944076538085938,0.9314267356894561,0.019270880235367403,3.7106246948242188,2.7451765537261963,1.4030933380126953,4.0449323654174805,1.550184965133667,3.146012306213379,0.9472331404685974,0.9293169975280762,0.05664188042283058,"29,13,34,19,22,79,36,49,25,73,6,39,17,4,31,26",491.42816162109375,,,,,0,0.7493075728416443,1.4337918758392334,0.7876298427581787,1.823625087738037,"0.512,0.512,0.838,0.510,0.457,0.512,0.527,0.448",1660.8018798828125,1748.6365966796875,"198.4,198.4,1876,2250,2048,2272,2469,1975",62.006927490234375,66.91582489013672,"48.22,48.22,59.7,67.42,68.14,67.9,68.2,68.26","0.2891,0.2891,0.9298,1.004,0.9699,1.012,1.043,0.9494","0.4042,0.4042,1.015,1.406,1.435,1.416,1.436,1.418",592,0.004089349880814552,7,0.006292400881648064,"0,8,29,6,79,4,19,22",0.2342459261417389,0.75537109375,0.7763671875,"0.00745,0.0173,0.0301,0.0274,0.0547,0.0266,0.0593,0.0369","23,21.2,17.6,13,10.4,9.82,8.09,5.01","-0.000112,0.000127,0.000683,0.000504,-0.00218,-0.00105,-0.00142,0.000343","0,0,0,0,-0.00165,0,-0.00165,0","0,0,0,0,-0.00248,0,-0.00248,0",0.019287109375,0.017172090709209442,1,0.062025126069784164,0.04366198554635048
2,o_proj,gptq,4096,4096,0,0.002100527286529541,0.0014290809631347656,8.715069420182772,0.03484731203045413,24.090478897094727,14.586661338806152,0.00873328186571598,0.025565192103385925,0.011766105890274048,0.021265197545289993,0.9547086358070374,8.69388198852539,0.054278552532196045,"1160,525,1082,2950,1288,1775,1466,3200,1210,724,134,1032,1338,2031,1548,1932",81.41848754882812,,,,,0,0.005214957986027002,0.00954603124409914,0.006613942328840494,0.0117805739864707,"0.028,0.028,0.740,0.717,0.561,0.576,0.615,0.594",2178.787841796875,2541.70703125,"76.72,76.72,3346,3635,2482,2170,2773,2871",1.537584900856018,1.7492719888687134,"1.108,1.108,1.361,1.778,1.698,1.524,1.837,1.888","0.01204,0.01204,0.07432,0.09267,0.07961,0.07135,0.08905,0.08922","0.07253,0.07253,0.08637,0.1094,0.1063,0.094,0.1135,0.1157",0,0.012357917614281178,22,0.006789465434849262,"4,132,260,388,1082,1548,1676,1932",0.10329563915729523,0.448883056640625,0.45892333984375,"0.227,0.22,0.22,0.22,0.208,0.202,0.213,0.304","0.268,0.258,0.255,0.254,0.152,0.148,0.147,0.138","-0.156,-0.143,-0.149,-0.145,-0.0126,-0.0537,0.0122,-0.0703","-0.144,-0.144,-0.144,-0.144,0,-0.048,0,-0.048","-0.179,-0.126,-0.171,-0.124,-0.012,-0.0624,0.0239,-0.0674",0.1708984375,0.15104925632476807,3,0.008849837817251682,0.00808346550911665
2,gate_proj,gptq,12288,4096,0,0.0020600557327270508,0.0014521280924479167,23.22370199080251,0.018935345505591384,93.43144226074219,69.21549987792969,27.92682647705078,53.16826248168945,39.662261962890625,59.76741409301758,0.45850422978401184,23.239383697509766,0.06600377708673477,"2,1,0,3,29,25,13,61,79,7,49,16,227,112,280,18",114.46187591552734,,,,,0,20.65740203857422,31.504302978515625,17.99782943725586,28.033082962036133,"0.194,0.194,1.925,0.757,0.658,0.716,0.756,0.668",2155.813720703125,2202.11279296875,"207.6,207.6,2430,3047,2686,2908,3187,2573",42.46324920654297,39.719993591308594,"47.21,47.21,35.79,41.68,42.24,42.11,42.68,40.78","2.758,2.758,6.494,4.76,4.486,4.675,4.874,4.413","6.263,6.263,4.681,5.472,5.532,5.525,5.607,5.401",0,0.003020159900188446,0,0.011278389021754265,"0,2,29,79,61,8,19,4",0.06022041663527489,0.3531494140625,0.3513895869255066,"0.413,0.317,0.48,0.537,0.539,0.449,0.501,0.484","5.84,5.56,4.33,4.08,2.63,2.36,2.3,2.23","0.0393,-0.019,-0.0996,0.0835,-0.0767,-0.084,0.0535,0.0659","0.0781,0,-0.0781,0.0781,-0.0781,-0.156,0.0781,0.0781","0.0781,0,-0.0781,0.0781,-0.0781,-0.0781,0.0781,0.0781",0.2734375,0.234375,1,0.2465544193983078,0.587522029876709
2,up_proj,gptq,12288,4096,0,0.002059181531270345,0.0014080007870992024,18.07672074702532,0.01866070138310706,73.60624694824219,54.77571105957031,22.150779724121094,40.79926681518555,30.78287124633789,44.91737365722656,0.45850422978401184,18.092573165893555,0.058155305683612823,"2,1,3,0,29,13,25,61,11,79,7,227,112,49,39,196",114.46187591552734,,,,,0,16.029544830322266,23.64285659790039,14.149801254272461,21.21923065185547,"0.200,0.200,1.909,0.789,0.677,0.740,0.783,0.695",2155.813720703125,2202.11279296875,"207.6,207.6,2430,3047,2686,2908,3187,2573",42.46324920654297,39.719993591308594,"47.21,47.21,35.79,41.68,42.24,42.11,42.68,40.78","2.379,2.379,5.587,4.256,3.993,4.159,4.352,3.924","5.318,5.318,4.044,4.79,4.854,4.834,4.918,4.708",0,0.005625239107757807,0,0.006072726100683212,"0,2,29,79,61,8,19,4",0.05023939907550812,0.5395304560661316,0.5789286494255066,"0.234,0.283,0.233,0.361,0.399,0.209,0.377,0.263","5.84,5.56,4.33,4.08,2.63,2.36,2.3,2.23","0.0967,0.102,0.0383,0.00424,-0.0265,0.0525,-0.00903,-0.0581","0.0689,0.0689,0.0689,0,0,0.0689,0,-0.0689","0.0689,0.0689,0.0689,0,0,0.0689,0,-0.0689",0.2412109375,0.2067522406578064,1,0.29947641491889954,0.3782464861869812
2,down_proj,gptq,4096,12288,0,0.0019764105478922525,0.001402417818705241,75.46989237406524,0.07775633877731095,98.11555480957031,55.68171310424805,0.13295131921768188,2.320068359375,2.198258638381958,120.15753936767578,1.0,22.311145782470703,0.8725693821907043,"167,617,449,0,2808,2169,5,866,680,1,20,2,11870,9,361,147",11867.494140625,,,,,0,2.1276893615722656,120.20231628417969,0.08329936116933823,0.201755553483963,"0.017,0.017,6.887,1.491,1.346,2.145,1.864,2.116",1690.64501953125,1868.5780029296875,"217.2,217.2,1150,2172,2584,2318,2616,2250",92.00806427001953,4.22194766998291,"358.7,358.7,2.631,3.046,3.439,3.163,3.311,3.1","2.856,2.856,0.5094,0.2569,0.2829,0.3239,0.3159,0.3194","21.92,21.92,0.1941,0.2104,0.2438,0.2212,0.2314,0.2196",0,0.35335639119148254,0,0.10521766543388367,"1267,1269,5978,5912,33,1543,479,4",0.18752874433994293,0.397796630859375,0.393463134765625,"0.275,0.267,0.283,0.283,0.255,0.27,0.26,0.257","0.624,0.479,0.37,0.328,0.301,0.269,0.264,0.264","0.005,-0.0069,-0.00748,-0.00952,0.0262,-0.00861,0.0461,0.231","-0.0424,0,0,0,0,0,0,0.188","0,0,0,0,0,-0.0129,0.0547,0.188",0.328125,2.194096326828003,1,0.16813908517360687,0.07908447831869125
3,q_proj,gptq,4096,4096,0,0.0020551085472106934,0.0014784932136535645,16.156079272346688,0.0246534472010807,54.03700256347656,37.03705596923828,42.347042083740234,127.73318481445312,52.117828369140625,111.12892150878906,0.83842933177948,16.122509002685547,0.10316013544797897,"0,29,13,2,112,34,49,22,73,19,36,31,79,26,39,6",167.53292846679688,,,,,0,25.54837989807129,51.53260040283203,26.489315032958984,61.5636100769043,"0.356,0.356,0.624,0.505,0.480,0.504,0.538,0.440",1810.9583740234375,2016.22802734375,"104.6,104.6,2138,2422,2350,2511,2663,2195",68.84601593017578,76.61821746826172,"42.57,42.57,70.94,78.38,79.15,79.27,79.02,78.86","2.753,2.753,5.729,5.651,5.51,5.674,5.826,5.29","4.617,4.617,7.252,7.95,7.952,7.995,7.939,7.977",1775,0.005548873916268349,3690,0.005654551554471254,"8,79,29,6,19,4,0,61",0.28209835290908813,0.465576171875,0.474700927734375,"0.346,0.449,0.437,0.278,0.393,0.301,0.366,0.407","14.4,13.6,12,11,10.8,10.8,8.38,8.23","-0.00298,0.00217,0.02,-0.00371,0.00754,0.00147,0.0016,0.0109","0,0,0.0218,0,0,0,0,0","0,0,0.0163,0,0,0,0,0.0163",0.08251953125,0.0870535746216774,1,0.4104469120502472,0.20863080024719238
3,k_proj,gptq,1024,4096,0,0.0020914077758789062,0.0014646053314208984,6.618253353255568,0.024109226212546454,22.385896682739258,15.449543952941895,17.492198944091797,53.19991683959961,20.86269187927246,46.279972076416016,0.83842933177948,6.6151442527771,0.09895389527082443,"0,29,13,112,34,73,49,19,31,6,79,22,36,39,66,96",167.53292846679688,,,,,0,10.393980026245117,21.730562210083008,10.701802253723145,25.41887855529785,"0.334,0.334,0.556,0.476,0.472,0.508,0.521,0.437",1810.9583740234375,2016.22802734375,"104.6,104.6,2138,2422,2350,2511,2663,2195",68.84601593017578,76.61821746826172,"42.57,42.57,70.94,78.38,79.15,79.27,79.02,78.86","1.687,1.687,3.664,3.554,3.508,3.66,3.74,3.423","2.92,2.92,4.915,5.151,5.103,5.134,5.183,5.181",763,0.0056354268454015255,566,0.007111160550266504,"8,79,29,6,19,4,0,61",0.3043106198310852,0.4356689453125,0.452392578125,"0.221,0.296,0.244,0.248,0.299,0.197,0.277,0.269","14.4,13.6,12,11,10.8,10.8,8.38,8.23","0.00119,-0.00696,0.00616,-0.00415,-0.00201,0.000626,0.000549,0.0161","0,-0.00767,0.00767,-0.00767,0,0,0,0.0153","0,-0.00767,0.00767,-0.00767,0,0,0,0.0153",0.03662109375,0.03466770797967911,1,0.2633092999458313,0.12073144316673279
3,v_proj,gptq,1024,4096,0,0.0020570755004882812,0.0014872550964355469,0.7891051339265687,0.018925117152856052,3.1789908409118652,2.3620879650115967,2.5299370288848877,5.676604270935059,2.7032523155212402,4.657059192657471,0.83842933177948,0.787966251373291,0.04338998347520828,"0,29,13,112,34,49,6,73,19,79,22,39,26,31,36,96",167.53292846679688,,,,,0,1.3019523620605469,2.159878969192505,1.4830142259597778,2.6962692737579346,"0.445,0.445,0.687,0.628,0.563,0.613,0.634,0.543",1810.9583740234375,2016.22802734375,"104.6,104.6,2138,2422,2350,2511,2663,2195",68.84601593017578,76.61821746826172,"42.57,42.57,70.94,78.38,79.15,79.27,79.02,78.86","0.3152,0.3152,1.178,1.341,1.301,1.355,1.386,1.258","0.4725,0.4725,1.421,1.692,1.735,1.73,1.742,1.707",989,0.005882117431610823,803,0.015421368181705475,"8,79,29,6,19,4,0,61",0.12139543145895004,0.63916015625,0.6790771484375,"0.0253,0.0559,0.0391,0.0287,0.0486,0.026,0.0123,0.0544","14.4,13.6,12,11,10.8,10.8,8.38,8.23","-0.000166,-0.00061,0.000136,-0.000847,-0.000607,0.000237,-0.000216,0.00137","0,0,0,0,0,0,0,0.0017","0,0,0,-0.0013,0,0,0,0.0013",0.01458740234375,0.015187221579253674,1,0.09980285912752151,0.052653856575489044
3,o_proj,gptq,4096,4096,0,0.0020859837532043457,0.0014628171920776367,8.413234582341431,0.03608479919273521,23.22191619873047,13.439329147338867,0.014479170553386211,0.04307587817311287,0.012083708308637142,0.029374603182077408,0.7097864151000977,8.40142822265625,0.07516932487487793,"2650,788,3034,532,916,2778,2906,660,2310,2054,528,2182,900,2438,3466,772",109.15210723876953,,,,,0,0.004299024119973183,0.013983970507979393,0.008234518580138683,0.016125809401273727,"0.019,0.019,0.035,0.267,0.414,0.434,0.470,0.521",774.3467407226562,1585.953125,"58.42,58.42,86.58,538,1210,1245,1298,1700",1.9990383386611938,2.137145757675171,"1.892,1.892,1.753,1.752,2.126,2.108,2.157,2.312","0.01535,0.01535,0.0192,0.05229,0.0815,0.0818,0.08764,0.09901","0.111,0.111,0.1019,0.1012,0.1267,0.1241,0.1279,0.1371",0,0.030255597084760666,0,0.01481051929295063,"2650,2778,2906,532,788,660,3034,916",0.34701278805732727,0.3447265625,0.334930419921875,"0.18,0.349,0.232,0.2,0.294,0.337,0.388,0.224","0.415,0.411,0.4,0.399,0.389,0.385,0.368,0.363","-0.102,0.0771,0.129,0.0559,0.121,-0.0153,-0.204,0.0254","-0.117,0.0583,0.117,0.0583,0.117,0,-0.175,0.0583","-0.0891,0.0753,0.138,0.0479,0.104,-0.0145,-0.233,0.023",0.2041015625,0.1749441921710968,5,0.014176949858665466,0.015418837778270245
3,gate_proj,gptq,12288,4096,0,0.002041320006052653,0.0014698902765909831,22.17812296885768,0.016711312477384943,97.69426727294922,74.52737426757812,46.29295349121094,80.36079406738281,60.828712463378906,77.52867889404297,0.4139536917209625,22.158447265625,0.050515733659267426,"2,13,29,79,25,34,30,61,36,1,16,112,11,7,39,4",40.91017150878906,,,,,0,30.489604949951172,36.283958435058594,31.057470321655273,42.787445068359375,"1.215,1.215,1.036,0.795,0.736,0.786,0.816,0.741",2168.733154296875,2432.182373046875,"130.8,130.8,2368,2922,2826,3044,3238,2689",43.094642639160156,48.093563079833984,"25.11,25.11,41.51,49.82,50.97,51.15,51.55,49.52","3.842,3.842,5.704,6.002,5.915,6.132,6.311,5.78","3.485,3.485,5.605,6.73,6.894,6.919,6.985,6.715",1552,0.0005901185213588178,281,0.0007294784300029278,"79,29,8,61,19,4,2,30",0.04272938892245293,0.28253173828125,0.2838541865348816,"0.6,0.596,0.569,0.665,0.579,0.622,0.439,0.621","5.37,4.09,3.84,3.46,3.2,3.19,2.51,2.27","0.00525,-0.00522,-0.00793,-0.0125,0.00708,0.0097,0.00188,-0.00349","0.00413,-0.00413,-0.00827,-0.0124,0.00827,0.00827,0,-0.00413","0.00534,-0.00534,-0.00534,-0.0107,0.00534,0.0107,0,-0.00534",0.0289306640625,0.0319364070892334,1,0.14368519186973572,0.07719090580940247
3,up_proj,gptq,12288,4096,0,0.002043048540751139,0.0014059146245320637,15.618410306852638,0.016489122315623845,69.74556732177734,53.448974609375,33.2989501953125,56.66626739501953,42.878143310546875,53.97035598754883,0.4139536917209625,15.612809181213379,0.04314368590712547,"2,13,29,79,25,34,30,61,36,1,16,112,7,39,11,4",40.91017150878906,,,,,0,21.371166229248047,25.397188186645508,22.158096313476562,29.850339889526367,"1.213,1.213,1.027,0.794,0.743,0.795,0.831,0.751",2168.733154296875,2432.182373046875,"130.8,130.8,2368,2922,2826,3044,3238,2689",43.094642639160156,48.093563079833984,"25.11,25.11,41.51,49.82,50.97,51.15,51.55,49.52","3.03,3.03,4.737,5.058,5.013,5.194,5.346,4.888","2.752,2.752,4.675,5.675,5.817,5.826,5.865,5.638",5802,0.0004329020157456398,2896,0.0005604609032161534,"79,29,8,61,19,4,2,30",0.035449445247650146,0.5237528681755066,0.536102294921875,"0.336,0.267,0.215,0.352,0.386,0.233,0.382,0.33","5.37,4.09,3.84,3.46,3.2,3.19,2.51,2.27","0.0036,0.000372,-0.000355,-0.0025,0.00174,0.00042,0.00166,0.00197","0.00464,0,0,-0.00232,0.00232,0,0.00232,0.00232","0.00256,0,0,-0.00256,0.00256,0,0.00256,0.00256",0.01513671875,0.014771276153624058,1,0.10430214554071426,0.04898158460855484
3,down_proj,gptq,4096,12288,0,0.002003788948059082,0.0014058550198872883,27.34787937995189,0.028709349855192284,83.71061706542969,54.957672119140625,0.09046892821788788,0.1644192785024643,0.15882065892219543,0.1703789085149765,0.2526634633541107,27.33296012878418,0.05902890861034393,"7116,2785,197,15,6940,125,1072,489,7364,1196,112,34,392,3251,2151,8",92.86392974853516,,,,,0,0.0809461921453476,0.09359494596719742,0.08941832929849625,0.08663720637559891,"0.041,0.041,0.761,1.044,1.015,1.083,1.079,1.028",9703.947265625,10679.8828125,"202.4,202.4,9740,1.205e+04,1.439e+04,1.472e+04,1.421e+04,1.211e+04",4.482789993286133,4.300104141235352,"3.422,3.422,4.814,4.554,5.097,4.961,4.904,4.687","0.04663,0.04663,0.2863,0.3162,0.3464,0.3481,0.3439,0.3192","0.2308,0.2308,0.3283,0.3095,0.3437,0.3345,0.331,0.3147",0,0.00846068561077118,0,0.004025433678179979,"8624,2573,502,2372,207,3066,0,8199",0.20856091380119324,0.3427734375,0.342437744140625,"0.262,0.277,0.29,0.26,0.279,0.275,0.268,0.279","0.912,0.807,0.764,0.698,0.571,0.544,0.371,0.364","-0.0102,0.00226,-0.0117,-0.143,-0.0339,-0.00644,-0.0593,-0.0047","0,0,0,-0.16,-0.0442,0,-0.0653,0","-0.0129,0,0,-0.163,-0.0346,-0.0121,-0.0653,-0.0083",0.228515625,0.1958705484867096,8,0.03186037391424179,0.02180926501750946
4,q_proj,gptq,4096,4096,0,0.002053201198577881,0.0015000700950622559,12.358546763498452,0.020484324861342842,46.91864013671875,34.071502685546875,35.85917663574219,105.21076965332031,45.854522705078125,95.99519348144531,0.782217800617218,12.342731475830078,0.11802428215742111,"0,29,13,36,19,52,6,34,17,2,8,49,112,22,4,79",187.80807495117188,,,,,0,22.15419578552246,45.66120910644531,23.369352340698242,50.72393798828125,"0.437,0.437,0.452,0.477,0.487,0.523,0.557,0.474",1793.17333984375,2138.511474609375,"157.9,157.9,1829,2280,2380,2553,2660,2328",68.77692413330078,73.61100769042969,"52.99,52.99,71,74.35,74.77,74.56,74.63,74.92","3.744,3.744,4.641,4.901,4.971,5.16,5.29,4.931","5.661,5.661,6.904,7.095,7.124,7.136,7.09,7.159",996,0.002244214527308941,3067,0.0031197448261082172,"8,0,29,4,79,6,19,61",0.24506975710391998,0.452178955078125,0.469482421875,"0.378,0.339,0.441,0.341,0.474,0.299,0.4,0.4","15.2,13.3,12.6,11.6,11.6,10.7,10.3,6.73","0.00146,-0.000125,-0.00104,-0.000534,0.000668,0.00095,0.00272,0.00172","0,0,0,0,0,0,0,0","0,0,0,0,0,0,0,0",0.035888671875,0.04115242511034012,1,0.2355133593082428,0.10769630968570709
4,k_proj,gptq,1024,4096,0,0.0020694732666015625,0.001466989517211914,5.74798564863886,0.022013950280448287,20.789613723754883,14.746877670288086,15.784358978271484,51.60064697265625,20.714675903320312,47.27104187011719,0.782217800617218,5.739606857299805,0.13804872334003448,"0,29,13,36,52,19,6,34,17,8,49,22,112,4,79,65",187.80807495117188,,,,,0,9.931575775146484,22.761627197265625,10.354802131652832,24.877866744995117,"0.465,0.465,0.347,0.426,0.427,0.464,0.501,0.420",1793.17333984375,2138.511474609375,"157.9,157.9,1829,2280,2380,2553,2660,2328",68.77692413330078,73.61100769042969,"52.99,52.99,71,74.35,74.77,74.56,74.63,74.92","2.645,2.645,2.966,3.3,3.312,3.417,3.537,3.259","3.88,3.88,5.035,5.053,5.069,5.016,4.996,5.03",489,0.00835399515926838,36,0.01050861831754446,"8,0,29,4,79,6,19,61",0.34737884998321533,0.3907470703125,0.402587890625,"0.261,0.313,0.3,0.236,0.33,0.265,0.345,0.319","15.2,13.3,12.6,11.6,11.6,10.7,10.3,6.73","-0.00164,-0.00246,0.00192,-0.00368,0.00742,0.0083,0.0233,0.00108","0,0,0,0,0.00886,0.00886,0.0266,0","0,0,0,0,0.00907,0.00907,0.0272,0",0.043701171875,0.04608361795544624,1,0.302672415971756,0.1949521154165268
4,v_proj,gptq,1024,4096,0,0.002054452896118164,0.0014584064483642578,0.992705836724781,0.01684609108918459,4.361654281616211,3.332848072052002,3.380970001220703,7.108067512512207,3.717388153076172,5.7899298667907715,0.782217800617218,0.9916521906852722,0.04727396368980408,"29,0,13,52,36,19,22,34,17,112,6,49,79,65,7,73",187.80807495117188,,,,,0,1.7105528116226196,2.624922513961792,2.0637364387512207,3.3236842155456543,"0.643,0.643,0.601,0.668,0.634,0.672,0.695,0.628",1793.17333984375,2138.511474609375,"157.9,157.9,1829,2280,2380,2553,2660,2328",68.77692413330078,73.61100769042969,"52.99,52.99,71,74.35,74.77,74.56,74.63,74.92","0.4597,0.4597,1.256,1.49,1.507,1.56,1.592,1.491","0.5733,0.5733,1.62,1.824,1.893,1.903,1.91,1.882",419,0.00532683078199625,272,0.008769452571868896,"8,0,29,4,79,6,19,61",0.09865792840719223,0.6651611328125,0.698974609375,"0.0278,0.0152,0.0452,0.0286,0.0522,0.0346,0.065,0.0604","15.2,13.3,12.6,11.6,11.6,10.7,10.3,6.73","0.000549,-4.39e-05,-0.000372,-7.82e-05,0.0016,0.000629,-0.00108,0.000463","0,0,0,0,0.00225,0,0,0","0,0,0,0,0.00198,0,-0.00198,0",0.0185546875,0.01812082901597023,1,0.1100010871887207,0.0635715126991272
4,o_proj,gptq,4096,4096,0,0.002115309238433838,0.0014322996139526367,9.490522662908006,0.03425533853328404,26.87924575805664,16.051294326782227,0.026179730892181396,0.0784563273191452,0.025635570287704468,0.06508937478065491,0.7673130035400391,9.47252082824707,0.05460691452026367,"1014,630,758,3762,3634,2238,3890,4018,886,1198,1326,2106,2494,2022,1070,3321",42.58329391479492,,,,,0,0.008127772249281406,0.029243405908346176,0.01819266378879547,0.03718727454543114,"0.020,0.020,0.098,0.462,0.366,0.305,0.366,0.418",1002.0921020507812,2118.7666015625,"70.1,70.1,276.6,2050,1499,982.9,1383,1685",2.7396063804626465,3.0633010864257812,"2.578,2.578,2.348,3.168,2.868,2.602,2.817,2.958","0.02327,0.02327,0.04683,0.1302,0.1064,0.0888,0.1069,0.1189","0.1629,0.1629,0.1493,0.1916,0.1759,0.1608,0.1766,0.184",0,0.007550685666501522,0,0.0031021873001009226,"2843,3890,758,3762,630,3634,1014,886",0.5763907432556152,0.357208251953125,0.34283447265625,"0.263,0.182,0.288,0.282,0.187,0.258,0.255,0.321","0.566,0.565,0.522,0.518,0.48,0.471,0.448,0.347","-0.008,0.0437,-0.0781,-0.0225,0.0289,-0.0938,0.0991,0.0811","0,0.0561,-0.112,0,0.0561,-0.112,0.112,0.0561","0,0.0432,-0.0893,-0.0233,0.0316,-0.0804,0.085,0.0774",0.1962890625,0.1682477742433548,1,0.00924876518547535,0.0097978999838233
4,gate_proj,gptq,12288,4096,0,0.0020449558893839517,0.001484990119934082,22.643713668312557,0.01634131003808122,101.55003356933594,77.89175415039062,58.98041534423828,104.654541015625,75.06513977050781,94.91220092773438,0.39466190338134766,22.629562377929688,0.04730764031410217,"2,29,13,36,7,4,112,16,61,34,12,11,25,30,8,79",53.66578674316406,,,,,0,36.238651275634766,43.171024322509766,40.174278259277344,53.656005859375,"1.406,1.406,0.801,0.776,0.772,0.819,0.834,0.762",2042.3759765625,2484.57568359375,"138.1,138.1,2060,2565,2698,2968,3080,2692",45.8323860168457,52.7962532043457,"25.28,25.28,47.05,52.07,53.67,54.46,55.03,53.82","4.222,4.222,5.803,6.355,6.538,6.835,6.962,6.503","3.561,3.561,6.483,7.213,7.438,7.551,7.622,7.451",1438,0.0006792076164856553,2151,0.0007332664681598544,"29,79,8,19,4,61,30,66",0.05979473143815994,0.2594096064567566,0.2618611752986908,"0.635,0.625,0.59,0.582,0.633,0.661,0.629,0.55","5.75,5.45,4.8,4.55,4.4,3.73,2.92,2.75","-0.00964,0.0161,7.63e-05,0.00946,-0.00626,-0.00516,-0.00386,0.022","-0.0107,0.0213,0,0.0107,-0.0107,0,0,0.0213","-0.0107,0.0213,0,0.0107,-0.0107,0,0,0.0213",0.052001953125,0.05671743303537369,1,0.17037878930568695,0.18788133561611176
4,up_proj,gptq,12288,4096,0,0.002047081788380941,0.0014069477717081706,15.723353980558386,0.016162356694376847,71.32037353515625,54.915611267089844,41.67060089111328,72.48519134521484,52.206581115722656,65.18572998046875,0.39466190338134766,15.707128524780273,0.04109726846218109,"2,29,13,36,7,112,34,61,4,16,12,11,25,73,30,8",53.66578674316406,,,,,0,25.159812927246094,29.63304901123047,28.17859649658203,36.98502731323242,"1.391,1.391,0.821,0.803,0.789,0.826,0.842,0.777",2042.3759765625,2484.57568359375,"138.1,138.1,2060,2565,2698,2968,3080,2692",45.8323860168457,52.7962532043457,"25.28,25.28,47.05,52.07,53.67,54.46,55.03,53.82","3.336,3.336,4.847,5.353,5.497,5.726,5.83,5.466","2.829,2.829,5.35,5.972,6.188,6.3,6.352,6.201",0,0.000659441517200321,13,0.0008333023288287222,"29,79,8,19,4,61,30,66",0.05040780082345009,0.4941304624080658,0.5081583857536316,"0.283,0.37,0.224,0.412,0.235,0.372,0.353,0.461","5.75,5.45,4.8,4.55,4.4,3.73,2.92,2.75","-0.0571,0.0522,-0.0552,0.0315,0.0488,-0.0413,-0.0291,-0.00754","-0.0653,0.049,-0.049,0.0326,0.049,-0.0326,-0.0326,-0.0163","-0.049,0.049,-0.049,0.0326,0.049,-0.049,-0.0326,0",0.05712890625,0.0652901828289032,1,0.14115922152996063,0.05972198024392128
4,down_proj,gptq,4096,12288,0,0.001994470755259196,0.0013964176177978516,25.68868239434687,0.026534127321747744,82.947265625,56.09254455566406,0.13706228137016296,0.2543445825576782,0.22450967133045197,0.23860737681388855,0.26613807678222656,25.680654525756836,0.05555024370551109,"1666,4142,10108,13,9776,1010,1692,1045,2378,2855,11419,4574,191,9211,148,15",149.7039794921875,,,,,0,0.10406658053398132,0.11893564462661743,0.13421325385570526,0.13074976205825806,"0.058,0.058,0.906,1.014,1.038,1.059,1.061,1.033",8365.55859375,10671.501953125,"197.5,197.5,8075,9733,1.25e+04,1.206e+04,1.262e+04,1.155e+04",4.8435492515563965,5.2466349601745605,"3.258,3.258,4.751,5.037,5.705,5.522,5.697,5.522","0.06514,0.06514,0.3165,0.3461,0.3897,0.3855,0.3979,0.3811","0.2704,0.2704,0.3325,0.3437,0.3826,0.3746,0.3862,0.375",0,0.006188205908983946,0,0.0030619779136031866,"681,8082,0,541,513,9633,5449,11606",0.23971989750862122,0.326507568359375,0.326263427734375,"0.279,0.282,0.293,0.283,0.272,0.288,0.271,0.27","1.93,0.698,0.599,0.315,0.298,0.294,0.277,0.272","-0.0016,-0.00775,-0.0525,0.0452,0.0859,0.0051,-0.00142,-0.00586","0,0,-0.0611,0.0503,0.0769,0.0107,0,0","0,-0.00802,-0.0611,0.035,0.07,0.00921,0,0",0.2138671875,0.20249560475349426,1,0.030655289068818092,0.02116953581571579
5,q_proj,gptq,4096,4096,0,0.00205385684967041,0.0014734268188476562,15.556122683701687,0.023776855998465615,53.13201904296875,36.780914306640625,40.313812255859375,117.51551818847656,52.54188537597656,104.0349349975586,0.7096712589263916,15.538485527038574,0.0967160165309906,"0,29,7,34,13,73,79,19,52,96,112,49,17,2,36,280",144.4744110107422,,,,,0,25.580604553222656,48.7627067565918,26.945772171020508,55.73411178588867,"0.561,0.561,0.512,0.479,0.537,0.540,0.549,0.491",1766.8599853515625,2113.14111328125,"170.6,170.6,1833,2185,2463,2500,2527,2285",71.98646545410156,77.16094207763672,"55.08,55.08,73.16,78.64,78.76,78.33,78.26,78.58","4.065,4.065,4.995,5.208,5.471,5.523,5.577,5.291","5.429,5.429,6.978,7.522,7.466,7.515,7.529,7.548",45,0.003303971840068698,498,0.00500444695353508,"0,8,79,19,4,29,6,30",0.2722727060317993,0.42486572265625,0.444732666015625,"0.324,0.373,0.434,0.421,0.349,0.419,0.301,0.38","14.3,14,13.9,12.9,12.2,12.2,10.5,7.93","0.00674,0.0109,0.011,9.97e-05,0.00142,-0.0286,-0.00224,-0.00613","0,0.0139,0.0139,0,0,-0.0278,0,0","0,0.0137,0.0137,0,0,-0.0275,0,0",0.0576171875,0.0555245578289032,1,0.31447193026542664,0.16109147667884827
5,k_proj,gptq,1024,4096,0,0.0020897388458251953,0.0014531612396240234,7.743383797213028,0.02733145823391928,24.104591369628906,15.926315307617188,18.336666107177734,59.91025924682617,24.447534561157227,53.52825164794922,0.7096712589263916,7.736653804779053,0.11942362040281296,"0,29,13,7,34,73,17,52,112,49,79,19,8,96,36,65",144.4744110107422,,,,,0,12.094369888305664,25.3950138092041,12.40571117401123,28.36204719543457,"0.576,0.576,0.426,0.409,0.479,0.492,0.504,0.440",1766.8599853515625,2113.14111328125,"170.6,170.6,1833,2185,2463,2500,2527,2285",71.98646545410156,77.16094207763672,"55.08,55.08,73.16,78.64,78.76,78.33,78.26,78.58","3.008,3.008,3.416,3.518,3.671,3.758,3.77,3.579","3.964,3.964,5.235,5.498,5.304,5.356,5.309,5.393",810,0.008787358179688454,831,0.018875107169151306,"0,8,79,19,4,29,6,30",0.3467417359352112,0.415283203125,0.4193115234375,"0.249,0.237,0.328,0.347,0.23,0.295,0.249,0.296","14.3,14,13.9,12.9,12.2,12.2,10.5,7.93","0.00342,-0.00439,0.00113,0.00793,0.00171,-0.0101,-0.00516,-0.0132","0,0,0,0,0,-0.0156,0,-0.0156","0,0,0,0.0155,0,-0.0155,0,-0.0155",0.0693359375,0.0622209832072258,1,0.3441450595855713,0.3104836642742157
5,v_proj,gptq,1024,4096,0,0.002044200897216797,0.0014674663543701172,0.842922893623836,0.017972662287853616,3.5219521522521973,2.648041009902954,2.649101972579956,5.900092601776123,3.041595458984375,4.742176532745361,0.7096712589263916,0.8435287475585938,0.04464051127433777,"0,29,13,7,34,73,17,112,79,66,52,49,19,65,8,96",144.4744110107422,,,,,0,1.4365748167037964,2.179229497909546,1.6605100631713867,2.6625380516052246,"0.619,0.619,0.646,0.618,0.683,0.684,0.695,0.640",1766.8599853515625,2113.14111328125,"170.6,170.6,1833,2185,2463,2500,2527,2285",71.98646545410156,77.16094207763672,"55.08,55.08,73.16,78.64,78.76,78.33,78.26,78.58","0.5736,0.5736,1.176,1.309,1.407,1.404,1.409,1.342","0.7289,0.7289,1.463,1.665,1.703,1.698,1.691,1.678",548,0.00644201785326004,901,0.012773534283041954,"0,8,79,19,4,29,6,30",0.09524538367986679,0.5863037109375,0.6273193359375,"0.0267,0.0352,0.0542,0.0689,0.028,0.0519,0.0375,0.048","14.3,14,13.9,12.9,12.2,12.2,10.5,7.93","-0.000157,-0.000687,0.000222,0.0014,0.000538,0.000139,0.000874,-0.000648","0,-0.00141,0,0.00141,0,0,0.00141,0","0,0,0,0.00189,0,0,0,0",0.016845703125,0.017916705459356308,1,0.11291669309139252,0.08869920670986176
5,o_proj,gptq,4096,4096,0,0.0020928382873535156,0.0014541149139404297,8.326621488831506,0.03377099377225351,23.686479568481445,14.1443510055542,0.04124584421515465,0.13253960013389587,0.03111105225980282,0.09603585302829742,0.7863755822181702,8.308125495910645,0.06406040489673615,"2343,2784,2912,3040,3084,1594,3340,1978,1722,963,3129,2087,579,558,942,3154",44.07718276977539,,,,,0,0.009653326123952866,0.046801500022411346,0.022843053564429283,0.051315534859895706,"0.040,0.040,0.083,0.282,0.220,0.254,0.334,0.398",723.669677734375,1634.28662109375,"80.6,80.6,213.3,1419,693.9,781.6,1082,1438",3.553546905517578,3.718792200088501,"3.729,3.729,3.419,3.605,3.36,3.383,3.512,3.692","0.04485,0.04485,0.05921,0.1169,0.09599,0.1044,0.125,0.1425","0.2248,0.2248,0.2056,0.2202,0.2048,0.207,0.2161,0.226",0,0.014045762829482555,2648,0.0031870356760919094,"2912,2784,2215,835,579,3040,2087,2343",1.0472116470336914,0.357666015625,0.3466796875,"0.235,0.257,0.238,0.174,0.301,0.247,0.2,0.224","0.712,0.684,0.663,0.659,0.657,0.638,0.635,0.621","-0.0811,-0.0222,0.061,0.00519,-0.0129,-0.015,0.0825,-0.0498","-0.0843,-0.0421,0.0421,0,0,0,0.0843,-0.0421","-0.0695,-0.0243,0.0523,0,-0.0142,-0.0114,0.0707,-0.0427",0.1474609375,0.1263951063156128,2,0.0113763976842165,0.0081870649009943
5,gate_proj,gptq,12288,4096,0,0.002048532168070475,0.0014916062355041504,23.285620200580524,0.016440004099159612,103.98710632324219,79.65010070800781,67.2662582397461,122.2717514038086,84.52349090576172,107.27141571044922,0.409275084733963,23.26803207397461,0.05531977489590645,"2,29,7,13,4,1,30,16,12,61,5,36,79,19,34,112",67.74369812011719,,,,,0,39.61811065673828,47.99888610839844,46.66509246826172,61.17852020263672,"1.125,1.125,0.781,0.764,0.805,0.831,0.834,0.780",2033.2650146484375,2523.05224609375,"154.7,154.7,1975,2476,2846,2949,2993,2718",47.35634994506836,55.48133850097656,"26.04,26.04,46.87,53.68,56.23,56.58,57.04,56.37","4.028,4.028,5.864,6.624,7.132,7.262,7.327,6.996","3.798,3.798,6.634,7.576,7.947,7.968,8.021,7.921",196,0.0008098239195533097,235,0.0015017690602689981,"29,19,79,8,4,61,30,66",0.07026088237762451,0.273651123046875,0.275909423828125,"0.668,0.606,0.631,0.622,0.676,0.684,0.661,0.585","6.02,5.93,5.89,5.42,5.16,4,3.76,3.18","-0.0258,0.0242,0.0376,-0.026,0.0317,-0.0271,-0.0227,0.0223","-0.0197,0.0197,0.0393,-0.0197,0.0393,-0.0197,-0.0197,0.0197","-0.0197,0.0197,0.0393,-0.0197,0.0393,-0.0197,-0.0197,0.0197",0.06884765625,0.078683041036129,1,0.20296341180801392,0.13441337645053864
5,up_proj,gptq,12288,4096,0,0.0020422538121541343,0.001414338747660319,16.11908642601702,0.01607582573530233,73.3605728149414,56.55681228637695,47.85651779174805,84.09379577636719,58.986427307128906,72.57174682617188,0.409275084733963,16.103490829467773,0.04476571083068848,"2,29,7,13,4,1,30,16,12,61,5,19,36,112,73,34",67.74369812011719,,,,,0,27.66653823852539,32.41020965576172,32.799522399902344,41.72589111328125,"1.103,1.103,0.861,0.803,0.838,0.861,0.859,0.799",2033.2650146484375,2523.05224609375,"154.7,154.7,1975,2476,2846,2949,2993,2718",47.35634994506836,55.48133850097656,"26.04,26.04,46.87,53.68,56.23,56.58,57.04,56.37","3.049,3.049,4.98,5.591,6.029,6.13,6.171,5.888","2.903,2.903,5.366,6.238,6.588,6.606,6.656,6.585",4307,0.0006126431399025023,150,0.0010185104329138994,"29,19,79,8,4,61,30,66",0.05530310794711113,0.49420166015625,0.5038859248161316,"0.31,0.411,0.361,0.231,0.219,0.357,0.324,0.455","6.02,5.93,5.89,5.42,5.16,4,3.76,3.18","0.000244,-0.00491,-0.00256,0.000957,-0.000671,0.00313,0.00146,0.00916","0,-0.00607,-0.00303,0,0,0.00303,0.00303,0.0091","0,-0.00607,-0.00303,0,0,0.00303,0,0.0091",0.016845703125,0.01858879253268242,1,0.14922146499156952,0.08441145718097687
5,down_proj,gptq,4096,12288,0,0.0020052591959635415,0.0014018615086873372,25.49955259452115,0.025725267320989748,84.30866241455078,57.565677642822266,0.17879189550876617,0.3282797932624817,0.2746845483779907,0.2740480899810791,0.503250241279602,25.493553161621094,0.047710999846458435,"5684,7,1931,9,26,14,1022,10,129,934,196,3,916,1349,88,110",119.66040802001953,,,,,0,0.12086894363164902,0.12117711454629898,0.17495755851268768,0.169950470328331,"0.103,0.103,0.862,1.101,1.085,1.069,1.098,1.021",7442.978515625,10754.4794921875,"175.6,175.6,4747,8046,1.047e+04,1.168e+04,1.284e+04,1.141e+04",4.673093795776367,5.894711971282959,"1.966,1.966,4.267,4.994,5.73,6.032,6.274,6.155","0.05328,0.05328,0.2813,0.3614,0.4121,0.4331,0.4566,0.4309","0.1662,0.1662,0.3031,0.3444,0.3956,0.4188,0.4358,0.4265",0,0.008429278619587421,0,0.008975662291049957,"737,1029,4,294,6091,4414,757,164",0.06703642010688782,0.340545654296875,0.347625732421875,"0.313,0.281,0.281,0.276,0.281,0.301,0.247,0.232","0.613,0.521,0.493,0.431,0.327,0.324,0.317,0.296","0.0142,-0.0459,0.0459,-0.005,-0.0017,0.00504,0.0283,0.00282","0,-0.0486,0.0536,0,0,0,0.0248,0","0.0279,-0.0377,0.0536,0,0,0,0.0279,0",0.1923828125,0.2142857313156128,1,0.03783544525504112,0.03747785836458206
6,q_proj,gptq,4096,4096,0,0.002041161060333252,0.0014758110046386719,13.886290432754322,0.021116007085129576,51.72944641113281,37.12117385864258,48.122779846191406,122.36177062988281,60.89692687988281,107.6202163696289,0.6754156351089478,13.874712944030762,0.0999085009098053,"0,29,30,7,13,52,17,73,49,4,34,79,36,96,65,8",140.6660919189453,,,,,0,29.067869186401367,50.159366607666016,32.79827117919922,58.54393768310547,"0.601,0.601,0.490,0.560,0.594,0.628,0.607,0.560",1803.85205078125,2256.843505859375,"173.7,173.7,1618,2324,2486,2631,2615,2411",72.062744140625,78.31426239013672,"53.61,53.61,72.5,79.06,79.4,79.26,79.46,79.6","4.205,4.205,4.819,5.728,5.895,6.053,6.023,5.787","5.423,5.423,6.884,7.656,7.649,7.639,7.732,7.733",297,0.003341177012771368,36,0.0034347549080848694,"0,8,4,19,79,6,29,30",0.21114127337932587,0.4417724609375,0.44561767578125,"0.332,0.404,0.38,0.402,0.424,0.301,0.394,0.409","15,13.7,12.9,12.2,11.6,11.4,10.8,8.76","0.000755,0.00412,-0.00385,0.0032,-0.00684,-0.00149,0.00427,0.000732","0,0.0097,0,0,-0.0097,0,0,0","0,0.00659,-0.00659,0,-0.00659,0,0.00659,0",0.062255859375,0.0524468757212162,2,0.3407767117023468,0.23504729568958282
6,k_proj,gptq,1024,4096,0,0.002039194107055664,0.0014140605926513672,6.634129902464338,0.024227982122834363,22.462820053100586,15.483559608459473,20.664173126220703,62.116729736328125,27.5328369140625,55.08900833129883,0.6754156351089478,6.626259803771973,0.13416309654712677,"0,29,7,30,17,13,52,19,65,79,34,73,96,38,4,49",140.6660919189453,,,,,0,13.41273307800293,26.07439422607422,14.398247718811035,29.354537963867188,"0.588,0.588,0.416,0.491,0.520,0.538,0.540,0.492",1803.85205078125,2256.843505859375,"173.7,173.7,1618,2324,2486,2631,2615,2411",72.062744140625,78.31426239013672,"53.61,53.61,72.5,79.06,79.4,79.26,79.46,79.6","3.107,3.107,3.35,3.848,3.912,3.991,4.002,3.836","4.053,4.053,5.194,5.49,5.425,5.443,5.446,5.468",934,0.00645457673817873,676,0.010187131352722645,"0,8,4,19,79,6,29,30",0.2984098494052887,0.4158935546875,0.41845703125,"0.264,0.276,0.277,0.362,0.348,0.284,0.327,0.322","15,13.7,12.9,12.2,11.6,11.4,10.8,8.76","0.0156,0.0464,-0.0474,-0.0265,-0.0479,-0.04,0.0415,0.0488","0.0174,0.0523,-0.0523,-0.0349,-0.0523,-0.0349,0.0349,0.0523","0.0174,0.0523,-0.0523,-0.0349,-0.0523,-0.0349,0.0349,0.0523",0.06103515625,0.0697544664144516,1,0.3143056333065033,0.5150044560432434
6,v_proj,gptq,1024,4096,0,0.002040386199951172,0.0014641284942626953,1.037252747362345,0.01706267864224235,4.507436752319336,3.4260153770446777,4.254504680633545,8.404369354248047,4.708542823791504,6.664081573486328,0.6754156351089478,1.03675377368927,0.041013263165950775,"29,13,7,30,52,0,17,73,36,79,65,38,34,49,8,96",140.6660919189453,,,,,0,2.15605092048645,3.0312485694885254,2.699666976928711,3.847304105758667,"0.730,0.730,0.620,0.720,0.703,0.757,0.749,0.689",1803.85205078125,2256.843505859375,"173.7,173.7,1618,2324,2486,2631,2615,2411",72.062744140625,78.31426239013672,"53.61,53.61,72.5,79.06,79.4,79.26,79.46,79.6","0.5543,0.5543,1.354,1.667,1.714,1.767,1.767,1.685","0.6485,0.6485,1.719,1.965,2.045,2.031,2.042,2.029",273,0.004875209182500839,348,0.006978154648095369,"0,8,4,19,79,6,29,30",0.07646705955266953,0.637451171875,0.671630859375,"0.0237,0.0324,0.0292,0.0603,0.0511,0.0357,0.0502,0.0438","15,13.7,12.9,12.2,11.6,11.4,10.8,8.76","-0.000336,-0.000362,-0.000439,0.00143,0.00203,-0.000774,0.0024,0.000908","0,0,0,0.00161,0.00161,-0.00161,0.00161,0.00161","0,0,0,0.00207,0.00207,0,0.00207,0",0.0189208984375,0.016354216262698174,3,0.11968830227851868,0.0727362185716629
6,o_proj,gptq,4096,4096,0,0.002108156681060791,0.0014372467994689941,9.098327679579329,0.03176875425749251,26.25991439819336,16.319543838500977,0.06540731340646744,0.21227207779884338,0.06112179905176163,0.13365145027637482,0.7407023906707764,9.081659317016602,0.05373156815767288,"3177,2759,3358,3561,2200,2456,3486,3015,3230,4045,22,3661,3305,3917,1804,1900",19.74567985534668,,,,,0,0.01659063622355461,0.051997072994709015,0.046800397336483,0.0848333090543747,"0.047,0.047,0.221,0.306,0.422,0.350,0.457,0.508",739.920166015625,2154.090576171875,"64.4,64.4,553,624.2,1038,729.5,1169,1676",3.65666127204895,4.6135358810424805,"3.453,3.453,3.382,3.345,3.695,3.509,3.946,4.469","0.04649,0.04649,0.099,0.1145,0.1496,0.1282,0.1665,0.1974","0.2139,0.2139,0.2105,0.2069,0.2302,0.2166,0.2464,0.277",0,0.004112654831260443,0,0.017157472670078278,"3917,2759,3015,3561,4045,2328,1676,3177",0.31779369711875916,0.354156494140625,0.3353271484375,"0.221,0.178,0.269,0.272,0.316,0.293,0.26,0.169","0.526,0.506,0.494,0.487,0.486,0.481,0.471,0.471","0.0159,-0.0228,0.0325,-0.0189,0.0496,0.0164,0.00204,-0.028","0,0,0.0586,0,0.0586,0,0,0","0.016,-0.022,0.0295,-0.0236,0.0425,0.0167,0,-0.0227",0.205078125,0.1757812649011612,3,0.00959104672074318,0.030157918110489845
6,gate_proj,gptq,12288,4096,0,0.0020443201065063477,0.001475830872853597,23.125359016608854,0.016478790242458158,103.03347778320312,78.8515625,69.99423217773438,130.04457092285156,89.64199829101562,113.06531524658203,0.4658169746398926,23.107532501220703,0.05414388328790665,"2,29,7,4,16,13,12,30,5,8,17,11,0,34,65,26",73.39427185058594,,,,,0,41.91332244873047,50.167362213134766,50.44194793701172,65.23458099365234,"1.198,1.198,0.758,0.799,0.822,0.837,0.821,0.783",2047.4681396484375,2621.36181640625,"174.3,174.3,1804,2624,2824,2996,2992,2791",48.75129699707031,57.65208053588867,"26.86,26.86,47.47,55.73,57.23,58.39,59.06,58.4","4.243,4.243,5.797,6.992,7.282,7.459,7.478,7.228","3.876,3.876,6.659,7.823,8.033,8.15,8.252,8.167",4365,0.0009079749579541385,5020,0.0009282372775487602,"8,29,19,4,79,30,6,66",0.06579095870256424,0.2809651792049408,0.2821044921875,"0.655,0.679,0.593,0.705,0.62,0.663,0.586,0.586","6.3,6.02,5.83,5.81,5.2,3.98,3.67,3.49","0.000122,-0.00598,-0.00439,0.0106,0.00275,0.00189,0.00705,0.00264","0,-0.00725,-0.00725,0.00725,0,0,0.00725,0","0,-0.00725,-0.00725,0.00725,0,0,0.00725,0",0.025390625,0.0290178582072258,1,0.21942318975925446,0.08447880297899246
6,up_proj,gptq,12288,4096,0,0.0020525455474853516,0.0014169613520304363,16.6319053175921,0.01608372174051124,75.6961669921875,58.37586975097656,51.88063430786133,92.69218444824219,64.7154541015625,79.55794525146484,0.4658169746398926,16.62554931640625,0.04235006496310234,"2,29,7,16,4,13,12,30,5,11,0,8,34,17,26,65",73.39427185058594,,,,,0,30.052181243896484,35.18054962158203,36.81324005126953,46.39086151123047,"1.179,1.179,0.811,0.827,0.845,0.857,0.844,0.805",2047.4681396484375,2621.36181640625,"174.3,174.3,1804,2624,2824,2996,2992,2791",48.75129699707031,57.65208053588867,"26.86,26.86,47.47,55.73,57.23,58.39,59.06,58.4","3.208,3.208,4.98,5.986,6.225,6.403,6.411,6.193","2.954,2.954,5.53,6.585,6.773,6.917,6.979,6.901",8803,0.0004927764530293643,310,0.0006732886540703475,"8,29,19,4,79,30,6,66",0.049911729991436005,0.4955241084098816,0.5118204951286316,"0.24,0.31,0.421,0.212,0.372,0.336,0.259,0.453","6.3,6.02,5.83,5.81,5.2,3.98,3.67,3.49","0.00237,-0.000435,0.00513,-0.000263,-0.000977,-8.11e-05,0.00193,-0.00249","0.00281,0,0.00562,0,0,0,0.00281,-0.00281","0.00281,0,0.00562,0,0,0,0.00281,-0.00281",0.0159912109375,0.018159842118620872,1,0.1381811797618866,0.04988095909357071
6,down_proj,gptq,4096,12288,0,0.002010941505432129,0.0014184117317199707,25.62422694609762,0.02512259388343944,85.61791229248047,58.72968673706055,0.2123248130083084,0.39838653802871704,0.38629674911499023,0.5538492202758789,0.6634771227836609,25.612367630004883,0.0553310364484787,"169,655,100,3,10,4,0,724,18,488,19,571,17,8,20,24",132.85316467285156,,,,,0,0.20173165202140808,0.370212584733963,0.20363222062587738,0.20080827176570892,"0.058,0.058,0.329,1.192,1.096,1.101,1.040,1.020",6816.9501953125,10623.87890625,"203.7,203.7,3333,7920,1.017e+04,1.053e+04,1.105e+04,1.112e+04",7.104280471801758,6.326165199279785,"4.027,4.027,18.31,5.383,6.017,6.117,6.426,6.523","0.07357,0.07357,0.7821,0.4139,0.4411,0.4506,0.4585,0.4606","0.3052,0.3052,1.364,0.3791,0.4212,0.4294,0.4496,0.4561",0,0.0056788683868944645,0,0.009627735242247581,"9397,5452,153,0,2328,3508,1069,9551",0.11904116719961166,0.32666015625,0.329681396484375,"0.293,0.287,0.315,0.253,0.294,0.297,0.276,0.259","0.785,0.754,0.501,0.483,0.48,0.467,0.454,0.421","-0.00885,0.000172,-0.0503,-0.0344,0.00249,0.0187,-0.00458,-0.0221","0,0,-0.0667,-0.0667,0,0.0116,0,-0.0165","-0.0105,0,-0.0424,-0.0667,0,0.0151,0,-0.0239",0.2333984375,0.2000558227300644,3,0.033239178359508514,0.041333336383104324
7,q_proj,gptq,4096,4096,0,0.002063155174255371,0.0014767050743103027,12.815775138435129,0.020690672289597863,48.27812957763672,34.918678283691406,46.72451400756836,115.70228576660156,59.82007598876953,104.50321960449219,0.662876307964325,12.804344177246094,0.10210192948579788,"0,29,7,30,13,73,52,65,4,19,17,34,96,8,2,36",135.48599243164062,,,,,0,28.4229736328125,50.159507751464844,32.45664596557617,55.05687713623047,"0.674,0.674,0.191,0.564,0.619,0.627,0.631,0.603",1713.9818115234375,2298.127197265625,"181.2,181.2,690.5,2315,2593,2642,2615,2494",76.64408111572266,80.9610595703125,"62.71,62.71,78.63,81.53,82.02,81.72,81.79,82.06","4.856,4.856,3.129,5.593,5.895,5.947,5.941,5.809","5.916,5.916,7.168,7.446,7.495,7.51,7.478,7.482",2470,0.0025001869071274996,3639,0.010417417623102665,"0,8,19,4,6,79,29,66",0.20510801672935486,0.412689208984375,0.424835205078125,"0.3,0.347,0.391,0.349,0.287,0.401,0.384,0.386","16.6,13.9,13.4,12.5,12.1,11.5,10.7,8.28","0.00952,0.0332,-0.0225,-0.0371,-0.0299,-0.0184,0.0203,-0.0167","0.0173,0.0346,-0.0173,-0.0346,-0.0346,-0.0173,0.0173,-0.0173","0.0173,0.0346,-0.0173,-0.0346,-0.0346,-0.0173,0.0173,-0.0173",0.060546875,0.0691964328289032,1,0.2947711646556854,0.11592964082956314
7,k_proj,gptq,1024,4096,0,0.002064228057861328,0.0015082359313964844,6.3009534371121845,0.023618923979500113,21.62192726135254,14.992254257202148,20.696964263916016,61.85488510131836,28.2694091796875,56.14254379272461,0.662876307964325,6.288846969604492,0.13813477754592896,"0,29,13,30,17,7,73,52,36,65,34,4,19,96,16,8",135.48599243164062,,,,,0,13.712093353271484,27.019018173217773,14.941398620605469,28.953107833862305,"0.635,0.635,0.151,0.484,0.584,0.581,0.556,0.518",1713.9818115234375,2298.127197265625,"181.2,181.2,690.5,2315,2593,2642,2615,2494",76.64408111572266,80.9610595703125,"62.71,62.71,78.63,81.53,82.02,81.72,81.79,82.06","3.562,3.562,2.101,3.867,4.093,4.08,4.016,3.927","4.471,4.471,5.407,5.556,5.356,5.351,5.385,5.455",948,0.010999063029885292,940,0.014425822533667088,"0,8,19,4,6,79,29,66",0.31082823872566223,0.418701171875,0.4306640625,"0.22,0.257,0.335,0.252,0.259,0.329,0.309,0.322","16.6,13.9,13.4,12.5,12.1,11.5,10.7,8.28","0.00641,-0.000275,0.00531,-0.0245,-0.0437,0.0206,0.000257,-0.00745","0,0,0,-0.0253,-0.0505,0.0253,0,0","0,0,0,-0.0253,-0.0505,0.0253,0,0",0.08837890625,0.0757533460855484,1,0.4292939007282257,0.1440228521823883
7,v_proj,gptq,1024,4096,0,0.002056121826171875,0.0014698505401611328,0.9795660920306091,0.01782894766608238,4.110418319702148,3.0967390537261963,4.018319606781006,8.369531631469727,4.598130226135254,6.975983619689941,0.662876307964325,0.9777047634124756,0.05777295306324959,"0,29,30,13,7,4,17,52,65,19,73,34,96,36,8,16",135.48599243164062,,,,,0,2.105163097381592,3.229968786239624,2.6437695026397705,3.9167704582214355,"0.759,0.759,0.228,0.703,0.731,0.740,0.715,0.695",1713.9818115234375,2298.127197265625,"181.2,181.2,690.5,2315,2593,2642,2615,2494",76.64408111572266,80.9610595703125,"62.71,62.71,78.63,81.53,82.02,81.72,81.79,82.06","0.857,0.857,0.9063,1.655,1.733,1.732,1.719,1.69","0.9837,0.9837,1.899,1.974,2.028,2.014,2.032,2.027",660,0.009184693917632103,940,0.009748483076691628,"0,8,19,4,6,79,29,66",0.11628745496273041,0.550537109375,0.582275390625,"0.0385,0.0422,0.0777,0.0384,0.0482,0.0601,0.0653,0.0698","16.6,13.9,13.4,12.5,12.1,11.5,10.7,8.28","0.000702,-0.000549,0.000523,0.000595,-7.15e-05,0.00208,0.00153,-0.002","0,0,0,0,0,0.00255,0.00255,-0.00255","0,0,0,0,0,0.00391,0,-0.00391",0.0164794921875,0.01772427186369896,1,0.1661069691181183,0.11687885969877243
7,o_proj,gptq,4096,4096,0,0.0021027326583862305,0.0014508962631225586,9.935273295669845,0.035007002857097486,27.59130096435547,16.170209884643555,0.0692904070019722,0.25776341557502747,0.04625621438026428,0.18380428850650787,0.6219062209129333,9.917028427124023,0.0559823215007782,"2838,2710,3117,2582,2020,1944,2966,3653,3373,1892,1995,3245,498,1202,1636,3205",27.02435302734375,,,,,0,0.014527897350490093,0.09210912138223648,0.03490907698869705,0.09647973626852036,"0.021,0.021,0.052,0.155,0.272,0.210,0.231,0.329",671.9059448242188,1536.62060546875,"86.83,86.83,184.3,938.6,1102,763.2,855.4,1358",4.750683784484863,4.9320902824401855,"4.836,4.836,4.826,4.628,4.821,4.533,4.576,4.95","0.04602,0.04602,0.0709,0.1167,0.1572,0.1313,0.1398,0.1785","0.3143,0.3143,0.3113,0.2962,0.3015,0.2866,0.291,0.3114",0,0.005321265663951635,0,0.011064823716878891,"2838,2966,2582,2710,1867,1739,1611,1995",0.6479704976081848,0.317108154296875,0.31878662109375,"0.246,0.292,0.279,0.229,0.243,0.336,0.273,0.253","1.26,1.21,1.19,1.14,0.642,0.613,0.606,0.605","0.0479,-0.0266,-0.0588,0.0564,-0.0117,-0.00458,-0.0157,0.0118","0.0435,-0.0435,-0.0435,0.0435,0,0,0,0","0.041,-0.0352,-0.0504,0.0483,-0.0107,-0.00527,-0.0176,0.00875",0.2080078125,0.1897626519203186,2,0.011465447023510933,0.03171617537736893
7,gate_proj,gptq,12288,4096,0,0.0020457307497660318,0.0014690558115641277,21.969865956645663,0.01659748863935977,97.42225646972656,74.48040771484375,69.84442138671875,129.54922485351562,89.11713409423828,113.637939453125,0.46790462732315063,21.95326805114746,0.0623115673661232,"2,29,4,7,0,16,13,17,5,65,12,30,26,52,8,11",86.13436126708984,,,,,0,40.242584228515625,50.55972671508789,51.135257720947266,64.83251953125,"1.162,1.162,0.309,0.799,0.844,0.848,0.833,0.800",1919.76708984375,2658.370361328125,"182.5,182.5,735,2616,2890,2957,2968,2826",50.483489990234375,58.9039421081543,"29.49,29.49,49.8,57.18,58.89,59.41,59.98,59.63","4.516,4.516,3.759,6.96,7.374,7.459,7.456,7.279","4.19,4.19,6.764,7.787,8.028,8.098,8.169,8.137",25,0.0007963181124068797,543,0.0013593302574008703,"8,19,4,29,79,6,66,0",0.06573282927274704,0.2823995053768158,0.2836507260799408,"0.653,0.582,0.722,0.66,0.608,0.62,0.577,0.581","6.76,6.55,6.16,5.77,4.76,4.57,4.17,4.01","-0.00958,-0.00668,-0.005,0.0225,0.00519,0.0198,0.0129,-0.0131","-0.0097,-0.0097,-0.0097,0.0194,0.0097,0.0194,0.0097,-0.0097","-0.0097,-0.0097,-0.0097,0.0194,0.0097,0.0194,0.0097,-0.0097",0.037841796875,0.04040248692035675,1,0.20807453989982605,0.1113644540309906
7,up_proj,gptq,12288,4096,0,0.002044200897216797,0.0014230012893676758,16.94897295831106,0.016059861985813266,77.25878143310547,59.59675598144531,55.94770050048828,98.3995361328125,69.12328338623047,84.53926086425781,0.46790462732315063,16.93955421447754,0.04590154066681862,"2,29,7,4,0,13,5,16,17,65,30,12,26,52,8,34",86.13436126708984,,,,,0,30.945236206054688,37.471256256103516,40.32477569580078,48.87425994873047,"1.127,1.127,0.338,0.839,0.888,0.892,0.871,0.843",1919.76708984375,2658.370361328125,"182.5,182.5,735,2616,2890,2957,2968,2826",50.483489990234375,58.9039421081543,"29.49,29.49,49.8,57.18,58.89,59.41,59.98,59.63","3.436,3.436,3.366,6.208,6.573,6.655,6.653,6.505","3.237,3.237,5.793,6.776,6.976,7.045,7.131,7.085",8418,0.0006402839790098369,9347,0.00086241151439026,"8,19,4,29,79,6,66,0",0.047275643795728683,0.5099996328353882,0.52862548828125,"0.247,0.423,0.207,0.32,0.394,0.256,0.453,0.279","6.76,6.55,6.16,5.77,4.76,4.57,4.17,4.01","-0.000919,0.000313,-0.000347,0.00153,0.00188,0.000311,0.0032,0.000205","0,0,0,0,0.00303,0,0.00303,0","0,0,0,0.00303,0.00303,0,0.00303,0",0.0185546875,0.018466893583536148,1,0.1663118600845337,0.04506648704409599
7,down_proj,gptq,4096,12288,0,0.0020035107930501304,0.0014130075772603352,25.484596032163154,0.02428390344536763,87.87635803222656,61.19581985473633,0.2306554764509201,0.41605812311172485,0.31790316104888916,0.36571672558784485,0.2994063198566437,25.465866088867188,0.05864981934428215,"187,1,539,0,10633,11,11343,50,15,114,7259,1019,147,12,753,4",121.51001739501953,,,,,0,0.13052146136760712,0.17491503059864044,0.208267942070961,0.20824763178825378,"0.078,0.078,0.115,1.032,1.017,1.066,1.055,1.005",6155.4677734375,9898.6787109375,"194.2,194.2,1119,7618,9458,1.01e+04,1.007e+04,1.049e+04",5.484346389770508,6.299478530883789,"3.062,3.062,7.073,5.53,6.137,6.228,6.259,6.523","0.06926,0.06926,0.1892,0.4014,0.4422,0.4588,0.4596,0.4695","0.2476,0.2476,0.558,0.3951,0.4384,0.4444,0.4475,0.4683",0,0.006491725333034992,0,0.008618729189038277,"6288,3341,2938,0,825,17,1894,1479",0.11336103081703186,0.35498046875,0.357574462890625,"0.294,0.296,0.308,0.251,0.319,0.253,0.275,0.244","1.02,0.585,0.525,0.481,0.437,0.397,0.388,0.325","-0.00141,0.0289,0.00589,-0.041,0.00418,-0.00613,0.0106,0.0232","0,0.0222,0,-0.0695,0,0,0.0183,0.0231","0,0.0303,0,-0.0695,0,0,0.0175,0.0191",0.2431640625,0.2779017984867096,1,0.03562695160508156,0.04070239141583443
8,q_proj,gptq,4096,4096,0,0.0020582079887390137,0.0014800429344177246,13.004158532912697,0.02017823943155111,49.97905731201172,36.359493255615234,52.39573669433594,124.5088119506836,67.30360412597656,114.39227294921875,0.7007831335067749,12.990400314331055,0.10639312863349915,"0,29,4,65,19,7,13,17,30,16,36,8,52,73,34,96",136.9452667236328,,,,,0,32.57676696777344,55.160282135009766,36.292789459228516,59.85800552368164,"0.792,0.792,0.149,0.590,0.632,0.662,0.635,0.612",1690.4739990234375,2301.5791015625,"186.8,186.8,555.1,2316,2548,2659,2593,2479",77.55033111572266,81.28699493408203,"65.21,65.21,79.29,81.86,82.43,82.12,82.11,82.18","5.55,5.55,2.987,5.923,6.23,6.33,6.236,6.103","6.235,6.235,7.751,7.709,7.835,7.779,7.828,7.8",2231,0.0054870545864105225,3570,0.004831968806684017,"0,19,8,6,4,29,79,66",0.19149933755397797,0.421295166015625,0.42486572265625,"0.312,0.384,0.403,0.331,0.393,0.395,0.404,0.41","15.7,15.3,13.7,12.6,12,9,8.7,8.17","-0.0036,-0.00696,-0.00034,0.00565,-0.00291,-0.0195,0.0034,-0.00543","0,0,0,0,0,-0.0261,0,0","0,-0.0123,0,0,0,-0.0247,0,0",0.09130859375,0.0782645121216774,1,0.4614604413509369,0.26071590185165405
8,k_proj,gptq,1024,4096,0,0.0020668506622314453,0.0014777183532714844,6.670406266453938,0.02343418283287317,23.065696716308594,16.056753158569336,23.892026901245117,71.00209045410156,33.481712341308594,68.87134552001953,0.7007831335067749,6.666006088256836,0.1547396034002304,"0,13,29,19,17,4,65,7,73,16,30,36,52,34,8,96",136.9452667236328,,,,,0,17.005762100219727,33.38336944580078,17.0010929107666,35.60722351074219,"0.829,0.829,0.127,0.446,0.486,0.517,0.508,0.484",1690.4739990234375,2301.5791015625,"186.8,186.8,555.1,2316,2548,2659,2593,2479",77.55033111572266,81.28699493408203,"65.21,65.21,79.29,81.86,82.43,82.12,82.11,82.18","4.674,4.674,2.085,4.006,4.244,4.283,4.262,4.175","5.134,5.134,5.842,5.997,6.086,5.958,5.977,6.001",223,0.008372213691473007,570,0.023298194631934166,"0,19,8,6,4,29,79,66",0.28307822346687317,0.396728515625,0.403076171875,"0.249,0.396,0.292,0.302,0.301,0.378,0.38,0.384","15.7,15.3,13.7,12.6,12,9,8.7,8.17","0.00137,0.00111,0.000416,6.29e-06,-0.000774,0.00038,0.00708,-0.0134","0,0,0,0,0,0,0.00771,-0.0154","0,0,0,0,0,0,0.00771,-0.0154",0.043212890625,0.04484743997454643,1,0.38836634159088135,0.13454830646514893
8,v_proj,gptq,1024,4096,0,0.002084016799926758,0.0014727115631103516,1.2111041115368835,0.01652533488632925,5.413332462310791,4.152220249176025,5.788771629333496,10.649101257324219,6.233123779296875,8.731284141540527,0.7007831335067749,1.2089557647705078,0.04535849392414093,"0,13,19,65,29,17,7,16,4,52,36,30,73,34,8,38",136.9452667236328,,,,,0,2.8059470653533936,4.058615207672119,3.6858603954315186,4.960196495056152,"0.651,0.651,0.244,0.750,0.731,0.792,0.749,0.761",1690.4739990234375,2301.5791015625,"186.8,186.8,555.1,2316,2548,2659,2593,2479",77.55033111572266,81.28699493408203,"65.21,65.21,79.29,81.86,82.43,82.12,82.11,82.18","0.8662,0.8662,0.945,1.924,2.008,2.065,2.017,1.997","1.073,1.073,1.914,2.221,2.348,2.32,2.331,2.289",788,0.010234312154352665,406,0.009605012834072113,"0,19,8,6,4,29,79,66",0.07795879244804382,0.5703125,0.6009521484375,"0.0389,0.0645,0.0384,0.0444,0.0363,0.0533,0.0635,0.0714","15.7,15.3,13.7,12.6,12,9,8.7,8.17","-5.1e-05,-0.00192,-0.000103,-0.000212,-0.000469,-0.00104,0.0065,1.56e-06","0,-0.00218,0,0,0,-0.00218,0.00654,0","0,-0.00218,0,0,0,0,0.00654,0",0.0244140625,0.02718476578593254,1,0.2031419277191162,0.1394563764333725
8,o_proj,gptq,4096,4096,0,0.002115964889526367,0.001452028751373291,11.16677166050522,0.034406589677653296,32.10865020751953,18.481590270996094,0.11820290982723236,0.37632960081100464,0.07770614326000214,0.23659992218017578,0.6831388473510742,11.142595291137695,0.03769112378358841,"1099,3634,2110,3762,2238,4018,3646,3890,3902,1297,4030,539,3774,923,795,1090",24.028213500976562,,,,,0,0.02048778533935547,0.10732018947601318,0.060004472732543945,0.13068553805351257,"0.038,0.038,0.085,0.208,0.248,0.224,0.348,0.395",475.7844543457031,1527.8385009765625,"107.6,107.6,183.8,408.6,522.4,461.1,831.9,1183",5.198587417602539,5.684192180633545,"5.929,5.929,4.924,4.888,4.8,4.61,5.097,5.412","0.07062,0.07062,0.09001,0.1436,0.1527,0.1386,0.1893,0.2165","0.3626,0.3626,0.3082,0.3149,0.3067,0.293,0.321,0.3443",0,0.010137966834008694,0,0.010839241556823254,"3634,4018,3762,3890,2574,2958,2702,795",0.5488028526306152,0.33984375,0.34326171875,"0.225,0.218,0.3,0.277,0.239,0.254,0.242,0.219","1.22,1.18,0.953,0.895,0.671,0.655,0.637,0.634","0.0182,0.0234,0.102,-0.0298,-0.0124,-0.0732,0.0381,0.016","0,0.0485,0.0971,-0.0485,0,-0.0971,0.0485,0","0.0197,0.024,0.0971,-0.0223,-0.0153,-0.0837,0.0347,0.0163",0.169921875,0.15248674154281616,1,0.015378039330244064,0.031928036361932755
8,gate_proj,gptq,12288,4096,0,0.00203786293665568,0.0014655788739522297,21.45860817897119,0.016601285292669646,95.18020629882812,72.76470184326172,68.16410064697266,130.08270263671875,89.46835327148438,118.88200378417969,0.5040424466133118,21.4530086517334,0.07700367271900177,"0,2,4,29,7,13,16,5,12,8,17,65,52,19,11,30",89.42007446289062,,,,,0,40.536354064941406,53.72806167602539,50.61181640625,66.14147186279297,"1.041,1.041,0.230,0.752,0.795,0.815,0.796,0.774",1856.768798828125,2646.801025390625,"184.8,184.8,583.3,2483,2800,2930,2903,2785",52.60358428955078,59.87540054321289,"36.38,36.38,50.72,57.29,59.45,60.1,60.43,60.07","5.383,5.383,3.403,6.754,7.155,7.328,7.289,7.15","5.275,5.275,7.094,7.791,8.027,8.119,8.17,8.126",509,0.0018388162134215236,48,0.0019402591278776526,"8,19,4,29,6,0,66,14",0.08479313552379608,0.290557861328125,0.2923482358455658,"0.678,0.594,0.754,0.694,0.615,0.55,0.591,0.598","7.83,7.53,5.64,5.33,5.26,5.05,4.15,3.9","-0.000614,0.0109,0.016,-0.0134,0.0261,-0.0114,0.0145,0.00552","0,0.00746,0.0149,-0.0149,0.0224,-0.0149,0.0149,0.00746","0,0.00746,0.0149,-0.0149,0.0224,-0.0149,0.0149,0.00746",0.038330078125,0.0449075922369957,1,0.30682337284088135,0.13955268263816833
8,up_proj,gptq,12288,4096,0,0.0020472009976704917,0.001422603925069173,17.571648806526355,0.01590047966706527,80.66445922851562,62.31928253173828,58.35310363769531,104.38876342773438,73.12788391113281,92.80714416503906,0.5040424466133118,17.571060180664062,0.05632736161351204,"2,0,29,4,7,13,5,8,12,16,17,65,52,19,30,26",89.42007446289062,,,,,0,32.615455627441406,41.3602180480957,42.41427230834961,52.848751068115234,"1.025,1.025,0.263,0.806,0.840,0.850,0.839,0.815",1856.768798828125,2646.801025390625,"184.8,184.8,583.3,2483,2800,2930,2903,2785",52.60358428955078,59.87540054321289,"36.38,36.38,50.72,57.29,59.45,60.1,60.43,60.07","4.199,4.199,3.086,6.194,6.589,6.748,6.736,6.591","4.148,4.148,6.018,6.899,7.191,7.319,7.354,7.301",331,0.0006872036610729992,5,0.001522562699392438,"8,19,4,29,6,0,66,14",0.05953209474682808,0.4889323115348816,0.5041097402572632,"0.292,0.444,0.242,0.385,0.267,0.279,0.466,0.457","7.83,7.53,5.64,5.33,5.26,5.05,4.15,3.9","0.00317,0.00531,7.58e-05,-0.00958,0.00366,-0.00427,0.0116,-0.0027","0,0.00841,0,-0.00841,0,-0.00841,0.00841,0","0,0.00841,0,-0.00841,0,-0.00841,0.00841,0",0.0294189453125,0.02615368925035,1,0.1727318912744522,0.09872625768184662
8,down_proj,gptq,4096,12288,0,0.0020062526067097983,0.0014289021492004395,27.215025395243174,0.025150782305881227,91.89781188964844,63.29874801635742,0.2488097995519638,0.4962279498577118,0.3630998134613037,0.9720771312713623,0.7440848350524902,27.18758201599121,0.08049532771110535,"5,3,313,17,9,20,309,7,743,18,343,116,40,3175,24,66",158.87417602539062,,,,,0,0.1440623253583908,0.6300247311592102,0.24045339226722717,0.3154721260070801,"0.008,0.008,0.317,0.836,0.881,0.972,0.987,0.963",6044.01904296875,10430.826171875,"216.5,216.5,765.9,7290,8907,9929,1.054e+04,1.049e+04",8.318507194519043,7.294673442840576,"15.33,15.33,3.204,6.011,6.503,6.568,6.751,6.845","0.1238,0.1238,0.1377,0.412,0.4622,0.4799,0.4949,0.4942","1.378,1.378,0.2444,0.4506,0.4923,0.4868,0.4981,0.5037",0,0.009027873165905476,0,0.004853360820561647,"222,3,488,0,1,666,8,813",0.16213855147361755,0.406280517578125,0.416778564453125,"0.36,0.333,0.275,0.29,0.277,0.263,0.227,0.275","1.84,0.695,0.512,0.496,0.475,0.445,0.413,0.406","0.0271,0.268,0.0145,0.0256,0.0481,-0.0114,-0.00308,-0.0479","0,0.229,0.0352,0,0.0765,0,0,-0.0361","0.0279,0.229,0,0,0.0765,0,0,-0.0608",0.267578125,0.3058035969734192,1,0.043911781162023544,0.03429829329252243
9,q_proj,gptq,4096,4096,0,0.002051234245300293,0.001483917236328125,12.477228746774927,0.019610716726934218,48.802284240722656,35.78855514526367,52.75157165527344,121.3560791015625,63.732513427734375,109.4112319946289,0.6417348980903625,12.446089744567871,0.10662516951560974,"0,4,8,13,17,65,36,19,73,29,52,16,7,96,30,34",133.92196655273438,,,,,0,30.587268829345703,51.94895553588867,34.794857025146484,58.68035888671875,"0.764,0.764,0.170,0.607,0.618,0.655,0.625,0.600",1638.35791015625,2242.06201171875,"191.3,191.3,531.2,2277,2459,2565,2488,2404",79.05924987792969,82.64107513427734,"66.83,66.83,80.16,83.51,84.26,83.64,83.51,83.74","5.131,5.131,2.962,5.884,6.106,6.204,6.098,5.974","5.871,5.871,7.183,7.551,7.766,7.666,7.711,7.714",1893,0.0023914191406220198,2918,0.00759458402171731,"0,19,6,8,4,66,65,79",0.19591104984283447,0.444732666015625,0.454132080078125,"0.295,0.356,0.294,0.339,0.322,0.352,0.384,0.356","16.7,15.7,14.1,14,11.5,9.42,8.4,7.98","0.0215,0.00279,-0.0269,0.032,-0.0361,-0.00662,-0.0322,-0.00549","0.0272,0,-0.0272,0.0272,-0.0408,0,-0.0272,0","0.0272,0,-0.0272,0.0272,-0.0408,0,-0.0272,0",0.047607421875,0.0544084832072258,1,0.2986178994178772,0.20249401032924652
9,k_proj,gptq,1024,4096,0,0.002053499221801758,0.0014510154724121094,6.077045072632245,0.02232029533511763,21.628559112548828,15.265349388122559,23.01683235168457,61.44532775878906,29.59421157836914,56.600189208984375,0.6417348980903625,6.057438850402832,0.15341103076934814,"0,4,8,17,13,36,19,65,29,7,52,73,16,34,30,5",133.92196655273438,,,,,0,14.5331392288208,27.737442016601562,15.785073280334473,29.283348083496094,"0.701,0.701,0.138,0.533,0.543,0.577,0.553,0.536",1638.35791015625,2242.06201171875,"191.3,191.3,531.2,2277,2459,2565,2488,2404",79.05924987792969,82.64107513427734,"66.83,66.83,80.16,83.51,84.26,83.64,83.51,83.74","3.799,3.799,1.984,4.06,4.13,4.167,4.06,4.009","4.536,4.536,5.343,5.56,5.604,5.486,5.46,5.474",817,0.0076216235756874084,102,0.017283504828810692,"0,19,6,8,4,66,65,79",0.3300624191761017,0.4337158203125,0.4398193359375,"0.219,0.35,0.26,0.264,0.261,0.319,0.312,0.335","16.7,15.7,14.1,14,11.5,9.42,8.4,7.98","-0.00325,-0.00371,-0.000744,-0.00787,0.00046,-0.0366,-0.0255,0.0171","0,0,0,-0.0126,0,-0.0377,-0.0251,0.0126","0,0,0,-0.0126,0,-0.0377,-0.0251,0.0126",0.048095703125,0.0502232164144516,1,0.3605913519859314,0.28720220923423767
9,v_proj,gptq,1024,4096,0,0.002045869827270508,0.0014538764953613281,1.1216254744972503,0.017083866673341178,4.876889228820801,3.7114806175231934,5.360583305358887,10.440561294555664,5.651094436645508,8.209062576293945,0.6417348980903625,1.1226094961166382,0.057521991431713104,"0,4,17,65,13,19,8,36,52,73,16,29,7,34,30,5",133.92196655273438,,,,,0,2.5521397590637207,3.8222391605377197,3.3523247241973877,4.659505367279053,"0.702,0.702,0.217,0.714,0.713,0.743,0.740,0.727",1638.35791015625,2242.06201171875,"191.3,191.3,531.2,2277,2459,2565,2488,2404",79.05924987792969,82.64107513427734,"66.83,66.83,80.16,83.51,84.26,83.64,83.51,83.74","0.8854,0.8854,0.8682,1.847,1.905,1.942,1.919,1.898","1.056,1.056,1.865,2.185,2.256,2.254,2.23,2.226",8,0.006751062348484993,452,0.010165357030928135,"0,19,6,8,4,66,65,79",0.09700973331928253,0.6077880859375,0.6309814453125,"0.0396,0.0725,0.0391,0.0379,0.0358,0.0677,0.0505,0.0644","16.7,15.7,14.1,14,11.5,9.42,8.4,7.98","0.000136,-0.000492,-0.000187,-0.00058,3.58e-05,0.000294,-0.000216,-0.000889","0,0,0,0,0,0,0,0","0,0,0,0,0,0,0,-0.00171",0.0205078125,0.020240334793925285,1,0.15649546682834625,0.05614255368709564
9,o_proj,gptq,4096,4096,0,0.002107977867126465,0.0014423727989196777,10.229985266961648,0.03320675590464328,29.509769439697266,17.520984649658203,0.12843966484069824,0.4946104884147644,0.08447742462158203,0.3572044372558594,0.7868017554283142,10.204553604125977,0.051223691552877426,"3343,3215,3087,3471,2916,1569,1825,3044,2310,2613,649,2660,2856,2182,2788,712",53.26320266723633,,,,,0,0.020771251991391182,0.1672392189502716,0.06385008990764618,0.18855975568294525,"0.042,0.042,0.038,0.109,0.133,0.152,0.214,0.259",436.6578674316406,1466.7095947265625,"93.03,93.03,128.3,390.5,460.7,515.4,775,1037",6.0903167724609375,6.62153434753418,"6.17,6.17,6.038,6.011,6.016,5.879,6.089,6.349","0.08411,0.08411,0.07973,0.137,0.1489,0.1544,0.1872,0.2141","0.4082,0.4082,0.4109,0.4144,0.4085,0.3954,0.4048,0.4207",0,0.01638123206794262,0,0.0946848914027214,"2788,2916,2660,3044,3471,3343,3087,3215",1.1322176456451416,0.325836181640625,0.31591796875,"0.355,0.231,0.26,0.219,0.26,0.239,0.295,0.27","1.38,1.38,1.37,1.36,1.26,1.24,1.23,1.22","-0.0515,0.0471,-0.0083,0.0581,-0.0591,-0.0172,-0.0457,0.0334","-0.0483,0.0483,0,0.0483,-0.0483,0,-0.0483,0.0483","-0.0442,0.0404,-0.0148,0.0498,-0.0506,-0.0139,-0.0391,0.0331",0.181640625,0.18439660966396332,1,0.019063405692577362,0.12570516765117645
9,gate_proj,gptq,12288,4096,0,0.0020651419957478843,0.001471082369486491,21.928194875610643,0.017018968336811678,95.44183349609375,72.46582794189453,70.08979797363281,135.06515502929688,88.58129119873047,119.05606079101562,0.5723565220832825,21.918087005615234,0.0776200070977211,"0,4,7,29,2,16,8,13,5,17,12,11,65,19,25,36",74.47064208984375,,,,,0,39.978885650634766,54.20139694213867,50.550270080566406,66.20669555664062,"1.082,1.082,0.209,0.719,0.758,0.803,0.788,0.768",1793.330810546875,2578.308349609375,"190,190,550.3,2376,2673,2832,2810,2726",52.43769454956055,59.892940521240234,"34.63,34.63,50.8,58.11,60.06,60.35,60.55,60.38","5.278,5.278,3.317,6.695,7.088,7.329,7.276,7.168","5.074,5.074,7.254,7.894,8.139,8.177,8.196,8.181",149,0.0015380254480987787,7,0.0023413992021232843,"19,8,6,0,4,66,29,14",0.0979330986738205,0.2896016538143158,0.2920125424861908,"0.62,0.701,0.638,0.58,0.777,0.594,0.692,0.609","8.28,7.94,6.22,5.87,5.41,4.77,4.73,4.22","0.00549,-0.0176,0.0352,-0.0142,0.0147,0.0133,-0.0223,0.0247","0.01,-0.0201,0.0301,-0.01,0.01,0.01,-0.0201,0.0301","0.01,-0.0201,0.0301,-0.01,0.01,0.01,-0.0201,0.0201",0.04931640625,0.04875711724162102,1,0.2779681086540222,0.12819628417491913
9,up_proj,gptq,12288,4096,0,0.002051194508870443,0.001435995101928711,18.10029136281082,0.016230239661990702,81.8033447265625,62.85606002807617,60.782928466796875,109.20294952392578,73.26467895507812,93.42243957519531,0.5723565220832825,18.08946990966797,0.05497891828417778,"0,4,7,29,2,8,16,13,5,17,12,11,19,65,36,25",74.47064208984375,,,,,0,32.38370895385742,41.81981658935547,42.94142532348633,53.331817626953125,"1.061,1.061,0.266,0.766,0.797,0.838,0.827,0.813",1793.330810546875,2578.308349609375,"190,190,550.3,2376,2673,2832,2810,2726",52.43769454956055,59.892940521240234,"34.63,34.63,50.8,58.11,60.06,60.35,60.55,60.38","3.999,3.999,3.065,6.231,6.591,6.769,6.735,6.652","3.882,3.882,5.94,7.119,7.381,7.396,7.408,7.375",4524,0.0009791766060516238,1,0.0020450325682759285,"19,8,6,0,4,66,29,14",0.06569314748048782,0.4857991635799408,0.4935506284236908,"0.448,0.307,0.262,0.246,0.254,0.465,0.401,0.456","8.28,7.94,6.22,5.87,5.41,4.77,4.73,4.22","-0.00345,-0.00285,0.00409,-0.000813,-0.000234,-0.000763,-0.0036,-0.00198","-0.00481,-0.00481,0.00481,0,0,0,-0.00481,-0.00481","-0.00481,-0.00481,0.00481,0,0,0,-0.00481,0",0.01953125,0.016984064131975174,1,0.20624913275241852,0.05782991647720337
9,down_proj,gptq,4096,12288,0,0.0020010670026143393,0.0014279882113138835,28.85923870258046,0.026422250543559896,94.49144744873047,64.14360046386719,0.26693469285964966,0.5430018305778503,0.36246469616889954,0.4236576557159424,0.4857008457183838,28.838956832885742,0.055453017354011536,"1,8,11,1739,1394,3,37,2612,71,398,872,214,21,380,1683,3425",112.11078643798828,,,,,0,0.14108170568943024,0.18362374603748322,0.23975680768489838,0.2544090449810028,"0.056,0.056,0.275,0.902,0.941,0.994,1.006,0.963",5675.54296875,9649.376953125,"199.9,199.9,748,7262,8417,9019,1.008e+04,9477",5.412622928619385,6.779633045196533,"3.667,3.667,3.468,6.027,6.407,6.454,6.836,6.776","0.08546,0.08546,0.1405,0.4211,0.4553,0.4724,0.5007,0.4856","0.3616,0.3616,0.2682,0.4434,0.4694,0.4737,0.4992,0.495",0,0.008586918003857136,0,0.019329534843564034,"125,1164,79,0,5735,3148,12243,395",0.17038239538669586,0.338531494140625,0.3397216796875,"0.295,0.33,0.244,0.301,0.264,0.313,0.301,0.289","1.22,0.889,0.77,0.704,0.511,0.477,0.403,0.376","0.00909,-0.00168,-0.00854,-0.0177,0.0254,-0.00206,-0.0232,-0.0483","0,0,0,0,0.0231,0,-0.0259,-0.0482","0,0,0,0,0.0233,0,-0.0222,-0.0494",0.28125,0.3214285969734192,1,0.0421927236020565,0.06526471674442291
10,q_proj,gptq,4096,4096,0,0.002059757709503174,0.0014606714248657227,13.288207482750295,0.019993642430062412,51.27830505371094,37.35866928100586,60.94423294067383,134.6136474609375,71.00759887695312,116.71095275878906,0.6923828721046448,13.275872230529785,0.0949099212884903,"0,19,4,65,34,13,73,36,29,17,96,8,25,16,30,66",103.60289764404297,,,,,0,33.34061813354492,55.473182678222656,39.036903381347656,62.68457794189453,"0.850,0.850,0.168,0.589,0.628,0.647,0.650,0.606",1573.08349609375,2147.18994140625,"190.5,190.5,509.8,2189,2374,2448,2396,2287",80.6734619140625,84.73880004882812,"65.68,65.68,82.06,86.03,87.51,86.25,86.02,86.16","5.293,5.293,3.047,6.159,6.427,6.465,6.419,6.259","5.741,5.741,7.424,8.026,8.112,8.037,7.96,8.037",2815,0.002599212108179927,1850,0.0039972164668142796,"0,19,6,8,4,66,29,14",0.19997504353523254,0.423187255859375,0.4249267578125,"0.325,0.362,0.322,0.358,0.344,0.347,0.343,0.337","20.6,20.3,15.4,13.5,11,10.5,8.79,8.12","-0.000767,-0.0175,-0.000196,0.00114,-0.00598,0.0291,-0.0205,0.00626","0,-0.0213,0,0,-0.0107,0.032,-0.0213,0.0107","0,-0.0213,0,0,-0.0107,0.032,-0.0213,0.0107",0.044921875,0.043491195887327194,1,0.327671080827713,0.2964828908443451
10,k_proj,gptq,1024,4096,0,0.0020291805267333984,0.0015168190002441406,7.110697044365224,0.02375162482241425,24.279626846313477,16.826946258544922,28.376317977905273,78.05155944824219,36.58327865600586,71.6549301147461,0.6923828721046448,7.105281829833984,0.15431682765483856,"0,19,4,29,34,65,13,36,73,17,25,16,96,8,30,6",103.60289764404297,,,,,0,17.877086639404297,34.9609489440918,19.219160079956055,36.70332336425781,"0.800,0.800,0.121,0.480,0.501,0.553,0.544,0.511",1573.08349609375,2147.18994140625,"190.5,190.5,509.8,2189,2374,2448,2396,2287",80.6734619140625,84.73880004882812,"65.68,65.68,82.06,86.03,87.51,86.25,86.02,86.16","4.469,4.469,2.203,4.288,4.447,4.549,4.499,4.373","4.996,4.996,6.324,6.19,6.281,6.114,6.098,6.119",574,0.009559656493365765,762,0.01439343299716711,"0,19,6,8,4,66,29,14",0.32802334427833557,0.367919921875,0.37451171875,"0.219,0.412,0.349,0.31,0.305,0.364,0.38,0.424","20.6,20.3,15.4,13.5,11,10.5,8.79,8.12","0.061,0.0369,0.084,-0.0479,0.0542,0.0376,-0.0276,0.0515","0.072,0.048,0.072,-0.048,0.048,0.048,-0.024,0.048","0.072,0.048,0.072,-0.048,0.048,0.048,-0.024,0.048",0.083984375,0.0719866156578064,5,0.4347749352455139,0.4700469374656677
10,v_proj,gptq,1024,4096,0,0.002080678939819336,0.0014472007751464844,1.1070857115482795,0.017872108520508828,4.648943901062012,3.4991326332092285,5.5840582847595215,10.887303352355957,5.791744232177734,8.063652038574219,0.6923828721046448,1.1051490306854248,0.0546630397439003,"19,0,4,65,73,29,13,36,34,16,17,96,30,8,25,5",103.60289764404297,,,,,0,2.640524387359619,3.745344400405884,3.350257635116577,4.543479919433594,"0.792,0.792,0.265,0.744,0.755,0.772,0.766,0.740",1573.08349609375,2147.18994140625,"190.5,190.5,509.8,2189,2374,2448,2396,2287",80.6734619140625,84.73880004882812,"65.68,65.68,82.06,86.03,87.51,86.25,86.02,86.16","0.9968,0.9968,0.9304,1.861,1.941,1.942,1.923,1.891","1.12,1.12,1.808,2.158,2.233,2.21,2.197,2.198",434,0.005859629716724157,268,0.010846829041838646,"0,19,6,8,4,66,29,14",0.1007104143500328,0.5716552734375,0.599365234375,"0.0446,0.0632,0.0388,0.0424,0.037,0.0636,0.0635,0.0701","20.6,20.3,15.4,13.5,11,10.5,8.79,8.12","-1.65e-05,0.000437,-0.000313,-0.0009,-0.000275,0.00172,-0.00046,-0.00266","0,0,0,0,0,0.00239,0,-0.00239","0,0,0,0,0,0.00195,0,-0.00195",0.0169677734375,0.016493866220116615,1,0.1485447883605957,0.05338556319475174
10,o_proj,gptq,4096,4096,0,0.0020834803581237793,0.001432180404663086,10.122820087184664,0.03295327500742279,29.506515502929688,17.430530548095703,0.12212007492780685,0.5380637645721436,0.08462014049291611,0.2900547385215759,0.7972568869590759,10.088502883911133,0.04430144652724266,"3865,1277,3294,3550,421,3166,3704,3993,1149,1276,418,438,3422,493,4088,3609",30.077594757080078,,,,,0,0.023635201156139374,0.13041545450687408,0.06159479171037674,0.15970547497272491,"0.036,0.036,0.071,0.305,0.300,0.155,0.251,0.306",564.31103515625,1374.3897705078125,"104.5,104.5,218.6,1022,964.7,389.4,742.7,967.7",5.584343433380127,6.209157466888428,"5.807,5.807,5.528,5.484,5.501,5.154,5.599,5.795","0.07146,0.07146,0.09494,0.1983,0.1963,0.1308,0.1802,0.2061","0.3749,0.3749,0.3552,0.3593,0.3584,0.332,0.3599,0.3725",0,0.03222496062517166,0,0.008963610045611858,"385,1330,1,129,257,1458,1074,1202",0.19880688190460205,0.333160400390625,0.315277099609375,"0.254,0.221,0.206,0.333,0.262,0.353,0.259,0.226","0.963,0.865,0.863,0.842,0.84,0.825,0.815,0.8","0.0164,0.0105,0.0284,0.0167,0.0669,0.0269,0.0596,0.0104","0.0307,0,0.0307,0.0307,0.0614,0.0307,0.0614,0","0.0286,0.0179,0.0555,0.0143,0.0449,0.0243,0.0653,0.0156",0.1943359375,0.230792835354805,1,0.035231515765190125,0.033930037170648575
10,gate_proj,gptq,12288,4096,0,0.0020479758580525718,0.0014768640200297038,24.352054650138598,0.017312153608060737,104.60079193115234,79.04557800292969,83.02486419677734,158.24159240722656,108.13580322265625,141.55062866210938,0.7650384902954102,24.356678009033203,0.06929699331521988,"0,4,8,7,29,2,13,16,5,17,65,12,11,19,25,36",87.02303314208984,,,,,0,48.8661994934082,64.938720703125,61.67356491088867,78.0804672241211,"0.951,0.951,0.234,0.750,0.788,0.811,0.815,0.794",1816.198974609375,2665.670654296875,"185.8,185.8,577.3,2512,2694,2794,2836,2746",56.04146957397461,62.455936431884766,"41.75,41.75,53.53,61.2,62.18,62.39,62.89,62.64","6.062,6.062,3.712,7.481,7.754,7.901,7.97,7.85","6.215,6.215,7.674,8.636,8.735,8.772,8.83,8.808",204,0.0010939976200461388,247,0.0014994431985542178,"8,19,0,6,4,29,66,14",0.09391079097986221,0.2676188349723816,0.2672119140625,"0.808,0.656,0.596,0.674,0.79,0.729,0.617,0.667","9.29,8.28,8.19,6.74,5.4,4.9,4.73,4.29","0.00693,0.00504,-0.000633,0.0165,0.00343,-0.0125,0.00516,-0.00266","0.0104,0,0,0.0208,0,-0.0104,0.0104,0","0.0104,0,0,0.0208,0,-0.0104,0,0",0.039306640625,0.034368883818387985,1,0.25647926330566406,0.15064601600170135
10,up_proj,gptq,12288,4096,0,0.0020543535550435386,0.0014208157857259114,17.787261596662574,0.01661449183317007,78.89665222167969,60.30595397949219,63.3585205078125,113.68284606933594,78.1935806274414,97.847900390625,0.7650384902954102,17.779056549072266,0.04979183152318001,"0,4,8,7,29,2,13,16,5,17,12,11,65,19,25,6",87.02303314208984,,,,,0,34.534305572509766,43.97695541381836,45.9907341003418,55.608680725097656,"0.939,0.939,0.268,0.807,0.833,0.852,0.848,0.827",1816.198974609375,2665.670654296875,"185.8,185.8,577.3,2512,2694,2794,2836,2746",56.04146957397461,62.455936431884766,"41.75,41.75,53.53,61.2,62.18,62.39,62.89,62.64","4.269,4.269,3.163,6.514,6.761,6.873,6.925,6.819","4.405,4.405,6.11,7.249,7.407,7.446,7.522,7.5",917,0.0007623886340297759,8534,0.0007567530265077949,"8,19,0,6,4,29,66,14",0.06515002250671387,0.5008544921875,0.511566162109375,"0.289,0.45,0.222,0.248,0.253,0.387,0.454,0.429","9.29,8.28,8.19,6.74,5.4,4.9,4.73,4.29","8.82e-06,0.00107,0.000108,-0.00221,0.000248,0.00354,-0.00409,-0.00458","0,0,0,-0.00312,0,0.00312,-0.00312,-0.00312","0,0,0,-0.00312,0,0.00312,-0.00312,-0.00312",0.0216064453125,0.01995101012289524,1,0.1866668462753296,0.11437122523784637
10,down_proj,gptq,4096,12288,0,0.002010961373647054,0.0014207760492960613,29.602800050098068,0.028063127131126863,92.48420715332031,61.465545654296875,0.26760920882225037,0.5974223613739014,0.39718228578567505,0.8424964547157288,0.7019316554069519,29.560508728027344,0.06127413362264633,"6,1,69,5,623,637,194,51,4,2828,1910,145,25,2019,1798,1165",140.3656005859375,,,,,0,0.14352597296237946,0.5862646698951721,0.27452611923217773,0.2737745940685272,"0.008,0.008,0.570,0.867,0.940,1.010,1.028,0.993",5582.6904296875,11131.37890625,"216.4,216.4,910.6,6816,7490,8758,1.016e+04,1.009e+04",8.745903968811035,7.107481479644775,"17.05,17.05,3.271,6.142,6.25,6.433,6.839,6.925","0.1218,0.1218,0.1822,0.4161,0.4375,0.469,0.5022,0.4986","1.326,1.326,0.2413,0.4468,0.4513,0.4667,0.4954,0.5002",0,0.02182025834918022,0,0.00956292636692524,"294,6019,2014,0,1068,5574,3251,2",0.1792258620262146,0.344940185546875,0.345733642578125,"0.247,0.262,0.319,0.295,0.334,0.302,0.232,0.28","1.7,0.81,0.803,0.71,0.435,0.43,0.414,0.41","0.0265,-0.0366,0.0112,-0.0212,-0.00787,-0.015,0.0146,-0.0476","0,-0.0401,0,0,0,-0.018,0,-0.0932","0.0527,-0.0272,0,0,0,-0.0141,0.0244,-0.0932",0.326171875,0.2795758843421936,4,0.06462863087654114,0.0441306047141552
11,q_proj,gptq,4096,4096,0,0.0020589828491210938,0.0014843940734863281,13.439856619097554,0.021277851341604464,49.507118225097656,35.48435974121094,54.72335433959961,128.60882568359375,72.78213500976562,119.33679962158203,0.7109419107437134,13.43397045135498,0.1013551652431488,"0,19,4,34,29,36,13,65,17,73,96,8,16,25,31,7",103.72221374511719,,,,,0,34.98169708251953,57.63910675048828,39.147560119628906,61.93540954589844,"1.024,1.024,0.176,0.555,0.557,0.617,0.624,0.599",1648.297119140625,2374.618408203125,"196.7,196.7,602.1,2321,2353,2525,2545,2447",81.58802795410156,84.84810638427734,"67.72,67.72,84.53,86.87,87.4,86.24,85.97,86.26","6.233,6.233,3.267,6.039,6.098,6.3,6.305,6.196","6.158,6.158,7.795,8.105,8.17,8.018,7.983,8.002",3011,0.0028514976147562265,230,0.004656326491385698,"19,0,6,8,66,4,29,14",0.2618529498577118,0.436187744140625,0.43829345703125,"0.406,0.317,0.315,0.348,0.369,0.342,0.361,0.346","22.8,16.4,15.9,13.7,10.5,10.1,9.58,9.38","-0.00104,-0.00473,0.0131,-0.00443,0.0205,0.00415,0.0199,-0.00299","0,0,0.0114,0,0.0227,0.0114,0.0227,0","0,0,0.0114,0,0.0227,0,0.0227,0",0.048095703125,0.04389137774705887,1,0.3256085515022278,0.3081236183643341
11,k_proj,gptq,1024,4096,0,0.002081632614135742,0.0014863014221191406,7.001996508995944,0.025352755327844444,22.850139617919922,15.537612915039062,24.940574645996094,71.3267822265625,36.75627136230469,70.07432556152344,0.7109419107437134,6.982189655303955,0.1582060605287552,"0,19,29,4,34,17,13,36,73,65,96,25,31,16,8,52",103.72221374511719,,,,,0,18.485637664794922,35.20749282836914,18.879436492919922,35.048912048339844,"0.888,0.888,0.150,0.475,0.461,0.522,0.536,0.511",1648.297119140625,2374.618408203125,"196.7,196.7,602.1,2321,2353,2525,2545,2447",81.58802795410156,84.84810638427734,"67.72,67.72,84.53,86.87,87.4,86.24,85.97,86.26","4.982,4.982,2.509,4.232,4.216,4.338,4.362,4.292","5.286,5.286,6.48,6.138,6.207,6.005,5.957,6.003",814,0.006372818723320961,567,0.019540710374712944,"19,0,6,8,66,4,29,14",0.4682215750217438,0.390380859375,0.3988037109375,"0.41,0.213,0.324,0.3,0.37,0.311,0.372,0.433","22.8,16.4,15.9,13.7,10.5,10.1,9.58,9.38","1.14e-05,-0.00604,0.00418,-0.00345,-0.005,0.00534,-0.00754,0.00717","0,-0.0111,0,0,0,0,-0.0111,0.0111","0,-0.0111,0,0,0,0,-0.0111,0.0111",0.046142578125,0.047223374247550964,1,0.33657601475715637,0.12144531309604645
11,v_proj,gptq,1024,4096,0,0.0020492076873779297,0.0014905929565429688,1.382345613668349,0.018457228448851146,5.664289474487305,4.235038757324219,6.32797908782959,12.28007984161377,6.985391139984131,9.823051452636719,0.7109419107437134,1.3793468475341797,0.04644765704870224,"19,0,4,29,13,34,36,17,73,65,96,8,25,16,31,7",103.72221374511719,,,,,0,3.0293257236480713,4.5721964836120605,4.211896896362305,5.4968061447143555,"0.916,0.916,0.217,0.660,0.663,0.747,0.751,0.728",1648.297119140625,2374.618408203125,"196.7,196.7,602.1,2321,2353,2525,2545,2447",81.58802795410156,84.84810638427734,"67.72,67.72,84.53,86.87,87.4,86.24,85.97,86.26","1.043,1.043,0.9848,1.978,2.011,2.11,2.101,2.066","1.089,1.089,2.116,2.436,2.47,2.442,2.424,2.421",805,0.00505021633580327,1017,0.008812042884528637,"19,0,6,8,66,4,29,14",0.10933399200439453,0.5726318359375,0.5887451171875,"0.0594,0.0423,0.0441,0.0457,0.0675,0.0412,0.0645,0.0573","22.8,16.4,15.9,13.7,10.5,10.1,9.58,9.38","0.00226,-0.000507,-0.000748,-0.000475,0.00224,7.06e-05,-0.00166,-0.000847","0.00214,0,0,0,0.00214,0,-0.00214,0","0.00214,0,0,0,0.00214,0,-0.00214,0",0.0196533203125,0.02049947716295719,1,0.14289414882659912,0.07187339663505554
11,o_proj,gptq,4096,4096,0,0.0021095871925354004,0.0014383792877197266,11.121127936736386,0.03402262194828225,30.973451614379883,18.465682983398438,0.10925974696874619,0.4014637768268585,0.07602841407060623,0.22143501043319702,0.7897911667823792,11.096145629882812,0.04702321067452431,"2978,2987,3756,756,3064,3061,1516,2962,3017,4012,1260,3036,884,628,3026,3884",30.518888473510742,,,,,0,0.024128424003720284,0.09896094352006912,0.052759185433387756,0.12387792021036148,"0.040,0.040,0.061,0.399,0.312,0.295,0.310,0.377",480.22088623046875,1328.5892333984375,"76.93,76.93,151.8,747.4,572.2,548.1,700.4,968",4.899414539337158,5.409214019775391,"4.48,4.48,4.237,5.413,5.259,5.002,5.051,5.273","0.0596,0.0596,0.07038,0.2109,0.1814,0.1706,0.179,0.206","0.2997,0.2997,0.2843,0.3338,0.325,0.3139,0.3212,0.3355",0,0.004673354793339968,0,0.019837966188788414,"3064,3047,628,1012,756,884,2987,3756",0.6881336569786072,0.343414306640625,0.3294677734375,"0.243,0.201,0.251,0.303,0.225,0.22,0.262,0.238","1.22,1.05,0.986,0.902,0.887,0.826,0.821,0.753","0.00368,0.0141,0.0457,0.085,0.0466,0.0439,0.00818,-0.0552","0,0.0318,0.0318,0.0954,0.0636,0.0318,0,-0.0636","0,0.0171,0.0385,0.0728,0.0374,0.0377,0.00854,-0.0473",0.111328125,0.1272321492433548,1,0.012404266744852066,0.04576965793967247
11,gate_proj,gptq,12288,4096,0,0.002042849858601888,0.0014830231666564941,25.236102953596856,0.01824933453420646,104.29884338378906,77.91365051269531,81.57804107666016,156.1478271484375,97.40723419189453,129.842041015625,0.626796305179596,25.234111785888672,0.057090722024440765,"4,7,8,29,13,11,2,5,16,0,12,17,26,19,25,36",54.47844696044922,,,,,0,41.85205841064453,58.5811653137207,58.446128845214844,73.71260070800781,"1.178,1.178,0.231,0.732,0.728,0.781,0.783,0.768",1743.868408203125,2609.107666015625,"192.1,192.1,624.3,2423,2467,2680,2732,2640",52.6332893371582,61.4027099609375,"27.17,27.17,56.38,61.6,61.9,62.18,62.43,62.22","4.251,4.251,3.829,7.295,7.37,7.671,7.729,7.608","3.917,3.917,7.975,8.525,8.64,8.68,8.735,8.683",2294,0.0015704535180702806,25,0.0024503436870872974,"19,8,6,4,29,14,66,5",0.10838545858860016,0.2899577021598816,0.29217529296875,"0.6,0.696,0.583,0.744,0.665,0.613,0.588,0.667","9.59,8.79,8,5.56,5.26,4.89,4.82,4.68","-0.004,-0.00818,0.0102,0.00922,-0.000437,0.0107,-0.00215,-0.00357","-0.0067,-0.0067,0.0134,0.0067,0,0.0134,0,-0.0067","-0.0067,-0.0067,0.0134,0.0067,0,0.0134,0,-0.0067",0.032470703125,0.03603588044643402,1,0.2920796573162079,0.09655357152223587
11,up_proj,gptq,12288,4096,0,0.0020621617635091147,0.00143816073735555,19.648598007501278,0.017681621247019816,83.19642639160156,62.72950744628906,65.72273254394531,120.53575134277344,75.97406005859375,97.38346862792969,0.626796305179596,19.632904052734375,0.04404010996222496,"7,4,29,8,13,2,16,11,5,0,12,17,26,19,25,36",54.47844696044922,,,,,0,32.20478820800781,43.708030700683594,46.22248840332031,55.90836715698242,"1.157,1.157,0.251,0.736,0.752,0.814,0.824,0.805",1743.868408203125,2609.107666015625,"192.1,192.1,624.3,2423,2467,2680,2732,2640",52.6332893371582,61.4027099609375,"27.17,27.17,56.38,61.6,61.9,62.18,62.43,62.22","3.292,3.292,3.377,6.452,6.525,6.831,6.888,6.801","3.061,3.061,6.737,7.519,7.526,7.571,7.59,7.579",7552,0.0005265785148367286,1408,0.0008762122597545385,"19,8,6,4,29,14,66,5",0.08673681318759918,0.44854736328125,0.4548543393611908,"0.444,0.323,0.251,0.272,0.403,0.455,0.466,0.325","9.59,8.79,8,5.56,5.26,4.89,4.82,4.68","0.00195,0.000515,4.6e-05,0.00211,-0.000668,-0.00812,-0.00571,-0.00101","0.00277,0,0,0.00277,0,-0.00832,-0.00555,0","0.00277,0,0,0.00277,0,-0.00832,-0.00555,0",0.018310546875,0.016439635306596756,2,0.14973358809947968,0.08259420841932297
11,down_proj,gptq,4096,12288,0,0.0020042061805725098,0.0014260609944661458,28.657851856480193,0.026355858112600435,93.35670471191406,63.336368560791016,0.27475354075431824,0.5659205913543701,0.4216247797012329,0.7858297824859619,0.402957558631897,28.605989456176758,0.0679016038775444,"0,109,20,11,5,700,4,12,30,130,287,235,49,352,17,1039",267.48358154296875,,,,,0,0.18239755928516388,0.528617799282074,0.25805971026420593,0.2726869285106659,"0.220,0.220,0.131,0.832,0.861,0.961,0.964,0.935",5334.830078125,10135.8095703125,"106.1,106.1,2667,6103,6652,8378,9211,9455",7.14082145690918,7.070592403411865,"1.277,1.277,21.5,6.325,6.327,6.527,6.882,7.014","0.06474,0.06474,0.6308,0.419,0.4257,0.463,0.4882,0.4933","0.1381,0.1381,1.743,0.4594,0.4588,0.4723,0.4973,0.5101",0,0.0405731275677681,0,0.02436610870063305,"0,2881,1431,123,373,2,8364,4",0.29710981249809265,0.402801513671875,0.402587890625,"0.324,0.315,0.311,0.239,0.237,0.246,0.29,0.267","2.08,0.935,0.788,0.555,0.46,0.401,0.385,0.384","0.293,-0.0215,0.00424,-0.0289,0.0131,0.000767,-0.00449,-0.109","0.251,-0.0282,0,0,0,0,-0.0196,-0.0837","0.251,-0.0275,0,0,0,0,0,-0.0837",0.29296875,0.2511160671710968,1,0.08575040102005005,0.07161228358745575
12,q_proj,gptq,4096,4096,0,0.002071678638458252,0.0014685392379760742,14.706157476524822,0.02215654841371929,52.87123107910156,37.483863830566406,62.99845886230469,148.90478515625,72.02174377441406,130.0809326171875,0.7817602157592773,14.6890287399292,0.0962013527750969,"0,19,34,13,29,65,73,36,31,25,4,56,96,49,39,58",120.50419616699219,,,,,0,32.441261291503906,63.16338348388672,39.807979583740234,68.37495422363281,"0.923,0.923,0.106,0.497,0.489,0.560,0.563,0.552",1396.2327880859375,2060.510986328125,"192.3,192.3,391,1957,1939,2189,2189,2121",82.72980499267578,86.10591888427734,"63.04,63.04,93.67,88.26,89.22,88.41,88.14,88.05","5.48,5.48,2.932,6.006,5.993,6.336,6.323,6.226","5.705,5.705,9.006,8.522,8.568,8.47,8.429,8.382",1407,0.005010636523365974,1466,0.006283916998654604,"19,0,6,8,4,66,29,39",0.3126627206802368,0.41357421875,0.41619873046875,"0.39,0.337,0.34,0.364,0.363,0.376,0.37,0.374","23.5,23.4,17.5,13.1,11.3,10.6,9.86,9.05","0.00983,0.00311,0.00885,0.0216,-0.0142,-0.0181,-0.0115,-0.0309","0,0,0,0.0205,-0.0205,-0.0205,-0.0205,-0.0205","0.014,0,0.014,0.028,-0.014,-0.014,-0.014,-0.028",0.1298828125,0.1478833258152008,1,0.42422449588775635,0.5499240756034851
12,k_proj,gptq,1024,4096,0,0.0020699501037597656,0.0014743804931640625,8.069710280862637,0.025805931107413502,26.024526596069336,17.573978424072266,30.684476852416992,89.52978515625,38.61137390136719,88.12004089355469,0.7817602157592773,8.057430267333984,0.14827236533164978,"0,19,34,13,65,29,4,73,31,36,25,17,96,56,39,79",120.50419616699219,,,,,0,18.206661224365234,44.26704025268555,20.10836410522461,44.38901901245117,"0.887,0.887,0.088,0.392,0.366,0.413,0.417,0.401",1396.2327880859375,2060.510986328125,"192.3,192.3,391,1957,1939,2189,2189,2121",82.72980499267578,86.10591888427734,"63.04,63.04,93.67,88.26,89.22,88.41,88.14,88.05","4.696,4.696,2.358,4.348,4.28,4.457,4.452,4.368","4.987,4.987,7.932,6.946,7.074,6.939,6.893,6.894",639,0.007604558020830154,891,0.0130701195448637,"19,0,6,8,4,66,29,39",0.5091935396194458,0.3677978515625,0.3709716796875,"0.438,0.236,0.358,0.329,0.33,0.391,0.381,0.369","23.5,23.4,17.5,13.1,11.3,10.6,9.86,9.05","-0.0097,-0.00415,-0.00653,0.00436,0.000277,-0.00656,0.000786,0.00333","-0.0129,0,0,0,0,-0.0129,0,0","-0.0129,0,-0.0129,0,0,-0.0129,0,0",0.045166015625,0.0387137271463871,2,0.37320321798324585,0.6489843130111694
12,v_proj,gptq,1024,4096,0,0.0020608901977539062,0.0014486312866210938,1.254270347361853,0.01960958759791842,4.942208290100098,3.638732433319092,5.945530891418457,12.35803508758545,5.913146018981934,9.464325904846191,0.7817602157592773,1.2518115043640137,0.06298337876796722,"19,13,29,34,73,56,65,96,31,30,4,36,27,17,49,25",120.50419616699219,,,,,0,2.527055263519287,4.476268768310547,3.564002513885498,5.164226055145264,"0.904,0.904,0.114,0.606,0.602,0.662,0.673,0.653",1396.2327880859375,2060.510986328125,"192.3,192.3,391,1957,1939,2189,2189,2121",82.72980499267578,86.10591888427734,"63.04,63.04,93.67,88.26,89.22,88.41,88.14,88.05","0.9801,0.9801,0.8387,1.809,1.824,1.913,1.932,1.897","1.031,1.031,2.484,2.324,2.352,2.351,2.356,2.348",677,0.00849259551614523,588,0.009707387536764145,"19,0,6,8,4,66,29,39",0.18967436254024506,0.5850830078125,0.6038818359375,"0.0664,0.0321,0.0436,0.0502,0.0466,0.0715,0.0756,0.061","23.5,23.4,17.5,13.1,11.3,10.6,9.86,9.05","-8.58e-05,-0.000117,-0.000261,0.00169,0.000999,-0.00105,0.00226,-0.00138","0,0,0,0.00208,0,0,0.00208,-0.00208","0,0,0,0.00208,0,-0.00208,0.00208,-0.00208",0.0198974609375,0.019048944115638733,1,0.168133944272995,0.11593642085790634
12,o_proj,gptq,4096,4096,0,0.0021055936813354492,0.0014603734016418457,12.176571000000536,0.038813049851676246,34.003135681152344,17.790122985839844,0.1262335181236267,0.5082587599754333,0.0783291757106781,0.28397199511528015,0.759373128414154,12.132142066955566,0.040022462606430054,"3451,1630,3209,3081,3195,3323,2014,596,1522,1394,3337,430,2377,1100,1609,2249",31.114912033081055,,,,,0,0.01921911910176277,0.12788331508636475,0.056287020444869995,0.15239714086055756,"0.034,0.034,0.078,0.101,0.147,0.190,0.267,0.311",417.2358703613281,1183.800048828125,"90.79,90.79,268.7,295.1,417.3,504.1,753.2,917.8",5.32383394241333,5.907375812530518,"5.204,5.204,5.305,5.144,5.222,5.263,5.55,5.7","0.06391,0.06391,0.1036,0.1106,0.1339,0.1526,0.1909,0.2119","0.3456,0.3456,0.3706,0.3478,0.3497,0.3498,0.3699,0.38",0,0.02083323895931244,0,0.02224654145538807,"3323,3195,3579,3435,3451,2014,1630,1886",1.0797837972640991,0.352325439453125,0.317596435546875,"0.253,0.234,0.361,0.245,0.228,0.23,0.255,0.343","1.16,1.06,0.982,0.94,0.896,0.869,0.832,0.829","0.104,0.0459,0.0635,-0.0097,0.0947,0.0214,-0.00674,-0.0315","0.104,0.0346,0.0692,0,0.104,0.0346,0,-0.0346","0.0896,0.0393,0.0682,0,0.0812,0.0183,-0.00806,-0.0254",0.19921875,0.204313725233078,1,0.01932821236550808,0.052165236324071884
12,gate_proj,gptq,12288,4096,0,0.0020536184310913086,0.0014716386795043945,24.486944276213762,0.018318354632378554,100.9110107421875,75.26509857177734,78.6271743774414,153.223388671875,89.3447494506836,126.28874206542969,0.6585204601287842,24.47816276550293,0.06007419154047966,"4,0,7,13,8,29,11,12,2,5,16,17,25,19,26,36",59.41740417480469,,,,,0,37.80207061767578,57.724334716796875,53.616573333740234,70.52203369140625,"1.101,1.101,0.144,0.666,0.664,0.731,0.736,0.725",1578.4002685546875,2450.1875,"190.3,190.3,414.1,2225,2203,2453,2499,2452",52.93014907836914,60.95719528198242,"29.71,29.71,56.68,61.14,61.16,61.55,61.83,61.65","4.491,4.491,3.106,6.893,6.867,7.238,7.289,7.227","4.28,4.28,8.179,8.448,8.428,8.464,8.497,8.486",68,0.0036374882329255342,455,0.002742638811469078,"19,8,6,4,0,29,5,14",0.12593941390514374,0.2770589292049408,0.2777099609375,"0.608,0.703,0.602,0.78,0.545,0.667,0.693,0.609","10.1,8.83,8.26,6.46,6.38,5.49,5.43,4.95","-0.0043,-0.0152,0.0205,0.0094,-0.0144,-0.00191,-0.0109,-0.0031","0,-0.0146,0.0146,0.0146,-0.0146,0,-0.0146,0","0,-0.0146,0.0146,0.0146,-0.0146,0,-0.0146,0",0.158203125,0.13625656068325043,1,0.41416025161743164,0.1687035709619522
12,up_proj,gptq,12288,4096,0,0.0020464460055033364,0.0014404654502868652,20.072582104214234,0.01760706059470681,85.26766204833984,64.29503631591797,67.23723602294922,124.15623474121094,73.31544494628906,98.0765380859375,0.6585204601287842,20.060909271240234,0.04459942877292633,"0,4,7,13,29,8,12,11,2,5,16,17,19,26,25,36",59.41740417480469,,,,,0,30.59476089477539,43.825748443603516,44.70289611816406,56.30860137939453,"1.125,1.125,0.178,0.706,0.697,0.765,0.772,0.768",1578.4002685546875,2450.1875,"190.3,190.3,414.1,2225,2203,2453,2499,2452",52.93014907836914,60.95719528198242,"29.71,29.71,56.68,61.14,61.16,61.55,61.83,61.65","3.549,3.549,2.75,6.31,6.277,6.632,6.687,6.64","3.347,3.347,6.517,7.511,7.521,7.581,7.609,7.576",1011,0.0006790005136281252,82,0.002214086940512061,"19,8,6,4,0,29,5,14",0.09508264064788818,0.4906412959098816,0.4974772334098816,"0.451,0.327,0.249,0.271,0.22,0.398,0.336,0.462","10.1,8.83,8.26,6.46,6.38,5.49,5.43,4.95","-5.98e-05,-0.00227,-0.00195,-0.00357,0.00212,-0.00366,0.00224,0.000851","0,0,0,-0.00589,0,-0.00589,0,0","0,0,0,-0.00589,0,-0.00589,0,0",0.0206298828125,0.019971011206507683,1,0.163564532995224,0.059156738221645355
12,down_proj,gptq,4096,12288,0,0.00201493501663208,0.0014321208000183105,30.544685613904505,0.0274591632595329,96.66645050048828,64.60283660888672,0.2982204258441925,0.6329156160354614,0.4012278616428375,1.5643032789230347,0.5889715552330017,30.51487922668457,0.08637543767690659,"0,61,10,6,17,11,13,5,15,9,8,3,1,18,14,608",316.2084655761719,,,,,0,0.16534027457237244,1.3166126012802124,0.2480965256690979,0.2589462101459503,"0.349,0.349,0.027,0.905,0.917,0.970,0.969,0.951",4903.29150390625,8842.6494140625,"141.5,141.5,1232,6050,6359,7854,8528,8921",9.44959831237793,6.8548502922058105,"1.936,1.936,39.53,5.972,6.062,6.423,6.76,6.974","0.09713,0.09713,0.4986,0.4151,0.4225,0.4655,0.4893,0.4983","0.1643,0.1643,3.06,0.4363,0.4412,0.4726,0.4972,0.5108",0,0.009625247679650784,0,0.008201631717383862,"0,846,5058,3843,10095,63,7254,8429",0.13242167234420776,0.379608154296875,0.3797607421875,"0.34,0.338,0.324,0.306,0.294,0.239,0.323,0.307","0.831,0.669,0.626,0.62,0.505,0.472,0.372,0.371","0.314,0.0197,-0.00406,-0.0214,0.000561,0.00879,0.00552,-0.0104","0.27,0.0289,0,-0.0167,0.0115,0,0,0","0.27,0.0201,0,-0.0195,0,0,0.00854,-0.0201",0.314453125,0.2695312798023224,2,0.041451793164014816,0.03996015712618828
13,q_proj,gptq,4096,4096,0,0.002050042152404785,0.0014804601669311523,14.932169920750312,0.023168312809392938,52.057273864746094,36.44276428222656,64.43382263183594,158.22491455078125,79.13327026367188,143.94476318359375,0.7651580572128296,14.913614273071289,0.09787008911371231,"0,19,34,13,29,73,36,65,25,17,4,31,96,16,49,79",112.66812133789062,,,,,0,36.26314163208008,70.5468978881836,41.73731231689453,74.44309997558594,"0.879,0.879,0.087,0.525,0.487,0.529,0.526,0.527",1406.8489990234375,2064.51806640625,"192.5,192.5,268.2,2146,2030,2165,2135,2124",86.341064453125,89.05643463134766,"68.52,68.52,95.14,92.27,93.06,91.31,90.93,90.98","6.304,6.304,2.663,6.426,6.281,6.425,6.379,6.388","6.722,6.722,9.023,8.866,9.005,8.837,8.798,8.797",2286,0.004913111217319965,2996,0.005647317972034216,"19,0,6,8,14,66,29,4",0.3176562786102295,0.40673828125,0.40960693359375,"0.397,0.358,0.347,0.362,0.339,0.378,0.41,0.357","25.7,20.5,17.4,12.8,10.7,10.1,10,9.82","-0.000721,-0.0015,0.00272,0.00102,0.00144,0.00169,-0.00333,-6.58e-05","0,0,0,0,0,0,0,0","0,0,0,0,0,0,0,0",0.10009765625,0.08541210740804672,3,0.4402925670146942,0.457964688539505
13,k_proj,gptq,1024,4096,0,0.0020780563354492188,0.0014803409576416016,7.4622977971157525,0.02556618165324,24.326217651367188,16.504535675048828,29.834917068481445,83.9335708618164,38.4505615234375,83.03657531738281,0.7651580572128296,7.454811096191406,0.1267738938331604,"0,19,13,34,29,65,4,25,73,36,31,17,96,16,49,58",112.66812133789062,,,,,0,18.05375862121582,41.216819763183594,19.837188720703125,42.33583450317383,"0.865,0.865,0.073,0.450,0.403,0.442,0.425,0.433",1406.8489990234375,2064.51806640625,"192.5,192.5,268.2,2146,2030,2165,2135,2124",86.341064453125,89.05643463134766,"68.52,68.52,95.14,92.27,93.06,91.31,90.93,90.98","4.607,4.607,1.961,4.556,4.383,4.444,4.376,4.39","4.954,4.954,7.253,6.79,6.901,6.685,6.715,6.674",689,0.009213578887283802,636,0.0199061781167984,"19,0,6,8,14,66,29,4",0.4191763401031494,0.368896484375,0.376220703125,"0.358,0.206,0.348,0.331,0.384,0.358,0.326,0.335","25.7,20.5,17.4,12.8,10.7,10.1,10,9.82","-0.00589,-0.000418,0.0113,-0.026,-0.00304,-0.0277,-0.0121,0.0337","0,0,0.0117,-0.0234,0,-0.0234,-0.0117,0.0352","-0.00963,0,0.00963,-0.0289,0,-0.0289,-0.00963,0.0289",0.041015625,0.0468750037252903,1,0.4207211136817932,0.31393370032310486
13,v_proj,gptq,1024,4096,0,0.002046346664428711,0.0014934539794921875,1.3137486109430938,0.020972559105685754,4.944466590881348,3.5798935890197754,6.1703691482543945,13.891838073730469,6.497581481933594,11.64505386352539,0.7651580572128296,1.3084670305252075,0.08624826371669769,"27,13,19,29,34,65,73,0,30,25,17,26,49,56,96,4",112.66812133789062,,,,,0,2.808351755142212,5.7285614013671875,3.7446367740631104,6.095524311065674,"0.906,0.906,0.077,0.584,0.534,0.603,0.597,0.601",1406.8489990234375,2064.51806640625,"192.5,192.5,268.2,2146,2030,2165,2135,2124",86.341064453125,89.05643463134766,"68.52,68.52,95.14,92.27,93.06,91.31,90.93,90.98","1.158,1.158,0.8927,1.956,1.906,1.968,1.957,1.956","1.217,1.217,3.209,2.56,2.609,2.535,2.533,2.523",176,0.00644942419603467,769,0.018621189519762993,"19,0,6,8,14,66,29,4",0.24164387583732605,0.5970458984375,0.606201171875,"0.067,0.0278,0.0441,0.0505,0.0689,0.0747,0.0805,0.0534","25.7,20.5,17.4,12.8,10.7,10.1,10,9.82","0.000519,0.000114,-0.00032,-0.000771,0.00012,0.00201,-0.00266,0.000284","0,0,0,0,0,0.00167,-0.00335,0","0,0,0,0,0,0.00167,-0.00335,0",0.016357421875,0.015408195555210114,1,0.1530705839395523,0.07233268022537231
13,o_proj,gptq,4096,4096,0,0.002118527889251709,0.0014550089836120605,10.231940542118998,0.03323999488870541,30.141939163208008,17.373512268066406,0.11063564568758011,0.45791319012641907,0.05292755365371704,0.2542684078216553,0.8007495999336243,10.209674835205078,0.045748110860586166,"446,2297,3457,2553,3201,1747,3556,1763,442,3312,2425,3300,318,2169,3329,3428",35.20933532714844,,,,,0,0.012899087741971016,0.11388861387968063,0.03743792325258255,0.13904275000095367,"0.023,0.023,0.025,0.077,0.146,0.149,0.193,0.229",299.9811706542969,870.1358032226562,"68.06,68.06,81.67,203.5,350.2,398.7,547.6,682.2",5.252374172210693,5.933759689331055,"4.931,4.931,5.299,4.926,5.238,5.311,5.595,5.789","0.04863,0.04863,0.05506,0.08853,0.127,0.1313,0.1549,0.1738","0.3224,0.3224,0.3458,0.3181,0.3326,0.3398,0.3529,0.3629",3983,0.003810960566624999,854,0.0038851676508784294,"1593,1721,446,1977,190,3312,3184,1849",1.1448712348937988,0.330780029296875,0.31610107421875,"0.318,0.217,0.252,0.265,0.235,0.21,0.368,0.258","0.893,0.864,0.86,0.845,0.838,0.823,0.812,0.812","0.00452,-0.000153,-0.00897,-0.00729,0.00074,0.000162,-0.00377,-0.00261","0.00377,0,-0.00753,-0.00753,0,0,-0.00753,-0.00377","0.0045,0,-0.0103,-0.00698,0,0,-0.00464,-0.00284",0.0203857421875,0.01951017417013645,1,0.007840955629944801,0.007602674886584282
13,gate_proj,gptq,12288,4096,0,0.0020585854848225913,0.0014596978823343913,23.432128139247652,0.018709117416949198,95.15714263916016,70.56153869628906,74.56253051757812,146.87086486816406,83.02964782714844,121.23588562011719,0.633854329586029,23.418981552124023,0.06446630507707596,"4,7,13,0,29,8,11,5,12,16,17,27,26,19,25,36",68.60926818847656,,,,,0,34.05540466308594,55.20153045654297,49.58222579956055,67.52336120605469,"0.926,0.926,0.095,0.675,0.652,0.714,0.708,0.705",1513.704833984375,2349.4169921875,"198.1,198.1,271.3,2208,2134,2357,2378,2365",53.272247314453125,61.148502349853516,"30.11,30.11,59.23,60.87,61.01,61.4,61.73,61.73","4.129,4.129,2.566,6.65,6.586,6.921,6.944,6.932","4.29,4.29,8.335,8.091,8.156,8.189,8.252,8.258",38,0.0016594757325947285,46,0.003627290716394782,"19,6,8,0,4,5,29,14",0.1405581384897232,0.283538818359375,0.2845866084098816,"0.603,0.601,0.677,0.533,0.799,0.679,0.632,0.595","9.53,9.38,8.77,7.29,6.78,5.85,5.29,5.01","-0.0289,0.019,-0.0183,-0.00433,0.0288,0.0187,-0.0273,0.0352","-0.0227,0.0227,-0.0227,0,0.0227,0.0227,-0.0227,0.0455","-0.0227,0.0227,-0.0227,0,0.0227,0.0227,-0.0227,0.0455",0.1083984375,0.12391872704029083,1,0.2682751715183258,0.14507900178432465
13,up_proj,gptq,12288,4096,0,0.002060691515604655,0.0014467636744181316,20.774501965686795,0.017655657631965194,87.95835876464844,66.29634094238281,70.05137634277344,128.6673583984375,74.37336730957031,102.13493347167969,0.633854329586029,20.769044876098633,0.045546162873506546,"4,7,13,29,8,0,11,5,12,27,17,16,26,19,25,36",68.60926818847656,,,,,0,30.207275390625,45.63261413574219,45.19279479980469,58.17396926879883,"0.937,0.937,0.110,0.721,0.691,0.752,0.751,0.745",1513.704833984375,2349.4169921875,"198.1,198.1,271.3,2208,2134,2357,2378,2365",53.272247314453125,61.148502349853516,"30.11,30.11,59.23,60.87,61.01,61.4,61.73,61.73","3.29,3.29,2.322,6.433,6.318,6.655,6.679,6.665","3.398,3.398,6.991,7.576,7.601,7.675,7.709,7.72",5784,0.0006430951179936528,57,0.0012282999232411385,"19,6,8,0,4,5,29,14",0.09587809443473816,0.4996846616268158,0.5069682002067566,"0.461,0.258,0.335,0.204,0.275,0.329,0.416,0.468","9.53,9.38,8.77,7.29,6.78,5.85,5.29,5.01","-0.00153,0.00476,-0.00331,-0.000286,-0.00021,-0.00209,0.00571,-0.00217","0,0.00337,-0.00337,0,0,-0.00337,0.00673,-0.00337","0,0.00337,-0.00337,0,0,-0.00337,0.00673,-0.00337",0.02099609375,0.019492855295538902,1,0.16023094952106476,0.15931110084056854
13,down_proj,gptq,4096,12288,0,0.0020099282264709473,0.0014274319012959797,32.39536523457542,0.02811256133353706,101.52253723144531,67.45377349853516,0.3327485918998718,0.6859817504882812,0.3870033025741577,0.4610009789466858,0.5560330748558044,32.35955810546875,0.09166790544986725,"0,3,2,4,5,6,7,8,9,88,69,24,21,177,33,14",177.77175903320312,,,,,0,0.15135090053081512,0.19140657782554626,0.24312777817249298,0.2760908007621765,"0.296,0.296,0.590,0.827,0.778,0.838,0.851,0.851",4465.6630859375,7738.6962890625,"89.06,89.06,1121,5910,6307,7065,7443,7702",5.016725540161133,6.721689224243164,"1.226,1.226,5.116,6.034,6.36,6.516,6.756,6.899","0.06201,0.06201,0.3375,0.4351,0.4462,0.4733,0.4843,0.4921","0.114,0.114,0.4394,0.4783,0.5059,0.517,0.525,0.5334",0,0.008993931114673615,0,0.1095353215932846,"3754,1,2949,1066,625,5566,458,0",0.2127676010131836,0.372314453125,0.379608154296875,"0.296,0.285,0.335,0.335,0.359,0.319,0.366,0.303","1.67,0.787,0.598,0.551,0.44,0.439,0.425,0.422","-0.00388,-0.0244,0.00296,0.017,-0.0288,-0.0178,0.008,0.273","0,0,0,0,-0.0272,-0.0339,0.0178,0.234","0,0,0,0.0297,-0.0391,-0.0262,0,0.234",0.2734375,0.234375,1,0.04231417551636696,0.16742751002311707
14,q_proj,gptq,4096,4096,0,0.002063155174255371,0.0014802813529968262,13.504212180472678,0.020684822601417296,50.8619270324707,36.776275634765625,58.424957275390625,138.363037109375,72.43170166015625,128.84320068359375,0.7100042104721069,13.485742568969727,0.09952312707901001,"0,4,34,19,13,8,36,29,25,73,17,65,16,39,31,6",128.39414978027344,,,,,0,34.74020004272461,63.3359260559082,37.14422607421875,66.42217254638672,"1.006,1.006,0.100,0.537,0.514,0.541,0.526,0.533",1450.1087646484375,2051.381103515625,"197,197,327.8,2252,2139,2186,2154,2148",86.5467758178711,88.52461242675781,"72.53,72.53,94.8,90.49,91.65,90.32,89.99,90.08","6.526,6.526,2.686,6.183,6.078,6.115,6.027,6.052","6.508,6.508,8.49,8.436,8.479,8.315,8.308,8.287",2298,0.003464481793344021,301,0.008754209615290165,"19,6,8,0,4,39,66,14",0.31245243549346924,0.452972412109375,0.454193115234375,"0.382,0.306,0.318,0.302,0.307,0.332,0.345,0.323","22.5,22,16.4,16.2,12.7,10.3,10.2,10.1","0.00891,-0.000458,0.00693,0.00166,-0.00464,-0.00046,0.000774,0.00188","0.00635,0,0.00635,0,-0.00635,0,0,0","0.00635,0,0.00635,0,-0.00635,0,0,0",0.03515625,0.037863053381443024,1,0.35772624611854553,0.1280135214328766
14,k_proj,gptq,1024,4096,0,0.0020449161529541016,0.0014836788177490234,7.419617846062465,0.02473880890556433,24.66008186340332,16.87024688720703,28.013643264770508,82.83039855957031,38.913169860839844,85.19500732421875,0.7100042104721069,7.412736892700195,0.15267127752304077,"0,4,34,19,36,13,8,29,65,16,17,73,25,6,39,96",128.39414978027344,,,,,0,19.233440399169922,44.31889724731445,19.115131378173828,40.974212646484375,"0.852,0.852,0.074,0.433,0.390,0.424,0.423,0.423",1450.1087646484375,2051.381103515625,"197,197,327.8,2252,2139,2186,2154,2148",86.5467758178711,88.52461242675781,"72.53,72.53,94.8,90.49,91.65,90.32,89.99,90.08","5.266,5.266,2.201,4.426,4.315,4.294,4.294,4.299","5.704,5.704,8.11,6.727,6.906,6.595,6.603,6.608",950,0.009875425137579441,813,0.02232929691672325,"19,6,8,0,4,39,66,14",0.5320245027542114,0.411865234375,0.41796875,"0.41,0.314,0.293,0.217,0.294,0.339,0.368,0.404","22.5,22,16.4,16.2,12.7,10.3,10.2,10.1","-0.0366,0.0094,-0.016,0.00928,0.0097,0.0222,-0.0251,0.0069","-0.041,0,-0.0205,0,0.0205,0.0205,-0.0205,0","-0.041,0,-0.0205,0,0,0.0205,-0.0205,0",0.07177734375,0.08203125,1,0.4288138151168823,0.21939924359321594
14,v_proj,gptq,1024,4096,0,0.0020766258239746094,0.0014634132385253906,1.317719712453254,0.02091730681633591,4.984472751617432,3.6047706604003906,5.718555450439453,13.316557884216309,6.240011215209961,11.793233871459961,0.7100042104721069,1.3161073923110962,0.09886442869901657,"27,29,34,19,17,13,4,36,0,65,25,73,8,21,16,66",128.39414978027344,,,,,0,2.7827911376953125,5.886086940765381,3.4935848712921143,6.073247909545898,"1.053,1.053,0.106,0.550,0.511,0.545,0.543,0.545",1450.1087646484375,2051.381103515625,"197,197,327.8,2252,2139,2186,2154,2148",86.5467758178711,88.52461242675781,"72.53,72.53,94.8,90.49,91.65,90.32,89.99,90.08","1.251,1.251,1.063,1.936,1.887,1.897,1.886,1.881","1.219,1.219,3.269,2.612,2.638,2.569,2.561,2.548",580,0.005488549824804068,480,0.013497894629836082,"19,6,8,0,4,39,66,14",0.2818368673324585,0.6754150390625,0.684814453125,"0.07,0.0394,0.0424,0.036,0.0367,0.0623,0.0753,0.0653","22.5,22,16.4,16.2,12.7,10.3,10.2,10.1","-0.000946,-0.000919,-0.00123,0.000197,-0.000648,0.00118,-0.00115,-0.000942","0,0,0,0,0,0,0,0","0,0,0,0,0,0,0,0",0.0189208984375,0.02156173437833786,1,0.13976125419139862,0.07292543351650238
14,o_proj,gptq,4096,4096,0,0.0021255016326904297,0.0014282464981079102,10.0661625452787,0.03278392122942805,28.535120010375977,17.336936950683594,0.17847879230976105,0.6637784242630005,0.08649932593107224,0.3499476909637451,0.6322251558303833,10.047415733337402,0.03701305761933327,"1254,1126,3528,2814,1510,2686,818,1591,3032,1615,1888,953,3400,2409,2952,995",21.99889373779297,,,,,0,0.02077908255159855,0.14236217737197876,0.0623399056494236,0.21119587123394012,"0.045,0.045,0.037,0.089,0.142,0.166,0.224,0.262",296.24676513671875,997.0343627929688,"61.72,61.72,63.77,104.8,259.5,359.1,624.3,835",5.801243782043457,7.077034950256348,"5.135,5.135,5.274,5.33,5.843,6.017,6.64,7.037","0.0702,0.0702,0.06471,0.1028,0.1429,0.1594,0.2034,0.2334","0.3294,0.3294,0.3386,0.3439,0.3788,0.3908,0.4299,0.4559",0,0.012149222195148468,0,0.01161037478595972,"3070,2686,2814,2942,935,679,807,1725",1.0322226285934448,0.3336181640625,0.325225830078125,"0.227,0.297,0.223,0.316,0.252,0.263,0.27,0.239","1.28,1.26,1.24,1.17,1.04,0.832,0.785,0.759","-0.00781,-0.0156,-0.000561,0.00443,0.0009,-0.00378,-0.0376,-0.00696","0,0,0,0,0,0,-0.0586,0","-0.00694,-0.0128,0,0,0,0,-0.0435,-0.0114",0.205078125,0.2343750149011612,1,0.015746235847473145,0.04081697016954422
14,gate_proj,gptq,12288,4096,0,0.0020602941513061523,0.0014572739601135254,23.260388192196842,0.01926065229486136,92.4798812866211,68.03404235839844,71.72001647949219,148.76870727539062,81.06349182128906,128.33212280273438,0.6458674669265747,23.23959732055664,0.07418233156204224,"4,13,29,7,12,0,5,8,11,17,36,34,26,19,25,16",92.5268325805664,,,,,0,34.193546295166016,58.95104217529297,46.52111053466797,70.39157104492188,"0.957,0.957,0.110,0.645,0.616,0.643,0.634,0.633",1497.4736328125,2231.2998046875,"194.7,194.7,328.1,2270,2175,2278,2280,2260",55.03170394897461,62.56045150756836,"32.45,32.45,60.38,62.76,62.82,62.88,63.3,63.2","4.479,4.479,2.862,6.757,6.609,6.743,6.733,6.716","4.577,4.577,8.63,8.414,8.419,8.41,8.457,8.444",88,0.0020012673921883106,20,0.00477729132398963,"19,6,8,4,0,5,29,39",0.16600260138511658,0.3016764521598816,0.3045552670955658,"0.586,0.562,0.661,0.795,0.512,0.683,0.634,0.623","10.6,10.2,9.38,8.05,7.05,6.69,5.73,5.41","-0.0014,0.00381,-0.0154,-0.0374,0.00528,-0.0135,0.0183,-0.00436","0,0,-0.0227,-0.0455,0,-0.0227,0.0227,0","0,0,-0.0227,-0.0455,0,-0.0227,0.0227,0",0.07958984375,0.0682198703289032,4,0.2956438660621643,0.1352338194847107
14,up_proj,gptq,12288,4096,0,0.002058525880177816,0.0014515916506449382,21.165929774171673,0.01778861232728733,89.19295501708984,67.07722473144531,70.43922424316406,132.89508056640625,74.20054626464844,107.3150634765625,0.6458674669265747,21.15602684020996,0.050314150750637054,"4,13,29,7,12,0,5,8,11,17,36,34,26,19,16,25",92.5268325805664,,,,,0,30.5865421295166,48.08203125,43.81082534790039,60.757564544677734,"0.891,0.891,0.130,0.704,0.679,0.710,0.696,0.692",1497.4736328125,2231.2998046875,"194.7,194.7,328.1,2270,2175,2278,2280,2260",55.03170394897461,62.56045150756836,"32.45,32.45,60.38,62.76,62.82,62.88,63.3,63.2","3.45,3.45,2.555,6.564,6.444,6.592,6.585,6.553","3.655,3.655,7.072,7.825,7.822,7.822,7.891,7.877",3005,0.0007071125437505543,1,0.001285119098611176,"19,6,8,4,0,5,29,39",0.10963184386491776,0.5002543330192566,0.5077718496322632,"0.457,0.262,0.327,0.283,0.219,0.324,0.415,0.412","10.6,10.2,9.38,8.05,7.05,6.69,5.73,5.41","0.0083,-0.000679,-0.00922,-0.000587,-0.00114,-0.00403,-0.00391,-0.0264","0.0124,0,-0.0124,0,0,0,0,-0.0248","0.0124,0,-0.0124,0,0,0,0,-0.0248",0.04345703125,0.0496651791036129,1,0.1713617593050003,0.057282645255327225
14,down_proj,gptq,4096,12288,0,0.002005279064178467,0.0014495054880777996,32.00634784883823,0.027583632870101075,102.27909851074219,68.49627685546875,0.38217484951019287,0.7869390249252319,0.3912123739719391,0.484729140996933,0.8945926427841187,31.96957778930664,0.06171908974647522,"0,4,2,2730,14,28,6,12,22,113,8,19,53,27,10,49",201.9970245361328,,,,,0,0.1498946249485016,0.1906687319278717,0.25032442808151245,0.3076212704181671,"0.329,0.329,0.408,0.839,0.810,0.813,0.821,0.792",4082.12890625,6906.310546875,"106.9,106.9,523.6,5973,6087,6095,6745,7020",5.238107681274414,7.313377857208252,"1.356,1.356,3.637,6.873,6.955,6.937,7.326,7.464","0.06489,0.06489,0.1749,0.4714,0.4715,0.4674,0.4958,0.5014","0.1132,0.1132,0.2738,0.5146,0.524,0.5183,0.5471,0.5634",0,0.005954738240689039,0,0.009415484964847565,"1,4405,8148,1543,6207,0,2057,479",0.11504559963941574,0.366912841796875,0.373046875,"0.308,0.295,0.284,0.308,0.3,0.314,0.284,0.28","1.05,0.851,0.673,0.633,0.601,0.54,0.468,0.468","-0.00705,-0.0101,0.0204,-0.0121,-0.00867,-0.275,0.000299,-0.00203","0,-0.0318,0.0322,0,0,-0.236,0,0","0,-0.0123,0.0266,-0.0146,-0.0106,-0.236,0,0",0.275390625,0.2360491156578064,2,0.036380793899297714,0.05084129050374031
15,q_proj,gptq,4096,4096,0,0.0020732879638671875,0.0014687180519104004,12.860871869925177,0.019926710069403063,49.717491149902344,36.31730270385742,59.62261199951172,139.2250518798828,65.143310546875,124.80634307861328,0.7247928977012634,12.83853530883789,0.09431984275579453,"0,19,34,4,36,29,13,8,25,73,65,16,17,31,56,39",110.8951644897461,,,,,0,30.829689025878906,60.89183044433594,33.90947723388672,65.23277282714844,"0.912,0.912,0.112,0.532,0.488,0.504,0.497,0.494",1313.5189208984375,1863.53369140625,"193.4,193.4,336.5,1979,1929,1982,1947,1947",85.72974395751953,87.82398986816406,"69.02,69.02,96.86,90.17,91.37,90.05,89.59,89.76","5.863,5.863,2.893,5.891,5.788,5.846,5.804,5.785","6.138,6.138,8.631,8.077,8.287,8.237,8.23,8.234",2660,0.0025370116345584393,2997,0.006338696461170912,"19,6,0,8,4,39,14,29",0.31076526641845703,0.436370849609375,0.440216064453125,"0.363,0.318,0.301,0.321,0.321,0.342,0.314,0.35","22.7,20.9,20.5,16.4,13.3,10.3,10.3,9.83","0.0101,-0.0223,0.0184,0.0142,-0.0288,-0.0173,-0.00595,-0.00172","0.0133,-0.0265,0.0133,0.0133,-0.0265,-0.0133,0,0","0.0126,-0.0251,0.0126,0.0126,-0.0251,-0.0126,0,0",0.04638671875,0.0397600457072258,6,0.2915167808532715,0.11916285753250122
15,k_proj,gptq,1024,4096,0,0.002046346664428711,0.0014722347259521484,6.996511718316469,0.024697022685930985,23.263809204101562,15.982500076293945,27.43193244934082,83.7862548828125,35.76577377319336,87.07627868652344,0.7247928977012634,6.978526592254639,0.15919704735279083,"0,4,19,29,34,13,36,8,65,25,16,31,17,73,39,6",110.8951644897461,,,,,0,18.55309295654297,44.867122650146484,16.66924476623535,42.475181579589844,"0.904,0.904,0.086,0.382,0.357,0.368,0.366,0.369",1313.5189208984375,1863.53369140625,"193.4,193.4,336.5,1979,1929,1982,1947,1947",85.72974395751953,87.82398986816406,"69.02,69.02,96.86,90.17,91.37,90.05,89.59,89.76","5.48,5.48,2.423,4.181,4.062,4.045,3.999,4.02","5.763,5.763,8.278,6.769,6.795,6.67,6.61,6.62",762,0.01027702260762453,191,0.019660543650388718,"19,6,0,8,4,39,14,29",0.5644766688346863,0.3875732421875,0.3909912109375,"0.416,0.332,0.236,0.311,0.316,0.367,0.436,0.347","22.7,20.9,20.5,16.4,13.3,10.3,10.3,9.83","-0.0216,-0.00629,0.00482,0.0132,0.0094,0.0625,0.0148,0.0171","-0.0241,0,0,0.0241,0,0.0724,0,0.0241","-0.0241,0,0,0.0241,0,0.0724,0.0241,0.0241",0.08447265625,0.0724051371216774,5,0.4117994010448456,0.22088748216629028
15,v_proj,gptq,1024,4096,0,0.002074003219604492,0.0014548301696777344,1.54770392512728,0.019611452494224697,6.102330207824707,4.497075080871582,7.306880950927734,16.446510314941406,6.980341911315918,13.912276268005371,0.7247928977012634,1.5454206466674805,0.08748699724674225,"27,34,29,19,17,36,65,73,4,56,21,25,13,31,8,16",110.8951644897461,,,,,0,3.02801251411438,6.8897905349731445,4.012612342834473,7.409153461456299,"0.899,0.899,0.098,0.555,0.481,0.530,0.516,0.515",1313.5189208984375,1863.53369140625,"193.4,193.4,336.5,1979,1929,1982,1947,1947",85.72974395751953,87.82398986816406,"69.02,69.02,96.86,90.17,91.37,90.05,89.59,89.76","1.027,1.027,1.105,2.067,2.024,2.063,2.036,2.031","1.083,1.083,3.533,2.775,2.917,2.833,2.835,2.832",129,0.007212336640805006,353,0.023382864892482758,"19,6,0,8,4,39,14,29",0.2816982567310333,0.6771240234375,0.6934814453125,"0.0705,0.0404,0.0315,0.0522,0.0418,0.068,0.0759,0.0794","22.7,20.9,20.5,16.4,13.3,10.3,10.3,9.83","-2.62e-05,-0.000553,0.000223,0.00241,-0.000397,-0.000668,0.00354,-0.00143","0,0,0,0.00187,0,-0.00187,0.00373,-0.00187","0,0,0,0.00262,0,0,0.00262,-0.00262",0.0194091796875,0.019877534359693527,1,0.17186474800109863,0.0636628046631813
15,o_proj,gptq,4096,4096,0,0.0020864009857177734,0.0014563798904418945,12.01927606564169,0.03553619400152909,33.585548400878906,19.32405662536621,0.21715694665908813,0.9095451235771179,0.10657307505607605,0.3916366994380951,0.5775110721588135,11.995149612426758,0.030146336182951927,"602,858,3286,3572,3158,3542,3010,3316,2059,3302,3212,986,1249,1505,3558,3321",17.595680236816406,,,,,0,0.026209523901343346,0.15931780636310577,0.07643777877092361,0.22700528800487518,"0.039,0.039,0.033,0.123,0.221,0.232,0.253,0.278",292.3623352050781,941.8919677734375,"56.96,56.96,67.14,190.9,394.2,417.3,547.6,607.8",5.801424026489258,7.028916835784912,"5.276,5.276,5.672,5.465,5.971,6.035,6.289,6.428","0.07166,0.07166,0.07149,0.1339,0.194,0.1977,0.2158,0.2304","0.3623,0.3623,0.391,0.3816,0.4125,0.4103,0.4289,0.4371",0,0.0028867656365036964,0,0.020006874576210976,"1249,1121,1505,1377,2828,2572,2956,2700",0.4418182969093323,0.318206787109375,0.331268310546875,"0.25,0.28,0.25,0.282,0.332,0.247,0.271,0.24","1.13,1.1,1.04,0.926,0.861,0.859,0.856,0.85","0.0254,-0.0288,-0.0366,-0.0227,0.0107,0.0371,-0.00191,0.00674","0.0427,-0.0427,-0.0427,0,0,0.0427,0,0","0.0259,-0.0329,-0.0419,-0.0289,0.0112,0.0318,0,0.00635",0.19921875,0.22827787697315216,1,0.010422566905617714,0.0583471804857254
15,gate_proj,gptq,12288,4096,0,0.002057532469431559,0.0014629165331522624,24.35203711639042,0.019655717155189757,95.29261779785156,69.77108764648438,75.50592803955078,164.83059692382812,83.0599365234375,140.67355346679688,0.6924995183944702,24.33792495727539,0.07852835208177567,"4,13,29,12,7,8,0,11,5,17,16,25,39,26,34,19",91.34557342529297,,,,,0,35.54907989501953,65.25518035888672,47.2405891418457,77.20768737792969,"1.042,1.042,0.122,0.580,0.566,0.584,0.581,0.584",1423.001953125,2152.809326171875,"190.6,190.6,344.8,2091,2061,2142,2185,2179",56.309444427490234,64.22608947753906,"31.83,31.83,63.1,64.26,64.63,64.63,65.14,65.06","4.761,4.761,3.184,6.72,6.692,6.781,6.825,6.814","4.665,4.665,9.112,8.827,8.897,8.872,8.952,8.919",52,0.0017518451204523444,97,0.005565162282437086,"19,8,6,4,0,5,39,29",0.1859922856092453,0.31072998046875,0.3137715756893158,"0.598,0.674,0.557,0.798,0.501,0.698,0.645,0.661","10.8,10.6,10.1,9.16,7.47,7.06,6.17,6.15","0.000938,-0.0249,0.0327,0.0178,-0.0356,-0.026,0.0325,-0.01","0,-0.0181,0.0363,0.0181,-0.0363,-0.0181,0.0363,-0.0181","0,-0.0181,0.0363,0.0181,-0.0363,-0.0181,0.0363,-0.0181",0.0634765625,0.0544084869325161,5,0.2800740599632263,0.3453662395477295
15,up_proj,gptq,12288,4096,0,0.0020616849263509116,0.0014576315879821777,21.75743230068474,0.01802329472749851,90.77509307861328,68.03306579589844,73.22677612304688,143.08404541015625,74.78598022460938,115.36286926269531,0.6924995183944702,21.73821258544922,0.05377550795674324,"4,13,29,7,12,8,0,11,5,17,16,26,25,34,39,19",91.34557342529297,,,,,0,31.14158821105957,51.81273651123047,43.97385025024414,65.52247619628906,"1.046,1.046,0.140,0.638,0.630,0.649,0.648,0.651",1423.001953125,2152.809326171875,"190.6,190.6,344.8,2091,2061,2142,2185,2179",56.309444427490234,64.22608947753906,"31.83,31.83,63.1,64.26,64.63,64.63,65.14,65.06","3.727,3.727,2.792,6.477,6.437,6.545,6.607,6.609","3.644,3.644,7.474,8.109,8.112,8.123,8.209,8.194",5985,0.0007033587316982448,0,0.0027556840796023607,"19,8,6,4,0,5,39,29",0.12188266962766647,0.4931538999080658,0.4986775815486908,"0.459,0.361,0.276,0.312,0.233,0.324,0.401,0.411","10.8,10.6,10.1,9.16,7.47,7.06,6.17,6.15","0.00145,-0.0023,-0.00156,-0.000238,0.00107,-0.00138,0.00276,-0.00281","0.00321,-0.00321,-0.00321,0,0,0,0.00321,-0.00321","0,-0.00321,0,0,0,0,0.00321,-0.00321",0.0191650390625,0.01836594194173813,1,0.17072011530399323,0.07523522526025772
15,down_proj,gptq,4096,12288,0,0.002014716466267904,0.001450657844543457,36.18620502606245,0.030929135470002377,107.5054931640625,69.38460540771484,0.4495784640312195,0.9419517517089844,0.47313082218170166,0.6279928684234619,0.9325956106185913,36.16437530517578,0.0648127868771553,"0,2,149,7,64,22,33,9,11,5,38,35,110,76,27,674",277.8462829589844,,,,,0,0.1782136708498001,0.2489289492368698,0.2978520393371582,0.38976961374282837,"0.390,0.390,0.354,0.778,0.746,0.737,0.747,0.749",3909.543701171875,6711.8154296875,"69.32,69.32,1293,5450,5567,5874,6579,6375",5.942869186401367,8.246536254882812,"1.055,1.055,5.287,7.74,7.681,8.031,8.477,8.216","0.05338,0.05338,0.2403,0.5131,0.4978,0.5167,0.5491,0.5317","0.08544,0.08544,0.4037,0.5818,0.5763,0.6021,0.6351,0.6143",0,0.008640271611511707,0,0.007050756365060806,"655,0,9253,6252,2152,1100,194,8",0.12333203852176666,0.410186767578125,0.415863037109375,"0.248,0.319,0.312,0.254,0.283,0.393,0.241,0.204","1.26,1.23,0.974,0.668,0.617,0.606,0.468,0.466","0.0332,-0.291,0.00946,0.000847,-0.00995,-0.00946,-0.0143,1.32e-05","0,-0.249,0,0,-0.0185,0,-0.022,0","0.0266,-0.249,0.0119,0,-0.0149,-0.015,-0.0181,0",0.291015625,0.2494419813156128,2,0.046272311359643936,0.04839416220784187
16,q_proj,gptq,4096,4096,0,0.0020592808723449707,0.0014684796333312988,15.08545758713808,0.02144396116383055,55.418853759765625,39.71906661987305,65.17504119873047,159.0709228515625,69.5235595703125,140.41757202148438,0.7721189856529236,15.07761001586914,0.09201665967702866,"0,34,4,19,29,36,73,25,13,8,16,17,65,39,21,66",127.55518341064453,,,,,0,32.51809310913086,68.05809783935547,36.26586151123047,73.98202514648438,"0.949,0.949,0.125,0.454,0.429,0.469,0.479,0.459",1248.7606201171875,1805.99365234375,"191.7,191.7,358.3,1838,1784,1867,1919,1840",86.20039367675781,89.52857208251953,"64.55,64.55,98.13,92.08,93.79,92.43,91.97,92.1","5.98,5.98,3.14,5.99,5.865,6.013,6.068,5.959","6.138,6.138,8.872,8.893,8.95,8.776,8.767,8.794",1592,0.0028515388257801533,3495,0.005810126196593046,"6,19,0,8,4,14,39,29",0.38499295711517334,0.435577392578125,0.442596435546875,"0.306,0.39,0.303,0.333,0.312,0.337,0.335,0.374","24,23.1,22.4,16.4,15,10.8,10.4,10.3","0.00293,0.000125,0.000185,-0.00571,0.00173,0.00659,-0.00708,0.00449","0,0,0,-0.0122,0,0.0122,-0.0122,0","0,0,0,0,0,0.0122,-0.0122,0",0.042724609375,0.044281307607889175,1,0.31320393085479736,0.2517545223236084
16,k_proj,gptq,1024,4096,0,0.0020716190338134766,0.0014853477478027344,8.783030114187568,0.027930457294133015,26.966720581054688,17.80428123474121,31.008079528808594,104.98603820800781,40.13410186767578,107.22303771972656,0.7721189856529236,8.768491744995117,0.15614451467990875,"0,34,4,19,29,36,73,16,25,13,17,8,21,56,49,6",127.55518341064453,,,,,0,20.217796325683594,54.591758728027344,19.01158332824707,54.27968978881836,"0.894,0.894,0.095,0.347,0.318,0.323,0.325,0.307",1248.7606201171875,1805.99365234375,"191.7,191.7,358.3,1838,1784,1867,1919,1840",86.20039367675781,89.52857208251953,"64.55,64.55,98.13,92.08,93.79,92.43,91.97,92.1","5.428,5.428,2.678,4.459,4.367,4.372,4.397,4.27","5.741,5.741,8.686,7.571,7.74,7.69,7.714,7.713",955,0.009420724585652351,561,0.019259680062532425,"6,19,0,8,4,14,39,29",0.7164842486381531,0.38037109375,0.38623046875,"0.326,0.456,0.257,0.313,0.312,0.447,0.385,0.405","24,23.1,22.4,16.4,15,10.8,10.4,10.3","0.00174,0.00623,-0.0029,0.00952,0.00243,-0.0229,-0.0229,-0.0033","0,0,0,0.0153,0,-0.0306,-0.0153,0","0,0,0,0.0153,0,-0.0306,-0.0306,0",0.056396484375,0.06303255259990692,1,0.42388108372688293,0.5398691892623901
16,v_proj,gptq,1024,4096,0,0.002046823501586914,0.0014464855194091797,1.5565258131109658,0.022139797665148682,5.640332221984863,3.9942870140075684,6.526980400085449,15.182790756225586,6.094325065612793,11.920167922973633,0.7721189856529236,1.5546176433563232,0.07489620894193649,"4,34,29,36,19,25,13,73,17,27,8,65,16,21,56,66",127.55518341064453,,,,,0,2.529294013977051,5.654203414916992,3.525038957595825,6.53468656539917,"0.866,0.866,0.116,0.512,0.472,0.498,0.520,0.497",1248.7606201171875,1805.99365234375,"191.7,191.7,358.3,1838,1784,1867,1919,1840",86.20039367675781,89.52857208251953,"64.55,64.55,98.13,92.08,93.79,92.43,91.97,92.1","0.822,0.822,0.9422,1.903,1.878,1.906,1.923,1.875","0.8835,0.8835,2.768,2.659,2.732,2.703,2.666,2.658",882,0.007561017293483019,176,0.017747847363352776,"6,19,0,8,4,14,39,29",0.26468127965927124,0.628173828125,0.6341552734375,"0.041,0.0717,0.0239,0.0599,0.0481,0.0715,0.0695,0.0811","24,23.1,22.4,16.4,15,10.8,10.4,10.3","-0.000101,-7.39e-05,-0.000142,0.00311,0.00156,-0.000607,-0.00167,-0.00446","0,0,0,0.00502,0,0,0,-0.00502","0,0,0,0.00368,0,0,0,-0.00368",0.019775390625,0.0200892873108387,1,0.16331177949905396,0.13279040157794952
16,o_proj,gptq,4096,4096,0,0.002090275287628174,0.0014350414276123047,10.520063761844455,0.03279496453551531,30.059345245361328,18.16192054748535,0.2061098963022232,0.681930422782898,0.09947313368320465,0.3003842234611511,0.6235508322715759,10.509618759155273,0.035523250699043274,"146,3453,2546,3347,3396,2517,274,2410,2290,2601,402,2133,2162,3434,3412,3349",21.559703826904297,,,,,0,0.028906233608722687,0.12481113523244858,0.06936714798212051,0.1781778633594513,"0.075,0.075,0.060,0.151,0.274,0.295,0.336,0.353",342.37939453125,945.8875122070312,"55.92,55.92,89.23,186.9,424.6,490.7,669.4,766.3",5.423620223999023,6.458809852600098,"4.251,4.251,5.168,5.214,5.897,5.836,6.283,6.488","0.07583,0.07583,0.08337,0.1286,0.1972,0.205,0.2336,0.2466","0.2771,0.2771,0.3401,0.3313,0.3769,0.3777,0.4031,0.4152",0,0.023439550772309303,0,0.0030695421155542135,"274,3396,146,2290,2162,1478,2546,18",0.4461984634399414,0.335052490234375,0.335662841796875,"0.194,0.24,0.253,0.215,0.263,0.289,0.287,0.313","1.12,0.976,0.958,0.778,0.768,0.697,0.685,0.56","-0.0293,-0.0272,0.0771,-0.0559,-0.00204,0.0664,-0.0123,0.0908","-0.0321,-0.0321,0.0963,-0.0642,0,0.0642,0,0.0963","-0.0251,-0.0311,0.0661,-0.0639,0,0.0686,-0.0109,0.0865",0.1513671875,0.1283482164144516,1,0.03019486740231514,0.020880376920104027
16,gate_proj,gptq,12288,4096,0,0.0020520687103271484,0.001458287239074707,27.213171636874904,0.02052823432278551,103.04706573486328,74.60316467285156,84.94110107421875,187.40220642089844,91.61471557617188,157.9608612060547,0.7051040530204773,27.18334197998047,0.0741482526063919,"4,29,0,13,8,7,12,11,5,17,25,16,39,26,34,21",91.9026870727539,,,,,0,38.997154235839844,73.21221160888672,51.90334701538086,86.6092300415039,"1.036,1.036,0.132,0.554,0.534,0.560,0.572,0.557",1379.1201171875,2094.9560546875,"189,189,366.2,2006,1970,2073,2167,2074",58.15729522705078,66.2490234375,"33.18,33.18,64.34,66.18,66.72,67.01,67.64,67","5.128,5.128,3.426,6.981,6.918,7.062,7.187,7.039","5.039,5.039,9.443,9.376,9.466,9.436,9.503,9.429",57,0.0015768788289278746,69,0.002990912878885865,"19,8,6,4,0,5,29,39",0.19592349231243134,0.2971903681755066,0.2996622920036316,"0.608,0.727,0.569,0.833,0.516,0.732,0.677,0.662","11.2,11,10.9,10.4,7.95,6.58,6.55,6.16","0.0193,-0.0186,0.0359,0.0374,-0.0391,-0.0354,-0.0225,0.0225","0.0137,-0.0137,0.0412,0.0412,-0.0412,-0.0275,-0.0275,0.0275","0.0137,-0.0137,0.0412,0.0412,-0.0412,-0.0412,-0.0275,0.0275",0.052978515625,0.04718177020549774,5,0.2747117280960083,0.18903928995132446
16,up_proj,gptq,12288,4096,0,0.00206144650777181,0.0014609893163045247,22.227721631337772,0.018748740807224544,90.01300048828125,66.83247375488281,75.72984313964844,149.39337158203125,76.17758178710938,119.00640869140625,0.7051040530204773,22.20950698852539,0.05085200071334839,"4,29,13,0,7,12,8,11,5,17,25,16,26,39,34,21",91.9026870727539,,,,,0,31.624298095703125,53.02088928222656,44.45269775390625,67.52787780761719,"1.057,1.057,0.153,0.634,0.610,0.634,0.640,0.629",1379.1201171875,2094.9560546875,"189,189,366.2,2006,1970,2073,2167,2074",58.15729522705078,66.2490234375,"33.18,33.18,64.34,66.18,66.72,67.01,67.64,67","3.818,3.818,2.881,6.502,6.423,6.597,6.721,6.582","3.714,3.714,7.362,8.163,8.223,8.287,8.399,8.302",1918,0.0006480159354396164,0,0.001969705568626523,"19,8,6,4,0,5,29,39",0.13386733829975128,0.4888814389705658,0.4957377314567566,"0.456,0.358,0.272,0.309,0.228,0.319,0.394,0.391","11.2,11,10.9,10.4,7.95,6.58,6.55,6.16","-0.00269,-0.000626,-0.0024,-0.000847,-0.00294,-0.00218,-0.00241,-0.00296","-0.00337,0,-0.00337,0,-0.00337,-0.00337,-0.00337,-0.00337","-0.00337,0,-0.00337,0,-0.00337,-0.00337,-0.00337,-0.00337",0.0234375,0.021021513268351555,1,0.16350282728672028,0.06314351409673691
16,down_proj,gptq,4096,12288,0,0.002007861932118734,0.0014343857765197754,36.17876464504811,0.03168327801028528,105.1777114868164,67.1036376953125,0.5121476650238037,1.0811800956726074,0.5971063375473022,0.7800632119178772,0.9543479681015015,36.156982421875,0.0717095360159874,"0,70,113,93,14,856,96,284,136,37,60,162,61,36,7,11",350.92071533203125,,,,,0,0.2323879599571228,0.3189733326435089,0.3577703535556793,0.46110236644744873,"0.650,0.650,0.158,0.778,0.756,0.797,0.816,0.763",4589.3125,7154.23974609375,"127.8,127.8,654.4,6228,7288,7379,7498,7411",6.906344890594482,9.283112525939941,"1.68,1.68,5.551,8.708,9.415,9.378,9.327,9.512","0.09949,0.09949,0.1824,0.5689,0.6029,0.6112,0.6125,0.6084","0.1234,0.1234,0.4587,0.645,0.6933,0.6848,0.6781,0.6967",0,0.006725008599460125,0,0.01606011390686035,"0,2138,2149,81,4109,7551,5679,1467",0.30965352058410645,0.37652587890625,0.370086669921875,"0.323,0.342,0.35,0.246,0.315,0.29,0.3,0.32","2.14,1.41,1.35,1,0.901,0.899,0.766,0.718","-0.299,0.0103,-0.0244,-0.00885,-0.00668,-0.00476,0.0206,-0.0352","-0.342,0,-0.0374,-0.0246,0,0,0.0162,-0.0214","-0.342,0,-0.036,0,0,0,0.0269,-0.0364",0.298828125,0.3415178656578064,1,0.04943959414958954,0.08785995841026306
17,q_proj,gptq,4096,4096,0,0.0020554065704345703,0.0014635324478149414,15.625613710391917,0.022668098156718698,55.256038665771484,38.95587921142578,69.963623046875,169.65194702148438,74.8319091796875,145.15530395507812,0.7713683843612671,15.605619430541992,0.09432143718004227,"0,19,34,29,36,13,4,73,56,65,31,16,17,66,25,49",95.55335998535156,,,,,0,35.139869689941406,71.78607177734375,38.53833770751953,74.75199890136719,"0.946,0.946,0.122,0.485,0.477,0.511,0.506,0.482",1298.80517578125,1777.1702880859375,"185.6,185.6,387.2,1891,1932,2003,1955,1852",82.97122192382812,86.88419342041016,"57.38,57.38,96.63,90.24,91.72,90.85,90.02,89.57","6.045,6.045,3.469,6.176,6.247,6.403,6.325,6.151","6.214,6.214,9.947,8.869,9.043,8.954,8.887,8.861",3697,0.0027369761373847723,1120,0.005496586672961712,"19,0,6,8,4,29,14,39",0.3256971538066864,0.423065185546875,0.42596435546875,"0.414,0.351,0.356,0.406,0.395,0.422,0.395,0.376","22.3,20.8,19.7,13.6,13.2,9.64,9.24,9.17","0.0184,-0.00148,-0.00348,-0.0156,0.0104,-0.00885,-0.0282,0.00261","0.0161,0,0,-0.0161,0.00806,-0.00806,-0.0322,0","0.0161,0,0,-0.0161,0.00806,-0.00806,-0.0322,0",0.031494140625,0.0361952930688858,1,0.32683464884757996,0.10457941144704819
17,k_proj,gptq,1024,4096,0,0.0020744800567626953,0.0014674663543701172,8.62296149431495,0.02834753221189913,26.196733474731445,17.19460105895996,32.32211685180664,100.7108154296875,39.96221160888672,98.93866729736328,0.7713683843612671,8.598514556884766,0.14847221970558167,"0,19,34,29,4,36,13,31,56,73,21,49,17,16,66,65",95.55335998535156,,,,,0,19.27434730529785,50.06930923461914,19.198999404907227,49.76005935668945,"0.985,0.985,0.094,0.390,0.361,0.386,0.371,0.343",1298.80517578125,1777.1702880859375,"185.6,185.6,387.2,1891,1932,2003,1955,1852",82.97122192382812,86.88419342041016,"57.38,57.38,96.63,90.24,91.72,90.85,90.02,89.57","4.913,4.913,2.859,4.458,4.444,4.498,4.411,4.293","4.951,4.951,9.34,7.135,7.398,7.237,7.245,7.334",423,0.013025526888668537,1022,0.021122058853507042,"19,0,6,8,4,29,14,39",0.5205896496772766,0.3634033203125,0.3619384765625,"0.462,0.208,0.381,0.352,0.366,0.41,0.5,0.41","22.3,20.8,19.7,13.6,13.2,9.64,9.24,9.17","-0.0116,0.0192,-0.0669,0.0564,-0.0608,0.0405,-0.0474,-0.0732","-0.0209,0.0209,-0.0628,0.0628,-0.0628,0.0419,-0.0419,-0.0628","-0.0209,0.0209,-0.0628,0.0628,-0.0628,0.0419,-0.0419,-0.0837",0.0732421875,0.0627790167927742,9,0.507178544998169,0.32469242811203003
17,v_proj,gptq,1024,4096,0,0.0020873546600341797,0.0014352798461914062,1.861599105379355,0.02118306198485058,6.936437606811523,4.991171836853027,8.759560585021973,18.596580505371094,7.833566665649414,13.205551147460938,0.7713683843612671,1.8620522022247314,0.05807047337293625,"19,34,29,36,13,56,4,73,66,31,16,65,49,21,25,17",95.55335998535156,,,,,0,3.3213229179382324,6.2870001792907715,4.495751857757568,7.1620635986328125,"0.826,0.826,0.144,0.586,0.595,0.619,0.613,0.605",1298.80517578125,1777.1702880859375,"185.6,185.6,387.2,1891,1932,2003,1955,1852",82.97122192382812,86.88419342041016,"57.38,57.38,96.63,90.24,91.72,90.85,90.02,89.57","0.8259,0.8259,1.143,2.14,2.192,2.236,2.204,2.158","0.909,0.909,3.01,2.795,2.841,2.842,2.815,2.775",127,0.00488938158378005,66,0.009674806147813797,"19,0,6,8,4,29,14,39",0.17479784786701202,0.58447265625,0.5919189453125,"0.0789,0.0273,0.058,0.0811,0.0604,0.0877,0.102,0.0773","22.3,20.8,19.7,13.6,13.2,9.64,9.24,9.17","0.000679,6.2e-05,0.000931,0.00146,0.00143,-0.000587,0.00377,-0.00113","0,0,0,0,0,0,0.00345,0","0,0,0,0.00289,0,0,0.00289,0",0.0211181640625,0.023230474442243576,1,0.15326939523220062,0.06682920455932617
17,o_proj,gptq,4096,4096,0,0.002122342586517334,0.0014442205429077148,12.217731188088237,0.03315899925418459,37.81756591796875,20.855785369873047,0.18035989999771118,0.7421809434890747,0.08967062085866928,0.2649456560611725,0.5820978879928589,12.16739559173584,0.035818375647068024,"995,611,3063,2679,2935,739,2807,1593,3909,1721,867,1772,2605,4016,1977,3336",39.28912353515625,,,,,0,0.017609091475605965,0.10327114164829254,0.06107524037361145,0.14794974029064178,"0.081,0.081,0.068,0.107,0.144,0.190,0.311,0.295",220.6306915283203,847.719482421875,"56.93,56.93,123.5,112.4,182.3,235.3,513.2,484.6",4.744129180908203,5.575266361236572,"4.299,4.299,4.968,4.614,4.699,4.735,5.167,5.172","0.08166,0.08166,0.08746,0.1013,0.1204,0.1398,0.1972,0.1915","0.2874,0.2874,0.3348,0.3098,0.3173,0.3206,0.3535,0.3528",0,0.010052943602204323,0,0.003167833434417844,"2807,3063,739,867,611,995,2679,1977",0.9931922554969788,0.354034423828125,0.360107421875,"0.191,0.255,0.245,0.302,0.251,0.298,0.253,0.225","1.01,0.89,0.887,0.883,0.88,0.792,0.772,0.665","-0.0125,0.0723,0.0109,0.0271,0.00108,0.0525,0.0295,0.0142","0,0.0731,0,0.0366,0,0.0366,0.0366,0","-0.00868,0.0619,0.013,0.0308,0,0.045,0.0241,0.0115",0.1953125,0.2237842082977295,1,0.012074928730726242,0.017857735976576805
17,gate_proj,gptq,12288,4096,0,0.002061009407043457,0.0014662543932596843,29.008071522664977,0.021260987575441422,107.12852478027344,76.80680847167969,87.1361083984375,195.10638427734375,95.03932189941406,154.25924682617188,0.6885008215904236,28.983177185058594,0.06723448634147644,"4,29,13,7,11,5,8,12,17,16,9,10,25,21,34,39",80.35601043701172,,,,,0,40.206119537353516,70.4465103149414,53.78669357299805,85.19406127929688,"1.153,1.153,0.144,0.610,0.608,0.622,0.623,0.607",1471.3734130859375,2127.88037109375,"182.7,182.7,398.8,2129,2173,2256,2285,2163",56.27566909790039,64.99168395996094,"26.44,26.44,64.15,65.9,66.77,67.03,67.14,66.34","4.344,4.344,3.59,7.243,7.331,7.448,7.483,7.303","4.046,4.046,9.452,9.273,9.406,9.447,9.483,9.374",105,0.001338229631073773,3037,0.0021686500404030085,"8,19,4,6,29,39,14,12",0.1767452359199524,0.3164469599723816,0.31707763671875,"0.73,0.614,0.811,0.578,0.691,0.664,0.597,0.652","10.9,10.3,10.3,9,6.14,5.92,5.87,5.4","-0.00983,0.00897,0.0012,0.0157,-0.0166,0.00301,0.00325,0.00497","-0.00858,0.00858,0,0.0172,-0.0172,0,0,0.00858","-0.00949,0.00949,0,0.019,-0.019,0,0,0.00949",0.109375,0.09334801137447357,3,0.26819515228271484,0.2071196734905243
17,up_proj,gptq,12288,4096,0,0.002066651980082194,0.0014486114184061687,23.08872326823621,0.019694647039931724,90.06828308105469,66.03932189941406,74.6573715209961,152.25074768066406,77.22378540039062,115.50377655029297,0.6885008215904236,23.066781997680664,0.04865197464823723,"4,29,13,11,7,5,12,8,17,16,25,10,9,21,39,34",80.35601043701172,,,,,0,32.14561080932617,51.797401428222656,44.694366455078125,64.89098358154297,"1.148,1.148,0.158,0.660,0.662,0.675,0.683,0.665",1471.3734130859375,2127.88037109375,"182.7,182.7,398.8,2129,2173,2256,2285,2163",56.27566909790039,64.99168395996094,"26.44,26.44,64.15,65.9,66.77,67.03,67.14,66.34","3.27,3.27,2.992,6.611,6.705,6.814,6.854,6.69","3.052,3.052,7.536,8.135,8.24,8.295,8.296,8.2",992,0.0007423034985549748,3693,0.000989515450783074,"8,19,4,6,29,39,14,12",0.12116677314043045,0.4056193232536316,0.4115702509880066,"0.402,0.457,0.326,0.307,0.41,0.403,0.475,0.464","10.9,10.3,10.3,9,6.14,5.92,5.87,5.4","-0.0005,-0.00687,0.0047,0.00285,0.000116,-0.00314,-0.00356,-0.00516","0,-0.00753,0.00753,0,0,0,-0.00753,-0.00753","0,-0.00753,0.00753,0,0,0,0,-0.00753",0.0263671875,0.030667835846543312,1,0.18267150223255157,0.07063710689544678
17,down_proj,gptq,4096,12288,0,0.0020092924435933432,0.0014363527297973633,36.27311819811712,0.031843914266443445,104.65909576416016,66.56470489501953,0.555553138256073,1.2564257383346558,0.6156802773475647,0.721779465675354,0.8724598288536072,36.24031066894531,0.08163303136825562,"0,12,4,10,935,20,788,5,642,14,436,105,15,6,24,136",205.95700073242188,,,,,0,0.231722891330719,0.28724393248558044,0.3820725083351135,0.4332921504974365,"0.769,0.769,0.271,0.812,0.816,0.844,0.816,0.844",4281.98046875,7136.73876953125,"62.56,62.56,376.1,6178,7031,7050,6771,6725",6.4218974113464355,8.90085506439209,"1.09,1.09,3.668,8.957,9.286,9.16,9.205,8.92","0.07446,0.07446,0.1474,0.5852,0.6076,0.6147,0.6097,0.5997","0.08492,0.08492,0.2834,0.6494,0.6726,0.669,0.6751,0.6526",0,0.0067098853178322315,0,0.0067740981467068195,"0,888,4949,40,10970,5217,2667,4175",0.19924397766590118,0.39788818359375,0.396392822265625,"0.357,0.252,0.279,0.243,0.29,0.335,0.285,0.295","2.19,2.19,1.21,1.01,0.867,0.778,0.647,0.631","0.332,0.00253,-0.0128,-0.00291,0.00394,0.00381,-0.0147,-0.000456","0.285,0,-0.0188,0,0.0107,0,-0.0166,0","0.285,0,-0.0138,0,0,0,-0.011,0",0.33203125,0.2845982313156128,1,0.04977107420563698,0.055354565382003784
18,q_proj,gptq,4096,4096,0,0.002067267894744873,0.0014913082122802734,15.591041455132654,0.023287337288911896,54.046913146972656,37.8602180480957,68.25982666015625,170.6088409423828,77.32291412353516,144.26724243164062,0.6923516392707825,15.578102111816406,0.09372147172689438,"0,19,34,29,36,4,13,56,25,73,31,17,21,16,49,65",82.12886047363281,,,,,0,35.23018264770508,69.74820709228516,40.64201354980469,75.01945495605469,"1.140,1.140,0.136,0.493,0.487,0.511,0.519,0.495",1330.4532470703125,1907.9925537109375,"184.2,184.2,404.6,1967,1983,2027,2001,1893",82.58246612548828,88.08447265625,"52.08,52.08,98.16,91.7,93.07,91.78,91.03,90.76","5.74,5.74,3.583,6.336,6.417,6.441,6.418,6.253","5.375,5.375,9.722,9.027,9.197,9.013,8.908,8.89",931,0.004397944547235966,1851,0.008378526195883751,"19,6,0,8,4,29,39,14",0.334848016500473,0.4105224609375,0.411651611328125,"0.421,0.333,0.332,0.368,0.362,0.401,0.351,0.359","22,21.7,18.1,15,14.6,9.91,9.85,9.47","-0.00781,-0.0172,0.0192,0.0134,-0.0217,0.0135,-0.0101,0.00595","0,-0.0212,0.0212,0.0212,-0.0212,0.0212,0,0","0,-0.0212,0.0212,0.0212,-0.0212,0.0212,0,0",0.07421875,0.0636160746216774,1,0.4255511462688446,0.19993527233600616
18,k_proj,gptq,1024,4096,0,0.0020384788513183594,0.0014750957489013672,8.199622540669225,0.027321925022630464,25.372081756591797,16.910717010498047,31.51128387451172,94.80026245117188,38.92259979248047,87.17718505859375,0.6923516392707825,8.180015563964844,0.13165603578090668,"0,34,19,29,36,13,25,17,73,4,56,16,78,39,21,65",82.12886047363281,,,,,0,18.476865768432617,43.47023010253906,19.557674407958984,44.43913650512695,"0.978,0.978,0.125,0.417,0.418,0.427,0.428,0.404",1330.4532470703125,1907.9925537109375,"184.2,184.2,404.6,1967,1983,2027,2001,1893",82.58246612548828,88.08447265625,"52.08,52.08,98.16,91.7,93.07,91.78,91.03,90.76","4.446,4.446,2.948,4.376,4.554,4.51,4.496,4.376","4.497,4.497,8.336,6.775,7.044,6.899,6.875,6.888",376,0.0070974454283714294,504,0.016367243602871895,"19,6,0,8,4,29,39,14",0.48732542991638184,0.3787841796875,0.382568359375,"0.404,0.32,0.212,0.311,0.321,0.363,0.368,0.427","22,21.7,18.1,15,14.6,9.91,9.85,9.47","0.0076,-0.00558,-0.00436,0.00221,0.0187,0.000458,0.00528,-0.0259","0,0,0,0,0.025,0,0,-0.025","0,0,0,0,0.025,0,0,-0.025",0.08740234375,0.0749163031578064,2,0.38362112641334534,0.3095218241214752
18,v_proj,gptq,1024,4096,0,0.0021088123321533203,0.001421213150024414,1.7101992213056292,0.02225241471540978,6.13817024230957,4.349955081939697,7.7182135581970215,17.380800247192383,7.455470085144043,12.831010818481445,0.6923516392707825,1.7079288959503174,0.06329131126403809,"29,34,19,36,13,17,56,25,31,73,27,65,16,21,4,66",82.12886047363281,,,,,0,3.02900767326355,6.087305545806885,4.316697120666504,6.887193202972412,"0.955,0.955,0.143,0.548,0.540,0.573,0.603,0.579",1330.4532470703125,1907.9925537109375,"184.2,184.2,404.6,1967,1983,2027,2001,1893",82.58246612548828,88.08447265625,"52.08,52.08,98.16,91.7,93.07,91.78,91.03,90.76","0.727,0.727,1.14,2.079,2.089,2.109,2.121,2.059","0.7438,0.7438,3.014,2.809,2.842,2.785,2.732,2.706",411,0.006207598373293877,744,0.007103356998413801,"19,6,0,8,4,29,39,14",0.1947847604751587,0.5782470703125,0.583251953125,"0.0728,0.0527,0.024,0.0747,0.0596,0.0818,0.0795,0.0884","22,21.7,18.1,15,14.6,9.91,9.85,9.47","0.00109,0.000232,-0.000115,0.00125,4.01e-05,0.00215,-0.00334,-0.00161","0,0,0,0,0,0.00375,-0.00375,0","0,0,0,0,0,0.00368,-0.00368,0",0.0267333984375,0.031203851103782654,1,0.1645750254392624,0.08984112739562988
18,o_proj,gptq,4096,4096,0,0.0021283626556396484,0.0014265179634094238,11.41085506112995,0.03409132257010502,31.528867721557617,18.895784378051758,0.12934240698814392,0.4773622751235962,0.06293447315692902,0.2049350142478943,0.721813976764679,11.373154640197754,0.049161624163389206,"3317,3966,321,193,3710,449,4094,3189,3838,1359,2996,65,3445,2949,1036,1420",21.859403610229492,,,,,0,0.014650994911789894,0.08472607284784317,0.04196577146649361,0.11132151633501053,"0.036,0.036,0.045,0.117,0.219,0.232,0.280,0.326",363.88677978515625,1006.1991577148438,"46.02,46.02,135.7,287,619.6,452,581.9,742.8",4.344483375549316,4.931060791015625,"3.926,3.926,4.626,4.114,4.286,4.453,4.637,4.787","0.04954,0.04954,0.0657,0.09439,0.1349,0.1432,0.1639,0.1831","0.2615,0.2615,0.3086,0.2755,0.2881,0.2973,0.3094,0.3205",0,0.014275341294705868,2752,0.0027473154477775097,"321,193,449,1420,1292,3445,1164,1036",0.5874539613723755,0.331451416015625,0.335601806640625,"0.206,0.253,0.291,0.285,0.241,0.274,0.248,0.321","0.918,0.91,0.754,0.74,0.725,0.719,0.718,0.647","-0.00604,0.0645,0.0396,-0.0156,0.0062,-0.0957,-0.0167,0.0233","0,0.0837,0.0419,0,0,-0.0837,0,0","-0.0075,0.0552,0.0339,-0.0158,0.00942,-0.082,-0.0133,0.0219",0.1875,0.2348809391260147,1,0.016114357858896255,0.01283393893390894
18,gate_proj,gptq,12288,4096,0,0.0020533204078674316,0.001463492711385091,29.874429175826663,0.02093788735338699,111.42381286621094,80.19730377197266,100.25965881347656,216.0941619873047,108.01758575439453,165.99371337890625,0.6258446574211121,29.851856231689453,0.05935866758227348,"4,5,13,29,11,7,2,8,12,17,9,21,16,25,39,10",73.37080383300781,,,,,0,45.07949447631836,75.35932159423828,60.7882080078125,90.71597290039062,"1.184,1.184,0.149,0.627,0.639,0.648,0.649,0.629",1420.6640625,2099.2216796875,"181.4,181.4,411.6,2080,2115,2165,2171,2061",57.447017669677734,66.12432098388672,"29.39,29.39,64.11,67.04,67.53,67.73,67.62,66.77","4.908,4.908,3.767,7.624,7.74,7.821,7.821,7.61","4.51,4.51,9.753,9.627,9.682,9.712,9.707,9.598",19,0.0020972639322280884,50,0.0025730966590344906,"8,4,6,19,0,39,29,14",0.1458968222141266,0.3112080991268158,0.3123779296875,"0.718,0.792,0.573,0.611,0.524,0.666,0.691,0.613","10.9,10.9,9.92,9.58,6.11,5.88,5.58,5.55","-0.0243,0.00247,0.0295,0.00946,-0.0231,0.00531,0.0027,0.00732","-0.0314,0,0.0314,0,-0.0157,0,0,0.0157","-0.0294,0,0.0294,0.0147,-0.0294,0,0,0",0.1103515625,0.09460385888814926,2,0.3544695973396301,0.1550026834011078
18,up_proj,gptq,12288,4096,0,0.0020636717478434243,0.0014419158299763997,22.49666054091722,0.01960717308081881,88.09974670410156,64.63928985595703,80.67816162109375,160.43215942382812,82.11077117919922,116.75045776367188,0.6258446574211121,22.486040115356445,0.04349260777235031,"4,5,29,11,13,7,2,8,12,17,9,21,16,25,39,10",73.37080383300781,,,,,0,33.712772369384766,51.60273361206055,47.24607849121094,65.35307312011719,"1.173,1.173,0.175,0.690,0.699,0.701,0.708,0.685",1420.6640625,2099.2216796875,"181.4,181.4,411.6,2080,2115,2165,2171,2061",57.447017669677734,66.12432098388672,"29.39,29.39,64.11,67.04,67.53,67.73,67.62,66.77","3.601,3.601,3.084,6.777,6.856,6.919,6.93,6.74","3.325,3.325,7.377,8.158,8.202,8.261,8.238,8.146",2289,0.0005378760397434235,529,0.0011359459022060037,"8,4,6,19,0,39,29,14",0.10307475924491882,0.4328816831111908,0.4378255307674408,"0.393,0.314,0.308,0.458,0.272,0.393,0.399,0.478","10.9,10.9,9.92,9.58,6.11,5.88,5.58,5.55","-0.00291,-0.00117,-0.00276,0.00525,-0.00126,-0.00273,0.005,-0.0014","-0.00371,0,-0.00371,0.00743,0,-0.00371,0.00371,0","-0.00281,0,-0.00281,0.00562,0,-0.00281,0.00562,0",0.0205078125,0.019003694877028465,1,0.15900200605392456,0.06974370032548904
18,down_proj,gptq,4096,12288,0,0.0020060141881306968,0.0014238953590393066,34.79300074869792,0.031024274715108022,101.32209777832031,64.94816589355469,0.5746526718139648,1.271436333656311,0.6151901483535767,0.7105793952941895,0.843654215335846,34.77762222290039,0.08201207965612411,"0,2,3,8,6,2536,1,604,31,36,21,44,297,96,49,45",170.7136993408203,,,,,0,0.24712088704109192,0.30595335364341736,0.3676249086856842,0.4046652317047119,"0.489,0.489,0.222,0.874,0.880,0.865,0.902,0.896",4195.89599609375,6726.64697265625,"196.7,196.7,433.6,6096,6353,6644,6815,6832",7.113967418670654,8.475154876708984,"4.856,4.856,3.997,8.533,8.432,8.864,8.7,8.674","0.2705,0.2705,0.1502,0.5862,0.5872,0.6087,0.6158,0.6082","0.3868,0.3868,0.3188,0.6272,0.626,0.6544,0.6483,0.6427",0,0.01821592077612877,0,0.043996553868055344,"3,129,2668,11446,0,2349,92,55",0.09636011719703674,0.39984130859375,0.39874267578125,"0.348,0.248,0.271,0.295,0.358,0.286,0.243,0.265","1.25,1.13,0.921,0.601,0.586,0.564,0.547,0.446","-0.0366,-0.0791,0.0123,0.00116,-0.334,0.00294,-0.0208,0.138","0,-0.0954,0.0308,0.0105,-0.382,0,0,0.0954","0,-0.0917,0.0137,0,-0.382,0,0,0.0954",0.333984375,0.3816964328289032,1,0.07924699038267136,0.13130433857440948
19,q_proj,gptq,4096,4096,0,0.002078711986541748,0.0014865398406982422,16.245408655857318,0.0243740703791005,54.60114288330078,37.72899627685547,62.08872604370117,164.6765594482422,74.47005462646484,143.7032470703125,0.7299939393997192,16.227476119995117,0.10021133720874786,"0,4,34,36,29,19,13,17,25,78,56,21,39,65,73,49",95.3251953125,,,,,0,34.378055572509766,70.11427307128906,38.911354064941406,73.99169921875,"1.152,1.152,0.137,0.492,0.473,0.501,0.507,0.486",1377.1822509765625,1963.1143798828125,"183,183,415.7,2101,2022,2066,2064,1982",81.76412200927734,87.11575317382812,"49.52,49.52,100.6,91.15,92.21,90.73,90.2,90.15","5.644,5.644,3.79,6.359,6.296,6.313,6.273,6.137","5.259,5.259,10.24,9.068,9.158,8.921,8.809,8.8",2536,0.0038796791341155767,3751,0.006627595983445644,"6,19,4,8,0,39,29,14",0.3708462119102478,0.435943603515625,0.43792724609375,"0.304,0.426,0.314,0.323,0.288,0.332,0.393,0.365","23.9,20.5,16.7,15.6,15.3,10.5,9.94,8.78","0.0334,0.00455,0.0273,-0.0293,-0.0337,0.0311,-0.022,0.00769","0.0385,0,0.0193,-0.0385,-0.0385,0.0385,-0.0193,0","0.0385,0,0.0193,-0.0385,-0.0385,0.0385,-0.0193,0",0.0673828125,0.0577566996216774,1,0.39218148589134216,0.5631890296936035
19,k_proj,gptq,1024,4096,0,0.002019166946411133,0.001438140869140625,8.250936033742619,0.028904137505900273,24.68240737915039,16.074668884277344,27.69247055053711,87.58332061767578,35.98828887939453,79.95040893554688,0.7299939393997192,8.235956192016602,0.13453853130340576,"0,36,19,4,34,13,29,17,78,21,25,16,49,56,73,31",95.3251953125,,,,,0,16.8166446685791,40.430728912353516,18.571508407592773,40.7333869934082,"0.939,0.939,0.155,0.416,0.400,0.412,0.427,0.401",1377.1822509765625,1963.1143798828125,"183,183,415.7,2101,2022,2066,2064,1982",81.76412200927734,87.11575317382812,"49.52,49.52,100.6,91.15,92.21,90.73,90.2,90.15","3.956,3.956,3.121,4.379,4.363,4.297,4.354,4.227","4.082,4.082,7.919,6.785,6.901,6.696,6.663,6.671",830,0.011936105787754059,812,0.015242751687765121,"6,19,4,8,0,39,29,14",0.4649031162261963,0.423828125,0.42431640625,"0.272,0.406,0.276,0.269,0.196,0.346,0.354,0.385","23.9,20.5,16.7,15.6,15.3,10.5,9.94,8.78","0.00818,0.0364,0.00543,-0.0183,0.00488,-0.0204,0.0113,-0.0192","0,0.0463,0,-0.0232,0,-0.0232,0,-0.0232","0,0.0463,0,-0.0232,0,-0.0232,0,-0.0232",0.0810546875,0.0926339328289032,1,0.47668176889419556,0.5469636917114258
19,v_proj,gptq,1024,4096,0,0.0020570755004882812,0.0014667510986328125,1.5926737213294473,0.022491471489524427,5.669449806213379,4.011046409606934,6.432943820953369,14.884073257446289,6.662810325622559,11.463693618774414,0.7299939393997192,1.5889990329742432,0.06732545047998428,"34,36,29,19,4,13,17,25,39,78,27,21,65,73,56,49",95.3251953125,,,,,0,2.8837943077087402,5.499747276306152,3.8009002208709717,6.1036553382873535,"0.987,0.987,0.145,0.625,0.591,0.600,0.609,0.587",1377.1822509765625,1963.1143798828125,"183,183,415.7,2101,2022,2066,2064,1982",81.76412200927734,87.11575317382812,"49.52,49.52,100.6,91.15,92.21,90.73,90.2,90.15","0.8414,0.8414,1.124,2.07,2.034,2.012,2.014,1.966","0.8469,0.8469,2.951,2.619,2.647,2.598,2.58,2.565",392,0.006389047484844923,507,0.020747244358062744,"6,19,4,8,0,39,29,14",0.22888077795505524,0.578369140625,0.5859375,"0.047,0.0752,0.0481,0.0591,0.0264,0.0728,0.0789,0.0767","23.9,20.5,16.7,15.6,15.3,10.5,9.94,8.78","0.00126,-0.00174,-0.00132,0.0032,0.000141,0.00111,-0.000133,0.000797","0,-0.00255,0,0.00255,0,0,0,0.00255","0,-0.00255,-0.00255,0.00255,0,0,0,0",0.01708984375,0.016094626858830452,1,0.16260336339473724,0.1541556417942047
19,o_proj,gptq,4096,4096,0,0.002112865447998047,0.001407325267791748,10.09232500050166,0.0315901226441701,29.14786148071289,18.01703643798828,0.12876242399215698,0.4031330943107605,0.054467033594846725,0.1760585755109787,0.7235749363899231,10.042522430419922,0.04931331053376198,"2561,2689,2945,1223,1095,1351,1479,940,2817,1251,3355,225,556,3227,3483,1379",29.13493537902832,,,,,0,0.014332090504467487,0.07581488788127899,0.037432990968227386,0.10018568485975266,"0.049,0.049,0.048,0.081,0.238,0.286,0.303,0.352",279.2862243652344,844.9773559570312,"51.58,51.58,97.11,116.8,303.5,431.1,496.4,686.3",4.203620910644531,4.812422275543213,"3.892,3.892,4.44,3.867,4.037,4.276,4.441,4.785","0.05598,0.05598,0.0636,0.07179,0.1295,0.1499,0.159,0.1861","0.2525,0.2525,0.2907,0.2523,0.2654,0.2805,0.289,0.3135",0,0.016583330929279327,0,0.0049148667603731155,"2561,2689,2945,556,940,2817,812,684",0.5105715394020081,0.340301513671875,0.32781982421875,"0.227,0.338,0.25,0.182,0.218,0.299,0.278,0.367","0.874,0.874,0.723,0.609,0.585,0.567,0.519,0.494","0.0293,-0.0193,-0.0535,-0.0349,0.0165,0.0029,0.025,-0.118","0.0377,-0.0377,-0.0377,-0.0377,0,0,0.0377,-0.113","0.0251,-0.0159,-0.0611,-0.0266,0.0154,0,0.0223,-0.101",0.3046875,0.2880038321018219,1,0.0166828203946352,0.018604302778840065
19,gate_proj,gptq,12288,4096,0,0.0020490686098734536,0.0014708439509073894,29.80060952717031,0.02027682730265837,113.77239990234375,82.65552520751953,111.09095001220703,229.7615203857422,109.87638854980469,163.6616668701172,0.688064694404602,29.785171508789062,0.053540974855422974,"4,11,13,7,29,12,5,17,9,8,39,16,25,21,10,26",62.12559127807617,,,,,0,44.8779411315918,73.46617889404297,63.99313735961914,91.53468322753906,"1.217,1.217,0.166,0.670,0.667,0.673,0.680,0.665",1382.6490478515625,2053.0439453125,"169.6,169.6,420.3,2044,2006,2093,2121,2038",55.41944122314453,65.74054718017578,"21.26,21.26,63.76,67.25,67.03,67.95,67.74,67.11","3.555,3.555,3.912,7.975,7.895,8.034,8.084,7.914","3.223,3.223,9.613,9.743,9.667,9.795,9.802,9.702",38,0.0012811385095119476,138,0.0019290446070954204,"4,8,19,6,39,12,14,29",0.12864932417869568,0.317962646484375,0.319244384765625,"0.768,0.693,0.609,0.56,0.654,0.643,0.62,0.662","10.5,10,8.85,8.76,5.67,5.36,5.23,5.21","0.0225,-0.0195,0.012,0.0209,0.00571,-0.00589,0.000366,-0.0132","0.0229,-0.0229,0.0114,0.0229,0,0,0,-0.0114","0.0229,-0.0229,0.0114,0.0229,0,-0.0114,0,-0.0114",0.048828125,0.05394817888736725,1,0.28257229924201965,0.12324431538581848
19,up_proj,gptq,12288,4096,0,0.0020605921745300293,0.0014380017916361492,21.82469444481103,0.019178250401654072,86.90409088134766,64.1644287109375,86.25067138671875,166.5105743408203,82.25911712646484,114.28585052490234,0.688064694404602,21.79941749572754,0.03962245211005211,"4,11,13,7,29,5,12,17,8,9,39,16,25,26,21,10",62.12559127807617,,,,,0,33.15230941772461,50.27463150024414,48.45508575439453,64.88801574707031,"1.215,1.215,0.195,0.713,0.700,0.712,0.727,0.713",1382.6490478515625,2053.0439453125,"169.6,169.6,420.3,2044,2006,2093,2121,2038",55.41944122314453,65.74054718017578,"21.26,21.26,63.76,67.25,67.03,67.95,67.74,67.11","2.646,2.646,3.21,6.91,6.846,6.999,7.038,6.912","2.4,2.4,7.273,8.182,8.181,8.294,8.252,8.186",1536,0.0006679339567199349,247,0.0009981758194044232,"4,8,19,6,39,12,14,29",0.09313327074050903,0.3923136591911316,0.3939005732536316,"0.317,0.398,0.46,0.319,0.393,0.453,0.467,0.395","10.5,10,8.85,8.76,5.67,5.36,5.23,5.21","0.00351,0.00102,-0.00126,-0.00391,-0.00304,0.00211,0.000648,-0.00293","0.00288,0,0,-0.00288,-0.00288,0.00288,0,-0.00288","0.00413,0,-0.00207,-0.00413,-0.00207,0.00207,0,-0.00207",0.021484375,0.021293139085173607,1,0.17693652212619781,0.1189364492893219
19,down_proj,gptq,4096,12288,0,0.0020056764284769693,0.0014232993125915527,33.642641055208564,0.030168894649701974,99.69852447509766,64.44232177734375,0.6115514636039734,1.298600196838379,0.6532042026519775,0.7282814383506775,0.29858362674713135,33.60041046142578,0.08314482122659683,"0,10,8,46,654,19,1,2,25,1120,43,16,42,225,38,3091",80.81751251220703,,,,,0,0.2534317672252655,0.2959482669830322,0.3761516511440277,0.41469019651412964,"0.444,0.444,0.258,0.981,0.869,0.896,0.897,0.850",4359.32421875,6475.95703125,"32.76,32.76,868.3,8663,6380,6600,6045,6254",6.281527519226074,8.428799629211426,"0.7288,0.7288,4.724,9.797,8.551,8.737,8.366,8.62","0.04451,0.04451,0.2058,0.7242,0.5956,0.6189,0.5944,0.6046","0.06677,0.06677,0.405,0.7313,0.6388,0.654,0.6276,0.6559",0,0.006938813254237175,0,0.06645141541957855,"972,51,22,10183,34,6988,7335,49",0.14032778143882751,0.338714599609375,0.338348388671875,"0.319,0.214,0.257,0.298,0.259,0.305,0.291,0.264","1.66,0.834,0.625,0.582,0.581,0.555,0.525,0.519","0.0232,-0.0278,-0.0259,0.00726,0.000675,0.0116,0.00861,-0.017","0.0129,0,0,0,0,0.0269,0.0118,0","0.0243,0,0,0.00942,0,0.0146,0.00809,0",0.3359375,0.2879464626312256,2,0.04961545020341873,0.16466285288333893
20,q_proj,gptq,4096,4096,0,0.00206834077835083,0.0014899969100952148,15.92781768739951,0.02355628171511451,54.705989837646484,38.15546417236328,64.13661193847656,163.95358276367188,76.758544921875,141.72207641601562,0.6995243430137634,15.917987823486328,0.09528765827417374,"0,36,13,19,4,34,29,17,78,25,56,21,65,39,16,73",83.45935821533203,,,,,0,34.870033264160156,67.96450805664062,40.4090576171875,74.70186614990234,"1.127,1.127,0.147,0.554,0.504,0.528,0.519,0.501",1396.729736328125,2018.8828125,"180.9,180.9,436.7,2185,2012,2089,2075,2014",79.32071685791016,85.48309326171875,"49.8,49.8,94.56,87.82,88.93,88.1,87.81,87.74","5.606,5.606,3.874,6.513,6.305,6.37,6.314,6.203","5.28,5.28,10.11,8.748,8.883,8.765,8.761,8.764",439,0.0025761197321116924,318,0.008795340545475483,"6,19,0,4,8,29,39,36",0.3417609632015228,0.405792236328125,0.40814208984375,"0.339,0.433,0.304,0.376,0.361,0.45,0.367,0.454","21.9,18.1,15.8,14.7,14.4,8.65,8.63,8.15","0.00221,-0.0118,-0.000132,0.00443,-0.00458,-0.00273,0.00681,0.00879","0,-0.00914,0,0.00914,0,0,0.00914,0.00914","0,-0.00914,0,0,-0.00914,0,0.00914,0.00914",0.034912109375,0.03714785724878311,1,0.32003793120384216,0.17082741856575012
20,k_proj,gptq,1024,4096,0,0.0020895004272460938,0.001468658447265625,7.720136960720993,0.02712953233309999,24.07744598388672,16.042512893676758,27.912574768066406,81.14864349365234,36.27705383300781,75.48202514648438,0.6995243430137634,7.7086334228515625,0.1296035349369049,"0,36,13,19,34,29,4,17,25,78,56,21,39,65,30,6",83.45935821533203,,,,,0,16.846309661865234,37.782169342041016,18.908891677856445,38.574161529541016,"0.950,0.950,0.141,0.509,0.445,0.450,0.448,0.437",1396.729736328125,2018.8828125,"180.9,180.9,436.7,2185,2012,2089,2075,2014",79.32071685791016,85.48309326171875,"49.8,49.8,94.56,87.82,88.93,88.1,87.81,87.74","3.947,3.947,2.964,4.551,4.382,4.308,4.291,4.237","4.05,4.05,7.893,6.379,6.565,6.419,6.412,6.407",286,0.006561409682035446,60,0.01258423924446106,"6,19,0,4,8,29,39,36",0.464464008808136,0.409912109375,0.4130859375,"0.273,0.394,0.213,0.298,0.274,0.356,0.35,0.329","21.9,18.1,15.8,14.7,14.4,8.65,8.63,8.15","-0.00519,0.000113,-3.84e-05,0.00058,0.00209,-0.0058,0.00162,-0.00033","-0.00656,0,0,0,0,-0.00656,0,0","-0.00656,0,0,0,0,-0.00656,0,0",0.03564453125,0.034393128007650375,1,0.3549167215824127,0.10771001130342484
20,v_proj,gptq,1024,4096,0,0.002037525177001953,0.0014803409576416016,2.0290853883907403,0.02088550076524577,7.625075817108154,5.502886772155762,8.936151504516602,18.648582458496094,8.997821807861328,13.552543640136719,0.6995243430137634,2.028557777404785,0.04704897478222847,"19,13,36,34,4,29,17,78,56,21,25,65,80,26,39,92",83.45935821533203,,,,,0,3.71110463142395,6.146072864532471,5.248060703277588,7.642091751098633,"0.968,0.968,0.190,0.718,0.651,0.669,0.654,0.631",1396.729736328125,2018.8828125,"180.9,180.9,436.7,2185,2012,2089,2075,2014",79.32071685791016,85.48309326171875,"49.8,49.8,94.56,87.82,88.93,88.1,87.81,87.74","0.8863,0.8863,1.18,2.391,2.283,2.322,2.301,2.261","0.9008,0.9008,2.706,2.821,2.828,2.84,2.845,2.847",651,0.006149668246507645,936,0.008238743990659714,"6,19,0,4,8,29,39,36",0.16000708937644958,0.587890625,0.5887451171875,"0.0486,0.078,0.0212,0.0592,0.0714,0.0806,0.0776,0.0705","21.9,18.1,15.8,14.7,14.4,8.65,8.63,8.15","0.00223,-0.00388,0.000186,6.34e-05,0.00256,0.00258,0.00249,-0.00166","0.00392,-0.00392,0,0,0.00392,0.00392,0.00392,0","0.00392,-0.00392,0,0,0.00392,0.00392,0.00392,0",0.0205078125,0.01809014193713665,1,0.17900869250297546,0.0503164604306221
20,o_proj,gptq,4096,4096,0,0.002132415771484375,0.0014376044273376465,12.217839651023212,0.03431975664856203,33.78468322753906,20.1798038482666,0.14789752662181854,0.4035634398460388,0.050380878150463104,0.16454583406448364,0.6574797630310059,12.169424057006836,0.04894080385565758,"2382,2254,2510,1815,3054,1687,2670,2126,3084,2926,3468,2798,3340,249,121,1133",66.7536392211914,,,,,0,0.014837739057838917,0.07539106160402298,0.037749916315078735,0.09375664591789246,"0.034,0.034,0.080,0.134,0.273,0.251,0.334,0.387",270.73858642578125,682.470703125,"47.12,47.12,138.5,190,334.5,316.7,443.3,648.5",3.857119083404541,4.332718372344971,"3.685,3.685,4.147,3.463,3.924,3.696,4.054,4.202","0.05027,0.05027,0.08047,0.09011,0.1432,0.1311,0.1665,0.1835","0.2719,0.2719,0.2851,0.2462,0.2739,0.2614,0.2881,0.295",0,0.004459588322788477,0,0.04377807676792145,"2126,1517,1261,2510,1133,1389,2254,2798",0.6404139399528503,0.39544677734375,0.39813232421875,"0.357,0.291,0.246,0.204,0.314,0.274,0.142,0.229","0.759,0.678,0.674,0.657,0.652,0.651,0.59,0.519","0.0113,0.222,-0.148,-0.00279,-0.0391,0.0549,-0.0308,0.000261","0,0.19,-0.127,0,-0.0633,0.0633,-0.0633,0","0.0112,0.194,-0.148,0,-0.0446,0.0471,-0.0276,0",0.2265625,0.20213596522808075,1,0.00956095103174448,0.057310547679662704
20,gate_proj,gptq,12288,4096,0,0.002069095770517985,0.0014789501825968425,30.04591660357255,0.01994816579333383,116.02133178710938,84.63368225097656,123.10331726074219,249.57876586914062,124.55952453613281,180.36309814453125,0.6890724301338196,30.03167724609375,0.05461160093545914,"4,13,11,29,12,7,9,5,17,39,8,25,16,10,19,34",62.9568977355957,,,,,0,50.88533401489258,80.79328155517578,72.4148178100586,101.07152557373047,"1.235,1.235,0.180,0.723,0.672,0.689,0.689,0.678",1414.6212158203125,2082.978759765625,"168.8,168.8,445.3,2232,2022,2120,2113,2047",57.75313186645508,68.56096649169922,"22.48,22.48,66.12,70.87,69.75,70.5,70.21,69.62","3.754,3.754,4.271,8.732,8.355,8.517,8.489,8.366","3.378,3.378,10.05,10.27,10.19,10.26,10.23,10.16",437,0.0010712131625041366,109,0.0014675486600026488,"4,8,6,19,39,12,29,14",0.12380987405776978,0.3163045346736908,0.3186747431755066,"0.778,0.698,0.557,0.605,0.657,0.631,0.67,0.614","11,10.3,9.86,9.11,5.92,5.84,5.38,4.96","0.0173,-0.0106,0.00723,0.0159,0.012,-0.0151,-0.0157,0.00433","0.0166,-0.0083,0.0083,0.0166,0.0083,-0.0166,-0.0166,0.0083","0.0187,-0.00935,0.00935,0.0187,0.00935,-0.0187,-0.0187,0",0.042724609375,0.03557007014751434,1,0.27345094084739685,0.14769913256168365
20,up_proj,gptq,12288,4096,0,0.002060373624165853,0.0014274120330810547,21.303672079200624,0.018831906227123597,85.94207763671875,63.76286315917969,92.68377685546875,175.64244079589844,90.36807250976562,123.56814575195312,0.6890724301338196,21.295167922973633,0.04037405177950859,"4,13,11,29,7,9,17,12,5,39,8,25,16,19,34,26",62.9568977355957,,,,,0,36.72606658935547,54.489105224609375,52.83869171142578,69.85755157470703,"1.201,1.201,0.209,0.752,0.712,0.725,0.727,0.721",1414.6212158203125,2082.978759765625,"168.8,168.8,445.3,2232,2022,2120,2113,2047",57.75313186645508,68.56096649169922,"22.48,22.48,66.12,70.87,69.75,70.5,70.21,69.62","2.793,2.793,3.453,7.523,7.177,7.312,7.291,7.179","2.549,2.549,7.548,8.676,8.505,8.586,8.551,8.455",2780,0.0005839589866809547,576,0.0008144224993884563,"4,8,6,19,39,12,29,14",0.09030091017484665,0.3921610713005066,0.395477294921875,"0.314,0.393,0.316,0.455,0.392,0.445,0.387,0.46","11,10.3,9.86,9.11,5.92,5.84,5.38,4.96","-0.00169,-0.00193,-0.00311,0.00304,0.00235,0.00264,0.000207,-0.00256","-0.00298,-0.00298,-0.00298,0.00298,0.00298,0.00298,0,-0.00298","-0.00298,-0.00298,-0.00298,0.00298,0.00298,0.00298,0,-0.00298",0.0198974609375,0.019836019724607468,2,0.17344270646572113,0.07338935881853104
20,down_proj,gptq,4096,12288,0,0.0019993980725606284,0.0014225244522094727,34.62460814374322,0.031209526987746632,100.49107360839844,64.15010833740234,0.6967664957046509,1.4369547367095947,0.7437808513641357,0.8541712164878845,0.6531886458396912,34.61144256591797,0.09139955788850784,"0,4610,47,1,1311,5247,17,2233,4,3,574,87,63,226,36,526",86.31288146972656,,,,,0,0.3048504889011383,0.35401085019111633,0.4543542265892029,0.5209400057792664,"0.767,0.767,0.288,0.913,0.906,0.899,0.858,0.843",4526.40478515625,6744.23486328125,"41.33,41.33,401.6,7470,6471,7648,7407,6731",6.972894191741943,9.564729690551758,"0.8547,0.8547,4.389,9.994,9.386,10.23,10.32,9.747","0.05302,0.05302,0.1714,0.7062,0.6528,0.7172,0.7211,0.6667","0.06056,0.06056,0.3194,0.7392,0.6859,0.7564,0.7785,0.7263",0,0.007101444993168116,0,0.03454235941171646,"3659,435,11,5,3673,1301,1,0",0.10485786944627762,0.3792724609375,0.377593994140625,"0.304,0.258,0.311,0.264,0.288,0.315,0.349,0.367","1.25,1.17,1.15,0.875,0.727,0.668,0.527,0.518","-0.00922,-0.0197,0.0239,0.0344,0.000469,-0.00546,-0.301,-0.334","0,0,0,0,0,-0.0113,-0.286,-0.286","-0.0116,-0.0142,0,0,0,0,-0.286,-0.382",0.333984375,0.30727583169937134,1,0.05501227825880051,0.12748737633228302
21,q_proj,gptq,4096,4096,0,0.002060234546661377,0.001491248607635498,15.506093172909459,0.024014902701347374,52.64810562133789,36.546173095703125,64.88098907470703,165.30783081054688,75.584228515625,136.749755859375,0.7183578610420227,15.495399475097656,0.10342369228601456,"19,0,34,29,13,78,36,25,17,56,80,4,66,31,21,50",76.26429748535156,,,,,0,34.40264892578125,65.73452758789062,39.38335418701172,71.52290344238281,"1.149,1.149,0.169,0.573,0.496,0.536,0.529,0.504",1352.8485107421875,1906.5740966796875,"178.8,178.8,450.3,2178,1900,2041,2002,1894",79.07637023925781,85.28850555419922,"47.01,47.01,96.32,88.97,89.49,88.4,87.79,87.61","5.58,5.58,4.101,6.534,6.139,6.294,6.246,6.095","5.205,5.205,9.986,8.635,8.716,8.599,8.59,8.584",3625,0.004561982117593288,170,0.008142613805830479,"6,19,0,4,8,39,12,29",0.35123971104621887,0.412811279296875,0.41326904296875,"0.326,0.448,0.296,0.348,0.358,0.366,0.372,0.429","21.6,19,17.2,14.2,13.8,9.19,8.63,8.51","0.0405,0.00958,-0.033,0.0342,-0.0327,0.0354,-0.0118,-0.0282","0.041,0.0205,-0.041,0.041,-0.0205,0.041,-0.0205,-0.0205","0.041,0,-0.041,0.041,-0.041,0.041,-0.0205,-0.0205",0.07177734375,0.0615234375,1,0.4146353602409363,0.18115460872650146
21,k_proj,gptq,1024,4096,0,0.0020608901977539062,0.0014879703521728516,8.122813663838315,0.028916410464188972,24.308841705322266,15.849695205688477,29.574342727661133,89.36019134521484,37.51167297363281,79.39994049072266,0.7183578610420227,8.118993759155273,0.14087419211864471,"0,19,29,13,34,78,36,25,56,66,17,21,4,73,31,65",76.26429748535156,,,,,0,17.381284713745117,40.09365463256836,19.148815155029297,40.45449447631836,"1.065,1.065,0.145,0.491,0.407,0.445,0.431,0.399",1352.8485107421875,1906.5740966796875,"178.8,178.8,450.3,2178,1900,2041,2002,1894",79.07637023925781,85.28850555419922,"47.01,47.01,96.32,88.97,89.49,88.4,87.79,87.61","4.007,4.007,3.105,4.679,4.43,4.417,4.325,4.191","3.882,3.882,8.155,6.678,6.941,6.623,6.589,6.638",880,0.01216735877096653,828,0.01931837946176529,"6,19,0,4,8,39,12,29",0.4869919419288635,0.3828125,0.3875732421875,"0.298,0.414,0.214,0.308,0.311,0.368,0.379,0.364","21.6,19,17.2,14.2,13.8,9.19,8.63,8.51","0.0154,-0.0859,0.00436,-0.00577,0.0151,-0.0374,-0.0231,-0.0322","0.0246,-0.0982,0,0,0.0246,-0.0491,-0.0246,-0.0246","0.0246,-0.0737,0,0,0.0246,-0.0491,-0.0246,-0.0246",0.0859375,0.098214291036129,1,0.4886477589607239,0.5713116526603699
21,v_proj,gptq,1024,4096,0,0.002040863037109375,0.0014607906341552734,1.896461946053023,0.021579742377411375,6.942303657531738,4.976974964141846,8.526203155517578,18.480981826782227,8.233051300048828,12.770318984985352,0.7183578610420227,1.8970859050750732,0.05565362051129341,"19,36,29,34,78,13,25,4,56,66,17,80,21,65,50,53",76.26429748535156,,,,,0,3.395540237426758,5.901182174682617,4.794265270233154,7.133344650268555,"1.001,1.001,0.195,0.681,0.596,0.647,0.646,0.612",1352.8485107421875,1906.5740966796875,"178.8,178.8,450.3,2178,1900,2041,2002,1894",79.07637023925781,85.28850555419922,"47.01,47.01,96.32,88.97,89.49,88.4,87.79,87.61","0.6683,0.6683,1.187,2.331,2.19,2.257,2.223,2.144","0.668,0.668,2.692,2.825,2.837,2.806,2.766,2.741",93,0.005439953412860632,114,0.010218340903520584,"6,19,0,4,8,39,12,29",0.1742086112499237,0.5430908203125,0.547119140625,"0.0568,0.0829,0.0228,0.0676,0.0841,0.0878,0.0958,0.0878","21.6,19,17.2,14.2,13.8,9.19,8.63,8.51","0.00348,0.00589,0.00013,0.00208,0.00284,-7.63e-06,-0.00212,-0.00125","0.00474,0.00474,0,0,0.00474,0,0,0","0.00474,0.00474,0,0,0.00474,0,0,0",0.0206298828125,0.022823508828878403,1,0.1615232527256012,0.10607616603374481
21,o_proj,gptq,4096,4096,0,0.002091348171234131,0.0014313459396362305,11.331849568563484,0.0325038142806337,33.46742248535156,19.915019989013672,0.12413999438285828,0.37920665740966797,0.05493061989545822,0.16683126986026764,0.7962245941162109,11.273509979248047,0.04709186404943466,"1144,1528,1272,2129,1400,2385,2257,1538,2513,3311,1794,787,1922,3183,659,3644",54.06032180786133,,,,,0,0.014731564559042454,0.07371220737695694,0.039811860769987106,0.09836052358150482,"0.038,0.038,0.200,0.150,0.204,0.276,0.273,0.334",316.8343811035156,928.28125,"42.02,42.02,427.8,210.5,276,416,468.8,651.4",3.865326404571533,4.442784786224365,"3.621,3.621,4.08,3.526,3.826,4.025,3.93,4.294","0.05,0.05,0.1256,0.09617,0.1207,0.1486,0.1444,0.1742","0.2552,0.2552,0.2811,0.2485,0.2672,0.2826,0.2765,0.3014",0,0.08846642822027206,0,0.09133271127939224,"2257,1272,2129,1922,2513,2385,915,1400",0.7395762801170349,0.328399658203125,0.340423583984375,"0.269,0.214,0.24,0.262,0.312,0.302,0.258,0.28","0.698,0.627,0.589,0.567,0.562,0.538,0.481,0.475","0.0938,0.0109,0.0238,0.0527,0.162,0.0603,-0.00534,0.0615","0.0926,0,0,0.0463,0.139,0.0463,0,0.0926","0.0954,0.0131,0.0261,0.0452,0.205,0.0725,-0.00659,0.0589",0.359375,0.4087775945663452,1,0.0358947291970253,0.0807577446103096
21,gate_proj,gptq,12288,4096,0,0.0020498434702555337,0.0014633735020955403,29.732664430666773,0.01982604224216394,115.35787200927734,84.30538940429688,124.9288558959961,253.5258331298828,125.79444885253906,182.57925415039062,0.6674634218215942,29.72022247314453,0.05531352385878563,"4,13,11,29,7,5,9,12,17,8,10,26,25,16,19,21",56.894256591796875,,,,,0,52.3858757019043,82.75139617919922,72.00733947753906,101.6394271850586,"1.426,1.426,0.187,0.726,0.660,0.687,0.687,0.668",1413.301513671875,2045.3953857421875,"162.8,162.8,458,2287,1980,2138,2114,2005",58.45159912109375,68.88089752197266,"23.12,23.12,67.57,71.87,70.32,71.13,70.61,69.87","4.146,4.146,4.461,8.901,8.337,8.597,8.537,8.322","3.472,3.472,10.3,10.45,10.26,10.37,10.3,10.18",58,0.0011126460740342736,97,0.004402533173561096,"4,8,6,19,12,39,14,29",0.12911228835582733,0.3212077021598816,0.3217671811580658,"0.766,0.676,0.545,0.599,0.626,0.646,0.618,0.638","11.2,10.6,10.3,9.46,6.4,6,5.31,5.29","0.052,-0.0125,0.0147,-0.0211,0.0261,0.0172,-0.00301,0.0114","0.0446,-0.0149,0.0149,-0.0149,0.0297,0.0149,0,0.0149","0.0446,-0.0149,0.0149,-0.0149,0.0297,0.0149,0,0.0149",0.052001953125,0.0445731058716774,2,0.27810585498809814,0.2667211890220642
21,up_proj,gptq,12288,4096,0,0.002073983351389567,0.0014333724975585938,21.716893022683507,0.018786572918856787,87.73582458496094,65.11426544189453,96.37089538574219,183.6514892578125,93.4589614868164,126.96625518798828,0.6674634218215942,21.698047637939453,0.041887108236551285,"4,13,11,29,7,5,9,12,17,8,19,25,16,26,10,39",56.894256591796875,,,,,0,38.53308868408203,56.222511291503906,54.05789566040039,71.94035339355469,"1.385,1.385,0.216,0.767,0.705,0.737,0.742,0.715",1413.301513671875,2045.3953857421875,"162.8,162.8,458,2287,1980,2138,2114,2005",58.45159912109375,68.88089752197266,"23.12,23.12,67.57,71.87,70.32,71.13,70.61,69.87","3.102,3.102,3.583,7.737,7.225,7.497,7.45,7.238","2.636,2.636,7.713,8.836,8.608,8.731,8.646,8.559",5379,0.0006621016073040664,23,0.0011334638111293316,"4,8,6,19,12,39,14,29",0.09673190861940384,0.3843282163143158,0.3856608271598816,"0.339,0.411,0.327,0.451,0.451,0.397,0.467,0.403","11.2,10.6,10.3,9.46,6.4,6,5.31,5.29","0.000694,-0.00291,-0.000303,-0.00206,0.00491,-0.00209,0.00261,4.53e-05","0,-0.00331,0,-0.00331,0.00331,-0.00331,0.00331,0","0,-0.00293,0,-0.00293,0.00586,-0.00293,0.00293,0",0.0194091796875,0.019076893106102943,1,0.1859210878610611,0.10076991468667984
21,down_proj,gptq,4096,12288,0,0.0020067294438680014,0.0014228026072184246,36.34416835105509,0.03219672198343783,103.8096694946289,65.5871353149414,0.782513439655304,1.661901593208313,0.7715743184089661,0.8878883719444275,0.649206817150116,36.32423400878906,0.09642531722784042,"0,32,2138,1,6870,87,4798,60,34,9,2,84,8,772,2094,167",89.56914520263672,,,,,0,0.309400737285614,0.377932071685791,0.4768080711364746,0.5334422588348389,"0.582,0.582,0.387,0.794,0.836,0.847,0.862,0.847",4087.325927734375,6350.01416015625,"42.5,42.5,428.5,6777,6060,6944,6404,6000",7.288487434387207,9.829920768737793,"0.9571,0.9571,4.568,11.04,9.923,10.74,10.22,9.914","0.0588,0.0588,0.2059,0.7222,0.6648,0.7267,0.697,0.6697","0.0771,0.0771,0.331,0.8103,0.7272,0.7897,0.7508,0.7276",0,0.007932492531836033,0,0.006057459395378828,"319,0,475,573,26,826,6,2088",0.10566885024309158,0.393829345703125,0.388519287109375,"0.259,0.369,0.265,0.263,0.264,0.284,0.247,0.291","1.62,1.45,1.24,1.07,0.806,0.731,0.7,0.672","-0.0245,0.344,0.0461,0.00977,-0.063,0.0247,0.0713,-0.017","0,0.295,0.0396,0,-0.0982,0.0311,0.0982,-0.0156","-0.0416,0.295,0.0374,0,-0.0982,0.0191,0.0982,-0.018",0.34375,0.2946428656578064,1,0.05920875445008278,0.056596457958221436
22,q_proj,gptq,4096,4096,0,0.0020572543144226074,0.0014731884002685547,16.23949976557924,0.023683978005808414,55.618324279785156,38.78853988647461,71.45137023925781,177.29815673828125,81.19569396972656,146.35186767578125,0.7213612198829651,16.227663040161133,0.09495952725410461,"0,13,36,19,29,34,25,4,78,80,21,17,31,39,73,56",84.18370056152344,,,,,0,36.857398986816406,70.45475006103516,42.79442596435547,77.14035034179688,"1.156,1.156,0.161,0.564,0.505,0.541,0.535,0.506",1319.814208984375,1907.5947265625,"177.4,177.4,475.4,2116,1835,1992,1950,1835",79.28288269042969,86.27874755859375,"47.04,47.04,95.63,89.54,89.82,88.76,88.35,88.1","5.769,5.769,4.171,6.745,6.418,6.546,6.476,6.279","5.366,5.366,10.41,8.986,9.029,8.899,8.854,8.824",1010,0.004784847609698772,1010,0.0061941747553646564,"6,0,19,4,8,12,39,29",0.3086669445037842,0.416412353515625,0.420989990234375,"0.344,0.315,0.445,0.344,0.384,0.353,0.342,0.437","23.6,17.9,16.6,14.7,14.6,9.16,8.56,8.16","-0.0214,0.0337,-0.0184,-0.0101,0.0152,0.0069,-0.0109,0.0083","-0.0176,0.0353,-0.0176,-0.0176,0.0176,0,-0.0176,0","-0.0176,0.0353,-0.0176,-0.0176,0.0176,0,-0.0176,0",0.061767578125,0.0529436431825161,1,0.4439231753349304,0.710626482963562
22,k_proj,gptq,1024,4096,0,0.0020360946655273438,0.0014636516571044922,9.027644864399917,0.02897411830331391,26.968181610107422,17.57691192626953,34.087188720703125,102.71487426757812,41.53052520751953,88.08320617675781,0.7213612198829651,9.018866539001465,0.13617365062236786,"13,0,36,19,34,29,25,78,4,80,39,56,31,53,21,16",84.18370056152344,,,,,0,18.959421157836914,42.96571350097656,21.76230812072754,46.8157844543457,"1.046,1.046,0.167,0.496,0.422,0.449,0.431,0.410",1319.814208984375,1907.5947265625,"177.4,177.4,475.4,2116,1835,1992,1950,1835",79.28288269042969,86.27874755859375,"47.04,47.04,95.63,89.54,89.82,88.76,88.35,88.1","4.094,4.094,3.426,4.847,4.608,4.566,4.56,4.478","4.002,4.002,8.395,6.884,7.092,6.811,6.946,6.992",501,0.007747265510261059,690,0.017792334780097008,"6,0,19,4,8,12,39,29",0.5233759880065918,0.401123046875,0.40673828125,"0.306,0.199,0.451,0.319,0.318,0.417,0.376,0.386","23.6,17.9,16.6,14.7,14.6,9.16,8.56,8.16","0.00793,-0.0104,0.0148,-0.00452,-0.00763,0.0234,0.00818,-0.0069","0,-0.0208,0.0208,0,0,0.0208,0,0","0,0,0.0208,0,0,0.0208,0,0",0.07275390625,0.0831473246216774,1,0.4055691957473755,0.6505369544029236
22,v_proj,gptq,1024,4096,0,0.002080678939819336,0.0014705657958984375,1.9469978405877555,0.021073478957480872,7.243925094604492,5.218300819396973,9.334281921386719,19.8968505859375,8.879770278930664,13.591663360595703,0.7213612198829651,1.942930817604065,0.05705028772354126,"36,19,34,29,13,78,25,4,80,53,66,21,5,39,31,26",84.18370056152344,,,,,0,3.670557737350464,6.208772659301758,5.187440395355225,7.623454570770264,"0.960,0.960,0.196,0.701,0.642,0.662,0.649,0.634",1319.814208984375,1907.5947265625,"177.4,177.4,475.4,2116,1835,1992,1950,1835",79.28288269042969,86.27874755859375,"47.04,47.04,95.63,89.54,89.82,88.76,88.35,88.1","0.8385,0.8385,1.261,2.371,2.253,2.33,2.286,2.239","0.8559,0.8559,2.85,2.831,2.811,2.864,2.838,2.813",827,0.006554546300321817,874,0.005853693000972271,"6,0,19,4,8,12,39,29",0.1643122136592865,0.54638671875,0.55322265625,"0.0595,0.0202,0.0897,0.073,0.0897,0.113,0.0874,0.085","23.6,17.9,16.6,14.7,14.6,9.16,8.56,8.16","0.00287,0.000263,0.00178,-0.00123,0.000591,-0.00922,-0.00113,-0.00391","0.00377,0,0,0,0,-0.00753,-0.00377,-0.00377","0.00377,0,0,0,0,-0.00753,0,-0.00377",0.020263671875,0.021269405260682106,1,0.18239666521549225,0.1795874685049057
22,o_proj,gptq,4096,4096,0,0.0021224617958068848,0.0014342665672302246,11.618425545215473,0.03275895917764567,33.2174072265625,19.992918014526367,0.1578713357448578,0.5256265997886658,0.09444063901901245,0.39167189598083496,0.1945243775844574,11.580004692077637,0.046891290694475174,"1177,717,488,589,722,104,360,3807,3083,3679,73,3058,2674,594,2378,1578",78.2121810913086,,,,,0,0.025977715849876404,0.26954132318496704,0.06367835402488708,0.12355588376522064,"0.043,0.043,0.012,0.145,0.385,0.367,0.445,0.467",526.1505737304688,1225.2261962890625,"41.82,41.82,996.3,198.4,556.5,593.9,766.4,1014",5.8644490242004395,4.987337112426758,"3.551,3.551,17.4,3.705,4.48,4.506,4.687,5.033","0.05025,0.05025,0.1354,0.0956,0.1882,0.1867,0.2162,0.2414","0.241,0.241,1.249,0.2507,0.3032,0.308,0.324,0.3534",0,0.022019769996404648,0,0.002149650827050209,"978,594,850,232,360,104,722,973",0.3088631331920624,0.3753662109375,0.37506103515625,"0.288,0.34,0.234,0.191,0.331,0.292,0.313,0.219","0.835,0.797,0.796,0.725,0.677,0.66,0.606,0.522","0.232,-0.0449,0.132,0.0054,-0.0231,0.0513,-0.123,0.0928","0.199,-0.0664,0.133,0,0,0.0664,-0.133,0.0664","0.199,-0.0396,0.112,0,-0.0258,0.0611,-0.14,0.0664",0.232421875,0.21823002398014069,1,0.02793019823729992,0.01405627466738224
22,gate_proj,gptq,12288,4096,0,0.002055505911509196,0.0014700690905253093,30.482459652936086,0.02014113988206056,116.92900085449219,85.09799194335938,129.2615509033203,269.01641845703125,136.90194702148438,192.31285095214844,0.6764768362045288,30.466449737548828,0.053766924887895584,"4,11,8,13,7,5,29,16,9,17,12,10,25,39,19,21",56.15340042114258,,,,,0,58.960201263427734,87.13570404052734,76.9993667602539,107.16251373291016,"1.242,1.242,0.483,0.722,0.667,0.701,0.698,0.672",1533.9727783203125,2111.673828125,"166.8,166.8,1284,2295,2007,2183,2149,2019",60.16768264770508,70.76739501953125,"23.26,23.26,71.98,73.78,72,72.96,72.57,71.54","3.896,3.896,7.529,9.099,8.541,8.863,8.802,8.537","3.496,3.496,10.83,10.71,10.46,10.58,10.53,10.41",7,0.0012994343414902687,193,0.002148848492652178,"8,4,6,19,12,14,39,29",0.12589983642101288,0.3190816342830658,0.3206380307674408,"0.69,0.735,0.542,0.601,0.62,0.626,0.658,0.645","11.6,11,11,8.77,7.23,5.39,5.35,4.97","-0.0112,0.00565,0.0176,0.0273,0.00687,-0.00732,0.0145,-0.0114","-0.0104,0.0104,0.0208,0.0208,0.0104,-0.0104,0.0104,-0.0104","-0.0104,0.0104,0.0208,0.0312,0.0104,-0.0104,0.0104,-0.0104",0.07763671875,0.08136089146137238,1,0.307872474193573,0.1880265772342682
22,up_proj,gptq,12288,4096,0,0.0020585854848225913,0.0014394720395406087,22.317004166325205,0.019101037233940178,89.05039978027344,65.79264831542969,99.75640106201172,194.8912353515625,100.8714599609375,135.1566162109375,0.6764768362045288,22.302200317382812,0.040300291031599045,"4,11,7,5,13,8,29,12,9,16,17,39,10,25,19,21",56.15340042114258,,,,,0,42.66256332397461,60.13581085205078,57.9329948425293,76.68846130371094,"1.213,1.213,0.497,0.757,0.704,0.734,0.736,0.709",1533.9727783203125,2111.673828125,"166.8,166.8,1284,2295,2007,2183,2149,2019",60.16768264770508,70.76739501953125,"23.26,23.26,71.98,73.78,72,72.96,72.57,71.54","2.901,2.901,5.835,7.923,7.397,7.713,7.656,7.405","2.634,2.634,8.276,9.104,8.817,9.002,8.926,8.797",9334,0.0005522000719793141,1236,0.0008441795944236219,"8,4,6,19,12,14,39,29",0.09126780927181244,0.3788655698299408,0.3810323178768158,"0.424,0.36,0.334,0.454,0.456,0.459,0.403,0.397","11.6,11,11,8.77,7.23,5.39,5.35,4.97","-0.00105,0.00415,-0.00243,-0.00302,-0.000706,-0.00279,-0.000507,0.000614","0,0.00544,-0.00272,-0.00272,0,-0.00272,0,0","0,0.00283,-0.00283,-0.00283,0,-0.00283,0,0",0.018310546875,0.019549692049622536,1,0.17383228242397308,0.20871086418628693
22,down_proj,gptq,4096,12288,0,0.0020082791646321616,0.0014304121335347493,36.13947807788696,0.031729050917347026,103.6788330078125,65.91095733642578,0.795415997505188,1.8224201202392578,0.8620562553405762,0.9447824954986572,0.7217716574668884,36.107948303222656,0.09422698616981506,"0,5,7,13,9,223,393,11,183,150,17,1683,624,172,626,179",186.79034423828125,,,,,0,0.37264156341552734,0.39676398038864136,0.501446545124054,0.5635256171226501,"0.539,0.539,1.201,0.951,0.918,0.889,0.891,0.863",4909.53173828125,6614.1591796875,"42.31,42.31,6203,6667,6415,7028,6645,6233",7.6009368896484375,9.971393585205078,"0.9929,0.9929,8.696,9.96,9.64,10.37,10.15,10.01","0.05925,0.05925,0.7035,0.7193,0.6766,0.7271,0.7089,0.6875","0.08068,0.08068,0.642,0.7375,0.7061,0.7713,0.7511,0.7399",0,0.00553662097081542,0,0.0072911628521978855,"0,1,7087,265,3297,5519,1568,1504",0.18412093818187714,0.35296630859375,0.352325439453125,"0.36,0.37,0.306,0.283,0.291,0.301,0.299,0.32","2.07,1.34,0.912,0.892,0.496,0.478,0.467,0.447","-0.318,-0.0015,0.00494,0.0623,0.00793,-0.00934,0.107,0.000402","-0.364,0,0,0.091,0,-0.00949,0.0838,0","-0.273,0,0,0.0737,0.00865,-0.00788,0.0921,0",0.318359375,0.3638392984867096,1,0.050344400107860565,0.06029196456074715
23,q_proj,gptq,4096,4096,0,0.0020582079887390137,0.0014889836311340332,16.51974723514286,0.024253424859021516,55.78822326660156,38.63857650756836,68.6728744506836,178.39114379882812,81.48487854003906,141.65989685058594,0.7946720719337463,16.520370483398438,0.07127523422241211,"13,36,19,34,29,78,80,25,4,40,58,56,53,31,65,50",83.08881378173828,,,,,0,37.43864059448242,67.71456909179688,42.90208435058594,75.1969985961914,"1.080,1.080,0.465,0.563,0.509,0.558,0.546,0.512",1541.887939453125,2009.20703125,"175.3,175.3,1725,2241,1924,2125,2057,1912",74.84651947021484,84.57142639160156,"30.89,30.89,98.42,88.91,88.2,87.84,87.12,86.5","4.066,4.066,7.326,6.784,6.382,6.63,6.534,6.275","3.913,3.913,10.75,9.045,8.942,8.876,8.841,8.767",1332,0.0032826410606503487,1704,0.00727698253467679,"6,19,4,8,0,12,36,31",0.24893058836460114,0.3587646484375,0.38604736328125,"0.348,0.441,0.395,0.375,0.363,0.38,0.458,0.421","22.6,15,13.5,13.4,9.38,9.38,8.02,8","0.0015,0.0304,0.00173,-0.0109,-0.00635,-0.000851,-0.00641,0.0181","0,0.0261,0,-0.00868,-0.00868,0,-0.00868,0.0174","0,0.0318,0,-0.0106,-0.0106,0,-0.0106,0.0212",0.037109375,0.04012457653880119,1,0.3656778037548065,0.18601082265377045
23,k_proj,gptq,1024,4096,0,0.002087116241455078,0.0014808177947998047,9.177614801737946,0.029033789797449278,27.388216018676758,17.840009689331055,33.25736999511719,100.32427978515625,43.95042037963867,80.54156494140625,0.7946720719337463,9.161375045776367,0.11410865187644958,"13,19,34,36,29,80,25,78,4,40,53,31,56,73,49,50",83.08881378173828,,,,,0,21.13934898376465,39.44276809692383,22.16197967529297,42.47167205810547,"0.957,0.957,0.656,0.510,0.441,0.485,0.481,0.449",1541.887939453125,2009.20703125,"175.3,175.3,1725,2241,1924,2125,2057,1912",74.84651947021484,84.57142639160156,"30.89,30.89,98.42,88.91,88.2,87.84,87.12,86.5","2.668,2.668,6.732,4.915,4.616,4.694,4.666,4.504","2.727,2.727,8.313,6.884,6.948,6.743,6.727,6.722",565,0.006171109154820442,380,0.013793147169053555,"6,19,4,8,0,12,36,31",0.4111049771308899,0.3486328125,0.3505859375,"0.307,0.422,0.342,0.312,0.264,0.404,0.371,0.418","22.6,15,13.5,13.4,9.38,9.38,8.02,8","-0.00635,-0.0201,-0.000851,0.0184,0.00836,-0.000698,0.00124,0.0134","0,-0.025,0,0.025,0,0,0,0","0,-0.025,0,0.025,0,0,0,0.025",0.08740234375,0.0749163031578064,3,0.3625943958759308,0.4323192536830902
23,v_proj,gptq,1024,4096,0,0.002042531967163086,0.0014491081237792969,2.2070963045489407,0.023901290351537957,7.524538040161133,5.222472190856934,9.18848991394043,20.553422927856445,9.826041221618652,14.459961891174316,0.7946720719337463,2.2014896869659424,0.04631149023771286,"13,36,29,34,19,78,118,80,25,4,58,56,40,73,65,147",83.08881378173828,,,,,0,4.270405292510986,6.584187030792236,5.5647077560424805,8.09510612487793,"0.866,0.866,0.662,0.659,0.612,0.642,0.666,0.632",1541.887939453125,2009.20703125,"175.3,175.3,1725,2241,1924,2125,2057,1912",74.84651947021484,84.57142639160156,"30.89,30.89,98.42,88.91,88.2,87.84,87.12,86.5","0.5735,0.5735,2.325,2.459,2.315,2.385,2.384,2.307","0.6163,0.6163,2.858,3.029,2.96,2.976,2.922,2.901",683,0.008542140014469624,484,0.0073237051256000996,"6,19,4,8,0,12,36,31",0.15304303169250488,0.5560302734375,0.55126953125,"0.0521,0.0776,0.064,0.065,0.0224,0.0995,0.076,0.0828","22.6,15,13.5,13.4,9.38,9.38,8.02,8","-0.00013,0.00103,-0.000858,-0.0023,-0.000427,0.00519,0.00583,-0.000725","0,0,0,-0.00269,0,0.00537,0.00537,0","0,0,0,-0.00269,0,0.00537,0.00537,0",0.01904296875,0.020296331495046616,1,0.21400396525859833,0.15108102560043335
23,o_proj,gptq,4096,4096,0,0.002147078514099121,0.001443028450012207,11.71089080899219,0.03314391226835566,32.79045486450195,20.167964935302734,0.10235489904880524,0.24037283658981323,0.04489676654338837,0.07801593095064163,0.6814733743667603,11.67503547668457,0.062145404517650604,"3082,3210,949,589,3338,2310,2054,565,973,1460,1380,1252,617,3736,1204,821",55.60659408569336,,,,,0,0.010918984189629555,0.026104463264346123,0.035754334181547165,0.05646390840411186,"0.071,0.071,0.238,0.370,0.420,0.406,0.581,0.620",326.8069763183594,1105.1632080078125,"25.29,25.29,146.6,296,282.6,330.2,624.8,883.7",2.2715444564819336,3.084536075592041,"1.842,1.842,2.025,2.112,2.353,2.27,2.684,3.043","0.0339,0.0339,0.06657,0.08703,0.1063,0.1012,0.1468,0.173","0.1268,0.1268,0.1365,0.1431,0.1641,0.1589,0.1926,0.2198",0,0.06546085327863693,0,0.004283722024410963,"1332,2054,2438,1124,1371,2182,1380,1076",0.3278806209564209,0.35882568359375,0.364654541015625,"0.191,0.247,0.257,0.313,0.254,0.242,0.22,0.306","0.304,0.296,0.292,0.289,0.288,0.284,0.282,0.28","-0.0177,-0.0679,0.0884,0.0134,0.0243,0.0244,-0.0256,-0.00916","0,0,0.114,0,0,0,0,0","-0.0177,-0.0776,0.0758,0.0187,0.0177,0.0233,-0.0177,0",0.3984375,0.455357164144516,1,0.02720879204571247,0.01073838584125042
23,gate_proj,gptq,12288,4096,0,0.0020498434702555337,0.001481016476949056,31.040849251279724,0.02005510333112688,119.4288101196289,87.01029968261719,135.39988708496094,278.58038330078125,141.99195861816406,192.00564575195312,0.6809321641921997,31.012046813964844,0.04946446046233177,"4,11,7,9,13,29,5,12,8,16,42,10,83,39,21,54",51.594200134277344,,,,,0,61.72399139404297,86.55657196044922,79.4200439453125,107.18498229980469,"1.170,1.170,0.621,0.743,0.692,0.728,0.715,0.693",1583.048828125,2103.5888671875,"167.6,167.6,1731,2298,1974,2199,2133,1994",59.35953140258789,69.9928970336914,"21.66,21.66,72.21,73.72,70.84,72.52,71.66,70.61","3.543,3.543,8.476,9.279,8.627,9.073,8.904,8.643","3.275,3.275,10.76,10.76,10.37,10.63,10.53,10.38",227,0.0017660476732999086,3,0.002952843438833952,"8,6,4,19,12,0,14,39",0.10397946834564209,0.3332621455192566,0.333526611328125,"0.668,0.527,0.692,0.613,0.619,0.508,0.619,0.639","10.8,10.6,10,7.81,6.96,5.07,4.88,4.85","0.0112,-0.00247,-0.00386,0.0115,-0.00301,0.00137,0.0128,0.00201","0.016,0,0,0.016,0,0,0.016,0","0.016,0,0,0.016,0,0,0.016,0",0.055908203125,0.0479213185608387,6,0.36255553364753723,0.28778141736984253
23,up_proj,gptq,12288,4096,0,0.002070943514506022,0.0014420946439107258,22.35803634916374,0.019165140745350355,88.9963150024414,65.72975158691406,102.14183044433594,199.34344482421875,103.51810455322266,134.49948120117188,0.6809321641921997,22.344358444213867,0.03792734816670418,"4,11,7,9,13,29,5,8,12,16,39,42,83,54,10,30",51.594200134277344,,,,,0,44.33645248413086,60.193973541259766,58.591495513916016,75.62152862548828,"1.205,1.205,0.643,0.762,0.709,0.754,0.745,0.723",1583.048828125,2103.5888671875,"167.6,167.6,1731,2298,1974,2199,2133,1994",59.35953140258789,69.9928970336914,"21.66,21.66,72.21,73.72,70.84,72.52,71.66,70.61","2.702,2.702,6.811,8.014,7.384,7.804,7.672,7.43","2.461,2.461,8.491,9.179,8.768,8.988,8.89,8.739",3035,0.0006728170556016266,21,0.0027433272916823626,"8,6,4,19,12,0,14,39",0.07869930565357208,0.38427734375,0.3861897885799408,"0.435,0.341,0.36,0.439,0.46,0.321,0.469,0.418","10.8,10.6,10,7.81,6.96,5.07,4.88,4.85","-0.00522,-0.000213,0.00109,-0.00409,-0.000511,-0.00172,0.00272,0.00377","-0.0037,0,0,-0.0037,0,-0.0037,0.0037,0.0037","-0.0037,0,0,-0.0037,0,0,0.0037,0.0037",0.0213623046875,0.01946459524333477,1,0.19152483344078064,0.05092032626271248
23,down_proj,gptq,4096,12288,0,0.002008378505706787,0.0014330148696899414,35.60375514708187,0.031190931326909768,102.79566192626953,65.57894134521484,0.7627190351486206,1.682096004486084,0.7723419666290283,0.810821533203125,0.5365037322044373,35.556541442871094,0.10081534832715988,"3,0,35,1787,20,22,65,11,2096,92,142,19,193,7,386,5",124.02722930908203,,,,,0,0.3155623972415924,0.33607909083366394,0.48079073429107666,0.5112955570220947,"0.830,0.830,0.558,0.981,0.973,1.011,0.953,0.924",4288.0732421875,6515.92431640625,"38.12,38.12,1380,7035,6758,6796,6445,5814",6.888667583465576,9.404387474060059,"0.8964,0.8964,5.818,9.82,9.324,9.605,9.479,9.27","0.059,0.059,0.3299,0.7226,0.6803,0.7125,0.6898,0.6635","0.06478,0.06478,0.4416,0.7295,0.6895,0.7087,0.7065,0.6901",0,0.00606448482722044,0,0.032972872257232666,"2003,4079,14,649,0,1,1453,7358",0.15919512510299683,0.3916015625,0.386810302734375,"0.327,0.306,0.255,0.294,0.351,0.262,0.3,0.305","1.12,1.09,1.08,0.998,0.83,0.67,0.579,0.555","0.00699,-0.0027,-0.0723,0.052,-0.33,0.0442,-0.02,0.00218","0.0201,0,-0.109,0.0421,-0.326,0,-0.0187,0","0.0122,0,-0.109,0.0446,-0.326,0,-0.0215,0",0.380859375,0.4352678656578064,1,0.05297960713505745,0.1252060979604721
24,q_proj,gptq,4096,4096,0,0.002057194709777832,0.0014904141426086426,16.04571155244048,0.02362735346986621,55.1769905090332,38.503211975097656,72.87362670898438,184.62716674804688,86.6683349609375,142.41598510742188,0.8040426969528198,16.03682518005371,0.0730554461479187,"13,78,19,36,80,29,25,34,4,40,129,53,31,49,56,21",87.83268737792969,,,,,0,39.886558532714844,67.4001693725586,45.77909851074219,76.60111999511719,"1.054,1.054,0.551,0.613,0.531,0.584,0.566,0.533",1563.8485107421875,2044.4842529296875,"176.2,176.2,1786,2303,1933,2139,2075,1923",74.28012084960938,84.54414367675781,"30.81,30.81,95.37,89.38,87.24,87.63,86.8,86.2","4.111,4.111,7.609,7.121,6.587,6.823,6.698,6.471","4.004,4.004,10.25,9.098,9.04,8.932,8.905,8.862",1976,0.005047101993113756,1976,0.014382418245077133,"6,19,4,8,0,12,36,31",0.2612805962562561,0.359375,0.379791259765625,"0.39,0.467,0.421,0.391,0.392,0.4,0.456,0.441","22.7,14,13.7,13.5,9.98,8.99,8.1,7.99","-0.0654,-0.0013,-0.0571,0.0417,0.0732,-0.0347,0.0393,-0.0306","-0.067,0,-0.067,0.0446,0.067,-0.0446,0.0446,-0.0223","-0.058,0,-0.058,0.029,0.0871,-0.029,0.029,-0.029",0.1015625,0.11592990159988403,1,0.4679413139820099,1.0840836763381958
24,k_proj,gptq,1024,4096,0,0.0020301342010498047,0.0014722347259521484,8.416649023107311,0.026323190659183242,26.710573196411133,17.959964752197266,34.86332702636719,95.73336791992188,44.15965270996094,74.51014709472656,0.8040426969528198,8.408356666564941,0.1009078398346901,"13,36,19,80,78,34,25,4,29,53,49,40,17,31,65,32",87.83268737792969,,,,,0,20.654743194580078,35.709800720214844,23.050756454467773,39.85108184814453,"0.864,0.864,0.672,0.580,0.497,0.556,0.544,0.497",1563.8485107421875,2044.4842529296875,"176.2,176.2,1786,2303,1933,2139,2075,1923",74.28012084960938,84.54414367675781,"30.81,30.81,95.37,89.38,87.24,87.63,86.8,86.2","2.478,2.478,6.197,5.028,4.713,4.828,4.773,4.579","2.667,2.667,7.56,6.604,6.683,6.476,6.474,6.494",432,0.011722997762262821,747,0.020761901512742043,"6,19,4,8,0,12,36,31",0.36267396807670593,0.346923828125,0.3563232421875,"0.318,0.376,0.352,0.316,0.272,0.393,0.343,0.387","22.7,14,13.7,13.5,9.98,8.99,8.1,7.99","-0.0142,0.0747,-0.0167,0.00372,-0.00328,0.0261,0.0503,0.0278","-0.0213,0.064,-0.0213,0,0,0.0213,0.0427,0.0213","-0.0213,0.064,-0.0213,0,0,0.0213,0.0427,0.0213",0.07470703125,0.0640345960855484,7,0.5102511644363403,0.578964114189148
24,v_proj,gptq,1024,4096,0,0.0020477771759033203,0.0014603137969970703,2.268243398244522,0.021753798144098738,8.258406639099121,5.889491081237793,10.907283782958984,22.878870010375977,11.378922462463379,15.490169525146484,0.8040426969528198,2.265265703201294,0.04300898686051369,"80,36,13,78,19,25,29,40,34,4,53,17,49,65,56,31",87.83268737792969,,,,,0,4.926615238189697,6.936247825622559,6.422695636749268,8.784895896911621,"0.939,0.939,0.680,0.737,0.685,0.720,0.728,0.686",1563.8485107421875,2044.4842529296875,"176.2,176.2,1786,2303,1933,2139,2075,1923",74.28012084960938,84.54414367675781,"30.81,30.81,95.37,89.38,87.24,87.63,86.8,86.2","0.6042,0.6042,2.384,2.714,2.474,2.602,2.572,2.474","0.6234,0.6234,2.891,3.163,2.989,3.067,3.015,2.987",337,0.007701467722654343,782,0.0059616281650960445,"6,19,4,8,0,12,36,31",0.14081618189811707,0.5760498046875,0.5791015625,"0.0458,0.083,0.0633,0.0679,0.0181,0.103,0.075,0.0901","22.7,14,13.7,13.5,9.98,8.99,8.1,7.99","-0.00195,0.00134,0.00175,-0.00252,-0.000299,0.000957,0.000519,-0.000154","0,0,0,-0.00422,0,0,0,0","0,0,0,-0.00422,0,0,0,0",0.0184326171875,0.017263008281588554,1,0.21712198853492737,0.1349739134311676
24,o_proj,gptq,4096,4096,0,0.0021561384201049805,0.0014281868934631348,11.716272970064892,0.031397474216576696,33.77068328857422,21.255859375,0.07851114124059677,0.22059854865074158,0.035019200295209885,0.062063246965408325,0.6989258527755737,11.688762664794922,0.03974124789237976,"1386,892,3612,1130,1258,3740,1514,3044,3868,2660,1209,1465,2595,1492,2666,3050",44.75653839111328,,,,,0,0.013034685514867306,0.026019403710961342,0.02386227250099182,0.038733359426259995,"0.061,0.061,0.676,0.409,0.545,0.622,0.553,0.596",499.3318176269531,1039.000244140625,"29.84,29.84,732.2,527.4,459.7,673.7,725,816.9",2.161536455154419,2.6217145919799805,"1.645,1.645,1.87,1.909,2.507,2.574,2.457,2.685","0.02988,0.02988,0.1099,0.08806,0.1341,0.1512,0.1346,0.1539","0.1207,0.1207,0.1336,0.1376,0.1817,0.1917,0.181,0.1993",0,0.021867435425519943,0,0.015762610360980034,"1386,1130,1258,2737,2745,2795,2720,2777",0.18361860513687134,0.3316650390625,0.337249755859375,"0.261,0.214,0.292,0.297,0.292,0.288,0.294,0.291","0.371,0.37,0.346,0.25,0.23,0.22,0.205,0.202","0.0376,0.0767,0.0352,0.00108,0.0146,-0.0144,-0.0178,-0.000179","0,0.0605,0.0605,0,0,0,0,0","0.0322,0.0657,0.0389,0,0.0144,-0.0144,-0.0144,0",0.314453125,0.27762484550476074,2,0.01983133889734745,0.02280685491859913
24,gate_proj,gptq,12288,4096,0,0.002052565415700277,0.001474459966023763,31.016347222961485,0.019639749194810714,121.0726547241211,88.72257232666016,144.69227600097656,293.531494140625,151.39846801757812,201.2952880859375,0.6743996739387512,30.9874267578125,0.047779716551303864,"4,11,7,13,9,5,12,8,83,29,16,42,19,48,49,10",50.67707824707031,,,,,0,66.0631332397461,90.7906494140625,84.74300384521484,112.57591247558594,"1.139,1.139,0.689,0.749,0.692,0.726,0.725,0.693",1581.4974365234375,2100.27099609375,"171.8,171.8,1772,2332,1952,2172,2116,1965",60.28413009643555,70.89236450195312,"23.64,23.64,72.51,74.96,70.96,73.19,72.22,71.15","3.775,3.775,8.91,9.664,8.843,9.3,9.179,8.848","3.538,3.538,10.73,11.17,10.63,10.92,10.78,10.63",14,0.0017581952270120382,14,0.002596670761704445,"8,6,4,19,0,12,14,31",0.11054287105798721,0.33685302734375,0.3375752866268158,"0.671,0.551,0.686,0.614,0.472,0.618,0.62,0.603","10.7,10.5,9.98,7.72,7.1,7.02,4.96,4.83","-0.0219,0.0139,0.0244,0.00388,-0.008,0.005,0.00298,0.028","-0.0181,0.0181,0.0181,0,0,0,0,0.0181","-0.0181,0.0181,0.0181,0,0,0,0,0.0363",0.0634765625,0.0544084869325161,2,0.3707868754863739,0.5415382385253906
24,up_proj,gptq,12288,4096,0,0.0020654002825419107,0.0014432668685913086,21.958002583647612,0.018836023638360955,88.5080337524414,65.63382720947266,106.94212341308594,205.5958251953125,107.28688049316406,136.70359802246094,0.6743996739387512,21.935077667236328,0.03705162927508354,"4,11,7,13,9,12,5,83,29,8,16,19,42,48,93,49",50.67707824707031,,,,,0,46.031524658203125,60.89454650878906,61.033573150634766,77.1447525024414,"1.144,1.144,0.668,0.775,0.737,0.768,0.765,0.741",1581.4974365234375,2100.27099609375,"171.8,171.8,1772,2332,1952,2172,2116,1965",60.28413009643555,70.89236450195312,"23.64,23.64,72.51,74.96,70.96,73.19,72.22,71.15","2.856,2.856,6.955,8.178,7.481,7.929,7.816,7.534","2.67,2.67,8.508,9.29,8.712,9.049,8.933,8.754",6058,0.0005496966186910868,71,0.0037272002082318068,"8,6,4,19,0,12,14,31",0.08246917277574539,0.3878173828125,0.390106201171875,"0.43,0.354,0.365,0.438,0.318,0.454,0.468,0.474","10.7,10.5,9.98,7.72,7.1,7.02,4.96,4.83","-0.0051,0.00111,-0.00368,-0.00282,-0.000618,0.00187,-0.00383,0.00861","-0.00621,0,-0.0031,-0.0031,0,0.0031,-0.0031,0.00931","-0.00621,0,-0.0031,-0.0031,0,0.0031,-0.0031,0.00931",0.018798828125,0.019983656704425812,1,0.17538607120513916,0.0784088522195816
24,down_proj,gptq,4096,12288,0,0.0019953052202860513,0.0014272332191467285,35.657195646863215,0.031176305750049864,102.77732849121094,65.55685424804688,0.7829918265342712,1.7441201210021973,0.7768703699111938,0.8626981377601624,0.3109127879142761,35.61479949951172,0.1111765056848526,"0,1,2,6,15,3073,5,535,348,17,49,19,63,92,38,21",101.53785705566406,,,,,0,0.3160576820373535,0.36509647965431213,0.4839059114456177,0.5169994831085205,"0.649,0.649,0.538,0.891,0.837,0.923,0.931,0.885",4151.33984375,6415.09130859375,"30.32,30.32,1470,6777,6390,6909,6122,5482",7.088189601898193,9.461864471435547,"0.9261,0.9261,5.774,10.23,10.07,10.08,9.541,9.159","0.06053,0.06053,0.3404,0.7189,0.6888,0.727,0.6843,0.646","0.07513,0.07513,0.464,0.7614,0.7531,0.7566,0.7092,0.6868",0,0.012485546059906483,0,0.03924810141324997,"996,484,747,137,498,117,364,16",0.26624152064323425,0.37054443359375,0.36785888671875,"0.286,0.269,0.298,0.269,0.272,0.302,0.272,0.261","3.39,2.27,1.4,0.864,0.69,0.673,0.622,0.568","0.00305,-0.126,0.00118,-0.0356,0.0023,-0.00787,0.0342,0.0254","0,-0.0871,0,-0.0332,0,-0.00909,0,0","0,-0.144,0,-0.0452,0,0,0.0266,0",0.3046875,0.2611607313156128,1,0.07696936279535294,0.14920657873153687
25,q_proj,gptq,4096,4096,0,0.0020644664764404297,0.0014621615409851074,18.167407421802636,0.026358548329260236,58.05381393432617,39.141197204589844,72.24894714355469,203.304443359375,92.69979858398438,163.71755981445312,0.7573642730712891,18.146312713623047,0.09016942232847214,"19,13,34,36,29,80,78,49,56,40,25,73,66,58,54,31",84.19351959228516,,,,,0,43.93527603149414,79.31195831298828,47.165855407714844,85.95238494873047,"0.880,0.880,0.611,0.543,0.467,0.512,0.502,0.463",1485.2479248046875,1955.140380859375,"179.6,179.6,1805,2139,1813,2015,1943,1808",78.43315124511719,86.59534454345703,"39.75,39.75,100.9,90.76,89.78,89.34,88.68,88.55","4.916,4.916,8.957,7.017,6.554,6.734,6.639,6.427","5.24,5.24,11.46,9.523,9.586,9.413,9.374,9.448",3638,0.003415568731725216,1337,0.005782289896160364,"6,19,0,8,4,12,31,29",0.31596335768699646,0.365264892578125,0.396087646484375,"0.358,0.494,0.313,0.376,0.415,0.424,0.488,0.474","23.1,17.2,15.9,13.8,13.2,9.72,9.4,8.29","-0.00282,0.026,-0.004,-0.0166,0.00861,0.0023,0.0162,-0.00873","0,0.0304,0,-0.0152,0.0152,0,0.0152,-0.0152","0,0.0304,0,-0.0152,0.0152,0,0.0152,-0.0152",0.05322265625,0.0456194207072258,1,0.3830624520778656,0.12004433572292328
25,k_proj,gptq,1024,4096,0,0.0020613670349121094,0.0014810562133789062,9.718840326386271,0.031245366406856025,27.71162223815918,17.54197883605957,34.38982391357422,108.04379272460938,48.710838317871094,89.00299072265625,0.7573642730712891,9.734088897705078,0.1308046132326126,"19,13,34,29,36,56,80,78,49,53,40,25,73,58,66,54",84.19351959228516,,,,,0,24.390865325927734,43.68083190917969,23.84787940979004,46.94974899291992,"0.840,0.840,0.730,0.521,0.463,0.491,0.458,0.427",1485.2479248046875,1955.140380859375,"179.6,179.6,1805,2139,1813,2015,1943,1808",78.43315124511719,86.59534454345703,"39.75,39.75,100.9,90.76,89.78,89.34,88.68,88.55","3.221,3.221,7.748,4.965,4.779,4.795,4.751,4.613","3.514,3.514,9.068,6.877,7.02,6.84,7.021,7.062",894,0.011605863459408283,948,0.03142101317644119,"6,19,0,8,4,12,31,29",0.4567873477935791,0.3857421875,0.3863525390625,"0.329,0.41,0.214,0.322,0.363,0.425,0.44,0.377","23.1,17.2,15.9,13.8,13.2,9.72,9.4,8.29","-0.0114,0.0269,-0.00418,0.00278,-0.013,0.00368,0.032,0.0237","0,0.023,0,0,-0.023,0,0.023,0.023","0,0.023,0,0,-0.023,0,0.023,0.023",0.08056640625,0.0690569281578064,2,0.5148297548294067,0.3334592282772064
25,v_proj,gptq,1024,4096,0,0.002087831497192383,0.0014662742614746094,2.3027796689948445,0.024447224889446995,7.7334089279174805,5.324118614196777,9.561376571655273,21.955718994140625,10.323625564575195,15.053216934204102,0.7573642730712891,2.299424648284912,0.05449511483311653,"19,13,34,29,36,78,25,56,80,49,54,66,40,58,50,53",84.19351959228516,,,,,0,4.572741508483887,6.967710018157959,5.739504814147949,8.353983879089355,"0.897,0.897,0.741,0.650,0.613,0.642,0.639,0.618",1485.2479248046875,1955.140380859375,"179.6,179.6,1805,2139,1813,2015,1943,1808",78.43315124511719,86.59534454345703,"39.75,39.75,100.9,90.76,89.78,89.34,88.68,88.55","0.6546,0.6546,2.675,2.513,2.339,2.403,2.384,2.308","0.6911,0.6911,3.108,3.116,2.986,2.998,2.982,2.936",657,0.00482505327090621,780,0.006749304477125406,"6,19,0,8,4,12,31,29",0.17843292653560638,0.5152587890625,0.5196533203125,"0.0672,0.0903,0.0188,0.0942,0.0842,0.118,0.103,0.0939","23.1,17.2,15.9,13.8,13.2,9.72,9.4,8.29","-0.000467,-0.00436,-0.0005,-0.00339,0.00107,0.00641,-0.00165,0.00163","0,-0.0045,0,-0.0045,0,0.009,0,0","0,-0.0045,0,-0.0045,0,0.0045,0,0",0.0181884765625,0.02097931131720543,1,0.16246521472930908,0.11735495924949646
25,o_proj,gptq,4096,4096,0,0.00213015079498291,0.0014371275901794434,12.17783503760893,0.03350070381726966,34.85116195678711,20.646953582763672,0.13396933674812317,0.35207217931747437,0.07814189791679382,0.14322762191295624,0.6691657304763794,12.127893447875977,0.05257593095302582,"2391,2135,3450,3578,2263,1355,3322,3813,1099,4087,1299,2519,1701,4069,1352,3271",49.81166458129883,,,,,0,0.032889820635318756,0.07276013493537903,0.04099056124687195,0.06587404012680054,"0.063,0.063,0.471,0.466,0.466,0.568,0.565,0.563",1425.7713623046875,975.2879028320312,"34.96,34.96,8010,605.8,588.8,798.9,631.6,701.5",3.504969358444214,3.5314300060272217,"2.533,2.533,6.954,3.048,3.119,3.298,3.148,3.408","0.04496,0.04496,0.3498,0.1468,0.1507,0.1791,0.1662,0.1809","0.1788,0.1788,0.5095,0.2151,0.2207,0.2377,0.2212,0.2412",0,0.010458092205226421,0,0.009405186399817467,"2135,2519,3194,2263,2391,3578,3450,3322",0.3286842107772827,0.3858642578125,0.383331298828125,"0.162,0.379,0.239,0.26,0.256,0.282,0.165,0.304","0.664,0.61,0.56,0.536,0.489,0.476,0.475,0.376","-0.0181,-0.083,0.112,0.0283,0.064,-0.042,-0.04,-0.0132","0,-0.082,0.082,0,0.082,0,-0.082,0","-0.0142,-0.0949,0.0963,0.0258,0.0548,-0.045,-0.0412,-0.0131",0.30078125,0.2854546904563904,1,0.01541469618678093,0.021406276151537895
25,gate_proj,gptq,12288,4096,0,0.002059181531270345,0.001481195290883382,30.527052026824094,0.019343024703412086,120.55503845214844,88.68699645996094,152.07496643066406,304.9029235839844,157.431396484375,205.282470703125,0.6840773820877075,30.50299835205078,0.048406243324279785,"4,11,7,9,13,5,12,83,29,42,16,8,19,10,54,48",51.01386260986328,,,,,0,68.41377258300781,92.04014587402344,88.4228744506836,114.57060241699219,"1.215,1.215,0.716,0.756,0.709,0.741,0.742,0.709",1563.532958984375,2085.716552734375,"160,160,1865,2293,1906,2138,2071,1915",60.5865364074707,71.87351989746094,"21.55,21.55,73.74,76.48,72.1,74.27,73.06,71.95","3.567,3.567,9.386,9.811,8.97,9.475,9.318,8.968","3.236,3.236,11.09,11.28,10.65,11,10.82,10.65",653,0.0017624059692025185,101,0.001587793929502368,"6,8,4,19,12,31,14,27",0.11771006882190704,0.3268636167049408,0.3282877802848816,"0.55,0.67,0.687,0.612,0.614,0.608,0.622,0.626","11.4,11.1,10,8.12,7.27,5.22,5.07,4.83","0.00201,-0.000237,0.0183,0.00351,0.005,0.0122,-0.00647,0.0225","0,0,0.0184,0,0,0.00921,0,0.0276","0,0,0.0184,0,0.00921,0.00921,-0.00921,0.0184",0.046875,0.04047460854053497,1,0.376575767993927,0.12772893905639648
25,up_proj,gptq,12288,4096,0,0.0020637313524881997,0.001435995101928711,21.809016635859734,0.018506999271668042,89.04446411132812,66.32254028320312,113.56490325927734,216.6461639404297,113.663818359375,142.04212951660156,0.6840773820877075,21.79507827758789,0.03734332695603371,"4,11,7,9,13,5,12,83,8,29,42,19,54,16,10,49",51.01386260986328,,,,,0,48.639915466308594,62.944114685058594,64.7696762084961,80.1208724975586,"1.242,1.242,0.726,0.784,0.744,0.779,0.778,0.751",1563.532958984375,2085.716552734375,"160,160,1865,2293,1906,2138,2071,1915",60.5865364074707,71.87351989746094,"21.55,21.55,73.74,76.48,72.1,74.27,73.06,71.95","2.725,2.725,7.516,8.39,7.635,8.114,7.989,7.71","2.444,2.444,8.821,9.479,8.85,9.193,9.055,8.895",3342,0.0005128783523105085,27,0.001117138541303575,"6,8,4,19,12,31,14,27",0.08794374018907547,0.354644775390625,0.3552144467830658,"0.356,0.442,0.367,0.438,0.454,0.472,0.467,0.47","11.4,11.1,10,8.12,7.27,5.22,5.07,4.83","0.00156,-0.00204,0.00191,0.00127,-0.00223,0.00552,0.00476,-0.00307","0,0,0.00342,0,-0.00342,0.00342,0.00684,-0.00342","0,-0.00342,0.00342,0,-0.00342,0.00684,0.00342,-0.00342",0.0223388671875,0.02569599635899067,1,0.1729103922843933,0.13605640828609467
25,down_proj,gptq,4096,12288,0,0.0020100275675455728,0.0014383594195048015,36.00718301881989,0.031070533426368674,104.00445556640625,66.42903900146484,0.8759007453918457,1.8148081302642822,0.8495499491691589,0.8435807228088379,0.7327377200126648,36.010223388671875,0.12154985964298248,"0,3,6,4,5,11,9,8,2,519,61,1,1162,15,17,21",118.04212951660156,,,,,0,0.34380510449409485,0.3399601876735687,0.5318159461021423,0.5320605635643005,"0.842,0.842,0.825,1.029,1.126,1.024,1.010,0.943",4098.82861328125,6296.82421875,"27.43,27.43,1872,6920,6449,6444,5761,5288",6.927962303161621,9.587177276611328,"0.8222,0.8222,6.026,10.13,9.122,9.881,9.355,9.268","0.05562,0.05562,0.397,0.7652,0.7195,0.7448,0.6954,0.6673","0.06061,0.06061,0.4371,0.7544,0.678,0.7358,0.6921,0.687",0,0.006985304411500692,0,0.012201707810163498,"0,319,71,2096,1,432,14,3715",0.11272305250167847,0.399139404296875,0.39105224609375,"0.357,0.292,0.295,0.303,0.261,0.278,0.201,0.315","0.975,0.928,0.86,0.548,0.509,0.502,0.442,0.437","-0.334,0.00436,0.0103,-0.0121,0.0654,-0.0698,-0.0132,-0.00653","-0.382,0,0.00865,0,0.0954,-0.0681,0,0","-0.382,0,0,-0.0114,0.0954,-0.0787,0,-0.011",0.333984375,0.3816964328289032,1,0.06013495847582817,0.07489793002605438
26,q_proj,gptq,4096,4096,0,0.0020491480827331543,0.001489102840423584,17.080617248502676,0.026134666516572758,54.95156478881836,37.225975036621094,72.89551544189453,205.6629638671875,92.61504364013672,164.66726684570312,0.769594132900238,17.052928924560547,0.09104891866445541,"19,34,36,29,31,78,13,25,80,56,40,73,21,4,58,66",80.37442016601562,,,,,0,43.777244567871094,80.07675170898438,47.58803176879883,85.94432067871094,"0.846,0.846,0.585,0.556,0.470,0.515,0.506,0.463",1500.7783203125,1953.711669921875,"178.6,178.6,1901,2202,1828,2008,1929,1780",78.12970733642578,86.86296081542969,"36.97,36.97,102.6,92.13,89.74,89.37,88.73,88.49","4.572,4.572,9.019,7.17,6.651,6.741,6.686,6.426","4.971,4.971,11.79,9.615,9.697,9.389,9.396,9.444",2470,0.0030376180075109005,2273,0.008397120051085949,"6,19,0,4,8,31,12,29",0.30237630009651184,0.366546630859375,0.394317626953125,"0.388,0.534,0.373,0.417,0.397,0.492,0.433,0.455","22.3,16.4,14.8,14.5,13.5,10.1,9.38,8.35","0.0469,0.0364,-0.031,0.0271,-0.0386,0.024,-0.0159,-0.0237","0.0473,0.0315,-0.0315,0.0315,-0.0315,0.0158,-0.0158,-0.0315","0.0396,0.0396,-0.0396,0.0198,-0.0396,0.0198,-0.0198,-0.0198",0.0693359375,0.063058041036129,1,0.366570383310318,0.1692456603050232
26,k_proj,gptq,1024,4096,0,0.0020465850830078125,0.0014464855194091797,9.372798443437205,0.03221955941095592,26.217586517333984,16.431297302246094,34.716552734375,111.89743041992188,49.52435302734375,89.33203125,0.769594132900238,9.347265243530273,0.13972051441669464,"19,34,29,80,31,73,36,56,13,40,25,4,78,66,21,49",80.37442016601562,,,,,0,25.049793243408203,43.993690490722656,24.306194305419922,46.770347595214844,"0.811,0.811,0.758,0.529,0.485,0.494,0.484,0.437",1500.7783203125,1953.711669921875,"178.6,178.6,1901,2202,1828,2008,1929,1780",78.12970733642578,86.86296081542969,"36.97,36.97,102.6,92.13,89.74,89.37,88.73,88.49","3.106,3.106,7.755,5.218,4.979,4.886,4.848,4.643","3.45,3.45,8.909,7.172,7.151,6.953,6.968,7.021",186,0.00788393709808588,493,0.013975540176033974,"6,19,0,4,8,31,12,29",0.4416651427745819,0.3731689453125,0.3726806640625,"0.342,0.438,0.232,0.335,0.316,0.426,0.427,0.396","22.3,16.4,14.8,14.5,13.5,10.1,9.38,8.35","-0.000862,0.0845,0.00595,0.0337,-0.0291,0.041,0.0275,0.0498","0,0.0875,0,0.0292,-0.0292,0.0292,0.0292,0.0583","0,0.0875,0,0.0292,-0.0292,0.0292,0.0292,0.0583",0.10205078125,0.0874720960855484,3,0.44210922718048096,0.3874453902244568
26,v_proj,gptq,1024,4096,0,0.002071857452392578,0.0014972686767578125,2.8737464211462793,0.022979764841536455,10.066752433776855,7.055210590362549,13.232719421386719,27.765857696533203,13.797164916992188,18.303686141967773,0.769594132900238,2.8654158115386963,0.04114154353737831,"19,34,29,36,25,56,78,80,31,21,118,94,13,109,47,66",80.37442016601562,,,,,0,6.044135093688965,8.20928955078125,7.811465263366699,10.426900863647461,"0.995,0.995,0.741,0.753,0.719,0.740,0.740,0.694",1500.7783203125,1953.711669921875,"178.6,178.6,1901,2202,1828,2008,1929,1780",78.12970733642578,86.86296081542969,"36.97,36.97,102.6,92.13,89.74,89.37,88.73,88.49","0.7513,0.7513,2.755,2.984,2.751,2.838,2.811,2.685","0.7533,0.7533,3.2,3.438,3.245,3.299,3.268,3.223",14,0.006117180921137333,739,0.0063389018177986145,"6,19,0,4,8,31,12,29",0.12352455407381058,0.56689453125,0.5521240234375,"0.0542,0.0831,0.0338,0.0564,0.0823,0.0867,0.0969,0.0838","22.3,16.4,14.8,14.5,13.5,10.1,9.38,8.35","0.00204,-0.0025,0.000273,-0.000694,0.000622,-0.00144,0.00197,-0.0022","0.00405,-0.00405,0,0,0,0,0.00405,0","0.00405,-0.00405,0,0,0,0,0,-0.00405",0.0262451171875,0.023899618536233902,1,0.21517033874988556,0.2498280256986618
26,o_proj,gptq,4096,4096,0,0.002146601676940918,0.0014611482620239258,12.894050985700233,0.031894067867959314,36.852210998535156,22.75331687927246,0.14692384004592896,0.408174991607666,0.08679129928350449,0.1703214943408966,0.7724723815917969,12.863563537597656,0.048336490988731384,"748,1004,620,876,1074,2437,569,623,532,572,3818,632,625,548,545,580",82.9461898803711,,,,,0,0.025279656052589417,0.06636133044958115,0.06350145488977432,0.11028015613555908,"0.127,0.127,0.319,0.387,0.365,0.347,0.493,0.495",572.4169921875,1320.782470703125,"32.4,32.4,435.6,946.7,684.6,592.1,857.9,997.7",3.52091646194458,4.370312213897705,"2.483,2.483,3.19,3.479,4.102,3.791,4.277,4.362","0.06297,0.06297,0.1285,0.1544,0.1763,0.1592,0.2194,0.2223","0.1764,0.1764,0.2273,0.2482,0.2916,0.2702,0.3123,0.3159",0,0.014233611524105072,0,0.011330354027450085,"748,618,551,623,1004,572,546,620",0.3148898780345917,0.3253173828125,0.33062744140625,"0.226,0.303,0.283,0.311,0.247,0.317,0.298,0.26","0.865,0.488,0.458,0.456,0.386,0.369,0.36,0.32","-0.0415,-0.0113,-0.00209,0.00313,-0.0231,0.00653,-0.0454,-0.0737","-0.048,0,0,0,-0.024,0,-0.048,-0.072","-0.0477,-0.0211,0,0,-0.0262,0,-0.0421,-0.0632",0.1787109375,0.20659539103507996,1,0.021032262593507767,0.031041838228702545
26,gate_proj,gptq,12288,4096,0,0.0020579099655151367,0.0014792084693908691,30.978519579133717,0.019227767244781337,122.92317199707031,90.61358642578125,162.36074829101562,325.35272216796875,165.77529907226562,216.6910400390625,0.6930027604103088,30.943716049194336,0.049960698932409286,"4,11,7,13,9,5,12,83,8,29,16,19,42,54,10,25",54.684410095214844,,,,,0,73.19710540771484,97.86123657226562,92.6719970703125,121.03395080566406,"1.210,1.210,0.757,0.764,0.714,0.736,0.724,0.697",1552.362060546875,2052.380859375,"166.3,166.3,1911,2315,1896,2095,2010,1860",61.65006637573242,72.9216537475586,"23.02,23.02,75.06,77.91,72.8,75.01,73.78,72.6","3.839,3.839,9.92,10.26,9.273,9.686,9.459,9.118","3.49,3.49,11.4,11.74,10.97,11.29,11.11,10.92",181,0.0011631370289251208,32,0.0026878733187913895,"6,8,4,19,12,0,31,14",0.10958819836378098,0.3297831416130066,0.3313700556755066,"0.549,0.687,0.684,0.631,0.617,0.535,0.61,0.624","11.7,11.7,10.4,8.13,7.1,5.64,5.42,5.02","0.0138,-0.0102,0.024,0.0189,-0.00681,-0.0131,0.0142,0.00165","0.0105,-0.0105,0.0211,0.0211,-0.0105,-0.0105,0.0105,0","0.0105,-0.0105,0.0211,0.0211,-0.0105,-0.0105,0.0105,0",0.042236328125,0.04540843889117241,1,0.3162554204463959,0.11600044369697571
26,up_proj,gptq,12288,4096,0,0.002057810624440511,0.0014364322026570637,21.867449975281488,0.01835574048538042,89.82438659667969,67.03807067871094,119.98416137695312,227.4835968017578,118.03124237060547,147.02664184570312,0.6930027604103088,21.850759506225586,0.03817277029156685,"4,11,7,9,13,5,12,83,29,8,42,19,54,16,49,10",54.684410095214844,,,,,0,50.8707389831543,65.28822326660156,67.3400650024414,83.08032989501953,"1.217,1.217,0.756,0.792,0.748,0.779,0.778,0.746",1552.362060546875,2052.380859375,"166.3,166.3,1911,2315,1896,2095,2010,1860",61.65006637573242,72.9216537475586,"23.02,23.02,75.06,77.91,72.8,75.01,73.78,72.6","2.889,2.889,7.707,8.686,7.828,8.266,8.083,7.776","2.619,2.619,8.863,9.759,9.052,9.368,9.166,9.004",10998,0.0005233692936599255,31,0.0009115733555518091,"6,8,4,19,12,0,31,14",0.08104455471038818,0.3744100034236908,0.3770345151424408,"0.364,0.434,0.37,0.428,0.457,0.314,0.471,0.471","11.7,11.7,10.4,8.13,7.1,5.64,5.42,5.02","0.000916,0.0047,-0.00172,-0.000519,0.000954,-0.00229,0.0022,0.0014","0,0.00438,-0.00219,0,0,-0.00219,0.00219,0.00219","0,0.00516,-0.00258,0,0,-0.00258,0.00258,0.00258",0.0194091796875,0.016637416556477547,1,0.179085835814476,0.143071711063385
26,down_proj,gptq,4096,12288,0,0.001995046933492025,0.0014442801475524902,35.516291875090474,0.0303085901485328,104.19639587402344,67.093994140625,0.9146258234977722,1.8886456489562988,0.8522463440895081,0.8548723459243774,0.5305160880088806,35.50841522216797,0.09955000877380371,"4,1,713,570,44,11,3,88,28,181,12,9,33,8,132,35",44.49293899536133,,,,,0,0.3285149037837982,0.32777997851371765,0.5463140606880188,0.5425265431404114,"0.742,0.742,0.881,1.082,1.035,1.020,0.998,0.934",3721.779541015625,6157.03759765625,"25.65,25.65,1911,5973,5767,5865,5413,4794",6.832715034484863,9.663695335388184,"0.8197,0.8197,6.535,9.216,9.249,9.586,9.305,9.131","0.05143,0.05143,0.4408,0.7139,0.7018,0.7197,0.6899,0.6576","0.05968,0.05968,0.4696,0.6863,0.6899,0.7126,0.6904,0.6805",0,0.005972937680780888,0,0.0051948996260762215,"6,5695,5,40,10,88,4268,17",0.10205113142728806,0.379302978515625,0.366851806640625,"0.316,0.315,0.265,0.255,0.241,0.269,0.311,0.243","0.862,0.792,0.767,0.656,0.629,0.578,0.561,0.546","-0.225,-0.0047,0.0938,-0.0208,0.118,-0.00632,-0.00281,0.0186","-0.273,-0.0101,0.091,0,0.091,0,0,0","-0.182,-0.00527,0.091,0,0.091,0,0,0",0.318359375,0.2921411693096161,1,0.0542396605014801,0.049725137650966644
27,q_proj,gptq,4096,4096,0,0.002072274684906006,0.0014862418174743652,15.819306549528847,0.02380872063691281,54.126861572265625,37.70954132080078,76.02816772460938,186.25686645507812,88.72940063476562,138.63348388671875,0.7698000073432922,15.79849624633789,0.07036366313695908,"19,34,78,13,29,36,80,56,49,31,47,73,25,53,40,66",74.31976318359375,,,,,0,40.738037109375,65.47604370117188,47.09341049194336,74.04170227050781,"0.846,0.846,0.669,0.630,0.563,0.600,0.587,0.549",1490.0367431640625,1964.2335205078125,"179.8,179.8,1907,2202,1798,1994,1907,1752",74.79304504394531,84.85017395019531,"34,34,95.92,89.83,85.93,87.12,86.13,85.44","4.059,4.059,8.388,7.077,6.498,6.765,6.625,6.375","4.413,4.413,10.26,8.919,8.663,8.732,8.644,8.608",628,0.0028747040778398514,3629,0.004250823520123959,"6,0,19,8,4,31,12,29",0.22394424676895142,0.328857421875,0.353485107421875,"0.405,0.395,0.498,0.413,0.471,0.46,0.404,0.458","20.5,14.3,14.2,11.8,11.7,9.44,8.55,6.92","0.00668,0.00365,-0.0549,0.0118,0.0204,-0.0554,-0.028,0.0251","0,0,-0.0633,0.0158,0.0158,-0.0633,-0.0317,0.0317","0,0,-0.0475,0.0158,0.0158,-0.0475,-0.0317,0.0317",0.055419921875,0.0633370578289032,2,0.3484056890010834,0.3201277256011963
27,k_proj,gptq,1024,4096,0,0.0020923614501953125,0.0014982223510742188,9.251393556369294,0.02851048640223775,27.917083740234375,18.292510986328125,38.79768371582031,107.453857421875,48.77440643310547,81.5029067993164,0.7698000073432922,9.221380233764648,0.10399588197469711,"34,19,13,80,78,36,49,29,47,56,66,25,31,40,73,17",74.31976318359375,,,,,0,23.21741485595703,39.50407791137695,25.36271095275879,42.66981887817383,"0.989,0.989,0.675,0.565,0.509,0.544,0.538,0.493",1490.0367431640625,1964.2335205078125,"179.8,179.8,1907,2202,1798,1994,1907,1752",74.79304504394531,84.85017395019531,"34,34,95.92,89.83,85.93,87.12,86.13,85.44","2.916,2.916,6.911,5.228,4.803,4.953,4.904,4.689","2.932,2.932,8.41,6.954,6.73,6.719,6.689,6.676",552,0.007258369587361813,239,0.01968424580991268,"6,0,19,8,4,31,12,29",0.31997254490852356,0.357177734375,0.356689453125,"0.343,0.231,0.423,0.331,0.377,0.405,0.413,0.387","20.5,14.3,14.2,11.8,11.7,9.44,8.55,6.92","0.0786,0.0124,0.0449,-0.0615,0.0571,0.0413,0.0141,-0.025","0.072,0,0.048,-0.072,0.048,0.048,0.024,-0.024","0.072,0.024,0.048,-0.072,0.048,0.048,0.024,-0.024",0.083984375,0.0959821492433548,1,0.4091830253601074,0.20368604362010956
27,v_proj,gptq,1024,4096,0,0.0021054744720458984,0.0015196800231933594,2.427599416837438,0.02128556917309646,8.979684829711914,6.440561771392822,12.595305442810059,25.508790969848633,12.622182846069336,16.819456100463867,0.7698000073432922,2.4285831451416016,0.04205770045518875,"19,34,13,56,80,29,78,49,73,36,25,31,40,54,66,47",74.31976318359375,,,,,0,5.479325294494629,7.601834774017334,7.2011637687683105,9.545212745666504,"1.057,1.057,0.773,0.758,0.677,0.697,0.700,0.673",1490.0367431640625,1964.2335205078125,"179.8,179.8,1907,2202,1798,1994,1907,1752",74.79304504394531,84.85017395019531,"34,34,95.92,89.83,85.93,87.12,86.13,85.44","0.7927,0.7927,2.771,2.835,2.549,2.675,2.628,2.511","0.771,0.771,3.152,3.257,3.098,3.204,3.14,3.06",530,0.006143455859273672,759,0.004910574760288,"6,0,19,8,4,31,12,29",0.1286647468805313,0.53515625,0.53662109375,"0.0588,0.0236,0.0989,0.083,0.0739,0.0997,0.125,0.0933","20.5,14.3,14.2,11.8,11.7,9.44,8.55,6.92","-0.000656,0.00053,0.00252,0.00299,0.000549,-0.00014,-0.00288,0.000744","0,0,0.00422,0.00422,0,0,-0.00422,0","0,0,0.00422,0.00422,0,0,-0.00422,0",0.0218505859375,0.02167072519659996,1,0.1997923105955124,0.12085676193237305
27,o_proj,gptq,4096,4096,0,0.0021366477012634277,0.0014443397521972656,11.7671826187659,0.029906854395239272,35.03854751586914,22.427154541015625,0.09936058521270752,0.24463963508605957,0.055138975381851196,0.12898463010787964,0.6356454491615295,11.750593185424805,0.056503862142562866,"635,891,3322,3305,763,3310,3293,3034,452,3262,1019,3231,3278,509,3218,3316",228.8780517578125,,,,,0,0.023748764768242836,0.06039701774716377,0.034948237240314484,0.07511269301176071,"0.041,0.041,0.550,0.322,0.445,0.435,0.463,0.425",591.3248901367188,921.3336791992188,"38.64,38.64,974.6,696.8,894.7,689.7,734.4,663.1",3.413959264755249,3.755413293838501,"2.346,2.346,4.214,3.257,4.061,3.685,3.681,3.722","0.03647,0.03647,0.2123,0.1297,0.1931,0.17,0.1756,0.1686","0.1808,0.1808,0.2862,0.2285,0.2897,0.2577,0.258,0.2584",0,0.018080033361911774,17,0.004385457374155521,"3318,196,324,3322,68,452,763,3255",0.29990798234939575,0.33953857421875,0.357574462890625,"0.216,0.242,0.244,0.248,0.265,0.337,0.411,0.247","0.705,0.563,0.555,0.552,0.538,0.528,0.526,0.462","0.0703,0.133,0.133,-0.0143,0.145,0.0194,0.0275,-0.0381","0.0787,0.157,0.101,0,0.157,0,0,0","0.0762,0.157,0.114,-0.0254,0.118,0.0174,0.0289,-0.0254",0.3515625,0.40350428223609924,1,0.025968411937355995,0.018132738769054413
27,gate_proj,gptq,12288,4096,0,0.002046982447306315,0.0014862418174743652,31.092894404486287,0.018922452209988217,124.87359619140625,92.44425964355469,173.9169464111328,348.68707275390625,178.11756896972656,233.4852294921875,0.672502875328064,31.06327247619629,0.05023260414600372,"13,4,11,7,9,5,12,19,42,83,29,8,54,25,34,22",55.432552337646484,,,,,0,77.93988037109375,103.73939514160156,99.62738037109375,131.34603881835938,"1.245,1.245,0.794,0.751,0.701,0.727,0.728,0.692",1536.579833984375,2044.336181640625,"168.3,168.3,1949,2283,1854,2070,1981,1818",63.73706817626953,75.56697845458984,"25.21,25.21,76.88,79.91,74.73,77.32,75.93,74.72","4.316,4.316,10.21,10.5,9.467,9.952,9.762,9.374","3.869,3.869,11.46,12.12,11.31,11.67,11.44,11.27",649,0.0010617971420288086,242,0.0017715643625706434,"6,8,4,19,12,0,31,14",0.11883370578289032,0.3376566767692566,0.339691162109375,"0.554,0.697,0.681,0.637,0.619,0.51,0.618,0.626","12.8,11.7,10.5,8.88,7.39,6.05,5.85,5.33","0.0151,-0.0322,-0.011,0.0109,-0.000713,-0.00562,-0.00806,-0.000345","0.0184,-0.0276,-0.00921,0.00921,0,0,-0.00921,0","0.0184,-0.0368,-0.00921,0.00921,0,-0.00921,-0.00921,0",0.0322265625,0.033311545848846436,1,0.3084948658943176,0.11324098706245422
27,up_proj,gptq,12288,4096,0,0.002061764399210612,0.0014425118764241536,21.699737355513207,0.018002124679594365,90.40451049804688,67.86187744140625,127.28453826904297,241.41140747070312,125.28871154785156,158.355224609375,0.672502875328064,21.682430267333984,0.038732048124074936,"13,4,7,11,9,5,12,19,42,83,29,8,25,54,17,16",55.432552337646484,,,,,0,53.91310501098633,69.73037719726562,71.21521759033203,89.88743591308594,"1.191,1.191,0.784,0.781,0.740,0.767,0.761,0.727",1536.579833984375,2044.336181640625,"168.3,168.3,1949,2283,1854,2070,1981,1818",63.73706817626953,75.56697845458984,"25.21,25.21,76.88,79.91,74.73,77.32,75.93,74.72","3.124,3.124,8.085,8.878,7.988,8.491,8.285,7.94","2.862,2.862,9.131,10.05,9.285,9.697,9.495,9.31",1485,0.0005160762812010944,501,0.0009604995721019804,"6,8,4,19,12,0,31,14",0.09154830127954483,0.378570556640625,0.381683349609375,"0.359,0.428,0.384,0.418,0.456,0.319,0.464,0.471","12.8,11.7,10.5,8.88,7.39,6.05,5.85,5.33","-0.00255,0.00169,0.00305,-0.00241,-0.00223,0.00209,-0.00259,0.00687","-0.00338,0,0.00338,-0.00338,-0.00338,0.00338,-0.00338,0.00677","-0.00338,0,0.00338,-0.00338,-0.00338,0.00338,-0.00338,0.00677",0.0196533203125,0.01660035364329815,1,0.1814754158258438,0.09359071403741837
27,down_proj,gptq,4096,12288,0,0.0019960800806681314,0.0014519691467285156,37.850708141511404,0.03189105875143414,107.61671447753906,68.11690521240234,1.004923701286316,2.134887218475342,0.96726393699646,1.0254347324371338,0.4257081151008606,37.82523727416992,0.11847642064094543,"4,2,8,9,0,31,408,21,3,736,29,7520,251,18,11,23",54.12173843383789,,,,,0,0.3846691846847534,0.42009007930755615,0.6414664387702942,0.6587557792663574,"0.553,0.553,0.775,0.951,0.916,0.986,0.952,0.841",4010.577392578125,6662.5205078125,"35.1,35.1,2038,6191,6912,6429,5597,4847",7.651416778564453,10.433465003967285,"1.183,1.183,6.898,10.42,10.96,10.34,10.08,10.15","0.06592,0.06592,0.4502,0.7692,0.7979,0.7783,0.7382,0.698","0.08867,0.08867,0.5113,0.7887,0.8338,0.7839,0.7567,0.7609",0,0.0054307011887431145,0,0.012497860938310623,"8460,552,160,89,11415,309,201,6995",0.3733043968677521,0.342010498046875,0.34271240234375,"0.306,0.288,0.287,0.306,0.311,0.27,0.251,0.317","3.17,2.13,1.64,1.4,0.957,0.627,0.568,0.549","0.00397,-0.04,0.0253,0.00977,-0.000161,-0.00175,-0.000275,-0.00293","0,-0.0452,0.0352,0,-0.00726,0,0,0","0.00575,-0.0452,0.0172,0,0,0,0,0",0.29296875,0.2511160671710968,2,0.05879741162061691,0.09321819990873337
28,q_proj,gptq,4096,4096,0,0.0020505189895629883,0.001484513282775879,16.896268281103403,0.025572411121229235,54.90091323852539,37.421260833740234,69.33296203613281,189.63427734375,91.37722778320312,151.70736694335938,0.7770152688026428,16.8826961517334,0.10604778677225113,"19,0,34,31,13,29,80,25,56,36,73,40,78,47,21,81",89.23609161376953,,,,,0,45.02842712402344,72.89795684814453,44.95554733276367,79.51719665527344,"1.126,1.126,0.750,0.550,0.494,0.511,0.503,0.462",1442.8134765625,1900.89306640625,"183.8,183.8,1857,2142,1765,1920,1822,1669",78.3685073852539,85.96118927001953,"45.26,45.26,96.21,90.41,88.1,87.72,87.09,86.91","5.956,5.956,9.037,6.913,6.4,6.443,6.349,6.086","5.614,5.614,10.44,9.319,9.102,9.012,8.953,8.952",1910,0.00589876901358366,3557,0.005933058448135853,"6,0,19,4,8,31,12,36",0.4032122492790222,0.390350341796875,0.392181396484375,"0.391,0.315,0.529,0.407,0.378,0.483,0.426,0.473","22.1,21,15.1,13.1,12.7,10.8,9.22,7.64","0.0405,-0.0354,0.0161,0.0245,-0.0266,0.033,0.00348,-0.0126","0.029,-0.029,0.029,0.029,-0.029,0.029,0,-0.029","0.029,-0.029,0.029,0.029,-0.029,0.029,0,0",0.1015625,0.0870535746216774,1,0.4915049970149994,0.24105097353458405
28,k_proj,gptq,1024,4096,0,0.0020329952239990234,0.0014841556549072266,9.169173117938044,0.031099032415749375,26.16411018371582,16.650848388671875,33.027503967285156,106.49638366699219,46.25578308105469,85.00962829589844,0.7770152688026428,9.134666442871094,0.1344609558582306,"34,19,13,31,80,36,29,25,4,56,0,73,17,81,21,78",89.23609161376953,,,,,0,23.24631690979004,41.37083053588867,22.580801010131836,44.676025390625,"1.078,1.078,0.770,0.486,0.413,0.455,0.452,0.409",1442.8134765625,1900.89306640625,"183.8,183.8,1857,2142,1765,1920,1822,1669",78.3685073852539,85.96118927001953,"45.26,45.26,96.21,90.41,88.1,87.72,87.09,86.91","3.975,3.975,6.998,4.89,4.561,4.559,4.566,4.365","3.828,3.828,7.977,7.017,7.098,6.759,6.794,6.825",443,0.010591466911137104,443,0.015711845830082893,"6,0,19,4,8,31,12,36",0.533169686794281,0.377197265625,0.3795166015625,"0.34,0.197,0.434,0.372,0.326,0.418,0.408,0.384","22.1,21,15.1,13.1,12.7,10.8,9.22,7.64","0.0022,-0.000231,0.0366,-0.0189,-0.0107,0.0242,-0.032,-0.0275","0,0,0.0279,-0.0279,0,0.0279,-0.0279,-0.0279","0,0,0.0279,-0.0279,0,0.0279,-0.0279,-0.0279",0.09765625,0.0837053656578064,5,0.46935519576072693,0.8896499276161194
28,v_proj,gptq,1024,4096,0,0.0020771026611328125,0.0014619827270507812,2.649780818303043,0.023246653576568216,9.22401237487793,6.4366278648376465,11.580293655395508,25.812528610229492,12.233969688415527,17.478225708007812,0.7770152688026428,2.6425957679748535,0.05489180609583855,"19,13,29,36,34,31,40,25,80,4,56,21,73,81,17,66",89.23609161376953,,,,,0,5.451239585876465,7.9824066162109375,6.82647705078125,9.796608924865723,"0.952,0.952,0.848,0.682,0.633,0.651,0.652,0.586",1442.8134765625,1900.89306640625,"183.8,183.8,1857,2142,1765,1920,1822,1669",78.3685073852539,85.96118927001953,"45.26,45.26,96.21,90.41,88.1,87.72,87.09,86.91","0.8104,0.8104,3.01,2.75,2.536,2.593,2.567,2.435","0.8307,0.8307,3.269,3.332,3.188,3.213,3.178,3.179",735,0.005975230596959591,890,0.007376375608146191,"6,0,19,4,8,31,12,36",0.18806633353233337,0.5150146484375,0.5101318359375,"0.0787,0.0201,0.107,0.0917,0.105,0.104,0.144,0.103","22.1,21,15.1,13.1,12.7,10.8,9.22,7.64","0.00262,-0.00095,0.00107,0.00269,0.002,-0.00146,0.0131,0.00989","0,0,0,0,0,0,0.00841,0.00841","0,0,0,0,0,0,0.0168,0.00841",0.0294189453125,0.02571558579802513,1,0.19600462913513184,0.1811901032924652
28,o_proj,gptq,4096,4096,0,0.0021195411682128906,0.0014576911926269531,12.991289770936874,0.03345253670511137,36.711788177490234,22.27056884765625,0.20111900568008423,0.6216650009155273,0.09997641295194626,0.19771145284175873,0.6453496813774109,12.981706619262695,0.05055620148777962,"542,670,926,798,1852,2750,2878,3987,2582,3006,3996,2966,3731,1637,3859,4075",42.4154052734375,,,,,0,0.03313198313117027,0.0794626772403717,0.0610077828168869,0.11499197781085968,"0.057,0.057,0.548,0.322,0.463,0.430,0.461,0.528",480.59002685546875,862.180908203125,"31.85,31.85,892.4,404,588.9,495,607.8,792.8",3.7878916263580322,4.584510803222656,"2.754,2.754,4.414,3.335,4.112,4.034,4.231,4.669","0.04874,0.04874,0.2362,0.1395,0.207,0.1906,0.2096,0.2488","0.205,0.205,0.3192,0.2458,0.3041,0.2906,0.3086,0.3424",0,0.0066655478440225124,0,0.010777831077575684,"1637,1893,2021,1765,670,798,3006,1509",0.2414826601743698,0.410919189453125,0.426910400390625,"0.17,0.248,0.171,0.419,0.167,0.278,0.248,0.286","0.635,0.63,0.604,0.597,0.524,0.517,0.468,0.464","-0.03,0.0713,-0.0298,-0.0214,0.00391,0.0215,-0.0266,-0.0674","-0.028,0.0561,-0.028,-0.028,0,0.028,-0.028,-0.0561","-0.0259,0.0804,-0.034,-0.0229,0,0.0178,-0.0328,-0.0578",0.11279296875,0.10174261033535004,1,0.016900386661291122,0.03157135471701622
28,gate_proj,gptq,12288,4096,0,0.0020508567492167154,0.001493970553080241,31.332066717470298,0.019000395116861097,125.37648010253906,92.65919494628906,182.00973510742188,372.08636474609375,186.62966918945312,250.96548461914062,0.6617401242256165,31.315872192382812,0.05230722576379776,"4,7,11,13,5,19,9,42,12,8,25,29,34,22,16,83",57.62675476074219,,,,,0,82.2347640991211,111.94313049316406,103.90101623535156,141.0530242919922,"1.232,1.232,0.782,0.743,0.690,0.707,0.692,0.650",1516.619384765625,2020.070556640625,"176.5,176.5,1898,2279,1871,2036,1933,1764",66.23021697998047,77.89620208740234,"29.29,29.29,77.3,82.3,77.51,79.24,77.95,76.94","4.979,4.979,10.37,10.74,9.777,10.16,9.882,9.437","4.487,4.487,11.72,12.45,11.77,12.09,11.88,11.71",226,0.0013104265090078115,28,0.007732683792710304,"6,8,4,0,19,12,31,20",0.14040686190128326,0.3412068784236908,0.3426615595817566,"0.555,0.706,0.678,0.45,0.644,0.623,0.628,0.654","13.2,12.2,10.9,9.51,9.47,7.85,6.58,5.51","0.014,0.0142,0.00684,-0.0128,0.0097,-0.00406,0.0159,-0.000893","0.0105,0.0105,0.0105,-0.0105,0.0105,0,0.0211,0","0.018,0.018,0.009,-0.009,0.009,0,0.018,0",0.038818359375,0.03907625749707222,1,0.35392874479293823,0.36222249269485474
28,up_proj,gptq,12288,4096,0,0.0020664731661478677,0.0014533599217732747,22.20487967535155,0.018144279783783645,92.05166625976562,68.88743591308594,134.91639709472656,260.13458251953125,133.55587768554688,171.21417236328125,0.6617401242256165,22.192737579345703,0.04077409952878952,"4,7,11,13,5,9,19,42,12,25,29,34,8,18,30,16",57.62675476074219,,,,,0,58.08534240722656,75.73360443115234,75.28485107421875,96.58931732177734,"1.157,1.157,0.820,0.771,0.718,0.749,0.739,0.702",1516.619384765625,2020.070556640625,"176.5,176.5,1898,2279,1871,2036,1933,1764",66.23021697998047,77.89620208740234,"29.29,29.29,77.3,82.3,77.51,79.24,77.95,76.94","3.841,3.841,8.494,9.154,8.261,8.651,8.438,8.06","3.571,3.571,9.378,10.43,9.747,9.994,9.814,9.619",861,0.000728711427655071,33,0.0014912738697603345,"6,8,4,0,19,12,31,20",0.10937916487455368,0.3891499936580658,0.39190673828125,"0.371,0.439,0.393,0.35,0.419,0.466,0.468,0.471","13.2,12.2,10.9,9.51,9.47,7.85,6.58,5.51","-0.00188,-0.000204,0.00562,0.00118,-0.00261,-0.000458,-0.00343,-0.00034","-0.00337,0,0.00673,0,-0.00337,0,-0.00337,0","-0.00337,0,0.00673,0,-0.00337,0,-0.00337,0",0.0181884765625,0.021274758502840996,1,0.22299033403396606,0.08389146625995636
28,down_proj,gptq,4096,12288,0,0.0019986232121785483,0.0014432072639465332,38.09706912664865,0.03158054412410297,108.95475006103516,69.37940979003906,1.1656668186187744,2.598046064376831,1.0420281887054443,1.1617882251739502,0.8295310735702515,38.07316207885742,0.09611048549413681,"0,6,9,13,8,3205,36,28,2445,19,1373,464,1704,1434,504,53",225.60931396484375,,,,,0,0.39936500787734985,0.43839743733406067,0.6779757738113403,0.7640520334243774,"0.908,0.908,0.886,0.975,0.953,0.938,0.887,0.814",3573.353759765625,5831.4140625,"61.25,61.25,2412,5935,5430,5298,4939,4450",7.800983905792236,11.208855628967285,"1.662,1.662,7.17,10.63,10.2,10.41,10.31,10.37","0.128,0.128,0.5112,0.8035,0.7621,0.7706,0.7473,0.7224","0.1344,0.1344,0.5431,0.8136,0.7806,0.7959,0.7935,0.801",0,0.0035728623624891043,0,0.009678501635789871,"1,616,0,2791,606,416,5602,3",0.08786146342754364,0.370758056640625,0.380767822265625,"0.433,0.267,0.347,0.317,0.324,0.307,0.311,0.235","1.65,0.709,0.703,0.605,0.565,0.555,0.526,0.521","0.0155,-0.0015,0.311,0.000881,0.00391,0.14,-0.00775,-0.0251","0,0,0.262,0,0.012,0.131,-0.00708,0","0,0,0.262,0,0,0.12,-0.00607,0",0.458984375,0.3934152126312256,1,0.045553047209978104,0.07679813355207443
29,q_proj,gptq,4096,4096,0,0.0020661354064941406,0.0014815926551818848,16.46046488097636,0.02529959387645462,53.94013977050781,36.86602020263672,71.9685287475586,192.44732666015625,93.109375,150.0574493408203,0.7395711541175842,16.422574996948242,0.10129158198833466,"19,34,13,29,31,56,36,73,49,58,40,47,50,66,78,80",69.0740966796875,,,,,0,44.918418884277344,70.62236785888672,46.828147888183594,80.61935424804688,"1.141,1.141,0.818,0.571,0.521,0.543,0.527,0.475",1483.21923828125,1946.5418701171875,"183.4,183.4,1992,2183,1812,1958,1862,1691",76.03858947753906,85.69940948486328,"39.12,39.12,93.39,90.18,86.81,87.12,86.54,86.02","5.436,5.436,9.093,7.056,6.542,6.638,6.519,6.198","5.088,5.088,10.05,9.337,9.067,9.008,8.981,8.998",1530,0.0061507741920650005,1530,0.015337370336055756,"6,0,19,31,4,8,12,1",0.33081308007240295,0.369415283203125,0.373687744140625,"0.409,0.369,0.566,0.498,0.487,0.419,0.442,0.336","19.3,16,15.2,11.6,11.5,11.1,9.39,7.22","-0.064,0.062,-0.0242,-0.0364,-0.0461,0.04,-0.00787,-0.0203","-0.0809,0.0405,-0.0405,-0.0405,-0.0405,0.0405,0,0","-0.0809,0.0809,-0.0405,-0.0405,-0.0405,0.0405,0,-0.0405",0.1416015625,0.1213727742433548,1,0.5130643248558044,1.1228669881820679
29,k_proj,gptq,1024,4096,0,0.0020895004272460938,0.0014731884002685547,8.405309045425383,0.031040316469654435,24.074756622314453,15.330373764038086,31.956315994262695,101.5031967163086,44.47312927246094,83.89405822753906,0.7395711541175842,8.38958740234375,0.1325940489768982,"34,19,13,31,73,49,29,36,47,56,40,50,58,81,79,66",69.0740966796875,,,,,0,22.268857955932617,41.06489562988281,21.852073669433594,44.193603515625,"1.193,1.193,0.753,0.487,0.424,0.438,0.430,0.386",1483.21923828125,1946.5418701171875,"183.4,183.4,1992,2183,1812,1958,1862,1691",76.03858947753906,85.69940948486328,"39.12,39.12,93.39,90.18,86.81,87.12,86.54,86.02","3.466,3.466,6.953,4.924,4.656,4.564,4.524,4.307","3.174,3.174,8.012,7.054,7.152,6.9,6.902,6.931",383,0.006673311814665794,427,0.012184634804725647,"6,0,19,31,4,8,12,1",0.41027548909187317,0.4000244140625,0.4061279296875,"0.355,0.197,0.419,0.422,0.371,0.302,0.399,0.212","19.3,16,15.2,11.6,11.5,11.1,9.39,7.22","-0.0234,-0.00127,-0.0564,-0.0396,0.0236,-0.0107,-0.0327,-0.00273","-0.0216,0,-0.0649,-0.0432,0.0216,-0.0216,-0.0432,0","-0.0216,0,-0.0649,-0.0432,0.0216,0,-0.0432,0",0.07568359375,0.0648716539144516,4,0.38037529587745667,0.5612335801124573
29,v_proj,gptq,1024,4096,0,0.002087116241455078,0.0014996528625488281,3.2790320609738046,0.021939993505434623,11.89940357208252,8.437355041503906,15.842273712158203,31.927814483642578,15.944049835205078,20.787336349487305,0.7395711541175842,3.2749805450439453,0.03773479536175728,"34,19,29,13,56,31,140,147,127,227,281,36,94,101,146,141",69.0740966796875,,,,,0,6.857351303100586,9.16058349609375,9.20835018157959,12.00526237487793,"0.907,0.907,0.919,0.752,0.708,0.726,0.722,0.676",1483.21923828125,1946.5418701171875,"183.4,183.4,1992,2183,1812,1958,1862,1691",76.03858947753906,85.69940948486328,"39.12,39.12,93.39,90.18,86.81,87.12,86.54,86.02","0.6387,0.6387,3.082,3.184,2.906,3.055,2.949,2.817","0.6706,0.6706,3.216,3.672,3.454,3.584,3.47,3.426",198,0.006836549378931522,429,0.007693412248045206,"6,0,19,31,4,8,12,1",0.10401692986488342,0.5872802734375,0.5872802734375,"0.0668,0.0195,0.0823,0.0848,0.0871,0.0854,0.111,0.0317","19.3,16,15.2,11.6,11.5,11.1,9.39,7.22","-0.00029,-1.44e-06,0.00209,0.00121,0.00113,-0.000683,2.47e-05,0.000115","0,0,0.00417,0,0,0,0,0","0,0,0.00326,0,0,0,0,0",0.03173828125,0.0335535854101181,1,0.24028335511684418,0.14440014958381653
29,o_proj,gptq,4096,4096,0,0.002125382423400879,0.0014812946319580078,14.999369633944752,0.03336252660114219,42.28400421142578,25.50130844116211,0.15740960836410522,0.48085376620292664,0.07775875926017761,0.12213922291994095,0.8093709349632263,14.956534385681152,0.0589396208524704,"1837,1581,1965,1709,1472,2940,2939,2841,2872,2843,2903,2823,2882,2847,2926,2850",280.0423278808594,,,,,0,0.026217520236968994,0.04878387600183487,0.04143541306257248,0.06525764614343643,"0.095,0.095,0.942,0.456,0.484,0.654,0.461,0.581",461.9477844238281,830.9307861328125,"31.3,31.3,863.6,582.2,448.2,650.8,459.8,628.3",2.810227870941162,3.1005351543426514,"2.252,2.252,4.231,2.562,2.738,2.799,2.747,2.901","0.05754,0.05754,0.2723,0.1371,0.1467,0.1888,0.1501,0.1745","0.187,0.187,0.2806,0.203,0.211,0.2336,0.2211,0.2289",0,0.0531826950609684,0,0.1079312413930893,"1709,1965,1581,3427,3299,3555,1837,2854",0.32900846004486084,0.35107421875,0.40228271484375,"0.401,0.31,0.455,0.253,0.224,0.281,0.161,0.265","0.581,0.479,0.392,0.353,0.35,0.336,0.334,0.212","0.233,0.0471,0.359,-0.0549,-0.0146,-0.000668,-0.0381,0.103","0.205,0,0.308,-0.103,0,0,0,0.103","0.2,0.0456,0.308,-0.0471,-0.012,0,-0.0326,0.0848",0.359375,0.3080357313156128,1,0.033839598298072815,0.06930515915155411
29,gate_proj,gptq,12288,4096,0,0.002052783966064453,0.0014865795771280925,31.428778321744176,0.019001446966540325,125.77842712402344,92.97831726074219,186.4012451171875,386.934326171875,189.6768035888672,257.3954772949219,0.6708720326423645,31.40105628967285,0.05445640906691551,"13,4,11,7,42,19,12,5,9,34,18,22,8,25,30,41",59.42158889770508,,,,,0,83.21641540527344,113.95960235595703,105.59931945800781,145.0945281982422,"1.198,1.198,0.801,0.730,0.690,0.707,0.684,0.640",1492.1197509765625,1991.4056396484375,"176.4,176.4,1897,2238,1831,2003,1897,1719",66.8260269165039,79.08311462402344,"29.23,29.23,77.55,83.35,78.06,80.21,79.03,77.95","4.877,4.877,10.64,10.76,9.822,10.21,9.938,9.47","4.456,4.456,11.89,12.59,11.82,12.15,12.02,11.84",480,0.0015294997720047832,567,0.0027346450369805098,"6,8,4,19,0,12,31,14",0.14086560904979706,0.3390299677848816,0.3405863642692566,"0.552,0.71,0.698,0.647,0.452,0.637,0.627,0.63","12.9,12.5,11.2,9.95,9.68,7.79,7.3,5.67","-0.00848,-0.00836,-0.00848,0.0122,0.00182,-0.00751,0.0013,-0.00369","-0.0117,-0.0117,-0.0117,0.0117,0,-0.0117,0,0","-0.0117,-0.0117,-0.0117,0.0117,0,-0.0117,0,0",0.041015625,0.0468750037252903,1,0.38414469361305237,0.2129092663526535
29,up_proj,gptq,12288,4096,0,0.002057194709777832,0.0014641284942626953,22.586856359790545,0.01811506641608212,93.69477844238281,70.16619873046875,140.0654296875,273.8184814453125,137.30935668945312,177.36846923828125,0.6708720326423645,22.57517433166504,0.04281814023852348,"13,11,7,4,42,12,19,5,9,22,18,34,8,30,29,25",59.42158889770508,,,,,0,59.24977111816406,77.89930725097656,77.59144592285156,100.71267700195312,"1.185,1.185,0.825,0.764,0.718,0.739,0.732,0.688",1492.1197509765625,1991.4056396484375,"176.4,176.4,1897,2238,1831,2003,1897,1719",66.8260269165039,79.08311462402344,"29.23,29.23,77.55,83.35,78.06,80.21,79.03,77.95","3.746,3.746,8.606,9.273,8.352,8.767,8.548,8.135","3.441,3.441,9.475,10.61,9.86,10.2,9.992,9.806",10172,0.0005863875849172473,219,0.001329440507106483,"6,8,4,19,0,12,31,14",0.10936293005943298,0.3847452998161316,0.3862508237361908,"0.391,0.445,0.401,0.428,0.295,0.468,0.466,0.482","12.9,12.5,11.2,9.95,9.68,7.79,7.3,5.67","0.00485,0.00256,-0.00123,-0.0029,-0.00204,0.00276,0.00118,0.00739","0.00396,0.00396,0,-0.00396,-0.00396,0.00396,0,0.00792","0.00396,0.00396,0,-0.00396,-0.00396,0.00396,0,0.00792",0.017333984375,0.01931157149374485,1,0.2022552639245987,0.13055960834026337
29,down_proj,gptq,4096,12288,0,0.002005418141682943,0.0014632542928059895,41.145081371704975,0.033460756545616116,113.85830688476562,70.98928833007812,1.3503992557525635,3.1081132888793945,1.162731409072876,1.437533974647522,0.67974853515625,41.10626220703125,0.127580463886261,"4,2,242,7,0,872,8,40,709,24,2589,73,20,18,21,72",90.2389144897461,,,,,0,0.4493027925491333,0.5585945844650269,0.7368364334106445,0.9143323302268982,"0.587,0.587,0.685,0.912,0.844,0.826,0.784,0.720",3334.131103515625,5471.98193359375,"47.54,47.54,1826,5861,4996,5056,4635,4204",8.80734634399414,12.29118824005127,"1.564,1.564,7.959,11.93,11.61,11.85,11.93,12.05","0.09364,0.09364,0.5003,0.8671,0.806,0.8222,0.8039,0.7763","0.1222,0.1222,0.6046,0.9078,0.8772,0.9049,0.9079,0.9147",0,0.00485893152654171,6,0.0026736482977867126,"0,145,2,2770,10892,872,2619,11",0.2043744921684265,0.39373779296875,0.3975830078125,"0.318,0.283,0.222,0.317,0.306,0.29,0.338,0.275","2.22,1.98,1.6,0.949,0.785,0.785,0.723,0.717","0.248,0.125,0.014,-0.00079,-0.00903,-0.0264,0.0199,0.0435","0.213,0.142,0,-0.0123,-0.0119,0,0.0307,0.0709","0.213,0.112,0,0,-0.0114,-0.024,0.0229,0.0709",0.248046875,0.2126116156578064,3,0.05618653818964958,0.04222756624221802
30,q_proj,gptq,4096,4096,0,0.002060234546661377,0.0014750361442565918,18.247060349443927,0.02736109329897111,56.86311340332031,37.86488723754883,73.41915893554688,212.37710571289062,101.26146697998047,178.58135986328125,0.7841714024543762,18.214954376220703,0.1066647469997406,"0,13,19,34,29,56,31,81,73,25,36,47,65,21,50,49",105.70755767822266,,,,,0,52.03773498535156,85.86971282958984,47.5948486328125,93.82404327392578,"1.196,1.196,0.743,0.506,0.462,0.478,0.449,0.409",1417.196044921875,1859.383544921875,"185.6,185.6,1885,2093,1738,1877,1756,1617",81.53340911865234,88.78743743896484,"52.97,52.97,94.44,92.46,89.76,90.16,89.79,89.72","7.343,7.343,9.372,7.081,6.623,6.698,6.529,6.255","6.714,6.714,10.88,9.95,9.739,9.691,9.749,9.783",3387,0.0027462225407361984,1447,0.014672700315713882,"0,6,19,31,4,8,12,1",0.4260452687740326,0.41192626953125,0.41357421875,"0.261,0.372,0.541,0.488,0.394,0.356,0.426,0.317","27,19.5,15.8,12.5,12.3,12.1,9.47,8.72","0.0019,-0.00552,0.00699,-0.00571,0.00102,-0.00476,-0.00757,-0.00288","0,-0.011,0.011,0,0,-0.011,-0.011,0","0,-0.011,0.011,-0.011,0,0,-0.011,0",0.038330078125,0.034338660538196564,1,0.34705016016960144,0.22962318360805511
30,k_proj,gptq,1024,4096,0,0.002042055130004883,0.0014510154724121094,9.595216276044084,0.033528827874663665,26.271799087524414,16.195194244384766,33.92744445800781,114.85236358642578,50.53832244873047,96.37135314941406,0.7841714024543762,9.592535018920898,0.14165648818016052,"13,34,19,0,29,36,81,31,56,73,80,49,25,50,21,47",105.70755767822266,,,,,0,26.17621421813965,47.116390228271484,23.637434005737305,50.17696762084961,"1.079,1.079,0.801,0.454,0.419,0.417,0.403,0.365",1417.196044921875,1859.383544921875,"185.6,185.6,1885,2093,1738,1877,1756,1617",81.53340911865234,88.78743743896484,"52.97,52.97,94.44,92.46,89.76,90.16,89.79,89.72","4.729,4.729,7.384,5.045,4.706,4.678,4.591,4.427","4.553,4.553,8.252,7.487,7.266,7.244,7.234,7.329",815,0.009558279067277908,766,0.040940962731838226,"0,6,19,31,4,8,12,1",0.482778936624527,0.4261474609375,0.4287109375,"0.156,0.35,0.436,0.441,0.356,0.299,0.406,0.211","27,19.5,15.8,12.5,12.3,12.1,9.47,8.72","-0.00522,-0.000637,-0.0215,0.000538,0.0038,0.00427,-0.0151,0.00513","0,0,-0.0181,0,0,0,-0.0181,0","0,0,-0.0181,0,0,0,-0.0181,0",0.0634765625,0.0544084869325161,2,0.4600614011287689,0.45249661803245544
30,v_proj,gptq,1024,4096,0,0.002048969268798828,0.0015006065368652344,2.722558593598478,0.021074045743732655,10.116891860961914,7.273155689239502,12.95953369140625,28.487659454345703,13.171159744262695,19.264575958251953,0.7841714024543762,2.7209877967834473,0.05403580144047737,"13,34,19,31,56,29,81,80,36,66,73,47,49,25,78,69",105.70755767822266,,,,,0,5.959616184234619,8.787130355834961,7.252867221832275,10.760655403137207,"1.052,1.052,0.775,0.684,0.671,0.652,0.622,0.585",1417.196044921875,1859.383544921875,"185.6,185.6,1885,2093,1738,1877,1756,1617",81.53340911865234,88.78743743896484,"52.97,52.97,94.44,92.46,89.76,90.16,89.79,89.72","1.021,1.021,3.078,2.893,2.688,2.713,2.623,2.507","0.9958,0.9958,3.496,3.498,3.282,3.359,3.325,3.278",782,0.006107782479375601,446,0.014592631720006466,"0,6,19,31,4,8,12,1",0.17925377190113068,0.56640625,0.5771484375,"0.0253,0.079,0.113,0.116,0.0855,0.0966,0.116,0.0565","27,19.5,15.8,12.5,12.3,12.1,9.47,8.72","-0.000277,-0.002,0.000507,0.000916,0.00124,0.000813,-0.00328,0.000744","0,0,0,0,0,0,-0.00432,0","0,0,0,0,0,0,-0.00432,0",0.024658203125,0.03051977977156639,1,0.21004065871238708,0.10480198264122009
30,o_proj,gptq,4096,4096,0,0.002109825611114502,0.001463174819946289,12.111899527508513,0.029706217029446508,36.96343994140625,23.233131408691406,0.22998516261577606,0.6257221698760986,0.1297237128019333,0.2967258095741272,0.8889762759208679,12.081489562988281,0.07703147083520889,"2255,2511,2860,2732,2127,1779,1854,2035,1651,1982,1907,1598,1726,2604,2988,2383",77.62100219726562,,,,,0,0.055263809859752655,0.1515834480524063,0.07259868830442429,0.14735199511051178,"0.033,0.033,0.434,0.352,0.478,0.459,0.374,0.481",725.32958984375,919.6426391601562,"40.64,40.64,1421,654.4,1113,943.5,640.7,948.5",5.228889465332031,5.17924165725708,"4.523,4.523,5.205,4.998,6.192,5.841,5.132,5.417","0.05987,0.05987,0.2471,0.2106,0.3392,0.291,0.2274,0.2794","0.3317,0.3317,0.3749,0.3548,0.4909,0.4297,0.372,0.4028",0,0.006979935336858034,0,0.011486242525279522,"1598,1651,1854,1726,1982,2383,1907,2860",0.18576286733150482,0.411834716796875,0.41015625,"0.18,0.163,0.244,0.361,0.364,0.267,0.229,0.234","0.992,0.972,0.882,0.841,0.807,0.803,0.753,0.733","-0.0179,0.000881,-0.00723,-0.0452,0.025,-0.155,-0.016,-0.0952","0,0,0,-0.0483,0.0483,-0.145,0,-0.0965","-0.0215,0,0,-0.0544,0.0218,-0.133,-0.0195,-0.109",0.27734375,0.3190127909183502,1,0.028339901939034462,0.052609916776418686
30,gate_proj,gptq,12288,4096,0,0.002059380213419596,0.0014783740043640137,31.868438371398952,0.01942666206040473,125.52243041992188,92.22012329101562,189.5733642578125,399.7479248046875,195.94984436035156,272.7873840332031,0.6473419666290283,31.870990753173828,0.05753547325730324,"11,13,4,42,18,7,19,12,9,5,34,8,30,37,10,54",54.96992111206055,,,,,0,86.40621185302734,121.50648498535156,107.61985778808594,152.33731079101562,"1.025,1.025,0.834,0.720,0.668,0.677,0.654,0.613",1500.4923095703125,1966.9949951171875,"176.6,176.6,2024,2230,1857,1990,1844,1706",68.82039642333984,80.91352844238281,"30.66,30.66,81.22,84.95,80.45,82.16,80.58,79.9","4.822,4.822,11.42,10.91,9.968,10.3,9.935,9.548","4.762,4.762,12.5,12.85,12.2,12.52,12.29,12.19",119,0.0008919339743442833,93,0.0021851134952157736,"8,6,4,19,0,31,12,20",0.1575239598751068,0.3364156186580658,0.3379008173942566,"0.728,0.541,0.733,0.659,0.443,0.64,0.643,0.66","12.9,12.4,10.4,10.3,9.62,8.47,8.39,6.11","-0.00952,-5.89e-05,-0.0182,0.0129,-0.00285,0.0115,-0.0197,-0.0029","-0.01,0,-0.0201,0.01,0,0.01,-0.0201,0","-0.00781,0,-0.0156,0.0156,0,0.00781,-0.0234,0",0.04443359375,0.05016588792204857,1,0.2976846694946289,0.2891249656677246
30,up_proj,gptq,12288,4096,0,0.002052923043568929,0.0014533599217732747,23.63592243596213,0.01853748853482749,96.40577697753906,71.79388427734375,146.76272583007812,292.3187255859375,145.3399658203125,193.4183349609375,0.6473419666290283,23.614845275878906,0.04502003267407417,"11,13,4,18,19,42,7,12,9,5,34,30,37,8,10,22",54.96992111206055,,,,,0,63.13215637207031,85.2384033203125,81.30797576904297,109.2130126953125,"1.025,1.025,0.849,0.741,0.711,0.720,0.697,0.659",1500.4923095703125,1966.9949951171875,"176.6,176.6,2024,2230,1857,1990,1844,1706",68.82039642333984,80.91352844238281,"30.66,30.66,81.22,84.95,80.45,82.16,80.58,79.9","3.76,3.76,9.306,9.47,8.692,8.989,8.653,8.322","3.715,3.715,10.1,11,10.31,10.6,10.37,10.26",12215,0.0006254742620512843,194,0.0010550955776125193,"8,6,4,19,0,31,12,20",0.12236148118972778,0.3784383237361908,0.3822428584098816,"0.461,0.426,0.426,0.442,0.301,0.466,0.483,0.494","12.9,12.4,10.4,10.3,9.62,8.47,8.39,6.11","0.000881,0.00249,0.000984,-0.000429,-0.000885,-0.00403,-0.00359,0.00558","0,0.0034,0,0,0,-0.0034,-0.0034,0.0068","0,0.0034,0,0,0,-0.0034,-0.0034,0.0068",0.01953125,0.020320773124694824,1,0.2173711657524109,0.0924319177865982
30,down_proj,gptq,4096,12288,0,0.002010524272918701,0.0014750758806864421,42.29265679125001,0.03366293101935121,116.77719116210938,72.75752258300781,1.5852587223052979,3.626702308654785,1.4265003204345703,1.7352544069290161,0.6515774726867676,42.25762939453125,0.10998377203941345,"0,21,17,11,226,81,4,22,27,727,251,10,194,66,7,746",128.27870178222656,,,,,0,0.5721254348754883,0.706902265548706,0.863292396068573,1.0515786409378052,"0.464,0.464,0.761,0.905,0.823,0.830,0.812,0.749",3598.950439453125,5351.58251953125,"53.04,53.04,2152,6084,5204,5072,5063,5112",9.898082733154297,12.943877220153809,"2.919,2.919,9.216,12.88,12.66,12.67,12.73,13.19","0.1726,0.1726,0.6033,0.9626,0.8891,0.8922,0.9045,0.9068","0.2535,0.2535,0.6915,1.012,0.9803,0.9791,1.004,1.048",0,0.004921707324683666,1,0.011579927057027817,"194,0,1466,643,1827,162,556,6",0.2381448596715927,0.412750244140625,0.412445068359375,"0.284,0.392,0.311,0.295,0.286,0.231,0.265,0.276","2.78,1.63,1.59,1.41,0.943,0.793,0.741,0.657","-0.05,-0.365,0.0135,-0.00473,-0.0308,0.0129,0.0669,-0.00867","0,-0.313,0.0256,-0.0134,-0.0463,0,0.0603,0","-0.0504,-0.313,0.0134,0,-0.0331,0.0168,0.0573,0",0.365234375,0.3130580484867096,1,0.06237458810210228,0.07050532847642899
31,q_proj,gptq,4096,4096,0,0.002069413661956787,0.0014843344688415527,17.285379235065193,0.02872681821700134,52.08416748046875,34.131927490234375,69.45105743408203,207.09230041503906,99.3570785522461,175.54246520996094,0.7703849077224731,17.262943267822266,0.11350928246974945,"0,19,34,29,56,31,73,36,78,49,13,50,62,81,47,58",91.38575744628906,,,,,0,51.02265548706055,83.00787353515625,46.177268981933594,92.54978942871094,"1.255,1.255,0.818,0.516,0.473,0.458,0.431,0.398",1422.6776123046875,1850.82275390625,"186.4,186.4,1985,2078,1760,1843,1734,1610",83.54291534423828,91.68220520019531,"53.15,53.15,97.23,95.38,92.75,92.25,92.13,92.29","7.229,7.229,9.403,7.055,6.695,6.53,6.358,6.131","6.453,6.453,10.39,9.825,9.739,9.651,9.687,9.715",1471,0.022853024303913116,1333,0.01238746102899313,"0,6,19,31,8,4,1,36",0.3389652371406555,0.4022216796875,0.407196044921875,"0.334,0.406,0.591,0.505,0.381,0.394,0.319,0.488","25.2,17.2,16,14.3,11.6,11.4,10.4,8.7","-0.0559,0.0571,0.0083,0.0391,-0.0479,0.0334,0.0236,-0.00485","-0.0388,0.0776,0,0.0388,-0.0388,0.0388,0,0","-0.0388,0.0388,0,0.0388,-0.0388,0.0388,0.0388,0",0.1357421875,0.1163504496216774,1,1.012088656425476,0.9033177495002747
31,k_proj,gptq,1024,4096,0,0.0020475387573242188,0.0014674663543701172,8.746766069933074,0.04015542591557938,21.479257583618164,12.32486343383789,29.084667205810547,110.87967681884766,46.68345642089844,92.67453002929688,0.7703849077224731,8.732389450073242,0.1546792834997177,"34,19,31,0,29,73,56,13,36,50,49,81,78,47,66,62",91.38575744628906,,,,,0,24.491756439208984,44.91966247558594,21.55276870727539,48.160743713378906,"1.130,1.130,0.797,0.424,0.403,0.395,0.382,0.351",1422.6776123046875,1850.82275390625,"186.4,186.4,1985,2078,1760,1843,1734,1610",83.54291534423828,91.68220520019531,"53.15,53.15,97.23,95.38,92.75,92.25,92.13,92.29","4.71,4.71,7.192,4.734,4.604,4.412,4.347,4.228","4.431,4.431,8.058,7.273,7.253,7.023,7.031,7.134",496,0.009637820534408092,369,0.023832309991121292,"0,6,19,31,8,4,1,36",0.5448965430259705,0.441650390625,0.4439697265625,"0.166,0.347,0.443,0.435,0.291,0.317,0.209,0.402","25.2,17.2,16,14.3,11.6,11.4,10.4,8.7","-0.00433,-0.00333,0.0179,-0.0116,0.012,0.000763,-0.0102,0.00104","0,0,0.017,-0.017,0.017,0,-0.017,0","0,0,0.017,-0.017,0.017,0,-0.017,0",0.0595703125,0.0510602667927742,3,0.45194634795188904,0.5439918041229248
31,v_proj,gptq,1024,4096,0,0.0020313262939453125,0.0014710426330566406,5.775121898904672,0.02673727609284112,18.276809692382812,12.191492080688477,24.459083557128906,52.78261947631836,25.09563636779785,35.11300277709961,0.7703849077224731,5.767185211181641,0.04202166199684143,"34,19,118,29,111,101,127,165,146,140,188,244,281,31,176,144",91.38575744628906,,,,,0,10.782249450683594,15.36370849609375,14.299614906311035,20.247310638427734,"1.118,1.118,0.890,0.685,0.682,0.678,0.654,0.615",1422.6776123046875,1850.82275390625,"186.4,186.4,1985,2078,1760,1843,1734,1610",83.54291534423828,91.68220520019531,"53.15,53.15,97.23,95.38,92.75,92.25,92.13,92.29","1.117,1.117,3.816,3.943,3.695,3.762,3.668,3.521","1.056,1.056,4.046,4.763,4.476,4.567,4.535,4.49",810,0.008286518044769764,307,0.008915307931602001,"0,6,19,31,8,4,1,36",0.10161631554365158,0.605224609375,0.5999755859375,"0.0254,0.0805,0.0972,0.0945,0.0973,0.0873,0.0592,0.108","25.2,17.2,16,14.3,11.6,11.4,10.4,8.7","-8.58e-05,0.00132,0.00342,0.000187,0.000137,0.000874,0.0018,-0.00132","0,0,0.00378,0,0,0,0.00378,0","0,0,0.00378,0,0,0,0,0",0.0400390625,0.037650562822818756,1,0.3363378942012787,0.20603229105472565
31,o_proj,gptq,4096,4096,0,0.002133011817932129,0.0014883875846862793,17.47470608240019,0.03412465523853237,49.34775161743164,29.255325317382812,0.4417259395122528,1.2240464687347412,0.22803044319152832,0.4016077518463135,0.8015794157981873,17.458898544311523,0.05132376030087471,"4016,3888,3760,3632,429,2511,173,3243,513,3088,3491,45,1296,301,3699,2383",47.703800201416016,,,,,0,0.07176786661148071,0.14630477130413055,0.12585805356502533,0.22407670319080353,"0.074,0.074,0.584,0.512,0.491,0.637,0.576,0.589",535.9136352539062,852.7908935546875,"34.53,34.53,675.9,469.7,499.2,1166,643.1,764.4",4.712713718414307,5.742466926574707,"3.828,3.828,4.514,4.648,4.853,5.185,5.24,5.608","0.0828,0.0828,0.2849,0.2593,0.2737,0.3385,0.3172,0.3492","0.305,0.305,0.3728,0.3623,0.3907,0.424,0.4179,0.4551",0,0.009562847204506397,0,0.05135621130466461,"4016,3888,3632,429,173,301,45,2255",0.37668606638908386,0.455108642578125,0.4619140625,"0.135,0.218,0.292,0.281,0.279,0.262,0.302,0.482","1.27,1.23,0.998,0.479,0.457,0.428,0.418,0.413","-0.05,-0.0356,0.146,0.0322,0.082,-0.132,0.164,-0.408","-0.117,0,0.117,0,0.117,-0.117,0.117,-0.35","-0.0471,-0.0414,0.125,0.0276,0.0703,-0.113,0.177,-0.467",0.408203125,0.3498883843421936,1,0.026765581220388412,0.08854711800813675
31,gate_proj,gptq,12288,4096,0,0.0020625789960225425,0.0014882087707519531,32.18130706061493,0.019362918152612322,127.10254669189453,93.494873046875,202.5701446533203,433.38922119140625,219.91143798828125,316.2055358886719,0.7388120293617249,32.15950393676758,0.06037941947579384,"0,13,4,11,19,18,7,12,9,42,25,34,37,10,22,8",65.09479522705078,,,,,0,100.89102935791016,142.82212829589844,116.68291473388672,174.27053833007812,"1.115,1.115,0.853,0.688,0.640,0.650,0.619,0.584",1527.401611328125,1979.8984375,"184.6,184.6,2131,2255,1887,1986,1865,1726",75.03804016113281,85.65341186523438,"40.91,40.91,86.4,89.81,85.32,86.41,85.5,85.04","6.894,6.894,12.3,11.4,10.48,10.68,10.35,9.982","6.528,6.528,13.32,13.75,13.1,13.26,13.16,13.06",1730,0.0012574667343869805,90,0.0024368513841181993,"0,8,6,19,4,31,12,1",0.18439552187919617,0.3515523374080658,0.3532613217830658,"0.358,0.752,0.565,0.682,0.741,0.677,0.676,0.506","18.2,13.5,12.2,11.1,10.6,9.4,8.4,6.99","-0.00812,0.000313,0.00534,0.0189,-0.0154,0.011,-0.00188,0.00589","-0.0105,0,0,0.0211,-0.0105,0.0105,0,0","-0.0105,0,0.0105,0.0211,-0.0105,0.0105,0,0.0105",0.040283203125,0.04523969441652298,1,0.37164661288261414,0.10720071196556091
31,up_proj,gptq,12288,4096,0,0.0020621617635091147,0.0014664133389790852,23.85375729743828,0.018500340854743516,97.47616577148438,72.60179138183594,156.44334411621094,315.1302795410156,161.5040283203125,221.69703674316406,0.7388120293617249,23.831403732299805,0.04734741151332855,"0,13,4,11,19,18,12,7,42,9,37,34,25,10,22,66",65.09479522705078,,,,,0,71.67103576660156,98.60025787353516,88.01777648925781,123.77162170410156,"1.106,1.106,0.832,0.723,0.682,0.689,0.666,0.625",1527.401611328125,1979.8984375,"184.6,184.6,2131,2255,1887,1986,1865,1726",75.03804016113281,85.65341186523438,"40.91,40.91,86.4,89.81,85.32,86.41,85.5,85.04","5.133,5.133,9.879,9.895,9.076,9.293,9.008,8.677","4.88,4.88,10.83,11.64,10.99,11.19,11.04,10.98",9870,0.0005299011245369911,32,0.0013490181881934404,"0,8,6,19,4,31,12,1",0.13785383105278015,0.4099629819393158,0.4127197265625,"0.247,0.479,0.454,0.452,0.466,0.471,0.5,0.345","18.2,13.5,12.2,11.1,10.6,9.4,8.4,6.99","-0.00189,-0.00458,-0.00555,0.00261,0.00357,-0.00793,-0.00276,0.00172","-0.00281,-0.00562,-0.00562,0.00281,0.00281,-0.00842,-0.00281,0.00281","-0.00281,-0.00562,-0.00562,0.00281,0.00281,-0.00842,-0.00281,0.00281",0.022216796875,0.020666444674134254,1,0.20892050862312317,0.07553651183843613
31,down_proj,gptq,4096,12288,0,0.002001086870829264,0.0014762481053670247,42.98291439844911,0.033870171928946397,118.63504791259766,73.92472076416016,1.8507428169250488,4.8668341636657715,1.6996406316757202,2.7322793006896973,0.951819658279419,42.94609069824219,0.10925059765577316,"0,3,278,1135,1,80,1026,408,237,22,2,147,12,14,5,15",464.2857360839844,,,,,0,0.6937568187713623,1.1303961277008057,0.9746296405792236,1.6303900480270386,"0.345,0.345,0.667,0.807,0.619,0.644,0.569,0.566",3524.90625,5038.1845703125,"73.16,73.16,2432,6683,5297,4925,4341,4374",12.762056350708008,15.431475639343262,"7.951,7.951,10.58,15.19,15.06,14.83,14.99,15.54","0.3875,0.3875,0.7075,1.086,0.9705,0.9538,0.9108,0.9427","0.6592,0.6592,0.8661,1.209,1.233,1.188,1.207,1.254",0,0.011707312427461147,0,0.12658099830150604,"0,216,1059,3,815,20,4991,439",0.4177985191345215,0.411712646484375,0.4063720703125,"0.384,0.257,0.307,0.263,0.3,0.272,0.31,0.296","5.03,2.32,1.5,1.3,1.28,1.24,1.18,1.13","-0.361,-0.0261,-0.00161,0.0608,-0.00244,0.0981,0.00334,0.00854","-0.413,-0.0186,0,0.103,-0.0115,0.103,-0.00967,0","-0.413,-0.0278,0,0.103,0,0.103,0,0.011",0.361328125,0.4129464328289032,1,0.10501239448785782,0.4387401342391968
32,q_proj,gptq,4096,4096,0,0.0020516514778137207,0.0014920830726623535,16.58573252752103,0.027584068246695695,51.272499084472656,34.05361557006836,70.64826965332031,206.94277954101562,101.28561401367188,181.45274353027344,0.815612256526947,16.551162719726562,0.10990171879529953,"0,34,19,13,56,29,31,58,36,78,47,65,66,62,79,70",115.34170532226562,,,,,0,53.20470428466797,87.63265228271484,45.56527328491211,94.32278442382812,"1.152,1.152,0.814,0.501,0.451,0.447,0.416,0.387",1453.412841796875,1833.9591064453125,"189.5,189.5,2144,2149,1791,1849,1718,1598",85.076904296875,92.07068634033203,"58.13,58.13,97.85,95.73,92.86,92.82,92.58,92.52","7.727,7.727,9.66,7.075,6.624,6.497,6.299,6.09","7.2,7.2,10.71,10,9.86,9.718,9.761,9.786",2405,0.0061261639930307865,1150,0.04896242171525955,"0,19,1,6,31,8,4,12",0.49552321434020996,0.39495849609375,0.397705078125,"0.324,0.588,0.312,0.413,0.497,0.398,0.434,0.457","28.1,15,13.7,13.3,12.9,11,9.91,8.5","-0.0344,0.0083,0.0135,0.0366,0.0156,-0.0332,0.0249,-0.0254","-0.043,0,0,0.043,0.0215,-0.043,0.0215,-0.0215","-0.043,0,0.0215,0.043,0.0215,-0.043,0.0215,-0.0215",0.0751953125,0.0644531324505806,1,0.5184744000434875,0.5500088334083557
32,k_proj,gptq,1024,4096,0,0.002054452896118164,0.0014672279357910156,8.568742029160603,0.03516281855429781,22.768613815307617,13.809514045715332,31.427804946899414,112.61846923828125,49.94688415527344,101.86334228515625,0.815612256526947,8.552343368530273,0.1455772966146469,"0,34,13,19,58,56,31,78,36,73,29,66,50,49,68,38",115.34170532226562,,,,,0,27.17141342163086,50.20710754394531,21.916065216064453,52.55797576904297,"1.015,1.015,0.722,0.460,0.424,0.399,0.363,0.332",1453.412841796875,1833.9591064453125,"189.5,189.5,2144,2149,1791,1849,1718,1598",85.076904296875,92.07068634033203,"58.13,58.13,97.85,95.73,92.86,92.82,92.58,92.52","5.306,5.306,7.3,5.04,4.82,4.597,4.448,4.27","5.267,5.267,8.59,7.428,7.401,7.276,7.387,7.412",244,0.009257565252482891,371,0.01748117059469223,"0,19,1,6,31,8,4,12",0.5811583995819092,0.41162109375,0.41259765625,"0.167,0.431,0.252,0.354,0.449,0.304,0.33,0.379","28.1,15,13.7,13.3,12.9,11,9.91,8.5","0.00729,-0.0359,0.0162,0.0167,-0.0364,0.00793,-0.00269,0.00255","0,-0.0432,0.0216,0.0216,-0.0432,0,0,0","0,-0.0432,0.0216,0.0216,-0.0432,0,0,0",0.07568359375,0.086495541036129,1,0.46375176310539246,0.3974914252758026
32,v_proj,gptq,1024,4096,0,0.0020546913146972656,0.0014886856079101562,5.158888373593356,0.025969139968828252,16.660568237304688,11.25564193725586,23.013465881347656,51.184810638427734,24.26211166381836,35.388702392578125,0.815612256526947,5.152507781982422,0.045223649591207504,"34,13,19,56,31,127,141,36,101,105,29,147,58,224,196,164",115.34170532226562,,,,,0,10.811333656311035,16.1068115234375,13.411630630493164,19.673709869384766,"1.042,1.042,0.774,0.689,0.655,0.632,0.633,0.584",1453.412841796875,1833.9591064453125,"189.5,189.5,2144,2149,1791,1849,1718,1598",85.076904296875,92.07068634033203,"58.13,58.13,97.85,95.73,92.86,92.82,92.58,92.52","1.204,1.204,4.08,4.012,3.656,3.63,3.55,3.421","1.18,1.18,4.638,4.833,4.519,4.565,4.461,4.478",317,0.009786566719412804,298,0.019312161952257156,"0,19,1,6,31,8,4,12",0.12813617289066315,0.5693359375,0.5673828125,"0.0269,0.124,0.0594,0.111,0.12,0.134,0.116,0.159","28.1,15,13.7,13.3,12.9,11,9.91,8.5","-0.000652,-0.00165,9.39e-05,0.00061,-0.00528,-0.000572,-0.00159,0.00507","0,0,0,0,-0.00757,0,0,0.00757","0,0,0,0,-0.00474,0,0,0.00474",0.05029296875,0.05086595565080643,1,0.3617040514945984,0.2406223863363266
32,o_proj,gptq,4096,4096,0,0.0021112561225891113,0.0014858841896057129,16.75867427816206,0.03381080754534871,48.41923522949219,27.975479125976562,0.5060245394706726,1.7320053577423096,0.3756135106086731,0.6914142370223999,0.795133650302887,16.712106704711914,0.03652834892272949,"1054,752,3021,1008,880,2765,2893,1264,3359,2637,3103,3231,1412,2041,3487,3787",37.43395233154297,,,,,0,0.11209524422883987,0.23881445825099945,0.19888219237327576,0.379861444234848,"0.062,0.062,0.845,0.442,0.432,0.431,0.456,0.443",756.072021484375,1100.3603515625,"50.25,50.25,2583,707.2,567.7,633.8,727,729.2",6.086567401885986,7.53009033203125,"4.771,4.771,7.882,5.841,6.044,6.24,6.357,6.786","0.09451,0.09451,0.5831,0.3033,0.307,0.3237,0.3433,0.3606","0.3789,0.3789,0.6344,0.456,0.467,0.4933,0.5082,0.5416",0,0.012496793642640114,1550,0.003049167338758707,"3209,2381,1008,880,3359,752,3081,2509",0.21946902573108673,0.412841796875,0.415802001953125,"0.2,0.24,0.254,0.253,0.248,0.265,0.232,0.253","0.897,0.783,0.779,0.776,0.751,0.733,0.723,0.722","-0.0972,0.0337,-0.0403,0.0322,-0.0454,-0.0767,-0.106,0.0525","-0.104,0.0347,-0.0347,0.0347,-0.0347,-0.0695,-0.104,0.0347","-0.0833,0.0289,-0.0345,0.0291,-0.0513,-0.0876,-0.0912,0.045",0.2275390625,0.21273186802864075,1,0.03432008996605873,0.017167359590530396
32,gate_proj,gptq,12288,4096,0,0.0020515124003092446,0.0014755725860595703,33.58514924335759,0.019623574704838876,131.31298828125,96.19683837890625,215.3897705078125,489.6200256347656,249.53506469726562,383.212890625,0.7595402598381042,33.56174087524414,0.0644671618938446,"0,13,18,11,19,4,42,22,34,12,41,30,66,10,37,9",81.78170013427734,,,,,0,115.38660430908203,175.68821716308594,129.7992401123047,207.85769653320312,"0.985,0.985,0.778,0.662,0.598,0.602,0.565,0.529",1597.8741455078125,2037.9573974609375,"189,189,2295,2401,1971,2061,1903,1773",81.58667755126953,91.56100463867188,"48.86,48.86,93.37,95.63,91.1,92.41,91.32,91.13","7.811,7.811,13.21,12.21,11.11,11.28,10.82,10.46","7.87,7.87,14.98,15.01,14.38,14.55,14.39,14.38",148,0.0021731748711317778,1675,0.0015335667412728071,"0,8,19,1,6,4,31,12",0.2744497060775757,0.3485616147518158,0.3500569760799408,"0.352,0.756,0.699,0.484,0.62,0.77,0.669,0.726","20.7,13.9,12.3,11.4,10.8,10.5,10,8.6","-0.00952,-0.00848,0.00806,0.00232,0.00206,0.00751,0.0148,-0.00412","-0.0163,-0.0163,0,0,0,0,0.0163,0","-0.0119,-0.0119,0.0119,0,0,0.0119,0.0119,0",0.05908203125,0.05127982050180435,7,0.5181035995483398,0.42518991231918335
32,up_proj,gptq,12288,4096,0,0.002062559127807617,0.0014736652374267578,24.610545636794996,0.018903686161286962,98.94169616699219,73.29901123046875,163.09173583984375,350.36541748046875,181.87237548828125,265.333251953125,0.7595402598381042,24.581275939941406,0.053011730313301086,"0,13,18,11,19,42,4,34,12,22,66,41,37,10,30,36",81.78170013427734,,,,,0,82.46548461914062,120.25702667236328,96.58930206298828,145.33197021484375,"0.990,0.990,0.794,0.695,0.636,0.646,0.612,0.576",1597.8741455078125,2037.9573974609375,"189,189,2295,2401,1971,2061,1903,1773",81.58667755126953,91.56100463867188,"48.86,48.86,93.37,95.63,91.1,92.41,91.32,91.13","5.984,5.984,10.86,10.55,9.61,9.777,9.402,9.084","6.014,6.014,12.19,12.66,12.05,12.16,12.02,11.97",1750,0.0006471494561992586,5700,0.0010099397040903568,"0,8,19,1,6,4,31,12",0.20692791044712067,0.4165751338005066,0.4189961850643158,"0.255,0.511,0.491,0.31,0.498,0.491,0.498,0.532","20.7,13.9,12.3,11.4,10.8,10.5,10,8.6","0.00327,-0.00264,-0.00166,-0.00316,-0.000427,0.00185,-0.00574,0.00558","0.00516,-0.00516,0,-0.00516,0,0,-0.00516,0.00516","0.00516,-0.00516,0,-0.00516,0,0,-0.00516,0.00516",0.0191650390625,0.01595481112599373,1,0.24445801973342896,0.1275009661912918
32,down_proj,gptq,4096,12288,0,0.002000888188680013,0.0014699498812357585,43.88749167780031,0.03473189058493109,120.3114242553711,74.49140167236328,2.5225448608398438,6.956711769104004,2.4904816150665283,4.160114288330078,0.6059525609016418,43.808433532714844,0.09540266543626785,"0,220,63,3,101,1,6,2,359,435,155,15,312,5164,25,237",171.9960174560547,,,,,0,1.0039619207382202,1.7550199031829834,1.426627278327942,2.402693748474121,"0.271,0.271,0.634,0.712,0.555,0.599,0.553,0.508",3720.046630859375,5144.29248046875,"114,114,2810,7351,5106,5114,4551,4601",16.635986328125,19.928874969482422,"8.29,8.29,15.44,21.03,20.34,19.6,19.55,20.55","0.3431,0.3431,0.9167,1.352,1.147,1.158,1.102,1.121","0.6588,0.6588,1.151,1.603,1.54,1.496,1.482,1.573",0,0.014546485617756844,1,0.02113022655248642,"730,0,4,1,60,5700,975,41",0.3373768627643585,0.402313232421875,0.40643310546875,"0.255,0.35,0.241,0.292,0.3,0.411,0.298,0.277","5.75,5.36,2.89,2.69,2.68,2.66,1.89,1.69","-0.014,-0.301,-0.0322,0.168,0.0898,0.0129,0.0908,0.0303","0,-0.344,0,0.172,0.0859,0,0.0856,0","-0.0161,-0.258,0,0.172,0.0859,0.0143,0.0778,0",0.30078125,0.3437500298023224,1,0.13836610317230225,0.12177865952253342
33,q_proj,gptq,4096,4096,0,0.0020465850830078125,0.0014865994453430176,17.26792738502263,0.030090958799794894,50.70777130126953,32.61978530883789,71.67257690429688,227.31724548339844,107.38119506835938,204.4943389892578,0.6997562646865845,17.23460578918457,0.11224202811717987,"0,34,19,13,56,73,66,81,98,36,70,50,47,62,68,58",76.27442932128906,,,,,0,56.33430099487305,99.12705993652344,48.506866455078125,106.10469818115234,"0.979,0.979,0.763,0.498,0.418,0.425,0.396,0.361",1478.8721923828125,1890.9742431640625,"194.2,194.2,2161,2204,1824,1872,1748,1634",90.17845153808594,96.9502944946289,"65.98,65.98,101.1,99.55,97.14,97.06,96.99,97.58","8.107,8.107,9.757,7.292,6.745,6.675,6.467,6.243","8.196,8.196,11.17,10.34,10.43,10.23,10.28,10.39",3058,0.003261967096477747,1199,0.009303412400186062,"0,1,19,31,8,17,36,6",0.49833613634109497,0.41387939453125,0.41619873046875,"0.262,0.266,0.595,0.526,0.379,0.436,0.519,0.385","27.7,19.6,16.2,12,9.85,9.2,9.06,8.55","-0.0413,0.011,0.0147,0.0344,-0.0233,0.0248,0.0205,0.0267","-0.0326,0,0.0326,0.0326,0,0.0326,0.0326,0.0326","-0.0326,0,0,0.0326,-0.0326,0.0326,0.0326,0.0326",0.1142578125,0.0979352742433548,1,0.3852066397666931,0.3636409342288971
33,k_proj,gptq,1024,4096,0,0.002058267593383789,0.0014925003051757812,7.906600701098796,0.037980308612031104,20.157800674438477,11.832843780517578,28.53302574157715,115.79581451416016,49.2764892578125,107.70979309082031,0.6997562646865845,7.911714553833008,0.1639055609703064,"0,34,19,13,56,73,66,50,81,62,36,98,47,31,58,68",76.27442932128906,,,,,0,27.494739532470703,54.30615997314453,20.815275192260742,54.32902145385742,"0.871,0.871,0.703,0.418,0.361,0.356,0.327,0.295",1478.8721923828125,1890.9742431640625,"194.2,194.2,2161,2204,1824,1872,1748,1634",90.17845153808594,96.9502944946289,"65.98,65.98,101.1,99.55,97.14,97.06,96.99,97.58","5.714,5.714,7.529,4.855,4.51,4.36,4.266,4.106","6.122,6.122,8.978,7.508,7.502,7.312,7.462,7.556",694,0.00807061605155468,288,0.02088656835258007,"0,1,19,31,8,17,36,6",0.6754346489906311,0.4256591796875,0.4239501953125,"0.149,0.226,0.462,0.477,0.303,0.421,0.421,0.352","27.7,19.6,16.2,12,9.85,9.2,9.06,8.55","-0.00161,-0.00485,0.0221,-0.00964,-0.00568,-0.00702,0.00488,0.0146","0,0,0.0205,0,0,0,0,0.0205","0,0,0.0205,0,0,0,0,0.0205",0.07177734375,0.08203125,1,0.40516403317451477,0.2896803319454193
33,v_proj,gptq,1024,4096,0,0.002022981643676758,0.001481771469116211,5.37117501423927,0.022302450212318952,19.353416442871094,13.634239196777344,27.161277770996094,58.36491394042969,28.115570068359375,40.691104888916016,0.6997562646865845,5.373566627502441,0.03619162738323212,"34,13,19,0,73,224,101,111,181,105,313,196,281,228,188,262",76.27442932128906,,,,,0,12.348461151123047,17.84140968322754,15.569334983825684,23.21117401123047,"0.814,0.814,0.769,0.742,0.687,0.674,0.657,0.590",1478.8721923828125,1890.9742431640625,"194.2,194.2,2161,2204,1824,1872,1748,1634",90.17845153808594,96.9502944946289,"65.98,65.98,101.1,99.55,97.14,97.06,96.99,97.58","1.497,1.497,4.191,4.258,3.915,3.923,3.812,3.656","1.659,1.659,4.778,4.944,4.725,4.779,4.705,4.759",670,0.007849792949855328,645,0.010124566033482552,"0,1,19,31,8,17,36,6",0.11653950810432434,0.51123046875,0.5145263671875,"0.0442,0.0706,0.109,0.126,0.137,0.127,0.118,0.111","27.7,19.6,16.2,12,9.85,9.2,9.06,8.55","-0.00114,0.00104,-0.00313,-0.000954,0.00168,-0.000961,-0.00589,7.68e-05","0,0,-0.00575,0,0,0,-0.00575,0","0,0,-0.00457,0,0,0,-0.00457,0",0.052734375,0.05913188308477402,1,0.3469034731388092,0.2211988866329193
33,o_proj,gptq,4096,4096,0,0.002127528190612793,0.0015017390251159668,18.440296504344133,0.03476739172449988,52.722434997558594,30.40180206298828,1.064443826675415,3.45052170753479,0.5510367155075073,1.3695693016052246,0.7204570770263672,18.418212890625,0.03639720752835274,"2304,2048,422,2176,3681,3809,4065,2305,2067,1721,38,2451,3301,2317,3937,3173",75.42898559570312,,,,,0,0.16591188311576843,0.5443677306175232,0.3441227972507477,0.7746946811676025,"0.055,0.055,0.358,0.275,0.342,0.309,0.383,0.444",461.7063903808594,1001.1548461914062,"46.25,46.25,621.3,364.4,479.2,429.5,730,976.7",8.578478813171387,9.886622428894043,"7.431,7.431,9.777,8.136,8.677,8.365,9.022,9.787","0.1469,0.1469,0.4925,0.3641,0.4284,0.4,0.485,0.5747","0.6257,0.6257,0.8234,0.6946,0.7327,0.7192,0.7833,0.8625",0,0.03622068092226982,0,0.0033217116724699736,"372,500,244,116,3809,1360,3173,1819",0.23819611966609955,0.45050048828125,0.48565673828125,"0.223,0.274,0.244,0.261,0.198,0.232,0.287,0.241","1.65,1.44,1.44,1.41,1.24,0.967,0.948,0.89","0.117,0.104,0.118,0.113,0.0515,-0.0977,0.084,-0.0598","0.127,0.0633,0.127,0.127,0.0633,-0.0633,0.0633,-0.0633","0.1,0.0896,0.101,0.0971,0.0442,-0.0837,0.072,-0.0527",0.2216796875,0.1900111734867096,1,0.08153589814901352,0.04223109781742096
33,gate_proj,gptq,12288,4096,0,0.002049724260965983,0.0014568765958150227,36.13735454605194,0.020330462298583405,137.8657684326172,100.0040283203125,219.58843994140625,562.4459228515625,267.69207763671875,473.04937744140625,0.8679826259613037,36.0390625,0.06975205987691879,"0,13,18,19,11,4,12,66,10,34,22,37,30,41,8,29",150.8098602294922,,,,,0,130.72386169433594,220.84225463867188,130.7231903076172,251.7037811279297,"0.909,0.909,0.699,0.591,0.505,0.502,0.466,0.430",1501.312255859375,1927.283203125,"194.8,194.8,1962,2343,1902,1947,1798,1669",87.59465789794922,94.5422134399414,"67.32,67.32,92.28,97.47,94.15,94.43,93.79,94","11.41,11.41,12.74,12.29,11.16,11.18,10.74,10.35","11.97,11.97,15.25,15.99,15.71,15.78,15.72,15.78",2901,0.0011946639278903604,3688,0.030564555898308754,"0,1,19,8,31,17,4,6",0.35255974531173706,0.3764750361442566,0.3805135190486908,"0.432,0.553,0.709,0.828,0.673,0.699,0.828,0.682","29.6,19,13.1,12.8,9.33,9.13,8.77,8.26","0.0669,0.0698,0.00775,-0.0135,0.00299,0.0154,0.032,0.0327","0.0575,0.0575,0,0,0,0,0.0575,0.0575","0.0575,0.0575,0,0,0,0,0.0575,0.0575",0.201171875,0.1724330484867096,1,0.3858873248100281,0.8246668577194214
33,up_proj,gptq,12288,4096,0,0.002062499523162842,0.0014753341674804688,25.705141435581027,0.019558273541929242,100.72640228271484,73.91744995117188,160.85086059570312,368.79864501953125,181.528564453125,289.675537109375,0.8679826259613037,25.68058967590332,0.05685168877243996,"0,13,18,19,11,12,10,34,66,4,37,22,30,41,42,36",150.8098602294922,,,,,0,85.04022216796875,132.920654296875,92.92251586914062,156.10633850097656,"0.942,0.942,0.702,0.660,0.587,0.579,0.544,0.502",1501.312255859375,1927.283203125,"194.8,194.8,1962,2343,1902,1947,1798,1669",87.59465789794922,94.5422134399414,"67.32,67.32,92.28,97.47,94.15,94.43,93.79,94","7.97,7.97,10.18,10.45,9.473,9.497,9.12,8.792","8.213,8.213,12.15,12.86,12.37,12.48,12.36,12.41",11311,0.000575403100810945,11333,0.0012640197528526187,"0,1,19,8,31,17,4,6",0.25060808658599854,0.4246012568473816,0.4278971552848816,"0.266,0.282,0.52,0.567,0.54,0.517,0.553,0.531","29.6,19,13.1,12.8,9.33,9.13,8.77,8.26","-0.00119,0.0014,-0.00233,0.00769,-0.00159,0.00397,0.00129,-0.00626","0,0,0,0.00875,0,0.00438,0,-0.00875","0,0,-0.00438,0.00875,0,0.00438,0,-0.00438",0.019287109375,0.02125384844839573,1,0.22722412645816803,0.2615783214569092
33,down_proj,gptq,4096,12288,0,0.002008497714996338,0.001474916934967041,44.779523336059356,0.0359204213982328,120.96151733398438,74.15353393554688,3.4275848865509033,11.110684394836426,3.363262414932251,7.356753826141357,0.7699184417724609,44.651885986328125,0.17025119066238403,"0,11,6,10,2,5,8,20,19,18,4,7,9,12,13,3",248.3046112060547,,,,,0,1.4463921785354614,3.3667654991149902,1.8676426410675049,4.010157108306885,"0.040,0.040,0.516,0.691,0.501,0.493,0.452,0.418",3936.48486328125,4884.21484375,"211.6,211.6,3106,7994,5387,5161,4535,4886",23.079557418823242,24.8748779296875,"19.9,19.9,19.77,25.06,24.85,24.56,24.57,26.02","0.3044,0.3044,1.147,1.653,1.393,1.368,1.304,1.351","1.522,1.522,1.597,1.988,1.969,1.947,1.941,2.089",0,0.01124862302094698,1,0.13709363341331482,"0,52,53,13,2916,7,10,1107",0.31897568702697754,0.392059326171875,0.382781982421875,"0.306,0.296,0.266,0.313,0.281,0.304,0.295,0.317","6.71,5.65,3.03,2.53,2.32,2.01,1.97,1.89","0.225,0.00748,-0.0381,0.175,0.0354,-0.129,-0.0322,0.00394","0.193,0,-0.0642,0.193,0.0642,-0.128,-0.0642,0","0.193,0,-0.0642,0.193,0.0385,-0.128,-0.0642,0",0.267578125,0.353523850440979,1,0.14772434532642365,0.22432169318199158
34,q_proj,gptq,4096,4096,0,0.002040565013885498,0.0014757513999938965,17.40733046868263,0.029452826385495356,51.86649703979492,33.66102600097656,73.26284790039062,236.6207275390625,105.5970458984375,218.43695068359375,0.7905011177062988,17.392858505249023,0.10611552745103836,"0,19,34,29,73,66,31,50,56,49,1,13,70,65,30,68",83.91632080078125,,,,,0,55.30411148071289,105.40870666503906,47.14118957519531,112.81553649902344,"0.889,0.889,0.661,0.484,0.413,0.397,0.360,0.333",1462.0958251953125,1815.2894287109375,"203.3,203.3,2063,2264,1858,1832,1691,1583",88.95909118652344,95.5660629272461,"65.21,65.21,97.33,99.82,96.63,95.8,95.65,96.02","8.088,8.088,9.373,7.402,6.862,6.572,6.366,6.177","8.577,8.577,11.53,10.64,10.67,10.43,10.61,10.71",3451,0.0035308480728417635,1279,0.006957449484616518,"1,0,19,17,39,31,8,12",0.46168985962867737,0.419281005859375,0.421722412109375,"0.275,0.39,0.698,0.42,0.405,0.566,0.378,0.52","27.8,23.8,14.4,12,9.76,9.71,8.46,7.07","0.0167,-0.0498,0.0294,0.0273,0.0198,0.032,-0.0145,-0.00922","0.0292,-0.0583,0.0292,0.0292,0,0.0292,0,0","0.0292,-0.0583,0.0292,0.0292,0.0292,0.0292,0,0",0.10205078125,0.0874720960855484,1,0.40772920846939087,0.7033781409263611
34,k_proj,gptq,1024,4096,0,0.002068042755126953,0.001489400863647461,9.143398146195977,0.04118236244504805,22.292724609375,12.68636417388916,31.545631408691406,135.18032836914062,51.62773895263672,124.34530639648438,0.7905011177062988,9.126461029052734,0.14818289875984192,"0,34,19,73,31,66,49,13,65,1,30,56,29,50,36,98",83.91632080078125,,,,,0,27.71694564819336,61.18925094604492,22.43162727355957,63.5634651184082,"0.771,0.771,0.692,0.374,0.340,0.326,0.297,0.276",1462.0958251953125,1815.2894287109375,"203.3,203.3,2063,2264,1858,1832,1691,1583",88.95909118652344,95.5660629272461,"65.21,65.21,97.33,99.82,96.63,95.8,95.65,96.02","5.417,5.417,7.441,5.097,4.766,4.557,4.437,4.305","6.17,6.17,8.945,8.336,8.173,7.98,8.144,8.189",501,0.008198730647563934,370,0.019173912703990936,"1,0,19,17,39,31,8,12",0.6640585660934448,0.4490966796875,0.4556884765625,"0.196,0.131,0.513,0.45,0.472,0.519,0.304,0.399","27.8,23.8,14.4,12,9.76,9.71,8.46,7.07","0.00137,-0.00206,0.000866,-0.0361,-0.0116,-0.0047,-0.00681,-0.0103","0,0,0,-0.0354,-0.0177,0,0,-0.0177","0,0,0,-0.0354,-0.0177,0,0,-0.0177",0.06201171875,0.0531529039144516,6,0.43158578872680664,0.5814231038093567
34,v_proj,gptq,1024,4096,0,0.002057790756225586,0.0014944076538085938,8.288687721960741,0.02742150693789049,25.87132453918457,17.052059173583984,37.07513427734375,83.99440002441406,38.90633010864258,57.42809295654297,0.7905011177062988,8.269895553588867,0.04327116161584854,"222,193,224,271,227,276,206,333,325,148,164,208,127,235,349,314",83.91632080078125,,,,,0,17.097537994384766,25.264802932739258,21.19990348815918,32.5107307434082,"0.834,0.834,0.868,0.720,0.652,0.641,0.610,0.557",1462.0958251953125,1815.2894287109375,"203.3,203.3,2063,2264,1858,1832,1691,1583",88.95909118652344,95.5660629272461,"65.21,65.21,97.33,99.82,96.63,95.8,95.65,96.02","1.416,1.416,5.068,5.151,4.67,4.598,4.422,4.249","1.55,1.55,5.439,6.069,5.785,5.742,5.662,5.693",782,0.006942987907677889,843,0.01034439355134964,"1,0,19,17,39,31,8,12",0.10462068766355515,0.598388671875,0.583740234375,"0.0486,0.0277,0.116,0.105,0.152,0.132,0.145,0.134","27.8,23.8,14.4,12,9.76,9.71,8.46,7.07","2.13e-05,0.000504,-0.00349,-0.00288,-0.000908,-0.0013,0.00397,-0.00126","0,0,-0.00736,0,0,0,0,0","0,0,0,0,0,0,0.00736,0",0.05078125,0.05847989022731781,1,0.3891145586967468,0.4599706530570984
34,o_proj,gptq,4096,4096,0,0.002125382423400879,0.0014976263046264648,23.37217766860249,0.03690742680120878,63.3701171875,35.986873626708984,0.8804575800895691,3.213958501815796,0.6555770635604858,1.1066486835479736,0.7602828145027161,23.312484741210938,0.030716566368937492,"3437,3116,3561,3428,7,2689,2761,2704,2746,2705,2706,2742,2733,2460,2762,2451",43.2965087890625,,,,,0,0.19589275121688843,0.4070385992527008,0.36074647307395935,0.6031333208084106,"0.044,0.044,0.603,0.456,0.615,0.480,0.502,0.584",738.0711669921875,1168.8018798828125,"38.82,38.82,1916,750.7,837.3,585.7,689.5,1048",6.962719917297363,8.207348823547363,"5.108,5.108,9.883,6.603,7.347,6.769,7.097,7.787","0.1002,0.1002,0.681,0.3924,0.5032,0.4232,0.4518,0.5413","0.4783,0.4783,0.877,0.581,0.6416,0.6105,0.6375,0.708",0,0.006990828551352024,0,0.017904914915561676,"280,3713,3585,3841,3969,24,408,391",0.11479951441287994,0.5169677734375,0.519775390625,"0.195,0.24,0.209,0.247,0.247,0.174,0.226,0.251","1.37,1.26,1.2,1.19,1.18,0.858,0.854,0.836","0.0771,0.0554,0.0674,0.0688,0.0508,0.064,0.0369,0.0908","0.0645,0.0645,0.0645,0.0645,0.0645,0.0645,0.0322,0.0967","0.0837,0.0371,0.0809,0.0859,0.0377,0.0548,0.0259,0.0778",0.150390625,0.1370673030614853,1,0.04207393899559975,0.08585425466299057
34,gate_proj,gptq,12288,4096,0,0.0020317435264587402,0.0014674663543701172,39.09833258588333,0.019762665563083277,152.3279571533203,111.27314758300781,231.40447998046875,591.748046875,277.9969787597656,521.252197265625,0.9167299270629883,39.040245056152344,0.07001574337482452,"0,1,13,19,18,11,10,12,41,34,66,61,37,30,35,62",170.0838623046875,,,,,0,138.35369873046875,251.12376403808594,133.1033477783203,268.87506103515625,"0.744,0.744,0.629,0.570,0.485,0.484,0.445,0.416",1537.429443359375,1898.7325439453125,"205.3,205.3,2158,2378,1959,1949,1782,1663",91.30546569824219,95.14225006103516,"78.21,78.21,95.25,98.17,95.59,95.4,94.77,94.84","11.93,11.93,13.09,12.6,11.46,11.39,10.91,10.56","13.83,13.83,16.51,16.7,16.46,16.38,16.35,16.38",5808,0.0031290592160075903,9504,0.0029370030388236046,"0,1,19,17,8,39,31,20",0.3287643492221832,0.3849690854549408,0.3887532651424408,"0.534,0.534,0.735,0.76,0.884,0.791,0.729,0.774","29.9,28.4,13.2,10.9,10.6,9.85,7.71,7.36","0.0947,0.0981,0.0767,0.102,-0.108,0.0703,0.0659,0.0334","0.0837,0.0837,0.0837,0.0837,-0.126,0.0837,0.0419,0.0419","0.0837,0.0837,0.0837,0.0837,-0.126,0.0837,0.0837,0.0419",0.146484375,0.1255580335855484,4,0.6410973072052002,0.5653282999992371
34,up_proj,gptq,12288,4096,0,0.002058605353037516,0.0014876524607340496,26.232345223310404,0.01944600690129657,103.578857421875,76.1874771118164,157.60345458984375,385.5845031738281,182.75819396972656,324.69140625,0.9167299270629883,26.186050415039062,0.06063021346926689,"0,1,13,18,19,11,10,41,12,34,66,37,61,62,56,35",170.0838623046875,,,,,0,89.20896911621094,154.337890625,89.8214111328125,169.3407745361328,"0.745,0.745,0.670,0.599,0.531,0.523,0.482,0.447",1537.429443359375,1898.7325439453125,"205.3,205.3,2158,2378,1959,1949,1782,1663",91.30546569824219,95.14225006103516,"78.21,78.21,95.25,98.17,95.59,95.4,94.77,94.84","8.979,8.979,10.53,10.38,9.469,9.403,8.983,8.666","10.4,10.4,12.87,13.41,13,13,12.94,12.96",5808,0.003949660807847977,3128,0.005213262513279915,"0,1,19,17,8,39,31,20",0.2643526494503021,0.41986083984375,0.4235026240348816,"0.327,0.311,0.532,0.54,0.61,0.547,0.583,0.616","29.9,28.4,13.2,10.9,10.6,9.85,7.71,7.36","-0.024,-0.0024,-0.0184,-0.0486,0.0256,-0.024,0.00842,-0.000542","-0.0435,0,0,-0.0871,0.0435,-0.0435,0,0","-0.0435,0,0,-0.0435,0.0435,-0.0435,0,0",0.1611328125,0.13358014822006226,3,0.5950909852981567,0.6480486989021301
34,down_proj,gptq,4096,12288,0,0.002002457777659098,0.0014751752217610676,49.93441574534745,0.0409244643029713,126.67977142333984,74.75409698486328,5.043585300445557,21.015424728393555,5.516729831695557,44.72017288208008,0.32568225264549255,49.59309387207031,0.2787577211856842,"55,45,46,109,32,6,4,101,113,35,33,26,71,21,122,125",151.1058349609375,,,,,0,2.5078623294830322,34.9345588684082,2.8917760848999023,8.74990177154541,"0.002,0.002,0.835,0.479,0.359,0.386,0.377,0.381",4140.95361328125,4479.1533203125,"213,213,8301,6537,4711,4264,4097,4791",45.510860443115234,36.29082107543945,"75.32,75.32,32.54,36.88,37.87,34.87,34.74,36.56","0.5117,0.5117,2.207,1.912,1.695,1.619,1.603,1.718","10.88,10.88,2.415,2.763,2.828,2.607,2.612,2.782",0,0.0327838771045208,1,0.026688672602176666,"381,108,50,92,131,134,723,59",0.45699670910835266,0.33502197265625,0.340057373046875,"0.273,0.287,0.293,0.288,0.271,0.374,0.268,0.253","14,4.21,3.77,3.52,3.51,3.47,3.22,3.18","0.0199,0.00977,0.0608,0.0101,-0.000233,0.00107,-0.00365,-0.0259","0,0,0.065,0,0,0,0,0","0.0391,0,0.0633,0,0,0,0,-0.0317",0.26953125,0.3227614760398865,1,0.3068786859512329,0.2243644893169403
35,q_proj,gptq,4096,4096,0,0.0020560026168823242,0.0014757513999938965,15.475935401187598,0.025349389585008257,50.73478698730469,34.55824279785156,57.804100036621094,175.29969787597656,74.01625061035156,173.33740234375,0.7977205514907837,15.444910049438477,0.08843394368886948,"0,2,1,19,34,62,65,49,13,31,50,68,58,66,87,37",131.965087890625,,,,,0,37.32810974121094,85.3548583984375,34.59317398071289,86.66397857666016,"0.477,0.477,0.605,0.459,0.395,0.386,0.352,0.334",1519.4029541015625,1863.1328125,"206,206,2464,2190,1866,1854,1724,1644",85.71900177001953,89.42162322998047,"75.1,75.1,89.67,90.37,88.81,88.91,88.7,89.09","6.275,6.275,7.521,6.244,5.743,5.698,5.498,5.351","9.081,9.081,9.672,9.216,9.141,9.178,9.27,9.258",693,0.003877379233017564,1708,0.008320306427776814,"1,0,17,19,39,31,74,8",0.5796233415603638,0.38623046875,0.388946533203125,"0.26,0.452,0.417,0.62,0.437,0.482,0.461,0.394","32.6,20.4,11.7,10.2,8.48,7.38,6.01,5.97","-0.00368,0.00195,-0.00458,-0.0383,0.0222,-0.0201,-0.00179,0.00812","0,0,-0.0116,-0.0349,0.0233,-0.0233,0,0","0,0,0,-0.0349,0.0233,-0.0233,0,0.0116",0.040771484375,0.0349469855427742,4,0.35763019323349,0.26218292117118835
35,k_proj,gptq,1024,4096,0,0.002048492431640625,0.0014672279357910156,7.778309872963291,0.03002711702972193,22.94886589050293,14.69167423248291,25.70691680908203,88.8338623046875,35.467525482177734,88.53890991210938,0.7977205514907837,7.782993316650391,0.10760640352964401,"0,2,1,34,19,49,66,58,13,65,62,68,41,31,87,47",131.965087890625,,,,,0,18.27880096435547,43.82856750488281,16.208192825317383,44.06069564819336,"0.484,0.484,0.597,0.413,0.368,0.347,0.317,0.305",1519.4029541015625,1863.1328125,"206,206,2464,2190,1866,1854,1724,1644",85.71900177001953,89.42162322998047,"75.1,75.1,89.67,90.37,88.81,88.91,88.7,89.09","4.497,4.497,5.462,4.233,3.969,3.861,3.731,3.665","6.462,6.462,7.072,6.584,6.539,6.554,6.631,6.639",815,0.006705644074827433,494,0.008636362850666046,"1,0,17,19,39,31,74,8",0.6452521681785583,0.4486083984375,0.452880859375,"0.166,0.179,0.439,0.424,0.42,0.418,0.403,0.258","32.6,20.4,11.7,10.2,8.48,7.38,6.01,5.97","-0.000599,-0.0032,-0.00403,-0.00111,0.0349,-0.0101,0.0674,-0.0023","0,0,0,0,0.0385,-0.0193,0.0578,0","0,0,0,0,0.0385,-0.0193,0.0578,0",0.0673828125,0.0577566996216774,2,0.32503268122673035,0.25463566184043884
35,v_proj,gptq,1024,4096,0,0.002071857452392578,0.00150299072265625,5.47270870864304,0.027679448084062298,17.270984649658203,11.352842330932617,19.718069076538086,56.20435333251953,25.107975006103516,54.63726806640625,0.7977205514907837,5.454832077026367,0.06685008108615875,"0,2,1,34,58,38,65,66,87,19,92,62,49,68,10,41",131.965087890625,,,,,0,12.091309547424316,26.128347396850586,12.265581130981445,28.205596923828125,"0.540,0.540,0.562,0.476,0.440,0.411,0.389,0.366",1519.4029541015625,1863.1328125,"206,206,2464,2190,1866,1854,1724,1644",85.71900177001953,89.42162322998047,"75.1,75.1,89.67,90.37,88.81,88.91,88.7,89.09","3.372,3.372,4.143,3.646,3.419,3.332,3.262,3.177","4.589,4.589,5.525,5.283,5.157,5.197,5.227,5.249",127,0.006338899023830891,127,0.05400247499346733,"1,0,17,19,39,31,74,8",0.5309045910835266,0.5584716796875,0.539794921875,"0.135,0.226,0.157,0.144,0.179,0.156,0.185,0.157","32.6,20.4,11.7,10.2,8.48,7.38,6.01,5.97","0.0173,0.0236,-4.72e-05,-0.00173,-0.000278,-0.000561,0.0022,-0.00659","0,0.0421,0,0,0,0,0,0","0,0.0421,0,0,0,0,0,0",0.1474609375,0.1263951063156128,1,0.2722390592098236,1.198458194732666
35,o_proj,gptq,4096,4096,0,0.0021167397499084473,0.0015063881874084473,20.88340110145583,0.040080392298256835,54.21254348754883,29.151315689086914,1.1826190948486328,3.7876880168914795,1.0255403518676758,4.687624931335449,0.23280517756938934,20.597951889038086,0.05058189481496811,"617,524,559,620,569,607,604,610,628,561,622,616,3075,581,625,3181",36.801387786865234,,,,,0,0.4203355014324188,2.41456937789917,0.5729312300682068,1.8524566888809204,"0.008,0.008,1.139,0.639,0.518,0.496,0.457,0.449",1241.2169189453125,1399.087158203125,"216,216,2887,2121,1160,1086,1046,1197",17.520570755004883,14.53045654296875,"36.26,36.26,10.47,11.51,10.58,11.3,11.52,12.26","0.2354,0.2354,0.9107,0.7591,0.6396,0.681,0.67,0.7242","2.628,2.628,0.8532,0.9493,0.8884,0.9669,0.9914,1.08",2,0.12760289013385773,0,0.01194637082517147,"1834,1838,1862,1026,1282,1410,1154,1822",0.12182947248220444,0.396484375,0.418731689453125,"0.297,0.397,0.429,0.245,0.207,0.221,0.189,0.413","1.19,1.04,0.972,0.949,0.943,0.929,0.92,0.852","0.00467,-0.00687,0.00241,-0.00583,-0.00589,-0.00482,-0.00543,-0.0128","0,0,0,0,-0.0149,0,-0.0149,-0.0149","0,0,0,0,-0.00593,-0.00809,0,-0.0149",0.3828125,0.44399917125701904,1,0.22849175333976746,0.06392298638820648
35,gate_proj,gptq,12288,4096,0,0.0020456910133361816,0.0014947255452473958,45.43348943802994,0.019533862534616288,179.23866271972656,131.39065551757812,202.00465393066406,555.8853759765625,213.7063751220703,509.65484619140625,0.9441785216331482,45.36329650878906,0.05013123154640198,"1,0,17,5,19,42,13,10,18,39,3469,11,29,40,20,66",192.33961486816406,,,,,0,93.47220611572266,248.9497528076172,113.59265899658203,258.8387145996094,"0.061,0.061,0.633,0.518,0.439,0.439,0.403,0.375",1603.065185546875,1974.0921630859375,"208.4,208.4,2731,2364,1939,1941,1771,1661",84.04998779296875,85.97764587402344,"79.18,79.18,86.74,86.81,85.4,85.27,84.8,85","3.711,3.711,12.77,11.63,10.57,10.57,10.12,9.802","15.05,15.05,16.06,16.16,15.96,15.95,15.94,16.01",1873,0.0010713118826970458,3948,0.0011436319909989834,"1,0,17,39,19,8,31,84",0.33921682834625244,0.3808695673942566,0.3819682002067566,"0.61,0.527,0.758,0.839,0.828,0.904,0.803,0.8","31.9,20.7,14.5,9.62,8.28,6.04,5.7,5.46","-0.00253,2.59e-05,0.0023,-0.0107,0.0139,0.00769,0.00702,-0.00482","0,0,0,-0.014,0.014,0.00701,0.00701,-0.00701","0,0,0,-0.0124,0.0124,0.00621,0.00621,-0.00621",0.050048828125,0.042598940432071686,1,0.3460327684879303,0.1672137826681137
35,up_proj,gptq,12288,4096,0,0.002059042453765869,0.0015094280242919922,29.914035720808897,0.019360100806418767,118.95912170410156,87.83051300048828,134.40016174316406,354.9554443359375,141.60140991210938,313.61248779296875,0.9441785216331482,29.889509201049805,0.0438055545091629,"1,0,17,5,19,13,42,18,10,39,3469,11,29,40,20,66",192.33961486816406,,,,,0,62.14928436279297,152.2962646484375,75.53362274169922,159.58291625976562,"0.068,0.068,0.650,0.563,0.475,0.478,0.439,0.411",1603.065185546875,1974.0921630859375,"208.4,208.4,2731,2364,1939,1941,1771,1661",84.04998779296875,85.97764587402344,"79.18,79.18,86.74,86.81,85.4,85.27,84.8,85","3.017,3.017,10.26,9.557,8.661,8.658,8.26,8.007","11.58,11.58,12.73,12.74,12.56,12.53,12.46,12.49",2708,0.0008718403987586498,567,0.002182186348363757,"1,0,17,39,19,8,31,84",0.28249189257621765,0.4268086850643158,0.428863525390625,"0.359,0.388,0.5,0.556,0.593,0.676,0.67,0.599","31.9,20.7,14.5,9.62,8.28,6.04,5.7,5.46","0.00751,-0.00781,0.0139,0.00751,0.000359,0.00154,-0.00641,-0.0097","0.00928,-0.00928,0.0139,0.00464,0,0,-0.00464,-0.00928","0.00942,-0.00942,0.0141,0.00942,0,0,-0.00471,-0.00942",0.033447265625,0.0293445847928524,1,0.2557430565357208,0.1450713872909546
35,down_proj,gptq,4096,12288,0,0.002002557118733724,0.0014789104461669922,46.29752158871304,0.03780869433654448,127.23997497558594,78.40158081054688,7.086935997009277,47.51860046386719,11.045945167541504,212.3197021484375,0.7738088965415955,46.07479476928711,0.21282504498958588,"227,50,191,205,161,104,41,211,51,168,116,75,137,225,175,202",496.0434265136719,,,,,0,6.264329433441162,195.5565643310547,4.305046081542969,17.27429962158203,"0.000,0.000,0.659,0.339,0.205,0.219,0.214,0.213",5401.08740234375,3189.1162109375,"219.1,219.1,2.432e+04,5893,3971,2797,2496,3296",127.96907806396484,56.463623046875,"315.3,315.3,88.62,60.31,68.5,56.98,57.09,61.56","0.3392,0.3392,5.182,2.57,2.215,1.91,1.886,2.077","26.71,26.71,6.382,4.414,4.893,4.082,4.08,4.505",1,0.008777366019785404,3469,0.017463112249970436,"105,345,59,269,36,2839,168,144",0.8369624614715576,0.333709716796875,0.33294677734375,"0.261,0.274,0.238,0.25,0.273,0.235,0.256,0.27","12.5,9.47,8.75,8.39,7.08,6.92,6.6,6.16","0.0371,-0.00595,0.00885,-0.00479,-0.0488,0.0214,-0.0354,-0.0327","0.0485,0,0,0,-0.0555,0.0256,-0.0243,-0.0277","0.0438,0,0,0,-0.0438,0.0193,-0.0255,-0.0255",0.11328125,0.11098995059728622,1,0.2075577676296234,0.2662270963191986
