layer,proj,quantizer,rows,cols,n_dead_cols,clip_frac,clip_frac_rtn,comp_disp,comp_disp_rel,wdisp_gptq,wdisp_rtn,obj_gptq,obj_rtn,obj_gptq_alt,obj_rtn_alt,hdiag_alt_corr,send_total,send_top1pct,send_top16_cols,hdiag_max_over_mean,cond_damped,awq_alpha,obj_awq,obj_awq_alt,protected,obj_gptq_tpl,obj_rtn_tpl,obj_gptq_ord,obj_rtn_ord,tplpos_ratio,lev_tpl,lev_ord,levpos,xnorm_tpl,xnorm_ord,xnormpos
0,q_proj,gptq,4096,4096,0,0.0018873810768127441,0.0014710426330566406,28.25578661204128,0.09707970155558182,46.40842819213867,24.270465850830078,1.471842646598816,78.15774536132812,4.666049957275391,61.004310607910156,0.9872356653213501,27.68221092224121,0.7951696515083313,"1387,3570,3680,3034,3876,3565,291,3178,2960,2702,2290,1004,2078,3423,705,2788",2252.517333984375,,,,,0,4.087629318237305,26.281084060668945,0.6691375970840454,39.335269927978516,"1.575,1.575,0.080,0.044,0.008,0.026,0.020,0.021",253.0187225341797,251.47662353515625,"198.5,198.5,0.8009,513.9,126.5,357.1,313.3,315.5",20.398958206176758,24.611705780029297,"21.16,21.16,1.849,19.47,29.1,23.52,23.02,23.91"
0,k_proj,gptq,1024,4096,0,0.0018863677978515625,0.0014584064483642578,7.832417615297122,0.09648773090035244,12.918314933776855,6.853777885437012,0.3916136622428894,25.401411056518555,1.548323154449463,20.391357421875,0.9872356653213501,7.538650035858154,0.8097977042198181,"1387,3570,3680,3034,3876,291,3565,705,2702,2960,3178,1004,2078,3423,3641,2788",2252.517333984375,,,,,0,1.4065608978271484,9.099915504455566,0.17636638879776,12.771344184875488,"0.786,0.786,0.059,0.041,0.007,0.023,0.017,0.017",253.0187225341797,251.47662353515625,"198.5,198.5,0.8009,513.9,126.5,357.1,313.3,315.5",20.398958206176758,24.611705780029297,"21.16,21.16,1.849,19.47,29.1,23.52,23.02,23.91"
0,v_proj,gptq,1024,4096,0,0.001834869384765625,0.00145721435546875,0.17496329255889884,0.010669038420281078,1.1745080947875977,1.3003123998641968,0.010927777737379074,0.09443801641464233,0.013325034640729427,0.07458536326885223,0.9872356653213501,0.17110905051231384,0.3501494526863098,"3570,1387,3565,2702,291,3680,3876,3034,2788,2290,1004,3178,2960,1007,705,1517",2252.517333984375,,,,,0,0.008702290244400501,0.03298727422952652,0.005165074020624161,0.046073008328676224,"0.842,0.842,0.169,0.252,0.060,0.174,0.137,0.141",253.0187225341797,251.47662353515625,"198.5,198.5,0.8009,513.9,126.5,357.1,313.3,315.5",20.398958206176758,24.611705780029297,"21.16,21.16,1.849,19.47,29.1,23.52,23.02,23.91"
0,o_proj,gptq,4096,4096,0,0.0020552873611450195,0.0014622211456298828,3.78184376251545,0.0579229356696177,9.413004875183105,4.465319633483887,0.00023598094412591308,0.0007374166743829846,0.0002176122652599588,0.0006334310746751726,0.43609657883644104,3.7599284648895264,0.16788558661937714,"3808,2355,105,3950,2227,3746,3719,2099,4064,3825,3821,3785,1380,1374,3975,3822",88.69654846191406,,,,,0,8.177251584129408e-05,0.0003192482399754226,0.00012713659089058638,0.00032737397123128176,"0.027,0.027,0.030,0.302,0.320,0.351,0.459,0.393",587.6785278320312,1041.6475830078125,"162.3,162.3,96.87,489.3,787.7,1002,1074,926.4",0.5252017974853516,0.47846177220344543,"0.6159,0.6159,0.4235,0.4715,0.5515,0.5156,0.5164,0.4914"
0,gate_proj,gptq,14336,4096,0,0.0020758935383387972,0.0015144859041486467,20.684102525548738,0.03447229439666989,56.24036407470703,36.83470153808594,1.5643444061279297,4.679010391235352,1.7888691425323486,4.4321818351745605,0.6683040857315063,20.654592514038086,0.04385145381093025,"3034,2702,1387,3565,3826,291,3175,34,3609,1517,3570,3423,2290,2112,2044,786",41.68765640258789,,,,,0,0.9135900139808655,2.4003493785858154,0.8861642479896545,2.2432968616485596,"0.046,0.046,0.423,0.766,0.253,0.523,0.490,0.522",1932.01611328125,1884.7576904296875,"230.5,230.5,554,4865,1147,2979,2668,2781",15.884385108947754,15.48808765411377,"17.59,17.59,8.768,17.99,15.17,16.97,16.63,16.37"
0,up_proj,gptq,14336,4096,0,0.0020927871976579937,0.0015321459089006697,17.165910000719524,0.03225522824925573,48.588722229003906,31.968616485595703,1.4061603546142578,4.03770637512207,1.5763901472091675,3.8053064346313477,0.6683040857315063,17.150325775146484,0.03522024676203728,"2702,3034,1387,3826,3565,3175,291,34,3609,1517,3570,2290,2112,3423,2044,3178",41.68765640258789,,,,,0,0.8031333684921265,2.0567991733551025,0.7891498804092407,1.9377697706222534,"0.050,0.050,0.410,0.779,0.262,0.531,0.505,0.531",1932.01611328125,1884.7576904296875,"230.5,230.5,554,4865,1147,2979,2668,2781",15.884385108947754,15.48808765411377,"17.59,17.59,8.768,17.99,15.17,16.97,16.63,16.37"
0,down_proj,gptq,4096,14336,0,0.002012746674673898,0.00154355594090053,22.540621872937436,0.045496516084397656,53.912689208984375,30.27346420288086,0.0007526127155870199,0.004743640311062336,0.002832415048032999,0.16110751032829285,0.9997469186782837,22.086511611938477,0.20367686450481415,"3436,2354,9677,11909,712,7646,10549,11515,9693,10861,11968,7642,10801,3359,13090,7299",8083.00146484375,,,,,0,0.0009797042002901435,0.16435715556144714,0.0006269706063903868,0.0008527751779183745,"0.001,0.001,0.952,0.742,0.841,0.768,0.848,0.739",7170.953125,6548.77978515625,"233.8,233.8,6371,1.275e+04,8242,1.046e+04,1.071e+04,8375",4.744939804077148,0.5962614417076111,"16.77,16.77,0.8086,0.9446,0.6411,0.7192,0.6655,0.6447"
1,q_proj,gptq,4096,4096,0,0.0019195079803466797,0.0014659762382507324,11.502469607978078,0.04260790844330303,27.938199996948242,19.501766204833984,3.665907144546509,80.29147338867188,4.890525817871094,59.094970703125,0.9840013384819031,11.439080238342285,0.21169555187225342,"3398,3175,2191,104,1935,271,932,3646,1846,2061,2960,3297,4081,3829,3743,1113",637.4697265625,,,,,0,2.5760855674743652,25.643163681030273,2.015856981277466,36.31521987915039,"1.369,1.369,0.189,0.085,0.044,0.071,0.074,0.065",447.48870849609375,440.9118957519531,"157,157,609.7,654.4,369.4,563.9,560.8,507.7",44.583255767822266,55.75786209106445,"14.77,14.77,45.45,56.67,58.61,56.17,54.98,55.25"
1,k_proj,gptq,1024,4096,0,0.0019078254699707031,0.001455068588256836,5.723859984732529,0.056417801583639245,12.122140884399414,8.429683685302734,1.7699501514434814,49.55727767944336,2.6238651275634766,37.228111267089844,0.9840013384819031,5.703619956970215,0.231012225151062,"3398,2191,3175,104,1935,271,3646,2960,1113,2061,1846,3743,932,3829,678,2398",637.4697265625,,,,,0,1.4135866165161133,16.359561920166016,0.9931555390357971,22.595735549926758,"1.037,1.037,0.163,0.063,0.033,0.055,0.058,0.052",447.48870849609375,440.9118957519531,"157,157,609.7,654.4,369.4,563.9,560.8,507.7",44.583255767822266,55.75786209106445,"14.77,14.77,45.45,56.67,58.61,56.17,54.98,55.25"
1,v_proj,gptq,1024,4096,0,0.001901865005493164,0.001489877700805664,0.2984449354183828,0.01193378222053837,1.753003478050232,1.4644497632980347,0.11391627788543701,1.1546587944030762,0.11704326421022415,0.9151240587234497,0.9840013384819031,0.2963334321975708,0.1218058168888092,"3175,2191,1846,271,2061,104,3829,932,3297,3891,3398,1113,4036,3646,2197,3743",637.4697265625,,,,,0,0.0572957880795002,0.4072849154472351,0.060780078172683716,0.5563910007476807,"0.550,0.550,0.214,0.151,0.084,0.138,0.143,0.127",447.48870849609375,440.9118957519531,"157,157,609.7,654.4,369.4,563.9,560.8,507.7",44.583255767822266,55.75786209106445,"14.77,14.77,45.45,56.67,58.61,56.17,54.98,55.25"
1,o_proj,gptq,4096,4096,0,0.0020900368690490723,0.001454472541809082,5.136863120793237,0.051269321149745195,12.129262924194336,6.083588600158691,0.001159926876425743,0.00269370898604393,0.0009890686487779021,0.0014231896493583918,0.8090839982032776,5.111091613769531,0.07816139608621597,"1138,1266,3533,1522,1394,19,109,2156,21,98,3405,9,74,46,65,1889",50.992149353027344,,,,,0,0.0005198082653805614,0.0006578652537427843,0.0005069695762358606,0.0008122377330437303,"0.280,0.280,1.364,0.923,0.659,0.641,0.684,0.628",1642.2921142578125,1176.2100830078125,"68.66,68.66,7758,807.1,1145,912.8,1228,1150",0.613759458065033,0.7131310701370239,"0.2916,0.2916,0.7634,0.6009,0.7995,0.6773,0.7411,0.7445"
1,gate_proj,gptq,14336,4096,0,0.002084902354649135,0.00153437682560512,15.517412654638228,0.02638706797083865,50.28429412841797,35.182071685791016,6.029857158660889,13.256635665893555,7.328053951263428,15.876529693603516,0.5645775198936462,15.505268096923828,0.04488978534936905,"2483,1919,3276,2795,1238,2821,3612,3325,3732,2533,1029,196,3354,3175,3541,3015",28.648195266723633,,,,,0,3.6673314571380615,9.909239768981934,3.6496236324310303,6.254239082336426,"0.027,0.027,0.729,0.771,0.515,0.685,0.688,0.649",2167.919189453125,2154.026611328125,"228.3,228.3,2742,3636,1986,2921,2946,2656",32.121681213378906,26.62158966064453,"43.46,43.46,27.14,29.93,27.55,28.63,28.7,28.08"
1,up_proj,gptq,14336,4096,0,0.0020805086408342633,0.0015460933957781111,13.27875186215256,0.025608989517585546,43.857242584228516,30.755868911743164,5.356714248657227,11.506452560424805,6.475948333740234,13.723686218261719,0.5645775198936462,13.262109756469727,0.03756352514028549,"2483,1919,1238,2795,3276,2821,3612,3325,3732,2533,1029,3354,196,3015,1260,3175",28.648195266723633,,,,,0,3.2485973834991455,8.57106876373291,3.232365846633911,5.443317890167236,"0.028,0.028,0.725,0.795,0.515,0.698,0.699,0.659",2167.919189453125,2154.026611328125,"228.3,228.3,2742,3636,1986,2921,2946,2656",32.121681213378906,26.62158966064453,"43.46,43.46,27.14,29.93,27.55,28.63,28.7,28.08"
1,down_proj,gptq,4096,14336,0,0.0019619635173252653,0.0015507425580705916,115.46054158320229,0.2298590233649657,63.23927307128906,30.0416202545166,0.9040534496307373,5.288834095001221,12.697322845458984,266.3564758300781,0.999064028263092,28.8216552734375,0.9996646046638489,"2715,1878,1484,7310,4596,2514,13754,6947,5369,11677,11711,5117,7530,7492,1970,5602",13339.94921875,,,,,0,12.878396034240723,273.11541748046875,0.030856626108288765,0.0022279261611402035,"0.047,0.047,8.960,28.202,29.562,15.094,9.665,7.513",130.60733032226562,82.5264892578125,"233.9,233.9,116.3,59.51,109.1,84.18,110.7,97.38",201.5227508544922,0.9988878965377808,"802.9,802.9,1.168,0.8418,1.156,0.9803,1.146,1.154"
2,q_proj,gptq,4096,4096,0,0.002054750919342041,0.0014823675155639648,14.439973930727005,0.0461932330848019,33.23993682861328,20.017269134521484,23.816871643066406,143.66847229003906,27.711376190185547,101.07141876220703,0.9310609698295593,14.391592025756836,0.1447811722755432,"2483,2795,3354,1919,3276,1238,3612,2821,1260,3175,4081,3646,1723,2533,3015,196",296.287841796875,,,,,0,13.335494041442871,39.5439453125,14.618011474609375,61.8204345703125,"0.909,0.909,0.489,0.350,0.238,0.315,0.333,0.283",1233.6944580078125,1399.36962890625,"104.1,104.1,1769,1715,1137,1657,1778,1606",79.08673095703125,106.97073364257812,"21.57,21.57,84.56,100.8,95.3,102.1,102.6,104.1"
2,k_proj,gptq,1024,4096,0,0.002042055130004883,0.0014791488647460938,8.313926720723012,0.06313301156697304,16.417173385620117,9.263867378234863,12.938608169555664,69.11859130859375,15.577333450317383,48.41908264160156,0.9310609698295593,8.279521942138672,0.15809816122055054,"2483,3354,1919,2795,3276,2821,1238,3612,3175,4081,2533,1723,1260,3224,3015,3922",296.287841796875,,,,,0,7.518491268157959,19.064762115478516,8.072712898254395,29.679454803466797,"1.076,1.076,0.604,0.410,0.264,0.351,0.385,0.323",1233.6944580078125,1399.36962890625,"104.1,104.1,1769,1715,1137,1657,1778,1606",79.08673095703125,106.97073364257812,"21.57,21.57,84.56,100.8,95.3,102.1,102.6,104.1"
2,v_proj,gptq,1024,4096,0,0.002088308334350586,0.0014507770538330078,0.5125453840515615,0.02424908881973416,1.7512012720108032,1.2910850048065186,1.028313159942627,6.129153728485107,1.1405518054962158,4.31099796295166,0.9310609698295593,0.5111774802207947,0.08109689503908157,"2483,2795,1238,3354,932,3276,3175,3612,1919,1260,4081,2474,2206,2821,4057,3015",296.287841796875,,,,,0,0.5539149045944214,1.7862833738327026,0.612609326839447,2.664858341217041,"1.537,1.537,0.476,0.315,0.220,0.293,0.302,0.270",1233.6944580078125,1399.36962890625,"104.1,104.1,1769,1715,1137,1657,1778,1606",79.08673095703125,106.97073364257812,"21.57,21.57,84.56,100.8,95.3,102.1,102.6,104.1"
2,o_proj,gptq,4096,4096,0,0.0020946264266967773,0.0014403462409973145,3.273588804699898,0.037648144871976374,8.88928508758545,5.140487194061279,0.0015784743009135127,0.004254933446645737,0.0018442308064550161,0.003988952375948429,0.4745433032512665,3.26578688621521,0.09005838632583618,"2753,2881,1428,1300,2734,1044,3009,2741,2689,2990,2748,2807,707,2690,823,1172",108.70286560058594,,,,,0,0.0005161567241884768,0.0007881927886046469,0.0009415593231096864,0.0016697579994797707,"0.077,0.077,0.108,0.974,0.721,0.654,0.603,0.605",1295.2796630859375,2122.683349609375,"22.72,22.72,32.77,2287,3249,1409,1544,1794",0.6779951453208923,1.0100005865097046,"0.3331,0.3331,0.328,0.7357,1.111,0.7986,0.8395,0.9454"
2,gate_proj,gptq,14336,4096,0,0.0020538738795689176,0.0015459401266915457,11.625801860597292,0.02027516625066818,45.16142272949219,33.82591247558594,13.073591232299805,23.332378387451172,14.641578674316406,19.61572265625,0.8219024538993835,11.612135887145996,0.03286166116595268,"3398,3898,3121,2172,3160,1696,3415,2625,3378,2157,2915,2812,3503,1115,3971,280",13.430448532104492,,,,,0,7.225231170654297,9.149850845336914,8.147706985473633,11.507505416870117,"0.791,0.791,0.870,0.820,0.655,0.798,0.832,0.758",2044.59423828125,2292.33154296875,"29.73,29.73,2841,2974,2090,2761,2985,2646",29.661968231201172,37.03495407104492,"4.112,4.112,36.64,39.06,37.25,38.46,39.11,38.56"
2,up_proj,gptq,14336,4096,0,0.002055389540536063,0.0015507425580705916,10.029430165344408,0.019827391509037593,39.437801361083984,29.543909072875977,11.520750045776367,20.29424285888672,12.831799507141113,17.048189163208008,0.8219024538993835,10.028377532958984,0.028031356632709503,"3398,3898,3121,2172,1696,3415,3160,2625,3378,2915,2157,1115,3971,280,2812,3503",13.430448532104492,,,,,0,6.318122386932373,7.951615333557129,7.151041507720947,10.013226509094238,"0.667,0.667,0.879,0.837,0.649,0.803,0.837,0.762",2044.59423828125,2292.33154296875,"29.73,29.73,2841,2974,2090,2761,2985,2646",29.661968231201172,37.03495407104492,"4.112,4.112,36.64,39.06,37.25,38.46,39.11,38.56"
2,down_proj,gptq,4096,14336,0,0.001993792397635324,0.0015496526445661271,18.89585227939414,0.03796967117000399,48.896766662597656,29.494657516479492,0.005129250697791576,0.009915521368384361,0.007796241901814938,0.007398017682135105,0.28568875789642334,18.887451171875,0.06817996501922607,"5241,10153,10730,8471,7228,2325,3475,8537,11583,11416,3418,12510,2479,13941,6388,4616",33.43473434448242,,,,,0,0.003640164155513048,0.0033294055610895157,0.004556586034595966,0.004456767812371254,"0.794,0.794,1.350,1.040,0.930,1.040,1.200,1.053",8730.5302734375,10708.3994140625,"1.112,1.112,1.281e+04,1.043e+04,1.007e+04,1.079e+04,1.455e+04,1.118e+04",1.0852991342544556,1.4268168210983276,"0.01618,0.01618,1.32,1.4,1.557,1.427,1.494,1.452"
3,q_proj,gptq,4096,4096,0,0.00204622745513916,0.001467883586883545,10.664382357593423,0.03402506811027605,29.24226188659668,19.35033416748047,16.179744720458984,121.50817108154297,21.15912628173828,83.0879135131836,0.9539448618888855,10.630152702331543,0.16797852516174316,"3646,188,684,1935,104,678,2388,155,3378,3150,3898,530,1357,1437,390,1528",416.9445495605469,,,,,0,10.14650821685791,33.05575180053711,10.733118057250977,49.76420211791992,"1.103,1.103,0.449,0.290,0.230,0.259,0.283,0.258",1369.1788330078125,1581.5418701171875,"122,122,1937,1860,1505,1787,1877,1743",71.34550476074219,94.17835235595703,"23.79,23.79,77.36,88.62,86.75,90.32,89.42,90.7"
3,k_proj,gptq,1024,4096,0,0.0020427703857421875,0.001477956771850586,6.130517177701613,0.04433021535522224,14.398890495300293,9.237640380859375,8.540716171264648,59.811580657958984,11.734984397888184,42.706661224365234,0.9539448618888855,6.09627628326416,0.17631995677947998,"3646,684,188,1935,104,678,2388,155,3378,3898,3150,1357,530,390,4063,1528",416.9445495605469,,,,,0,5.703053951263428,17.11865234375,5.788348197937012,25.5296630859375,"1.187,1.187,0.453,0.323,0.233,0.274,0.303,0.269",1369.1788330078125,1581.5418701171875,"122,122,1937,1860,1505,1787,1877,1743",71.34550476074219,94.17835235595703,"23.79,23.79,77.36,88.62,86.75,90.32,89.42,90.7"
3,v_proj,gptq,1024,4096,0,0.0020689964294433594,0.0014767646789550781,0.5495505827290958,0.020591294045725225,2.101191520690918,1.5651689767837524,1.0441930294036865,4.603440761566162,1.2047744989395142,3.5497827529907227,0.9539448618888855,0.5468912124633789,0.08612328767776489,"3646,684,188,104,3378,3898,155,2388,1357,3150,1095,1898,678,3503,4036,3175",416.9445495605469,,,,,0,0.5601573586463928,1.514125943183899,0.6637662053108215,2.121103286743164,"0.954,0.954,0.472,0.366,0.293,0.351,0.385,0.353",1369.1788330078125,1581.5418701171875,"122,122,1937,1860,1505,1787,1877,1743",71.34550476074219,94.17835235595703,"23.79,23.79,77.36,88.62,86.75,90.32,89.42,90.7"
3,o_proj,gptq,4096,4096,0,0.0021001100540161133,0.0014563202857971191,3.530643799008473,0.0327648939255534,10.295646667480469,6.240503311157227,0.001813942682929337,0.003824937390163541,0.0029293224215507507,0.003792836796492338,0.6552132368087769,3.5259971618652344,0.06321164965629578,"1581,3379,3123,652,3251,780,2697,1965,524,2699,1940,1812,2017,1837,3878,3507",40.62912368774414,,,,,0,0.0015907387714833021,0.0017783860675990582,0.0012168260291218758,0.001696610008366406,"0.042,0.042,0.579,1.149,0.811,0.752,0.718,0.790",4484.794921875,2321.310546875,"26.02,26.02,656.4,2.415e+04,3462,2334,2383,2841",0.9456208348274231,1.0168895721435547,"0.4616,0.4616,0.5586,1.977,1.064,0.9428,1.046,1.053"
3,gate_proj,gptq,14336,4096,0,0.002046891621180943,0.0015396390642438615,9.35141054168264,0.016326595865529345,42.631107330322266,33.690818786621094,22.638442993164062,36.4127197265625,25.983436584472656,32.1690673828125,0.8280338048934937,9.345568656921387,0.041982151567935944,"3398,3150,3898,1956,390,104,3938,3415,2075,2157,3121,2172,835,2812,3287,657",18.878150939941406,,,,,0,12.608734130859375,15.080792427062988,14.44050407409668,18.594736099243164,"0.681,0.681,0.945,0.866,0.736,0.829,0.851,0.799",2099.857666015625,2392.329833984375,"27.68,27.68,2973,3180,2335,2700,2877,2678",38.430274963378906,47.314029693603516,"6.509,6.509,46.87,51.53,48.47,48.79,49.59,49.19"
3,up_proj,gptq,14336,4096,0,0.002035583768572126,0.0015552043914794922,7.968024938885719,0.016039223080879163,36.77833557128906,29.09518814086914,19.668697357177734,31.35886001586914,22.47687530517578,27.692848205566406,0.8280338048934937,7.962873458862305,0.037099096924066544,"3398,3150,3898,1956,390,104,3938,3415,2075,2172,2157,835,2812,393,3287,3121",18.878150939941406,,,,,0,10.892271995544434,12.940313339233398,12.500452041625977,16.056209564208984,"0.611,0.611,0.952,0.871,0.736,0.834,0.857,0.810",2099.857666015625,2392.329833984375,"27.68,27.68,2973,3180,2335,2700,2877,2678",38.430274963378906,47.314029693603516,"6.509,6.509,46.87,51.53,48.47,48.79,49.59,49.19"
3,down_proj,gptq,4096,14336,0,0.0020020348685128348,0.0015546934945242746,14.82527281826263,0.029974633555296806,44.36979293823242,29.20929718017578,0.008718062192201614,0.014680186286568642,0.01628216914832592,0.014739831909537315,0.09385976940393448,14.820300102233887,0.061027202755212784,"8802,2111,10550,12007,8448,6964,8836,8040,9854,141,11760,2082,11692,12347,12386,12437",29.62483024597168,,,,,0,0.0085918502882123,0.007560884114354849,0.008701724000275135,0.008123431354761124,"0.730,0.730,1.410,1.115,1.062,1.090,1.127,1.117",11890.2705078125,12105.4189453125,"2.645,2.645,1.324e+04,2.103e+04,1.73e+04,1.337e+04,1.538e+04,1.48e+04",1.6481881141662598,1.9572901725769043,"0.0367,0.0367,1.83,2.569,2.365,2.054,2.174,2.12"
4,q_proj,gptq,4096,4096,0,0.002018868923187256,0.0014504790306091309,10.457151102295029,0.038185658980797677,26.918380737304688,17.31192398071289,28.353111267089844,134.071044921875,37.904239654541016,96.34420776367188,0.9285370111465454,10.42017936706543,0.19004005193710327,"1935,3646,678,188,530,684,4084,104,3150,232,2692,3938,3901,3072,1437,3533",350.98712158203125,,,,,0,17.993051528930664,38.39629364013672,19.45703887939453,57.34171676635742,"1.293,1.293,0.633,0.533,0.394,0.380,0.406,0.382",1666.281494140625,1895.3892822265625,"143.2,143.2,2256,2419,2005,2078,2189,2097",82.23709106445312,107.30023956298828,"28.28,28.28,91.82,98.4,99.69,103.9,103.1,104.4"
4,k_proj,gptq,1024,4096,0,0.002015829086303711,0.0014705657958984375,5.1066700121737085,0.044992932307921375,12.092884063720703,7.553970813751221,13.398418426513672,61.107391357421875,18.362716674804688,44.00272750854492,0.9285370111465454,5.081084251403809,0.1656605750322342,"1935,530,188,3646,678,684,4084,104,3150,232,2692,1437,3938,3621,1528,3072",350.98712158203125,,,,,0,8.861666679382324,17.405216217041016,9.279780387878418,26.4532470703125,"1.341,1.341,0.700,0.546,0.422,0.409,0.431,0.405",1666.281494140625,1895.3892822265625,"143.2,143.2,2256,2419,2005,2078,2189,2097",82.23709106445312,107.30023956298828,"28.28,28.28,91.82,98.4,99.69,103.9,103.1,104.4"
4,v_proj,gptq,1024,4096,0,0.002065896987915039,0.0014522075653076172,0.5408761654456384,0.020859609969390656,2.042816638946533,1.525813102722168,1.9281049966812134,6.879827499389648,2.3177552223205566,5.377161979675293,0.9285370111465454,0.5392149090766907,0.0771646574139595,"188,530,3646,684,4084,104,232,2692,678,3958,3150,1935,1113,3938,3533,3072",350.98712158203125,,,,,0,1.0947985649108887,2.2805235385894775,1.274632215499878,3.211672306060791,"0.978,0.978,0.563,0.519,0.429,0.436,0.478,0.448",1666.281494140625,1895.3892822265625,"143.2,143.2,2256,2419,2005,2078,2189,2097",82.23709106445312,107.30023956298828,"28.28,28.28,91.82,98.4,99.69,103.9,103.1,104.4"
4,o_proj,gptq,4096,4096,0,0.002104461193084717,0.001455068588256836,3.940076066578399,0.037742875378176215,10.708340644836426,6.066540718078613,0.002714799251407385,0.0073018004186451435,0.0031082993373274803,0.004611271433532238,0.515246570110321,3.921746253967285,0.06038515642285347,"3591,3719,516,1640,3975,3713,3585,3101,900,3229,3847,2234,741,3813,1646,3150",37.929298400878906,,,,,0,0.0008219637093134224,0.0012050704099237919,0.00202560075558722,0.002857208251953125,"0.051,0.051,0.255,0.972,0.748,0.731,0.732,0.720",1086.427490234375,2467.3271484375,"33.56,33.56,163.5,2584,1222,1309,1552,1794",0.8549620509147644,1.3613485097885132,"0.5792,0.5792,0.5712,1.183,0.8712,0.9207,1.017,1.119"
4,gate_proj,gptq,14336,4096,0,0.0020474536078316824,0.0015184027808053152,9.477065084030086,0.016003896283705812,43.931610107421875,35.20953369140625,31.625526428222656,50.822601318359375,38.70764923095703,46.415855407714844,0.772240400314331,9.466394424438477,0.07183148711919785,"3398,3150,1956,188,3898,104,390,2683,2157,3287,3121,578,2132,2843,2554,393",22.744491577148438,,,,,0,18.768043518066406,21.45648765563965,21.244157791137695,26.601634979248047,"0.564,0.564,0.931,0.938,0.827,0.862,0.879,0.838",2207.348388671875,2511.92333984375,"27.98,27.98,3109,3284,2698,2802,2926,2783",45.9427604675293,55.33243942260742,"12.41,12.41,56.86,58.83,56.64,56.39,57.15,56.86"
4,up_proj,gptq,14336,4096,0,0.002035702977861677,0.0015440327780587332,7.288710378083072,0.015087279452912267,35.25785827636719,28.597660064697266,25.753454208374023,41.0865478515625,31.283939361572266,37.584571838378906,0.772240400314331,7.284735202789307,0.05620751529932022,"3398,3150,1956,3898,188,104,390,2683,2157,3121,3287,578,2843,2554,393,1329",22.744491577148438,,,,,0,15.147444725036621,17.374252319335938,17.233293533325195,21.542850494384766,"0.445,0.445,0.937,0.928,0.824,0.860,0.873,0.845",2207.348388671875,2511.92333984375,"27.98,27.98,3109,3284,2698,2802,2926,2783",45.9427604675293,55.33243942260742,"12.41,12.41,56.86,58.83,56.64,56.39,57.15,56.86"
4,down_proj,gptq,4096,14336,0,0.001994354384286063,0.001542534146990095,13.835782778201406,0.02882666244790195,42.905189514160156,28.767181396484375,0.016328278928995132,0.02782716602087021,0.028207771480083466,0.025912588462233543,0.24569369852542877,13.82578182220459,0.05831260234117508,"11032,7583,6069,10724,6371,8583,4565,4911,14220,6314,5443,6888,13371,3508,13948,5921",92.92080688476562,,,,,0,0.01364525593817234,0.01193445734679699,0.01614661142230034,0.015135740861296654,"0.406,0.406,1.260,1.168,1.066,1.096,1.165,1.109",10722.8662109375,12404.720703125,"7.903,7.903,1.505e+04,1.56e+04,1.294e+04,1.281e+04,1.537e+04,1.399e+04",2.117950677871704,2.710949659347534,"0.1088,0.1088,2.701,2.87,2.775,2.711,2.861,2.808"
5,q_proj,gptq,4096,4096,0,0.0020408034324645996,0.0014567971229553223,8.901636333597708,0.03110138516605702,25.820255279541016,17.64093780517578,38.858665466308594,151.84396362304688,53.9213981628418,111.223876953125,0.902838408946991,8.88322639465332,0.19039641320705414,"678,1935,1437,1528,3150,3646,188,530,4084,944,104,3901,2692,2881,2811,2866",348.91912841796875,,,,,0,25.359275817871094,44.489601135253906,27.39297103881836,65.68229675292969,"1.538,1.538,0.711,0.669,0.483,0.457,0.488,0.458",1818.246337890625,2095.64111328125,"157.1,157.1,2523,2576,2244,2265,2359,2264",92.23255157470703,117.39740753173828,"36.72,36.72,102.6,107.6,111.3,114.9,113,115"
5,k_proj,gptq,1024,4096,0,0.0020372867584228516,0.0014836788177490234,4.447393863440084,0.03697435039732419,11.653766632080078,7.770717620849609,18.077701568603516,69.41239929199219,26.022552490234375,50.653961181640625,0.902838408946991,4.428836822509766,0.19981913268566132,"1935,678,1437,1528,3646,188,3150,530,4084,104,3901,155,944,2692,3072,1642",348.91912841796875,,,,,0,12.33837890625,20.450838088989258,12.97095775604248,29.62986946105957,"1.257,1.257,0.711,0.683,0.535,0.497,0.518,0.492",1818.246337890625,2095.64111328125,"157.1,157.1,2523,2576,2244,2265,2359,2264",92.23255157470703,117.39740753173828,"36.72,36.72,102.6,107.6,111.3,114.9,113,115"
5,v_proj,gptq,1024,4096,0,0.002046823501586914,0.0014278888702392578,0.40647094226665104,0.01790296206921882,1.7136372327804565,1.3275792598724365,2.3684475421905518,7.171035289764404,2.9240939617156982,5.788923263549805,0.902838408946991,0.40566015243530273,0.0697634145617485,"678,3150,3646,530,1437,188,104,1935,4084,2692,3901,155,1357,232,2881,1528",348.91912841796875,,,,,0,1.3693450689315796,2.4498062133789062,1.595787525177002,3.4114787578582764,"1.112,1.112,0.657,0.601,0.520,0.508,0.549,0.512",1818.246337890625,2095.64111328125,"157.1,157.1,2523,2576,2244,2265,2359,2264",92.23255157470703,117.39740753173828,"36.72,36.72,102.6,107.6,111.3,114.9,113,115"
5,o_proj,gptq,4096,4096,0,0.0020886659622192383,0.00145035982131958,3.2285372412907236,0.031165410644771338,9.597126007080078,5.963913917541504,0.006708972156047821,0.0162915401160717,0.007947957143187523,0.011016776785254478,0.7434628009796143,3.2227492332458496,0.06681924313306808,"3449,3577,1807,1679,3193,983,2527,959,2271,193,1935,1551,855,2715,3724,727",31.722591400146484,,,,,0,0.002196401357650757,0.0032939547672867775,0.005525934509932995,0.007235188968479633,"0.049,0.049,0.151,1.029,0.610,0.626,0.669,0.748",1059.402587890625,2628.23291015625,"24.49,24.49,88.99,3226,806.1,917.4,1268,2119",1.3745406866073608,2.1304314136505127,"0.9367,0.9367,0.8877,1.979,1.318,1.42,1.625,1.894"
5,gate_proj,gptq,14336,4096,0,0.00203549861907959,0.00151148864201137,9.7539362566597,0.015856360873691897,45.42155075073242,36.433013916015625,43.973052978515625,70.27111053466797,55.77393341064453,64.46910095214844,0.8286020159721375,9.743273735046387,0.06869341433048248,"3398,3150,3898,188,390,104,3175,3287,1437,393,1851,3039,3325,155,2843,1956",23.619426727294922,,,,,0,26.146743774414062,29.096416473388672,30.979263305664062,37.10506820678711,"0.571,0.571,0.974,0.957,0.841,0.877,0.888,0.872",2218.942138671875,2638.727783203125,"29.07,29.07,3219,3218,2729,2800,2902,2825",51.938865661621094,64.35326385498047,"11.73,11.73,65.18,66.58,64.8,64.78,65.41,65.3"
5,up_proj,gptq,14336,4096,0,0.0020412206649780273,0.001541869980948312,7.053877938706137,0.015033282717280261,34.23780822753906,27.848140716552734,33.62602996826172,53.471221923828125,42.30369186401367,49.02191162109375,0.8286020159721375,7.046707630157471,0.05501607060432434,"3398,3150,3898,390,188,3175,104,3287,1437,393,1851,3039,155,2843,3325,1956",23.619426727294922,,,,,0,19.79209327697754,21.988374710083008,23.54875946044922,28.323286056518555,"0.465,0.465,1.001,0.951,0.855,0.870,0.889,0.862",2218.942138671875,2638.727783203125,"29.07,29.07,3219,3218,2729,2800,2902,2825",51.938865661621094,64.35326385498047,"11.73,11.73,65.18,66.58,64.8,64.78,65.41,65.3"
5,down_proj,gptq,4096,14336,0,0.0019922597067696707,0.0015410695757184709,12.775472217552164,0.027378465352637427,41.07985305786133,28.00876808166504,0.02714606374502182,0.04671141505241394,0.04902404546737671,0.04183141887187958,0.05893108621239662,12.760870933532715,0.07031308859586716,"3032,11825,10867,13044,5588,11873,13903,7225,1026,4608,7447,6002,2278,12450,705,13238",45.8355827331543,,,,,0,0.02240155078470707,0.018370365723967552,0.029404839500784874,0.0255137849599123,"0.501,0.501,1.354,1.261,1.167,1.151,1.167,1.160",10667.767578125,13805.2861328125,"6.764,6.764,2.072e+04,1.503e+04,1.147e+04,1.147e+04,1.314e+04,1.35e+04",2.6640007495880127,3.5725040435791016,"0.118,0.118,4.018,3.56,3.26,3.271,3.448,3.518"
6,q_proj,gptq,4096,4096,0,0.0020533204078674316,0.001463174819946289,9.609890344650921,0.03493927859645914,25.95696258544922,17.292926788330078,36.89887237548828,144.3505859375,54.44325256347656,103.52395629882812,0.9213929772377014,9.584150314331055,0.19273827970027924,"3150,1935,1528,3646,678,1437,530,155,4084,188,2960,3175,104,774,232,1642",389.1846923828125,,,,,0,24.63572120666504,42.51712417602539,27.305879592895508,59.03624725341797,"1.405,1.405,0.753,0.643,0.472,0.453,0.503,0.491",1775.163330078125,2147.536865234375,"167.6,167.6,2503,2486,2176,2172,2282,2248",91.10557556152344,113.85565185546875,"39.05,39.05,99.1,105.6,110.2,113.7,110.2,111.9"
6,k_proj,gptq,1024,4096,0,0.00202178955078125,0.0014791488647460938,4.803154574607106,0.03966820933289957,12.022968292236328,8.038789749145508,17.663558959960938,71.3150634765625,26.396305084228516,52.46160888671875,0.9213929772377014,4.792529106140137,0.1933840662240982,"3150,1935,678,1528,3646,1437,155,530,4084,188,3039,3175,104,2960,232,1357",389.1846923828125,,,,,0,11.853875160217285,21.819873809814453,13.14702320098877,29.781829833984375,"1.242,1.242,0.721,0.608,0.416,0.416,0.479,0.464",1775.163330078125,2147.536865234375,"167.6,167.6,2503,2486,2176,2172,2282,2248",91.10557556152344,113.85565185546875,"39.05,39.05,99.1,105.6,110.2,113.7,110.2,111.9"
6,v_proj,gptq,1024,4096,0,0.0020186901092529297,0.00144195556640625,0.4452435679847895,0.018607809214568914,1.8294906616210938,1.4207606315612793,2.272139310836792,8.358842849731445,2.9608964920043945,6.6784467697143555,0.9213929772377014,0.44388675689697266,0.08746624737977982,"3150,3646,1935,678,155,3175,1437,530,188,2960,4084,232,3039,1528,1357,3325",389.1846923828125,,,,,0,1.3204843997955322,2.801370859146118,1.6310454607009888,3.8395979404449463,"0.776,0.776,0.531,0.518,0.439,0.418,0.462,0.446",1775.163330078125,2147.536865234375,"167.6,167.6,2503,2486,2176,2172,2282,2248",91.10557556152344,113.85565185546875,"39.05,39.05,99.1,105.6,110.2,113.7,110.2,111.9"
6,o_proj,gptq,4096,4096,0,0.0020821690559387207,0.0014658570289611816,3.7877649124409913,0.035879357879104866,10.535913467407227,6.108956813812256,0.008303954266011715,0.022646605968475342,0.016039256006479263,0.022595195099711418,0.6785531044006348,3.7712149620056152,0.06294891238212585,"3803,1141,370,1397,1269,1385,3931,885,1513,1525,498,4059,1257,3590,757,340",39.77806854248047,,,,,0,0.007452168967574835,0.010002548806369305,0.008307025767862797,0.012441109865903854,"0.041,0.041,0.463,1.023,0.843,0.678,0.663,0.661",3917.339111328125,3099.211669921875,"42.66,42.66,695.4,1.68e+04,6218,2680,2297,2561",2.4452412128448486,2.881552219390869,"1.532,1.532,1.739,4.175,3.08,2.528,2.414,2.563"
6,gate_proj,gptq,14336,4096,0,0.00205559389931815,0.0015162740434919084,9.617601842576487,0.01561675162495932,45.404052734375,36.84124755859375,51.81311798095703,85.37646484375,68.78440856933594,78.14231872558594,0.7797122001647949,9.60435676574707,0.08387436717748642,"3398,3150,3175,3039,104,3325,390,3898,271,3287,1851,155,1095,188,299,1846",27.217681884765625,,,,,0,31.715091705322266,34.79011917114258,38.19949722290039,44.83080291748047,"0.529,0.529,1.048,0.974,0.857,0.861,0.888,0.871",2277.162353515625,2762.652587890625,"29.26,29.26,3277,3365,2870,2812,2935,2899",56.698204040527344,70.34803009033203,"13.62,13.62,70.43,72.59,70.96,70.47,70.92,70.98"
6,up_proj,gptq,14336,4096,0,0.002041867801121303,0.0015467745917184012,7.043389967230727,0.01477886164966173,34.71605682373047,28.674875259399414,40.13607406616211,66.03569030761719,52.79637145996094,60.42179489135742,0.7797122001647949,7.0384063720703125,0.06688213348388672,"3398,3150,3039,3175,3325,390,104,3898,271,155,3287,1851,1095,299,188,393",27.217681884765625,,,,,0,24.3986759185791,26.910627365112305,29.38657569885254,34.757808685302734,"0.404,0.404,1.017,0.985,0.863,0.857,0.881,0.871",2277.162353515625,2762.652587890625,"29.26,29.26,3277,3365,2870,2812,2935,2899",56.698204040527344,70.34803009033203,"13.62,13.62,70.43,72.59,70.96,70.47,70.92,70.98"
6,down_proj,gptq,4096,14336,0,0.002000706536429269,0.0015398434230259486,12.278329919455174,0.025954614604936633,41.48960494995117,29.027280807495117,0.03857184574007988,0.06682482361793518,0.07698068022727966,0.0681249350309372,0.23311492800712585,12.274755477905273,0.0644320473074913,"4540,3333,8512,1343,13875,14165,601,2064,876,8396,3939,9674,8264,10729,7085,13144",83.56368255615234,,,,,0,0.03562719002366066,0.03156224638223648,0.04472847655415535,0.03919569030404091,"0.587,0.587,1.064,1.162,1.117,1.105,1.167,1.161",11839.0009765625,14905.93359375,"11.79,11.79,1.383e+04,1.675e+04,1.804e+04,1.482e+04,1.597e+04,1.528e+04",3.4707627296447754,4.372520923614502,"0.1783,0.1783,4.539,4.606,4.908,4.441,4.496,4.421"
7,q_proj,gptq,4096,4096,0,0.0020325779914855957,0.0014706254005432129,10.050889424086563,0.03763068802327081,25.911293029785156,16.94829559326172,45.09550476074219,162.38064575195312,67.29424285888672,119.01425170898438,0.8635812401771545,10.016983032226562,0.2486971616744995,"3175,3325,3039,271,1851,299,3150,1846,1095,43,759,746,4036,3297,678,1935",289.5287170410156,,,,,0,30.634822845458984,50.4453010559082,34.15904235839844,67.80276489257812,"1.508,1.508,0.666,0.663,0.516,0.494,0.528,0.518",1811.999755859375,2234.142822265625,"172.2,172.2,2318,2555,2322,2252,2373,2332",102.001708984375,124.15675354003906,"47.1,47.1,110.3,120.3,121.8,124.8,121.7,123"
7,k_proj,gptq,1024,4096,0,0.0020525455474853516,0.0014803409576416016,5.348295992973817,0.04476816246794368,12.470159530639648,7.964195251464844,22.5328311920166,79.20179748535156,34.053226470947266,59.85932159423828,0.8635812401771545,5.320361614227295,0.26823166012763977,"3039,3325,3175,271,1851,1095,299,4036,3150,759,1846,746,3297,1935,43,678",289.5287170410156,,,,,0,15.453802108764648,25.318143844604492,17.151508331298828,33.995513916015625,"1.374,1.374,0.674,0.656,0.511,0.502,0.539,0.529",1811.999755859375,2234.142822265625,"172.2,172.2,2318,2555,2322,2252,2373,2332",102.001708984375,124.15675354003906,"47.1,47.1,110.3,120.3,121.8,124.8,121.7,123"
7,v_proj,gptq,1024,4096,0,0.0020499229431152344,0.0014929771423339844,0.4416766087553725,0.017534573120001073,1.9036266803741455,1.499169111251831,2.8395538330078125,9.120439529418945,3.71939754486084,7.503293514251709,0.8635812401771545,0.4407060742378235,0.09140602499246597,"3175,3325,3039,1095,271,1846,299,746,1851,3150,4036,3297,43,142,759,678",289.5287170410156,,,,,0,1.6954251527786255,3.207618474960327,2.0438649654388428,4.372956275939941,"1.073,1.073,0.663,0.541,0.491,0.471,0.498,0.492",1811.999755859375,2234.142822265625,"172.2,172.2,2318,2555,2322,2252,2373,2332",102.001708984375,124.15675354003906,"47.1,47.1,110.3,120.3,121.8,124.8,121.7,123"
7,o_proj,gptq,4096,4096,0,0.0020973682403564453,0.0014587640762329102,4.0608485274352795,0.037438305786756054,11.185873031616211,6.261641979217529,0.014354037120938301,0.04168080911040306,0.01785534992814064,0.02734784036874771,0.6277554035186768,4.042288780212402,0.05591467395424843,"2036,814,942,1780,3069,686,2392,438,2520,54,2813,1908,558,182,2264,2283",40.76011276245117,,,,,0,0.005799973849207163,0.009927471168339252,0.011534960940480232,0.016321487724781036,"0.042,0.042,0.591,0.776,0.693,0.689,0.696,0.673",1404.5166015625,2480.0546875,"47.37,47.37,1920,2346,1662,1620,1704,1889",2.44922137260437,3.178434133529663,"1.945,1.945,2.394,2.773,2.538,2.53,2.62,2.848"
7,gate_proj,gptq,14336,4096,0,0.002051506723676409,0.0015054430280412947,9.584525017005944,0.015339070300916488,46.14027786254883,37.49354934692383,62.3281364440918,102.72657775878906,85.3980941772461,94.18605041503906,0.7644742727279663,9.578798294067383,0.0809408649802208,"3398,3150,3898,3240,104,155,2960,3307,3287,578,1641,835,3662,390,980,2976",31.10068702697754,,,,,0,38.96207809448242,41.688899993896484,48.008609771728516,54.219749450683594,"1.423,1.423,0.941,0.974,0.907,0.901,0.927,0.907",2318.13232421875,2888.412353515625,"118.4,118.4,3013,3306,2981,2926,3076,3006",62.088531494140625,76.494140625,"17.36,17.36,75.79,78.07,77.29,76.39,77.25,77.2"
7,up_proj,gptq,14336,4096,0,0.0020442519869123188,0.001539656094142369,6.955535692684862,0.014697250494041664,34.702598571777344,28.500946044921875,47.461463928222656,77.52427673339844,63.99151611328125,71.09452819824219,0.7644742727279663,6.950035095214844,0.06476166844367981,"3398,3150,3898,104,3240,155,2960,3287,3307,835,3662,390,578,980,1641,2976",31.10068702697754,,,,,0,29.111799240112305,31.58080291748047,36.13944625854492,40.81991195678711,"1.204,1.204,0.929,0.955,0.887,0.900,0.926,0.905",2318.13232421875,2888.412353515625,"118.4,118.4,3013,3306,2981,2926,3076,3006",62.088531494140625,76.494140625,"17.36,17.36,75.79,78.07,77.29,76.39,77.25,77.2"
7,down_proj,gptq,4096,14336,0,0.0020034313201904297,0.0015413590839930943,12.426941349609514,0.026512610241477646,41.36164093017578,28.619083404541016,0.05012042075395584,0.09160242974758148,0.09362700581550598,0.08140382170677185,0.4550756812095642,12.42045783996582,0.06154768541455269,"14089,7413,227,13004,4101,1038,3077,9846,9692,4528,7176,8834,11291,9584,6902,8897",184.68756103515625,,,,,0,0.03948410227894783,0.034229960292577744,0.05818241834640503,0.049999404698610306,"0.765,0.765,1.180,1.124,1.123,1.142,1.176,1.175",10200.6767578125,14879.7138671875,"50.82,50.82,1.387e+04,1.212e+04,1.24e+04,1.297e+04,1.446e+04,1.568e+04",3.6663005352020264,4.968742370605469,"0.4551,0.4551,4.633,4.595,4.646,4.69,4.84,5.016"
8,q_proj,gptq,4096,4096,0,0.0020408034324645996,0.0014551281929016113,7.7152874139283085,0.02993475805505391,22.91714859008789,15.801810264587402,38.7972297668457,143.12081909179688,60.955162048339844,109.70285034179688,0.8334071040153503,7.698592185974121,0.23332230746746063,"3150,1935,678,1528,155,2245,3646,2881,944,3240,774,1504,2960,1437,213,3072",375.9304504394531,,,,,0,28.07035255432129,47.07337951660156,30.395767211914062,60.93587875366211,"1.547,1.547,0.630,0.619,0.492,0.478,0.506,0.512",1884.603271484375,2366.991943359375,"176.2,176.2,2546,2587,2367,2319,2443,2461",102.28208923339844,120.87067413330078,"52.24,52.24,111.5,119.9,121.7,121.8,119,119.9"
8,k_proj,gptq,1024,4096,0,0.0020432472229003906,0.0014491081237792969,3.85748842900648,0.03449824703121215,10.514554977416992,7.157111167907715,18.296424865722656,69.23648071289062,29.84728240966797,53.51514434814453,0.8334071040153503,3.847287654876709,0.23998290300369263,"3150,1935,678,1528,155,2245,1504,3240,1437,774,2960,944,3646,1642,2881,3072",375.9304504394531,,,,,0,13.8403959274292,22.75933837890625,14.640512466430664,29.930294036865234,"1.659,1.659,0.592,0.638,0.509,0.484,0.510,0.499",1884.603271484375,2366.991943359375,"176.2,176.2,2546,2587,2367,2319,2443,2461",102.28208923339844,120.87067413330078,"52.24,52.24,111.5,119.9,121.7,121.8,119,119.9"
8,v_proj,gptq,1024,4096,0,0.0020720958709716797,0.0014414787292480469,0.549481266811199,0.021093359197204294,2.08870792388916,1.557002305984497,3.348618984222412,9.647565841674805,4.619300842285156,8.03897476196289,0.8334071040153503,0.5483027696609497,0.10672112554311752,"3150,1935,678,155,1528,2960,3646,774,2245,2881,3240,1504,944,2043,1437,3662",375.9304504394531,,,,,0,2.046257972717285,3.4701640605926514,2.548860549926758,4.563225746154785,"1.245,1.245,0.646,0.601,0.542,0.539,0.569,0.574",1884.603271484375,2366.991943359375,"176.2,176.2,2546,2587,2367,2319,2443,2461",102.28208923339844,120.87067413330078,"52.24,52.24,111.5,119.9,121.7,121.8,119,119.9"
8,o_proj,gptq,4096,4096,0,0.0020954012870788574,0.001465916633605957,4.007039883311677,0.03534929203151085,11.38467788696289,6.515225410461426,0.0170294176787138,0.051367051899433136,0.017579618841409683,0.03581535071134567,0.6765080690383911,4.000629901885986,0.0639457106590271,"695,951,567,823,241,369,497,113,148,1564,714,3989,1948,1692,1820,255",37.01820755004883,,,,,0,0.004996145144104958,0.014170839451253414,0.011685739271342754,0.020518800243735313,"0.034,0.034,0.130,0.476,0.433,0.434,0.475,0.506",856.0525512695312,2093.654541015625,"54.44,54.44,211,1433,1137,1114,1293,1551",2.9842417240142822,3.6398067474365234,"2.636,2.636,2.57,3.441,3.051,3.06,3.152,3.329"
8,gate_proj,gptq,14336,4096,0,0.0020531926836286274,0.001498903547014509,9.866205567712313,0.015848325499240815,46.57110595703125,37.768760681152344,67.70189666748047,114.64546203613281,93.55870819091797,103.95348358154297,0.7030364871025085,9.859454154968262,0.08272362500429153,"3398,3150,2960,2976,3307,1641,3071,104,578,3898,835,3662,155,3287,188,53",29.22640609741211,,,,,0,42.40456008911133,46.0645751953125,52.4538459777832,59.406883239746094,"1.635,1.635,0.957,0.926,0.873,0.874,0.901,0.897",2299.45849609375,2910.6337890625,"162.4,162.4,3163,3107,2896,2851,3023,3032",65.40631103515625,79.7398452758789,"20.69,20.69,80.02,80.96,80.31,79.42,80.48,80.7"
8,up_proj,gptq,14336,4096,0,0.002044745853969029,0.0015460933957781111,7.374110387667315,0.015289843704339258,35.91932678222656,29.262786865234375,52.757362365722656,87.70364379882812,72.12028503417969,79.88006591796875,0.7030364871025085,7.3660783767700195,0.06559484452009201,"3398,3150,2960,2976,3307,1641,104,3071,3898,3662,835,578,3287,155,188,1935",29.22640609741211,,,,,0,32.58993148803711,35.41980743408203,40.69017791748047,45.530479431152344,"1.244,1.244,0.961,0.926,0.877,0.887,0.915,0.911",2299.45849609375,2910.6337890625,"162.4,162.4,3163,3107,2896,2851,3023,3032",65.40631103515625,79.7398452758789,"20.69,20.69,80.02,80.96,80.31,79.42,80.48,80.7"
8,down_proj,gptq,4096,14336,0,0.002001251493181501,0.001544356346130371,12.179971075470917,0.02555999188210896,41.255889892578125,28.726600646972656,0.05945998802781105,0.10723266005516052,0.12870298326015472,0.1070166602730751,0.13229596614837646,12.1704740524292,0.06635995954275131,"12616,10663,11033,10855,1699,1726,2855,14031,13132,1602,13556,2227,13912,13959,7573,226",180.57662963867188,,,,,0,0.05694940686225891,0.048263076692819595,0.06874395161867142,0.059041596949100494,"1.994,1.994,1.245,1.156,1.158,1.143,1.166,1.153",11331.9345703125,14472.0517578125,"24.43,24.43,2.142e+04,1.354e+04,1.352e+04,1.307e+04,1.428e+04,1.477e+04",4.2406840324401855,5.371339797973633,"0.2921,0.2921,7.015,5.286,5.212,5.102,5.312,5.415"
9,q_proj,gptq,4096,4096,0,0.002031862735748291,0.0014745593070983887,7.960782585811103,0.0321876426349775,22.777069091796875,15.620905876159668,55.86604690551758,164.3927001953125,84.3636245727539,130.57102966308594,0.8015420436859131,7.935177326202393,0.2232055962085724,"1935,1528,3150,678,1504,2245,3072,232,2692,1642,722,2960,4084,3533,2388,944",328.45501708984375,,,,,0,39.31344985961914,57.77853775024414,42.62052536010742,71.97805786132812,"1.535,1.535,0.779,0.660,0.575,0.568,0.606,0.588",1950.0482177734375,2395.795654296875,"176.6,176.6,2843,2650,2430,2358,2493,2474",116.17565155029297,135.0945281982422,"60.08,60.08,123.5,137.9,139.2,137.8,135.1,135.7"
9,k_proj,gptq,1024,4096,0,0.0020270347595214844,0.0014591217041015625,4.011685227480484,0.03602151058473118,10.785013198852539,7.309676647186279,26.884777069091797,83.31986236572266,41.853233337402344,66.412841796875,0.8015420436859131,4.003848552703857,0.23546548187732697,"1935,1528,3150,678,1504,2245,3072,1642,232,722,2692,2960,4084,3533,3901,2388",328.45501708984375,,,,,0,19.839601516723633,30.174238204956055,20.66813850402832,36.47627639770508,"1.227,1.227,0.895,0.647,0.510,0.519,0.567,0.552",1950.0482177734375,2395.795654296875,"176.6,176.6,2843,2650,2430,2358,2493,2474",116.17565155029297,135.0945281982422,"60.08,60.08,123.5,137.9,139.2,137.8,135.1,135.7"
9,v_proj,gptq,1024,4096,0,0.002043485641479492,0.0014426708221435547,0.43984860843056595,0.01977993568868133,1.7492318153381348,1.3322300910949707,4.017656326293945,11.164091110229492,5.421585559844971,8.998332977294922,0.8015420436859131,0.4392324686050415,0.0871029868721962,"1935,1528,3150,678,1504,3072,2245,232,2692,1642,4084,2960,3533,2388,722,3901",328.45501708984375,,,,,0,2.4386117458343506,3.9385812282562256,2.9571006298065186,5.1217122077941895,"0.822,0.822,0.821,0.627,0.564,0.548,0.583,0.584",1950.0482177734375,2395.795654296875,"176.6,176.6,2843,2650,2430,2358,2493,2474",116.17565155029297,135.0945281982422,"60.08,60.08,123.5,137.9,139.2,137.8,135.1,135.7"
9,o_proj,gptq,4096,4096,0,0.002083003520965576,0.0014607906341552734,3.689972185604802,0.033942094273610134,10.68173885345459,6.223311424255371,0.020570944994688034,0.06980516016483307,0.02237449213862419,0.04326526075601578,0.841067910194397,3.684657096862793,0.058634039014577866,"3607,2465,3991,3863,1412,1028,1579,1156,3735,3358,2965,2581,1835,3230,1877,686",37.079750061035156,,,,,0,0.006022293120622635,0.015303651802241802,0.014822006225585938,0.025847192853689194,"0.045,0.045,0.538,0.451,0.412,0.471,0.494,0.516",827.9117431640625,2062.61767578125,"45.77,45.77,1144,1020,837.3,1045,1139,1346",3.1453793048858643,4.090458393096924,"2.85,2.85,3.087,3.143,3.031,3.255,3.371,3.576"
9,gate_proj,gptq,14336,4096,0,0.002039194107055664,0.0015090363366263254,10.041551480342605,0.01648740055233665,46.05005645751953,36.95747756958008,71.25160217285156,121.199462890625,100.75703430175781,111.31144714355469,0.7257973551750183,10.032438278198242,0.08847974985837936,"3398,3150,2976,2960,3307,3071,3240,1641,53,155,1437,1935,578,104,2043,835",35.868812561035156,,,,,0,45.895084381103516,49.01622772216797,54.83348083496094,62.61697769165039,"1.794,1.794,1.020,0.923,0.850,0.857,0.893,0.881",2293.501953125,2887.68701171875,"172.4,172.4,3365,3058,2850,2808,2961,2961",69.32292938232422,82.66695404052734,"28.29,28.29,82.72,83.78,82.89,82.12,83.19,83.31"
9,up_proj,gptq,14336,4096,0,0.0020399604524884906,0.0015452419008527482,7.786563471641784,0.01585135971486066,36.836456298828125,29.587148666381836,57.50724792480469,95.80209350585938,80.45506286621094,88.24118041992188,0.7257973551750183,7.782679557800293,0.07012377679347992,"3398,3150,2976,2960,3307,3071,1641,155,53,1437,3240,578,104,1935,2043,835",35.868812561035156,,,,,0,36.295188903808594,38.9544677734375,44.14053726196289,49.64018249511719,"1.342,1.342,1.030,0.927,0.873,0.874,0.898,0.896",2293.501953125,2887.68701171875,"172.4,172.4,3365,3058,2850,2808,2961,2961",69.32292938232422,82.66695404052734,"28.29,28.29,82.72,83.78,82.89,82.12,83.19,83.31"
9,down_proj,gptq,4096,14336,0,0.001996755599975586,0.001539741243634905,11.773520421507328,0.02434164152056658,41.126808166503906,29.069438934326172,0.07296088337898254,0.1472574919462204,0.14633780717849731,0.12697669863700867,0.06257175654172897,11.760293006896973,0.07114277780056,"3244,4587,12536,6364,3678,13411,7563,9169,4455,8898,12991,5710,12750,436,8947,12970",1288.7947998046875,,,,,0,0.06833817809820175,0.05892015993595123,0.07856713980436325,0.06956006586551666,"1.108,1.108,1.199,1.152,1.106,1.130,1.157,1.165",11534.0224609375,13557.060546875,"44.41,44.41,2.84e+04,1.225e+04,1.229e+04,1.173e+04,1.349e+04,1.403e+04",4.728931427001953,5.820109844207764,"0.693,0.693,8.339,5.603,5.587,5.404,5.697,5.814"
10,q_proj,gptq,4096,4096,0,0.002042055130004883,0.0014663338661193848,7.831228976262082,0.029966194787860476,23.419158935546875,16.219709396362305,47.100433349609375,167.94239807128906,75.9233627319336,129.87657165527344,0.793370246887207,7.8075480461120605,0.26297178864479065,"1935,1528,678,3150,2960,213,2245,3240,1504,3701,3072,1642,2881,1437,155,944",456.7098693847656,,,,,0,36.87528610229492,56.775047302246094,36.38846969604492,71.09738159179688,"1.649,1.649,0.816,0.575,0.494,0.480,0.534,0.527",1969.944580078125,2367.981201171875,"180.8,180.8,3209,2675,2371,2290,2425,2428",114.210693359375,131.07339477539062,"67.61,67.61,119.3,131.8,134.1,133.3,129.4,130.6"
10,k_proj,gptq,1024,4096,0,0.002077341079711914,0.001493215560913086,3.906082903415154,0.03173633824328079,11.288769721984863,7.735834121704102,22.89508056640625,85.79461669921875,37.28086853027344,65.48028564453125,0.793370246887207,3.889122486114502,0.26132428646087646,"1935,1528,678,3150,2960,1504,3240,213,2245,3072,3701,1642,3901,155,1437,2692",456.7098693847656,,,,,0,18.312416076660156,28.786544799804688,17.79245948791504,35.82523727416992,"1.489,1.489,0.853,0.592,0.460,0.460,0.511,0.505",1969.944580078125,2367.981201171875,"180.8,180.8,3209,2675,2371,2290,2425,2428",114.210693359375,131.07339477539062,"67.61,67.61,119.3,131.8,134.1,133.3,129.4,130.6"
10,v_proj,gptq,1024,4096,0,0.0020585060119628906,0.0014774799346923828,0.48011870236244647,0.02138768844183373,1.8323785066604614,1.3623747825622559,3.5562033653259277,10.137350082397461,4.981907844543457,8.364415168762207,0.793370246887207,0.479099303483963,0.12235628068447113,"1935,3150,678,1528,2960,2245,213,1504,3240,3072,1642,1437,155,774,3701,3901",456.7098693847656,,,,,0,2.242722272872925,3.580544948577881,2.6451194286346436,4.727517604827881,"0.967,0.967,0.929,0.651,0.521,0.514,0.570,0.562",1969.944580078125,2367.981201171875,"180.8,180.8,3209,2675,2371,2290,2425,2428",114.210693359375,131.07339477539062,"67.61,67.61,119.3,131.8,134.1,133.3,129.4,130.6"
10,o_proj,gptq,4096,4096,0,0.0021007657051086426,0.0014800429344177246,3.738979994273094,0.034559463418693065,10.607577323913574,6.207444667816162,0.030371151864528656,0.09843182563781738,0.04803116247057915,0.0810709148645401,0.6843519806861877,3.728757381439209,0.06045815348625183,"3383,1031,3511,1415,3127,1287,3049,980,2665,1159,2921,1715,2793,3789,1796,1937",28.00611114501953,,,,,0,0.019282769411802292,0.03469109535217285,0.02689962089061737,0.04517977312207222,"0.050,0.050,0.848,0.738,0.596,0.551,0.551,0.574",2271.596435546875,2827.778564453125,"79.1,79.1,3646,4668,2904,2252,2141,2404",4.7074055671691895,5.5043134689331055,"3.748,3.748,4.5,5.579,5.102,4.912,4.919,5.152"
10,gate_proj,gptq,14336,4096,0,0.0020422424588884625,0.0015064137322562082,10.46740424213931,0.017438648890544015,46.27086639404297,36.938865661621094,72.5686264038086,128.29867553710938,106.05557250976562,119.93453979492188,0.7278777956962585,10.453530311584473,0.08865068852901459,"3398,2976,3150,2960,3307,1935,53,1437,3071,1641,3662,213,678,2043,835,1528",50.59519577026367,,,,,0,49.0902099609375,52.71187973022461,56.58714294433594,67.0859146118164,"1.908,1.908,1.040,0.928,0.850,0.833,0.862,0.857",2379.240478515625,2877.26416015625,"175.6,175.6,3798,3244,2900,2815,2959,2967",71.68645477294922,85.69446563720703,"27.82,27.82,87.7,87.08,85.98,85.1,85.88,86.11"
10,up_proj,gptq,14336,4096,0,0.002034953662327358,0.001538327762058803,8.337331414426444,0.01681261265533572,37.922821044921875,30.377704620361328,59.8658561706543,104.07852172851562,85.955078125,97.5970458984375,0.7278777956962585,8.32784652709961,0.07177816331386566,"3398,2976,3150,2960,3307,53,1935,1437,3071,1641,213,3662,2043,678,980,835",50.59519577026367,,,,,0,39.431121826171875,42.962867736816406,46.24997329711914,54.54401779174805,"1.561,1.561,1.053,0.917,0.838,0.835,0.864,0.861",2379.240478515625,2877.26416015625,"175.6,175.6,3798,3244,2900,2815,2959,2967",71.68645477294922,85.69446563720703,"27.82,27.82,87.7,87.08,85.98,85.1,85.88,86.11"
10,down_proj,gptq,4096,14336,0,0.0020059006554739816,0.0015401159014020646,11.975268896651016,0.02468540779883294,42.23571014404297,29.988672256469727,0.0854208916425705,0.14519090950489044,0.15195712447166443,0.14022137224674225,0.1363120675086975,11.97014331817627,0.061628308147192,"3181,6787,4097,11166,5418,6891,6109,11658,1373,8122,3630,10398,2244,9454,6177,11102",32.460166931152344,,,,,0,0.06489391624927521,0.05889856070280075,0.08616256713867188,0.08076006919145584,"0.721,0.721,1.190,1.092,1.064,1.086,1.098,1.092",9809.693359375,12974.423828125,"42.01,42.01,1.285e+04,1.551e+04,1.31e+04,1.184e+04,1.246e+04,1.264e+04",4.6500091552734375,6.157329559326172,"0.4683,0.4683,5.731,6.513,6.16,5.853,5.971,6.035"
11,q_proj,gptq,4096,4096,0,0.0020326972007751465,0.0014540553092956543,8.076408955981606,0.03170730367629371,23.409862518310547,15.801104545593262,58.58644104003906,184.924560546875,88.62625122070312,147.0550537109375,0.733885645866394,8.049459457397461,0.2700178921222687,"1528,1935,678,3072,2960,2692,3150,1504,2245,1642,213,1437,232,3621,3240,3701",381.33099365234375,,,,,0,42.69021224975586,64.02230072021484,43.73405456542969,82.0749282836914,"1.508,1.508,0.935,0.663,0.534,0.491,0.546,0.532",1922.5159912109375,2351.888427734375,"179.7,179.7,2971,2630,2364,2265,2398,2392",122.16012573242188,142.33766174316406,"65.14,65.14,129.7,142.2,145.7,145.3,141.4,142.7"
11,k_proj,gptq,1024,4096,0,0.002033710479736328,0.0014712810516357422,4.211227042222163,0.03763232363349482,11.063243865966797,7.257242202758789,28.050132751464844,91.07643127441406,44.65839385986328,75.87718200683594,0.733885645866394,4.195537567138672,0.31227338314056396,"1935,1528,678,3072,3150,213,2960,2692,1504,2245,1437,232,1642,3533,2388,3701",381.33099365234375,,,,,0,21.94978141784668,34.501625061035156,21.558927536010742,41.180728912353516,"1.389,1.389,0.850,0.641,0.496,0.467,0.519,0.507",1922.5159912109375,2351.888427734375,"179.7,179.7,2971,2630,2364,2265,2398,2392",122.16012573242188,142.33766174316406,"65.14,65.14,129.7,142.2,145.7,145.3,141.4,142.7"
11,v_proj,gptq,1024,4096,0,0.0020563602447509766,0.0014791488647460938,0.6178568646955682,0.02357307599444947,2.194793462753296,1.6122593879699707,5.411962509155273,13.531585693359375,7.406259536743164,11.399528503417969,0.733885645866394,0.6170527935028076,0.131665900349617,"678,1935,3150,1528,3072,2245,2692,2960,1504,1642,232,3621,1437,774,3533,213",381.33099365234375,,,,,0,3.362748146057129,4.975954055786133,3.916788339614868,6.485731601715088,"1.226,1.226,0.958,0.692,0.599,0.572,0.613,0.595",1922.5159912109375,2351.888427734375,"179.7,179.7,2971,2630,2364,2265,2398,2392",122.16012573242188,142.33766174316406,"65.14,65.14,129.7,142.2,145.7,145.3,141.4,142.7"
11,o_proj,gptq,4096,4096,0,0.002084195613861084,0.0014851093292236328,4.126333702363581,0.03515659294731897,11.924848556518555,6.8048248291015625,0.045912325382232666,0.11501779407262802,0.038669466972351074,0.06884965300559998,0.8649185299873352,4.114116668701172,0.08143696933984756,"2222,2195,2204,2206,2300,2299,2282,2216,2302,2296,2232,2200,2284,2182,2230,2274",36.1745491027832,,,,,0,0.010815201327204704,0.02484871633350849,0.02471076138317585,0.039846427738666534,"0.143,0.143,0.273,0.594,0.451,0.445,0.504,0.540",624.5037841796875,1768.8955078125,"54.18,54.18,224.4,677.3,791.6,816.2,1060,1319",4.1201276779174805,5.250682353973389,"3.116,3.116,3.275,4.733,4.74,4.441,4.623,4.917"
11,gate_proj,gptq,14336,4096,0,0.002032160758972168,0.00150212219783238,10.684557739616139,0.01796920649110539,46.365814208984375,36.95833969116211,78.48971557617188,138.6502685546875,110.90557861328125,126.77898406982422,0.7278566956520081,10.668312072753906,0.09706465154886246,"3398,2976,3150,2960,3307,53,1935,2043,3071,1357,1641,213,3662,835,1113,104",45.59879684448242,,,,,0,50.61884689331055,55.88714599609375,59.82318115234375,70.9417953491211,"1.552,1.552,1.050,0.887,0.828,0.821,0.857,0.846",2240.689453125,2784.0751953125,"176.2,176.2,3449,3022,2750,2679,2839,2835",73.70361328125,88.09500885009766,"29.18,29.18,89.2,89.38,88.42,87.31,88.33,88.63"
11,up_proj,gptq,14336,4096,0,0.0020347663334437777,0.0015324013573782785,8.562591902991699,0.017043468985474607,38.59455108642578,30.897335052490234,65.84258270263672,114.56498718261719,90.62183380126953,105.23638916015625,0.7278566956520081,8.550761222839355,0.07808288931846619,"3398,2976,3150,2960,3307,53,1935,3071,2043,1357,1641,213,835,3662,104,3240",45.59879684448242,,,,,0,40.9317741394043,46.205631256103516,49.396385192871094,58.977508544921875,"1.230,1.230,1.016,0.886,0.817,0.823,0.850,0.844",2240.689453125,2784.0751953125,"176.2,176.2,3449,3022,2750,2679,2839,2835",73.70361328125,88.09500885009766,"29.18,29.18,89.2,89.38,88.42,87.31,88.33,88.63"
11,down_proj,gptq,4096,14336,0,0.001992072377886091,0.0015363522938319615,11.95167923609417,0.024454995953543238,42.56366729736328,30.372493743896484,0.09993216395378113,0.17130047082901,0.16782674193382263,0.16135329008102417,0.5003383755683899,11.950396537780762,0.0564580000936985,"14144,5735,5956,12638,3327,751,11710,13042,14039,10484,2059,1635,7370,11697,4186,9861",174.41073608398438,,,,,0,0.07169631868600845,0.06870522350072861,0.09516382962465286,0.09127210080623627,"0.805,0.805,1.064,1.056,1.021,1.026,1.056,1.041",9045.8515625,12167.2353515625,"40.46,40.46,1.152e+04,1.226e+04,1.219e+04,1.126e+04,1.238e+04,1.268e+04",5.025451183319092,6.521108150482178,"0.484,0.484,6.405,6.699,6.641,6.299,6.525,6.666"
12,q_proj,gptq,4096,4096,0,0.0020395517349243164,0.0014556646347045898,8.715716815007909,0.035881774756039875,23.735218048095703,16.108219146728516,75.7450180053711,228.4320526123047,111.7969741821289,187.2801055908203,0.7115804553031921,8.681478500366211,0.2637098729610443,"3072,1935,678,1528,2692,1504,2245,3150,232,1642,4084,2960,213,2083,2061,2388",280.0074462890625,,,,,0,53.106353759765625,82.38928985595703,56.51255416870117,104.71138000488281,"1.444,1.444,0.877,0.607,0.520,0.494,0.547,0.536",1889.441162109375,2319.740234375,"180.3,180.3,2943,2497,2340,2234,2363,2377",136.79627990722656,158.83984375,"72.2,72.2,147.3,159.7,162.8,162.4,158.6,159.2"
12,k_proj,gptq,1024,4096,0,0.0020329952239990234,0.0014400482177734375,4.156413435077411,0.03787605888078845,11.091047286987305,7.348664283752441,35.50824737548828,109.9368896484375,53.10826873779297,91.09259033203125,0.7115804553031921,4.146559238433838,0.27516400814056396,"1935,678,3072,1528,1504,2245,232,1642,3150,213,2692,4084,3533,3621,2083,2960",280.0074462890625,,,,,0,25.63200569152832,40.92591094970703,26.247119903564453,50.73258590698242,"1.573,1.573,0.792,0.586,0.479,0.461,0.529,0.531",1889.441162109375,2319.740234375,"180.3,180.3,2943,2497,2340,2234,2363,2377",136.79627990722656,158.83984375,"72.2,72.2,147.3,159.7,162.8,162.4,158.6,159.2"
12,v_proj,gptq,1024,4096,0,0.0019941329956054688,0.001466989517211914,0.5351304332850759,0.023311047334168514,1.9473669528961182,1.4329952001571655,5.8666791915893555,15.93492317199707,7.802373886108398,13.550904273986816,0.7115804553031921,0.53348708152771,0.14275801181793213,"678,3072,1528,1935,3150,2245,1504,232,2692,1642,2960,3621,213,2061,3240,2388",280.0074462890625,,,,,0,3.547069549560547,5.939605712890625,4.180827617645264,7.624908447265625,"1.530,1.530,0.761,0.615,0.527,0.508,0.547,0.541",1889.441162109375,2319.740234375,"180.3,180.3,2943,2497,2340,2234,2363,2377",136.79627990722656,158.83984375,"72.2,72.2,147.3,159.7,162.8,162.4,158.6,159.2"
12,o_proj,gptq,4096,4096,0,0.002093195915222168,0.0014789104461669922,3.5560793174327046,0.032781713138684596,10.693299293518066,6.301403999328613,0.050790488719940186,0.15889236330986023,0.036942675709724426,0.09506767988204956,0.7078551650047302,3.5457239151000977,0.05099127069115639,"875,3629,1058,1003,619,1442,4016,3885,1186,1971,2453,1715,4013,3888,3334,3757",35.119300842285156,,,,,0,0.009678593836724758,0.03767731040716171,0.022774619981646538,0.05257487669587135,"0.058,0.058,0.139,0.329,0.324,0.293,0.329,0.375",453.0762939453125,1264.60693359375,"57.82,57.82,180,552.3,561,574.1,701.8,939.8",4.870197772979736,5.805243968963623,"4.343,4.343,4.37,4.965,5.063,5.121,5.233,5.523"
12,gate_proj,gptq,14336,4096,0,0.002035158021109445,0.0015166827610560826,10.209117377937218,0.017546867279220224,45.18579864501953,35.96745300292969,87.3802490234375,149.49517822265625,120.91586303710938,136.63906860351562,0.6937581896781921,10.186738014221191,0.09597237408161163,"3398,2976,3307,2960,3071,3150,1935,53,835,1641,578,2679,3240,1565,2043,1528",38.17473602294922,,,,,0,55.78243637084961,59.95102310180664,64.86819458007812,76.40511322021484,"1.796,1.796,1.062,0.899,0.845,0.835,0.861,0.848",2216.58447265625,2749.57177734375,"177.8,177.8,3491,2928,2734,2634,2789,2800",78.09373474121094,92.63032531738281,"33.54,33.54,94.99,93.18,92.5,91.23,92.65,93.12"
12,up_proj,gptq,14336,4096,0,0.002041186605181013,0.0015387705394199916,8.34687000221129,0.01653370995931406,38.512718200683594,30.69744110107422,75.19512939453125,125.78304290771484,102.03240203857422,115.6373062133789,0.6937581896781921,8.33768367767334,0.07313112169504166,"3398,2976,3307,2960,3071,3150,835,1935,53,1641,2679,578,3240,1565,2043,1357",38.17473602294922,,,,,0,46.55370330810547,50.848541259765625,55.55121994018555,64.72315979003906,"1.318,1.318,1.027,0.907,0.862,0.849,0.871,0.867",2216.58447265625,2749.57177734375,"177.8,177.8,3491,2928,2734,2634,2789,2800",78.09373474121094,92.63032531738281,"33.54,33.54,94.99,93.18,92.5,91.23,92.65,93.12"
12,down_proj,gptq,4096,14336,0,0.001987133707318987,0.001530953816005162,12.827410805055997,0.026090873940123372,43.281982421875,30.192588806152344,0.12302418053150177,0.21050284802913666,0.19745828211307526,0.17928844690322876,0.24126280844211578,12.818273544311523,0.1131235808134079,"1326,1986,4411,6637,3981,5981,10911,6411,13206,6558,6673,10256,14045,6365,6631,13834",174.3539581298828,,,,,0,0.08250074088573456,0.07242226600646973,0.11097890138626099,0.10159619897603989,"1.080,1.080,1.342,1.067,1.077,1.087,1.094,1.085",8365.1962890625,11399.5869140625,"71.31,71.31,1.708e+04,8987,9462,9550,1.053e+04,1.117e+04",5.264650344848633,6.901858806610107,"0.9204,0.9204,7.786,6.282,6.383,6.356,6.63,6.84"
13,q_proj,gptq,4096,4096,0,0.002046644687652588,0.0014553070068359375,6.892355291711283,0.02764802498788613,21.701122283935547,15.27003288269043,62.81334686279297,174.26934814453125,93.44209289550781,141.04660034179688,0.6438567638397217,6.879788875579834,0.27844926714897156,"1528,1935,678,3072,213,2245,1504,3150,1642,3701,1437,2960,944,3240,2692,2388",325.76568603515625,,,,,0,45.61417007446289,62.113216400146484,46.59275817871094,78.29048919677734,"1.675,1.675,0.956,0.672,0.574,0.562,0.609,0.595",1975.5572509765625,2423.668701171875,"180.2,180.2,3169,2600,2416,2327,2455,2477",124.67262268066406,143.5595245361328,"70.9,70.9,135,142.9,146.3,145.2,142.5,143.7"
13,k_proj,gptq,1024,4096,0,0.002071857452392578,0.0014731884002685547,3.708868228830397,0.03236540748800103,10.690497398376465,7.449716567993164,31.073589324951172,97.75276184082031,48.810829162597656,78.24581909179688,0.6438567638397217,3.6835551261901855,0.32438158988952637,"1528,1935,678,3072,213,1642,1504,2245,3701,3150,1437,2388,3240,3621,2960,2692",325.76568603515625,,,,,0,24.848936080932617,34.74111557006836,23.051578521728516,43.123291015625,"1.779,1.779,1.060,0.674,0.503,0.490,0.545,0.546",1975.5572509765625,2423.668701171875,"180.2,180.2,3169,2600,2416,2327,2455,2477",124.67262268066406,143.5595245361328,"70.9,70.9,135,142.9,146.3,145.2,142.5,143.7"
13,v_proj,gptq,1024,4096,0,0.002027273178100586,0.0014743804931640625,0.5786028735078617,0.02153788974197588,2.1896162033081055,1.6198313236236572,6.255821228027344,13.766210556030273,8.422582626342773,11.829652786254883,0.6438567638397217,0.5767083168029785,0.14982889592647552,"1935,1528,678,3072,2245,3150,1504,1642,2388,213,2692,1437,2960,3240,4084,3621",325.76568603515625,,,,,0,3.8379435539245605,5.224194049835205,4.53857421875,6.585139751434326,"1.489,1.489,0.932,0.699,0.657,0.631,0.693,0.680",1975.5572509765625,2423.668701171875,"180.2,180.2,3169,2600,2416,2327,2455,2477",124.67262268066406,143.5595245361328,"70.9,70.9,135,142.9,146.3,145.2,142.5,143.7"
13,o_proj,gptq,4096,4096,0,0.002078115940093994,0.0014703869819641113,3.7351635469759685,0.0317738540736465,11.184826850891113,6.686546325683594,0.06455449014902115,0.18132805824279785,0.05213030427694321,0.10400250554084778,0.724785566329956,3.7279562950134277,0.048696260899305344,"4075,3947,3691,739,867,3819,2807,611,3364,995,2935,685,3492,3063,494,3583",20.79886817932129,,,,,0,0.01355782337486744,0.03625032305717468,0.03124161623418331,0.056137070059776306,"0.053,0.053,0.110,0.438,0.521,0.451,0.464,0.539",691.41259765625,1583.3690185546875,"53.23,53.23,128.7,882.2,1211,891.3,986.4,1325",4.693236351013184,5.860697269439697,"4.102,4.102,3.976,4.9,5.145,4.816,5.056,5.449"
13,gate_proj,gptq,14336,4096,0,0.002033029283796038,0.001512953213282994,9.9766774491045,0.01751516559376528,44.26894760131836,35.589881896972656,96.42893981933594,165.64776611328125,133.22930908203125,149.97467041015625,0.7007290124893188,9.957477569580078,0.10180629044771194,"3398,2976,3307,3150,835,2960,1641,3071,1935,578,2679,53,1565,2043,3240,1357",35.90745544433594,,,,,0,61.485740661621094,65.87405395507812,71.76498413085938,83.92878723144531,"1.839,1.839,1.037,0.905,0.863,0.849,0.870,0.866",2220.302734375,2726.9267578125,"173.7,173.7,3569,2894,2742,2639,2775,2796",81.640380859375,97.67511749267578,"32.78,32.78,100.1,97.83,97.47,96.28,97.7,98.15"
13,up_proj,gptq,14336,4096,0,0.0020368950707571848,0.0015419551304408482,8.294491863251096,0.01622689634160137,38.82173156738281,31.245582580566406,85.43656158447266,143.09075927734375,115.58760833740234,129.4777069091797,0.7007290124893188,8.28652572631836,0.07487155497074127,"3398,2976,3307,3150,835,2960,1935,3071,1641,2679,578,53,1565,2043,1357,3240",35.90745544433594,,,,,0,52.73190689086914,56.64283752441406,62.84215545654297,72.68035888671875,"1.295,1.295,1.078,0.915,0.883,0.866,0.875,0.880",2220.302734375,2726.9267578125,"173.7,173.7,3569,2894,2742,2639,2775,2796",81.640380859375,97.67511749267578,"32.78,32.78,100.1,97.83,97.47,96.28,97.7,98.15"
13,down_proj,gptq,4096,14336,0,0.001996432031903948,0.0015350239617483957,12.509418594700222,0.025003887355383517,43.8519172668457,31.17226219177246,0.15347100794315338,0.2517961263656616,0.22258087992668152,0.21250882744789124,0.5703698992729187,12.507461547851562,0.061153434216976166,"6430,4580,360,3923,10990,1864,7960,3222,799,8429,6879,9014,3461,4168,4292,6764",94.2022705078125,,,,,0,0.08934672921895981,0.08276033401489258,0.1277521401643753,0.12171465158462524,"0.821,0.821,1.168,1.072,1.055,1.058,1.079,1.058",7173.44677734375,10550.71484375,"33.54,33.54,1.011e+04,8953,9231,8921,9708,1.04e+04",5.515148639678955,7.405777454376221,"0.9624,0.9624,7.07,6.98,6.914,6.819,7.091,7.323"
14,q_proj,gptq,4096,4096,0,0.002033531665802002,0.001465916633605957,7.2631394418076525,0.031686597044375174,21.148488998413086,14.309553146362305,73.13495635986328,195.26072692871094,107.04729461669922,162.71682739257812,0.6255965828895569,7.2508344650268555,0.3183714747428894,"1528,678,1935,1504,3072,1642,2692,3533,4084,232,2245,2388,213,2083,3621,2061",226.273681640625,,,,,0,53.14852523803711,72.70030975341797,52.97764587402344,91.11750030517578,"1.702,1.702,0.936,0.670,0.602,0.565,0.595,0.589",1868.0743408203125,2296.111572265625,"181.2,181.2,2892,2422,2342,2224,2337,2366",137.470703125,158.1780242919922,"74.84,74.84,147.7,159.2,163.3,161.5,159,159.5"
14,k_proj,gptq,1024,4096,0,0.002053499221801758,0.0014729499816894531,3.6483620322633215,0.04121047486968218,9.148380279541016,6.048978805541992,32.1692008972168,94.931396484375,49.73111343383789,78.05924224853516,0.6255965828895569,3.634183883666992,0.39619341492652893,"1528,678,1935,3072,1504,1642,3533,4084,2692,2388,2245,232,2083,3621,3701,213",226.273681640625,,,,,0,25.572038650512695,34.6609001159668,23.892990112304688,44.40402603149414,"1.920,1.920,1.038,0.670,0.593,0.524,0.542,0.544",1868.0743408203125,2296.111572265625,"181.2,181.2,2892,2422,2342,2224,2337,2366",137.470703125,158.1780242919922,"74.84,74.84,147.7,159.2,163.3,161.5,159,159.5"
14,v_proj,gptq,1024,4096,0,0.002030611038208008,0.0014643669128417969,0.7867159807879034,0.022832103958265775,2.890259027481079,2.1448426246643066,9.762845993041992,21.320667266845703,12.673681259155273,17.934974670410156,0.6255965828895569,0.7842498421669006,0.16552959382534027,"3072,678,1935,1528,1504,232,2388,1642,2083,2692,2245,3150,2061,4084,3533,774",226.273681640625,,,,,0,5.7552947998046875,7.855301856994629,6.908392429351807,10.207181930541992,"1.243,1.243,0.831,0.752,0.704,0.663,0.691,0.688",1868.0743408203125,2296.111572265625,"181.2,181.2,2892,2422,2342,2224,2337,2366",137.470703125,158.1780242919922,"74.84,74.84,147.7,159.2,163.3,161.5,159,159.5"
14,o_proj,gptq,4096,4096,0,0.0020962953567504883,0.001492619514465332,4.726207412595613,0.03560142363427388,13.640039443969727,7.599000930786133,0.08862331509590149,0.2579658329486847,0.056896813213825226,0.12282808125019073,0.6881129741668701,4.71061372756958,0.03347857668995857,"1723,1595,3175,226,1101,1979,1845,3431,1851,1229,1357,1820,3559,1973,1937,1692",24.375396728515625,,,,,0,0.0178383756428957,0.04830467328429222,0.032510191202163696,0.06506527215242386,"0.082,0.082,0.441,0.422,0.442,0.395,0.399,0.431",537.4389038085938,1074.9295654296875,"60.03,60.03,674.5,786.7,749.4,584.3,629.5,755.2",5.142476558685303,6.081502437591553,"4.2,4.2,5.149,5.352,5.742,5.377,5.494,5.626"
14,gate_proj,gptq,14336,4096,0,0.002035720007760184,0.0015057495662144252,10.82480238057542,0.018806750464867628,45.557212829589844,36.56624984741211,106.69895935058594,192.2498779296875,146.430419921875,168.6136474609375,0.6939449906349182,10.80477523803711,0.12926431000232697,"3398,2976,3307,835,1641,2960,3071,2679,578,3150,1565,3240,1935,2043,53,3070",48.06080627441406,,,,,0,68.65221405029297,74.5560302734375,77.57111358642578,93.82839965820312,"1.872,1.872,1.056,0.845,0.831,0.808,0.829,0.831",2118.763916015625,2614.734619140625,"177.4,177.4,3358,2752,2646,2509,2644,2687",87.15204620361328,101.68061065673828,"41.89,41.89,103.6,102.5,102.2,100.6,102,102.4"
14,up_proj,gptq,14336,4096,0,0.002049616404942104,0.00153109005519322,8.732580243369739,0.01669702985253821,39.930938720703125,32.10579299926758,94.638671875,165.216552734375,126.08296966552734,146.5922393798828,0.6939449906349182,8.715705871582031,0.09206599742174149,"3398,2976,3307,835,1641,3071,2960,2679,578,3150,1565,3240,2043,1935,53,3070",48.06080627441406,,,,,0,58.165103912353516,64.82839965820312,67.75431060791016,81.58429718017578,"1.290,1.290,1.033,0.875,0.847,0.816,0.835,0.840",2118.763916015625,2614.734619140625,"177.4,177.4,3358,2752,2646,2509,2644,2687",87.15204620361328,101.68061065673828,"41.89,41.89,103.6,102.5,102.2,100.6,102,102.4"
14,down_proj,gptq,4096,14336,0,0.0020120995385306223,0.001531430653163365,15.21364865164253,0.029982800095858096,46.893035888671875,31.604114532470703,0.20326673984527588,0.44827741384506226,0.3205183744430542,0.29242587089538574,0.8247219324111938,15.139163970947266,0.17058981955051422,"1809,4227,2829,5119,8003,7307,10009,13916,11665,13065,604,1635,13650,512,1341,1277",2270.692626953125,,,,,0,0.1546991914510727,0.13102227449417114,0.16900646686553955,0.16034428775310516,"1.935,1.935,1.229,1.028,1.062,1.060,1.084,1.092",7266.77587890625,10158.1748046875,"65.65,65.65,7871,8719,1.046e+04,9541,1.074e+04,1.067e+04",7.323655128479004,8.464536666870117,"4.305,4.305,7.122,8.202,8.89,8.396,8.731,8.638"
15,q_proj,gptq,4096,4096,0,0.00206601619720459,0.0014820098876953125,6.9762555557763335,0.030547677898118956,20.932357788085938,14.699520111083984,89.65254211425781,227.6901397705078,121.96562194824219,187.60243225097656,0.6151553988456726,6.954746246337891,0.2718828320503235,"678,1528,3072,1935,1642,2692,4084,1504,232,3621,2245,2083,213,3533,2061,2388",199.18051147460938,,,,,0,59.12944030761719,85.32440948486328,62.35019302368164,104.01129150390625,"1.492,1.492,0.806,0.646,0.593,0.578,0.598,0.609",1852.599365234375,2234.838134765625,"173.5,173.5,2885,2409,2370,2175,2312,2323",145.93540954589844,167.48231506347656,"77.06,77.06,160.2,171.2,173.2,170.3,169,169.5"
15,k_proj,gptq,1024,4096,0,0.002012014389038086,0.0014619827270507812,3.920046013493902,0.04434387918297008,9.414623260498047,6.365691184997559,41.462646484375,115.7074203491211,61.95830535888672,96.88336944580078,0.6151553988456726,3.8969645500183105,0.372983455657959,"678,1935,1528,3072,1504,4084,2692,232,1642,2245,3621,2083,3533,2061,213,2388",199.18051147460938,,,,,0,31.12485694885254,44.61648941040039,29.796667098999023,53.30142593383789,"1.830,1.830,0.879,0.662,0.566,0.531,0.539,0.548",1852.599365234375,2234.838134765625,"173.5,173.5,2885,2409,2370,2175,2312,2323",145.93540954589844,167.48231506347656,"77.06,77.06,160.2,171.2,173.2,170.3,169,169.5"
15,v_proj,gptq,1024,4096,0,0.00202178955078125,0.0015025138854980469,0.6769660262891648,0.02084542950058113,2.6660125255584717,2.0241475105285645,11.093859672546387,24.891845703125,13.691247940063477,19.83160400390625,0.6151553988456726,0.6763445138931274,0.1451166719198227,"1528,678,3072,4084,1935,1642,2692,232,1504,3621,2245,2061,2083,213,3533,2388",199.18051147460938,,,,,0,6.277441024780273,8.784114837646484,7.372546195983887,11.135093688964844,"1.164,1.164,0.921,0.734,0.663,0.631,0.658,0.656",1852.599365234375,2234.838134765625,"173.5,173.5,2885,2409,2370,2175,2312,2323",145.93540954589844,167.48231506347656,"77.06,77.06,160.2,171.2,173.2,170.3,169,169.5"
15,o_proj,gptq,4096,4096,0,0.0021008849143981934,0.0015016794204711914,4.408635827972059,0.033947472403933684,12.800187110900879,7.4401960372924805,0.09767130017280579,0.29834187030792236,0.07540053129196167,0.14611591398715973,0.7052608132362366,4.399657249450684,0.04296678304672241,"2395,3021,2765,4005,1608,582,3749,3621,229,2523,2139,2800,1265,485,2893,1992",19.892303466796875,,,,,0,0.017436567693948746,0.04863210394978523,0.04647092893719673,0.08098001778125763,"0.039,0.039,0.372,0.422,0.438,0.394,0.443,0.457",523.3185424804688,1368.1541748046875,"31.17,31.17,561.8,687.6,697.5,579.2,766.5,831.6",5.231403350830078,6.553348541259766,"4.382,4.382,5.292,5.552,5.547,5.22,5.677,5.799"
15,gate_proj,gptq,14336,4096,0,0.0020475387573242188,0.001516376222882952,11.125852650238812,0.018822225505708147,46.37901306152344,36.94084167480469,123.65153503417969,225.82212829589844,165.6596221923828,194.2674102783203,0.7136284112930298,11.10801887512207,0.1231493428349495,"2976,3398,1641,3307,835,3071,2679,2960,3070,578,1565,1434,292,1030,2618,3121",51.171051025390625,,,,,0,75.56526947021484,85.25877380371094,90.2939453125,108.36109924316406,"1.802,1.802,1.013,0.820,0.828,0.804,0.822,0.832",2095.231689453125,2611.838623046875,"166.9,166.9,3249,2714,2676,2490,2636,2663",90.90776824951172,108.39799499511719,"35.59,35.59,110.6,110.1,110,107.2,109,109.2"
15,up_proj,gptq,14336,4096,0,0.002047692026410784,0.0015376806259155273,8.663901890760826,0.016739486043985525,39.23918151855469,31.316818237304688,106.16104888916016,187.46768188476562,136.76754760742188,161.64503479003906,0.7136284112930298,8.655586242675781,0.08564318716526031,"2976,3398,1641,3307,835,3071,2679,2960,1565,3070,578,1434,292,3121,2043,1030",51.171051025390625,,,,,0,61.51187515258789,71.00856018066406,75.30465698242188,90.11622619628906,"1.164,1.164,0.998,0.842,0.825,0.809,0.823,0.835",2095.231689453125,2611.838623046875,"166.9,166.9,3249,2714,2676,2490,2636,2663",90.90776824951172,108.39799499511719,"35.59,35.59,110.6,110.1,110,107.2,109,109.2"
15,down_proj,gptq,4096,14336,0,0.0019926343645368305,0.0015334572110857283,14.124809930675497,0.02797947718937632,45.01787567138672,30.601341247558594,0.2523897886276245,0.4657975137233734,0.41479259729385376,0.3906559944152832,0.1830628365278244,14.114005088806152,0.06382977962493896,"2538,824,12658,5759,16,8536,6796,4083,9404,4435,10567,10897,6195,10032,11110,1594",69.94638061523438,,,,,0,0.1807761788368225,0.17049553990364075,0.22768869996070862,0.2093341201543808,"0.944,0.944,1.082,1.007,1.053,1.036,1.084,1.090",8677.4404296875,11387.056640625,"50.6,50.6,1.553e+04,1.005e+04,1.084e+04,9449,1.157e+04,1.188e+04",7.844707012176514,9.703835487365723,"0.9251,0.9251,11.91,9.965,10.01,9.233,9.888,9.905"
16,q_proj,gptq,4096,4096,0,0.0020385384559631348,0.0014673471450805664,6.290490061941,0.027394545479029638,20.01970672607422,14.101459503173828,84.5500259399414,204.55108642578125,119.10284423828125,172.8038330078125,0.604361355304718,6.277432441711426,0.2881878614425659,"1935,1528,678,3072,1504,1642,4084,232,3621,2245,213,2692,2083,3701,2388,3533",211.48463439941406,,,,,0,56.99491882324219,77.77132415771484,61.02586364746094,95.62788391113281,"1.463,1.463,0.919,0.659,0.624,0.589,0.643,0.634",1920.8785400390625,2386.00146484375,"175.4,175.4,3057,2413,2408,2263,2441,2433",142.7548065185547,163.3365478515625,"75.58,75.58,159.9,165,169.3,166.7,164.8,165.2"
16,k_proj,gptq,1024,4096,0,0.002054929733276367,0.001455068588256836,3.548734399817704,0.037690949843707015,9.212953567504883,6.424522876739502,39.66059494018555,108.90657806396484,61.24545669555664,92.32192993164062,0.604361355304718,3.548849582672119,0.3906104862689972,"1935,1528,678,3072,1504,1642,4084,3621,213,3533,232,2692,3701,2245,2083,2388",211.48463439941406,,,,,0,30.76160430908203,41.842559814453125,30.28746223449707,51.71683883666992,"2.210,2.210,0.939,0.623,0.564,0.528,0.584,0.582",1920.8785400390625,2386.00146484375,"175.4,175.4,3057,2413,2408,2263,2441,2433",142.7548065185547,163.3365478515625,"75.58,75.58,159.9,165,169.3,166.7,164.8,165.2"
16,v_proj,gptq,1024,4096,0,0.002050161361694336,0.0014982223510742188,0.6584761300787818,0.02008974705767288,2.662682294845581,2.0367417335510254,11.105656623840332,23.5794677734375,13.911994934082031,19.759889602661133,0.604361355304718,0.6568337082862854,0.14901544153690338,"1935,678,3072,1528,1642,1504,4084,232,2245,3621,2388,2692,2083,2061,3533,3150",211.48463439941406,,,,,0,6.194533824920654,8.630833625793457,7.698459625244141,11.198542594909668,"1.015,1.015,0.879,0.720,0.663,0.646,0.686,0.693",1920.8785400390625,2386.00146484375,"175.4,175.4,3057,2413,2408,2263,2441,2433",142.7548065185547,163.3365478515625,"75.58,75.58,159.9,165,169.3,166.7,164.8,165.2"
16,o_proj,gptq,4096,4096,0,0.0021036863327026367,0.0014992356300354004,4.227056465483997,0.032239930158622705,12.490763664245605,7.480959415435791,0.10536165535449982,0.30242303013801575,0.1074385941028595,0.16840341687202454,0.7712256908416748,4.217333793640137,0.04413560777902603,"1762,3466,1890,3949,1634,3338,813,3821,941,4077,685,2268,3082,2018,2524,1254",25.094003677368164,,,,,0,0.026815779507160187,0.051951948553323746,0.06913882493972778,0.09657357633113861,"0.057,0.057,0.301,0.526,0.589,0.623,0.671,0.685",742.3223876953125,2044.6004638671875,"30.21,30.21,261.4,807.8,933.4,1125,1301,1450",5.38981294631958,7.262819766998291,"4.109,4.109,4.462,5.637,5.823,6.166,6.319,6.494"
16,gate_proj,gptq,14336,4096,0,0.0020426511764526367,0.0015026841844831193,12.144927555264076,0.019829101264614696,48.679473876953125,38.772972106933594,151.41744995117188,287.231689453125,210.79568481445312,251.61065673828125,0.712975800037384,12.127941131591797,0.1283588409423828,"2976,1641,835,3398,3307,2679,3071,2960,1565,578,3070,1434,3121,1030,2043,292",54.83292007446289,,,,,0,95.94475555419922,111.04141998291016,115.47651672363281,139.75631713867188,"1.768,1.768,1.005,0.785,0.785,0.773,0.802,0.810",2131.7041015625,2708.020263671875,"171.2,171.2,3442,2673,2644,2519,2712,2721",101.42278289794922,119.92540740966797,"42.45,42.45,123.2,121.6,121,119.1,121,120.6"
16,up_proj,gptq,14336,4096,0,0.002045001302446638,0.0015308516366141184,8.857428515403626,0.017283641566742475,39.02252197265625,31.070056915283203,123.2044906616211,225.45289611816406,164.29751586914062,197.43890380859375,0.712975800037384,8.844322204589844,0.0866866335272789,"2976,1641,835,3398,3307,2679,3071,2960,1565,578,1434,3070,1030,3121,2043,292",54.83292007446289,,,,,0,73.24091339111328,86.53054809570312,91.2584457397461,110.00144958496094,"1.108,1.108,1.003,0.797,0.797,0.783,0.813,0.820",2131.7041015625,2708.020263671875,"171.2,171.2,3442,2673,2644,2519,2712,2721",101.42278289794922,119.92540740966797,"42.45,42.45,123.2,121.6,121,119.1,121,120.6"
16,down_proj,gptq,4096,14336,0,0.0020038059779575895,0.0015419040407453264,14.85807646593264,0.029747574533725674,45.236698150634766,30.20435905456543,0.34402328729629517,0.672065258026123,0.5687046051025391,0.5296305418014526,0.4956018328666687,14.84946060180664,0.08111164718866348,"8046,1633,3358,12519,2944,4564,11519,10113,6178,7456,6297,4792,11501,2678,7285,6346",123.16197967529297,,,,,0,0.23694223165512085,0.21478672325611115,0.3272536098957062,0.30342724919319153,"0.892,0.892,1.313,1.085,1.081,1.031,1.089,1.067",8554.400390625,11967.4794921875,"39.4,39.4,1.108e+04,1.121e+04,1.168e+04,1.068e+04,1.206e+04,1.164e+04",9.041464805603027,11.853678703308105,"1.25,1.25,10.71,11.78,12.01,11.64,11.9,11.79"
17,q_proj,gptq,4096,4096,0,0.002045869827270508,0.0014733076095581055,7.182920808723793,0.03108448095499138,20.9766788482666,14.194632530212402,74.82174682617188,199.33908081054688,114.81786346435547,165.76797485351562,0.6112654805183411,7.16851806640625,0.2576427757740021,"1935,1528,678,1642,1504,2245,2388,3072,2960,2043,232,2692,774,4084,1437,213",214.9520263671875,,,,,0,55.65210723876953,74.73474884033203,58.26100158691406,91.84486389160156,"1.681,1.681,0.999,0.637,0.599,0.565,0.618,0.623",1967.0028076171875,2450.177978515625,"179.4,179.4,3215,2457,2458,2290,2487,2472",142.42181396484375,161.90487670898438,"79.88,79.88,156.1,164.1,166.6,165.4,163.6,163.7"
17,k_proj,gptq,1024,4096,0,0.002046823501586914,0.0015087127685546875,3.483548229302869,0.03964772352605058,8.831382751464844,5.875347137451172,32.337860107421875,92.23406982421875,52.58938980102539,79.12594604492188,0.6112654805183411,3.474195957183838,0.30479633808135986,"1935,1528,678,1642,1504,2692,2388,2960,3072,2245,2043,232,1437,4084,3621,3031",214.9520263671875,,,,,0,25.851408004760742,34.97834396362305,26.23965072631836,44.51386642456055,"1.624,1.624,0.886,0.684,0.626,0.563,0.612,0.610",1967.0028076171875,2450.177978515625,"179.4,179.4,3215,2457,2458,2290,2487,2472",142.42181396484375,161.90487670898438,"79.88,79.88,156.1,164.1,166.6,165.4,163.6,163.7"
17,v_proj,gptq,1024,4096,0,0.0020263195037841797,0.0014846324920654297,0.9173149654798181,0.027917623127068282,2.9044406414031982,2.1063923835754395,10.228556632995605,25.14246368408203,14.382165908813477,21.779582977294922,0.6112654805183411,0.9154092073440552,0.1742367446422577,"1935,678,1528,1642,2043,2245,1504,3072,2692,2388,774,188,232,2960,1357,4084",214.9520263671875,,,,,0,6.515622138977051,9.660818099975586,7.743197441101074,12.318453788757324,"1.181,1.181,1.047,0.599,0.601,0.559,0.617,0.607",1967.0028076171875,2450.177978515625,"179.4,179.4,3215,2457,2458,2290,2487,2472",142.42181396484375,161.90487670898438,"79.88,79.88,156.1,164.1,166.6,165.4,163.6,163.7"
17,o_proj,gptq,4096,4096,0,0.0020941495895385742,0.0014782547950744629,4.413453357408571,0.03240887602623725,13.203989028930664,7.825242519378662,0.1228521466255188,0.3189709782600403,0.07913590967655182,0.1829805225133896,0.6485621333122253,4.405306339263916,0.04521100968122482,"2772,2023,2900,1895,1767,2104,3028,2644,3260,834,1639,3132,706,3388,3516,2360",17.430850982666016,,,,,0,0.026404835283756256,0.08128650486469269,0.05140725523233414,0.10189185291528702,"0.068,0.068,0.162,0.301,0.444,0.432,0.436,0.454",600.2041625976562,1283.1002197265625,"60.93,60.93,225.9,422.6,1056,897.1,1029,1050",6.774561882019043,7.609240531921387,"6.249,6.249,5.862,5.693,7.728,7.242,7.633,7.54"
17,gate_proj,gptq,14336,4096,0,0.0020472322191510883,0.0015048810413905553,12.391154998883621,0.019889568426122717,49.31603240966797,39.08673095703125,177.59332275390625,331.4227600097656,244.1757354736328,290.0289306640625,0.7437158226966858,12.36851692199707,0.11948387324810028,"2976,835,1641,2679,3071,2960,1434,3307,3398,578,2043,1565,3070,3121,1030,1428",44.851505279541016,,,,,0,109.47377014160156,127.18952178955078,133.59307861328125,160.8040008544922,"1.811,1.811,1.022,0.803,0.794,0.774,0.817,0.813",2154.2275390625,2701.88916015625,"161.5,161.5,3534,2728,2690,2505,2738,2715",105.87520599365234,128.24911499023438,"34.39,34.39,132.3,130.4,129.8,126.9,129.5,129.2"
17,up_proj,gptq,14336,4096,0,0.00203946658543178,0.0015423808779035295,9.018823575681722,0.017379116121868633,39.45770263671875,31.232481002807617,144.56846618652344,259.27386474609375,192.6519775390625,226.40206909179688,0.7437158226966858,9.006874084472656,0.0811709612607956,"2976,835,1641,2679,2960,3307,1434,3071,3398,578,2043,1565,3070,3121,1428,1030",44.851505279541016,,,,,0,85.30756378173828,98.73970031738281,106.32588958740234,126.05075073242188,"1.152,1.152,1.056,0.813,0.816,0.791,0.831,0.831",2154.2275390625,2701.88916015625,"161.5,161.5,3534,2728,2690,2505,2738,2715",105.87520599365234,128.24911499023438,"34.39,34.39,132.3,130.4,129.8,126.9,129.5,129.2"
17,down_proj,gptq,4096,14336,0,0.001993639128548758,0.0015360798154558455,14.949245627080785,0.029540332749561388,46.09810256958008,30.84447479248047,0.4810482859611511,0.8768282532691956,0.8316572904586792,0.8021959066390991,0.3463458716869354,14.933433532714844,0.06595136970281601,"2169,1357,11327,3931,2272,3153,6023,4877,2367,1375,14264,13736,9912,6484,11444,51",107.18326568603516,,,,,0,0.39914825558662415,0.38757142424583435,0.4116160571575165,0.39415493607521057,"0.857,0.857,0.996,1.080,1.072,1.019,1.029,1.035",10235.6181640625,10668.1826171875,"28.46,28.46,2.656e+04,1.05e+04,1.218e+04,1.048e+04,1.125e+04,1.086e+04",11.248211860656738,13.344287872314453,"0.7828,0.7828,19.91,13.17,14.16,13.58,14.01,13.58"
18,q_proj,gptq,4096,4096,0,0.0020444393157958984,0.001468360424041748,7.245146371370538,0.03083861184940905,21.314815521240234,14.457712173461914,95.79764556884766,242.45095825195312,137.59295654296875,204.31463623046875,0.5896841883659363,7.228742599487305,0.26987242698669434,"1935,678,1528,1642,1504,3072,2245,2388,232,3533,2692,4084,1437,2043,2083,2061",199.16055297851562,,,,,0,64.97109985351562,92.72071838378906,70.98214721679688,113.49034881591797,"1.396,1.396,0.874,0.659,0.600,0.547,0.608,0.610",1908.17138671875,2327.014892578125,"178.1,178.1,3126,2416,2415,2216,2395,2341",154.06817626953125,175.89263916015625,"86.85,86.85,162.6,179.3,181.9,179,178.1,177.9"
18,k_proj,gptq,1024,4096,0,0.0020661354064941406,0.0014603137969970703,3.5950322413314098,0.04349387015860135,8.632328987121582,5.591557025909424,40.21946334838867,105.9854736328125,61.27851867675781,89.67283630371094,0.5896841883659363,3.585637092590332,0.33229711651802063,"1935,1528,678,1504,1642,3072,2245,232,2388,3533,2692,1437,4084,2083,213,2043",199.16055297851562,,,,,0,29.910810470581055,41.4500732421875,30.660367965698242,49.62126159667969,"1.793,1.793,0.936,0.653,0.564,0.529,0.584,0.586",1908.17138671875,2327.014892578125,"178.1,178.1,3126,2416,2415,2216,2395,2341",154.06817626953125,175.89263916015625,"86.85,86.85,162.6,179.3,181.9,179,178.1,177.9"
18,v_proj,gptq,1024,4096,0,0.0020570755004882812,0.0015196800231933594,0.8647139382166245,0.02717111248102631,2.8148207664489746,2.0776753425598145,12.394710540771484,29.976518630981445,16.644811630249023,25.426624298095703,0.5896841883659363,0.8627890348434448,0.16402411460876465,"1935,1642,2245,1504,3072,2043,232,188,1528,678,2388,2692,2083,4084,3150,3031",199.16055297851562,,,,,0,7.46301794052124,11.29492473602295,8.960259437561035,14.301526069641113,"0.999,0.999,0.932,0.623,0.606,0.573,0.611,0.613",1908.17138671875,2327.014892578125,"178.1,178.1,3126,2416,2415,2216,2395,2341",154.06817626953125,175.89263916015625,"86.85,86.85,162.6,179.3,181.9,179,178.1,177.9"
18,o_proj,gptq,4096,4096,0,0.0021007657051086426,0.0014916658401489258,4.352977790460045,0.033794957290922065,12.516921997070312,7.3932061195373535,0.13142827153205872,0.4282865524291992,0.143638014793396,0.23895421624183655,0.679438591003418,4.338067054748535,0.04936271160840988,"1283,1027,2221,2093,2477,1155,747,1411,619,3839,1003,4095,2349,3967,1770,875",47.59718322753906,,,,,0,0.04510575532913208,0.08768297731876373,0.09004519879817963,0.13514232635498047,"0.099,0.099,0.377,0.544,0.619,0.608,0.626,0.651",991.7258911132812,2083.49365234375,"52.57,52.57,470.7,1034,1584,1436,1575,1729",6.936139106750488,8.706302642822266,"5.415,5.415,6.111,7.046,7.86,7.577,7.922,8.145"
18,gate_proj,gptq,14336,4096,0,0.0020365544727870394,0.0015004192079816545,12.860480765429429,0.02044820711314884,49.848392486572266,38.88689422607422,203.33729553222656,388.834716796875,293.1097412109375,336.4315490722656,0.7394647598266602,12.839672088623047,0.14235195517539978,"2976,835,1641,2679,3307,3071,1434,578,2960,3070,3398,2023,1030,3121,1565,1428",54.631282806396484,,,,,0,131.6024169921875,145.49612426757812,159.65206909179688,188.00340270996094,"1.835,1.835,1.087,0.851,0.850,0.812,0.838,0.833",2208.203125,2737.677978515625,"165.7,165.7,3638,2810,2802,2588,2771,2725",115.43585205078125,139.40745544433594,"40.84,40.84,140.1,141.5,141.3,138.1,140.7,140.2"
18,up_proj,gptq,14336,4096,0,0.002045954976763044,0.001535177230834961,9.214302631705436,0.017732965196455532,39.56365966796875,31.031158447265625,163.74691772460938,303.83795166015625,227.333251953125,265.68682861328125,0.7394647598266602,9.201676368713379,0.09954065084457397,"2976,835,1641,2679,3307,3071,578,1434,2960,3070,3398,2023,3121,3510,2043,1030",54.631282806396484,,,,,0,101.34197998046875,115.56857299804688,123.86575317382812,147.59584045410156,"1.137,1.137,1.089,0.834,0.837,0.805,0.828,0.821",2208.203125,2737.677978515625,"165.7,165.7,3638,2810,2802,2588,2771,2725",115.43585205078125,139.40745544433594,"40.84,40.84,140.1,141.5,141.3,138.1,140.7,140.2"
18,down_proj,gptq,4096,14336,0,0.001991544451032366,0.001536590712411063,15.996262615685804,0.03178426111079365,46.99996566772461,30.722503662109375,0.6876633167266846,1.326716661453247,1.1772716045379639,1.0973093509674072,0.1883517950773239,15.975214004516602,0.08806245028972626,"550,11706,5801,4295,897,10911,3372,8730,5744,6116,13701,3216,11721,12133,13654,3526",58.768516540527344,,,,,0,0.5241010189056396,0.4851086139678955,0.6311825513839722,0.5842319130897522,"0.902,0.902,1.207,1.073,1.067,1.037,1.066,1.037",9713.6064453125,11642.544921875,"25.94,25.94,1.494e+04,1.391e+04,1.38e+04,1.166e+04,1.125e+04,1.208e+04",13.066778182983398,16.338226318359375,"0.8803,0.8803,16.7,18.31,17.41,17.02,16.24,17.08"
19,q_proj,gptq,4096,4096,0,0.002048671245574951,0.0014712810516357422,6.544809254654638,0.030220149037077357,19.448287963867188,13.227607727050781,93.01516723632812,216.79986572265625,144.03134155273438,182.951904296875,0.5867791175842285,6.5358381271362305,0.283392995595932,"1935,678,1642,1528,1504,3072,232,2245,2692,4084,3533,2083,2388,1437,3031,188",178.17327880859375,,,,,0,68.013916015625,82.38949584960938,74.07381439208984,101.4117660522461,"1.463,1.463,1.111,0.738,0.717,0.672,0.718,0.714",2094.97021484375,2511.58154296875,"177,177,3471,2726,2659,2477,2546,2527",152.0474853515625,173.9052276611328,"83.5,83.5,166.5,176.6,178.6,176.7,176,175"
19,k_proj,gptq,1024,4096,0,0.002038717269897461,0.001466989517211914,3.5642002826800763,0.04494156599485319,8.349687576293945,5.483642578125,41.62863540649414,102.02984619140625,68.81735229492188,83.64530181884766,0.5867791175842285,3.555148124694824,0.3730962574481964,"1935,1528,1642,678,1504,2083,232,3072,2388,2245,4084,2692,1437,3533,213,2043",178.17327880859375,,,,,0,32.57798767089844,37.615745544433594,35.2611083984375,46.738609313964844,"1.956,1.956,1.177,0.747,0.722,0.658,0.714,0.706",2094.97021484375,2511.58154296875,"177,177,3471,2726,2659,2477,2546,2527",152.0474853515625,173.9052276611328,"83.5,83.5,166.5,176.6,178.6,176.7,176,175"
19,v_proj,gptq,1024,4096,0,0.0020341873168945312,0.0015387535095214844,0.9219073338211032,0.024065750309788397,3.20463228225708,2.4156312942504883,14.883009910583496,33.77532196044922,21.308530807495117,28.797828674316406,0.5867791175842285,0.9188634157180786,0.1612149327993393,"1642,1935,678,1528,3072,2245,2692,1504,232,2083,2388,4084,1437,2043,1010,188",178.17327880859375,,,,,0,9.444741249084473,12.620535850524902,11.570466995239258,16.20909309387207,"0.953,0.953,0.990,0.711,0.694,0.686,0.700,0.699",2094.97021484375,2511.58154296875,"177,177,3471,2726,2659,2477,2546,2527",152.0474853515625,173.9052276611328,"83.5,83.5,166.5,176.6,178.6,176.7,176,175"
19,o_proj,gptq,4096,4096,0,0.0021131038665771484,0.0015091896057128906,4.83813004821377,0.034674911543165605,13.86563491821289,7.946436405181885,0.15858376026153564,0.4263738989830017,0.18017388880252838,0.24359816312789917,0.6965419054031372,4.81254768371582,0.049804482609033585,"2827,4056,2699,3928,3103,3800,2955,3487,329,3231,2571,3672,73,974,201,1539",44.79514694213867,,,,,0,0.054423633962869644,0.08220630884170532,0.10574252903461456,0.14055974781513214,"0.099,0.099,0.684,0.785,0.806,0.693,0.716,0.732",1302.9698486328125,2409.649169921875,"41.71,41.71,982.9,1930,2238,1606,1778,1806",6.53027868270874,8.52034854888916,"4.604,4.604,5.179,7.178,7.914,7.438,7.641,7.684"
19,gate_proj,gptq,14336,4096,0,0.0020409992762974332,0.0015002829687935965,13.119403783914379,0.020371656192705458,50.786277770996094,39.062255859375,234.22898864746094,451.96417236328125,357.7930908203125,397.26904296875,0.6695865392684937,13.092947959899902,0.14239585399627686,"2976,1641,835,2679,3071,3307,578,3398,1434,2023,3070,2960,1030,1966,3510,2070",54.46084976196289,,,,,0,164.9707489013672,175.58245849609375,190.31712341308594,218.00965881347656,"1.467,1.467,1.122,0.894,0.878,0.847,0.857,0.850",2311.046875,2822.461181640625,"174,174,3795,3020,2940,2742,2827,2816",128.56617736816406,149.24124145507812,"62.28,62.28,152.9,152,151,148.2,149.9,150"
19,up_proj,gptq,14336,4096,0,0.0020406927381243023,0.0015389748982020787,9.31546607184768,0.01801383514841107,39.358253479003906,30.625699996948242,183.86618041992188,347.5594482421875,269.14410400390625,305.359619140625,0.6695865392684937,9.303706169128418,0.10317467153072357,"2976,1641,835,2679,3071,3307,578,3398,1434,2023,3070,3510,2960,1030,1966,1428",54.46084976196289,,,,,0,121.94682312011719,135.07777404785156,144.59352111816406,167.3761749267578,"0.916,0.916,1.095,0.886,0.877,0.841,0.856,0.849",2311.046875,2822.461181640625,"174,174,3795,3020,2940,2742,2827,2816",128.56617736816406,149.24124145507812,"62.28,62.28,152.9,152,151,148.2,149.9,150"
19,down_proj,gptq,4096,14336,0,0.001997573035103934,0.0015544891357421875,18.112134933484526,0.03607532264555297,48.95502853393555,30.450138092041016,0.916925311088562,1.8713123798370361,1.5954737663269043,1.9868566989898682,0.8890870809555054,18.07733917236328,0.1455228626728058,"1816,11788,322,12320,1481,1623,9501,5779,7489,2890,3893,6192,9797,11306,11148,10731",303.236328125,,,,,0,0.7797336578369141,1.2744415998458862,0.8600142002105713,0.7590072751045227,"0.160,0.160,1.379,1.069,1.171,1.052,1.078,1.095",9106.8291015625,11726.353515625,"178.4,178.4,9784,1.213e+04,1.438e+04,1.178e+04,1.27e+04,1.172e+04",22.34487533569336,18.673616409301758,"32.26,32.26,15.64,20.15,19.73,19.78,20.05,18.9"
20,q_proj,gptq,4096,4096,0,0.002039968967437744,0.0014765262603759766,7.388346890294088,0.03466554393044316,20.19314193725586,13.284160614013672,100.83851623535156,228.61598205566406,164.77474975585938,197.87222290039062,0.5825333595275879,7.371210098266602,0.2588045299053192,"1935,1642,678,1528,1504,232,3072,3031,2083,1437,188,3533,2245,2388,213,2692",131.72747802734375,,,,,0,76.02908325195312,88.65682220458984,86.60710906982422,110.37213134765625,"1.371,1.371,1.256,0.778,0.759,0.728,0.748,0.743",2121.871826171875,2577.99365234375,"178.1,178.1,3615,2734,2643,2522,2597,2508",155.16700744628906,181.46438598632812,"73.57,73.57,172.2,185.7,186.6,184.4,183.6,181.7"
20,k_proj,gptq,1024,4096,0,0.0020751953125,0.0014677047729492188,3.9138460001709063,0.05191345972001315,8.494807243347168,5.298830986022949,45.13162612915039,105.25670623779297,80.06635284423828,92.50204467773438,0.5825333595275879,3.910614013671875,0.3464334011077881,"1935,1642,1528,678,1504,3072,2083,213,232,3533,3031,1437,2043,2692,2245,2388",131.72747802734375,,,,,0,37.79018783569336,41.26097869873047,41.55216598510742,52.016868591308594,"1.929,1.929,1.477,0.772,0.779,0.721,0.764,0.753",2121.871826171875,2577.99365234375,"178.1,178.1,3615,2734,2643,2522,2597,2508",155.16700744628906,181.46438598632812,"73.57,73.57,172.2,185.7,186.6,184.4,183.6,181.7"
20,v_proj,gptq,1024,4096,0,0.0020439624786376953,0.001476287841796875,1.0877606244641385,0.027013111725609905,3.4759559631347656,2.476923942565918,16.579303741455078,36.550941467285156,25.15411949157715,30.863468170166016,0.5825333595275879,1.0848729610443115,0.1367723047733307,"1935,1528,2043,1642,188,2245,1357,3031,155,1504,1973,2960,1010,3072,3150,1437",131.72747802734375,,,,,0,11.136239051818848,13.265682220458984,13.569497108459473,17.579551696777344,"1.068,1.068,1.255,0.778,0.777,0.744,0.766,0.758",2121.871826171875,2577.99365234375,"178.1,178.1,3615,2734,2643,2522,2597,2508",155.16700744628906,181.46438598632812,"73.57,73.57,172.2,185.7,186.6,184.4,183.6,181.7"
20,o_proj,gptq,4096,4096,0,0.0021218061447143555,0.0015227794647216797,4.900436279120072,0.03411584781991415,14.057684898376465,8.164180755615234,0.15746355056762695,0.36624956130981445,0.13880106806755066,0.17130227386951447,0.8001794219017029,4.889713287353516,0.04733516648411751,"988,3980,3828,860,294,422,38,166,3175,3431,3559,3012,2628,2756,732,3303",22.52897071838379,,,,,0,0.03848191723227501,0.05145430937409401,0.09974244236946106,0.1149032935500145,"0.114,0.114,0.544,0.847,0.805,0.763,0.843,0.838",744.859375,1965.96923828125,"23.99,23.99,285.2,1068,1127,859.4,1280,1292",4.72314453125,7.271510124206543,"2.917,2.917,3.064,4.861,5.914,5.622,6.287,6.202"
20,gate_proj,gptq,14336,4096,0,0.002040607588631766,0.0015021051679338729,12.846455328404772,0.01964340036302696,50.92705535888672,38.75546646118164,274.3829345703125,511.33282470703125,404.95343017578125,436.75616455078125,0.7514712810516357,12.826432228088379,0.1429082304239273,"1641,2976,835,2679,3071,3307,578,1434,1030,2023,1966,3398,3070,3510,2618,1428",61.01476287841797,,,,,0,179.56809997558594,189.4375762939453,220.92666625976562,242.24600219726562,"1.630,1.630,1.151,0.900,0.896,0.878,0.890,0.872",2303.797607421875,2826.1240234375,"155.9,155.9,3940,2976,2879,2752,2833,2739",130.39720153808594,158.3347930908203,"40.76,40.76,165.7,161.7,159.5,157.9,159.2,157.7"
20,up_proj,gptq,14336,4096,0,0.002040062631879534,0.001539792333330427,8.962962158145274,0.017727372122159142,38.23160171508789,29.574764251708984,208.90838623046875,381.3763732910156,298.98846435546875,329.40728759765625,0.7514712810516357,8.951706886291504,0.10354582220315933,"1641,2976,835,2679,3307,3071,578,1434,2023,1030,3398,1966,3070,3510,1428,2618",61.01476287841797,,,,,0,132.64561462402344,143.42141723632812,162.81817626953125,182.1240692138672,"1.056,1.056,1.109,0.892,0.895,0.871,0.879,0.869",2303.797607421875,2826.1240234375,"155.9,155.9,3940,2976,2879,2752,2833,2739",130.39720153808594,158.3347930908203,"40.76,40.76,165.7,161.7,159.5,157.9,159.2,157.7"
20,down_proj,gptq,4096,14336,0,0.00199735164642334,0.0015450034822736467,16.200326227373125,0.03265553062523538,46.04381561279297,29.433937072753906,0.9545810222625732,1.9351688623428345,1.5985443592071533,1.396670937538147,0.3592809736728668,16.18662452697754,0.09795144945383072,"7016,13064,10631,13985,9931,848,1955,829,3086,10786,10862,6899,2295,11266,3459,11028",100.28070831298828,,,,,0,0.7228196263313293,0.626254677772522,0.9231330156326294,0.8006380796432495,"0.984,0.984,1.447,1.083,1.096,1.125,1.109,1.131",9520.94140625,12182.966796875,"29.6,29.6,1.313e+04,1.247e+04,1.337e+04,1.284e+04,1.204e+04,1.226e+04",15.15434741973877,19.406850814819336,"1.165,1.165,18.34,20.49,20.38,20.37,19.77,19.55"
21,q_proj,gptq,4096,4096,0,0.002035975456237793,0.0014579296112060547,7.214126902304088,0.0339856382169828,19.8607177734375,13.024628639221191,99.91764068603516,226.88226318359375,162.37911987304688,189.98480224609375,0.6000292301177979,7.201637268066406,0.23127789795398712,"1935,1528,1642,678,155,2043,188,1504,3031,2083,2078,1357,3072,2388,213,1437",129.4989013671875,,,,,0,73.87116241455078,84.11886596679688,84.9636459350586,105.40016174316406,"1.318,1.318,1.245,0.818,0.776,0.763,0.770,0.760",2086.70458984375,2567.869384765625,"178.5,178.5,3596,2695,2541,2514,2543,2447",151.90907287597656,178.6638641357422,"70.57,70.57,168.9,183.5,182.5,180.6,180.4,178.2"
21,k_proj,gptq,1024,4096,0,0.0020389556884765625,0.0014519691467285156,3.658104092445683,0.04832786156214274,8.247512817382812,5.169974327087402,43.88697814941406,100.21701049804688,76.629638671875,84.51828002929688,0.6000292301177979,3.641536235809326,0.30236729979515076,"1935,1528,678,1642,155,188,2043,1504,2388,3031,213,2083,3072,1357,2245,1437",129.4989013671875,,,,,0,35.033599853515625,37.859474182128906,39.969139099121094,47.14453887939453,"1.699,1.699,1.416,0.833,0.759,0.769,0.799,0.777",2086.70458984375,2567.869384765625,"178.5,178.5,3596,2695,2541,2514,2543,2447",151.90907287597656,178.6638641357422,"70.57,70.57,168.9,183.5,182.5,180.6,180.4,178.2"
21,v_proj,gptq,1024,4096,0,0.0020079612731933594,0.0014934539794921875,1.2455585239359621,0.030144276933901887,3.7044785022735596,2.5722813606262207,18.149078369140625,39.103965759277344,27.779560089111328,32.03662109375,0.6000292301177979,1.2435282468795776,0.136415496468544,"2043,1357,188,155,1528,980,2960,1010,3031,1973,2245,3662,1642,3150,3627,2078",129.4989013671875,,,,,0,12.240392684936523,13.904976844787598,14.98718547821045,18.00351333618164,"0.989,0.989,1.335,0.797,0.782,0.789,0.804,0.799",2086.70458984375,2567.869384765625,"178.5,178.5,3596,2695,2541,2514,2543,2447",151.90907287597656,178.6638641357422,"70.57,70.57,168.9,183.5,182.5,180.6,180.4,178.2"
21,o_proj,gptq,4096,4096,0,0.0021384358406066895,0.0015468001365661621,4.472567119139001,0.030690541384933413,13.199849128723145,8.28469181060791,0.15409600734710693,0.3705657422542572,0.11546099931001663,0.16112253069877625,0.7790040373802185,4.467948913574219,0.0614224337041378,"3624,3880,3752,2879,3007,2623,2423,4008,2295,3407,2551,1857,2751,2167,1601,1985",46.519371032714844,,,,,0,0.029688628390431404,0.047083232551813126,0.08062694221735,0.11120613664388657,"0.135,0.135,0.284,0.700,0.705,0.676,0.716,0.694",601.5877685546875,1701.4517822265625,"19.96,19.96,92.68,568.9,637.5,974,1313,1187",4.530755519866943,7.089193344116211,"2.824,2.824,2.815,4.371,4.502,5.887,6.745,6.277"
21,gate_proj,gptq,14336,4096,0,0.002040045601981027,0.0014926706041608537,12.968843595823273,0.019050427454685496,52.39143371582031,39.806358337402344,328.08514404296875,602.35302734375,476.25433349609375,501.97882080078125,0.7705626487731934,12.95512580871582,0.1355583220720291,"1641,2976,2679,3307,835,578,3071,1434,1966,1030,2023,3070,1428,3510,2618,3398",55.31279754638672,,,,,0,210.41395568847656,215.0923309326172,259.4300231933594,279.4190368652344,"1.522,1.522,1.241,0.931,0.916,0.899,0.910,0.898",2266.821044921875,2808.125,"147.8,147.8,3917,2938,2781,2746,2776,2681",137.4634552001953,167.84559631347656,"40.83,40.83,175.8,171.9,168.2,167.6,168.3,166.2"
21,up_proj,gptq,14336,4096,0,0.0020504508699689594,0.0015467745917184012,8.490187206301925,0.017382471376201282,36.65945816040039,28.302452087402344,232.82156372070312,420.4087219238281,327.35797119140625,353.35931396484375,0.7705626487731934,8.48239517211914,0.09653158485889435,"1641,2976,2679,3307,835,578,3071,1434,1966,1030,2023,3510,1428,3070,3398,2618",55.31279754638672,,,,,0,143.9860076904297,152.42445373535156,178.16807556152344,195.74427795410156,"1.008,1.008,1.194,0.891,0.895,0.889,0.892,0.883",2266.821044921875,2808.125,"147.8,147.8,3917,2938,2781,2746,2776,2681",137.4634552001953,167.84559631347656,"40.83,40.83,175.8,171.9,168.2,167.6,168.3,166.2"
21,down_proj,gptq,4096,14336,0,0.0020001104899815153,0.0015442030770438059,15.35687619022016,0.03175058013226182,44.02088928222656,28.181255340576172,0.9717246294021606,1.9713613986968994,1.5893936157226562,1.3193690776824951,0.2140936255455017,15.349148750305176,0.08421167731285095,"4805,12756,12445,1754,10229,9754,2757,14275,3700,13149,11953,8817,8324,4743,10602,14181",58.596900939941406,,,,,0,0.7271015644073486,0.5985764861106873,0.9150650501251221,0.7506433129310608,"0.925,0.925,1.396,1.188,1.187,1.194,1.158,1.183",9505.1708984375,11918.7587890625,"38.49,38.49,1.352e+04,1.308e+04,1.413e+04,1.24e+04,1.173e+04,1.11e+04",15.285730361938477,19.227245330810547,"1.54,1.54,18.89,20.64,21.05,20.02,19.59,19.02"
22,q_proj,gptq,4096,4096,0,0.0020299553871154785,0.0014644861221313477,6.814838126025279,0.03421560881187188,18.683467864990234,12.205544471740723,96.39930725097656,221.0968017578125,159.05450439453125,183.897216796875,0.6207999587059021,6.808841705322266,0.22973430156707764,"155,1528,188,1935,1642,2043,678,2960,3031,2083,1504,1437,2388,1357,213,3072",101.53260040283203,,,,,0,71.45884704589844,80.47169494628906,83.82176971435547,103.157958984375,"1.502,1.502,1.286,0.797,0.782,0.759,0.780,0.773",2093.25146484375,2578.59423828125,"177.8,177.8,3616,2699,2563,2546,2523,2443",154.40269470214844,182.26731872558594,"71.93,71.93,168.2,187.2,185.4,184.8,184.1,181.8"
22,k_proj,gptq,1024,4096,0,0.002038240432739258,0.00145721435546875,3.27266501865779,0.046514831156720754,7.518072605133057,4.7524189949035645,41.071922302246094,92.82221984863281,71.517822265625,78.24552917480469,0.6207999587059021,3.2627670764923096,0.29389920830726624,"155,1935,1528,1642,188,2043,678,2388,2960,3031,2083,1437,1504,213,3533,232",101.53260040283203,,,,,0,31.638973236083984,34.029762268066406,37.75098419189453,44.638248443603516,"1.674,1.674,1.533,0.847,0.795,0.753,0.780,0.783",2093.25146484375,2578.59423828125,"177.8,177.8,3616,2699,2563,2546,2523,2443",154.40269470214844,182.26731872558594,"71.93,71.93,168.2,187.2,185.4,184.8,184.1,181.8"
22,v_proj,gptq,1024,4096,0,0.0020406246185302734,0.0014801025390625,1.3673130859748426,0.03138419443190011,3.9517557621002197,2.597329616546631,19.93360710144043,42.024749755859375,31.178863525390625,35.18187713623047,0.6207999587059021,1.3631432056427002,0.1503795087337494,"155,2043,188,2960,980,1357,1642,1528,3031,3072,3627,1010,1935,2078,2388,1504",101.53260040283203,,,,,0,13.71976089477539,14.966464042663574,16.80631446838379,20.024980545043945,"1.077,1.077,1.410,0.886,0.856,0.790,0.794,0.794",2093.25146484375,2578.59423828125,"177.8,177.8,3616,2699,2563,2546,2523,2443",154.40269470214844,182.26731872558594,"71.93,71.93,168.2,187.2,185.4,184.8,184.1,181.8"
22,o_proj,gptq,4096,4096,0,0.0021289587020874023,0.0015339255332946777,4.673919396014824,0.03133609796116655,13.711852073669434,8.476533889770508,0.1135094091296196,0.2682272493839264,0.1026579737663269,0.13386847078800201,0.7677754163742065,4.668656349182129,0.042238958179950714,"3312,1905,1649,2660,2916,2033,1709,1777,3044,3440,1730,1610,3184,3813,1701,2788",41.027713775634766,,,,,0,0.03245541825890541,0.04932662844657898,0.06322843581438065,0.08248918503522873,"0.044,0.044,0.749,0.868,0.566,0.692,0.710,0.756",856.1444702148438,1538.6654052734375,"18.17,18.17,1184,1532,848.2,956.2,1025,1267",4.701606273651123,6.292378902435303,"2.658,2.658,4.257,5.491,5.665,5.372,5.446,6.067"
22,gate_proj,gptq,14336,4096,0,0.0020440476281302316,0.0014933688299996512,12.647089723192039,0.018670150455538728,51.796417236328125,39.560462951660156,349.4580078125,632.2867431640625,500.9664001464844,523.421875,0.777786135673523,12.635683059692383,0.12625327706336975,"1641,2976,2679,578,3307,1434,3071,1966,835,1030,2023,1428,3510,666,3070,2618",46.71964645385742,,,,,0,220.22427368164062,224.37632751464844,273.592041015625,290.5072937011719,"1.438,1.438,1.197,0.933,0.939,0.926,0.912,0.914",2249.548095703125,2790.847900390625,"145.5,145.5,3900,2927,2764,2753,2722,2639",140.16598510742188,172.0083465576172,"40.25,40.25,178.9,176.1,172.2,172.1,171.9,169.6"
22,up_proj,gptq,14336,4096,0,0.0020556109292166574,0.001557128770010812,8.469388483070361,0.01725925727138728,36.76947784423828,28.426105499267578,251.01626586914062,447.4723815917969,349.27020263671875,371.193603515625,0.777786135673523,8.459024429321289,0.09194376319646835,"1641,2976,2679,578,3307,3071,1434,1966,835,2023,1030,1428,3510,3070,666,2618",46.71964645385742,,,,,0,153.20054626464844,159.61643981933594,190.55935668945312,205.94427490234375,"1.030,1.030,1.185,0.925,0.919,0.912,0.896,0.898",2249.548095703125,2790.847900390625,"145.5,145.5,3900,2927,2764,2753,2722,2639",140.16598510742188,172.0083465576172,"40.25,40.25,178.9,176.1,172.2,172.1,171.9,169.6"
22,down_proj,gptq,4096,14336,0,0.002004129546029227,0.0015453781400408065,14.724461323765016,0.030262373549230136,43.406402587890625,28.234920501708984,1.0259034633636475,1.9720402956008911,1.6446473598480225,1.3328659534454346,0.2024293839931488,14.724212646484375,0.0790916308760643,"200,3940,14186,5721,5595,5317,13905,12206,9282,6807,10941,8224,8945,8876,2339,8097",34.67905807495117,,,,,0,0.7298592925071716,0.5805628299713135,0.9976935982704163,0.8005012273788452,"1.067,1.067,1.394,1.221,1.285,1.250,1.228,1.189",9031.296875,12446.4775390625,"25.24,25.24,1.083e+04,1.222e+04,1.363e+04,1.243e+04,1.212e+04,1.096e+04",14.96905517578125,19.868762969970703,"1.03,1.03,17.72,20.03,20.64,19.96,19.96,19.39"
23,q_proj,gptq,4096,4096,0,0.00203859806060791,0.0014598369598388672,6.506607558610767,0.032025692303454686,18.567665100097656,12.613897323608398,98.25984191894531,221.90005493164062,161.75262451171875,183.97003173828125,0.6297812461853027,6.492989540100098,0.22471991181373596,"155,1528,188,2043,678,1935,1642,2960,2078,1504,3031,213,1437,980,2388,1357",95.13294982910156,,,,,0,72.27052307128906,80.63190460205078,85.77268981933594,103.076904296875,"1.370,1.370,1.284,0.836,0.807,0.773,0.784,0.776",2096.241943359375,2610.800537109375,"181.4,181.4,3507,2737,2595,2581,2538,2450",149.92333984375,177.73709106445312,"69.73,69.73,162.4,181.6,180.6,179.4,179,176.8"
23,k_proj,gptq,1024,4096,0,0.0020303726196289062,0.0014646053314208984,2.8895242909252374,0.03955170413021535,7.2296905517578125,4.900921821594238,39.62503433227539,91.76168823242188,68.47847747802734,75.59745788574219,0.6297812461853027,2.8870654106140137,0.26621589064598083,"155,1528,188,1935,678,2043,2960,1642,2078,3031,1437,1504,2388,213,980,3921",95.13294982910156,,,,,0,30.341861724853516,33.48741912841797,36.33839416503906,41.928375244140625,"1.504,1.504,1.344,0.798,0.796,0.769,0.800,0.800",2096.241943359375,2610.800537109375,"181.4,181.4,3507,2737,2595,2581,2538,2450",149.92333984375,177.73709106445312,"69.73,69.73,162.4,181.6,180.6,179.4,179,176.8"
23,v_proj,gptq,1024,4096,0,0.0020074844360351562,0.0014710426330566406,1.1815058827564542,0.025274544231849553,3.9199748039245605,2.799849033355713,19.854854583740234,43.553611755371094,29.626482009887695,37.19511795043945,0.6297812461853027,1.1772534847259521,0.12549039721488953,"155,2043,1528,188,2960,1935,980,1642,1357,3031,2078,3921,1010,3627,213,1437",95.13294982910156,,,,,0,12.793112754821777,16.00084114074707,16.11565399169922,21.10419464111328,"0.995,0.995,1.323,0.728,0.701,0.721,0.717,0.715",2096.241943359375,2610.800537109375,"181.4,181.4,3507,2737,2595,2581,2538,2450",149.92333984375,177.73709106445312,"69.73,69.73,162.4,181.6,180.6,179.4,179,176.8"
23,o_proj,gptq,4096,4096,0,0.0021060705184936523,0.001532435417175293,4.66213199957383,0.030648710236202907,13.82887077331543,8.620208740234375,0.15589115023612976,0.39577293395996094,0.13720768690109253,0.17814046144485474,0.5977340340614319,4.6588239669799805,0.038425929844379425,"2676,2804,568,824,952,2932,696,3060,3477,3093,3065,3349,464,2681,3221,208",18.961328506469727,,,,,0,0.03820258378982544,0.053551867604255676,0.08708250522613525,0.11793206632137299,"0.119,0.119,0.596,0.950,0.695,0.675,0.704,0.765",849.4000244140625,1983.7784423828125,"19.44,19.44,322.4,1532,870,898.9,1265,1868",4.62930965423584,7.0581817626953125,"2.543,2.543,2.957,5.504,5.13,5.223,5.961,7.174"
23,gate_proj,gptq,14336,4096,0,0.0020480326243809293,0.0014933347702026367,12.429440158801299,0.01824752820514617,51.74017333984375,39.51929473876953,386.42999267578125,690.4055786132812,550.2232666015625,569.0546875,0.7845056056976318,12.407103538513184,0.121755450963974,"2976,1641,2679,578,3307,1434,2023,3071,1966,1428,666,1030,835,3121,3070,3510",40.57643508911133,,,,,0,240.50350952148438,242.30572509765625,302.7116394042969,317.2551574707031,"1.416,1.416,1.228,0.943,0.941,0.942,0.928,0.916",2235.11669921875,2807.4931640625,"150.5,150.5,3747,2946,2783,2764,2716,2624",146.28045654296875,179.9455108642578,"43.24,43.24,183.9,184.4,179.8,179.4,179.2,177.2"
23,up_proj,gptq,14336,4096,0,0.0020407267979213168,0.0015448331832885742,8.312613209498522,0.01696019651110075,36.501426696777344,28.309234619140625,275.53619384765625,487.35809326171875,383.82952880859375,403.56414794921875,0.7845056056976318,8.302587509155273,0.09031469374895096,"2976,1641,2679,578,3307,2023,1434,3071,1966,1428,1030,666,835,3121,3070,3510",40.57643508911133,,,,,0,167.89756774902344,172.86497497558594,210.59510803222656,224.73611450195312,"1.036,1.036,1.225,0.923,0.935,0.924,0.909,0.897",2235.11669921875,2807.4931640625,"150.5,150.5,3747,2946,2783,2764,2716,2624",146.28045654296875,179.9455108642578,"43.24,43.24,183.9,184.4,179.8,179.4,179.2,177.2"
23,down_proj,gptq,4096,14336,0,0.002007007598876953,0.0015504871095929826,14.786621623771836,0.030319418497026962,43.39839172363281,28.126705169677734,1.1464234590530396,2.1593031883239746,1.8151066303253174,1.4925267696380615,0.24917620420455933,14.774591445922852,0.08025305718183517,"14120,6433,9929,7686,13778,11136,4110,11344,558,7605,11041,10106,7851,10878,2460,286",60.08009338378906,,,,,0,0.7882912755012512,0.6307119727134705,1.0919203758239746,0.8960604667663574,"0.945,0.945,1.398,1.228,1.280,1.234,1.191,1.176",8706.25390625,12117.912109375,"25.35,25.35,1.213e+04,1.073e+04,1.28e+04,1.239e+04,1.095e+04,1.061e+04",15.616418838500977,20.924365997314453,"1.098,1.098,19.69,20.09,21.27,21.16,20.28,20.26"
24,q_proj,gptq,4096,4096,0,0.0020577311515808105,0.001474142074584961,6.131842898506875,0.030612081434716228,18.020381927490234,12.367098808288574,114.65093994140625,242.70828247070312,187.5615997314453,201.1534423828125,0.627403736114502,6.129400730133057,0.24075864255428314,"155,188,1528,1935,1642,2043,678,1504,2960,3031,213,1437,2083,3072,980,1357",105.59310913085938,,,,,0,83.10279846191406,87.93046569824219,99.26615905761719,112.30828094482422,"1.592,1.592,1.301,0.874,0.860,0.827,0.834,0.817",2094.771484375,2623.773193359375,"175.4,175.4,3461,2761,2613,2606,2522,2445",157.93502807617188,188.1949920654297,"68.82,68.82,175.3,193.5,191.3,189.8,189,187"
24,k_proj,gptq,1024,4096,0,0.002052783966064453,0.0014300346374511719,2.8515240798342347,0.04041880180818966,7.093354225158691,4.846740245819092,47.24713897705078,104.1019287109375,83.22261810302734,87.62554168701172,0.627403736114502,2.853264331817627,0.3047788739204407,"155,1528,1935,188,2043,1642,213,2960,1504,678,3031,1437,1357,2083,980,2388",105.59310913085938,,,,,0,37.082977294921875,38.73613357543945,43.346012115478516,48.962913513183594,"1.644,1.644,1.380,0.920,0.859,0.814,0.816,0.812",2094.771484375,2623.773193359375,"175.4,175.4,3461,2761,2613,2606,2522,2445",157.93502807617188,188.1949920654297,"68.82,68.82,175.3,193.5,191.3,189.8,189,187"
24,v_proj,gptq,1024,4096,0,0.002063274383544922,0.0015044212341308594,1.0515158331040766,0.02217814639883322,3.814584732055664,2.7992560863494873,22.934282302856445,48.7162971496582,33.942848205566406,40.67329406738281,0.627403736114502,1.04843008518219,0.11723974347114563,"155,188,2043,1528,1642,2960,980,3031,1357,1935,1010,3627,1437,213,2083,3072",105.59310913085938,,,,,0,14.640892028808594,17.433513641357422,18.469741821289062,22.9699764251709,"1.028,1.028,1.174,0.814,0.782,0.784,0.763,0.742",2094.771484375,2623.773193359375,"175.4,175.4,3461,2761,2613,2606,2522,2445",157.93502807617188,188.1949920654297,"68.82,68.82,175.3,193.5,191.3,189.8,189,187"
24,o_proj,gptq,4096,4096,0,0.002118229866027832,0.0015404224395751953,4.380010159027279,0.02844760563849676,13.534700393676758,8.720730781555176,0.14741292595863342,0.3188490569591522,0.13827180862426758,0.14521248638629913,0.42808935046195984,4.3759331703186035,0.039520904421806335,"229,485,398,357,101,14,142,270,416,1814,358,1686,230,102,160,288",27.23217010498047,,,,,0,0.04014766961336136,0.042301688343286514,0.07964298129081726,0.08670224249362946,"0.133,0.133,1.178,0.958,0.901,0.924,0.925,0.928",1263.930419921875,2092.79736328125,"12.21,12.21,3299,1688,910.5,1007,1510,1673",4.048508644104004,6.091548442840576,"1.439,1.439,4.984,5.169,3.821,4.43,5.489,5.617"
24,gate_proj,gptq,14336,4096,0,0.0020410503659929547,0.001478569848196847,12.257180124055594,0.017708948735518617,52.09252166748047,40.1273307800293,433.48370361328125,768.1505126953125,612.6282958984375,634.470703125,0.7971590757369995,12.241554260253906,0.12181206047534943,"2976,1641,2679,578,2023,1434,3307,1428,1966,3071,666,1030,835,3121,2410,3482",39.58970642089844,,,,,0,267.9703369140625,272.4361877441406,337.05120849609375,351.8288269042969,"1.395,1.395,1.202,0.946,0.935,0.936,0.921,0.906",2224.983642578125,2803.790771484375,"145.8,145.8,3721,2933,2781,2775,2685,2613",152.99118041992188,188.41551208496094,"42.82,42.82,194.5,193.7,189,188.3,187.2,185.7"
24,up_proj,gptq,14336,4096,0,0.0020520005907331195,0.0015534843717302596,8.071507870659843,0.016537850874609107,36.161865234375,28.198986053466797,304.14935302734375,533.7579345703125,421.32232666015625,441.00439453125,0.7971590757369995,8.058328628540039,0.09099601954221725,"2976,1641,2679,578,1434,2023,3307,1428,1966,3071,666,1030,835,3121,2410,3510",39.58970642089844,,,,,0,183.71278381347656,188.95596313476562,231.68458557128906,245.08570861816406,"0.987,0.987,1.193,0.934,0.938,0.936,0.911,0.907",2224.983642578125,2803.790771484375,"145.8,145.8,3721,2933,2781,2775,2685,2613",152.99118041992188,188.41551208496094,"42.82,42.82,194.5,193.7,189,188.3,187.2,185.7"
24,down_proj,gptq,4096,14336,0,0.0019965682710920063,0.0015464510236467635,14.796206230468712,0.030398000286147676,43.28296661376953,27.98868751525879,1.2457003593444824,2.3414063453674316,1.8457067012786865,1.5407350063323975,0.19964344799518585,14.794652938842773,0.08406425267457962,"942,9065,386,2948,4849,8783,12173,2222,806,4920,6285,5969,6665,4492,2628,12364",68.013671875,,,,,0,0.8126042485237122,0.6668858528137207,1.0949400663375854,0.9142636060714722,"0.831,0.831,1.318,1.222,1.233,1.236,1.161,1.157",8444.3955078125,11127.4921875,"31.05,31.05,1.085e+04,1.089e+04,1.245e+04,1.263e+04,1.104e+04,9638",16.1284236907959,21.293066024780273,"1.39,1.39,19.65,21.21,21.82,21.75,21.58,20.23"
25,q_proj,gptq,4096,4096,0,0.0020409822463989258,0.0014767050743103027,5.570328269859601,0.02920267034644306,16.860157012939453,11.763405799865723,114.30984497070312,240.51388549804688,184.8013153076172,202.1465606689453,0.6353639364242554,5.564340591430664,0.2435738742351532,"155,2043,188,1528,1935,2960,1642,678,3031,1437,213,3627,1504,2083,3072,3533",100.21100616455078,,,,,0,82.04894256591797,89.57869720458984,97.33124542236328,112.09935760498047,"1.552,1.552,1.201,0.851,0.835,0.801,0.814,0.803",2076.46240234375,2607.189453125,"177.5,177.5,3382,2733,2619,2610,2499,2414",163.0657196044922,193.0305938720703,"73.34,73.34,178.9,199.7,197.4,195.4,194.1,192.3"
25,k_proj,gptq,1024,4096,0,0.0020575523376464844,0.0014276504516601562,2.456355075351894,0.037634243492080666,6.3214874267578125,4.452785491943359,44.65606689453125,100.61907958984375,75.85383605957031,82.84558868408203,0.6353639364242554,2.452890396118164,0.3087272346019745,"155,188,2043,1528,1935,1642,2960,678,213,1437,3031,1504,3533,3627,3072,2083",100.21100616455078,,,,,0,33.36920928955078,36.47677993774414,39.89218521118164,46.60780715942383,"1.695,1.695,1.205,0.863,0.855,0.781,0.788,0.774",2076.46240234375,2607.189453125,"177.5,177.5,3382,2733,2619,2610,2499,2414",163.0657196044922,193.0305938720703,"73.34,73.34,178.9,199.7,197.4,195.4,194.1,192.3"
25,v_proj,gptq,1024,4096,0,0.0020203590393066406,0.0014667510986328125,1.1166700061930896,0.02214782221836299,4.073422431945801,3.034294605255127,26.34080696105957,54.8645133972168,38.22776794433594,45.135902404785156,0.6353639364242554,1.1153321266174316,0.13203264772891998,"155,2043,188,2960,3031,1528,3627,1642,980,1437,1357,3072,3662,3830,213,1935",100.21100616455078,,,,,0,16.307157516479492,19.210205078125,20.89506721496582,25.449174880981445,"1.068,1.068,1.194,0.772,0.798,0.809,0.773,0.783",2076.46240234375,2607.189453125,"177.5,177.5,3382,2733,2619,2610,2499,2414",163.0657196044922,193.0305938720703,"73.34,73.34,178.9,199.7,197.4,195.4,194.1,192.3"
25,o_proj,gptq,4096,4096,0,0.0021149516105651855,0.0015382766723632812,4.919021373534633,0.030090270417522155,14.729857444763184,9.29223918914795,0.1596081554889679,0.33911651372909546,0.18821308016777039,0.20017042756080627,0.7838513255119324,4.914970397949219,0.05863678827881813,"2162,2418,2546,2290,3056,1847,3776,1932,1591,1975,2672,2800,1719,1804,2928,1676",47.445579528808594,,,,,0,0.05336526036262512,0.05706217139959335,0.103411003947258,0.11782778054475784,"0.062,0.062,1.295,1.057,0.956,0.912,0.876,0.879",1390.6942138671875,2239.747314453125,"14.29,14.29,3329,1747,2004,1208,1384,1424",4.729677677154541,6.7042012214660645,"2.504,2.504,5.922,5.482,5.155,5.109,5.517,5.644"
25,gate_proj,gptq,14336,4096,0,0.0020474365779331754,0.0014923640659877232,11.979216938190802,0.017336982651163745,51.81130599975586,40.193477630615234,467.960205078125,819.442138671875,648.9642333984375,674.4686889648438,0.7960445880889893,11.963403701782227,0.11820726096630096,"1641,2023,2976,2679,3307,1428,578,1434,1966,666,3071,3121,1030,835,3510,3482",35.96226501464844,,,,,0,282.0279541015625,288.0370178222656,356.7621154785156,374.82305908203125,"1.355,1.355,1.168,0.929,0.951,0.948,0.921,0.907",2176.9912109375,2748.921875,"148.9,148.9,3549,2875,2766,2755,2635,2538",157.37806701660156,193.8593292236328,"44.58,44.58,199.3,199.8,194.7,193.7,192.1,190.3"
25,up_proj,gptq,14336,4096,0,0.0020492076873779297,0.0015482902526855469,7.940664571136949,0.016095206577578926,36.313838958740234,28.53154182434082,331.5740661621094,575.0244140625,449.16229248046875,475.8443603515625,0.7960445880889893,7.9323859214782715,0.08743523061275482,"2023,2976,1641,2679,1428,3307,578,1434,1966,666,3071,3121,1030,835,3482,3510",35.96226501464844,,,,,0,194.76077270507812,203.34812927246094,247.21145629882812,264.4640808105469,"1.010,1.010,1.160,0.909,0.929,0.932,0.907,0.891",2176.9912109375,2748.921875,"148.9,148.9,3549,2875,2766,2755,2635,2538",157.37806701660156,193.8593292236328,"44.58,44.58,199.3,199.8,194.7,193.7,192.1,190.3"
25,down_proj,gptq,4096,14336,0,0.002000365938459124,0.001545139721461705,15.27285214103361,0.030978833143508244,44.14641571044922,28.376556396484375,1.405494213104248,2.594738245010376,1.9748154878616333,1.6480705738067627,0.3563094139099121,15.27086353302002,0.09337728470563889,"12533,2347,7370,9626,6332,13757,3655,8746,270,10805,9279,10564,13986,6360,8088,3553",38.21500778198242,,,,,0,0.8151951432228088,0.6556382775306702,1.1877861022949219,1.014433741569519,"0.960,0.960,1.410,1.264,1.263,1.236,1.213,1.108",7484.0478515625,10638.7109375,"30.86,30.86,8774,1.022e+04,1.182e+04,1.112e+04,9680,8199",15.89581298828125,22.261428833007812,"1.366,1.366,18.61,20.54,22.04,21.9,20.82,20.53"
26,q_proj,gptq,4096,4096,0,0.002057790756225586,0.0014955997467041016,5.702745812936319,0.0307015090624676,16.70367431640625,11.514848709106445,107.78813171386719,228.3065948486328,171.5569305419922,192.87518310546875,0.6552304029464722,5.693007469177246,0.24233895540237427,"155,2043,188,1642,3031,1528,678,3627,1437,2960,2083,213,980,1504,1357,3072",84.33678436279297,,,,,0,76.28366088867188,85.56388854980469,90.07710266113281,106.54212188720703,"1.493,1.493,1.209,0.836,0.788,0.780,0.782,0.779",2020.0809326171875,2537.007568359375,"177.3,177.3,3229,2697,2605,2541,2420,2313",159.5421905517578,188.98336791992188,"71.86,71.86,172.4,196.5,193.8,191.2,190.4,188.4"
26,k_proj,gptq,1024,4096,0,0.002050161361694336,0.001455068588256836,2.5645302396205567,0.042117637673576395,6.211716651916504,4.2720184326171875,42.623130798339844,92.69731140136719,71.91319274902344,76.77362060546875,0.6552304029464722,2.562122344970703,0.3071419298648834,"155,2043,188,1642,1437,1528,3627,3031,2960,213,1504,678,980,1935,1357,2083",84.33678436279297,,,,,0,31.77979278564453,33.80960464477539,37.731502532958984,43.06315231323242,"2.117,2.117,1.227,0.863,0.809,0.789,0.785,0.799",2020.0809326171875,2537.007568359375,"177.3,177.3,3229,2697,2605,2541,2420,2313",159.5421905517578,188.98336791992188,"71.86,71.86,172.4,196.5,193.8,191.2,190.4,188.4"
26,v_proj,gptq,1024,4096,0,0.002062559127807617,0.0014491081237792969,1.366999004473183,0.025565731362328287,4.534163951873779,3.2889628410339355,28.06808090209961,57.49717712402344,40.868751525878906,47.944580078125,0.6552304029464722,1.3633077144622803,0.13384246826171875,"2043,155,188,980,3031,2960,3627,1357,1010,3662,3830,3921,3121,1973,1437,213",84.33678436279297,,,,,0,17.183713912963867,20.172929763793945,22.418426513671875,27.188682556152344,"0.961,0.961,1.255,0.775,0.806,0.812,0.784,0.754",2020.0809326171875,2537.007568359375,"177.3,177.3,3229,2697,2605,2541,2420,2313",159.5421905517578,188.98336791992188,"71.86,71.86,172.4,196.5,193.8,191.2,190.4,188.4"
26,o_proj,gptq,4096,4096,0,0.002094864845275879,0.0015186071395874023,4.261510665632159,0.02574273000621894,14.255053520202637,9.358713150024414,0.1973072588443756,0.39969760179519653,0.2607508897781372,0.23745761811733246,0.3029561936855316,4.257121562957764,0.03147031366825104,"3808,2726,2982,2598,3936,3499,2854,3680,4064,2947,3115,1960,2563,2515,3049,742",29.15801239013672,,,,,0,0.0802280604839325,0.0735381469130516,0.14802193641662598,0.13937526941299438,"0.121,0.121,1.345,1.170,1.051,1.085,1.077,1.089",1800.3311767578125,3270.177978515625,"12.73,12.73,1901,1591,2119,2226,3110,3430",5.124470233917236,7.520418167114258,"1.592,1.592,5.09,5.063,6.523,6.04,7.407,7.689"
26,gate_proj,gptq,14336,4096,0,0.002038512911115374,0.0014996869223458426,11.624769451480006,0.017008628407720477,51.049949645996094,39.80220413208008,485.6041564941406,840.8933715820312,670.4393310546875,695.2412109375,0.7899786829948425,11.59986400604248,0.11685701459646225,"1641,2023,2976,2679,3307,1428,3121,578,3071,1966,1434,1030,666,835,3501,3510",36.699790954589844,,,,,0,291.9458923339844,296.4496765136719,366.3314514160156,386.5999450683594,"1.354,1.354,1.151,0.952,0.969,0.956,0.923,0.903",2161.3427734375,2722.7509765625,"158.7,158.7,3496,2889,2793,2725,2594,2477",161.45803833007812,198.20501708984375,"48.57,48.57,204.1,204.3,199.1,197.5,195.6,193.9"
26,up_proj,gptq,14336,4096,0,0.002046482903616769,0.0015516962323869979,7.997148315750792,0.015860881871060894,37.038124084472656,29.228729248046875,355.91705322265625,610.8331909179688,479.87713623046875,507.6727294921875,0.7899786829948425,7.986152172088623,0.08850254863500595,"2023,1641,2976,3307,1428,2679,3121,578,1966,3071,1434,666,1030,3501,835,3482",36.699790954589844,,,,,0,208.77093505859375,217.2102508544922,262.9805908203125,281.57012939453125,"1.022,1.022,1.141,0.926,0.947,0.936,0.911,0.889",2161.3427734375,2722.7509765625,"158.7,158.7,3496,2889,2793,2725,2594,2477",161.45803833007812,198.20501708984375,"48.57,48.57,204.1,204.3,199.1,197.5,195.6,193.9"
26,down_proj,gptq,4096,14336,0,0.0020025798252650668,0.0015487330300467356,15.509320864633455,0.030712961160567553,45.03778076171875,29.0240478515625,1.588395595550537,2.9043779373168945,2.168424606323242,1.8319389820098877,0.3430340886116028,15.500280380249023,0.09147163480520248,"3370,4933,5183,1567,3688,5068,10720,11937,11894,438,3002,2995,13837,6587,638,5812",69.81410217285156,,,,,0,0.9089040160179138,0.7408666014671326,1.2982368469238281,1.1094962358474731,"0.881,0.881,1.420,1.263,1.320,1.208,1.093,1.106",7176.12744140625,10105.302734375,"34.61,34.61,9018,9877,1.136e+04,1.045e+04,8946,7693",16.76225471496582,23.02687644958496,"1.705,1.705,19.65,22.06,22.88,22.73,22.37,20.99"
27,q_proj,gptq,4096,4096,0,0.0020387768745422363,0.0014851093292236328,5.322392201076582,0.02798418572406876,16.6157169342041,11.934720039367676,109.94353485107422,229.95611572265625,177.7252197265625,194.59812927246094,0.6769264340400696,5.313022613525391,0.2214905470609665,"155,188,2043,1528,2960,3121,1642,980,678,3627,3921,1437,1935,1434,1357,1504",71.42631530761719,,,,,0,80.75515747070312,86.66636657714844,92.13680267333984,106.79393768310547,"1.330,1.330,1.247,0.885,0.852,0.824,0.825,0.800",2062.4140625,2575.47802734375,"185.2,185.2,3365,2757,2650,2567,2456,2334",160.51455688476562,187.89337158203125,"78.72,78.72,174.9,194.1,192.6,189.8,188.4,187"
27,k_proj,gptq,1024,4096,0,0.002028226852416992,0.001451730728149414,2.08165074286444,0.03126648732371202,6.020044803619385,4.364253044128418,40.44096755981445,89.34938049316406,65.20751953125,75.50652313232422,0.6769264340400696,2.077178955078125,0.26257503032684326,"155,2043,1528,188,3121,980,1642,2960,1437,1935,678,3627,3921,1357,1434,213",71.42631530761719,,,,,0,29.300905227661133,33.42269515991211,34.064666748046875,41.94050979614258,"1.539,1.539,1.344,0.799,0.773,0.757,0.743,0.722",2062.4140625,2575.47802734375,"185.2,185.2,3365,2757,2650,2567,2456,2334",160.51455688476562,187.89337158203125,"78.72,78.72,174.9,194.1,192.6,189.8,188.4,187"
27,v_proj,gptq,1024,4096,0,0.002062082290649414,0.0014944076538085938,1.0791772436321025,0.021297303857267923,4.057003974914551,3.0162088871002197,25.863374710083008,54.041160583496094,37.39822769165039,45.55050277709961,0.6769264340400696,1.0777817964553833,0.12776413559913635,"155,188,2043,3121,2960,1528,980,1642,3921,3627,1434,1357,1437,3830,213,1935",71.42631530761719,,,,,0,16.166481018066406,19.54179573059082,20.31474494934082,25.67259407043457,"1.039,1.039,1.150,0.815,0.765,0.775,0.751,0.735",2062.4140625,2575.47802734375,"185.2,185.2,3365,2757,2650,2567,2456,2334",160.51455688476562,187.89337158203125,"78.72,78.72,174.9,194.1,192.6,189.8,188.4,187"
27,o_proj,gptq,4096,4096,0,0.0020852088928222656,0.0015255212783813477,4.351664000979014,0.027016269022668703,14.20037841796875,9.165245056152344,0.24808838963508606,0.5749486684799194,0.23389922082424164,0.3128288984298706,0.7989313006401062,4.342246055603027,0.06757213175296783,"38,422,166,294,1520,3039,2911,2655,2783,1394,1409,1392,1264,1522,1281,1266",42.66780090332031,,,,,0,0.08210524171590805,0.1263958364725113,0.15253140032291412,0.19177211821079254,"0.054,0.054,0.541,0.656,0.804,0.750,0.733,0.742",1124.7176513671875,2112.201171875,"33.61,33.61,615.9,1044,2272,1682,1568,1748",7.469105243682861,9.422289848327637,"5.252,5.252,5.79,7.169,9.537,8.908,8.687,9.156"
27,gate_proj,gptq,14336,4096,0,0.00203221184866769,0.001488191740853446,11.587057992474001,0.016913782489952803,51.19994354248047,40.20786666870117,521.577392578125,921.7862548828125,713.0977172851562,756.991943359375,0.7875362038612366,11.568381309509277,0.12020599097013474,"3121,1641,2023,2976,3307,3071,578,1434,1428,2679,1966,1030,835,3501,3510,1486",36.815284729003906,,,,,0,312.149658203125,324.71014404296875,387.1871032714844,419.7268371582031,"1.634,1.634,1.135,0.916,0.944,0.914,0.895,0.864",2138.576416015625,2668.8359375,"166.7,166.7,3486,2891,2780,2671,2543,2405",168.29779052734375,205.32188415527344,"53.42,53.42,210.9,212.8,207.3,205.1,202.7,200.7"
27,up_proj,gptq,14336,4096,0,0.002047147069658552,0.0015354837690080916,7.973077714374085,0.015561326039304258,37.499977111816406,29.767929077148438,386.03851318359375,675.0333862304688,516.4580078125,559.5353393554688,0.7875362038612366,7.959543704986572,0.08911599963903427,"3121,1641,2023,2976,3307,3071,578,2679,1434,1428,1966,1030,835,3501,3510,1486",36.815284729003906,,,,,0,225.4685821533203,240.30511474609375,280.2475280761719,309.8048400878906,"1.160,1.160,1.127,0.908,0.915,0.903,0.880,0.854",2138.576416015625,2668.8359375,"166.7,166.7,3486,2891,2780,2671,2543,2405",168.29779052734375,205.32188415527344,"53.42,53.42,210.9,212.8,207.3,205.1,202.7,200.7"
27,down_proj,gptq,4096,14336,0,0.0020083018711635043,0.0015427385057721818,16.467784744419646,0.032083885667889,46.660831451416016,29.771474838256836,1.889723300933838,3.5410614013671875,2.448035717010498,2.153636932373047,0.528949499130249,16.458402633666992,0.09999625384807587,"2383,10685,3216,7897,1106,9689,12704,13597,10416,2705,7055,10486,687,406,3630,7518",40.425472259521484,,,,,0,1.082371473312378,0.9097633361816406,1.4242511987686157,1.272496223449707,"0.722,0.722,1.401,1.241,1.267,1.186,1.101,1.034",7152.671875,9363.9423828125,"64.63,64.63,9015,1.006e+04,1.153e+04,1.097e+04,8237,7283",19.14864158630371,24.421831130981445,"5.8,5.8,21.83,23.6,24.95,25.03,23.17,23.01"
28,q_proj,gptq,4096,4096,0,0.002036571502685547,0.001486659049987793,6.073051128110819,0.0341432544698423,16.72454833984375,11.33232593536377,110.28520202636719,229.7664794921875,184.34983825683594,200.22352600097656,0.6404376029968262,6.064708232879639,0.270386666059494,"155,2043,188,1642,678,3031,2083,1504,1437,1528,2960,213,3072,3627,1935,980",78.11832427978516,,,,,0,85.20740509033203,90.70843505859375,93.62594604492188,109.30963897705078,"1.410,1.410,1.315,0.872,0.842,0.801,0.806,0.795",1998.57763671875,2471.486572265625,"187,187,3229,2706,2604,2482,2367,2227",165.56617736816406,191.630126953125,"86.91,86.91,174.3,200.9,196.5,194.7,193,191.3"
28,k_proj,gptq,1024,4096,0,0.002083301544189453,0.0014603137969970703,2.687003153514979,0.04968985396173138,5.989974498748779,4.173804759979248,42.59381103515625,93.4857177734375,73.89466094970703,81.52461242675781,0.6404376029968262,2.681581497192383,0.32784977555274963,"155,188,1642,1528,2043,1504,678,1437,3031,213,3072,2083,3627,1935,2960,2388",78.11832427978516,,,,,0,34.00413513183594,36.84356689453125,38.11012649536133,44.699161529541016,"1.593,1.593,1.259,0.860,0.845,0.761,0.797,0.779",1998.57763671875,2471.486572265625,"187,187,3229,2706,2604,2482,2367,2227",165.56617736816406,191.630126953125,"86.91,86.91,174.3,200.9,196.5,194.7,193,191.3"
28,v_proj,gptq,1024,4096,0,0.0020503997802734375,0.001459360122680664,1.782290913871293,0.026316603291635127,5.805777072906494,4.295489311218262,36.03950119018555,74.416259765625,52.40718460083008,63.28307342529297,0.6404376029968262,1.7755224704742432,0.1432361900806427,"155,2043,188,2960,3662,980,1010,1357,1973,3121,3031,3627,3830,1642,3921,3677",78.11832427978516,,,,,0,22.44037628173828,27.434799194335938,28.81620979309082,35.49178695678711,"0.986,0.986,1.053,0.781,0.803,0.780,0.768,0.751",1998.57763671875,2471.486572265625,"187,187,3229,2706,2604,2482,2367,2227",165.56617736816406,191.630126953125,"86.91,86.91,174.3,200.9,196.5,194.7,193,191.3"
28,o_proj,gptq,4096,4096,0,0.002113521099090576,0.0014957785606384277,5.652770713270911,0.031055711621047068,16.788150787353516,10.341114044189453,0.3560906648635864,0.8193718194961548,0.363389790058136,0.4768388867378235,0.7535520792007446,5.645489692687988,0.046297378838062286,"1990,1734,1606,2952,1862,589,845,1104,1360,2695,973,103,51,717,2567,1488",55.123207092285156,,,,,0,0.11877180635929108,0.15848642587661743,0.21085771918296814,0.27804937958717346,"0.196,0.196,1.093,0.727,0.787,0.757,0.761,0.796",1251.9132080078125,2054.279052734375,"31.53,31.53,2160,1193,1528,1458,1599,2015",7.624881744384766,10.372422218322754,"4.5,4.5,6.937,7.867,8.825,9.126,9.32,9.925"
28,gate_proj,gptq,14336,4096,0,0.0020232881818498883,0.0014924321855817521,12.018072515609674,0.01772393897976947,51.28278350830078,39.867637634277344,552.4569091796875,1013.510986328125,776.6058349609375,850.112548828125,0.7311123609542847,11.99868392944336,0.1393168717622757,"3121,1641,3071,2976,2023,3307,578,1966,1030,2679,1434,835,3510,1428,1486,3501",42.18491744995117,,,,,0,349.7613830566406,369.74505615234375,414.7797546386719,468.5812683105469,"1.423,1.423,1.168,0.900,0.908,0.887,0.865,0.828",2152.268798828125,2641.642822265625,"178.4,178.4,3556,2910,2810,2672,2534,2379",182.5526580810547,216.90492248535156,"75.06,75.06,222.5,223.8,220,216.8,214.6,212.6"
28,up_proj,gptq,14336,4096,0,0.0020472492490495953,0.0015427214758736746,8.483117574931384,0.01607573146556599,38.91814422607422,30.622364044189453,423.2513427734375,763.615966796875,575.6292724609375,645.2275390625,0.7311123609542847,8.471476554870605,0.10504487156867981,"3121,1641,3071,2976,2023,3307,578,1966,1030,2679,835,3510,1434,1486,1428,2960",42.18491744995117,,,,,0,257.3169250488281,281.7981262207031,308.3833923339844,354.2893371582031,"0.985,0.985,1.152,0.887,0.886,0.871,0.843,0.810",2152.268798828125,2641.642822265625,"178.4,178.4,3556,2910,2810,2672,2534,2379",182.5526580810547,216.90492248535156,"75.06,75.06,222.5,223.8,220,216.8,214.6,212.6"
28,down_proj,gptq,4096,14336,0,0.0020047596522739957,0.0015380041939871652,17.50178557578458,0.0333400445581877,48.56940460205078,30.589324951171875,2.5291531085968018,5.074621200561523,3.2169723510742188,3.23045015335083,0.5566779375076294,17.485841751098633,0.09680420160293579,"977,3150,6725,7314,1463,7844,10715,12246,8194,1978,7678,10873,3942,11363,10875,11563",102.01161193847656,,,,,0,1.3980449438095093,1.3763387203216553,1.7929824590682983,1.8077516555786133,"0.407,0.407,1.144,1.120,1.127,1.075,0.994,0.925",6680.029296875,8316.9775390625,"203.8,203.8,7729,1.032e+04,1.088e+04,9137,7945,7019",23.87857437133789,28.67072868347168,"12.16,12.16,25.04,29.28,29.63,27.84,27.29,27.64"
29,q_proj,gptq,4096,4096,0,0.002044379711151123,0.001490175724029541,5.75729755907696,0.03494193876572346,15.834891319274902,11.138043403625488,126.83200073242188,252.1407470703125,213.42666625976562,221.8854217529297,0.6420590877532959,5.743912696838379,0.25471073389053345,"155,1642,188,2043,1528,1935,1504,2083,3031,678,3121,1437,3072,213,980,3627",61.928001403808594,,,,,0,102.1026382446289,101.77831268310547,107.01080322265625,119.05904388427734,"1.285,1.285,1.349,0.937,0.921,0.875,0.874,0.854",2003.323974609375,2476.0234375,"192.5,192.5,3313,2660,2612,2485,2354,2218",175.48397827148438,202.28880310058594,"94.2,94.2,191.6,211.4,205.6,204.5,201.9,200.4"
29,k_proj,gptq,1024,4096,0,0.0020525455474853516,0.0014681816101074219,1.9619248589324343,0.04050711989774857,4.905898571014404,3.661848545074463,40.407470703125,90.40843963623047,68.72260284423828,75.93801879882812,0.6420590877532959,1.9594831466674805,0.3006139099597931,"155,1642,1935,188,1528,2043,1504,3072,213,2083,3121,1437,678,980,3031,232",61.928001403808594,,,,,0,31.948062896728516,34.037376403808594,34.976531982421875,41.650638580322266,"1.681,1.681,1.226,0.834,0.873,0.797,0.801,0.790",2003.323974609375,2476.0234375,"192.5,192.5,3313,2660,2612,2485,2354,2218",175.48397827148438,202.28880310058594,"94.2,94.2,191.6,211.4,205.6,204.5,201.9,200.4"
29,v_proj,gptq,1024,4096,0,0.0020329952239990234,0.0014667510986328125,1.7965128606455778,0.021042531395503036,6.871113300323486,5.418911457061768,50.69676208496094,100.70735931396484,69.08793640136719,84.35812377929688,0.6420590877532959,1.7884995937347412,0.10485480725765228,"155,2043,188,3121,3662,1357,980,2960,3031,1010,1973,1642,3160,3830,3921,3627",61.928001403808594,,,,,0,30.15067481994629,36.61814880371094,37.66679000854492,47.50216293334961,"1.004,1.004,1.037,0.774,0.810,0.788,0.781,0.748",2003.323974609375,2476.0234375,"192.5,192.5,3313,2660,2612,2485,2354,2218",175.48397827148438,202.28880310058594,"94.2,94.2,191.6,211.4,205.6,204.5,201.9,200.4"
29,o_proj,gptq,4096,4096,0,0.0020875930786132812,0.0014734268188476562,6.645500143559389,0.03318161878581497,19.78757095336914,11.402494430541992,0.7148191928863525,1.72674560546875,0.9106647968292236,1.0396974086761475,0.6841440796852112,6.636440753936768,0.04006694629788399,"581,623,3664,2666,3601,3604,3641,3711,884,3609,2462,601,3691,3608,3666,3617",44.175392150878906,,,,,0,0.31453970074653625,0.3811141848564148,0.5182444453239441,0.5814146399497986,"0.054,0.054,1.008,0.912,0.900,0.831,0.844,0.843",1840.4990234375,2825.138916015625,"27.39,27.39,3376,2370,2397,2115,1991,2421",11.69466495513916,14.421821594238281,"6.751,6.751,16.19,12.52,12.71,12.41,12.64,13.58"
29,gate_proj,gptq,14336,4096,0,0.0020288058689662387,0.0014947993414742605,12.234042161682737,0.018264814278978643,51.11240768432617,39.32371520996094,531.24951171875,1015.82421875,748.966552734375,859.6336059570312,0.7157393097877502,12.211307525634766,0.13626736402511597,"3121,1641,1030,3071,578,3510,53,2023,3307,1966,1486,2679,835,2976,2078,204",40.188087463378906,,,,,0,337.2134704589844,374.2398376464844,399.5095520019531,471.6182556152344,"1.271,1.271,1.081,0.859,0.875,0.850,0.828,0.789",2127.682373046875,2622.7783203125,"189,189,3578,2836,2762,2641,2484,2342",187.3094024658203,219.81991577148438,"86.8,86.8,225.2,226.2,222.7,219.1,216.4,215.2"
29,up_proj,gptq,14336,4096,0,0.0020446436745779856,0.0015353645597185408,9.163359692662198,0.016878469633319258,40.5291748046875,31.469589233398438,424.0762939453125,800.756103515625,581.889404296875,680.7932739257812,0.7157393097877502,9.152145385742188,0.11192353069782257,"3121,1641,1030,3071,578,3510,53,2023,3307,1486,1966,2679,835,2078,2976,1428",40.188087463378906,,,,,0,260.9849548339844,296.8523254394531,310.7995910644531,372.7798767089844,"1.017,1.017,1.077,0.859,0.857,0.843,0.809,0.774",2127.682373046875,2622.7783203125,"189,189,3578,2836,2762,2641,2484,2342",187.3094024658203,219.81991577148438,"86.8,86.8,225.2,226.2,222.7,219.1,216.4,215.2"
29,down_proj,gptq,4096,14336,0,0.002004538263593401,0.001547285488673619,16.486850776796473,0.031129262359143425,47.972511291503906,31.01531219482422,3.326174736022949,6.969285011291504,4.471131324768066,5.747478485107422,0.23054054379463196,16.472803115844727,0.09295260161161423,"9802,2063,9008,11506,2932,11602,681,5581,517,4702,5379,10896,5101,10151,2398,4401",139.5835723876953,,,,,0,1.9718083143234253,3.171610116958618,2.3704676628112793,2.480753183364868,"0.126,0.126,1.185,1.076,1.102,1.050,0.942,0.899",6519.77099609375,8380.0390625,"233.3,233.3,7979,1.006e+04,1.012e+04,8832,7775,6923",35.07430648803711,33.229331970214844,"44.16,44.16,31,33.05,32.83,32.09,31.69,31.61"
30,q_proj,gptq,4096,4096,0,0.0020325183868408203,0.0014884471893310547,6.364860991463502,0.03867864533870577,16.339820861816406,10.732359886169434,121.13236236572266,240.7929229736328,208.16680908203125,228.511962890625,0.6412486433982849,6.342674255371094,0.2841356098651886,"2043,1437,155,3031,1642,3072,1504,3627,2083,188,678,213,3662,1357,3830,2388",56.14054870605469,,,,,0,99.47820281982422,109.77323150634766,100.74066925048828,117.05391693115234,"0.952,0.952,1.285,0.863,0.857,0.816,0.813,0.796",1982.31298828125,2432.00927734375,"199.2,199.2,3362,2633,2576,2442,2298,2150",184.4454803466797,204.1498260498047,"118.5,118.5,197.4,216.2,208.3,207.9,205.3,203.3"
30,k_proj,gptq,1024,4096,0,0.0020475387573242188,0.0014164447784423828,2.3619361436035433,0.05145270883269886,5.188041687011719,3.469726085662842,40.88386917114258,85.3487548828125,71.39740753173828,80.0955810546875,0.6412486433982849,2.3508403301239014,0.33159133791923523,"2043,155,1437,3031,3627,1642,3072,678,2083,188,1528,213,2388,1504,1357,3662",56.14054870605469,,,,,0,32.91686248779297,36.3909912109375,35.31617736816406,43.40871047973633,"1.408,1.408,1.220,0.861,0.834,0.742,0.770,0.744",1982.31298828125,2432.00927734375,"199.2,199.2,3362,2633,2576,2442,2298,2150",184.4454803466797,204.1498260498047,"118.5,118.5,197.4,216.2,208.3,207.9,205.3,203.3"
30,v_proj,gptq,1024,4096,0,0.002055644989013672,0.0014498233795166016,2.4952172732834583,0.027823718363854152,7.853734016418457,6.075317859649658,54.127838134765625,114.1688232421875,80.78643798828125,100.37655639648438,0.6412486433982849,2.4883580207824707,0.1424921154975891,"2043,3662,3160,1357,155,1973,188,390,1010,104,1113,3677,980,2960,2843,3150",56.14054870605469,,,,,0,34.79533767700195,43.73095703125,43.13606643676758,55.21702575683594,"0.815,0.815,1.116,0.745,0.775,0.729,0.726,0.701",1982.31298828125,2432.00927734375,"199.2,199.2,3362,2633,2576,2442,2298,2150",184.4454803466797,204.1498260498047,"118.5,118.5,197.4,216.2,208.3,207.9,205.3,203.3"
30,o_proj,gptq,4096,4096,0,0.002096235752105713,0.0014885663986206055,6.8039092779918064,0.0329025146528,20.048004150390625,11.754887580871582,0.6496462821960449,1.5897144079208374,0.6781841516494751,0.8826280832290649,0.7997955083847046,6.79761266708374,0.02648414671421051,"1246,1118,1502,2825,1374,2138,1970,464,80,1586,3046,788,1944,376,2140,2522",35.1585693359375,,,,,0,0.25787118077278137,0.3274387717247009,0.3656156361103058,0.4800918698310852,"0.085,0.085,0.943,0.815,0.815,0.798,0.834,0.798",1410.692626953125,1986.375,"36.91,36.91,2564,1724,1412,1687,1913,1912",10.401970863342285,12.630230903625488,"5.641,5.641,14.12,11.51,10.62,11.5,11.95,12.24"
30,gate_proj,gptq,14336,4096,0,0.002035243170601981,0.001507605825151716,12.041162155175698,0.01775207867674465,51.55717468261719,39.948936462402344,535.0736083984375,1039.790283203125,819.484619140625,984.5704345703125,0.39193153381347656,12.004830360412598,0.14088620245456696,"2070,3121,1641,53,1030,3071,1486,3510,2023,2078,3307,578,2976,835,552,2679",66.7447280883789,,,,,0,404.4913024902344,471.9369201660156,400.5121765136719,496.57342529296875,"0.900,0.900,1.050,0.827,0.839,0.817,0.781,0.743",2173.73388671875,2637.97021484375,"198.9,198.9,3706,2922,2843,2677,2504,2340",216.9947509765625,223.23855590820312,"190.8,190.8,233.9,230.8,227.5,223.2,220.5,218.6"
30,up_proj,gptq,14336,4096,0,0.0020399774823869976,0.0015413079942975725,9.366140390535293,0.01674594622396892,41.78044128417969,32.536231994628906,435.6966552734375,842.5923461914062,651.1959228515625,799.174072265625,0.39193153381347656,9.348686218261719,0.12146767228841782,"2070,3121,1641,53,3071,1030,1486,3510,2078,578,2023,3307,835,2976,1428,3482",66.7447280883789,,,,,0,317.5159606933594,386.1853332519531,321.8989562988281,401.2809753417969,"0.758,0.758,1.011,0.827,0.829,0.813,0.783,0.744",2173.73388671875,2637.97021484375,"198.9,198.9,3706,2922,2843,2677,2504,2340",216.9947509765625,223.23855590820312,"190.8,190.8,233.9,230.8,227.5,223.2,220.5,218.6"
30,down_proj,gptq,4096,14336,0,0.0020009619849068777,0.0015364033835274832,15.331302133927991,0.028895808305187863,47.5963020324707,32.25543975830078,3.9833855628967285,11.416126251220703,5.802067279815674,19.247440338134766,0.6326059103012085,15.270110130310059,0.09327389299869537,"4389,7628,4552,9851,11995,11165,2906,1060,12628,5072,11966,12265,11118,7579,11362,9125",190.2239532470703,,,,,0,2.4618425369262695,14.478934288024902,2.9909896850585938,4.474667072296143,"0.001,0.001,0.826,0.874,0.927,0.781,0.735,0.631",7277.4892578125,8717.8662109375,"233.6,233.6,1.071e+04,1.074e+04,1.138e+04,9250,8347,7327",61.805973052978516,40.218421936035156,"128.1,128.1,43.1,40.17,39.89,38.45,38.19,38.54"
31,q_proj,gptq,4096,4096,0,0.002039492130279541,0.001475989818572998,5.772495942055684,0.03588595514231218,15.520587921142578,10.508281707763672,108.66757202148438,222.55465698242188,177.45297241210938,205.49615478515625,0.6521564722061157,5.755928993225098,0.24316157400608063,"1437,3031,2043,3072,1935,1642,155,213,678,1504,2083,3533,3121,1528,1357,3627",115.7860336303711,,,,,0,78.06307220458984,95.0969467163086,92.16876220703125,108.34402465820312,"0.461,0.461,1.195,0.828,0.869,0.814,0.795,0.769",2041.1156005859375,2502.474609375,"201.1,201.1,3482,2703,2664,2529,2356,2194",181.5806884765625,199.50599670410156,"119.7,119.7,198.6,211,202.2,203,199.6,198.8"
31,k_proj,gptq,1024,4096,0,0.0020742416381835938,0.0014467239379882812,2.1581759550936113,0.04776591549440402,4.952748775482178,3.449676036834717,37.07863235473633,81.59712219238281,63.58642578125,73.65419006347656,0.6521564722061157,2.155263900756836,0.3001258075237274,"1935,3031,2043,3072,1437,1642,213,678,3533,1504,2083,155,1528,3121,3662,3830",115.7860336303711,,,,,0,27.582752227783203,34.3530158996582,33.21180725097656,38.849891662597656,"0.463,0.463,1.298,0.799,0.801,0.758,0.745,0.763",2041.1156005859375,2502.474609375,"201.1,201.1,3482,2703,2664,2529,2356,2194",181.5806884765625,199.50599670410156,"119.7,119.7,198.6,211,202.2,203,199.6,198.8"
31,v_proj,gptq,1024,4096,0,0.001997232437133789,0.0014340877532958984,2.7258759179107983,0.028906059661952047,8.423602104187012,6.489372253417969,56.08627700805664,119.65423583984375,85.63386535644531,109.88333129882812,0.6521564722061157,2.7169981002807617,0.12720505893230438,"2043,3662,1357,3150,1973,1010,390,3677,1113,3287,104,3121,3830,3160,2843,759",115.7860336303711,,,,,0,37.76941680908203,48.48423385620117,44.901004791259766,59.19840621948242,"0.356,0.356,1.152,0.753,0.771,0.736,0.724,0.688",2041.1156005859375,2502.474609375,"201.1,201.1,3482,2703,2664,2529,2356,2194",181.5806884765625,199.50599670410156,"119.7,119.7,198.6,211,202.2,203,199.6,198.8"
31,o_proj,gptq,4096,4096,0,0.0020772814750671387,0.0014662742614746094,7.068668467189923,0.03196744440733294,21.591541290283203,12.25970458984375,0.9054194688796997,2.909674644470215,1.527177095413208,3.2213706970214844,0.8217445015907288,7.003587245941162,0.02356182225048542,"1930,3457,3201,1802,3073,1674,2600,2728,2984,3917,3789,1026,2905,1036,1124,1073",29.869674682617188,,,,,0,0.5818493962287903,1.5396301746368408,0.7733750939369202,1.454715371131897,"0.009,0.009,0.685,0.469,0.450,0.459,0.500,0.477",2677.474609375,3648.432861328125,"62.41,62.41,5165,3496,3046,3027,3292,3269",19.50876808166504,20.357080459594727,"17.24,17.24,25.12,19.64,19.16,19.09,19.1,19.49"
31,gate_proj,gptq,14336,4096,0,0.002038649150303432,0.0014873572758265904,12.504258609216777,0.016914443801201415,55.78699493408203,43.441200256347656,429.8897399902344,931.1793212890625,503.32196044921875,759.457275390625,0.7385420799255371,12.484040260314941,0.11918831616640091,"3121,2070,53,1641,1486,2023,1428,3071,93,3482,1030,552,3355,2976,292,2960",90.89492797851562,,,,,0,205.49176025390625,327.3392028808594,290.1778564453125,423.2290954589844,"0.363,0.363,0.679,0.667,0.689,0.662,0.660,0.624",1630.7015380859375,2395.75927734375,"187.7,187.7,1813,2131,2313,2139,2193,2082",171.99179077148438,198.56703186035156,"120,120,174.4,189.7,194.3,190.7,193.6,193.2"
31,up_proj,gptq,14336,4096,0,0.002054452896118164,0.0015145880835396902,9.789305003076151,0.016723230650183073,43.74605941772461,34.2709846496582,336.608154296875,738.80517578125,393.3050537109375,606.081787109375,0.7385420799255371,9.77130126953125,0.11468817293643951,"3121,2070,53,1641,1486,2023,1428,3071,93,3482,1030,552,2078,3355,2976,292",90.89492797851562,,,,,0,160.34060668945312,259.1477966308594,227.16793823242188,337.6891174316406,"0.354,0.354,0.647,0.665,0.686,0.653,0.650,0.618",1630.7015380859375,2395.75927734375,"187.7,187.7,1813,2131,2313,2139,2193,2082",171.99179077148438,198.56703186035156,"120,120,174.4,189.7,194.3,190.7,193.6,193.2"
31,down_proj,gptq,4096,14336,0,0.002004061426435198,0.0015347514833722795,13.106207896075318,0.02701634328262997,43.52424621582031,31.593700408935547,3.7659549713134766,36.85636901855469,5.531620502471924,463.904052734375,0.9722140431404114,12.943354606628418,0.17804954946041107,"9943,7971,3686,2187,12408,2473,2450,12880,4128,4116,13439,4609,6320,7014,8967,5326",3189.359130859375,,,,,0,1.8490421772003174,457.06756591796875,3.173828125,17.04116439819336,"0.000,0.000,0.148,0.166,0.222,0.166,0.186,0.163",3627.406982421875,6184.0166015625,"233.9,233.9,2854,4442,5872,5079,5573,4731",236.27354431152344,68.00032806396484,"759.2,759.2,60.3,57.63,59.88,64.49,65.6,63.88"
